model_key,method,window_id,recording_id,speaker_id,group_id,stratum_code,reference_raw,hypothesis_raw,theta_hash
wav2vec2_large_lv60,dmsuta,0,stage5ext_00001,c90b53f826ff81831f6499b9e1e98607e8b2c0f8bbaf8be1bf62bf27dc7ff887bd734b9a4cee852af2d1acda3e479781d7c5a8b1633407b705905c4b5049cb35,US English,us,I got drunk yesterday and thought I built a super computer.,I GOT DRUNK YESTERDAY AND THOUGHT I BUILT A SUPERCOMPUTER,20c71c19ae7a3a1935bfda029c1d67669a62a4cdcd0d75953be406a7998421a4
wav2vec2_large_lv60,dmsuta,0,stage5ext_00002,c90b53f826ff81831f6499b9e1e98607e8b2c0f8bbaf8be1bf62bf27dc7ff887bd734b9a4cee852af2d1acda3e479781d7c5a8b1633407b705905c4b5049cb35,US English,us,"Every file had the letter ""A"" printed on the front.",EVERY FILE HAD THE LETTER A PRINTED IN THE FRONT,20c71c19ae7a3a1935bfda029c1d67669a62a4cdcd0d75953be406a7998421a4
wav2vec2_large_lv60,dmsuta,0,stage5ext_00003,c90b53f826ff81831f6499b9e1e98607e8b2c0f8bbaf8be1bf62bf27dc7ff887bd734b9a4cee852af2d1acda3e479781d7c5a8b1633407b705905c4b5049cb35,US English,us,I'm not familiar with the books this author wrote.,I'M NOT FAMILIAR WITH THE BOOKS THIS AUTHOR WROTE,20c71c19ae7a3a1935bfda029c1d67669a62a4cdcd0d75953be406a7998421a4
wav2vec2_large_lv60,dmsuta,0,stage5ext_00004,c90b53f826ff81831f6499b9e1e98607e8b2c0f8bbaf8be1bf62bf27dc7ff887bd734b9a4cee852af2d1acda3e479781d7c5a8b1633407b705905c4b5049cb35,US English,us,Take a couple of seconds.,TAKE A COUPLE OF SECONDS,20c71c19ae7a3a1935bfda029c1d67669a62a4cdcd0d75953be406a7998421a4
wav2vec2_large_lv60,dmsuta,1,stage5ext_00005,c90b53f826ff81831f6499b9e1e98607e8b2c0f8bbaf8be1bf62bf27dc7ff887bd734b9a4cee852af2d1acda3e479781d7c5a8b1633407b705905c4b5049cb35,US English,us,But I sort of like him.,BUT I SORT OF LIKE HIM,cd6d0035041a13da752421078543c3fa167a5e8e912536f20953ee39fefe8b47
wav2vec2_large_lv60,dmsuta,1,stage5ext_00006,c90b53f826ff81831f6499b9e1e98607e8b2c0f8bbaf8be1bf62bf27dc7ff887bd734b9a4cee852af2d1acda3e479781d7c5a8b1633407b705905c4b5049cb35,US English,us,I'll be a monkey's uncle!,I'LL BE A MONKEY'S UNCLE,cd6d0035041a13da752421078543c3fa167a5e8e912536f20953ee39fefe8b47
wav2vec2_large_lv60,dmsuta,1,stage5ext_00007,c90b53f826ff81831f6499b9e1e98607e8b2c0f8bbaf8be1bf62bf27dc7ff887bd734b9a4cee852af2d1acda3e479781d7c5a8b1633407b705905c4b5049cb35,US English,us,Is it for further automatic processing?,IS IT FOR FURTHER AUTOMATIC PROCESSING,cd6d0035041a13da752421078543c3fa167a5e8e912536f20953ee39fefe8b47
wav2vec2_large_lv60,dmsuta,1,stage5ext_00008,c90b53f826ff81831f6499b9e1e98607e8b2c0f8bbaf8be1bf62bf27dc7ff887bd734b9a4cee852af2d1acda3e479781d7c5a8b1633407b705905c4b5049cb35,US English,us,I don't like coconuts.,I DON'T LIKE COCONUTS,cd6d0035041a13da752421078543c3fa167a5e8e912536f20953ee39fefe8b47
wav2vec2_large_lv60,dmsuta,2,stage5ext_00009,c90b53f826ff81831f6499b9e1e98607e8b2c0f8bbaf8be1bf62bf27dc7ff887bd734b9a4cee852af2d1acda3e479781d7c5a8b1633407b705905c4b5049cb35,US English,us,He hunched his back and plodded through the heavy rain.,HE HUNCHED HIS BACK AND PLOTTED THROUGH THE HEAVY RAIN,0349bd262f5c5b653d856b11fcfaed5b37cfac497e4698962a1d3717517a8bae
wav2vec2_large_lv60,dmsuta,2,stage5ext_00010,c90b53f826ff81831f6499b9e1e98607e8b2c0f8bbaf8be1bf62bf27dc7ff887bd734b9a4cee852af2d1acda3e479781d7c5a8b1633407b705905c4b5049cb35,US English,us,Are you running a business or a charity ward?,ARE YOU RUNNING A BUSINESS OR A CHARITY WARD,0349bd262f5c5b653d856b11fcfaed5b37cfac497e4698962a1d3717517a8bae
wav2vec2_large_lv60,dmsuta,2,stage5ext_00011,c90b53f826ff81831f6499b9e1e98607e8b2c0f8bbaf8be1bf62bf27dc7ff887bd734b9a4cee852af2d1acda3e479781d7c5a8b1633407b705905c4b5049cb35,US English,us,There were lights in the upper windows of the houses when the people went to bed.,THERE WERE LIGHTS IN THE UPPER WINDOWS OF THE HOUSES WHEN THE PEOPLE WENT TO BED,0349bd262f5c5b653d856b11fcfaed5b37cfac497e4698962a1d3717517a8bae
wav2vec2_large_lv60,dmsuta,2,stage5ext_00012,c90b53f826ff81831f6499b9e1e98607e8b2c0f8bbaf8be1bf62bf27dc7ff887bd734b9a4cee852af2d1acda3e479781d7c5a8b1633407b705905c4b5049cb35,US English,us,On warm days and when doing sports you should drink more.,ON WARM DAYS AND WHEN DOING SPORTS YOU SHOULD DRINK MORE,0349bd262f5c5b653d856b11fcfaed5b37cfac497e4698962a1d3717517a8bae
wav2vec2_large_lv60,dmsuta,3,stage5ext_00013,c90b53f826ff81831f6499b9e1e98607e8b2c0f8bbaf8be1bf62bf27dc7ff887bd734b9a4cee852af2d1acda3e479781d7c5a8b1633407b705905c4b5049cb35,US English,us,"At once, he connected the two incidents.",AT ONCE HE CONNECTED THE TWO INCIDENTS,1fb4b2f5d4e85eadd5de5764eff0065711a335a1e9ea077579b8332176929057
wav2vec2_large_lv60,dmsuta,3,stage5ext_00014,c90b53f826ff81831f6499b9e1e98607e8b2c0f8bbaf8be1bf62bf27dc7ff887bd734b9a4cee852af2d1acda3e479781d7c5a8b1633407b705905c4b5049cb35,US English,us,A pox upon me for a clumsy thing.,A PUX UPON ME FOR A CLUMSY THING,1fb4b2f5d4e85eadd5de5764eff0065711a335a1e9ea077579b8332176929057
wav2vec2_large_lv60,dmsuta,3,stage5ext_00015,c90b53f826ff81831f6499b9e1e98607e8b2c0f8bbaf8be1bf62bf27dc7ff887bd734b9a4cee852af2d1acda3e479781d7c5a8b1633407b705905c4b5049cb35,US English,us,Are you sure that Joe case is going on next week?,ARE YOU SURE THAT JO CASE IS GOING ON NEXT WEEK,1fb4b2f5d4e85eadd5de5764eff0065711a335a1e9ea077579b8332176929057
wav2vec2_large_lv60,dmsuta,3,stage5ext_00016,57d6c1695947f141cd774bb8c8435e7e20bc7b2a83cd78ef5db4e546fb137b56b44617942cb1a58e017af6161f63d53cdf17fa4f9dcb830bfc0518e94b214837,US English,us,"When you're at a party and somebody says ""banana bread"", a sniper might be near you.",WHEN YOU ARE AT A PARTY AND SOMEBODY SAYS BONANA BREAD SNIPER MIGHT BE NEAR YOU,1fb4b2f5d4e85eadd5de5764eff0065711a335a1e9ea077579b8332176929057
wav2vec2_large_lv60,dmsuta,4,stage5ext_00017,57d6c1695947f141cd774bb8c8435e7e20bc7b2a83cd78ef5db4e546fb137b56b44617942cb1a58e017af6161f63d53cdf17fa4f9dcb830bfc0518e94b214837,US English,us,"It was not clear who had the right of way, since the traffic lights were off.",IT WAS NOT CLEAR WHO HAD THE RIGHT OF VAY SINCE THE TRAFFIC LIGHTS WERE OFF,cd7243f66d51ad4ed162c4d4914975e4f6e18833917674eec35775a72ce5ae30
wav2vec2_large_lv60,dmsuta,4,stage5ext_00018,57d6c1695947f141cd774bb8c8435e7e20bc7b2a83cd78ef5db4e546fb137b56b44617942cb1a58e017af6161f63d53cdf17fa4f9dcb830bfc0518e94b214837,US English,us,What did you do it for?,WHAT DID YOU DO IT FOR,cd7243f66d51ad4ed162c4d4914975e4f6e18833917674eec35775a72ce5ae30
wav2vec2_large_lv60,dmsuta,4,stage5ext_00019,57d6c1695947f141cd774bb8c8435e7e20bc7b2a83cd78ef5db4e546fb137b56b44617942cb1a58e017af6161f63d53cdf17fa4f9dcb830bfc0518e94b214837,US English,us,"James Watt didn't invent the steam engine, but he improved it significantly.",HAMAS WOT DIDN'T INVENT A STEAM ENGINE BUT HE IMPROVED IT SIGNIFICANTLY,cd7243f66d51ad4ed162c4d4914975e4f6e18833917674eec35775a72ce5ae30
wav2vec2_large_lv60,dmsuta,4,stage5ext_00020,57d6c1695947f141cd774bb8c8435e7e20bc7b2a83cd78ef5db4e546fb137b56b44617942cb1a58e017af6161f63d53cdf17fa4f9dcb830bfc0518e94b214837,US English,us,"When he got the call, Ali ran out of the store, down the street, and into the car.",WHEN HE GOT THE CALL ALE RAN OUT OF THE STORE DOWN THE STREET AND INTO THE CAR,cd7243f66d51ad4ed162c4d4914975e4f6e18833917674eec35775a72ce5ae30
wav2vec2_large_lv60,dmsuta,5,stage5ext_00021,57d6c1695947f141cd774bb8c8435e7e20bc7b2a83cd78ef5db4e546fb137b56b44617942cb1a58e017af6161f63d53cdf17fa4f9dcb830bfc0518e94b214837,US English,us,What has become of him?,WHAT HAS BECOME OF HIM,c58815182c7dda898daedfecfd6a0ccbb85776daf39f44c478462bf55576e634
wav2vec2_large_lv60,dmsuta,5,stage5ext_00022,57d6c1695947f141cd774bb8c8435e7e20bc7b2a83cd78ef5db4e546fb137b56b44617942cb1a58e017af6161f63d53cdf17fa4f9dcb830bfc0518e94b214837,US English,us,"After the dance, they went straight home.",AFTER THE DANCE THEY WENT STRAIGHT HOME,c58815182c7dda898daedfecfd6a0ccbb85776daf39f44c478462bf55576e634
wav2vec2_large_lv60,dmsuta,5,stage5ext_00023,57d6c1695947f141cd774bb8c8435e7e20bc7b2a83cd78ef5db4e546fb137b56b44617942cb1a58e017af6161f63d53cdf17fa4f9dcb830bfc0518e94b214837,US English,us,"Jellyfish can cause serious injuries, the physician explained to the patient.",JELOFISH TAN CAUSED SERIOUS INJURIES THE PHYSICIAN EXPLAINED TO THE PATIENT,c58815182c7dda898daedfecfd6a0ccbb85776daf39f44c478462bf55576e634
wav2vec2_large_lv60,dmsuta,5,stage5ext_00024,57d6c1695947f141cd774bb8c8435e7e20bc7b2a83cd78ef5db4e546fb137b56b44617942cb1a58e017af6161f63d53cdf17fa4f9dcb830bfc0518e94b214837,US English,us,"Writing, the best memory.",WRITING THE BEST MEMORY,c58815182c7dda898daedfecfd6a0ccbb85776daf39f44c478462bf55576e634
wav2vec2_large_lv60,dmsuta,6,stage5ext_00025,57d6c1695947f141cd774bb8c8435e7e20bc7b2a83cd78ef5db4e546fb137b56b44617942cb1a58e017af6161f63d53cdf17fa4f9dcb830bfc0518e94b214837,US English,us,What does she say?,WHAT DOES SHE SAY,312bc7344559082452c30a9fb676b7a45a960f69b11d6f8379ae88a4f01f4931
wav2vec2_large_lv60,dmsuta,6,stage5ext_00026,57d6c1695947f141cd774bb8c8435e7e20bc7b2a83cd78ef5db4e546fb137b56b44617942cb1a58e017af6161f63d53cdf17fa4f9dcb830bfc0518e94b214837,US English,us,What do you want of me?,WHAT DO YOU WANT OF ME,312bc7344559082452c30a9fb676b7a45a960f69b11d6f8379ae88a4f01f4931
wav2vec2_large_lv60,dmsuta,6,stage5ext_00027,57d6c1695947f141cd774bb8c8435e7e20bc7b2a83cd78ef5db4e546fb137b56b44617942cb1a58e017af6161f63d53cdf17fa4f9dcb830bfc0518e94b214837,US English,us,Why do people even eat peanut butter and jelly?,WHY DO PEOPLE EVEN EAT PEANUT BUTTER AND JELLY,312bc7344559082452c30a9fb676b7a45a960f69b11d6f8379ae88a4f01f4931
wav2vec2_large_lv60,dmsuta,6,stage5ext_00028,57d6c1695947f141cd774bb8c8435e7e20bc7b2a83cd78ef5db4e546fb137b56b44617942cb1a58e017af6161f63d53cdf17fa4f9dcb830bfc0518e94b214837,US English,us,But what can I do?,BUT WHAT CAN I DO,312bc7344559082452c30a9fb676b7a45a960f69b11d6f8379ae88a4f01f4931
wav2vec2_large_lv60,dmsuta,7,stage5ext_00029,57d6c1695947f141cd774bb8c8435e7e20bc7b2a83cd78ef5db4e546fb137b56b44617942cb1a58e017af6161f63d53cdf17fa4f9dcb830bfc0518e94b214837,US English,us,What is the meaning of this?,WHAT IS THE MEANING OF THIS,26a83efdede2f37c1f9e1dedcc5028de4b392ae438c38e1983bfdd7120f79f25
wav2vec2_large_lv60,dmsuta,7,stage5ext_00030,57d6c1695947f141cd774bb8c8435e7e20bc7b2a83cd78ef5db4e546fb137b56b44617942cb1a58e017af6161f63d53cdf17fa4f9dcb830bfc0518e94b214837,US English,us,What does he look like?,WHAT DOES HE LOOK LIKE,26a83efdede2f37c1f9e1dedcc5028de4b392ae438c38e1983bfdd7120f79f25
wav2vec2_large_lv60,dmsuta,7,stage5ext_00031,d477a12247cce9a9c0954e6ee3ae16aed2930112fa26700f19af15658b5c71e2dc818d72e0034c8181da642cabf8f6c15f4d900b88bcab83d583944934f4c237,US English,us,Albert's rule was characterised by dissent.,ALBERT'S RULE WAS CHARACTERIZED BY DISCENT,26a83efdede2f37c1f9e1dedcc5028de4b392ae438c38e1983bfdd7120f79f25
wav2vec2_large_lv60,dmsuta,7,stage5ext_00032,d477a12247cce9a9c0954e6ee3ae16aed2930112fa26700f19af15658b5c71e2dc818d72e0034c8181da642cabf8f6c15f4d900b88bcab83d583944934f4c237,US English,us,Because of Jesus' command to his disciples to Do this in remembrance of me.,BECAUSE OF JESUS COMMAND TO HIS DISCIPLES TO DO THIS IN REMEMBRANCE OF ME,26a83efdede2f37c1f9e1dedcc5028de4b392ae438c38e1983bfdd7120f79f25
wav2vec2_large_lv60,dmsuta,8,stage5ext_00033,d477a12247cce9a9c0954e6ee3ae16aed2930112fa26700f19af15658b5c71e2dc818d72e0034c8181da642cabf8f6c15f4d900b88bcab83d583944934f4c237,US English,us,"Adkins contributed to numerous other fan publications, including ""Amra"", ""Vega"" and ""Xero"".",ATKINS CONTRIBUTED TO NUMEROUS OTHER FAN PUBLICATIONS INCLUDING AMERA VEGA AND ZERO,8dc4cd286fd656028ebb8f4d79bfd468d50ca3a4d81eee74ae312e81a5dc22d4
wav2vec2_large_lv60,dmsuta,8,stage5ext_00034,d477a12247cce9a9c0954e6ee3ae16aed2930112fa26700f19af15658b5c71e2dc818d72e0034c8181da642cabf8f6c15f4d900b88bcab83d583944934f4c237,US English,us,The film image at this section of the newsreel is that of Hitler.,THE FILM IMAGE AT THIS SECTION OF THE NEWS REEL IS THAT OF HITLER,8dc4cd286fd656028ebb8f4d79bfd468d50ca3a4d81eee74ae312e81a5dc22d4
wav2vec2_large_lv60,dmsuta,8,stage5ext_00035,d477a12247cce9a9c0954e6ee3ae16aed2930112fa26700f19af15658b5c71e2dc818d72e0034c8181da642cabf8f6c15f4d900b88bcab83d583944934f4c237,US English,us,One of the company's early cars was the Pittsburgher.,ONE OF THE COMPANY'S EARLY CARS WAS THE PITTSBURGER,8dc4cd286fd656028ebb8f4d79bfd468d50ca3a4d81eee74ae312e81a5dc22d4
wav2vec2_large_lv60,dmsuta,8,stage5ext_00036,d477a12247cce9a9c0954e6ee3ae16aed2930112fa26700f19af15658b5c71e2dc818d72e0034c8181da642cabf8f6c15f4d900b88bcab83d583944934f4c237,US English,us,"Compare also Philo, Leg.",COMPARE ALSO FILO LEG,8dc4cd286fd656028ebb8f4d79bfd468d50ca3a4d81eee74ae312e81a5dc22d4
wav2vec2_large_lv60,dmsuta,9,stage5ext_00037,d477a12247cce9a9c0954e6ee3ae16aed2930112fa26700f19af15658b5c71e2dc818d72e0034c8181da642cabf8f6c15f4d900b88bcab83d583944934f4c237,US English,us,"Sir Charles Beaumont Phipps and his third, Edmund Phipps, a lawyer and author.",SIR CHARLES BEAUMONT PHIPPS AND HIS THIRD EDMUND PHIPPS A LAWYER AND AUTHOR,f13d7a7bd8391a9aad76088840932c51c5c94e2b2441df628db0bd9b8871a029
wav2vec2_large_lv60,dmsuta,9,stage5ext_00038,d477a12247cce9a9c0954e6ee3ae16aed2930112fa26700f19af15658b5c71e2dc818d72e0034c8181da642cabf8f6c15f4d900b88bcab83d583944934f4c237,US English,us,Just behind the church is the old bridge.,JUST BEHIND THE CHURCH IS THE OLD BRIDGE,f13d7a7bd8391a9aad76088840932c51c5c94e2b2441df628db0bd9b8871a029
wav2vec2_large_lv60,dmsuta,9,stage5ext_00039,d477a12247cce9a9c0954e6ee3ae16aed2930112fa26700f19af15658b5c71e2dc818d72e0034c8181da642cabf8f6c15f4d900b88bcab83d583944934f4c237,US English,us,This feature forces parasitologists to use advanced biostatistical methodologies.,THIS FEATURE FORCES PARASITOLOGISTS TO USE ADVANCED BIOSTATISTICAL METHODOLOGIES,f13d7a7bd8391a9aad76088840932c51c5c94e2b2441df628db0bd9b8871a029
wav2vec2_large_lv60,dmsuta,9,stage5ext_00040,d477a12247cce9a9c0954e6ee3ae16aed2930112fa26700f19af15658b5c71e2dc818d72e0034c8181da642cabf8f6c15f4d900b88bcab83d583944934f4c237,US English,us,Dairy farming is an important industry in the area.,DAIRY FARMING IS AN IMPORTANT INDUSTRY IN THE AREA,f13d7a7bd8391a9aad76088840932c51c5c94e2b2441df628db0bd9b8871a029
wav2vec2_large_lv60,dmsuta,10,stage5ext_00041,d477a12247cce9a9c0954e6ee3ae16aed2930112fa26700f19af15658b5c71e2dc818d72e0034c8181da642cabf8f6c15f4d900b88bcab83d583944934f4c237,US English,us,Sagan's number is the number of stars in the observable universe.,SEGAN'S NUMBER IS THE NUMBER OF STARS IN THE OBSERVABLE UNIVERSE,517a2b5f16e0f7f95a0168d3ff98805acc92b17cc3a8a15e2b09c78241ddaa6b
wav2vec2_large_lv60,dmsuta,10,stage5ext_00042,d477a12247cce9a9c0954e6ee3ae16aed2930112fa26700f19af15658b5c71e2dc818d72e0034c8181da642cabf8f6c15f4d900b88bcab83d583944934f4c237,US English,us,He went to Providence Elementary and Webster County High School.,HE WENT TO PROVIDENCE ELEMENTARY AT WEBSTER COUNTY HIGH SCHOOL,517a2b5f16e0f7f95a0168d3ff98805acc92b17cc3a8a15e2b09c78241ddaa6b
wav2vec2_large_lv60,dmsuta,10,stage5ext_00043,d477a12247cce9a9c0954e6ee3ae16aed2930112fa26700f19af15658b5c71e2dc818d72e0034c8181da642cabf8f6c15f4d900b88bcab83d583944934f4c237,US English,us,Doctor Rodd received her Ph.D. in Biology from York University in Toronto.,DOCTOR RODD RECEIVED HER P H D IN BIOLOGY FROM YORK UNIVERSITY IN TORONTO,517a2b5f16e0f7f95a0168d3ff98805acc92b17cc3a8a15e2b09c78241ddaa6b
wav2vec2_large_lv60,dmsuta,10,stage5ext_00044,d477a12247cce9a9c0954e6ee3ae16aed2930112fa26700f19af15658b5c71e2dc818d72e0034c8181da642cabf8f6c15f4d900b88bcab83d583944934f4c237,US English,us,One of the largest was Starodubaka.,ONE OF THE LARGEST WAS STARO DU BACA,517a2b5f16e0f7f95a0168d3ff98805acc92b17cc3a8a15e2b09c78241ddaa6b
wav2vec2_large_lv60,dmsuta,11,stage5ext_00045,d477a12247cce9a9c0954e6ee3ae16aed2930112fa26700f19af15658b5c71e2dc818d72e0034c8181da642cabf8f6c15f4d900b88bcab83d583944934f4c237,US English,us,It is based on the concept of 'equivalence'.,IT IS BASED ON THE CONCEPT OF EQUIVALENTS,7ef13ffb0aad140af2fdb7a74733114e89cf5b103b3a4dddb433859063cc011b
wav2vec2_large_lv60,dmsuta,11,stage5ext_00046,afd10118899991b7e4af3edddf0c749daf768b6669e68c04c2827d572d39771015c17ec7fd8143657ba077a731375c6fa34f2012588f8cb1b78d923a01178ac7,US English,us,"Excerpts were also printed in the ""Wall Street Journal"".",AT FIR HE OTER TI TID HIMALOT TO BON,7ef13ffb0aad140af2fdb7a74733114e89cf5b103b3a4dddb433859063cc011b
wav2vec2_large_lv60,dmsuta,11,stage5ext_00047,afd10118899991b7e4af3edddf0c749daf768b6669e68c04c2827d572d39771015c17ec7fd8143657ba077a731375c6fa34f2012588f8cb1b78d923a01178ac7,US English,us,She also sits on the Board of Directors for the Canada West Foundation.,SHE OFFERED TIV HIM A BODE TI ATE FE THEHENEVE ET FOUNDATON,7ef13ffb0aad140af2fdb7a74733114e89cf5b103b3a4dddb433859063cc011b
wav2vec2_large_lv60,dmsuta,11,stage5ext_00048,afd10118899991b7e4af3edddf0c749daf768b6669e68c04c2827d572d39771015c17ec7fd8143657ba077a731375c6fa34f2012588f8cb1b78d923a01178ac7,US English,us,"Like other opioid drugs, pethidine has the potential to cause physical dependence or addiction.",LIKE OTHER OBIO DRUGS TAT VALUTY INTEE THETEMTI TECAUSE PISICAL TEPENDENCE OR AVICTION,7ef13ffb0aad140af2fdb7a74733114e89cf5b103b3a4dddb433859063cc011b
wav2vec2_large_lv60,dmsuta,12,stage5ext_00049,afd10118899991b7e4af3edddf0c749daf768b6669e68c04c2827d572d39771015c17ec7fd8143657ba077a731375c6fa34f2012588f8cb1b78d923a01178ac7,US English,us,"He was interested in sciences, and had a sizable library.",TE  INTEITY TIN WICH TE E TESITE THE LIBRARY,0ec0c0a7156767a49e8437ddff5eafe4eb771df3bf8b10ecfdcb210cd0741402
wav2vec2_large_lv60,dmsuta,12,stage5ext_00050,afd10118899991b7e4af3edddf0c749daf768b6669e68c04c2827d572d39771015c17ec7fd8143657ba077a731375c6fa34f2012588f8cb1b78d923a01178ac7,US English,us,The addition would become known on-air as Television Park.,THE ADDITION WOULD BECOME KNOWN ON AIR AS TELEVISION PARK,0ec0c0a7156767a49e8437ddff5eafe4eb771df3bf8b10ecfdcb210cd0741402
wav2vec2_large_lv60,dmsuta,12,stage5ext_00051,afd10118899991b7e4af3edddf0c749daf768b6669e68c04c2827d572d39771015c17ec7fd8143657ba077a731375c6fa34f2012588f8cb1b78d923a01178ac7,US English,us,"However, molecular studies separate ""Gromia"" from the others, which must therefore be renamed.",HOWEVER MILECUE STADY SEPARATE GUANIA FROM THE OTHER IT MUST THEREFORE BE THE NAME,0ec0c0a7156767a49e8437ddff5eafe4eb771df3bf8b10ecfdcb210cd0741402
wav2vec2_large_lv60,dmsuta,12,stage5ext_00052,afd10118899991b7e4af3edddf0c749daf768b6669e68c04c2827d572d39771015c17ec7fd8143657ba077a731375c6fa34f2012588f8cb1b78d923a01178ac7,US English,us,It was named for the Dakota people.,IT WAS NAMED FOR THE DAKOTA PEOPLE,0ec0c0a7156767a49e8437ddff5eafe4eb771df3bf8b10ecfdcb210cd0741402
wav2vec2_large_lv60,dmsuta,13,stage5ext_00053,afd10118899991b7e4af3edddf0c749daf768b6669e68c04c2827d572d39771015c17ec7fd8143657ba077a731375c6fa34f2012588f8cb1b78d923a01178ac7,US English,us,"The song is featured on the live album ""Live Killers"".",THE SONG IS FEATURED ON THE LITHE ALBUM LIVE KILLERS,673271253fcbd136b3c4fb6bf46ebab7fe6be24e77294f62a48a7a33cc29954e
wav2vec2_large_lv60,dmsuta,13,stage5ext_00054,afd10118899991b7e4af3edddf0c749daf768b6669e68c04c2827d572d39771015c17ec7fd8143657ba077a731375c6fa34f2012588f8cb1b78d923a01178ac7,US English,us,"On some folios, the differing colors of ink are arranged to form geometric patterns.",ON SOME FOLIOS THE DIFFERING COLORS OF INK ARE ARRANGED TO FORM GEOMETRIC PATTERNS,673271253fcbd136b3c4fb6bf46ebab7fe6be24e77294f62a48a7a33cc29954e
wav2vec2_large_lv60,dmsuta,13,stage5ext_00055,afd10118899991b7e4af3edddf0c749daf768b6669e68c04c2827d572d39771015c17ec7fd8143657ba077a731375c6fa34f2012588f8cb1b78d923a01178ac7,US English,us,This handy percussion instrument is very similar to the pan-Indian damaru.,THIS HANDY PRECUSSION INSTRUMENT IS VERY SIMILAR TO THE PAN INDIAN DAMAROO,673271253fcbd136b3c4fb6bf46ebab7fe6be24e77294f62a48a7a33cc29954e
wav2vec2_large_lv60,dmsuta,13,stage5ext_00056,afd10118899991b7e4af3edddf0c749daf768b6669e68c04c2827d572d39771015c17ec7fd8143657ba077a731375c6fa34f2012588f8cb1b78d923a01178ac7,US English,us,The Louisville Cardinal serves as an outlet and learning experience for aspiring journalists.,TELIEVEL COTTIN A SET THEAIIN ONIN TE FLOGE TE FIRY DOR,673271253fcbd136b3c4fb6bf46ebab7fe6be24e77294f62a48a7a33cc29954e
wav2vec2_large_lv60,dmsuta,14,stage5ext_00057,afd10118899991b7e4af3edddf0c749daf768b6669e68c04c2827d572d39771015c17ec7fd8143657ba077a731375c6fa34f2012588f8cb1b78d923a01178ac7,US English,us,A distinctive feature of the system was support for Coaching.,IT EPENTED TETUR OF THETITEM TE WOT TETETIN,f7b7b094acdf9d35f761796888a49585a9c0a2e9868193ebc14f11411b691401
wav2vec2_large_lv60,dmsuta,14,stage5ext_00058,afd10118899991b7e4af3edddf0c749daf768b6669e68c04c2827d572d39771015c17ec7fd8143657ba077a731375c6fa34f2012588f8cb1b78d923a01178ac7,US English,us,There was no heroism and no villainy.,THERE WAS NO DOIVIN A NEIGBORON,f7b7b094acdf9d35f761796888a49585a9c0a2e9868193ebc14f11411b691401
wav2vec2_large_lv60,dmsuta,14,stage5ext_00059,afd10118899991b7e4af3edddf0c749daf768b6669e68c04c2827d572d39771015c17ec7fd8143657ba077a731375c6fa34f2012588f8cb1b78d923a01178ac7,US English,us,Ground was broken for Saint Ann's Church in New Galilee.,GROUND WAS BROKEN FOR SAINT ANN'S CHURCH IN NEW GALILEE,f7b7b094acdf9d35f761796888a49585a9c0a2e9868193ebc14f11411b691401
wav2vec2_large_lv60,dmsuta,14,stage5ext_00060,afd10118899991b7e4af3edddf0c749daf768b6669e68c04c2827d572d39771015c17ec7fd8143657ba077a731375c6fa34f2012588f8cb1b78d923a01178ac7,US English,us,To the east is the statue of King Norodom sits on a white horse.,TO THE EAST IS THE STATUE OF KING NORIDAM SITS ON A WHITE HORSE,f7b7b094acdf9d35f761796888a49585a9c0a2e9868193ebc14f11411b691401
wav2vec2_large_lv60,dmsuta,15,stage5ext_00061,264ab06df2796194c32a09afcb46bc2cbad9165d564f7d08af3b830436d4b292cec680793da0f1fea42128c902e8f92ba59717fcaa074c604a2bae440800743b,US English,us,There can also be underlying medical reasons for urinary incontinence which are often treatable.,THERE CAN ALSO BE UNDERLYING MEDICAL REASONS FOR URINARY INCONTINENTS WHICH ARE OFTEN TREATABLE,1a45295f98b4a40ffa9d068be6d403442c0434a1d63b80cd4be683b7e73f733d
wav2vec2_large_lv60,dmsuta,15,stage5ext_00062,264ab06df2796194c32a09afcb46bc2cbad9165d564f7d08af3b830436d4b292cec680793da0f1fea42128c902e8f92ba59717fcaa074c604a2bae440800743b,US English,us,PubChem consists of three dynamically growing primary databases.,PUB KEM CONSISTS OF THREE DYNAMICALLY GROWING PRIMARY DATA BASES,1a45295f98b4a40ffa9d068be6d403442c0434a1d63b80cd4be683b7e73f733d
wav2vec2_large_lv60,dmsuta,15,stage5ext_00063,264ab06df2796194c32a09afcb46bc2cbad9165d564f7d08af3b830436d4b292cec680793da0f1fea42128c902e8f92ba59717fcaa074c604a2bae440800743b,US English,us,"Europe, in particular ancient Greece, was the birthplace of Western civilization.",EUROPE IN PARTICULAR ANCIENT GREECE WAS THE BIRTHPLACE OF WESTERN CIVILIZATION,1a45295f98b4a40ffa9d068be6d403442c0434a1d63b80cd4be683b7e73f733d
wav2vec2_large_lv60,dmsuta,15,stage5ext_00064,264ab06df2796194c32a09afcb46bc2cbad9165d564f7d08af3b830436d4b292cec680793da0f1fea42128c902e8f92ba59717fcaa074c604a2bae440800743b,US English,us,It originally went through unincorporated small comminities such as Leslie and Arat.,IT ORIGINALLY WENT THROUGH UNINCORPORATED SMALL COMMUNITIES SUCH AS LEDLEY AND ARAT,1a45295f98b4a40ffa9d068be6d403442c0434a1d63b80cd4be683b7e73f733d
wav2vec2_large_lv60,dmsuta,16,stage5ext_00065,264ab06df2796194c32a09afcb46bc2cbad9165d564f7d08af3b830436d4b292cec680793da0f1fea42128c902e8f92ba59717fcaa074c604a2bae440800743b,US English,us,A self-homeomorphism is a homeomorphism of a topological space and itself.,A SELF HOMEOMORPHISM IS A HOMIOMORPHISM OF A TOPOLOGICAL SPACE AND ITSELF,ff0484c1110b45a6bc83e26284a1dd78f52d61d64e6c91299a7f7c5b79b2d515
wav2vec2_large_lv60,dmsuta,16,stage5ext_00066,264ab06df2796194c32a09afcb46bc2cbad9165d564f7d08af3b830436d4b292cec680793da0f1fea42128c902e8f92ba59717fcaa074c604a2bae440800743b,US English,us,"Since that time, additional relationships have formed under the auspices of the town connection.",SINCE THAT TIME ADDITIONAL RELATIONSHIPS HAVE FORMED UNDER THE AUSPICES OF THE TOWN CONNECTION,ff0484c1110b45a6bc83e26284a1dd78f52d61d64e6c91299a7f7c5b79b2d515
wav2vec2_large_lv60,dmsuta,16,stage5ext_00067,264ab06df2796194c32a09afcb46bc2cbad9165d564f7d08af3b830436d4b292cec680793da0f1fea42128c902e8f92ba59717fcaa074c604a2bae440800743b,US English,us,Local humane societies across the nation resisted.,LOCAL HUMANE SOCIETIES ACROSS THE NATION RESISTED,ff0484c1110b45a6bc83e26284a1dd78f52d61d64e6c91299a7f7c5b79b2d515
wav2vec2_large_lv60,dmsuta,16,stage5ext_00068,264ab06df2796194c32a09afcb46bc2cbad9165d564f7d08af3b830436d4b292cec680793da0f1fea42128c902e8f92ba59717fcaa074c604a2bae440800743b,US English,us,"It specializes in care for stroke, cardiac and amputees patients needing rehabilitation needs.",IT SPECIALIZES IN CARE FOR STROKE CARDIAC AND AMPUTESE PATIENTS NEEDING REHABILITATION NEEDS,ff0484c1110b45a6bc83e26284a1dd78f52d61d64e6c91299a7f7c5b79b2d515
wav2vec2_large_lv60,dmsuta,17,stage5ext_00069,264ab06df2796194c32a09afcb46bc2cbad9165d564f7d08af3b830436d4b292cec680793da0f1fea42128c902e8f92ba59717fcaa074c604a2bae440800743b,US English,us,"“It’s extremely interesting,” Anne told Deborah.",IT'S EXTREMELY INTERESTING ANNE TOLD DEBORA,d7658f9152286403df872e5f4d7e2855c26adf04e7ca9e5c2c1303e943735699
wav2vec2_large_lv60,dmsuta,17,stage5ext_00070,264ab06df2796194c32a09afcb46bc2cbad9165d564f7d08af3b830436d4b292cec680793da0f1fea42128c902e8f92ba59717fcaa074c604a2bae440800743b,US English,us,Grangeville enjoys close access to scenic and wildlife areas.,GRANGEVILLE ENJOYS CLOSE ACCESS TO SCENIC AND WILD LIFE AREAS,d7658f9152286403df872e5f4d7e2855c26adf04e7ca9e5c2c1303e943735699
wav2vec2_large_lv60,dmsuta,17,stage5ext_00071,264ab06df2796194c32a09afcb46bc2cbad9165d564f7d08af3b830436d4b292cec680793da0f1fea42128c902e8f92ba59717fcaa074c604a2bae440800743b,US English,us,He discovered that this was not the case.,HE DISCOVERED THAT THIS WAS NOT THE CASE,d7658f9152286403df872e5f4d7e2855c26adf04e7ca9e5c2c1303e943735699
wav2vec2_large_lv60,dmsuta,17,stage5ext_00072,264ab06df2796194c32a09afcb46bc2cbad9165d564f7d08af3b830436d4b292cec680793da0f1fea42128c902e8f92ba59717fcaa074c604a2bae440800743b,US English,us,There are four communities in Denmark with the same name.,THERE ARE FOUR COMMUNITIES IN DENMARK WITH THE SAME NAME,d7658f9152286403df872e5f4d7e2855c26adf04e7ca9e5c2c1303e943735699
wav2vec2_large_lv60,dmsuta,18,stage5ext_00073,264ab06df2796194c32a09afcb46bc2cbad9165d564f7d08af3b830436d4b292cec680793da0f1fea42128c902e8f92ba59717fcaa074c604a2bae440800743b,US English,us,He plays all three outfield positions.,HE PLAYS ALL THREE OUTFIELD POSITIONS,4cba00cf8eb24dd8ad9d31a050f4005508e6d8fb228724e06f8c91bc2bfd3ba8
wav2vec2_large_lv60,dmsuta,18,stage5ext_00074,264ab06df2796194c32a09afcb46bc2cbad9165d564f7d08af3b830436d4b292cec680793da0f1fea42128c902e8f92ba59717fcaa074c604a2bae440800743b,US English,us,But supplies are almost nonexistent at the Checkmate base.,BUT SUPPLIES ARE ALMOST NONEXISTENT AT THE CHEKMATE BASE,4cba00cf8eb24dd8ad9d31a050f4005508e6d8fb228724e06f8c91bc2bfd3ba8
wav2vec2_large_lv60,dmsuta,18,stage5ext_00075,264ab06df2796194c32a09afcb46bc2cbad9165d564f7d08af3b830436d4b292cec680793da0f1fea42128c902e8f92ba59717fcaa074c604a2bae440800743b,US English,us,"The section ""Of the Executive Power"" declared the powers of the executive power.",THE SECTION OF THE EXECUTIVE POWER DECLARED THE POWERS OF THE EXECUTIVE POWER,4cba00cf8eb24dd8ad9d31a050f4005508e6d8fb228724e06f8c91bc2bfd3ba8
wav2vec2_large_lv60,dmsuta,18,stage5ext_00076,77600d1ea840721bc62cd5a1444822538c380c4255c3bb966d35e4c71344e0691303c4add4223e9fe842b24d65e08ae2e99c956f4acb898bff34adad75171112,US English,us,It is exacerbating inequalities.,IT IS EXASPERATING INEQUALITIES,4cba00cf8eb24dd8ad9d31a050f4005508e6d8fb228724e06f8c91bc2bfd3ba8
wav2vec2_large_lv60,dmsuta,19,stage5ext_00077,77600d1ea840721bc62cd5a1444822538c380c4255c3bb966d35e4c71344e0691303c4add4223e9fe842b24d65e08ae2e99c956f4acb898bff34adad75171112,US English,us,"Large numbers came from other countries of Latin America from Mexico to Uruguay, esp.",LARGE NUMBERS CAME FROM OTHER COUNTRIES OF LATIN AMERICA FROM MEXICO TO URAGUAI ESPA,412de05b8105198fbf3a8d0758826cd6b5f85b3f3b2cb6da6b7e8fa9d641e5d5
wav2vec2_large_lv60,dmsuta,19,stage5ext_00078,77600d1ea840721bc62cd5a1444822538c380c4255c3bb966d35e4c71344e0691303c4add4223e9fe842b24d65e08ae2e99c956f4acb898bff34adad75171112,US English,us,A pond's condition deteriorates when the bottom environment cannot support animal life.,A POND'S CONDITION DETERIORATES WHEN THE BOTTOMN ENVIRONMENT CANNOT SUPPORT ANIMAL LIFE,412de05b8105198fbf3a8d0758826cd6b5f85b3f3b2cb6da6b7e8fa9d641e5d5
wav2vec2_large_lv60,dmsuta,19,stage5ext_00079,77600d1ea840721bc62cd5a1444822538c380c4255c3bb966d35e4c71344e0691303c4add4223e9fe842b24d65e08ae2e99c956f4acb898bff34adad75171112,US English,us,The Chiemsee is located in the west of the district.,THE CHIM SI IS LOCATED IN THE WEST OF THE DISTRICT,412de05b8105198fbf3a8d0758826cd6b5f85b3f3b2cb6da6b7e8fa9d641e5d5
wav2vec2_large_lv60,dmsuta,19,stage5ext_00080,77600d1ea840721bc62cd5a1444822538c380c4255c3bb966d35e4c71344e0691303c4add4223e9fe842b24d65e08ae2e99c956f4acb898bff34adad75171112,US English,us,She was the daughter of Timothy and Ellen Noonan.,SHE WAS THE DAUGHTER OF TIMOTHY AND ELLEN NEWNON,412de05b8105198fbf3a8d0758826cd6b5f85b3f3b2cb6da6b7e8fa9d641e5d5
wav2vec2_large_lv60,dmsuta,20,stage5ext_00081,77600d1ea840721bc62cd5a1444822538c380c4255c3bb966d35e4c71344e0691303c4add4223e9fe842b24d65e08ae2e99c956f4acb898bff34adad75171112,US English,us,"Collingwood was born in Britain but grew up in Sellersville, Pennsylvania.",COLLINGWOOD WAS BORN IN BRITAIN BUT GREW UP IN SELLERSVILLE PENNSYLVANIA,ab09bc4acf63eed39d91fb278d3c1ae9e485b9e7f436ec37275ae771dd5dc774
wav2vec2_large_lv60,dmsuta,20,stage5ext_00082,77600d1ea840721bc62cd5a1444822538c380c4255c3bb966d35e4c71344e0691303c4add4223e9fe842b24d65e08ae2e99c956f4acb898bff34adad75171112,US English,us,It is also the language of most of the manuscripts of Welsh law.,IT IS ALSO THE LANGUAGE OF MOST OF THE MANUSCRIPTS OF WELSH LAW,ab09bc4acf63eed39d91fb278d3c1ae9e485b9e7f436ec37275ae771dd5dc774
wav2vec2_large_lv60,dmsuta,20,stage5ext_00083,77600d1ea840721bc62cd5a1444822538c380c4255c3bb966d35e4c71344e0691303c4add4223e9fe842b24d65e08ae2e99c956f4acb898bff34adad75171112,US English,us,"He was educated at Emanuel School, the University of Southampton and University of Warwick.",HE WAS EDUCATED AT THE MANUAL SCHOOL THE UNIVERSITY OF SOUTHAMPTON AND UNIVERSITY OF WARWICK,ab09bc4acf63eed39d91fb278d3c1ae9e485b9e7f436ec37275ae771dd5dc774
wav2vec2_large_lv60,dmsuta,20,stage5ext_00084,77600d1ea840721bc62cd5a1444822538c380c4255c3bb966d35e4c71344e0691303c4add4223e9fe842b24d65e08ae2e99c956f4acb898bff34adad75171112,US English,us,He introduced cushion seats in all unreserved compartments.,HE INTRODUCED CUSHIONED SEATS IN ALL UNRESERVED COMPARTMENTS,ab09bc4acf63eed39d91fb278d3c1ae9e485b9e7f436ec37275ae771dd5dc774
wav2vec2_large_lv60,dmsuta,21,stage5ext_00085,77600d1ea840721bc62cd5a1444822538c380c4255c3bb966d35e4c71344e0691303c4add4223e9fe842b24d65e08ae2e99c956f4acb898bff34adad75171112,US English,us,It developed from the Pugwash Conferences on Science and World Affairs.,IT DEVELOPED FROM THE PUGWASH CONFERENCES ON SCIENCE AND WORLD AFFAIRS,3b560deb2d406d6bc1d6c2e32be75af8752067d1e89b6539f660ff8a0c94a0c0
wav2vec2_large_lv60,dmsuta,21,stage5ext_00086,77600d1ea840721bc62cd5a1444822538c380c4255c3bb966d35e4c71344e0691303c4add4223e9fe842b24d65e08ae2e99c956f4acb898bff34adad75171112,US English,us,"He has written seven Phillip Mercer books in the series, beginning with ""Vulcan's Forge"".",HE HAS WRITTEN SEVEN PHILIP MERCER BOOKS IN THE SERIES BEGINNING WITH VULCAN'S FORGE,3b560deb2d406d6bc1d6c2e32be75af8752067d1e89b6539f660ff8a0c94a0c0
wav2vec2_large_lv60,dmsuta,21,stage5ext_00087,77600d1ea840721bc62cd5a1444822538c380c4255c3bb966d35e4c71344e0691303c4add4223e9fe842b24d65e08ae2e99c956f4acb898bff34adad75171112,US English,us,"Like most other light jets, the Mustang is approved for single-pilot operation.",LIKE MOST OTHER LIGHT JETS THE MUSTANG IS APPROVED FOR SINGLE PILOT OPERATION,3b560deb2d406d6bc1d6c2e32be75af8752067d1e89b6539f660ff8a0c94a0c0
wav2vec2_large_lv60,dmsuta,21,stage5ext_00088,77600d1ea840721bc62cd5a1444822538c380c4255c3bb966d35e4c71344e0691303c4add4223e9fe842b24d65e08ae2e99c956f4acb898bff34adad75171112,US English,us,This is true for moduli of curves.,THIS IS TRUE FOR MODELAI OF CURVES,3b560deb2d406d6bc1d6c2e32be75af8752067d1e89b6539f660ff8a0c94a0c0
wav2vec2_large_lv60,dmsuta,22,stage5ext_00089,77600d1ea840721bc62cd5a1444822538c380c4255c3bb966d35e4c71344e0691303c4add4223e9fe842b24d65e08ae2e99c956f4acb898bff34adad75171112,US English,us,"They were the sons of Frederick Law Olmsted, renowned architect of Central Park.",THEY WERE THE SONS OF FREDERICK LAW ALMSTEAD RENOWNED ARCHITECT OF CENTRAL PARK,fb5612360c234605fd1fbfaf4f1d5483c39d586c79068c73389c2bbf17fe0ddf
wav2vec2_large_lv60,dmsuta,22,stage5ext_00090,77600d1ea840721bc62cd5a1444822538c380c4255c3bb966d35e4c71344e0691303c4add4223e9fe842b24d65e08ae2e99c956f4acb898bff34adad75171112,US English,us,The voltage stability depends on the gas pressure.,THE VOLTAGE STABILITY DEPENDS ON THE GAS PRESSURE,fb5612360c234605fd1fbfaf4f1d5483c39d586c79068c73389c2bbf17fe0ddf
wav2vec2_large_lv60,dmsuta,22,stage5ext_00091,9f2c0b36708a80b9aba1604061b45c02ab3d559f33122d380b4f16df7ee264228b8ed084cc75539159c501c042dcd878c793f3c16eaf1b5d9a110cad98fa0a9e,US English,us,Empress Elizabeth sent him to Kiev to realize Rastrelli's design of Saint Andrew Church.,EMPRESS ELIZABETH SENT HIM TO KEVE TO REALIZE REST PRELE'S DESIGN OF SAINT ANDREW CHURCH,fb5612360c234605fd1fbfaf4f1d5483c39d586c79068c73389c2bbf17fe0ddf
wav2vec2_large_lv60,dmsuta,22,stage5ext_00092,9f2c0b36708a80b9aba1604061b45c02ab3d559f33122d380b4f16df7ee264228b8ed084cc75539159c501c042dcd878c793f3c16eaf1b5d9a110cad98fa0a9e,US English,us,Caulfield offers students a wide range of subjects in its academic curriculum.,CALLFIELD OFFERS STUDENTS A WIDE RANGE OF SUBJECTS IN ITS ACADEMIC CORICULUM,fb5612360c234605fd1fbfaf4f1d5483c39d586c79068c73389c2bbf17fe0ddf
wav2vec2_large_lv60,dmsuta,23,stage5ext_00093,9f2c0b36708a80b9aba1604061b45c02ab3d559f33122d380b4f16df7ee264228b8ed084cc75539159c501c042dcd878c793f3c16eaf1b5d9a110cad98fa0a9e,US English,us,It is often used at the end of clauses or verses.,IT IS OFTEN USED AT THE END OF QUASIN OVERSES,5edfbd13da11cde317ac78f6707dbcec03fe12b8419c76ae8e6244466e3ff07c
wav2vec2_large_lv60,dmsuta,23,stage5ext_00094,9f2c0b36708a80b9aba1604061b45c02ab3d559f33122d380b4f16df7ee264228b8ed084cc75539159c501c042dcd878c793f3c16eaf1b5d9a110cad98fa0a9e,US English,us,"Gardner was born in Batavia, New York.",GARDENER WAS BORN IN BATAVIA NEW YORK,5edfbd13da11cde317ac78f6707dbcec03fe12b8419c76ae8e6244466e3ff07c
wav2vec2_large_lv60,dmsuta,23,stage5ext_00095,9f2c0b36708a80b9aba1604061b45c02ab3d559f33122d380b4f16df7ee264228b8ed084cc75539159c501c042dcd878c793f3c16eaf1b5d9a110cad98fa0a9e,US English,us,It is located where the Piankatank River feeds into the Chesapeake Bay.,IT IS LOCATED WHERE THE PEN KATANG RIVER FEEDS THE CHESOPEEKE BAY,5edfbd13da11cde317ac78f6707dbcec03fe12b8419c76ae8e6244466e3ff07c
wav2vec2_large_lv60,dmsuta,23,stage5ext_00096,9f2c0b36708a80b9aba1604061b45c02ab3d559f33122d380b4f16df7ee264228b8ed084cc75539159c501c042dcd878c793f3c16eaf1b5d9a110cad98fa0a9e,US English,us,A classic example of a one-way function is multiplication of very large prime numbers.,A CLASSIC EXAMPLE OF A ONE WAY FUNCTION IS A MULTIPLICATION OF VERY LARGE PRIME NUMBERS,5edfbd13da11cde317ac78f6707dbcec03fe12b8419c76ae8e6244466e3ff07c
wav2vec2_large_lv60,dmsuta,24,stage5ext_00097,9f2c0b36708a80b9aba1604061b45c02ab3d559f33122d380b4f16df7ee264228b8ed084cc75539159c501c042dcd878c793f3c16eaf1b5d9a110cad98fa0a9e,US English,us,Nuclear warheads are produced and stored on the premises.,NUCLEAR WARHEADS ARE PRODUCED AND STORED ON THE PREMISES,c3e34c9e71c882380cd208268018bf52763842336c05b93673fbb6d38d44e930
wav2vec2_large_lv60,dmsuta,24,stage5ext_00098,9f2c0b36708a80b9aba1604061b45c02ab3d559f33122d380b4f16df7ee264228b8ed084cc75539159c501c042dcd878c793f3c16eaf1b5d9a110cad98fa0a9e,US English,us,"The Center awards a ""Distinguished Christian Statesman Award"" annually to high-profile Christian political leaders.",THE CENTRE AWARDS A DISTINGUISHED CHRISTIAN STATESMEN AWARD ANNUALLY HIGH PROFILE CHRISTIAN POLITICAL LEADERS,c3e34c9e71c882380cd208268018bf52763842336c05b93673fbb6d38d44e930
wav2vec2_large_lv60,dmsuta,24,stage5ext_00099,9f2c0b36708a80b9aba1604061b45c02ab3d559f33122d380b4f16df7ee264228b8ed084cc75539159c501c042dcd878c793f3c16eaf1b5d9a110cad98fa0a9e,US English,us,Flavors available in Germany included cherry and cola.,FLAVORS AVAILABLE IN GERMANY A WID CHERRY AND COLA,c3e34c9e71c882380cd208268018bf52763842336c05b93673fbb6d38d44e930
wav2vec2_large_lv60,dmsuta,24,stage5ext_00100,9f2c0b36708a80b9aba1604061b45c02ab3d559f33122d380b4f16df7ee264228b8ed084cc75539159c501c042dcd878c793f3c16eaf1b5d9a110cad98fa0a9e,US English,us,The present chairman is Bumairam Mamaseitova.,THE PRESENT CHAIRMAN IS BAMARAN MAMASETUBA,c3e34c9e71c882380cd208268018bf52763842336c05b93673fbb6d38d44e930
wav2vec2_large_lv60,dmsuta,25,stage5ext_00101,9f2c0b36708a80b9aba1604061b45c02ab3d559f33122d380b4f16df7ee264228b8ed084cc75539159c501c042dcd878c793f3c16eaf1b5d9a110cad98fa0a9e,US English,us,On the seventh day they depart.,ON THE SEVENTH DAY THEY DEPART,af46f4a6d9de9d8bf5a9045a49477ba184d0d1ed1af9274b71c3c6435adb1269
wav2vec2_large_lv60,dmsuta,25,stage5ext_00102,9f2c0b36708a80b9aba1604061b45c02ab3d559f33122d380b4f16df7ee264228b8ed084cc75539159c501c042dcd878c793f3c16eaf1b5d9a110cad98fa0a9e,US English,us,Many notable Caliphs have had their share of ruling over the Kiswah.,MANY NOTABLE COUNTS HAVE HAD THEIR SHARE OF RULING OVER THE PISUA,af46f4a6d9de9d8bf5a9045a49477ba184d0d1ed1af9274b71c3c6435adb1269
wav2vec2_large_lv60,dmsuta,25,stage5ext_00103,9f2c0b36708a80b9aba1604061b45c02ab3d559f33122d380b4f16df7ee264228b8ed084cc75539159c501c042dcd878c793f3c16eaf1b5d9a110cad98fa0a9e,US English,us,The river Maros formed its southern border.,THE RIVER MARROWS FORMED ITS SOUTHERN BORDER,af46f4a6d9de9d8bf5a9045a49477ba184d0d1ed1af9274b71c3c6435adb1269
wav2vec2_large_lv60,dmsuta,25,stage5ext_00104,9f2c0b36708a80b9aba1604061b45c02ab3d559f33122d380b4f16df7ee264228b8ed084cc75539159c501c042dcd878c793f3c16eaf1b5d9a110cad98fa0a9e,US English,us,And that meant our fat electric album would have two songs on a side.,THAT MEANT OUR FAT ELECTRIC ALBUM WOULD HAVE TRUE SONGS ON A SIDE,af46f4a6d9de9d8bf5a9045a49477ba184d0d1ed1af9274b71c3c6435adb1269
wav2vec2_large_lv60,dmsuta,26,stage5ext_00105,9f2c0b36708a80b9aba1604061b45c02ab3d559f33122d380b4f16df7ee264228b8ed084cc75539159c501c042dcd878c793f3c16eaf1b5d9a110cad98fa0a9e,US English,us,A committee was organised and the Smithsonian Institution was founded.,A COMMITTEE WAS ORGANIZED AND THE SMITHSONIAN INSTITUTION WAS FOUNDED,d05b72cc88c3ff361a93af72ed4cf1af1b8ea012edb72901ca45e1ef1ca056fd
wav2vec2_large_lv60,dmsuta,26,stage5ext_00106,2ce9c40fcb6948ed0bced3197b5aefb5f8585c4b80c5f627af7a750cfb445b61c96532c68b893e6c1f4cb299407c58f1504db283d1f7eca7585dfc2f88a968d4,US English,us,"You're not psychotic, you just wish you were?",YOU'RE NOT PSYCOTIC YOU JUST WISH YOU WERE,d05b72cc88c3ff361a93af72ed4cf1af1b8ea012edb72901ca45e1ef1ca056fd
wav2vec2_large_lv60,dmsuta,26,stage5ext_00107,2ce9c40fcb6948ed0bced3197b5aefb5f8585c4b80c5f627af7a750cfb445b61c96532c68b893e6c1f4cb299407c58f1504db283d1f7eca7585dfc2f88a968d4,US English,us,Good evening.,GOOD EVENING,d05b72cc88c3ff361a93af72ed4cf1af1b8ea012edb72901ca45e1ef1ca056fd
wav2vec2_large_lv60,dmsuta,26,stage5ext_00108,2ce9c40fcb6948ed0bced3197b5aefb5f8585c4b80c5f627af7a750cfb445b61c96532c68b893e6c1f4cb299407c58f1504db283d1f7eca7585dfc2f88a968d4,US English,us,The dead have no friends.,THE DEAD HAVE NO FRIENDS,d05b72cc88c3ff361a93af72ed4cf1af1b8ea012edb72901ca45e1ef1ca056fd
wav2vec2_large_lv60,dmsuta,27,stage5ext_00109,2ce9c40fcb6948ed0bced3197b5aefb5f8585c4b80c5f627af7a750cfb445b61c96532c68b893e6c1f4cb299407c58f1504db283d1f7eca7585dfc2f88a968d4,US English,us,Ship technology has improved.,SHIP TECHNOLOGY HAS IMPROVED,85f903b95e8e927ad947ee08aff406a829065728bef93df8466d256dbd19f7ab
wav2vec2_large_lv60,dmsuta,27,stage5ext_00110,2ce9c40fcb6948ed0bced3197b5aefb5f8585c4b80c5f627af7a750cfb445b61c96532c68b893e6c1f4cb299407c58f1504db283d1f7eca7585dfc2f88a968d4,US English,us,The shop is closed on Mondays.,THE SHOP IS CLOSED ON MONDAYS,85f903b95e8e927ad947ee08aff406a829065728bef93df8466d256dbd19f7ab
wav2vec2_large_lv60,dmsuta,27,stage5ext_00111,2ce9c40fcb6948ed0bced3197b5aefb5f8585c4b80c5f627af7a750cfb445b61c96532c68b893e6c1f4cb299407c58f1504db283d1f7eca7585dfc2f88a968d4,US English,us,"Waste not, want not.",WASTE NOT WHAT NOT,85f903b95e8e927ad947ee08aff406a829065728bef93df8466d256dbd19f7ab
wav2vec2_large_lv60,dmsuta,27,stage5ext_00112,2ce9c40fcb6948ed0bced3197b5aefb5f8585c4b80c5f627af7a750cfb445b61c96532c68b893e6c1f4cb299407c58f1504db283d1f7eca7585dfc2f88a968d4,US English,us,"The salesman was like the rest of them, untrustworthy.",THE SALESMAN WAS LIKE THE REST OF THEM UNTRUSTWORTHY,85f903b95e8e927ad947ee08aff406a829065728bef93df8466d256dbd19f7ab
wav2vec2_large_lv60,dmsuta,28,stage5ext_00113,2ce9c40fcb6948ed0bced3197b5aefb5f8585c4b80c5f627af7a750cfb445b61c96532c68b893e6c1f4cb299407c58f1504db283d1f7eca7585dfc2f88a968d4,US English,us,"Did you know that the word ""commercial"" could mean the same as ""advertisement""?",DID YOU KNOW THAT THE WORD COMMERCIAL COULD MEAN THE SAME AS ADVERTISEMENT,d0725ecde91f243849a8d83318d44d00efac104613004ee498fb9aa00e1c01a2
wav2vec2_large_lv60,dmsuta,28,stage5ext_00114,2ce9c40fcb6948ed0bced3197b5aefb5f8585c4b80c5f627af7a750cfb445b61c96532c68b893e6c1f4cb299407c58f1504db283d1f7eca7585dfc2f88a968d4,US English,us,Topsy-turvy Steamboat.,TOPSY TURVEY STEAMBOAT,d0725ecde91f243849a8d83318d44d00efac104613004ee498fb9aa00e1c01a2
wav2vec2_large_lv60,dmsuta,28,stage5ext_00115,2ce9c40fcb6948ed0bced3197b5aefb5f8585c4b80c5f627af7a750cfb445b61c96532c68b893e6c1f4cb299407c58f1504db283d1f7eca7585dfc2f88a968d4,US English,us,Save a thief from the gallows and he will cut your throat,SAVE A THIEF FROM THE GALLOWS AND HE WILL CUT YOUR THROAT,d0725ecde91f243849a8d83318d44d00efac104613004ee498fb9aa00e1c01a2
wav2vec2_large_lv60,dmsuta,28,stage5ext_00116,2ce9c40fcb6948ed0bced3197b5aefb5f8585c4b80c5f627af7a750cfb445b61c96532c68b893e6c1f4cb299407c58f1504db283d1f7eca7585dfc2f88a968d4,US English,us,A chip of the old block.,A CHIP OF THE OLD BLOCK,d0725ecde91f243849a8d83318d44d00efac104613004ee498fb9aa00e1c01a2
wav2vec2_large_lv60,dmsuta,29,stage5ext_00117,2ce9c40fcb6948ed0bced3197b5aefb5f8585c4b80c5f627af7a750cfb445b61c96532c68b893e6c1f4cb299407c58f1504db283d1f7eca7585dfc2f88a968d4,US English,us,What about from an unsafe distance?,WHAT ABOUT FROM AN UNSAFE DISTANCE,2aa6cd2d3fa4418fcff64c7fb419ad6faac621ea73448473466ed088c1091fc0
wav2vec2_large_lv60,dmsuta,29,stage5ext_00118,2ce9c40fcb6948ed0bced3197b5aefb5f8585c4b80c5f627af7a750cfb445b61c96532c68b893e6c1f4cb299407c58f1504db283d1f7eca7585dfc2f88a968d4,US English,us,New pants lack cuffs and pockets.,NEW PANTS LACK CUFFS AND POCKETS,2aa6cd2d3fa4418fcff64c7fb419ad6faac621ea73448473466ed088c1091fc0
wav2vec2_large_lv60,dmsuta,29,stage5ext_00119,2ce9c40fcb6948ed0bced3197b5aefb5f8585c4b80c5f627af7a750cfb445b61c96532c68b893e6c1f4cb299407c58f1504db283d1f7eca7585dfc2f88a968d4,US English,us,Is that how your niece began?,IS THAT HOW YOUR NIECE BEGAN,2aa6cd2d3fa4418fcff64c7fb419ad6faac621ea73448473466ed088c1091fc0
wav2vec2_large_lv60,dmsuta,29,stage5ext_00120,2ce9c40fcb6948ed0bced3197b5aefb5f8585c4b80c5f627af7a750cfb445b61c96532c68b893e6c1f4cb299407c58f1504db283d1f7eca7585dfc2f88a968d4,US English,us,That is the weirdest dress I have found in this store.,THAT IS THE WEIRDEST DRESS I HAVE FOUND IN THE STORE,2aa6cd2d3fa4418fcff64c7fb419ad6faac621ea73448473466ed088c1091fc0
wav2vec2_large_lv60,dmsuta,30,stage5ext_00121,228508a13bdcb59b6e981ab369677a052cfa1d9208ac95a44f5a910b5fb16d76e49d318b1a128dd5144453cc80734637f59383b09379191621b865980d923440,US English,us,The reasons are more political.,THE REASONS ARE MORE POLITICAL,2315bc37fd341e8319c19c708e055a80efbfa55a64ed5a86ffd6db6198d5fa7e
wav2vec2_large_lv60,dmsuta,30,stage5ext_00122,228508a13bdcb59b6e981ab369677a052cfa1d9208ac95a44f5a910b5fb16d76e49d318b1a128dd5144453cc80734637f59383b09379191621b865980d923440,US English,us,When he became a foreman he expected more output from the workmen.,WHEN HE BECAME A FOREMAN HE EXPECTED MORE OUTPUT FROM THE WORKMAN,2315bc37fd341e8319c19c708e055a80efbfa55a64ed5a86ffd6db6198d5fa7e
wav2vec2_large_lv60,dmsuta,30,stage5ext_00123,228508a13bdcb59b6e981ab369677a052cfa1d9208ac95a44f5a910b5fb16d76e49d318b1a128dd5144453cc80734637f59383b09379191621b865980d923440,US English,us,"The timber was exported to Egypt, where it was in great demand.",THE TEMER WAS EXPORTED TO EGYPT WUR IT WAS IN GREAT DEMAND,2315bc37fd341e8319c19c708e055a80efbfa55a64ed5a86ffd6db6198d5fa7e
wav2vec2_large_lv60,dmsuta,30,stage5ext_00124,228508a13bdcb59b6e981ab369677a052cfa1d9208ac95a44f5a910b5fb16d76e49d318b1a128dd5144453cc80734637f59383b09379191621b865980d923440,US English,us,"On farm visits, touching or feeding pigs should be prohibited.",ON FARM VISITS TOUCHING OR FITTING MIKS SHOULD BE PROHIBITED,2315bc37fd341e8319c19c708e055a80efbfa55a64ed5a86ffd6db6198d5fa7e
wav2vec2_large_lv60,dmsuta,31,stage5ext_00125,228508a13bdcb59b6e981ab369677a052cfa1d9208ac95a44f5a910b5fb16d76e49d318b1a128dd5144453cc80734637f59383b09379191621b865980d923440,US English,us,Noah worked on the album for two years.,NOAH WORKED ON THE ALBUM FOR TWO YEARS,2c46bdfe2a3b4e97f33e52f523d803af10b85bdb8eec5169d315122196236a92
wav2vec2_large_lv60,dmsuta,31,stage5ext_00126,228508a13bdcb59b6e981ab369677a052cfa1d9208ac95a44f5a910b5fb16d76e49d318b1a128dd5144453cc80734637f59383b09379191621b865980d923440,US English,us,"The family seat is Terling Place, near Terling, Essex.",THE FAMILIAR SETIS DEBLANT GLACE MUR TERLING ESSEX,2c46bdfe2a3b4e97f33e52f523d803af10b85bdb8eec5169d315122196236a92
wav2vec2_large_lv60,dmsuta,31,stage5ext_00127,228508a13bdcb59b6e981ab369677a052cfa1d9208ac95a44f5a910b5fb16d76e49d318b1a128dd5144453cc80734637f59383b09379191621b865980d923440,US English,us,She then got underway for Leyte.,SHE DID NOT ON AWAY FOR LATE,2c46bdfe2a3b4e97f33e52f523d803af10b85bdb8eec5169d315122196236a92
wav2vec2_large_lv60,dmsuta,31,stage5ext_00128,228508a13bdcb59b6e981ab369677a052cfa1d9208ac95a44f5a910b5fb16d76e49d318b1a128dd5144453cc80734637f59383b09379191621b865980d923440,US English,us,His early work was on optical information processing.,HIS ERLY WORK WAS AN OPTICAL INFORMATION PROCESS THING,2c46bdfe2a3b4e97f33e52f523d803af10b85bdb8eec5169d315122196236a92
wav2vec2_large_lv60,dmsuta,32,stage5ext_00129,228508a13bdcb59b6e981ab369677a052cfa1d9208ac95a44f5a910b5fb16d76e49d318b1a128dd5144453cc80734637f59383b09379191621b865980d923440,US English,us,There is much shouting and gesticulation on the appearance of a new moon.,THERE IS MUCH SHOUTING AND GESTICULATION ON THE APPEARANCE OF A NEWMON,17bb174f4d1db00a91199a19599dda571d2c88dcb3e139f2fc45e031e46943de
wav2vec2_large_lv60,dmsuta,32,stage5ext_00130,228508a13bdcb59b6e981ab369677a052cfa1d9208ac95a44f5a910b5fb16d76e49d318b1a128dd5144453cc80734637f59383b09379191621b865980d923440,US English,us,Previously this variety was believed to be lost.,PREVIOUSLY THIS VARIETY WAS BELIEVED TO BE LOST,17bb174f4d1db00a91199a19599dda571d2c88dcb3e139f2fc45e031e46943de
wav2vec2_large_lv60,dmsuta,32,stage5ext_00131,228508a13bdcb59b6e981ab369677a052cfa1d9208ac95a44f5a910b5fb16d76e49d318b1a128dd5144453cc80734637f59383b09379191621b865980d923440,US English,us,"Well, next morning, the husband was missing.",WELL NEXT MORNING THE HUSBAND WAS MISSING,17bb174f4d1db00a91199a19599dda571d2c88dcb3e139f2fc45e031e46943de
wav2vec2_large_lv60,dmsuta,32,stage5ext_00132,228508a13bdcb59b6e981ab369677a052cfa1d9208ac95a44f5a910b5fb16d76e49d318b1a128dd5144453cc80734637f59383b09379191621b865980d923440,US English,us,The heads are then like thongs and solemn in grain and grape-colour.,THE HEADS ARE THEN LIKE TONGS AND SO AN IN GRAIN IN THE GRAPE COLOR,17bb174f4d1db00a91199a19599dda571d2c88dcb3e139f2fc45e031e46943de
wav2vec2_large_lv60,dmsuta,33,stage5ext_00133,228508a13bdcb59b6e981ab369677a052cfa1d9208ac95a44f5a910b5fb16d76e49d318b1a128dd5144453cc80734637f59383b09379191621b865980d923440,US English,us,"After retiring, Ehiogu founded his own record label, Dirty Hit.",AFTER REDIRING IHOGI FOUNDED HIS OWN RECORD LABEL TOT HID,6b530b9676c72582a6079a60fa756c9e2bb5f337cb5947987b5312dd25da9e28
wav2vec2_large_lv60,dmsuta,33,stage5ext_00134,228508a13bdcb59b6e981ab369677a052cfa1d9208ac95a44f5a910b5fb16d76e49d318b1a128dd5144453cc80734637f59383b09379191621b865980d923440,US English,us,"Some credit ""earlier notions of political and juridical authority"" in Iran's Safavid period.",SOME CREDIT EARLIER NOTIONS OF POLITICAL AND JURIDICAL AUTHORITY IN YRENG'S SEFAWIT PERIOD,6b530b9676c72582a6079a60fa756c9e2bb5f337cb5947987b5312dd25da9e28
wav2vec2_large_lv60,dmsuta,33,stage5ext_00135,228508a13bdcb59b6e981ab369677a052cfa1d9208ac95a44f5a910b5fb16d76e49d318b1a128dd5144453cc80734637f59383b09379191621b865980d923440,US English,us,"George Washington Riggs died at his home, Green Hill, in Prince George's County, Maryland.",GEORGE WASHINGTON RIKSPIED AT HIS HOME GREEN HILL IN PRINCE GEORGE'S COUNTY MARYLAND,6b530b9676c72582a6079a60fa756c9e2bb5f337cb5947987b5312dd25da9e28
wav2vec2_large_lv60,dmsuta,33,stage5ext_00136,720e559efbceae3ffa3e0df1e70d5d276564f71b02f1a3222c7dbbfa55811cbc4ad54045296d28ef121452051dd65e0253f9af4f519f65f29a0690726ba44253,US English,us,"The number of non-Muslim Sufis before the twentieth century, however, was usually relatively few.",THE NUMBER OF NON MOSLEM SUFIS BEFORE THE TWENTIETH CENTURY HOWEVER WAS USUALLY RELATIVELY FEW,6b530b9676c72582a6079a60fa756c9e2bb5f337cb5947987b5312dd25da9e28
wav2vec2_large_lv60,dmsuta,34,stage5ext_00137,720e559efbceae3ffa3e0df1e70d5d276564f71b02f1a3222c7dbbfa55811cbc4ad54045296d28ef121452051dd65e0253f9af4f519f65f29a0690726ba44253,US English,us,"At the party, Jerry meets an attractive woman named Vanessa.",AT THE PARTY JERRY MEETS AN ATTRACTIVE WOMAN NAMED FENESSA,f786c5919d3589fd7ea4daa214d80c67a3e9bd9bced50f1854d779aca3267595
wav2vec2_large_lv60,dmsuta,34,stage5ext_00138,720e559efbceae3ffa3e0df1e70d5d276564f71b02f1a3222c7dbbfa55811cbc4ad54045296d28ef121452051dd65e0253f9af4f519f65f29a0690726ba44253,US English,us,Irulan herself appears in person only near the end of the novel.,IERULON HERSELF APPEARS IN PERSON ONLY NEAR THE END OF THE NOVEL,f786c5919d3589fd7ea4daa214d80c67a3e9bd9bced50f1854d779aca3267595
wav2vec2_large_lv60,dmsuta,34,stage5ext_00139,720e559efbceae3ffa3e0df1e70d5d276564f71b02f1a3222c7dbbfa55811cbc4ad54045296d28ef121452051dd65e0253f9af4f519f65f29a0690726ba44253,US English,us,Jump is a yellow dog with brown patches and the pet dog of Tobio.,JUMP IS A YELLOW DOG WITH BROWN PATCHES AND THE PET DOG OF TOBYO,f786c5919d3589fd7ea4daa214d80c67a3e9bd9bced50f1854d779aca3267595
wav2vec2_large_lv60,dmsuta,34,stage5ext_00140,720e559efbceae3ffa3e0df1e70d5d276564f71b02f1a3222c7dbbfa55811cbc4ad54045296d28ef121452051dd65e0253f9af4f519f65f29a0690726ba44253,US English,us,It has some popular restaurants including The New Inn.,IT HAS SOME POPULAR RESTAURANTS INCLUDING THE NEW INN,f786c5919d3589fd7ea4daa214d80c67a3e9bd9bced50f1854d779aca3267595
wav2vec2_large_lv60,dmsuta,35,stage5ext_00141,720e559efbceae3ffa3e0df1e70d5d276564f71b02f1a3222c7dbbfa55811cbc4ad54045296d28ef121452051dd65e0253f9af4f519f65f29a0690726ba44253,US English,us,The families and genera within the orders are listed in alphabetical order.,THE FAMILIES AND GENERA WITHIN THE ORDERS ARE LISTED IN ALPHABETICAL ORDER,b76eddd25c79ae7788ce18604ffa6e00d4855d250925604ae26c683a839dbc79
wav2vec2_large_lv60,dmsuta,35,stage5ext_00142,720e559efbceae3ffa3e0df1e70d5d276564f71b02f1a3222c7dbbfa55811cbc4ad54045296d28ef121452051dd65e0253f9af4f519f65f29a0690726ba44253,US English,us,"This practice remains an important ritual in some remote, tribal societies.",THIS PRACTICE REMAINS AN IMPORTANT RITUAL IN SOME REMOTE TRIBAL SOCIETIES,b76eddd25c79ae7788ce18604ffa6e00d4855d250925604ae26c683a839dbc79
wav2vec2_large_lv60,dmsuta,35,stage5ext_00143,720e559efbceae3ffa3e0df1e70d5d276564f71b02f1a3222c7dbbfa55811cbc4ad54045296d28ef121452051dd65e0253f9af4f519f65f29a0690726ba44253,US English,us,A second game also included Carshalton College.,A SECOND GAME ALSO INCLUDED CARSHELTON COLLEGE,b76eddd25c79ae7788ce18604ffa6e00d4855d250925604ae26c683a839dbc79
wav2vec2_large_lv60,dmsuta,35,stage5ext_00144,720e559efbceae3ffa3e0df1e70d5d276564f71b02f1a3222c7dbbfa55811cbc4ad54045296d28ef121452051dd65e0253f9af4f519f65f29a0690726ba44253,US English,us,Mareya micrantha is said to have local anaesthetic properties.,MARIA MACRANTHA IS SAID TO HAVE LOCAL AND ASTHETIC PROPERTIES,b76eddd25c79ae7788ce18604ffa6e00d4855d250925604ae26c683a839dbc79
wav2vec2_large_lv60,dmsuta,36,stage5ext_00145,720e559efbceae3ffa3e0df1e70d5d276564f71b02f1a3222c7dbbfa55811cbc4ad54045296d28ef121452051dd65e0253f9af4f519f65f29a0690726ba44253,US English,us,The expanded section included an enlarged bar.,THE EXPANDED SECTION INCLUDED AN ENLARGED BAR,ef5d2cb7715e956b3ced6770d55eed14d6ae2d11ad16cf6cde97ea44ae44e425
wav2vec2_large_lv60,dmsuta,36,stage5ext_00146,720e559efbceae3ffa3e0df1e70d5d276564f71b02f1a3222c7dbbfa55811cbc4ad54045296d28ef121452051dd65e0253f9af4f519f65f29a0690726ba44253,US English,us,"This is in contrast to physiology, which deals primarily with function.",THIS IS IN CONTRAST TO PHYSIOLOGY WHICH DEALS PRIMARILY WITH FUNCTION,ef5d2cb7715e956b3ced6770d55eed14d6ae2d11ad16cf6cde97ea44ae44e425
wav2vec2_large_lv60,dmsuta,36,stage5ext_00147,720e559efbceae3ffa3e0df1e70d5d276564f71b02f1a3222c7dbbfa55811cbc4ad54045296d28ef121452051dd65e0253f9af4f519f65f29a0690726ba44253,US English,us,"When his wife died, Acosta retired and went to live in a hermitage.",WHEN HIS WIFE DIED ACOSTA RETIRED AND WENT TO LIVE IN A HERMITAGE,ef5d2cb7715e956b3ced6770d55eed14d6ae2d11ad16cf6cde97ea44ae44e425
wav2vec2_large_lv60,dmsuta,36,stage5ext_00148,720e559efbceae3ffa3e0df1e70d5d276564f71b02f1a3222c7dbbfa55811cbc4ad54045296d28ef121452051dd65e0253f9af4f519f65f29a0690726ba44253,US English,us,McNab ruled with an iron fist over the Scottish settlers.,MC NAB RULED WITH AN IRON FIST OVER THE SCOTTISH SETTLERS,ef5d2cb7715e956b3ced6770d55eed14d6ae2d11ad16cf6cde97ea44ae44e425
wav2vec2_large_lv60,dmsuta,37,stage5ext_00149,720e559efbceae3ffa3e0df1e70d5d276564f71b02f1a3222c7dbbfa55811cbc4ad54045296d28ef121452051dd65e0253f9af4f519f65f29a0690726ba44253,US English,us,"Ricci played a young detective who temporarily partners with Grace, played by Holly Hunter.",RICKY PLAYED A YOUNG DETECTIVE WHO TEMPORARILY PARTNERS WITH GRACE PLAYED BY HOLLY HUNTER,82301876e6b5e2c179182fd2e431444fee7b7fadfb27692209ebcaba2674b687
wav2vec2_large_lv60,dmsuta,37,stage5ext_00150,720e559efbceae3ffa3e0df1e70d5d276564f71b02f1a3222c7dbbfa55811cbc4ad54045296d28ef121452051dd65e0253f9af4f519f65f29a0690726ba44253,US English,us,"It would, in effect, paralyse their co-operation.",IT WOULD IN EFFECT PARALYZE THEIR CO OPERATION,82301876e6b5e2c179182fd2e431444fee7b7fadfb27692209ebcaba2674b687
wav2vec2_large_lv60,dmsuta,37,stage5ext_00151,fd0dff3b5f07ca5531d539b5a2d98730836ad0aa3e1b6526ad93f596c546212f2e9c6152141a6d6a86254fe36668b66427df0e1588645c1756157fb92705969a,England English,england,I'm playing for keeps.,I'M THARE IT KEEPS,82301876e6b5e2c179182fd2e431444fee7b7fadfb27692209ebcaba2674b687
wav2vec2_large_lv60,dmsuta,37,stage5ext_00152,fd0dff3b5f07ca5531d539b5a2d98730836ad0aa3e1b6526ad93f596c546212f2e9c6152141a6d6a86254fe36668b66427df0e1588645c1756157fb92705969a,England English,england,His old Ferrari has been compacted to a small cube of metal at the junkyard.,HIS OLD FERRARI HAS BEEN CONPACTED TO A SMALL CUBE OF METAL AT THE JUNK YARD,82301876e6b5e2c179182fd2e431444fee7b7fadfb27692209ebcaba2674b687
wav2vec2_large_lv60,dmsuta,38,stage5ext_00153,fd0dff3b5f07ca5531d539b5a2d98730836ad0aa3e1b6526ad93f596c546212f2e9c6152141a6d6a86254fe36668b66427df0e1588645c1756157fb92705969a,England English,england,There was no response from the elders.,THERE WAS NO RESPONSE FROM THE ORDERS,6eabd60c0ff99c91bd0d0be9e28a76d16b22b705e1ccafb979f11790ef036578
wav2vec2_large_lv60,dmsuta,38,stage5ext_00154,fd0dff3b5f07ca5531d539b5a2d98730836ad0aa3e1b6526ad93f596c546212f2e9c6152141a6d6a86254fe36668b66427df0e1588645c1756157fb92705969a,England English,england,You're hurting my sore foot.,YOU ARE HURTING MY SORE FOOT,6eabd60c0ff99c91bd0d0be9e28a76d16b22b705e1ccafb979f11790ef036578
wav2vec2_large_lv60,dmsuta,38,stage5ext_00155,fd0dff3b5f07ca5531d539b5a2d98730836ad0aa3e1b6526ad93f596c546212f2e9c6152141a6d6a86254fe36668b66427df0e1588645c1756157fb92705969a,England English,england,Studying these key phrases will help you while traveling.,STUDYING THESE KEY PHRASES WE HOPE HE WON'T TRAVELLING,6eabd60c0ff99c91bd0d0be9e28a76d16b22b705e1ccafb979f11790ef036578
wav2vec2_large_lv60,dmsuta,38,stage5ext_00156,fd0dff3b5f07ca5531d539b5a2d98730836ad0aa3e1b6526ad93f596c546212f2e9c6152141a6d6a86254fe36668b66427df0e1588645c1756157fb92705969a,England English,england,Mary told me that she got to meet up with you while she was back in San Francisco.,MARY TOLD ME SHE GOT TO MEET UP WITH YOU WHILE YOU WERE BACK IN SAN FRANCISCO,6eabd60c0ff99c91bd0d0be9e28a76d16b22b705e1ccafb979f11790ef036578
wav2vec2_large_lv60,dmsuta,39,stage5ext_00157,fd0dff3b5f07ca5531d539b5a2d98730836ad0aa3e1b6526ad93f596c546212f2e9c6152141a6d6a86254fe36668b66427df0e1588645c1756157fb92705969a,England English,england,Look on the third shelf back of the eye wash.,LOOK ON THE THIRD SHELF BACK OF THE EYEWOF,0a0f4fedf7e701915894edf7020c80ea5fa8c054f63de2db509ccbcd06bb466f
wav2vec2_large_lv60,dmsuta,39,stage5ext_00158,fd0dff3b5f07ca5531d539b5a2d98730836ad0aa3e1b6526ad93f596c546212f2e9c6152141a6d6a86254fe36668b66427df0e1588645c1756157fb92705969a,England English,england,It was Linda Keller!,IT WAS LINDA KELLA,0a0f4fedf7e701915894edf7020c80ea5fa8c054f63de2db509ccbcd06bb466f
wav2vec2_large_lv60,dmsuta,39,stage5ext_00159,fd0dff3b5f07ca5531d539b5a2d98730836ad0aa3e1b6526ad93f596c546212f2e9c6152141a6d6a86254fe36668b66427df0e1588645c1756157fb92705969a,England English,england,Neil Armstrong was the first man to step foot on the moon.,NEL ARMSTRONG WAS THE FIRST MAN TO STET FOOT ON THE MOON,0a0f4fedf7e701915894edf7020c80ea5fa8c054f63de2db509ccbcd06bb466f
wav2vec2_large_lv60,dmsuta,39,stage5ext_00160,fd0dff3b5f07ca5531d539b5a2d98730836ad0aa3e1b6526ad93f596c546212f2e9c6152141a6d6a86254fe36668b66427df0e1588645c1756157fb92705969a,England English,england,You go on and practice.,YOU GO ON IN PRACTICE,0a0f4fedf7e701915894edf7020c80ea5fa8c054f63de2db509ccbcd06bb466f
wav2vec2_large_lv60,dmsuta,40,stage5ext_00161,fd0dff3b5f07ca5531d539b5a2d98730836ad0aa3e1b6526ad93f596c546212f2e9c6152141a6d6a86254fe36668b66427df0e1588645c1756157fb92705969a,England English,england,Storm increasing over the Rockies.,STORM INCREASING OVER THE ROCKIES,c97c02da6122d5de5981693c465e689d1336d667a5f44d741f1a0ed31849a813
wav2vec2_large_lv60,dmsuta,40,stage5ext_00162,fd0dff3b5f07ca5531d539b5a2d98730836ad0aa3e1b6526ad93f596c546212f2e9c6152141a6d6a86254fe36668b66427df0e1588645c1756157fb92705969a,England English,england,Witnesses report two armed suspects and four hostages.,WITNESSES REPORT TWO ARMED SUSPECTS AND FOUR HOSTAGGES,c97c02da6122d5de5981693c465e689d1336d667a5f44d741f1a0ed31849a813
wav2vec2_large_lv60,dmsuta,40,stage5ext_00163,fd0dff3b5f07ca5531d539b5a2d98730836ad0aa3e1b6526ad93f596c546212f2e9c6152141a6d6a86254fe36668b66427df0e1588645c1756157fb92705969a,England English,england,"If you know of other games that play well with hands-free control, please post in the comments.",IF YOU KNOW OF OTHER GAMES THAT PLAY WELL WITH HANDS FREE CONTROL PLEASE POST IN THE COMMENTS,c97c02da6122d5de5981693c465e689d1336d667a5f44d741f1a0ed31849a813
wav2vec2_large_lv60,dmsuta,40,stage5ext_00164,fd0dff3b5f07ca5531d539b5a2d98730836ad0aa3e1b6526ad93f596c546212f2e9c6152141a6d6a86254fe36668b66427df0e1588645c1756157fb92705969a,England English,england,"Two caribous in a queue, they didn't have a clue, that I was using their flue, to write a poem for you.",TWO CARIBOOS AN A CUE THEY DIDN'T HAVE A PLUT THAT I WAS USING THAT FLUE TO WRITE A POEM FOR YOU,c97c02da6122d5de5981693c465e689d1336d667a5f44d741f1a0ed31849a813
wav2vec2_large_lv60,dmsuta,41,stage5ext_00165,fd0dff3b5f07ca5531d539b5a2d98730836ad0aa3e1b6526ad93f596c546212f2e9c6152141a6d6a86254fe36668b66427df0e1588645c1756157fb92705969a,England English,england,With a bag of marshmallows.,WITH A BAG OF MALSHMEADOWS,38b49a4a1679bff146807539dc415538a34264554966666ce00c47588be59ab0
wav2vec2_large_lv60,dmsuta,41,stage5ext_00166,fdcab9861a3de8913b99470efefdd496f7500e233d7a34a4bf246ca2321426334f7206282773114305bb5b045ee084a0c9e50c6160fc40ac34ba2009e1997f8f,England English,england,"Teresa, Mildrid, Ralph, and Vonda all arrived yesterday evening.",TERESA MILDRED RALPH AND BUNDER ALL ARRIVED YESTERDAY EVENING,38b49a4a1679bff146807539dc415538a34264554966666ce00c47588be59ab0
wav2vec2_large_lv60,dmsuta,41,stage5ext_00167,fdcab9861a3de8913b99470efefdd496f7500e233d7a34a4bf246ca2321426334f7206282773114305bb5b045ee084a0c9e50c6160fc40ac34ba2009e1997f8f,England English,england,"Somehow, the paragraphs blurred into each other.",SOMEHOW THE PARAGRAPHS BLURRED INTO EACH OTHER,38b49a4a1679bff146807539dc415538a34264554966666ce00c47588be59ab0
wav2vec2_large_lv60,dmsuta,41,stage5ext_00168,fdcab9861a3de8913b99470efefdd496f7500e233d7a34a4bf246ca2321426334f7206282773114305bb5b045ee084a0c9e50c6160fc40ac34ba2009e1997f8f,England English,england,"Now, attend to me.",NO I TELL TO ME,38b49a4a1679bff146807539dc415538a34264554966666ce00c47588be59ab0
wav2vec2_large_lv60,dmsuta,42,stage5ext_00169,fdcab9861a3de8913b99470efefdd496f7500e233d7a34a4bf246ca2321426334f7206282773114305bb5b045ee084a0c9e50c6160fc40ac34ba2009e1997f8f,England English,england,"Oh man, I think I got friend-zoned once again.",O MAN I THINK I'VE GOT FRIENDS OWNED ONCE AGAIN,ba284389e6409d11c9f9c22d2b02ce7e650052a30843a86f499b0a06d08e90d8
wav2vec2_large_lv60,dmsuta,42,stage5ext_00170,fdcab9861a3de8913b99470efefdd496f7500e233d7a34a4bf246ca2321426334f7206282773114305bb5b045ee084a0c9e50c6160fc40ac34ba2009e1997f8f,England English,england,"Hooray, we're going to Alaska!",HURAY WE'RE GOING TO ALASKA,ba284389e6409d11c9f9c22d2b02ce7e650052a30843a86f499b0a06d08e90d8
wav2vec2_large_lv60,dmsuta,42,stage5ext_00171,fdcab9861a3de8913b99470efefdd496f7500e233d7a34a4bf246ca2321426334f7206282773114305bb5b045ee084a0c9e50c6160fc40ac34ba2009e1997f8f,England English,england,"The landing was dimly light by a single, bare, low-power light-bulb.",THE LANDING WAS DIMLY LIT BY A SINGLE BARE NO POWER LIGHT BOLT,ba284389e6409d11c9f9c22d2b02ce7e650052a30843a86f499b0a06d08e90d8
wav2vec2_large_lv60,dmsuta,42,stage5ext_00172,fdcab9861a3de8913b99470efefdd496f7500e233d7a34a4bf246ca2321426334f7206282773114305bb5b045ee084a0c9e50c6160fc40ac34ba2009e1997f8f,England English,england,Aren't we godlike?,AREN'T WE GODLIKE,ba284389e6409d11c9f9c22d2b02ce7e650052a30843a86f499b0a06d08e90d8
wav2vec2_large_lv60,dmsuta,43,stage5ext_00173,fdcab9861a3de8913b99470efefdd496f7500e233d7a34a4bf246ca2321426334f7206282773114305bb5b045ee084a0c9e50c6160fc40ac34ba2009e1997f8f,England English,england,Where is my dress?,THERE IS MY DRESS,96aeeb7793f7b1ee624af4baac7c394400e12bee26c484cd7542450f2fa14c2f
wav2vec2_large_lv60,dmsuta,43,stage5ext_00174,fdcab9861a3de8913b99470efefdd496f7500e233d7a34a4bf246ca2321426334f7206282773114305bb5b045ee084a0c9e50c6160fc40ac34ba2009e1997f8f,England English,england,Where are you going?,WHERE ARE YOU GOING,96aeeb7793f7b1ee624af4baac7c394400e12bee26c484cd7542450f2fa14c2f
wav2vec2_large_lv60,dmsuta,43,stage5ext_00175,fdcab9861a3de8913b99470efefdd496f7500e233d7a34a4bf246ca2321426334f7206282773114305bb5b045ee084a0c9e50c6160fc40ac34ba2009e1997f8f,England English,england,"When you're at a party and somebody says ""banana bread"", a sniper might be near you.",WE WERE AT A PARTY AND SOMEBODY SAYS BANANA BRED A SNIPER MIGHT BE NEAR YOU,96aeeb7793f7b1ee624af4baac7c394400e12bee26c484cd7542450f2fa14c2f
wav2vec2_large_lv60,dmsuta,43,stage5ext_00176,fdcab9861a3de8913b99470efefdd496f7500e233d7a34a4bf246ca2321426334f7206282773114305bb5b045ee084a0c9e50c6160fc40ac34ba2009e1997f8f,England English,england,"She was beautiful from behind, but he couldn't see her face yet.",SHE WAS BEAUTIFUL FROM BEHIND BUT HE COULDN'T SEE HER FACE YET,96aeeb7793f7b1ee624af4baac7c394400e12bee26c484cd7542450f2fa14c2f
wav2vec2_large_lv60,dmsuta,44,stage5ext_00177,fdcab9861a3de8913b99470efefdd496f7500e233d7a34a4bf246ca2321426334f7206282773114305bb5b045ee084a0c9e50c6160fc40ac34ba2009e1997f8f,England English,england,Didn't you know that?,DIDN'T SHE KNOW THAT,5e57bd9b490406bb59a2c53adc81c6f966c4c41e37eecbd2c94f431586c6980a
wav2vec2_large_lv60,dmsuta,44,stage5ext_00178,fdcab9861a3de8913b99470efefdd496f7500e233d7a34a4bf246ca2321426334f7206282773114305bb5b045ee084a0c9e50c6160fc40ac34ba2009e1997f8f,England English,england,What else can I do?,WHAT ELSE CAN I DO,5e57bd9b490406bb59a2c53adc81c6f966c4c41e37eecbd2c94f431586c6980a
wav2vec2_large_lv60,dmsuta,44,stage5ext_00179,fdcab9861a3de8913b99470efefdd496f7500e233d7a34a4bf246ca2321426334f7206282773114305bb5b045ee084a0c9e50c6160fc40ac34ba2009e1997f8f,England English,england,May I borrow your bolster?,MAY I BORROW YOUR BOLSTER,5e57bd9b490406bb59a2c53adc81c6f966c4c41e37eecbd2c94f431586c6980a
wav2vec2_large_lv60,dmsuta,44,stage5ext_00180,fdcab9861a3de8913b99470efefdd496f7500e233d7a34a4bf246ca2321426334f7206282773114305bb5b045ee084a0c9e50c6160fc40ac34ba2009e1997f8f,England English,england,"They walked in from the rain, all dishevelled and steaming.",THEY WALKED IN FROM THE RAIN ALL DISHEVELLED AND STEAMING,5e57bd9b490406bb59a2c53adc81c6f966c4c41e37eecbd2c94f431586c6980a
wav2vec2_large_lv60,dmsuta,45,stage5ext_00181,7485d1e4fd50cc3801883f44ba2eaca4d5d18deb062c87bb6dd533c6db6cdca2a4b53ec84620337d88bc4417c254ba46b7f21517d0bec5305dd08e43c791410c,England English,england,Both have a notably red eye.,BOTH HAVE A NOTABLY RED EYE,9117d5ac680a305e9bd5c365ab05c7e14de5aba4c9d6a04fdd365a3a4d4c2a38
wav2vec2_large_lv60,dmsuta,45,stage5ext_00182,7485d1e4fd50cc3801883f44ba2eaca4d5d18deb062c87bb6dd533c6db6cdca2a4b53ec84620337d88bc4417c254ba46b7f21517d0bec5305dd08e43c791410c,England English,england,"At the conclusion of the season, Kerry and ThorSport Racing went their separate ways.",AT THE CONCLUSION OF THE SEASON KERRY AND THORSPORT RACING WENT THEIR SEPARATE WAYS,9117d5ac680a305e9bd5c365ab05c7e14de5aba4c9d6a04fdd365a3a4d4c2a38
wav2vec2_large_lv60,dmsuta,45,stage5ext_00183,7485d1e4fd50cc3801883f44ba2eaca4d5d18deb062c87bb6dd533c6db6cdca2a4b53ec84620337d88bc4417c254ba46b7f21517d0bec5305dd08e43c791410c,England English,england,Prasterone is a steroid hormone.,PRASTERONE IS A STEROID HORMONE,9117d5ac680a305e9bd5c365ab05c7e14de5aba4c9d6a04fdd365a3a4d4c2a38
wav2vec2_large_lv60,dmsuta,45,stage5ext_00184,7485d1e4fd50cc3801883f44ba2eaca4d5d18deb062c87bb6dd533c6db6cdca2a4b53ec84620337d88bc4417c254ba46b7f21517d0bec5305dd08e43c791410c,England English,england,"A natural key is sometimes called ""domain key"".",A NATURAL KEY IS SOMETIMES CALLED DE MAIN KEY,9117d5ac680a305e9bd5c365ab05c7e14de5aba4c9d6a04fdd365a3a4d4c2a38
wav2vec2_large_lv60,dmsuta,46,stage5ext_00185,7485d1e4fd50cc3801883f44ba2eaca4d5d18deb062c87bb6dd533c6db6cdca2a4b53ec84620337d88bc4417c254ba46b7f21517d0bec5305dd08e43c791410c,England English,england,In China also along with Confucianism developed the tradition of Legalism.,IN CHINA ALSO ALONG WITH CONFUCIONISM DEVELOP THE TRADITION OF LEGALISM,3befacfe6a9fb39719424c9ac15fb5e1f6821dadb22ae11d3998caf549ad9cd4
wav2vec2_large_lv60,dmsuta,46,stage5ext_00186,7485d1e4fd50cc3801883f44ba2eaca4d5d18deb062c87bb6dd533c6db6cdca2a4b53ec84620337d88bc4417c254ba46b7f21517d0bec5305dd08e43c791410c,England English,england,"Deeley describes her religious affiliation as Anglican, although she was not christened.",DEALY DESCRIBED HER RELIGIOUS AFFILIATIONS AS ANGLICAN ALTHOUGH SHE WAS NOT CHRISTENED,3befacfe6a9fb39719424c9ac15fb5e1f6821dadb22ae11d3998caf549ad9cd4
wav2vec2_large_lv60,dmsuta,46,stage5ext_00187,7485d1e4fd50cc3801883f44ba2eaca4d5d18deb062c87bb6dd533c6db6cdca2a4b53ec84620337d88bc4417c254ba46b7f21517d0bec5305dd08e43c791410c,England English,england,The program highlighted Chadwick's hometown of San Diego.,THE PROGRAMME HIGHLIGHTED CHADWICK'S HOMETOWN OF SAN DIEGO,3befacfe6a9fb39719424c9ac15fb5e1f6821dadb22ae11d3998caf549ad9cd4
wav2vec2_large_lv60,dmsuta,46,stage5ext_00188,7485d1e4fd50cc3801883f44ba2eaca4d5d18deb062c87bb6dd533c6db6cdca2a4b53ec84620337d88bc4417c254ba46b7f21517d0bec5305dd08e43c791410c,England English,england,"The township calls itself ""New Jersey's Largest Municipality"" on its stationery and its website.",THE TOWNSHIP CALLS ITSELF NEW JERSEY'S LARGEST MUNICIPALITY ON ITS STATIONARY AND ITS WEBSITE,3befacfe6a9fb39719424c9ac15fb5e1f6821dadb22ae11d3998caf549ad9cd4
wav2vec2_large_lv60,dmsuta,47,stage5ext_00189,7485d1e4fd50cc3801883f44ba2eaca4d5d18deb062c87bb6dd533c6db6cdca2a4b53ec84620337d88bc4417c254ba46b7f21517d0bec5305dd08e43c791410c,England English,england,Morrow County is considered to be a part of Mid Ohio.,MORROW COUNTY IS CONSIDERED TO BE PART OF MID OHIO,8b6b8e1aa3cc9c6d4267e8585e7e435fd5384338b3c3a9fbdae1235bf6e1bcbe
wav2vec2_large_lv60,dmsuta,47,stage5ext_00190,7485d1e4fd50cc3801883f44ba2eaca4d5d18deb062c87bb6dd533c6db6cdca2a4b53ec84620337d88bc4417c254ba46b7f21517d0bec5305dd08e43c791410c,England English,england,Bryan disliked the Klan but never publicly attacked it.,BRYAN DISLIKED THE CLAN BUT NEVER PUBLICLY ATTACKED IT,8b6b8e1aa3cc9c6d4267e8585e7e435fd5384338b3c3a9fbdae1235bf6e1bcbe
wav2vec2_large_lv60,dmsuta,47,stage5ext_00191,7485d1e4fd50cc3801883f44ba2eaca4d5d18deb062c87bb6dd533c6db6cdca2a4b53ec84620337d88bc4417c254ba46b7f21517d0bec5305dd08e43c791410c,England English,england,The area around present-day Yokosuka city has been inhabited for thousands of years.,THE AREA AROUND PRESENT DAY YOKO SUKA CITY HAS BEEN INHABITED FOR THOUSANDS OF YEARS,8b6b8e1aa3cc9c6d4267e8585e7e435fd5384338b3c3a9fbdae1235bf6e1bcbe
wav2vec2_large_lv60,dmsuta,47,stage5ext_00192,7485d1e4fd50cc3801883f44ba2eaca4d5d18deb062c87bb6dd533c6db6cdca2a4b53ec84620337d88bc4417c254ba46b7f21517d0bec5305dd08e43c791410c,England English,england,Original music for the film was composed by Rachel Portman.,ORIGINAL MUSIC FOR THE FILM WAS COMPOSED BY RACHEL PORTMAN,8b6b8e1aa3cc9c6d4267e8585e7e435fd5384338b3c3a9fbdae1235bf6e1bcbe
wav2vec2_large_lv60,dmsuta,48,stage5ext_00193,7485d1e4fd50cc3801883f44ba2eaca4d5d18deb062c87bb6dd533c6db6cdca2a4b53ec84620337d88bc4417c254ba46b7f21517d0bec5305dd08e43c791410c,England English,england,It has a Rocky Top address.,IT HAS A ROCKY TOP ADDRESS,18fa7ddbc1ce3547b160a062487a86318fd0fcd018b181ef71ccd65b783bb206
wav2vec2_large_lv60,dmsuta,48,stage5ext_00194,7485d1e4fd50cc3801883f44ba2eaca4d5d18deb062c87bb6dd533c6db6cdca2a4b53ec84620337d88bc4417c254ba46b7f21517d0bec5305dd08e43c791410c,England English,england,He was also created the Marquess of Hedong.,HE WAS ALSO CREATED THE MARQUIS OF HENDON,18fa7ddbc1ce3547b160a062487a86318fd0fcd018b181ef71ccd65b783bb206
wav2vec2_large_lv60,dmsuta,48,stage5ext_00195,7485d1e4fd50cc3801883f44ba2eaca4d5d18deb062c87bb6dd533c6db6cdca2a4b53ec84620337d88bc4417c254ba46b7f21517d0bec5305dd08e43c791410c,England English,england,"However, there are strong reasons to doubt that this is him.",HOWEVER THERE ARE STRONG REASONS TO DOUBT THAT THIS IS HIM,18fa7ddbc1ce3547b160a062487a86318fd0fcd018b181ef71ccd65b783bb206
wav2vec2_large_lv60,dmsuta,48,stage5ext_00196,3660ede2a2a5b5d649342a4a5c04e6b398b1247566aad9c6f059a84e8fa5405dd489100055b29dec8fa9b337b3661c001754f4f302bb85bd39eac24bee4023fe,England English,england,The old man returned the book to the boy.,THE OLD MAN RETURNED THE BOOK TO THE BOY,18fa7ddbc1ce3547b160a062487a86318fd0fcd018b181ef71ccd65b783bb206
wav2vec2_large_lv60,dmsuta,49,stage5ext_00197,3660ede2a2a5b5d649342a4a5c04e6b398b1247566aad9c6f059a84e8fa5405dd489100055b29dec8fa9b337b3661c001754f4f302bb85bd39eac24bee4023fe,England English,england,"From where he sat, he could observe the plaza.",FROM WHERE HE SAT HE COULD OBSERVE THE PLAZA,8d028f3a179086cb445922dd5db3cf8d356f340b9edad2c454c5874bc51afc29
wav2vec2_large_lv60,dmsuta,49,stage5ext_00198,3660ede2a2a5b5d649342a4a5c04e6b398b1247566aad9c6f059a84e8fa5405dd489100055b29dec8fa9b337b3661c001754f4f302bb85bd39eac24bee4023fe,England English,england,He could always go back to being a shepherd.,HE COULD ALWAYS GO BACK TO BEING A SHEPHERD,8d028f3a179086cb445922dd5db3cf8d356f340b9edad2c454c5874bc51afc29
wav2vec2_large_lv60,dmsuta,49,stage5ext_00199,3660ede2a2a5b5d649342a4a5c04e6b398b1247566aad9c6f059a84e8fa5405dd489100055b29dec8fa9b337b3661c001754f4f302bb85bd39eac24bee4023fe,England English,england,A large piece suddenly came off and fell with a loud and sharp noise.,A LARGE PIECE SUDDENLY CAME OFF AND FELL WITH A LOUD AND SHARP NOISE,8d028f3a179086cb445922dd5db3cf8d356f340b9edad2c454c5874bc51afc29
wav2vec2_large_lv60,dmsuta,49,stage5ext_00200,3660ede2a2a5b5d649342a4a5c04e6b398b1247566aad9c6f059a84e8fa5405dd489100055b29dec8fa9b337b3661c001754f4f302bb85bd39eac24bee4023fe,England English,england,The boy thought of Fatima.,THE BOY THOUGHT OF VATIMOR,8d028f3a179086cb445922dd5db3cf8d356f340b9edad2c454c5874bc51afc29
wav2vec2_large_lv60,dmsuta,50,stage5ext_00201,3660ede2a2a5b5d649342a4a5c04e6b398b1247566aad9c6f059a84e8fa5405dd489100055b29dec8fa9b337b3661c001754f4f302bb85bd39eac24bee4023fe,England English,england,"Curse the moment I met that old man, he thought.",CURSE E MOMENT I MET THAT OLD MAN HE THOUGHT,b9af43de65eb568555f9ef891536d2d11dc2d73c29be1a14857770ebd1ebcc8f
wav2vec2_large_lv60,dmsuta,50,stage5ext_00202,3660ede2a2a5b5d649342a4a5c04e6b398b1247566aad9c6f059a84e8fa5405dd489100055b29dec8fa9b337b3661c001754f4f302bb85bd39eac24bee4023fe,England English,england,"Something older than humanity, more ancient than the desert.",SOMETHING OLDER THAN HUMANITY MORE ANCIENT THAN THE DESERT,b9af43de65eb568555f9ef891536d2d11dc2d73c29be1a14857770ebd1ebcc8f
wav2vec2_large_lv60,dmsuta,50,stage5ext_00203,3660ede2a2a5b5d649342a4a5c04e6b398b1247566aad9c6f059a84e8fa5405dd489100055b29dec8fa9b337b3661c001754f4f302bb85bd39eac24bee4023fe,England English,england,The boy became fearful; the omens told him that something was wrong.,THE BOY BECAME FEARFUL THE OMENS TOLD HIM THAT SOMETHING WAS WRONG,b9af43de65eb568555f9ef891536d2d11dc2d73c29be1a14857770ebd1ebcc8f
wav2vec2_large_lv60,dmsuta,50,stage5ext_00204,3660ede2a2a5b5d649342a4a5c04e6b398b1247566aad9c6f059a84e8fa5405dd489100055b29dec8fa9b337b3661c001754f4f302bb85bd39eac24bee4023fe,England English,england,The turf and gravel around it seemed charred as if by a sudden explosion.,THE TURF AND GRAVEL AROUND IT SEEMED CHARRED AS IF BY A SUDDEN EXPLOSION,b9af43de65eb568555f9ef891536d2d11dc2d73c29be1a14857770ebd1ebcc8f
wav2vec2_large_lv60,dmsuta,51,stage5ext_00205,3660ede2a2a5b5d649342a4a5c04e6b398b1247566aad9c6f059a84e8fa5405dd489100055b29dec8fa9b337b3661c001754f4f302bb85bd39eac24bee4023fe,England English,england,"Everything in the universe evolved, he said.",EVERYTHING IN THE UNIVERSE EVOLVED HE SAID,b76fdb3ebe2c907e3bddb76a521be68b7268df6aad66751205d1fb4619f9d7cd
wav2vec2_large_lv60,dmsuta,51,stage5ext_00206,3660ede2a2a5b5d649342a4a5c04e6b398b1247566aad9c6f059a84e8fa5405dd489100055b29dec8fa9b337b3661c001754f4f302bb85bd39eac24bee4023fe,England English,england,He stood irresolute for a moment and then scrambled out of the pit.,HE STOOD IRRESOLUTE FOR A MOMENT AND THEN SCRAMBLED OUT OF THE PIT,b76fdb3ebe2c907e3bddb76a521be68b7268df6aad66751205d1fb4619f9d7cd
wav2vec2_large_lv60,dmsuta,51,stage5ext_00207,3660ede2a2a5b5d649342a4a5c04e6b398b1247566aad9c6f059a84e8fa5405dd489100055b29dec8fa9b337b3661c001754f4f302bb85bd39eac24bee4023fe,England English,england,They reminded him of the old man.,THEY REMINDED HIM OF THE OLD MAN,b76fdb3ebe2c907e3bddb76a521be68b7268df6aad66751205d1fb4619f9d7cd
wav2vec2_large_lv60,dmsuta,51,stage5ext_00208,3660ede2a2a5b5d649342a4a5c04e6b398b1247566aad9c6f059a84e8fa5405dd489100055b29dec8fa9b337b3661c001754f4f302bb85bd39eac24bee4023fe,England English,england,It made me very depressed.,IT MADE ME VERY DEPRESSED,b76fdb3ebe2c907e3bddb76a521be68b7268df6aad66751205d1fb4619f9d7cd
wav2vec2_large_lv60,dmsuta,52,stage5ext_00209,3660ede2a2a5b5d649342a4a5c04e6b398b1247566aad9c6f059a84e8fa5405dd489100055b29dec8fa9b337b3661c001754f4f302bb85bd39eac24bee4023fe,England English,england,"The desert takes our men from us, and they don't always return, she said.",THE DESERT TAKES OUR MEN FROM US AND THEY DON'T ALWAYS RETURN SHE SAID,67239d0861ef3eee75c7b95ff83deb7a7a1506c3a77abd2848f29b7d05a019f2
wav2vec2_large_lv60,dmsuta,52,stage5ext_00210,3660ede2a2a5b5d649342a4a5c04e6b398b1247566aad9c6f059a84e8fa5405dd489100055b29dec8fa9b337b3661c001754f4f302bb85bd39eac24bee4023fe,England English,england,"I'm not going very far, the alchemist answered, looking straight into the eyes of the horsemen.",I'M NOT GOING VERY FAR THE ALCHEMIST ANSWERED LOOKING STRAIGHT INTO THE EYES OF THE HORSEMAN,67239d0861ef3eee75c7b95ff83deb7a7a1506c3a77abd2848f29b7d05a019f2
wav2vec2_large_lv60,dmsuta,52,stage5ext_00211,8a8222dab0c0c42714216b9bd4c9df455639a8ab6bf3e8b9f2bfcacf53429403cad2b28435366b158f4e53f423dd2371753476ff45cef46cde7012b3f749dd14,England English,england,How can I help you madam?,HOW CAN I HELP YOU MADAME,67239d0861ef3eee75c7b95ff83deb7a7a1506c3a77abd2848f29b7d05a019f2
wav2vec2_large_lv60,dmsuta,52,stage5ext_00212,8a8222dab0c0c42714216b9bd4c9df455639a8ab6bf3e8b9f2bfcacf53429403cad2b28435366b158f4e53f423dd2371753476ff45cef46cde7012b3f749dd14,England English,england,"The very next day, he woke refreshed.",THE VERY NEXT DAY HE WOKE REFRESHED,67239d0861ef3eee75c7b95ff83deb7a7a1506c3a77abd2848f29b7d05a019f2
wav2vec2_large_lv60,dmsuta,53,stage5ext_00213,8a8222dab0c0c42714216b9bd4c9df455639a8ab6bf3e8b9f2bfcacf53429403cad2b28435366b158f4e53f423dd2371753476ff45cef46cde7012b3f749dd14,England English,england,"The C++ framework Qt is pronounced like ""cute"".",THE CPLOS PLUS FRAMEWORK CU T IS PRONOUNCED LIKE CUTES,f806e487bb86456601f3ab9de55618a7eeaa115b65fd926bcc0d34706dca9fa7
wav2vec2_large_lv60,dmsuta,53,stage5ext_00214,8a8222dab0c0c42714216b9bd4c9df455639a8ab6bf3e8b9f2bfcacf53429403cad2b28435366b158f4e53f423dd2371753476ff45cef46cde7012b3f749dd14,England English,england,"Please use normal slashes, not backslashes.",PLEASE USE NORMAL SLASHES NOT BACK SLASHES,f806e487bb86456601f3ab9de55618a7eeaa115b65fd926bcc0d34706dca9fa7
wav2vec2_large_lv60,dmsuta,53,stage5ext_00215,8a8222dab0c0c42714216b9bd4c9df455639a8ab6bf3e8b9f2bfcacf53429403cad2b28435366b158f4e53f423dd2371753476ff45cef46cde7012b3f749dd14,England English,england,What did I tell you?,WHAT DID I TELL YOU,f806e487bb86456601f3ab9de55618a7eeaa115b65fd926bcc0d34706dca9fa7
wav2vec2_large_lv60,dmsuta,53,stage5ext_00216,8a8222dab0c0c42714216b9bd4c9df455639a8ab6bf3e8b9f2bfcacf53429403cad2b28435366b158f4e53f423dd2371753476ff45cef46cde7012b3f749dd14,England English,england,"They are very impressive, I will admit.",THEY ARE VERY IMPRESSIVE I WILL ADMIT,f806e487bb86456601f3ab9de55618a7eeaa115b65fd926bcc0d34706dca9fa7
wav2vec2_large_lv60,dmsuta,54,stage5ext_00217,8a8222dab0c0c42714216b9bd4c9df455639a8ab6bf3e8b9f2bfcacf53429403cad2b28435366b158f4e53f423dd2371753476ff45cef46cde7012b3f749dd14,England English,england,"On his visit in Iran, the diplomat criticized the strict censorship.",ON HIS LEESE AN I WUN THE DIPLOMAT CRITICISED THE STRICT CENSORSHIP,4656d448888c5f36073c3778de6787e5c0852cb2f02e0719ee8ae39c0353069c
wav2vec2_large_lv60,dmsuta,54,stage5ext_00218,8a8222dab0c0c42714216b9bd4c9df455639a8ab6bf3e8b9f2bfcacf53429403cad2b28435366b158f4e53f423dd2371753476ff45cef46cde7012b3f749dd14,England English,england,"Roger, the backup team is on the way.",ROGER THE BACK UP TEAM IS ON THE WAY,4656d448888c5f36073c3778de6787e5c0852cb2f02e0719ee8ae39c0353069c
wav2vec2_large_lv60,dmsuta,54,stage5ext_00219,8a8222dab0c0c42714216b9bd4c9df455639a8ab6bf3e8b9f2bfcacf53429403cad2b28435366b158f4e53f423dd2371753476ff45cef46cde7012b3f749dd14,England English,england,Do you know what kind of package it was?,DO YOU KNOW WHAT KIND OF PACKAGE IT WAS,4656d448888c5f36073c3778de6787e5c0852cb2f02e0719ee8ae39c0353069c
wav2vec2_large_lv60,dmsuta,54,stage5ext_00220,8a8222dab0c0c42714216b9bd4c9df455639a8ab6bf3e8b9f2bfcacf53429403cad2b28435366b158f4e53f423dd2371753476ff45cef46cde7012b3f749dd14,England English,england,And what did you do then?,AND WHAT DID YOU DO THEN,4656d448888c5f36073c3778de6787e5c0852cb2f02e0719ee8ae39c0353069c
wav2vec2_large_lv60,dmsuta,55,stage5ext_00221,8a8222dab0c0c42714216b9bd4c9df455639a8ab6bf3e8b9f2bfcacf53429403cad2b28435366b158f4e53f423dd2371753476ff45cef46cde7012b3f749dd14,England English,england,Have I offended you?,HAVE I OFFENDED YOU,9c5ca1f493e52003d747e6326b06af621cfeb01138e97a5c7aa66738a4ddaa93
wav2vec2_large_lv60,dmsuta,55,stage5ext_00222,8a8222dab0c0c42714216b9bd4c9df455639a8ab6bf3e8b9f2bfcacf53429403cad2b28435366b158f4e53f423dd2371753476ff45cef46cde7012b3f749dd14,England English,england,How is Mozilla going to handle ambiguities like queue and cue?,HOW IS MAZIL GOING TO HANDLE AMBIGOTIES LIKE CUE AND CUE,9c5ca1f493e52003d747e6326b06af621cfeb01138e97a5c7aa66738a4ddaa93
wav2vec2_large_lv60,dmsuta,55,stage5ext_00223,8a8222dab0c0c42714216b9bd4c9df455639a8ab6bf3e8b9f2bfcacf53429403cad2b28435366b158f4e53f423dd2371753476ff45cef46cde7012b3f749dd14,England English,england,"Let's start it all over again, how about that?",LET'S START IT ALL OVER AGAIN HOW ABOUT THAT,9c5ca1f493e52003d747e6326b06af621cfeb01138e97a5c7aa66738a4ddaa93
wav2vec2_large_lv60,dmsuta,55,stage5ext_00224,8a8222dab0c0c42714216b9bd4c9df455639a8ab6bf3e8b9f2bfcacf53429403cad2b28435366b158f4e53f423dd2371753476ff45cef46cde7012b3f749dd14,England English,england,"Glass eel is on the menu today, but it's too expensive.",GLASS ELE IS ON THE MENUE TO DAY BUT IT'S TOO EXPENSIVE,9c5ca1f493e52003d747e6326b06af621cfeb01138e97a5c7aa66738a4ddaa93
wav2vec2_large_lv60,dmsuta,56,stage5ext_00225,8a8222dab0c0c42714216b9bd4c9df455639a8ab6bf3e8b9f2bfcacf53429403cad2b28435366b158f4e53f423dd2371753476ff45cef46cde7012b3f749dd14,England English,england,Do you have Nina's phone number?,DO YOU HAVE MEIN IS FONNUMBE,a47e76d7bf9a9053f6e4cb927a926124cb979f4c50b45062e0fb02793bbe008b
wav2vec2_large_lv60,dmsuta,56,stage5ext_00226,f25805de2cc32954193ecf06eea5b03b4bfdb4bfb76079cb6962fa8e301d5037ef953ff8c308458f121dfbc0f9933692b0eaee142f42a33ef6b7be7df794ed3b,England English,england,I wrote that for Tony Scott.,I WROTE THAT FOR TONY SCOTT,a47e76d7bf9a9053f6e4cb927a926124cb979f4c50b45062e0fb02793bbe008b
wav2vec2_large_lv60,dmsuta,56,stage5ext_00227,f25805de2cc32954193ecf06eea5b03b4bfdb4bfb76079cb6962fa8e301d5037ef953ff8c308458f121dfbc0f9933692b0eaee142f42a33ef6b7be7df794ed3b,England English,england,The atoll is surrounded by a coral reef without a proper passage.,THE ATAL IS SURROUNDED BY A CORO REEF WITHOUT A PROPER PASSAGE,a47e76d7bf9a9053f6e4cb927a926124cb979f4c50b45062e0fb02793bbe008b
wav2vec2_large_lv60,dmsuta,56,stage5ext_00228,f25805de2cc32954193ecf06eea5b03b4bfdb4bfb76079cb6962fa8e301d5037ef953ff8c308458f121dfbc0f9933692b0eaee142f42a33ef6b7be7df794ed3b,England English,england,There are conflicting reports as to why Blair was asked to resign.,THERE ARE CONFLICTING REPORTS AS TO WHY BLAIR WAS ASKED TO RESIGN,a47e76d7bf9a9053f6e4cb927a926124cb979f4c50b45062e0fb02793bbe008b
wav2vec2_large_lv60,dmsuta,57,stage5ext_00229,f25805de2cc32954193ecf06eea5b03b4bfdb4bfb76079cb6962fa8e301d5037ef953ff8c308458f121dfbc0f9933692b0eaee142f42a33ef6b7be7df794ed3b,England English,england,There they visited a number of monastic foundations.,THERE THEY VISITED A NUMBER OF MONASTIC FOUNDATIONS,84a3d966e02baa3466ea59bc8156af5a851238c868122485b562a336138778d1
wav2vec2_large_lv60,dmsuta,57,stage5ext_00230,f25805de2cc32954193ecf06eea5b03b4bfdb4bfb76079cb6962fa8e301d5037ef953ff8c308458f121dfbc0f9933692b0eaee142f42a33ef6b7be7df794ed3b,England English,england,"The information regarding Amrod's naming, especially, comes from ""The Peoples of Middle-earth"".",THE INFORMATION REGARDING AMOROD'S NAMING ESPECIALLY COMES FROM THE PEOPLES OF MIDDLE EARTH,84a3d966e02baa3466ea59bc8156af5a851238c868122485b562a336138778d1
wav2vec2_large_lv60,dmsuta,57,stage5ext_00231,f25805de2cc32954193ecf06eea5b03b4bfdb4bfb76079cb6962fa8e301d5037ef953ff8c308458f121dfbc0f9933692b0eaee142f42a33ef6b7be7df794ed3b,England English,england,"It is located within the borders of Gothenburg Municipality, hence its name.",IT IS LOCATED WITHIN THE BORDERS OF GOTTENBURG MUNICIPALITY HENCE ITS NAME,84a3d966e02baa3466ea59bc8156af5a851238c868122485b562a336138778d1
wav2vec2_large_lv60,dmsuta,57,stage5ext_00232,f25805de2cc32954193ecf06eea5b03b4bfdb4bfb76079cb6962fa8e301d5037ef953ff8c308458f121dfbc0f9933692b0eaee142f42a33ef6b7be7df794ed3b,England English,england,Billy May won the Grammy Award for Best Arrangement.,BILLY MAY WON THE GRAMME AWARD FOR BEST ARRANGEMENT,84a3d966e02baa3466ea59bc8156af5a851238c868122485b562a336138778d1
wav2vec2_large_lv60,dmsuta,58,stage5ext_00233,f25805de2cc32954193ecf06eea5b03b4bfdb4bfb76079cb6962fa8e301d5037ef953ff8c308458f121dfbc0f9933692b0eaee142f42a33ef6b7be7df794ed3b,England English,england,Three additional buildings house kindergarten students.,THREE ADDITIONAL BUILDINGS HOUSE KINDERGARTEN STUDENTS,81cb165a8900b77de5e17a70fe2984382dcfac59079e0ccaa00a2da20384b930
wav2vec2_large_lv60,dmsuta,58,stage5ext_00234,f25805de2cc32954193ecf06eea5b03b4bfdb4bfb76079cb6962fa8e301d5037ef953ff8c308458f121dfbc0f9933692b0eaee142f42a33ef6b7be7df794ed3b,England English,england,Its name is derived from the historic county of Surrey in England.,ITS NAME IS DERIVED FROM THE HISTORIC COUNTY OF SURREY IN ENGLAND,81cb165a8900b77de5e17a70fe2984382dcfac59079e0ccaa00a2da20384b930
wav2vec2_large_lv60,dmsuta,58,stage5ext_00235,f25805de2cc32954193ecf06eea5b03b4bfdb4bfb76079cb6962fa8e301d5037ef953ff8c308458f121dfbc0f9933692b0eaee142f42a33ef6b7be7df794ed3b,England English,england,"Dilshan is one such rare cricketer who can bat, bowl, field and keep wickets.",DILOUCHAN IS ONE SUCH RARE CRICKETER WHO CAN BAT BAWL FIELD AND KEEP WICKETS,81cb165a8900b77de5e17a70fe2984382dcfac59079e0ccaa00a2da20384b930
wav2vec2_large_lv60,dmsuta,58,stage5ext_00236,f25805de2cc32954193ecf06eea5b03b4bfdb4bfb76079cb6962fa8e301d5037ef953ff8c308458f121dfbc0f9933692b0eaee142f42a33ef6b7be7df794ed3b,England English,england,"In the resulting field, these ""a"" and ""b"" are inverses.",IN THE RESULTING FIELD THESE A AND B ARE INVERSES,81cb165a8900b77de5e17a70fe2984382dcfac59079e0ccaa00a2da20384b930
wav2vec2_large_lv60,dmsuta,59,stage5ext_00237,f25805de2cc32954193ecf06eea5b03b4bfdb4bfb76079cb6962fa8e301d5037ef953ff8c308458f121dfbc0f9933692b0eaee142f42a33ef6b7be7df794ed3b,England English,england,To the Church he left little and to the pope only a souvenir.,TO THE CHURCH HE LEFT LITTLE AND TO THE POPE ONLY A SOUVENIR,2eef840f2fbcd737ebdee55e49c8a6060f1d54f4bf5369847f019ef9eb532e48
wav2vec2_large_lv60,dmsuta,59,stage5ext_00238,f25805de2cc32954193ecf06eea5b03b4bfdb4bfb76079cb6962fa8e301d5037ef953ff8c308458f121dfbc0f9933692b0eaee142f42a33ef6b7be7df794ed3b,England English,england,There are several formats for the team pursuit.,THERE ARE SEVERAL FORMATS FOR THE TEAM PURSUIT,2eef840f2fbcd737ebdee55e49c8a6060f1d54f4bf5369847f019ef9eb532e48
wav2vec2_large_lv60,dmsuta,59,stage5ext_00239,f25805de2cc32954193ecf06eea5b03b4bfdb4bfb76079cb6962fa8e301d5037ef953ff8c308458f121dfbc0f9933692b0eaee142f42a33ef6b7be7df794ed3b,England English,england,"In Harrison, the route enters a residential area before curving southeast toward Stephenson Avenue.",IN HARRISON THE ROUTE ENTERS TE RESIDENTIAL AREA BEFORE CURVING SOUTHEAST TOWARD STEVENSON AVENUE,2eef840f2fbcd737ebdee55e49c8a6060f1d54f4bf5369847f019ef9eb532e48
wav2vec2_large_lv60,dmsuta,59,stage5ext_00240,f25805de2cc32954193ecf06eea5b03b4bfdb4bfb76079cb6962fa8e301d5037ef953ff8c308458f121dfbc0f9933692b0eaee142f42a33ef6b7be7df794ed3b,England English,england,"The other track, ""To Your Grave"", remains unreleased.",THE OTHER TRACK TO YOUR GRAVE REMAINS UNRELEASED,2eef840f2fbcd737ebdee55e49c8a6060f1d54f4bf5369847f019ef9eb532e48
wav2vec2_large_lv60,dmsuta,60,stage5ext_00241,b2366de045c2eb18ed349bee593e8f3a0c9038602bb8f13f2008fe4ff2087aaa4e5ac78379011510dc25d6a7bcd36a3a6ac86b35f0a27b886832c337d95f27d5,England English,england,The standard prescribes that address collisions must be handled gracefully.,THE STANDARD PRESCRIBES THA ADDRESS COLLISIONS MUST BE HANDLED GRACEFULLY,db715884db92333816e3efc98101472a97cc7c6a1236a7a78a9e2c70a8fbf364
wav2vec2_large_lv60,dmsuta,60,stage5ext_00242,b2366de045c2eb18ed349bee593e8f3a0c9038602bb8f13f2008fe4ff2087aaa4e5ac78379011510dc25d6a7bcd36a3a6ac86b35f0a27b886832c337d95f27d5,England English,england,"To this end, they offered the role to Harrison Ford who turned them down.",TO THIS END THEY OFFERED THE ROLL TO HARISH AN FORP WHO TURNED THEM DOWN,db715884db92333816e3efc98101472a97cc7c6a1236a7a78a9e2c70a8fbf364
wav2vec2_large_lv60,dmsuta,60,stage5ext_00243,b2366de045c2eb18ed349bee593e8f3a0c9038602bb8f13f2008fe4ff2087aaa4e5ac78379011510dc25d6a7bcd36a3a6ac86b35f0a27b886832c337d95f27d5,England English,england,"The word comes from ""krievs"", which means ""Russian"".",THE WORD COMES FROM KRIEFS WHICH MEANS RUSSIAN,db715884db92333816e3efc98101472a97cc7c6a1236a7a78a9e2c70a8fbf364
wav2vec2_large_lv60,dmsuta,60,stage5ext_00244,b2366de045c2eb18ed349bee593e8f3a0c9038602bb8f13f2008fe4ff2087aaa4e5ac78379011510dc25d6a7bcd36a3a6ac86b35f0a27b886832c337d95f27d5,England English,england,"If he went before, he looked back.",IF HE WENT BEFORE HE LOOKED BACK,db715884db92333816e3efc98101472a97cc7c6a1236a7a78a9e2c70a8fbf364
wav2vec2_large_lv60,dmsuta,61,stage5ext_00245,b2366de045c2eb18ed349bee593e8f3a0c9038602bb8f13f2008fe4ff2087aaa4e5ac78379011510dc25d6a7bcd36a3a6ac86b35f0a27b886832c337d95f27d5,England English,england,It is the Artin root number.,IT IS THE ALCIAN RIDGE NUMBER,eb18b92275ac35420aa8e3f3a9ad9c72e8149b262351c46bad78c50fd055d030
wav2vec2_large_lv60,dmsuta,61,stage5ext_00246,b2366de045c2eb18ed349bee593e8f3a0c9038602bb8f13f2008fe4ff2087aaa4e5ac78379011510dc25d6a7bcd36a3a6ac86b35f0a27b886832c337d95f27d5,England English,england,"Yet, we will ensure that one brutal dictator is not replaced by another.",YET WE WILL INSURE THAT ONE BRUTAL DICTATOR IS NOT REPLACED BY ANOTHER,eb18b92275ac35420aa8e3f3a9ad9c72e8149b262351c46bad78c50fd055d030
wav2vec2_large_lv60,dmsuta,61,stage5ext_00247,b2366de045c2eb18ed349bee593e8f3a0c9038602bb8f13f2008fe4ff2087aaa4e5ac78379011510dc25d6a7bcd36a3a6ac86b35f0a27b886832c337d95f27d5,England English,england,Mythic Legions is a fantasy line of action figures from Four Horsemen Studios.,MYTHIC LEGIONS IS A FANTASY LINE OF ACTION FIGURES FROM FOUR HORSEMEN STUDIOS,eb18b92275ac35420aa8e3f3a9ad9c72e8149b262351c46bad78c50fd055d030
wav2vec2_large_lv60,dmsuta,61,stage5ext_00248,b2366de045c2eb18ed349bee593e8f3a0c9038602bb8f13f2008fe4ff2087aaa4e5ac78379011510dc25d6a7bcd36a3a6ac86b35f0a27b886832c337d95f27d5,England English,england,It is a simple scrape with no nest material used.,IT IS A SIMPLE SCRAPE WITH NO NEST MATERIAL USED,eb18b92275ac35420aa8e3f3a9ad9c72e8149b262351c46bad78c50fd055d030
wav2vec2_large_lv60,dmsuta,62,stage5ext_00249,b2366de045c2eb18ed349bee593e8f3a0c9038602bb8f13f2008fe4ff2087aaa4e5ac78379011510dc25d6a7bcd36a3a6ac86b35f0a27b886832c337d95f27d5,England English,england,"He is the one who gives the gorilla the new name of ""Ishmael"".",HE IS THE ONE WHO GIVES THE GORILLA THE NEW NAME OF ISHMAEL,3d9102b7bb44ffbf5aa5f34ace3080153b2c56bedfe0c163e5e8dc357b23fb22
wav2vec2_large_lv60,dmsuta,62,stage5ext_00250,b2366de045c2eb18ed349bee593e8f3a0c9038602bb8f13f2008fe4ff2087aaa4e5ac78379011510dc25d6a7bcd36a3a6ac86b35f0a27b886832c337d95f27d5,England English,england,The center was then called Smirnoff Music Centre.,THE CENTRE WAS THEN CALLED SMARNOF MUSIC CENTR,3d9102b7bb44ffbf5aa5f34ace3080153b2c56bedfe0c163e5e8dc357b23fb22
wav2vec2_large_lv60,dmsuta,62,stage5ext_00251,b2366de045c2eb18ed349bee593e8f3a0c9038602bb8f13f2008fe4ff2087aaa4e5ac78379011510dc25d6a7bcd36a3a6ac86b35f0a27b886832c337d95f27d5,England English,england,"Also in these television series, Winnetou was played by Brice.",ALSO IN THESE TADOGIEN SERIES WINNESO WAS PLAYED BY BRYCE,3d9102b7bb44ffbf5aa5f34ace3080153b2c56bedfe0c163e5e8dc357b23fb22
wav2vec2_large_lv60,dmsuta,62,stage5ext_00252,b2366de045c2eb18ed349bee593e8f3a0c9038602bb8f13f2008fe4ff2087aaa4e5ac78379011510dc25d6a7bcd36a3a6ac86b35f0a27b886832c337d95f27d5,England English,england,The event is televised around the globe.,THE EVENT IS TENDEVISED AROUND THE GLOBE,3d9102b7bb44ffbf5aa5f34ace3080153b2c56bedfe0c163e5e8dc357b23fb22
wav2vec2_large_lv60,dmsuta,63,stage5ext_00253,b2366de045c2eb18ed349bee593e8f3a0c9038602bb8f13f2008fe4ff2087aaa4e5ac78379011510dc25d6a7bcd36a3a6ac86b35f0a27b886832c337d95f27d5,England English,england,Matthews later started Newbridge Networks.,MATTHEWS LATER STARTED NEWBRIDGE NETWORKS,1d22af7319d45b2f16c0ae8140bf69a910963999ad389d637678e97c1f1d1885
wav2vec2_large_lv60,dmsuta,63,stage5ext_00254,b2366de045c2eb18ed349bee593e8f3a0c9038602bb8f13f2008fe4ff2087aaa4e5ac78379011510dc25d6a7bcd36a3a6ac86b35f0a27b886832c337d95f27d5,England English,england,Examples of this apparently ungrammatical usage can be found throughout the history of English.,EXAMPLES OF THIS APPARENTLY UNGRAMMATICAL USAGE COULD BE FOUND THROUGHOUT THE HISTORY OF ENGLISH,1d22af7319d45b2f16c0ae8140bf69a910963999ad389d637678e97c1f1d1885
wav2vec2_large_lv60,dmsuta,63,stage5ext_00255,b2366de045c2eb18ed349bee593e8f3a0c9038602bb8f13f2008fe4ff2087aaa4e5ac78379011510dc25d6a7bcd36a3a6ac86b35f0a27b886832c337d95f27d5,England English,england,FaSinPat has been financially successful and able to expand.,FAR SIN PATT HAS BEEN FINANCIALLY SUCCESSFUL AND ABLE TO EXPAND,1d22af7319d45b2f16c0ae8140bf69a910963999ad389d637678e97c1f1d1885
wav2vec2_large_lv60,dmsuta,63,stage5ext_00256,94902b88a78c4f1863a7effcce3553303f5bb14d8d6eea7900eea1c261ebf3a2ea97f8d9ecfc4c58dbe683f2df36a1653231f495f7ad9cc38f9fe61a0b2275ac,England English,england,"Salmon is one of the most popular fish and very delicious, though usually not sustainable.",SALMON IS ONE OF THE MOST POPULAR FISH AND VERY DELICIOUS THOUGH USUALLY NOT SUSTAINABLE,1d22af7319d45b2f16c0ae8140bf69a910963999ad389d637678e97c1f1d1885
wav2vec2_large_lv60,dmsuta,64,stage5ext_00257,94902b88a78c4f1863a7effcce3553303f5bb14d8d6eea7900eea1c261ebf3a2ea97f8d9ecfc4c58dbe683f2df36a1653231f495f7ad9cc38f9fe61a0b2275ac,England English,england,"It's such an unfair world, innit?",IT'S SUCH AN UNFAIR WORLD AIN'T IT,108115ec2c525b89ebb408ade255f57de6b393c21c9e42e5ce32ce85c2cb1784
wav2vec2_large_lv60,dmsuta,64,stage5ext_00258,94902b88a78c4f1863a7effcce3553303f5bb14d8d6eea7900eea1c261ebf3a2ea97f8d9ecfc4c58dbe683f2df36a1653231f495f7ad9cc38f9fe61a0b2275ac,England English,england,"A musical note sustained to its full length, with no break between it and the next note.",A MUSICAL NOTE SUSTAINED TO ITS FULL LENGTH WITH NO BREAK BETWEEN IT AND THE NEXT NOTE,108115ec2c525b89ebb408ade255f57de6b393c21c9e42e5ce32ce85c2cb1784
wav2vec2_large_lv60,dmsuta,64,stage5ext_00259,94902b88a78c4f1863a7effcce3553303f5bb14d8d6eea7900eea1c261ebf3a2ea97f8d9ecfc4c58dbe683f2df36a1653231f495f7ad9cc38f9fe61a0b2275ac,England English,england,"After playing tennis in virtual reality, he felt dizzy.",AFTER PLAYING TENNIS IN VIRTUAL REALITY HE FELT DIZZY,108115ec2c525b89ebb408ade255f57de6b393c21c9e42e5ce32ce85c2cb1784
wav2vec2_large_lv60,dmsuta,64,stage5ext_00260,94902b88a78c4f1863a7effcce3553303f5bb14d8d6eea7900eea1c261ebf3a2ea97f8d9ecfc4c58dbe683f2df36a1653231f495f7ad9cc38f9fe61a0b2275ac,England English,england,"Take a sponge, some dish liquid and a towel, then get to work!",TAKE A SPONGE SOME DISH LIQUID AND A TOWEL THEN GET TO WORK,108115ec2c525b89ebb408ade255f57de6b393c21c9e42e5ce32ce85c2cb1784
wav2vec2_large_lv60,dmsuta,65,stage5ext_00261,94902b88a78c4f1863a7effcce3553303f5bb14d8d6eea7900eea1c261ebf3a2ea97f8d9ecfc4c58dbe683f2df36a1653231f495f7ad9cc38f9fe61a0b2275ac,England English,england,Have you seen Hollie?,HAVE YOU SEEN HOLLY,7b45911091d565f42db3cabc0045a15f3b4b777be3ad038ba86628a26a0c0228
wav2vec2_large_lv60,dmsuta,65,stage5ext_00262,94902b88a78c4f1863a7effcce3553303f5bb14d8d6eea7900eea1c261ebf3a2ea97f8d9ecfc4c58dbe683f2df36a1653231f495f7ad9cc38f9fe61a0b2275ac,England English,england,Do geese always fly in that formation?,DO GEESE ALWAYS FLY IN THAT FORMATION,7b45911091d565f42db3cabc0045a15f3b4b777be3ad038ba86628a26a0c0228
wav2vec2_large_lv60,dmsuta,65,stage5ext_00263,94902b88a78c4f1863a7effcce3553303f5bb14d8d6eea7900eea1c261ebf3a2ea97f8d9ecfc4c58dbe683f2df36a1653231f495f7ad9cc38f9fe61a0b2275ac,England English,england,"No one picked up, so I went by her place on the way here.",NO ONE PICKED UP SO I WENT BY HER PLACE ON THE WAY HERE,7b45911091d565f42db3cabc0045a15f3b4b777be3ad038ba86628a26a0c0228
wav2vec2_large_lv60,dmsuta,65,stage5ext_00264,94902b88a78c4f1863a7effcce3553303f5bb14d8d6eea7900eea1c261ebf3a2ea97f8d9ecfc4c58dbe683f2df36a1653231f495f7ad9cc38f9fe61a0b2275ac,England English,england,Have I offended you?,HAVE I OFFENDED YOU,7b45911091d565f42db3cabc0045a15f3b4b777be3ad038ba86628a26a0c0228
wav2vec2_large_lv60,dmsuta,66,stage5ext_00265,94902b88a78c4f1863a7effcce3553303f5bb14d8d6eea7900eea1c261ebf3a2ea97f8d9ecfc4c58dbe683f2df36a1653231f495f7ad9cc38f9fe61a0b2275ac,England English,england,What does that mean?,WHAT DOES THAT MEAN,85ebc1cf03bcb61b42192f9d9e451f270054e4ba20e1ff9478e39e8fd1624d46
wav2vec2_large_lv60,dmsuta,66,stage5ext_00266,94902b88a78c4f1863a7effcce3553303f5bb14d8d6eea7900eea1c261ebf3a2ea97f8d9ecfc4c58dbe683f2df36a1653231f495f7ad9cc38f9fe61a0b2275ac,England English,england,There's just one last bug I'd like to fix before I head home.,THERE'S JUST ONE LAST BUG I'D LIKE TO FIX BEFORE I HEAD HOME,85ebc1cf03bcb61b42192f9d9e451f270054e4ba20e1ff9478e39e8fd1624d46
wav2vec2_large_lv60,dmsuta,66,stage5ext_00267,94902b88a78c4f1863a7effcce3553303f5bb14d8d6eea7900eea1c261ebf3a2ea97f8d9ecfc4c58dbe683f2df36a1653231f495f7ad9cc38f9fe61a0b2275ac,England English,england,I suspect this may be someone new making themselves known.,I SUSPECT THIS MAY BE SOME ONE NEW MAKING THEMSELVES KNOWN,85ebc1cf03bcb61b42192f9d9e451f270054e4ba20e1ff9478e39e8fd1624d46
wav2vec2_large_lv60,dmsuta,66,stage5ext_00268,94902b88a78c4f1863a7effcce3553303f5bb14d8d6eea7900eea1c261ebf3a2ea97f8d9ecfc4c58dbe683f2df36a1653231f495f7ad9cc38f9fe61a0b2275ac,England English,england,"Clams are small, round, soft, and tasty.",CLAMS ARE SMALL ROUND SOFT AND TASTY,85ebc1cf03bcb61b42192f9d9e451f270054e4ba20e1ff9478e39e8fd1624d46
wav2vec2_large_lv60,dmsuta,67,stage5ext_00269,94902b88a78c4f1863a7effcce3553303f5bb14d8d6eea7900eea1c261ebf3a2ea97f8d9ecfc4c58dbe683f2df36a1653231f495f7ad9cc38f9fe61a0b2275ac,England English,england,Can I get the sandwich without mayonnaise?,CAN I GET A SANDWICH WITHOUT MAONASE,b33ea0e824f2033bf9bb34058f99f19533741ef990cba04d633abf6a61cd5d51
wav2vec2_large_lv60,dmsuta,67,stage5ext_00270,94902b88a78c4f1863a7effcce3553303f5bb14d8d6eea7900eea1c261ebf3a2ea97f8d9ecfc4c58dbe683f2df36a1653231f495f7ad9cc38f9fe61a0b2275ac,England English,england,"Here, let me show you around.",HERE LET ME SHOW YOU AROUND,b33ea0e824f2033bf9bb34058f99f19533741ef990cba04d633abf6a61cd5d51
wav2vec2_large_lv60,dmsuta,67,stage5ext_00271,3742174ae31b78b11558814a7196a5eec0f489ad3e728a2a125dd1a60c809a770eeaa758499c014bf728437835b4ea9c031a3a9c838b3882b35ed28744768ef3,England English,england,It will replace the existing train station hall inside the mall.,IT WILL REPLACE THE EXISTING TRAIN STATION HOLE INSIDE THEM ALL,b33ea0e824f2033bf9bb34058f99f19533741ef990cba04d633abf6a61cd5d51
wav2vec2_large_lv60,dmsuta,67,stage5ext_00272,3742174ae31b78b11558814a7196a5eec0f489ad3e728a2a125dd1a60c809a770eeaa758499c014bf728437835b4ea9c031a3a9c838b3882b35ed28744768ef3,England English,england,"Yes, it would be.",YES IT WOULD BE,b33ea0e824f2033bf9bb34058f99f19533741ef990cba04d633abf6a61cd5d51
wav2vec2_large_lv60,dmsuta,68,stage5ext_00273,3742174ae31b78b11558814a7196a5eec0f489ad3e728a2a125dd1a60c809a770eeaa758499c014bf728437835b4ea9c031a3a9c838b3882b35ed28744768ef3,England English,england,"The Google search bar is for searching, not for typing URLs!",IN THE GOLS ER BOROW IT IS FOR SEARCHING NOT FOR TYPING YOR RAILS,4d413ca2cf9457d7f250a3a51e492cc8e51e72fa7160e5cab81e620614c247e8
wav2vec2_large_lv60,dmsuta,68,stage5ext_00274,3742174ae31b78b11558814a7196a5eec0f489ad3e728a2a125dd1a60c809a770eeaa758499c014bf728437835b4ea9c031a3a9c838b3882b35ed28744768ef3,England English,england,"C'mon, we need to turn on our GPS so we don't end up in the middle of nowhere.",COME ON WE NEED TO TURN ON OUR GEPIES SO WE DON'T END UP IN THE MIDDLE OF NOWHERE,4d413ca2cf9457d7f250a3a51e492cc8e51e72fa7160e5cab81e620614c247e8
wav2vec2_large_lv60,dmsuta,68,stage5ext_00275,3742174ae31b78b11558814a7196a5eec0f489ad3e728a2a125dd1a60c809a770eeaa758499c014bf728437835b4ea9c031a3a9c838b3882b35ed28744768ef3,England English,england,"After an avalanche buried the skiing resort, it was hard to determine its exact location.",AFTER EDVANCE BEARY TO SKY AND RESERT IT WAS HARD TO DTERMINE ITS EXTIPLICATION,4d413ca2cf9457d7f250a3a51e492cc8e51e72fa7160e5cab81e620614c247e8
wav2vec2_large_lv60,dmsuta,68,stage5ext_00276,3742174ae31b78b11558814a7196a5eec0f489ad3e728a2a125dd1a60c809a770eeaa758499c014bf728437835b4ea9c031a3a9c838b3882b35ed28744768ef3,England English,england,Who has already arrived?,WHO HAS ALREADY ARRIVED,4d413ca2cf9457d7f250a3a51e492cc8e51e72fa7160e5cab81e620614c247e8
wav2vec2_large_lv60,dmsuta,69,stage5ext_00277,3742174ae31b78b11558814a7196a5eec0f489ad3e728a2a125dd1a60c809a770eeaa758499c014bf728437835b4ea9c031a3a9c838b3882b35ed28744768ef3,England English,england,"I like reading about medical mysteries, don't you?",I LIKE READING ABOUT MEDICAL MYSTERIES DON'T YOU,34efd117c1b47bc5d4486820daa887345b873d2b8f71780cb4481753da76fe5b
wav2vec2_large_lv60,dmsuta,69,stage5ext_00278,3742174ae31b78b11558814a7196a5eec0f489ad3e728a2a125dd1a60c809a770eeaa758499c014bf728437835b4ea9c031a3a9c838b3882b35ed28744768ef3,England English,england,In a cataleptic trance.,IN THE CATALEPTIC TRANCE,34efd117c1b47bc5d4486820daa887345b873d2b8f71780cb4481753da76fe5b
wav2vec2_large_lv60,dmsuta,69,stage5ext_00279,3742174ae31b78b11558814a7196a5eec0f489ad3e728a2a125dd1a60c809a770eeaa758499c014bf728437835b4ea9c031a3a9c838b3882b35ed28744768ef3,England English,england,"The thing is, nobody knew what was happening.",THE THING IS NOBODY KNEW WHAT WAS HAPPENING,34efd117c1b47bc5d4486820daa887345b873d2b8f71780cb4481753da76fe5b
wav2vec2_large_lv60,dmsuta,69,stage5ext_00280,3742174ae31b78b11558814a7196a5eec0f489ad3e728a2a125dd1a60c809a770eeaa758499c014bf728437835b4ea9c031a3a9c838b3882b35ed28744768ef3,England English,england,"Living alone, she made solitude her best friend.",LIVING ALONE SHE MADE SOLITUDE HER BEST FRIEND,34efd117c1b47bc5d4486820daa887345b873d2b8f71780cb4481753da76fe5b
wav2vec2_large_lv60,dmsuta,70,stage5ext_00281,3742174ae31b78b11558814a7196a5eec0f489ad3e728a2a125dd1a60c809a770eeaa758499c014bf728437835b4ea9c031a3a9c838b3882b35ed28744768ef3,England English,england,She did her first scene with Peter North.,SHE DID HER FIRST SCENE WITH BEACHER NOTH,ea0ba88836966f1998174f6861971a433f0fc1416ce08862b8dfbb4d3977ae68
wav2vec2_large_lv60,dmsuta,70,stage5ext_00282,3742174ae31b78b11558814a7196a5eec0f489ad3e728a2a125dd1a60c809a770eeaa758499c014bf728437835b4ea9c031a3a9c838b3882b35ed28744768ef3,England English,england,"Television can make you dumb, but it can also be good education.",TELEVISION CAN MAKE IT DAMP BUT IT CAN ALSO BE GOOD EDUCATION,ea0ba88836966f1998174f6861971a433f0fc1416ce08862b8dfbb4d3977ae68
wav2vec2_large_lv60,dmsuta,70,stage5ext_00283,3742174ae31b78b11558814a7196a5eec0f489ad3e728a2a125dd1a60c809a770eeaa758499c014bf728437835b4ea9c031a3a9c838b3882b35ed28744768ef3,England English,england,"In a cinematic rope-down maneuver, the special forces overwhelmed the criminals.",IN THE SINEMETICROBE DIOMONUR THE SPECIAL FORCES OVERHOUND E CRIMINALS,ea0ba88836966f1998174f6861971a433f0fc1416ce08862b8dfbb4d3977ae68
wav2vec2_large_lv60,dmsuta,70,stage5ext_00284,3742174ae31b78b11558814a7196a5eec0f489ad3e728a2a125dd1a60c809a770eeaa758499c014bf728437835b4ea9c031a3a9c838b3882b35ed28744768ef3,England English,england,What can have happened?,WHAT CAN HAVE HAPPENED,ea0ba88836966f1998174f6861971a433f0fc1416ce08862b8dfbb4d3977ae68
wav2vec2_large_lv60,dmsuta,71,stage5ext_00285,3742174ae31b78b11558814a7196a5eec0f489ad3e728a2a125dd1a60c809a770eeaa758499c014bf728437835b4ea9c031a3a9c838b3882b35ed28744768ef3,England English,england,Now where could my pipe be?,NOW WHERE COULD MY PIPE BE,caa852f92ad29b9fcfec2f7a6fe6e8832ee90bb6b2bbfec913f646954b49c46a
wav2vec2_large_lv60,dmsuta,71,stage5ext_00286,e52a28d767575f4c42c09ca60e1aeaca303322a7771a484213c006ee0297bc33805e0e8dfe177da9a618d61156c387a65a6530200eb9502866cd36c88293e84f,England English,england,I'd love to hear readers sing this.,I'D LOVE TO HEAR THE READERS SING THIS,caa852f92ad29b9fcfec2f7a6fe6e8832ee90bb6b2bbfec913f646954b49c46a
wav2vec2_large_lv60,dmsuta,71,stage5ext_00287,e52a28d767575f4c42c09ca60e1aeaca303322a7771a484213c006ee0297bc33805e0e8dfe177da9a618d61156c387a65a6530200eb9502866cd36c88293e84f,England English,england,The pup jerked the leash as he saw a feline shape.,THE PAPE JERKE THE LEICH AS HE SAW A FELINE SHAPE,caa852f92ad29b9fcfec2f7a6fe6e8832ee90bb6b2bbfec913f646954b49c46a
wav2vec2_large_lv60,dmsuta,71,stage5ext_00288,e52a28d767575f4c42c09ca60e1aeaca303322a7771a484213c006ee0297bc33805e0e8dfe177da9a618d61156c387a65a6530200eb9502866cd36c88293e84f,England English,england,"It's raining heavily, take an umbrella.",IT'S REINING HEAVILY TAKE AN UMBRELLA,caa852f92ad29b9fcfec2f7a6fe6e8832ee90bb6b2bbfec913f646954b49c46a
wav2vec2_large_lv60,dmsuta,72,stage5ext_00289,e52a28d767575f4c42c09ca60e1aeaca303322a7771a484213c006ee0297bc33805e0e8dfe177da9a618d61156c387a65a6530200eb9502866cd36c88293e84f,England English,england,"Oh, I don't know.",OH I DON'T KNOW,579c0e7a2f7eefc00e0f839ffcd1d006662e68820f1357bbac43812bbefc247a
wav2vec2_large_lv60,dmsuta,72,stage5ext_00290,e52a28d767575f4c42c09ca60e1aeaca303322a7771a484213c006ee0297bc33805e0e8dfe177da9a618d61156c387a65a6530200eb9502866cd36c88293e84f,England English,england,I have to work this Saturday.,I HAVE TO WORK THIS SATURDAY,579c0e7a2f7eefc00e0f839ffcd1d006662e68820f1357bbac43812bbefc247a
wav2vec2_large_lv60,dmsuta,72,stage5ext_00291,e52a28d767575f4c42c09ca60e1aeaca303322a7771a484213c006ee0297bc33805e0e8dfe177da9a618d61156c387a65a6530200eb9502866cd36c88293e84f,England English,england,By twenty-twenty-two I expect the problem will be solved.,BY TWENTY TWENTY TWO I EXPECT THE PROBLEM WILL BE SOLVED,579c0e7a2f7eefc00e0f839ffcd1d006662e68820f1357bbac43812bbefc247a
wav2vec2_large_lv60,dmsuta,72,stage5ext_00292,e52a28d767575f4c42c09ca60e1aeaca303322a7771a484213c006ee0297bc33805e0e8dfe177da9a618d61156c387a65a6530200eb9502866cd36c88293e84f,England English,england,The incubation period is typically about two weeks.,THE INCUBATION PERIOD IS TYPICALLY ABOUT TWO WEEKS,579c0e7a2f7eefc00e0f839ffcd1d006662e68820f1357bbac43812bbefc247a
wav2vec2_large_lv60,dmsuta,73,stage5ext_00293,e52a28d767575f4c42c09ca60e1aeaca303322a7771a484213c006ee0297bc33805e0e8dfe177da9a618d61156c387a65a6530200eb9502866cd36c88293e84f,England English,england,The sink is the thing in which we pile dishes.,THE SINK IS THE THING IN WHICH WE PILE DISHES,20f19ab3b58da8b9d07dba3cd5e13a54e940c1b1501c06fe506384c7e49cc4d0
wav2vec2_large_lv60,dmsuta,73,stage5ext_00294,e52a28d767575f4c42c09ca60e1aeaca303322a7771a484213c006ee0297bc33805e0e8dfe177da9a618d61156c387a65a6530200eb9502866cd36c88293e84f,England English,england,Rick was in the first aid club as a sixth-former.,RICK WAS IN THE FIRST AID CLUB AS A SIX FORMER,20f19ab3b58da8b9d07dba3cd5e13a54e940c1b1501c06fe506384c7e49cc4d0
wav2vec2_large_lv60,dmsuta,73,stage5ext_00295,e52a28d767575f4c42c09ca60e1aeaca303322a7771a484213c006ee0297bc33805e0e8dfe177da9a618d61156c387a65a6530200eb9502866cd36c88293e84f,England English,england,"Hello, my name is Brenda.",HELLO MY NAME IS BRENDA,20f19ab3b58da8b9d07dba3cd5e13a54e940c1b1501c06fe506384c7e49cc4d0
wav2vec2_large_lv60,dmsuta,73,stage5ext_00296,e52a28d767575f4c42c09ca60e1aeaca303322a7771a484213c006ee0297bc33805e0e8dfe177da9a618d61156c387a65a6530200eb9502866cd36c88293e84f,England English,england,Keep It Simple The KISS principal.,GIVE ITS SYMBOL THE KISS PRINCIPLE,20f19ab3b58da8b9d07dba3cd5e13a54e940c1b1501c06fe506384c7e49cc4d0
wav2vec2_large_lv60,dmsuta,74,stage5ext_00297,e52a28d767575f4c42c09ca60e1aeaca303322a7771a484213c006ee0297bc33805e0e8dfe177da9a618d61156c387a65a6530200eb9502866cd36c88293e84f,England English,england,"If you experience further problems, please let me know.",IF YOU EXPERIENCE FURTHER PROBLEMS PLEASE LET ME KNOW,822111789434bb7170a2887d35eba0b93ef7b481fa61bad2d2cca91bc5f060d3
wav2vec2_large_lv60,dmsuta,74,stage5ext_00298,e52a28d767575f4c42c09ca60e1aeaca303322a7771a484213c006ee0297bc33805e0e8dfe177da9a618d61156c387a65a6530200eb9502866cd36c88293e84f,England English,england,I did this to prevent cycling and encourage greater movement through the solution space.,I DID THIS TO PREVENT CYCLING AND ENCOURAGE GREATER MOVEMENT THROUGH THE SOLUTION SPACE,822111789434bb7170a2887d35eba0b93ef7b481fa61bad2d2cca91bc5f060d3
wav2vec2_large_lv60,dmsuta,74,stage5ext_00299,e52a28d767575f4c42c09ca60e1aeaca303322a7771a484213c006ee0297bc33805e0e8dfe177da9a618d61156c387a65a6530200eb9502866cd36c88293e84f,England English,england,The dog was wagged its tail.,THE DOG VORSE WAGGED ITS TAIL,822111789434bb7170a2887d35eba0b93ef7b481fa61bad2d2cca91bc5f060d3
wav2vec2_large_lv60,dmsuta,74,stage5ext_00300,e52a28d767575f4c42c09ca60e1aeaca303322a7771a484213c006ee0297bc33805e0e8dfe177da9a618d61156c387a65a6530200eb9502866cd36c88293e84f,England English,england,The box is held by a bright red snapper.,THE BOX IS HELD BY A BRIGHT RED SNAPPER,822111789434bb7170a2887d35eba0b93ef7b481fa61bad2d2cca91bc5f060d3
wav2vec2_large_lv60,dmsuta,75,stage5ext_00301,8f7e0c1a745bde3b6375473b87b997d5f687a8a0d9c28a96b8fd9b2db97634c0c09607da808a8e8a08588137234ce63b8a9e537fd15117628bc7cfca6ae12059,South Asian English,south_asian,"Also, oil and coal have hidden costs that others have to pay.",ALSO OIL AND COAL HAVE HIDDEN COSTS THAT OTHERS HAVE TO PAY,1df72024e664dcdd3323214ccec6a01c595421ba15a3361990d3e8493cbfde81
wav2vec2_large_lv60,dmsuta,75,stage5ext_00302,8f7e0c1a745bde3b6375473b87b997d5f687a8a0d9c28a96b8fd9b2db97634c0c09607da808a8e8a08588137234ce63b8a9e537fd15117628bc7cfca6ae12059,South Asian English,south_asian,The rest of the site is now a gated community of up-market homes.,THE REST OF THE SIDE IS NOW A GATERED COMMUNITY OF UPMARKETOMES,1df72024e664dcdd3323214ccec6a01c595421ba15a3361990d3e8493cbfde81
wav2vec2_large_lv60,dmsuta,75,stage5ext_00303,8f7e0c1a745bde3b6375473b87b997d5f687a8a0d9c28a96b8fd9b2db97634c0c09607da808a8e8a08588137234ce63b8a9e537fd15117628bc7cfca6ae12059,South Asian English,south_asian,"We first met each other under the Eiffel tower, it was magical.",WE FIRST MET EACH OTHER UNDER THE IFEL TABER IT WAS MAGICAL,1df72024e664dcdd3323214ccec6a01c595421ba15a3361990d3e8493cbfde81
wav2vec2_large_lv60,dmsuta,75,stage5ext_00304,8f7e0c1a745bde3b6375473b87b997d5f687a8a0d9c28a96b8fd9b2db97634c0c09607da808a8e8a08588137234ce63b8a9e537fd15117628bc7cfca6ae12059,South Asian English,south_asian,"You know, singing karaoke with you makes me realize how good of a singer I am.",YOU KNOW SINGING KAROKI WITH YOU MAKES ME REALIZE HOW GOOD OF A SINGER I AM,1df72024e664dcdd3323214ccec6a01c595421ba15a3361990d3e8493cbfde81
wav2vec2_large_lv60,dmsuta,76,stage5ext_00305,8f7e0c1a745bde3b6375473b87b997d5f687a8a0d9c28a96b8fd9b2db97634c0c09607da808a8e8a08588137234ce63b8a9e537fd15117628bc7cfca6ae12059,South Asian English,south_asian,Many rare shore birds breed here along the beaches.,MANY RARE SHORE BIRDS BREED HERE ALONG THE BEACHES,cf3485e3db44a9cd2ef3f6814d187e781bbff6f50e1fa2601f04c9270b33c8b0
wav2vec2_large_lv60,dmsuta,76,stage5ext_00306,8f7e0c1a745bde3b6375473b87b997d5f687a8a0d9c28a96b8fd9b2db97634c0c09607da808a8e8a08588137234ce63b8a9e537fd15117628bc7cfca6ae12059,South Asian English,south_asian,There is no legal recognition of same-sex couples explicitly in Venezuelan law.,THERE IS NO LEGAL RECOGNITION OF SAME SEX COUPLES EXPLICITLY IN VENISULIAN LAW,cf3485e3db44a9cd2ef3f6814d187e781bbff6f50e1fa2601f04c9270b33c8b0
wav2vec2_large_lv60,dmsuta,76,stage5ext_00307,8f7e0c1a745bde3b6375473b87b997d5f687a8a0d9c28a96b8fd9b2db97634c0c09607da808a8e8a08588137234ce63b8a9e537fd15117628bc7cfca6ae12059,South Asian English,south_asian,"It was easy to see on the radiogram, that his bones were broken.",IT WAS EASY TO SEE ON THE RADIOGRAM THAT HIS BONES WERE BROKEN,cf3485e3db44a9cd2ef3f6814d187e781bbff6f50e1fa2601f04c9270b33c8b0
wav2vec2_large_lv60,dmsuta,76,stage5ext_00308,8f7e0c1a745bde3b6375473b87b997d5f687a8a0d9c28a96b8fd9b2db97634c0c09607da808a8e8a08588137234ce63b8a9e537fd15117628bc7cfca6ae12059,South Asian English,south_asian,"However, ""Maggi goreng"" is cooked by stir-frying them with vegetables and eggs.",HOWEVER MAGGIE GORING IS COOKED BY SERVE FRYING THEN VEGETABLES AND EGGS,cf3485e3db44a9cd2ef3f6814d187e781bbff6f50e1fa2601f04c9270b33c8b0
wav2vec2_large_lv60,dmsuta,77,stage5ext_00309,8f7e0c1a745bde3b6375473b87b997d5f687a8a0d9c28a96b8fd9b2db97634c0c09607da808a8e8a08588137234ce63b8a9e537fd15117628bc7cfca6ae12059,South Asian English,south_asian,with the University of the Hon.,WITH THE UNIVERSITY OF TEHON,0f2448371ab979bcbfe7adace4ec4ea58c028abec42316820d5e17f0c471239c
wav2vec2_large_lv60,dmsuta,77,stage5ext_00310,8f7e0c1a745bde3b6375473b87b997d5f687a8a0d9c28a96b8fd9b2db97634c0c09607da808a8e8a08588137234ce63b8a9e537fd15117628bc7cfca6ae12059,South Asian English,south_asian,"Bacon, pancakes and maple syrup is a hearty start to any day.",BACON PANCAKES AND MAPLE SYRRUP IS A HARTY START TO ANY DAY,0f2448371ab979bcbfe7adace4ec4ea58c028abec42316820d5e17f0c471239c
wav2vec2_large_lv60,dmsuta,77,stage5ext_00311,8f7e0c1a745bde3b6375473b87b997d5f687a8a0d9c28a96b8fd9b2db97634c0c09607da808a8e8a08588137234ce63b8a9e537fd15117628bc7cfca6ae12059,South Asian English,south_asian,"Fortunately for us, our sun will continue to be around for a few billion years.",FORTUNATELY FOR US OUR SUN WILL CONTINUE TO BE AROUND FOR A FEW BILLION YEARS,0f2448371ab979bcbfe7adace4ec4ea58c028abec42316820d5e17f0c471239c
wav2vec2_large_lv60,dmsuta,77,stage5ext_00312,8f7e0c1a745bde3b6375473b87b997d5f687a8a0d9c28a96b8fd9b2db97634c0c09607da808a8e8a08588137234ce63b8a9e537fd15117628bc7cfca6ae12059,South Asian English,south_asian,Why can't I skip this damn intro?,WHY CAN'T I SKEP THIS DAMN INTRO,0f2448371ab979bcbfe7adace4ec4ea58c028abec42316820d5e17f0c471239c
wav2vec2_large_lv60,dmsuta,78,stage5ext_00313,8f7e0c1a745bde3b6375473b87b997d5f687a8a0d9c28a96b8fd9b2db97634c0c09607da808a8e8a08588137234ce63b8a9e537fd15117628bc7cfca6ae12059,South Asian English,south_asian,"They, too, had been carelessly left unbolted.",THEY TOO HAD BEEN CARELESSLY LEFT UNBOLTED,8fb8625bd7a4e9f63eb2737de7f736632b2b86d473474e0957abd0a89d77e4de
wav2vec2_large_lv60,dmsuta,78,stage5ext_00314,8f7e0c1a745bde3b6375473b87b997d5f687a8a0d9c28a96b8fd9b2db97634c0c09607da808a8e8a08588137234ce63b8a9e537fd15117628bc7cfca6ae12059,South Asian English,south_asian,It is located in the Parque Patricios neighborhood of Buenos Aires.,IT IS LOCATED IN THE PARK PATRISES NEIGHBORHOOD OF BUONS ARES,8fb8625bd7a4e9f63eb2737de7f736632b2b86d473474e0957abd0a89d77e4de
wav2vec2_large_lv60,dmsuta,78,stage5ext_00315,8f7e0c1a745bde3b6375473b87b997d5f687a8a0d9c28a96b8fd9b2db97634c0c09607da808a8e8a08588137234ce63b8a9e537fd15117628bc7cfca6ae12059,South Asian English,south_asian,Williams is actively engaged in public service and philanthropy.,WILLIAMS IS ACTIVELY ENGAGED IN PUBLIC SERVICE AND PHILANTHROPY,8fb8625bd7a4e9f63eb2737de7f736632b2b86d473474e0957abd0a89d77e4de
wav2vec2_large_lv60,dmsuta,78,stage5ext_00316,f6987deb24305a72a216ab20686f51f94b6f8705775768dd535e4da88ff7117abfe923d46999a076b82dd084f2eb5ae7185de770ddb184c4e3a01d5b6390da20,South Asian English,south_asian,These cars were all basically retrimmed Mercurys.,THESE SCARS WERE ALL BASIVELY REACHIN MERCURIUS,8fb8625bd7a4e9f63eb2737de7f736632b2b86d473474e0957abd0a89d77e4de
wav2vec2_large_lv60,dmsuta,79,stage5ext_00317,f6987deb24305a72a216ab20686f51f94b6f8705775768dd535e4da88ff7117abfe923d46999a076b82dd084f2eb5ae7185de770ddb184c4e3a01d5b6390da20,South Asian English,south_asian,There are many small businesses throughout the small town that contribute to economic success.,THERE ARE MANY SMALL BUSINESSES THROUGHOUT THE SMALL TOUNT THAT CONTRIBUTE TO THE ECONOMIC SUCCESS,fd3a3e9e6183b3c432eda2aec6386d8ead025eddf7166ad2ddf0c97b624357cd
wav2vec2_large_lv60,dmsuta,79,stage5ext_00318,f6987deb24305a72a216ab20686f51f94b6f8705775768dd535e4da88ff7117abfe923d46999a076b82dd084f2eb5ae7185de770ddb184c4e3a01d5b6390da20,South Asian English,south_asian,Derivational morphology often involves the addition of a derivational suffix or other affix.,DERIVATION AN WARPOLOGY OFTEN INVOLVES THE ADDITION OF HER DERIGATIONAL SUFFICS OR OTHER AFFECTS,fd3a3e9e6183b3c432eda2aec6386d8ead025eddf7166ad2ddf0c97b624357cd
wav2vec2_large_lv60,dmsuta,79,stage5ext_00319,f6987deb24305a72a216ab20686f51f94b6f8705775768dd535e4da88ff7117abfe923d46999a076b82dd084f2eb5ae7185de770ddb184c4e3a01d5b6390da20,South Asian English,south_asian,The school sports mascot is the Gator.,THE SCHOOLS COLS MASKER IS THE GAITER,fd3a3e9e6183b3c432eda2aec6386d8ead025eddf7166ad2ddf0c97b624357cd
wav2vec2_large_lv60,dmsuta,79,stage5ext_00320,f6987deb24305a72a216ab20686f51f94b6f8705775768dd535e4da88ff7117abfe923d46999a076b82dd084f2eb5ae7185de770ddb184c4e3a01d5b6390da20,South Asian English,south_asian,The incident made him more aware of his future.,THE INCIDENT MADE HIM MORE AWARE OF HIS TEACHERS,fd3a3e9e6183b3c432eda2aec6386d8ead025eddf7166ad2ddf0c97b624357cd
wav2vec2_large_lv60,dmsuta,80,stage5ext_00321,f6987deb24305a72a216ab20686f51f94b6f8705775768dd535e4da88ff7117abfe923d46999a076b82dd084f2eb5ae7185de770ddb184c4e3a01d5b6390da20,South Asian English,south_asian,Toronto Netball Club plays at Westlakes Netball Association.,SERANTONETPOL CLUB PLAYS AT WISLAKE SMITHHOLD ASSOCIATION,6d2ec1a6de16bba76e8c259f4136078142f3495c48d0bb20c84b4b18821b39e2
wav2vec2_large_lv60,dmsuta,80,stage5ext_00322,f6987deb24305a72a216ab20686f51f94b6f8705775768dd535e4da88ff7117abfe923d46999a076b82dd084f2eb5ae7185de770ddb184c4e3a01d5b6390da20,South Asian English,south_asian,He returned to the field for the final three games of the season.,SHE RETURNED TO THE STREET FOR THE FINAL THREE GAMES OF THE SEASON,6d2ec1a6de16bba76e8c259f4136078142f3495c48d0bb20c84b4b18821b39e2
wav2vec2_large_lv60,dmsuta,80,stage5ext_00323,f6987deb24305a72a216ab20686f51f94b6f8705775768dd535e4da88ff7117abfe923d46999a076b82dd084f2eb5ae7185de770ddb184c4e3a01d5b6390da20,South Asian English,south_asian,"His first season numbers were unimpressive, reflecting his rookie status.",HIS FIRST SEASON NUMBERS WERE UNIMPRESSIVE REFLECTING AS RUPICIDUS,6d2ec1a6de16bba76e8c259f4136078142f3495c48d0bb20c84b4b18821b39e2
wav2vec2_large_lv60,dmsuta,80,stage5ext_00324,f6987deb24305a72a216ab20686f51f94b6f8705775768dd535e4da88ff7117abfe923d46999a076b82dd084f2eb5ae7185de770ddb184c4e3a01d5b6390da20,South Asian English,south_asian,Two thousand copies of the album were available on the band's website.,TWO THOUSAND COPIES OF THE ALBUM WERE AVAILABLE ON THE MANS RIVE SIDE,6d2ec1a6de16bba76e8c259f4136078142f3495c48d0bb20c84b4b18821b39e2
wav2vec2_large_lv60,dmsuta,81,stage5ext_00325,f6987deb24305a72a216ab20686f51f94b6f8705775768dd535e4da88ff7117abfe923d46999a076b82dd084f2eb5ae7185de770ddb184c4e3a01d5b6390da20,South Asian English,south_asian,"With Lajoie gone, the club needed a new name.",WITH LAJUI GONE THE CLUB NEEDED A NEW GAME,fce2269e6eb7f0a390e3cc7a942a251c0dc2043363b94116b0357051f455ef95
wav2vec2_large_lv60,dmsuta,81,stage5ext_00326,f6987deb24305a72a216ab20686f51f94b6f8705775768dd535e4da88ff7117abfe923d46999a076b82dd084f2eb5ae7185de770ddb184c4e3a01d5b6390da20,South Asian English,south_asian,Pendergrass got well-wishes from thousands of his fans during his recovery.,SPENCER GRAS CASE WELWISHES FROM TOUSENDS OF THI PANS DURING HIS RECOVERY OOO,fce2269e6eb7f0a390e3cc7a942a251c0dc2043363b94116b0357051f455ef95
wav2vec2_large_lv60,dmsuta,81,stage5ext_00327,f6987deb24305a72a216ab20686f51f94b6f8705775768dd535e4da88ff7117abfe923d46999a076b82dd084f2eb5ae7185de770ddb184c4e3a01d5b6390da20,South Asian English,south_asian,The third phase involves converting Hughes Hall into office space.,THAT THIRD PHASE INVOLVES CONVERTING PAUTIES BALP INTO MORFA SPACE,fce2269e6eb7f0a390e3cc7a942a251c0dc2043363b94116b0357051f455ef95
wav2vec2_large_lv60,dmsuta,81,stage5ext_00328,f6987deb24305a72a216ab20686f51f94b6f8705775768dd535e4da88ff7117abfe923d46999a076b82dd084f2eb5ae7185de770ddb184c4e3a01d5b6390da20,South Asian English,south_asian,They used the sharks that followed the ships as a terror weapon.,THEY USED THE SHARTS THAT FOLLOWED THEI SHIPS AS AT BELVEVEN,fce2269e6eb7f0a390e3cc7a942a251c0dc2043363b94116b0357051f455ef95
wav2vec2_large_lv60,dmsuta,82,stage5ext_00329,f6987deb24305a72a216ab20686f51f94b6f8705775768dd535e4da88ff7117abfe923d46999a076b82dd084f2eb5ae7185de770ddb184c4e3a01d5b6390da20,South Asian English,south_asian,"They had eight children, five of whom survived to adulthood.",THEY HAD EIGHT CHILDREN FIVE OF WHO SURVIVES TO ADULTHOOD,1d468623170959417e448243c87a966e5cb91eecff8f677a37f2930c4b066f74
wav2vec2_large_lv60,dmsuta,82,stage5ext_00330,f6987deb24305a72a216ab20686f51f94b6f8705775768dd535e4da88ff7117abfe923d46999a076b82dd084f2eb5ae7185de770ddb184c4e3a01d5b6390da20,South Asian English,south_asian,The island is now uninhabited and managed as a bird reserve.,THE ISLAND IS NO UNINHABITED AND MAN IS JUST A BIRD WISER,1d468623170959417e448243c87a966e5cb91eecff8f677a37f2930c4b066f74
wav2vec2_large_lv60,dmsuta,82,stage5ext_00331,746bd7c2bd64e7fde7dda173976ca80e97a1875f7571a836827b832c1609da3c16be48a0bbf11e310ba7f262e77841dc8e70360283da6a0100631e2ac4760956,South Asian English,south_asian,Buckingham was also particularly proud of the Spanish guitar solo.,BUCKINGHAM WAS ALSO PARTICULARLY PROUD OF THE SPANISH GUITARA SOLO,1d468623170959417e448243c87a966e5cb91eecff8f677a37f2930c4b066f74
wav2vec2_large_lv60,dmsuta,82,stage5ext_00332,746bd7c2bd64e7fde7dda173976ca80e97a1875f7571a836827b832c1609da3c16be48a0bbf11e310ba7f262e77841dc8e70360283da6a0100631e2ac4760956,South Asian English,south_asian,"Also known as Herbert, Borchardt initially studied Architecture and later Egyptology under Adolf Erman.",ALSO KNOWN AS HERBERT BEAUCHARP INITIALLY STUDIED ARCHITECTURE AND LATER EGYPTOLOGY UNDER ODOLPH EMEN,1d468623170959417e448243c87a966e5cb91eecff8f677a37f2930c4b066f74
wav2vec2_large_lv60,dmsuta,83,stage5ext_00333,746bd7c2bd64e7fde7dda173976ca80e97a1875f7571a836827b832c1609da3c16be48a0bbf11e310ba7f262e77841dc8e70360283da6a0100631e2ac4760956,South Asian English,south_asian,"Publicised nationwide, Gladstone's message became that of the party.",PUBLICIZED NATION WIDE GLADSTONE'S MESSAGE BECAME THAT OF THE PARTY,fe4e3615bc052c2d57f81b5944345de73793482577f795387312810798ea3c34
wav2vec2_large_lv60,dmsuta,83,stage5ext_00334,746bd7c2bd64e7fde7dda173976ca80e97a1875f7571a836827b832c1609da3c16be48a0bbf11e310ba7f262e77841dc8e70360283da6a0100631e2ac4760956,South Asian English,south_asian,McGrath is a friend and fan of Ralph McTell.,MARGRAT IS A FRIEND AND FAN OF RALPH MC DAW,fe4e3615bc052c2d57f81b5944345de73793482577f795387312810798ea3c34
wav2vec2_large_lv60,dmsuta,83,stage5ext_00335,746bd7c2bd64e7fde7dda173976ca80e97a1875f7571a836827b832c1609da3c16be48a0bbf11e310ba7f262e77841dc8e70360283da6a0100631e2ac4760956,South Asian English,south_asian,His family later moved to Los Angeles and he attended Fairfax High School.,HIS FAMILY LED HIM OFF TO LOS ANGELES AND HE ATTENDED FAIRFAX HIGH SCHOOL,fe4e3615bc052c2d57f81b5944345de73793482577f795387312810798ea3c34
wav2vec2_large_lv60,dmsuta,83,stage5ext_00336,746bd7c2bd64e7fde7dda173976ca80e97a1875f7571a836827b832c1609da3c16be48a0bbf11e310ba7f262e77841dc8e70360283da6a0100631e2ac4760956,South Asian English,south_asian,The grape originated as a cross of Syrah pollen germinating a Peloursin plant.,THE GRAPE ORIGINATED AS A CROSS OF SIRAL POLAN GERMINATING A PELOSEN PLANT,fe4e3615bc052c2d57f81b5944345de73793482577f795387312810798ea3c34
wav2vec2_large_lv60,dmsuta,84,stage5ext_00337,746bd7c2bd64e7fde7dda173976ca80e97a1875f7571a836827b832c1609da3c16be48a0bbf11e310ba7f262e77841dc8e70360283da6a0100631e2ac4760956,South Asian English,south_asian,The main gate is located in the center of the south curtain wall.,THE MAIN GATE IS LOCATED IN THE CENTRE OF THE SOUTH GIRTEN WALL,9112c5662e3e79bf47598df5ef9feeec7ea3426202f47216be16f74047a0d3e3
wav2vec2_large_lv60,dmsuta,84,stage5ext_00338,746bd7c2bd64e7fde7dda173976ca80e97a1875f7571a836827b832c1609da3c16be48a0bbf11e310ba7f262e77841dc8e70360283da6a0100631e2ac4760956,South Asian English,south_asian,Ferrers made many contributions to mathematical literature.,PAROS MADE MANY CONTRIBUTIONS TO MATHEMATICAL LITERATURE,9112c5662e3e79bf47598df5ef9feeec7ea3426202f47216be16f74047a0d3e3
wav2vec2_large_lv60,dmsuta,84,stage5ext_00339,746bd7c2bd64e7fde7dda173976ca80e97a1875f7571a836827b832c1609da3c16be48a0bbf11e310ba7f262e77841dc8e70360283da6a0100631e2ac4760956,South Asian English,south_asian,"Prokosch was born in Madison, Wisconsin, into an intellectual family that travelled widely.",PROKOSCH WAS BORN IN MADISON WISCONSIN INTO AN INTELLECTUAL FAMILY THAT TRAVELLED WIDELY,9112c5662e3e79bf47598df5ef9feeec7ea3426202f47216be16f74047a0d3e3
wav2vec2_large_lv60,dmsuta,84,stage5ext_00340,746bd7c2bd64e7fde7dda173976ca80e97a1875f7571a836827b832c1609da3c16be48a0bbf11e310ba7f262e77841dc8e70360283da6a0100631e2ac4760956,South Asian English,south_asian,Britain sends three big-game hunters to kill the lions.,BRETON SENDS THREE BIG GAME HUNTERS TO KILL THE LIONS,9112c5662e3e79bf47598df5ef9feeec7ea3426202f47216be16f74047a0d3e3
wav2vec2_large_lv60,dmsuta,85,stage5ext_00341,746bd7c2bd64e7fde7dda173976ca80e97a1875f7571a836827b832c1609da3c16be48a0bbf11e310ba7f262e77841dc8e70360283da6a0100631e2ac4760956,South Asian English,south_asian,The French colonial government gave land away to soldiers and settlers.,THE FRENCH COLONIAL GOVERNMENT GAVE LAND AVAY TO SOLDIERS AND SETTLERS,67c1199183435f7b490b58075794ef36b1287a598d64d79496f81681fa56602d
wav2vec2_large_lv60,dmsuta,85,stage5ext_00342,746bd7c2bd64e7fde7dda173976ca80e97a1875f7571a836827b832c1609da3c16be48a0bbf11e310ba7f262e77841dc8e70360283da6a0100631e2ac4760956,South Asian English,south_asian,A Fermilab initiative to seek out cost effective computing for the Tevatron.,A FIRMELAB INITIATIVE TO SEEK OUT CASE EFFEFTIVE COMPUTING HITHETERE DRAWN,67c1199183435f7b490b58075794ef36b1287a598d64d79496f81681fa56602d
wav2vec2_large_lv60,dmsuta,85,stage5ext_00343,746bd7c2bd64e7fde7dda173976ca80e97a1875f7571a836827b832c1609da3c16be48a0bbf11e310ba7f262e77841dc8e70360283da6a0100631e2ac4760956,South Asian English,south_asian,"The Shaw collection is housed at the university's duPont-Ball library in DeLand, Florida.",THE SHORE COLLECTION IS HOUSED AT THE UNIVERSITY'S DUPON BALL LIBRARY IN TELAN FLODITA,67c1199183435f7b490b58075794ef36b1287a598d64d79496f81681fa56602d
wav2vec2_large_lv60,dmsuta,85,stage5ext_00344,746bd7c2bd64e7fde7dda173976ca80e97a1875f7571a836827b832c1609da3c16be48a0bbf11e310ba7f262e77841dc8e70360283da6a0100631e2ac4760956,South Asian English,south_asian,"He now lives in Toronto, Ontario.",HE NOW LIVES IN TORANTA ONTARIO,67c1199183435f7b490b58075794ef36b1287a598d64d79496f81681fa56602d
wav2vec2_large_lv60,dmsuta,86,stage5ext_00345,746bd7c2bd64e7fde7dda173976ca80e97a1875f7571a836827b832c1609da3c16be48a0bbf11e310ba7f262e77841dc8e70360283da6a0100631e2ac4760956,South Asian English,south_asian,"The British called such weapons ""Pass-made rifles"".",THE BRITISH CALLED SUCH WEAPONS PASS ME TRIFLES,1f2da4e39c6d7032be3056c820e528629b61fa142d824f4d5d309436945420c4
wav2vec2_large_lv60,dmsuta,86,stage5ext_00346,02a40eed38bf20ab1ddca1a5c60f5b2cadd5455be21c7a1ab8e87d65a6fec68495c0d24d8fecdfe3f9d132fdfa842dba33dca093df21b19f3d325519779d13d0,South Asian English,south_asian,"The women of ""Survivor"" deserved better.",THE WOMEN OF SURVIVOR DESERVED BETTER,1f2da4e39c6d7032be3056c820e528629b61fa142d824f4d5d309436945420c4
wav2vec2_large_lv60,dmsuta,86,stage5ext_00347,02a40eed38bf20ab1ddca1a5c60f5b2cadd5455be21c7a1ab8e87d65a6fec68495c0d24d8fecdfe3f9d132fdfa842dba33dca093df21b19f3d325519779d13d0,South Asian English,south_asian,His great knowledge and immense industry are shown throughout its pages.,HIS GRAT KNOWLEDGE AND IMMENT INDUSTRY ARE SHOWN THROUGHOUT ITS PAGES,1f2da4e39c6d7032be3056c820e528629b61fa142d824f4d5d309436945420c4
wav2vec2_large_lv60,dmsuta,86,stage5ext_00348,02a40eed38bf20ab1ddca1a5c60f5b2cadd5455be21c7a1ab8e87d65a6fec68495c0d24d8fecdfe3f9d132fdfa842dba33dca093df21b19f3d325519779d13d0,South Asian English,south_asian,Other African examples may be found in Nigeria and East Africa.,OTHER AFRICAN EXAMPLES MAY BE FOUND IN AGISIA AND EAST AFRICA,1f2da4e39c6d7032be3056c820e528629b61fa142d824f4d5d309436945420c4
wav2vec2_large_lv60,dmsuta,87,stage5ext_00349,02a40eed38bf20ab1ddca1a5c60f5b2cadd5455be21c7a1ab8e87d65a6fec68495c0d24d8fecdfe3f9d132fdfa842dba33dca093df21b19f3d325519779d13d0,South Asian English,south_asian,Enrico Ferri is the father of four children.,INDRICOFERIIS FATHER OF FOUR CHILDREN,8b90937f95ea8c20471ec7d68858c47993f3b79c7e0ca2a14794707d46ba42fb
wav2vec2_large_lv60,dmsuta,87,stage5ext_00350,02a40eed38bf20ab1ddca1a5c60f5b2cadd5455be21c7a1ab8e87d65a6fec68495c0d24d8fecdfe3f9d132fdfa842dba33dca093df21b19f3d325519779d13d0,South Asian English,south_asian,It has been found in the English Channel and the Gulf of Mexico.,IT HAS BEEN FOUND IN THE ENGLISH CHANNEL AND THE GULF OF MEXICO,8b90937f95ea8c20471ec7d68858c47993f3b79c7e0ca2a14794707d46ba42fb
wav2vec2_large_lv60,dmsuta,87,stage5ext_00351,02a40eed38bf20ab1ddca1a5c60f5b2cadd5455be21c7a1ab8e87d65a6fec68495c0d24d8fecdfe3f9d132fdfa842dba33dca093df21b19f3d325519779d13d0,South Asian English,south_asian,Her work has also appeared on postage stamps produced by the Czech Republic.,HER WORK HAS ALSO APPEARED ON POSTAGE STAMPS PRODUCED BY THE SAC REPUBLIC,8b90937f95ea8c20471ec7d68858c47993f3b79c7e0ca2a14794707d46ba42fb
wav2vec2_large_lv60,dmsuta,87,stage5ext_00352,02a40eed38bf20ab1ddca1a5c60f5b2cadd5455be21c7a1ab8e87d65a6fec68495c0d24d8fecdfe3f9d132fdfa842dba33dca093df21b19f3d325519779d13d0,South Asian English,south_asian,Mathilda Ebeling,MATILDA EBLING,8b90937f95ea8c20471ec7d68858c47993f3b79c7e0ca2a14794707d46ba42fb
wav2vec2_large_lv60,dmsuta,88,stage5ext_00353,02a40eed38bf20ab1ddca1a5c60f5b2cadd5455be21c7a1ab8e87d65a6fec68495c0d24d8fecdfe3f9d132fdfa842dba33dca093df21b19f3d325519779d13d0,South Asian English,south_asian,Behra also set pole and fastest lap.,BEHEDAL ALSO SET BARLIN FASTITS LAP,d5ce150e250cb0db473fc9a10db7c28fc7b3b1886ece81dedd1ce156c204f77d
wav2vec2_large_lv60,dmsuta,88,stage5ext_00354,02a40eed38bf20ab1ddca1a5c60f5b2cadd5455be21c7a1ab8e87d65a6fec68495c0d24d8fecdfe3f9d132fdfa842dba33dca093df21b19f3d325519779d13d0,South Asian English,south_asian,All of his brothers were fighters.,ALL O HIS BROTHERS WERE FITERS,d5ce150e250cb0db473fc9a10db7c28fc7b3b1886ece81dedd1ce156c204f77d
wav2vec2_large_lv60,dmsuta,88,stage5ext_00355,02a40eed38bf20ab1ddca1a5c60f5b2cadd5455be21c7a1ab8e87d65a6fec68495c0d24d8fecdfe3f9d132fdfa842dba33dca093df21b19f3d325519779d13d0,South Asian English,south_asian,In general they tended to rather large format.,IN GENERAL THEY TENDED A RATHER LARGE FORMAT,d5ce150e250cb0db473fc9a10db7c28fc7b3b1886ece81dedd1ce156c204f77d
wav2vec2_large_lv60,dmsuta,88,stage5ext_00356,02a40eed38bf20ab1ddca1a5c60f5b2cadd5455be21c7a1ab8e87d65a6fec68495c0d24d8fecdfe3f9d132fdfa842dba33dca093df21b19f3d325519779d13d0,South Asian English,south_asian,Downey posted the picture on Instagram and received requests for the pattern.,DONNIE POSTED THE PICTURE ON INSTOK GRAM AND RECEIVED REQUEST FOR THE PATTERN,d5ce150e250cb0db473fc9a10db7c28fc7b3b1886ece81dedd1ce156c204f77d
wav2vec2_large_lv60,dmsuta,89,stage5ext_00357,02a40eed38bf20ab1ddca1a5c60f5b2cadd5455be21c7a1ab8e87d65a6fec68495c0d24d8fecdfe3f9d132fdfa842dba33dca093df21b19f3d325519779d13d0,South Asian English,south_asian,She did not like children and tried to hide it.,SHE DID NOT LIKE CHILDREN TRY TO HIDE IT,837fa67f229655284bf4e9fa88027f347704afa83a858f43fd2d9064a93cb785
wav2vec2_large_lv60,dmsuta,89,stage5ext_00358,02a40eed38bf20ab1ddca1a5c60f5b2cadd5455be21c7a1ab8e87d65a6fec68495c0d24d8fecdfe3f9d132fdfa842dba33dca093df21b19f3d325519779d13d0,South Asian English,south_asian,Today the church still retains many of its historic features.,TULY THE CHURCH STILL REGAINS MANY OF ITS ESTROTIC FEATURES,837fa67f229655284bf4e9fa88027f347704afa83a858f43fd2d9064a93cb785
wav2vec2_large_lv60,dmsuta,89,stage5ext_00359,02a40eed38bf20ab1ddca1a5c60f5b2cadd5455be21c7a1ab8e87d65a6fec68495c0d24d8fecdfe3f9d132fdfa842dba33dca093df21b19f3d325519779d13d0,South Asian English,south_asian,The two also had used the same choreographer.,THE TWO ALSO HAD USED THE SAME COREOGRAPHER,837fa67f229655284bf4e9fa88027f347704afa83a858f43fd2d9064a93cb785
wav2vec2_large_lv60,dmsuta,89,stage5ext_00360,02a40eed38bf20ab1ddca1a5c60f5b2cadd5455be21c7a1ab8e87d65a6fec68495c0d24d8fecdfe3f9d132fdfa842dba33dca093df21b19f3d325519779d13d0,South Asian English,south_asian,Murom is the nearest rural locality.,MORAM IS HE NEAREST RULER LOCALITY,837fa67f229655284bf4e9fa88027f347704afa83a858f43fd2d9064a93cb785
wav2vec2_large_lv60,dmsuta,90,stage5ext_00361,aaf1e4c69fbd1d1faf2fcbf3500fe62c714695d030ca2f945ff72ef0c02adfc3ff3b57023bc8367965617d4ca057efc9c9a11733d05858f18602fdc792ae9d84,South Asian English,south_asian,We will not have any money left.,WE WILL NOT HAVE ANY MONEY LEFT,5a0802aaf4d988181b387438380f0d613f0f3f16883edcb0a8562ad2327e1052
wav2vec2_large_lv60,dmsuta,90,stage5ext_00362,aaf1e4c69fbd1d1faf2fcbf3500fe62c714695d030ca2f945ff72ef0c02adfc3ff3b57023bc8367965617d4ca057efc9c9a11733d05858f18602fdc792ae9d84,South Asian English,south_asian,A magistrate.,A MAGISTRATE,5a0802aaf4d988181b387438380f0d613f0f3f16883edcb0a8562ad2327e1052
wav2vec2_large_lv60,dmsuta,90,stage5ext_00363,aaf1e4c69fbd1d1faf2fcbf3500fe62c714695d030ca2f945ff72ef0c02adfc3ff3b57023bc8367965617d4ca057efc9c9a11733d05858f18602fdc792ae9d84,South Asian English,south_asian,I know Daniel quite well.,I KNOW DANIEL QUITE WELL,5a0802aaf4d988181b387438380f0d613f0f3f16883edcb0a8562ad2327e1052
wav2vec2_large_lv60,dmsuta,90,stage5ext_00364,aaf1e4c69fbd1d1faf2fcbf3500fe62c714695d030ca2f945ff72ef0c02adfc3ff3b57023bc8367965617d4ca057efc9c9a11733d05858f18602fdc792ae9d84,South Asian English,south_asian,Mary found the website and showed it to Daniel.,MARY FOND E WET SIGHED AND SHOWED IT TO DANIEL,5a0802aaf4d988181b387438380f0d613f0f3f16883edcb0a8562ad2327e1052
wav2vec2_large_lv60,dmsuta,91,stage5ext_00365,aaf1e4c69fbd1d1faf2fcbf3500fe62c714695d030ca2f945ff72ef0c02adfc3ff3b57023bc8367965617d4ca057efc9c9a11733d05858f18602fdc792ae9d84,South Asian English,south_asian,"If you experience further problems, please let me know.",IF YOU EXPERIENCE FURTHER PROBLEMS PLEASE LET ME KNOW,39941a0656fda0688dc1249da02ee15dcc2750f26967313081802c3b3bb6e85e
wav2vec2_large_lv60,dmsuta,91,stage5ext_00366,aaf1e4c69fbd1d1faf2fcbf3500fe62c714695d030ca2f945ff72ef0c02adfc3ff3b57023bc8367965617d4ca057efc9c9a11733d05858f18602fdc792ae9d84,South Asian English,south_asian,Debra is a explorer that has been all over the world.,THE BRICA EXPLORER THAT HAS BEEN ALL OVER THE WORLD,39941a0656fda0688dc1249da02ee15dcc2750f26967313081802c3b3bb6e85e
wav2vec2_large_lv60,dmsuta,91,stage5ext_00367,aaf1e4c69fbd1d1faf2fcbf3500fe62c714695d030ca2f945ff72ef0c02adfc3ff3b57023bc8367965617d4ca057efc9c9a11733d05858f18602fdc792ae9d84,South Asian English,south_asian,Albert Einstein's famous equation E equals MC squared is one of the best known equations in physics.,ALBERTEIN STEYN'S FAMOUS EQUATION E EQUALS IMSISQUIDE IS ONE OF THE BEST KNOWN EQUATIONS IN PHYSICS,39941a0656fda0688dc1249da02ee15dcc2750f26967313081802c3b3bb6e85e
wav2vec2_large_lv60,dmsuta,91,stage5ext_00368,aaf1e4c69fbd1d1faf2fcbf3500fe62c714695d030ca2f945ff72ef0c02adfc3ff3b57023bc8367965617d4ca057efc9c9a11733d05858f18602fdc792ae9d84,South Asian English,south_asian,One good turn deserves another.,ONE GOOD TURN DESERVES ANOTHER,39941a0656fda0688dc1249da02ee15dcc2750f26967313081802c3b3bb6e85e
wav2vec2_large_lv60,dmsuta,92,stage5ext_00369,aaf1e4c69fbd1d1faf2fcbf3500fe62c714695d030ca2f945ff72ef0c02adfc3ff3b57023bc8367965617d4ca057efc9c9a11733d05858f18602fdc792ae9d84,South Asian English,south_asian,It has been so long since I have seen you!,IT HAS BEEN SO LONG SINCE I HAVE SEEN YOU,9ca8e64aaccb3fe2ca1f4bac171115d7ebe993771fa78bbe20cc619401bd21cf
wav2vec2_large_lv60,dmsuta,92,stage5ext_00370,aaf1e4c69fbd1d1faf2fcbf3500fe62c714695d030ca2f945ff72ef0c02adfc3ff3b57023bc8367965617d4ca057efc9c9a11733d05858f18602fdc792ae9d84,South Asian English,south_asian,William Shakespeare was an English poet and playwright that lived during the late sixteenth century.,WILLIAM SHAKESPEARE WAS AN ENGLISH POETE AND PLAYRATE THAT LIVED DURING THE LATE SIXTEENTH CENTURY,9ca8e64aaccb3fe2ca1f4bac171115d7ebe993771fa78bbe20cc619401bd21cf
wav2vec2_large_lv60,dmsuta,92,stage5ext_00371,aaf1e4c69fbd1d1faf2fcbf3500fe62c714695d030ca2f945ff72ef0c02adfc3ff3b57023bc8367965617d4ca057efc9c9a11733d05858f18602fdc792ae9d84,South Asian English,south_asian,The pup jerked the leash as he saw a feline shape.,THE POB JERKED THE LEASH AS HE SAW IFELINTRY,9ca8e64aaccb3fe2ca1f4bac171115d7ebe993771fa78bbe20cc619401bd21cf
wav2vec2_large_lv60,dmsuta,92,stage5ext_00372,aaf1e4c69fbd1d1faf2fcbf3500fe62c714695d030ca2f945ff72ef0c02adfc3ff3b57023bc8367965617d4ca057efc9c9a11733d05858f18602fdc792ae9d84,South Asian English,south_asian,Forty on Thursday is the name of the event.,FORTI UNTOLSIDO IS THE NAME OF THE EVENT,9ca8e64aaccb3fe2ca1f4bac171115d7ebe993771fa78bbe20cc619401bd21cf
wav2vec2_large_lv60,dmsuta,93,stage5ext_00373,aaf1e4c69fbd1d1faf2fcbf3500fe62c714695d030ca2f945ff72ef0c02adfc3ff3b57023bc8367965617d4ca057efc9c9a11733d05858f18602fdc792ae9d84,South Asian English,south_asian,The largest town is Abergavenny.,THE LARGEST TOWL IS ABEGAVANY,c19b038634fce068cf6a5a73bdfed93dbe4317619352ba459281a6c25f780cc6
wav2vec2_large_lv60,dmsuta,93,stage5ext_00374,aaf1e4c69fbd1d1faf2fcbf3500fe62c714695d030ca2f945ff72ef0c02adfc3ff3b57023bc8367965617d4ca057efc9c9a11733d05858f18602fdc792ae9d84,South Asian English,south_asian,No one has ever done it before.,NO ONE HAS OVERDONE IT BEFORE,c19b038634fce068cf6a5a73bdfed93dbe4317619352ba459281a6c25f780cc6
wav2vec2_large_lv60,dmsuta,93,stage5ext_00375,aaf1e4c69fbd1d1faf2fcbf3500fe62c714695d030ca2f945ff72ef0c02adfc3ff3b57023bc8367965617d4ca057efc9c9a11733d05858f18602fdc792ae9d84,South Asian English,south_asian,Two men spoke in Arabic while having a drink at the bar.,TWO MEN SPOKE IN ARABIC WHILE HAVING A DRINK AT THE BARL,c19b038634fce068cf6a5a73bdfed93dbe4317619352ba459281a6c25f780cc6
wav2vec2_large_lv60,dmsuta,93,stage5ext_00376,f7e25829f749c01cdf81e5c9cba92ab80af25ba7120bdb943094d45b56be1cc3b516ca22cc0a4aed4934a1c9af35e152ecc95a58b32ce448662acabb5b87bc76,South Asian English,south_asian,But you want to know something?,BUT YOU WANT TO KNOW SOMETHING,c19b038634fce068cf6a5a73bdfed93dbe4317619352ba459281a6c25f780cc6
wav2vec2_large_lv60,dmsuta,94,stage5ext_00377,f7e25829f749c01cdf81e5c9cba92ab80af25ba7120bdb943094d45b56be1cc3b516ca22cc0a4aed4934a1c9af35e152ecc95a58b32ce448662acabb5b87bc76,South Asian English,south_asian,The giraffe had become fearful.,THE GIRAPH HAD BECOME FEARFUL,d03c0100306e3679ae11e53d6a95cbe9e383af2de054f1b3f8c0a405d55e7ef8
wav2vec2_large_lv60,dmsuta,94,stage5ext_00378,f7e25829f749c01cdf81e5c9cba92ab80af25ba7120bdb943094d45b56be1cc3b516ca22cc0a4aed4934a1c9af35e152ecc95a58b32ce448662acabb5b87bc76,South Asian English,south_asian,Our deadline is coming up rapidly and we will need help.,OUR DEAD LINE IS COMING UP RAPIDLY AND WE WILL NEED HELP,d03c0100306e3679ae11e53d6a95cbe9e383af2de054f1b3f8c0a405d55e7ef8
wav2vec2_large_lv60,dmsuta,94,stage5ext_00379,f7e25829f749c01cdf81e5c9cba92ab80af25ba7120bdb943094d45b56be1cc3b516ca22cc0a4aed4934a1c9af35e152ecc95a58b32ce448662acabb5b87bc76,South Asian English,south_asian,I found it out a little late.,I'VE FOUND IT OUT A LITTLE LATE,d03c0100306e3679ae11e53d6a95cbe9e383af2de054f1b3f8c0a405d55e7ef8
wav2vec2_large_lv60,dmsuta,94,stage5ext_00380,f7e25829f749c01cdf81e5c9cba92ab80af25ba7120bdb943094d45b56be1cc3b516ca22cc0a4aed4934a1c9af35e152ecc95a58b32ce448662acabb5b87bc76,South Asian English,south_asian,Don't worry about that.,DON'T WORRY ABOUT THAT,d03c0100306e3679ae11e53d6a95cbe9e383af2de054f1b3f8c0a405d55e7ef8
wav2vec2_large_lv60,dmsuta,95,stage5ext_00381,f7e25829f749c01cdf81e5c9cba92ab80af25ba7120bdb943094d45b56be1cc3b516ca22cc0a4aed4934a1c9af35e152ecc95a58b32ce448662acabb5b87bc76,South Asian English,south_asian,I shouldn't think so.,I SHOULDN'T THINK SO,1301afb1f177bd3710360cca5a6e2a379e1a7e526b9e76f2af5eba4ba6fb73a7
wav2vec2_large_lv60,dmsuta,95,stage5ext_00382,f7e25829f749c01cdf81e5c9cba92ab80af25ba7120bdb943094d45b56be1cc3b516ca22cc0a4aed4934a1c9af35e152ecc95a58b32ce448662acabb5b87bc76,South Asian English,south_asian,Turning off gadgets that are not in use can save a lot of energy.,TURNING OFF GAGETS THAT ARE NOT IN USE CAN SAVE A LOT OF ENERGY,1301afb1f177bd3710360cca5a6e2a379e1a7e526b9e76f2af5eba4ba6fb73a7
wav2vec2_large_lv60,dmsuta,95,stage5ext_00383,f7e25829f749c01cdf81e5c9cba92ab80af25ba7120bdb943094d45b56be1cc3b516ca22cc0a4aed4934a1c9af35e152ecc95a58b32ce448662acabb5b87bc76,South Asian English,south_asian,There is a counter on the top left of the web page.,THERE IS A COUNTER ON THE TOP LEFT OF THE WEB PAGE,1301afb1f177bd3710360cca5a6e2a379e1a7e526b9e76f2af5eba4ba6fb73a7
wav2vec2_large_lv60,dmsuta,95,stage5ext_00384,f7e25829f749c01cdf81e5c9cba92ab80af25ba7120bdb943094d45b56be1cc3b516ca22cc0a4aed4934a1c9af35e152ecc95a58b32ce448662acabb5b87bc76,South Asian English,south_asian,You think you did.,YOU THINK YOU DID,1301afb1f177bd3710360cca5a6e2a379e1a7e526b9e76f2af5eba4ba6fb73a7
wav2vec2_large_lv60,dmsuta,96,stage5ext_00385,f7e25829f749c01cdf81e5c9cba92ab80af25ba7120bdb943094d45b56be1cc3b516ca22cc0a4aed4934a1c9af35e152ecc95a58b32ce448662acabb5b87bc76,South Asian English,south_asian,Maybe he'll give us one.,MAYBE HE'LL GIVE US ONE,6f203e98d548acb0b9c6544e3135ef1ff5e0070649a80d1666af012aab09ebfa
wav2vec2_large_lv60,dmsuta,96,stage5ext_00386,f7e25829f749c01cdf81e5c9cba92ab80af25ba7120bdb943094d45b56be1cc3b516ca22cc0a4aed4934a1c9af35e152ecc95a58b32ce448662acabb5b87bc76,South Asian English,south_asian,Better let me talk to him.,BETTER LET ME TALK TO HIM,6f203e98d548acb0b9c6544e3135ef1ff5e0070649a80d1666af012aab09ebfa
wav2vec2_large_lv60,dmsuta,96,stage5ext_00387,f7e25829f749c01cdf81e5c9cba92ab80af25ba7120bdb943094d45b56be1cc3b516ca22cc0a4aed4934a1c9af35e152ecc95a58b32ce448662acabb5b87bc76,South Asian English,south_asian,I don't want any plastics.,I DON'T WANT ANY PLASTICS,6f203e98d548acb0b9c6544e3135ef1ff5e0070649a80d1666af012aab09ebfa
wav2vec2_large_lv60,dmsuta,96,stage5ext_00388,f7e25829f749c01cdf81e5c9cba92ab80af25ba7120bdb943094d45b56be1cc3b516ca22cc0a4aed4934a1c9af35e152ecc95a58b32ce448662acabb5b87bc76,South Asian English,south_asian,Without a single quiver.,WITHOUT A SINGLE QUIVER,6f203e98d548acb0b9c6544e3135ef1ff5e0070649a80d1666af012aab09ebfa
wav2vec2_large_lv60,dmsuta,97,stage5ext_00389,f7e25829f749c01cdf81e5c9cba92ab80af25ba7120bdb943094d45b56be1cc3b516ca22cc0a4aed4934a1c9af35e152ecc95a58b32ce448662acabb5b87bc76,South Asian English,south_asian,I never saw it before.,I NEVER SAW IT BEFORE,671f8070a976d15548d48534c9b4ad7b5a08b3a9e89db7de7eb1415d3c271373
wav2vec2_large_lv60,dmsuta,97,stage5ext_00390,f7e25829f749c01cdf81e5c9cba92ab80af25ba7120bdb943094d45b56be1cc3b516ca22cc0a4aed4934a1c9af35e152ecc95a58b32ce448662acabb5b87bc76,South Asian English,south_asian,"The reason for this, is to discern your strengths.",THE REASON FOR THIS IS TO DISCERN YOUR STRENGTHS,671f8070a976d15548d48534c9b4ad7b5a08b3a9e89db7de7eb1415d3c271373
wav2vec2_large_lv60,dmsuta,97,stage5ext_00391,3f0b866ee8d4499e4c0de09d34862acbb1ea0139f53bf7f1271a8648fb35d9a3a31272a8bc7af870e3b52bf7f4cb51ae512fa07df79663eaeafa30221c0b200b,South Asian English,south_asian,"The perpetrators were never identified, and this monument has never been rebuilt.",THE PURGATORY FES MEN NEVER IDENTIFIED AND THIS MIMENT HAS NEVER BEEN REBIKED,671f8070a976d15548d48534c9b4ad7b5a08b3a9e89db7de7eb1415d3c271373
wav2vec2_large_lv60,dmsuta,97,stage5ext_00392,3f0b866ee8d4499e4c0de09d34862acbb1ea0139f53bf7f1271a8648fb35d9a3a31272a8bc7af870e3b52bf7f4cb51ae512fa07df79663eaeafa30221c0b200b,South Asian English,south_asian,"These songs include ""Never End,"" ""Please Smile Again,"" and ""Cross Over.",THESE SONGS INCLUDE NEVER AN WE SMILE AGAIN AND CROSSOLE,671f8070a976d15548d48534c9b4ad7b5a08b3a9e89db7de7eb1415d3c271373
wav2vec2_large_lv60,dmsuta,98,stage5ext_00393,3f0b866ee8d4499e4c0de09d34862acbb1ea0139f53bf7f1271a8648fb35d9a3a31272a8bc7af870e3b52bf7f4cb51ae512fa07df79663eaeafa30221c0b200b,South Asian English,south_asian,Water in the pool is continuously circulated through a filtration system.,WATER IN THE POOL IS CONTINUOUSLY CIRCULATER TO A PHILTRATION SYSTEM,17324220d157a3913ded0bda35deaa094386a7f54482c3d172abfb92a0adaf8f
wav2vec2_large_lv60,dmsuta,98,stage5ext_00394,3f0b866ee8d4499e4c0de09d34862acbb1ea0139f53bf7f1271a8648fb35d9a3a31272a8bc7af870e3b52bf7f4cb51ae512fa07df79663eaeafa30221c0b200b,South Asian English,south_asian,We maintain an array of roots indexed by timestamp.,WE MENTAIN AN AURAY OF FRUITS INDEX BY TIME STAMP,17324220d157a3913ded0bda35deaa094386a7f54482c3d172abfb92a0adaf8f
wav2vec2_large_lv60,dmsuta,98,stage5ext_00395,3f0b866ee8d4499e4c0de09d34862acbb1ea0139f53bf7f1271a8648fb35d9a3a31272a8bc7af870e3b52bf7f4cb51ae512fa07df79663eaeafa30221c0b200b,South Asian English,south_asian,"The educators lost, though commercial broadcasters were forced to air public affairs programs.",THE EDUCATORS LOST THOUGH COMMERCIAL PRODCASTERS WERE FORCED TO AID PUBLIC AFFAIRS PROGRAMS,17324220d157a3913ded0bda35deaa094386a7f54482c3d172abfb92a0adaf8f
wav2vec2_large_lv60,dmsuta,98,stage5ext_00396,3f0b866ee8d4499e4c0de09d34862acbb1ea0139f53bf7f1271a8648fb35d9a3a31272a8bc7af870e3b52bf7f4cb51ae512fa07df79663eaeafa30221c0b200b,South Asian English,south_asian,It is also the largest school in the state by size.,IT WAS ALSO THE LARGEST SCHOOL IN THE STREET BY SIT,17324220d157a3913ded0bda35deaa094386a7f54482c3d172abfb92a0adaf8f
wav2vec2_large_lv60,dmsuta,99,stage5ext_00397,3f0b866ee8d4499e4c0de09d34862acbb1ea0139f53bf7f1271a8648fb35d9a3a31272a8bc7af870e3b52bf7f4cb51ae512fa07df79663eaeafa30221c0b200b,South Asian English,south_asian,The band members decided to discontinue their mutual involvement.,THE BIRON WAS DECIDED FOR DISCONTINUE THE NUCHAIN WHAT NOT,8a9263f022d3760c20b79e1ead30d59160ef0dec2343514bda29e89b5b9b7896
wav2vec2_large_lv60,dmsuta,99,stage5ext_00398,3f0b866ee8d4499e4c0de09d34862acbb1ea0139f53bf7f1271a8648fb35d9a3a31272a8bc7af870e3b52bf7f4cb51ae512fa07df79663eaeafa30221c0b200b,South Asian English,south_asian,Highlights include a Gutenberg Bible and the Romanesque Lambeth Bible.,ID I SENT TRO A GUDENBORG BIBLE AND THE ROMAN HAS CLAMBERED BACK,8a9263f022d3760c20b79e1ead30d59160ef0dec2343514bda29e89b5b9b7896
wav2vec2_large_lv60,dmsuta,99,stage5ext_00399,3f0b866ee8d4499e4c0de09d34862acbb1ea0139f53bf7f1271a8648fb35d9a3a31272a8bc7af870e3b52bf7f4cb51ae512fa07df79663eaeafa30221c0b200b,South Asian English,south_asian,"The parents return, in bandages, having survived the fire.",PARENCS RETURN IN BANDAGES HARANSER WIVED THE FIRE,8a9263f022d3760c20b79e1ead30d59160ef0dec2343514bda29e89b5b9b7896
wav2vec2_large_lv60,dmsuta,99,stage5ext_00400,3f0b866ee8d4499e4c0de09d34862acbb1ea0139f53bf7f1271a8648fb35d9a3a31272a8bc7af870e3b52bf7f4cb51ae512fa07df79663eaeafa30221c0b200b,South Asian English,south_asian,"After the show, Sewercap talked to Jughead about officially reuniting Screeching Weasel.",AFTER THE SHOW SUVERCUP TALKED TO JUCKHEAD ABOUT OFFCIALYUNITING SCREECHING WAS,8a9263f022d3760c20b79e1ead30d59160ef0dec2343514bda29e89b5b9b7896
wav2vec2_large_lv60,dmsuta,100,stage5ext_00401,3f0b866ee8d4499e4c0de09d34862acbb1ea0139f53bf7f1271a8648fb35d9a3a31272a8bc7af870e3b52bf7f4cb51ae512fa07df79663eaeafa30221c0b200b,South Asian English,south_asian,Harpur served in various capacities in the New York government during the American Revolution.,HOPWAS SERVED IN THE GREATEST CAPACITIES IN THE NEW YORK GOVERNMENT DURING THE AMERICAN REVOLUTION,6453b47635438330b9ddb08b4414f01020111e39fa0f5493a2934b6654e1a590
wav2vec2_large_lv60,dmsuta,100,stage5ext_00402,3f0b866ee8d4499e4c0de09d34862acbb1ea0139f53bf7f1271a8648fb35d9a3a31272a8bc7af870e3b52bf7f4cb51ae512fa07df79663eaeafa30221c0b200b,South Asian English,south_asian,The program has won many awards for investigative journalism.,THE PROGRUMERS WON MANY AWARDS FOR INVESTIGATIVE JOURNELS,6453b47635438330b9ddb08b4414f01020111e39fa0f5493a2934b6654e1a590
wav2vec2_large_lv60,dmsuta,100,stage5ext_00403,3f0b866ee8d4499e4c0de09d34862acbb1ea0139f53bf7f1271a8648fb35d9a3a31272a8bc7af870e3b52bf7f4cb51ae512fa07df79663eaeafa30221c0b200b,South Asian English,south_asian,Information about Boffo and its games can still be found on the site.,INFORMATION ABOUT BAFO AND ITS GAMES CAN STILL BE FOUND ON THIS ECT,6453b47635438330b9ddb08b4414f01020111e39fa0f5493a2934b6654e1a590
wav2vec2_large_lv60,dmsuta,100,stage5ext_00404,3f0b866ee8d4499e4c0de09d34862acbb1ea0139f53bf7f1271a8648fb35d9a3a31272a8bc7af870e3b52bf7f4cb51ae512fa07df79663eaeafa30221c0b200b,South Asian English,south_asian,"Forestkith Goblin: Nocturnal hunters, also known as kith.",FORESTED GOBLIN NOCTURNAL HUNTERS ALSO KNOWN AS KIT,6453b47635438330b9ddb08b4414f01020111e39fa0f5493a2934b6654e1a590
wav2vec2_large_lv60,dmsuta,101,stage5ext_00405,3f0b866ee8d4499e4c0de09d34862acbb1ea0139f53bf7f1271a8648fb35d9a3a31272a8bc7af870e3b52bf7f4cb51ae512fa07df79663eaeafa30221c0b200b,South Asian English,south_asian,"Clearing facilities, security investments, cheques and overdraft protections were introduced.",CURIAN FACILITIES SECURETY INVESTMENTS CHECKS AND OLDER PRODECTIONS WERE INTRODUCED,7bd39a80ba6a127f3b24852295d97debbf7cd3409f1904819ffb02b46640aa96
wav2vec2_large_lv60,dmsuta,101,stage5ext_00406,73e8a395a2162293c7b4534d24818227a71f84f9f562d54db101f6576c15907499bf892f20f243b766b2da4de010cd4b697339df0b8c453740e425875c0eac05,South Asian English,south_asian,Each family is allowed one vote per each style of debate.,EACH FAMILY IS ALLOWED ONE WORD PER EACH STYLE OF BIBBET,7bd39a80ba6a127f3b24852295d97debbf7cd3409f1904819ffb02b46640aa96
wav2vec2_large_lv60,dmsuta,101,stage5ext_00407,73e8a395a2162293c7b4534d24818227a71f84f9f562d54db101f6576c15907499bf892f20f243b766b2da4de010cd4b697339df0b8c453740e425875c0eac05,South Asian English,south_asian,Min varieties are not mutually intelligible with any other varieties of Chinese.,WIN VARIETIES ARE NOT MUTUALLY INTELLIGIBLE WITH ANY OTHER VARIETIES OF CHINESE,7bd39a80ba6a127f3b24852295d97debbf7cd3409f1904819ffb02b46640aa96
wav2vec2_large_lv60,dmsuta,101,stage5ext_00408,73e8a395a2162293c7b4534d24818227a71f84f9f562d54db101f6576c15907499bf892f20f243b766b2da4de010cd4b697339df0b8c453740e425875c0eac05,South Asian English,south_asian,The sculptures on the pillars are truly beautiful.,THE SCULPTURES ON THE PILLARS ARE TRULY BEAUTIFUL,7bd39a80ba6a127f3b24852295d97debbf7cd3409f1904819ffb02b46640aa96
wav2vec2_large_lv60,dmsuta,102,stage5ext_00409,73e8a395a2162293c7b4534d24818227a71f84f9f562d54db101f6576c15907499bf892f20f243b766b2da4de010cd4b697339df0b8c453740e425875c0eac05,South Asian English,south_asian,"Examples of non-vibrating objects are mallets, hammers, and sticks.",EXAMPLES OF NON VIBRATING OBJECTS ARE MALLETS HAMMERS AND STICKS,49438a4f30db8447ca6bafe6594740e986e89d620f92d2b603fb52df8bc8ccdd
wav2vec2_large_lv60,dmsuta,102,stage5ext_00410,73e8a395a2162293c7b4534d24818227a71f84f9f562d54db101f6576c15907499bf892f20f243b766b2da4de010cd4b697339df0b8c453740e425875c0eac05,South Asian English,south_asian,"You place your choice in a sealed envelope, which is opened after the game.",YOU PLACE YOUR CHOICE IN A SEALED ENVELOPE WHICH IS OPENED AFTER THE GAME,49438a4f30db8447ca6bafe6594740e986e89d620f92d2b603fb52df8bc8ccdd
wav2vec2_large_lv60,dmsuta,102,stage5ext_00411,73e8a395a2162293c7b4534d24818227a71f84f9f562d54db101f6576c15907499bf892f20f243b766b2da4de010cd4b697339df0b8c453740e425875c0eac05,South Asian English,south_asian,The first was Buddy Ryan.,THE FIRST PIS MUDDY RAN,49438a4f30db8447ca6bafe6594740e986e89d620f92d2b603fb52df8bc8ccdd
wav2vec2_large_lv60,dmsuta,102,stage5ext_00412,73e8a395a2162293c7b4534d24818227a71f84f9f562d54db101f6576c15907499bf892f20f243b766b2da4de010cd4b697339df0b8c453740e425875c0eac05,South Asian English,south_asian,"His playing style is aggressive and he has won many ""best game"" awards.",HIS PLAYING STALIS AGRESIVE AND HE HAS WON MANY BEST GAME AWARDS,49438a4f30db8447ca6bafe6594740e986e89d620f92d2b603fb52df8bc8ccdd
wav2vec2_large_lv60,dmsuta,103,stage5ext_00413,73e8a395a2162293c7b4534d24818227a71f84f9f562d54db101f6576c15907499bf892f20f243b766b2da4de010cd4b697339df0b8c453740e425875c0eac05,South Asian English,south_asian,Their flight is weak.,THE FLIGT IS WEAK,b792fb848c83455b27c5301e692b7b2f6a7ace3fef20b87021f6da76c5ccb106
wav2vec2_large_lv60,dmsuta,103,stage5ext_00414,73e8a395a2162293c7b4534d24818227a71f84f9f562d54db101f6576c15907499bf892f20f243b766b2da4de010cd4b697339df0b8c453740e425875c0eac05,South Asian English,south_asian,"In many cases however, they are quite functional.",IN MANY CASES HOWEVER THEY ARE QUITE FUNCTIONAL,b792fb848c83455b27c5301e692b7b2f6a7ace3fef20b87021f6da76c5ccb106
wav2vec2_large_lv60,dmsuta,103,stage5ext_00415,73e8a395a2162293c7b4534d24818227a71f84f9f562d54db101f6576c15907499bf892f20f243b766b2da4de010cd4b697339df0b8c453740e425875c0eac05,South Asian English,south_asian,Ward went on to win the general election.,FAUDE WENT ON TO WIN THE GENERAL ELECTION,b792fb848c83455b27c5301e692b7b2f6a7ace3fef20b87021f6da76c5ccb106
wav2vec2_large_lv60,dmsuta,103,stage5ext_00416,73e8a395a2162293c7b4534d24818227a71f84f9f562d54db101f6576c15907499bf892f20f243b766b2da4de010cd4b697339df0b8c453740e425875c0eac05,South Asian English,south_asian,He is now a Free Agent.,HE IS NOW A FREE AGENT,b792fb848c83455b27c5301e692b7b2f6a7ace3fef20b87021f6da76c5ccb106
wav2vec2_large_lv60,dmsuta,104,stage5ext_00417,73e8a395a2162293c7b4534d24818227a71f84f9f562d54db101f6576c15907499bf892f20f243b766b2da4de010cd4b697339df0b8c453740e425875c0eac05,South Asian English,south_asian,Her other sponsors include Subway and Boost Mobile.,HER OTHER SPONSES INCLUDE SABVE AND BUST MOMBAT,66847cba08cfc772b5c229bb5b1334599ce87ee2ebdd403f07ec83d79a400782
wav2vec2_large_lv60,dmsuta,104,stage5ext_00418,73e8a395a2162293c7b4534d24818227a71f84f9f562d54db101f6576c15907499bf892f20f243b766b2da4de010cd4b697339df0b8c453740e425875c0eac05,South Asian English,south_asian,I've never been asked to do one.,I'VE NEVER BEEN ASKED TO DO ONE,66847cba08cfc772b5c229bb5b1334599ce87ee2ebdd403f07ec83d79a400782
wav2vec2_large_lv60,dmsuta,104,stage5ext_00419,73e8a395a2162293c7b4534d24818227a71f84f9f562d54db101f6576c15907499bf892f20f243b766b2da4de010cd4b697339df0b8c453740e425875c0eac05,South Asian English,south_asian,"Therefore, these schools are significantly divided in terms of both abilities and career aims.",THEREFORE THESE SCHOOLS ARE SIGNIFICANTLY DIVIDED IN TERMS OF BOTH ABILITIES AND CARRIER AIMS,66847cba08cfc772b5c229bb5b1334599ce87ee2ebdd403f07ec83d79a400782
wav2vec2_large_lv60,dmsuta,104,stage5ext_00420,73e8a395a2162293c7b4534d24818227a71f84f9f562d54db101f6576c15907499bf892f20f243b766b2da4de010cd4b697339df0b8c453740e425875c0eac05,South Asian English,south_asian,The Ottoman village of Mulebbis appears at this site on the British survey map.,THE AUTOMAN VILLAGE OF MELBIS APPEARS AT THIS SIGT ON THE BRITISH SERVAY MAP,66847cba08cfc772b5c229bb5b1334599ce87ee2ebdd403f07ec83d79a400782
wav2vec2_large_lv60,dmsuta,105,stage5ext_00421,ea49524d52bc56b865f1207ba65e9a5c30cab647b575ba84d0332c740de52bef6922ee19c49e44db615889cbabebbfa52440b31858fac8660d5e97eb4593687f,South Asian English,south_asian,Do you have Hugo's phone number?,DO YE HAVE HUGOTS POR NUMBER,5dcc07c199f1789b58d08484e724854ddb5222dc3d37a85928a5259d19bd9bd7
wav2vec2_large_lv60,dmsuta,105,stage5ext_00422,ea49524d52bc56b865f1207ba65e9a5c30cab647b575ba84d0332c740de52bef6922ee19c49e44db615889cbabebbfa52440b31858fac8660d5e97eb4593687f,South Asian English,south_asian,"In the United States, we use paper bags for shopping.",IN THE UNITED STATES WE USE PAPE BEKS POT SHOPPING,5dcc07c199f1789b58d08484e724854ddb5222dc3d37a85928a5259d19bd9bd7
wav2vec2_large_lv60,dmsuta,105,stage5ext_00423,ea49524d52bc56b865f1207ba65e9a5c30cab647b575ba84d0332c740de52bef6922ee19c49e44db615889cbabebbfa52440b31858fac8660d5e97eb4593687f,South Asian English,south_asian,"Olivia, have you seen my keys?",OLVIR HAVE YOU SEEN MY KIT,5dcc07c199f1789b58d08484e724854ddb5222dc3d37a85928a5259d19bd9bd7
wav2vec2_large_lv60,dmsuta,105,stage5ext_00424,ea49524d52bc56b865f1207ba65e9a5c30cab647b575ba84d0332c740de52bef6922ee19c49e44db615889cbabebbfa52440b31858fac8660d5e97eb4593687f,South Asian English,south_asian,Someone set fire to the trash.,SOMEONE SET FIRE TO THE TRESH,5dcc07c199f1789b58d08484e724854ddb5222dc3d37a85928a5259d19bd9bd7
wav2vec2_large_lv60,dmsuta,106,stage5ext_00425,ea49524d52bc56b865f1207ba65e9a5c30cab647b575ba84d0332c740de52bef6922ee19c49e44db615889cbabebbfa52440b31858fac8660d5e97eb4593687f,South Asian English,south_asian,Angela wanted to copy everything he had done.,ANGELA WANTED TO COPY EVERYTHING HE HAD DONE,879dce581324ac9cd842162c3a468df24c2210de2b5589e8e83ce22d0d1a9536
wav2vec2_large_lv60,dmsuta,106,stage5ext_00426,ea49524d52bc56b865f1207ba65e9a5c30cab647b575ba84d0332c740de52bef6922ee19c49e44db615889cbabebbfa52440b31858fac8660d5e97eb4593687f,South Asian English,south_asian,Good playgrounds have much more to offer than swings and slides.,GOOD PLAYGROUNDS HAVE MUCH MORE TO OFFER THAN SWINGS AND SLIDES,879dce581324ac9cd842162c3a468df24c2210de2b5589e8e83ce22d0d1a9536
wav2vec2_large_lv60,dmsuta,106,stage5ext_00427,ea49524d52bc56b865f1207ba65e9a5c30cab647b575ba84d0332c740de52bef6922ee19c49e44db615889cbabebbfa52440b31858fac8660d5e97eb4593687f,South Asian English,south_asian,What does it all mean?,WHAT DOES IT ALL MEAN,879dce581324ac9cd842162c3a468df24c2210de2b5589e8e83ce22d0d1a9536
wav2vec2_large_lv60,dmsuta,106,stage5ext_00428,ea49524d52bc56b865f1207ba65e9a5c30cab647b575ba84d0332c740de52bef6922ee19c49e44db615889cbabebbfa52440b31858fac8660d5e97eb4593687f,South Asian English,south_asian,A musical composition for seven instruments,A MUSICAL COMPOSITION PORSEAN INSTRUMENT,879dce581324ac9cd842162c3a468df24c2210de2b5589e8e83ce22d0d1a9536
wav2vec2_large_lv60,dmsuta,107,stage5ext_00429,ea49524d52bc56b865f1207ba65e9a5c30cab647b575ba84d0332c740de52bef6922ee19c49e44db615889cbabebbfa52440b31858fac8660d5e97eb4593687f,South Asian English,south_asian,Temper is so good a thing that we should never lose it.,TEMPER IS SO GOOD A THING THAT WE SHOULD NEVER LOSE IT,33196a03b3ebe711f9dbedfa045195c778356a5b1eaad171c85876e545244f5a
wav2vec2_large_lv60,dmsuta,107,stage5ext_00430,ea49524d52bc56b865f1207ba65e9a5c30cab647b575ba84d0332c740de52bef6922ee19c49e44db615889cbabebbfa52440b31858fac8660d5e97eb4593687f,South Asian English,south_asian,She has a smart way of wearing clothes.,SHE HAD A SMART WAY OF WEARING CLOTHS,33196a03b3ebe711f9dbedfa045195c778356a5b1eaad171c85876e545244f5a
wav2vec2_large_lv60,dmsuta,107,stage5ext_00431,ea49524d52bc56b865f1207ba65e9a5c30cab647b575ba84d0332c740de52bef6922ee19c49e44db615889cbabebbfa52440b31858fac8660d5e97eb4593687f,South Asian English,south_asian,They have prejudices against foreigners.,THEY HELD PREJUDICES AGAINST PORINARSA,33196a03b3ebe711f9dbedfa045195c778356a5b1eaad171c85876e545244f5a
wav2vec2_large_lv60,dmsuta,107,stage5ext_00432,ea49524d52bc56b865f1207ba65e9a5c30cab647b575ba84d0332c740de52bef6922ee19c49e44db615889cbabebbfa52440b31858fac8660d5e97eb4593687f,South Asian English,south_asian,He has enough who is content.,HE HAS ENOUGH WHO IS CONTENT,33196a03b3ebe711f9dbedfa045195c778356a5b1eaad171c85876e545244f5a
wav2vec2_large_lv60,dmsuta,108,stage5ext_00433,ea49524d52bc56b865f1207ba65e9a5c30cab647b575ba84d0332c740de52bef6922ee19c49e44db615889cbabebbfa52440b31858fac8660d5e97eb4593687f,South Asian English,south_asian,The toilet needed cleaning.,THE TOILET NEEDED GANING,1d289b95916945ca3c377684a736aa5b22c965151263f43910061db7bd654d36
wav2vec2_large_lv60,dmsuta,108,stage5ext_00434,ea49524d52bc56b865f1207ba65e9a5c30cab647b575ba84d0332c740de52bef6922ee19c49e44db615889cbabebbfa52440b31858fac8660d5e97eb4593687f,South Asian English,south_asian,There's no accounting for tastes,THERE IS NO ACCOUNTING FOR TESTS,1d289b95916945ca3c377684a736aa5b22c965151263f43910061db7bd654d36
wav2vec2_large_lv60,dmsuta,108,stage5ext_00435,ea49524d52bc56b865f1207ba65e9a5c30cab647b575ba84d0332c740de52bef6922ee19c49e44db615889cbabebbfa52440b31858fac8660d5e97eb4593687f,South Asian English,south_asian,"Yours sincerely, Satan.",YOURS SINCERELY CATAN,1d289b95916945ca3c377684a736aa5b22c965151263f43910061db7bd654d36
wav2vec2_large_lv60,dmsuta,108,stage5ext_00436,6df207be7ccedf5176284312e3017cd9d7ddb990efbd395e8e8d1a4f2aca4eac93a420f82a1b88c2cc4a7728b9bfb612cdbeccdb6bb50e3f1aec155e5603f59f,South Asian English,south_asian,Ogilvy watched till one and then gave up.,OGGILBE WATCHED TILL ONE AND THEN GAVE UP,1d289b95916945ca3c377684a736aa5b22c965151263f43910061db7bd654d36
wav2vec2_large_lv60,dmsuta,109,stage5ext_00437,6df207be7ccedf5176284312e3017cd9d7ddb990efbd395e8e8d1a4f2aca4eac93a420f82a1b88c2cc4a7728b9bfb612cdbeccdb6bb50e3f1aec155e5603f59f,South Asian English,south_asian,The desert didn't answer him for a few moments.,HER DESERT DIDN'T ANSWER HIM FOR A FEW MOMENTS,69d9ad05d3212ac443e17d93a75dee3a1f56d2bbc6a4b86258a5c968261680f8
wav2vec2_large_lv60,dmsuta,109,stage5ext_00438,6df207be7ccedf5176284312e3017cd9d7ddb990efbd395e8e8d1a4f2aca4eac93a420f82a1b88c2cc4a7728b9bfb612cdbeccdb6bb50e3f1aec155e5603f59f,South Asian English,south_asian,Once again he was experiencing the language without words...,ONCE AGAIN HE WAS EXPERIENCING THE LANGUAGE WITHOUT WORDS,69d9ad05d3212ac443e17d93a75dee3a1f56d2bbc6a4b86258a5c968261680f8
wav2vec2_large_lv60,dmsuta,109,stage5ext_00439,6df207be7ccedf5176284312e3017cd9d7ddb990efbd395e8e8d1a4f2aca4eac93a420f82a1b88c2cc4a7728b9bfb612cdbeccdb6bb50e3f1aec155e5603f59f,South Asian English,south_asian,"The sheep will get used to my not being there, too, the boy thought.",THE SHEEP CAN GET USED TO MY NOT BEING THERE TOO THE BOY THOUGHT,69d9ad05d3212ac443e17d93a75dee3a1f56d2bbc6a4b86258a5c968261680f8
wav2vec2_large_lv60,dmsuta,109,stage5ext_00440,6df207be7ccedf5176284312e3017cd9d7ddb990efbd395e8e8d1a4f2aca4eac93a420f82a1b88c2cc4a7728b9bfb612cdbeccdb6bb50e3f1aec155e5603f59f,South Asian English,south_asian,Everything you need to know you have learned through your journey.,EVERYTHING YOU NEED TO KNOW YOU HAVE LEARNED THROUGH YOUR JOURNEY,69d9ad05d3212ac443e17d93a75dee3a1f56d2bbc6a4b86258a5c968261680f8
wav2vec2_large_lv60,dmsuta,110,stage5ext_00441,6df207be7ccedf5176284312e3017cd9d7ddb990efbd395e8e8d1a4f2aca4eac93a420f82a1b88c2cc4a7728b9bfb612cdbeccdb6bb50e3f1aec155e5603f59f,South Asian English,south_asian,"You and I aren't like Hassan, that rich merchant.",YOU AND I AREN'T LIKE HUSSAN THAT RICH MERCHANT,3685bf2985e2eb240a5b4920bdc393565a492e36ef063f8c91c5eb9960cd6700
wav2vec2_large_lv60,dmsuta,110,stage5ext_00442,6df207be7ccedf5176284312e3017cd9d7ddb990efbd395e8e8d1a4f2aca4eac93a420f82a1b88c2cc4a7728b9bfb612cdbeccdb6bb50e3f1aec155e5603f59f,South Asian English,south_asian,But they really don't know what they're saying.,BUT THEY REALLY DON'T KNOW WHAT THEY ARE SAYING,3685bf2985e2eb240a5b4920bdc393565a492e36ef063f8c91c5eb9960cd6700
wav2vec2_large_lv60,dmsuta,110,stage5ext_00443,6df207be7ccedf5176284312e3017cd9d7ddb990efbd395e8e8d1a4f2aca4eac93a420f82a1b88c2cc4a7728b9bfb612cdbeccdb6bb50e3f1aec155e5603f59f,South Asian English,south_asian,The boy remembered an old proverb from his country.,THE BOY REMEMBERED AN OLD PROVERB FROM HIS COUNTRY,3685bf2985e2eb240a5b4920bdc393565a492e36ef063f8c91c5eb9960cd6700
wav2vec2_large_lv60,dmsuta,110,stage5ext_00444,6df207be7ccedf5176284312e3017cd9d7ddb990efbd395e8e8d1a4f2aca4eac93a420f82a1b88c2cc4a7728b9bfb612cdbeccdb6bb50e3f1aec155e5603f59f,South Asian English,south_asian,Henderson stood up with a spade in his hand.,HENDERSON STOOD UP WITH A SPADE IN HIS HAND,3685bf2985e2eb240a5b4920bdc393565a492e36ef063f8c91c5eb9960cd6700
wav2vec2_large_lv60,dmsuta,111,stage5ext_00445,6df207be7ccedf5176284312e3017cd9d7ddb990efbd395e8e8d1a4f2aca4eac93a420f82a1b88c2cc4a7728b9bfb612cdbeccdb6bb50e3f1aec155e5603f59f,South Asian English,south_asian,"The alchemists spent years in their laboratories, observing the fire that purified the metals.",THE ALCHEMISTS SPENT YEARS IN THEIR LABORATORIES OBSERVING THE FILE THAT PURIFIED TEMETALS,5e8f2e5674d673929cbe6699668a04aea5c2cf2c16dc3d6a502a22e374ee9998
wav2vec2_large_lv60,dmsuta,111,stage5ext_00446,6df207be7ccedf5176284312e3017cd9d7ddb990efbd395e8e8d1a4f2aca4eac93a420f82a1b88c2cc4a7728b9bfb612cdbeccdb6bb50e3f1aec155e5603f59f,South Asian English,south_asian,His eyes filled with tears as he spoke of the Prophet.,HIS EYES FILLED WITH TEARS AS HE SPOKE OF THE PROPHET,5e8f2e5674d673929cbe6699668a04aea5c2cf2c16dc3d6a502a22e374ee9998
wav2vec2_large_lv60,dmsuta,111,stage5ext_00447,6df207be7ccedf5176284312e3017cd9d7ddb990efbd395e8e8d1a4f2aca4eac93a420f82a1b88c2cc4a7728b9bfb612cdbeccdb6bb50e3f1aec155e5603f59f,South Asian English,south_asian,"Maybe the alchemist has never been in love, the boy thought.",MAYBE THE ALCHEMIST HAS NEVER BEEN IN LOVE THE BOY THOUGHT,5e8f2e5674d673929cbe6699668a04aea5c2cf2c16dc3d6a502a22e374ee9998
wav2vec2_large_lv60,dmsuta,111,stage5ext_00448,6df207be7ccedf5176284312e3017cd9d7ddb990efbd395e8e8d1a4f2aca4eac93a420f82a1b88c2cc4a7728b9bfb612cdbeccdb6bb50e3f1aec155e5603f59f,South Asian English,south_asian,"He dressed in his Arabian clothing of white linen, bought especially for this day.",HE DRESSED IN HIS ARABIAN CLOTHING OF WHITE LINEN BOUGHT ESPECIALLY FOR THIS DAY,5e8f2e5674d673929cbe6699668a04aea5c2cf2c16dc3d6a502a22e374ee9998
wav2vec2_large_lv60,dmsuta,112,stage5ext_00449,6df207be7ccedf5176284312e3017cd9d7ddb990efbd395e8e8d1a4f2aca4eac93a420f82a1b88c2cc4a7728b9bfb612cdbeccdb6bb50e3f1aec155e5603f59f,South Asian English,south_asian,I don't want anything for myself.,I DON'T WANT ANY PEOPN I SAP,6586104cd2531d51215500cd9724e141a277a05357b7654c3db65f61d176de57
wav2vec2_large_lv60,dmsuta,112,stage5ext_00450,6df207be7ccedf5176284312e3017cd9d7ddb990efbd395e8e8d1a4f2aca4eac93a420f82a1b88c2cc4a7728b9bfb612cdbeccdb6bb50e3f1aec155e5603f59f,South Asian English,south_asian,"An hour later, he had before him a chest of Spanish gold coins.",AN HOUR LATER HE HAD BEFORE HIM A CHEST OF SPANISH GOLD COINS,6586104cd2531d51215500cd9724e141a277a05357b7654c3db65f61d176de57
wav2vec2_large_lv60,dmsuta,112,stage5ext_00451,0e60a578941d41849394691c611be044c19753d68b3dc6ca38dd1526016c9536219350c8aa1d6c0b974bc68c24592c39030a094ed6223399ab873f93e6a457a2,Australian English,australia,He surveyed the land near Fairbanks and started the Fairbanks Experiment Farm.,HE SURVEYED THE LAND NEAR FAIRBANKS AND STARTED THE FAIRBANK'S EXPERIMENT FARM,6586104cd2531d51215500cd9724e141a277a05357b7654c3db65f61d176de57
wav2vec2_large_lv60,dmsuta,112,stage5ext_00452,0e60a578941d41849394691c611be044c19753d68b3dc6ca38dd1526016c9536219350c8aa1d6c0b974bc68c24592c39030a094ed6223399ab873f93e6a457a2,Australian English,australia,"These sites are equipped with firewood, pit privies, picnic tables and food storage containers.",THESE SITES ARE EQUIPPED WITH FIREWOOD PICK PRIVIES PICNIC TABLES AND FOOD STORAGE CONTAINERS,6586104cd2531d51215500cd9724e141a277a05357b7654c3db65f61d176de57
wav2vec2_large_lv60,dmsuta,113,stage5ext_00453,0e60a578941d41849394691c611be044c19753d68b3dc6ca38dd1526016c9536219350c8aa1d6c0b974bc68c24592c39030a094ed6223399ab873f93e6a457a2,Australian English,australia,He was second billed at the Earls Court Music festival with Jay-Z.,HE WAS SECOND BILD AT THE EARL COURT MUSIC FESTIVAL WITH J Z,ce05da0284dd857da20d8059474a5b87af7da1ec0e0328c9a7802ee1b277b2a1
wav2vec2_large_lv60,dmsuta,113,stage5ext_00454,0e60a578941d41849394691c611be044c19753d68b3dc6ca38dd1526016c9536219350c8aa1d6c0b974bc68c24592c39030a094ed6223399ab873f93e6a457a2,Australian English,australia,"As a result, most of the buildings are older, and are often walk-up apartments.",AS A RESULT MOST OF THE BUILDINGS ARE OLDER AND ARE OFTEN WALK UP APARTMENTS,ce05da0284dd857da20d8059474a5b87af7da1ec0e0328c9a7802ee1b277b2a1
wav2vec2_large_lv60,dmsuta,113,stage5ext_00455,0e60a578941d41849394691c611be044c19753d68b3dc6ca38dd1526016c9536219350c8aa1d6c0b974bc68c24592c39030a094ed6223399ab873f93e6a457a2,Australian English,australia,"His credits include episodes of ""The Twilight Zone"" and ""The Alfred Hitchcock Hour"".",HIS CREDITS INCLUDE EPISODES OF THE TWILIGHT ZONE AND THE ALFRED HITCHCOCK HOUR,ce05da0284dd857da20d8059474a5b87af7da1ec0e0328c9a7802ee1b277b2a1
wav2vec2_large_lv60,dmsuta,113,stage5ext_00456,0e60a578941d41849394691c611be044c19753d68b3dc6ca38dd1526016c9536219350c8aa1d6c0b974bc68c24592c39030a094ed6223399ab873f93e6a457a2,Australian English,australia,The party aligned itself with the Comintern.,THE PARTY ALLIGNED ITSELF WITH THE COMMONTURN,ce05da0284dd857da20d8059474a5b87af7da1ec0e0328c9a7802ee1b277b2a1
wav2vec2_large_lv60,dmsuta,114,stage5ext_00457,0e60a578941d41849394691c611be044c19753d68b3dc6ca38dd1526016c9536219350c8aa1d6c0b974bc68c24592c39030a094ed6223399ab873f93e6a457a2,Australian English,australia,"On one occasion, Suetonius writes, Vespasian was pelted with turnips.",ON ONE OCCASION SEUTONIUS WRITES VESPASSION WAS PELTED WITH TURNIPS,6cca1a1a45b07320ab26fe5d7f9d96e9f16c2db58228cf6d6cfe0c056a8fe18a
wav2vec2_large_lv60,dmsuta,114,stage5ext_00458,0e60a578941d41849394691c611be044c19753d68b3dc6ca38dd1526016c9536219350c8aa1d6c0b974bc68c24592c39030a094ed6223399ab873f93e6a457a2,Australian English,australia,"She felt that modern society had ""blunted"" children.",SHE FELT THAT MODERN SOCIETY HAD BLUNTED CHILDREN,6cca1a1a45b07320ab26fe5d7f9d96e9f16c2db58228cf6d6cfe0c056a8fe18a
wav2vec2_large_lv60,dmsuta,114,stage5ext_00459,0e60a578941d41849394691c611be044c19753d68b3dc6ca38dd1526016c9536219350c8aa1d6c0b974bc68c24592c39030a094ed6223399ab873f93e6a457a2,Australian English,australia,Those in Thailand live close to the Hmong and northern Thai.,THOSE IN TYELAND LIVE CLOSE TO THE MONG AND NORTHERN TIE,6cca1a1a45b07320ab26fe5d7f9d96e9f16c2db58228cf6d6cfe0c056a8fe18a
wav2vec2_large_lv60,dmsuta,114,stage5ext_00460,0e60a578941d41849394691c611be044c19753d68b3dc6ca38dd1526016c9536219350c8aa1d6c0b974bc68c24592c39030a094ed6223399ab873f93e6a457a2,Australian English,australia,His competitive debut followed a few days later.,HIS COMPETITIVE DEBIEU FOLLOWED A FEW DAYS LATER,6cca1a1a45b07320ab26fe5d7f9d96e9f16c2db58228cf6d6cfe0c056a8fe18a
wav2vec2_large_lv60,dmsuta,115,stage5ext_00461,0e60a578941d41849394691c611be044c19753d68b3dc6ca38dd1526016c9536219350c8aa1d6c0b974bc68c24592c39030a094ed6223399ab873f93e6a457a2,Australian English,australia,It is headquartered in Dubna in the Moscow Oblast.,IT IS HEADQUARTERED IN DUBNER IN THE MOSCOW OBLAST,c4d64d512eea3945b13d7893d6fac025598540bfa6dea8fb6d450f554d86d5f1
wav2vec2_large_lv60,dmsuta,115,stage5ext_00462,0e60a578941d41849394691c611be044c19753d68b3dc6ca38dd1526016c9536219350c8aa1d6c0b974bc68c24592c39030a094ed6223399ab873f93e6a457a2,Australian English,australia,Upon surrender the tribe was expelled.,UPON SURRENDER THE TRIBE WAS EXPELLED,c4d64d512eea3945b13d7893d6fac025598540bfa6dea8fb6d450f554d86d5f1
wav2vec2_large_lv60,dmsuta,115,stage5ext_00463,0e60a578941d41849394691c611be044c19753d68b3dc6ca38dd1526016c9536219350c8aa1d6c0b974bc68c24592c39030a094ed6223399ab873f93e6a457a2,Australian English,australia,His skills in what we now characterize as guerrilla warfare were justly famous.,HIS SKILLS IN WHAT WE NOW CHARACTERIZE AS GORILLA WARFARE WERE JUSTLY FAMOUS,c4d64d512eea3945b13d7893d6fac025598540bfa6dea8fb6d450f554d86d5f1
wav2vec2_large_lv60,dmsuta,115,stage5ext_00464,0e60a578941d41849394691c611be044c19753d68b3dc6ca38dd1526016c9536219350c8aa1d6c0b974bc68c24592c39030a094ed6223399ab873f93e6a457a2,Australian English,australia,Donald C. Owens.,DONALD C OLENS,c4d64d512eea3945b13d7893d6fac025598540bfa6dea8fb6d450f554d86d5f1
wav2vec2_large_lv60,dmsuta,116,stage5ext_00465,0e60a578941d41849394691c611be044c19753d68b3dc6ca38dd1526016c9536219350c8aa1d6c0b974bc68c24592c39030a094ed6223399ab873f93e6a457a2,Australian English,australia,Most of operating surplus will normally consist of gross profit income.,MOST OF OPERATING SURPLUS WILL NORMALLY CONSIST OF GROSS PROFIT INCOME,1149d248f19b01fd9a9ac8736c0f25646664daadc638a4ed57a14d0ee5a138bd
wav2vec2_large_lv60,dmsuta,116,stage5ext_00466,6a6b32832defa516dce6922d2300294d6e7f670b8f867ed3f8f7e291df5150f55cde5ad06e44e4d126e3687b818fe5f23e70a1cd189217bc55d1f9f21ced88e0,Australian English,australia,"These delineations, however, are not definitive.",THESE DELINEATIONS HOWEVER ARE NOT DEFINITIVE,1149d248f19b01fd9a9ac8736c0f25646664daadc638a4ed57a14d0ee5a138bd
wav2vec2_large_lv60,dmsuta,116,stage5ext_00467,6a6b32832defa516dce6922d2300294d6e7f670b8f867ed3f8f7e291df5150f55cde5ad06e44e4d126e3687b818fe5f23e70a1cd189217bc55d1f9f21ced88e0,Australian English,australia,"When he returned to Canada the following year, he had gained few supplies.",WHEN HE RETURNED TO CANADA THE FOLLOWING YEAR HE HAD GAINED FEW SUPPLIES,1149d248f19b01fd9a9ac8736c0f25646664daadc638a4ed57a14d0ee5a138bd
wav2vec2_large_lv60,dmsuta,116,stage5ext_00468,6a6b32832defa516dce6922d2300294d6e7f670b8f867ed3f8f7e291df5150f55cde5ad06e44e4d126e3687b818fe5f23e70a1cd189217bc55d1f9f21ced88e0,Australian English,australia,Eos published the third edition of Nobilis and a supplement.,EOS PUBLISHED THE THIRD EDITION OF NOBELIS AND A SUPPLEMENT,1149d248f19b01fd9a9ac8736c0f25646664daadc638a4ed57a14d0ee5a138bd
wav2vec2_large_lv60,dmsuta,117,stage5ext_00469,6a6b32832defa516dce6922d2300294d6e7f670b8f867ed3f8f7e291df5150f55cde5ad06e44e4d126e3687b818fe5f23e70a1cd189217bc55d1f9f21ced88e0,Australian English,australia,This prevents damage to the optics in the amplifier.,THIS PREVENTS DAMAGE TO THE OPTICS IN THE AMPLIFIER,73bb25a617ac91378a6e7a9b4ab2db7fb431dd5ab038e633618a210559fc2152
wav2vec2_large_lv60,dmsuta,117,stage5ext_00470,6a6b32832defa516dce6922d2300294d6e7f670b8f867ed3f8f7e291df5150f55cde5ad06e44e4d126e3687b818fe5f23e70a1cd189217bc55d1f9f21ced88e0,Australian English,australia,"Prince's Park also influenced its near neighbour, Sefton Park.",PRINCE'S PARK ALSO INFLUENCED ITS NEAR NEIGHBOR SIFTON PARK,73bb25a617ac91378a6e7a9b4ab2db7fb431dd5ab038e633618a210559fc2152
wav2vec2_large_lv60,dmsuta,117,stage5ext_00471,6a6b32832defa516dce6922d2300294d6e7f670b8f867ed3f8f7e291df5150f55cde5ad06e44e4d126e3687b818fe5f23e70a1cd189217bc55d1f9f21ced88e0,Australian English,australia,The location is a primary advantage of the faculty.,THE LOCATION IS E PRIMARY ADVANTAGE OF THE FACULTY,73bb25a617ac91378a6e7a9b4ab2db7fb431dd5ab038e633618a210559fc2152
wav2vec2_large_lv60,dmsuta,117,stage5ext_00472,6a6b32832defa516dce6922d2300294d6e7f670b8f867ed3f8f7e291df5150f55cde5ad06e44e4d126e3687b818fe5f23e70a1cd189217bc55d1f9f21ced88e0,Australian English,australia,The caps are placed behind the casing.,THE CUPS ARE PLACED BEHIND THE CASING,73bb25a617ac91378a6e7a9b4ab2db7fb431dd5ab038e633618a210559fc2152
wav2vec2_large_lv60,dmsuta,118,stage5ext_00473,6a6b32832defa516dce6922d2300294d6e7f670b8f867ed3f8f7e291df5150f55cde5ad06e44e4d126e3687b818fe5f23e70a1cd189217bc55d1f9f21ced88e0,Australian English,australia,It falls within the old copper quarter of Landore electoral ward.,IT FALLS WITHIN THE OLD COPPER QUARTER OF LANDOR ELECTRALWARD,c9998b5e6705ac8dbf8ff8a165b0d361f5e836554e40f2b4c18655ac638b7a23
wav2vec2_large_lv60,dmsuta,118,stage5ext_00474,6a6b32832defa516dce6922d2300294d6e7f670b8f867ed3f8f7e291df5150f55cde5ad06e44e4d126e3687b818fe5f23e70a1cd189217bc55d1f9f21ced88e0,Australian English,australia,It was merged into the existing Billund municipality.,IT WAS MERGED INTO THE EXISTING BILLAND MUNICIPALITY,c9998b5e6705ac8dbf8ff8a165b0d361f5e836554e40f2b4c18655ac638b7a23
wav2vec2_large_lv60,dmsuta,118,stage5ext_00475,6a6b32832defa516dce6922d2300294d6e7f670b8f867ed3f8f7e291df5150f55cde5ad06e44e4d126e3687b818fe5f23e70a1cd189217bc55d1f9f21ced88e0,Australian English,australia,"Rossi is married, with four children, and lives in Sammamish, Washington.",RUSSY IS MARRIED WITH FOUR CHILDREN AND LIVES IN SAMAMICH WASHINGTON,c9998b5e6705ac8dbf8ff8a165b0d361f5e836554e40f2b4c18655ac638b7a23
wav2vec2_large_lv60,dmsuta,118,stage5ext_00476,6a6b32832defa516dce6922d2300294d6e7f670b8f867ed3f8f7e291df5150f55cde5ad06e44e4d126e3687b818fe5f23e70a1cd189217bc55d1f9f21ced88e0,Australian English,australia,It is a peaceful place nestled in greenery.,IT IS A PEACEFUL PLACE NESTLED IN GREANARY,c9998b5e6705ac8dbf8ff8a165b0d361f5e836554e40f2b4c18655ac638b7a23
wav2vec2_large_lv60,dmsuta,119,stage5ext_00477,6a6b32832defa516dce6922d2300294d6e7f670b8f867ed3f8f7e291df5150f55cde5ad06e44e4d126e3687b818fe5f23e70a1cd189217bc55d1f9f21ced88e0,Australian English,australia,During the fighting the Saint-Quentin collegiate church was badly damaged by fire.,DURING THE FIGHTING THE SAINT QUINTON COLEG CHURCH WAS BADLY DAMAGED BY FIRE,8bdca3f9c847b863d54201342fc446b0adf967840a5a7cc61603558fd052a762
wav2vec2_large_lv60,dmsuta,119,stage5ext_00478,6a6b32832defa516dce6922d2300294d6e7f670b8f867ed3f8f7e291df5150f55cde5ad06e44e4d126e3687b818fe5f23e70a1cd189217bc55d1f9f21ced88e0,Australian English,australia,Further salvage effort was abandoned.,FURTHER SALVAGE EFFORT WAS ABANDONED,8bdca3f9c847b863d54201342fc446b0adf967840a5a7cc61603558fd052a762
wav2vec2_large_lv60,dmsuta,119,stage5ext_00479,6a6b32832defa516dce6922d2300294d6e7f670b8f867ed3f8f7e291df5150f55cde5ad06e44e4d126e3687b818fe5f23e70a1cd189217bc55d1f9f21ced88e0,Australian English,australia,Its lean flesh makes for a unique flavor that differs from species to species.,ITS LEAN FLESH MAKES FOR A UNIQUE FLAVOR BUT DIFFERS FROM SPECIES TO SPECIES,8bdca3f9c847b863d54201342fc446b0adf967840a5a7cc61603558fd052a762
wav2vec2_large_lv60,dmsuta,119,stage5ext_00480,6a6b32832defa516dce6922d2300294d6e7f670b8f867ed3f8f7e291df5150f55cde5ad06e44e4d126e3687b818fe5f23e70a1cd189217bc55d1f9f21ced88e0,Australian English,australia,"Multiplexers, decoders, state machines, and other sophisticated digital devices may use inverters.",MULTIPLEXES DECODAS STATE MACHINES AND OTHER SOPHISTICATED DIGITAL DEVICES MAY USE INVERTERS,8bdca3f9c847b863d54201342fc446b0adf967840a5a7cc61603558fd052a762
wav2vec2_large_lv60,dmsuta,120,stage5ext_00481,80e5fdd0808bbda9d695c743b5046c81739538d8398f2686fe4b36ca71f055a7cc8e5445f4ac8e41bbbe09c9f01ad6e6bf9e083ec42a8d15655c1b76825dce57,Australian English,australia,"The regiment is introduced as Britain's first ""Kamikaze Regiment"".",THE REGIMENT IS INTRODUCED AS BRITON'S FIRST COMACASE REGIMENT,5144626e84df50f8e3fb061e1b6bebe258d2754c0109784d52155e3d089da347
wav2vec2_large_lv60,dmsuta,120,stage5ext_00482,80e5fdd0808bbda9d695c743b5046c81739538d8398f2686fe4b36ca71f055a7cc8e5445f4ac8e41bbbe09c9f01ad6e6bf9e083ec42a8d15655c1b76825dce57,Australian English,australia,"“Yet you always make me like it,” he said.",YET YE ALWAYS MAKE ME LIKE IT HE SAID,5144626e84df50f8e3fb061e1b6bebe258d2754c0109784d52155e3d089da347
wav2vec2_large_lv60,dmsuta,120,stage5ext_00483,80e5fdd0808bbda9d695c743b5046c81739538d8398f2686fe4b36ca71f055a7cc8e5445f4ac8e41bbbe09c9f01ad6e6bf9e083ec42a8d15655c1b76825dce57,Australian English,australia,The parties were ordered to electronically submit briefs to make their case.,THE PARTIES WERE ORDERED TO ELECTRONICALLY SUMIT BRIEFS TO MAKE THEIR CASE,5144626e84df50f8e3fb061e1b6bebe258d2754c0109784d52155e3d089da347
wav2vec2_large_lv60,dmsuta,120,stage5ext_00484,80e5fdd0808bbda9d695c743b5046c81739538d8398f2686fe4b36ca71f055a7cc8e5445f4ac8e41bbbe09c9f01ad6e6bf9e083ec42a8d15655c1b76825dce57,Australian English,australia,Conceptual discussions also revolve around a precise definition of action in philosophy.,CONCEPTUAL DISCUSSIONS ALSO REVOLVE AROUND A PRECISE DEFINITION OF ACTION IN PHILOSOPHY,5144626e84df50f8e3fb061e1b6bebe258d2754c0109784d52155e3d089da347
wav2vec2_large_lv60,dmsuta,121,stage5ext_00485,80e5fdd0808bbda9d695c743b5046c81739538d8398f2686fe4b36ca71f055a7cc8e5445f4ac8e41bbbe09c9f01ad6e6bf9e083ec42a8d15655c1b76825dce57,Australian English,australia,John Wyndham's many short stories also appear with later variant titles or pen names.,JOHN WINHAM'S MANY SHORT STORIES ALSO APPEAR WITH LATER VARIENT TITLES OR PEN NAMES,0b2fc5b2653c35eabaf0de90b5a904fa7ea5f2077f333da8cf9ef1041c1873aa
wav2vec2_large_lv60,dmsuta,121,stage5ext_00486,80e5fdd0808bbda9d695c743b5046c81739538d8398f2686fe4b36ca71f055a7cc8e5445f4ac8e41bbbe09c9f01ad6e6bf9e083ec42a8d15655c1b76825dce57,Australian English,australia,"I had an apartment; Jim was, like, ""He's the Boss"".",I HAD AN APARTMENT JIM WAS LAKE HE'S THE BOSS,0b2fc5b2653c35eabaf0de90b5a904fa7ea5f2077f333da8cf9ef1041c1873aa
wav2vec2_large_lv60,dmsuta,121,stage5ext_00487,80e5fdd0808bbda9d695c743b5046c81739538d8398f2686fe4b36ca71f055a7cc8e5445f4ac8e41bbbe09c9f01ad6e6bf9e083ec42a8d15655c1b76825dce57,Australian English,australia,"The show theme music is a customised version of Barry Manilow's ""Copacabana"".",THE SHOW THEME MUSIC IS A CUSTOMISED VERSION OF BARRY MANLOW'S CUPER CABANA,0b2fc5b2653c35eabaf0de90b5a904fa7ea5f2077f333da8cf9ef1041c1873aa
wav2vec2_large_lv60,dmsuta,121,stage5ext_00488,80e5fdd0808bbda9d695c743b5046c81739538d8398f2686fe4b36ca71f055a7cc8e5445f4ac8e41bbbe09c9f01ad6e6bf9e083ec42a8d15655c1b76825dce57,Australian English,australia,Especially noteworthy were the early and late paintings.,ESPECIALLY NOTEWORTHY WERE THE EARLY AND LATE PAINTINGS,0b2fc5b2653c35eabaf0de90b5a904fa7ea5f2077f333da8cf9ef1041c1873aa
wav2vec2_large_lv60,dmsuta,122,stage5ext_00489,80e5fdd0808bbda9d695c743b5046c81739538d8398f2686fe4b36ca71f055a7cc8e5445f4ac8e41bbbe09c9f01ad6e6bf9e083ec42a8d15655c1b76825dce57,Australian English,australia,"Gavin Smith would later join the team, making it a three-car Vauxhall effort.",GAV AND SMITH WOULD LATER JOIN THE TEAM MAKING IT A THREE CAR OXL EFFORT,b1ce8c9510a95879cbb8fd5722ea8c6dd061015d4f1977871119cf7197e4323a
wav2vec2_large_lv60,dmsuta,122,stage5ext_00490,80e5fdd0808bbda9d695c743b5046c81739538d8398f2686fe4b36ca71f055a7cc8e5445f4ac8e41bbbe09c9f01ad6e6bf9e083ec42a8d15655c1b76825dce57,Australian English,australia,"His siblings included Key Pittman, a longtime United States Senator from Nevada.",HIS SIPLINGS INCLUDED K PITMAN A LONG TIME UNITED STATES SENATOR FROM NEVADA,b1ce8c9510a95879cbb8fd5722ea8c6dd061015d4f1977871119cf7197e4323a
wav2vec2_large_lv60,dmsuta,122,stage5ext_00491,80e5fdd0808bbda9d695c743b5046c81739538d8398f2686fe4b36ca71f055a7cc8e5445f4ac8e41bbbe09c9f01ad6e6bf9e083ec42a8d15655c1b76825dce57,Australian English,australia,"The ""Dragon Empire"" is an empire ruled by the ten houses of dragons.",THE DRAGON EMPIRE IS AN EMPIRE RULED BY THE TEN HOUSES OF DRAGONS,b1ce8c9510a95879cbb8fd5722ea8c6dd061015d4f1977871119cf7197e4323a
wav2vec2_large_lv60,dmsuta,122,stage5ext_00492,80e5fdd0808bbda9d695c743b5046c81739538d8398f2686fe4b36ca71f055a7cc8e5445f4ac8e41bbbe09c9f01ad6e6bf9e083ec42a8d15655c1b76825dce57,Australian English,australia,Gounki is played on an eight-by-eight square.,GONKEY IS PLAYED ON EIGHT BY EIGHT SQUARE,b1ce8c9510a95879cbb8fd5722ea8c6dd061015d4f1977871119cf7197e4323a
wav2vec2_large_lv60,dmsuta,123,stage5ext_00493,80e5fdd0808bbda9d695c743b5046c81739538d8398f2686fe4b36ca71f055a7cc8e5445f4ac8e41bbbe09c9f01ad6e6bf9e083ec42a8d15655c1b76825dce57,Australian English,australia,He founded a series of hospitals in Constantinople to care for the poor.,HE FOUNDED A SERIES OF HOSPITALS IN CONSTANTINOPLE TO CARE FOR THE POOR,c473b72c6eb53fc0c8f79ad42e08976f874b4760ee2a6a761f1dd4a1883f19a7
wav2vec2_large_lv60,dmsuta,123,stage5ext_00494,80e5fdd0808bbda9d695c743b5046c81739538d8398f2686fe4b36ca71f055a7cc8e5445f4ac8e41bbbe09c9f01ad6e6bf9e083ec42a8d15655c1b76825dce57,Australian English,australia,His guitar compositions are being recorded and performed by an ever-increasing number of guitarists.,HIS GUITAR COMPOSITIONS ARE BEING RECORDED AND PERFORMED BY AN EVER INCREASING NUMBER OF GUITARAS,c473b72c6eb53fc0c8f79ad42e08976f874b4760ee2a6a761f1dd4a1883f19a7
wav2vec2_large_lv60,dmsuta,123,stage5ext_00495,80e5fdd0808bbda9d695c743b5046c81739538d8398f2686fe4b36ca71f055a7cc8e5445f4ac8e41bbbe09c9f01ad6e6bf9e083ec42a8d15655c1b76825dce57,Australian English,australia,He taught at Stockport Grammar School.,HE TAUGHT A STOCKPORT GRAMMAR SCHOOL,c473b72c6eb53fc0c8f79ad42e08976f874b4760ee2a6a761f1dd4a1883f19a7
wav2vec2_large_lv60,dmsuta,123,stage5ext_00496,1a03eae3701811654fd562b997c8a474b9db15da01b2c3dbe82487ef0476080aff1930c0b286ebae981fe42447c3f5ef27480999934b5bbbb8e1410266aca125,Australian English,australia,"But, if you can, try to make your own decisions.",BUT IF YOU CAN TRY TO MAKE YOUR OWN DECISIONS,c473b72c6eb53fc0c8f79ad42e08976f874b4760ee2a6a761f1dd4a1883f19a7
wav2vec2_large_lv60,dmsuta,124,stage5ext_00497,1a03eae3701811654fd562b997c8a474b9db15da01b2c3dbe82487ef0476080aff1930c0b286ebae981fe42447c3f5ef27480999934b5bbbb8e1410266aca125,Australian English,australia,There was no way to measure anything of that length.,THERE WAS NO WAY TO MEASURE ANYTHING OF THAT LENGTH,be98e06849156e2696e3a50a80d8a4f1c5ad28831e348e4175b53cb38ba7315b
wav2vec2_large_lv60,dmsuta,124,stage5ext_00498,1a03eae3701811654fd562b997c8a474b9db15da01b2c3dbe82487ef0476080aff1930c0b286ebae981fe42447c3f5ef27480999934b5bbbb8e1410266aca125,Australian English,australia,"Today, tourism is one of the major economic factors inside the city.",TO DAY TOURISM IS ONE OF THE MAJOR ECONOMIC FACTORS INSIDE THE CITY,be98e06849156e2696e3a50a80d8a4f1c5ad28831e348e4175b53cb38ba7315b
wav2vec2_large_lv60,dmsuta,124,stage5ext_00499,1a03eae3701811654fd562b997c8a474b9db15da01b2c3dbe82487ef0476080aff1930c0b286ebae981fe42447c3f5ef27480999934b5bbbb8e1410266aca125,Australian English,australia,"Last week, I went hiking in the mountains.",LAST WEEK I WENT HAWKING IN THE MOUNTAINS,be98e06849156e2696e3a50a80d8a4f1c5ad28831e348e4175b53cb38ba7315b
wav2vec2_large_lv60,dmsuta,124,stage5ext_00500,1a03eae3701811654fd562b997c8a474b9db15da01b2c3dbe82487ef0476080aff1930c0b286ebae981fe42447c3f5ef27480999934b5bbbb8e1410266aca125,Australian English,australia,The boy tried to read what was written in the sand.,THE BOY TRIED TO READ WHAT WAS WRITTEN IN THE SAND,be98e06849156e2696e3a50a80d8a4f1c5ad28831e348e4175b53cb38ba7315b
wav2vec2_large_lv60,dmsuta,125,stage5ext_00501,1a03eae3701811654fd562b997c8a474b9db15da01b2c3dbe82487ef0476080aff1930c0b286ebae981fe42447c3f5ef27480999934b5bbbb8e1410266aca125,Australian English,australia,Don't hurt my sore arm again.,DON'T HURT MY SORE ARM AGAIN,b093784b05b908131be405ea26c5c9a8a1caac6da1f3429a049fb6b26d0cb458
wav2vec2_large_lv60,dmsuta,125,stage5ext_00502,1a03eae3701811654fd562b997c8a474b9db15da01b2c3dbe82487ef0476080aff1930c0b286ebae981fe42447c3f5ef27480999934b5bbbb8e1410266aca125,Australian English,australia,The fluid sprayed across the foyer.,THE FLUID SPRIGT ACROSS THE FOYA,b093784b05b908131be405ea26c5c9a8a1caac6da1f3429a049fb6b26d0cb458
wav2vec2_large_lv60,dmsuta,125,stage5ext_00503,1a03eae3701811654fd562b997c8a474b9db15da01b2c3dbe82487ef0476080aff1930c0b286ebae981fe42447c3f5ef27480999934b5bbbb8e1410266aca125,Australian English,australia,Thanks for dropping around.,THANKS FOR DROPPING ARAND,b093784b05b908131be405ea26c5c9a8a1caac6da1f3429a049fb6b26d0cb458
wav2vec2_large_lv60,dmsuta,125,stage5ext_00504,1a03eae3701811654fd562b997c8a474b9db15da01b2c3dbe82487ef0476080aff1930c0b286ebae981fe42447c3f5ef27480999934b5bbbb8e1410266aca125,Australian English,australia,The frog had no chance to escape.,THE FROG HAD NO CHANCE TO ESCAPE,b093784b05b908131be405ea26c5c9a8a1caac6da1f3429a049fb6b26d0cb458
wav2vec2_large_lv60,dmsuta,126,stage5ext_00505,1a03eae3701811654fd562b997c8a474b9db15da01b2c3dbe82487ef0476080aff1930c0b286ebae981fe42447c3f5ef27480999934b5bbbb8e1410266aca125,Australian English,australia,She likes you well enough to stick around.,SHE LOCKS YOU WELL ENOUGH TO STICK AROUND,49246068c79930225aceedd3976586eebc434ddb7e5cb7d4ee51b49dc9a5f032
wav2vec2_large_lv60,dmsuta,126,stage5ext_00506,1a03eae3701811654fd562b997c8a474b9db15da01b2c3dbe82487ef0476080aff1930c0b286ebae981fe42447c3f5ef27480999934b5bbbb8e1410266aca125,Australian English,australia,The shower curtain is beige and white.,THE SHOW CURTAIN IS BATED AND WHITE,49246068c79930225aceedd3976586eebc434ddb7e5cb7d4ee51b49dc9a5f032
wav2vec2_large_lv60,dmsuta,126,stage5ext_00507,1a03eae3701811654fd562b997c8a474b9db15da01b2c3dbe82487ef0476080aff1930c0b286ebae981fe42447c3f5ef27480999934b5bbbb8e1410266aca125,Australian English,australia,"Everyone, when they are young, knows what their destiny is.",EVERY ONE WHEN THEY ARE YOUNG KNOWS WHAT THEIR DESTINY IS,49246068c79930225aceedd3976586eebc434ddb7e5cb7d4ee51b49dc9a5f032
wav2vec2_large_lv60,dmsuta,126,stage5ext_00508,1a03eae3701811654fd562b997c8a474b9db15da01b2c3dbe82487ef0476080aff1930c0b286ebae981fe42447c3f5ef27480999934b5bbbb8e1410266aca125,Australian English,australia,He didn't consider mending the hole — the stones could fall through any time they wanted.,HE DIDN'T CONSIDER MENDING THE HALL THE STONES COULD FALL THROUGH ANY TIME THEY WANTED,49246068c79930225aceedd3976586eebc434ddb7e5cb7d4ee51b49dc9a5f032
wav2vec2_large_lv60,dmsuta,127,stage5ext_00509,1a03eae3701811654fd562b997c8a474b9db15da01b2c3dbe82487ef0476080aff1930c0b286ebae981fe42447c3f5ef27480999934b5bbbb8e1410266aca125,Australian English,australia,Add shweta mohan to my laundry playlist,ADD SHOTER MOHAN TO MY LAUNDRY PLAY LIST,fccd36121e623a5965d3f9ae4216ddac7e2a952b99173d8209e470639efd1e22
wav2vec2_large_lv60,dmsuta,127,stage5ext_00510,1a03eae3701811654fd562b997c8a474b9db15da01b2c3dbe82487ef0476080aff1930c0b286ebae981fe42447c3f5ef27480999934b5bbbb8e1410266aca125,Australian English,australia,I'm still having trouble with baking.,I'M STILL HAVING TROUBLE WITH BAKING,fccd36121e623a5965d3f9ae4216ddac7e2a952b99173d8209e470639efd1e22
wav2vec2_large_lv60,dmsuta,127,stage5ext_00511,3935c83996bc79d7abc50adc36392f9a2fd97df405c02b2321332068d1f235f816f68c7b84d0c3b80073933b9f6ab6f5b2d06f204e4bacdd8623e31009f1b83c,Australian English,australia,The mantra itself is also called Simran.,THE MANTRA ITSELF IS ALSO CALLED SIMERON,fccd36121e623a5965d3f9ae4216ddac7e2a952b99173d8209e470639efd1e22
wav2vec2_large_lv60,dmsuta,127,stage5ext_00512,3935c83996bc79d7abc50adc36392f9a2fd97df405c02b2321332068d1f235f816f68c7b84d0c3b80073933b9f6ab6f5b2d06f204e4bacdd8623e31009f1b83c,Australian English,australia,"Throughout college, Edwards moonlighted, playing jazz piano for late night radio and music shows.",THROUGHOUT COLLEGE EDWARDS MOONLIGHTED PLAYING CHASS PIANO FOR LATE NIGHT RADIO AND MUSIC SHOWS,fccd36121e623a5965d3f9ae4216ddac7e2a952b99173d8209e470639efd1e22
wav2vec2_large_lv60,dmsuta,128,stage5ext_00513,3935c83996bc79d7abc50adc36392f9a2fd97df405c02b2321332068d1f235f816f68c7b84d0c3b80073933b9f6ab6f5b2d06f204e4bacdd8623e31009f1b83c,Australian English,australia,Over this period the paper grew and began to cover additional market sectors.,UV AT THIS PERIOD THE PIPER GREW AND BEGAN TO COVER ADDITIONAL MARKET SECTORS,848070b7c47873706ac1dd0b25061cdb65e943568b641dcac05cdec2469eed14
wav2vec2_large_lv60,dmsuta,128,stage5ext_00514,3935c83996bc79d7abc50adc36392f9a2fd97df405c02b2321332068d1f235f816f68c7b84d0c3b80073933b9f6ab6f5b2d06f204e4bacdd8623e31009f1b83c,Australian English,australia,"His long, narrow face was dominated by a big nose.",HIS LONG NARROW FACE WAS DOMINATED BY A BIG NUT,848070b7c47873706ac1dd0b25061cdb65e943568b641dcac05cdec2469eed14
wav2vec2_large_lv60,dmsuta,128,stage5ext_00515,3935c83996bc79d7abc50adc36392f9a2fd97df405c02b2321332068d1f235f816f68c7b84d0c3b80073933b9f6ab6f5b2d06f204e4bacdd8623e31009f1b83c,Australian English,australia,"This has most commonly been interpreted as a rendition of ""Now Strike"".",THIS HAS MOST COMMONLY BEEN INTERPRETTED AS A RENDITION OF NAIL STRIKE,848070b7c47873706ac1dd0b25061cdb65e943568b641dcac05cdec2469eed14
wav2vec2_large_lv60,dmsuta,128,stage5ext_00516,3935c83996bc79d7abc50adc36392f9a2fd97df405c02b2321332068d1f235f816f68c7b84d0c3b80073933b9f6ab6f5b2d06f204e4bacdd8623e31009f1b83c,Australian English,australia,The capital of the province is Llica.,THE CAPITAL OF THE PROVINCE IS LICA,848070b7c47873706ac1dd0b25061cdb65e943568b641dcac05cdec2469eed14
wav2vec2_large_lv60,dmsuta,129,stage5ext_00517,3935c83996bc79d7abc50adc36392f9a2fd97df405c02b2321332068d1f235f816f68c7b84d0c3b80073933b9f6ab6f5b2d06f204e4bacdd8623e31009f1b83c,Australian English,australia,Children from this township attend schools in the Blue Mountain School District.,CHILDREN FROM THIS TOWNSHIP ATTEND SCHOOLS IN THE BLUE MOUNTAIN SCHOOL DISTRICT,1de56ae3b6e3dadd8748d94f8c4b46566d632247638892a790c9284ef0cc5b45
wav2vec2_large_lv60,dmsuta,129,stage5ext_00518,3935c83996bc79d7abc50adc36392f9a2fd97df405c02b2321332068d1f235f816f68c7b84d0c3b80073933b9f6ab6f5b2d06f204e4bacdd8623e31009f1b83c,Australian English,australia,The band's lineup would then remain unchanged through their next two albums.,THE BANDS LINED UP WOULD THEN REMAIN UNCHANGED THOUH THEIR NEXT TWO ALBUMS,1de56ae3b6e3dadd8748d94f8c4b46566d632247638892a790c9284ef0cc5b45
wav2vec2_large_lv60,dmsuta,129,stage5ext_00519,3935c83996bc79d7abc50adc36392f9a2fd97df405c02b2321332068d1f235f816f68c7b84d0c3b80073933b9f6ab6f5b2d06f204e4bacdd8623e31009f1b83c,Australian English,australia,A user application may render the image into a viewport.,A USUAL APPLICATION MAY RENDER THE IMAGE INTO A VIEWPOT,1de56ae3b6e3dadd8748d94f8c4b46566d632247638892a790c9284ef0cc5b45
wav2vec2_large_lv60,dmsuta,129,stage5ext_00520,3935c83996bc79d7abc50adc36392f9a2fd97df405c02b2321332068d1f235f816f68c7b84d0c3b80073933b9f6ab6f5b2d06f204e4bacdd8623e31009f1b83c,Australian English,australia,Jimmy Fortune also sometimes tours with Dailey and Vincent.,JIMMY FORTUNE ALSO SOMETIMES TURS WITH DILY AND FAINT SCENT,1de56ae3b6e3dadd8748d94f8c4b46566d632247638892a790c9284ef0cc5b45
wav2vec2_large_lv60,dmsuta,130,stage5ext_00521,3935c83996bc79d7abc50adc36392f9a2fd97df405c02b2321332068d1f235f816f68c7b84d0c3b80073933b9f6ab6f5b2d06f204e4bacdd8623e31009f1b83c,Australian English,australia,The play was revived in London eight times during his life.,THE PLAY WAS REVIVED IN LONDON EIGHT TIMES DURING HIS LIFE,941fc87e71ff6d16a32fa0100dcf2162536c0bbb32308484aee6d6bbea8f8af6
wav2vec2_large_lv60,dmsuta,130,stage5ext_00522,3935c83996bc79d7abc50adc36392f9a2fd97df405c02b2321332068d1f235f816f68c7b84d0c3b80073933b9f6ab6f5b2d06f204e4bacdd8623e31009f1b83c,Australian English,australia,Following the outbreak of the Second Boer War he was posted to South Africa.,FOLLOWING THE OUTBREAK OF THE SECOND BOROUGH WAR HE WAS POSTED TO SOUTH AFRICA,941fc87e71ff6d16a32fa0100dcf2162536c0bbb32308484aee6d6bbea8f8af6
wav2vec2_large_lv60,dmsuta,130,stage5ext_00523,3935c83996bc79d7abc50adc36392f9a2fd97df405c02b2321332068d1f235f816f68c7b84d0c3b80073933b9f6ab6f5b2d06f204e4bacdd8623e31009f1b83c,Australian English,australia,It is a popular spot for surfing and swimming.,IT IS A POPULAR SPOT FOR SERVANT AND WOMEN,941fc87e71ff6d16a32fa0100dcf2162536c0bbb32308484aee6d6bbea8f8af6
wav2vec2_large_lv60,dmsuta,130,stage5ext_00524,3935c83996bc79d7abc50adc36392f9a2fd97df405c02b2321332068d1f235f816f68c7b84d0c3b80073933b9f6ab6f5b2d06f204e4bacdd8623e31009f1b83c,Australian English,australia,Dylan apparently disliked this.,ELAN APPARENTLY DISLIKED THIS,941fc87e71ff6d16a32fa0100dcf2162536c0bbb32308484aee6d6bbea8f8af6
wav2vec2_large_lv60,dmsuta,131,stage5ext_00525,3935c83996bc79d7abc50adc36392f9a2fd97df405c02b2321332068d1f235f816f68c7b84d0c3b80073933b9f6ab6f5b2d06f204e4bacdd8623e31009f1b83c,Australian English,australia,Her heart-shaped gravestone is visible from the road.,HER HART SHAPED GRAVESTONE IS VISIBLE FROM THE ROAD,1347ec47443d9b0437a08eaae26422e073db354c6fa905f6ed0fba295301c7cd
wav2vec2_large_lv60,dmsuta,131,stage5ext_00526,92fa0173d8a52067542a43504a23d6adbcf1f55271ca38e9eacfa6f751199a9bb7ed840cebadc1a745b2c605ec99dcfae954c709b8c345afbcb08ce46e100b4d,Australian English,australia,"Bushnell was born in Saint Paul, Minnesota and raised in Los Angeles, California.",BUSHNEUL WAS BORN IN SAINT PAUL MINNESOTA AND RAISED IN LOS ANGELES CALIFORNIA,1347ec47443d9b0437a08eaae26422e073db354c6fa905f6ed0fba295301c7cd
wav2vec2_large_lv60,dmsuta,131,stage5ext_00527,92fa0173d8a52067542a43504a23d6adbcf1f55271ca38e9eacfa6f751199a9bb7ed840cebadc1a745b2c605ec99dcfae954c709b8c345afbcb08ce46e100b4d,Australian English,australia,The show is based on noughts and crosses.,THE SHORE IS BASED ON NOGTS AND CROSSES,1347ec47443d9b0437a08eaae26422e073db354c6fa905f6ed0fba295301c7cd
wav2vec2_large_lv60,dmsuta,131,stage5ext_00528,92fa0173d8a52067542a43504a23d6adbcf1f55271ca38e9eacfa6f751199a9bb7ed840cebadc1a745b2c605ec99dcfae954c709b8c345afbcb08ce46e100b4d,Australian English,australia,"There are also useful concepts of regular monomorphism, strong monomorphism, and extremal monomorphism.",THERE ARE ALSO USEFUL CONCERTS OF REGULAR MONOMORPHISM STRONG MONAMORPHOSM AND EXTREMAL MONOMORPHISM,1347ec47443d9b0437a08eaae26422e073db354c6fa905f6ed0fba295301c7cd
wav2vec2_large_lv60,dmsuta,132,stage5ext_00529,92fa0173d8a52067542a43504a23d6adbcf1f55271ca38e9eacfa6f751199a9bb7ed840cebadc1a745b2c605ec99dcfae954c709b8c345afbcb08ce46e100b4d,Australian English,australia,A little glass in a transept window is older still.,A LITTLE GLASS IN A TRANCEPT WINDOW IS OLDER STILL,fbdf66342d07be9a9a58b16d316c29a85b9f5717eb8e305befd74a732cb3dce0
wav2vec2_large_lv60,dmsuta,132,stage5ext_00530,92fa0173d8a52067542a43504a23d6adbcf1f55271ca38e9eacfa6f751199a9bb7ed840cebadc1a745b2c605ec99dcfae954c709b8c345afbcb08ce46e100b4d,Australian English,australia,For a small monthly fee the establishment will also wash one's mug.,FOR A SMALL MONTHLY FEED ESTABLISHMENT WILL ALSO WASH ONE'S MUG,fbdf66342d07be9a9a58b16d316c29a85b9f5717eb8e305befd74a732cb3dce0
wav2vec2_large_lv60,dmsuta,132,stage5ext_00531,92fa0173d8a52067542a43504a23d6adbcf1f55271ca38e9eacfa6f751199a9bb7ed840cebadc1a745b2c605ec99dcfae954c709b8c345afbcb08ce46e100b4d,Australian English,australia,"Evidently there is no treasure, so Taran and the ruffian are soon at swordpoint.",EVIDENTLY THERE IS NO TREASURE SO TARRON AND RUFFIAN ARE SOON AT SWORD POINT,fbdf66342d07be9a9a58b16d316c29a85b9f5717eb8e305befd74a732cb3dce0
wav2vec2_large_lv60,dmsuta,132,stage5ext_00532,92fa0173d8a52067542a43504a23d6adbcf1f55271ca38e9eacfa6f751199a9bb7ed840cebadc1a745b2c605ec99dcfae954c709b8c345afbcb08ce46e100b4d,Australian English,australia,Its user interface and functionality is similar to Microsoft Outlook.,ITS USE AT INTERFIE SOME FUNCTIONALITYS SIMILAR TO THE MACRASOFT OUTLOOK,fbdf66342d07be9a9a58b16d316c29a85b9f5717eb8e305befd74a732cb3dce0
wav2vec2_large_lv60,dmsuta,133,stage5ext_00533,92fa0173d8a52067542a43504a23d6adbcf1f55271ca38e9eacfa6f751199a9bb7ed840cebadc1a745b2c605ec99dcfae954c709b8c345afbcb08ce46e100b4d,Australian English,australia,It is famous for its mudbrick-made high-rise buildings.,IT IS FAMOUS FOR ITS MUD BRICK MADE HIGH RIFE BUILDINGS,102cf85d1c60238ff0134e6514cc2ad58c462fe1fd21e8628fee4e0ae43973ee
wav2vec2_large_lv60,dmsuta,133,stage5ext_00534,92fa0173d8a52067542a43504a23d6adbcf1f55271ca38e9eacfa6f751199a9bb7ed840cebadc1a745b2c605ec99dcfae954c709b8c345afbcb08ce46e100b4d,Australian English,australia,"Not all of the ""Heritage Minutes"" episodes have actually aired.",NOT ALL O THE HERITAGE MINUTES EPISODES HAVE ACTUALLY AIRED,102cf85d1c60238ff0134e6514cc2ad58c462fe1fd21e8628fee4e0ae43973ee
wav2vec2_large_lv60,dmsuta,133,stage5ext_00535,92fa0173d8a52067542a43504a23d6adbcf1f55271ca38e9eacfa6f751199a9bb7ed840cebadc1a745b2c605ec99dcfae954c709b8c345afbcb08ce46e100b4d,Australian English,australia,He later lived in the British West Indies.,HELITA LIVED IN THE BRITISH WEST INDIES,102cf85d1c60238ff0134e6514cc2ad58c462fe1fd21e8628fee4e0ae43973ee
wav2vec2_large_lv60,dmsuta,133,stage5ext_00536,92fa0173d8a52067542a43504a23d6adbcf1f55271ca38e9eacfa6f751199a9bb7ed840cebadc1a745b2c605ec99dcfae954c709b8c345afbcb08ce46e100b4d,Australian English,australia,The two company branches issued combined trade catalogs.,THE TWO COMPANY BRANCHES ISSUED COMBINED TRADE CATALOGUES,102cf85d1c60238ff0134e6514cc2ad58c462fe1fd21e8628fee4e0ae43973ee
wav2vec2_large_lv60,dmsuta,134,stage5ext_00537,92fa0173d8a52067542a43504a23d6adbcf1f55271ca38e9eacfa6f751199a9bb7ed840cebadc1a745b2c605ec99dcfae954c709b8c345afbcb08ce46e100b4d,Australian English,australia,Whitebirk is part of the Blackburn urban area.,WHITEBURK IS PART OF THE BLACKBON URBANARIAL,ce318c211b526252015425b95e1c45079f5023dcb93e1578de7369a94d75bd49
wav2vec2_large_lv60,dmsuta,134,stage5ext_00538,92fa0173d8a52067542a43504a23d6adbcf1f55271ca38e9eacfa6f751199a9bb7ed840cebadc1a745b2c605ec99dcfae954c709b8c345afbcb08ce46e100b4d,Australian English,australia,"One of the most famous ""novelty shows"" is the World's Ugliest Dog Contest.",ONE OF THE MOST FAMOUS NOVETY SHORS IS THE WORLD'S UGLIEST DOG CONTEST,ce318c211b526252015425b95e1c45079f5023dcb93e1578de7369a94d75bd49
wav2vec2_large_lv60,dmsuta,134,stage5ext_00539,92fa0173d8a52067542a43504a23d6adbcf1f55271ca38e9eacfa6f751199a9bb7ed840cebadc1a745b2c605ec99dcfae954c709b8c345afbcb08ce46e100b4d,Australian English,australia,The town is named after the island of Elba.,THE TOWN IS NAMED AFTER THE ISLAND OF ELBA,ce318c211b526252015425b95e1c45079f5023dcb93e1578de7369a94d75bd49
wav2vec2_large_lv60,dmsuta,134,stage5ext_00540,92fa0173d8a52067542a43504a23d6adbcf1f55271ca38e9eacfa6f751199a9bb7ed840cebadc1a745b2c605ec99dcfae954c709b8c345afbcb08ce46e100b4d,Australian English,australia,Later its coverage was expanded to cover political news.,LATER ITS COVERAGE WAS EXPANDED TO CUFF A POLITICAL NEWS,ce318c211b526252015425b95e1c45079f5023dcb93e1578de7369a94d75bd49
wav2vec2_large_lv60,dmsuta,135,stage5ext_00541,7f29ce6531f159f514ccb46caa1535f1687740b13a60c3f3ac15d8462984c71b2c5747d5f67692081b7e7de330d1ded32b09bc1693c0a26c8189132bf2c48888,Australian English,australia,"For example, instead of editing Google Maps, consider contributing to OpenStreetMap.",FOR EXAMPLE INSTEAD OF EDITING GUGLE MAPS CONSIDER CONTRIBUTING TO OPEN STREET MAP,5b1807cc96fa86714cad657be10c881cfcf578c9cb1cd8e79330032b2b56bb39
wav2vec2_large_lv60,dmsuta,135,stage5ext_00542,7f29ce6531f159f514ccb46caa1535f1687740b13a60c3f3ac15d8462984c71b2c5747d5f67692081b7e7de330d1ded32b09bc1693c0a26c8189132bf2c48888,Australian English,australia,What is it you want to research?,WHAT IS IT YOU WANT TO RESEARCH,5b1807cc96fa86714cad657be10c881cfcf578c9cb1cd8e79330032b2b56bb39
wav2vec2_large_lv60,dmsuta,135,stage5ext_00543,7f29ce6531f159f514ccb46caa1535f1687740b13a60c3f3ac15d8462984c71b2c5747d5f67692081b7e7de330d1ded32b09bc1693c0a26c8189132bf2c48888,Australian English,australia,"Well, the merry-go-round wasn't exactly spectacular.",WELL THE MURRIGO ROUND WASN'T EXACTLY SPECTACULAR,5b1807cc96fa86714cad657be10c881cfcf578c9cb1cd8e79330032b2b56bb39
wav2vec2_large_lv60,dmsuta,135,stage5ext_00544,7f29ce6531f159f514ccb46caa1535f1687740b13a60c3f3ac15d8462984c71b2c5747d5f67692081b7e7de330d1ded32b09bc1693c0a26c8189132bf2c48888,Australian English,australia,What is the meaning of this?,WHAT IS THE MEANING OF THIS,5b1807cc96fa86714cad657be10c881cfcf578c9cb1cd8e79330032b2b56bb39
wav2vec2_large_lv60,dmsuta,136,stage5ext_00545,7f29ce6531f159f514ccb46caa1535f1687740b13a60c3f3ac15d8462984c71b2c5747d5f67692081b7e7de330d1ded32b09bc1693c0a26c8189132bf2c48888,Australian English,australia,"The flag is red, blue, and yellow.",THE FLAG IS RED BLUE AND YELLOW,a038606584b8d11d83c92b06d5f15e81c982419a9e4afc560f2684637e43a9d2
wav2vec2_large_lv60,dmsuta,136,stage5ext_00546,7f29ce6531f159f514ccb46caa1535f1687740b13a60c3f3ac15d8462984c71b2c5747d5f67692081b7e7de330d1ded32b09bc1693c0a26c8189132bf2c48888,Australian English,australia,What are the facts?,WHAT ARE THE FACTS,a038606584b8d11d83c92b06d5f15e81c982419a9e4afc560f2684637e43a9d2
wav2vec2_large_lv60,dmsuta,136,stage5ext_00547,7f29ce6531f159f514ccb46caa1535f1687740b13a60c3f3ac15d8462984c71b2c5747d5f67692081b7e7de330d1ded32b09bc1693c0a26c8189132bf2c48888,Australian English,australia,"I've brought you some cheese, because I know you love cheese.",I'VE BROUGHT YOU SOME CHEESE BECAUSE I KNOW YOU LOVE CHEESE,a038606584b8d11d83c92b06d5f15e81c982419a9e4afc560f2684637e43a9d2
wav2vec2_large_lv60,dmsuta,136,stage5ext_00548,7f29ce6531f159f514ccb46caa1535f1687740b13a60c3f3ac15d8462984c71b2c5747d5f67692081b7e7de330d1ded32b09bc1693c0a26c8189132bf2c48888,Australian English,australia,How did you get it?,HOW DID YOU GET IT,a038606584b8d11d83c92b06d5f15e81c982419a9e4afc560f2684637e43a9d2
wav2vec2_large_lv60,dmsuta,137,stage5ext_00549,7f29ce6531f159f514ccb46caa1535f1687740b13a60c3f3ac15d8462984c71b2c5747d5f67692081b7e7de330d1ded32b09bc1693c0a26c8189132bf2c48888,Australian English,australia,"He was something of a sickly child by all accounts, never made it past his fourth birthday.",HE WAS SOMETHING OF A SICKLY CHILD BY ALL ACCOUNTS AND NEVER MADE IT PAST HIS FOURTH BIRTHDAY,ef802e3615651f3db3797172e5b22100c668b542612fb72b8f8d268e2c0cec66
wav2vec2_large_lv60,dmsuta,137,stage5ext_00550,7f29ce6531f159f514ccb46caa1535f1687740b13a60c3f3ac15d8462984c71b2c5747d5f67692081b7e7de330d1ded32b09bc1693c0a26c8189132bf2c48888,Australian English,australia,Under what circumstances might you be persuaded to provide us with passes?,UNDER WHAT CIRCUMSTANCES MIGHT YOU BE PERSUADED TO PROVIDE US WITH PASSES,ef802e3615651f3db3797172e5b22100c668b542612fb72b8f8d268e2c0cec66
wav2vec2_large_lv60,dmsuta,137,stage5ext_00551,7f29ce6531f159f514ccb46caa1535f1687740b13a60c3f3ac15d8462984c71b2c5747d5f67692081b7e7de330d1ded32b09bc1693c0a26c8189132bf2c48888,Australian English,australia,"They found all sorts of drugs at Howard's house: Cocaine, meth, heroine...",THEY FOUND ALL SORTS OF DRUGS AT HALWARD'S HOUSE COCANE MYTH HEROINE,ef802e3615651f3db3797172e5b22100c668b542612fb72b8f8d268e2c0cec66
wav2vec2_large_lv60,dmsuta,137,stage5ext_00552,7f29ce6531f159f514ccb46caa1535f1687740b13a60c3f3ac15d8462984c71b2c5747d5f67692081b7e7de330d1ded32b09bc1693c0a26c8189132bf2c48888,Australian English,australia,"Kidneys are transplanted often, because every healthy person has two of them.",KIDNEYS ARE TRANSPLANTED OFTEN BECAUSE EVERY HEALTHY PERSON HAS TAUGHT THEM,ef802e3615651f3db3797172e5b22100c668b542612fb72b8f8d268e2c0cec66
wav2vec2_large_lv60,dmsuta,138,stage5ext_00553,7f29ce6531f159f514ccb46caa1535f1687740b13a60c3f3ac15d8462984c71b2c5747d5f67692081b7e7de330d1ded32b09bc1693c0a26c8189132bf2c48888,Australian English,australia,"A trill, or shake A triplet.",A TRILL OR SHAKE A TRIPLET,a293d72457c44ac0e671995320b76da497871fc84d69bfb12d5472336cbd2797
wav2vec2_large_lv60,dmsuta,138,stage5ext_00554,7f29ce6531f159f514ccb46caa1535f1687740b13a60c3f3ac15d8462984c71b2c5747d5f67692081b7e7de330d1ded32b09bc1693c0a26c8189132bf2c48888,Australian English,australia,"Four doors lead from the landing into two bedrooms, a closet, and a small, but functional bathroom.",FOUR DOORS LEAD FROM THE LANDING INTO TWO BEDROOMS A CLOSET AND A SMALL BUT FUNCTIONAL BATHROOM,a293d72457c44ac0e671995320b76da497871fc84d69bfb12d5472336cbd2797
wav2vec2_large_lv60,dmsuta,138,stage5ext_00555,7f29ce6531f159f514ccb46caa1535f1687740b13a60c3f3ac15d8462984c71b2c5747d5f67692081b7e7de330d1ded32b09bc1693c0a26c8189132bf2c48888,Australian English,australia,Why did you do it?,WHY DID YOU DO IT,a293d72457c44ac0e671995320b76da497871fc84d69bfb12d5472336cbd2797
wav2vec2_large_lv60,dmsuta,138,stage5ext_00556,243c0d90f6145edce7803731bbd3baff7cb887a5290c10c1c5897e24248e249752883be23dbe58e59668ad96307fa0666e76dde82a2dd55ac2c624acbdb1d919,Australian English,australia,Perhaps she forgot all about it.,PERHAPS SHE FORGOT ALL ABOUT IT,a293d72457c44ac0e671995320b76da497871fc84d69bfb12d5472336cbd2797
wav2vec2_large_lv60,dmsuta,139,stage5ext_00557,243c0d90f6145edce7803731bbd3baff7cb887a5290c10c1c5897e24248e249752883be23dbe58e59668ad96307fa0666e76dde82a2dd55ac2c624acbdb1d919,Australian English,australia,I would if I thought I'd hear anything worth listening to.,I WOULD IF I THOUGHT I FEAR ANYTHING WOT LITILATIN,e21d91e6cd24725f9635483466cc129c03a4869bdd2c5f7f905174270e07bac3
wav2vec2_large_lv60,dmsuta,139,stage5ext_00558,243c0d90f6145edce7803731bbd3baff7cb887a5290c10c1c5897e24248e249752883be23dbe58e59668ad96307fa0666e76dde82a2dd55ac2c624acbdb1d919,Australian English,australia,In that case I'll ask the two executive officers to withdraw.,IN THAT CASE I'LL ASK THE TWO EXECUTIVE OFFICERS TO WITHDRAW,e21d91e6cd24725f9635483466cc129c03a4869bdd2c5f7f905174270e07bac3
wav2vec2_large_lv60,dmsuta,139,stage5ext_00559,243c0d90f6145edce7803731bbd3baff7cb887a5290c10c1c5897e24248e249752883be23dbe58e59668ad96307fa0666e76dde82a2dd55ac2c624acbdb1d919,Australian English,australia,I'm everything the District Attorney said I was.,I'M EVERYTHINK THE DISTRICT ATTORNEY SAID I WAT,e21d91e6cd24725f9635483466cc129c03a4869bdd2c5f7f905174270e07bac3
wav2vec2_large_lv60,dmsuta,139,stage5ext_00560,243c0d90f6145edce7803731bbd3baff7cb887a5290c10c1c5897e24248e249752883be23dbe58e59668ad96307fa0666e76dde82a2dd55ac2c624acbdb1d919,Australian English,australia,I don't want Mrs. Douglas.,I DON'T WANT MISSUS DOUGLAS,e21d91e6cd24725f9635483466cc129c03a4869bdd2c5f7f905174270e07bac3
wav2vec2_large_lv60,dmsuta,140,stage5ext_00561,243c0d90f6145edce7803731bbd3baff7cb887a5290c10c1c5897e24248e249752883be23dbe58e59668ad96307fa0666e76dde82a2dd55ac2c624acbdb1d919,Australian English,australia,What's the idea here?,WHAT'S THE IDEA HERE,d39562b40b5612732232c8a1a0361eff3ef811deb43dd6736c8b8219aae900ea
wav2vec2_large_lv60,dmsuta,140,stage5ext_00562,243c0d90f6145edce7803731bbd3baff7cb887a5290c10c1c5897e24248e249752883be23dbe58e59668ad96307fa0666e76dde82a2dd55ac2c624acbdb1d919,Australian English,australia,I've suddenly become quite important.,I SUDDENLY BECOME QUITE IMPORTANT,d39562b40b5612732232c8a1a0361eff3ef811deb43dd6736c8b8219aae900ea
wav2vec2_large_lv60,dmsuta,140,stage5ext_00563,243c0d90f6145edce7803731bbd3baff7cb887a5290c10c1c5897e24248e249752883be23dbe58e59668ad96307fa0666e76dde82a2dd55ac2c624acbdb1d919,Australian English,australia,There's nothing more we can do tonight.,THERE'S NOTHING MORE WE CAN DO TO NIGHT,d39562b40b5612732232c8a1a0361eff3ef811deb43dd6736c8b8219aae900ea
wav2vec2_large_lv60,dmsuta,140,stage5ext_00564,243c0d90f6145edce7803731bbd3baff7cb887a5290c10c1c5897e24248e249752883be23dbe58e59668ad96307fa0666e76dde82a2dd55ac2c624acbdb1d919,Australian English,australia,A sight for sore eyes.,TESIDE FOR SOR EYES,d39562b40b5612732232c8a1a0361eff3ef811deb43dd6736c8b8219aae900ea
wav2vec2_large_lv60,dmsuta,141,stage5ext_00565,243c0d90f6145edce7803731bbd3baff7cb887a5290c10c1c5897e24248e249752883be23dbe58e59668ad96307fa0666e76dde82a2dd55ac2c624acbdb1d919,Australian English,australia,She had pneumonia once.,SHE KEPT NEMONIA ONE,70a61821c97fd72f1f454266527878ed5e26eba4d5e97e9ae575b6dd4e23c1b2
wav2vec2_large_lv60,dmsuta,141,stage5ext_00566,243c0d90f6145edce7803731bbd3baff7cb887a5290c10c1c5897e24248e249752883be23dbe58e59668ad96307fa0666e76dde82a2dd55ac2c624acbdb1d919,Australian English,australia,We returned to the cemetery.,HE RETURN TO THE CEMETERY,70a61821c97fd72f1f454266527878ed5e26eba4d5e97e9ae575b6dd4e23c1b2
wav2vec2_large_lv60,dmsuta,141,stage5ext_00567,243c0d90f6145edce7803731bbd3baff7cb887a5290c10c1c5897e24248e249752883be23dbe58e59668ad96307fa0666e76dde82a2dd55ac2c624acbdb1d919,Australian English,australia,I'd like to think.,I LIKE TO THI,70a61821c97fd72f1f454266527878ed5e26eba4d5e97e9ae575b6dd4e23c1b2
wav2vec2_large_lv60,dmsuta,141,stage5ext_00568,243c0d90f6145edce7803731bbd3baff7cb887a5290c10c1c5897e24248e249752883be23dbe58e59668ad96307fa0666e76dde82a2dd55ac2c624acbdb1d919,Australian English,australia,Your mother and I talked it over half the night.,YOUR MOTHER AND I TALKED IT OVER HALF THE NIGHT,70a61821c97fd72f1f454266527878ed5e26eba4d5e97e9ae575b6dd4e23c1b2
wav2vec2_large_lv60,dmsuta,142,stage5ext_00569,243c0d90f6145edce7803731bbd3baff7cb887a5290c10c1c5897e24248e249752883be23dbe58e59668ad96307fa0666e76dde82a2dd55ac2c624acbdb1d919,Australian English,australia,We must get some of that serum as soon as possible.,HE MUST GET SOME OF THE QUARRY AS BIG AS POSSIBLE,b5468cbc70608f6b9cefca00c6f2bc1b9bb4df2fe313444dfb2001627ba28ba2
wav2vec2_large_lv60,dmsuta,142,stage5ext_00570,243c0d90f6145edce7803731bbd3baff7cb887a5290c10c1c5897e24248e249752883be23dbe58e59668ad96307fa0666e76dde82a2dd55ac2c624acbdb1d919,Australian English,australia,She'll be waiting for you in Albany.,SHE'LL BE WAITING FOR YOU IN ALBANY,b5468cbc70608f6b9cefca00c6f2bc1b9bb4df2fe313444dfb2001627ba28ba2
wav2vec2_large_lv60,dmsuta,142,stage5ext_00571,0acf313028bfe2af57b429c11e66463848b29afaa619fcfb0eea753f8ba9c63862e2c106975c0e70bde12809fc2422731691839c34fe911de22051dd732876d2,Australian English,australia,It seemed to him that it fell to earth about one hundred miles east of here.,IT SEEMED TO HIM THAT IT FELL TO EARTH ABOUT ONE HUNDRED MILES EAST OF HERE,b5468cbc70608f6b9cefca00c6f2bc1b9bb4df2fe313444dfb2001627ba28ba2
wav2vec2_large_lv60,dmsuta,142,stage5ext_00572,0acf313028bfe2af57b429c11e66463848b29afaa619fcfb0eea753f8ba9c63862e2c106975c0e70bde12809fc2422731691839c34fe911de22051dd732876d2,Australian English,australia,'m all about those invisible cosmic connections that transcend time and distance.,I'M ALL ABOUT THOSE INVISIBLE COSMIC CONNECTIONS THAT TRANSCEND TIME AND DISTANCE,b5468cbc70608f6b9cefca00c6f2bc1b9bb4df2fe313444dfb2001627ba28ba2
wav2vec2_large_lv60,dmsuta,143,stage5ext_00573,0acf313028bfe2af57b429c11e66463848b29afaa619fcfb0eea753f8ba9c63862e2c106975c0e70bde12809fc2422731691839c34fe911de22051dd732876d2,Australian English,australia,And one or two persons were returning.,AND ONE OR TWO PERSONS WERE RETURNING,fd64053be8f388295513d2687a92c7fdb7f5bd2079571906e8648ff4a59e0b67
wav2vec2_large_lv60,dmsuta,143,stage5ext_00574,0acf313028bfe2af57b429c11e66463848b29afaa619fcfb0eea753f8ba9c63862e2c106975c0e70bde12809fc2422731691839c34fe911de22051dd732876d2,Australian English,australia,Even then he hardly understood what this meant.,EVEN THEN HE HARDLY UNDERSTOOD WHAT THIS MEANT,fd64053be8f388295513d2687a92c7fdb7f5bd2079571906e8648ff4a59e0b67
wav2vec2_large_lv60,dmsuta,143,stage5ext_00575,0acf313028bfe2af57b429c11e66463848b29afaa619fcfb0eea753f8ba9c63862e2c106975c0e70bde12809fc2422731691839c34fe911de22051dd732876d2,Australian English,australia,He heard a muffled grating sound and saw the black mark jerk forward an inch or so.,HE HEARD A MUFFLED GRATING SOUND AND SAW THE BLACK MORK JERK FORWARD AN INCH OR SO,fd64053be8f388295513d2687a92c7fdb7f5bd2079571906e8648ff4a59e0b67
wav2vec2_large_lv60,dmsuta,143,stage5ext_00576,0acf313028bfe2af57b429c11e66463848b29afaa619fcfb0eea753f8ba9c63862e2c106975c0e70bde12809fc2422731691839c34fe911de22051dd732876d2,Australian English,australia,Hundreds of observers saw the flame that night and the night after.,HUNDREDS OF OBSERVERS SAW THE FLAME THAT NIGHT AND THE NIGHT AFTER,fd64053be8f388295513d2687a92c7fdb7f5bd2079571906e8648ff4a59e0b67
wav2vec2_large_lv60,dmsuta,144,stage5ext_00577,0acf313028bfe2af57b429c11e66463848b29afaa619fcfb0eea753f8ba9c63862e2c106975c0e70bde12809fc2422731691839c34fe911de22051dd732876d2,Australian English,australia,I was impatient to see it opened.,I WAS IMPATIENT TO SEE IT OPENED,77a7b47faa6d2621b5a262386e00bb779ad3104df59f50f28a58526d078b8ba8
wav2vec2_large_lv60,dmsuta,144,stage5ext_00578,0acf313028bfe2af57b429c11e66463848b29afaa619fcfb0eea753f8ba9c63862e2c106975c0e70bde12809fc2422731691839c34fe911de22051dd732876d2,Australian English,australia,My mind ran on the possibilities of its content.,MY MIND RAN ON THE POSSIBILITIES OF ITS CONTENT,77a7b47faa6d2621b5a262386e00bb779ad3104df59f50f28a58526d078b8ba8
wav2vec2_large_lv60,dmsuta,144,stage5ext_00579,0acf313028bfe2af57b429c11e66463848b29afaa619fcfb0eea753f8ba9c63862e2c106975c0e70bde12809fc2422731691839c34fe911de22051dd732876d2,Australian English,australia,Some of those who saw its flight say it travelled with a hissing sound.,SOME OF THOSE WHO SAW ITS FLIGHT SAY IT TRAVELLED WITH A HISSING SOUND,77a7b47faa6d2621b5a262386e00bb779ad3104df59f50f28a58526d078b8ba8
wav2vec2_large_lv60,dmsuta,144,stage5ext_00580,0acf313028bfe2af57b429c11e66463848b29afaa619fcfb0eea753f8ba9c63862e2c106975c0e70bde12809fc2422731691839c34fe911de22051dd732876d2,Australian English,australia,"You don't have to be rich, skinny, popular, or even own a cape to perform a random act of kindness.",YOU DON'T HAVE TO BE RICH SKINNY POPULAR OR EVEN OWN A CAPE TO PERFORM A RANDOM ACT OF KINDNESS,77a7b47faa6d2621b5a262386e00bb779ad3104df59f50f28a58526d078b8ba8
wav2vec2_large_lv60,dmsuta,145,stage5ext_00581,0acf313028bfe2af57b429c11e66463848b29afaa619fcfb0eea753f8ba9c63862e2c106975c0e70bde12809fc2422731691839c34fe911de22051dd732876d2,Australian English,australia,I had seen all that it would presently bring me.,I HAD SEEN ALL THAT IT WOULD PRESENTLY BRING ME,4b7794e7cc7238c55c26a79dc483fa61354b420158c93c334d18d352a488df95
wav2vec2_large_lv60,dmsuta,145,stage5ext_00582,0acf313028bfe2af57b429c11e66463848b29afaa619fcfb0eea753f8ba9c63862e2c106975c0e70bde12809fc2422731691839c34fe911de22051dd732876d2,Australian English,australia,The time must have been somewhere around six o'clock.,THE TIME MUST HAVE BEEN SOMEWHERE ROUND SIX O'CLOCK,4b7794e7cc7238c55c26a79dc483fa61354b420158c93c334d18d352a488df95
wav2vec2_large_lv60,dmsuta,145,stage5ext_00583,0acf313028bfe2af57b429c11e66463848b29afaa619fcfb0eea753f8ba9c63862e2c106975c0e70bde12809fc2422731691839c34fe911de22051dd732876d2,Australian English,australia,We lit the lantern and walked over to his house.,WE LIT THE LANTERN AND WALKED OVER TO HIS HOUSE,4b7794e7cc7238c55c26a79dc483fa61354b420158c93c334d18d352a488df95
wav2vec2_large_lv60,dmsuta,145,stage5ext_00584,0acf313028bfe2af57b429c11e66463848b29afaa619fcfb0eea753f8ba9c63862e2c106975c0e70bde12809fc2422731691839c34fe911de22051dd732876d2,Australian English,australia,"If you start your emails with ""Greetings"" let me be the first to welcome you to Earth.",IF YOU START YOUR EMALES WITH GREETINGS LET ME BE THE FIRST TO WELCOME YOU TO EARTH,4b7794e7cc7238c55c26a79dc483fa61354b420158c93c334d18d352a488df95
wav2vec2_large_lv60,dmsuta,146,stage5ext_00585,0acf313028bfe2af57b429c11e66463848b29afaa619fcfb0eea753f8ba9c63862e2c106975c0e70bde12809fc2422731691839c34fe911de22051dd732876d2,Australian English,australia,Scattered groups of people were hurrying from the direction of Woking.,SCATTERED GROUPS OF PEOPLE WERE HURRYING FROM THE DIRECTION OF WORKING,c5fef2362d4b7f03376be0c6006a6195e2aec5618bd7de4d2a693f403ee8303b
wav2vec2_large_lv60,dmsuta,146,stage5ext_00586,771662210642ca9e2f17135f7a66db7f250f7f7bc6d9b3e3475b19d375389bcf6d1979c9a58a21cc866543ad80ab0e9641158290b7f6a9e1d0aad1635c730ab4,Australian English,australia,"Wakehurst asked the Treasurer, Alexander Mair, to form a government.",WAKEHURST ASKED THE TREASURER ALEXANDER MAYR TO FORM A GOVERNMENT,c5fef2362d4b7f03376be0c6006a6195e2aec5618bd7de4d2a693f403ee8303b
wav2vec2_large_lv60,dmsuta,146,stage5ext_00587,771662210642ca9e2f17135f7a66db7f250f7f7bc6d9b3e3475b19d375389bcf6d1979c9a58a21cc866543ad80ab0e9641158290b7f6a9e1d0aad1635c730ab4,Australian English,australia,"Translated, it means ""revolving hands"", ""rotating palms"", or ""turning palms.",TRANSLATED IT MEANS REVOLVING HANDS ROTATING PALMS OR TURNING PALMS,c5fef2362d4b7f03376be0c6006a6195e2aec5618bd7de4d2a693f403ee8303b
wav2vec2_large_lv60,dmsuta,146,stage5ext_00588,771662210642ca9e2f17135f7a66db7f250f7f7bc6d9b3e3475b19d375389bcf6d1979c9a58a21cc866543ad80ab0e9641158290b7f6a9e1d0aad1635c730ab4,Australian English,australia,It still has a working blacksmith's shop.,IT STILL HAS A WORKING BLACKSMITH'S SHOP,c5fef2362d4b7f03376be0c6006a6195e2aec5618bd7de4d2a693f403ee8303b
wav2vec2_large_lv60,dmsuta,147,stage5ext_00589,771662210642ca9e2f17135f7a66db7f250f7f7bc6d9b3e3475b19d375389bcf6d1979c9a58a21cc866543ad80ab0e9641158290b7f6a9e1d0aad1635c730ab4,Australian English,australia,"A right-handed batsman, Carlton Baugh Snr.",RIGHT HANDED BATSMAN CARLTON BORE SENIOR,73c6f6f4c924793d69ef6c8dcf321c3ab96e9c36448244432162984e87f705a2
wav2vec2_large_lv60,dmsuta,147,stage5ext_00590,771662210642ca9e2f17135f7a66db7f250f7f7bc6d9b3e3475b19d375389bcf6d1979c9a58a21cc866543ad80ab0e9641158290b7f6a9e1d0aad1635c730ab4,Australian English,australia,I couldn't see the linebackers.,I COULDN'T SEE THE LINE BECKERS,73c6f6f4c924793d69ef6c8dcf321c3ab96e9c36448244432162984e87f705a2
wav2vec2_large_lv60,dmsuta,147,stage5ext_00591,771662210642ca9e2f17135f7a66db7f250f7f7bc6d9b3e3475b19d375389bcf6d1979c9a58a21cc866543ad80ab0e9641158290b7f6a9e1d0aad1635c730ab4,Australian English,australia,Foreign titles may be utilized as a foundation for recognition of professional licensing.,FOREIGN TITLES MAY BE UTILIZED AS A FOUNDATION FOR RECOGNITION OF PROFESSIONAL LICENSING,73c6f6f4c924793d69ef6c8dcf321c3ab96e9c36448244432162984e87f705a2
wav2vec2_large_lv60,dmsuta,147,stage5ext_00592,771662210642ca9e2f17135f7a66db7f250f7f7bc6d9b3e3475b19d375389bcf6d1979c9a58a21cc866543ad80ab0e9641158290b7f6a9e1d0aad1635c730ab4,Australian English,australia,"For information on winning strategy, see ""The Schnapsen Log"" and ""Winning Schnapsen"".",FOR INFORMATION ON WINNING STRATEGY SEE THE SHNAPSEN LOG AND WINNING SCHNAPSEN,73c6f6f4c924793d69ef6c8dcf321c3ab96e9c36448244432162984e87f705a2
wav2vec2_large_lv60,dmsuta,148,stage5ext_00593,771662210642ca9e2f17135f7a66db7f250f7f7bc6d9b3e3475b19d375389bcf6d1979c9a58a21cc866543ad80ab0e9641158290b7f6a9e1d0aad1635c730ab4,Australian English,australia,The Argentinian government settled the dispute diplomatically with Israel.,THE ARGENTINIAN GOVERNMENT SETTLED THE DISPUTE DIPLOMATICALLY WITH ISRAEL,b77cb7ddff2872aab4a87bcba63396282fd15fe84780c466b4a72893105fcdc6
wav2vec2_large_lv60,dmsuta,148,stage5ext_00594,771662210642ca9e2f17135f7a66db7f250f7f7bc6d9b3e3475b19d375389bcf6d1979c9a58a21cc866543ad80ab0e9641158290b7f6a9e1d0aad1635c730ab4,Australian English,australia,So he decides to put another dog to sleep.,SO HE DECIDES TO PUT ANOTHER DOG TO SLEEP,b77cb7ddff2872aab4a87bcba63396282fd15fe84780c466b4a72893105fcdc6
wav2vec2_large_lv60,dmsuta,148,stage5ext_00595,771662210642ca9e2f17135f7a66db7f250f7f7bc6d9b3e3475b19d375389bcf6d1979c9a58a21cc866543ad80ab0e9641158290b7f6a9e1d0aad1635c730ab4,Australian English,australia,"Since that time, the pavilion has been used for seasonal special events.",SINCE THAT TIME THE PAVILION HAS BEEN USED FOR SEASONAL SPECIAL EVENTS,b77cb7ddff2872aab4a87bcba63396282fd15fe84780c466b4a72893105fcdc6
wav2vec2_large_lv60,dmsuta,148,stage5ext_00596,771662210642ca9e2f17135f7a66db7f250f7f7bc6d9b3e3475b19d375389bcf6d1979c9a58a21cc866543ad80ab0e9641158290b7f6a9e1d0aad1635c730ab4,Australian English,australia,"Zaxxon spawned an arcade sequel: ""Super Zaxxon"".",ZAXEN SPORNED AN ARCADE SEQUEL SUPER ZAXON,b77cb7ddff2872aab4a87bcba63396282fd15fe84780c466b4a72893105fcdc6
wav2vec2_large_lv60,dmsuta,149,stage5ext_00597,771662210642ca9e2f17135f7a66db7f250f7f7bc6d9b3e3475b19d375389bcf6d1979c9a58a21cc866543ad80ab0e9641158290b7f6a9e1d0aad1635c730ab4,Australian English,australia,"He was a reserve officer, nervous, energetic, and enthusiastic.",HE WAS A RESERVE OFFICER NERVOUS ENERGETIC AND ENTHUSIASTIC,8a47d46cb04e1347b4bd9cf0d4d349c06630860b71a5a59d676eb07febe27deb
wav2vec2_large_lv60,dmsuta,149,stage5ext_00598,771662210642ca9e2f17135f7a66db7f250f7f7bc6d9b3e3475b19d375389bcf6d1979c9a58a21cc866543ad80ab0e9641158290b7f6a9e1d0aad1635c730ab4,Australian English,australia,"Welaras are used mainly in English riding, especially in hunter classes.",BILLARAS ARE USED MAINLY IN ENGLISH WRITING ESPECIALLY IN HUNTER CLASSES,8a47d46cb04e1347b4bd9cf0d4d349c06630860b71a5a59d676eb07febe27deb
wav2vec2_large_lv60,dmsuta,149,stage5ext_00599,771662210642ca9e2f17135f7a66db7f250f7f7bc6d9b3e3475b19d375389bcf6d1979c9a58a21cc866543ad80ab0e9641158290b7f6a9e1d0aad1635c730ab4,Australian English,australia,Tirumala will be flooded with devotes to witness this occasion.,TIRUMULLA WILL BE FLOODED WITH DEVOTEES TO WITNESS THIS OCCASION,8a47d46cb04e1347b4bd9cf0d4d349c06630860b71a5a59d676eb07febe27deb
wav2vec2_large_lv60,dmsuta,149,stage5ext_00600,771662210642ca9e2f17135f7a66db7f250f7f7bc6d9b3e3475b19d375389bcf6d1979c9a58a21cc866543ad80ab0e9641158290b7f6a9e1d0aad1635c730ab4,Australian English,australia,"He has also advised political organisations of various stripes, colours and nationalities.",HE HAS ALSO ADVISED POLITICAL ORGANIZATIONS OF VARIOUS STRIPES COLORS AND NATIONALITIES,8a47d46cb04e1347b4bd9cf0d4d349c06630860b71a5a59d676eb07febe27deb
wav2vec2_large_lv60,dmsuta,150,stage5ext_00601,3dadaf13c9f244c187466942367d1da68cf1ba3fd4c5a5b27614964bc19565e566d5daea151b505599991d84b7d5faf8db2afc26f992b1bb7b99004b1f5b36f7,Canadian English,canada,"Its main base was Moorabbin Airport, Melbourne.",ITS MAIN BASE WAS MURABIN AIRPORT MELBOURN,8a0af063f0051ba98a881757b76548d77eda1513d750bcd0ab7ebd66d29bdb97
wav2vec2_large_lv60,dmsuta,150,stage5ext_00602,3dadaf13c9f244c187466942367d1da68cf1ba3fd4c5a5b27614964bc19565e566d5daea151b505599991d84b7d5faf8db2afc26f992b1bb7b99004b1f5b36f7,Canadian English,canada,"Pioneer Memorial Park in Norton Saint, Leichhardt, has gardens and paths for passive recreation.",PIONEER MEMORIAL PARK IN NORDEN SAINT LECHHARDS HAS GARDENS AND PATHS FOR PASSIVE RECREATION,8a0af063f0051ba98a881757b76548d77eda1513d750bcd0ab7ebd66d29bdb97
wav2vec2_large_lv60,dmsuta,150,stage5ext_00603,3dadaf13c9f244c187466942367d1da68cf1ba3fd4c5a5b27614964bc19565e566d5daea151b505599991d84b7d5faf8db2afc26f992b1bb7b99004b1f5b36f7,Canadian English,canada,"Later, the costs for the scholarship ballooned substantially.",LATER THE COST FOR THE SCHOLARSHIP BALLOONED SUBSTANTIALLY,8a0af063f0051ba98a881757b76548d77eda1513d750bcd0ab7ebd66d29bdb97
wav2vec2_large_lv60,dmsuta,150,stage5ext_00604,3dadaf13c9f244c187466942367d1da68cf1ba3fd4c5a5b27614964bc19565e566d5daea151b505599991d84b7d5faf8db2afc26f992b1bb7b99004b1f5b36f7,Canadian English,canada,"However, fourths become important later in the opera, especially in the melodic development.",HOWEVER FORCES BECOME IMPORTANT LATER IN THE OPERA ESPECIALLY IN THE MELODIC DEVELOPMENT,8a0af063f0051ba98a881757b76548d77eda1513d750bcd0ab7ebd66d29bdb97
wav2vec2_large_lv60,dmsuta,151,stage5ext_00605,3dadaf13c9f244c187466942367d1da68cf1ba3fd4c5a5b27614964bc19565e566d5daea151b505599991d84b7d5faf8db2afc26f992b1bb7b99004b1f5b36f7,Canadian English,canada,"If one server fails, client connections can be re-directed to another server.",IF ONE SERVER FAILS CLIENT CONNECTIONS CAN BE REDIRECTED TO ANOTHER SERVER,9d8e0e10167f581622a44982ee648faf99a0400a4da8e4da36981cbcb1ae1edb
wav2vec2_large_lv60,dmsuta,151,stage5ext_00606,3dadaf13c9f244c187466942367d1da68cf1ba3fd4c5a5b27614964bc19565e566d5daea151b505599991d84b7d5faf8db2afc26f992b1bb7b99004b1f5b36f7,Canadian English,canada,Kailash taken by Martin Gray.,CAYLOCH TAKEN BY MARTIN GREY,9d8e0e10167f581622a44982ee648faf99a0400a4da8e4da36981cbcb1ae1edb
wav2vec2_large_lv60,dmsuta,151,stage5ext_00607,3dadaf13c9f244c187466942367d1da68cf1ba3fd4c5a5b27614964bc19565e566d5daea151b505599991d84b7d5faf8db2afc26f992b1bb7b99004b1f5b36f7,Canadian English,canada,"Geographically, it is situated in the central-most region of the state.",GEOGRAPHICALLY IT IS SITUATED IN THE CENTRALMOST REGION OF THE STATE,9d8e0e10167f581622a44982ee648faf99a0400a4da8e4da36981cbcb1ae1edb
wav2vec2_large_lv60,dmsuta,151,stage5ext_00608,3dadaf13c9f244c187466942367d1da68cf1ba3fd4c5a5b27614964bc19565e566d5daea151b505599991d84b7d5faf8db2afc26f992b1bb7b99004b1f5b36f7,Canadian English,canada,"The meaning of Pinjar is unknown, but could be ""tadpole"" or ""swampy lake"".",THE MEANING OF PINJAR IS UNKNOWN BUT COULD BE TADPOOL OR SWAMPY LAKE,9d8e0e10167f581622a44982ee648faf99a0400a4da8e4da36981cbcb1ae1edb
wav2vec2_large_lv60,dmsuta,152,stage5ext_00609,3dadaf13c9f244c187466942367d1da68cf1ba3fd4c5a5b27614964bc19565e566d5daea151b505599991d84b7d5faf8db2afc26f992b1bb7b99004b1f5b36f7,Canadian English,canada,There are also regular buses connecting from Mozarts Plads to the city centre.,THERE ARE ALSO REGULAR BUSSES CONNECTING FROM BOSARTS PLADS TO THE CITY CENTR,cb4f20f7bbd6df7f077f32c689e18b4d457dd140b51e733d05eb4870aa5a4143
wav2vec2_large_lv60,dmsuta,152,stage5ext_00610,3dadaf13c9f244c187466942367d1da68cf1ba3fd4c5a5b27614964bc19565e566d5daea151b505599991d84b7d5faf8db2afc26f992b1bb7b99004b1f5b36f7,Canadian English,canada,Protein methylation has been most studied in the histones.,PROTINE METHOLATION HAS BEEN MOST STUDIED IN THE MHISTONES,cb4f20f7bbd6df7f077f32c689e18b4d457dd140b51e733d05eb4870aa5a4143
wav2vec2_large_lv60,dmsuta,152,stage5ext_00611,3dadaf13c9f244c187466942367d1da68cf1ba3fd4c5a5b27614964bc19565e566d5daea151b505599991d84b7d5faf8db2afc26f992b1bb7b99004b1f5b36f7,Canadian English,canada,"The spacewalkers received assistance from their crewmates inside ""Columbia"".",THESE SPACE WALKERS RECEIVE ASSISTANCE FROM THEIR TURMATES INSIDE COLUMBIA,cb4f20f7bbd6df7f077f32c689e18b4d457dd140b51e733d05eb4870aa5a4143
wav2vec2_large_lv60,dmsuta,152,stage5ext_00612,3dadaf13c9f244c187466942367d1da68cf1ba3fd4c5a5b27614964bc19565e566d5daea151b505599991d84b7d5faf8db2afc26f992b1bb7b99004b1f5b36f7,Canadian English,canada,Early units were re-built several times by the end of the war.,EARLY UNITS WERE REBUILT SEVERAL TIMES BY THE END OF THE WAR,cb4f20f7bbd6df7f077f32c689e18b4d457dd140b51e733d05eb4870aa5a4143
wav2vec2_large_lv60,dmsuta,153,stage5ext_00613,3dadaf13c9f244c187466942367d1da68cf1ba3fd4c5a5b27614964bc19565e566d5daea151b505599991d84b7d5faf8db2afc26f992b1bb7b99004b1f5b36f7,Canadian English,canada,They are two-stroke cycle and generally carbureted.,THEY ARE TWO STROKE CYCLES AND GENERALLY CARBOURATED,43c48bde3baf3be73e805416706186c721e1bc9c82b3f4ece46fd1eafa754c24
wav2vec2_large_lv60,dmsuta,153,stage5ext_00614,3dadaf13c9f244c187466942367d1da68cf1ba3fd4c5a5b27614964bc19565e566d5daea151b505599991d84b7d5faf8db2afc26f992b1bb7b99004b1f5b36f7,Canadian English,canada,Murphy's clean-living habits off the diamond were frequently noted in the media.,MURPHY'S CLEAN LIVING HABITS OFF THE DIAMOND WERE FREQUENTLY NOTED IN THE MEDIA,43c48bde3baf3be73e805416706186c721e1bc9c82b3f4ece46fd1eafa754c24
wav2vec2_large_lv60,dmsuta,153,stage5ext_00615,3dadaf13c9f244c187466942367d1da68cf1ba3fd4c5a5b27614964bc19565e566d5daea151b505599991d84b7d5faf8db2afc26f992b1bb7b99004b1f5b36f7,Canadian English,canada,Sometimes even his authorship has been challenged on the grounds of weak poetic imagination.,SOMETIMES EVEN HIS AUTHORSHIP HAS BEEN CHALLENGED ON THE GROUNDS OF WEAK POETIC IMAGINATION,43c48bde3baf3be73e805416706186c721e1bc9c82b3f4ece46fd1eafa754c24
wav2vec2_large_lv60,dmsuta,153,stage5ext_00616,7f88fdb59ecec75df8d06d03bc7fc4361b1824c772236491ccd731fb10f14e3cf7b550aaf16a4ef48e695b440eb33ebadf6f080d1c562a2d32c0a2a52bfae9e2,Canadian English,canada,"The dead soldiers were replaced by others, and life went on.",THE DEAD SOLDIERS WERE REPLACED BY OTHERS AND LIFE WENT ON,43c48bde3baf3be73e805416706186c721e1bc9c82b3f4ece46fd1eafa754c24
wav2vec2_large_lv60,dmsuta,154,stage5ext_00617,7f88fdb59ecec75df8d06d03bc7fc4361b1824c772236491ccd731fb10f14e3cf7b550aaf16a4ef48e695b440eb33ebadf6f080d1c562a2d32c0a2a52bfae9e2,Canadian English,canada,His Internet connection was too slow.,HIS INTERNET CONNECTION WAS TOO SLOW,c3931507e4ac4f80d219a3afd750c8dcbb0d4542ca284ec1f317ec6dbcede137
wav2vec2_large_lv60,dmsuta,154,stage5ext_00618,7f88fdb59ecec75df8d06d03bc7fc4361b1824c772236491ccd731fb10f14e3cf7b550aaf16a4ef48e695b440eb33ebadf6f080d1c562a2d32c0a2a52bfae9e2,Canadian English,canada,"Listen and listen to me very closely, we call them lifts, not elevators.",LISTEN AND LISTEN TO ME VERY CLOSELY WE CALL THEM LIFTS NOT ELEVATORS,c3931507e4ac4f80d219a3afd750c8dcbb0d4542ca284ec1f317ec6dbcede137
wav2vec2_large_lv60,dmsuta,154,stage5ext_00619,7f88fdb59ecec75df8d06d03bc7fc4361b1824c772236491ccd731fb10f14e3cf7b550aaf16a4ef48e695b440eb33ebadf6f080d1c562a2d32c0a2a52bfae9e2,Canadian English,canada,"If you want to contradict what I just said, you will have to provide footnotes.",IF YOU WANT TO CONTRADICT WHAT I JUST SAID YOU WILL HAVE TO PROVIDE FOOTNOTES,c3931507e4ac4f80d219a3afd750c8dcbb0d4542ca284ec1f317ec6dbcede137
wav2vec2_large_lv60,dmsuta,154,stage5ext_00620,7f88fdb59ecec75df8d06d03bc7fc4361b1824c772236491ccd731fb10f14e3cf7b550aaf16a4ef48e695b440eb33ebadf6f080d1c562a2d32c0a2a52bfae9e2,Canadian English,canada,Backface culling is a common trick to accelerate Three-D rendering.,BACK FACE CULLING IS A COMMON TRICK TO ACCELERATE THREE DE RENDERING,c3931507e4ac4f80d219a3afd750c8dcbb0d4542ca284ec1f317ec6dbcede137
wav2vec2_large_lv60,dmsuta,155,stage5ext_00621,7f88fdb59ecec75df8d06d03bc7fc4361b1824c772236491ccd731fb10f14e3cf7b550aaf16a4ef48e695b440eb33ebadf6f080d1c562a2d32c0a2a52bfae9e2,Canadian English,canada,Fatima was more important than his treasure.,FATAMA WAS MORE IMPORTANT THAN HIS TREASURE,a02425b74800aa8e93ece197d63c9d5389bbbaa4261412f9ba6991d62503cb27
wav2vec2_large_lv60,dmsuta,155,stage5ext_00622,7f88fdb59ecec75df8d06d03bc7fc4361b1824c772236491ccd731fb10f14e3cf7b550aaf16a4ef48e695b440eb33ebadf6f080d1c562a2d32c0a2a52bfae9e2,Canadian English,canada,But it was not to be.,BUT IT WAS NOT TO BE,a02425b74800aa8e93ece197d63c9d5389bbbaa4261412f9ba6991d62503cb27
wav2vec2_large_lv60,dmsuta,155,stage5ext_00623,7f88fdb59ecec75df8d06d03bc7fc4361b1824c772236491ccd731fb10f14e3cf7b550aaf16a4ef48e695b440eb33ebadf6f080d1c562a2d32c0a2a52bfae9e2,Canadian English,canada,Display a list of escape characters.,DISPLAY A LIST OF ESCAPE CHARACTERS,a02425b74800aa8e93ece197d63c9d5389bbbaa4261412f9ba6991d62503cb27
wav2vec2_large_lv60,dmsuta,155,stage5ext_00624,7f88fdb59ecec75df8d06d03bc7fc4361b1824c772236491ccd731fb10f14e3cf7b550aaf16a4ef48e695b440eb33ebadf6f080d1c562a2d32c0a2a52bfae9e2,Canadian English,canada,The Englishman had several suitcases filled with books.,THE ENGLISHMAN HAD SEVERAL SUIT CASES FILLED WITH BOOKS,a02425b74800aa8e93ece197d63c9d5389bbbaa4261412f9ba6991d62503cb27
wav2vec2_large_lv60,dmsuta,156,stage5ext_00625,7f88fdb59ecec75df8d06d03bc7fc4361b1824c772236491ccd731fb10f14e3cf7b550aaf16a4ef48e695b440eb33ebadf6f080d1c562a2d32c0a2a52bfae9e2,Canadian English,canada,He just got a new kite for his birthday.,HE JUST GOT A NEW KITE FOR HIS BIRTHDAY,393dd0abfa6007b5feec08076ffac5cfc07553dbbf156198ba96f9c507ce6928
wav2vec2_large_lv60,dmsuta,156,stage5ext_00626,7f88fdb59ecec75df8d06d03bc7fc4361b1824c772236491ccd731fb10f14e3cf7b550aaf16a4ef48e695b440eb33ebadf6f080d1c562a2d32c0a2a52bfae9e2,Canadian English,canada,"Well, it's a long list.",WELL IT'S A LONG LIST,393dd0abfa6007b5feec08076ffac5cfc07553dbbf156198ba96f9c507ce6928
wav2vec2_large_lv60,dmsuta,156,stage5ext_00627,7f88fdb59ecec75df8d06d03bc7fc4361b1824c772236491ccd731fb10f14e3cf7b550aaf16a4ef48e695b440eb33ebadf6f080d1c562a2d32c0a2a52bfae9e2,Canadian English,canada,"One day, the earth began to tremble, and the Nile overflowed its banks.",ONE DAY THE EARTH BEGAN TO TREMBLE AND THE NILE OVERFLOWED ITS BANKS,393dd0abfa6007b5feec08076ffac5cfc07553dbbf156198ba96f9c507ce6928
wav2vec2_large_lv60,dmsuta,156,stage5ext_00628,7f88fdb59ecec75df8d06d03bc7fc4361b1824c772236491ccd731fb10f14e3cf7b550aaf16a4ef48e695b440eb33ebadf6f080d1c562a2d32c0a2a52bfae9e2,Canadian English,canada,"The waitress was carrying an impressive amount of dinnerware, but then an earthquake occurred and she dropped it all.",THE WAITRESS WAS CARRYING AN IMPRESSIVE AMOUNT OF DINNER WARE BUT THEN AN EARTHQUAKE OCCURRED AND SHE DROPPED IT ALL,393dd0abfa6007b5feec08076ffac5cfc07553dbbf156198ba96f9c507ce6928
wav2vec2_large_lv60,dmsuta,157,stage5ext_00629,7f88fdb59ecec75df8d06d03bc7fc4361b1824c772236491ccd731fb10f14e3cf7b550aaf16a4ef48e695b440eb33ebadf6f080d1c562a2d32c0a2a52bfae9e2,Canadian English,canada,Johnny Depp is reprising his role for the third time in the new film.,JOHNNY DEPP IS REPRISING HIS ROLE FOR THE THIRD TIME IN THE NEW FILM,9af3aec2309b0084cdc8106bf3b30d098888e39d8bfd174a0e6c26cf0df83b46
wav2vec2_large_lv60,dmsuta,157,stage5ext_00630,7f88fdb59ecec75df8d06d03bc7fc4361b1824c772236491ccd731fb10f14e3cf7b550aaf16a4ef48e695b440eb33ebadf6f080d1c562a2d32c0a2a52bfae9e2,Canadian English,canada,The insurance policy will expire in twenty-twenty.,THE INSURANCE POLICY WILL EXPIRE IN TWENTY TWENTY,9af3aec2309b0084cdc8106bf3b30d098888e39d8bfd174a0e6c26cf0df83b46
wav2vec2_large_lv60,dmsuta,157,stage5ext_00631,c351c258fb7f6fd98e2b6dccc6dcbad5257965c8aceac0c60ba5b390d3e326847e121870153e0c8b87504d77c2d7baab09aef2d54ecdf46d1134d28a49792650,Canadian English,canada,Who says I'm looking for a job?,WHO SAYS I'M LOOKING FOR A JOB,9af3aec2309b0084cdc8106bf3b30d098888e39d8bfd174a0e6c26cf0df83b46
wav2vec2_large_lv60,dmsuta,157,stage5ext_00632,c351c258fb7f6fd98e2b6dccc6dcbad5257965c8aceac0c60ba5b390d3e326847e121870153e0c8b87504d77c2d7baab09aef2d54ecdf46d1134d28a49792650,Canadian English,canada,She apparently didn't listen.,SHE APPARENTLY DIDN'T LISTEN,9af3aec2309b0084cdc8106bf3b30d098888e39d8bfd174a0e6c26cf0df83b46
wav2vec2_large_lv60,dmsuta,158,stage5ext_00633,c351c258fb7f6fd98e2b6dccc6dcbad5257965c8aceac0c60ba5b390d3e326847e121870153e0c8b87504d77c2d7baab09aef2d54ecdf46d1134d28a49792650,Canadian English,canada,Do you know him?,DO YOU KNOW HIM,93af5328bbeacf3f5431d817ca10df9884fe24a019a820e668adc44fa18a2435
wav2vec2_large_lv60,dmsuta,158,stage5ext_00634,c351c258fb7f6fd98e2b6dccc6dcbad5257965c8aceac0c60ba5b390d3e326847e121870153e0c8b87504d77c2d7baab09aef2d54ecdf46d1134d28a49792650,Canadian English,canada,That's what I mean.,THAT'S WHAT I MEAN,93af5328bbeacf3f5431d817ca10df9884fe24a019a820e668adc44fa18a2435
wav2vec2_large_lv60,dmsuta,158,stage5ext_00635,c351c258fb7f6fd98e2b6dccc6dcbad5257965c8aceac0c60ba5b390d3e326847e121870153e0c8b87504d77c2d7baab09aef2d54ecdf46d1134d28a49792650,Canadian English,canada,The rectangle was parallel to the square.,THE RECTANGLE WAS PARALLEL TO THE SQUARE,93af5328bbeacf3f5431d817ca10df9884fe24a019a820e668adc44fa18a2435
wav2vec2_large_lv60,dmsuta,158,stage5ext_00636,c351c258fb7f6fd98e2b6dccc6dcbad5257965c8aceac0c60ba5b390d3e326847e121870153e0c8b87504d77c2d7baab09aef2d54ecdf46d1134d28a49792650,Canadian English,canada,I wonder what's eating that old money grubbing buzzard anyway?,I WONDER WHAT'S EATING THAT OLD MONEY GRUBBING BUZZARD ANYWAY,93af5328bbeacf3f5431d817ca10df9884fe24a019a820e668adc44fa18a2435
wav2vec2_large_lv60,dmsuta,159,stage5ext_00637,c351c258fb7f6fd98e2b6dccc6dcbad5257965c8aceac0c60ba5b390d3e326847e121870153e0c8b87504d77c2d7baab09aef2d54ecdf46d1134d28a49792650,Canadian English,canada,She's a wonderful person.,SHE IS A WONDERFUL PERSON,074c29b93a19cc7674d66c8e574d87026b406bfbe39f3527d15c26103dd41982
wav2vec2_large_lv60,dmsuta,159,stage5ext_00638,c351c258fb7f6fd98e2b6dccc6dcbad5257965c8aceac0c60ba5b390d3e326847e121870153e0c8b87504d77c2d7baab09aef2d54ecdf46d1134d28a49792650,Canadian English,canada,"It was not clear who had the right of way, since the traffic lights were off.",IT WAS NOT CLEAR WHO HAD THE RIGHT OF WAY SINCE THE TRAFFIC LIGHTS WERE OFF,074c29b93a19cc7674d66c8e574d87026b406bfbe39f3527d15c26103dd41982
wav2vec2_large_lv60,dmsuta,159,stage5ext_00639,c351c258fb7f6fd98e2b6dccc6dcbad5257965c8aceac0c60ba5b390d3e326847e121870153e0c8b87504d77c2d7baab09aef2d54ecdf46d1134d28a49792650,Canadian English,canada,Your government is counting on you.,YOUR GOVERNMENT IS COUNTING ON YOU,074c29b93a19cc7674d66c8e574d87026b406bfbe39f3527d15c26103dd41982
wav2vec2_large_lv60,dmsuta,159,stage5ext_00640,c351c258fb7f6fd98e2b6dccc6dcbad5257965c8aceac0c60ba5b390d3e326847e121870153e0c8b87504d77c2d7baab09aef2d54ecdf46d1134d28a49792650,Canadian English,canada,Mollie did give her some kind of story.,MOLLE DID GIVE HER SOME KIND OF STORY,074c29b93a19cc7674d66c8e574d87026b406bfbe39f3527d15c26103dd41982
wav2vec2_large_lv60,dmsuta,160,stage5ext_00641,c351c258fb7f6fd98e2b6dccc6dcbad5257965c8aceac0c60ba5b390d3e326847e121870153e0c8b87504d77c2d7baab09aef2d54ecdf46d1134d28a49792650,Canadian English,canada,Fresh coffee is much better than the freeze dried stuff.,FRESH COFFEE IS MUCH BETTER THAN THE FREEZE DRIED STUFF,278d92defe0d00022465614b53d7a34e5225e3769b94f264e2365268bebdb8aa
wav2vec2_large_lv60,dmsuta,160,stage5ext_00642,c351c258fb7f6fd98e2b6dccc6dcbad5257965c8aceac0c60ba5b390d3e326847e121870153e0c8b87504d77c2d7baab09aef2d54ecdf46d1134d28a49792650,Canadian English,canada,Sandra read aloud the strange excerpt.,SANDRA READ ALOUD THE STRANGE EXERPT,278d92defe0d00022465614b53d7a34e5225e3769b94f264e2365268bebdb8aa
wav2vec2_large_lv60,dmsuta,160,stage5ext_00643,c351c258fb7f6fd98e2b6dccc6dcbad5257965c8aceac0c60ba5b390d3e326847e121870153e0c8b87504d77c2d7baab09aef2d54ecdf46d1134d28a49792650,Canadian English,canada,Denise hoovered the rug.,DENICE HOOVERED THE RUG,278d92defe0d00022465614b53d7a34e5225e3769b94f264e2365268bebdb8aa
wav2vec2_large_lv60,dmsuta,160,stage5ext_00644,c351c258fb7f6fd98e2b6dccc6dcbad5257965c8aceac0c60ba5b390d3e326847e121870153e0c8b87504d77c2d7baab09aef2d54ecdf46d1134d28a49792650,Canadian English,canada,He fondled his bright orange beard.,HE FONDLED HIS BRIGHT ORANGE BEARD,278d92defe0d00022465614b53d7a34e5225e3769b94f264e2365268bebdb8aa
wav2vec2_large_lv60,dmsuta,161,stage5ext_00645,c351c258fb7f6fd98e2b6dccc6dcbad5257965c8aceac0c60ba5b390d3e326847e121870153e0c8b87504d77c2d7baab09aef2d54ecdf46d1134d28a49792650,Canadian English,canada,I knew you'd wake up sooner or later!,I KNEW YOU'D WAKE UP SOONER OR LATER,93ae8b0e89f73316be74185e25952bf2347f9167aa89538e050a41a5a6ed94ff
wav2vec2_large_lv60,dmsuta,161,stage5ext_00646,760d3165d3a07ad90ef4a2b9248bbf4ad9fb43b3d7a518ee594214a8cddc34fa81c1608244500a4e6c4c7a43bcc7aa747d4aaf12ec5ef17ace5bbaaded5a7c73,Canadian English,canada,"Washington Township was named for George Washington, first president of the United States.",WASHINGTON TOWNSHIP WAS NAMED FOR GEORGE WASHINGTON FIRST PRESIDENT OF THE UNITED STATES,93ae8b0e89f73316be74185e25952bf2347f9167aa89538e050a41a5a6ed94ff
wav2vec2_large_lv60,dmsuta,161,stage5ext_00647,760d3165d3a07ad90ef4a2b9248bbf4ad9fb43b3d7a518ee594214a8cddc34fa81c1608244500a4e6c4c7a43bcc7aa747d4aaf12ec5ef17ace5bbaaded5a7c73,Canadian English,canada,Mount Berry was named after Berry College founder Martha Berry.,MALBURY WAS NAMED AFTER BURRY COLLEGE FOUNDER MARTHA BURRY,93ae8b0e89f73316be74185e25952bf2347f9167aa89538e050a41a5a6ed94ff
wav2vec2_large_lv60,dmsuta,161,stage5ext_00648,760d3165d3a07ad90ef4a2b9248bbf4ad9fb43b3d7a518ee594214a8cddc34fa81c1608244500a4e6c4c7a43bcc7aa747d4aaf12ec5ef17ace5bbaaded5a7c73,Canadian English,canada,The boys and girls winners go to Birmingham for the Final Four tournament.,THE BOYS AND GIRLS WINNERS GO TO BIRMINGHAM FOR THE FINAL FOUR TOURNAMENT,93ae8b0e89f73316be74185e25952bf2347f9167aa89538e050a41a5a6ed94ff
wav2vec2_large_lv60,dmsuta,162,stage5ext_00649,760d3165d3a07ad90ef4a2b9248bbf4ad9fb43b3d7a518ee594214a8cddc34fa81c1608244500a4e6c4c7a43bcc7aa747d4aaf12ec5ef17ace5bbaaded5a7c73,Canadian English,canada,"In the central business district, the main activities include welding, carpentry and masonry.",IN THE CENTRAL BUSINESS DISTRICT THE MAIN ACTIVITIES INCLUDE WELDING CARPENTRY AND MASONRY,09280ebc01100915ef54b53cc2cbb26d854084d2bba3dc3898fe16f0000ec224
wav2vec2_large_lv60,dmsuta,162,stage5ext_00650,760d3165d3a07ad90ef4a2b9248bbf4ad9fb43b3d7a518ee594214a8cddc34fa81c1608244500a4e6c4c7a43bcc7aa747d4aaf12ec5ef17ace5bbaaded5a7c73,Canadian English,canada,Drivers pass by Engineer Mountain and Twilight Peak before crossing Coal Bank Pass.,DRIVERS PASS BY ENGINEER MOUNTAIN AN TWILIGHT PEAK BEFORE CROSSING COAL BANK PASS,09280ebc01100915ef54b53cc2cbb26d854084d2bba3dc3898fe16f0000ec224
wav2vec2_large_lv60,dmsuta,162,stage5ext_00651,760d3165d3a07ad90ef4a2b9248bbf4ad9fb43b3d7a518ee594214a8cddc34fa81c1608244500a4e6c4c7a43bcc7aa747d4aaf12ec5ef17ace5bbaaded5a7c73,Canadian English,canada,The scope may provide direct visualization or may be attached to a video monitor.,THE SCOPE MAY PROVIDE DIRECT VISUALIZATION OR MAY BE ATTACHED TO A VIDIOMONITOR,09280ebc01100915ef54b53cc2cbb26d854084d2bba3dc3898fe16f0000ec224
wav2vec2_large_lv60,dmsuta,162,stage5ext_00652,760d3165d3a07ad90ef4a2b9248bbf4ad9fb43b3d7a518ee594214a8cddc34fa81c1608244500a4e6c4c7a43bcc7aa747d4aaf12ec5ef17ace5bbaaded5a7c73,Canadian English,canada,Other scholars refute these arguments-particularly since Josephus describes some Essenes as allowing marriage.,OTHER SCHOLARS REFUTE THESE ARGUMENTS PARTICULARLY SINCE JOSEPHUS DESCRIBES SOME ASSENS AS ALLOWING MARRIAGE,09280ebc01100915ef54b53cc2cbb26d854084d2bba3dc3898fe16f0000ec224
wav2vec2_large_lv60,dmsuta,163,stage5ext_00653,760d3165d3a07ad90ef4a2b9248bbf4ad9fb43b3d7a518ee594214a8cddc34fa81c1608244500a4e6c4c7a43bcc7aa747d4aaf12ec5ef17ace5bbaaded5a7c73,Canadian English,canada,"Violence occurs in childhood sexual abuse, date rape, intimate partner violence, and sexual harassment.",VIOLENCE OCCURS IN CHILDHOOD SEXUAL ABUSE DAT RAIT INTIMATE PARTNER VIOLENCE AND SEXUAL HARASSMENT,608170aad5c1c2882471b236d69b060f319aafb1f2e774206f005d9ea8d89301
wav2vec2_large_lv60,dmsuta,163,stage5ext_00654,760d3165d3a07ad90ef4a2b9248bbf4ad9fb43b3d7a518ee594214a8cddc34fa81c1608244500a4e6c4c7a43bcc7aa747d4aaf12ec5ef17ace5bbaaded5a7c73,Canadian English,canada,Baby later changed his stage name to Birdman after the duo was dissolved.,BABY LATER CHANGED HIS STAGE NAME TO BIRD MEN AFTER THE DUO WAS DISSOLVED,608170aad5c1c2882471b236d69b060f319aafb1f2e774206f005d9ea8d89301
wav2vec2_large_lv60,dmsuta,163,stage5ext_00655,760d3165d3a07ad90ef4a2b9248bbf4ad9fb43b3d7a518ee594214a8cddc34fa81c1608244500a4e6c4c7a43bcc7aa747d4aaf12ec5ef17ace5bbaaded5a7c73,Canadian English,canada,Manufacturers of identification badges recognized a market and began advertising in periodicals.,MANUFACTURERS OF IDENTIFICATION BADGES RECOGNIZED A MARKET AND BEGAN ADVERTISING IN PERIODICALS,608170aad5c1c2882471b236d69b060f319aafb1f2e774206f005d9ea8d89301
wav2vec2_large_lv60,dmsuta,163,stage5ext_00656,760d3165d3a07ad90ef4a2b9248bbf4ad9fb43b3d7a518ee594214a8cddc34fa81c1608244500a4e6c4c7a43bcc7aa747d4aaf12ec5ef17ace5bbaaded5a7c73,Canadian English,canada,Dozens of descriptions of Elizabeth on that day exist with slightly differing details.,DOZENS OF DESCRIPTIONS OF ELIZABETH ON THAT DAY EXIST WITH SLIGHTLY DEFERRING DETAILS,608170aad5c1c2882471b236d69b060f319aafb1f2e774206f005d9ea8d89301
wav2vec2_large_lv60,dmsuta,164,stage5ext_00657,760d3165d3a07ad90ef4a2b9248bbf4ad9fb43b3d7a518ee594214a8cddc34fa81c1608244500a4e6c4c7a43bcc7aa747d4aaf12ec5ef17ace5bbaaded5a7c73,Canadian English,canada,However Victoria didn't develop any games.,HOWEVER VICTORIA DIDN'T DEVELOP ANY GAINS,fca8b0405940cb416f76f3a432bd908f6d2ac611cfe9941e72a0c0e52dc2a62b
wav2vec2_large_lv60,dmsuta,164,stage5ext_00658,760d3165d3a07ad90ef4a2b9248bbf4ad9fb43b3d7a518ee594214a8cddc34fa81c1608244500a4e6c4c7a43bcc7aa747d4aaf12ec5ef17ace5bbaaded5a7c73,Canadian English,canada,"Following Dunkirk, ""Jackal"" returned to the routine of convoy escort and patrols.",FOLLOWING DUNKIRK JACKAL RETURNED TO THE ROUTINE OF CONVOY ESCORT AND PATROLS,fca8b0405940cb416f76f3a432bd908f6d2ac611cfe9941e72a0c0e52dc2a62b
wav2vec2_large_lv60,dmsuta,164,stage5ext_00659,760d3165d3a07ad90ef4a2b9248bbf4ad9fb43b3d7a518ee594214a8cddc34fa81c1608244500a4e6c4c7a43bcc7aa747d4aaf12ec5ef17ace5bbaaded5a7c73,Canadian English,canada,O'Quinn held this role for all three seasons of the series.,OQUYN HELD THIS ROLL FOR ALL THREE SEASONS OF THE SERIES,fca8b0405940cb416f76f3a432bd908f6d2ac611cfe9941e72a0c0e52dc2a62b
wav2vec2_large_lv60,dmsuta,164,stage5ext_00660,760d3165d3a07ad90ef4a2b9248bbf4ad9fb43b3d7a518ee594214a8cddc34fa81c1608244500a4e6c4c7a43bcc7aa747d4aaf12ec5ef17ace5bbaaded5a7c73,Canadian English,canada,Sartene wine is appreciated by wine connoisseurs for its good quality.,SATINE WINE IS APPRECIATED BY WINE CONNOISSEURS FOR ITS GOOD QUALITY,fca8b0405940cb416f76f3a432bd908f6d2ac611cfe9941e72a0c0e52dc2a62b
wav2vec2_large_lv60,dmsuta,165,stage5ext_00661,591dc19ef324950dafd8ce359e9711f332297ea7ff75da4847f4653c4698cfb4a469db4e15b5ea6b6512eb8f51f1b066477920287c57ae1056528e11c1bd1976,Canadian English,canada,It was returned to Prussia at the end of the war.,IT WAS RETURNED TO PRUSSIA AT THE END OF THE WAR,87f7d913b2cf1b1de3c232c2ff813200cdb8ecf42029ec231b4675067823c0d3
wav2vec2_large_lv60,dmsuta,165,stage5ext_00662,591dc19ef324950dafd8ce359e9711f332297ea7ff75da4847f4653c4698cfb4a469db4e15b5ea6b6512eb8f51f1b066477920287c57ae1056528e11c1bd1976,Canadian English,canada,It is now named Longton Exchange.,IT IS NOW NAMED LONGTON EXCHANGE,87f7d913b2cf1b1de3c232c2ff813200cdb8ecf42029ec231b4675067823c0d3
wav2vec2_large_lv60,dmsuta,165,stage5ext_00663,591dc19ef324950dafd8ce359e9711f332297ea7ff75da4847f4653c4698cfb4a469db4e15b5ea6b6512eb8f51f1b066477920287c57ae1056528e11c1bd1976,Canadian English,canada,Eddie Antar was eventually charged with a series of crimes.,ETDIE ONTAR WAS EVENTUALLY CHARGED WITH A SERIES OF CRIMES,87f7d913b2cf1b1de3c232c2ff813200cdb8ecf42029ec231b4675067823c0d3
wav2vec2_large_lv60,dmsuta,165,stage5ext_00664,591dc19ef324950dafd8ce359e9711f332297ea7ff75da4847f4653c4698cfb4a469db4e15b5ea6b6512eb8f51f1b066477920287c57ae1056528e11c1bd1976,Canadian English,canada,The monuments built by these Sultans were the first examples of Indo-Islamic Architecture.,THE MONUMENTS BUILT BY THESE SULTANS WERE THE FIRST EXAMPLES OF INDOISLAMIC ARCHITECTURE,87f7d913b2cf1b1de3c232c2ff813200cdb8ecf42029ec231b4675067823c0d3
wav2vec2_large_lv60,dmsuta,166,stage5ext_00665,591dc19ef324950dafd8ce359e9711f332297ea7ff75da4847f4653c4698cfb4a469db4e15b5ea6b6512eb8f51f1b066477920287c57ae1056528e11c1bd1976,Canadian English,canada,"She has two sisters, Laura Norris and Sarah McNeil, and a brother, Andrew McNeil.",SHE HAS TWO SISTERS LAURA NORRIS AND SARAH MC NEAL AND A BROTHER ANDREW MC NEAL,18ec12ec6285c02f65db59ec992c8aed310b0210bc69f743fdeea3d8eee74dae
wav2vec2_large_lv60,dmsuta,166,stage5ext_00666,591dc19ef324950dafd8ce359e9711f332297ea7ff75da4847f4653c4698cfb4a469db4e15b5ea6b6512eb8f51f1b066477920287c57ae1056528e11c1bd1976,Canadian English,canada,"Earthquakes along the fault, and the associated earth movements, have formed the Southern Alps.",EARTHQUAKES ALONG THE FALT AND THE ASSOCIATED EARTH MOVEMENTS HAVE FORMED THE SOUTHERN ALPS,18ec12ec6285c02f65db59ec992c8aed310b0210bc69f743fdeea3d8eee74dae
wav2vec2_large_lv60,dmsuta,166,stage5ext_00667,591dc19ef324950dafd8ce359e9711f332297ea7ff75da4847f4653c4698cfb4a469db4e15b5ea6b6512eb8f51f1b066477920287c57ae1056528e11c1bd1976,Canadian English,canada,Expression Encoder consists of two editions: A freeware edition and a commercial Pro edition.,EXPRESSION AN CODOR CONSISTS OF TWO EDITIONS A FREEWARE EDITION AND A COMMERCIAL PROHIDITION,18ec12ec6285c02f65db59ec992c8aed310b0210bc69f743fdeea3d8eee74dae
wav2vec2_large_lv60,dmsuta,166,stage5ext_00668,591dc19ef324950dafd8ce359e9711f332297ea7ff75da4847f4653c4698cfb4a469db4e15b5ea6b6512eb8f51f1b066477920287c57ae1056528e11c1bd1976,Canadian English,canada,The couple's working relationship became personal and resulted in marriage the following year.,THE COUPLE'S WORKING RELATIONSHIP BECAME PERSONAL AND RESULTED IN MARRIAGE THE FOLLOWING YEAR,18ec12ec6285c02f65db59ec992c8aed310b0210bc69f743fdeea3d8eee74dae
wav2vec2_large_lv60,dmsuta,167,stage5ext_00669,591dc19ef324950dafd8ce359e9711f332297ea7ff75da4847f4653c4698cfb4a469db4e15b5ea6b6512eb8f51f1b066477920287c57ae1056528e11c1bd1976,Canadian English,canada,"Upon returning to the Mets, his career was reborn.",UPON RETURNING TO THE METS HIS CAREER WAS REBORN,09575358910a6e831f23d6b6ce9d8f3078bedb55f090e78705705319e7c3ed3e
wav2vec2_large_lv60,dmsuta,167,stage5ext_00670,591dc19ef324950dafd8ce359e9711f332297ea7ff75da4847f4653c4698cfb4a469db4e15b5ea6b6512eb8f51f1b066477920287c57ae1056528e11c1bd1976,Canadian English,canada,"She was in the award-winning musical ""Light in the Piazza"" on Broadway.",SHE WAS IN THE AWARD WINNING MUSICAL LIGHT IN THE PIAZZA ON BROADWAY,09575358910a6e831f23d6b6ce9d8f3078bedb55f090e78705705319e7c3ed3e
wav2vec2_large_lv60,dmsuta,167,stage5ext_00671,591dc19ef324950dafd8ce359e9711f332297ea7ff75da4847f4653c4698cfb4a469db4e15b5ea6b6512eb8f51f1b066477920287c57ae1056528e11c1bd1976,Canadian English,canada,He then went on to a second career as a car racing driver.,HE THEN WENT ON TO A SECOND CAREER AS A CAR RACING DRIVER,09575358910a6e831f23d6b6ce9d8f3078bedb55f090e78705705319e7c3ed3e
wav2vec2_large_lv60,dmsuta,167,stage5ext_00672,591dc19ef324950dafd8ce359e9711f332297ea7ff75da4847f4653c4698cfb4a469db4e15b5ea6b6512eb8f51f1b066477920287c57ae1056528e11c1bd1976,Canadian English,canada,"For Mainz, Joseph Ludwig Colmar was soon appointed as bishop.",FOR MAINES JOSEPH LUDWIG COLMAR WAS SOON APPOINTED AS BISHOP,09575358910a6e831f23d6b6ce9d8f3078bedb55f090e78705705319e7c3ed3e
wav2vec2_large_lv60,dmsuta,168,stage5ext_00673,591dc19ef324950dafd8ce359e9711f332297ea7ff75da4847f4653c4698cfb4a469db4e15b5ea6b6512eb8f51f1b066477920287c57ae1056528e11c1bd1976,Canadian English,canada,"He has been nicknamed ""The Man of a Thousand Voices"".",HE HAS BEEN NICKNAMED THE MAN OF A THOUSAND VOICES,d8abdc1549c77bdc9274298b1c3286261226eb1fd9bbd72ec26f1a737ae23ae8
wav2vec2_large_lv60,dmsuta,168,stage5ext_00674,591dc19ef324950dafd8ce359e9711f332297ea7ff75da4847f4653c4698cfb4a469db4e15b5ea6b6512eb8f51f1b066477920287c57ae1056528e11c1bd1976,Canadian English,canada,He then teamed up Martin Salkin and Milt Gabler of Decca Records.,HE THEN TEAMED UP MARTIN SALKAN IN MILT GABLER OF DECA RECORDS,d8abdc1549c77bdc9274298b1c3286261226eb1fd9bbd72ec26f1a737ae23ae8
wav2vec2_large_lv60,dmsuta,168,stage5ext_00675,591dc19ef324950dafd8ce359e9711f332297ea7ff75da4847f4653c4698cfb4a469db4e15b5ea6b6512eb8f51f1b066477920287c57ae1056528e11c1bd1976,Canadian English,canada,"They became most prominent in the Roman Republic, and continued into the Empire.",THEY BECAME THE MOST PROMINENT IN THE ROMAN REPUBLIC AND CONTINUED INTO THE EMPIRE,d8abdc1549c77bdc9274298b1c3286261226eb1fd9bbd72ec26f1a737ae23ae8
wav2vec2_large_lv60,dmsuta,168,stage5ext_00676,87b42e85779256f12cd8467a8790384f4d1ba3aa2c3821b798e151f94702c8fecb77a8f125195bf02e72b9c5cf01c3d6ddda5e6d3aa87b4bc525756a8c2b8807,Canadian English,canada,East-southeast of Boussingault lies the crater Neumayer.,EAST SOUTHEAST OF BOUSING GULCH LIES THE CRATER NUMAR,d8abdc1549c77bdc9274298b1c3286261226eb1fd9bbd72ec26f1a737ae23ae8
wav2vec2_large_lv60,dmsuta,169,stage5ext_00677,87b42e85779256f12cd8467a8790384f4d1ba3aa2c3821b798e151f94702c8fecb77a8f125195bf02e72b9c5cf01c3d6ddda5e6d3aa87b4bc525756a8c2b8807,Canadian English,canada,Recorded at the composer's studio under his supervision.,RECORDED AT THE COMPOSER'S STUDIO UNDER HIS SUPERVISION,a24a3f733923b25ada93e46984f229e53f9f9e16ee48359dbf7dd04cc4ed3410
wav2vec2_large_lv60,dmsuta,169,stage5ext_00678,87b42e85779256f12cd8467a8790384f4d1ba3aa2c3821b798e151f94702c8fecb77a8f125195bf02e72b9c5cf01c3d6ddda5e6d3aa87b4bc525756a8c2b8807,Canadian English,canada,Varied versions of the artwork within the album exist.,VARIED VERSIONS OF THE ART WORK WITHIN THE ALBUM EXIST,a24a3f733923b25ada93e46984f229e53f9f9e16ee48359dbf7dd04cc4ed3410
wav2vec2_large_lv60,dmsuta,169,stage5ext_00679,87b42e85779256f12cd8467a8790384f4d1ba3aa2c3821b798e151f94702c8fecb77a8f125195bf02e72b9c5cf01c3d6ddda5e6d3aa87b4bc525756a8c2b8807,Canadian English,canada,"Construction was conducted by Kassel, Germany-based Henschel.",CONSTRUCTION WAS CONDUCTED BY CASSLE GERMANY BASE HENSHELL,a24a3f733923b25ada93e46984f229e53f9f9e16ee48359dbf7dd04cc4ed3410
wav2vec2_large_lv60,dmsuta,169,stage5ext_00680,87b42e85779256f12cd8467a8790384f4d1ba3aa2c3821b798e151f94702c8fecb77a8f125195bf02e72b9c5cf01c3d6ddda5e6d3aa87b4bc525756a8c2b8807,Canadian English,canada,He started reading novels and literature since he just finished the primary school.,HE STARTED READING NOVELS AND LITERATURE SINCE HE JUST FINISHED THE PRIMARY SCHOOL,a24a3f733923b25ada93e46984f229e53f9f9e16ee48359dbf7dd04cc4ed3410
wav2vec2_large_lv60,dmsuta,170,stage5ext_00681,87b42e85779256f12cd8467a8790384f4d1ba3aa2c3821b798e151f94702c8fecb77a8f125195bf02e72b9c5cf01c3d6ddda5e6d3aa87b4bc525756a8c2b8807,Canadian English,canada,They won a majority of seats in every province and territory.,THEY WANT A MAJORITY OF SEATS IN EVERY PROVINCE AND TERRITORY,4428d25e9588bdc95bc98e9011f782a83923706383d161ead35530185af9bf09
wav2vec2_large_lv60,dmsuta,170,stage5ext_00682,87b42e85779256f12cd8467a8790384f4d1ba3aa2c3821b798e151f94702c8fecb77a8f125195bf02e72b9c5cf01c3d6ddda5e6d3aa87b4bc525756a8c2b8807,Canadian English,canada,Opposed to the more moderate Parchamis were the radical Khalq faction.,OPPOSED TO THE MORE MODERATE PARCHIMISTS WERE THE MORE RADICAL CALCFACTION,4428d25e9588bdc95bc98e9011f782a83923706383d161ead35530185af9bf09
wav2vec2_large_lv60,dmsuta,170,stage5ext_00683,87b42e85779256f12cd8467a8790384f4d1ba3aa2c3821b798e151f94702c8fecb77a8f125195bf02e72b9c5cf01c3d6ddda5e6d3aa87b4bc525756a8c2b8807,Canadian English,canada,Gyrich is also involved in hunting the Hulk after the events of Onslaught.,GEYRICH IS ALSO INVOLVED IN HUNTING THE HULK AFTER THE EVENTS OF ONSLAUGHT,4428d25e9588bdc95bc98e9011f782a83923706383d161ead35530185af9bf09
wav2vec2_large_lv60,dmsuta,170,stage5ext_00684,87b42e85779256f12cd8467a8790384f4d1ba3aa2c3821b798e151f94702c8fecb77a8f125195bf02e72b9c5cf01c3d6ddda5e6d3aa87b4bc525756a8c2b8807,Canadian English,canada,It was also hosted by the team of Rich Landrum and Johnny Weaver.,IT WAS ALSO HOSTED BY THE TEAM OF RICH LANDRUM AND JOHNNIE WEAVER,4428d25e9588bdc95bc98e9011f782a83923706383d161ead35530185af9bf09
wav2vec2_large_lv60,dmsuta,171,stage5ext_00685,87b42e85779256f12cd8467a8790384f4d1ba3aa2c3821b798e151f94702c8fecb77a8f125195bf02e72b9c5cf01c3d6ddda5e6d3aa87b4bc525756a8c2b8807,Canadian English,canada,"His cause for canonization was introduced by his religious order, the Basilian Alepian Order.",HIS CAUSE FOR CANONIZATION WAS INTRODUCED BY H RELIGIOUS ORDER THE BAZILIAN ALYPIAN ORDER,a5e49b0e0b42b84de610aed6f1d57aee9fdfe23010d251b10b858f0a349632d0
wav2vec2_large_lv60,dmsuta,171,stage5ext_00686,87b42e85779256f12cd8467a8790384f4d1ba3aa2c3821b798e151f94702c8fecb77a8f125195bf02e72b9c5cf01c3d6ddda5e6d3aa87b4bc525756a8c2b8807,Canadian English,canada,"Terminals can be attacked and disabled, but not destroyed.",TERMINALS CAN BE ATTACKED AND DISABLED BUT NOT DESTROYED,a5e49b0e0b42b84de610aed6f1d57aee9fdfe23010d251b10b858f0a349632d0
wav2vec2_large_lv60,dmsuta,171,stage5ext_00687,87b42e85779256f12cd8467a8790384f4d1ba3aa2c3821b798e151f94702c8fecb77a8f125195bf02e72b9c5cf01c3d6ddda5e6d3aa87b4bc525756a8c2b8807,Canadian English,canada,They're going to see this as an historic time.,THEY'RE GOING TO SEE THIS AS A HISTORIC TIME,a5e49b0e0b42b84de610aed6f1d57aee9fdfe23010d251b10b858f0a349632d0
wav2vec2_large_lv60,dmsuta,171,stage5ext_00688,87b42e85779256f12cd8467a8790384f4d1ba3aa2c3821b798e151f94702c8fecb77a8f125195bf02e72b9c5cf01c3d6ddda5e6d3aa87b4bc525756a8c2b8807,Canadian English,canada,"Due to his high penance, Lord murugan appeared like snake to him.",DUE TO HIS HIGH PENANCE LORD MUTIGAN APPEARED LIKE SNAPE TO HIM,a5e49b0e0b42b84de610aed6f1d57aee9fdfe23010d251b10b858f0a349632d0
wav2vec2_large_lv60,dmsuta,172,stage5ext_00689,87b42e85779256f12cd8467a8790384f4d1ba3aa2c3821b798e151f94702c8fecb77a8f125195bf02e72b9c5cf01c3d6ddda5e6d3aa87b4bc525756a8c2b8807,Canadian English,canada,Consumption soon returned to normal however.,CONSUMPTION SOON RETURNED TO NORMAL HOWEVER,3ef63fa24972e3cd2af3a5faeef40f93baf85f791337e4b9095714d54a1d0ce1
wav2vec2_large_lv60,dmsuta,172,stage5ext_00690,87b42e85779256f12cd8467a8790384f4d1ba3aa2c3821b798e151f94702c8fecb77a8f125195bf02e72b9c5cf01c3d6ddda5e6d3aa87b4bc525756a8c2b8807,Canadian English,canada,"Alva was featured in the video game, ""Tony Hawk's American Wasteland"".",ALVA WAS FEATURED IN THE WINDOW GATE TONY HAWK'S AMERICAN WASTELAND,3ef63fa24972e3cd2af3a5faeef40f93baf85f791337e4b9095714d54a1d0ce1
wav2vec2_large_lv60,dmsuta,172,stage5ext_00691,1bda50a4a88d77a1bc592a14e21c501410d6db026449e39808be8fdf0a370dcc6adb09567d53480b5796f2560267441eafe3faf65ae56ae50502479cbab97242,Canadian English,canada,"They found all sorts of drugs at Howard's house: Cocaine, meth, heroine...",THEY FOUND ALL SORTS OF DRUGS AT HOWARD'S HOUSE COCANE MEF HEROINE,3ef63fa24972e3cd2af3a5faeef40f93baf85f791337e4b9095714d54a1d0ce1
wav2vec2_large_lv60,dmsuta,172,stage5ext_00692,1bda50a4a88d77a1bc592a14e21c501410d6db026449e39808be8fdf0a370dcc6adb09567d53480b5796f2560267441eafe3faf65ae56ae50502479cbab97242,Canadian English,canada,"Sure, I will be right back.",SURE I'LL BE RIP BOT,3ef63fa24972e3cd2af3a5faeef40f93baf85f791337e4b9095714d54a1d0ce1
wav2vec2_large_lv60,dmsuta,173,stage5ext_00693,1bda50a4a88d77a1bc592a14e21c501410d6db026449e39808be8fdf0a370dcc6adb09567d53480b5796f2560267441eafe3faf65ae56ae50502479cbab97242,Canadian English,canada,"When he got the call, Ali ran out of the store, down the street, and into the car.",WHEN HE GOT TO CALL ALI RAN OUT OF THE STORE DOWN THE STREET AND INTO THE CAR,034848231ca2003163aaa4d5e9f61ba5399dcb0c1429bf15f1c878b7b6a8222d
wav2vec2_large_lv60,dmsuta,173,stage5ext_00694,1bda50a4a88d77a1bc592a14e21c501410d6db026449e39808be8fdf0a370dcc6adb09567d53480b5796f2560267441eafe3faf65ae56ae50502479cbab97242,Canadian English,canada,"As they began to decorate the hallway, a silhouette appeared in the doorway.",AS THEY BEGAN TO DECORATE THE HALLWAY A SILHOUETTE APPEARED IN THE DOORWAY,034848231ca2003163aaa4d5e9f61ba5399dcb0c1429bf15f1c878b7b6a8222d
wav2vec2_large_lv60,dmsuta,173,stage5ext_00695,1bda50a4a88d77a1bc592a14e21c501410d6db026449e39808be8fdf0a370dcc6adb09567d53480b5796f2560267441eafe3faf65ae56ae50502479cbab97242,Canadian English,canada,"Roaming endlessly around the park, she wants to go home.",ROAMING ENDLESSLY AROUND THE PARK SHE WANTS TO GO HOME,034848231ca2003163aaa4d5e9f61ba5399dcb0c1429bf15f1c878b7b6a8222d
wav2vec2_large_lv60,dmsuta,173,stage5ext_00696,1bda50a4a88d77a1bc592a14e21c501410d6db026449e39808be8fdf0a370dcc6adb09567d53480b5796f2560267441eafe3faf65ae56ae50502479cbab97242,Canadian English,canada,"Hooray, we're going to Alaska!",HOORAY WE'RE GOING TO ALASKA,034848231ca2003163aaa4d5e9f61ba5399dcb0c1429bf15f1c878b7b6a8222d
wav2vec2_large_lv60,dmsuta,174,stage5ext_00697,1bda50a4a88d77a1bc592a14e21c501410d6db026449e39808be8fdf0a370dcc6adb09567d53480b5796f2560267441eafe3faf65ae56ae50502479cbab97242,Canadian English,canada,"In the discotheque, the DJ played progressive house music and trance.",IN TE TISCOTEQU THE D J PLAYED PROGRESSIVE HOUSE MUSIC AND TRANCE,88c8ffef4b48363079c23225ff0b02e45798324fb3d70ee832dd9633097bb412
wav2vec2_large_lv60,dmsuta,174,stage5ext_00698,1bda50a4a88d77a1bc592a14e21c501410d6db026449e39808be8fdf0a370dcc6adb09567d53480b5796f2560267441eafe3faf65ae56ae50502479cbab97242,Canadian English,canada,Susan is an artist who lives in Vermont.,SUSAN IS AN ARTIST WHO LIVES IN VERMONT,88c8ffef4b48363079c23225ff0b02e45798324fb3d70ee832dd9633097bb412
wav2vec2_large_lv60,dmsuta,174,stage5ext_00699,1bda50a4a88d77a1bc592a14e21c501410d6db026449e39808be8fdf0a370dcc6adb09567d53480b5796f2560267441eafe3faf65ae56ae50502479cbab97242,Canadian English,canada,What is the matter with you?,WHAT IS THE MATTER WITH YOU,88c8ffef4b48363079c23225ff0b02e45798324fb3d70ee832dd9633097bb412
wav2vec2_large_lv60,dmsuta,174,stage5ext_00700,1bda50a4a88d77a1bc592a14e21c501410d6db026449e39808be8fdf0a370dcc6adb09567d53480b5796f2560267441eafe3faf65ae56ae50502479cbab97242,Canadian English,canada,"She is a very smart lady, and I think she can figure it out.",SHE IS A VERY SMART LADY AND I THINK SHE CAN FIGURE IT OUT,88c8ffef4b48363079c23225ff0b02e45798324fb3d70ee832dd9633097bb412
wav2vec2_large_lv60,dmsuta,175,stage5ext_00701,1bda50a4a88d77a1bc592a14e21c501410d6db026449e39808be8fdf0a370dcc6adb09567d53480b5796f2560267441eafe3faf65ae56ae50502479cbab97242,Canadian English,canada,"Astronomy might be complicated, but it's not rocket science.",ASTRONOMY MIGHT BE COMPLICATED BUT IT'S NOT ROKAT SCIENCE,f45b789eeb079652c1c077dd4327e61bd33a81ed865c4babed1fb5cb52356845
wav2vec2_large_lv60,dmsuta,175,stage5ext_00702,1bda50a4a88d77a1bc592a14e21c501410d6db026449e39808be8fdf0a370dcc6adb09567d53480b5796f2560267441eafe3faf65ae56ae50502479cbab97242,Canadian English,canada,"Angela is pregnant, she told me.",ANGELA IS PREGNANT SHE TOLD ME,f45b789eeb079652c1c077dd4327e61bd33a81ed865c4babed1fb5cb52356845
wav2vec2_large_lv60,dmsuta,175,stage5ext_00703,1bda50a4a88d77a1bc592a14e21c501410d6db026449e39808be8fdf0a370dcc6adb09567d53480b5796f2560267441eafe3faf65ae56ae50502479cbab97242,Canadian English,canada,"The diver forced open the oyster, revealing a shimmering pearl.",THE DIVER FORCED OPEN THE OYSTER REVEALING A SHIMMERING PEARL,f45b789eeb079652c1c077dd4327e61bd33a81ed865c4babed1fb5cb52356845
wav2vec2_large_lv60,dmsuta,175,stage5ext_00704,1bda50a4a88d77a1bc592a14e21c501410d6db026449e39808be8fdf0a370dcc6adb09567d53480b5796f2560267441eafe3faf65ae56ae50502479cbab97242,Canadian English,canada,"Salmon is one of the most popular fish and very delicious, though usually not sustainable.",SALMON IS ONE OF THE MOST POPULAR FISH AND VERY DELICIOUS THOUGH USUALLY NOT SUSTAINABLE,f45b789eeb079652c1c077dd4327e61bd33a81ed865c4babed1fb5cb52356845
wav2vec2_large_lv60,dmsuta,176,stage5ext_00705,1bda50a4a88d77a1bc592a14e21c501410d6db026449e39808be8fdf0a370dcc6adb09567d53480b5796f2560267441eafe3faf65ae56ae50502479cbab97242,Canadian English,canada,"This pepperoni tastes off, she said.",TUS PAPARONI TASTES OFF SHE SAID,bc13724ed24b9d1d4cb958e4ef7da053f4f9832b5b2c277d02d7e0041e5f4f35
wav2vec2_large_lv60,dmsuta,176,stage5ext_00706,3609f33a23ed07b4e369020bc8bfcb519c8e108d2510cda5649a103fb8e4c9a120753d04b1cfbf9d5ebca2b2674d1f16d7269aa4d619254315923f04a0e8872a,Canadian English,canada,You might as well play Russian roulette.,YOU MIGHT AS WELL PLAY RUSSIAN ROULET,bc13724ed24b9d1d4cb958e4ef7da053f4f9832b5b2c277d02d7e0041e5f4f35
wav2vec2_large_lv60,dmsuta,176,stage5ext_00707,3609f33a23ed07b4e369020bc8bfcb519c8e108d2510cda5649a103fb8e4c9a120753d04b1cfbf9d5ebca2b2674d1f16d7269aa4d619254315923f04a0e8872a,Canadian English,canada,We are going to the football game tonight.,WE ARE GOING TO THE FOOTBALL GAME TO NIGHT,bc13724ed24b9d1d4cb958e4ef7da053f4f9832b5b2c277d02d7e0041e5f4f35
wav2vec2_large_lv60,dmsuta,176,stage5ext_00708,3609f33a23ed07b4e369020bc8bfcb519c8e108d2510cda5649a103fb8e4c9a120753d04b1cfbf9d5ebca2b2674d1f16d7269aa4d619254315923f04a0e8872a,Canadian English,canada,Send the stuff in a thick paper bag.,SEND THE STUFF IN A THICK PAPER BAG,bc13724ed24b9d1d4cb958e4ef7da053f4f9832b5b2c277d02d7e0041e5f4f35
wav2vec2_large_lv60,dmsuta,177,stage5ext_00709,3609f33a23ed07b4e369020bc8bfcb519c8e108d2510cda5649a103fb8e4c9a120753d04b1cfbf9d5ebca2b2674d1f16d7269aa4d619254315923f04a0e8872a,Canadian English,canada,The early bird catches the worm.,THE EARLY BIRD CATCHES THE WORM,c28038fc7d9960e3a2d9ce1afae0242832dd37b9f8a4fdccde4ac04e80e57a03
wav2vec2_large_lv60,dmsuta,177,stage5ext_00710,3609f33a23ed07b4e369020bc8bfcb519c8e108d2510cda5649a103fb8e4c9a120753d04b1cfbf9d5ebca2b2674d1f16d7269aa4d619254315923f04a0e8872a,Canadian English,canada,A toad and a frog are hard to tell apart.,A TOAD AND A FROG ARE HARD TO TELL APART,c28038fc7d9960e3a2d9ce1afae0242832dd37b9f8a4fdccde4ac04e80e57a03
wav2vec2_large_lv60,dmsuta,177,stage5ext_00711,3609f33a23ed07b4e369020bc8bfcb519c8e108d2510cda5649a103fb8e4c9a120753d04b1cfbf9d5ebca2b2674d1f16d7269aa4d619254315923f04a0e8872a,Canadian English,canada,William ran down the street.,WILLIAM RAN DOWN THE STREET,c28038fc7d9960e3a2d9ce1afae0242832dd37b9f8a4fdccde4ac04e80e57a03
wav2vec2_large_lv60,dmsuta,177,stage5ext_00712,3609f33a23ed07b4e369020bc8bfcb519c8e108d2510cda5649a103fb8e4c9a120753d04b1cfbf9d5ebca2b2674d1f16d7269aa4d619254315923f04a0e8872a,Canadian English,canada,But it was not to be.,BUT IT WAS NOT TO BE,c28038fc7d9960e3a2d9ce1afae0242832dd37b9f8a4fdccde4ac04e80e57a03
wav2vec2_large_lv60,dmsuta,178,stage5ext_00713,3609f33a23ed07b4e369020bc8bfcb519c8e108d2510cda5649a103fb8e4c9a120753d04b1cfbf9d5ebca2b2674d1f16d7269aa4d619254315923f04a0e8872a,Canadian English,canada,Add the sum to the product of these three.,ADD THE SUM TO THE PRODUCT OF THESE THREE,0ee6d64f7ab40d731cc517b6200350d1d1ad69c576b5d5c215f533856294b9c5
wav2vec2_large_lv60,dmsuta,178,stage5ext_00714,3609f33a23ed07b4e369020bc8bfcb519c8e108d2510cda5649a103fb8e4c9a120753d04b1cfbf9d5ebca2b2674d1f16d7269aa4d619254315923f04a0e8872a,Canadian English,canada,Birds of a feather flock – together.,BIRDS OF A FEATHER FLOCK TOGETHER,0ee6d64f7ab40d731cc517b6200350d1d1ad69c576b5d5c215f533856294b9c5
wav2vec2_large_lv60,dmsuta,178,stage5ext_00715,3609f33a23ed07b4e369020bc8bfcb519c8e108d2510cda5649a103fb8e4c9a120753d04b1cfbf9d5ebca2b2674d1f16d7269aa4d619254315923f04a0e8872a,Canadian English,canada,It was raised from everyone who entered the city during the celebration period.,IT WAS RAISED FROM EVERYONE WHO ENTERED THE CITY DURING THE CELEBRATION PERIOD,0ee6d64f7ab40d731cc517b6200350d1d1ad69c576b5d5c215f533856294b9c5
wav2vec2_large_lv60,dmsuta,178,stage5ext_00716,3609f33a23ed07b4e369020bc8bfcb519c8e108d2510cda5649a103fb8e4c9a120753d04b1cfbf9d5ebca2b2674d1f16d7269aa4d619254315923f04a0e8872a,Canadian English,canada,A zestful food is the hot-cross bun.,A ZESTFUL FOOD IS THE HOTCROSS BUN,0ee6d64f7ab40d731cc517b6200350d1d1ad69c576b5d5c215f533856294b9c5
wav2vec2_large_lv60,dmsuta,179,stage5ext_00717,3609f33a23ed07b4e369020bc8bfcb519c8e108d2510cda5649a103fb8e4c9a120753d04b1cfbf9d5ebca2b2674d1f16d7269aa4d619254315923f04a0e8872a,Canadian English,canada,Just as I thought!,JUST AS I THOUGHT,aa0a0662f8ef863098659d3b02a71eb064fd1b31a0a8d2008feb85765560fe03
wav2vec2_large_lv60,dmsuta,179,stage5ext_00718,3609f33a23ed07b4e369020bc8bfcb519c8e108d2510cda5649a103fb8e4c9a120753d04b1cfbf9d5ebca2b2674d1f16d7269aa4d619254315923f04a0e8872a,Canadian English,canada,Each penny shone like new.,EACH PENNY SHONE LIKE NEW,aa0a0662f8ef863098659d3b02a71eb064fd1b31a0a8d2008feb85765560fe03
wav2vec2_large_lv60,dmsuta,179,stage5ext_00719,3609f33a23ed07b4e369020bc8bfcb519c8e108d2510cda5649a103fb8e4c9a120753d04b1cfbf9d5ebca2b2674d1f16d7269aa4d619254315923f04a0e8872a,Canadian English,canada,Does that suit you?,DOES THAT SUIT YOU,aa0a0662f8ef863098659d3b02a71eb064fd1b31a0a8d2008feb85765560fe03
wav2vec2_large_lv60,dmsuta,179,stage5ext_00720,3609f33a23ed07b4e369020bc8bfcb519c8e108d2510cda5649a103fb8e4c9a120753d04b1cfbf9d5ebca2b2674d1f16d7269aa4d619254315923f04a0e8872a,Canadian English,canada,You may whistle for it.,YOU MAY WHISTLE FOR IT,aa0a0662f8ef863098659d3b02a71eb064fd1b31a0a8d2008feb85765560fe03
wav2vec2_large_lv60,dmsuta,180,stage5ext_00721,b93abbafef94b7d98a7356f6312da390c93f78376374ceb597ee3d26425dc05d7b3fe7fc290b835365c2ba77cf232a93597f059b5a2aaa5c715299a8614492e4,Canadian English,canada,"After leaving politics, Clement has held various paid and unpaid positions.",AFTER LEAVING POLITICS CLEMENT HAS HELD VARIOUS PAID AND UNPAID POSITIONS,23ea8ac59baa50b1b4a0060dfb1ae18678f1f5c858bc1027dc6018808bab0492
wav2vec2_large_lv60,dmsuta,180,stage5ext_00722,b93abbafef94b7d98a7356f6312da390c93f78376374ceb597ee3d26425dc05d7b3fe7fc290b835365c2ba77cf232a93597f059b5a2aaa5c715299a8614492e4,Canadian English,canada,The same thing can happen to the player's bike.,THE SAME THING CAN HAPPEN TO THE PLAYER SPIKE,23ea8ac59baa50b1b4a0060dfb1ae18678f1f5c858bc1027dc6018808bab0492
wav2vec2_large_lv60,dmsuta,180,stage5ext_00723,b93abbafef94b7d98a7356f6312da390c93f78376374ceb597ee3d26425dc05d7b3fe7fc290b835365c2ba77cf232a93597f059b5a2aaa5c715299a8614492e4,Canadian English,canada,She wanted to become a dancer but it didn't work out.,SHE WANTED TO BECOME A DANCER BUT IT DIDN'T WORK OUT,23ea8ac59baa50b1b4a0060dfb1ae18678f1f5c858bc1027dc6018808bab0492
wav2vec2_large_lv60,dmsuta,180,stage5ext_00724,b93abbafef94b7d98a7356f6312da390c93f78376374ceb597ee3d26425dc05d7b3fe7fc290b835365c2ba77cf232a93597f059b5a2aaa5c715299a8614492e4,Canadian English,canada,At trial and appeal the claim was dismissed.,AT TRIAL AND APPEAL THE CLAIM WAS DISMISSED,23ea8ac59baa50b1b4a0060dfb1ae18678f1f5c858bc1027dc6018808bab0492
wav2vec2_large_lv60,dmsuta,181,stage5ext_00725,b93abbafef94b7d98a7356f6312da390c93f78376374ceb597ee3d26425dc05d7b3fe7fc290b835365c2ba77cf232a93597f059b5a2aaa5c715299a8614492e4,Canadian English,canada,"Its headquarters is located in Chiyoda, Tokyo.",ITS HEADQUARTERS IS LOCATED IN CIODA TOKYO,12641a8effe9e42576611474315231be282abafd3ccba6d807ab19d4c0c2221d
wav2vec2_large_lv60,dmsuta,181,stage5ext_00726,b93abbafef94b7d98a7356f6312da390c93f78376374ceb597ee3d26425dc05d7b3fe7fc290b835365c2ba77cf232a93597f059b5a2aaa5c715299a8614492e4,Canadian English,canada,He was forbidden any further writing.,HE WAS FORBIDDEN ANY FURTHER WRITING,12641a8effe9e42576611474315231be282abafd3ccba6d807ab19d4c0c2221d
wav2vec2_large_lv60,dmsuta,181,stage5ext_00727,b93abbafef94b7d98a7356f6312da390c93f78376374ceb597ee3d26425dc05d7b3fe7fc290b835365c2ba77cf232a93597f059b5a2aaa5c715299a8614492e4,Canadian English,canada,It offers yet another musical style change.,IT OFFERS YET ANOTHER MUSICAL STYLE CHANGE,12641a8effe9e42576611474315231be282abafd3ccba6d807ab19d4c0c2221d
wav2vec2_large_lv60,dmsuta,181,stage5ext_00728,b93abbafef94b7d98a7356f6312da390c93f78376374ceb597ee3d26425dc05d7b3fe7fc290b835365c2ba77cf232a93597f059b5a2aaa5c715299a8614492e4,Canadian English,canada,The measured flux is proportional to the covariance.,THE MEASURED FLUX IS PROPORTIONAL TO THE COVARIANCE,12641a8effe9e42576611474315231be282abafd3ccba6d807ab19d4c0c2221d
wav2vec2_large_lv60,dmsuta,182,stage5ext_00729,b93abbafef94b7d98a7356f6312da390c93f78376374ceb597ee3d26425dc05d7b3fe7fc290b835365c2ba77cf232a93597f059b5a2aaa5c715299a8614492e4,Canadian English,canada,Also on hand was the young comedian Richard Pryor.,ALSO ON HAND WAS THE YOUNG COMEDIAN RICHARD PRIAR,0f5f10cc78d99ce1c443aa8eb3fb1687c53790afcbf1d65943e4b20f6054cd26
wav2vec2_large_lv60,dmsuta,182,stage5ext_00730,b93abbafef94b7d98a7356f6312da390c93f78376374ceb597ee3d26425dc05d7b3fe7fc290b835365c2ba77cf232a93597f059b5a2aaa5c715299a8614492e4,Canadian English,canada,"He is an alumnus of Saratoga High School in Saratoga, California.",HE IS AN ALUMNES OF SARATOGA HIGH SCHOOL IN SARATOGA CALIFORNIA,0f5f10cc78d99ce1c443aa8eb3fb1687c53790afcbf1d65943e4b20f6054cd26
wav2vec2_large_lv60,dmsuta,182,stage5ext_00731,b93abbafef94b7d98a7356f6312da390c93f78376374ceb597ee3d26425dc05d7b3fe7fc290b835365c2ba77cf232a93597f059b5a2aaa5c715299a8614492e4,Canadian English,canada,No cause was given and there were no immediate survivors.,NO CAUSE WAS GIVEN AND THERE WERE NO IMMEDIATE SURVIVORS,0f5f10cc78d99ce1c443aa8eb3fb1687c53790afcbf1d65943e4b20f6054cd26
wav2vec2_large_lv60,dmsuta,182,stage5ext_00732,b93abbafef94b7d98a7356f6312da390c93f78376374ceb597ee3d26425dc05d7b3fe7fc290b835365c2ba77cf232a93597f059b5a2aaa5c715299a8614492e4,Canadian English,canada,It is more applicable when there is a liquidity crunch in the market.,IT IS MORE APPLICABLE WHEN THERE IS A LIQUIDITY CRUNCH IN THE MARKET,0f5f10cc78d99ce1c443aa8eb3fb1687c53790afcbf1d65943e4b20f6054cd26
wav2vec2_large_lv60,dmsuta,183,stage5ext_00733,b93abbafef94b7d98a7356f6312da390c93f78376374ceb597ee3d26425dc05d7b3fe7fc290b835365c2ba77cf232a93597f059b5a2aaa5c715299a8614492e4,Canadian English,canada,There again he taught rhetoric for three years.,THERE AGAIN HE TAUGHT RHETORIC FOR THREE YEARS,ba895b8baa3d3302d12fa4868bd3c0a5673e4fda42c313ea1303a59501b81c0b
wav2vec2_large_lv60,dmsuta,183,stage5ext_00734,b93abbafef94b7d98a7356f6312da390c93f78376374ceb597ee3d26425dc05d7b3fe7fc290b835365c2ba77cf232a93597f059b5a2aaa5c715299a8614492e4,Canadian English,canada,It is a potent skin irritant.,IT IS A POTENT SKIN IRRITANT,ba895b8baa3d3302d12fa4868bd3c0a5673e4fda42c313ea1303a59501b81c0b
wav2vec2_large_lv60,dmsuta,183,stage5ext_00735,b93abbafef94b7d98a7356f6312da390c93f78376374ceb597ee3d26425dc05d7b3fe7fc290b835365c2ba77cf232a93597f059b5a2aaa5c715299a8614492e4,Canadian English,canada,Westphal is a former assistant coach on Lionel Hollins' staff on the Brooklyn Nets.,WESTFALL IS A FORMER ASSISTANT COACH ON LYONEL HOLLAND'S STAFF ON THE BRICKLAND NETS,ba895b8baa3d3302d12fa4868bd3c0a5673e4fda42c313ea1303a59501b81c0b
wav2vec2_large_lv60,dmsuta,183,stage5ext_00736,1225019d528d47c1a589b05ca13577c68d50b27cb794f00d65a7a4be094e4f5e9f0bc35233e80e36ddfba17fa9c185dec071949ab8a2dce2a58b5d4d9b49d290,Canadian English,canada,"Perhaps, you should just grow sea monkeys.",PERHAPS YOU SHOULD JUST GROW SEA MONKEYS,ba895b8baa3d3302d12fa4868bd3c0a5673e4fda42c313ea1303a59501b81c0b
wav2vec2_large_lv60,dmsuta,184,stage5ext_00737,1225019d528d47c1a589b05ca13577c68d50b27cb794f00d65a7a4be094e4f5e9f0bc35233e80e36ddfba17fa9c185dec071949ab8a2dce2a58b5d4d9b49d290,Canadian English,canada,"No, that was never his real plan.",NO THAT WAS NEVER HIS REAL PLAN,89e5dc7d096f1c64dc011cc7cf2a08464f6b55daedf36e5649c58de59b2a99ad
wav2vec2_large_lv60,dmsuta,184,stage5ext_00738,1225019d528d47c1a589b05ca13577c68d50b27cb794f00d65a7a4be094e4f5e9f0bc35233e80e36ddfba17fa9c185dec071949ab8a2dce2a58b5d4d9b49d290,Canadian English,canada,Might I enquire as to whom I'm addressing?,MIGHT I INQUIRE AS TO WHOM I AM ADDRESSING,89e5dc7d096f1c64dc011cc7cf2a08464f6b55daedf36e5649c58de59b2a99ad
wav2vec2_large_lv60,dmsuta,184,stage5ext_00739,1225019d528d47c1a589b05ca13577c68d50b27cb794f00d65a7a4be094e4f5e9f0bc35233e80e36ddfba17fa9c185dec071949ab8a2dce2a58b5d4d9b49d290,Canadian English,canada,"By increasing the salinity of the water, we alter its dew point.",BY INCREASING THE SOLINITY OF THE WATER WE ALTER ITS DUE POINT,89e5dc7d096f1c64dc011cc7cf2a08464f6b55daedf36e5649c58de59b2a99ad
wav2vec2_large_lv60,dmsuta,184,stage5ext_00740,1225019d528d47c1a589b05ca13577c68d50b27cb794f00d65a7a4be094e4f5e9f0bc35233e80e36ddfba17fa9c185dec071949ab8a2dce2a58b5d4d9b49d290,Canadian English,canada,"Deliberate slowly, execute promptly.",DELIBERATE SLOWLY EXECUTE PROMPTLY,89e5dc7d096f1c64dc011cc7cf2a08464f6b55daedf36e5649c58de59b2a99ad
wav2vec2_large_lv60,dmsuta,185,stage5ext_00741,1225019d528d47c1a589b05ca13577c68d50b27cb794f00d65a7a4be094e4f5e9f0bc35233e80e36ddfba17fa9c185dec071949ab8a2dce2a58b5d4d9b49d290,Canadian English,canada,What am I to do?,WHAT AM I TO DO,2b846053ad3869058538961f0557c65b095aeca81f8b9d24f8819ef0e3a385ff
wav2vec2_large_lv60,dmsuta,185,stage5ext_00742,1225019d528d47c1a589b05ca13577c68d50b27cb794f00d65a7a4be094e4f5e9f0bc35233e80e36ddfba17fa9c185dec071949ab8a2dce2a58b5d4d9b49d290,Canadian English,canada,"I've brought you some cheese, because I know you love cheese.",I'VE BROUGHT YOU SOME CHEESE BECAUSE I KNOW YOU LOVE CHEESE,2b846053ad3869058538961f0557c65b095aeca81f8b9d24f8819ef0e3a385ff
wav2vec2_large_lv60,dmsuta,185,stage5ext_00743,1225019d528d47c1a589b05ca13577c68d50b27cb794f00d65a7a4be094e4f5e9f0bc35233e80e36ddfba17fa9c185dec071949ab8a2dce2a58b5d4d9b49d290,Canadian English,canada,"Easy come, easy go.",EASY COME EASY GO,2b846053ad3869058538961f0557c65b095aeca81f8b9d24f8819ef0e3a385ff
wav2vec2_large_lv60,dmsuta,185,stage5ext_00744,1225019d528d47c1a589b05ca13577c68d50b27cb794f00d65a7a4be094e4f5e9f0bc35233e80e36ddfba17fa9c185dec071949ab8a2dce2a58b5d4d9b49d290,Canadian English,canada,"The builder placed the brick onto the plank of wood, so it would bend into shape.",THE BUILDER PLACED THE BRICK ON TO THE PLANK OF WOOD SO IT WOULD BEND INTO SHAPE,2b846053ad3869058538961f0557c65b095aeca81f8b9d24f8819ef0e3a385ff
wav2vec2_large_lv60,dmsuta,186,stage5ext_00745,1225019d528d47c1a589b05ca13577c68d50b27cb794f00d65a7a4be094e4f5e9f0bc35233e80e36ddfba17fa9c185dec071949ab8a2dce2a58b5d4d9b49d290,Canadian English,canada,How does slow cooling of the hot gaseous state result in pure crystals?,HOW DOES SLOW COOLING OF THE HOT GASEOUS STATE RESULT IN PURE CRYSTALS,bf41887d0304b137aaa9a83b44e8a8ff56a00407ce457fbce71038a26c1f4a8b
wav2vec2_large_lv60,dmsuta,186,stage5ext_00746,1225019d528d47c1a589b05ca13577c68d50b27cb794f00d65a7a4be094e4f5e9f0bc35233e80e36ddfba17fa9c185dec071949ab8a2dce2a58b5d4d9b49d290,Canadian English,canada,"He stood up, and by the time he went back to his seat everybody in the room was questioning the meaning of life.",HE STOOD UP AND BY THE TIME HE WENT BACK TO A SEAT EVERYBODY IN THE ROOM WAS QUESTIONING THE MEANING OF LIFE,bf41887d0304b137aaa9a83b44e8a8ff56a00407ce457fbce71038a26c1f4a8b
wav2vec2_large_lv60,dmsuta,186,stage5ext_00747,1225019d528d47c1a589b05ca13577c68d50b27cb794f00d65a7a4be094e4f5e9f0bc35233e80e36ddfba17fa9c185dec071949ab8a2dce2a58b5d4d9b49d290,Canadian English,canada,"This was a lie, and they all knew it.",THIS WAS A LIE AND THEY ALL KNEW IT,bf41887d0304b137aaa9a83b44e8a8ff56a00407ce457fbce71038a26c1f4a8b
wav2vec2_large_lv60,dmsuta,186,stage5ext_00748,1225019d528d47c1a589b05ca13577c68d50b27cb794f00d65a7a4be094e4f5e9f0bc35233e80e36ddfba17fa9c185dec071949ab8a2dce2a58b5d4d9b49d290,Canadian English,canada,"After lurking for a minute, the crocodile quickly sprang toward the young hippopotamus and ate it.",AFTER LURKING FOR A MINUTE THE CROCODILE QUICKLY SPRANG TOWARDS THE YOUNG HIPPOPOTAMUS AND ATE IT,bf41887d0304b137aaa9a83b44e8a8ff56a00407ce457fbce71038a26c1f4a8b
wav2vec2_large_lv60,dmsuta,187,stage5ext_00749,1225019d528d47c1a589b05ca13577c68d50b27cb794f00d65a7a4be094e4f5e9f0bc35233e80e36ddfba17fa9c185dec071949ab8a2dce2a58b5d4d9b49d290,Canadian English,canada,"When you're at a party and somebody says ""banana bread"", a sniper might be near you.",WHEN YOUAT A PARTY AND SOMEONE SAYS BANANA BRED A SNIPER MIGHT BE NEAR YOU,108eac6d2d238365b0e67aef64397226d5a90cb6f86f5b5bc2b81e1c681d8ab8
wav2vec2_large_lv60,dmsuta,187,stage5ext_00750,1225019d528d47c1a589b05ca13577c68d50b27cb794f00d65a7a4be094e4f5e9f0bc35233e80e36ddfba17fa9c185dec071949ab8a2dce2a58b5d4d9b49d290,Canadian English,canada,Do you want me?,DO YOU WANT ME,108eac6d2d238365b0e67aef64397226d5a90cb6f86f5b5bc2b81e1c681d8ab8
wav2vec2_large_lv60,dmsuta,187,stage5ext_00751,2365c450d92516275bba41aac73c5acf8ce75bf4896ecbd54c3eaa7f121b53488a25a234605d205f960767e2cb5f88d749e3a035ded3a2e9930f35c814bfd1f8,Irish English,ireland,Me and a friend of mine.,ME AND A FRIEND OF MINE,108eac6d2d238365b0e67aef64397226d5a90cb6f86f5b5bc2b81e1c681d8ab8
wav2vec2_large_lv60,dmsuta,187,stage5ext_00752,2365c450d92516275bba41aac73c5acf8ce75bf4896ecbd54c3eaa7f121b53488a25a234605d205f960767e2cb5f88d749e3a035ded3a2e9930f35c814bfd1f8,Irish English,ireland,"For most owners of the car model, the issue isn't noticeable.",FOR MOST OWNERS OF THE CAR MODEL THE ISSUE ISN'T NOTICEABLE,108eac6d2d238365b0e67aef64397226d5a90cb6f86f5b5bc2b81e1c681d8ab8
wav2vec2_large_lv60,dmsuta,188,stage5ext_00753,2365c450d92516275bba41aac73c5acf8ce75bf4896ecbd54c3eaa7f121b53488a25a234605d205f960767e2cb5f88d749e3a035ded3a2e9930f35c814bfd1f8,Irish English,ireland,I'm afraid she'd feel ashamed to think she hadn't trusted you.,I'M AFRAID SHE'D FEEL ASHAMED TO THINK SHE HADN'T TRUSTED YOU,6c58a08a0f7af494c2e3c9208ca089f3331cd06e4172c6349ac7f13e6c22820f
wav2vec2_large_lv60,dmsuta,188,stage5ext_00754,2365c450d92516275bba41aac73c5acf8ce75bf4896ecbd54c3eaa7f121b53488a25a234605d205f960767e2cb5f88d749e3a035ded3a2e9930f35c814bfd1f8,Irish English,ireland,Thailand turned out to be a very satisfying holiday.,TYLAND TURNED OUT TO BE A VERY SATISFYING HOLIDAY,6c58a08a0f7af494c2e3c9208ca089f3331cd06e4172c6349ac7f13e6c22820f
wav2vec2_large_lv60,dmsuta,188,stage5ext_00755,2365c450d92516275bba41aac73c5acf8ce75bf4896ecbd54c3eaa7f121b53488a25a234605d205f960767e2cb5f88d749e3a035ded3a2e9930f35c814bfd1f8,Irish English,ireland,The execution was cancelled.,THE EXECUTION WAS CANSELLED,6c58a08a0f7af494c2e3c9208ca089f3331cd06e4172c6349ac7f13e6c22820f
wav2vec2_large_lv60,dmsuta,188,stage5ext_00756,2365c450d92516275bba41aac73c5acf8ce75bf4896ecbd54c3eaa7f121b53488a25a234605d205f960767e2cb5f88d749e3a035ded3a2e9930f35c814bfd1f8,Irish English,ireland,Sometimes I get so mad at you I can't see straight.,SOMETIMES I GET SO MAD ED YO I CAN'T SEE STRAIGHT,6c58a08a0f7af494c2e3c9208ca089f3331cd06e4172c6349ac7f13e6c22820f
wav2vec2_large_lv60,dmsuta,189,stage5ext_00757,2365c450d92516275bba41aac73c5acf8ce75bf4896ecbd54c3eaa7f121b53488a25a234605d205f960767e2cb5f88d749e3a035ded3a2e9930f35c814bfd1f8,Irish English,ireland,Crooks don't pay taxes.,CROKS DON'T PAY TAXES,b52593d55636de56d2eec53d5af4b56459ed674d973e8d7b2fe7f946099c71c9
wav2vec2_large_lv60,dmsuta,189,stage5ext_00758,2365c450d92516275bba41aac73c5acf8ce75bf4896ecbd54c3eaa7f121b53488a25a234605d205f960767e2cb5f88d749e3a035ded3a2e9930f35c814bfd1f8,Irish English,ireland,Use the tool that's needed for the job.,USE THE TOOL THAT'S NEEDED FOR THE JOB,b52593d55636de56d2eec53d5af4b56459ed674d973e8d7b2fe7f946099c71c9
wav2vec2_large_lv60,dmsuta,189,stage5ext_00759,2365c450d92516275bba41aac73c5acf8ce75bf4896ecbd54c3eaa7f121b53488a25a234605d205f960767e2cb5f88d749e3a035ded3a2e9930f35c814bfd1f8,Irish English,ireland,That guy is the writer of a few banned books.,THAT GY IS THE WRITER OF A FEW BOUND BOOKS,b52593d55636de56d2eec53d5af4b56459ed674d973e8d7b2fe7f946099c71c9
wav2vec2_large_lv60,dmsuta,189,stage5ext_00760,2365c450d92516275bba41aac73c5acf8ce75bf4896ecbd54c3eaa7f121b53488a25a234605d205f960767e2cb5f88d749e3a035ded3a2e9930f35c814bfd1f8,Irish English,ireland,My cat loves to ensconce herself in my new sofa.,MY CAT LOVES TO ENSCONCE HERSELF IN MY NEW SOFA,b52593d55636de56d2eec53d5af4b56459ed674d973e8d7b2fe7f946099c71c9
wav2vec2_large_lv60,dmsuta,190,stage5ext_00761,2365c450d92516275bba41aac73c5acf8ce75bf4896ecbd54c3eaa7f121b53488a25a234605d205f960767e2cb5f88d749e3a035ded3a2e9930f35c814bfd1f8,Irish English,ireland,"I feel sick, what should I do?",I FEEL SICK WHAT SHOULD I DO,98dace39bad3ea0ff7a1e11521597cc00d473a3d20d486b3f0289f2c972c4f99
wav2vec2_large_lv60,dmsuta,190,stage5ext_00762,2365c450d92516275bba41aac73c5acf8ce75bf4896ecbd54c3eaa7f121b53488a25a234605d205f960767e2cb5f88d749e3a035ded3a2e9930f35c814bfd1f8,Irish English,ireland,I'm in a drugstore.,I'M IN A DRUG STORE,98dace39bad3ea0ff7a1e11521597cc00d473a3d20d486b3f0289f2c972c4f99
wav2vec2_large_lv60,dmsuta,190,stage5ext_00763,2365c450d92516275bba41aac73c5acf8ce75bf4896ecbd54c3eaa7f121b53488a25a234605d205f960767e2cb5f88d749e3a035ded3a2e9930f35c814bfd1f8,Irish English,ireland,You know very well why.,YOU KNOW VERY WELL WHY,98dace39bad3ea0ff7a1e11521597cc00d473a3d20d486b3f0289f2c972c4f99
wav2vec2_large_lv60,dmsuta,190,stage5ext_00764,2365c450d92516275bba41aac73c5acf8ce75bf4896ecbd54c3eaa7f121b53488a25a234605d205f960767e2cb5f88d749e3a035ded3a2e9930f35c814bfd1f8,Irish English,ireland,The cannibal was looking for another victim to appease his appetite.,THE CANNIBAL WAS LOOKING FOR ANOTHER VICTIM TO APPEASE HIS APPETITE,98dace39bad3ea0ff7a1e11521597cc00d473a3d20d486b3f0289f2c972c4f99
wav2vec2_large_lv60,dmsuta,191,stage5ext_00765,2365c450d92516275bba41aac73c5acf8ce75bf4896ecbd54c3eaa7f121b53488a25a234605d205f960767e2cb5f88d749e3a035ded3a2e9930f35c814bfd1f8,Irish English,ireland,He could see tears in her eyes.,HE COULD SEE TEARS IN HER EYES,3253d3465e55ce95abd7d721dcfcd0f9c75dfaec0ed1123b9a66b5a021b4ff13
wav2vec2_large_lv60,dmsuta,191,stage5ext_00766,06c53aec09bca54d5587147ee1bfcc0a9e2b4162fb75daa79b7fe286dfec0732ff4dcae7125393b19a31f66c66c4bd8cf89665b4dee7b446429efd029e225c59,Irish English,ireland,He later served as a prominent leader of the French Directory.,HE LATER SERVED AS A PROMINENT LEADER OF THE FRENCH DIRECTORY,3253d3465e55ce95abd7d721dcfcd0f9c75dfaec0ed1123b9a66b5a021b4ff13
wav2vec2_large_lv60,dmsuta,191,stage5ext_00767,06c53aec09bca54d5587147ee1bfcc0a9e2b4162fb75daa79b7fe286dfec0732ff4dcae7125393b19a31f66c66c4bd8cf89665b4dee7b446429efd029e225c59,Irish English,ireland,She held this position for two years before Kim Raine replaced her.,SHE HELD THIS POSITION FOR TWO YEARS BEFORE KIMRAIN REPLACED HER,3253d3465e55ce95abd7d721dcfcd0f9c75dfaec0ed1123b9a66b5a021b4ff13
wav2vec2_large_lv60,dmsuta,191,stage5ext_00768,06c53aec09bca54d5587147ee1bfcc0a9e2b4162fb75daa79b7fe286dfec0732ff4dcae7125393b19a31f66c66c4bd8cf89665b4dee7b446429efd029e225c59,Irish English,ireland,Fetsios competed in the two rifle events.,FETZIOS COMPETED IN THE TWO RIFLE EVENTS,3253d3465e55ce95abd7d721dcfcd0f9c75dfaec0ed1123b9a66b5a021b4ff13
wav2vec2_large_lv60,dmsuta,192,stage5ext_00769,06c53aec09bca54d5587147ee1bfcc0a9e2b4162fb75daa79b7fe286dfec0732ff4dcae7125393b19a31f66c66c4bd8cf89665b4dee7b446429efd029e225c59,Irish English,ireland,"Because it is widely known, ""Lumbricus"" goes under a variety of common names.",BECAUSE IT IS WIDELY KNOWN LUMBRICUS GOES UNDER A VARIETY OF COMMON NAMES,50dc21a2eb16566b895f68acc26abe69b75a38b77574592a7c7d77e6d6b33402
wav2vec2_large_lv60,dmsuta,192,stage5ext_00770,06c53aec09bca54d5587147ee1bfcc0a9e2b4162fb75daa79b7fe286dfec0732ff4dcae7125393b19a31f66c66c4bd8cf89665b4dee7b446429efd029e225c59,Irish English,ireland,O'Farrell is a six-time winner of the Rotary cartoons award.,OFAREL IS A SIX TIME WINNER OF THE ROSERY CARTOONS AWARD,50dc21a2eb16566b895f68acc26abe69b75a38b77574592a7c7d77e6d6b33402
wav2vec2_large_lv60,dmsuta,192,stage5ext_00771,06c53aec09bca54d5587147ee1bfcc0a9e2b4162fb75daa79b7fe286dfec0732ff4dcae7125393b19a31f66c66c4bd8cf89665b4dee7b446429efd029e225c59,Irish English,ireland,He was arrested and thrown in jail.,HE WAS ARRESTED AND THROWN IN JAIL,50dc21a2eb16566b895f68acc26abe69b75a38b77574592a7c7d77e6d6b33402
wav2vec2_large_lv60,dmsuta,192,stage5ext_00772,06c53aec09bca54d5587147ee1bfcc0a9e2b4162fb75daa79b7fe286dfec0732ff4dcae7125393b19a31f66c66c4bd8cf89665b4dee7b446429efd029e225c59,Irish English,ireland,"He was known as the leader of the ""fighting Quakers"".",HE WAS KNOWN AS THE LEADER OF THE FIGHTING QUAKERS,50dc21a2eb16566b895f68acc26abe69b75a38b77574592a7c7d77e6d6b33402
wav2vec2_large_lv60,dmsuta,193,stage5ext_00773,06c53aec09bca54d5587147ee1bfcc0a9e2b4162fb75daa79b7fe286dfec0732ff4dcae7125393b19a31f66c66c4bd8cf89665b4dee7b446429efd029e225c59,Irish English,ireland,He also served in both the Assembly and Senate of the California State Legislature.,HE ALSO SERVED IN BOTH THE ASSEMBLY AND SENATE OF THE CALIFORNIA STATE LEGISLATURE,c76a606308f343f16e8a90453bc1f3604388cbf1bc9517257d3abd42826fc2fe
wav2vec2_large_lv60,dmsuta,193,stage5ext_00774,06c53aec09bca54d5587147ee1bfcc0a9e2b4162fb75daa79b7fe286dfec0732ff4dcae7125393b19a31f66c66c4bd8cf89665b4dee7b446429efd029e225c59,Irish English,ireland,Many of the Gretna Girls lived in group hostels which were staffed by matrons.,MANY OF THE GRETNE GIRLS LIVED IN GRUP HOSTLS WHICH WERE STAFFED BY MATRONS,c76a606308f343f16e8a90453bc1f3604388cbf1bc9517257d3abd42826fc2fe
wav2vec2_large_lv60,dmsuta,193,stage5ext_00775,06c53aec09bca54d5587147ee1bfcc0a9e2b4162fb75daa79b7fe286dfec0732ff4dcae7125393b19a31f66c66c4bd8cf89665b4dee7b446429efd029e225c59,Irish English,ireland,The next day Delfino attacked.,THE NEXT DAY DELPHINO ATTACKED,c76a606308f343f16e8a90453bc1f3604388cbf1bc9517257d3abd42826fc2fe
wav2vec2_large_lv60,dmsuta,193,stage5ext_00776,06c53aec09bca54d5587147ee1bfcc0a9e2b4162fb75daa79b7fe286dfec0732ff4dcae7125393b19a31f66c66c4bd8cf89665b4dee7b446429efd029e225c59,Irish English,ireland,See the article on Barnett for an outline of his ideas.,SEE THE ARTICLE ON BARNISH FOR AN OUTLINE OF HIS IDEAS,c76a606308f343f16e8a90453bc1f3604388cbf1bc9517257d3abd42826fc2fe
wav2vec2_large_lv60,dmsuta,194,stage5ext_00777,06c53aec09bca54d5587147ee1bfcc0a9e2b4162fb75daa79b7fe286dfec0732ff4dcae7125393b19a31f66c66c4bd8cf89665b4dee7b446429efd029e225c59,Irish English,ireland,"In addition, after German reunification, there were several Heiligenstadts in Germany.",IN ADDITION AFTER GERMAN REUNIFICATION THERE WERE SEVERAL HEIHLENGENSTATS IN GERMANY,6b939a59cfeb160238abfbf2d0da39c1da54d605aa6a3e36d19078d791c841d1
wav2vec2_large_lv60,dmsuta,194,stage5ext_00778,06c53aec09bca54d5587147ee1bfcc0a9e2b4162fb75daa79b7fe286dfec0732ff4dcae7125393b19a31f66c66c4bd8cf89665b4dee7b446429efd029e225c59,Irish English,ireland,"The Norse form of the name was ""Surkudalr"".",THE NORSE FORM OF THE NAME WAS CIRCUDELLER,6b939a59cfeb160238abfbf2d0da39c1da54d605aa6a3e36d19078d791c841d1
wav2vec2_large_lv60,dmsuta,194,stage5ext_00779,06c53aec09bca54d5587147ee1bfcc0a9e2b4162fb75daa79b7fe286dfec0732ff4dcae7125393b19a31f66c66c4bd8cf89665b4dee7b446429efd029e225c59,Irish English,ireland,But all this will be useless.,BUT ALL THIS WILL BE USELESS,6b939a59cfeb160238abfbf2d0da39c1da54d605aa6a3e36d19078d791c841d1
wav2vec2_large_lv60,dmsuta,194,stage5ext_00780,06c53aec09bca54d5587147ee1bfcc0a9e2b4162fb75daa79b7fe286dfec0732ff4dcae7125393b19a31f66c66c4bd8cf89665b4dee7b446429efd029e225c59,Irish English,ireland,I'm a bit loath to say which!,I'M A BIT LOTH TO SAY WHICH,6b939a59cfeb160238abfbf2d0da39c1da54d605aa6a3e36d19078d791c841d1
wav2vec2_large_lv60,dmsuta,195,stage5ext_00781,2bf1907838353bd4ff938cb357518af5cd662218dcf4e05e91bccb5c4981619def6e13f25156c63c468ac5e938051eb89983ae095606bc1ebcbe2aba77dbcf38,Irish English,ireland,Good luck on the way.,GOOD LUCK ON THE WAY,264c5838ead52ad61844caa5aed5c87e4f8fb2bd66fa9a4c002f04030d003a4d
wav2vec2_large_lv60,dmsuta,195,stage5ext_00782,2bf1907838353bd4ff938cb357518af5cd662218dcf4e05e91bccb5c4981619def6e13f25156c63c468ac5e938051eb89983ae095606bc1ebcbe2aba77dbcf38,Irish English,ireland,"Like her adored aunt, Paula Wessely prepared for an artistic career.",LIKE HER ADORED AUNT PAULA WESLEY PREPARED FOR AN ARTISTIC CAREER,264c5838ead52ad61844caa5aed5c87e4f8fb2bd66fa9a4c002f04030d003a4d
wav2vec2_large_lv60,dmsuta,195,stage5ext_00783,2bf1907838353bd4ff938cb357518af5cd662218dcf4e05e91bccb5c4981619def6e13f25156c63c468ac5e938051eb89983ae095606bc1ebcbe2aba77dbcf38,Irish English,ireland,Fill your pack with bright trinkets for the poor.,FILL YOUR PACK WITH BRIGHT TRINKETS FOR THE POOR,264c5838ead52ad61844caa5aed5c87e4f8fb2bd66fa9a4c002f04030d003a4d
wav2vec2_large_lv60,dmsuta,195,stage5ext_00784,2bf1907838353bd4ff938cb357518af5cd662218dcf4e05e91bccb5c4981619def6e13f25156c63c468ac5e938051eb89983ae095606bc1ebcbe2aba77dbcf38,Irish English,ireland,The pigs and cows ran everywhere.,THE PIGS AND COWS RAN EVERYWHERE,264c5838ead52ad61844caa5aed5c87e4f8fb2bd66fa9a4c002f04030d003a4d
wav2vec2_large_lv60,dmsuta,196,stage5ext_00785,2bf1907838353bd4ff938cb357518af5cd662218dcf4e05e91bccb5c4981619def6e13f25156c63c468ac5e938051eb89983ae095606bc1ebcbe2aba77dbcf38,Irish English,ireland,"Mrs. McFarlane is a recent widow, versus Mr. McFarlane is alive but away.",MISSUS MC FARLEIN IS A RECENT WIDOW VERSUS MISTER MC FARLIN IS ALIVE BUT AWAY,4ab2aa711bb38f20e488058bbb790413938f6e80b85c6da033ac63e72def9cf7
wav2vec2_large_lv60,dmsuta,196,stage5ext_00786,2bf1907838353bd4ff938cb357518af5cd662218dcf4e05e91bccb5c4981619def6e13f25156c63c468ac5e938051eb89983ae095606bc1ebcbe2aba77dbcf38,Irish English,ireland,He regretted not having made himself clearer.,HE REGRETTED NOT HAVING MADE HIMSELF CLEARER,4ab2aa711bb38f20e488058bbb790413938f6e80b85c6da033ac63e72def9cf7
wav2vec2_large_lv60,dmsuta,196,stage5ext_00787,2bf1907838353bd4ff938cb357518af5cd662218dcf4e05e91bccb5c4981619def6e13f25156c63c468ac5e938051eb89983ae095606bc1ebcbe2aba77dbcf38,Irish English,ireland,The omens have led me on a wild chase.,THE YEOMENS HAVE LED ME ON A WILD CHASE,4ab2aa711bb38f20e488058bbb790413938f6e80b85c6da033ac63e72def9cf7
wav2vec2_large_lv60,dmsuta,196,stage5ext_00788,2bf1907838353bd4ff938cb357518af5cd662218dcf4e05e91bccb5c4981619def6e13f25156c63c468ac5e938051eb89983ae095606bc1ebcbe2aba77dbcf38,Irish English,ireland,Rome was not built in a day.,ROME WAS NIGHTE BUILT IN A DAY,4ab2aa711bb38f20e488058bbb790413938f6e80b85c6da033ac63e72def9cf7
wav2vec2_large_lv60,dmsuta,197,stage5ext_00789,2bf1907838353bd4ff938cb357518af5cd662218dcf4e05e91bccb5c4981619def6e13f25156c63c468ac5e938051eb89983ae095606bc1ebcbe2aba77dbcf38,Irish English,ireland,That's an inherent disadvantage.,THAT'S AN INHERENT DISADVANTAGE,c3527972566e824f52f30d00e10fdfb5e1e2eef290fd68f20e36cf33731f9691
wav2vec2_large_lv60,dmsuta,197,stage5ext_00790,2bf1907838353bd4ff938cb357518af5cd662218dcf4e05e91bccb5c4981619def6e13f25156c63c468ac5e938051eb89983ae095606bc1ebcbe2aba77dbcf38,Irish English,ireland,I wasn't certain it'd work at all yesterday.,I WASN'T CERTAIN IT UD WORK AT ALL YESTERDAY,c3527972566e824f52f30d00e10fdfb5e1e2eef290fd68f20e36cf33731f9691
wav2vec2_large_lv60,dmsuta,197,stage5ext_00791,2bf1907838353bd4ff938cb357518af5cd662218dcf4e05e91bccb5c4981619def6e13f25156c63c468ac5e938051eb89983ae095606bc1ebcbe2aba77dbcf38,Irish English,ireland,The night becomes a turning point for all five men.,THE NICE BECAME A TURNING POINT FOR ALL FIVE MEN,c3527972566e824f52f30d00e10fdfb5e1e2eef290fd68f20e36cf33731f9691
wav2vec2_large_lv60,dmsuta,197,stage5ext_00792,2bf1907838353bd4ff938cb357518af5cd662218dcf4e05e91bccb5c4981619def6e13f25156c63c468ac5e938051eb89983ae095606bc1ebcbe2aba77dbcf38,Irish English,ireland,The population size depends on the nature of the problem.,THE POPULATION SIZE DEPENDS ON THE NATURE OF THE PROBLEM,c3527972566e824f52f30d00e10fdfb5e1e2eef290fd68f20e36cf33731f9691
wav2vec2_large_lv60,dmsuta,198,stage5ext_00793,2bf1907838353bd4ff938cb357518af5cd662218dcf4e05e91bccb5c4981619def6e13f25156c63c468ac5e938051eb89983ae095606bc1ebcbe2aba77dbcf38,Irish English,ireland,"Maxwell, who was killed in Wan Chai three days before the ceasefire.",MAXWELL HE WAS KILLED IN JAN CHI THREE DAYS BEFORE THE SEETS FIRE,38850dbef23b4192fff31fc3185b6134ef8e76a2ac907dcb64335aec9a83f9a2
wav2vec2_large_lv60,dmsuta,198,stage5ext_00794,2bf1907838353bd4ff938cb357518af5cd662218dcf4e05e91bccb5c4981619def6e13f25156c63c468ac5e938051eb89983ae095606bc1ebcbe2aba77dbcf38,Irish English,ireland,A new broom sweeps clean What's bred in the bone.,A NEW BROOM SWEEPS CLEAN WHILE SPREADIN THE BONE,38850dbef23b4192fff31fc3185b6134ef8e76a2ac907dcb64335aec9a83f9a2
wav2vec2_large_lv60,dmsuta,198,stage5ext_00795,2bf1907838353bd4ff938cb357518af5cd662218dcf4e05e91bccb5c4981619def6e13f25156c63c468ac5e938051eb89983ae095606bc1ebcbe2aba77dbcf38,Irish English,ireland,The beauty of the view stunned the young boy.,THE BEAUTY OF THIS YOUTH STUNNS THE YOUNG BOY,38850dbef23b4192fff31fc3185b6134ef8e76a2ac907dcb64335aec9a83f9a2
wav2vec2_large_lv60,dmsuta,198,stage5ext_00796,f3ea04475e301f84785710b9c56023f3c81f7abff656d40e674db8acde55c748688d0a4285eb6e8ea7f4d8b1fb6c99ab3c7f7d460878c4193256a61831e17ce7,Irish English,ireland,Reddy and his wife have two daughters.,REDDY AND HIS WIFE HAVE TWO DAUGHTERS,38850dbef23b4192fff31fc3185b6134ef8e76a2ac907dcb64335aec9a83f9a2
wav2vec2_large_lv60,dmsuta,199,stage5ext_00797,f3ea04475e301f84785710b9c56023f3c81f7abff656d40e674db8acde55c748688d0a4285eb6e8ea7f4d8b1fb6c99ab3c7f7d460878c4193256a61831e17ce7,Irish English,ireland,The Arab executive that emerged from that conference.,THE ARAB EXECUTIVE THAT EMERGED FROM THAT CONFERENCE,b675db2eed70e478d0c807cceefb513c9fd62cf03e0b205a897d97e63f80f07a
wav2vec2_large_lv60,dmsuta,199,stage5ext_00798,f3ea04475e301f84785710b9c56023f3c81f7abff656d40e674db8acde55c748688d0a4285eb6e8ea7f4d8b1fb6c99ab3c7f7d460878c4193256a61831e17ce7,Irish English,ireland,The book goes further by examining irony and sarcasm.,THE BOOK GOWS FURTHER BY EXAMINING IRONY AND STAFFCASM,b675db2eed70e478d0c807cceefb513c9fd62cf03e0b205a897d97e63f80f07a
wav2vec2_large_lv60,dmsuta,199,stage5ext_00799,f3ea04475e301f84785710b9c56023f3c81f7abff656d40e674db8acde55c748688d0a4285eb6e8ea7f4d8b1fb6c99ab3c7f7d460878c4193256a61831e17ce7,Irish English,ireland,He is close to the Lebanese Forces.,HE IS CLOSE TO LEBONESE VOICES,b675db2eed70e478d0c807cceefb513c9fd62cf03e0b205a897d97e63f80f07a
wav2vec2_large_lv60,dmsuta,199,stage5ext_00800,f3ea04475e301f84785710b9c56023f3c81f7abff656d40e674db8acde55c748688d0a4285eb6e8ea7f4d8b1fb6c99ab3c7f7d460878c4193256a61831e17ce7,Irish English,ireland,Deane was overpowered and forced to surrender the prizes.,DANE WAS OVERPOWERED AND FORCED TO SURRENDER THE PRIZES,b675db2eed70e478d0c807cceefb513c9fd62cf03e0b205a897d97e63f80f07a
wav2vec2_large_lv60,dmsuta,200,stage5ext_00801,f3ea04475e301f84785710b9c56023f3c81f7abff656d40e674db8acde55c748688d0a4285eb6e8ea7f4d8b1fb6c99ab3c7f7d460878c4193256a61831e17ce7,Irish English,ireland,He was her second husband and they had no children.,HE WAS HER SECOND HUSBAND AND THEY HAD NO CHILDREN,a338128e54b8d16189d52eb5ae8d4878efe2602e24e96ff1327031c99fe15ba9
wav2vec2_large_lv60,dmsuta,200,stage5ext_00802,f3ea04475e301f84785710b9c56023f3c81f7abff656d40e674db8acde55c748688d0a4285eb6e8ea7f4d8b1fb6c99ab3c7f7d460878c4193256a61831e17ce7,Irish English,ireland,The transports were presumably carrying prisoners from the British capture of Corsica.,THE TRANSPORTS WERE PRESUMABLY CARRYING PRISONERS IN THE BRITISH CAPTURE OF CORCIPER,a338128e54b8d16189d52eb5ae8d4878efe2602e24e96ff1327031c99fe15ba9
wav2vec2_large_lv60,dmsuta,200,stage5ext_00803,f3ea04475e301f84785710b9c56023f3c81f7abff656d40e674db8acde55c748688d0a4285eb6e8ea7f4d8b1fb6c99ab3c7f7d460878c4193256a61831e17ce7,Irish English,ireland,They clear their stand that they will stand with all communities or caste.,THEY CLEAR THEIR STAND THAT THEY WILL STAND WITH ALL COMMUNITIES OF PASTE,a338128e54b8d16189d52eb5ae8d4878efe2602e24e96ff1327031c99fe15ba9
wav2vec2_large_lv60,dmsuta,200,stage5ext_00804,f3ea04475e301f84785710b9c56023f3c81f7abff656d40e674db8acde55c748688d0a4285eb6e8ea7f4d8b1fb6c99ab3c7f7d460878c4193256a61831e17ce7,Irish English,ireland,Lieutenant Colonel Bell was awarded his second Silver Star for his leadership.,LIEUTENANT COLONEL BELL WAS AWARDED HIS SECOND SILVER STAFF BY HIS LEADERSHIP,a338128e54b8d16189d52eb5ae8d4878efe2602e24e96ff1327031c99fe15ba9
wav2vec2_large_lv60,dmsuta,201,stage5ext_00805,f3ea04475e301f84785710b9c56023f3c81f7abff656d40e674db8acde55c748688d0a4285eb6e8ea7f4d8b1fb6c99ab3c7f7d460878c4193256a61831e17ce7,Irish English,ireland,The automobiles in the Miles Collier Collections at the Revs Institute are working vehicles.,THE AUTOMOBILES AND THE MILES HOLLIER COLLECTIONS AT THE RAS INSTITUTE THAT WORK NEW TEEFETS,d1571088f9a184dfca87871864425f7699046534c33aafd17fbf59bb194f5a68
wav2vec2_large_lv60,dmsuta,201,stage5ext_00806,f3ea04475e301f84785710b9c56023f3c81f7abff656d40e674db8acde55c748688d0a4285eb6e8ea7f4d8b1fb6c99ab3c7f7d460878c4193256a61831e17ce7,Irish English,ireland,The town is located on the French way of the Camino de Santiago.,THE TOWN IS LOCATED ON THE FRENCH WAY OF CAMONAL DE SANTIAGO,d1571088f9a184dfca87871864425f7699046534c33aafd17fbf59bb194f5a68
wav2vec2_large_lv60,dmsuta,201,stage5ext_00807,f3ea04475e301f84785710b9c56023f3c81f7abff656d40e674db8acde55c748688d0a4285eb6e8ea7f4d8b1fb6c99ab3c7f7d460878c4193256a61831e17ce7,Irish English,ireland,Bejarano chose to conduct instead of pursuing her doctorate.,FREGIORANO CHOSE TO CONDUCT INSTEAD OF PURSUING HER DOCTOR,d1571088f9a184dfca87871864425f7699046534c33aafd17fbf59bb194f5a68
wav2vec2_large_lv60,dmsuta,201,stage5ext_00808,f3ea04475e301f84785710b9c56023f3c81f7abff656d40e674db8acde55c748688d0a4285eb6e8ea7f4d8b1fb6c99ab3c7f7d460878c4193256a61831e17ce7,Irish English,ireland,It has not been excavated.,IT HAS NOT BEEN EXCAVATED,d1571088f9a184dfca87871864425f7699046534c33aafd17fbf59bb194f5a68
wav2vec2_large_lv60,dmsuta,202,stage5ext_00809,f3ea04475e301f84785710b9c56023f3c81f7abff656d40e674db8acde55c748688d0a4285eb6e8ea7f4d8b1fb6c99ab3c7f7d460878c4193256a61831e17ce7,Irish English,ireland,The result was much the same as St.,THE RESULT WAS MUCH THE SAME AS SATE,54c90908ae1edf38be40a7e69950f30be862d426196d5b4fc0f9d274c2d9822a
wav2vec2_large_lv60,dmsuta,202,stage5ext_00810,f3ea04475e301f84785710b9c56023f3c81f7abff656d40e674db8acde55c748688d0a4285eb6e8ea7f4d8b1fb6c99ab3c7f7d460878c4193256a61831e17ce7,Irish English,ireland,All four were shot in the United Kingdom.,ALL FOUR WE SHOT AN THE UNITED KINDL,54c90908ae1edf38be40a7e69950f30be862d426196d5b4fc0f9d274c2d9822a
wav2vec2_large_lv60,dmsuta,202,stage5ext_00811,98434a9a8b4630d9b92df639cfe24cc4aaa5f87868d474c89db46b5c64a423a9bd79967d06c7657d145d04e562a7f2a8c5293333078c2f76c2da86b6ddd14b97,Irish English,ireland,"He treats ""Greek love"" as central to Greek ""aesthetic morality.",HE TREATS GREEK LOVE AS SENTRAL TO GREEK AESTHETIC MORALITY,54c90908ae1edf38be40a7e69950f30be862d426196d5b4fc0f9d274c2d9822a
wav2vec2_large_lv60,dmsuta,202,stage5ext_00812,98434a9a8b4630d9b92df639cfe24cc4aaa5f87868d474c89db46b5c64a423a9bd79967d06c7657d145d04e562a7f2a8c5293333078c2f76c2da86b6ddd14b97,Irish English,ireland,"The other is ""The Five Orange Pips"", part of ""The Adventures of Sherlock Holmes"".",THE OTHER IS THE FIVE ORANGE PIPS PART OF THE ADVENTURES OF SHERLOCK HOLMES,54c90908ae1edf38be40a7e69950f30be862d426196d5b4fc0f9d274c2d9822a
wav2vec2_large_lv60,dmsuta,203,stage5ext_00813,98434a9a8b4630d9b92df639cfe24cc4aaa5f87868d474c89db46b5c64a423a9bd79967d06c7657d145d04e562a7f2a8c5293333078c2f76c2da86b6ddd14b97,Irish English,ireland,He used parallels and meridians to link together every place in the world.,HE USED PARALLELS AND MERIDIANS TO LINK TOGETHER EVERY PLACE IN THE WORLD,aebcb98e2fa12c54b1fa0bdef9b4f0b6eba75642f2a85c7cc690e0d68b997f76
wav2vec2_large_lv60,dmsuta,203,stage5ext_00814,98434a9a8b4630d9b92df639cfe24cc4aaa5f87868d474c89db46b5c64a423a9bd79967d06c7657d145d04e562a7f2a8c5293333078c2f76c2da86b6ddd14b97,Irish English,ireland,"Some train sets use equipment owned by Metro-North, which are so marked.",SOME TRAIN SETS USE EQUIPMENT OWNED BY METRO NORTH WHICH ARE SO MARKED,aebcb98e2fa12c54b1fa0bdef9b4f0b6eba75642f2a85c7cc690e0d68b997f76
wav2vec2_large_lv60,dmsuta,203,stage5ext_00815,98434a9a8b4630d9b92df639cfe24cc4aaa5f87868d474c89db46b5c64a423a9bd79967d06c7657d145d04e562a7f2a8c5293333078c2f76c2da86b6ddd14b97,Irish English,ireland,Its county seat is Aspermont.,ITS COUNTY SEAT IS ASPERMONT,aebcb98e2fa12c54b1fa0bdef9b4f0b6eba75642f2a85c7cc690e0d68b997f76
wav2vec2_large_lv60,dmsuta,203,stage5ext_00816,98434a9a8b4630d9b92df639cfe24cc4aaa5f87868d474c89db46b5c64a423a9bd79967d06c7657d145d04e562a7f2a8c5293333078c2f76c2da86b6ddd14b97,Irish English,ireland,Urquhart was rewarded with the Norwegian Order of Saint Olav.,UQUAT WAS REWARDED WITH THE NORWEGIAN ORDER OF SAINT OLAF,aebcb98e2fa12c54b1fa0bdef9b4f0b6eba75642f2a85c7cc690e0d68b997f76
wav2vec2_large_lv60,dmsuta,204,stage5ext_00817,98434a9a8b4630d9b92df639cfe24cc4aaa5f87868d474c89db46b5c64a423a9bd79967d06c7657d145d04e562a7f2a8c5293333078c2f76c2da86b6ddd14b97,Irish English,ireland,"However, gadolinite does not contain more than trace amounts of gadolinium.",HOWEVER GADELANICE DOES NOT CONTAIN MORE THAN TRACEMENTS OF GADOLINIUM,6a2850eda43f9d3cc215abce54d063a33f5e13f1e9bccf0c78d5723d349f32be
wav2vec2_large_lv60,dmsuta,204,stage5ext_00818,98434a9a8b4630d9b92df639cfe24cc4aaa5f87868d474c89db46b5c64a423a9bd79967d06c7657d145d04e562a7f2a8c5293333078c2f76c2da86b6ddd14b97,Irish English,ireland,It is still in circulation on radio.,IT IS STILL IN CIRCULATION ON RADIO,6a2850eda43f9d3cc215abce54d063a33f5e13f1e9bccf0c78d5723d349f32be
wav2vec2_large_lv60,dmsuta,204,stage5ext_00819,98434a9a8b4630d9b92df639cfe24cc4aaa5f87868d474c89db46b5c64a423a9bd79967d06c7657d145d04e562a7f2a8c5293333078c2f76c2da86b6ddd14b97,Irish English,ireland,"Bach heard about the audition for ""The Dukes of Hazzard"" through her husband.",BAC HEARD ABOUT THE ODITION FOR THE DUKES OF HAZARD THROUGH HER HUSBAND,6a2850eda43f9d3cc215abce54d063a33f5e13f1e9bccf0c78d5723d349f32be
wav2vec2_large_lv60,dmsuta,204,stage5ext_00820,98434a9a8b4630d9b92df639cfe24cc4aaa5f87868d474c89db46b5c64a423a9bd79967d06c7657d145d04e562a7f2a8c5293333078c2f76c2da86b6ddd14b97,Irish English,ireland,"Upon his appointment, he prohibited alcohol drinking among his players.",ON HIS APPOINTMENT HE PROHIBITES ALCOHOL DRINKING AMONG HIS PLAYERS,6a2850eda43f9d3cc215abce54d063a33f5e13f1e9bccf0c78d5723d349f32be
wav2vec2_large_lv60,dmsuta,205,stage5ext_00821,98434a9a8b4630d9b92df639cfe24cc4aaa5f87868d474c89db46b5c64a423a9bd79967d06c7657d145d04e562a7f2a8c5293333078c2f76c2da86b6ddd14b97,Irish English,ireland,"All the Nevada sites below are gaming-entitled, unless otherwise noted.",ALL THE NEVADA SITES BELOW ARE GAMING ENTITLED UNLESS OTHERWISE NOTED,e513da8d9a40b3a932ba41f5856e6392d08aa8bea265ab2854045e1cbb0dbaca
wav2vec2_large_lv60,dmsuta,205,stage5ext_00822,98434a9a8b4630d9b92df639cfe24cc4aaa5f87868d474c89db46b5c64a423a9bd79967d06c7657d145d04e562a7f2a8c5293333078c2f76c2da86b6ddd14b97,Irish English,ireland,The defensive line was anchored by Pro Bowlers Tom Keating and Ben Davidson.,THE DEFENSIVE LINE WAS ANCHORED BY PEARL BOWLERS TOM KEATING AND BEN DAVIDSON,e513da8d9a40b3a932ba41f5856e6392d08aa8bea265ab2854045e1cbb0dbaca
wav2vec2_large_lv60,dmsuta,205,stage5ext_00823,98434a9a8b4630d9b92df639cfe24cc4aaa5f87868d474c89db46b5c64a423a9bd79967d06c7657d145d04e562a7f2a8c5293333078c2f76c2da86b6ddd14b97,Irish English,ireland,May is also an accomplished singer.,MAY IS ALSO AN ACCOMPLISHED SINGER,e513da8d9a40b3a932ba41f5856e6392d08aa8bea265ab2854045e1cbb0dbaca
wav2vec2_large_lv60,dmsuta,205,stage5ext_00824,98434a9a8b4630d9b92df639cfe24cc4aaa5f87868d474c89db46b5c64a423a9bd79967d06c7657d145d04e562a7f2a8c5293333078c2f76c2da86b6ddd14b97,Irish English,ireland,Miriam appeared in the doorway.,MIRIAM APPEARED IN THE DOORWAY,e513da8d9a40b3a932ba41f5856e6392d08aa8bea265ab2854045e1cbb0dbaca
wav2vec2_large_lv60,dmsuta,206,stage5ext_00825,98434a9a8b4630d9b92df639cfe24cc4aaa5f87868d474c89db46b5c64a423a9bd79967d06c7657d145d04e562a7f2a8c5293333078c2f76c2da86b6ddd14b97,Irish English,ireland,They were each sentenced to six months in jail.,THEY WERE EACH SENTENCED TO SIX MONTHS IN JAIL,5b7f7e3d72d70cfbabdbe8b035e5d47ba2325c81b4135611fc1a9bea9c2f2db1
wav2vec2_large_lv60,dmsuta,206,stage5ext_00826,194875abc05277ec185b84e1233196c510a5057c4ac33820e8421f58778f054d7eebd2f70a62c96c79b93aa9f5cf99ec1e7e763ee45eed080dfa952fa8bdeb40,Irish English,ireland,The boy preferred wine.,THE BOY PREFERRED BOIN,5b7f7e3d72d70cfbabdbe8b035e5d47ba2325c81b4135611fc1a9bea9c2f2db1
wav2vec2_large_lv60,dmsuta,206,stage5ext_00827,194875abc05277ec185b84e1233196c510a5057c4ac33820e8421f58778f054d7eebd2f70a62c96c79b93aa9f5cf99ec1e7e763ee45eed080dfa952fa8bdeb40,Irish English,ireland,But he knew that Salem wasn't in Andalusia.,BUT HE KNEW THAT SALEM WASN'T IN ANDELUCIA,5b7f7e3d72d70cfbabdbe8b035e5d47ba2325c81b4135611fc1a9bea9c2f2db1
wav2vec2_large_lv60,dmsuta,206,stage5ext_00828,194875abc05277ec185b84e1233196c510a5057c4ac33820e8421f58778f054d7eebd2f70a62c96c79b93aa9f5cf99ec1e7e763ee45eed080dfa952fa8bdeb40,Irish English,ireland,"He had found where his treasure was, and was frightened at what might happen.",HE HAD FOUND WHERE HIS TREASURE WAS AND WAS FRIGHTENED AT WHAT MIGHT HAPPEN,5b7f7e3d72d70cfbabdbe8b035e5d47ba2325c81b4135611fc1a9bea9c2f2db1
wav2vec2_large_lv60,dmsuta,207,stage5ext_00829,194875abc05277ec185b84e1233196c510a5057c4ac33820e8421f58778f054d7eebd2f70a62c96c79b93aa9f5cf99ec1e7e763ee45eed080dfa952fa8bdeb40,Irish English,ireland,The boy was sad as he left her that day.,THE BOY WAS SAD AS HE LEFT HER THAT DAY,29f1e320d0321e91a6ee48b6a89eed11339b5b0502d063a94d06d45d3d311db4
wav2vec2_large_lv60,dmsuta,207,stage5ext_00830,194875abc05277ec185b84e1233196c510a5057c4ac33820e8421f58778f054d7eebd2f70a62c96c79b93aa9f5cf99ec1e7e763ee45eed080dfa952fa8bdeb40,Irish English,ireland,He didn't want to cry with the other people there.,HE DIDN'T WANT TO CRY WITH THE OTHER PEOPLE THERE,29f1e320d0321e91a6ee48b6a89eed11339b5b0502d063a94d06d45d3d311db4
wav2vec2_large_lv60,dmsuta,207,stage5ext_00831,194875abc05277ec185b84e1233196c510a5057c4ac33820e8421f58778f054d7eebd2f70a62c96c79b93aa9f5cf99ec1e7e763ee45eed080dfa952fa8bdeb40,Irish English,ireland,But horses tire bit by bit.,BUT HORSES TIRE BIT BY BIT,29f1e320d0321e91a6ee48b6a89eed11339b5b0502d063a94d06d45d3d311db4
wav2vec2_large_lv60,dmsuta,207,stage5ext_00832,194875abc05277ec185b84e1233196c510a5057c4ac33820e8421f58778f054d7eebd2f70a62c96c79b93aa9f5cf99ec1e7e763ee45eed080dfa952fa8bdeb40,Irish English,ireland,It was such a gradual movement that he found it only by noticing the dots.,IT WAS SUCH A GRADUAL MOVEMENT THAT HE FOUND IT ONLY BY NOTICING THE DANCE,29f1e320d0321e91a6ee48b6a89eed11339b5b0502d063a94d06d45d3d311db4
wav2vec2_large_lv60,dmsuta,208,stage5ext_00833,194875abc05277ec185b84e1233196c510a5057c4ac33820e8421f58778f054d7eebd2f70a62c96c79b93aa9f5cf99ec1e7e763ee45eed080dfa952fa8bdeb40,Irish English,ireland,"My seven year resume gap is marked ""Not Drugs"".",MY SEVEN YEAR RESIMA GAP IS MARKED NOT DROGUES,5e173176ba7ae0ed5e41ea7fe3d0f77f9753428deb1d50000f4c659e53093294
wav2vec2_large_lv60,dmsuta,208,stage5ext_00834,194875abc05277ec185b84e1233196c510a5057c4ac33820e8421f58778f054d7eebd2f70a62c96c79b93aa9f5cf99ec1e7e763ee45eed080dfa952fa8bdeb40,Irish English,ireland,"I was scared, but wasted no time in going out and crossing the bridge to the sand pits.",I WAS SCARED BUT WASTED NO TIME IN GOING OUT AND CROSSING THE BRIDGE TO THE SANDPITS,5e173176ba7ae0ed5e41ea7fe3d0f77f9753428deb1d50000f4c659e53093294
wav2vec2_large_lv60,dmsuta,208,stage5ext_00835,194875abc05277ec185b84e1233196c510a5057c4ac33820e8421f58778f054d7eebd2f70a62c96c79b93aa9f5cf99ec1e7e763ee45eed080dfa952fa8bdeb40,Irish English,ireland,Several figures approached him.,SEVERAL FIGURES APPROACHED HIM,5e173176ba7ae0ed5e41ea7fe3d0f77f9753428deb1d50000f4c659e53093294
wav2vec2_large_lv60,dmsuta,208,stage5ext_00836,194875abc05277ec185b84e1233196c510a5057c4ac33820e8421f58778f054d7eebd2f70a62c96c79b93aa9f5cf99ec1e7e763ee45eed080dfa952fa8bdeb40,Irish English,ireland,He paused for a moment to see if the woman knew what the Egyptian pyramids were.,HE PAUSED FOR A MOMENT TO SEE IF THE WOMAN KNEW WHAT THE EGYPTIAN PYRAMIDS WERE,5e173176ba7ae0ed5e41ea7fe3d0f77f9753428deb1d50000f4c659e53093294
wav2vec2_large_lv60,dmsuta,209,stage5ext_00837,194875abc05277ec185b84e1233196c510a5057c4ac33820e8421f58778f054d7eebd2f70a62c96c79b93aa9f5cf99ec1e7e763ee45eed080dfa952fa8bdeb40,Irish English,ireland,"The alchemist stopped abruptly, and bent to the ground.",THE ALCHEMIST STOPPED ABRUPTLY AND BENT TO THE GROUND,f8de0387d0e63f461f9bed58bfc9d3525bc57272cca22506262fbf583bd2bc57
wav2vec2_large_lv60,dmsuta,209,stage5ext_00838,194875abc05277ec185b84e1233196c510a5057c4ac33820e8421f58778f054d7eebd2f70a62c96c79b93aa9f5cf99ec1e7e763ee45eed080dfa952fa8bdeb40,Irish English,ireland,The two were taken to a nearby military camp.,THE TWO WERE TAKEN TO A NEARBY MILITARY CAMP,f8de0387d0e63f461f9bed58bfc9d3525bc57272cca22506262fbf583bd2bc57
wav2vec2_large_lv60,dmsuta,209,stage5ext_00839,194875abc05277ec185b84e1233196c510a5057c4ac33820e8421f58778f054d7eebd2f70a62c96c79b93aa9f5cf99ec1e7e763ee45eed080dfa952fa8bdeb40,Irish English,ireland,That he had attended a seminary until he was sixteen.,THAT HE HAD ATTENDED THE SEMINARY UNTIL HE WAS SIXTEEN,f8de0387d0e63f461f9bed58bfc9d3525bc57272cca22506262fbf583bd2bc57
wav2vec2_large_lv60,dmsuta,209,stage5ext_00840,194875abc05277ec185b84e1233196c510a5057c4ac33820e8421f58778f054d7eebd2f70a62c96c79b93aa9f5cf99ec1e7e763ee45eed080dfa952fa8bdeb40,Irish English,ireland,It seems old and wise.,IT SEEMS OLD AND WISE,f8de0387d0e63f461f9bed58bfc9d3525bc57272cca22506262fbf583bd2bc57
wav2vec2_large_lv60,dmsuta,210,stage5ext_00841,672a3259269b97062367fcafac924cb6013a30f9e34c09eff5c41b6d81f8a9b8e797beba73bbe770cb6ecdcdcc0039306ffae6e7c53294f92803666e3fa86b1b,Irish English,ireland,"To be fully funded, some lending must occur.",TO BE FULLY FUNDED SOME LENDING MUST OCCUR,d3814d80971ca0d64a8f0c0e783633f75ff0f59e97b942e03e3757989e988998
wav2vec2_large_lv60,dmsuta,210,stage5ext_00842,672a3259269b97062367fcafac924cb6013a30f9e34c09eff5c41b6d81f8a9b8e797beba73bbe770cb6ecdcdcc0039306ffae6e7c53294f92803666e3fa86b1b,Irish English,ireland,What'll it take till the bank reopens?,WHAT'LL IT TAKE TILL THE BANK REOPENS,d3814d80971ca0d64a8f0c0e783633f75ff0f59e97b942e03e3757989e988998
wav2vec2_large_lv60,dmsuta,210,stage5ext_00843,672a3259269b97062367fcafac924cb6013a30f9e34c09eff5c41b6d81f8a9b8e797beba73bbe770cb6ecdcdcc0039306ffae6e7c53294f92803666e3fa86b1b,Irish English,ireland,I don't think this theory explains why the particles attract each other this strongly.,I DON'T THINK THIS THEORY EXPLAINS WHY THE PARTICLES ATTRACT EACH OTHER I STRONGLY,d3814d80971ca0d64a8f0c0e783633f75ff0f59e97b942e03e3757989e988998
wav2vec2_large_lv60,dmsuta,210,stage5ext_00844,672a3259269b97062367fcafac924cb6013a30f9e34c09eff5c41b6d81f8a9b8e797beba73bbe770cb6ecdcdcc0039306ffae6e7c53294f92803666e3fa86b1b,Irish English,ireland,Do you mean the speech you're writing?,DO YOU MEAN THE SPEECH YOU'RE WRITING,d3814d80971ca0d64a8f0c0e783633f75ff0f59e97b942e03e3757989e988998
wav2vec2_large_lv60,dmsuta,211,stage5ext_00845,672a3259269b97062367fcafac924cb6013a30f9e34c09eff5c41b6d81f8a9b8e797beba73bbe770cb6ecdcdcc0039306ffae6e7c53294f92803666e3fa86b1b,Irish English,ireland,And there you were in bed.,AND THERE YOU WERE IN BED,d1be87a2165382e77fd0b385df7439387a719ec61a25e1276623d89a9b4c8a7c
wav2vec2_large_lv60,dmsuta,211,stage5ext_00846,672a3259269b97062367fcafac924cb6013a30f9e34c09eff5c41b6d81f8a9b8e797beba73bbe770cb6ecdcdcc0039306ffae6e7c53294f92803666e3fa86b1b,Irish English,ireland,I admit that I'm an alcoholic.,I ADMIT THAT I'M AN ALCOHOLIC,d1be87a2165382e77fd0b385df7439387a719ec61a25e1276623d89a9b4c8a7c
wav2vec2_large_lv60,dmsuta,211,stage5ext_00847,672a3259269b97062367fcafac924cb6013a30f9e34c09eff5c41b6d81f8a9b8e797beba73bbe770cb6ecdcdcc0039306ffae6e7c53294f92803666e3fa86b1b,Irish English,ireland,What's that got to do with it?,WHAT'S THAT GOT TO DO WIT IT,d1be87a2165382e77fd0b385df7439387a719ec61a25e1276623d89a9b4c8a7c
wav2vec2_large_lv60,dmsuta,211,stage5ext_00848,672a3259269b97062367fcafac924cb6013a30f9e34c09eff5c41b6d81f8a9b8e797beba73bbe770cb6ecdcdcc0039306ffae6e7c53294f92803666e3fa86b1b,Irish English,ireland,This investment won't pay off.,THIS INVESTMENT WON'T PAY OFF,d1be87a2165382e77fd0b385df7439387a719ec61a25e1276623d89a9b4c8a7c
wav2vec2_large_lv60,dmsuta,212,stage5ext_00849,672a3259269b97062367fcafac924cb6013a30f9e34c09eff5c41b6d81f8a9b8e797beba73bbe770cb6ecdcdcc0039306ffae6e7c53294f92803666e3fa86b1b,Irish English,ireland,And don't forget to make him wear his raincoat in London.,AND DON'T FORGET TO MAKE HIM WEAR HIS RAIN COUT IN LONDON,2aaaf46773bcd3f99cd3814f3763347e80b22a770549737d8a095214d0fa40f0
wav2vec2_large_lv60,dmsuta,212,stage5ext_00850,672a3259269b97062367fcafac924cb6013a30f9e34c09eff5c41b6d81f8a9b8e797beba73bbe770cb6ecdcdcc0039306ffae6e7c53294f92803666e3fa86b1b,Irish English,ireland,This peach tart is tasty.,THIS PEACH TART IS TASTY,2aaaf46773bcd3f99cd3814f3763347e80b22a770549737d8a095214d0fa40f0
wav2vec2_large_lv60,dmsuta,212,stage5ext_00851,672a3259269b97062367fcafac924cb6013a30f9e34c09eff5c41b6d81f8a9b8e797beba73bbe770cb6ecdcdcc0039306ffae6e7c53294f92803666e3fa86b1b,Irish English,ireland,I didn't say anything.,I DIDN'T SAY ANYTHING,2aaaf46773bcd3f99cd3814f3763347e80b22a770549737d8a095214d0fa40f0
wav2vec2_large_lv60,dmsuta,212,stage5ext_00852,672a3259269b97062367fcafac924cb6013a30f9e34c09eff5c41b6d81f8a9b8e797beba73bbe770cb6ecdcdcc0039306ffae6e7c53294f92803666e3fa86b1b,Irish English,ireland,I don't care what you say.,I DON'T CARE WHAT YOU SAY,2aaaf46773bcd3f99cd3814f3763347e80b22a770549737d8a095214d0fa40f0
wav2vec2_large_lv60,dmsuta,213,stage5ext_00853,672a3259269b97062367fcafac924cb6013a30f9e34c09eff5c41b6d81f8a9b8e797beba73bbe770cb6ecdcdcc0039306ffae6e7c53294f92803666e3fa86b1b,Irish English,ireland,I can't find it anywhere.,I CAN'T FIND IT ANYWHERE,34c49f9d993cff3eced48a10c938bdaf8e7c5c1b002f7edd78f58e483f704a83
wav2vec2_large_lv60,dmsuta,213,stage5ext_00854,672a3259269b97062367fcafac924cb6013a30f9e34c09eff5c41b6d81f8a9b8e797beba73bbe770cb6ecdcdcc0039306ffae6e7c53294f92803666e3fa86b1b,Irish English,ireland,"If a pen has no ink, it's broken.",IF A PEN HAS NO INK IT'S BROKEN,34c49f9d993cff3eced48a10c938bdaf8e7c5c1b002f7edd78f58e483f704a83
wav2vec2_large_lv60,dmsuta,213,stage5ext_00855,672a3259269b97062367fcafac924cb6013a30f9e34c09eff5c41b6d81f8a9b8e797beba73bbe770cb6ecdcdcc0039306ffae6e7c53294f92803666e3fa86b1b,Irish English,ireland,The houses were squashed together like sardines.,THE HOUSES WERE SQUASHED TOGETHER LIKE SARDINES,34c49f9d993cff3eced48a10c938bdaf8e7c5c1b002f7edd78f58e483f704a83
wav2vec2_large_lv60,dmsuta,213,stage5ext_00856,02cb893287feb15b25162b42913f21d4cef7b8b96119618c39ad96f550afc59fc5cb33155d5a3142b86ea467935fa50993f69d0e0aebf5f8b22f2a05004d4165,Irish English,ireland,To nourish the falcon.,TO NOURISH THE FALCON,34c49f9d993cff3eced48a10c938bdaf8e7c5c1b002f7edd78f58e483f704a83
wav2vec2_large_lv60,dmsuta,214,stage5ext_00857,02cb893287feb15b25162b42913f21d4cef7b8b96119618c39ad96f550afc59fc5cb33155d5a3142b86ea467935fa50993f69d0e0aebf5f8b22f2a05004d4165,Irish English,ireland,"There's gold here, he said.",THERE IS GOLD HERE HE SAID,e9cc9e2f56bd2adca1ce0b0ec72d3e4ebe73dee6d54db8880ee10e48b3eb7cff
wav2vec2_large_lv60,dmsuta,214,stage5ext_00858,02cb893287feb15b25162b42913f21d4cef7b8b96119618c39ad96f550afc59fc5cb33155d5a3142b86ea467935fa50993f69d0e0aebf5f8b22f2a05004d4165,Irish English,ireland,I had seen all that it would presently bring me.,I HAD SEEN ALL THAT IT WOULD PRESENTLY BRING ME,e9cc9e2f56bd2adca1ce0b0ec72d3e4ebe73dee6d54db8880ee10e48b3eb7cff
wav2vec2_large_lv60,dmsuta,214,stage5ext_00859,02cb893287feb15b25162b42913f21d4cef7b8b96119618c39ad96f550afc59fc5cb33155d5a3142b86ea467935fa50993f69d0e0aebf5f8b22f2a05004d4165,Irish English,ireland,It was my fear of failure that first kept me from attempting the Master Work.,IT WAS MY FEAR OF FAILURE THAT FIRST KEPT ME FROM ATTEMPTING THE MASTER WORK,e9cc9e2f56bd2adca1ce0b0ec72d3e4ebe73dee6d54db8880ee10e48b3eb7cff
wav2vec2_large_lv60,dmsuta,214,stage5ext_00860,02cb893287feb15b25162b42913f21d4cef7b8b96119618c39ad96f550afc59fc5cb33155d5a3142b86ea467935fa50993f69d0e0aebf5f8b22f2a05004d4165,Irish English,ireland,He saw the boy appear from the other side of the dunes.,HE SAW THE BOY APPEAR FROM THE OTHER SIDE OF THE DUNES,e9cc9e2f56bd2adca1ce0b0ec72d3e4ebe73dee6d54db8880ee10e48b3eb7cff
wav2vec2_large_lv60,dmsuta,215,stage5ext_00861,02cb893287feb15b25162b42913f21d4cef7b8b96119618c39ad96f550afc59fc5cb33155d5a3142b86ea467935fa50993f69d0e0aebf5f8b22f2a05004d4165,Irish English,ireland,"I'm a desert woman, and I'm proud of that.",I'M A DESERT WOMAN AND I'M PROUD OF THAT,52b946fd39dcea1560c2b7c5d6228761ac886f9b192826531acfdf22c88efbb4
wav2vec2_large_lv60,dmsuta,215,stage5ext_00862,02cb893287feb15b25162b42913f21d4cef7b8b96119618c39ad96f550afc59fc5cb33155d5a3142b86ea467935fa50993f69d0e0aebf5f8b22f2a05004d4165,Irish English,ireland,"It's the Emerald Tablet, said the Englishman, proud that he might teach something to the boy.",IT'S THE EMERALD TABLET SAID THE ENGLISHMAN PROUD THAT HE MIGHT TEACH SOMETHING TO THE BOY,52b946fd39dcea1560c2b7c5d6228761ac886f9b192826531acfdf22c88efbb4
wav2vec2_large_lv60,dmsuta,215,stage5ext_00863,02cb893287feb15b25162b42913f21d4cef7b8b96119618c39ad96f550afc59fc5cb33155d5a3142b86ea467935fa50993f69d0e0aebf5f8b22f2a05004d4165,Irish English,ireland,"He stuck his hand into the pouch, and felt around for one of the stones.",HE STUCK HIS HAND IN THE POUCH AND FELT AROUND FOR ONE OF THE STONES,52b946fd39dcea1560c2b7c5d6228761ac886f9b192826531acfdf22c88efbb4
wav2vec2_large_lv60,dmsuta,215,stage5ext_00864,02cb893287feb15b25162b42913f21d4cef7b8b96119618c39ad96f550afc59fc5cb33155d5a3142b86ea467935fa50993f69d0e0aebf5f8b22f2a05004d4165,Irish English,ireland,"The heather was on fire, and you could see a thin blue smoke rising up slowly.",THE HEATHER WAS ON FIRE AND HE COULD SEE A THIN BLUE SMOKE RISING UP SLOWLY,52b946fd39dcea1560c2b7c5d6228761ac886f9b192826531acfdf22c88efbb4
wav2vec2_large_lv60,dmsuta,216,stage5ext_00865,02cb893287feb15b25162b42913f21d4cef7b8b96119618c39ad96f550afc59fc5cb33155d5a3142b86ea467935fa50993f69d0e0aebf5f8b22f2a05004d4165,Irish English,ireland,where the sand was more substantial.,WHERE THE SAND WAS MORE SUBSTANTIAL,4998012fbc97a1351a142a29c3f0c34e6ccd89365f8fe739a663c1d51e0324f9
wav2vec2_large_lv60,dmsuta,216,stage5ext_00866,02cb893287feb15b25162b42913f21d4cef7b8b96119618c39ad96f550afc59fc5cb33155d5a3142b86ea467935fa50993f69d0e0aebf5f8b22f2a05004d4165,Irish English,ireland,The three fell silent.,THE THREE FELL SILENT,4998012fbc97a1351a142a29c3f0c34e6ccd89365f8fe739a663c1d51e0324f9
wav2vec2_large_lv60,dmsuta,216,stage5ext_00867,02cb893287feb15b25162b42913f21d4cef7b8b96119618c39ad96f550afc59fc5cb33155d5a3142b86ea467935fa50993f69d0e0aebf5f8b22f2a05004d4165,Irish English,ireland,But I didn’t think that it contained any living creature.,BUT I DIDN'T THINK THAT IT CONTAINED ANY LIVING CREATURE,4998012fbc97a1351a142a29c3f0c34e6ccd89365f8fe739a663c1d51e0324f9
wav2vec2_large_lv60,dmsuta,216,stage5ext_00868,02cb893287feb15b25162b42913f21d4cef7b8b96119618c39ad96f550afc59fc5cb33155d5a3142b86ea467935fa50993f69d0e0aebf5f8b22f2a05004d4165,Irish English,ireland,He didn't want to cry with the other people there.,YOU DIDN'T WANT TO CRY WITH THE OTHER PEOPLE THERE,4998012fbc97a1351a142a29c3f0c34e6ccd89365f8fe739a663c1d51e0324f9
wav2vec2_large_lv60,dmsuta,217,stage5ext_00869,02cb893287feb15b25162b42913f21d4cef7b8b96119618c39ad96f550afc59fc5cb33155d5a3142b86ea467935fa50993f69d0e0aebf5f8b22f2a05004d4165,Irish English,ireland,"About eleven, I walked back to my home in Maybury because nothing seemed to be happening.",ABOUT ELEVEN I WALKED BACK TO MY HOME IN MAYBURY BECAUSE NOTHING SEEMED TO BE HAPPENING,5451cf647ce6a2e3a6b6ad2b05010f47b264f56983edd8d1b24a4a8ff836709e
wav2vec2_large_lv60,dmsuta,217,stage5ext_00870,02cb893287feb15b25162b42913f21d4cef7b8b96119618c39ad96f550afc59fc5cb33155d5a3142b86ea467935fa50993f69d0e0aebf5f8b22f2a05004d4165,Irish English,ireland,That sobered him a little.,THAT SOBERED HIM A LITTLE,5451cf647ce6a2e3a6b6ad2b05010f47b264f56983edd8d1b24a4a8ff836709e
wav2vec2_large_lv60,dmsuta,217,stage5ext_00871,bd50f6c0e65e80961fb044a2591721940ca6cd6836496cde2353e06259e959af9c47fa4fb6d9fa8b16cc5285e232f3543059af36f41495c786198bdfd83d4b88,Irish English,ireland,Its county seat is Red Cloud.,ITS COUNTY SEAT IS RED CLOUD,5451cf647ce6a2e3a6b6ad2b05010f47b264f56983edd8d1b24a4a8ff836709e
wav2vec2_large_lv60,dmsuta,217,stage5ext_00872,bd50f6c0e65e80961fb044a2591721940ca6cd6836496cde2353e06259e959af9c47fa4fb6d9fa8b16cc5285e232f3543059af36f41495c786198bdfd83d4b88,Irish English,ireland,"After eighty-seven minutes of test football, Australia gained possession of the ball.",AFTER EIGHTY SEVEN MINUTES OF TEST FOOTBALL AUSTRALIA GAINED POSSESSION OF THE BALL,5451cf647ce6a2e3a6b6ad2b05010f47b264f56983edd8d1b24a4a8ff836709e
wav2vec2_large_lv60,dmsuta,218,stage5ext_00873,bd50f6c0e65e80961fb044a2591721940ca6cd6836496cde2353e06259e959af9c47fa4fb6d9fa8b16cc5285e232f3543059af36f41495c786198bdfd83d4b88,Irish English,ireland,The ability displayed by him in this led to his rapid advancement.,THE ABILITY DISPLAYED BY HIM AN THIS LED TO HIS RAPID ADVANCEMENT,7842e958fa80b285fa19488047b33bbd04252d11115a4d83ac30d7693cecb97a
wav2vec2_large_lv60,dmsuta,218,stage5ext_00874,bd50f6c0e65e80961fb044a2591721940ca6cd6836496cde2353e06259e959af9c47fa4fb6d9fa8b16cc5285e232f3543059af36f41495c786198bdfd83d4b88,Irish English,ireland,The building resembled a typical Kirkbride model.,THE BUILDING RESEMBLED A TYPICAL CART BRIDE MODEL,7842e958fa80b285fa19488047b33bbd04252d11115a4d83ac30d7693cecb97a
wav2vec2_large_lv60,dmsuta,218,stage5ext_00875,bd50f6c0e65e80961fb044a2591721940ca6cd6836496cde2353e06259e959af9c47fa4fb6d9fa8b16cc5285e232f3543059af36f41495c786198bdfd83d4b88,Irish English,ireland,"In engineering science and in other technical aspects, the term galling is widespread.",IN ENGINEERING SCIENCE AND IN OTHER TECHNICAL ASPECTS THE TERM GALLING IS WIDESPREAD,7842e958fa80b285fa19488047b33bbd04252d11115a4d83ac30d7693cecb97a
wav2vec2_large_lv60,dmsuta,218,stage5ext_00876,bd50f6c0e65e80961fb044a2591721940ca6cd6836496cde2353e06259e959af9c47fa4fb6d9fa8b16cc5285e232f3543059af36f41495c786198bdfd83d4b88,Irish English,ireland,Zinc is a necessary nutrient for optimal yeast health and performance.,ZINC IS A NECESSARY NUTRIENT FOR OPTIMAL YEAST HEALTH AND PERFORMANCE,7842e958fa80b285fa19488047b33bbd04252d11115a4d83ac30d7693cecb97a
wav2vec2_large_lv60,dmsuta,219,stage5ext_00877,bd50f6c0e65e80961fb044a2591721940ca6cd6836496cde2353e06259e959af9c47fa4fb6d9fa8b16cc5285e232f3543059af36f41495c786198bdfd83d4b88,Irish English,ireland,Another common type of certification in modern society is product certification.,ANOTHER COMMON TYPE OF CERTIFICATION IN MODERN SOCIETY IS PRODUCT CERTIFICATION,c3997291be3a35e6fcf56e5505af2535b3786dd063628221b2ca47ea86b5e88f
wav2vec2_large_lv60,dmsuta,219,stage5ext_00878,bd50f6c0e65e80961fb044a2591721940ca6cd6836496cde2353e06259e959af9c47fa4fb6d9fa8b16cc5285e232f3543059af36f41495c786198bdfd83d4b88,Irish English,ireland,Originally usage of the road was free of charge.,ORIGINALLY USAGE OF THE ROAD WAS FREE OF CHARGE,c3997291be3a35e6fcf56e5505af2535b3786dd063628221b2ca47ea86b5e88f
wav2vec2_large_lv60,dmsuta,219,stage5ext_00879,bd50f6c0e65e80961fb044a2591721940ca6cd6836496cde2353e06259e959af9c47fa4fb6d9fa8b16cc5285e232f3543059af36f41495c786198bdfd83d4b88,Irish English,ireland,"In general, there are two types of scanner setups.",IN GENERAL THERE ARE TWO TYPES OF SCANERSETUPS,c3997291be3a35e6fcf56e5505af2535b3786dd063628221b2ca47ea86b5e88f
wav2vec2_large_lv60,dmsuta,219,stage5ext_00880,bd50f6c0e65e80961fb044a2591721940ca6cd6836496cde2353e06259e959af9c47fa4fb6d9fa8b16cc5285e232f3543059af36f41495c786198bdfd83d4b88,Irish English,ireland,The equivalent Ukrainian-language surname is Lytvyn.,THE EQUIVALENT EUCRANIAN LANGUAGE SURNAME IS LUITVEN,c3997291be3a35e6fcf56e5505af2535b3786dd063628221b2ca47ea86b5e88f
wav2vec2_large_lv60,dmsuta,220,stage5ext_00881,bd50f6c0e65e80961fb044a2591721940ca6cd6836496cde2353e06259e959af9c47fa4fb6d9fa8b16cc5285e232f3543059af36f41495c786198bdfd83d4b88,Irish English,ireland,The first settlers in Isipingo arrived before the beginning of Apartheid.,THE FIRST SETTLERS IN ISOPINGO ARRIVE BEFORE THE BEGINNING OF A PARTYTE,8a69dce8498762ed1796e2f68e89a4dae6887ca748208b0baf41b46f0948e51b
wav2vec2_large_lv60,dmsuta,220,stage5ext_00882,bd50f6c0e65e80961fb044a2591721940ca6cd6836496cde2353e06259e959af9c47fa4fb6d9fa8b16cc5285e232f3543059af36f41495c786198bdfd83d4b88,Irish English,ireland,"There is an elaborate memorial to him in Saint Edward the Confessor Church, Romford.",THERE IS AN ELABORATE MEMORIAL TO HIM IN SAINT EDWARD THE CONFESSOR CHURCH RUMFORD,8a69dce8498762ed1796e2f68e89a4dae6887ca748208b0baf41b46f0948e51b
wav2vec2_large_lv60,dmsuta,220,stage5ext_00883,bd50f6c0e65e80961fb044a2591721940ca6cd6836496cde2353e06259e959af9c47fa4fb6d9fa8b16cc5285e232f3543059af36f41495c786198bdfd83d4b88,Irish English,ireland,American public school system was introduced and general health and sanitation campaign was launched.,AMERICAN PUBLIC SCHOOL SYSTEM WAS INTRODUCED AND GENERAL HEALTH AND SANITATION CAMPAIGN WAS LAUNCHED,8a69dce8498762ed1796e2f68e89a4dae6887ca748208b0baf41b46f0948e51b
wav2vec2_large_lv60,dmsuta,220,stage5ext_00884,bd50f6c0e65e80961fb044a2591721940ca6cd6836496cde2353e06259e959af9c47fa4fb6d9fa8b16cc5285e232f3543059af36f41495c786198bdfd83d4b88,Irish English,ireland,Mponela is primarily an agricultural town without touristic interest.,UMPENELA IS PRIMARILY AN AGRICULTURAL TOWN WITHOUT TOURISTIC INTEREST,8a69dce8498762ed1796e2f68e89a4dae6887ca748208b0baf41b46f0948e51b
wav2vec2_large_lv60,dmsuta,221,stage5ext_00885,bd50f6c0e65e80961fb044a2591721940ca6cd6836496cde2353e06259e959af9c47fa4fb6d9fa8b16cc5285e232f3543059af36f41495c786198bdfd83d4b88,Irish English,ireland,The family lives in Suffolk.,THE FAMILY LIVES IN SUFFOLK,855dc05a90a74b55b5c1da0841a4e4be71f27d5a9c59878af7b34fe1ad4dcb8f
wav2vec2_large_lv60,dmsuta,221,stage5ext_00886,298c0f3d5e3352df02aa3a6a7a132199f93bdccf8457a134e6133cb2cf9bc435869f9e0ed6068a4152cdd933c02fc02573e8a2d6c12bcf52810d8ab52fd60a33,Irish English,ireland,A rag will soak up spilled water.,A RAG WILL SOAK UP SPILLED WATER,855dc05a90a74b55b5c1da0841a4e4be71f27d5a9c59878af7b34fe1ad4dcb8f
wav2vec2_large_lv60,dmsuta,221,stage5ext_00887,298c0f3d5e3352df02aa3a6a7a132199f93bdccf8457a134e6133cb2cf9bc435869f9e0ed6068a4152cdd933c02fc02573e8a2d6c12bcf52810d8ab52fd60a33,Irish English,ireland,What's it all about?,WHAT'S IT ALL ABOUT,855dc05a90a74b55b5c1da0841a4e4be71f27d5a9c59878af7b34fe1ad4dcb8f
wav2vec2_large_lv60,dmsuta,221,stage5ext_00888,298c0f3d5e3352df02aa3a6a7a132199f93bdccf8457a134e6133cb2cf9bc435869f9e0ed6068a4152cdd933c02fc02573e8a2d6c12bcf52810d8ab52fd60a33,Irish English,ireland,Little strokes fell great oaks.,LITTLE STROKES FOUND GREAT OAKS,855dc05a90a74b55b5c1da0841a4e4be71f27d5a9c59878af7b34fe1ad4dcb8f
wav2vec2_large_lv60,dmsuta,222,stage5ext_00889,298c0f3d5e3352df02aa3a6a7a132199f93bdccf8457a134e6133cb2cf9bc435869f9e0ed6068a4152cdd933c02fc02573e8a2d6c12bcf52810d8ab52fd60a33,Irish English,ireland,First impressions are the most lasting.,FIRST IMPRESSIONS ARE THE MOST LASTING,d86ce29747e153fbe2356e40e05132b4204c0accc0dd0673dafad53e9631f609
wav2vec2_large_lv60,dmsuta,222,stage5ext_00890,298c0f3d5e3352df02aa3a6a7a132199f93bdccf8457a134e6133cb2cf9bc435869f9e0ed6068a4152cdd933c02fc02573e8a2d6c12bcf52810d8ab52fd60a33,Irish English,ireland,So you are saying that overpopulation will become an issue?,SO YOU ARE SAYING THAT OVERPOPULATION WILL BECOME AN ISSUE,d86ce29747e153fbe2356e40e05132b4204c0accc0dd0673dafad53e9631f609
wav2vec2_large_lv60,dmsuta,222,stage5ext_00891,298c0f3d5e3352df02aa3a6a7a132199f93bdccf8457a134e6133cb2cf9bc435869f9e0ed6068a4152cdd933c02fc02573e8a2d6c12bcf52810d8ab52fd60a33,Irish English,ireland,Stop beating around the bush.,STOP BEATING AROUND THE BUSH,d86ce29747e153fbe2356e40e05132b4204c0accc0dd0673dafad53e9631f609
wav2vec2_large_lv60,dmsuta,222,stage5ext_00892,298c0f3d5e3352df02aa3a6a7a132199f93bdccf8457a134e6133cb2cf9bc435869f9e0ed6068a4152cdd933c02fc02573e8a2d6c12bcf52810d8ab52fd60a33,Irish English,ireland,The cat sat on the fence.,THE CATS SAT ON THE FENCE,d86ce29747e153fbe2356e40e05132b4204c0accc0dd0673dafad53e9631f609
wav2vec2_large_lv60,dmsuta,223,stage5ext_00893,298c0f3d5e3352df02aa3a6a7a132199f93bdccf8457a134e6133cb2cf9bc435869f9e0ed6068a4152cdd933c02fc02573e8a2d6c12bcf52810d8ab52fd60a33,Irish English,ireland,That is unlikely considering it has his name on it.,THAT IS UNLIKELY CONSIDERING IT HAS HIS NAME ON IT,52c44fc1172f96467413118923e9f804ad24b6aba7302b85ca4c3b3785bde73e
wav2vec2_large_lv60,dmsuta,223,stage5ext_00894,298c0f3d5e3352df02aa3a6a7a132199f93bdccf8457a134e6133cb2cf9bc435869f9e0ed6068a4152cdd933c02fc02573e8a2d6c12bcf52810d8ab52fd60a33,Irish English,ireland,Loop the braid to the left and then over.,LOOPS OF RED TO THE LAST AND THEN OVER,52c44fc1172f96467413118923e9f804ad24b6aba7302b85ca4c3b3785bde73e
wav2vec2_large_lv60,dmsuta,223,stage5ext_00895,298c0f3d5e3352df02aa3a6a7a132199f93bdccf8457a134e6133cb2cf9bc435869f9e0ed6068a4152cdd933c02fc02573e8a2d6c12bcf52810d8ab52fd60a33,Irish English,ireland,Tranquillity is the first duty of citizens,TRANQUILLITY IS THE FIRST DUTY OF CITIZENS,52c44fc1172f96467413118923e9f804ad24b6aba7302b85ca4c3b3785bde73e
wav2vec2_large_lv60,dmsuta,223,stage5ext_00896,298c0f3d5e3352df02aa3a6a7a132199f93bdccf8457a134e6133cb2cf9bc435869f9e0ed6068a4152cdd933c02fc02573e8a2d6c12bcf52810d8ab52fd60a33,Irish English,ireland,"Forget it, there is no such thing.",FORGET IT THERE IS NO SUCH THING,52c44fc1172f96467413118923e9f804ad24b6aba7302b85ca4c3b3785bde73e
wav2vec2_large_lv60,dmsuta,224,stage5ext_00897,298c0f3d5e3352df02aa3a6a7a132199f93bdccf8457a134e6133cb2cf9bc435869f9e0ed6068a4152cdd933c02fc02573e8a2d6c12bcf52810d8ab52fd60a33,Irish English,ireland,The wreck occurred by the bank on Main Street.,THE WRECK OCCURRED BY THE BANK ON MAIN STREET,a3d21f40e75a8f994bd11ecb1422cc8437f62a264c290af8724717b8b2f04f9d
wav2vec2_large_lv60,dmsuta,224,stage5ext_00898,298c0f3d5e3352df02aa3a6a7a132199f93bdccf8457a134e6133cb2cf9bc435869f9e0ed6068a4152cdd933c02fc02573e8a2d6c12bcf52810d8ab52fd60a33,Irish English,ireland,It dribbled down the fridge.,IT DRIPPLED DON THE FRIDGE,a3d21f40e75a8f994bd11ecb1422cc8437f62a264c290af8724717b8b2f04f9d
wav2vec2_large_lv60,dmsuta,224,stage5ext_00899,298c0f3d5e3352df02aa3a6a7a132199f93bdccf8457a134e6133cb2cf9bc435869f9e0ed6068a4152cdd933c02fc02573e8a2d6c12bcf52810d8ab52fd60a33,Irish English,ireland,Variations on a musical air With great rapidity,VARIATIONS ON A MUSICAL AIR WITH GREAT RAPIDITY,a3d21f40e75a8f994bd11ecb1422cc8437f62a264c290af8724717b8b2f04f9d
wav2vec2_large_lv60,dmsuta,224,stage5ext_00900,298c0f3d5e3352df02aa3a6a7a132199f93bdccf8457a134e6133cb2cf9bc435869f9e0ed6068a4152cdd933c02fc02573e8a2d6c12bcf52810d8ab52fd60a33,Irish English,ireland,He could not help it.,HE COULD NOT HELP IT,a3d21f40e75a8f994bd11ecb1422cc8437f62a264c290af8724717b8b2f04f9d
