model_key,method,window_id,recording_id,speaker_id,group_id,stratum_code,reference_raw,hypothesis_raw,theta_hash
data2vec_base,dsuta,0,stage5ext_00001,c90b53f826ff81831f6499b9e1e98607e8b2c0f8bbaf8be1bf62bf27dc7ff887bd734b9a4cee852af2d1acda3e479781d7c5a8b1633407b705905c4b5049cb35,US English,us,I got drunk yesterday and thought I built a super computer.,I GOT DRUNK YESTERDAY AND THOUGHT I BUILT A SUPER COMPUTER,ff0b6510020137db91c4e8d79c00aa158b5cda55bab58c4e06c34765b5c633f1
data2vec_base,dsuta,0,stage5ext_00002,c90b53f826ff81831f6499b9e1e98607e8b2c0f8bbaf8be1bf62bf27dc7ff887bd734b9a4cee852af2d1acda3e479781d7c5a8b1633407b705905c4b5049cb35,US English,us,"Every file had the letter ""A"" printed on the front.",EVERY FILE HAD THE LETTER A PRINTED IN THE FRONT,ff0b6510020137db91c4e8d79c00aa158b5cda55bab58c4e06c34765b5c633f1
data2vec_base,dsuta,0,stage5ext_00003,c90b53f826ff81831f6499b9e1e98607e8b2c0f8bbaf8be1bf62bf27dc7ff887bd734b9a4cee852af2d1acda3e479781d7c5a8b1633407b705905c4b5049cb35,US English,us,I'm not familiar with the books this author wrote.,I'M NOT FAMILIAR WITH THE BOOKS THIS AUTHOR WROTE,ff0b6510020137db91c4e8d79c00aa158b5cda55bab58c4e06c34765b5c633f1
data2vec_base,dsuta,0,stage5ext_00004,c90b53f826ff81831f6499b9e1e98607e8b2c0f8bbaf8be1bf62bf27dc7ff887bd734b9a4cee852af2d1acda3e479781d7c5a8b1633407b705905c4b5049cb35,US English,us,Take a couple of seconds.,TAKE A COUPLE OF SECONDS,ff0b6510020137db91c4e8d79c00aa158b5cda55bab58c4e06c34765b5c633f1
data2vec_base,dsuta,1,stage5ext_00005,c90b53f826ff81831f6499b9e1e98607e8b2c0f8bbaf8be1bf62bf27dc7ff887bd734b9a4cee852af2d1acda3e479781d7c5a8b1633407b705905c4b5049cb35,US English,us,But I sort of like him.,BUT I SORT OF LIKE HIM,6a945a9f7ab7724161d578e302df2589b57d038e9e0a1d40658d743872cf6d90
data2vec_base,dsuta,1,stage5ext_00006,c90b53f826ff81831f6499b9e1e98607e8b2c0f8bbaf8be1bf62bf27dc7ff887bd734b9a4cee852af2d1acda3e479781d7c5a8b1633407b705905c4b5049cb35,US English,us,I'll be a monkey's uncle!,I'LL BE A MONKEY'S UNCLE,6a945a9f7ab7724161d578e302df2589b57d038e9e0a1d40658d743872cf6d90
data2vec_base,dsuta,1,stage5ext_00007,c90b53f826ff81831f6499b9e1e98607e8b2c0f8bbaf8be1bf62bf27dc7ff887bd734b9a4cee852af2d1acda3e479781d7c5a8b1633407b705905c4b5049cb35,US English,us,Is it for further automatic processing?,IS IT FOR FOZE AUTOMATIC PROCESSING,6a945a9f7ab7724161d578e302df2589b57d038e9e0a1d40658d743872cf6d90
data2vec_base,dsuta,1,stage5ext_00008,c90b53f826ff81831f6499b9e1e98607e8b2c0f8bbaf8be1bf62bf27dc7ff887bd734b9a4cee852af2d1acda3e479781d7c5a8b1633407b705905c4b5049cb35,US English,us,I don't like coconuts.,I DON'T LIKE CHALGENATS,6a945a9f7ab7724161d578e302df2589b57d038e9e0a1d40658d743872cf6d90
data2vec_base,dsuta,2,stage5ext_00009,c90b53f826ff81831f6499b9e1e98607e8b2c0f8bbaf8be1bf62bf27dc7ff887bd734b9a4cee852af2d1acda3e479781d7c5a8b1633407b705905c4b5049cb35,US English,us,He hunched his back and plodded through the heavy rain.,HE HUNCHED HIS BACK AND PLOTTED THROUGH THE HEAVY RAIN,d7aeee85fa3c890ee97c5fd511d33da698bb1c758b943177581bcb739ce657ae
data2vec_base,dsuta,2,stage5ext_00010,c90b53f826ff81831f6499b9e1e98607e8b2c0f8bbaf8be1bf62bf27dc7ff887bd734b9a4cee852af2d1acda3e479781d7c5a8b1633407b705905c4b5049cb35,US English,us,Are you running a business or a charity ward?,ARE YOU RUNNING A BUSINESS OR A CHARITY WARD,d7aeee85fa3c890ee97c5fd511d33da698bb1c758b943177581bcb739ce657ae
data2vec_base,dsuta,2,stage5ext_00011,c90b53f826ff81831f6499b9e1e98607e8b2c0f8bbaf8be1bf62bf27dc7ff887bd734b9a4cee852af2d1acda3e479781d7c5a8b1633407b705905c4b5049cb35,US English,us,There were lights in the upper windows of the houses when the people went to bed.,THERE WERE LIGHTS IN THE UPPER WINDOWS OF THE HOUSES WHEN THE PEOPLE WENT TO BED,d7aeee85fa3c890ee97c5fd511d33da698bb1c758b943177581bcb739ce657ae
data2vec_base,dsuta,2,stage5ext_00012,c90b53f826ff81831f6499b9e1e98607e8b2c0f8bbaf8be1bf62bf27dc7ff887bd734b9a4cee852af2d1acda3e479781d7c5a8b1633407b705905c4b5049cb35,US English,us,On warm days and when doing sports you should drink more.,ON WARM DAYS AND WHEN DUIN SPORTS YOU SHOULD DRINK MORE,d7aeee85fa3c890ee97c5fd511d33da698bb1c758b943177581bcb739ce657ae
data2vec_base,dsuta,3,stage5ext_00013,c90b53f826ff81831f6499b9e1e98607e8b2c0f8bbaf8be1bf62bf27dc7ff887bd734b9a4cee852af2d1acda3e479781d7c5a8b1633407b705905c4b5049cb35,US English,us,"At once, he connected the two incidents.",AT ONCE HE CONNECTED THE TWO INCIDENTS,b82e66261d5914de4d7f6c1da3d5c774a4853cf13d7a7591344e387de8b8f982
data2vec_base,dsuta,3,stage5ext_00014,c90b53f826ff81831f6499b9e1e98607e8b2c0f8bbaf8be1bf62bf27dc7ff887bd734b9a4cee852af2d1acda3e479781d7c5a8b1633407b705905c4b5049cb35,US English,us,A pox upon me for a clumsy thing.,A PUX UPON ME FOR A CLUMSY THING,b82e66261d5914de4d7f6c1da3d5c774a4853cf13d7a7591344e387de8b8f982
data2vec_base,dsuta,3,stage5ext_00015,c90b53f826ff81831f6499b9e1e98607e8b2c0f8bbaf8be1bf62bf27dc7ff887bd734b9a4cee852af2d1acda3e479781d7c5a8b1633407b705905c4b5049cb35,US English,us,Are you sure that Joe case is going on next week?,ARE YOU SURE THAT JOE CASE IS GOING ON NEXT WEEK,b82e66261d5914de4d7f6c1da3d5c774a4853cf13d7a7591344e387de8b8f982
data2vec_base,dsuta,3,stage5ext_00016,57d6c1695947f141cd774bb8c8435e7e20bc7b2a83cd78ef5db4e546fb137b56b44617942cb1a58e017af6161f63d53cdf17fa4f9dcb830bfc0518e94b214837,US English,us,"When you're at a party and somebody says ""banana bread"", a sniper might be near you.",WHEN YOU ARE AT A PARTY AND SOMEBODY SAYS BENONA BRED SNIPER MIGHT BE NEAR YOU,b82e66261d5914de4d7f6c1da3d5c774a4853cf13d7a7591344e387de8b8f982
data2vec_base,dsuta,4,stage5ext_00017,57d6c1695947f141cd774bb8c8435e7e20bc7b2a83cd78ef5db4e546fb137b56b44617942cb1a58e017af6161f63d53cdf17fa4f9dcb830bfc0518e94b214837,US English,us,"It was not clear who had the right of way, since the traffic lights were off.",IT WAS NOT CLEAR WHO HAD THE RIGHT OF WAY SINCE THE TRAFFIC LIGHTS WERE OFF,c7ed2bd3ea28749d01837555f81a2462b24155e785de935362aa10894455afaa
data2vec_base,dsuta,4,stage5ext_00018,57d6c1695947f141cd774bb8c8435e7e20bc7b2a83cd78ef5db4e546fb137b56b44617942cb1a58e017af6161f63d53cdf17fa4f9dcb830bfc0518e94b214837,US English,us,What did you do it for?,WHAT DID YOU DO IT FOR,c7ed2bd3ea28749d01837555f81a2462b24155e785de935362aa10894455afaa
data2vec_base,dsuta,4,stage5ext_00019,57d6c1695947f141cd774bb8c8435e7e20bc7b2a83cd78ef5db4e546fb137b56b44617942cb1a58e017af6161f63d53cdf17fa4f9dcb830bfc0518e94b214837,US English,us,"James Watt didn't invent the steam engine, but he improved it significantly.",HARMAS WOT NEIDN'T INRUN THE STEAM ENJINE BUT HE IMPROVED IT SIGNIFICANTLY,c7ed2bd3ea28749d01837555f81a2462b24155e785de935362aa10894455afaa
data2vec_base,dsuta,4,stage5ext_00020,57d6c1695947f141cd774bb8c8435e7e20bc7b2a83cd78ef5db4e546fb137b56b44617942cb1a58e017af6161f63d53cdf17fa4f9dcb830bfc0518e94b214837,US English,us,"When he got the call, Ali ran out of the store, down the street, and into the car.",WHEN HE GOT THE CALL ALLY RAN OUT OF THE STORE DOWN THE STREET AND INTO THE CAR,c7ed2bd3ea28749d01837555f81a2462b24155e785de935362aa10894455afaa
data2vec_base,dsuta,5,stage5ext_00021,57d6c1695947f141cd774bb8c8435e7e20bc7b2a83cd78ef5db4e546fb137b56b44617942cb1a58e017af6161f63d53cdf17fa4f9dcb830bfc0518e94b214837,US English,us,What has become of him?,WHAT HAS BECOME OF HIM,9c309d847ddc2d8cc3631faf1ef0c0481d8f501d1442e9f5b1a2356df1cf0448
data2vec_base,dsuta,5,stage5ext_00022,57d6c1695947f141cd774bb8c8435e7e20bc7b2a83cd78ef5db4e546fb137b56b44617942cb1a58e017af6161f63d53cdf17fa4f9dcb830bfc0518e94b214837,US English,us,"After the dance, they went straight home.",AFTER THE DANCE THE VEN TRATO,9c309d847ddc2d8cc3631faf1ef0c0481d8f501d1442e9f5b1a2356df1cf0448
data2vec_base,dsuta,5,stage5ext_00023,57d6c1695947f141cd774bb8c8435e7e20bc7b2a83cd78ef5db4e546fb137b56b44617942cb1a58e017af6161f63d53cdf17fa4f9dcb830bfc0518e94b214837,US English,us,"Jellyfish can cause serious injuries, the physician explained to the patient.",JEL AND FISTAN CAUSED SERIOUS INJURIES THE PHYSICIAN EXPLAINED TO THE PATIENT,9c309d847ddc2d8cc3631faf1ef0c0481d8f501d1442e9f5b1a2356df1cf0448
data2vec_base,dsuta,5,stage5ext_00024,57d6c1695947f141cd774bb8c8435e7e20bc7b2a83cd78ef5db4e546fb137b56b44617942cb1a58e017af6161f63d53cdf17fa4f9dcb830bfc0518e94b214837,US English,us,"Writing, the best memory.",WRITING THE BEST MEMORY,9c309d847ddc2d8cc3631faf1ef0c0481d8f501d1442e9f5b1a2356df1cf0448
data2vec_base,dsuta,6,stage5ext_00025,57d6c1695947f141cd774bb8c8435e7e20bc7b2a83cd78ef5db4e546fb137b56b44617942cb1a58e017af6161f63d53cdf17fa4f9dcb830bfc0518e94b214837,US English,us,What does she say?,WHAT DOES SHE SAY,c4ef05259e7e0af420b2136f9e5f95321be9901dba3a0c0ad1f9fa36470f27d8
data2vec_base,dsuta,6,stage5ext_00026,57d6c1695947f141cd774bb8c8435e7e20bc7b2a83cd78ef5db4e546fb137b56b44617942cb1a58e017af6161f63d53cdf17fa4f9dcb830bfc0518e94b214837,US English,us,What do you want of me?,WHAT DO YOU WANT OF ME,c4ef05259e7e0af420b2136f9e5f95321be9901dba3a0c0ad1f9fa36470f27d8
data2vec_base,dsuta,6,stage5ext_00027,57d6c1695947f141cd774bb8c8435e7e20bc7b2a83cd78ef5db4e546fb137b56b44617942cb1a58e017af6161f63d53cdf17fa4f9dcb830bfc0518e94b214837,US English,us,Why do people even eat peanut butter and jelly?,WHY DO PEOPLE EVEN EAT PEANUT BUTTER AND JELLY,c4ef05259e7e0af420b2136f9e5f95321be9901dba3a0c0ad1f9fa36470f27d8
data2vec_base,dsuta,6,stage5ext_00028,57d6c1695947f141cd774bb8c8435e7e20bc7b2a83cd78ef5db4e546fb137b56b44617942cb1a58e017af6161f63d53cdf17fa4f9dcb830bfc0518e94b214837,US English,us,But what can I do?,BUT WHAT CAN I DO,c4ef05259e7e0af420b2136f9e5f95321be9901dba3a0c0ad1f9fa36470f27d8
data2vec_base,dsuta,7,stage5ext_00029,57d6c1695947f141cd774bb8c8435e7e20bc7b2a83cd78ef5db4e546fb137b56b44617942cb1a58e017af6161f63d53cdf17fa4f9dcb830bfc0518e94b214837,US English,us,What is the meaning of this?,WHAT IS THE MEANING OF THIS,ca2d1e0c0235d7724b5d017f1a9ee993cb82582a7db3396da4534de253852baf
data2vec_base,dsuta,7,stage5ext_00030,57d6c1695947f141cd774bb8c8435e7e20bc7b2a83cd78ef5db4e546fb137b56b44617942cb1a58e017af6161f63d53cdf17fa4f9dcb830bfc0518e94b214837,US English,us,What does he look like?,WHAT DOES HE LOOK LIKE,ca2d1e0c0235d7724b5d017f1a9ee993cb82582a7db3396da4534de253852baf
data2vec_base,dsuta,7,stage5ext_00031,d477a12247cce9a9c0954e6ee3ae16aed2930112fa26700f19af15658b5c71e2dc818d72e0034c8181da642cabf8f6c15f4d900b88bcab83d583944934f4c237,US English,us,Albert's rule was characterised by dissent.,ALBERT' RULE WAS CHARACTERIZED BY DESCENT,ca2d1e0c0235d7724b5d017f1a9ee993cb82582a7db3396da4534de253852baf
data2vec_base,dsuta,7,stage5ext_00032,d477a12247cce9a9c0954e6ee3ae16aed2930112fa26700f19af15658b5c71e2dc818d72e0034c8181da642cabf8f6c15f4d900b88bcab83d583944934f4c237,US English,us,Because of Jesus' command to his disciples to Do this in remembrance of me.,BECAUSE OF JESUSS COMMAND TO HIS DISCIPLES TO DO THIS IN REMEMBRANCE OF ME,ca2d1e0c0235d7724b5d017f1a9ee993cb82582a7db3396da4534de253852baf
data2vec_base,dsuta,8,stage5ext_00033,d477a12247cce9a9c0954e6ee3ae16aed2930112fa26700f19af15658b5c71e2dc818d72e0034c8181da642cabf8f6c15f4d900b88bcab83d583944934f4c237,US English,us,"Adkins contributed to numerous other fan publications, including ""Amra"", ""Vega"" and ""Xero"".",ADKINS CONTRIBUTED TO NUMEROUS OTHER FAN PUBLICATIONS INCLUDING AMORA VEGA AND ZERO,381b06db451cfcf6aa818fe71e95cfe406e8503be241b30839d80767c6427362
data2vec_base,dsuta,8,stage5ext_00034,d477a12247cce9a9c0954e6ee3ae16aed2930112fa26700f19af15658b5c71e2dc818d72e0034c8181da642cabf8f6c15f4d900b88bcab83d583944934f4c237,US English,us,The film image at this section of the newsreel is that of Hitler.,THE FILM IMAGE AT THIS SECTION OF THE NEWSREL IS THAT OF HITLER,381b06db451cfcf6aa818fe71e95cfe406e8503be241b30839d80767c6427362
data2vec_base,dsuta,8,stage5ext_00035,d477a12247cce9a9c0954e6ee3ae16aed2930112fa26700f19af15658b5c71e2dc818d72e0034c8181da642cabf8f6c15f4d900b88bcab83d583944934f4c237,US English,us,One of the company's early cars was the Pittsburgher.,ONE OF THE COMPANY'S EARLY CARS WAS THE PITTSBURGER,381b06db451cfcf6aa818fe71e95cfe406e8503be241b30839d80767c6427362
data2vec_base,dsuta,8,stage5ext_00036,d477a12247cce9a9c0954e6ee3ae16aed2930112fa26700f19af15658b5c71e2dc818d72e0034c8181da642cabf8f6c15f4d900b88bcab83d583944934f4c237,US English,us,"Compare also Philo, Leg.",COMPARE ALSO PHILO LEG,381b06db451cfcf6aa818fe71e95cfe406e8503be241b30839d80767c6427362
data2vec_base,dsuta,9,stage5ext_00037,d477a12247cce9a9c0954e6ee3ae16aed2930112fa26700f19af15658b5c71e2dc818d72e0034c8181da642cabf8f6c15f4d900b88bcab83d583944934f4c237,US English,us,"Sir Charles Beaumont Phipps and his third, Edmund Phipps, a lawyer and author.",SIR CHARLES BEAUMONT PHIPPS AND HIS THIRD EDMUND PHIPPS A LAWYER AND AUTHOR,9929eae6c15ba737a85c0efecc1664d95989cc1bdd876e76db85a9d7bb6894a0
data2vec_base,dsuta,9,stage5ext_00038,d477a12247cce9a9c0954e6ee3ae16aed2930112fa26700f19af15658b5c71e2dc818d72e0034c8181da642cabf8f6c15f4d900b88bcab83d583944934f4c237,US English,us,Just behind the church is the old bridge.,JUST BEHIND THE CHURCH IS THE OLD BRIDGE,9929eae6c15ba737a85c0efecc1664d95989cc1bdd876e76db85a9d7bb6894a0
data2vec_base,dsuta,9,stage5ext_00039,d477a12247cce9a9c0954e6ee3ae16aed2930112fa26700f19af15658b5c71e2dc818d72e0034c8181da642cabf8f6c15f4d900b88bcab83d583944934f4c237,US English,us,This feature forces parasitologists to use advanced biostatistical methodologies.,THIS FEATURE FORCES PARASITEOLOGISTS TO USE ADVANCED BIOSTATISTICAL METHODOLOGIES,9929eae6c15ba737a85c0efecc1664d95989cc1bdd876e76db85a9d7bb6894a0
data2vec_base,dsuta,9,stage5ext_00040,d477a12247cce9a9c0954e6ee3ae16aed2930112fa26700f19af15658b5c71e2dc818d72e0034c8181da642cabf8f6c15f4d900b88bcab83d583944934f4c237,US English,us,Dairy farming is an important industry in the area.,DAIRY FARMING IS AN IMPORTANT INDUSTRY IN THE AREA,9929eae6c15ba737a85c0efecc1664d95989cc1bdd876e76db85a9d7bb6894a0
data2vec_base,dsuta,10,stage5ext_00041,d477a12247cce9a9c0954e6ee3ae16aed2930112fa26700f19af15658b5c71e2dc818d72e0034c8181da642cabf8f6c15f4d900b88bcab83d583944934f4c237,US English,us,Sagan's number is the number of stars in the observable universe.,SAGON'S NUMBER IS THE NUMBER OF STARS IN THE OBSERVABLE UNIVERSE,017a27750ed2ff26fd3927302ea757ef8f0b55768aae6b7726db449434259e4a
data2vec_base,dsuta,10,stage5ext_00042,d477a12247cce9a9c0954e6ee3ae16aed2930112fa26700f19af15658b5c71e2dc818d72e0034c8181da642cabf8f6c15f4d900b88bcab83d583944934f4c237,US English,us,He went to Providence Elementary and Webster County High School.,HE WENT TO PROVIDENCE ELEMENTARY AT WEBSTER COUNTY HIGH SCHOOL,017a27750ed2ff26fd3927302ea757ef8f0b55768aae6b7726db449434259e4a
data2vec_base,dsuta,10,stage5ext_00043,d477a12247cce9a9c0954e6ee3ae16aed2930112fa26700f19af15658b5c71e2dc818d72e0034c8181da642cabf8f6c15f4d900b88bcab83d583944934f4c237,US English,us,Doctor Rodd received her Ph.D. in Biology from York University in Toronto.,DOCTOR RODD RECEIVED HER P H D IN BIOLOGY FROM YORK UNIVERSITY IN TORONTO,017a27750ed2ff26fd3927302ea757ef8f0b55768aae6b7726db449434259e4a
data2vec_base,dsuta,10,stage5ext_00044,d477a12247cce9a9c0954e6ee3ae16aed2930112fa26700f19af15658b5c71e2dc818d72e0034c8181da642cabf8f6c15f4d900b88bcab83d583944934f4c237,US English,us,One of the largest was Starodubaka.,ONE OF THE LARGEST WAS STARO DUBACA,017a27750ed2ff26fd3927302ea757ef8f0b55768aae6b7726db449434259e4a
data2vec_base,dsuta,11,stage5ext_00045,d477a12247cce9a9c0954e6ee3ae16aed2930112fa26700f19af15658b5c71e2dc818d72e0034c8181da642cabf8f6c15f4d900b88bcab83d583944934f4c237,US English,us,It is based on the concept of 'equivalence'.,IT IS BASED ON THE CONCEPT OF EQUIVALENTS,bfb1ca29466cd156b4b34c3797e724bbdd42bc711f054c91e659b598fdab5bb5
data2vec_base,dsuta,11,stage5ext_00046,afd10118899991b7e4af3edddf0c749daf768b6669e68c04c2827d572d39771015c17ec7fd8143657ba077a731375c6fa34f2012588f8cb1b78d923a01178ac7,US English,us,"Excerpts were also printed in the ""Wall Street Journal"".",,bfb1ca29466cd156b4b34c3797e724bbdd42bc711f054c91e659b598fdab5bb5
data2vec_base,dsuta,11,stage5ext_00047,afd10118899991b7e4af3edddf0c749daf768b6669e68c04c2827d572d39771015c17ec7fd8143657ba077a731375c6fa34f2012588f8cb1b78d923a01178ac7,US English,us,She also sits on the Board of Directors for the Canada West Foundation.,,bfb1ca29466cd156b4b34c3797e724bbdd42bc711f054c91e659b598fdab5bb5
data2vec_base,dsuta,11,stage5ext_00048,afd10118899991b7e4af3edddf0c749daf768b6669e68c04c2827d572d39771015c17ec7fd8143657ba077a731375c6fa34f2012588f8cb1b78d923a01178ac7,US English,us,"Like other opioid drugs, pethidine has the potential to cause physical dependence or addiction.",E CARA OBITO AI A CATCA IOFI FETI,bfb1ca29466cd156b4b34c3797e724bbdd42bc711f054c91e659b598fdab5bb5
data2vec_base,dsuta,12,stage5ext_00049,afd10118899991b7e4af3edddf0c749daf768b6669e68c04c2827d572d39771015c17ec7fd8143657ba077a731375c6fa34f2012588f8cb1b78d923a01178ac7,US English,us,"He was interested in sciences, and had a sizable library.",EE INE WITHOT ERTIN,df2ce4bc908420eab68cd554ddff1abb571b51b68a3e0056b58b15d2ba36d9e4
data2vec_base,dsuta,12,stage5ext_00050,afd10118899991b7e4af3edddf0c749daf768b6669e68c04c2827d572d39771015c17ec7fd8143657ba077a731375c6fa34f2012588f8cb1b78d923a01178ac7,US English,us,The addition would become known on-air as Television Park.,THE ADDITION WOULD BECOME KNOWN ON AIR AS TELAVISION PARK,df2ce4bc908420eab68cd554ddff1abb571b51b68a3e0056b58b15d2ba36d9e4
data2vec_base,dsuta,12,stage5ext_00051,afd10118899991b7e4af3edddf0c749daf768b6669e68c04c2827d572d39771015c17ec7fd8143657ba077a731375c6fa34f2012588f8cb1b78d923a01178ac7,US English,us,"However, molecular studies separate ""Gromia"" from the others, which must therefore be renamed.",HOWEVER MOLECULA THAT SEPARATE ROMEA FROM THE OTHERS IT MUST THETHER BE ENAME,df2ce4bc908420eab68cd554ddff1abb571b51b68a3e0056b58b15d2ba36d9e4
data2vec_base,dsuta,12,stage5ext_00052,afd10118899991b7e4af3edddf0c749daf768b6669e68c04c2827d572d39771015c17ec7fd8143657ba077a731375c6fa34f2012588f8cb1b78d923a01178ac7,US English,us,It was named for the Dakota people.,IT WAS NAMED FOR THE DAKOTA PEOPLE,df2ce4bc908420eab68cd554ddff1abb571b51b68a3e0056b58b15d2ba36d9e4
data2vec_base,dsuta,13,stage5ext_00053,afd10118899991b7e4af3edddf0c749daf768b6669e68c04c2827d572d39771015c17ec7fd8143657ba077a731375c6fa34f2012588f8cb1b78d923a01178ac7,US English,us,"The song is featured on the live album ""Live Killers"".",THE SONG IS FEATURED ON THE LIVE ALBUM LIVE KILLERS,238daf7e08e01126be3cfc2f33ee7e519f940bbc7ed461284bb50f334e90c3e0
data2vec_base,dsuta,13,stage5ext_00054,afd10118899991b7e4af3edddf0c749daf768b6669e68c04c2827d572d39771015c17ec7fd8143657ba077a731375c6fa34f2012588f8cb1b78d923a01178ac7,US English,us,"On some folios, the differing colors of ink are arranged to form geometric patterns.",ON SOME FOLIOS THE DIFFERING COLORS OF INK ARE ARRANGED TO FORM GEOMETRIC PATTERNS,238daf7e08e01126be3cfc2f33ee7e519f940bbc7ed461284bb50f334e90c3e0
data2vec_base,dsuta,13,stage5ext_00055,afd10118899991b7e4af3edddf0c749daf768b6669e68c04c2827d572d39771015c17ec7fd8143657ba077a731375c6fa34f2012588f8cb1b78d923a01178ac7,US English,us,This handy percussion instrument is very similar to the pan-Indian damaru.,THIS HANDY PERCUSSION INSTRUMENT IS VERY SIMILAR TO THE PAN INDIAN DAMAROO,238daf7e08e01126be3cfc2f33ee7e519f940bbc7ed461284bb50f334e90c3e0
data2vec_base,dsuta,13,stage5ext_00056,afd10118899991b7e4af3edddf0c749daf768b6669e68c04c2827d572d39771015c17ec7fd8143657ba077a731375c6fa34f2012588f8cb1b78d923a01178ac7,US English,us,The Louisville Cardinal serves as an outlet and learning experience for aspiring journalists.,THE LEDO COTIN FEL INCOMLETIN MON THING AT FIR DONI,238daf7e08e01126be3cfc2f33ee7e519f940bbc7ed461284bb50f334e90c3e0
data2vec_base,dsuta,14,stage5ext_00057,afd10118899991b7e4af3edddf0c749daf768b6669e68c04c2827d572d39771015c17ec7fd8143657ba077a731375c6fa34f2012588f8cb1b78d923a01178ac7,US English,us,A distinctive feature of the system was support for Coaching.,IT IS I DIFEENT TO UNVERGIT THEM TEFORT TEAE,baf20a6328b5406f28802c2cfa5cdcc90c2e30a41002284ea23d8d13b70ae9d8
data2vec_base,dsuta,14,stage5ext_00058,afd10118899991b7e4af3edddf0c749daf768b6669e68c04c2827d572d39771015c17ec7fd8143657ba077a731375c6fa34f2012588f8cb1b78d923a01178ac7,US English,us,There was no heroism and no villainy.,THERE AS NO GOOTEN IN TE LIN,baf20a6328b5406f28802c2cfa5cdcc90c2e30a41002284ea23d8d13b70ae9d8
data2vec_base,dsuta,14,stage5ext_00059,afd10118899991b7e4af3edddf0c749daf768b6669e68c04c2827d572d39771015c17ec7fd8143657ba077a731375c6fa34f2012588f8cb1b78d923a01178ac7,US English,us,Ground was broken for Saint Ann's Church in New Galilee.,GROUND WAS BROKEN FOR SAINT ANN'S CHURCH IN NEW GALILEE,baf20a6328b5406f28802c2cfa5cdcc90c2e30a41002284ea23d8d13b70ae9d8
data2vec_base,dsuta,14,stage5ext_00060,afd10118899991b7e4af3edddf0c749daf768b6669e68c04c2827d572d39771015c17ec7fd8143657ba077a731375c6fa34f2012588f8cb1b78d923a01178ac7,US English,us,To the east is the statue of King Norodom sits on a white horse.,TO THE EAST IS THE STATUE OF KING NORIDAM SITS ON A WHITE HORSE,baf20a6328b5406f28802c2cfa5cdcc90c2e30a41002284ea23d8d13b70ae9d8
data2vec_base,dsuta,15,stage5ext_00061,264ab06df2796194c32a09afcb46bc2cbad9165d564f7d08af3b830436d4b292cec680793da0f1fea42128c902e8f92ba59717fcaa074c604a2bae440800743b,US English,us,There can also be underlying medical reasons for urinary incontinence which are often treatable.,THERE CAN ALSO BE UNDERLYING MEDICAL REASONS FOR ERNARY AND CONTINENCE WHICH ARE OFTEN TREATABLE,4950455e07a021f36a17edb8729516954cec688a0a40578a6dbcf39c1ebb809c
data2vec_base,dsuta,15,stage5ext_00062,264ab06df2796194c32a09afcb46bc2cbad9165d564f7d08af3b830436d4b292cec680793da0f1fea42128c902e8f92ba59717fcaa074c604a2bae440800743b,US English,us,PubChem consists of three dynamically growing primary databases.,PUBKEM CONSISTS OF THREE DYNAMICALLY GROWING PRIMARY DATA BASES,4950455e07a021f36a17edb8729516954cec688a0a40578a6dbcf39c1ebb809c
data2vec_base,dsuta,15,stage5ext_00063,264ab06df2796194c32a09afcb46bc2cbad9165d564f7d08af3b830436d4b292cec680793da0f1fea42128c902e8f92ba59717fcaa074c604a2bae440800743b,US English,us,"Europe, in particular ancient Greece, was the birthplace of Western civilization.",EUROPE IN PARTICULAR ANCIENT GREECE WAS THE BIRTHPLACE OF WESTERN CIVILIZATION,4950455e07a021f36a17edb8729516954cec688a0a40578a6dbcf39c1ebb809c
data2vec_base,dsuta,15,stage5ext_00064,264ab06df2796194c32a09afcb46bc2cbad9165d564f7d08af3b830436d4b292cec680793da0f1fea42128c902e8f92ba59717fcaa074c604a2bae440800743b,US English,us,It originally went through unincorporated small comminities such as Leslie and Arat.,IT ORIGINALLY WENT THROUGH UNINCORPORATED SMALL COMMUNITIES SUCH AS LEDLEY AND ARRAT,4950455e07a021f36a17edb8729516954cec688a0a40578a6dbcf39c1ebb809c
data2vec_base,dsuta,16,stage5ext_00065,264ab06df2796194c32a09afcb46bc2cbad9165d564f7d08af3b830436d4b292cec680793da0f1fea42128c902e8f92ba59717fcaa074c604a2bae440800743b,US English,us,A self-homeomorphism is a homeomorphism of a topological space and itself.,A SELF HOMEAMORPHISM IS A HOMEOMORPHISM OF A TOPOLOGICAL SPACE AND ITSELF,27c6b77b2d5e7eeea27abf0cce271068ba2b7a4d996b43ac493bf338c1e3090d
data2vec_base,dsuta,16,stage5ext_00066,264ab06df2796194c32a09afcb46bc2cbad9165d564f7d08af3b830436d4b292cec680793da0f1fea42128c902e8f92ba59717fcaa074c604a2bae440800743b,US English,us,"Since that time, additional relationships have formed under the auspices of the town connection.",SINCE THAT TIME ADDITIONAL RELATIONSHIPS HAVE FORMED UNDER THE AUSPICES OF THE TOWN CONNECTION,27c6b77b2d5e7eeea27abf0cce271068ba2b7a4d996b43ac493bf338c1e3090d
data2vec_base,dsuta,16,stage5ext_00067,264ab06df2796194c32a09afcb46bc2cbad9165d564f7d08af3b830436d4b292cec680793da0f1fea42128c902e8f92ba59717fcaa074c604a2bae440800743b,US English,us,Local humane societies across the nation resisted.,LOCAL HUMANE SOCIETIES ACROSS THE NATION RESISTED,27c6b77b2d5e7eeea27abf0cce271068ba2b7a4d996b43ac493bf338c1e3090d
data2vec_base,dsuta,16,stage5ext_00068,264ab06df2796194c32a09afcb46bc2cbad9165d564f7d08af3b830436d4b292cec680793da0f1fea42128c902e8f92ba59717fcaa074c604a2bae440800743b,US English,us,"It specializes in care for stroke, cardiac and amputees patients needing rehabilitation needs.",IT SPECIALIZES IN CARE FOR STROKE CARDIAC AND AMBUTEES PATIENTS NEEDING REHABILITATION NEEDS,27c6b77b2d5e7eeea27abf0cce271068ba2b7a4d996b43ac493bf338c1e3090d
data2vec_base,dsuta,17,stage5ext_00069,264ab06df2796194c32a09afcb46bc2cbad9165d564f7d08af3b830436d4b292cec680793da0f1fea42128c902e8f92ba59717fcaa074c604a2bae440800743b,US English,us,"“It’s extremely interesting,” Anne told Deborah.",IT'S EXTREMELY INTERESTING ANNE TOLD DEBORAH,f528ac8a8c9adf8ba45d631441752914e70dee5b1cb0db9d4a48253848216f10
data2vec_base,dsuta,17,stage5ext_00070,264ab06df2796194c32a09afcb46bc2cbad9165d564f7d08af3b830436d4b292cec680793da0f1fea42128c902e8f92ba59717fcaa074c604a2bae440800743b,US English,us,Grangeville enjoys close access to scenic and wildlife areas.,GRANGEVILLE ENJOYS CLOSE ACCESS TO CENIC AND WILD LIFE AREAS,f528ac8a8c9adf8ba45d631441752914e70dee5b1cb0db9d4a48253848216f10
data2vec_base,dsuta,17,stage5ext_00071,264ab06df2796194c32a09afcb46bc2cbad9165d564f7d08af3b830436d4b292cec680793da0f1fea42128c902e8f92ba59717fcaa074c604a2bae440800743b,US English,us,He discovered that this was not the case.,HE DISCOVERED THAT THIS WAS NOT THE CASE,f528ac8a8c9adf8ba45d631441752914e70dee5b1cb0db9d4a48253848216f10
data2vec_base,dsuta,17,stage5ext_00072,264ab06df2796194c32a09afcb46bc2cbad9165d564f7d08af3b830436d4b292cec680793da0f1fea42128c902e8f92ba59717fcaa074c604a2bae440800743b,US English,us,There are four communities in Denmark with the same name.,THERE ARE FOUR COMMUNITIES IN DENMARK WITH THE SAME NAME,f528ac8a8c9adf8ba45d631441752914e70dee5b1cb0db9d4a48253848216f10
data2vec_base,dsuta,18,stage5ext_00073,264ab06df2796194c32a09afcb46bc2cbad9165d564f7d08af3b830436d4b292cec680793da0f1fea42128c902e8f92ba59717fcaa074c604a2bae440800743b,US English,us,He plays all three outfield positions.,HE PLAYS ALL THREE OUTFIELD POSITIONS,0db11998304f36fc79880ee4f281b9371af1eac40c2de5e0a798383cecdd3c80
data2vec_base,dsuta,18,stage5ext_00074,264ab06df2796194c32a09afcb46bc2cbad9165d564f7d08af3b830436d4b292cec680793da0f1fea42128c902e8f92ba59717fcaa074c604a2bae440800743b,US English,us,But supplies are almost nonexistent at the Checkmate base.,BUT SUPPLIES ARE ALMOST NON EXISTENT AT THE CHECKMATE BASE,0db11998304f36fc79880ee4f281b9371af1eac40c2de5e0a798383cecdd3c80
data2vec_base,dsuta,18,stage5ext_00075,264ab06df2796194c32a09afcb46bc2cbad9165d564f7d08af3b830436d4b292cec680793da0f1fea42128c902e8f92ba59717fcaa074c604a2bae440800743b,US English,us,"The section ""Of the Executive Power"" declared the powers of the executive power.",THE SECTION OF THE EXECUTIVE POWER DECLARED THE POWERS OF THE EXECUTIVE POWER,0db11998304f36fc79880ee4f281b9371af1eac40c2de5e0a798383cecdd3c80
data2vec_base,dsuta,18,stage5ext_00076,77600d1ea840721bc62cd5a1444822538c380c4255c3bb966d35e4c71344e0691303c4add4223e9fe842b24d65e08ae2e99c956f4acb898bff34adad75171112,US English,us,It is exacerbating inequalities.,IT IS EXACERATING INEQUALITIES,0db11998304f36fc79880ee4f281b9371af1eac40c2de5e0a798383cecdd3c80
data2vec_base,dsuta,19,stage5ext_00077,77600d1ea840721bc62cd5a1444822538c380c4255c3bb966d35e4c71344e0691303c4add4223e9fe842b24d65e08ae2e99c956f4acb898bff34adad75171112,US English,us,"Large numbers came from other countries of Latin America from Mexico to Uruguay, esp.",LARGE NUMBERS CAME FROM OTHER COUNTRIES OF LATIN AMERICA FROM MEXICO TO AREGUAY ESPET,b5bd002b4f21968cff1abb6a57b51d8d8e03e84ee5eef20aaa807fc4c1e14ecc
data2vec_base,dsuta,19,stage5ext_00078,77600d1ea840721bc62cd5a1444822538c380c4255c3bb966d35e4c71344e0691303c4add4223e9fe842b24d65e08ae2e99c956f4acb898bff34adad75171112,US English,us,A pond's condition deteriorates when the bottom environment cannot support animal life.,A PON'S CONDITION DETERIORATES WHEN THE BOTTOM ENVIRONMENT CANNOT SUPPORT ANIMAL LIFE,b5bd002b4f21968cff1abb6a57b51d8d8e03e84ee5eef20aaa807fc4c1e14ecc
data2vec_base,dsuta,19,stage5ext_00079,77600d1ea840721bc62cd5a1444822538c380c4255c3bb966d35e4c71344e0691303c4add4223e9fe842b24d65e08ae2e99c956f4acb898bff34adad75171112,US English,us,The Chiemsee is located in the west of the district.,THE CHIUM SEA IS LOCATED IN THE WEST OF THE DISTRICT,b5bd002b4f21968cff1abb6a57b51d8d8e03e84ee5eef20aaa807fc4c1e14ecc
data2vec_base,dsuta,19,stage5ext_00080,77600d1ea840721bc62cd5a1444822538c380c4255c3bb966d35e4c71344e0691303c4add4223e9fe842b24d65e08ae2e99c956f4acb898bff34adad75171112,US English,us,She was the daughter of Timothy and Ellen Noonan.,SHE WAS THE DAUGHTER OF TIMOTHY AND ELLEN NUNAN,b5bd002b4f21968cff1abb6a57b51d8d8e03e84ee5eef20aaa807fc4c1e14ecc
data2vec_base,dsuta,20,stage5ext_00081,77600d1ea840721bc62cd5a1444822538c380c4255c3bb966d35e4c71344e0691303c4add4223e9fe842b24d65e08ae2e99c956f4acb898bff34adad75171112,US English,us,"Collingwood was born in Britain but grew up in Sellersville, Pennsylvania.",COLLINGWOOD WAS BORN IN BRITAIN WITH GREW UP IN CELLERSVILLE PENNSYLVANIA,f5a8b76c3fb9a10e19c9f28bcc03c72ff1fed9b3b8445d19b481c5bc6f6676f9
data2vec_base,dsuta,20,stage5ext_00082,77600d1ea840721bc62cd5a1444822538c380c4255c3bb966d35e4c71344e0691303c4add4223e9fe842b24d65e08ae2e99c956f4acb898bff34adad75171112,US English,us,It is also the language of most of the manuscripts of Welsh law.,IT IS ALSO THE LANGUAGE OF MOST OF THE MANUSCRIPTS OF WELSHLOH,f5a8b76c3fb9a10e19c9f28bcc03c72ff1fed9b3b8445d19b481c5bc6f6676f9
data2vec_base,dsuta,20,stage5ext_00083,77600d1ea840721bc62cd5a1444822538c380c4255c3bb966d35e4c71344e0691303c4add4223e9fe842b24d65e08ae2e99c956f4acb898bff34adad75171112,US English,us,"He was educated at Emanuel School, the University of Southampton and University of Warwick.",HE WAS EDUCATED AT THE MANUAL SCHOOL THE UNIVERSITY OF SOUTHAMPTON AND UNIVERSITY OF WARWICK,f5a8b76c3fb9a10e19c9f28bcc03c72ff1fed9b3b8445d19b481c5bc6f6676f9
data2vec_base,dsuta,20,stage5ext_00084,77600d1ea840721bc62cd5a1444822538c380c4255c3bb966d35e4c71344e0691303c4add4223e9fe842b24d65e08ae2e99c956f4acb898bff34adad75171112,US English,us,He introduced cushion seats in all unreserved compartments.,HE INTRODUCED CUSHIONED SEATS IN ALL UNRESERVED COMPARTMENTS,f5a8b76c3fb9a10e19c9f28bcc03c72ff1fed9b3b8445d19b481c5bc6f6676f9
data2vec_base,dsuta,21,stage5ext_00085,77600d1ea840721bc62cd5a1444822538c380c4255c3bb966d35e4c71344e0691303c4add4223e9fe842b24d65e08ae2e99c956f4acb898bff34adad75171112,US English,us,It developed from the Pugwash Conferences on Science and World Affairs.,IT DEVELOPED FROM THE PUGWASH CONFERENCES ON SCIENCE AND WORLD AFFAIRS,6c77c11d7ec6e38419eb2e75fb7ce1f7d389bd0cb97815bb63516df545d2d8fa
data2vec_base,dsuta,21,stage5ext_00086,77600d1ea840721bc62cd5a1444822538c380c4255c3bb966d35e4c71344e0691303c4add4223e9fe842b24d65e08ae2e99c956f4acb898bff34adad75171112,US English,us,"He has written seven Phillip Mercer books in the series, beginning with ""Vulcan's Forge"".",HE HAS WRITTEN SEVEN PHILIP MERCER BOOKS IN THE SERIES BEGINNING WITH VULCAN'S FORGE,6c77c11d7ec6e38419eb2e75fb7ce1f7d389bd0cb97815bb63516df545d2d8fa
data2vec_base,dsuta,21,stage5ext_00087,77600d1ea840721bc62cd5a1444822538c380c4255c3bb966d35e4c71344e0691303c4add4223e9fe842b24d65e08ae2e99c956f4acb898bff34adad75171112,US English,us,"Like most other light jets, the Mustang is approved for single-pilot operation.",LIKE MOST OTHER LIGHT JETS THE MUSTANG IS APPROVED FOR SINGLE PILOT OPERATION,6c77c11d7ec6e38419eb2e75fb7ce1f7d389bd0cb97815bb63516df545d2d8fa
data2vec_base,dsuta,21,stage5ext_00088,77600d1ea840721bc62cd5a1444822538c380c4255c3bb966d35e4c71344e0691303c4add4223e9fe842b24d65e08ae2e99c956f4acb898bff34adad75171112,US English,us,This is true for moduli of curves.,THIS IS TRUE FOR MODELLI OF CURVES,6c77c11d7ec6e38419eb2e75fb7ce1f7d389bd0cb97815bb63516df545d2d8fa
data2vec_base,dsuta,22,stage5ext_00089,77600d1ea840721bc62cd5a1444822538c380c4255c3bb966d35e4c71344e0691303c4add4223e9fe842b24d65e08ae2e99c956f4acb898bff34adad75171112,US English,us,"They were the sons of Frederick Law Olmsted, renowned architect of Central Park.",THEY WERE THE SONS OF FREDERICK LAW ALMSTEAD RENOWNED ARCHITECT OF CENTRAL PARK,74f537c079f26a853698b00fc4651cda49227563bfadb209ce33127a9237922a
data2vec_base,dsuta,22,stage5ext_00090,77600d1ea840721bc62cd5a1444822538c380c4255c3bb966d35e4c71344e0691303c4add4223e9fe842b24d65e08ae2e99c956f4acb898bff34adad75171112,US English,us,The voltage stability depends on the gas pressure.,THE VOLTAGE STABILITY DEPENDS ON THE GAS PRESSURE,74f537c079f26a853698b00fc4651cda49227563bfadb209ce33127a9237922a
data2vec_base,dsuta,22,stage5ext_00091,9f2c0b36708a80b9aba1604061b45c02ab3d559f33122d380b4f16df7ee264228b8ed084cc75539159c501c042dcd878c793f3c16eaf1b5d9a110cad98fa0a9e,US English,us,Empress Elizabeth sent him to Kiev to realize Rastrelli's design of Saint Andrew Church.,EMPRESS IT WAS ABIT EN HIM TO KEEVE TO REALIZE REST PRELLES DESIGN OF SAINT ANDREW CHURCH,74f537c079f26a853698b00fc4651cda49227563bfadb209ce33127a9237922a
data2vec_base,dsuta,22,stage5ext_00092,9f2c0b36708a80b9aba1604061b45c02ab3d559f33122d380b4f16df7ee264228b8ed084cc75539159c501c042dcd878c793f3c16eaf1b5d9a110cad98fa0a9e,US English,us,Caulfield offers students a wide range of subjects in its academic curriculum.,COLFIELD OFFERS STUDENTS A WIDE RANGE OF SUBJECTS IN ITS ACADEMIC CURRICULE,74f537c079f26a853698b00fc4651cda49227563bfadb209ce33127a9237922a
data2vec_base,dsuta,23,stage5ext_00093,9f2c0b36708a80b9aba1604061b45c02ab3d559f33122d380b4f16df7ee264228b8ed084cc75539159c501c042dcd878c793f3c16eaf1b5d9a110cad98fa0a9e,US English,us,It is often used at the end of clauses or verses.,IT IS OFTEN USED AT THE ND OF QUAUDRILS ORVERSES,49cc135200e1ec5fcffb4695172664086ebe51843dae413220a9518e143ea093
data2vec_base,dsuta,23,stage5ext_00094,9f2c0b36708a80b9aba1604061b45c02ab3d559f33122d380b4f16df7ee264228b8ed084cc75539159c501c042dcd878c793f3c16eaf1b5d9a110cad98fa0a9e,US English,us,"Gardner was born in Batavia, New York.",GARDENER WAS MORE TAN TETABIA NEW YORK,49cc135200e1ec5fcffb4695172664086ebe51843dae413220a9518e143ea093
data2vec_base,dsuta,23,stage5ext_00095,9f2c0b36708a80b9aba1604061b45c02ab3d559f33122d380b4f16df7ee264228b8ed084cc75539159c501c042dcd878c793f3c16eaf1b5d9a110cad98fa0a9e,US English,us,It is located where the Piankatank River feeds into the Chesapeake Bay.,IT IS LOCATED WHERE THE PEAN CATANK RIVER FEEDS THE CHESA BEAK BAY,49cc135200e1ec5fcffb4695172664086ebe51843dae413220a9518e143ea093
data2vec_base,dsuta,23,stage5ext_00096,9f2c0b36708a80b9aba1604061b45c02ab3d559f33122d380b4f16df7ee264228b8ed084cc75539159c501c042dcd878c793f3c16eaf1b5d9a110cad98fa0a9e,US English,us,A classic example of a one-way function is multiplication of very large prime numbers.,A CLASSIC EXAMPLE OFA ONE WAY OF FUNCTION IN A MULTIPLICATION OF VERY LARGE TIME NUMBERS,49cc135200e1ec5fcffb4695172664086ebe51843dae413220a9518e143ea093
data2vec_base,dsuta,24,stage5ext_00097,9f2c0b36708a80b9aba1604061b45c02ab3d559f33122d380b4f16df7ee264228b8ed084cc75539159c501c042dcd878c793f3c16eaf1b5d9a110cad98fa0a9e,US English,us,Nuclear warheads are produced and stored on the premises.,NEWLEAR WAR HEADS ARE PRODUCED AND STORED ON THE PREMISES,70b0f848562678d4b102589c19414f8e0d7865c3f5d1a6c00b4c8391970843af
data2vec_base,dsuta,24,stage5ext_00098,9f2c0b36708a80b9aba1604061b45c02ab3d559f33122d380b4f16df7ee264228b8ed084cc75539159c501c042dcd878c793f3c16eaf1b5d9a110cad98fa0a9e,US English,us,"The Center awards a ""Distinguished Christian Statesman Award"" annually to high-profile Christian political leaders.",THE CENTRE AWARDS A DISTINGUISHED CHRISTIAN SKATE EMAN OWARD ANNUALLY HIGH PROFILE CHRISTIAN POLITICAL LEADERS,70b0f848562678d4b102589c19414f8e0d7865c3f5d1a6c00b4c8391970843af
data2vec_base,dsuta,24,stage5ext_00099,9f2c0b36708a80b9aba1604061b45c02ab3d559f33122d380b4f16df7ee264228b8ed084cc75539159c501c042dcd878c793f3c16eaf1b5d9a110cad98fa0a9e,US English,us,Flavors available in Germany included cherry and cola.,LABORS AVAILABLE IN GERMANY AN WOOD CHERRY AND COLA,70b0f848562678d4b102589c19414f8e0d7865c3f5d1a6c00b4c8391970843af
data2vec_base,dsuta,24,stage5ext_00100,9f2c0b36708a80b9aba1604061b45c02ab3d559f33122d380b4f16df7ee264228b8ed084cc75539159c501c042dcd878c793f3c16eaf1b5d9a110cad98fa0a9e,US English,us,The present chairman is Bumairam Mamaseitova.,THE PRESIDENT CHAIR MAN IS BA MAYRAN  MAMA SA TRUVA,70b0f848562678d4b102589c19414f8e0d7865c3f5d1a6c00b4c8391970843af
data2vec_base,dsuta,25,stage5ext_00101,9f2c0b36708a80b9aba1604061b45c02ab3d559f33122d380b4f16df7ee264228b8ed084cc75539159c501c042dcd878c793f3c16eaf1b5d9a110cad98fa0a9e,US English,us,On the seventh day they depart.,ON THE SEVENTH DAY LADE HEARTHIP,8ca5ea8db4244a4fecd80f6bbcc36ab1b32cf883335f5205dd52c57be6d656c7
data2vec_base,dsuta,25,stage5ext_00102,9f2c0b36708a80b9aba1604061b45c02ab3d559f33122d380b4f16df7ee264228b8ed084cc75539159c501c042dcd878c793f3c16eaf1b5d9a110cad98fa0a9e,US English,us,Many notable Caliphs have had their share of ruling over the Kiswah.,MANY NOTABLE COWS HAVE HAD THEIR SHARE RULING OVER THE KEISWAFF,8ca5ea8db4244a4fecd80f6bbcc36ab1b32cf883335f5205dd52c57be6d656c7
data2vec_base,dsuta,25,stage5ext_00103,9f2c0b36708a80b9aba1604061b45c02ab3d559f33122d380b4f16df7ee264228b8ed084cc75539159c501c042dcd878c793f3c16eaf1b5d9a110cad98fa0a9e,US English,us,The river Maros formed its southern border.,THE RIVER MARELS FORMED ITS SOUTHERN BORDER,8ca5ea8db4244a4fecd80f6bbcc36ab1b32cf883335f5205dd52c57be6d656c7
data2vec_base,dsuta,25,stage5ext_00104,9f2c0b36708a80b9aba1604061b45c02ab3d559f33122d380b4f16df7ee264228b8ed084cc75539159c501c042dcd878c793f3c16eaf1b5d9a110cad98fa0a9e,US English,us,And that meant our fat electric album would have two songs on a side.,MAPMEN ARE FAT ELECTRIC ALVAM WOULD HAVE TWO SOLEMS ON ASIDE,8ca5ea8db4244a4fecd80f6bbcc36ab1b32cf883335f5205dd52c57be6d656c7
data2vec_base,dsuta,26,stage5ext_00105,9f2c0b36708a80b9aba1604061b45c02ab3d559f33122d380b4f16df7ee264228b8ed084cc75539159c501c042dcd878c793f3c16eaf1b5d9a110cad98fa0a9e,US English,us,A committee was organised and the Smithsonian Institution was founded.,A COMMITTEE WAS ORGANIZED AND THE MESONIAN INSTITUTION WAS FOUNDED,10e7625428b368e5f86c02939f70f8f36d9fe6540d080be22202f6edd037b3e4
data2vec_base,dsuta,26,stage5ext_00106,2ce9c40fcb6948ed0bced3197b5aefb5f8585c4b80c5f627af7a750cfb445b61c96532c68b893e6c1f4cb299407c58f1504db283d1f7eca7585dfc2f88a968d4,US English,us,"You're not psychotic, you just wish you were?",YOU 'RE NOT PSYCHOTIC YOU JUST WISH YOU WERE,10e7625428b368e5f86c02939f70f8f36d9fe6540d080be22202f6edd037b3e4
data2vec_base,dsuta,26,stage5ext_00107,2ce9c40fcb6948ed0bced3197b5aefb5f8585c4b80c5f627af7a750cfb445b61c96532c68b893e6c1f4cb299407c58f1504db283d1f7eca7585dfc2f88a968d4,US English,us,Good evening.,GOOD EVENING,10e7625428b368e5f86c02939f70f8f36d9fe6540d080be22202f6edd037b3e4
data2vec_base,dsuta,26,stage5ext_00108,2ce9c40fcb6948ed0bced3197b5aefb5f8585c4b80c5f627af7a750cfb445b61c96532c68b893e6c1f4cb299407c58f1504db283d1f7eca7585dfc2f88a968d4,US English,us,The dead have no friends.,THE DEAD HAVE NO FRIENDS,10e7625428b368e5f86c02939f70f8f36d9fe6540d080be22202f6edd037b3e4
data2vec_base,dsuta,27,stage5ext_00109,2ce9c40fcb6948ed0bced3197b5aefb5f8585c4b80c5f627af7a750cfb445b61c96532c68b893e6c1f4cb299407c58f1504db283d1f7eca7585dfc2f88a968d4,US English,us,Ship technology has improved.,SHIP TECHNOLOGY HAS IMPROVED,5489fd2b86ea5dd85d24531cfb56093f52bcc077b41684250195f83cf2e78a2f
data2vec_base,dsuta,27,stage5ext_00110,2ce9c40fcb6948ed0bced3197b5aefb5f8585c4b80c5f627af7a750cfb445b61c96532c68b893e6c1f4cb299407c58f1504db283d1f7eca7585dfc2f88a968d4,US English,us,The shop is closed on Mondays.,THE SHOP IS CLOSED ON MONDAYS,5489fd2b86ea5dd85d24531cfb56093f52bcc077b41684250195f83cf2e78a2f
data2vec_base,dsuta,27,stage5ext_00111,2ce9c40fcb6948ed0bced3197b5aefb5f8585c4b80c5f627af7a750cfb445b61c96532c68b893e6c1f4cb299407c58f1504db283d1f7eca7585dfc2f88a968d4,US English,us,"Waste not, want not.",WASTE NOT WHAT NOT,5489fd2b86ea5dd85d24531cfb56093f52bcc077b41684250195f83cf2e78a2f
data2vec_base,dsuta,27,stage5ext_00112,2ce9c40fcb6948ed0bced3197b5aefb5f8585c4b80c5f627af7a750cfb445b61c96532c68b893e6c1f4cb299407c58f1504db283d1f7eca7585dfc2f88a968d4,US English,us,"The salesman was like the rest of them, untrustworthy.",THE SALESMAN WAS LIKE THE REST OF THEM UNTRUSTWORTHY,5489fd2b86ea5dd85d24531cfb56093f52bcc077b41684250195f83cf2e78a2f
data2vec_base,dsuta,28,stage5ext_00113,2ce9c40fcb6948ed0bced3197b5aefb5f8585c4b80c5f627af7a750cfb445b61c96532c68b893e6c1f4cb299407c58f1504db283d1f7eca7585dfc2f88a968d4,US English,us,"Did you know that the word ""commercial"" could mean the same as ""advertisement""?",DID YOU KNOW THAT THE WORD COMMERCIAL COULD MEAN THE SAME AS ADVERTISEMENT,bbdf8fc62b0606aecfba90cc5331ebfcf9975f7fd46fa8870acf9d89db30eca3
data2vec_base,dsuta,28,stage5ext_00114,2ce9c40fcb6948ed0bced3197b5aefb5f8585c4b80c5f627af7a750cfb445b61c96532c68b893e6c1f4cb299407c58f1504db283d1f7eca7585dfc2f88a968d4,US English,us,Topsy-turvy Steamboat.,TAPSY TURVY STEAMBOAT,bbdf8fc62b0606aecfba90cc5331ebfcf9975f7fd46fa8870acf9d89db30eca3
data2vec_base,dsuta,28,stage5ext_00115,2ce9c40fcb6948ed0bced3197b5aefb5f8585c4b80c5f627af7a750cfb445b61c96532c68b893e6c1f4cb299407c58f1504db283d1f7eca7585dfc2f88a968d4,US English,us,Save a thief from the gallows and he will cut your throat,SAVE A THIEF FROM THE GALLOWS AND HE WILL CUT YOUR THROAT,bbdf8fc62b0606aecfba90cc5331ebfcf9975f7fd46fa8870acf9d89db30eca3
data2vec_base,dsuta,28,stage5ext_00116,2ce9c40fcb6948ed0bced3197b5aefb5f8585c4b80c5f627af7a750cfb445b61c96532c68b893e6c1f4cb299407c58f1504db283d1f7eca7585dfc2f88a968d4,US English,us,A chip of the old block.,A CHIP OF THE OLD BLACK,bbdf8fc62b0606aecfba90cc5331ebfcf9975f7fd46fa8870acf9d89db30eca3
data2vec_base,dsuta,29,stage5ext_00117,2ce9c40fcb6948ed0bced3197b5aefb5f8585c4b80c5f627af7a750cfb445b61c96532c68b893e6c1f4cb299407c58f1504db283d1f7eca7585dfc2f88a968d4,US English,us,What about from an unsafe distance?,WHAT ABOUT FROM AN UNSAFE DISTANCE,7f772e92dd1a22a6e0bd232f4ff1d39cf492d87b7d5e22e2f8d27d4ed1cb1cc9
data2vec_base,dsuta,29,stage5ext_00118,2ce9c40fcb6948ed0bced3197b5aefb5f8585c4b80c5f627af7a750cfb445b61c96532c68b893e6c1f4cb299407c58f1504db283d1f7eca7585dfc2f88a968d4,US English,us,New pants lack cuffs and pockets.,NEW PANTS LACK CUFFS AND PUCKETS,7f772e92dd1a22a6e0bd232f4ff1d39cf492d87b7d5e22e2f8d27d4ed1cb1cc9
data2vec_base,dsuta,29,stage5ext_00119,2ce9c40fcb6948ed0bced3197b5aefb5f8585c4b80c5f627af7a750cfb445b61c96532c68b893e6c1f4cb299407c58f1504db283d1f7eca7585dfc2f88a968d4,US English,us,Is that how your niece began?,IS THAT HOW YOUR NIECE BEGAN,7f772e92dd1a22a6e0bd232f4ff1d39cf492d87b7d5e22e2f8d27d4ed1cb1cc9
data2vec_base,dsuta,29,stage5ext_00120,2ce9c40fcb6948ed0bced3197b5aefb5f8585c4b80c5f627af7a750cfb445b61c96532c68b893e6c1f4cb299407c58f1504db283d1f7eca7585dfc2f88a968d4,US English,us,That is the weirdest dress I have found in this store.,THAT IS THE WEIRDEST DRESS I HAVE FOUND IN THE STORE,7f772e92dd1a22a6e0bd232f4ff1d39cf492d87b7d5e22e2f8d27d4ed1cb1cc9
data2vec_base,dsuta,30,stage5ext_00121,228508a13bdcb59b6e981ab369677a052cfa1d9208ac95a44f5a910b5fb16d76e49d318b1a128dd5144453cc80734637f59383b09379191621b865980d923440,US English,us,The reasons are more political.,THE REASONS ARE MORE POLITICAL,4fff1d651b9733da6d62e5037c37c8be26d7f47d7c138ac264dab1c70564648f
data2vec_base,dsuta,30,stage5ext_00122,228508a13bdcb59b6e981ab369677a052cfa1d9208ac95a44f5a910b5fb16d76e49d318b1a128dd5144453cc80734637f59383b09379191621b865980d923440,US English,us,When he became a foreman he expected more output from the workmen.,THEN HE BECAME A FOREMAN HE EXPECTED MORE OUTPUTH FROM THE VERMONT,4fff1d651b9733da6d62e5037c37c8be26d7f47d7c138ac264dab1c70564648f
data2vec_base,dsuta,30,stage5ext_00123,228508a13bdcb59b6e981ab369677a052cfa1d9208ac95a44f5a910b5fb16d76e49d318b1a128dd5144453cc80734637f59383b09379191621b865980d923440,US English,us,"The timber was exported to Egypt, where it was in great demand.",THE TIMER WAS EXPORTED TO EGYPT FOR IT WAS IN GREAT DEMAND,4fff1d651b9733da6d62e5037c37c8be26d7f47d7c138ac264dab1c70564648f
data2vec_base,dsuta,30,stage5ext_00124,228508a13bdcb59b6e981ab369677a052cfa1d9208ac95a44f5a910b5fb16d76e49d318b1a128dd5144453cc80734637f59383b09379191621b865980d923440,US English,us,"On farm visits, touching or feeding pigs should be prohibited.",ON FARM VISIT TOUCHING OR FILLING MIKS SHOULD BE PROHIBITED,4fff1d651b9733da6d62e5037c37c8be26d7f47d7c138ac264dab1c70564648f
data2vec_base,dsuta,31,stage5ext_00125,228508a13bdcb59b6e981ab369677a052cfa1d9208ac95a44f5a910b5fb16d76e49d318b1a128dd5144453cc80734637f59383b09379191621b865980d923440,US English,us,Noah worked on the album for two years.,NO HAVE WORKED ON THE ALBUM FORTU YEARS,c22b929812c2792001cf1e917f75168a12d33ef308f0f205fa9d96a68cc17d49
data2vec_base,dsuta,31,stage5ext_00126,228508a13bdcb59b6e981ab369677a052cfa1d9208ac95a44f5a910b5fb16d76e49d318b1a128dd5144453cc80734637f59383b09379191621b865980d923440,US English,us,"The family seat is Terling Place, near Terling, Essex.",THE FAMILIAR CYTIS TERING GLACE NER TERLING ESSECS,c22b929812c2792001cf1e917f75168a12d33ef308f0f205fa9d96a68cc17d49
data2vec_base,dsuta,31,stage5ext_00127,228508a13bdcb59b6e981ab369677a052cfa1d9208ac95a44f5a910b5fb16d76e49d318b1a128dd5144453cc80734637f59383b09379191621b865980d923440,US English,us,She then got underway for Leyte.,SHE THEN GOT ON AWAY FOR LATE,c22b929812c2792001cf1e917f75168a12d33ef308f0f205fa9d96a68cc17d49
data2vec_base,dsuta,31,stage5ext_00128,228508a13bdcb59b6e981ab369677a052cfa1d9208ac95a44f5a910b5fb16d76e49d318b1a128dd5144453cc80734637f59383b09379191621b865980d923440,US English,us,His early work was on optical information processing.,HIS AIRTILORK WAS AN OPTICLE INFORMATION FOR SUCH THING,c22b929812c2792001cf1e917f75168a12d33ef308f0f205fa9d96a68cc17d49
data2vec_base,dsuta,32,stage5ext_00129,228508a13bdcb59b6e981ab369677a052cfa1d9208ac95a44f5a910b5fb16d76e49d318b1a128dd5144453cc80734637f59383b09379191621b865980d923440,US English,us,There is much shouting and gesticulation on the appearance of a new moon.,THERE IS MUCH SHOUTING AND GESTICULATION ON THE APPEARANCE OF A NEM,fa84f7283c5945ea73a83b99e68af4306dd650092fc068eb440eedd85d11e9a8
data2vec_base,dsuta,32,stage5ext_00130,228508a13bdcb59b6e981ab369677a052cfa1d9208ac95a44f5a910b5fb16d76e49d318b1a128dd5144453cc80734637f59383b09379191621b865980d923440,US English,us,Previously this variety was believed to be lost.,PREVIOUSLY THIS VARIETY WAS BELIEVED TO BE LOST,fa84f7283c5945ea73a83b99e68af4306dd650092fc068eb440eedd85d11e9a8
data2vec_base,dsuta,32,stage5ext_00131,228508a13bdcb59b6e981ab369677a052cfa1d9208ac95a44f5a910b5fb16d76e49d318b1a128dd5144453cc80734637f59383b09379191621b865980d923440,US English,us,"Well, next morning, the husband was missing.",WELL NEXT MORNING THE HUSBAND WAS MISSING,fa84f7283c5945ea73a83b99e68af4306dd650092fc068eb440eedd85d11e9a8
data2vec_base,dsuta,32,stage5ext_00132,228508a13bdcb59b6e981ab369677a052cfa1d9208ac95a44f5a910b5fb16d76e49d318b1a128dd5144453cc80734637f59383b09379191621b865980d923440,US English,us,The heads are then like thongs and solemn in grain and grape-colour.,THEY HAD ILE THEN LIKE TONGS AND SOLOMON GRAIN GRAD COLOR,fa84f7283c5945ea73a83b99e68af4306dd650092fc068eb440eedd85d11e9a8
data2vec_base,dsuta,33,stage5ext_00133,228508a13bdcb59b6e981ab369677a052cfa1d9208ac95a44f5a910b5fb16d76e49d318b1a128dd5144453cc80734637f59383b09379191621b865980d923440,US English,us,"After retiring, Ehiogu founded his own record label, Dirty Hit.",AFTER RITI RING QIXOGE FOUNDED HIS OWN REGARD LABEL DERTID,efc375eb1c2fea1bf05a16d2ed8cad53d87a11b681e2403d463562536a2e7206
data2vec_base,dsuta,33,stage5ext_00134,228508a13bdcb59b6e981ab369677a052cfa1d9208ac95a44f5a910b5fb16d76e49d318b1a128dd5144453cc80734637f59383b09379191621b865980d923440,US English,us,"Some credit ""earlier notions of political and juridical authority"" in Iran's Safavid period.",SOME CREDIT EARLIER NOTIONS OF POITICAL AND JURIDICAL AUTHORITY IN ERENS SAPHOWIT PERIOD,efc375eb1c2fea1bf05a16d2ed8cad53d87a11b681e2403d463562536a2e7206
data2vec_base,dsuta,33,stage5ext_00135,228508a13bdcb59b6e981ab369677a052cfa1d9208ac95a44f5a910b5fb16d76e49d318b1a128dd5144453cc80734637f59383b09379191621b865980d923440,US English,us,"George Washington Riggs died at his home, Green Hill, in Prince George's County, Maryland.",GEORGE WASHINGTON RICKS DIED AT HIS HOME GREENHILL IN PRINCE GEORGE'S COUNTY MARYLAND,efc375eb1c2fea1bf05a16d2ed8cad53d87a11b681e2403d463562536a2e7206
data2vec_base,dsuta,33,stage5ext_00136,720e559efbceae3ffa3e0df1e70d5d276564f71b02f1a3222c7dbbfa55811cbc4ad54045296d28ef121452051dd65e0253f9af4f519f65f29a0690726ba44253,US English,us,"The number of non-Muslim Sufis before the twentieth century, however, was usually relatively few.",THE NUMBER OF NON MOSLIM SUFIS BEFORE THE TWENTIETH CENTURY HOWEVER WAS USUALLY RELATIVELY FEW,efc375eb1c2fea1bf05a16d2ed8cad53d87a11b681e2403d463562536a2e7206
data2vec_base,dsuta,34,stage5ext_00137,720e559efbceae3ffa3e0df1e70d5d276564f71b02f1a3222c7dbbfa55811cbc4ad54045296d28ef121452051dd65e0253f9af4f519f65f29a0690726ba44253,US English,us,"At the party, Jerry meets an attractive woman named Vanessa.",AT THE PARTY JERRY MEETS AN ATTRACTIVE WOMAN NAMED FINESSA,9353e142636622e7d8894905d18f041dfe32f8d4525e5a013c11eaf86189be3a
data2vec_base,dsuta,34,stage5ext_00138,720e559efbceae3ffa3e0df1e70d5d276564f71b02f1a3222c7dbbfa55811cbc4ad54045296d28ef121452051dd65e0253f9af4f519f65f29a0690726ba44253,US English,us,Irulan herself appears in person only near the end of the novel.,IRLON HERSELF APPEARS IN PERSON ONLY NEAR THE END OF THE NOVEL,9353e142636622e7d8894905d18f041dfe32f8d4525e5a013c11eaf86189be3a
data2vec_base,dsuta,34,stage5ext_00139,720e559efbceae3ffa3e0df1e70d5d276564f71b02f1a3222c7dbbfa55811cbc4ad54045296d28ef121452051dd65e0253f9af4f519f65f29a0690726ba44253,US English,us,Jump is a yellow dog with brown patches and the pet dog of Tobio.,JUMP IS A YELLOW DOG WITH BROWN PATCHES AND THE PET DOG OF TOBYO,9353e142636622e7d8894905d18f041dfe32f8d4525e5a013c11eaf86189be3a
data2vec_base,dsuta,34,stage5ext_00140,720e559efbceae3ffa3e0df1e70d5d276564f71b02f1a3222c7dbbfa55811cbc4ad54045296d28ef121452051dd65e0253f9af4f519f65f29a0690726ba44253,US English,us,It has some popular restaurants including The New Inn.,IT HAS SOME POPULAR RESTAURANTS INCLUDING THE NEW INN,9353e142636622e7d8894905d18f041dfe32f8d4525e5a013c11eaf86189be3a
data2vec_base,dsuta,35,stage5ext_00141,720e559efbceae3ffa3e0df1e70d5d276564f71b02f1a3222c7dbbfa55811cbc4ad54045296d28ef121452051dd65e0253f9af4f519f65f29a0690726ba44253,US English,us,The families and genera within the orders are listed in alphabetical order.,THE FAMILIES IN GENERA WITHIN THE ORDERS ARE LISTED IN ALPHABETICAL ORDER,caf316b3c6fd601156064a6d63a994277ea910abf610dc95238d6ff0c4326df0
data2vec_base,dsuta,35,stage5ext_00142,720e559efbceae3ffa3e0df1e70d5d276564f71b02f1a3222c7dbbfa55811cbc4ad54045296d28ef121452051dd65e0253f9af4f519f65f29a0690726ba44253,US English,us,"This practice remains an important ritual in some remote, tribal societies.",THIS PRACTICE REMAINS AN IMPORTANT RITUAL IN SOME REMOTE TRIBAL SOCIETIES,caf316b3c6fd601156064a6d63a994277ea910abf610dc95238d6ff0c4326df0
data2vec_base,dsuta,35,stage5ext_00143,720e559efbceae3ffa3e0df1e70d5d276564f71b02f1a3222c7dbbfa55811cbc4ad54045296d28ef121452051dd65e0253f9af4f519f65f29a0690726ba44253,US English,us,A second game also included Carshalton College.,A SECOND GAME ALSO INCLUDED CARCELTON COLLEGE,caf316b3c6fd601156064a6d63a994277ea910abf610dc95238d6ff0c4326df0
data2vec_base,dsuta,35,stage5ext_00144,720e559efbceae3ffa3e0df1e70d5d276564f71b02f1a3222c7dbbfa55811cbc4ad54045296d28ef121452051dd65e0253f9af4f519f65f29a0690726ba44253,US English,us,Mareya micrantha is said to have local anaesthetic properties.,MAREA MACRANTHA IS SAID TO HAVE LOCAL ANESTHETIC PROPERTIES,caf316b3c6fd601156064a6d63a994277ea910abf610dc95238d6ff0c4326df0
data2vec_base,dsuta,36,stage5ext_00145,720e559efbceae3ffa3e0df1e70d5d276564f71b02f1a3222c7dbbfa55811cbc4ad54045296d28ef121452051dd65e0253f9af4f519f65f29a0690726ba44253,US English,us,The expanded section included an enlarged bar.,THE EXPANDED SECTION INCLUDED AN ENLARGED BAR,057ac2af27d98ca74a8c47d151360864c1f60d566627e9dc95d6f6fac7e6ad30
data2vec_base,dsuta,36,stage5ext_00146,720e559efbceae3ffa3e0df1e70d5d276564f71b02f1a3222c7dbbfa55811cbc4ad54045296d28ef121452051dd65e0253f9af4f519f65f29a0690726ba44253,US English,us,"This is in contrast to physiology, which deals primarily with function.",THIS IS IN CONTRAST TO PHYSIOLOGY WHICH DEALS PRIMARILY WITH FUNCTION,057ac2af27d98ca74a8c47d151360864c1f60d566627e9dc95d6f6fac7e6ad30
data2vec_base,dsuta,36,stage5ext_00147,720e559efbceae3ffa3e0df1e70d5d276564f71b02f1a3222c7dbbfa55811cbc4ad54045296d28ef121452051dd65e0253f9af4f519f65f29a0690726ba44253,US English,us,"When his wife died, Acosta retired and went to live in a hermitage.",WHEN HIS WIFE DIED A COSTA RETIRED AND WENT TO LIVE IN A HERMITAGE,057ac2af27d98ca74a8c47d151360864c1f60d566627e9dc95d6f6fac7e6ad30
data2vec_base,dsuta,36,stage5ext_00148,720e559efbceae3ffa3e0df1e70d5d276564f71b02f1a3222c7dbbfa55811cbc4ad54045296d28ef121452051dd65e0253f9af4f519f65f29a0690726ba44253,US English,us,McNab ruled with an iron fist over the Scottish settlers.,MC NAB RULED WITH AN IRON FIST OVER THE SCOTTISH SETTLERS,057ac2af27d98ca74a8c47d151360864c1f60d566627e9dc95d6f6fac7e6ad30
data2vec_base,dsuta,37,stage5ext_00149,720e559efbceae3ffa3e0df1e70d5d276564f71b02f1a3222c7dbbfa55811cbc4ad54045296d28ef121452051dd65e0253f9af4f519f65f29a0690726ba44253,US English,us,"Ricci played a young detective who temporarily partners with Grace, played by Holly Hunter.",RICKI PLAYED A YOUNG DETECTIVE WHO TEMPORARILY PARTNERS WITH GRACE PLAYED BY HOLLY HUNTER,437e4b25ce12716a8cb961c9cb988c82bf4c9465d5a878aa418d0dc3c11890e7
data2vec_base,dsuta,37,stage5ext_00150,720e559efbceae3ffa3e0df1e70d5d276564f71b02f1a3222c7dbbfa55811cbc4ad54045296d28ef121452051dd65e0253f9af4f519f65f29a0690726ba44253,US English,us,"It would, in effect, paralyse their co-operation.",IT WOULD IN EFFECT PARALYZE THEIR CO OPERATION,437e4b25ce12716a8cb961c9cb988c82bf4c9465d5a878aa418d0dc3c11890e7
data2vec_base,dsuta,37,stage5ext_00151,fd0dff3b5f07ca5531d539b5a2d98730836ad0aa3e1b6526ad93f596c546212f2e9c6152141a6d6a86254fe36668b66427df0e1588645c1756157fb92705969a,England English,england,I'm playing for keeps.,IM TETER KEEPSON,437e4b25ce12716a8cb961c9cb988c82bf4c9465d5a878aa418d0dc3c11890e7
data2vec_base,dsuta,37,stage5ext_00152,fd0dff3b5f07ca5531d539b5a2d98730836ad0aa3e1b6526ad93f596c546212f2e9c6152141a6d6a86254fe36668b66427df0e1588645c1756157fb92705969a,England English,england,His old Ferrari has been compacted to a small cube of metal at the junkyard.,HIS OLD FERRORI HAS BEEN COMPACTED TO A SMALL KEY OF METAL AT LE JONKIO,437e4b25ce12716a8cb961c9cb988c82bf4c9465d5a878aa418d0dc3c11890e7
data2vec_base,dsuta,38,stage5ext_00153,fd0dff3b5f07ca5531d539b5a2d98730836ad0aa3e1b6526ad93f596c546212f2e9c6152141a6d6a86254fe36668b66427df0e1588645c1756157fb92705969a,England English,england,There was no response from the elders.,THERE WAS NO RESPONSE FROM THE ALDERS,489b2863779a5095e0d6c108f58226bed1bec515a7e8a77e207127e784e6e8ac
data2vec_base,dsuta,38,stage5ext_00154,fd0dff3b5f07ca5531d539b5a2d98730836ad0aa3e1b6526ad93f596c546212f2e9c6152141a6d6a86254fe36668b66427df0e1588645c1756157fb92705969a,England English,england,You're hurting my sore foot.,YOU ARE NOTING MY SOREFORT,489b2863779a5095e0d6c108f58226bed1bec515a7e8a77e207127e784e6e8ac
data2vec_base,dsuta,38,stage5ext_00155,fd0dff3b5f07ca5531d539b5a2d98730836ad0aa3e1b6526ad93f596c546212f2e9c6152141a6d6a86254fe36668b66427df0e1588645c1756157fb92705969a,England English,england,Studying these key phrases will help you while traveling.,STUDYING THESE KEY PHRASES WILL HELP YOU WON'T TROUBLE IT,489b2863779a5095e0d6c108f58226bed1bec515a7e8a77e207127e784e6e8ac
data2vec_base,dsuta,38,stage5ext_00156,fd0dff3b5f07ca5531d539b5a2d98730836ad0aa3e1b6526ad93f596c546212f2e9c6152141a6d6a86254fe36668b66427df0e1588645c1756157fb92705969a,England English,england,Mary told me that she got to meet up with you while she was back in San Francisco.,MARY TOLD ME SHE'D GO TO MITA WITH YOU WHILE YOU WERE BACK IN SAN FRANCISCO,489b2863779a5095e0d6c108f58226bed1bec515a7e8a77e207127e784e6e8ac
data2vec_base,dsuta,39,stage5ext_00157,fd0dff3b5f07ca5531d539b5a2d98730836ad0aa3e1b6526ad93f596c546212f2e9c6152141a6d6a86254fe36668b66427df0e1588645c1756157fb92705969a,England English,england,Look on the third shelf back of the eye wash.,LOOK ON THE THIRD SHELF BACK OF THE EYEWOR,223479c4a293fe568bfdbbe5471057073cab80fb74c1b13990d984c4b84dcf49
data2vec_base,dsuta,39,stage5ext_00158,fd0dff3b5f07ca5531d539b5a2d98730836ad0aa3e1b6526ad93f596c546212f2e9c6152141a6d6a86254fe36668b66427df0e1588645c1756157fb92705969a,England English,england,It was Linda Keller!,IT WAS LINDACELLA,223479c4a293fe568bfdbbe5471057073cab80fb74c1b13990d984c4b84dcf49
data2vec_base,dsuta,39,stage5ext_00159,fd0dff3b5f07ca5531d539b5a2d98730836ad0aa3e1b6526ad93f596c546212f2e9c6152141a6d6a86254fe36668b66427df0e1588645c1756157fb92705969a,England English,england,Neil Armstrong was the first man to step foot on the moon.,NED ARMSTRONG WAS THE FIRST MAN TO STEP FOOT ON THE GU,223479c4a293fe568bfdbbe5471057073cab80fb74c1b13990d984c4b84dcf49
data2vec_base,dsuta,39,stage5ext_00160,fd0dff3b5f07ca5531d539b5a2d98730836ad0aa3e1b6526ad93f596c546212f2e9c6152141a6d6a86254fe36668b66427df0e1588645c1756157fb92705969a,England English,england,You go on and practice.,YE GO ON IN PRACTISE,223479c4a293fe568bfdbbe5471057073cab80fb74c1b13990d984c4b84dcf49
data2vec_base,dsuta,40,stage5ext_00161,fd0dff3b5f07ca5531d539b5a2d98730836ad0aa3e1b6526ad93f596c546212f2e9c6152141a6d6a86254fe36668b66427df0e1588645c1756157fb92705969a,England English,england,Storm increasing over the Rockies.,STORM INCREASING OVER THE ROCKIES,aaaa88f33a789706ad731a8af1b30f553b86dc957066f40915f3b5cd1c3b473f
data2vec_base,dsuta,40,stage5ext_00162,fd0dff3b5f07ca5531d539b5a2d98730836ad0aa3e1b6526ad93f596c546212f2e9c6152141a6d6a86254fe36668b66427df0e1588645c1756157fb92705969a,England English,england,Witnesses report two armed suspects and four hostages.,WHEN THIS IS REPORT TO OM SUSPETS AN FOUR HOSTENER,aaaa88f33a789706ad731a8af1b30f553b86dc957066f40915f3b5cd1c3b473f
data2vec_base,dsuta,40,stage5ext_00163,fd0dff3b5f07ca5531d539b5a2d98730836ad0aa3e1b6526ad93f596c546212f2e9c6152141a6d6a86254fe36668b66427df0e1588645c1756157fb92705969a,England English,england,"If you know of other games that play well with hands-free control, please post in the comments.",IF YOU KNOW OF OTHER GAMES THE PLAY ROLE WITH HAN'S FREE CONTROL PLEASE PLACE IN THE COMMONS,aaaa88f33a789706ad731a8af1b30f553b86dc957066f40915f3b5cd1c3b473f
data2vec_base,dsuta,40,stage5ext_00164,fd0dff3b5f07ca5531d539b5a2d98730836ad0aa3e1b6526ad93f596c546212f2e9c6152141a6d6a86254fe36668b66427df0e1588645c1756157fb92705969a,England English,england,"Two caribous in a queue, they didn't have a clue, that I was using their flue, to write a poem for you.",TWO CARABOUS AND A QUE TET DI HAVE A CLU THAT I WAS USING THEIR FLUE TO RUS FURM FR E,aaaa88f33a789706ad731a8af1b30f553b86dc957066f40915f3b5cd1c3b473f
data2vec_base,dsuta,41,stage5ext_00165,fd0dff3b5f07ca5531d539b5a2d98730836ad0aa3e1b6526ad93f596c546212f2e9c6152141a6d6a86254fe36668b66427df0e1588645c1756157fb92705969a,England English,england,With a bag of marshmallows.,WITH A BAG OF MOSHMALES,87a198a269f1e42f8768d63836cd518ec6ecdb6e71a06ea0109f5a3d9410ccbb
data2vec_base,dsuta,41,stage5ext_00166,fdcab9861a3de8913b99470efefdd496f7500e233d7a34a4bf246ca2321426334f7206282773114305bb5b045ee084a0c9e50c6160fc40ac34ba2009e1997f8f,England English,england,"Teresa, Mildrid, Ralph, and Vonda all arrived yesterday evening.",TERESA MILDRED RALPH AMBUNDA WELL ARRIVE YESTERDAY EVENING,87a198a269f1e42f8768d63836cd518ec6ecdb6e71a06ea0109f5a3d9410ccbb
data2vec_base,dsuta,41,stage5ext_00167,fdcab9861a3de8913b99470efefdd496f7500e233d7a34a4bf246ca2321426334f7206282773114305bb5b045ee084a0c9e50c6160fc40ac34ba2009e1997f8f,England English,england,"Somehow, the paragraphs blurred into each other.",SOMEHOW THE PARAGRAPHS BLURRED INTO EACH OTHER,87a198a269f1e42f8768d63836cd518ec6ecdb6e71a06ea0109f5a3d9410ccbb
data2vec_base,dsuta,41,stage5ext_00168,fdcab9861a3de8913b99470efefdd496f7500e233d7a34a4bf246ca2321426334f7206282773114305bb5b045ee084a0c9e50c6160fc40ac34ba2009e1997f8f,England English,england,"Now, attend to me.",ATTEND TO ME,87a198a269f1e42f8768d63836cd518ec6ecdb6e71a06ea0109f5a3d9410ccbb
data2vec_base,dsuta,42,stage5ext_00169,fdcab9861a3de8913b99470efefdd496f7500e233d7a34a4bf246ca2321426334f7206282773114305bb5b045ee084a0c9e50c6160fc40ac34ba2009e1997f8f,England English,england,"Oh man, I think I got friend-zoned once again.",LD MAN IL THINK I'VE GOT FRIENDS OND ONCE AGAIN,d0af39b3d077aaa0cf336a3692430c6673151425d19436bb22d9d4eb5eeb5b58
data2vec_base,dsuta,42,stage5ext_00170,fdcab9861a3de8913b99470efefdd496f7500e233d7a34a4bf246ca2321426334f7206282773114305bb5b045ee084a0c9e50c6160fc40ac34ba2009e1997f8f,England English,england,"Hooray, we're going to Alaska!",HORAY WE'RE GOING TO ALASKA,d0af39b3d077aaa0cf336a3692430c6673151425d19436bb22d9d4eb5eeb5b58
data2vec_base,dsuta,42,stage5ext_00171,fdcab9861a3de8913b99470efefdd496f7500e233d7a34a4bf246ca2321426334f7206282773114305bb5b045ee084a0c9e50c6160fc40ac34ba2009e1997f8f,England English,england,"The landing was dimly light by a single, bare, low-power light-bulb.",THE LANDING WAS DIVE LIT BY A SINGLE BEAR NO POWER LIKE BOLT,d0af39b3d077aaa0cf336a3692430c6673151425d19436bb22d9d4eb5eeb5b58
data2vec_base,dsuta,42,stage5ext_00172,fdcab9861a3de8913b99470efefdd496f7500e233d7a34a4bf246ca2321426334f7206282773114305bb5b045ee084a0c9e50c6160fc40ac34ba2009e1997f8f,England English,england,Aren't we godlike?,AH TWE GOB LIKE,d0af39b3d077aaa0cf336a3692430c6673151425d19436bb22d9d4eb5eeb5b58
data2vec_base,dsuta,43,stage5ext_00173,fdcab9861a3de8913b99470efefdd496f7500e233d7a34a4bf246ca2321426334f7206282773114305bb5b045ee084a0c9e50c6160fc40ac34ba2009e1997f8f,England English,england,Where is my dress?,THERE IS MY DRESS,322042ee6816a3296e204e544d07ca8ad1ade875f963ead2c1a85984b884a0b5
data2vec_base,dsuta,43,stage5ext_00174,fdcab9861a3de8913b99470efefdd496f7500e233d7a34a4bf246ca2321426334f7206282773114305bb5b045ee084a0c9e50c6160fc40ac34ba2009e1997f8f,England English,england,Where are you going?,WHERE ARE YOU GOING,322042ee6816a3296e204e544d07ca8ad1ade875f963ead2c1a85984b884a0b5
data2vec_base,dsuta,43,stage5ext_00175,fdcab9861a3de8913b99470efefdd496f7500e233d7a34a4bf246ca2321426334f7206282773114305bb5b045ee084a0c9e50c6160fc40ac34ba2009e1997f8f,England English,england,"When you're at a party and somebody says ""banana bread"", a sniper might be near you.",WE TAT'S A PARTY AND SOMEBODY SAYS THE LANABREAD A SNIPER MIGHT BE NEAR YOU,322042ee6816a3296e204e544d07ca8ad1ade875f963ead2c1a85984b884a0b5
data2vec_base,dsuta,43,stage5ext_00176,fdcab9861a3de8913b99470efefdd496f7500e233d7a34a4bf246ca2321426334f7206282773114305bb5b045ee084a0c9e50c6160fc40ac34ba2009e1997f8f,England English,england,"She was beautiful from behind, but he couldn't see her face yet.",SHE WAS BEAUTIFUL FROM BEHIND BUT HE COULDN'T SEE A FACE YET,322042ee6816a3296e204e544d07ca8ad1ade875f963ead2c1a85984b884a0b5
data2vec_base,dsuta,44,stage5ext_00177,fdcab9861a3de8913b99470efefdd496f7500e233d7a34a4bf246ca2321426334f7206282773114305bb5b045ee084a0c9e50c6160fc40ac34ba2009e1997f8f,England English,england,Didn't you know that?,DIDN'T SHE KNOW THAT,6f09f0ff4b36237d8a6497e28a917aa83709536f9cb620bd179675ca4b3a8135
data2vec_base,dsuta,44,stage5ext_00178,fdcab9861a3de8913b99470efefdd496f7500e233d7a34a4bf246ca2321426334f7206282773114305bb5b045ee084a0c9e50c6160fc40ac34ba2009e1997f8f,England English,england,What else can I do?,WHAT ELSE CAN I DO,6f09f0ff4b36237d8a6497e28a917aa83709536f9cb620bd179675ca4b3a8135
data2vec_base,dsuta,44,stage5ext_00179,fdcab9861a3de8913b99470efefdd496f7500e233d7a34a4bf246ca2321426334f7206282773114305bb5b045ee084a0c9e50c6160fc40ac34ba2009e1997f8f,England English,england,May I borrow your bolster?,MAY I BORROW YOUR BOLSTER,6f09f0ff4b36237d8a6497e28a917aa83709536f9cb620bd179675ca4b3a8135
data2vec_base,dsuta,44,stage5ext_00180,fdcab9861a3de8913b99470efefdd496f7500e233d7a34a4bf246ca2321426334f7206282773114305bb5b045ee084a0c9e50c6160fc40ac34ba2009e1997f8f,England English,england,"They walked in from the rain, all dishevelled and steaming.",THEY WALKED IN FROM THE RAIN ILL DISHEVELLED AND STEAMING,6f09f0ff4b36237d8a6497e28a917aa83709536f9cb620bd179675ca4b3a8135
data2vec_base,dsuta,45,stage5ext_00181,7485d1e4fd50cc3801883f44ba2eaca4d5d18deb062c87bb6dd533c6db6cdca2a4b53ec84620337d88bc4417c254ba46b7f21517d0bec5305dd08e43c791410c,England English,england,Both have a notably red eye.,BOTH HAVE A NOTABLY RED EYE,fcd880269a3353f134c228cee2608ffe7916f63ee4f3f1c852beb3b0c4422006
data2vec_base,dsuta,45,stage5ext_00182,7485d1e4fd50cc3801883f44ba2eaca4d5d18deb062c87bb6dd533c6db6cdca2a4b53ec84620337d88bc4417c254ba46b7f21517d0bec5305dd08e43c791410c,England English,england,"At the conclusion of the season, Kerry and ThorSport Racing went their separate ways.",AT THE CONCLUSION OF THE SEASON CAREY AND THAW SPORT RACING WENT THEIR SEPARATE WAYS,fcd880269a3353f134c228cee2608ffe7916f63ee4f3f1c852beb3b0c4422006
data2vec_base,dsuta,45,stage5ext_00183,7485d1e4fd50cc3801883f44ba2eaca4d5d18deb062c87bb6dd533c6db6cdca2a4b53ec84620337d88bc4417c254ba46b7f21517d0bec5305dd08e43c791410c,England English,england,Prasterone is a steroid hormone.,PRASTERON IS A STEROID HORMOAN,fcd880269a3353f134c228cee2608ffe7916f63ee4f3f1c852beb3b0c4422006
data2vec_base,dsuta,45,stage5ext_00184,7485d1e4fd50cc3801883f44ba2eaca4d5d18deb062c87bb6dd533c6db6cdca2a4b53ec84620337d88bc4417c254ba46b7f21517d0bec5305dd08e43c791410c,England English,england,"A natural key is sometimes called ""domain key"".",A NATURAL KEY IS SOMETIMES CALLED DEMAIN KEY,fcd880269a3353f134c228cee2608ffe7916f63ee4f3f1c852beb3b0c4422006
data2vec_base,dsuta,46,stage5ext_00185,7485d1e4fd50cc3801883f44ba2eaca4d5d18deb062c87bb6dd533c6db6cdca2a4b53ec84620337d88bc4417c254ba46b7f21517d0bec5305dd08e43c791410c,England English,england,In China also along with Confucianism developed the tradition of Legalism.,IN CHINA ALSO ALONG WITH CONFUSIONISM DEVELOP THE TRADITION OF LEGALISM,4e99c2fec69789c8b11acea9a78519a2df07fab7a185dd91475fa40977b0179d
data2vec_base,dsuta,46,stage5ext_00186,7485d1e4fd50cc3801883f44ba2eaca4d5d18deb062c87bb6dd533c6db6cdca2a4b53ec84620337d88bc4417c254ba46b7f21517d0bec5305dd08e43c791410c,England English,england,"Deeley describes her religious affiliation as Anglican, although she was not christened.",DEALY DESCRIBED HER RELIGIOUS AFFILIATIONS AS ANGLICAN ALTHOUGH SHE WAS NOT CHRISTENED,4e99c2fec69789c8b11acea9a78519a2df07fab7a185dd91475fa40977b0179d
data2vec_base,dsuta,46,stage5ext_00187,7485d1e4fd50cc3801883f44ba2eaca4d5d18deb062c87bb6dd533c6db6cdca2a4b53ec84620337d88bc4417c254ba46b7f21517d0bec5305dd08e43c791410c,England English,england,The program highlighted Chadwick's hometown of San Diego.,THE PROGRAMME HIGH LIGHTED CHADWICK'S HOME TOWN OF SANDIEGO,4e99c2fec69789c8b11acea9a78519a2df07fab7a185dd91475fa40977b0179d
data2vec_base,dsuta,46,stage5ext_00188,7485d1e4fd50cc3801883f44ba2eaca4d5d18deb062c87bb6dd533c6db6cdca2a4b53ec84620337d88bc4417c254ba46b7f21517d0bec5305dd08e43c791410c,England English,england,"The township calls itself ""New Jersey's Largest Municipality"" on its stationery and its website.",THE TOWNSHIP CALLS ITSELF NEW JERSEY'S LARGEST MUNICIPALITY ON ITS STATIONARY AND ITS WEBSITE,4e99c2fec69789c8b11acea9a78519a2df07fab7a185dd91475fa40977b0179d
data2vec_base,dsuta,47,stage5ext_00189,7485d1e4fd50cc3801883f44ba2eaca4d5d18deb062c87bb6dd533c6db6cdca2a4b53ec84620337d88bc4417c254ba46b7f21517d0bec5305dd08e43c791410c,England English,england,Morrow County is considered to be a part of Mid Ohio.,MORO COUNTY IS CONSIDERED TO BE PART OF MID OHIO,32c5176988b1a64406c0808d5f018727cd50ac09e28d3fd70750c71cb10bc925
data2vec_base,dsuta,47,stage5ext_00190,7485d1e4fd50cc3801883f44ba2eaca4d5d18deb062c87bb6dd533c6db6cdca2a4b53ec84620337d88bc4417c254ba46b7f21517d0bec5305dd08e43c791410c,England English,england,Bryan disliked the Klan but never publicly attacked it.,BRIAN DISLIKED THE CLAN BUT NEVER PUBLICLY ATTACKED IT,32c5176988b1a64406c0808d5f018727cd50ac09e28d3fd70750c71cb10bc925
data2vec_base,dsuta,47,stage5ext_00191,7485d1e4fd50cc3801883f44ba2eaca4d5d18deb062c87bb6dd533c6db6cdca2a4b53ec84620337d88bc4417c254ba46b7f21517d0bec5305dd08e43c791410c,England English,england,The area around present-day Yokosuka city has been inhabited for thousands of years.,THE AREA AROUND PRESENT DAY YOCO SUCA CITY HAS BEEN INHABITED FOR THOUSANDS OF YEARS,32c5176988b1a64406c0808d5f018727cd50ac09e28d3fd70750c71cb10bc925
data2vec_base,dsuta,47,stage5ext_00192,7485d1e4fd50cc3801883f44ba2eaca4d5d18deb062c87bb6dd533c6db6cdca2a4b53ec84620337d88bc4417c254ba46b7f21517d0bec5305dd08e43c791410c,England English,england,Original music for the film was composed by Rachel Portman.,ORIGINAL MUSIC FOR THE FILM WAS COMPOSED BY RACHAEL PORTMAN,32c5176988b1a64406c0808d5f018727cd50ac09e28d3fd70750c71cb10bc925
data2vec_base,dsuta,48,stage5ext_00193,7485d1e4fd50cc3801883f44ba2eaca4d5d18deb062c87bb6dd533c6db6cdca2a4b53ec84620337d88bc4417c254ba46b7f21517d0bec5305dd08e43c791410c,England English,england,It has a Rocky Top address.,IT HAS A ROCKY TOP ADDRESS,94aa1bd6ba45440f083d67962f2b73a6e8917a2974992652be96da3ab0114fd4
data2vec_base,dsuta,48,stage5ext_00194,7485d1e4fd50cc3801883f44ba2eaca4d5d18deb062c87bb6dd533c6db6cdca2a4b53ec84620337d88bc4417c254ba46b7f21517d0bec5305dd08e43c791410c,England English,england,He was also created the Marquess of Hedong.,HE WAS ALSO CREATED THE MARQUIS OF HENDON,94aa1bd6ba45440f083d67962f2b73a6e8917a2974992652be96da3ab0114fd4
data2vec_base,dsuta,48,stage5ext_00195,7485d1e4fd50cc3801883f44ba2eaca4d5d18deb062c87bb6dd533c6db6cdca2a4b53ec84620337d88bc4417c254ba46b7f21517d0bec5305dd08e43c791410c,England English,england,"However, there are strong reasons to doubt that this is him.",HOWEVER THERE ARE STRONG REASONS TO DOUBT THAT THIS IS HIM,94aa1bd6ba45440f083d67962f2b73a6e8917a2974992652be96da3ab0114fd4
data2vec_base,dsuta,48,stage5ext_00196,3660ede2a2a5b5d649342a4a5c04e6b398b1247566aad9c6f059a84e8fa5405dd489100055b29dec8fa9b337b3661c001754f4f302bb85bd39eac24bee4023fe,England English,england,The old man returned the book to the boy.,THE OLD MAN RETURNED THE BOOK TO THE BOY,94aa1bd6ba45440f083d67962f2b73a6e8917a2974992652be96da3ab0114fd4
data2vec_base,dsuta,49,stage5ext_00197,3660ede2a2a5b5d649342a4a5c04e6b398b1247566aad9c6f059a84e8fa5405dd489100055b29dec8fa9b337b3661c001754f4f302bb85bd39eac24bee4023fe,England English,england,"From where he sat, he could observe the plaza.",FROM WHERE HE SAT HE COULD OBSERVE THE PLOZA,a99300f3941b69601cf470974c6307719c209aa4b4006404687443f07b0b414f
data2vec_base,dsuta,49,stage5ext_00198,3660ede2a2a5b5d649342a4a5c04e6b398b1247566aad9c6f059a84e8fa5405dd489100055b29dec8fa9b337b3661c001754f4f302bb85bd39eac24bee4023fe,England English,england,He could always go back to being a shepherd.,HE COULD ALWAYS GO BACK TO BEING A SHEPHERD,a99300f3941b69601cf470974c6307719c209aa4b4006404687443f07b0b414f
data2vec_base,dsuta,49,stage5ext_00199,3660ede2a2a5b5d649342a4a5c04e6b398b1247566aad9c6f059a84e8fa5405dd489100055b29dec8fa9b337b3661c001754f4f302bb85bd39eac24bee4023fe,England English,england,A large piece suddenly came off and fell with a loud and sharp noise.,A LARGE PIECE SUDDENLY CAME OFF AND FELL WITH A LOUD AND SHARP NOISE,a99300f3941b69601cf470974c6307719c209aa4b4006404687443f07b0b414f
data2vec_base,dsuta,49,stage5ext_00200,3660ede2a2a5b5d649342a4a5c04e6b398b1247566aad9c6f059a84e8fa5405dd489100055b29dec8fa9b337b3661c001754f4f302bb85bd39eac24bee4023fe,England English,england,The boy thought of Fatima.,THE BOY THOUGHT OF VATIMON,a99300f3941b69601cf470974c6307719c209aa4b4006404687443f07b0b414f
data2vec_base,dsuta,50,stage5ext_00201,3660ede2a2a5b5d649342a4a5c04e6b398b1247566aad9c6f059a84e8fa5405dd489100055b29dec8fa9b337b3661c001754f4f302bb85bd39eac24bee4023fe,England English,england,"Curse the moment I met that old man, he thought.",CURSE THE MOMENT I MENT THAT OLD MAN HE THOUGHT,0e04d0a57e0b11c775944f9b6b6781c8d44aeafa6ee66c872a66c25f6d9acab1
data2vec_base,dsuta,50,stage5ext_00202,3660ede2a2a5b5d649342a4a5c04e6b398b1247566aad9c6f059a84e8fa5405dd489100055b29dec8fa9b337b3661c001754f4f302bb85bd39eac24bee4023fe,England English,england,"Something older than humanity, more ancient than the desert.",SOMETHING OLDER THAN HUMANITY MORE ANCIENT THAN THE DESERT,0e04d0a57e0b11c775944f9b6b6781c8d44aeafa6ee66c872a66c25f6d9acab1
data2vec_base,dsuta,50,stage5ext_00203,3660ede2a2a5b5d649342a4a5c04e6b398b1247566aad9c6f059a84e8fa5405dd489100055b29dec8fa9b337b3661c001754f4f302bb85bd39eac24bee4023fe,England English,england,The boy became fearful; the omens told him that something was wrong.,THE BOY BECAME FEARFUL THE OMANS TOLD HIM THAT SOMETHING WAS WRONG,0e04d0a57e0b11c775944f9b6b6781c8d44aeafa6ee66c872a66c25f6d9acab1
data2vec_base,dsuta,50,stage5ext_00204,3660ede2a2a5b5d649342a4a5c04e6b398b1247566aad9c6f059a84e8fa5405dd489100055b29dec8fa9b337b3661c001754f4f302bb85bd39eac24bee4023fe,England English,england,The turf and gravel around it seemed charred as if by a sudden explosion.,THE TURF AND GRAVEL AROUND IT SEEMED CHARRED AS IF BY A SUDDEN EXPLOSION,0e04d0a57e0b11c775944f9b6b6781c8d44aeafa6ee66c872a66c25f6d9acab1
data2vec_base,dsuta,51,stage5ext_00205,3660ede2a2a5b5d649342a4a5c04e6b398b1247566aad9c6f059a84e8fa5405dd489100055b29dec8fa9b337b3661c001754f4f302bb85bd39eac24bee4023fe,England English,england,"Everything in the universe evolved, he said.",EVERYTHING IN THE UNIVERSE EVOLVED HE SAID,76209a89890d7d069ea73791c935082070b66c10e3154692615df4bc95da86d4
data2vec_base,dsuta,51,stage5ext_00206,3660ede2a2a5b5d649342a4a5c04e6b398b1247566aad9c6f059a84e8fa5405dd489100055b29dec8fa9b337b3661c001754f4f302bb85bd39eac24bee4023fe,England English,england,He stood irresolute for a moment and then scrambled out of the pit.,HE STOOD IRRESOLUTE FOR A MOMENT AND THEN SCRAMBLED OUT OF THE PIT,76209a89890d7d069ea73791c935082070b66c10e3154692615df4bc95da86d4
data2vec_base,dsuta,51,stage5ext_00207,3660ede2a2a5b5d649342a4a5c04e6b398b1247566aad9c6f059a84e8fa5405dd489100055b29dec8fa9b337b3661c001754f4f302bb85bd39eac24bee4023fe,England English,england,They reminded him of the old man.,THEY REMINDED HIM OF THE OLD MAN,76209a89890d7d069ea73791c935082070b66c10e3154692615df4bc95da86d4
data2vec_base,dsuta,51,stage5ext_00208,3660ede2a2a5b5d649342a4a5c04e6b398b1247566aad9c6f059a84e8fa5405dd489100055b29dec8fa9b337b3661c001754f4f302bb85bd39eac24bee4023fe,England English,england,It made me very depressed.,IT MADE ME VERY DEPRESSED,76209a89890d7d069ea73791c935082070b66c10e3154692615df4bc95da86d4
data2vec_base,dsuta,52,stage5ext_00209,3660ede2a2a5b5d649342a4a5c04e6b398b1247566aad9c6f059a84e8fa5405dd489100055b29dec8fa9b337b3661c001754f4f302bb85bd39eac24bee4023fe,England English,england,"The desert takes our men from us, and they don't always return, she said.",THE DESERT TAKES OUR MEN FROM US AND THEY DON'T ALWAYS RETURN SHE SAID,950feb865a01e0a0d57d367e0604d259b154ac5105f6c5664f6ea37d06d56f07
data2vec_base,dsuta,52,stage5ext_00210,3660ede2a2a5b5d649342a4a5c04e6b398b1247566aad9c6f059a84e8fa5405dd489100055b29dec8fa9b337b3661c001754f4f302bb85bd39eac24bee4023fe,England English,england,"I'm not going very far, the alchemist answered, looking straight into the eyes of the horsemen.",I'M NOT GOING VERY FAR THE ALCHORIST ANSWERED LOOKING STRAIGHT INTO THE EYES OF THE HORSEMAN,950feb865a01e0a0d57d367e0604d259b154ac5105f6c5664f6ea37d06d56f07
data2vec_base,dsuta,52,stage5ext_00211,8a8222dab0c0c42714216b9bd4c9df455639a8ab6bf3e8b9f2bfcacf53429403cad2b28435366b158f4e53f423dd2371753476ff45cef46cde7012b3f749dd14,England English,england,How can I help you madam?,HOW CAN I HELP YOU MADAME,950feb865a01e0a0d57d367e0604d259b154ac5105f6c5664f6ea37d06d56f07
data2vec_base,dsuta,52,stage5ext_00212,8a8222dab0c0c42714216b9bd4c9df455639a8ab6bf3e8b9f2bfcacf53429403cad2b28435366b158f4e53f423dd2371753476ff45cef46cde7012b3f749dd14,England English,england,"The very next day, he woke refreshed.",THE VERY NEXT DAY HE WOKE REFREST,950feb865a01e0a0d57d367e0604d259b154ac5105f6c5664f6ea37d06d56f07
data2vec_base,dsuta,53,stage5ext_00213,8a8222dab0c0c42714216b9bd4c9df455639a8ab6bf3e8b9f2bfcacf53429403cad2b28435366b158f4e53f423dd2371753476ff45cef46cde7012b3f749dd14,England English,england,"The C++ framework Qt is pronounced like ""cute"".",THE SEPLOSPLUUS FRAMEWORK CUTE IS PRONOUNCED LIKE CUTES,b06ccfaa5b32ce61d9a2e358a54e58329efc5fec53200538d9f074e64b83fb31
data2vec_base,dsuta,53,stage5ext_00214,8a8222dab0c0c42714216b9bd4c9df455639a8ab6bf3e8b9f2bfcacf53429403cad2b28435366b158f4e53f423dd2371753476ff45cef46cde7012b3f749dd14,England English,england,"Please use normal slashes, not backslashes.",PLEASE USE NORMAL SLASHES NOT BACKSLASHES,b06ccfaa5b32ce61d9a2e358a54e58329efc5fec53200538d9f074e64b83fb31
data2vec_base,dsuta,53,stage5ext_00215,8a8222dab0c0c42714216b9bd4c9df455639a8ab6bf3e8b9f2bfcacf53429403cad2b28435366b158f4e53f423dd2371753476ff45cef46cde7012b3f749dd14,England English,england,What did I tell you?,WHAT DID I TELL YOU,b06ccfaa5b32ce61d9a2e358a54e58329efc5fec53200538d9f074e64b83fb31
data2vec_base,dsuta,53,stage5ext_00216,8a8222dab0c0c42714216b9bd4c9df455639a8ab6bf3e8b9f2bfcacf53429403cad2b28435366b158f4e53f423dd2371753476ff45cef46cde7012b3f749dd14,England English,england,"They are very impressive, I will admit.",THEY ARE VERY IMPRESSIVE I WILL ADMIT,b06ccfaa5b32ce61d9a2e358a54e58329efc5fec53200538d9f074e64b83fb31
data2vec_base,dsuta,54,stage5ext_00217,8a8222dab0c0c42714216b9bd4c9df455639a8ab6bf3e8b9f2bfcacf53429403cad2b28435366b158f4e53f423dd2371753476ff45cef46cde7012b3f749dd14,England English,england,"On his visit in Iran, the diplomat criticized the strict censorship.",ON HIS WEES AND I WON THE DIPLOMAT CRITICIZED THE STRICT CENSORSHIP,c10d57575c4c64002526f530d5393cda0cbea562874179d5bc217a4f90419ff6
data2vec_base,dsuta,54,stage5ext_00218,8a8222dab0c0c42714216b9bd4c9df455639a8ab6bf3e8b9f2bfcacf53429403cad2b28435366b158f4e53f423dd2371753476ff45cef46cde7012b3f749dd14,England English,england,"Roger, the backup team is on the way.",ROGER THE BACK UP TEAM IS ON THE WAY,c10d57575c4c64002526f530d5393cda0cbea562874179d5bc217a4f90419ff6
data2vec_base,dsuta,54,stage5ext_00219,8a8222dab0c0c42714216b9bd4c9df455639a8ab6bf3e8b9f2bfcacf53429403cad2b28435366b158f4e53f423dd2371753476ff45cef46cde7012b3f749dd14,England English,england,Do you know what kind of package it was?,DO YOU KNOW WHAT KIND OF PACKAGE IT WAS,c10d57575c4c64002526f530d5393cda0cbea562874179d5bc217a4f90419ff6
data2vec_base,dsuta,54,stage5ext_00220,8a8222dab0c0c42714216b9bd4c9df455639a8ab6bf3e8b9f2bfcacf53429403cad2b28435366b158f4e53f423dd2371753476ff45cef46cde7012b3f749dd14,England English,england,And what did you do then?,AND WHAT DID YOU DO THEN,c10d57575c4c64002526f530d5393cda0cbea562874179d5bc217a4f90419ff6
data2vec_base,dsuta,55,stage5ext_00221,8a8222dab0c0c42714216b9bd4c9df455639a8ab6bf3e8b9f2bfcacf53429403cad2b28435366b158f4e53f423dd2371753476ff45cef46cde7012b3f749dd14,England English,england,Have I offended you?,HAVE I OFFENDED YOU,351c4a3d5875ead5f61dab78fbe31bc1aabe96e6de91f6cb8e90d77b61a564c2
data2vec_base,dsuta,55,stage5ext_00222,8a8222dab0c0c42714216b9bd4c9df455639a8ab6bf3e8b9f2bfcacf53429403cad2b28435366b158f4e53f423dd2371753476ff45cef46cde7012b3f749dd14,England English,england,How is Mozilla going to handle ambiguities like queue and cue?,HOW IS MAZIL GOING TO HANDLE AMBIGITIES LIKE CUE AND CUE,351c4a3d5875ead5f61dab78fbe31bc1aabe96e6de91f6cb8e90d77b61a564c2
data2vec_base,dsuta,55,stage5ext_00223,8a8222dab0c0c42714216b9bd4c9df455639a8ab6bf3e8b9f2bfcacf53429403cad2b28435366b158f4e53f423dd2371753476ff45cef46cde7012b3f749dd14,England English,england,"Let's start it all over again, how about that?",LET'S START IT ALL OVER AGAIN HOW ABOUNC THAT,351c4a3d5875ead5f61dab78fbe31bc1aabe96e6de91f6cb8e90d77b61a564c2
data2vec_base,dsuta,55,stage5ext_00224,8a8222dab0c0c42714216b9bd4c9df455639a8ab6bf3e8b9f2bfcacf53429403cad2b28435366b158f4e53f423dd2371753476ff45cef46cde7012b3f749dd14,England English,england,"Glass eel is on the menu today, but it's too expensive.",GLASS EVIL IS ON THE MENU TO DAY BUT IT'S TOO EXPENSIVE,351c4a3d5875ead5f61dab78fbe31bc1aabe96e6de91f6cb8e90d77b61a564c2
data2vec_base,dsuta,56,stage5ext_00225,8a8222dab0c0c42714216b9bd4c9df455639a8ab6bf3e8b9f2bfcacf53429403cad2b28435366b158f4e53f423dd2371753476ff45cef46cde7012b3f749dd14,England English,england,Do you have Nina's phone number?,DO YOU HAVE NENESS FOR NUMBA,c10959998ee90a947d1cec871ab6fd3e21d79d57076392f6bfc1fba4226f48f5
data2vec_base,dsuta,56,stage5ext_00226,f25805de2cc32954193ecf06eea5b03b4bfdb4bfb76079cb6962fa8e301d5037ef953ff8c308458f121dfbc0f9933692b0eaee142f42a33ef6b7be7df794ed3b,England English,england,I wrote that for Tony Scott.,I WROTE THAT FOR TONNY SCOTT,c10959998ee90a947d1cec871ab6fd3e21d79d57076392f6bfc1fba4226f48f5
data2vec_base,dsuta,56,stage5ext_00227,f25805de2cc32954193ecf06eea5b03b4bfdb4bfb76079cb6962fa8e301d5037ef953ff8c308458f121dfbc0f9933692b0eaee142f42a33ef6b7be7df794ed3b,England English,england,The atoll is surrounded by a coral reef without a proper passage.,THE ATOLE IS SURROUNDED BY A COVER REEF WITHOUT A PROPER PASSAGE,c10959998ee90a947d1cec871ab6fd3e21d79d57076392f6bfc1fba4226f48f5
data2vec_base,dsuta,56,stage5ext_00228,f25805de2cc32954193ecf06eea5b03b4bfdb4bfb76079cb6962fa8e301d5037ef953ff8c308458f121dfbc0f9933692b0eaee142f42a33ef6b7be7df794ed3b,England English,england,There are conflicting reports as to why Blair was asked to resign.,THERE ARE CONFLICTING REPORTS AS TO WHY BLAIR WAS ASKED TO RESIGN,c10959998ee90a947d1cec871ab6fd3e21d79d57076392f6bfc1fba4226f48f5
data2vec_base,dsuta,57,stage5ext_00229,f25805de2cc32954193ecf06eea5b03b4bfdb4bfb76079cb6962fa8e301d5037ef953ff8c308458f121dfbc0f9933692b0eaee142f42a33ef6b7be7df794ed3b,England English,england,There they visited a number of monastic foundations.,THERE THEY VISITED A NUMBER OF MONASTIC FOUNDATIONS,c741644019172d9d2be19b03561e631141be02a5697f93dd926a28c0985cdf82
data2vec_base,dsuta,57,stage5ext_00230,f25805de2cc32954193ecf06eea5b03b4bfdb4bfb76079cb6962fa8e301d5037ef953ff8c308458f121dfbc0f9933692b0eaee142f42a33ef6b7be7df794ed3b,England English,england,"The information regarding Amrod's naming, especially, comes from ""The Peoples of Middle-earth"".",THE INFORMATION REGARDING AMROD'S NAMIN ESPECIALLY COMES FROM THE PEOPLES OF MIDDLE EARTH,c741644019172d9d2be19b03561e631141be02a5697f93dd926a28c0985cdf82
data2vec_base,dsuta,57,stage5ext_00231,f25805de2cc32954193ecf06eea5b03b4bfdb4bfb76079cb6962fa8e301d5037ef953ff8c308458f121dfbc0f9933692b0eaee142f42a33ef6b7be7df794ed3b,England English,england,"It is located within the borders of Gothenburg Municipality, hence its name.",IT IS LOCATED WITHIN THE BORDERS OF GOTTENBERG MUNICIPALITY HENCE ITS NAME,c741644019172d9d2be19b03561e631141be02a5697f93dd926a28c0985cdf82
data2vec_base,dsuta,57,stage5ext_00232,f25805de2cc32954193ecf06eea5b03b4bfdb4bfb76079cb6962fa8e301d5037ef953ff8c308458f121dfbc0f9933692b0eaee142f42a33ef6b7be7df794ed3b,England English,england,Billy May won the Grammy Award for Best Arrangement.,BILLY MAY WON THE GRAMIA WARD FOR BEST ARRANGEMENT,c741644019172d9d2be19b03561e631141be02a5697f93dd926a28c0985cdf82
data2vec_base,dsuta,58,stage5ext_00233,f25805de2cc32954193ecf06eea5b03b4bfdb4bfb76079cb6962fa8e301d5037ef953ff8c308458f121dfbc0f9933692b0eaee142f42a33ef6b7be7df794ed3b,England English,england,Three additional buildings house kindergarten students.,THREE ADDITIONAL BUILDINGS HOUSE KINDERGARTEN STUDENTS,bf640ba480ae907b8d7153ebdbe9792835ef1b87f84d6f237e675efed6ed9e1c
data2vec_base,dsuta,58,stage5ext_00234,f25805de2cc32954193ecf06eea5b03b4bfdb4bfb76079cb6962fa8e301d5037ef953ff8c308458f121dfbc0f9933692b0eaee142f42a33ef6b7be7df794ed3b,England English,england,Its name is derived from the historic county of Surrey in England.,ITS NAME IS DERIVED FROM THE HISTORIC COUNTY OF SURREY IN ENGLAND,bf640ba480ae907b8d7153ebdbe9792835ef1b87f84d6f237e675efed6ed9e1c
data2vec_base,dsuta,58,stage5ext_00235,f25805de2cc32954193ecf06eea5b03b4bfdb4bfb76079cb6962fa8e301d5037ef953ff8c308458f121dfbc0f9933692b0eaee142f42a33ef6b7be7df794ed3b,England English,england,"Dilshan is one such rare cricketer who can bat, bowl, field and keep wickets.",DILOSHAN IS ONE SUCH RARE CRICKETER WHO CAN BAT BOWL FIELD AND KEEP WICKETS,bf640ba480ae907b8d7153ebdbe9792835ef1b87f84d6f237e675efed6ed9e1c
data2vec_base,dsuta,58,stage5ext_00236,f25805de2cc32954193ecf06eea5b03b4bfdb4bfb76079cb6962fa8e301d5037ef953ff8c308458f121dfbc0f9933692b0eaee142f42a33ef6b7be7df794ed3b,England English,england,"In the resulting field, these ""a"" and ""b"" are inverses.",IN THE RESULTING FIELD THESE A AND B ARE IN VERSES,bf640ba480ae907b8d7153ebdbe9792835ef1b87f84d6f237e675efed6ed9e1c
data2vec_base,dsuta,59,stage5ext_00237,f25805de2cc32954193ecf06eea5b03b4bfdb4bfb76079cb6962fa8e301d5037ef953ff8c308458f121dfbc0f9933692b0eaee142f42a33ef6b7be7df794ed3b,England English,england,To the Church he left little and to the pope only a souvenir.,TO THE CHURCH HE LEFT LITTLE AND TO THE POPE ON YE SOUVENIR,75fced63192276a11113a7970b8ac0b10980b11d23f0841a42917bc027cfe67d
data2vec_base,dsuta,59,stage5ext_00238,f25805de2cc32954193ecf06eea5b03b4bfdb4bfb76079cb6962fa8e301d5037ef953ff8c308458f121dfbc0f9933692b0eaee142f42a33ef6b7be7df794ed3b,England English,england,There are several formats for the team pursuit.,THERE ARE SEVERAL FOREMATS FOR THE TEAM PURSUIT,75fced63192276a11113a7970b8ac0b10980b11d23f0841a42917bc027cfe67d
data2vec_base,dsuta,59,stage5ext_00239,f25805de2cc32954193ecf06eea5b03b4bfdb4bfb76079cb6962fa8e301d5037ef953ff8c308458f121dfbc0f9933692b0eaee142f42a33ef6b7be7df794ed3b,England English,england,"In Harrison, the route enters a residential area before curving southeast toward Stephenson Avenue.",IN HARRISON THE ROUTE ENTERS THE RESIDENTIAL AREA BEFORE CURVING SOUTHEAST TOWARD STEPHENSON AVENUE,75fced63192276a11113a7970b8ac0b10980b11d23f0841a42917bc027cfe67d
data2vec_base,dsuta,59,stage5ext_00240,f25805de2cc32954193ecf06eea5b03b4bfdb4bfb76079cb6962fa8e301d5037ef953ff8c308458f121dfbc0f9933692b0eaee142f42a33ef6b7be7df794ed3b,England English,england,"The other track, ""To Your Grave"", remains unreleased.",THE OTHER TRUCK AT YOUR GRAVE REMAINS UNRELEASED,75fced63192276a11113a7970b8ac0b10980b11d23f0841a42917bc027cfe67d
data2vec_base,dsuta,60,stage5ext_00241,b2366de045c2eb18ed349bee593e8f3a0c9038602bb8f13f2008fe4ff2087aaa4e5ac78379011510dc25d6a7bcd36a3a6ac86b35f0a27b886832c337d95f27d5,England English,england,The standard prescribes that address collisions must be handled gracefully.,THE STANDARD PRESCRIBES THE ADDRESSED COLLISIONS MUST BE HANG OD GRACEFULLY,927ac65086ca64feec8dc573028a0f77d9e9515b8fbeb46cb9c5b45d4145b3e5
data2vec_base,dsuta,60,stage5ext_00242,b2366de045c2eb18ed349bee593e8f3a0c9038602bb8f13f2008fe4ff2087aaa4e5ac78379011510dc25d6a7bcd36a3a6ac86b35f0a27b886832c337d95f27d5,England English,england,"To this end, they offered the role to Harrison Ford who turned them down.",TO THIS END THEY OFFERED THE ROLL TO HARRISAN FORK AND TURNED THEM DOWN,927ac65086ca64feec8dc573028a0f77d9e9515b8fbeb46cb9c5b45d4145b3e5
data2vec_base,dsuta,60,stage5ext_00243,b2366de045c2eb18ed349bee593e8f3a0c9038602bb8f13f2008fe4ff2087aaa4e5ac78379011510dc25d6a7bcd36a3a6ac86b35f0a27b886832c337d95f27d5,England English,england,"The word comes from ""krievs"", which means ""Russian"".",THE WORD COMES FROM CREEFS WHICH MEANS MASSHON,927ac65086ca64feec8dc573028a0f77d9e9515b8fbeb46cb9c5b45d4145b3e5
data2vec_base,dsuta,60,stage5ext_00244,b2366de045c2eb18ed349bee593e8f3a0c9038602bb8f13f2008fe4ff2087aaa4e5ac78379011510dc25d6a7bcd36a3a6ac86b35f0a27b886832c337d95f27d5,England English,england,"If he went before, he looked back.",IF HE WENT BEFORE HE LOOKED BACK,927ac65086ca64feec8dc573028a0f77d9e9515b8fbeb46cb9c5b45d4145b3e5
data2vec_base,dsuta,61,stage5ext_00245,b2366de045c2eb18ed349bee593e8f3a0c9038602bb8f13f2008fe4ff2087aaa4e5ac78379011510dc25d6a7bcd36a3a6ac86b35f0a27b886832c337d95f27d5,England English,england,It is the Artin root number.,IT IS THE ALCIAN RUGENUMBER,17c6cb7ef79dcaf55edac83e686cd80cab0b2a2a71ae168045c30a87ce9100da
data2vec_base,dsuta,61,stage5ext_00246,b2366de045c2eb18ed349bee593e8f3a0c9038602bb8f13f2008fe4ff2087aaa4e5ac78379011510dc25d6a7bcd36a3a6ac86b35f0a27b886832c337d95f27d5,England English,england,"Yet, we will ensure that one brutal dictator is not replaced by another.",YET WE WILL ENSURE THAT ONE BOT OF TITATOR IS NOT REPLACED BY ANOTHER,17c6cb7ef79dcaf55edac83e686cd80cab0b2a2a71ae168045c30a87ce9100da
data2vec_base,dsuta,61,stage5ext_00247,b2366de045c2eb18ed349bee593e8f3a0c9038602bb8f13f2008fe4ff2087aaa4e5ac78379011510dc25d6a7bcd36a3a6ac86b35f0a27b886832c337d95f27d5,England English,england,Mythic Legions is a fantasy line of action figures from Four Horsemen Studios.,MYTHIC LEGIONS IS A FANTASY LINE OF ACTION FIGURES FROM FOUR HORSEMEN STUDIOS,17c6cb7ef79dcaf55edac83e686cd80cab0b2a2a71ae168045c30a87ce9100da
data2vec_base,dsuta,61,stage5ext_00248,b2366de045c2eb18ed349bee593e8f3a0c9038602bb8f13f2008fe4ff2087aaa4e5ac78379011510dc25d6a7bcd36a3a6ac86b35f0a27b886832c337d95f27d5,England English,england,It is a simple scrape with no nest material used.,IT IS A SIMPLE SCRAPE WITH NO NEST MATERIAL USED,17c6cb7ef79dcaf55edac83e686cd80cab0b2a2a71ae168045c30a87ce9100da
data2vec_base,dsuta,62,stage5ext_00249,b2366de045c2eb18ed349bee593e8f3a0c9038602bb8f13f2008fe4ff2087aaa4e5ac78379011510dc25d6a7bcd36a3a6ac86b35f0a27b886832c337d95f27d5,England English,england,"He is the one who gives the gorilla the new name of ""Ishmael"".",HE IS THE ONE WHO GIVES TE KORINA THE NEW NAME OF ISHMAN,da73c7e28c8e0076c25b9b76a9442ee9e3c1a22c54a7b340a861c52001f76864
data2vec_base,dsuta,62,stage5ext_00250,b2366de045c2eb18ed349bee593e8f3a0c9038602bb8f13f2008fe4ff2087aaa4e5ac78379011510dc25d6a7bcd36a3a6ac86b35f0a27b886832c337d95f27d5,England English,england,The center was then called Smirnoff Music Centre.,THE CENTR WAS THEN CALLED SMANDOFF MUSIC SYNTIM,da73c7e28c8e0076c25b9b76a9442ee9e3c1a22c54a7b340a861c52001f76864
data2vec_base,dsuta,62,stage5ext_00251,b2366de045c2eb18ed349bee593e8f3a0c9038602bb8f13f2008fe4ff2087aaa4e5ac78379011510dc25d6a7bcd36a3a6ac86b35f0a27b886832c337d95f27d5,England English,england,"Also in these television series, Winnetou was played by Brice.",ALL SEIN THESE TEBTERS YO SERIS WEN SIR REPLIED BY BS,da73c7e28c8e0076c25b9b76a9442ee9e3c1a22c54a7b340a861c52001f76864
data2vec_base,dsuta,62,stage5ext_00252,b2366de045c2eb18ed349bee593e8f3a0c9038602bb8f13f2008fe4ff2087aaa4e5ac78379011510dc25d6a7bcd36a3a6ac86b35f0a27b886832c337d95f27d5,England English,england,The event is televised around the globe.,THE EVENT IS TENIVIZED AROUND THE GLOBE,da73c7e28c8e0076c25b9b76a9442ee9e3c1a22c54a7b340a861c52001f76864
data2vec_base,dsuta,63,stage5ext_00253,b2366de045c2eb18ed349bee593e8f3a0c9038602bb8f13f2008fe4ff2087aaa4e5ac78379011510dc25d6a7bcd36a3a6ac86b35f0a27b886832c337d95f27d5,England English,england,Matthews later started Newbridge Networks.,MATTHEW'S LATER STARTED NEWBIRIGEINET WORKS,ad13154ad004592e3ac37b83150a8116e7b6ed84b4095548490e3db1f7855dca
data2vec_base,dsuta,63,stage5ext_00254,b2366de045c2eb18ed349bee593e8f3a0c9038602bb8f13f2008fe4ff2087aaa4e5ac78379011510dc25d6a7bcd36a3a6ac86b35f0a27b886832c337d95f27d5,England English,england,Examples of this apparently ungrammatical usage can be found throughout the history of English.,EXAMPLES OF THIS APPARENTLY UNCROMATICAL USAGE CAN BE FOUND THROUGHOUT THE HISTORINGE,ad13154ad004592e3ac37b83150a8116e7b6ed84b4095548490e3db1f7855dca
data2vec_base,dsuta,63,stage5ext_00255,b2366de045c2eb18ed349bee593e8f3a0c9038602bb8f13f2008fe4ff2087aaa4e5ac78379011510dc25d6a7bcd36a3a6ac86b35f0a27b886832c337d95f27d5,England English,england,FaSinPat has been financially successful and able to expand.,FA SIN PAT HAS BEEN FINANCIALLY SUCCESSFUL AND ABLE TO EXPAND,ad13154ad004592e3ac37b83150a8116e7b6ed84b4095548490e3db1f7855dca
data2vec_base,dsuta,63,stage5ext_00256,94902b88a78c4f1863a7effcce3553303f5bb14d8d6eea7900eea1c261ebf3a2ea97f8d9ecfc4c58dbe683f2df36a1653231f495f7ad9cc38f9fe61a0b2275ac,England English,england,"Salmon is one of the most popular fish and very delicious, though usually not sustainable.",SALMON IS ONE OF THE MOST POPULAR FISH AND VERY DELICIOUS THOUGH USUALLY NOT SUSTAINABLE,ad13154ad004592e3ac37b83150a8116e7b6ed84b4095548490e3db1f7855dca
data2vec_base,dsuta,64,stage5ext_00257,94902b88a78c4f1863a7effcce3553303f5bb14d8d6eea7900eea1c261ebf3a2ea97f8d9ecfc4c58dbe683f2df36a1653231f495f7ad9cc38f9fe61a0b2275ac,England English,england,"It's such an unfair world, innit?",IT'S SUCH AN UNFAREWELL IN IT,a8575eee1dec5e3db36f7f248b916b637d4ac951496a0a97a03c3fab0ad3f3de
data2vec_base,dsuta,64,stage5ext_00258,94902b88a78c4f1863a7effcce3553303f5bb14d8d6eea7900eea1c261ebf3a2ea97f8d9ecfc4c58dbe683f2df36a1653231f495f7ad9cc38f9fe61a0b2275ac,England English,england,"A musical note sustained to its full length, with no break between it and the next note.",A MUSICAL NOTE SUSTAINED TO ITS FULL LENGTH WITH NO BREAK BETWEEN IT AND THE NEXT NOTE,a8575eee1dec5e3db36f7f248b916b637d4ac951496a0a97a03c3fab0ad3f3de
data2vec_base,dsuta,64,stage5ext_00259,94902b88a78c4f1863a7effcce3553303f5bb14d8d6eea7900eea1c261ebf3a2ea97f8d9ecfc4c58dbe683f2df36a1653231f495f7ad9cc38f9fe61a0b2275ac,England English,england,"After playing tennis in virtual reality, he felt dizzy.",AFTER PLAYING TENNYS IN VIRTUAL REALITY HE FELT DIZZY,a8575eee1dec5e3db36f7f248b916b637d4ac951496a0a97a03c3fab0ad3f3de
data2vec_base,dsuta,64,stage5ext_00260,94902b88a78c4f1863a7effcce3553303f5bb14d8d6eea7900eea1c261ebf3a2ea97f8d9ecfc4c58dbe683f2df36a1653231f495f7ad9cc38f9fe61a0b2275ac,England English,england,"Take a sponge, some dish liquid and a towel, then get to work!",TAKE A SPONGE SOME DISH LIQUID AND A TOWEL THEN GET TO WORK,a8575eee1dec5e3db36f7f248b916b637d4ac951496a0a97a03c3fab0ad3f3de
data2vec_base,dsuta,65,stage5ext_00261,94902b88a78c4f1863a7effcce3553303f5bb14d8d6eea7900eea1c261ebf3a2ea97f8d9ecfc4c58dbe683f2df36a1653231f495f7ad9cc38f9fe61a0b2275ac,England English,england,Have you seen Hollie?,HAVE YOU SEEN HALLEY,26fa9512a5cbfec010b01d852be87463563ffb8801cd269268b24ac2ad083b14
data2vec_base,dsuta,65,stage5ext_00262,94902b88a78c4f1863a7effcce3553303f5bb14d8d6eea7900eea1c261ebf3a2ea97f8d9ecfc4c58dbe683f2df36a1653231f495f7ad9cc38f9fe61a0b2275ac,England English,england,Do geese always fly in that formation?,DE GEESE ALWAYS FLY IN THAT FORMATION,26fa9512a5cbfec010b01d852be87463563ffb8801cd269268b24ac2ad083b14
data2vec_base,dsuta,65,stage5ext_00263,94902b88a78c4f1863a7effcce3553303f5bb14d8d6eea7900eea1c261ebf3a2ea97f8d9ecfc4c58dbe683f2df36a1653231f495f7ad9cc38f9fe61a0b2275ac,England English,england,"No one picked up, so I went by her place on the way here.",NO ONE PICKED UP SO WENT BY HER PLACE ON THE WAY HERE,26fa9512a5cbfec010b01d852be87463563ffb8801cd269268b24ac2ad083b14
data2vec_base,dsuta,65,stage5ext_00264,94902b88a78c4f1863a7effcce3553303f5bb14d8d6eea7900eea1c261ebf3a2ea97f8d9ecfc4c58dbe683f2df36a1653231f495f7ad9cc38f9fe61a0b2275ac,England English,england,Have I offended you?,HAVE I OFFENDED YOU,26fa9512a5cbfec010b01d852be87463563ffb8801cd269268b24ac2ad083b14
data2vec_base,dsuta,66,stage5ext_00265,94902b88a78c4f1863a7effcce3553303f5bb14d8d6eea7900eea1c261ebf3a2ea97f8d9ecfc4c58dbe683f2df36a1653231f495f7ad9cc38f9fe61a0b2275ac,England English,england,What does that mean?,WHAT DOES THAT MEAN,15b46eaca2adc3d8ff36fac7e79bd61cc5fb878f615ccf7ff77e953dc77e90a2
data2vec_base,dsuta,66,stage5ext_00266,94902b88a78c4f1863a7effcce3553303f5bb14d8d6eea7900eea1c261ebf3a2ea97f8d9ecfc4c58dbe683f2df36a1653231f495f7ad9cc38f9fe61a0b2275ac,England English,england,There's just one last bug I'd like to fix before I head home.,THERE'S JUST ONE LAST BUG I'D LIKE TO FIX BEFORE A HEAD HAM,15b46eaca2adc3d8ff36fac7e79bd61cc5fb878f615ccf7ff77e953dc77e90a2
data2vec_base,dsuta,66,stage5ext_00267,94902b88a78c4f1863a7effcce3553303f5bb14d8d6eea7900eea1c261ebf3a2ea97f8d9ecfc4c58dbe683f2df36a1653231f495f7ad9cc38f9fe61a0b2275ac,England English,england,I suspect this may be someone new making themselves known.,I SUSPECT THIS MAY BE SOMEONE NEW MAKING THEMSELVES KNOWN,15b46eaca2adc3d8ff36fac7e79bd61cc5fb878f615ccf7ff77e953dc77e90a2
data2vec_base,dsuta,66,stage5ext_00268,94902b88a78c4f1863a7effcce3553303f5bb14d8d6eea7900eea1c261ebf3a2ea97f8d9ecfc4c58dbe683f2df36a1653231f495f7ad9cc38f9fe61a0b2275ac,England English,england,"Clams are small, round, soft, and tasty.",CLAMS ARE SMALL ROUND SOFT AND TASTY,15b46eaca2adc3d8ff36fac7e79bd61cc5fb878f615ccf7ff77e953dc77e90a2
data2vec_base,dsuta,67,stage5ext_00269,94902b88a78c4f1863a7effcce3553303f5bb14d8d6eea7900eea1c261ebf3a2ea97f8d9ecfc4c58dbe683f2df36a1653231f495f7ad9cc38f9fe61a0b2275ac,England English,england,Can I get the sandwich without mayonnaise?,CAN I GET A SAME WICH WITHOUT MAONAIS,b71b6182d17cb8c3b9b8b50f4f3e1512a1e3ac2801e47b85cce925a20079ff75
data2vec_base,dsuta,67,stage5ext_00270,94902b88a78c4f1863a7effcce3553303f5bb14d8d6eea7900eea1c261ebf3a2ea97f8d9ecfc4c58dbe683f2df36a1653231f495f7ad9cc38f9fe61a0b2275ac,England English,england,"Here, let me show you around.",HERE LET ME SHOW YOU AROUND,b71b6182d17cb8c3b9b8b50f4f3e1512a1e3ac2801e47b85cce925a20079ff75
data2vec_base,dsuta,67,stage5ext_00271,3742174ae31b78b11558814a7196a5eec0f489ad3e728a2a125dd1a60c809a770eeaa758499c014bf728437835b4ea9c031a3a9c838b3882b35ed28744768ef3,England English,england,It will replace the existing train station hall inside the mall.,IT WILL REPLACE THE EXISTENT TRAIN STATION HALL INSIDE THEM ALL,b71b6182d17cb8c3b9b8b50f4f3e1512a1e3ac2801e47b85cce925a20079ff75
data2vec_base,dsuta,67,stage5ext_00272,3742174ae31b78b11558814a7196a5eec0f489ad3e728a2a125dd1a60c809a770eeaa758499c014bf728437835b4ea9c031a3a9c838b3882b35ed28744768ef3,England English,england,"Yes, it would be.",YES IT WOULD BE,b71b6182d17cb8c3b9b8b50f4f3e1512a1e3ac2801e47b85cce925a20079ff75
data2vec_base,dsuta,68,stage5ext_00273,3742174ae31b78b11558814a7196a5eec0f489ad3e728a2a125dd1a60c809a770eeaa758499c014bf728437835b4ea9c031a3a9c838b3882b35ed28744768ef3,England English,england,"The Google search bar is for searching, not for typing URLs!",ITHE GULS HER BORRO T IS FOR SEARCHING NOT FOR TYPE IN YOUR RALS,febb0ea0b388c70900e17d5209d97d7e3481b978a98715b5733696a51ef4dc5e
data2vec_base,dsuta,68,stage5ext_00274,3742174ae31b78b11558814a7196a5eec0f489ad3e728a2a125dd1a60c809a770eeaa758499c014bf728437835b4ea9c031a3a9c838b3882b35ed28744768ef3,England English,england,"C'mon, we need to turn on our GPS so we don't end up in the middle of nowhere.",COME ON WENT IN TO TURN ON OUG PIES SO WE DON'T END UP IN THE MIDDLE OF NAWWER,febb0ea0b388c70900e17d5209d97d7e3481b978a98715b5733696a51ef4dc5e
data2vec_base,dsuta,68,stage5ext_00275,3742174ae31b78b11558814a7196a5eec0f489ad3e728a2a125dd1a60c809a770eeaa758499c014bf728437835b4ea9c031a3a9c838b3882b35ed28744768ef3,England English,england,"After an avalanche buried the skiing resort, it was hard to determine its exact location.",OFTER ANVELANS RURITE SKY AND RESERT IT WAS HARD TO MIRE ITS EXICLICATION,febb0ea0b388c70900e17d5209d97d7e3481b978a98715b5733696a51ef4dc5e
data2vec_base,dsuta,68,stage5ext_00276,3742174ae31b78b11558814a7196a5eec0f489ad3e728a2a125dd1a60c809a770eeaa758499c014bf728437835b4ea9c031a3a9c838b3882b35ed28744768ef3,England English,england,Who has already arrived?,WHO HAS ALREADY ARRIVED,febb0ea0b388c70900e17d5209d97d7e3481b978a98715b5733696a51ef4dc5e
data2vec_base,dsuta,69,stage5ext_00277,3742174ae31b78b11558814a7196a5eec0f489ad3e728a2a125dd1a60c809a770eeaa758499c014bf728437835b4ea9c031a3a9c838b3882b35ed28744768ef3,England English,england,"I like reading about medical mysteries, don't you?",I LIKE READIN ABOUT MEDICAL MYSTERIES DON'T YOU,c3fc1b619761443621d659bd0dca2a1ec9cc13dd78b5e72e123e6980b3d14c6a
data2vec_base,dsuta,69,stage5ext_00278,3742174ae31b78b11558814a7196a5eec0f489ad3e728a2a125dd1a60c809a770eeaa758499c014bf728437835b4ea9c031a3a9c838b3882b35ed28744768ef3,England English,england,In a cataleptic trance.,IN THE GADELEPTIC TRENTS,c3fc1b619761443621d659bd0dca2a1ec9cc13dd78b5e72e123e6980b3d14c6a
data2vec_base,dsuta,69,stage5ext_00279,3742174ae31b78b11558814a7196a5eec0f489ad3e728a2a125dd1a60c809a770eeaa758499c014bf728437835b4ea9c031a3a9c838b3882b35ed28744768ef3,England English,england,"The thing is, nobody knew what was happening.",THIN IS NOBODY KNEW WHAT WAS HAPPENING,c3fc1b619761443621d659bd0dca2a1ec9cc13dd78b5e72e123e6980b3d14c6a
data2vec_base,dsuta,69,stage5ext_00280,3742174ae31b78b11558814a7196a5eec0f489ad3e728a2a125dd1a60c809a770eeaa758499c014bf728437835b4ea9c031a3a9c838b3882b35ed28744768ef3,England English,england,"Living alone, she made solitude her best friend.",LIVING THE LAWN SHE MADE SOLITUDE HER BEST FRIEND,c3fc1b619761443621d659bd0dca2a1ec9cc13dd78b5e72e123e6980b3d14c6a
data2vec_base,dsuta,70,stage5ext_00281,3742174ae31b78b11558814a7196a5eec0f489ad3e728a2a125dd1a60c809a770eeaa758499c014bf728437835b4ea9c031a3a9c838b3882b35ed28744768ef3,England English,england,She did her first scene with Peter North.,SHE DID HER FIRST SCENE WITH BITRONOTH,5aa8acc2b6f34c222a07c0a02b085fb9bd76ed62d87694c22a4967f97661a011
data2vec_base,dsuta,70,stage5ext_00282,3742174ae31b78b11558814a7196a5eec0f489ad3e728a2a125dd1a60c809a770eeaa758499c014bf728437835b4ea9c031a3a9c838b3882b35ed28744768ef3,England English,england,"Television can make you dumb, but it can also be good education.",TELIVISION CAN MAKE A DOUMP BUT IT CAN ALSO BE GOOD EDUCATION,5aa8acc2b6f34c222a07c0a02b085fb9bd76ed62d87694c22a4967f97661a011
data2vec_base,dsuta,70,stage5ext_00283,3742174ae31b78b11558814a7196a5eec0f489ad3e728a2a125dd1a60c809a770eeaa758499c014bf728437835b4ea9c031a3a9c838b3882b35ed28744768ef3,England English,england,"In a cinematic rope-down maneuver, the special forces overwhelmed the criminals.",IN THE CYNEMETIC ROPE DOWN MONE THE SPECIAL FORCES OVERHAUGED A GRIMINAS,5aa8acc2b6f34c222a07c0a02b085fb9bd76ed62d87694c22a4967f97661a011
data2vec_base,dsuta,70,stage5ext_00284,3742174ae31b78b11558814a7196a5eec0f489ad3e728a2a125dd1a60c809a770eeaa758499c014bf728437835b4ea9c031a3a9c838b3882b35ed28744768ef3,England English,england,What can have happened?,WHAT CAN HAVE HAPPENED,5aa8acc2b6f34c222a07c0a02b085fb9bd76ed62d87694c22a4967f97661a011
data2vec_base,dsuta,71,stage5ext_00285,3742174ae31b78b11558814a7196a5eec0f489ad3e728a2a125dd1a60c809a770eeaa758499c014bf728437835b4ea9c031a3a9c838b3882b35ed28744768ef3,England English,england,Now where could my pipe be?,NOW WHERE COULD MY PIE BE,b74756cebf961424ea18c0c6fa21f0716ce53ee94d384d7c9306bfdfc0e36916
data2vec_base,dsuta,71,stage5ext_00286,e52a28d767575f4c42c09ca60e1aeaca303322a7771a484213c006ee0297bc33805e0e8dfe177da9a618d61156c387a65a6530200eb9502866cd36c88293e84f,England English,england,I'd love to hear readers sing this.,I'D LOVE TO HEAR THE READERS SING THIS,b74756cebf961424ea18c0c6fa21f0716ce53ee94d384d7c9306bfdfc0e36916
data2vec_base,dsuta,71,stage5ext_00287,e52a28d767575f4c42c09ca60e1aeaca303322a7771a484213c006ee0297bc33805e0e8dfe177da9a618d61156c387a65a6530200eb9502866cd36c88293e84f,England English,england,The pup jerked the leash as he saw a feline shape.,THE PAP AJECKED THE LIEGE AS HE SAW A FELINE SHADE,b74756cebf961424ea18c0c6fa21f0716ce53ee94d384d7c9306bfdfc0e36916
data2vec_base,dsuta,71,stage5ext_00288,e52a28d767575f4c42c09ca60e1aeaca303322a7771a484213c006ee0297bc33805e0e8dfe177da9a618d61156c387a65a6530200eb9502866cd36c88293e84f,England English,england,"It's raining heavily, take an umbrella.",IT'S RAINING HEAVILY TAKE AN UMBRELLA,b74756cebf961424ea18c0c6fa21f0716ce53ee94d384d7c9306bfdfc0e36916
data2vec_base,dsuta,72,stage5ext_00289,e52a28d767575f4c42c09ca60e1aeaca303322a7771a484213c006ee0297bc33805e0e8dfe177da9a618d61156c387a65a6530200eb9502866cd36c88293e84f,England English,england,"Oh, I don't know.",OH I DON'T KNOW,542f63da6b4778c5ef5e5fb67c634e43ac2814a8160a9b561c9eafb3ef74094e
data2vec_base,dsuta,72,stage5ext_00290,e52a28d767575f4c42c09ca60e1aeaca303322a7771a484213c006ee0297bc33805e0e8dfe177da9a618d61156c387a65a6530200eb9502866cd36c88293e84f,England English,england,I have to work this Saturday.,I HAVE TO WORK THIS SATURDAY,542f63da6b4778c5ef5e5fb67c634e43ac2814a8160a9b561c9eafb3ef74094e
data2vec_base,dsuta,72,stage5ext_00291,e52a28d767575f4c42c09ca60e1aeaca303322a7771a484213c006ee0297bc33805e0e8dfe177da9a618d61156c387a65a6530200eb9502866cd36c88293e84f,England English,england,By twenty-twenty-two I expect the problem will be solved.,BY TWENTY TWENTY TWO I EXPECT THE PROBLEM WILL BE SOLVED,542f63da6b4778c5ef5e5fb67c634e43ac2814a8160a9b561c9eafb3ef74094e
data2vec_base,dsuta,72,stage5ext_00292,e52a28d767575f4c42c09ca60e1aeaca303322a7771a484213c006ee0297bc33805e0e8dfe177da9a618d61156c387a65a6530200eb9502866cd36c88293e84f,England English,england,The incubation period is typically about two weeks.,THE INCUBATION PERIOD IS TYPICALLY ABOUT TWO WEEKS,542f63da6b4778c5ef5e5fb67c634e43ac2814a8160a9b561c9eafb3ef74094e
data2vec_base,dsuta,73,stage5ext_00293,e52a28d767575f4c42c09ca60e1aeaca303322a7771a484213c006ee0297bc33805e0e8dfe177da9a618d61156c387a65a6530200eb9502866cd36c88293e84f,England English,england,The sink is the thing in which we pile dishes.,THE SINK IS THE THING IN WHICH WE PILE DISHES,364d1be5a298853839b61a586c80c0f25170853d6fb9b777343daef9317cfa7f
data2vec_base,dsuta,73,stage5ext_00294,e52a28d767575f4c42c09ca60e1aeaca303322a7771a484213c006ee0297bc33805e0e8dfe177da9a618d61156c387a65a6530200eb9502866cd36c88293e84f,England English,england,Rick was in the first aid club as a sixth-former.,RICK WAS IN THE FIRST AID CLUB AS A SIXTH FORMER,364d1be5a298853839b61a586c80c0f25170853d6fb9b777343daef9317cfa7f
data2vec_base,dsuta,73,stage5ext_00295,e52a28d767575f4c42c09ca60e1aeaca303322a7771a484213c006ee0297bc33805e0e8dfe177da9a618d61156c387a65a6530200eb9502866cd36c88293e84f,England English,england,"Hello, my name is Brenda.",HALLA MY NAME IS BRENDA,364d1be5a298853839b61a586c80c0f25170853d6fb9b777343daef9317cfa7f
data2vec_base,dsuta,73,stage5ext_00296,e52a28d767575f4c42c09ca60e1aeaca303322a7771a484213c006ee0297bc33805e0e8dfe177da9a618d61156c387a65a6530200eb9502866cd36c88293e84f,England English,england,Keep It Simple The KISS principal.,KEEP IT SIMPOLE THE KISS PRINCIPLE,364d1be5a298853839b61a586c80c0f25170853d6fb9b777343daef9317cfa7f
data2vec_base,dsuta,74,stage5ext_00297,e52a28d767575f4c42c09ca60e1aeaca303322a7771a484213c006ee0297bc33805e0e8dfe177da9a618d61156c387a65a6530200eb9502866cd36c88293e84f,England English,england,"If you experience further problems, please let me know.",IF YOU EXPERIENCE FURTHER PROBLEMS PLEASE LET ME KNOW,7f57edd34439375592eaf56b6ef785cb058f82594cf4c737719777bc953457ce
data2vec_base,dsuta,74,stage5ext_00298,e52a28d767575f4c42c09ca60e1aeaca303322a7771a484213c006ee0297bc33805e0e8dfe177da9a618d61156c387a65a6530200eb9502866cd36c88293e84f,England English,england,I did this to prevent cycling and encourage greater movement through the solution space.,I DID THIS TO PREVENT CYCLING AND ENCOURAGE GREATER MOVEMENT THROUGH THE SOLUTION SPACE,7f57edd34439375592eaf56b6ef785cb058f82594cf4c737719777bc953457ce
data2vec_base,dsuta,74,stage5ext_00299,e52a28d767575f4c42c09ca60e1aeaca303322a7771a484213c006ee0297bc33805e0e8dfe177da9a618d61156c387a65a6530200eb9502866cd36c88293e84f,England English,england,The dog was wagged its tail.,THE DOG WAS WAGGED ITS TAIL,7f57edd34439375592eaf56b6ef785cb058f82594cf4c737719777bc953457ce
data2vec_base,dsuta,74,stage5ext_00300,e52a28d767575f4c42c09ca60e1aeaca303322a7771a484213c006ee0297bc33805e0e8dfe177da9a618d61156c387a65a6530200eb9502866cd36c88293e84f,England English,england,The box is held by a bright red snapper.,THE BOX IS HELD BY A BRIGHT RED SNAPPER,7f57edd34439375592eaf56b6ef785cb058f82594cf4c737719777bc953457ce
data2vec_base,dsuta,75,stage5ext_00301,8f7e0c1a745bde3b6375473b87b997d5f687a8a0d9c28a96b8fd9b2db97634c0c09607da808a8e8a08588137234ce63b8a9e537fd15117628bc7cfca6ae12059,South Asian English,south_asian,"Also, oil and coal have hidden costs that others have to pay.",ALSO OIL AND COAL HAVE HEDDEN COSTS TAT OTHERS HAVE TO PAY,c652e5256d2d429692a9460cd57467ae2920a0db277f71ed786dcc0851f881c5
data2vec_base,dsuta,75,stage5ext_00302,8f7e0c1a745bde3b6375473b87b997d5f687a8a0d9c28a96b8fd9b2db97634c0c09607da808a8e8a08588137234ce63b8a9e537fd15117628bc7cfca6ae12059,South Asian English,south_asian,The rest of the site is now a gated community of up-market homes.,THE REST OF THE SIDE IS NOW A GAY DED COMMUNITY OF UP MARKE DOMS,c652e5256d2d429692a9460cd57467ae2920a0db277f71ed786dcc0851f881c5
data2vec_base,dsuta,75,stage5ext_00303,8f7e0c1a745bde3b6375473b87b997d5f687a8a0d9c28a96b8fd9b2db97634c0c09607da808a8e8a08588137234ce63b8a9e537fd15117628bc7cfca6ae12059,South Asian English,south_asian,"We first met each other under the Eiffel tower, it was magical.",WE FIRST TO MET EACH OTHER UNDER THE I FOR DABE IT WAS MAGICAL,c652e5256d2d429692a9460cd57467ae2920a0db277f71ed786dcc0851f881c5
data2vec_base,dsuta,75,stage5ext_00304,8f7e0c1a745bde3b6375473b87b997d5f687a8a0d9c28a96b8fd9b2db97634c0c09607da808a8e8a08588137234ce63b8a9e537fd15117628bc7cfca6ae12059,South Asian English,south_asian,"You know, singing karaoke with you makes me realize how good of a singer I am.",YOU KNOW SINGING KAROKE WITH YOU MAKES ME REALIZE HOW GOOD OF ASINGA I AM,c652e5256d2d429692a9460cd57467ae2920a0db277f71ed786dcc0851f881c5
data2vec_base,dsuta,76,stage5ext_00305,8f7e0c1a745bde3b6375473b87b997d5f687a8a0d9c28a96b8fd9b2db97634c0c09607da808a8e8a08588137234ce63b8a9e537fd15117628bc7cfca6ae12059,South Asian English,south_asian,Many rare shore birds breed here along the beaches.,MANY THEY ARE SORE BIRDS BREED HERE ALONG THE BEACHES,ba470bb7cecd22c7ddbdc07364fe17caa25451cfe70781e91dbab0cbc0a9c0c2
data2vec_base,dsuta,76,stage5ext_00306,8f7e0c1a745bde3b6375473b87b997d5f687a8a0d9c28a96b8fd9b2db97634c0c09607da808a8e8a08588137234ce63b8a9e537fd15117628bc7cfca6ae12059,South Asian English,south_asian,There is no legal recognition of same-sex couples explicitly in Venezuelan law.,THERE IS NO LEGAL RECOGNITION OF SAME SEX COUPLES EXPLICITLY IN VENUSULIAN LONE,ba470bb7cecd22c7ddbdc07364fe17caa25451cfe70781e91dbab0cbc0a9c0c2
data2vec_base,dsuta,76,stage5ext_00307,8f7e0c1a745bde3b6375473b87b997d5f687a8a0d9c28a96b8fd9b2db97634c0c09607da808a8e8a08588137234ce63b8a9e537fd15117628bc7cfca6ae12059,South Asian English,south_asian,"It was easy to see on the radiogram, that his bones were broken.",IT WAS EASY TO SEE ON THE DRADIOGROUND THAT HIS BONES WERE BROKEN,ba470bb7cecd22c7ddbdc07364fe17caa25451cfe70781e91dbab0cbc0a9c0c2
data2vec_base,dsuta,76,stage5ext_00308,8f7e0c1a745bde3b6375473b87b997d5f687a8a0d9c28a96b8fd9b2db97634c0c09607da808a8e8a08588137234ce63b8a9e537fd15117628bc7cfca6ae12059,South Asian English,south_asian,"However, ""Maggi goreng"" is cooked by stir-frying them with vegetables and eggs.",HOWEVER MAGGIE GORING IS COOKED BY SURPHRINE TEN BITDEBERS AND ECTS,ba470bb7cecd22c7ddbdc07364fe17caa25451cfe70781e91dbab0cbc0a9c0c2
data2vec_base,dsuta,77,stage5ext_00309,8f7e0c1a745bde3b6375473b87b997d5f687a8a0d9c28a96b8fd9b2db97634c0c09607da808a8e8a08588137234ce63b8a9e537fd15117628bc7cfca6ae12059,South Asian English,south_asian,with the University of the Hon.,WID THE UNIVERSITY OF THE HON,54736a94ba9189afc0c751a0d456e058a1e7e5c44e51692425e10520613e2ec0
data2vec_base,dsuta,77,stage5ext_00310,8f7e0c1a745bde3b6375473b87b997d5f687a8a0d9c28a96b8fd9b2db97634c0c09607da808a8e8a08588137234ce63b8a9e537fd15117628bc7cfca6ae12059,South Asian English,south_asian,"Bacon, pancakes and maple syrup is a hearty start to any day.",BACON PANCAKES AND MAPLE SYRUP IS A HEARTY START TO ANY DAY,54736a94ba9189afc0c751a0d456e058a1e7e5c44e51692425e10520613e2ec0
data2vec_base,dsuta,77,stage5ext_00311,8f7e0c1a745bde3b6375473b87b997d5f687a8a0d9c28a96b8fd9b2db97634c0c09607da808a8e8a08588137234ce63b8a9e537fd15117628bc7cfca6ae12059,South Asian English,south_asian,"Fortunately for us, our sun will continue to be around for a few billion years.",FORTUNATELY FOR US OUR SON WILL CONTINUE TO BE AROUND FOR A FEW BILLION YEARS,54736a94ba9189afc0c751a0d456e058a1e7e5c44e51692425e10520613e2ec0
data2vec_base,dsuta,77,stage5ext_00312,8f7e0c1a745bde3b6375473b87b997d5f687a8a0d9c28a96b8fd9b2db97634c0c09607da808a8e8a08588137234ce63b8a9e537fd15117628bc7cfca6ae12059,South Asian English,south_asian,Why can't I skip this damn intro?,WHY COULD I SKEEP THIS DAMN INTROL,54736a94ba9189afc0c751a0d456e058a1e7e5c44e51692425e10520613e2ec0
data2vec_base,dsuta,78,stage5ext_00313,8f7e0c1a745bde3b6375473b87b997d5f687a8a0d9c28a96b8fd9b2db97634c0c09607da808a8e8a08588137234ce63b8a9e537fd15117628bc7cfca6ae12059,South Asian English,south_asian,"They, too, had been carelessly left unbolted.",THEY TOO HAD BEEN CARELESSLY LEFT UNBOLTED,2886262ade4d471f4c4c02af01042ff24c8b6fdf627777a1fb63d951ff249b15
data2vec_base,dsuta,78,stage5ext_00314,8f7e0c1a745bde3b6375473b87b997d5f687a8a0d9c28a96b8fd9b2db97634c0c09607da808a8e8a08588137234ce63b8a9e537fd15117628bc7cfca6ae12059,South Asian English,south_asian,It is located in the Parque Patricios neighborhood of Buenos Aires.,IT IS LOCATED IN THE PARK PATRICIS NEIGHBORHOOD OF BUNIUS ARES,2886262ade4d471f4c4c02af01042ff24c8b6fdf627777a1fb63d951ff249b15
data2vec_base,dsuta,78,stage5ext_00315,8f7e0c1a745bde3b6375473b87b997d5f687a8a0d9c28a96b8fd9b2db97634c0c09607da808a8e8a08588137234ce63b8a9e537fd15117628bc7cfca6ae12059,South Asian English,south_asian,Williams is actively engaged in public service and philanthropy.,WILLIAMS IS ABSUELY ENGAGED IN PUBLIC SERVICE AND PILAN TROPI,2886262ade4d471f4c4c02af01042ff24c8b6fdf627777a1fb63d951ff249b15
data2vec_base,dsuta,78,stage5ext_00316,f6987deb24305a72a216ab20686f51f94b6f8705775768dd535e4da88ff7117abfe923d46999a076b82dd084f2eb5ae7185de770ddb184c4e3a01d5b6390da20,South Asian English,south_asian,These cars were all basically retrimmed Mercurys.,THESE CAUSE WER ALL BESITY OF ECHENT UCE,2886262ade4d471f4c4c02af01042ff24c8b6fdf627777a1fb63d951ff249b15
data2vec_base,dsuta,79,stage5ext_00317,f6987deb24305a72a216ab20686f51f94b6f8705775768dd535e4da88ff7117abfe923d46999a076b82dd084f2eb5ae7185de770ddb184c4e3a01d5b6390da20,South Asian English,south_asian,There are many small businesses throughout the small town that contribute to economic success.,THET AMENY SMALL BUSINESSIS THROUGHOUT THIS MOENT O ET CONTE YOU THROUGH THE ECONOMIC TESIS,0efb0a0e93ef71c7a9e72263f49cee23b41f37f6376bfa85f7ce1cf92604f2c9
data2vec_base,dsuta,79,stage5ext_00318,f6987deb24305a72a216ab20686f51f94b6f8705775768dd535e4da88ff7117abfe923d46999a076b82dd084f2eb5ae7185de770ddb184c4e3a01d5b6390da20,South Asian English,south_asian,Derivational morphology often involves the addition of a derivational suffix or other affix.,DEDUATION IN WHATPHOLOGY OFTEN IT WAS THE ADITIAN OFHER DEDIGATION OF SOPHICS OR OTHER EFHICS,0efb0a0e93ef71c7a9e72263f49cee23b41f37f6376bfa85f7ce1cf92604f2c9
data2vec_base,dsuta,79,stage5ext_00319,f6987deb24305a72a216ab20686f51f94b6f8705775768dd535e4da88ff7117abfe923d46999a076b82dd084f2eb5ae7185de770ddb184c4e3a01d5b6390da20,South Asian English,south_asian,The school sports mascot is the Gator.,THE SCOOTS TORTS MASTER IS TE GATA,0efb0a0e93ef71c7a9e72263f49cee23b41f37f6376bfa85f7ce1cf92604f2c9
data2vec_base,dsuta,79,stage5ext_00320,f6987deb24305a72a216ab20686f51f94b6f8705775768dd535e4da88ff7117abfe923d46999a076b82dd084f2eb5ae7185de770ddb184c4e3a01d5b6390da20,South Asian English,south_asian,The incident made him more aware of his future.,THE INDIDENT MADE HIM MOREVER OUTHHIS FUTS,0efb0a0e93ef71c7a9e72263f49cee23b41f37f6376bfa85f7ce1cf92604f2c9
data2vec_base,dsuta,80,stage5ext_00321,f6987deb24305a72a216ab20686f51f94b6f8705775768dd535e4da88ff7117abfe923d46999a076b82dd084f2eb5ae7185de770ddb184c4e3a01d5b6390da20,South Asian English,south_asian,Toronto Netball Club plays at Westlakes Netball Association.,TONANTONETPOLL GLOVE PLAYS AT BISLYSMITAL ASSOCIATION,c173f624e9e02fe4e0ab6854f01d6e07ea0935eb693fe6d866d35c6b12fb2577
data2vec_base,dsuta,80,stage5ext_00322,f6987deb24305a72a216ab20686f51f94b6f8705775768dd535e4da88ff7117abfe923d46999a076b82dd084f2eb5ae7185de770ddb184c4e3a01d5b6390da20,South Asian English,south_asian,He returned to the field for the final three games of the season.,SHADE DUNGE ON THE TREE FOR THE FINAN THEK GAMES OF THE SEASON,c173f624e9e02fe4e0ab6854f01d6e07ea0935eb693fe6d866d35c6b12fb2577
data2vec_base,dsuta,80,stage5ext_00323,f6987deb24305a72a216ab20686f51f94b6f8705775768dd535e4da88ff7117abfe923d46999a076b82dd084f2eb5ae7185de770ddb184c4e3a01d5b6390da20,South Asian English,south_asian,"His first season numbers were unimpressive, reflecting his rookie status.",HIS FIRST SEASON NUMBERS WERE UNIMPLISI EFECTINUS HUPICHINUS,c173f624e9e02fe4e0ab6854f01d6e07ea0935eb693fe6d866d35c6b12fb2577
data2vec_base,dsuta,80,stage5ext_00324,f6987deb24305a72a216ab20686f51f94b6f8705775768dd535e4da88ff7117abfe923d46999a076b82dd084f2eb5ae7185de770ddb184c4e3a01d5b6390da20,South Asian English,south_asian,Two thousand copies of the album were available on the band's website.,TWO THOUSAND COFFIES OF THE ALBUM THAT A A LITTLE ONINANTO THEIR SITE,c173f624e9e02fe4e0ab6854f01d6e07ea0935eb693fe6d866d35c6b12fb2577
data2vec_base,dsuta,81,stage5ext_00325,f6987deb24305a72a216ab20686f51f94b6f8705775768dd535e4da88ff7117abfe923d46999a076b82dd084f2eb5ae7185de770ddb184c4e3a01d5b6390da20,South Asian English,south_asian,"With Lajoie gone, the club needed a new name.",WITH LAJUI GON THE BLUK NEEDED A NEW GING,52639deb70d3265f4495cfd2b62297593a2f53d67edb75a9675db8504e5469c1
data2vec_base,dsuta,81,stage5ext_00326,f6987deb24305a72a216ab20686f51f94b6f8705775768dd535e4da88ff7117abfe923d46999a076b82dd084f2eb5ae7185de770ddb184c4e3a01d5b6390da20,South Asian English,south_asian,Pendergrass got well-wishes from thousands of his fans during his recovery.,SENSAGRAS COR ZAVISHES FROM BODANTS WITH THIS MAN MUTING IS VICTORY,52639deb70d3265f4495cfd2b62297593a2f53d67edb75a9675db8504e5469c1
data2vec_base,dsuta,81,stage5ext_00327,f6987deb24305a72a216ab20686f51f94b6f8705775768dd535e4da88ff7117abfe923d46999a076b82dd084f2eb5ae7185de770ddb184c4e3a01d5b6390da20,South Asian English,south_asian,The third phase involves converting Hughes Hall into office space.,THAT THORD FEES INVULSE UNBOTINKUJIS WALLED IN TO OLFO SPACE,52639deb70d3265f4495cfd2b62297593a2f53d67edb75a9675db8504e5469c1
data2vec_base,dsuta,81,stage5ext_00328,f6987deb24305a72a216ab20686f51f94b6f8705775768dd535e4da88ff7117abfe923d46999a076b82dd084f2eb5ae7185de770ddb184c4e3a01d5b6390da20,South Asian English,south_asian,They used the sharks that followed the ships as a terror weapon.,THEY USED THE SHARTS THAT FOLLOWED THER SHIPS AS AT ELVEVEN,52639deb70d3265f4495cfd2b62297593a2f53d67edb75a9675db8504e5469c1
data2vec_base,dsuta,82,stage5ext_00329,f6987deb24305a72a216ab20686f51f94b6f8705775768dd535e4da88ff7117abfe923d46999a076b82dd084f2eb5ae7185de770ddb184c4e3a01d5b6390da20,South Asian English,south_asian,"They had eight children, five of whom survived to adulthood.",THEY HAD EIGHT CHILDREN BY MO A SO LIVE TO ADED HOOD,7c90d8e5f27ff8379984844ff189f0d8cba360e8c280946e93c58ceb105bc195
data2vec_base,dsuta,82,stage5ext_00330,f6987deb24305a72a216ab20686f51f94b6f8705775768dd535e4da88ff7117abfe923d46999a076b82dd084f2eb5ae7185de770ddb184c4e3a01d5b6390da20,South Asian English,south_asian,The island is now uninhabited and managed as a bird reserve.,THE IDA IS NO ANINABIGAT AN MANIJUS ABOVE THE SLO,7c90d8e5f27ff8379984844ff189f0d8cba360e8c280946e93c58ceb105bc195
data2vec_base,dsuta,82,stage5ext_00331,746bd7c2bd64e7fde7dda173976ca80e97a1875f7571a836827b832c1609da3c16be48a0bbf11e310ba7f262e77841dc8e70360283da6a0100631e2ac4760956,South Asian English,south_asian,Buckingham was also particularly proud of the Spanish guitar solo.,BUCKINGHAM WAS ALSO PARTICULARLY PROUD OF THE SPANISH CITAR SOLO,7c90d8e5f27ff8379984844ff189f0d8cba360e8c280946e93c58ceb105bc195
data2vec_base,dsuta,82,stage5ext_00332,746bd7c2bd64e7fde7dda173976ca80e97a1875f7571a836827b832c1609da3c16be48a0bbf11e310ba7f262e77841dc8e70360283da6a0100631e2ac4760956,South Asian English,south_asian,"Also known as Herbert, Borchardt initially studied Architecture and later Egyptology under Adolf Erman.",ALSO KNOWN AS HERBERT BORSHARK INITIALLY STUDIED ARCHITECTURE AND LATER EGYCTOLOGY UNDER ADOLF ERMANT,7c90d8e5f27ff8379984844ff189f0d8cba360e8c280946e93c58ceb105bc195
data2vec_base,dsuta,83,stage5ext_00333,746bd7c2bd64e7fde7dda173976ca80e97a1875f7571a836827b832c1609da3c16be48a0bbf11e310ba7f262e77841dc8e70360283da6a0100631e2ac4760956,South Asian English,south_asian,"Publicised nationwide, Gladstone's message became that of the party.",POBLISIS NATION WADE GLADSTONE'S MESSAGE BECAME THAT OF THE PARTY,d526bd721279282916d4307fa7123326f8ca26464495e94b4bd555da324aa1d9
data2vec_base,dsuta,83,stage5ext_00334,746bd7c2bd64e7fde7dda173976ca80e97a1875f7571a836827b832c1609da3c16be48a0bbf11e310ba7f262e77841dc8e70360283da6a0100631e2ac4760956,South Asian English,south_asian,McGrath is a friend and fan of Ralph McTell.,MARGARET IS A FRIEND AND FAN OF RALPH MACDODE,d526bd721279282916d4307fa7123326f8ca26464495e94b4bd555da324aa1d9
data2vec_base,dsuta,83,stage5ext_00335,746bd7c2bd64e7fde7dda173976ca80e97a1875f7571a836827b832c1609da3c16be48a0bbf11e310ba7f262e77841dc8e70360283da6a0100631e2ac4760956,South Asian English,south_asian,His family later moved to Los Angeles and he attended Fairfax High School.,HIS FAMILY LAD HER MORE TO LOS ANGELES AND HE ATTENDED FAIRFAX ASPO,d526bd721279282916d4307fa7123326f8ca26464495e94b4bd555da324aa1d9
data2vec_base,dsuta,83,stage5ext_00336,746bd7c2bd64e7fde7dda173976ca80e97a1875f7571a836827b832c1609da3c16be48a0bbf11e310ba7f262e77841dc8e70360283da6a0100631e2ac4760956,South Asian English,south_asian,The grape originated as a cross of Syrah pollen germinating a Peloursin plant.,THE GRAVE ORIGINATED AS HE CROSS OF SERAR POLAND GERMINATING A PELOSIN PLANT,d526bd721279282916d4307fa7123326f8ca26464495e94b4bd555da324aa1d9
data2vec_base,dsuta,84,stage5ext_00337,746bd7c2bd64e7fde7dda173976ca80e97a1875f7571a836827b832c1609da3c16be48a0bbf11e310ba7f262e77841dc8e70360283da6a0100631e2ac4760956,South Asian English,south_asian,The main gate is located in the center of the south curtain wall.,THE MAIN GATE IS LOCATED IN THE CENTRE OF THE SOUTHGIRTON WALL,870837b1172f7b2f0bc298240297557f5df2ff81110dca38198d9cef3a82e673
data2vec_base,dsuta,84,stage5ext_00338,746bd7c2bd64e7fde7dda173976ca80e97a1875f7571a836827b832c1609da3c16be48a0bbf11e310ba7f262e77841dc8e70360283da6a0100631e2ac4760956,South Asian English,south_asian,Ferrers made many contributions to mathematical literature.,FERERS MADE MANY CONTRIBUTIONS TO MATHEMATICAL LITERATURE,870837b1172f7b2f0bc298240297557f5df2ff81110dca38198d9cef3a82e673
data2vec_base,dsuta,84,stage5ext_00339,746bd7c2bd64e7fde7dda173976ca80e97a1875f7571a836827b832c1609da3c16be48a0bbf11e310ba7f262e77841dc8e70360283da6a0100631e2ac4760956,South Asian English,south_asian,"Prokosch was born in Madison, Wisconsin, into an intellectual family that travelled widely.",BU OCOSH WAS BORN IN MADICINE MISS CONSIN INTO AN INTELLECTUAL FAMILY THAT TRAVELLED WIDELY,870837b1172f7b2f0bc298240297557f5df2ff81110dca38198d9cef3a82e673
data2vec_base,dsuta,84,stage5ext_00340,746bd7c2bd64e7fde7dda173976ca80e97a1875f7571a836827b832c1609da3c16be48a0bbf11e310ba7f262e77841dc8e70360283da6a0100631e2ac4760956,South Asian English,south_asian,Britain sends three big-game hunters to kill the lions.,BRITON SENDS THREE BIG GAME HUNTERS TO KILL THE LIONS,870837b1172f7b2f0bc298240297557f5df2ff81110dca38198d9cef3a82e673
data2vec_base,dsuta,85,stage5ext_00341,746bd7c2bd64e7fde7dda173976ca80e97a1875f7571a836827b832c1609da3c16be48a0bbf11e310ba7f262e77841dc8e70360283da6a0100631e2ac4760956,South Asian English,south_asian,The French colonial government gave land away to soldiers and settlers.,FRENCH COLONIAL GOVERNMENT GAVE LAND AVAY TO SOLDIERS AND SAT LOUSE,5f0592f6a1bbbdddf24f83a56fb8e7a428bdd0263d4816b5cd4e64aee65cf9c7
data2vec_base,dsuta,85,stage5ext_00342,746bd7c2bd64e7fde7dda173976ca80e97a1875f7571a836827b832c1609da3c16be48a0bbf11e310ba7f262e77841dc8e70360283da6a0100631e2ac4760956,South Asian English,south_asian,A Fermilab initiative to seek out cost effective computing for the Tevatron.,O FIRM ILAB INITIATIVE TO SEEK OUTCAUSE E FECTILE COMPUTING FOR THE TERRID DRAWN,5f0592f6a1bbbdddf24f83a56fb8e7a428bdd0263d4816b5cd4e64aee65cf9c7
data2vec_base,dsuta,85,stage5ext_00343,746bd7c2bd64e7fde7dda173976ca80e97a1875f7571a836827b832c1609da3c16be48a0bbf11e310ba7f262e77841dc8e70360283da6a0100631e2ac4760956,South Asian English,south_asian,"The Shaw collection is housed at the university's duPont-Ball library in DeLand, Florida.",THE SHORE COLLECTION IS HOUSED AT THE ANIMESTIS TUPORM BALL LIBRARY IN DILA TROLIDUP,5f0592f6a1bbbdddf24f83a56fb8e7a428bdd0263d4816b5cd4e64aee65cf9c7
data2vec_base,dsuta,85,stage5ext_00344,746bd7c2bd64e7fde7dda173976ca80e97a1875f7571a836827b832c1609da3c16be48a0bbf11e310ba7f262e77841dc8e70360283da6a0100631e2ac4760956,South Asian English,south_asian,"He now lives in Toronto, Ontario.",HE NOW LIVES IN TORBANTAU ON TARIO,5f0592f6a1bbbdddf24f83a56fb8e7a428bdd0263d4816b5cd4e64aee65cf9c7
data2vec_base,dsuta,86,stage5ext_00345,746bd7c2bd64e7fde7dda173976ca80e97a1875f7571a836827b832c1609da3c16be48a0bbf11e310ba7f262e77841dc8e70360283da6a0100631e2ac4760956,South Asian English,south_asian,"The British called such weapons ""Pass-made rifles"".",THE BRITISH CALLED SUCH WEAPONS PASS ME TRIFLES,327b60e7f162ed8562074c29fd040eaa4fba296630bb1dd953361ce2f4455e60
data2vec_base,dsuta,86,stage5ext_00346,02a40eed38bf20ab1ddca1a5c60f5b2cadd5455be21c7a1ab8e87d65a6fec68495c0d24d8fecdfe3f9d132fdfa842dba33dca093df21b19f3d325519779d13d0,South Asian English,south_asian,"The women of ""Survivor"" deserved better.",THE WOMEN OF SURVIVOR DESERVE BETTE,327b60e7f162ed8562074c29fd040eaa4fba296630bb1dd953361ce2f4455e60
data2vec_base,dsuta,86,stage5ext_00347,02a40eed38bf20ab1ddca1a5c60f5b2cadd5455be21c7a1ab8e87d65a6fec68495c0d24d8fecdfe3f9d132fdfa842dba33dca093df21b19f3d325519779d13d0,South Asian English,south_asian,His great knowledge and immense industry are shown throughout its pages.,HIS GREAT KNOWLEDGE AND IMMENSE INDUSTRY ARE SHOWN THROUGHOUT ITS PAGES,327b60e7f162ed8562074c29fd040eaa4fba296630bb1dd953361ce2f4455e60
data2vec_base,dsuta,86,stage5ext_00348,02a40eed38bf20ab1ddca1a5c60f5b2cadd5455be21c7a1ab8e87d65a6fec68495c0d24d8fecdfe3f9d132fdfa842dba33dca093df21b19f3d325519779d13d0,South Asian English,south_asian,Other African examples may be found in Nigeria and East Africa.,OTHER AFRICAN EXAMPLES MAY BE FOUND IN AGITI AND EAST AFRICA,327b60e7f162ed8562074c29fd040eaa4fba296630bb1dd953361ce2f4455e60
data2vec_base,dsuta,87,stage5ext_00349,02a40eed38bf20ab1ddca1a5c60f5b2cadd5455be21c7a1ab8e87d65a6fec68495c0d24d8fecdfe3f9d132fdfa842dba33dca093df21b19f3d325519779d13d0,South Asian English,south_asian,Enrico Ferri is the father of four children.,INRCOFERI'S FATHER OF FOUR CHILDREN,f7f6dfc6f0a305a5c606770ed07d6676e392c6557552c8de26c379614381fe50
data2vec_base,dsuta,87,stage5ext_00350,02a40eed38bf20ab1ddca1a5c60f5b2cadd5455be21c7a1ab8e87d65a6fec68495c0d24d8fecdfe3f9d132fdfa842dba33dca093df21b19f3d325519779d13d0,South Asian English,south_asian,It has been found in the English Channel and the Gulf of Mexico.,IT HAS BEEN FOUND IN THE ENGLISH ANAN AND THE GULF OF MEXICO,f7f6dfc6f0a305a5c606770ed07d6676e392c6557552c8de26c379614381fe50
data2vec_base,dsuta,87,stage5ext_00351,02a40eed38bf20ab1ddca1a5c60f5b2cadd5455be21c7a1ab8e87d65a6fec68495c0d24d8fecdfe3f9d132fdfa842dba33dca093df21b19f3d325519779d13d0,South Asian English,south_asian,Her work has also appeared on postage stamps produced by the Czech Republic.,HABURK HAS ALSO APPEARED ON POSTAGE STAMPS PRODUCED BY THE SACREPUBLIC,f7f6dfc6f0a305a5c606770ed07d6676e392c6557552c8de26c379614381fe50
data2vec_base,dsuta,87,stage5ext_00352,02a40eed38bf20ab1ddca1a5c60f5b2cadd5455be21c7a1ab8e87d65a6fec68495c0d24d8fecdfe3f9d132fdfa842dba33dca093df21b19f3d325519779d13d0,South Asian English,south_asian,Mathilda Ebeling,MATILDA EBLING,f7f6dfc6f0a305a5c606770ed07d6676e392c6557552c8de26c379614381fe50
data2vec_base,dsuta,88,stage5ext_00353,02a40eed38bf20ab1ddca1a5c60f5b2cadd5455be21c7a1ab8e87d65a6fec68495c0d24d8fecdfe3f9d132fdfa842dba33dca093df21b19f3d325519779d13d0,South Asian English,south_asian,Behra also set pole and fastest lap.,BEHARA ALSO SET POLD AND FAST ID SLAP,f2f0430aef53987df73fe95d68a5f9cff5586d250e0c71cc665f130452dfc954
data2vec_base,dsuta,88,stage5ext_00354,02a40eed38bf20ab1ddca1a5c60f5b2cadd5455be21c7a1ab8e87d65a6fec68495c0d24d8fecdfe3f9d132fdfa842dba33dca093df21b19f3d325519779d13d0,South Asian English,south_asian,All of his brothers were fighters.,ALL HIS BROTHERS WERE FIGHTERS,f2f0430aef53987df73fe95d68a5f9cff5586d250e0c71cc665f130452dfc954
data2vec_base,dsuta,88,stage5ext_00355,02a40eed38bf20ab1ddca1a5c60f5b2cadd5455be21c7a1ab8e87d65a6fec68495c0d24d8fecdfe3f9d132fdfa842dba33dca093df21b19f3d325519779d13d0,South Asian English,south_asian,In general they tended to rather large format.,IN GENERAL THEY TENDED TO RATHER LARGE FOMAG,f2f0430aef53987df73fe95d68a5f9cff5586d250e0c71cc665f130452dfc954
data2vec_base,dsuta,88,stage5ext_00356,02a40eed38bf20ab1ddca1a5c60f5b2cadd5455be21c7a1ab8e87d65a6fec68495c0d24d8fecdfe3f9d132fdfa842dba33dca093df21b19f3d325519779d13d0,South Asian English,south_asian,Downey posted the picture on Instagram and received requests for the pattern.,DOWNHI POSTED THE PICTURE ON INCH OF GRAM AND RECEIVED REQUEST FOR THE PATTERN,f2f0430aef53987df73fe95d68a5f9cff5586d250e0c71cc665f130452dfc954
data2vec_base,dsuta,89,stage5ext_00357,02a40eed38bf20ab1ddca1a5c60f5b2cadd5455be21c7a1ab8e87d65a6fec68495c0d24d8fecdfe3f9d132fdfa842dba33dca093df21b19f3d325519779d13d0,South Asian English,south_asian,She did not like children and tried to hide it.,SHE DID NOT LIKE CHILDREN AND TRIED TO HIDE IT,afe2cb1fdd42f83fa17040392a029754ac854466df39c1d34ee6d61256f3d1ce
data2vec_base,dsuta,89,stage5ext_00358,02a40eed38bf20ab1ddca1a5c60f5b2cadd5455be21c7a1ab8e87d65a6fec68495c0d24d8fecdfe3f9d132fdfa842dba33dca093df21b19f3d325519779d13d0,South Asian English,south_asian,Today the church still retains many of its historic features.,TULY THE CHURCH STILL REPAINS WHEN HE OFFERS HISTRATIC FEATURES,afe2cb1fdd42f83fa17040392a029754ac854466df39c1d34ee6d61256f3d1ce
data2vec_base,dsuta,89,stage5ext_00359,02a40eed38bf20ab1ddca1a5c60f5b2cadd5455be21c7a1ab8e87d65a6fec68495c0d24d8fecdfe3f9d132fdfa842dba33dca093df21b19f3d325519779d13d0,South Asian English,south_asian,The two also had used the same choreographer.,THE TWO ALSO HAD USED THE SAME KOREOGRYPHE,afe2cb1fdd42f83fa17040392a029754ac854466df39c1d34ee6d61256f3d1ce
data2vec_base,dsuta,89,stage5ext_00360,02a40eed38bf20ab1ddca1a5c60f5b2cadd5455be21c7a1ab8e87d65a6fec68495c0d24d8fecdfe3f9d132fdfa842dba33dca093df21b19f3d325519779d13d0,South Asian English,south_asian,Murom is the nearest rural locality.,MORA IS A NEARESRURAL LOCALITY,afe2cb1fdd42f83fa17040392a029754ac854466df39c1d34ee6d61256f3d1ce
data2vec_base,dsuta,90,stage5ext_00361,aaf1e4c69fbd1d1faf2fcbf3500fe62c714695d030ca2f945ff72ef0c02adfc3ff3b57023bc8367965617d4ca057efc9c9a11733d05858f18602fdc792ae9d84,South Asian English,south_asian,We will not have any money left.,WE WILL NOT HAVE ANY MONEY LEFT,3e7a1f1e697739440cedef60c0677141219db12e9f4fa8813eb3749300c5e90c
data2vec_base,dsuta,90,stage5ext_00362,aaf1e4c69fbd1d1faf2fcbf3500fe62c714695d030ca2f945ff72ef0c02adfc3ff3b57023bc8367965617d4ca057efc9c9a11733d05858f18602fdc792ae9d84,South Asian English,south_asian,A magistrate.,A MAGISTRATE,3e7a1f1e697739440cedef60c0677141219db12e9f4fa8813eb3749300c5e90c
data2vec_base,dsuta,90,stage5ext_00363,aaf1e4c69fbd1d1faf2fcbf3500fe62c714695d030ca2f945ff72ef0c02adfc3ff3b57023bc8367965617d4ca057efc9c9a11733d05858f18602fdc792ae9d84,South Asian English,south_asian,I know Daniel quite well.,I KNOW DANIEL QUITE WELL,3e7a1f1e697739440cedef60c0677141219db12e9f4fa8813eb3749300c5e90c
data2vec_base,dsuta,90,stage5ext_00364,aaf1e4c69fbd1d1faf2fcbf3500fe62c714695d030ca2f945ff72ef0c02adfc3ff3b57023bc8367965617d4ca057efc9c9a11733d05858f18602fdc792ae9d84,South Asian English,south_asian,Mary found the website and showed it to Daniel.,MARY FONDEWET SIGHED AND SHOWED IT TO DANIIL,3e7a1f1e697739440cedef60c0677141219db12e9f4fa8813eb3749300c5e90c
data2vec_base,dsuta,91,stage5ext_00365,aaf1e4c69fbd1d1faf2fcbf3500fe62c714695d030ca2f945ff72ef0c02adfc3ff3b57023bc8367965617d4ca057efc9c9a11733d05858f18602fdc792ae9d84,South Asian English,south_asian,"If you experience further problems, please let me know.",IF YOU EXPERIENCE FURTHER PROBLEMS PLEASE LET ME KNOW,1fa3f566576083fd7ba09c1386da3f4221fc54c98eec91ac32bf38eef1dca1c6
data2vec_base,dsuta,91,stage5ext_00366,aaf1e4c69fbd1d1faf2fcbf3500fe62c714695d030ca2f945ff72ef0c02adfc3ff3b57023bc8367965617d4ca057efc9c9a11733d05858f18602fdc792ae9d84,South Asian English,south_asian,Debra is a explorer that has been all over the world.,DEBRYCE EXPLORER THAT HAS BEEN ALL OVER THE WORLD,1fa3f566576083fd7ba09c1386da3f4221fc54c98eec91ac32bf38eef1dca1c6
data2vec_base,dsuta,91,stage5ext_00367,aaf1e4c69fbd1d1faf2fcbf3500fe62c714695d030ca2f945ff72ef0c02adfc3ff3b57023bc8367965617d4ca057efc9c9a11733d05858f18602fdc792ae9d84,South Asian English,south_asian,Albert Einstein's famous equation E equals MC squared is one of the best known equations in physics.,ALBERTINSTEINS FAMOUS ECRUATION EICOSM SISQUIET IS ONE OF THE BEST KNOWN ACREATIONS IN PHYSICS,1fa3f566576083fd7ba09c1386da3f4221fc54c98eec91ac32bf38eef1dca1c6
data2vec_base,dsuta,91,stage5ext_00368,aaf1e4c69fbd1d1faf2fcbf3500fe62c714695d030ca2f945ff72ef0c02adfc3ff3b57023bc8367965617d4ca057efc9c9a11733d05858f18602fdc792ae9d84,South Asian English,south_asian,One good turn deserves another.,ONE GOOD TURN DISOLSE ANOTHER,1fa3f566576083fd7ba09c1386da3f4221fc54c98eec91ac32bf38eef1dca1c6
data2vec_base,dsuta,92,stage5ext_00369,aaf1e4c69fbd1d1faf2fcbf3500fe62c714695d030ca2f945ff72ef0c02adfc3ff3b57023bc8367965617d4ca057efc9c9a11733d05858f18602fdc792ae9d84,South Asian English,south_asian,It has been so long since I have seen you!,IT HAS BEEN SO LONG SINCE I HAVE SEEN YOU,fa4680e093b29f05e6f9a934f952ddd46e31a11732a76ac953a849b1bab1622b
data2vec_base,dsuta,92,stage5ext_00370,aaf1e4c69fbd1d1faf2fcbf3500fe62c714695d030ca2f945ff72ef0c02adfc3ff3b57023bc8367965617d4ca057efc9c9a11733d05858f18602fdc792ae9d84,South Asian English,south_asian,William Shakespeare was an English poet and playwright that lived during the late sixteenth century.,WILLIAM SHAKESPEARE WAS AN ENGLISH BIDE AN PLAIRY THAT LIVED DURING THE LATE SIXTEENTH CENTURY,fa4680e093b29f05e6f9a934f952ddd46e31a11732a76ac953a849b1bab1622b
data2vec_base,dsuta,92,stage5ext_00371,aaf1e4c69fbd1d1faf2fcbf3500fe62c714695d030ca2f945ff72ef0c02adfc3ff3b57023bc8367965617d4ca057efc9c9a11733d05858f18602fdc792ae9d84,South Asian English,south_asian,The pup jerked the leash as he saw a feline shape.,THE PUB JERKED THE LESH AS HE SAW A FALINTRY,fa4680e093b29f05e6f9a934f952ddd46e31a11732a76ac953a849b1bab1622b
data2vec_base,dsuta,92,stage5ext_00372,aaf1e4c69fbd1d1faf2fcbf3500fe62c714695d030ca2f945ff72ef0c02adfc3ff3b57023bc8367965617d4ca057efc9c9a11733d05858f18602fdc792ae9d84,South Asian English,south_asian,Forty on Thursday is the name of the event.,FORTY ON TULSTER IS THE NAME OF THE EVENT,fa4680e093b29f05e6f9a934f952ddd46e31a11732a76ac953a849b1bab1622b
data2vec_base,dsuta,93,stage5ext_00373,aaf1e4c69fbd1d1faf2fcbf3500fe62c714695d030ca2f945ff72ef0c02adfc3ff3b57023bc8367965617d4ca057efc9c9a11733d05858f18602fdc792ae9d84,South Asian English,south_asian,The largest town is Abergavenny.,THE LARGEST TOWEL IS ABEGAMNY,89c990e8fbe7e48e7ca375084fcedd256e3bcabad18f5dff0a32540173cbb9af
data2vec_base,dsuta,93,stage5ext_00374,aaf1e4c69fbd1d1faf2fcbf3500fe62c714695d030ca2f945ff72ef0c02adfc3ff3b57023bc8367965617d4ca057efc9c9a11733d05858f18602fdc792ae9d84,South Asian English,south_asian,No one has ever done it before.,NO ONE HAS EVER DONE IT BEFORE,89c990e8fbe7e48e7ca375084fcedd256e3bcabad18f5dff0a32540173cbb9af
data2vec_base,dsuta,93,stage5ext_00375,aaf1e4c69fbd1d1faf2fcbf3500fe62c714695d030ca2f945ff72ef0c02adfc3ff3b57023bc8367965617d4ca057efc9c9a11733d05858f18602fdc792ae9d84,South Asian English,south_asian,Two men spoke in Arabic while having a drink at the bar.,TWO MEN SPALK IN ARABIG WHILE HAVING A DRINK AT THE BALL,89c990e8fbe7e48e7ca375084fcedd256e3bcabad18f5dff0a32540173cbb9af
data2vec_base,dsuta,93,stage5ext_00376,f7e25829f749c01cdf81e5c9cba92ab80af25ba7120bdb943094d45b56be1cc3b516ca22cc0a4aed4934a1c9af35e152ecc95a58b32ce448662acabb5b87bc76,South Asian English,south_asian,But you want to know something?,BUT YOU WANT TO KNOW SOMETHING,89c990e8fbe7e48e7ca375084fcedd256e3bcabad18f5dff0a32540173cbb9af
data2vec_base,dsuta,94,stage5ext_00377,f7e25829f749c01cdf81e5c9cba92ab80af25ba7120bdb943094d45b56be1cc3b516ca22cc0a4aed4934a1c9af35e152ecc95a58b32ce448662acabb5b87bc76,South Asian English,south_asian,The giraffe had become fearful.,THE GIRAFF HAD BECOME FEARFUL,fcf2bb541332122bf39cf19524ec6e6ce38a56a84aec60c84a440c7b36e2cd49
data2vec_base,dsuta,94,stage5ext_00378,f7e25829f749c01cdf81e5c9cba92ab80af25ba7120bdb943094d45b56be1cc3b516ca22cc0a4aed4934a1c9af35e152ecc95a58b32ce448662acabb5b87bc76,South Asian English,south_asian,Our deadline is coming up rapidly and we will need help.,OUR DEAD LIN IS COMING UP RAPIDLY AND WE WILL NEED HELP,fcf2bb541332122bf39cf19524ec6e6ce38a56a84aec60c84a440c7b36e2cd49
data2vec_base,dsuta,94,stage5ext_00379,f7e25829f749c01cdf81e5c9cba92ab80af25ba7120bdb943094d45b56be1cc3b516ca22cc0a4aed4934a1c9af35e152ecc95a58b32ce448662acabb5b87bc76,South Asian English,south_asian,I found it out a little late.,I FOUND IT OUT A LITTLE LATE,fcf2bb541332122bf39cf19524ec6e6ce38a56a84aec60c84a440c7b36e2cd49
data2vec_base,dsuta,94,stage5ext_00380,f7e25829f749c01cdf81e5c9cba92ab80af25ba7120bdb943094d45b56be1cc3b516ca22cc0a4aed4934a1c9af35e152ecc95a58b32ce448662acabb5b87bc76,South Asian English,south_asian,Don't worry about that.,DON'T WORRY ABOUT THAT,fcf2bb541332122bf39cf19524ec6e6ce38a56a84aec60c84a440c7b36e2cd49
data2vec_base,dsuta,95,stage5ext_00381,f7e25829f749c01cdf81e5c9cba92ab80af25ba7120bdb943094d45b56be1cc3b516ca22cc0a4aed4934a1c9af35e152ecc95a58b32ce448662acabb5b87bc76,South Asian English,south_asian,I shouldn't think so.,I SHOULDN'T THINK SO,e121684c0449a9cb5682109a09a26f160fb5ed429c26499f837aa1a04aa9b2fe
data2vec_base,dsuta,95,stage5ext_00382,f7e25829f749c01cdf81e5c9cba92ab80af25ba7120bdb943094d45b56be1cc3b516ca22cc0a4aed4934a1c9af35e152ecc95a58b32ce448662acabb5b87bc76,South Asian English,south_asian,Turning off gadgets that are not in use can save a lot of energy.,TURNING OFF GADGETS THAT ARE NOT IN USE CAN SAVE A LOT OF ENERGY,e121684c0449a9cb5682109a09a26f160fb5ed429c26499f837aa1a04aa9b2fe
data2vec_base,dsuta,95,stage5ext_00383,f7e25829f749c01cdf81e5c9cba92ab80af25ba7120bdb943094d45b56be1cc3b516ca22cc0a4aed4934a1c9af35e152ecc95a58b32ce448662acabb5b87bc76,South Asian English,south_asian,There is a counter on the top left of the web page.,THERE IS A COUNTER ON THE TOP LEFT OF THE WELL BAT,e121684c0449a9cb5682109a09a26f160fb5ed429c26499f837aa1a04aa9b2fe
data2vec_base,dsuta,95,stage5ext_00384,f7e25829f749c01cdf81e5c9cba92ab80af25ba7120bdb943094d45b56be1cc3b516ca22cc0a4aed4934a1c9af35e152ecc95a58b32ce448662acabb5b87bc76,South Asian English,south_asian,You think you did.,YOU THINK YOU DID,e121684c0449a9cb5682109a09a26f160fb5ed429c26499f837aa1a04aa9b2fe
data2vec_base,dsuta,96,stage5ext_00385,f7e25829f749c01cdf81e5c9cba92ab80af25ba7120bdb943094d45b56be1cc3b516ca22cc0a4aed4934a1c9af35e152ecc95a58b32ce448662acabb5b87bc76,South Asian English,south_asian,Maybe he'll give us one.,MAYBE HE'LL GIVE US ONE,b36a794ff00b6e615a835e96653daa453a4e11771f45aa03beab566291c989da
data2vec_base,dsuta,96,stage5ext_00386,f7e25829f749c01cdf81e5c9cba92ab80af25ba7120bdb943094d45b56be1cc3b516ca22cc0a4aed4934a1c9af35e152ecc95a58b32ce448662acabb5b87bc76,South Asian English,south_asian,Better let me talk to him.,BETTER LET ME TALK TO HIM,b36a794ff00b6e615a835e96653daa453a4e11771f45aa03beab566291c989da
data2vec_base,dsuta,96,stage5ext_00387,f7e25829f749c01cdf81e5c9cba92ab80af25ba7120bdb943094d45b56be1cc3b516ca22cc0a4aed4934a1c9af35e152ecc95a58b32ce448662acabb5b87bc76,South Asian English,south_asian,I don't want any plastics.,I DON'T WANT ANY BLASTICS,b36a794ff00b6e615a835e96653daa453a4e11771f45aa03beab566291c989da
data2vec_base,dsuta,96,stage5ext_00388,f7e25829f749c01cdf81e5c9cba92ab80af25ba7120bdb943094d45b56be1cc3b516ca22cc0a4aed4934a1c9af35e152ecc95a58b32ce448662acabb5b87bc76,South Asian English,south_asian,Without a single quiver.,WITHOUT A SINGLE QUIVER,b36a794ff00b6e615a835e96653daa453a4e11771f45aa03beab566291c989da
data2vec_base,dsuta,97,stage5ext_00389,f7e25829f749c01cdf81e5c9cba92ab80af25ba7120bdb943094d45b56be1cc3b516ca22cc0a4aed4934a1c9af35e152ecc95a58b32ce448662acabb5b87bc76,South Asian English,south_asian,I never saw it before.,I NEVER SIW ED BEFORE,8aadcf09b780a6304d91885294ca97c25f8e505cd00fc6895a822970de797392
data2vec_base,dsuta,97,stage5ext_00390,f7e25829f749c01cdf81e5c9cba92ab80af25ba7120bdb943094d45b56be1cc3b516ca22cc0a4aed4934a1c9af35e152ecc95a58b32ce448662acabb5b87bc76,South Asian English,south_asian,"The reason for this, is to discern your strengths.",THE REASON FOR THIS IS TO DISCERN YOUR STRENGTHS,8aadcf09b780a6304d91885294ca97c25f8e505cd00fc6895a822970de797392
data2vec_base,dsuta,97,stage5ext_00391,3f0b866ee8d4499e4c0de09d34862acbb1ea0139f53bf7f1271a8648fb35d9a3a31272a8bc7af870e3b52bf7f4cb51ae512fa07df79663eaeafa30221c0b200b,South Asian English,south_asian,"The perpetrators were never identified, and this monument has never been rebuilt.",THE BARBU TRYFILLS BE NOV IGENTIFIED AND THIS MIMOND HAS NEVER BEEN TROBIED,8aadcf09b780a6304d91885294ca97c25f8e505cd00fc6895a822970de797392
data2vec_base,dsuta,97,stage5ext_00392,3f0b866ee8d4499e4c0de09d34862acbb1ea0139f53bf7f1271a8648fb35d9a3a31272a8bc7af870e3b52bf7f4cb51ae512fa07df79663eaeafa30221c0b200b,South Asian English,south_asian,"These songs include ""Never End,"" ""Please Smile Again,"" and ""Cross Over.",THESE SUNGS IN CLU NEVER N GI SMALEGAM AND GROSSEL,8aadcf09b780a6304d91885294ca97c25f8e505cd00fc6895a822970de797392
data2vec_base,dsuta,98,stage5ext_00393,3f0b866ee8d4499e4c0de09d34862acbb1ea0139f53bf7f1271a8648fb35d9a3a31272a8bc7af870e3b52bf7f4cb51ae512fa07df79663eaeafa30221c0b200b,South Asian English,south_asian,Water in the pool is continuously circulated through a filtration system.,WHATENE BUL IS CONTINUOUSLY SO CHARACTER TO A FILTRATIAN SYSTEM,25f90b2071cb11fa7ca389a89a5de5bd89d96886d52e29ba9106379852534d6b
data2vec_base,dsuta,98,stage5ext_00394,3f0b866ee8d4499e4c0de09d34862acbb1ea0139f53bf7f1271a8648fb35d9a3a31272a8bc7af870e3b52bf7f4cb51ae512fa07df79663eaeafa30221c0b200b,South Asian English,south_asian,We maintain an array of roots indexed by timestamp.,VI MA DIN AND ARIOFUTS INDEX BABANSTAM,25f90b2071cb11fa7ca389a89a5de5bd89d96886d52e29ba9106379852534d6b
data2vec_base,dsuta,98,stage5ext_00395,3f0b866ee8d4499e4c0de09d34862acbb1ea0139f53bf7f1271a8648fb35d9a3a31272a8bc7af870e3b52bf7f4cb51ae512fa07df79663eaeafa30221c0b200b,South Asian English,south_asian,"The educators lost, though commercial broadcasters were forced to air public affairs programs.",THE EDUCATE IS LOST THE COMMOCIA VARCAS HAS BEEN FORCED TO ADD PUBLIC AFFAIRS PROGERBS,25f90b2071cb11fa7ca389a89a5de5bd89d96886d52e29ba9106379852534d6b
data2vec_base,dsuta,98,stage5ext_00396,3f0b866ee8d4499e4c0de09d34862acbb1ea0139f53bf7f1271a8648fb35d9a3a31272a8bc7af870e3b52bf7f4cb51ae512fa07df79663eaeafa30221c0b200b,South Asian English,south_asian,It is also the largest school in the state by size.,THERE IS ALSO THE LARGE SCHOOL IN THE STREET BY SIDES,25f90b2071cb11fa7ca389a89a5de5bd89d96886d52e29ba9106379852534d6b
data2vec_base,dsuta,99,stage5ext_00397,3f0b866ee8d4499e4c0de09d34862acbb1ea0139f53bf7f1271a8648fb35d9a3a31272a8bc7af870e3b52bf7f4cb51ae512fa07df79663eaeafa30221c0b200b,South Asian English,south_asian,The band members decided to discontinue their mutual involvement.,THE BYRON WAS DECIDED FOR DISCUCTING THE NETA IN WHATMEND,7827bc7127d00e103354476e50698bc5ae46cf679a47e0131ba4f7e7d5992e3a
data2vec_base,dsuta,99,stage5ext_00398,3f0b866ee8d4499e4c0de09d34862acbb1ea0139f53bf7f1271a8648fb35d9a3a31272a8bc7af870e3b52bf7f4cb51ae512fa07df79663eaeafa30221c0b200b,South Asian English,south_asian,Highlights include a Gutenberg Bible and the Romanesque Lambeth Bible.,I LISTEND TO A GOODEN BOTBAN AND THE ROMANOUS CLAMBER BACT,7827bc7127d00e103354476e50698bc5ae46cf679a47e0131ba4f7e7d5992e3a
data2vec_base,dsuta,99,stage5ext_00399,3f0b866ee8d4499e4c0de09d34862acbb1ea0139f53bf7f1271a8648fb35d9a3a31272a8bc7af870e3b52bf7f4cb51ae512fa07df79663eaeafa30221c0b200b,South Asian English,south_asian,"The parents return, in bandages, having survived the fire.",BADIN SEDOM AN BAGNAGES HARINSOBIE DEFIT,7827bc7127d00e103354476e50698bc5ae46cf679a47e0131ba4f7e7d5992e3a
data2vec_base,dsuta,99,stage5ext_00400,3f0b866ee8d4499e4c0de09d34862acbb1ea0139f53bf7f1271a8648fb35d9a3a31272a8bc7af870e3b52bf7f4cb51ae512fa07df79663eaeafa30221c0b200b,South Asian English,south_asian,"After the show, Sewercap talked to Jughead about officially reuniting Screeching Weasel.",AFTER THE SHOW SO LOOK UP DOCTOR JUCK HEARD A BOUT OF SHLERY INACTING SCREECHING WIZL,7827bc7127d00e103354476e50698bc5ae46cf679a47e0131ba4f7e7d5992e3a
data2vec_base,dsuta,100,stage5ext_00401,3f0b866ee8d4499e4c0de09d34862acbb1ea0139f53bf7f1271a8648fb35d9a3a31272a8bc7af870e3b52bf7f4cb51ae512fa07df79663eaeafa30221c0b200b,South Asian English,south_asian,Harpur served in various capacities in the New York government during the American Revolution.,HOPE SERVDANT RED HIS CAPACITIES IN THE NEW YORK OMY DURING THE AMERICAN GALUTION,7d01d0fceddf6b6c5f4e619ed399ad6ea90dbecf7050fde114e9b10494ede99c
data2vec_base,dsuta,100,stage5ext_00402,3f0b866ee8d4499e4c0de09d34862acbb1ea0139f53bf7f1271a8648fb35d9a3a31272a8bc7af870e3b52bf7f4cb51ae512fa07df79663eaeafa30221c0b200b,South Asian English,south_asian,The program has won many awards for investigative journalism.,THE PILGRIM HAS WON MANY A WORD FOR AMISTICATIVE JURNENTS,7d01d0fceddf6b6c5f4e619ed399ad6ea90dbecf7050fde114e9b10494ede99c
data2vec_base,dsuta,100,stage5ext_00403,3f0b866ee8d4499e4c0de09d34862acbb1ea0139f53bf7f1271a8648fb35d9a3a31272a8bc7af870e3b52bf7f4cb51ae512fa07df79663eaeafa30221c0b200b,South Asian English,south_asian,Information about Boffo and its games can still be found on the site.,INFORMATION ABOUT BOFO AND ITS THAVES CAN STILL BE FOUND ON HIS SECT,7d01d0fceddf6b6c5f4e619ed399ad6ea90dbecf7050fde114e9b10494ede99c
data2vec_base,dsuta,100,stage5ext_00404,3f0b866ee8d4499e4c0de09d34862acbb1ea0139f53bf7f1271a8648fb35d9a3a31272a8bc7af870e3b52bf7f4cb51ae512fa07df79663eaeafa30221c0b200b,South Asian English,south_asian,"Forestkith Goblin: Nocturnal hunters, also known as kith.",FORESKIT COBIN KNOK ON IN HUNTUS OSOONESKIT,7d01d0fceddf6b6c5f4e619ed399ad6ea90dbecf7050fde114e9b10494ede99c
data2vec_base,dsuta,101,stage5ext_00405,3f0b866ee8d4499e4c0de09d34862acbb1ea0139f53bf7f1271a8648fb35d9a3a31272a8bc7af870e3b52bf7f4cb51ae512fa07df79663eaeafa30221c0b200b,South Asian English,south_asian,"Clearing facilities, security investments, cheques and overdraft protections were introduced.",CLERICA SLUDIS SCURIAN MERSMENS CEQUS AND ALDAR FERETIONS WERE INDELOOSE,a73c99c70710f756be599ee45795865d6da710b65273cb723b81a50d8acde767
data2vec_base,dsuta,101,stage5ext_00406,73e8a395a2162293c7b4534d24818227a71f84f9f562d54db101f6576c15907499bf892f20f243b766b2da4de010cd4b697339df0b8c453740e425875c0eac05,South Asian English,south_asian,Each family is allowed one vote per each style of debate.,EACH FAMILY ALLOWD ONE WAT PER EACH STYLE OF BIBET,a73c99c70710f756be599ee45795865d6da710b65273cb723b81a50d8acde767
data2vec_base,dsuta,101,stage5ext_00407,73e8a395a2162293c7b4534d24818227a71f84f9f562d54db101f6576c15907499bf892f20f243b766b2da4de010cd4b697339df0b8c453740e425875c0eac05,South Asian English,south_asian,Min varieties are not mutually intelligible with any other varieties of Chinese.,WIN VARIETIES ARE NOT NUTURALLY INTELLIGIBLE WITH ANY OTHER VARIETIES OF CHINESE,a73c99c70710f756be599ee45795865d6da710b65273cb723b81a50d8acde767
data2vec_base,dsuta,101,stage5ext_00408,73e8a395a2162293c7b4534d24818227a71f84f9f562d54db101f6576c15907499bf892f20f243b766b2da4de010cd4b697339df0b8c453740e425875c0eac05,South Asian English,south_asian,The sculptures on the pillars are truly beautiful.,THE SCULPSIRES ON THE PILLARS ARE TRULY BEAUTIFUL,a73c99c70710f756be599ee45795865d6da710b65273cb723b81a50d8acde767
data2vec_base,dsuta,102,stage5ext_00409,73e8a395a2162293c7b4534d24818227a71f84f9f562d54db101f6576c15907499bf892f20f243b766b2da4de010cd4b697339df0b8c453740e425875c0eac05,South Asian English,south_asian,"Examples of non-vibrating objects are mallets, hammers, and sticks.",EXAMPLES OF NONE VIBRATING OBJECTS ARE MALLETS HAMMERS AND STICKS,d933d51ded22f440aeee01d1b8c0cd6b634ef2c629d41ca5c64d612eae1acd0a
data2vec_base,dsuta,102,stage5ext_00410,73e8a395a2162293c7b4534d24818227a71f84f9f562d54db101f6576c15907499bf892f20f243b766b2da4de010cd4b697339df0b8c453740e425875c0eac05,South Asian English,south_asian,"You place your choice in a sealed envelope, which is opened after the game.",YOU PLACE YOUR CHOICE IN A SEALED ENVELOPE WHICH IS OPEN AFTER BEGIN,d933d51ded22f440aeee01d1b8c0cd6b634ef2c629d41ca5c64d612eae1acd0a
data2vec_base,dsuta,102,stage5ext_00411,73e8a395a2162293c7b4534d24818227a71f84f9f562d54db101f6576c15907499bf892f20f243b766b2da4de010cd4b697339df0b8c453740e425875c0eac05,South Asian English,south_asian,The first was Buddy Ryan.,THE FIRST BLESS MUDDY RAN,d933d51ded22f440aeee01d1b8c0cd6b634ef2c629d41ca5c64d612eae1acd0a
data2vec_base,dsuta,102,stage5ext_00412,73e8a395a2162293c7b4534d24818227a71f84f9f562d54db101f6576c15907499bf892f20f243b766b2da4de010cd4b697339df0b8c453740e425875c0eac05,South Asian English,south_asian,"His playing style is aggressive and he has won many ""best game"" awards.",HIS PLAIIS DALY SO GRISILE AND HE HAS WON MANY BIST GAME AWARDS,d933d51ded22f440aeee01d1b8c0cd6b634ef2c629d41ca5c64d612eae1acd0a
data2vec_base,dsuta,103,stage5ext_00413,73e8a395a2162293c7b4534d24818227a71f84f9f562d54db101f6576c15907499bf892f20f243b766b2da4de010cd4b697339df0b8c453740e425875c0eac05,South Asian English,south_asian,Their flight is weak.,THE FLAD EAST WEEK,600f8bee3b5100bb15cb5526a5f52014577f8544ec43c736f1c67233f3b1157e
data2vec_base,dsuta,103,stage5ext_00414,73e8a395a2162293c7b4534d24818227a71f84f9f562d54db101f6576c15907499bf892f20f243b766b2da4de010cd4b697339df0b8c453740e425875c0eac05,South Asian English,south_asian,"In many cases however, they are quite functional.",IN MANY CASES HOWEVER THEY ARE QUITE FUNCTIONAT,600f8bee3b5100bb15cb5526a5f52014577f8544ec43c736f1c67233f3b1157e
data2vec_base,dsuta,103,stage5ext_00415,73e8a395a2162293c7b4534d24818227a71f84f9f562d54db101f6576c15907499bf892f20f243b766b2da4de010cd4b697339df0b8c453740e425875c0eac05,South Asian English,south_asian,Ward went on to win the general election.,FORD RENT ANTOVIN THE GENERAL ELETION,600f8bee3b5100bb15cb5526a5f52014577f8544ec43c736f1c67233f3b1157e
data2vec_base,dsuta,103,stage5ext_00416,73e8a395a2162293c7b4534d24818227a71f84f9f562d54db101f6576c15907499bf892f20f243b766b2da4de010cd4b697339df0b8c453740e425875c0eac05,South Asian English,south_asian,He is now a Free Agent.,HE IS NOW A FREE AGENT,600f8bee3b5100bb15cb5526a5f52014577f8544ec43c736f1c67233f3b1157e
data2vec_base,dsuta,104,stage5ext_00417,73e8a395a2162293c7b4534d24818227a71f84f9f562d54db101f6576c15907499bf892f20f243b766b2da4de010cd4b697339df0b8c453740e425875c0eac05,South Asian English,south_asian,Her other sponsors include Subway and Boost Mobile.,HE ATHE SPANSES INCLUDE SABVE AN BUST MOMBI,b86b180d988ec3a2fd02011af7efddb58b6aedc1cbd4834855237f4bbe0fa7ce
data2vec_base,dsuta,104,stage5ext_00418,73e8a395a2162293c7b4534d24818227a71f84f9f562d54db101f6576c15907499bf892f20f243b766b2da4de010cd4b697339df0b8c453740e425875c0eac05,South Asian English,south_asian,I've never been asked to do one.,I HAVE NEVER BEEN ASKED TO DO ONE,b86b180d988ec3a2fd02011af7efddb58b6aedc1cbd4834855237f4bbe0fa7ce
data2vec_base,dsuta,104,stage5ext_00419,73e8a395a2162293c7b4534d24818227a71f84f9f562d54db101f6576c15907499bf892f20f243b766b2da4de010cd4b697339df0b8c453740e425875c0eac05,South Asian English,south_asian,"Therefore, these schools are significantly divided in terms of both abilities and career aims.",THEREFORE THESE CAULS ARE SIGNIFICANTLY DIVIDED IN TERMS OF BOD ABILITIES AND CARRIER AIMS,b86b180d988ec3a2fd02011af7efddb58b6aedc1cbd4834855237f4bbe0fa7ce
data2vec_base,dsuta,104,stage5ext_00420,73e8a395a2162293c7b4534d24818227a71f84f9f562d54db101f6576c15907499bf892f20f243b766b2da4de010cd4b697339df0b8c453740e425875c0eac05,South Asian English,south_asian,The Ottoman village of Mulebbis appears at this site on the British survey map.,THE OTTOLLAN VILLAGE OF MELOBUS APPEARS AT THIS SIGHT ON THE BRITISH SERVEMEC,b86b180d988ec3a2fd02011af7efddb58b6aedc1cbd4834855237f4bbe0fa7ce
data2vec_base,dsuta,105,stage5ext_00421,ea49524d52bc56b865f1207ba65e9a5c30cab647b575ba84d0332c740de52bef6922ee19c49e44db615889cbabebbfa52440b31858fac8660d5e97eb4593687f,South Asian English,south_asian,Do you have Hugo's phone number?,THE HELHUGODS PORNUMBERD,3c5609349341ebaa2badb71f5410790af061efe71f9bf4ec9cf22f7e39f7384f
data2vec_base,dsuta,105,stage5ext_00422,ea49524d52bc56b865f1207ba65e9a5c30cab647b575ba84d0332c740de52bef6922ee19c49e44db615889cbabebbfa52440b31858fac8660d5e97eb4593687f,South Asian English,south_asian,"In the United States, we use paper bags for shopping.",IN THE UNITED STATES WE USE PEPAT BACK SPORT SHOPPING,3c5609349341ebaa2badb71f5410790af061efe71f9bf4ec9cf22f7e39f7384f
data2vec_base,dsuta,105,stage5ext_00423,ea49524d52bc56b865f1207ba65e9a5c30cab647b575ba84d0332c740de52bef6922ee19c49e44db615889cbabebbfa52440b31858fac8660d5e97eb4593687f,South Asian English,south_asian,"Olivia, have you seen my keys?",OLUIA MAUSIN MY KITS,3c5609349341ebaa2badb71f5410790af061efe71f9bf4ec9cf22f7e39f7384f
data2vec_base,dsuta,105,stage5ext_00424,ea49524d52bc56b865f1207ba65e9a5c30cab647b575ba84d0332c740de52bef6922ee19c49e44db615889cbabebbfa52440b31858fac8660d5e97eb4593687f,South Asian English,south_asian,Someone set fire to the trash.,SOME ONE SET PIRE TO THE TRESH,3c5609349341ebaa2badb71f5410790af061efe71f9bf4ec9cf22f7e39f7384f
data2vec_base,dsuta,106,stage5ext_00425,ea49524d52bc56b865f1207ba65e9a5c30cab647b575ba84d0332c740de52bef6922ee19c49e44db615889cbabebbfa52440b31858fac8660d5e97eb4593687f,South Asian English,south_asian,Angela wanted to copy everything he had done.,ANGELLA WANTED TO COPIEVERYTHING HE HAD DONE,5903bc59e5d968fa8afe51589dbb1378c949b9f70472d1f9388e38518ac88bf2
data2vec_base,dsuta,106,stage5ext_00426,ea49524d52bc56b865f1207ba65e9a5c30cab647b575ba84d0332c740de52bef6922ee19c49e44db615889cbabebbfa52440b31858fac8660d5e97eb4593687f,South Asian English,south_asian,Good playgrounds have much more to offer than swings and slides.,GOOD PLAGROUNDS HAVE MUCH MORE TO OFFER THAN SWINGS AND SLADES,5903bc59e5d968fa8afe51589dbb1378c949b9f70472d1f9388e38518ac88bf2
data2vec_base,dsuta,106,stage5ext_00427,ea49524d52bc56b865f1207ba65e9a5c30cab647b575ba84d0332c740de52bef6922ee19c49e44db615889cbabebbfa52440b31858fac8660d5e97eb4593687f,South Asian English,south_asian,What does it all mean?,WHAT DOES IT ALL MEAN,5903bc59e5d968fa8afe51589dbb1378c949b9f70472d1f9388e38518ac88bf2
data2vec_base,dsuta,106,stage5ext_00428,ea49524d52bc56b865f1207ba65e9a5c30cab647b575ba84d0332c740de52bef6922ee19c49e44db615889cbabebbfa52440b31858fac8660d5e97eb4593687f,South Asian English,south_asian,A musical composition for seven instruments,O MUSICAL COMPOSITION PO SA ONE INSTRUMENT,5903bc59e5d968fa8afe51589dbb1378c949b9f70472d1f9388e38518ac88bf2
data2vec_base,dsuta,107,stage5ext_00429,ea49524d52bc56b865f1207ba65e9a5c30cab647b575ba84d0332c740de52bef6922ee19c49e44db615889cbabebbfa52440b31858fac8660d5e97eb4593687f,South Asian English,south_asian,Temper is so good a thing that we should never lose it.,AND PUR IT SO GOOD A THING THAT WE SHOULD NEVER LOSE IT,db95592603d299aea78f3c171c5d1991ee75721239ca6601fe9cbbd376e32610
data2vec_base,dsuta,107,stage5ext_00430,ea49524d52bc56b865f1207ba65e9a5c30cab647b575ba84d0332c740de52bef6922ee19c49e44db615889cbabebbfa52440b31858fac8660d5e97eb4593687f,South Asian English,south_asian,She has a smart way of wearing clothes.,SHE HAD THE SMART WAY UP WEARING CLOTS,db95592603d299aea78f3c171c5d1991ee75721239ca6601fe9cbbd376e32610
data2vec_base,dsuta,107,stage5ext_00431,ea49524d52bc56b865f1207ba65e9a5c30cab647b575ba84d0332c740de52bef6922ee19c49e44db615889cbabebbfa52440b31858fac8660d5e97eb4593687f,South Asian English,south_asian,They have prejudices against foreigners.,THEY HELPED EJUBIESEUS AGAINST PORINASA,db95592603d299aea78f3c171c5d1991ee75721239ca6601fe9cbbd376e32610
data2vec_base,dsuta,107,stage5ext_00432,ea49524d52bc56b865f1207ba65e9a5c30cab647b575ba84d0332c740de52bef6922ee19c49e44db615889cbabebbfa52440b31858fac8660d5e97eb4593687f,South Asian English,south_asian,He has enough who is content.,HE HAS ENOUGH WHO IS CONTENT,db95592603d299aea78f3c171c5d1991ee75721239ca6601fe9cbbd376e32610
data2vec_base,dsuta,108,stage5ext_00433,ea49524d52bc56b865f1207ba65e9a5c30cab647b575ba84d0332c740de52bef6922ee19c49e44db615889cbabebbfa52440b31858fac8660d5e97eb4593687f,South Asian English,south_asian,The toilet needed cleaning.,THE ARLIDNIRID GENIN,30de8195ed5243eb188dd30f0fb658df3ef066e80e4d4124674fcd41cc353f7a
data2vec_base,dsuta,108,stage5ext_00434,ea49524d52bc56b865f1207ba65e9a5c30cab647b575ba84d0332c740de52bef6922ee19c49e44db615889cbabebbfa52440b31858fac8660d5e97eb4593687f,South Asian English,south_asian,There's no accounting for tastes,THERE IS NO ACCOUNTING PORTESTS,30de8195ed5243eb188dd30f0fb658df3ef066e80e4d4124674fcd41cc353f7a
data2vec_base,dsuta,108,stage5ext_00435,ea49524d52bc56b865f1207ba65e9a5c30cab647b575ba84d0332c740de52bef6922ee19c49e44db615889cbabebbfa52440b31858fac8660d5e97eb4593687f,South Asian English,south_asian,"Yours sincerely, Satan.",YOURS SINCERELY SETTANT,30de8195ed5243eb188dd30f0fb658df3ef066e80e4d4124674fcd41cc353f7a
data2vec_base,dsuta,108,stage5ext_00436,6df207be7ccedf5176284312e3017cd9d7ddb990efbd395e8e8d1a4f2aca4eac93a420f82a1b88c2cc4a7728b9bfb612cdbeccdb6bb50e3f1aec155e5603f59f,South Asian English,south_asian,Ogilvy watched till one and then gave up.,WHILE GILBY WATCHED TILL ONE AND THEN GAVE UP,30de8195ed5243eb188dd30f0fb658df3ef066e80e4d4124674fcd41cc353f7a
data2vec_base,dsuta,109,stage5ext_00437,6df207be7ccedf5176284312e3017cd9d7ddb990efbd395e8e8d1a4f2aca4eac93a420f82a1b88c2cc4a7728b9bfb612cdbeccdb6bb50e3f1aec155e5603f59f,South Asian English,south_asian,The desert didn't answer him for a few moments.,TE LISTEN DIDN'T DANCE WET HIM FOR A FEW MOMENTS,6fc00a1dfd255c8d11beb7662318f14397d57d9117db8337b9891eebd2f9e35b
data2vec_base,dsuta,109,stage5ext_00438,6df207be7ccedf5176284312e3017cd9d7ddb990efbd395e8e8d1a4f2aca4eac93a420f82a1b88c2cc4a7728b9bfb612cdbeccdb6bb50e3f1aec155e5603f59f,South Asian English,south_asian,Once again he was experiencing the language without words...,ONCE AGAIN HE WAS EXPERIENCING THE LANGUAGE DOUT WORD,6fc00a1dfd255c8d11beb7662318f14397d57d9117db8337b9891eebd2f9e35b
data2vec_base,dsuta,109,stage5ext_00439,6df207be7ccedf5176284312e3017cd9d7ddb990efbd395e8e8d1a4f2aca4eac93a420f82a1b88c2cc4a7728b9bfb612cdbeccdb6bb50e3f1aec155e5603f59f,South Asian English,south_asian,"The sheep will get used to my not being there, too, the boy thought.",THE SHEP CAN GET USED TO MY NOT BEING THERE TOO THE BOY THOUGHT,6fc00a1dfd255c8d11beb7662318f14397d57d9117db8337b9891eebd2f9e35b
data2vec_base,dsuta,109,stage5ext_00440,6df207be7ccedf5176284312e3017cd9d7ddb990efbd395e8e8d1a4f2aca4eac93a420f82a1b88c2cc4a7728b9bfb612cdbeccdb6bb50e3f1aec155e5603f59f,South Asian English,south_asian,Everything you need to know you have learned through your journey.,EVERYTHING YOU NEED TO KNOW YOU HAVE LEARND FOR YOUR JOURNEY,6fc00a1dfd255c8d11beb7662318f14397d57d9117db8337b9891eebd2f9e35b
data2vec_base,dsuta,110,stage5ext_00441,6df207be7ccedf5176284312e3017cd9d7ddb990efbd395e8e8d1a4f2aca4eac93a420f82a1b88c2cc4a7728b9bfb612cdbeccdb6bb50e3f1aec155e5603f59f,South Asian English,south_asian,"You and I aren't like Hassan, that rich merchant.",YOU AND I AUNT LAKE HUSSAN THAT RICH MORGANT,d7557e6df986cecc3b7bcce8be279ad0da9663045cb9deb183ebec925fe50aa5
data2vec_base,dsuta,110,stage5ext_00442,6df207be7ccedf5176284312e3017cd9d7ddb990efbd395e8e8d1a4f2aca4eac93a420f82a1b88c2cc4a7728b9bfb612cdbeccdb6bb50e3f1aec155e5603f59f,South Asian English,south_asian,But they really don't know what they're saying.,BUT THEY REALLY DON'T KNOW WHAT THEY ARE SAYING,d7557e6df986cecc3b7bcce8be279ad0da9663045cb9deb183ebec925fe50aa5
data2vec_base,dsuta,110,stage5ext_00443,6df207be7ccedf5176284312e3017cd9d7ddb990efbd395e8e8d1a4f2aca4eac93a420f82a1b88c2cc4a7728b9bfb612cdbeccdb6bb50e3f1aec155e5603f59f,South Asian English,south_asian,The boy remembered an old proverb from his country.,THE BOY REMEMBERED AN EWL PROBLEM FROM HIS COUNTRY,d7557e6df986cecc3b7bcce8be279ad0da9663045cb9deb183ebec925fe50aa5
data2vec_base,dsuta,110,stage5ext_00444,6df207be7ccedf5176284312e3017cd9d7ddb990efbd395e8e8d1a4f2aca4eac93a420f82a1b88c2cc4a7728b9bfb612cdbeccdb6bb50e3f1aec155e5603f59f,South Asian English,south_asian,Henderson stood up with a spade in his hand.,HENDERSON STOOD UP WITH A SPEED IN HIS HAND,d7557e6df986cecc3b7bcce8be279ad0da9663045cb9deb183ebec925fe50aa5
data2vec_base,dsuta,111,stage5ext_00445,6df207be7ccedf5176284312e3017cd9d7ddb990efbd395e8e8d1a4f2aca4eac93a420f82a1b88c2cc4a7728b9bfb612cdbeccdb6bb50e3f1aec155e5603f59f,South Asian English,south_asian,"The alchemists spent years in their laboratories, observing the fire that purified the metals.",THE ELCHYMISTS SPENT YEARS IN THEIR DEBORATORIES OBSERVING THE FHILE TI PURIFIED METONS,d4b2b41a2a091f8fd545ef992a79aad75452ecbb44a246df55d13fb6be984339
data2vec_base,dsuta,111,stage5ext_00446,6df207be7ccedf5176284312e3017cd9d7ddb990efbd395e8e8d1a4f2aca4eac93a420f82a1b88c2cc4a7728b9bfb612cdbeccdb6bb50e3f1aec155e5603f59f,South Asian English,south_asian,His eyes filled with tears as he spoke of the Prophet.,HIS EYES FILLED WITH TEARS AS HE SPOKE OF THE PROPHET,d4b2b41a2a091f8fd545ef992a79aad75452ecbb44a246df55d13fb6be984339
data2vec_base,dsuta,111,stage5ext_00447,6df207be7ccedf5176284312e3017cd9d7ddb990efbd395e8e8d1a4f2aca4eac93a420f82a1b88c2cc4a7728b9bfb612cdbeccdb6bb50e3f1aec155e5603f59f,South Asian English,south_asian,"Maybe the alchemist has never been in love, the boy thought.",MAYBE THE ALCHYMIST HAS NEVER BEEN IN LOVE THE BOY THOUGHT,d4b2b41a2a091f8fd545ef992a79aad75452ecbb44a246df55d13fb6be984339
data2vec_base,dsuta,111,stage5ext_00448,6df207be7ccedf5176284312e3017cd9d7ddb990efbd395e8e8d1a4f2aca4eac93a420f82a1b88c2cc4a7728b9bfb612cdbeccdb6bb50e3f1aec155e5603f59f,South Asian English,south_asian,"He dressed in his Arabian clothing of white linen, bought especially for this day.",HE DRESSED IN HIS AREBYAN CLOTHING OF WHITE LINEN BOUGHT ESPECIALLY FOR THE STAK,d4b2b41a2a091f8fd545ef992a79aad75452ecbb44a246df55d13fb6be984339
data2vec_base,dsuta,112,stage5ext_00449,6df207be7ccedf5176284312e3017cd9d7ddb990efbd395e8e8d1a4f2aca4eac93a420f82a1b88c2cc4a7728b9bfb612cdbeccdb6bb50e3f1aec155e5603f59f,South Asian English,south_asian,I don't want anything for myself.,I DON'T WANT TANY KEEP I Y SPET,e824419c2c4e85642fdd6fc6ef08ec914bfe30b6014f2ad81b13be32033ebc5d
data2vec_base,dsuta,112,stage5ext_00450,6df207be7ccedf5176284312e3017cd9d7ddb990efbd395e8e8d1a4f2aca4eac93a420f82a1b88c2cc4a7728b9bfb612cdbeccdb6bb50e3f1aec155e5603f59f,South Asian English,south_asian,"An hour later, he had before him a chest of Spanish gold coins.",AN HOUR LATER HE HAD BEFORE HIM A CHEST OF SPANISH GODGINS,e824419c2c4e85642fdd6fc6ef08ec914bfe30b6014f2ad81b13be32033ebc5d
data2vec_base,dsuta,112,stage5ext_00451,0e60a578941d41849394691c611be044c19753d68b3dc6ca38dd1526016c9536219350c8aa1d6c0b974bc68c24592c39030a094ed6223399ab873f93e6a457a2,Australian English,australia,He surveyed the land near Fairbanks and started the Fairbanks Experiment Farm.,HE SURVEYED THE LAND NEAR FARBANKS AND STOPED AT THE FARBANKS EXPERIMENT FARM,e824419c2c4e85642fdd6fc6ef08ec914bfe30b6014f2ad81b13be32033ebc5d
data2vec_base,dsuta,112,stage5ext_00452,0e60a578941d41849394691c611be044c19753d68b3dc6ca38dd1526016c9536219350c8aa1d6c0b974bc68c24592c39030a094ed6223399ab873f93e6a457a2,Australian English,australia,"These sites are equipped with firewood, pit privies, picnic tables and food storage containers.",THESE SITES ARE EQUIPPED WITH FIREWOOD PICK PRIVIES PICNIC TABLES AND FOOD STORAGE CONTAINERS,e824419c2c4e85642fdd6fc6ef08ec914bfe30b6014f2ad81b13be32033ebc5d
data2vec_base,dsuta,113,stage5ext_00453,0e60a578941d41849394691c611be044c19753d68b3dc6ca38dd1526016c9536219350c8aa1d6c0b974bc68c24592c39030a094ed6223399ab873f93e6a457a2,Australian English,australia,He was second billed at the Earls Court Music festival with Jay-Z.,HE WAS SECOND BUILD AT THE EARL COURT MUSIC FESTIVAL WITH J Z,31c3344321880146c5ba88678fa0b70342d25ac15f633c1e4992fa5668b0c956
data2vec_base,dsuta,113,stage5ext_00454,0e60a578941d41849394691c611be044c19753d68b3dc6ca38dd1526016c9536219350c8aa1d6c0b974bc68c24592c39030a094ed6223399ab873f93e6a457a2,Australian English,australia,"As a result, most of the buildings are older, and are often walk-up apartments.",AS A RESULT MOST OF THE BUILDINGS ARE OLDER AND ARE OFTEN WALK UP APARTMENTS,31c3344321880146c5ba88678fa0b70342d25ac15f633c1e4992fa5668b0c956
data2vec_base,dsuta,113,stage5ext_00455,0e60a578941d41849394691c611be044c19753d68b3dc6ca38dd1526016c9536219350c8aa1d6c0b974bc68c24592c39030a094ed6223399ab873f93e6a457a2,Australian English,australia,"His credits include episodes of ""The Twilight Zone"" and ""The Alfred Hitchcock Hour"".",HIS CREDITS INCLUDE EPISODES OF THE TWILIGHT ZONE AND THE ALFRED HITCHCOCK HOUR,31c3344321880146c5ba88678fa0b70342d25ac15f633c1e4992fa5668b0c956
data2vec_base,dsuta,113,stage5ext_00456,0e60a578941d41849394691c611be044c19753d68b3dc6ca38dd1526016c9536219350c8aa1d6c0b974bc68c24592c39030a094ed6223399ab873f93e6a457a2,Australian English,australia,The party aligned itself with the Comintern.,THE PARTY ALIGNED ITSELF WITH THE COMING TURN,31c3344321880146c5ba88678fa0b70342d25ac15f633c1e4992fa5668b0c956
data2vec_base,dsuta,114,stage5ext_00457,0e60a578941d41849394691c611be044c19753d68b3dc6ca38dd1526016c9536219350c8aa1d6c0b974bc68c24592c39030a094ed6223399ab873f93e6a457a2,Australian English,australia,"On one occasion, Suetonius writes, Vespasian was pelted with turnips.",ON ONE OCCASION SEUTONIUS WRITES LESPASSION WAS PELTED WITH TURNIPS,e451ed51930e68bf3647565e9f045d7f67962b143b9ed07476c2814045f9e3dd
data2vec_base,dsuta,114,stage5ext_00458,0e60a578941d41849394691c611be044c19753d68b3dc6ca38dd1526016c9536219350c8aa1d6c0b974bc68c24592c39030a094ed6223399ab873f93e6a457a2,Australian English,australia,"She felt that modern society had ""blunted"" children.",SHE FELT THAT MODERN SOCIETY HAD BLUNTED CHILDREN,e451ed51930e68bf3647565e9f045d7f67962b143b9ed07476c2814045f9e3dd
data2vec_base,dsuta,114,stage5ext_00459,0e60a578941d41849394691c611be044c19753d68b3dc6ca38dd1526016c9536219350c8aa1d6c0b974bc68c24592c39030a094ed6223399ab873f93e6a457a2,Australian English,australia,Those in Thailand live close to the Hmong and northern Thai.,THOSE IN TYLAND LIVE CLOSE TO THE MONG AND NORTHERN TIE,e451ed51930e68bf3647565e9f045d7f67962b143b9ed07476c2814045f9e3dd
data2vec_base,dsuta,114,stage5ext_00460,0e60a578941d41849394691c611be044c19753d68b3dc6ca38dd1526016c9536219350c8aa1d6c0b974bc68c24592c39030a094ed6223399ab873f93e6a457a2,Australian English,australia,His competitive debut followed a few days later.,HIS COMPETITIVE DEBUT FOLLOWED A FEW DAYS LATER,e451ed51930e68bf3647565e9f045d7f67962b143b9ed07476c2814045f9e3dd
data2vec_base,dsuta,115,stage5ext_00461,0e60a578941d41849394691c611be044c19753d68b3dc6ca38dd1526016c9536219350c8aa1d6c0b974bc68c24592c39030a094ed6223399ab873f93e6a457a2,Australian English,australia,It is headquartered in Dubna in the Moscow Oblast.,IT IS HEADQUARTERED IN DUBNER IN THE MOSCOW O BLAST,b4a30ae788b98a306454017229efd89407014542d684b297882be46650da3755
data2vec_base,dsuta,115,stage5ext_00462,0e60a578941d41849394691c611be044c19753d68b3dc6ca38dd1526016c9536219350c8aa1d6c0b974bc68c24592c39030a094ed6223399ab873f93e6a457a2,Australian English,australia,Upon surrender the tribe was expelled.,UPON SURRENDER THE TRIBE WAS EXPELLED,b4a30ae788b98a306454017229efd89407014542d684b297882be46650da3755
data2vec_base,dsuta,115,stage5ext_00463,0e60a578941d41849394691c611be044c19753d68b3dc6ca38dd1526016c9536219350c8aa1d6c0b974bc68c24592c39030a094ed6223399ab873f93e6a457a2,Australian English,australia,His skills in what we now characterize as guerrilla warfare were justly famous.,HIS SKILLS IN WHAT WE NOW CHARACTERIZE AS GERILLA WARFARE WERE JUSTLY FAMOUS,b4a30ae788b98a306454017229efd89407014542d684b297882be46650da3755
data2vec_base,dsuta,115,stage5ext_00464,0e60a578941d41849394691c611be044c19753d68b3dc6ca38dd1526016c9536219350c8aa1d6c0b974bc68c24592c39030a094ed6223399ab873f93e6a457a2,Australian English,australia,Donald C. Owens.,DONALD C OWENS,b4a30ae788b98a306454017229efd89407014542d684b297882be46650da3755
data2vec_base,dsuta,116,stage5ext_00465,0e60a578941d41849394691c611be044c19753d68b3dc6ca38dd1526016c9536219350c8aa1d6c0b974bc68c24592c39030a094ed6223399ab873f93e6a457a2,Australian English,australia,Most of operating surplus will normally consist of gross profit income.,MOST OF OPERATING SURPLUS WILL NORMALLY CONSIST OF GROSS PROFIT INCOME,376dcfbd1db80490317f1d3f20ee5ac5f84596d808982254d29328bd04f15631
data2vec_base,dsuta,116,stage5ext_00466,6a6b32832defa516dce6922d2300294d6e7f670b8f867ed3f8f7e291df5150f55cde5ad06e44e4d126e3687b818fe5f23e70a1cd189217bc55d1f9f21ced88e0,Australian English,australia,"These delineations, however, are not definitive.",THESE DELINEATIONS HOWEVER ARE NOT DEFINITIVE,376dcfbd1db80490317f1d3f20ee5ac5f84596d808982254d29328bd04f15631
data2vec_base,dsuta,116,stage5ext_00467,6a6b32832defa516dce6922d2300294d6e7f670b8f867ed3f8f7e291df5150f55cde5ad06e44e4d126e3687b818fe5f23e70a1cd189217bc55d1f9f21ced88e0,Australian English,australia,"When he returned to Canada the following year, he had gained few supplies.",WHEN HE RETURNED TO CANADA THE FOLLOWING YEAR HE HAD GAINED FEW SUPPLIES,376dcfbd1db80490317f1d3f20ee5ac5f84596d808982254d29328bd04f15631
data2vec_base,dsuta,116,stage5ext_00468,6a6b32832defa516dce6922d2300294d6e7f670b8f867ed3f8f7e291df5150f55cde5ad06e44e4d126e3687b818fe5f23e70a1cd189217bc55d1f9f21ced88e0,Australian English,australia,Eos published the third edition of Nobilis and a supplement.,EOS PUBLISHED THE THIRD EDITION OF NOBLES AND A SUPPLEMENT,376dcfbd1db80490317f1d3f20ee5ac5f84596d808982254d29328bd04f15631
data2vec_base,dsuta,117,stage5ext_00469,6a6b32832defa516dce6922d2300294d6e7f670b8f867ed3f8f7e291df5150f55cde5ad06e44e4d126e3687b818fe5f23e70a1cd189217bc55d1f9f21ced88e0,Australian English,australia,This prevents damage to the optics in the amplifier.,THIS PREVENTS DAMAGE TO THE OBJECTS IN THE AMPLIFIAL,f5341a0817f215726922e12125894bda613f29f64c1236938d14555e021efea9
data2vec_base,dsuta,117,stage5ext_00470,6a6b32832defa516dce6922d2300294d6e7f670b8f867ed3f8f7e291df5150f55cde5ad06e44e4d126e3687b818fe5f23e70a1cd189217bc55d1f9f21ced88e0,Australian English,australia,"Prince's Park also influenced its near neighbour, Sefton Park.",THE PRINCE'S PACK ALSO INFLUENCED ITS NINEVA SICHTON PACK,f5341a0817f215726922e12125894bda613f29f64c1236938d14555e021efea9
data2vec_base,dsuta,117,stage5ext_00471,6a6b32832defa516dce6922d2300294d6e7f670b8f867ed3f8f7e291df5150f55cde5ad06e44e4d126e3687b818fe5f23e70a1cd189217bc55d1f9f21ced88e0,Australian English,australia,The location is a primary advantage of the faculty.,THE LOCATION IS A PRIMARY ADVANTAGE OF THE FACULTY,f5341a0817f215726922e12125894bda613f29f64c1236938d14555e021efea9
data2vec_base,dsuta,117,stage5ext_00472,6a6b32832defa516dce6922d2300294d6e7f670b8f867ed3f8f7e291df5150f55cde5ad06e44e4d126e3687b818fe5f23e70a1cd189217bc55d1f9f21ced88e0,Australian English,australia,The caps are placed behind the casing.,THE CAPS ARE PLACED BEHIND THE CASING,f5341a0817f215726922e12125894bda613f29f64c1236938d14555e021efea9
data2vec_base,dsuta,118,stage5ext_00473,6a6b32832defa516dce6922d2300294d6e7f670b8f867ed3f8f7e291df5150f55cde5ad06e44e4d126e3687b818fe5f23e70a1cd189217bc55d1f9f21ced88e0,Australian English,australia,It falls within the old copper quarter of Landore electoral ward.,IT FALLS WITHIN THE OLD COPPER QUARTER OF LANDOR ELECTRO WARD,c17146d4889a468faf84880d0ec24ae4c7b839385a9a1394b1a52d7866c80f8e
data2vec_base,dsuta,118,stage5ext_00474,6a6b32832defa516dce6922d2300294d6e7f670b8f867ed3f8f7e291df5150f55cde5ad06e44e4d126e3687b818fe5f23e70a1cd189217bc55d1f9f21ced88e0,Australian English,australia,It was merged into the existing Billund municipality.,IT WAS MERGED INTO THE EXISTING VILLAND MUNICIPALITY,c17146d4889a468faf84880d0ec24ae4c7b839385a9a1394b1a52d7866c80f8e
data2vec_base,dsuta,118,stage5ext_00475,6a6b32832defa516dce6922d2300294d6e7f670b8f867ed3f8f7e291df5150f55cde5ad06e44e4d126e3687b818fe5f23e70a1cd189217bc55d1f9f21ced88e0,Australian English,australia,"Rossi is married, with four children, and lives in Sammamish, Washington.",ROSSI IS MARRIED WITH FOUR CHILDREN AND LIVES IN SAMAMICH WASHINGTON,c17146d4889a468faf84880d0ec24ae4c7b839385a9a1394b1a52d7866c80f8e
data2vec_base,dsuta,118,stage5ext_00476,6a6b32832defa516dce6922d2300294d6e7f670b8f867ed3f8f7e291df5150f55cde5ad06e44e4d126e3687b818fe5f23e70a1cd189217bc55d1f9f21ced88e0,Australian English,australia,It is a peaceful place nestled in greenery.,IT IS A PASTEFUL PLACE NESSED IN GRANARY,c17146d4889a468faf84880d0ec24ae4c7b839385a9a1394b1a52d7866c80f8e
data2vec_base,dsuta,119,stage5ext_00477,6a6b32832defa516dce6922d2300294d6e7f670b8f867ed3f8f7e291df5150f55cde5ad06e44e4d126e3687b818fe5f23e70a1cd189217bc55d1f9f21ced88e0,Australian English,australia,During the fighting the Saint-Quentin collegiate church was badly damaged by fire.,DURING THE FIGHTING THE SAINT QUINTON COLLEGE AT CHURCH WAS BADLY DAMAGED BY FILE,e1e26fd610798ffc87e4108ceeb2e78982fb9dfe965c6098c728ccb8bae62105
data2vec_base,dsuta,119,stage5ext_00478,6a6b32832defa516dce6922d2300294d6e7f670b8f867ed3f8f7e291df5150f55cde5ad06e44e4d126e3687b818fe5f23e70a1cd189217bc55d1f9f21ced88e0,Australian English,australia,Further salvage effort was abandoned.,FER THE SAVAGE EFIT WAS ABANDONED,e1e26fd610798ffc87e4108ceeb2e78982fb9dfe965c6098c728ccb8bae62105
data2vec_base,dsuta,119,stage5ext_00479,6a6b32832defa516dce6922d2300294d6e7f670b8f867ed3f8f7e291df5150f55cde5ad06e44e4d126e3687b818fe5f23e70a1cd189217bc55d1f9f21ced88e0,Australian English,australia,Its lean flesh makes for a unique flavor that differs from species to species.,ITS LANE FLESH MAKES FOR A UNIQUE FLAVA THAT DIFFERS FROM SPECIES TO SPECIES,e1e26fd610798ffc87e4108ceeb2e78982fb9dfe965c6098c728ccb8bae62105
data2vec_base,dsuta,119,stage5ext_00480,6a6b32832defa516dce6922d2300294d6e7f670b8f867ed3f8f7e291df5150f55cde5ad06e44e4d126e3687b818fe5f23e70a1cd189217bc55d1f9f21ced88e0,Australian English,australia,"Multiplexers, decoders, state machines, and other sophisticated digital devices may use inverters.",MULTIPLEXES DECOTOS STATE MACHINES AND OTHER SOPHISTICATED DIGIDIL DEVICES MAY USE INVERTES,e1e26fd610798ffc87e4108ceeb2e78982fb9dfe965c6098c728ccb8bae62105
data2vec_base,dsuta,120,stage5ext_00481,80e5fdd0808bbda9d695c743b5046c81739538d8398f2686fe4b36ca71f055a7cc8e5445f4ac8e41bbbe09c9f01ad6e6bf9e083ec42a8d15655c1b76825dce57,Australian English,australia,"The regiment is introduced as Britain's first ""Kamikaze Regiment"".",THE REGIMENT IS INTRODUCED AS BRIN'S FIRST COMACASI REGIMENTS,c0ee01f0bec25baf3b170c1ad6093960f19dff9f46bbbeedc31bed9ae4fb4db6
data2vec_base,dsuta,120,stage5ext_00482,80e5fdd0808bbda9d695c743b5046c81739538d8398f2686fe4b36ca71f055a7cc8e5445f4ac8e41bbbe09c9f01ad6e6bf9e083ec42a8d15655c1b76825dce57,Australian English,australia,"“Yet you always make me like it,” he said.",YET YOU ALWAYS MAKE ME LIKE IT HE SAID,c0ee01f0bec25baf3b170c1ad6093960f19dff9f46bbbeedc31bed9ae4fb4db6
data2vec_base,dsuta,120,stage5ext_00483,80e5fdd0808bbda9d695c743b5046c81739538d8398f2686fe4b36ca71f055a7cc8e5445f4ac8e41bbbe09c9f01ad6e6bf9e083ec42a8d15655c1b76825dce57,Australian English,australia,The parties were ordered to electronically submit briefs to make their case.,THE PARTIES WERE ORDERED TO ELECTRONICALLY SERMIT BRIEFS TO MAKE THEIR CASE,c0ee01f0bec25baf3b170c1ad6093960f19dff9f46bbbeedc31bed9ae4fb4db6
data2vec_base,dsuta,120,stage5ext_00484,80e5fdd0808bbda9d695c743b5046c81739538d8398f2686fe4b36ca71f055a7cc8e5445f4ac8e41bbbe09c9f01ad6e6bf9e083ec42a8d15655c1b76825dce57,Australian English,australia,Conceptual discussions also revolve around a precise definition of action in philosophy.,CONCEPTONAL DISCUSSIONS ALSO REVOLVE AROUND A PRECISE DEFINITION OF ACTION IN PHILOSOPHY,c0ee01f0bec25baf3b170c1ad6093960f19dff9f46bbbeedc31bed9ae4fb4db6
data2vec_base,dsuta,121,stage5ext_00485,80e5fdd0808bbda9d695c743b5046c81739538d8398f2686fe4b36ca71f055a7cc8e5445f4ac8e41bbbe09c9f01ad6e6bf9e083ec42a8d15655c1b76825dce57,Australian English,australia,John Wyndham's many short stories also appear with later variant titles or pen names.,JOHN WINEHAM'S MANY SHORT STORIES ALSO APPEAR WITH LATER VARANT TITLES OR PINNAMES,4f1767e0041def41204dd47b1d5cb1e4a273ad6f516645bd0ef7e54247c67db6
data2vec_base,dsuta,121,stage5ext_00486,80e5fdd0808bbda9d695c743b5046c81739538d8398f2686fe4b36ca71f055a7cc8e5445f4ac8e41bbbe09c9f01ad6e6bf9e083ec42a8d15655c1b76825dce57,Australian English,australia,"I had an apartment; Jim was, like, ""He's the Boss"".",I HAD AN APARTMENT JIM WAS LIKE HE'S THE BOSS,4f1767e0041def41204dd47b1d5cb1e4a273ad6f516645bd0ef7e54247c67db6
data2vec_base,dsuta,121,stage5ext_00487,80e5fdd0808bbda9d695c743b5046c81739538d8398f2686fe4b36ca71f055a7cc8e5445f4ac8e41bbbe09c9f01ad6e6bf9e083ec42a8d15655c1b76825dce57,Australian English,australia,"The show theme music is a customised version of Barry Manilow's ""Copacabana"".",THE SHOTHINE MUSIC IS A CUSTOMIZED VERSION OF BARRYMANLOS COPACABANA,4f1767e0041def41204dd47b1d5cb1e4a273ad6f516645bd0ef7e54247c67db6
data2vec_base,dsuta,121,stage5ext_00488,80e5fdd0808bbda9d695c743b5046c81739538d8398f2686fe4b36ca71f055a7cc8e5445f4ac8e41bbbe09c9f01ad6e6bf9e083ec42a8d15655c1b76825dce57,Australian English,australia,Especially noteworthy were the early and late paintings.,ESPECIALLY NOTEWORTHY WERE THE EARLY AND LATE PINNINGS,4f1767e0041def41204dd47b1d5cb1e4a273ad6f516645bd0ef7e54247c67db6
data2vec_base,dsuta,122,stage5ext_00489,80e5fdd0808bbda9d695c743b5046c81739538d8398f2686fe4b36ca71f055a7cc8e5445f4ac8e41bbbe09c9f01ad6e6bf9e083ec42a8d15655c1b76825dce57,Australian English,australia,"Gavin Smith would later join the team, making it a three-car Vauxhall effort.",GAVIN SMITH WOULD LATLY JOIN THE TEAM MAKING IT A THREE CARBOXOR EFFORT,b6f9c2d1b30de8f1dea250572d7bb253287d26a29f2e4d0744963205d41e668e
data2vec_base,dsuta,122,stage5ext_00490,80e5fdd0808bbda9d695c743b5046c81739538d8398f2686fe4b36ca71f055a7cc8e5445f4ac8e41bbbe09c9f01ad6e6bf9e083ec42a8d15655c1b76825dce57,Australian English,australia,"His siblings included Key Pittman, a longtime United States Senator from Nevada.",HIS SIPLINGS INCLUDED KEY PITMAN A LONG TIME UNITED STATES SENATOR FROM NEVADA,b6f9c2d1b30de8f1dea250572d7bb253287d26a29f2e4d0744963205d41e668e
data2vec_base,dsuta,122,stage5ext_00491,80e5fdd0808bbda9d695c743b5046c81739538d8398f2686fe4b36ca71f055a7cc8e5445f4ac8e41bbbe09c9f01ad6e6bf9e083ec42a8d15655c1b76825dce57,Australian English,australia,"The ""Dragon Empire"" is an empire ruled by the ten houses of dragons.",THE DRAGON EMPIRE IS AN EMPIRE ROLLED BY THE TEN HOUSES OF DRAGONS,b6f9c2d1b30de8f1dea250572d7bb253287d26a29f2e4d0744963205d41e668e
data2vec_base,dsuta,122,stage5ext_00492,80e5fdd0808bbda9d695c743b5046c81739538d8398f2686fe4b36ca71f055a7cc8e5445f4ac8e41bbbe09c9f01ad6e6bf9e083ec42a8d15655c1b76825dce57,Australian English,australia,Gounki is played on an eight-by-eight square.,GURANKEE IS PLAYED ON HEAT BY EIGHT SQUARE,b6f9c2d1b30de8f1dea250572d7bb253287d26a29f2e4d0744963205d41e668e
data2vec_base,dsuta,123,stage5ext_00493,80e5fdd0808bbda9d695c743b5046c81739538d8398f2686fe4b36ca71f055a7cc8e5445f4ac8e41bbbe09c9f01ad6e6bf9e083ec42a8d15655c1b76825dce57,Australian English,australia,He founded a series of hospitals in Constantinople to care for the poor.,HE FOUND ET A SERIES OF HOSPITALS IN CONSTANTINOPLE TO CARE FOR THE POOR,7ef25c48a4a597397ddae33bed781017cd845946e10e15b2555fa85382652bad
data2vec_base,dsuta,123,stage5ext_00494,80e5fdd0808bbda9d695c743b5046c81739538d8398f2686fe4b36ca71f055a7cc8e5445f4ac8e41bbbe09c9f01ad6e6bf9e083ec42a8d15655c1b76825dce57,Australian English,australia,His guitar compositions are being recorded and performed by an ever-increasing number of guitarists.,HIS GUTAR COMPOSITIONS ARE BEING RECORDED AND PERFORMED BY AN EVER INCREASING NUMBER OF GATARIS,7ef25c48a4a597397ddae33bed781017cd845946e10e15b2555fa85382652bad
data2vec_base,dsuta,123,stage5ext_00495,80e5fdd0808bbda9d695c743b5046c81739538d8398f2686fe4b36ca71f055a7cc8e5445f4ac8e41bbbe09c9f01ad6e6bf9e083ec42a8d15655c1b76825dce57,Australian English,australia,He taught at Stockport Grammar School.,HE TAUGHT A STOCKPORT GRAMMESCOL,7ef25c48a4a597397ddae33bed781017cd845946e10e15b2555fa85382652bad
data2vec_base,dsuta,123,stage5ext_00496,1a03eae3701811654fd562b997c8a474b9db15da01b2c3dbe82487ef0476080aff1930c0b286ebae981fe42447c3f5ef27480999934b5bbbb8e1410266aca125,Australian English,australia,"But, if you can, try to make your own decisions.",BUT IF YOU CAN TRY TO MAK YOUR INDECISIONS,7ef25c48a4a597397ddae33bed781017cd845946e10e15b2555fa85382652bad
data2vec_base,dsuta,124,stage5ext_00497,1a03eae3701811654fd562b997c8a474b9db15da01b2c3dbe82487ef0476080aff1930c0b286ebae981fe42447c3f5ef27480999934b5bbbb8e1410266aca125,Australian English,australia,There was no way to measure anything of that length.,THERE WAS NO WAY TO MEASURE ANYTHING OF THAT LENGTH,239a0fde430583ac638db4467461f4c8831002f2d7724102e03504034431849b
data2vec_base,dsuta,124,stage5ext_00498,1a03eae3701811654fd562b997c8a474b9db15da01b2c3dbe82487ef0476080aff1930c0b286ebae981fe42447c3f5ef27480999934b5bbbb8e1410266aca125,Australian English,australia,"Today, tourism is one of the major economic factors inside the city.",TO DAY TURISM IS ONE OF THE MAJOR ECONOMIC FACTORS IN SAD THE CITY,239a0fde430583ac638db4467461f4c8831002f2d7724102e03504034431849b
data2vec_base,dsuta,124,stage5ext_00499,1a03eae3701811654fd562b997c8a474b9db15da01b2c3dbe82487ef0476080aff1930c0b286ebae981fe42447c3f5ef27480999934b5bbbb8e1410266aca125,Australian English,australia,"Last week, I went hiking in the mountains.",LAST WAKE I WENT WALKING IN THE MOUNTAINS,239a0fde430583ac638db4467461f4c8831002f2d7724102e03504034431849b
data2vec_base,dsuta,124,stage5ext_00500,1a03eae3701811654fd562b997c8a474b9db15da01b2c3dbe82487ef0476080aff1930c0b286ebae981fe42447c3f5ef27480999934b5bbbb8e1410266aca125,Australian English,australia,The boy tried to read what was written in the sand.,THE BOY TROD TO RAY WHAT WAS WRITTEN IN THE SAND,239a0fde430583ac638db4467461f4c8831002f2d7724102e03504034431849b
data2vec_base,dsuta,125,stage5ext_00501,1a03eae3701811654fd562b997c8a474b9db15da01b2c3dbe82487ef0476080aff1930c0b286ebae981fe42447c3f5ef27480999934b5bbbb8e1410266aca125,Australian English,australia,Don't hurt my sore arm again.,DIN'T HURT MY SORE ARM AGAIN,0304564b9f3f2712b9a958a0164cf5895e3568df1158f89b77c7b949929b9d58
data2vec_base,dsuta,125,stage5ext_00502,1a03eae3701811654fd562b997c8a474b9db15da01b2c3dbe82487ef0476080aff1930c0b286ebae981fe42447c3f5ef27480999934b5bbbb8e1410266aca125,Australian English,australia,The fluid sprayed across the foyer.,THE FLOAED SPRIED ACROSS THE FOIA,0304564b9f3f2712b9a958a0164cf5895e3568df1158f89b77c7b949929b9d58
data2vec_base,dsuta,125,stage5ext_00503,1a03eae3701811654fd562b997c8a474b9db15da01b2c3dbe82487ef0476080aff1930c0b286ebae981fe42447c3f5ef27480999934b5bbbb8e1410266aca125,Australian English,australia,Thanks for dropping around.,THANKS THE DROP IN HER AND,0304564b9f3f2712b9a958a0164cf5895e3568df1158f89b77c7b949929b9d58
data2vec_base,dsuta,125,stage5ext_00504,1a03eae3701811654fd562b997c8a474b9db15da01b2c3dbe82487ef0476080aff1930c0b286ebae981fe42447c3f5ef27480999934b5bbbb8e1410266aca125,Australian English,australia,The frog had no chance to escape.,THE FROG HAD NO CHANCE TO ESCAPE,0304564b9f3f2712b9a958a0164cf5895e3568df1158f89b77c7b949929b9d58
data2vec_base,dsuta,126,stage5ext_00505,1a03eae3701811654fd562b997c8a474b9db15da01b2c3dbe82487ef0476080aff1930c0b286ebae981fe42447c3f5ef27480999934b5bbbb8e1410266aca125,Australian English,australia,She likes you well enough to stick around.,SHE LOCKD YOU WELL ENOUGH TO STICK AROUND,ad8becf56e630f32bc6ff4d6017ea85c3ff585ea8459aa5b85e78d7a877982ef
data2vec_base,dsuta,126,stage5ext_00506,1a03eae3701811654fd562b997c8a474b9db15da01b2c3dbe82487ef0476080aff1930c0b286ebae981fe42447c3f5ef27480999934b5bbbb8e1410266aca125,Australian English,australia,The shower curtain is beige and white.,THE SHAL CURTAIN IS BAGE AND WHITE,ad8becf56e630f32bc6ff4d6017ea85c3ff585ea8459aa5b85e78d7a877982ef
data2vec_base,dsuta,126,stage5ext_00507,1a03eae3701811654fd562b997c8a474b9db15da01b2c3dbe82487ef0476080aff1930c0b286ebae981fe42447c3f5ef27480999934b5bbbb8e1410266aca125,Australian English,australia,"Everyone, when they are young, knows what their destiny is.",EVERYONE WHEN THEY ARE YOUNG KNOWS WHAT THEY DISTIN ESE,ad8becf56e630f32bc6ff4d6017ea85c3ff585ea8459aa5b85e78d7a877982ef
data2vec_base,dsuta,126,stage5ext_00508,1a03eae3701811654fd562b997c8a474b9db15da01b2c3dbe82487ef0476080aff1930c0b286ebae981fe42447c3f5ef27480999934b5bbbb8e1410266aca125,Australian English,australia,He didn't consider mending the hole — the stones could fall through any time they wanted.,HE DIDN'T CONSIDER MENDING THE HALL THE STONES COULD FALL THROUGH ANY TAM THEY WANTED,ad8becf56e630f32bc6ff4d6017ea85c3ff585ea8459aa5b85e78d7a877982ef
data2vec_base,dsuta,127,stage5ext_00509,1a03eae3701811654fd562b997c8a474b9db15da01b2c3dbe82487ef0476080aff1930c0b286ebae981fe42447c3f5ef27480999934b5bbbb8e1410266aca125,Australian English,australia,Add shweta mohan to my laundry playlist,ADD CHUTA MERHAN TO MY LAUNDRY PLYLACE,deed741f5ca9606fc677ce7e6cf2e27a251ba529edcee39bf9c1a94a9250145e
data2vec_base,dsuta,127,stage5ext_00510,1a03eae3701811654fd562b997c8a474b9db15da01b2c3dbe82487ef0476080aff1930c0b286ebae981fe42447c3f5ef27480999934b5bbbb8e1410266aca125,Australian English,australia,I'm still having trouble with baking.,I'MSTILL HAVIN' TROUBLE WITH BAGGING,deed741f5ca9606fc677ce7e6cf2e27a251ba529edcee39bf9c1a94a9250145e
data2vec_base,dsuta,127,stage5ext_00511,3935c83996bc79d7abc50adc36392f9a2fd97df405c02b2321332068d1f235f816f68c7b84d0c3b80073933b9f6ab6f5b2d06f204e4bacdd8623e31009f1b83c,Australian English,australia,The mantra itself is also called Simran.,THE MANTRA ITSELF IS ALSO CALLED SIMRAN,deed741f5ca9606fc677ce7e6cf2e27a251ba529edcee39bf9c1a94a9250145e
data2vec_base,dsuta,127,stage5ext_00512,3935c83996bc79d7abc50adc36392f9a2fd97df405c02b2321332068d1f235f816f68c7b84d0c3b80073933b9f6ab6f5b2d06f204e4bacdd8623e31009f1b83c,Australian English,australia,"Throughout college, Edwards moonlighted, playing jazz piano for late night radio and music shows.",THROUGHOUT COLLEGE EDWARDS MOON LIGHTED PLAYING CHASS PIANO FOR LIGHT NIRADIO AND MUSIC SHOWS,deed741f5ca9606fc677ce7e6cf2e27a251ba529edcee39bf9c1a94a9250145e
data2vec_base,dsuta,128,stage5ext_00513,3935c83996bc79d7abc50adc36392f9a2fd97df405c02b2321332068d1f235f816f68c7b84d0c3b80073933b9f6ab6f5b2d06f204e4bacdd8623e31009f1b83c,Australian English,australia,Over this period the paper grew and began to cover additional market sectors.,UF AT THIS PERIOD THE PIPER GREW AND BEGAN TO COVER ADDITIONAL MARKETS SECTUS,38d9fedf0d4d057a32d7f84e7cbd54284506547f5fc0357bfba0223886136e6c
data2vec_base,dsuta,128,stage5ext_00514,3935c83996bc79d7abc50adc36392f9a2fd97df405c02b2321332068d1f235f816f68c7b84d0c3b80073933b9f6ab6f5b2d06f204e4bacdd8623e31009f1b83c,Australian English,australia,"His long, narrow face was dominated by a big nose.",HIS LONG NARROW FACE WAS DOMINATED BY A BEAK NUT,38d9fedf0d4d057a32d7f84e7cbd54284506547f5fc0357bfba0223886136e6c
data2vec_base,dsuta,128,stage5ext_00515,3935c83996bc79d7abc50adc36392f9a2fd97df405c02b2321332068d1f235f816f68c7b84d0c3b80073933b9f6ab6f5b2d06f204e4bacdd8623e31009f1b83c,Australian English,australia,"This has most commonly been interpreted as a rendition of ""Now Strike"".",THIS HAS MOST COMMONLY BEEN INTER PRATET AS A RENDATION OF NOWSTRIKE,38d9fedf0d4d057a32d7f84e7cbd54284506547f5fc0357bfba0223886136e6c
data2vec_base,dsuta,128,stage5ext_00516,3935c83996bc79d7abc50adc36392f9a2fd97df405c02b2321332068d1f235f816f68c7b84d0c3b80073933b9f6ab6f5b2d06f204e4bacdd8623e31009f1b83c,Australian English,australia,The capital of the province is Llica.,THE CAPITAL OF THE PROVINCE IS LICA,38d9fedf0d4d057a32d7f84e7cbd54284506547f5fc0357bfba0223886136e6c
data2vec_base,dsuta,129,stage5ext_00517,3935c83996bc79d7abc50adc36392f9a2fd97df405c02b2321332068d1f235f816f68c7b84d0c3b80073933b9f6ab6f5b2d06f204e4bacdd8623e31009f1b83c,Australian English,australia,Children from this township attend schools in the Blue Mountain School District.,CHILDREN FROM THIS TOWNSHIP ARE TEN SCHOOLS IN THE BLUE MOUNTAIN SCHOOL DISTRICT,faf8589e2e4d726b8ddfdf0cb081f68c5356a2df7a8aa0990b4423c369840636
data2vec_base,dsuta,129,stage5ext_00518,3935c83996bc79d7abc50adc36392f9a2fd97df405c02b2321332068d1f235f816f68c7b84d0c3b80073933b9f6ab6f5b2d06f204e4bacdd8623e31009f1b83c,Australian English,australia,The band's lineup would then remain unchanged through their next two albums.,THE BANDS LINE UP WOULD THEN REMAIN UNCHAINED TO THEIR NEXT TWO ALBUMS,faf8589e2e4d726b8ddfdf0cb081f68c5356a2df7a8aa0990b4423c369840636
data2vec_base,dsuta,129,stage5ext_00519,3935c83996bc79d7abc50adc36392f9a2fd97df405c02b2321332068d1f235f816f68c7b84d0c3b80073933b9f6ab6f5b2d06f204e4bacdd8623e31009f1b83c,Australian English,australia,A user application may render the image into a viewport.,A USUAL ALICATION MAY RENDER THE IMAGE INTO A VIEWPORT,faf8589e2e4d726b8ddfdf0cb081f68c5356a2df7a8aa0990b4423c369840636
data2vec_base,dsuta,129,stage5ext_00520,3935c83996bc79d7abc50adc36392f9a2fd97df405c02b2321332068d1f235f816f68c7b84d0c3b80073933b9f6ab6f5b2d06f204e4bacdd8623e31009f1b83c,Australian English,australia,Jimmy Fortune also sometimes tours with Dailey and Vincent.,JIMMI FORTUNE ALSO SOMETIMES TURS WITH DILY AND FINCENT,faf8589e2e4d726b8ddfdf0cb081f68c5356a2df7a8aa0990b4423c369840636
data2vec_base,dsuta,130,stage5ext_00521,3935c83996bc79d7abc50adc36392f9a2fd97df405c02b2321332068d1f235f816f68c7b84d0c3b80073933b9f6ab6f5b2d06f204e4bacdd8623e31009f1b83c,Australian English,australia,The play was revived in London eight times during his life.,THE PLAY WAS REFIVED IN LONDON AINT TONE DURING HIS LIFE,3c7331f8a490f9ccabc83cb22865c2250cb07155924915be9d115386848c3e0b
data2vec_base,dsuta,130,stage5ext_00522,3935c83996bc79d7abc50adc36392f9a2fd97df405c02b2321332068d1f235f816f68c7b84d0c3b80073933b9f6ab6f5b2d06f204e4bacdd8623e31009f1b83c,Australian English,australia,Following the outbreak of the Second Boer War he was posted to South Africa.,BULLURING THE OUTBREAK OF THE SECOND BORGH WAR HE WAS POSTED TO SOUTH AFRICA,3c7331f8a490f9ccabc83cb22865c2250cb07155924915be9d115386848c3e0b
data2vec_base,dsuta,130,stage5ext_00523,3935c83996bc79d7abc50adc36392f9a2fd97df405c02b2321332068d1f235f816f68c7b84d0c3b80073933b9f6ab6f5b2d06f204e4bacdd8623e31009f1b83c,Australian English,australia,It is a popular spot for surfing and swimming.,IT IS A POPULAR SPOT FOR SERVINT AND SWOMEN,3c7331f8a490f9ccabc83cb22865c2250cb07155924915be9d115386848c3e0b
data2vec_base,dsuta,130,stage5ext_00524,3935c83996bc79d7abc50adc36392f9a2fd97df405c02b2321332068d1f235f816f68c7b84d0c3b80073933b9f6ab6f5b2d06f204e4bacdd8623e31009f1b83c,Australian English,australia,Dylan apparently disliked this.,GILEN APPARENTLY DISLIKED THIS,3c7331f8a490f9ccabc83cb22865c2250cb07155924915be9d115386848c3e0b
data2vec_base,dsuta,131,stage5ext_00525,3935c83996bc79d7abc50adc36392f9a2fd97df405c02b2321332068d1f235f816f68c7b84d0c3b80073933b9f6ab6f5b2d06f204e4bacdd8623e31009f1b83c,Australian English,australia,Her heart-shaped gravestone is visible from the road.,HER HEART SHAPED GRAVESTONE IS VISIBLE FROM THE ROAD,6cd8b83c2a2e707d2ea711b4a877269fa30b7fdcbd093956e786dff4661760a1
data2vec_base,dsuta,131,stage5ext_00526,92fa0173d8a52067542a43504a23d6adbcf1f55271ca38e9eacfa6f751199a9bb7ed840cebadc1a745b2c605ec99dcfae954c709b8c345afbcb08ce46e100b4d,Australian English,australia,"Bushnell was born in Saint Paul, Minnesota and raised in Los Angeles, California.",BOUCHENE WAS BORN IN SAINT PAUL MINNESOTA AND RAISED IN LOS AGELES CALIFORNIA,6cd8b83c2a2e707d2ea711b4a877269fa30b7fdcbd093956e786dff4661760a1
data2vec_base,dsuta,131,stage5ext_00527,92fa0173d8a52067542a43504a23d6adbcf1f55271ca38e9eacfa6f751199a9bb7ed840cebadc1a745b2c605ec99dcfae954c709b8c345afbcb08ce46e100b4d,Australian English,australia,The show is based on noughts and crosses.,THE SHOW IS BASED ON NORTS AND CROSSES,6cd8b83c2a2e707d2ea711b4a877269fa30b7fdcbd093956e786dff4661760a1
data2vec_base,dsuta,131,stage5ext_00528,92fa0173d8a52067542a43504a23d6adbcf1f55271ca38e9eacfa6f751199a9bb7ed840cebadc1a745b2c605ec99dcfae954c709b8c345afbcb08ce46e100b4d,Australian English,australia,"There are also useful concepts of regular monomorphism, strong monomorphism, and extremal monomorphism.",THERE ARE ALSO USEFUL CONCERTS OF REGULAR MONOMORPHISM STRONG MONOMORPHISM AND EXTREMAL MONOMORPHISM,6cd8b83c2a2e707d2ea711b4a877269fa30b7fdcbd093956e786dff4661760a1
data2vec_base,dsuta,132,stage5ext_00529,92fa0173d8a52067542a43504a23d6adbcf1f55271ca38e9eacfa6f751199a9bb7ed840cebadc1a745b2c605ec99dcfae954c709b8c345afbcb08ce46e100b4d,Australian English,australia,A little glass in a transept window is older still.,A LITTLE GLASS IN A TRANSET WINDOW IF OLDER STILL,a9c81cfb9ce143434c37f319a0924f266e11c55baaf8bacffeb1580e4fbd53a8
data2vec_base,dsuta,132,stage5ext_00530,92fa0173d8a52067542a43504a23d6adbcf1f55271ca38e9eacfa6f751199a9bb7ed840cebadc1a745b2c605ec99dcfae954c709b8c345afbcb08ce46e100b4d,Australian English,australia,For a small monthly fee the establishment will also wash one's mug.,FOR SMALL MONTHLY FEED ESTABLISHMENT WILL ALSO WASH UAN'S MUG,a9c81cfb9ce143434c37f319a0924f266e11c55baaf8bacffeb1580e4fbd53a8
data2vec_base,dsuta,132,stage5ext_00531,92fa0173d8a52067542a43504a23d6adbcf1f55271ca38e9eacfa6f751199a9bb7ed840cebadc1a745b2c605ec99dcfae954c709b8c345afbcb08ce46e100b4d,Australian English,australia,"Evidently there is no treasure, so Taran and the ruffian are soon at swordpoint.",EVIDENTLY THERE IS NO TREASURE SO TARANIN RUFFIAN A SOON AT SORT POINT,a9c81cfb9ce143434c37f319a0924f266e11c55baaf8bacffeb1580e4fbd53a8
data2vec_base,dsuta,132,stage5ext_00532,92fa0173d8a52067542a43504a23d6adbcf1f55271ca38e9eacfa6f751199a9bb7ed840cebadc1a745b2c605ec99dcfae954c709b8c345afbcb08ce46e100b4d,Australian English,australia,Its user interface and functionality is similar to Microsoft Outlook.,ITS USIT INTIFACE AND FUNCTIONALITY SIMILAR TO THE MICROSOFT OUTLOOK,a9c81cfb9ce143434c37f319a0924f266e11c55baaf8bacffeb1580e4fbd53a8
data2vec_base,dsuta,133,stage5ext_00533,92fa0173d8a52067542a43504a23d6adbcf1f55271ca38e9eacfa6f751199a9bb7ed840cebadc1a745b2c605ec99dcfae954c709b8c345afbcb08ce46e100b4d,Australian English,australia,It is famous for its mudbrick-made high-rise buildings.,IT IS FAMOUS FLORID'S MUNTBRICK MADE HIGH RIFE BUILDINGS,8d1c6a2922a1c1b6620e6a88d41926b20f4a97b7dd2d398e901e661e7039bbff
data2vec_base,dsuta,133,stage5ext_00534,92fa0173d8a52067542a43504a23d6adbcf1f55271ca38e9eacfa6f751199a9bb7ed840cebadc1a745b2c605ec99dcfae954c709b8c345afbcb08ce46e100b4d,Australian English,australia,"Not all of the ""Heritage Minutes"" episodes have actually aired.",FO ALL THE HERITAGE MINUTES EPISODES HAVE ACTUALLY EIRED,8d1c6a2922a1c1b6620e6a88d41926b20f4a97b7dd2d398e901e661e7039bbff
data2vec_base,dsuta,133,stage5ext_00535,92fa0173d8a52067542a43504a23d6adbcf1f55271ca38e9eacfa6f751199a9bb7ed840cebadc1a745b2c605ec99dcfae954c709b8c345afbcb08ce46e100b4d,Australian English,australia,He later lived in the British West Indies.,HELITA LIVED IN THE BRITISH WEST INDIES,8d1c6a2922a1c1b6620e6a88d41926b20f4a97b7dd2d398e901e661e7039bbff
data2vec_base,dsuta,133,stage5ext_00536,92fa0173d8a52067542a43504a23d6adbcf1f55271ca38e9eacfa6f751199a9bb7ed840cebadc1a745b2c605ec99dcfae954c709b8c345afbcb08ce46e100b4d,Australian English,australia,The two company branches issued combined trade catalogs.,THE TWO COMPANY BRANCHES ISSUED COMBINED TRADE CATALOGUES,8d1c6a2922a1c1b6620e6a88d41926b20f4a97b7dd2d398e901e661e7039bbff
data2vec_base,dsuta,134,stage5ext_00537,92fa0173d8a52067542a43504a23d6adbcf1f55271ca38e9eacfa6f751199a9bb7ed840cebadc1a745b2c605ec99dcfae954c709b8c345afbcb08ce46e100b4d,Australian English,australia,Whitebirk is part of the Blackburn urban area.,WHITEBURK IS CARTO TO BLACK VAN URBANARIA,40a097ad7b0c2b1b8e500c5c60c810ec483c2a9dee29094f03800ffb610afd1c
data2vec_base,dsuta,134,stage5ext_00538,92fa0173d8a52067542a43504a23d6adbcf1f55271ca38e9eacfa6f751199a9bb7ed840cebadc1a745b2c605ec99dcfae954c709b8c345afbcb08ce46e100b4d,Australian English,australia,"One of the most famous ""novelty shows"" is the World's Ugliest Dog Contest.",ONE OF YO MOST FAMOUS NOVELDY SHORES IS A WORLD'S UGLIEST OLD CONTEST,40a097ad7b0c2b1b8e500c5c60c810ec483c2a9dee29094f03800ffb610afd1c
data2vec_base,dsuta,134,stage5ext_00539,92fa0173d8a52067542a43504a23d6adbcf1f55271ca38e9eacfa6f751199a9bb7ed840cebadc1a745b2c605ec99dcfae954c709b8c345afbcb08ce46e100b4d,Australian English,australia,The town is named after the island of Elba.,THE TOWN IS NAMED AFTER THE ISLAND OF ELBA,40a097ad7b0c2b1b8e500c5c60c810ec483c2a9dee29094f03800ffb610afd1c
data2vec_base,dsuta,134,stage5ext_00540,92fa0173d8a52067542a43504a23d6adbcf1f55271ca38e9eacfa6f751199a9bb7ed840cebadc1a745b2c605ec99dcfae954c709b8c345afbcb08ce46e100b4d,Australian English,australia,Later its coverage was expanded to cover political news.,LIGHTERARDS CUPVOARDS WOULD HAVE EXPANDED TO COFFER POLITICAL NEWS,40a097ad7b0c2b1b8e500c5c60c810ec483c2a9dee29094f03800ffb610afd1c
data2vec_base,dsuta,135,stage5ext_00541,7f29ce6531f159f514ccb46caa1535f1687740b13a60c3f3ac15d8462984c71b2c5747d5f67692081b7e7de330d1ded32b09bc1693c0a26c8189132bf2c48888,Australian English,australia,"For example, instead of editing Google Maps, consider contributing to OpenStreetMap.",FOR EXAMPLE INSTEAD OF EDITING GUGLE MAPS CONSIDERED CONTRIBUTING TO OPEN STREET MAP,e5f7d03025d7fb150aaf46bc6a75e3776a234e791b5828a86ad29e28befe0dbe
data2vec_base,dsuta,135,stage5ext_00542,7f29ce6531f159f514ccb46caa1535f1687740b13a60c3f3ac15d8462984c71b2c5747d5f67692081b7e7de330d1ded32b09bc1693c0a26c8189132bf2c48888,Australian English,australia,What is it you want to research?,WHAT IS IT YOU WANT TO RESEARCH,e5f7d03025d7fb150aaf46bc6a75e3776a234e791b5828a86ad29e28befe0dbe
data2vec_base,dsuta,135,stage5ext_00543,7f29ce6531f159f514ccb46caa1535f1687740b13a60c3f3ac15d8462984c71b2c5747d5f67692081b7e7de330d1ded32b09bc1693c0a26c8189132bf2c48888,Australian English,australia,"Well, the merry-go-round wasn't exactly spectacular.",WELL THE MURRIGO ROUND WASN'T EXACTLY SPECTACULA,e5f7d03025d7fb150aaf46bc6a75e3776a234e791b5828a86ad29e28befe0dbe
data2vec_base,dsuta,135,stage5ext_00544,7f29ce6531f159f514ccb46caa1535f1687740b13a60c3f3ac15d8462984c71b2c5747d5f67692081b7e7de330d1ded32b09bc1693c0a26c8189132bf2c48888,Australian English,australia,What is the meaning of this?,WHAT IS THE MEANING OF THIS,e5f7d03025d7fb150aaf46bc6a75e3776a234e791b5828a86ad29e28befe0dbe
data2vec_base,dsuta,136,stage5ext_00545,7f29ce6531f159f514ccb46caa1535f1687740b13a60c3f3ac15d8462984c71b2c5747d5f67692081b7e7de330d1ded32b09bc1693c0a26c8189132bf2c48888,Australian English,australia,"The flag is red, blue, and yellow.",THE FLAG IS RED BLUE AND YELLOW,059fefa81e4f73790926d939d14c46a5606ac8df4359266f3ce4808614dd5b3f
data2vec_base,dsuta,136,stage5ext_00546,7f29ce6531f159f514ccb46caa1535f1687740b13a60c3f3ac15d8462984c71b2c5747d5f67692081b7e7de330d1ded32b09bc1693c0a26c8189132bf2c48888,Australian English,australia,What are the facts?,WHAT ARE THE FACTS,059fefa81e4f73790926d939d14c46a5606ac8df4359266f3ce4808614dd5b3f
data2vec_base,dsuta,136,stage5ext_00547,7f29ce6531f159f514ccb46caa1535f1687740b13a60c3f3ac15d8462984c71b2c5747d5f67692081b7e7de330d1ded32b09bc1693c0a26c8189132bf2c48888,Australian English,australia,"I've brought you some cheese, because I know you love cheese.",I'VE BROUGHT YOU SOME CHEESE AUSE I KNOW YOU LOVE CHEESE,059fefa81e4f73790926d939d14c46a5606ac8df4359266f3ce4808614dd5b3f
data2vec_base,dsuta,136,stage5ext_00548,7f29ce6531f159f514ccb46caa1535f1687740b13a60c3f3ac15d8462984c71b2c5747d5f67692081b7e7de330d1ded32b09bc1693c0a26c8189132bf2c48888,Australian English,australia,How did you get it?,HOW DID YOU GET IT,059fefa81e4f73790926d939d14c46a5606ac8df4359266f3ce4808614dd5b3f
data2vec_base,dsuta,137,stage5ext_00549,7f29ce6531f159f514ccb46caa1535f1687740b13a60c3f3ac15d8462984c71b2c5747d5f67692081b7e7de330d1ded32b09bc1693c0a26c8189132bf2c48888,Australian English,australia,"He was something of a sickly child by all accounts, never made it past his fourth birthday.",HE WAS SOMETHING OF A SICKLY CHILD BY ALL ACCOUNTS AND EVER MADE IT PAST HIS FOURTH BIRTHDAY,16a22e0ba292095531db0f33872dacdd50750eb54f26db75c83f1972685f9110
data2vec_base,dsuta,137,stage5ext_00550,7f29ce6531f159f514ccb46caa1535f1687740b13a60c3f3ac15d8462984c71b2c5747d5f67692081b7e7de330d1ded32b09bc1693c0a26c8189132bf2c48888,Australian English,australia,Under what circumstances might you be persuaded to provide us with passes?,UNDER WHAT CIRCUMSTANCES MIGHT YOU BE PERSUADED TO PROVIDE US WITH PASSERS,16a22e0ba292095531db0f33872dacdd50750eb54f26db75c83f1972685f9110
data2vec_base,dsuta,137,stage5ext_00551,7f29ce6531f159f514ccb46caa1535f1687740b13a60c3f3ac15d8462984c71b2c5747d5f67692081b7e7de330d1ded32b09bc1693c0a26c8189132bf2c48888,Australian English,australia,"They found all sorts of drugs at Howard's house: Cocaine, meth, heroine...",THEY FOUND ALL SORTS OF DRUGS AT HOWOD'S HOUSE COCANE METH HEROINE,16a22e0ba292095531db0f33872dacdd50750eb54f26db75c83f1972685f9110
data2vec_base,dsuta,137,stage5ext_00552,7f29ce6531f159f514ccb46caa1535f1687740b13a60c3f3ac15d8462984c71b2c5747d5f67692081b7e7de330d1ded32b09bc1693c0a26c8189132bf2c48888,Australian English,australia,"Kidneys are transplanted often, because every healthy person has two of them.",KIDNEYS ARE TRANSPLANTED OFTEN BECAUSE EVERY HEALTHY PERSON IS TWO OF THEM,16a22e0ba292095531db0f33872dacdd50750eb54f26db75c83f1972685f9110
data2vec_base,dsuta,138,stage5ext_00553,7f29ce6531f159f514ccb46caa1535f1687740b13a60c3f3ac15d8462984c71b2c5747d5f67692081b7e7de330d1ded32b09bc1693c0a26c8189132bf2c48888,Australian English,australia,"A trill, or shake A triplet.",A TRILL OR SHAKE O RIPPLOD,a9aa866b3d42d07b2a56b8c863a89ed81fc7099517e6484faa2129bbd73c720c
data2vec_base,dsuta,138,stage5ext_00554,7f29ce6531f159f514ccb46caa1535f1687740b13a60c3f3ac15d8462984c71b2c5747d5f67692081b7e7de330d1ded32b09bc1693c0a26c8189132bf2c48888,Australian English,australia,"Four doors lead from the landing into two bedrooms, a closet, and a small, but functional bathroom.",FOUR DOORS LEAD FROM THE LANDING INTO TWO BEDROOMS A CLOSET AND A SMALL BUT FUNCTIONAL BATHROOM,a9aa866b3d42d07b2a56b8c863a89ed81fc7099517e6484faa2129bbd73c720c
data2vec_base,dsuta,138,stage5ext_00555,7f29ce6531f159f514ccb46caa1535f1687740b13a60c3f3ac15d8462984c71b2c5747d5f67692081b7e7de330d1ded32b09bc1693c0a26c8189132bf2c48888,Australian English,australia,Why did you do it?,WHY DID YOU DO IT,a9aa866b3d42d07b2a56b8c863a89ed81fc7099517e6484faa2129bbd73c720c
data2vec_base,dsuta,138,stage5ext_00556,243c0d90f6145edce7803731bbd3baff7cb887a5290c10c1c5897e24248e249752883be23dbe58e59668ad96307fa0666e76dde82a2dd55ac2c624acbdb1d919,Australian English,australia,Perhaps she forgot all about it.,YET SHE FORGOT ALL ABOUT IT,a9aa866b3d42d07b2a56b8c863a89ed81fc7099517e6484faa2129bbd73c720c
data2vec_base,dsuta,139,stage5ext_00557,243c0d90f6145edce7803731bbd3baff7cb887a5290c10c1c5897e24248e249752883be23dbe58e59668ad96307fa0666e76dde82a2dd55ac2c624acbdb1d919,Australian English,australia,I would if I thought I'd hear anything worth listening to.,I WOLT IF AT TOUGT I FEAR ANYTHING BORT WIT EITTE,9bd6d204f877b2151bd938a82b289f56300b2034f49917fb26103295d9891819
data2vec_base,dsuta,139,stage5ext_00558,243c0d90f6145edce7803731bbd3baff7cb887a5290c10c1c5897e24248e249752883be23dbe58e59668ad96307fa0666e76dde82a2dd55ac2c624acbdb1d919,Australian English,australia,In that case I'll ask the two executive officers to withdraw.,IN THAT CASE I'LL ASK THE TWO EXECUTIVE OFFICERS TO WITHDRAW,9bd6d204f877b2151bd938a82b289f56300b2034f49917fb26103295d9891819
data2vec_base,dsuta,139,stage5ext_00559,243c0d90f6145edce7803731bbd3baff7cb887a5290c10c1c5897e24248e249752883be23dbe58e59668ad96307fa0666e76dde82a2dd55ac2c624acbdb1d919,Australian English,australia,I'm everything the District Attorney said I was.,AND EVERYTHING THE DISTRICT ATTORNEY SAID I WANT,9bd6d204f877b2151bd938a82b289f56300b2034f49917fb26103295d9891819
data2vec_base,dsuta,139,stage5ext_00560,243c0d90f6145edce7803731bbd3baff7cb887a5290c10c1c5897e24248e249752883be23dbe58e59668ad96307fa0666e76dde82a2dd55ac2c624acbdb1d919,Australian English,australia,I don't want Mrs. Douglas.,I DON'T WANT MISSUS DOUGLAS,9bd6d204f877b2151bd938a82b289f56300b2034f49917fb26103295d9891819
data2vec_base,dsuta,140,stage5ext_00561,243c0d90f6145edce7803731bbd3baff7cb887a5290c10c1c5897e24248e249752883be23dbe58e59668ad96307fa0666e76dde82a2dd55ac2c624acbdb1d919,Australian English,australia,What's the idea here?,WHAT'S THI IHEAR HER,d6259c70aaffe7402a0f1d7732f93cd168f54669912ec19baed4d3b3b2492a1c
data2vec_base,dsuta,140,stage5ext_00562,243c0d90f6145edce7803731bbd3baff7cb887a5290c10c1c5897e24248e249752883be23dbe58e59668ad96307fa0666e76dde82a2dd55ac2c624acbdb1d919,Australian English,australia,I've suddenly become quite important.,I SUDDENLY BECOME QUITE IMPORTANT,d6259c70aaffe7402a0f1d7732f93cd168f54669912ec19baed4d3b3b2492a1c
data2vec_base,dsuta,140,stage5ext_00563,243c0d90f6145edce7803731bbd3baff7cb887a5290c10c1c5897e24248e249752883be23dbe58e59668ad96307fa0666e76dde82a2dd55ac2c624acbdb1d919,Australian English,australia,There's nothing more we can do tonight.,THERE'S NOTHING MORE WE CAN DO TO NIGHT,d6259c70aaffe7402a0f1d7732f93cd168f54669912ec19baed4d3b3b2492a1c
data2vec_base,dsuta,140,stage5ext_00564,243c0d90f6145edce7803731bbd3baff7cb887a5290c10c1c5897e24248e249752883be23dbe58e59668ad96307fa0666e76dde82a2dd55ac2c624acbdb1d919,Australian English,australia,A sight for sore eyes.,WIT NEITHER OR YOR EYES,d6259c70aaffe7402a0f1d7732f93cd168f54669912ec19baed4d3b3b2492a1c
data2vec_base,dsuta,141,stage5ext_00565,243c0d90f6145edce7803731bbd3baff7cb887a5290c10c1c5897e24248e249752883be23dbe58e59668ad96307fa0666e76dde82a2dd55ac2c624acbdb1d919,Australian English,australia,She had pneumonia once.,SHE KEPT NO MONEY ONE,e27113c1ee27b552a50106c9f9c626335f4f983b008b1a58778a18c3343e96aa
data2vec_base,dsuta,141,stage5ext_00566,243c0d90f6145edce7803731bbd3baff7cb887a5290c10c1c5897e24248e249752883be23dbe58e59668ad96307fa0666e76dde82a2dd55ac2c624acbdb1d919,Australian English,australia,We returned to the cemetery.,HE RETURNED TO THE CEMETERY,e27113c1ee27b552a50106c9f9c626335f4f983b008b1a58778a18c3343e96aa
data2vec_base,dsuta,141,stage5ext_00567,243c0d90f6145edce7803731bbd3baff7cb887a5290c10c1c5897e24248e249752883be23dbe58e59668ad96307fa0666e76dde82a2dd55ac2c624acbdb1d919,Australian English,australia,I'd like to think.,I LIKE TO THINK,e27113c1ee27b552a50106c9f9c626335f4f983b008b1a58778a18c3343e96aa
data2vec_base,dsuta,141,stage5ext_00568,243c0d90f6145edce7803731bbd3baff7cb887a5290c10c1c5897e24248e249752883be23dbe58e59668ad96307fa0666e76dde82a2dd55ac2c624acbdb1d919,Australian English,australia,Your mother and I talked it over half the night.,YOUR MOTHER AND I TALKED IT OVER HALF THE NIGHT,e27113c1ee27b552a50106c9f9c626335f4f983b008b1a58778a18c3343e96aa
data2vec_base,dsuta,142,stage5ext_00569,243c0d90f6145edce7803731bbd3baff7cb887a5290c10c1c5897e24248e249752883be23dbe58e59668ad96307fa0666e76dde82a2dd55ac2c624acbdb1d919,Australian English,australia,We must get some of that serum as soon as possible.,WE MUST GET SOME OF THES FEROW AS TE AS POSSIBLE,30d6175890568b40e98f045f7f1e60d14852ab8da0c4b03726025414818ffe3d
data2vec_base,dsuta,142,stage5ext_00570,243c0d90f6145edce7803731bbd3baff7cb887a5290c10c1c5897e24248e249752883be23dbe58e59668ad96307fa0666e76dde82a2dd55ac2c624acbdb1d919,Australian English,australia,She'll be waiting for you in Albany.,SOBE RAE QO YOU IN ALBANY,30d6175890568b40e98f045f7f1e60d14852ab8da0c4b03726025414818ffe3d
data2vec_base,dsuta,142,stage5ext_00571,0acf313028bfe2af57b429c11e66463848b29afaa619fcfb0eea753f8ba9c63862e2c106975c0e70bde12809fc2422731691839c34fe911de22051dd732876d2,Australian English,australia,It seemed to him that it fell to earth about one hundred miles east of here.,IT SEEMED TO HIM THAT IT FELL TO EARTH ABOUT ONE HUNDRED MILES EAST OF HERE,30d6175890568b40e98f045f7f1e60d14852ab8da0c4b03726025414818ffe3d
data2vec_base,dsuta,142,stage5ext_00572,0acf313028bfe2af57b429c11e66463848b29afaa619fcfb0eea753f8ba9c63862e2c106975c0e70bde12809fc2422731691839c34fe911de22051dd732876d2,Australian English,australia,'m all about those invisible cosmic connections that transcend time and distance.,I'M ALL ABOUT THOSE INVISIBLE COSMIC CONNECTIONS THAT TRANSCEND TIME AND DISTANCE,30d6175890568b40e98f045f7f1e60d14852ab8da0c4b03726025414818ffe3d
data2vec_base,dsuta,143,stage5ext_00573,0acf313028bfe2af57b429c11e66463848b29afaa619fcfb0eea753f8ba9c63862e2c106975c0e70bde12809fc2422731691839c34fe911de22051dd732876d2,Australian English,australia,And one or two persons were returning.,AND ONE OR TWO PERSONS WERE RETURNING,77dcd8f9e33afc63c4e32b8718398edb86c46909a939b0c7c02b5ec77fb0dc30
data2vec_base,dsuta,143,stage5ext_00574,0acf313028bfe2af57b429c11e66463848b29afaa619fcfb0eea753f8ba9c63862e2c106975c0e70bde12809fc2422731691839c34fe911de22051dd732876d2,Australian English,australia,Even then he hardly understood what this meant.,EVEN THEN HE HARDLY UNDERSTOOD WHAT THIS MEANT,77dcd8f9e33afc63c4e32b8718398edb86c46909a939b0c7c02b5ec77fb0dc30
data2vec_base,dsuta,143,stage5ext_00575,0acf313028bfe2af57b429c11e66463848b29afaa619fcfb0eea753f8ba9c63862e2c106975c0e70bde12809fc2422731691839c34fe911de22051dd732876d2,Australian English,australia,He heard a muffled grating sound and saw the black mark jerk forward an inch or so.,HE HEARD A MUFFLED GRATING SOUND AND SAW THE BLACK MARK JERK FORWARD AN INCH OR SO,77dcd8f9e33afc63c4e32b8718398edb86c46909a939b0c7c02b5ec77fb0dc30
data2vec_base,dsuta,143,stage5ext_00576,0acf313028bfe2af57b429c11e66463848b29afaa619fcfb0eea753f8ba9c63862e2c106975c0e70bde12809fc2422731691839c34fe911de22051dd732876d2,Australian English,australia,Hundreds of observers saw the flame that night and the night after.,HUNDREDS OF OBSERVERS SAW THE FLAME THAT NIGHT AND THE NIGHT AFTER,77dcd8f9e33afc63c4e32b8718398edb86c46909a939b0c7c02b5ec77fb0dc30
data2vec_base,dsuta,144,stage5ext_00577,0acf313028bfe2af57b429c11e66463848b29afaa619fcfb0eea753f8ba9c63862e2c106975c0e70bde12809fc2422731691839c34fe911de22051dd732876d2,Australian English,australia,I was impatient to see it opened.,I WAS IMPATIENT TO SEE IT OPENED,463eff52c8478e542cc97d7773881e72c13d5c4a57af0a02fe410b8c4791c0a6
data2vec_base,dsuta,144,stage5ext_00578,0acf313028bfe2af57b429c11e66463848b29afaa619fcfb0eea753f8ba9c63862e2c106975c0e70bde12809fc2422731691839c34fe911de22051dd732876d2,Australian English,australia,My mind ran on the possibilities of its content.,MY MIND RAN ON THE POSSIBILITIES OF ITS CONTENT,463eff52c8478e542cc97d7773881e72c13d5c4a57af0a02fe410b8c4791c0a6
data2vec_base,dsuta,144,stage5ext_00579,0acf313028bfe2af57b429c11e66463848b29afaa619fcfb0eea753f8ba9c63862e2c106975c0e70bde12809fc2422731691839c34fe911de22051dd732876d2,Australian English,australia,Some of those who saw its flight say it travelled with a hissing sound.,SOME OF THOSE WHO SAW ITS FLIGHT SAY IT TREUBLED WITH A HISSING SOUND,463eff52c8478e542cc97d7773881e72c13d5c4a57af0a02fe410b8c4791c0a6
data2vec_base,dsuta,144,stage5ext_00580,0acf313028bfe2af57b429c11e66463848b29afaa619fcfb0eea753f8ba9c63862e2c106975c0e70bde12809fc2422731691839c34fe911de22051dd732876d2,Australian English,australia,"You don't have to be rich, skinny, popular, or even own a cape to perform a random act of kindness.",YOU DON'T HAVE TO BE RICH SKINNY POPULAROR EVEN OWN A CAPE TO PERFORM A RANDOM ACT OF KINDNESS,463eff52c8478e542cc97d7773881e72c13d5c4a57af0a02fe410b8c4791c0a6
data2vec_base,dsuta,145,stage5ext_00581,0acf313028bfe2af57b429c11e66463848b29afaa619fcfb0eea753f8ba9c63862e2c106975c0e70bde12809fc2422731691839c34fe911de22051dd732876d2,Australian English,australia,I had seen all that it would presently bring me.,I HAD SEEN ALL THAT IT WOULD PRESENTLY BRING ME,b32d36db1ad5a67b270b1738175ad465018b45b4774f012741bc5d10039dbec9
data2vec_base,dsuta,145,stage5ext_00582,0acf313028bfe2af57b429c11e66463848b29afaa619fcfb0eea753f8ba9c63862e2c106975c0e70bde12809fc2422731691839c34fe911de22051dd732876d2,Australian English,australia,The time must have been somewhere around six o'clock.,THE TIME MUST HAVE BEEN SOMEWHERE ROUND SIX O'CLOCK,b32d36db1ad5a67b270b1738175ad465018b45b4774f012741bc5d10039dbec9
data2vec_base,dsuta,145,stage5ext_00583,0acf313028bfe2af57b429c11e66463848b29afaa619fcfb0eea753f8ba9c63862e2c106975c0e70bde12809fc2422731691839c34fe911de22051dd732876d2,Australian English,australia,We lit the lantern and walked over to his house.,WE LIT THE LANTERN AND WALKED OVER TO HIS HOUSE,b32d36db1ad5a67b270b1738175ad465018b45b4774f012741bc5d10039dbec9
data2vec_base,dsuta,145,stage5ext_00584,0acf313028bfe2af57b429c11e66463848b29afaa619fcfb0eea753f8ba9c63862e2c106975c0e70bde12809fc2422731691839c34fe911de22051dd732876d2,Australian English,australia,"If you start your emails with ""Greetings"" let me be the first to welcome you to Earth.",IF YOU START YOUR EMALES WITH GREETINGS LET ME BE THE FIRST TO WELCOME YOU TO EARTH,b32d36db1ad5a67b270b1738175ad465018b45b4774f012741bc5d10039dbec9
data2vec_base,dsuta,146,stage5ext_00585,0acf313028bfe2af57b429c11e66463848b29afaa619fcfb0eea753f8ba9c63862e2c106975c0e70bde12809fc2422731691839c34fe911de22051dd732876d2,Australian English,australia,Scattered groups of people were hurrying from the direction of Woking.,SCATTERED GROUPS OF PEOPLE WERE HURRYING FROM THE DIRECTION OF WORKING,7a7765ea691d9fe0268ba41cad6570f5c1219d301496e169f1b177e4fd6e7a45
data2vec_base,dsuta,146,stage5ext_00586,771662210642ca9e2f17135f7a66db7f250f7f7bc6d9b3e3475b19d375389bcf6d1979c9a58a21cc866543ad80ab0e9641158290b7f6a9e1d0aad1635c730ab4,Australian English,australia,"Wakehurst asked the Treasurer, Alexander Mair, to form a government.",WAYKURST ASK THE TREASURER ALEXANDER MAYOR TO FORM A GOVERNMENT,7a7765ea691d9fe0268ba41cad6570f5c1219d301496e169f1b177e4fd6e7a45
data2vec_base,dsuta,146,stage5ext_00587,771662210642ca9e2f17135f7a66db7f250f7f7bc6d9b3e3475b19d375389bcf6d1979c9a58a21cc866543ad80ab0e9641158290b7f6a9e1d0aad1635c730ab4,Australian English,australia,"Translated, it means ""revolving hands"", ""rotating palms"", or ""turning palms.",TRANSLATED IT MEANS REVOLVING HANDS VRITATING PALMS FOR TURNING PALMS,7a7765ea691d9fe0268ba41cad6570f5c1219d301496e169f1b177e4fd6e7a45
data2vec_base,dsuta,146,stage5ext_00588,771662210642ca9e2f17135f7a66db7f250f7f7bc6d9b3e3475b19d375389bcf6d1979c9a58a21cc866543ad80ab0e9641158290b7f6a9e1d0aad1635c730ab4,Australian English,australia,It still has a working blacksmith's shop.,IT STILL HAS A WORKING BLACKSMITH'S SHOP,7a7765ea691d9fe0268ba41cad6570f5c1219d301496e169f1b177e4fd6e7a45
data2vec_base,dsuta,147,stage5ext_00589,771662210642ca9e2f17135f7a66db7f250f7f7bc6d9b3e3475b19d375389bcf6d1979c9a58a21cc866543ad80ab0e9641158290b7f6a9e1d0aad1635c730ab4,Australian English,australia,"A right-handed batsman, Carlton Baugh Snr.",RIGHT HANDED BATSMAN CARLTON BOR SENOR,572bd8e6fc3f3d15024436d6d0f9ccd0db4b333ae21662882587cf9dfd544360
data2vec_base,dsuta,147,stage5ext_00590,771662210642ca9e2f17135f7a66db7f250f7f7bc6d9b3e3475b19d375389bcf6d1979c9a58a21cc866543ad80ab0e9641158290b7f6a9e1d0aad1635c730ab4,Australian English,australia,I couldn't see the linebackers.,I COULDN'T SEE THE LINE BACKERS,572bd8e6fc3f3d15024436d6d0f9ccd0db4b333ae21662882587cf9dfd544360
data2vec_base,dsuta,147,stage5ext_00591,771662210642ca9e2f17135f7a66db7f250f7f7bc6d9b3e3475b19d375389bcf6d1979c9a58a21cc866543ad80ab0e9641158290b7f6a9e1d0aad1635c730ab4,Australian English,australia,Foreign titles may be utilized as a foundation for recognition of professional licensing.,FOREIGN TITLES MAY BE UTILIZED AS A FOUNDATION FOR RECOGNITION OF PROFESSIONAL LICENSING,572bd8e6fc3f3d15024436d6d0f9ccd0db4b333ae21662882587cf9dfd544360
data2vec_base,dsuta,147,stage5ext_00592,771662210642ca9e2f17135f7a66db7f250f7f7bc6d9b3e3475b19d375389bcf6d1979c9a58a21cc866543ad80ab0e9641158290b7f6a9e1d0aad1635c730ab4,Australian English,australia,"For information on winning strategy, see ""The Schnapsen Log"" and ""Winning Schnapsen"".",FOR INFORMATION ON WINNING STRATEGY SEE THE SCHNAPSON LOG AND WINNING SCHNAPSON,572bd8e6fc3f3d15024436d6d0f9ccd0db4b333ae21662882587cf9dfd544360
data2vec_base,dsuta,148,stage5ext_00593,771662210642ca9e2f17135f7a66db7f250f7f7bc6d9b3e3475b19d375389bcf6d1979c9a58a21cc866543ad80ab0e9641158290b7f6a9e1d0aad1635c730ab4,Australian English,australia,The Argentinian government settled the dispute diplomatically with Israel.,THE ARGENTINIAN GOVERNMENT SETTLED THE DISPUTE DIPLOMATICALLY WITH ISRAEL,699579a1943ca0a45dfac7eabaf3c5bad61f228c186a21d3c56aea522426fd23
data2vec_base,dsuta,148,stage5ext_00594,771662210642ca9e2f17135f7a66db7f250f7f7bc6d9b3e3475b19d375389bcf6d1979c9a58a21cc866543ad80ab0e9641158290b7f6a9e1d0aad1635c730ab4,Australian English,australia,So he decides to put another dog to sleep.,SO HE DECIDES TO PUT ANOTHER DOG TO SLEEP,699579a1943ca0a45dfac7eabaf3c5bad61f228c186a21d3c56aea522426fd23
data2vec_base,dsuta,148,stage5ext_00595,771662210642ca9e2f17135f7a66db7f250f7f7bc6d9b3e3475b19d375389bcf6d1979c9a58a21cc866543ad80ab0e9641158290b7f6a9e1d0aad1635c730ab4,Australian English,australia,"Since that time, the pavilion has been used for seasonal special events.",SINCE THAT TIME THE PAVILION HAS BEEN USED FOR SEASONAL SPECIAL EVENTS,699579a1943ca0a45dfac7eabaf3c5bad61f228c186a21d3c56aea522426fd23
data2vec_base,dsuta,148,stage5ext_00596,771662210642ca9e2f17135f7a66db7f250f7f7bc6d9b3e3475b19d375389bcf6d1979c9a58a21cc866543ad80ab0e9641158290b7f6a9e1d0aad1635c730ab4,Australian English,australia,"Zaxxon spawned an arcade sequel: ""Super Zaxxon"".",ZEXON SPONED AN ARCHADES EQUAL SUPER ZAXON,699579a1943ca0a45dfac7eabaf3c5bad61f228c186a21d3c56aea522426fd23
data2vec_base,dsuta,149,stage5ext_00597,771662210642ca9e2f17135f7a66db7f250f7f7bc6d9b3e3475b19d375389bcf6d1979c9a58a21cc866543ad80ab0e9641158290b7f6a9e1d0aad1635c730ab4,Australian English,australia,"He was a reserve officer, nervous, energetic, and enthusiastic.",HE WAS A RESERVE OFFICER NERVOUS ENERGETIC AND ENTHUSIASTIC,dbd5da982463ba3fa7224a107ad52143d5b047bec6d28e15f2d9f19ba31296dc
data2vec_base,dsuta,149,stage5ext_00598,771662210642ca9e2f17135f7a66db7f250f7f7bc6d9b3e3475b19d375389bcf6d1979c9a58a21cc866543ad80ab0e9641158290b7f6a9e1d0aad1635c730ab4,Australian English,australia,"Welaras are used mainly in English riding, especially in hunter classes.",WILARUS ARE USED MAINLY IN ENGLISH WRITING ESPECIALLY IN HUNTER CLASSES,dbd5da982463ba3fa7224a107ad52143d5b047bec6d28e15f2d9f19ba31296dc
data2vec_base,dsuta,149,stage5ext_00599,771662210642ca9e2f17135f7a66db7f250f7f7bc6d9b3e3475b19d375389bcf6d1979c9a58a21cc866543ad80ab0e9641158290b7f6a9e1d0aad1635c730ab4,Australian English,australia,Tirumala will be flooded with devotes to witness this occasion.,TIRUMULA WILL BE FLOODED WITH DEVOTEEASE TO WITNESS THIS OCCASION,dbd5da982463ba3fa7224a107ad52143d5b047bec6d28e15f2d9f19ba31296dc
data2vec_base,dsuta,149,stage5ext_00600,771662210642ca9e2f17135f7a66db7f250f7f7bc6d9b3e3475b19d375389bcf6d1979c9a58a21cc866543ad80ab0e9641158290b7f6a9e1d0aad1635c730ab4,Australian English,australia,"He has also advised political organisations of various stripes, colours and nationalities.",HE HAS ALSO ADVISED POLITICAL ORGANIZATIONS OF VARIOUS STRIPES COLORS AND NATIONALITIES,dbd5da982463ba3fa7224a107ad52143d5b047bec6d28e15f2d9f19ba31296dc
data2vec_base,dsuta,150,stage5ext_00601,3dadaf13c9f244c187466942367d1da68cf1ba3fd4c5a5b27614964bc19565e566d5daea151b505599991d84b7d5faf8db2afc26f992b1bb7b99004b1f5b36f7,Canadian English,canada,"Its main base was Moorabbin Airport, Melbourne.",ITS MAIN FACE WAS MOURAVIN AYRPORT MELBOURNE,8fe0cbf9e3f8575986a4a198747fa458edfae4bae58a5e8d573e0c8461a4dba1
data2vec_base,dsuta,150,stage5ext_00602,3dadaf13c9f244c187466942367d1da68cf1ba3fd4c5a5b27614964bc19565e566d5daea151b505599991d84b7d5faf8db2afc26f992b1bb7b99004b1f5b36f7,Canadian English,canada,"Pioneer Memorial Park in Norton Saint, Leichhardt, has gardens and paths for passive recreation.",PIONEER MEMORIAL PARK INNORDON SAINT LETCH HARDENS HAS GARDENS AND PASS FOR PASSIVE RECREATION,8fe0cbf9e3f8575986a4a198747fa458edfae4bae58a5e8d573e0c8461a4dba1
data2vec_base,dsuta,150,stage5ext_00603,3dadaf13c9f244c187466942367d1da68cf1ba3fd4c5a5b27614964bc19565e566d5daea151b505599991d84b7d5faf8db2afc26f992b1bb7b99004b1f5b36f7,Canadian English,canada,"Later, the costs for the scholarship ballooned substantially.",LATER THE COST FOR THE SCHOLARSHIP BALLOONED SUBSTANTIALLY,8fe0cbf9e3f8575986a4a198747fa458edfae4bae58a5e8d573e0c8461a4dba1
data2vec_base,dsuta,150,stage5ext_00604,3dadaf13c9f244c187466942367d1da68cf1ba3fd4c5a5b27614964bc19565e566d5daea151b505599991d84b7d5faf8db2afc26f992b1bb7b99004b1f5b36f7,Canadian English,canada,"However, fourths become important later in the opera, especially in the melodic development.",HOWEVER FORCE BECOME IMPORTANT LATER IN THE OPERA ESPECIALLY IN THE METALODIC DEVELOPMENT,8fe0cbf9e3f8575986a4a198747fa458edfae4bae58a5e8d573e0c8461a4dba1
data2vec_base,dsuta,151,stage5ext_00605,3dadaf13c9f244c187466942367d1da68cf1ba3fd4c5a5b27614964bc19565e566d5daea151b505599991d84b7d5faf8db2afc26f992b1bb7b99004b1f5b36f7,Canadian English,canada,"If one server fails, client connections can be re-directed to another server.",IF ONE SERVER FAILS CLIENT CONNECTIONS CAN BE REDIRECTED TO ANOTHER SERVER,1fbaf252cb9b8d71cf86de32adf1915be0c15ebe5823d12a2f4bf7b08337fe56
data2vec_base,dsuta,151,stage5ext_00606,3dadaf13c9f244c187466942367d1da68cf1ba3fd4c5a5b27614964bc19565e566d5daea151b505599991d84b7d5faf8db2afc26f992b1bb7b99004b1f5b36f7,Canadian English,canada,Kailash taken by Martin Gray.,CALASH TAKEN BY MARTIN GREY,1fbaf252cb9b8d71cf86de32adf1915be0c15ebe5823d12a2f4bf7b08337fe56
data2vec_base,dsuta,151,stage5ext_00607,3dadaf13c9f244c187466942367d1da68cf1ba3fd4c5a5b27614964bc19565e566d5daea151b505599991d84b7d5faf8db2afc26f992b1bb7b99004b1f5b36f7,Canadian English,canada,"Geographically, it is situated in the central-most region of the state.",GEOGRAPHICALLY IT IS SITUATED IN THE CENTRAL MOST REGION OF THE STATE,1fbaf252cb9b8d71cf86de32adf1915be0c15ebe5823d12a2f4bf7b08337fe56
data2vec_base,dsuta,151,stage5ext_00608,3dadaf13c9f244c187466942367d1da68cf1ba3fd4c5a5b27614964bc19565e566d5daea151b505599991d84b7d5faf8db2afc26f992b1bb7b99004b1f5b36f7,Canadian English,canada,"The meaning of Pinjar is unknown, but could be ""tadpole"" or ""swampy lake"".",THE MEANING OF PINJAR IS UNKNOWN BUT COULD BE TADPOLE OR SWAMPY LAKE,1fbaf252cb9b8d71cf86de32adf1915be0c15ebe5823d12a2f4bf7b08337fe56
data2vec_base,dsuta,152,stage5ext_00609,3dadaf13c9f244c187466942367d1da68cf1ba3fd4c5a5b27614964bc19565e566d5daea151b505599991d84b7d5faf8db2afc26f992b1bb7b99004b1f5b36f7,Canadian English,canada,There are also regular buses connecting from Mozarts Plads to the city centre.,THERE ARE ALSO REGULAR BUSSES CONNECTING FROM BOSARTS PLADS TO THE CITY CENTRE,8ebf9859f266bff7920088c8dd9d7a4c4920878cb58cb2a78d941169c953c00e
data2vec_base,dsuta,152,stage5ext_00610,3dadaf13c9f244c187466942367d1da68cf1ba3fd4c5a5b27614964bc19565e566d5daea151b505599991d84b7d5faf8db2afc26f992b1bb7b99004b1f5b36f7,Canadian English,canada,Protein methylation has been most studied in the histones.,PROTINE METHALLATION HAS BEEN MOST STUDIED IN THE MHISTONES,8ebf9859f266bff7920088c8dd9d7a4c4920878cb58cb2a78d941169c953c00e
data2vec_base,dsuta,152,stage5ext_00611,3dadaf13c9f244c187466942367d1da68cf1ba3fd4c5a5b27614964bc19565e566d5daea151b505599991d84b7d5faf8db2afc26f992b1bb7b99004b1f5b36f7,Canadian English,canada,"The spacewalkers received assistance from their crewmates inside ""Columbia"".",THESE SPACE WALKERS RECEIVE ASSISTANCE FROM THEIR TERMATES INSIDE COLUMBIA,8ebf9859f266bff7920088c8dd9d7a4c4920878cb58cb2a78d941169c953c00e
data2vec_base,dsuta,152,stage5ext_00612,3dadaf13c9f244c187466942367d1da68cf1ba3fd4c5a5b27614964bc19565e566d5daea151b505599991d84b7d5faf8db2afc26f992b1bb7b99004b1f5b36f7,Canadian English,canada,Early units were re-built several times by the end of the war.,EARIG UNITS WERE REBUILT SEVERAL TIMES BY THE END OF THE WAR,8ebf9859f266bff7920088c8dd9d7a4c4920878cb58cb2a78d941169c953c00e
data2vec_base,dsuta,153,stage5ext_00613,3dadaf13c9f244c187466942367d1da68cf1ba3fd4c5a5b27614964bc19565e566d5daea151b505599991d84b7d5faf8db2afc26f992b1bb7b99004b1f5b36f7,Canadian English,canada,They are two-stroke cycle and generally carbureted.,THEY ARE TWO STROKED CYCLES AND GENERALLY CARBOO RATED,2cf8cd3f3c3ecf8566e989a695f1aeb11623a644dd016ea9100aa49b90b059e2
data2vec_base,dsuta,153,stage5ext_00614,3dadaf13c9f244c187466942367d1da68cf1ba3fd4c5a5b27614964bc19565e566d5daea151b505599991d84b7d5faf8db2afc26f992b1bb7b99004b1f5b36f7,Canadian English,canada,Murphy's clean-living habits off the diamond were frequently noted in the media.,BERFUS CLEAN LIVING HABITS OF THE DIAMOND WERE FREQUENTLY NOTED IN THE MEDIA,2cf8cd3f3c3ecf8566e989a695f1aeb11623a644dd016ea9100aa49b90b059e2
data2vec_base,dsuta,153,stage5ext_00615,3dadaf13c9f244c187466942367d1da68cf1ba3fd4c5a5b27614964bc19565e566d5daea151b505599991d84b7d5faf8db2afc26f992b1bb7b99004b1f5b36f7,Canadian English,canada,Sometimes even his authorship has been challenged on the grounds of weak poetic imagination.,SOMETIMES EVEN HIS AUTHORISHIP HAS BEEN CHALLENGED ON THE GROUNDS OF WEAK POETIC IMAGINATION,2cf8cd3f3c3ecf8566e989a695f1aeb11623a644dd016ea9100aa49b90b059e2
data2vec_base,dsuta,153,stage5ext_00616,7f88fdb59ecec75df8d06d03bc7fc4361b1824c772236491ccd731fb10f14e3cf7b550aaf16a4ef48e695b440eb33ebadf6f080d1c562a2d32c0a2a52bfae9e2,Canadian English,canada,"The dead soldiers were replaced by others, and life went on.",THE DEAD SOLDIERS WERE REPLACED BY OTHERS AND LIFE WENT ON,2cf8cd3f3c3ecf8566e989a695f1aeb11623a644dd016ea9100aa49b90b059e2
data2vec_base,dsuta,154,stage5ext_00617,7f88fdb59ecec75df8d06d03bc7fc4361b1824c772236491ccd731fb10f14e3cf7b550aaf16a4ef48e695b440eb33ebadf6f080d1c562a2d32c0a2a52bfae9e2,Canadian English,canada,His Internet connection was too slow.,HIS INTERNAT CONNECTION WAS TOO SLOW,eadf0de0f2b8cc37ee524e904e128f64d795fcc2cff7693c01adf0e3091a0d13
data2vec_base,dsuta,154,stage5ext_00618,7f88fdb59ecec75df8d06d03bc7fc4361b1824c772236491ccd731fb10f14e3cf7b550aaf16a4ef48e695b440eb33ebadf6f080d1c562a2d32c0a2a52bfae9e2,Canadian English,canada,"Listen and listen to me very closely, we call them lifts, not elevators.",LISTEN AND LISTEN TO ME VERY CLOSELY WE CALL THEM LIFTS NOT ELEVATORS,eadf0de0f2b8cc37ee524e904e128f64d795fcc2cff7693c01adf0e3091a0d13
data2vec_base,dsuta,154,stage5ext_00619,7f88fdb59ecec75df8d06d03bc7fc4361b1824c772236491ccd731fb10f14e3cf7b550aaf16a4ef48e695b440eb33ebadf6f080d1c562a2d32c0a2a52bfae9e2,Canadian English,canada,"If you want to contradict what I just said, you will have to provide footnotes.",IF YOU WANT TO CONTRADICT WHAT I JUST SAID YOU WILL HAVE TO PROVIDE FOOTNOTES,eadf0de0f2b8cc37ee524e904e128f64d795fcc2cff7693c01adf0e3091a0d13
data2vec_base,dsuta,154,stage5ext_00620,7f88fdb59ecec75df8d06d03bc7fc4361b1824c772236491ccd731fb10f14e3cf7b550aaf16a4ef48e695b440eb33ebadf6f080d1c562a2d32c0a2a52bfae9e2,Canadian English,canada,Backface culling is a common trick to accelerate Three-D rendering.,BACK FACE COLLING IS A COMMON TRICK TO ACCELERATE THREE D RENDERING,eadf0de0f2b8cc37ee524e904e128f64d795fcc2cff7693c01adf0e3091a0d13
data2vec_base,dsuta,155,stage5ext_00621,7f88fdb59ecec75df8d06d03bc7fc4361b1824c772236491ccd731fb10f14e3cf7b550aaf16a4ef48e695b440eb33ebadf6f080d1c562a2d32c0a2a52bfae9e2,Canadian English,canada,Fatima was more important than his treasure.,FATIMA WAS MORE IMPORTANT THAN HIS TREASURE,45e9ebfb860c568602d472376daff4c2677391ca2250da33c5e877dd99b4d03a
data2vec_base,dsuta,155,stage5ext_00622,7f88fdb59ecec75df8d06d03bc7fc4361b1824c772236491ccd731fb10f14e3cf7b550aaf16a4ef48e695b440eb33ebadf6f080d1c562a2d32c0a2a52bfae9e2,Canadian English,canada,But it was not to be.,BUT IT WAS NOT TO BE,45e9ebfb860c568602d472376daff4c2677391ca2250da33c5e877dd99b4d03a
data2vec_base,dsuta,155,stage5ext_00623,7f88fdb59ecec75df8d06d03bc7fc4361b1824c772236491ccd731fb10f14e3cf7b550aaf16a4ef48e695b440eb33ebadf6f080d1c562a2d32c0a2a52bfae9e2,Canadian English,canada,Display a list of escape characters.,DISPLAY A LIST OF ESCAPE CHARACTERS,45e9ebfb860c568602d472376daff4c2677391ca2250da33c5e877dd99b4d03a
data2vec_base,dsuta,155,stage5ext_00624,7f88fdb59ecec75df8d06d03bc7fc4361b1824c772236491ccd731fb10f14e3cf7b550aaf16a4ef48e695b440eb33ebadf6f080d1c562a2d32c0a2a52bfae9e2,Canadian English,canada,The Englishman had several suitcases filled with books.,THE ENGLISHMAN HAD SEVERAL SUIT CASES FILLED WITH BOOKS,45e9ebfb860c568602d472376daff4c2677391ca2250da33c5e877dd99b4d03a
data2vec_base,dsuta,156,stage5ext_00625,7f88fdb59ecec75df8d06d03bc7fc4361b1824c772236491ccd731fb10f14e3cf7b550aaf16a4ef48e695b440eb33ebadf6f080d1c562a2d32c0a2a52bfae9e2,Canadian English,canada,He just got a new kite for his birthday.,HE JUST GOT A NEW KITE FOR HIS BIRTHDAY,58db279706e7eeb12343050fa014aed84053e33eff217f4889a37250602ce1ce
data2vec_base,dsuta,156,stage5ext_00626,7f88fdb59ecec75df8d06d03bc7fc4361b1824c772236491ccd731fb10f14e3cf7b550aaf16a4ef48e695b440eb33ebadf6f080d1c562a2d32c0a2a52bfae9e2,Canadian English,canada,"Well, it's a long list.",WELL IT'S A LONG LIST,58db279706e7eeb12343050fa014aed84053e33eff217f4889a37250602ce1ce
data2vec_base,dsuta,156,stage5ext_00627,7f88fdb59ecec75df8d06d03bc7fc4361b1824c772236491ccd731fb10f14e3cf7b550aaf16a4ef48e695b440eb33ebadf6f080d1c562a2d32c0a2a52bfae9e2,Canadian English,canada,"One day, the earth began to tremble, and the Nile overflowed its banks.",ONE DAY THE EARTH BEGAN TO TREMBLE AND THE NILE OVERFLOWED ITS BANKS,58db279706e7eeb12343050fa014aed84053e33eff217f4889a37250602ce1ce
data2vec_base,dsuta,156,stage5ext_00628,7f88fdb59ecec75df8d06d03bc7fc4361b1824c772236491ccd731fb10f14e3cf7b550aaf16a4ef48e695b440eb33ebadf6f080d1c562a2d32c0a2a52bfae9e2,Canadian English,canada,"The waitress was carrying an impressive amount of dinnerware, but then an earthquake occurred and she dropped it all.",THE WAITRESS WAS CARRYING AN IMPRESSIVE AMOUNT OF DINNER WEAR BUT THEN AN EARTHQUAKE OCCURRED AND SHE DROPPED IT ALL,58db279706e7eeb12343050fa014aed84053e33eff217f4889a37250602ce1ce
data2vec_base,dsuta,157,stage5ext_00629,7f88fdb59ecec75df8d06d03bc7fc4361b1824c772236491ccd731fb10f14e3cf7b550aaf16a4ef48e695b440eb33ebadf6f080d1c562a2d32c0a2a52bfae9e2,Canadian English,canada,Johnny Depp is reprising his role for the third time in the new film.,JOHNNY DEP IS REPRISING HIS ROLE FOR THE THIRD TIME IN THE NEW FILM,5c24edc279b6c1fcaaf5fd99d7464c476dc35a89a43c9008c625d3cbc9e10872
data2vec_base,dsuta,157,stage5ext_00630,7f88fdb59ecec75df8d06d03bc7fc4361b1824c772236491ccd731fb10f14e3cf7b550aaf16a4ef48e695b440eb33ebadf6f080d1c562a2d32c0a2a52bfae9e2,Canadian English,canada,The insurance policy will expire in twenty-twenty.,THE INSURANCE POLICY WILL EXPIRE IN TWENTY TWENTY,5c24edc279b6c1fcaaf5fd99d7464c476dc35a89a43c9008c625d3cbc9e10872
data2vec_base,dsuta,157,stage5ext_00631,c351c258fb7f6fd98e2b6dccc6dcbad5257965c8aceac0c60ba5b390d3e326847e121870153e0c8b87504d77c2d7baab09aef2d54ecdf46d1134d28a49792650,Canadian English,canada,Who says I'm looking for a job?,WHO SAYS I'M LOOKING FOR A JOB,5c24edc279b6c1fcaaf5fd99d7464c476dc35a89a43c9008c625d3cbc9e10872
data2vec_base,dsuta,157,stage5ext_00632,c351c258fb7f6fd98e2b6dccc6dcbad5257965c8aceac0c60ba5b390d3e326847e121870153e0c8b87504d77c2d7baab09aef2d54ecdf46d1134d28a49792650,Canadian English,canada,She apparently didn't listen.,SHE APPARENTLY DIDN'T LISTEN,5c24edc279b6c1fcaaf5fd99d7464c476dc35a89a43c9008c625d3cbc9e10872
data2vec_base,dsuta,158,stage5ext_00633,c351c258fb7f6fd98e2b6dccc6dcbad5257965c8aceac0c60ba5b390d3e326847e121870153e0c8b87504d77c2d7baab09aef2d54ecdf46d1134d28a49792650,Canadian English,canada,Do you know him?,DO YOU KNOW HIM,f12380d929c972488ad0d6bf0a5ac6ddb17ba0d146b93d2b9486dbe36124f900
data2vec_base,dsuta,158,stage5ext_00634,c351c258fb7f6fd98e2b6dccc6dcbad5257965c8aceac0c60ba5b390d3e326847e121870153e0c8b87504d77c2d7baab09aef2d54ecdf46d1134d28a49792650,Canadian English,canada,That's what I mean.,THAT'S WHAT I MEAN,f12380d929c972488ad0d6bf0a5ac6ddb17ba0d146b93d2b9486dbe36124f900
data2vec_base,dsuta,158,stage5ext_00635,c351c258fb7f6fd98e2b6dccc6dcbad5257965c8aceac0c60ba5b390d3e326847e121870153e0c8b87504d77c2d7baab09aef2d54ecdf46d1134d28a49792650,Canadian English,canada,The rectangle was parallel to the square.,THE RECTANGLE WAS PARALLEL TO THE SQUAR,f12380d929c972488ad0d6bf0a5ac6ddb17ba0d146b93d2b9486dbe36124f900
data2vec_base,dsuta,158,stage5ext_00636,c351c258fb7f6fd98e2b6dccc6dcbad5257965c8aceac0c60ba5b390d3e326847e121870153e0c8b87504d77c2d7baab09aef2d54ecdf46d1134d28a49792650,Canadian English,canada,I wonder what's eating that old money grubbing buzzard anyway?,I WONDER WHAT'S EATING THAT OLD MONEY GRUBBING BUZZARD ANYWAY,f12380d929c972488ad0d6bf0a5ac6ddb17ba0d146b93d2b9486dbe36124f900
data2vec_base,dsuta,159,stage5ext_00637,c351c258fb7f6fd98e2b6dccc6dcbad5257965c8aceac0c60ba5b390d3e326847e121870153e0c8b87504d77c2d7baab09aef2d54ecdf46d1134d28a49792650,Canadian English,canada,She's a wonderful person.,SHE IS A WONDERFUL PERSON,21745e48dddb8bac5a6b2960ab9e44735ac05721fc209721eb77ed89b5ace179
data2vec_base,dsuta,159,stage5ext_00638,c351c258fb7f6fd98e2b6dccc6dcbad5257965c8aceac0c60ba5b390d3e326847e121870153e0c8b87504d77c2d7baab09aef2d54ecdf46d1134d28a49792650,Canadian English,canada,"It was not clear who had the right of way, since the traffic lights were off.",IT WAS NOT CLEAR WHO HAD THE RIGHT OF WAY SINCE THE TROFFIC LIGHTS WERE OFF,21745e48dddb8bac5a6b2960ab9e44735ac05721fc209721eb77ed89b5ace179
data2vec_base,dsuta,159,stage5ext_00639,c351c258fb7f6fd98e2b6dccc6dcbad5257965c8aceac0c60ba5b390d3e326847e121870153e0c8b87504d77c2d7baab09aef2d54ecdf46d1134d28a49792650,Canadian English,canada,Your government is counting on you.,YOUR GOVERNMENT IS COUNTING ON YOU,21745e48dddb8bac5a6b2960ab9e44735ac05721fc209721eb77ed89b5ace179
data2vec_base,dsuta,159,stage5ext_00640,c351c258fb7f6fd98e2b6dccc6dcbad5257965c8aceac0c60ba5b390d3e326847e121870153e0c8b87504d77c2d7baab09aef2d54ecdf46d1134d28a49792650,Canadian English,canada,Mollie did give her some kind of story.,MOLLY DID GIVE HER SOME KIND OF STORY,21745e48dddb8bac5a6b2960ab9e44735ac05721fc209721eb77ed89b5ace179
data2vec_base,dsuta,160,stage5ext_00641,c351c258fb7f6fd98e2b6dccc6dcbad5257965c8aceac0c60ba5b390d3e326847e121870153e0c8b87504d77c2d7baab09aef2d54ecdf46d1134d28a49792650,Canadian English,canada,Fresh coffee is much better than the freeze dried stuff.,FRESH COFFEE IS MUCH BETTER THAN THE FREEZE DRIED STUFF,27638f75f9027ae1bf03929d48cc7e8d39bb7bcf79c6024710c96b6629d6395a
data2vec_base,dsuta,160,stage5ext_00642,c351c258fb7f6fd98e2b6dccc6dcbad5257965c8aceac0c60ba5b390d3e326847e121870153e0c8b87504d77c2d7baab09aef2d54ecdf46d1134d28a49792650,Canadian English,canada,Sandra read aloud the strange excerpt.,SANDREW READ ALOUD THE STRANGE EXERPT,27638f75f9027ae1bf03929d48cc7e8d39bb7bcf79c6024710c96b6629d6395a
data2vec_base,dsuta,160,stage5ext_00643,c351c258fb7f6fd98e2b6dccc6dcbad5257965c8aceac0c60ba5b390d3e326847e121870153e0c8b87504d77c2d7baab09aef2d54ecdf46d1134d28a49792650,Canadian English,canada,Denise hoovered the rug.,DANICE HOVERED THE RUG,27638f75f9027ae1bf03929d48cc7e8d39bb7bcf79c6024710c96b6629d6395a
data2vec_base,dsuta,160,stage5ext_00644,c351c258fb7f6fd98e2b6dccc6dcbad5257965c8aceac0c60ba5b390d3e326847e121870153e0c8b87504d77c2d7baab09aef2d54ecdf46d1134d28a49792650,Canadian English,canada,He fondled his bright orange beard.,HE FONDLED HIS BRIGHT ORANGE BEARD,27638f75f9027ae1bf03929d48cc7e8d39bb7bcf79c6024710c96b6629d6395a
data2vec_base,dsuta,161,stage5ext_00645,c351c258fb7f6fd98e2b6dccc6dcbad5257965c8aceac0c60ba5b390d3e326847e121870153e0c8b87504d77c2d7baab09aef2d54ecdf46d1134d28a49792650,Canadian English,canada,I knew you'd wake up sooner or later!,I KNEW YOU'D WAKE UP SOONER OR LATER,ab753f1de5470a55fca2da7642fb8a1a9cf8993389b6a72b688a88800887e20a
data2vec_base,dsuta,161,stage5ext_00646,760d3165d3a07ad90ef4a2b9248bbf4ad9fb43b3d7a518ee594214a8cddc34fa81c1608244500a4e6c4c7a43bcc7aa747d4aaf12ec5ef17ace5bbaaded5a7c73,Canadian English,canada,"Washington Township was named for George Washington, first president of the United States.",WASHINGTON TOWNSHIP WAS NAMED FOR GEORGE WASHINGTON FIRST PRESIDENT OF THE UNITED STATES,ab753f1de5470a55fca2da7642fb8a1a9cf8993389b6a72b688a88800887e20a
data2vec_base,dsuta,161,stage5ext_00647,760d3165d3a07ad90ef4a2b9248bbf4ad9fb43b3d7a518ee594214a8cddc34fa81c1608244500a4e6c4c7a43bcc7aa747d4aaf12ec5ef17ace5bbaaded5a7c73,Canadian English,canada,Mount Berry was named after Berry College founder Martha Berry.,MALBURY WAS NAMED AFTER BERY COLLEGE FOUNDER MARTHA BURRY,ab753f1de5470a55fca2da7642fb8a1a9cf8993389b6a72b688a88800887e20a
data2vec_base,dsuta,161,stage5ext_00648,760d3165d3a07ad90ef4a2b9248bbf4ad9fb43b3d7a518ee594214a8cddc34fa81c1608244500a4e6c4c7a43bcc7aa747d4aaf12ec5ef17ace5bbaaded5a7c73,Canadian English,canada,The boys and girls winners go to Birmingham for the Final Four tournament.,THE BOYS AND GIRLS WINNERS GO TO BIRMINGHAM FOR THE FINAL FOR TOURNAMENT,ab753f1de5470a55fca2da7642fb8a1a9cf8993389b6a72b688a88800887e20a
data2vec_base,dsuta,162,stage5ext_00649,760d3165d3a07ad90ef4a2b9248bbf4ad9fb43b3d7a518ee594214a8cddc34fa81c1608244500a4e6c4c7a43bcc7aa747d4aaf12ec5ef17ace5bbaaded5a7c73,Canadian English,canada,"In the central business district, the main activities include welding, carpentry and masonry.",IN THE CENTRAL BUSINESS DISTRICT THE MAIN ACTIVITIES INCLUDE WELDING CARPENTRY AND MASONRY,a821f6296e1b77002ad450b3995e46d6f4d43d089b9f7ea14322648c6745bde6
data2vec_base,dsuta,162,stage5ext_00650,760d3165d3a07ad90ef4a2b9248bbf4ad9fb43b3d7a518ee594214a8cddc34fa81c1608244500a4e6c4c7a43bcc7aa747d4aaf12ec5ef17ace5bbaaded5a7c73,Canadian English,canada,Drivers pass by Engineer Mountain and Twilight Peak before crossing Coal Bank Pass.,DRIVERS PASS BY ENGINEER MOUNTAIN AN TWILIGHT PEAK BEFORE CROSSING COLD BANK PASTS,a821f6296e1b77002ad450b3995e46d6f4d43d089b9f7ea14322648c6745bde6
data2vec_base,dsuta,162,stage5ext_00651,760d3165d3a07ad90ef4a2b9248bbf4ad9fb43b3d7a518ee594214a8cddc34fa81c1608244500a4e6c4c7a43bcc7aa747d4aaf12ec5ef17ace5bbaaded5a7c73,Canadian English,canada,The scope may provide direct visualization or may be attached to a video monitor.,THE SCOPE MAY PROVIDE DIRECT VISUALIZATION OR MAY BE ATTACHED TO A VITIOMONETOR,a821f6296e1b77002ad450b3995e46d6f4d43d089b9f7ea14322648c6745bde6
data2vec_base,dsuta,162,stage5ext_00652,760d3165d3a07ad90ef4a2b9248bbf4ad9fb43b3d7a518ee594214a8cddc34fa81c1608244500a4e6c4c7a43bcc7aa747d4aaf12ec5ef17ace5bbaaded5a7c73,Canadian English,canada,Other scholars refute these arguments-particularly since Josephus describes some Essenes as allowing marriage.,OTHER SCHOLARS REFUTE THESE ARGUMENTS PARTICULARLY SINCE JOSEPHUS DESCRIBES SOME ASCENDS AS ALLOWING MARRIAGE,a821f6296e1b77002ad450b3995e46d6f4d43d089b9f7ea14322648c6745bde6
data2vec_base,dsuta,163,stage5ext_00653,760d3165d3a07ad90ef4a2b9248bbf4ad9fb43b3d7a518ee594214a8cddc34fa81c1608244500a4e6c4c7a43bcc7aa747d4aaf12ec5ef17ace5bbaaded5a7c73,Canadian English,canada,"Violence occurs in childhood sexual abuse, date rape, intimate partner violence, and sexual harassment.",VINC UCCURS IN CHILDHOOD SEXUAL ABUSE DATEBRAK INTIMATE PARTNER VIOLENCE AND SEXUAL HARASSMENT,f22852089cd4c9a4945e875fdbf92485bffcf9a4270c05aed4cdb9025319e185
data2vec_base,dsuta,163,stage5ext_00654,760d3165d3a07ad90ef4a2b9248bbf4ad9fb43b3d7a518ee594214a8cddc34fa81c1608244500a4e6c4c7a43bcc7aa747d4aaf12ec5ef17ace5bbaaded5a7c73,Canadian English,canada,Baby later changed his stage name to Birdman after the duo was dissolved.,BABY LATER CHANGED HIS STAGE NAME TO BIRDMAN AFTER THE DUO WAS DISSOLVED,f22852089cd4c9a4945e875fdbf92485bffcf9a4270c05aed4cdb9025319e185
data2vec_base,dsuta,163,stage5ext_00655,760d3165d3a07ad90ef4a2b9248bbf4ad9fb43b3d7a518ee594214a8cddc34fa81c1608244500a4e6c4c7a43bcc7aa747d4aaf12ec5ef17ace5bbaaded5a7c73,Canadian English,canada,Manufacturers of identification badges recognized a market and began advertising in periodicals.,MANUFACTURES OF IDENTIFICATION BADGES RECOGNIZED A MARKET AND BEGAN ADVERTISING IN PERIODICALS,f22852089cd4c9a4945e875fdbf92485bffcf9a4270c05aed4cdb9025319e185
data2vec_base,dsuta,163,stage5ext_00656,760d3165d3a07ad90ef4a2b9248bbf4ad9fb43b3d7a518ee594214a8cddc34fa81c1608244500a4e6c4c7a43bcc7aa747d4aaf12ec5ef17ace5bbaaded5a7c73,Canadian English,canada,Dozens of descriptions of Elizabeth on that day exist with slightly differing details.,DOZENS OF DESCRIPTIONS OF ELIZABETH ON THAT DAY EXIST WITH SLIGHTLY DIFERRING DETAILS,f22852089cd4c9a4945e875fdbf92485bffcf9a4270c05aed4cdb9025319e185
data2vec_base,dsuta,164,stage5ext_00657,760d3165d3a07ad90ef4a2b9248bbf4ad9fb43b3d7a518ee594214a8cddc34fa81c1608244500a4e6c4c7a43bcc7aa747d4aaf12ec5ef17ace5bbaaded5a7c73,Canadian English,canada,However Victoria didn't develop any games.,HOWEVER VICTORIA DIDN'T DEVELOP ANY GAINS,d33531623f2848198a81d41e9aca52c31244dd8a8a304cd76715257fcc005fd7
data2vec_base,dsuta,164,stage5ext_00658,760d3165d3a07ad90ef4a2b9248bbf4ad9fb43b3d7a518ee594214a8cddc34fa81c1608244500a4e6c4c7a43bcc7aa747d4aaf12ec5ef17ace5bbaaded5a7c73,Canadian English,canada,"Following Dunkirk, ""Jackal"" returned to the routine of convoy escort and patrols.",FOLLOWING DUNKIRK JACKAL RETURNED TO THE ROUTINE OF CONROY ESCORT AND PATROLS,d33531623f2848198a81d41e9aca52c31244dd8a8a304cd76715257fcc005fd7
data2vec_base,dsuta,164,stage5ext_00659,760d3165d3a07ad90ef4a2b9248bbf4ad9fb43b3d7a518ee594214a8cddc34fa81c1608244500a4e6c4c7a43bcc7aa747d4aaf12ec5ef17ace5bbaaded5a7c73,Canadian English,canada,O'Quinn held this role for all three seasons of the series.,A QUIN HELD THIS FROLL FOR ALL THREE SEASONS OF THE SERIES,d33531623f2848198a81d41e9aca52c31244dd8a8a304cd76715257fcc005fd7
data2vec_base,dsuta,164,stage5ext_00660,760d3165d3a07ad90ef4a2b9248bbf4ad9fb43b3d7a518ee594214a8cddc34fa81c1608244500a4e6c4c7a43bcc7aa747d4aaf12ec5ef17ace5bbaaded5a7c73,Canadian English,canada,Sartene wine is appreciated by wine connoisseurs for its good quality.,SUTCHIN WINE IS APPRECIATED BY WINE CONNOISORS FOR ITS GOOD QUALITY,d33531623f2848198a81d41e9aca52c31244dd8a8a304cd76715257fcc005fd7
data2vec_base,dsuta,165,stage5ext_00661,591dc19ef324950dafd8ce359e9711f332297ea7ff75da4847f4653c4698cfb4a469db4e15b5ea6b6512eb8f51f1b066477920287c57ae1056528e11c1bd1976,Canadian English,canada,It was returned to Prussia at the end of the war.,IT WAS RETURNED TO PRUSSIA AT THE END OF THE WAR,2f183de58dbe37bda9b1ca264bc7b6a8631e94886b0526a61694fc1f4bd059ef
data2vec_base,dsuta,165,stage5ext_00662,591dc19ef324950dafd8ce359e9711f332297ea7ff75da4847f4653c4698cfb4a469db4e15b5ea6b6512eb8f51f1b066477920287c57ae1056528e11c1bd1976,Canadian English,canada,It is now named Longton Exchange.,IT IS NOW NAMED LONGTON EXCHANGE,2f183de58dbe37bda9b1ca264bc7b6a8631e94886b0526a61694fc1f4bd059ef
data2vec_base,dsuta,165,stage5ext_00663,591dc19ef324950dafd8ce359e9711f332297ea7ff75da4847f4653c4698cfb4a469db4e15b5ea6b6512eb8f51f1b066477920287c57ae1056528e11c1bd1976,Canadian English,canada,Eddie Antar was eventually charged with a series of crimes.,EDDY ONTAR WAS EVENTUALLY CHARGED WITH A SERIES OF CRIMES,2f183de58dbe37bda9b1ca264bc7b6a8631e94886b0526a61694fc1f4bd059ef
data2vec_base,dsuta,165,stage5ext_00664,591dc19ef324950dafd8ce359e9711f332297ea7ff75da4847f4653c4698cfb4a469db4e15b5ea6b6512eb8f51f1b066477920287c57ae1056528e11c1bd1976,Canadian English,canada,The monuments built by these Sultans were the first examples of Indo-Islamic Architecture.,THE MONUMENTS BUILT BY THESE SULTANS WERE THE FIRST EXAMPLES OF INDOISLAMIC ARCHITECTURE,2f183de58dbe37bda9b1ca264bc7b6a8631e94886b0526a61694fc1f4bd059ef
data2vec_base,dsuta,166,stage5ext_00665,591dc19ef324950dafd8ce359e9711f332297ea7ff75da4847f4653c4698cfb4a469db4e15b5ea6b6512eb8f51f1b066477920287c57ae1056528e11c1bd1976,Canadian English,canada,"She has two sisters, Laura Norris and Sarah McNeil, and a brother, Andrew McNeil.",SHE HAS TWO SISTERS LAURA NORTH AND SARAH MC NEILL AND A BROTHER ANDREW MC NEILL,f4f5ab86be1d2c0227c347861ea9644a34ef8f886cb5e8248ecfd7bf4551df7a
data2vec_base,dsuta,166,stage5ext_00666,591dc19ef324950dafd8ce359e9711f332297ea7ff75da4847f4653c4698cfb4a469db4e15b5ea6b6512eb8f51f1b066477920287c57ae1056528e11c1bd1976,Canadian English,canada,"Earthquakes along the fault, and the associated earth movements, have formed the Southern Alps.",EARTHQUAKES ALONG THE FAULTS AND THE ASSOCIATED EARTH MOVEMENTS HAVE FORMED THE SOUTHERN ALPS,f4f5ab86be1d2c0227c347861ea9644a34ef8f886cb5e8248ecfd7bf4551df7a
data2vec_base,dsuta,166,stage5ext_00667,591dc19ef324950dafd8ce359e9711f332297ea7ff75da4847f4653c4698cfb4a469db4e15b5ea6b6512eb8f51f1b066477920287c57ae1056528e11c1bd1976,Canadian English,canada,Expression Encoder consists of two editions: A freeware edition and a commercial Pro edition.,EXPRESSION AN CODOR CONSISTS OF TWO EDITIONS A FREEWARE EDITION AND A COMMERCIAL PROIDITION,f4f5ab86be1d2c0227c347861ea9644a34ef8f886cb5e8248ecfd7bf4551df7a
data2vec_base,dsuta,166,stage5ext_00668,591dc19ef324950dafd8ce359e9711f332297ea7ff75da4847f4653c4698cfb4a469db4e15b5ea6b6512eb8f51f1b066477920287c57ae1056528e11c1bd1976,Canadian English,canada,The couple's working relationship became personal and resulted in marriage the following year.,THE COUPLE'S WORKING RELATIONSHIP BECAME PERSONAL AND RESULTED IN MARRIAGE THE FOLLOWING YEAR,f4f5ab86be1d2c0227c347861ea9644a34ef8f886cb5e8248ecfd7bf4551df7a
data2vec_base,dsuta,167,stage5ext_00669,591dc19ef324950dafd8ce359e9711f332297ea7ff75da4847f4653c4698cfb4a469db4e15b5ea6b6512eb8f51f1b066477920287c57ae1056528e11c1bd1976,Canadian English,canada,"Upon returning to the Mets, his career was reborn.",UPON RETURNING TO THE METS HIS CAREER WAS REBORN,59d4af52e3aab2498985135a61fe482e5b0da9322fe1e52ab256457a100316c2
data2vec_base,dsuta,167,stage5ext_00670,591dc19ef324950dafd8ce359e9711f332297ea7ff75da4847f4653c4698cfb4a469db4e15b5ea6b6512eb8f51f1b066477920287c57ae1056528e11c1bd1976,Canadian English,canada,"She was in the award-winning musical ""Light in the Piazza"" on Broadway.",SHE WAS IN THE AWARD WINNING MUSICAL LIGHT IN THE PIAZZA ON BROADWAY,59d4af52e3aab2498985135a61fe482e5b0da9322fe1e52ab256457a100316c2
data2vec_base,dsuta,167,stage5ext_00671,591dc19ef324950dafd8ce359e9711f332297ea7ff75da4847f4653c4698cfb4a469db4e15b5ea6b6512eb8f51f1b066477920287c57ae1056528e11c1bd1976,Canadian English,canada,He then went on to a second career as a car racing driver.,HE THEN WENT ON TO A SECOND CAREER AS A CAR RACING DRIVER,59d4af52e3aab2498985135a61fe482e5b0da9322fe1e52ab256457a100316c2
data2vec_base,dsuta,167,stage5ext_00672,591dc19ef324950dafd8ce359e9711f332297ea7ff75da4847f4653c4698cfb4a469db4e15b5ea6b6512eb8f51f1b066477920287c57ae1056528e11c1bd1976,Canadian English,canada,"For Mainz, Joseph Ludwig Colmar was soon appointed as bishop.",FOR MAINES JOSEPH LUDWIG COLMAR WAS SOON APPOINTED AS BISHOP,59d4af52e3aab2498985135a61fe482e5b0da9322fe1e52ab256457a100316c2
data2vec_base,dsuta,168,stage5ext_00673,591dc19ef324950dafd8ce359e9711f332297ea7ff75da4847f4653c4698cfb4a469db4e15b5ea6b6512eb8f51f1b066477920287c57ae1056528e11c1bd1976,Canadian English,canada,"He has been nicknamed ""The Man of a Thousand Voices"".",HE HAS BEEN NICKNAMED THE MAN OF A THOUSAND VOICES,29dccee957d1e0075cb57b154e18df834c4dc7faa921844df04b54517c0c0809
data2vec_base,dsuta,168,stage5ext_00674,591dc19ef324950dafd8ce359e9711f332297ea7ff75da4847f4653c4698cfb4a469db4e15b5ea6b6512eb8f51f1b066477920287c57ae1056528e11c1bd1976,Canadian English,canada,He then teamed up Martin Salkin and Milt Gabler of Decca Records.,HE THEN TEAMED UP MARTIN SALCON IN MILT GABBLER OF DECA RECORDS,29dccee957d1e0075cb57b154e18df834c4dc7faa921844df04b54517c0c0809
data2vec_base,dsuta,168,stage5ext_00675,591dc19ef324950dafd8ce359e9711f332297ea7ff75da4847f4653c4698cfb4a469db4e15b5ea6b6512eb8f51f1b066477920287c57ae1056528e11c1bd1976,Canadian English,canada,"They became most prominent in the Roman Republic, and continued into the Empire.",THEY BECAME THE MOST PROMINENT IN THE ROMAN REPUBLIC AND CONTINUED INTO THE EMPIRE,29dccee957d1e0075cb57b154e18df834c4dc7faa921844df04b54517c0c0809
data2vec_base,dsuta,168,stage5ext_00676,87b42e85779256f12cd8467a8790384f4d1ba3aa2c3821b798e151f94702c8fecb77a8f125195bf02e72b9c5cf01c3d6ddda5e6d3aa87b4bc525756a8c2b8807,Canadian English,canada,East-southeast of Boussingault lies the crater Neumayer.,EAST SOUTHEAST OF BOOSINGULP LIES THE CRATER NUMIER,29dccee957d1e0075cb57b154e18df834c4dc7faa921844df04b54517c0c0809
data2vec_base,dsuta,169,stage5ext_00677,87b42e85779256f12cd8467a8790384f4d1ba3aa2c3821b798e151f94702c8fecb77a8f125195bf02e72b9c5cf01c3d6ddda5e6d3aa87b4bc525756a8c2b8807,Canadian English,canada,Recorded at the composer's studio under his supervision.,RECORDED AT THE COMPOSER'S STUDIO UNDER HIS SUPERVISION,705c42f32c13387f614252da21d93aa7c929a8b935b398da431cee6fb83ae95f
data2vec_base,dsuta,169,stage5ext_00678,87b42e85779256f12cd8467a8790384f4d1ba3aa2c3821b798e151f94702c8fecb77a8f125195bf02e72b9c5cf01c3d6ddda5e6d3aa87b4bc525756a8c2b8807,Canadian English,canada,Varied versions of the artwork within the album exist.,VARIED VERSIONS OF THE ART WORK WITHIN THE ALBUM EXIST,705c42f32c13387f614252da21d93aa7c929a8b935b398da431cee6fb83ae95f
data2vec_base,dsuta,169,stage5ext_00679,87b42e85779256f12cd8467a8790384f4d1ba3aa2c3821b798e151f94702c8fecb77a8f125195bf02e72b9c5cf01c3d6ddda5e6d3aa87b4bc525756a8c2b8807,Canadian English,canada,"Construction was conducted by Kassel, Germany-based Henschel.",CONSTRUCTION WAS CONDUCTED BY CASTLE GERMANY BASED HENSHIL,705c42f32c13387f614252da21d93aa7c929a8b935b398da431cee6fb83ae95f
data2vec_base,dsuta,169,stage5ext_00680,87b42e85779256f12cd8467a8790384f4d1ba3aa2c3821b798e151f94702c8fecb77a8f125195bf02e72b9c5cf01c3d6ddda5e6d3aa87b4bc525756a8c2b8807,Canadian English,canada,He started reading novels and literature since he just finished the primary school.,HE STARTED READING NOVELS AND LITERATURE SINCE HE JUST FINISHED THE PRIMARY SCHOOL,705c42f32c13387f614252da21d93aa7c929a8b935b398da431cee6fb83ae95f
data2vec_base,dsuta,170,stage5ext_00681,87b42e85779256f12cd8467a8790384f4d1ba3aa2c3821b798e151f94702c8fecb77a8f125195bf02e72b9c5cf01c3d6ddda5e6d3aa87b4bc525756a8c2b8807,Canadian English,canada,They won a majority of seats in every province and territory.,THEY WANT A MAJORITY OF SEATS IN EVERY PROVINCE AND TERRITORY,758b5faca39839f0c2c0dc6e99f7fa0f283c3e116755319baa241ba550e9d50a
data2vec_base,dsuta,170,stage5ext_00682,87b42e85779256f12cd8467a8790384f4d1ba3aa2c3821b798e151f94702c8fecb77a8f125195bf02e72b9c5cf01c3d6ddda5e6d3aa87b4bc525756a8c2b8807,Canadian English,canada,Opposed to the more moderate Parchamis were the radical Khalq faction.,OPPOSED TO THE MORE MODERATE PARCHAMIS WHERE THE MORE RADICAL CALCFACTION,758b5faca39839f0c2c0dc6e99f7fa0f283c3e116755319baa241ba550e9d50a
data2vec_base,dsuta,170,stage5ext_00683,87b42e85779256f12cd8467a8790384f4d1ba3aa2c3821b798e151f94702c8fecb77a8f125195bf02e72b9c5cf01c3d6ddda5e6d3aa87b4bc525756a8c2b8807,Canadian English,canada,Gyrich is also involved in hunting the Hulk after the events of Onslaught.,GEIRICH IS ALSO INVOLVED IN HUNTING THE HULK AFTER THE EVENTS OF ENSLAUGHT,758b5faca39839f0c2c0dc6e99f7fa0f283c3e116755319baa241ba550e9d50a
data2vec_base,dsuta,170,stage5ext_00684,87b42e85779256f12cd8467a8790384f4d1ba3aa2c3821b798e151f94702c8fecb77a8f125195bf02e72b9c5cf01c3d6ddda5e6d3aa87b4bc525756a8c2b8807,Canadian English,canada,It was also hosted by the team of Rich Landrum and Johnny Weaver.,IT WAS ALSO HOSTED BY THE TEAM OF RICH LANDRUM AND JOHNNY WEAVER,758b5faca39839f0c2c0dc6e99f7fa0f283c3e116755319baa241ba550e9d50a
data2vec_base,dsuta,171,stage5ext_00685,87b42e85779256f12cd8467a8790384f4d1ba3aa2c3821b798e151f94702c8fecb77a8f125195bf02e72b9c5cf01c3d6ddda5e6d3aa87b4bc525756a8c2b8807,Canadian English,canada,"His cause for canonization was introduced by his religious order, the Basilian Alepian Order.",HIS CAUSE FOR CANONIZATION WAS INTRODUCED BY HISRELIGIOUS ORDER THE BAZILIAN ALYPCIAN ORDER,9f86abc1fc5a9b915f49355434d9b35d38e43432a0348f83c9576beffa14b9e5
data2vec_base,dsuta,171,stage5ext_00686,87b42e85779256f12cd8467a8790384f4d1ba3aa2c3821b798e151f94702c8fecb77a8f125195bf02e72b9c5cf01c3d6ddda5e6d3aa87b4bc525756a8c2b8807,Canadian English,canada,"Terminals can be attacked and disabled, but not destroyed.",TERMINALS CAN BE ATTACKED AND DISABLED BUT NOT DESTROYED,9f86abc1fc5a9b915f49355434d9b35d38e43432a0348f83c9576beffa14b9e5
data2vec_base,dsuta,171,stage5ext_00687,87b42e85779256f12cd8467a8790384f4d1ba3aa2c3821b798e151f94702c8fecb77a8f125195bf02e72b9c5cf01c3d6ddda5e6d3aa87b4bc525756a8c2b8807,Canadian English,canada,They're going to see this as an historic time.,THEY'RE GOING TO SEE THIS AS A HISTORIC TIME,9f86abc1fc5a9b915f49355434d9b35d38e43432a0348f83c9576beffa14b9e5
data2vec_base,dsuta,171,stage5ext_00688,87b42e85779256f12cd8467a8790384f4d1ba3aa2c3821b798e151f94702c8fecb77a8f125195bf02e72b9c5cf01c3d6ddda5e6d3aa87b4bc525756a8c2b8807,Canadian English,canada,"Due to his high penance, Lord murugan appeared like snake to him.",DUE TO HIS HIGH PENANCE LORD MUIGAN APPEARED LIKE SNAKE TO HIM,9f86abc1fc5a9b915f49355434d9b35d38e43432a0348f83c9576beffa14b9e5
data2vec_base,dsuta,172,stage5ext_00689,87b42e85779256f12cd8467a8790384f4d1ba3aa2c3821b798e151f94702c8fecb77a8f125195bf02e72b9c5cf01c3d6ddda5e6d3aa87b4bc525756a8c2b8807,Canadian English,canada,Consumption soon returned to normal however.,CONSUMPTION SOON RETURNED TO NORMAL HOWEVER,c63ca65788b519abf28d180caa5ffdd59d2e8aab242ee33d65fc7285a098818b
data2vec_base,dsuta,172,stage5ext_00690,87b42e85779256f12cd8467a8790384f4d1ba3aa2c3821b798e151f94702c8fecb77a8f125195bf02e72b9c5cf01c3d6ddda5e6d3aa87b4bc525756a8c2b8807,Canadian English,canada,"Alva was featured in the video game, ""Tony Hawk's American Wasteland"".",ALVA WAS FEATURED IN THE WINDOW GATE TONY HAWK'S AMERICAN WASTELAND,c63ca65788b519abf28d180caa5ffdd59d2e8aab242ee33d65fc7285a098818b
data2vec_base,dsuta,172,stage5ext_00691,1bda50a4a88d77a1bc592a14e21c501410d6db026449e39808be8fdf0a370dcc6adb09567d53480b5796f2560267441eafe3faf65ae56ae50502479cbab97242,Canadian English,canada,"They found all sorts of drugs at Howard's house: Cocaine, meth, heroine...",THEY FOUND ALL SORTS OF DRUGS AT HOWER'S HOUSE COCAINE F HEROINE,c63ca65788b519abf28d180caa5ffdd59d2e8aab242ee33d65fc7285a098818b
data2vec_base,dsuta,172,stage5ext_00692,1bda50a4a88d77a1bc592a14e21c501410d6db026449e39808be8fdf0a370dcc6adb09567d53480b5796f2560267441eafe3faf65ae56ae50502479cbab97242,Canadian English,canada,"Sure, I will be right back.",SURE I'LL BE RIGHT BOUT,c63ca65788b519abf28d180caa5ffdd59d2e8aab242ee33d65fc7285a098818b
data2vec_base,dsuta,173,stage5ext_00693,1bda50a4a88d77a1bc592a14e21c501410d6db026449e39808be8fdf0a370dcc6adb09567d53480b5796f2560267441eafe3faf65ae56ae50502479cbab97242,Canadian English,canada,"When he got the call, Ali ran out of the store, down the street, and into the car.",WHEN HE GOT TO CALL ALI RAN OUT OF THE STORE AN DOWN THE STREET AND ENTER THE CAR,337da1cacd4f2efad13925f256f08170148b8d5b5894e29335e3cb8fc95adbfc
data2vec_base,dsuta,173,stage5ext_00694,1bda50a4a88d77a1bc592a14e21c501410d6db026449e39808be8fdf0a370dcc6adb09567d53480b5796f2560267441eafe3faf65ae56ae50502479cbab97242,Canadian English,canada,"As they began to decorate the hallway, a silhouette appeared in the doorway.",AS THEY BEGAN TO DECORATE THE HALLWAY A SILHOUETTE APPEARED IN THE DOORWAY,337da1cacd4f2efad13925f256f08170148b8d5b5894e29335e3cb8fc95adbfc
data2vec_base,dsuta,173,stage5ext_00695,1bda50a4a88d77a1bc592a14e21c501410d6db026449e39808be8fdf0a370dcc6adb09567d53480b5796f2560267441eafe3faf65ae56ae50502479cbab97242,Canadian English,canada,"Roaming endlessly around the park, she wants to go home.",ROAMING ENDLESSLY AROUND THE PARK SHE WANTS TO GO HOME,337da1cacd4f2efad13925f256f08170148b8d5b5894e29335e3cb8fc95adbfc
data2vec_base,dsuta,173,stage5ext_00696,1bda50a4a88d77a1bc592a14e21c501410d6db026449e39808be8fdf0a370dcc6adb09567d53480b5796f2560267441eafe3faf65ae56ae50502479cbab97242,Canadian English,canada,"Hooray, we're going to Alaska!",HORAY WERE GOING TO ALASKA,337da1cacd4f2efad13925f256f08170148b8d5b5894e29335e3cb8fc95adbfc
data2vec_base,dsuta,174,stage5ext_00697,1bda50a4a88d77a1bc592a14e21c501410d6db026449e39808be8fdf0a370dcc6adb09567d53480b5796f2560267441eafe3faf65ae56ae50502479cbab97242,Canadian English,canada,"In the discotheque, the DJ played progressive house music and trance.",IN THE DISCOTEC THE D J PLAYED PROGRESSIVE HOUSE MUSIC AND TRANCE,5d78d179ee7d2a1dfe16fc23a0184656129edc0dd321e5a12f945e006a408df1
data2vec_base,dsuta,174,stage5ext_00698,1bda50a4a88d77a1bc592a14e21c501410d6db026449e39808be8fdf0a370dcc6adb09567d53480b5796f2560267441eafe3faf65ae56ae50502479cbab97242,Canadian English,canada,Susan is an artist who lives in Vermont.,SUSAN IS AN ARTIST WHO LIVES IN VERMONT,5d78d179ee7d2a1dfe16fc23a0184656129edc0dd321e5a12f945e006a408df1
data2vec_base,dsuta,174,stage5ext_00699,1bda50a4a88d77a1bc592a14e21c501410d6db026449e39808be8fdf0a370dcc6adb09567d53480b5796f2560267441eafe3faf65ae56ae50502479cbab97242,Canadian English,canada,What is the matter with you?,WHAT IS THE MATTER WITH YOU,5d78d179ee7d2a1dfe16fc23a0184656129edc0dd321e5a12f945e006a408df1
data2vec_base,dsuta,174,stage5ext_00700,1bda50a4a88d77a1bc592a14e21c501410d6db026449e39808be8fdf0a370dcc6adb09567d53480b5796f2560267441eafe3faf65ae56ae50502479cbab97242,Canadian English,canada,"She is a very smart lady, and I think she can figure it out.",SHE IS A VERY SMART LADY AND I THINK SHE CAN FIGURE IT OUT,5d78d179ee7d2a1dfe16fc23a0184656129edc0dd321e5a12f945e006a408df1
data2vec_base,dsuta,175,stage5ext_00701,1bda50a4a88d77a1bc592a14e21c501410d6db026449e39808be8fdf0a370dcc6adb09567d53480b5796f2560267441eafe3faf65ae56ae50502479cbab97242,Canadian English,canada,"Astronomy might be complicated, but it's not rocket science.",ASTRONOMY MIGHT BE COMPLICATED BUT IS NOT ROCKET SCIENCE,bfea455eff62b8871a3d4bcd3499b941dad3f8bf5d04fc83cb11b9ca0028dbb9
data2vec_base,dsuta,175,stage5ext_00702,1bda50a4a88d77a1bc592a14e21c501410d6db026449e39808be8fdf0a370dcc6adb09567d53480b5796f2560267441eafe3faf65ae56ae50502479cbab97242,Canadian English,canada,"Angela is pregnant, she told me.",ANGELA IS PREGNANT SHE TOLD ME,bfea455eff62b8871a3d4bcd3499b941dad3f8bf5d04fc83cb11b9ca0028dbb9
data2vec_base,dsuta,175,stage5ext_00703,1bda50a4a88d77a1bc592a14e21c501410d6db026449e39808be8fdf0a370dcc6adb09567d53480b5796f2560267441eafe3faf65ae56ae50502479cbab97242,Canadian English,canada,"The diver forced open the oyster, revealing a shimmering pearl.",THE DIVER FORCED OPEN THE OYSTER REVEALING A SHIMMERING PEARL,bfea455eff62b8871a3d4bcd3499b941dad3f8bf5d04fc83cb11b9ca0028dbb9
data2vec_base,dsuta,175,stage5ext_00704,1bda50a4a88d77a1bc592a14e21c501410d6db026449e39808be8fdf0a370dcc6adb09567d53480b5796f2560267441eafe3faf65ae56ae50502479cbab97242,Canadian English,canada,"Salmon is one of the most popular fish and very delicious, though usually not sustainable.",SALMON IS ONE OF THE MOST POPULAR FISH AND VERY DELICIOUS THOUGH USUALLY NOT SUSTAINABLE,bfea455eff62b8871a3d4bcd3499b941dad3f8bf5d04fc83cb11b9ca0028dbb9
data2vec_base,dsuta,176,stage5ext_00705,1bda50a4a88d77a1bc592a14e21c501410d6db026449e39808be8fdf0a370dcc6adb09567d53480b5796f2560267441eafe3faf65ae56ae50502479cbab97242,Canadian English,canada,"This pepperoni tastes off, she said.",THOS CAPRONI TASTES OFF SHE SAID,179c03227f7bc63a82781ba63ea0108e29054cc4f89791c4b2e544b1cf60de82
data2vec_base,dsuta,176,stage5ext_00706,3609f33a23ed07b4e369020bc8bfcb519c8e108d2510cda5649a103fb8e4c9a120753d04b1cfbf9d5ebca2b2674d1f16d7269aa4d619254315923f04a0e8872a,Canadian English,canada,You might as well play Russian roulette.,YOU MIGHT AS WELL PLAY RUSSIAN ROULETTE,179c03227f7bc63a82781ba63ea0108e29054cc4f89791c4b2e544b1cf60de82
data2vec_base,dsuta,176,stage5ext_00707,3609f33a23ed07b4e369020bc8bfcb519c8e108d2510cda5649a103fb8e4c9a120753d04b1cfbf9d5ebca2b2674d1f16d7269aa4d619254315923f04a0e8872a,Canadian English,canada,We are going to the football game tonight.,WE ARE GOING TO THE FOOTBALL GANG TO NIGHT,179c03227f7bc63a82781ba63ea0108e29054cc4f89791c4b2e544b1cf60de82
data2vec_base,dsuta,176,stage5ext_00708,3609f33a23ed07b4e369020bc8bfcb519c8e108d2510cda5649a103fb8e4c9a120753d04b1cfbf9d5ebca2b2674d1f16d7269aa4d619254315923f04a0e8872a,Canadian English,canada,Send the stuff in a thick paper bag.,SEND THE STUFF IN A THICK PAPER BAG,179c03227f7bc63a82781ba63ea0108e29054cc4f89791c4b2e544b1cf60de82
data2vec_base,dsuta,177,stage5ext_00709,3609f33a23ed07b4e369020bc8bfcb519c8e108d2510cda5649a103fb8e4c9a120753d04b1cfbf9d5ebca2b2674d1f16d7269aa4d619254315923f04a0e8872a,Canadian English,canada,The early bird catches the worm.,THE EARLY BIRD CATCHES THE WORM,f069a33b564a262cf025c31f26c87d83feb7114cf14fa98823d55ca913645226
data2vec_base,dsuta,177,stage5ext_00710,3609f33a23ed07b4e369020bc8bfcb519c8e108d2510cda5649a103fb8e4c9a120753d04b1cfbf9d5ebca2b2674d1f16d7269aa4d619254315923f04a0e8872a,Canadian English,canada,A toad and a frog are hard to tell apart.,A TOAD AND A FROG ARE HARD TO TELL APART,f069a33b564a262cf025c31f26c87d83feb7114cf14fa98823d55ca913645226
data2vec_base,dsuta,177,stage5ext_00711,3609f33a23ed07b4e369020bc8bfcb519c8e108d2510cda5649a103fb8e4c9a120753d04b1cfbf9d5ebca2b2674d1f16d7269aa4d619254315923f04a0e8872a,Canadian English,canada,William ran down the street.,WILLIAM RAN DOWN THE STREET,f069a33b564a262cf025c31f26c87d83feb7114cf14fa98823d55ca913645226
data2vec_base,dsuta,177,stage5ext_00712,3609f33a23ed07b4e369020bc8bfcb519c8e108d2510cda5649a103fb8e4c9a120753d04b1cfbf9d5ebca2b2674d1f16d7269aa4d619254315923f04a0e8872a,Canadian English,canada,But it was not to be.,BUT IT WAS NOT TO BE,f069a33b564a262cf025c31f26c87d83feb7114cf14fa98823d55ca913645226
data2vec_base,dsuta,178,stage5ext_00713,3609f33a23ed07b4e369020bc8bfcb519c8e108d2510cda5649a103fb8e4c9a120753d04b1cfbf9d5ebca2b2674d1f16d7269aa4d619254315923f04a0e8872a,Canadian English,canada,Add the sum to the product of these three.,ADD THE SUM TO THE PRODUCT OF THESE THREE,c404930203d08f99b34c7ff67bd0ce177abed29e40308af7dc9aa6e62eed3f34
data2vec_base,dsuta,178,stage5ext_00714,3609f33a23ed07b4e369020bc8bfcb519c8e108d2510cda5649a103fb8e4c9a120753d04b1cfbf9d5ebca2b2674d1f16d7269aa4d619254315923f04a0e8872a,Canadian English,canada,Birds of a feather flock – together.,BIRDS OF A FEATHER FLOCK TOGETHER,c404930203d08f99b34c7ff67bd0ce177abed29e40308af7dc9aa6e62eed3f34
data2vec_base,dsuta,178,stage5ext_00715,3609f33a23ed07b4e369020bc8bfcb519c8e108d2510cda5649a103fb8e4c9a120753d04b1cfbf9d5ebca2b2674d1f16d7269aa4d619254315923f04a0e8872a,Canadian English,canada,It was raised from everyone who entered the city during the celebration period.,IT WAS RAISED FROM EVERYONE WHO ENTERED THE CITY DURING THE CELEBRATION PERIOD,c404930203d08f99b34c7ff67bd0ce177abed29e40308af7dc9aa6e62eed3f34
data2vec_base,dsuta,178,stage5ext_00716,3609f33a23ed07b4e369020bc8bfcb519c8e108d2510cda5649a103fb8e4c9a120753d04b1cfbf9d5ebca2b2674d1f16d7269aa4d619254315923f04a0e8872a,Canadian English,canada,A zestful food is the hot-cross bun.,A ZESTFUL FOOD IS THE HAWK CROSS BON,c404930203d08f99b34c7ff67bd0ce177abed29e40308af7dc9aa6e62eed3f34
data2vec_base,dsuta,179,stage5ext_00717,3609f33a23ed07b4e369020bc8bfcb519c8e108d2510cda5649a103fb8e4c9a120753d04b1cfbf9d5ebca2b2674d1f16d7269aa4d619254315923f04a0e8872a,Canadian English,canada,Just as I thought!,JUST AS I THOUGHT,b277832bdef3a632ad26fcafac58b186420ca442e1bcded4b13121af1de02177
data2vec_base,dsuta,179,stage5ext_00718,3609f33a23ed07b4e369020bc8bfcb519c8e108d2510cda5649a103fb8e4c9a120753d04b1cfbf9d5ebca2b2674d1f16d7269aa4d619254315923f04a0e8872a,Canadian English,canada,Each penny shone like new.,EACH PENNY SHONE LIKE NEW,b277832bdef3a632ad26fcafac58b186420ca442e1bcded4b13121af1de02177
data2vec_base,dsuta,179,stage5ext_00719,3609f33a23ed07b4e369020bc8bfcb519c8e108d2510cda5649a103fb8e4c9a120753d04b1cfbf9d5ebca2b2674d1f16d7269aa4d619254315923f04a0e8872a,Canadian English,canada,Does that suit you?,DOES THAT SUIT YOU,b277832bdef3a632ad26fcafac58b186420ca442e1bcded4b13121af1de02177
data2vec_base,dsuta,179,stage5ext_00720,3609f33a23ed07b4e369020bc8bfcb519c8e108d2510cda5649a103fb8e4c9a120753d04b1cfbf9d5ebca2b2674d1f16d7269aa4d619254315923f04a0e8872a,Canadian English,canada,You may whistle for it.,YOU MAY WHISTLE FOR IT,b277832bdef3a632ad26fcafac58b186420ca442e1bcded4b13121af1de02177
data2vec_base,dsuta,180,stage5ext_00721,b93abbafef94b7d98a7356f6312da390c93f78376374ceb597ee3d26425dc05d7b3fe7fc290b835365c2ba77cf232a93597f059b5a2aaa5c715299a8614492e4,Canadian English,canada,"After leaving politics, Clement has held various paid and unpaid positions.",AFTER LEAVING POLITICS CLEMENT HAS HELD VARIOUS PAID AND UNPAID POSITIONS,2c4c5a7afa1e80caf4c6cf72859db33610e28d37029ac76dd23fa833aac1c7db
data2vec_base,dsuta,180,stage5ext_00722,b93abbafef94b7d98a7356f6312da390c93f78376374ceb597ee3d26425dc05d7b3fe7fc290b835365c2ba77cf232a93597f059b5a2aaa5c715299a8614492e4,Canadian English,canada,The same thing can happen to the player's bike.,THE SAME THING CAN HAPPEN TO THE PLAYER'S PIKE,2c4c5a7afa1e80caf4c6cf72859db33610e28d37029ac76dd23fa833aac1c7db
data2vec_base,dsuta,180,stage5ext_00723,b93abbafef94b7d98a7356f6312da390c93f78376374ceb597ee3d26425dc05d7b3fe7fc290b835365c2ba77cf232a93597f059b5a2aaa5c715299a8614492e4,Canadian English,canada,She wanted to become a dancer but it didn't work out.,SHE WANTED TO BECOME A DANCER BUT IT DIDN'T WORK OUT,2c4c5a7afa1e80caf4c6cf72859db33610e28d37029ac76dd23fa833aac1c7db
data2vec_base,dsuta,180,stage5ext_00724,b93abbafef94b7d98a7356f6312da390c93f78376374ceb597ee3d26425dc05d7b3fe7fc290b835365c2ba77cf232a93597f059b5a2aaa5c715299a8614492e4,Canadian English,canada,At trial and appeal the claim was dismissed.,AT TRIAL AND APPEAL THE CLAIM WAS DISMISSED,2c4c5a7afa1e80caf4c6cf72859db33610e28d37029ac76dd23fa833aac1c7db
data2vec_base,dsuta,181,stage5ext_00725,b93abbafef94b7d98a7356f6312da390c93f78376374ceb597ee3d26425dc05d7b3fe7fc290b835365c2ba77cf232a93597f059b5a2aaa5c715299a8614492e4,Canadian English,canada,"Its headquarters is located in Chiyoda, Tokyo.",ITS HEADQUARTERS IS LOCATED IN CHIOTA TOKO,8c9bcde1077c4e3b1ca8a5486eed33c6a8ebfa581b145dd5a540596d9780195f
data2vec_base,dsuta,181,stage5ext_00726,b93abbafef94b7d98a7356f6312da390c93f78376374ceb597ee3d26425dc05d7b3fe7fc290b835365c2ba77cf232a93597f059b5a2aaa5c715299a8614492e4,Canadian English,canada,He was forbidden any further writing.,HE WAS FORBIDDEN ANY FURTHER WRITING,8c9bcde1077c4e3b1ca8a5486eed33c6a8ebfa581b145dd5a540596d9780195f
data2vec_base,dsuta,181,stage5ext_00727,b93abbafef94b7d98a7356f6312da390c93f78376374ceb597ee3d26425dc05d7b3fe7fc290b835365c2ba77cf232a93597f059b5a2aaa5c715299a8614492e4,Canadian English,canada,It offers yet another musical style change.,IT OFFERS YET ANOTHER MUSICAL STYLE CHANGE,8c9bcde1077c4e3b1ca8a5486eed33c6a8ebfa581b145dd5a540596d9780195f
data2vec_base,dsuta,181,stage5ext_00728,b93abbafef94b7d98a7356f6312da390c93f78376374ceb597ee3d26425dc05d7b3fe7fc290b835365c2ba77cf232a93597f059b5a2aaa5c715299a8614492e4,Canadian English,canada,The measured flux is proportional to the covariance.,THE MEASURED FLUX IS PROPORTIONAL TO THE COVARIANS,8c9bcde1077c4e3b1ca8a5486eed33c6a8ebfa581b145dd5a540596d9780195f
data2vec_base,dsuta,182,stage5ext_00729,b93abbafef94b7d98a7356f6312da390c93f78376374ceb597ee3d26425dc05d7b3fe7fc290b835365c2ba77cf232a93597f059b5a2aaa5c715299a8614492e4,Canadian English,canada,Also on hand was the young comedian Richard Pryor.,ALSO ON HAND WAS THE YOUNG CAMEDIAN RICHARD PRIOR,26b9b050e6e31f4387a1bf8e0351750225e30a0b5e82444ef1ec941a69e0a7ca
data2vec_base,dsuta,182,stage5ext_00730,b93abbafef94b7d98a7356f6312da390c93f78376374ceb597ee3d26425dc05d7b3fe7fc290b835365c2ba77cf232a93597f059b5a2aaa5c715299a8614492e4,Canadian English,canada,"He is an alumnus of Saratoga High School in Saratoga, California.",HE IS AN ALUMNUS OF SARATOGA HIGH SCHOOL IN SARATOGA CALIFORNIA,26b9b050e6e31f4387a1bf8e0351750225e30a0b5e82444ef1ec941a69e0a7ca
data2vec_base,dsuta,182,stage5ext_00731,b93abbafef94b7d98a7356f6312da390c93f78376374ceb597ee3d26425dc05d7b3fe7fc290b835365c2ba77cf232a93597f059b5a2aaa5c715299a8614492e4,Canadian English,canada,No cause was given and there were no immediate survivors.,NO CAUSE WAS GIVEN AND THERE WERE NO IMMEDIATE SURVIVORS,26b9b050e6e31f4387a1bf8e0351750225e30a0b5e82444ef1ec941a69e0a7ca
data2vec_base,dsuta,182,stage5ext_00732,b93abbafef94b7d98a7356f6312da390c93f78376374ceb597ee3d26425dc05d7b3fe7fc290b835365c2ba77cf232a93597f059b5a2aaa5c715299a8614492e4,Canadian English,canada,It is more applicable when there is a liquidity crunch in the market.,IT IS MORE APPLICABLE WHEN THERE IS A LOQUIDITY CRUNCH IN THE MARKET,26b9b050e6e31f4387a1bf8e0351750225e30a0b5e82444ef1ec941a69e0a7ca
data2vec_base,dsuta,183,stage5ext_00733,b93abbafef94b7d98a7356f6312da390c93f78376374ceb597ee3d26425dc05d7b3fe7fc290b835365c2ba77cf232a93597f059b5a2aaa5c715299a8614492e4,Canadian English,canada,There again he taught rhetoric for three years.,THERE AGAIN HE TAUGHT RHETORIC FOR THREE YEARS,419d100fa8cb4da5ba8c6accebb769f22ed69dbab89e057ca9b5d9c206cccd5a
data2vec_base,dsuta,183,stage5ext_00734,b93abbafef94b7d98a7356f6312da390c93f78376374ceb597ee3d26425dc05d7b3fe7fc290b835365c2ba77cf232a93597f059b5a2aaa5c715299a8614492e4,Canadian English,canada,It is a potent skin irritant.,IT IS A POTENT SKIN IRRITANT,419d100fa8cb4da5ba8c6accebb769f22ed69dbab89e057ca9b5d9c206cccd5a
data2vec_base,dsuta,183,stage5ext_00735,b93abbafef94b7d98a7356f6312da390c93f78376374ceb597ee3d26425dc05d7b3fe7fc290b835365c2ba77cf232a93597f059b5a2aaa5c715299a8614492e4,Canadian English,canada,Westphal is a former assistant coach on Lionel Hollins' staff on the Brooklyn Nets.,WESTFALL IS A FORMER ASSISTANT COACH ON LIONEL HOLLAND'S STAFF ON THE BRICKLYN NETS,419d100fa8cb4da5ba8c6accebb769f22ed69dbab89e057ca9b5d9c206cccd5a
data2vec_base,dsuta,183,stage5ext_00736,1225019d528d47c1a589b05ca13577c68d50b27cb794f00d65a7a4be094e4f5e9f0bc35233e80e36ddfba17fa9c185dec071949ab8a2dce2a58b5d4d9b49d290,Canadian English,canada,"Perhaps, you should just grow sea monkeys.",PERHAPS YOU SHOULD JUST GROW SEA MONKEYS,419d100fa8cb4da5ba8c6accebb769f22ed69dbab89e057ca9b5d9c206cccd5a
data2vec_base,dsuta,184,stage5ext_00737,1225019d528d47c1a589b05ca13577c68d50b27cb794f00d65a7a4be094e4f5e9f0bc35233e80e36ddfba17fa9c185dec071949ab8a2dce2a58b5d4d9b49d290,Canadian English,canada,"No, that was never his real plan.",NO THAT WAS NEVER HIS REAL PLAN,ad6a89536c39c224a6a0a07fc5b32301d21f9a1a363306f2dd016a4d729a0be1
data2vec_base,dsuta,184,stage5ext_00738,1225019d528d47c1a589b05ca13577c68d50b27cb794f00d65a7a4be094e4f5e9f0bc35233e80e36ddfba17fa9c185dec071949ab8a2dce2a58b5d4d9b49d290,Canadian English,canada,Might I enquire as to whom I'm addressing?,MIGHT I ENQUIRE AS TO WHOM IAM ADDRESSING,ad6a89536c39c224a6a0a07fc5b32301d21f9a1a363306f2dd016a4d729a0be1
data2vec_base,dsuta,184,stage5ext_00739,1225019d528d47c1a589b05ca13577c68d50b27cb794f00d65a7a4be094e4f5e9f0bc35233e80e36ddfba17fa9c185dec071949ab8a2dce2a58b5d4d9b49d290,Canadian English,canada,"By increasing the salinity of the water, we alter its dew point.",BY INCREASING THE SOLEMNITY OF THE WATER WE ALTER ITS DUE POINT,ad6a89536c39c224a6a0a07fc5b32301d21f9a1a363306f2dd016a4d729a0be1
data2vec_base,dsuta,184,stage5ext_00740,1225019d528d47c1a589b05ca13577c68d50b27cb794f00d65a7a4be094e4f5e9f0bc35233e80e36ddfba17fa9c185dec071949ab8a2dce2a58b5d4d9b49d290,Canadian English,canada,"Deliberate slowly, execute promptly.",DELIBERIT SLOWLY EXECUTE PROMPTLY,ad6a89536c39c224a6a0a07fc5b32301d21f9a1a363306f2dd016a4d729a0be1
data2vec_base,dsuta,185,stage5ext_00741,1225019d528d47c1a589b05ca13577c68d50b27cb794f00d65a7a4be094e4f5e9f0bc35233e80e36ddfba17fa9c185dec071949ab8a2dce2a58b5d4d9b49d290,Canadian English,canada,What am I to do?,WHAT AM I TO DO,529ac7f2be5bfd6b511679c1060506bbc797b05db9b185beb480680eaaf3a37b
data2vec_base,dsuta,185,stage5ext_00742,1225019d528d47c1a589b05ca13577c68d50b27cb794f00d65a7a4be094e4f5e9f0bc35233e80e36ddfba17fa9c185dec071949ab8a2dce2a58b5d4d9b49d290,Canadian English,canada,"I've brought you some cheese, because I know you love cheese.",I'VE BROUGHT YOU SOME CHEESE BECAUSE I KNOW YOU LOVE CHEESE,529ac7f2be5bfd6b511679c1060506bbc797b05db9b185beb480680eaaf3a37b
data2vec_base,dsuta,185,stage5ext_00743,1225019d528d47c1a589b05ca13577c68d50b27cb794f00d65a7a4be094e4f5e9f0bc35233e80e36ddfba17fa9c185dec071949ab8a2dce2a58b5d4d9b49d290,Canadian English,canada,"Easy come, easy go.",EASY COME EASY GO,529ac7f2be5bfd6b511679c1060506bbc797b05db9b185beb480680eaaf3a37b
data2vec_base,dsuta,185,stage5ext_00744,1225019d528d47c1a589b05ca13577c68d50b27cb794f00d65a7a4be094e4f5e9f0bc35233e80e36ddfba17fa9c185dec071949ab8a2dce2a58b5d4d9b49d290,Canadian English,canada,"The builder placed the brick onto the plank of wood, so it would bend into shape.",THE BUILDER PLACED THE BRICK ON TO THE PLANK OF WOOD SO IT WOULD BEND INTO SHAPE,529ac7f2be5bfd6b511679c1060506bbc797b05db9b185beb480680eaaf3a37b
data2vec_base,dsuta,186,stage5ext_00745,1225019d528d47c1a589b05ca13577c68d50b27cb794f00d65a7a4be094e4f5e9f0bc35233e80e36ddfba17fa9c185dec071949ab8a2dce2a58b5d4d9b49d290,Canadian English,canada,How does slow cooling of the hot gaseous state result in pure crystals?,HOW DOES SLOW COOLING OF THE HOT GASEOUS STATE RESULT IN PURE CRYSTALS,255cabaaf9a715e5490198ea593b730b248230d5086e2d46e9a6f8308ccfc3f0
data2vec_base,dsuta,186,stage5ext_00746,1225019d528d47c1a589b05ca13577c68d50b27cb794f00d65a7a4be094e4f5e9f0bc35233e80e36ddfba17fa9c185dec071949ab8a2dce2a58b5d4d9b49d290,Canadian English,canada,"He stood up, and by the time he went back to his seat everybody in the room was questioning the meaning of life.",HE STOOD UP AND BY THE TIME HE WENT BACK TO HIS SEAT EVERYBODY IN THE ROOM WAS QUESTIONING THE MEANING OF LIFE,255cabaaf9a715e5490198ea593b730b248230d5086e2d46e9a6f8308ccfc3f0
data2vec_base,dsuta,186,stage5ext_00747,1225019d528d47c1a589b05ca13577c68d50b27cb794f00d65a7a4be094e4f5e9f0bc35233e80e36ddfba17fa9c185dec071949ab8a2dce2a58b5d4d9b49d290,Canadian English,canada,"This was a lie, and they all knew it.",THIS WAS A LIE AND THEY ALL KNEW IT,255cabaaf9a715e5490198ea593b730b248230d5086e2d46e9a6f8308ccfc3f0
data2vec_base,dsuta,186,stage5ext_00748,1225019d528d47c1a589b05ca13577c68d50b27cb794f00d65a7a4be094e4f5e9f0bc35233e80e36ddfba17fa9c185dec071949ab8a2dce2a58b5d4d9b49d290,Canadian English,canada,"After lurking for a minute, the crocodile quickly sprang toward the young hippopotamus and ate it.",AFTER LURKING FOR A MINUTE THE CROCODILE QUICKLY SPRANG TOWARDS THE YOUNG HIPPOPOTAMUS AND ATE IT,255cabaaf9a715e5490198ea593b730b248230d5086e2d46e9a6f8308ccfc3f0
data2vec_base,dsuta,187,stage5ext_00749,1225019d528d47c1a589b05ca13577c68d50b27cb794f00d65a7a4be094e4f5e9f0bc35233e80e36ddfba17fa9c185dec071949ab8a2dce2a58b5d4d9b49d290,Canadian English,canada,"When you're at a party and somebody says ""banana bread"", a sniper might be near you.",WHEN YOUR DEPARTY AND SOMEONE SAYS BANANA BRED A SNIKER MIGHT BE NEAR YOU,0db9e10345dae2d94634fbb3487dec413fd047c51215b624ce3f1d7d4cd3f946
data2vec_base,dsuta,187,stage5ext_00750,1225019d528d47c1a589b05ca13577c68d50b27cb794f00d65a7a4be094e4f5e9f0bc35233e80e36ddfba17fa9c185dec071949ab8a2dce2a58b5d4d9b49d290,Canadian English,canada,Do you want me?,DO YOU WANT ME,0db9e10345dae2d94634fbb3487dec413fd047c51215b624ce3f1d7d4cd3f946
data2vec_base,dsuta,187,stage5ext_00751,2365c450d92516275bba41aac73c5acf8ce75bf4896ecbd54c3eaa7f121b53488a25a234605d205f960767e2cb5f88d749e3a035ded3a2e9930f35c814bfd1f8,Irish English,ireland,Me and a friend of mine.,ME AND A FRIEND OF MINE,0db9e10345dae2d94634fbb3487dec413fd047c51215b624ce3f1d7d4cd3f946
data2vec_base,dsuta,187,stage5ext_00752,2365c450d92516275bba41aac73c5acf8ce75bf4896ecbd54c3eaa7f121b53488a25a234605d205f960767e2cb5f88d749e3a035ded3a2e9930f35c814bfd1f8,Irish English,ireland,"For most owners of the car model, the issue isn't noticeable.",FOR MOST OWNERS OF THE CAR MODEL THE ISSUE ISN'T NOTICEABLE,0db9e10345dae2d94634fbb3487dec413fd047c51215b624ce3f1d7d4cd3f946
data2vec_base,dsuta,188,stage5ext_00753,2365c450d92516275bba41aac73c5acf8ce75bf4896ecbd54c3eaa7f121b53488a25a234605d205f960767e2cb5f88d749e3a035ded3a2e9930f35c814bfd1f8,Irish English,ireland,I'm afraid she'd feel ashamed to think she hadn't trusted you.,I'M AFRAID SHE'D FEEL ASHAMED TO THINK SHE HADN'T TRUSTED YOU,eea46ed05ca69932031e81ea73eb67789301aa31731f23c9d03e0087c2f99b4e
data2vec_base,dsuta,188,stage5ext_00754,2365c450d92516275bba41aac73c5acf8ce75bf4896ecbd54c3eaa7f121b53488a25a234605d205f960767e2cb5f88d749e3a035ded3a2e9930f35c814bfd1f8,Irish English,ireland,Thailand turned out to be a very satisfying holiday.,TYLAN TURNED OUT TO BE A VERY SATISFYING HOLIDAY,eea46ed05ca69932031e81ea73eb67789301aa31731f23c9d03e0087c2f99b4e
data2vec_base,dsuta,188,stage5ext_00755,2365c450d92516275bba41aac73c5acf8ce75bf4896ecbd54c3eaa7f121b53488a25a234605d205f960767e2cb5f88d749e3a035ded3a2e9930f35c814bfd1f8,Irish English,ireland,The execution was cancelled.,THE EXECUTION WAS CANTELLED,eea46ed05ca69932031e81ea73eb67789301aa31731f23c9d03e0087c2f99b4e
data2vec_base,dsuta,188,stage5ext_00756,2365c450d92516275bba41aac73c5acf8ce75bf4896ecbd54c3eaa7f121b53488a25a234605d205f960767e2cb5f88d749e3a035ded3a2e9930f35c814bfd1f8,Irish English,ireland,Sometimes I get so mad at you I can't see straight.,SOMETIMES I GET SO MAD OF YEAR I CAN'T SEE STRAIGHT,eea46ed05ca69932031e81ea73eb67789301aa31731f23c9d03e0087c2f99b4e
data2vec_base,dsuta,189,stage5ext_00757,2365c450d92516275bba41aac73c5acf8ce75bf4896ecbd54c3eaa7f121b53488a25a234605d205f960767e2cb5f88d749e3a035ded3a2e9930f35c814bfd1f8,Irish English,ireland,Crooks don't pay taxes.,CROOKSTONE PAY TAXES,dea37ddd4ca5d2ea6e514a0398e034b585234a90924948de2272fe48bd9ef79a
data2vec_base,dsuta,189,stage5ext_00758,2365c450d92516275bba41aac73c5acf8ce75bf4896ecbd54c3eaa7f121b53488a25a234605d205f960767e2cb5f88d749e3a035ded3a2e9930f35c814bfd1f8,Irish English,ireland,Use the tool that's needed for the job.,USE THE TULB THAT'S NEEDED FOR THE JOB,dea37ddd4ca5d2ea6e514a0398e034b585234a90924948de2272fe48bd9ef79a
data2vec_base,dsuta,189,stage5ext_00759,2365c450d92516275bba41aac73c5acf8ce75bf4896ecbd54c3eaa7f121b53488a25a234605d205f960767e2cb5f88d749e3a035ded3a2e9930f35c814bfd1f8,Irish English,ireland,That guy is the writer of a few banned books.,TATGAI IS THE WRITER OF A FEW BOUND BOOKS,dea37ddd4ca5d2ea6e514a0398e034b585234a90924948de2272fe48bd9ef79a
data2vec_base,dsuta,189,stage5ext_00760,2365c450d92516275bba41aac73c5acf8ce75bf4896ecbd54c3eaa7f121b53488a25a234605d205f960767e2cb5f88d749e3a035ded3a2e9930f35c814bfd1f8,Irish English,ireland,My cat loves to ensconce herself in my new sofa.,MY CAT LOVES TO ENSCONCE HERSELF IN MY NEW SOFA,dea37ddd4ca5d2ea6e514a0398e034b585234a90924948de2272fe48bd9ef79a
data2vec_base,dsuta,190,stage5ext_00761,2365c450d92516275bba41aac73c5acf8ce75bf4896ecbd54c3eaa7f121b53488a25a234605d205f960767e2cb5f88d749e3a035ded3a2e9930f35c814bfd1f8,Irish English,ireland,"I feel sick, what should I do?",I FEEL SICK WHAT SHOULD I DO,20ce4b5f021b56ff198e6aa88b24d8a8c11774adf8fecea76965be78d87f21e5
data2vec_base,dsuta,190,stage5ext_00762,2365c450d92516275bba41aac73c5acf8ce75bf4896ecbd54c3eaa7f121b53488a25a234605d205f960767e2cb5f88d749e3a035ded3a2e9930f35c814bfd1f8,Irish English,ireland,I'm in a drugstore.,I'M IN A DRUG STORE,20ce4b5f021b56ff198e6aa88b24d8a8c11774adf8fecea76965be78d87f21e5
data2vec_base,dsuta,190,stage5ext_00763,2365c450d92516275bba41aac73c5acf8ce75bf4896ecbd54c3eaa7f121b53488a25a234605d205f960767e2cb5f88d749e3a035ded3a2e9930f35c814bfd1f8,Irish English,ireland,You know very well why.,YOU KNOW VERY WELL WHY,20ce4b5f021b56ff198e6aa88b24d8a8c11774adf8fecea76965be78d87f21e5
data2vec_base,dsuta,190,stage5ext_00764,2365c450d92516275bba41aac73c5acf8ce75bf4896ecbd54c3eaa7f121b53488a25a234605d205f960767e2cb5f88d749e3a035ded3a2e9930f35c814bfd1f8,Irish English,ireland,The cannibal was looking for another victim to appease his appetite.,THE CANNIBAL WAS LOOKING FOR ANOTHER VICTIM TO A PIECE'S APPETITE,20ce4b5f021b56ff198e6aa88b24d8a8c11774adf8fecea76965be78d87f21e5
data2vec_base,dsuta,191,stage5ext_00765,2365c450d92516275bba41aac73c5acf8ce75bf4896ecbd54c3eaa7f121b53488a25a234605d205f960767e2cb5f88d749e3a035ded3a2e9930f35c814bfd1f8,Irish English,ireland,He could see tears in her eyes.,HE COULD SEE TEARS IN HER EYES,77853bac099f0a9e4b90ec7775bfa6c6d44e74c54462a811f0073751f6ea607b
data2vec_base,dsuta,191,stage5ext_00766,06c53aec09bca54d5587147ee1bfcc0a9e2b4162fb75daa79b7fe286dfec0732ff4dcae7125393b19a31f66c66c4bd8cf89665b4dee7b446429efd029e225c59,Irish English,ireland,He later served as a prominent leader of the French Directory.,HE LATER SERVED AS A PROMINENT LEADER OF THE FRENCH DIRECTORY,77853bac099f0a9e4b90ec7775bfa6c6d44e74c54462a811f0073751f6ea607b
data2vec_base,dsuta,191,stage5ext_00767,06c53aec09bca54d5587147ee1bfcc0a9e2b4162fb75daa79b7fe286dfec0732ff4dcae7125393b19a31f66c66c4bd8cf89665b4dee7b446429efd029e225c59,Irish English,ireland,She held this position for two years before Kim Raine replaced her.,SHE HELD HIS POSITION FOR TWO YEARS BEFORE KIMREIN REPLACED HER,77853bac099f0a9e4b90ec7775bfa6c6d44e74c54462a811f0073751f6ea607b
data2vec_base,dsuta,191,stage5ext_00768,06c53aec09bca54d5587147ee1bfcc0a9e2b4162fb75daa79b7fe286dfec0732ff4dcae7125393b19a31f66c66c4bd8cf89665b4dee7b446429efd029e225c59,Irish English,ireland,Fetsios competed in the two rifle events.,FEZIOS COMPETED IN THE TWO RIFLE EVENTS,77853bac099f0a9e4b90ec7775bfa6c6d44e74c54462a811f0073751f6ea607b
data2vec_base,dsuta,192,stage5ext_00769,06c53aec09bca54d5587147ee1bfcc0a9e2b4162fb75daa79b7fe286dfec0732ff4dcae7125393b19a31f66c66c4bd8cf89665b4dee7b446429efd029e225c59,Irish English,ireland,"Because it is widely known, ""Lumbricus"" goes under a variety of common names.",BECAUSE IT IS WIDELY KNOWN LUMBRICUS GOES UNDER A VARIETY OF COMMON NAMES,01fb6edac4bb2b55bd01fc6aac58d4a2456d3a3a55036b5ed470bf1f4c5e171b
data2vec_base,dsuta,192,stage5ext_00770,06c53aec09bca54d5587147ee1bfcc0a9e2b4162fb75daa79b7fe286dfec0732ff4dcae7125393b19a31f66c66c4bd8cf89665b4dee7b446429efd029e225c59,Irish English,ireland,O'Farrell is a six-time winner of the Rotary cartoons award.,O'FARL IS A SIX TIME WINNER OF THE ROSARY CARTOON'S AWART,01fb6edac4bb2b55bd01fc6aac58d4a2456d3a3a55036b5ed470bf1f4c5e171b
data2vec_base,dsuta,192,stage5ext_00771,06c53aec09bca54d5587147ee1bfcc0a9e2b4162fb75daa79b7fe286dfec0732ff4dcae7125393b19a31f66c66c4bd8cf89665b4dee7b446429efd029e225c59,Irish English,ireland,He was arrested and thrown in jail.,HE WAS ARRESTED AND THROWN IN JAIL,01fb6edac4bb2b55bd01fc6aac58d4a2456d3a3a55036b5ed470bf1f4c5e171b
data2vec_base,dsuta,192,stage5ext_00772,06c53aec09bca54d5587147ee1bfcc0a9e2b4162fb75daa79b7fe286dfec0732ff4dcae7125393b19a31f66c66c4bd8cf89665b4dee7b446429efd029e225c59,Irish English,ireland,"He was known as the leader of the ""fighting Quakers"".",HE WAS KNOWN AS THE LEADER OF THE FIGHTING QUAKERS,01fb6edac4bb2b55bd01fc6aac58d4a2456d3a3a55036b5ed470bf1f4c5e171b
data2vec_base,dsuta,193,stage5ext_00773,06c53aec09bca54d5587147ee1bfcc0a9e2b4162fb75daa79b7fe286dfec0732ff4dcae7125393b19a31f66c66c4bd8cf89665b4dee7b446429efd029e225c59,Irish English,ireland,He also served in both the Assembly and Senate of the California State Legislature.,HE ALSO SERVED IN BOTH THE ASSEMBLY AND SENECE OF THE CALIFORNIA STATE LEGISLATURE,06584ae1b588fd655124a565035d7b15228b892fb1ee50e74e9ff75226c94f3e
data2vec_base,dsuta,193,stage5ext_00774,06c53aec09bca54d5587147ee1bfcc0a9e2b4162fb75daa79b7fe286dfec0732ff4dcae7125393b19a31f66c66c4bd8cf89665b4dee7b446429efd029e225c59,Irish English,ireland,Many of the Gretna Girls lived in group hostels which were staffed by matrons.,MANY OF THE GRETNE GIRLS LIVED IN GROUP HOSTLES WHICH WERE STAFFED BY MATRONS,06584ae1b588fd655124a565035d7b15228b892fb1ee50e74e9ff75226c94f3e
data2vec_base,dsuta,193,stage5ext_00775,06c53aec09bca54d5587147ee1bfcc0a9e2b4162fb75daa79b7fe286dfec0732ff4dcae7125393b19a31f66c66c4bd8cf89665b4dee7b446429efd029e225c59,Irish English,ireland,The next day Delfino attacked.,THE NEXT DAY DELPHINO ATTACKED,06584ae1b588fd655124a565035d7b15228b892fb1ee50e74e9ff75226c94f3e
data2vec_base,dsuta,193,stage5ext_00776,06c53aec09bca54d5587147ee1bfcc0a9e2b4162fb75daa79b7fe286dfec0732ff4dcae7125393b19a31f66c66c4bd8cf89665b4dee7b446429efd029e225c59,Irish English,ireland,See the article on Barnett for an outline of his ideas.,SEE THE ARTICLE ON BARNESS FOR AN OUTLINE OF HIS IDEAS,06584ae1b588fd655124a565035d7b15228b892fb1ee50e74e9ff75226c94f3e
data2vec_base,dsuta,194,stage5ext_00777,06c53aec09bca54d5587147ee1bfcc0a9e2b4162fb75daa79b7fe286dfec0732ff4dcae7125393b19a31f66c66c4bd8cf89665b4dee7b446429efd029e225c59,Irish English,ireland,"In addition, after German reunification, there were several Heiligenstadts in Germany.",IN ADDITION AFTER GERMAN REUNIFICATION THERE WERE SEVERAL HILINGENSTATS IN GERMANY,cff65b884a2338348d4c9c3728af7adb17b225bdd3e6dca9a972ea358cb1c693
data2vec_base,dsuta,194,stage5ext_00778,06c53aec09bca54d5587147ee1bfcc0a9e2b4162fb75daa79b7fe286dfec0732ff4dcae7125393b19a31f66c66c4bd8cf89665b4dee7b446429efd029e225c59,Irish English,ireland,"The Norse form of the name was ""Surkudalr"".",THE NORSE FORM OF THE NAME WAS SIR CUDELLAR,cff65b884a2338348d4c9c3728af7adb17b225bdd3e6dca9a972ea358cb1c693
data2vec_base,dsuta,194,stage5ext_00779,06c53aec09bca54d5587147ee1bfcc0a9e2b4162fb75daa79b7fe286dfec0732ff4dcae7125393b19a31f66c66c4bd8cf89665b4dee7b446429efd029e225c59,Irish English,ireland,But all this will be useless.,BUT ALL THIS WILL BE USELESS,cff65b884a2338348d4c9c3728af7adb17b225bdd3e6dca9a972ea358cb1c693
data2vec_base,dsuta,194,stage5ext_00780,06c53aec09bca54d5587147ee1bfcc0a9e2b4162fb75daa79b7fe286dfec0732ff4dcae7125393b19a31f66c66c4bd8cf89665b4dee7b446429efd029e225c59,Irish English,ireland,I'm a bit loath to say which!,I'M A BIT LOATH TO SAY WHICH,cff65b884a2338348d4c9c3728af7adb17b225bdd3e6dca9a972ea358cb1c693
data2vec_base,dsuta,195,stage5ext_00781,2bf1907838353bd4ff938cb357518af5cd662218dcf4e05e91bccb5c4981619def6e13f25156c63c468ac5e938051eb89983ae095606bc1ebcbe2aba77dbcf38,Irish English,ireland,Good luck on the way.,GOOD LOOK ON THE WAY,d18cb4f2cb84837e44c7995a02f34da6a35c9509c4c450168b3a41cb513d759f
data2vec_base,dsuta,195,stage5ext_00782,2bf1907838353bd4ff938cb357518af5cd662218dcf4e05e91bccb5c4981619def6e13f25156c63c468ac5e938051eb89983ae095606bc1ebcbe2aba77dbcf38,Irish English,ireland,"Like her adored aunt, Paula Wessely prepared for an artistic career.",LIKE HER ADORED AUNT PAULA WESLEY PREPARED FOR AN ARTISTIC CAREER,d18cb4f2cb84837e44c7995a02f34da6a35c9509c4c450168b3a41cb513d759f
data2vec_base,dsuta,195,stage5ext_00783,2bf1907838353bd4ff938cb357518af5cd662218dcf4e05e91bccb5c4981619def6e13f25156c63c468ac5e938051eb89983ae095606bc1ebcbe2aba77dbcf38,Irish English,ireland,Fill your pack with bright trinkets for the poor.,FILL YOUR PACK WITH BRIGHT TRINKETS FOR THE POOR,d18cb4f2cb84837e44c7995a02f34da6a35c9509c4c450168b3a41cb513d759f
data2vec_base,dsuta,195,stage5ext_00784,2bf1907838353bd4ff938cb357518af5cd662218dcf4e05e91bccb5c4981619def6e13f25156c63c468ac5e938051eb89983ae095606bc1ebcbe2aba77dbcf38,Irish English,ireland,The pigs and cows ran everywhere.,THE PIGS AND COWS RUN EVERYWHERE,d18cb4f2cb84837e44c7995a02f34da6a35c9509c4c450168b3a41cb513d759f
data2vec_base,dsuta,196,stage5ext_00785,2bf1907838353bd4ff938cb357518af5cd662218dcf4e05e91bccb5c4981619def6e13f25156c63c468ac5e938051eb89983ae095606bc1ebcbe2aba77dbcf38,Irish English,ireland,"Mrs. McFarlane is a recent widow, versus Mr. McFarlane is alive but away.",MISSUS MAC PHARLEN IS A RECENT WIDOW VERSUS MISTER MAC PHARLEAN IS ALIVE BUT AWAY,a54e90d2ecb1a4e1e080d6a51954f350611bf9ea1420041a26aee0e9392e6264
data2vec_base,dsuta,196,stage5ext_00786,2bf1907838353bd4ff938cb357518af5cd662218dcf4e05e91bccb5c4981619def6e13f25156c63c468ac5e938051eb89983ae095606bc1ebcbe2aba77dbcf38,Irish English,ireland,He regretted not having made himself clearer.,HE REGRETTED NOT HAVING MADE HIMSELF CLEARER,a54e90d2ecb1a4e1e080d6a51954f350611bf9ea1420041a26aee0e9392e6264
data2vec_base,dsuta,196,stage5ext_00787,2bf1907838353bd4ff938cb357518af5cd662218dcf4e05e91bccb5c4981619def6e13f25156c63c468ac5e938051eb89983ae095606bc1ebcbe2aba77dbcf38,Irish English,ireland,The omens have led me on a wild chase.,THE OMANS HAVE LAD ME ON A WILD CHASE,a54e90d2ecb1a4e1e080d6a51954f350611bf9ea1420041a26aee0e9392e6264
data2vec_base,dsuta,196,stage5ext_00788,2bf1907838353bd4ff938cb357518af5cd662218dcf4e05e91bccb5c4981619def6e13f25156c63c468ac5e938051eb89983ae095606bc1ebcbe2aba77dbcf38,Irish English,ireland,Rome was not built in a day.,ROME WAS NOT BUILT IN A DE,a54e90d2ecb1a4e1e080d6a51954f350611bf9ea1420041a26aee0e9392e6264
data2vec_base,dsuta,197,stage5ext_00789,2bf1907838353bd4ff938cb357518af5cd662218dcf4e05e91bccb5c4981619def6e13f25156c63c468ac5e938051eb89983ae095606bc1ebcbe2aba77dbcf38,Irish English,ireland,That's an inherent disadvantage.,THAT'S AN INHERENT DISADVANTAGE,492bf5cd10da8aa1dc83e6c2773d96c45576a8e5e28b1f369f17bf3a23339c8f
data2vec_base,dsuta,197,stage5ext_00790,2bf1907838353bd4ff938cb357518af5cd662218dcf4e05e91bccb5c4981619def6e13f25156c63c468ac5e938051eb89983ae095606bc1ebcbe2aba77dbcf38,Irish English,ireland,I wasn't certain it'd work at all yesterday.,I WASN'T CERTAIN THIS AT WORK AS ALL YESTERDAY,492bf5cd10da8aa1dc83e6c2773d96c45576a8e5e28b1f369f17bf3a23339c8f
data2vec_base,dsuta,197,stage5ext_00791,2bf1907838353bd4ff938cb357518af5cd662218dcf4e05e91bccb5c4981619def6e13f25156c63c468ac5e938051eb89983ae095606bc1ebcbe2aba77dbcf38,Irish English,ireland,The night becomes a turning point for all five men.,THE NICE BECAME A TURNING POINT FOR ALL FIVE MEN,492bf5cd10da8aa1dc83e6c2773d96c45576a8e5e28b1f369f17bf3a23339c8f
data2vec_base,dsuta,197,stage5ext_00792,2bf1907838353bd4ff938cb357518af5cd662218dcf4e05e91bccb5c4981619def6e13f25156c63c468ac5e938051eb89983ae095606bc1ebcbe2aba77dbcf38,Irish English,ireland,The population size depends on the nature of the problem.,THE POPULATION SIZE DEPENDS ON THE NATURE OF THE PROBLEM,492bf5cd10da8aa1dc83e6c2773d96c45576a8e5e28b1f369f17bf3a23339c8f
data2vec_base,dsuta,198,stage5ext_00793,2bf1907838353bd4ff938cb357518af5cd662218dcf4e05e91bccb5c4981619def6e13f25156c63c468ac5e938051eb89983ae095606bc1ebcbe2aba77dbcf38,Irish English,ireland,"Maxwell, who was killed in Wan Chai three days before the ceasefire.",MAXWELL HE WAS KILLED IN ONE CHY THREE DAYS BEFORE THE SEAT SPIRE,cefd2de1b9fd51d5d0bcd90f1e157219152bb90ffb93cf5e2ac512e6481caa30
data2vec_base,dsuta,198,stage5ext_00794,2bf1907838353bd4ff938cb357518af5cd662218dcf4e05e91bccb5c4981619def6e13f25156c63c468ac5e938051eb89983ae095606bc1ebcbe2aba77dbcf38,Irish English,ireland,A new broom sweeps clean What's bred in the bone.,A NEW BROOM SWEEPS CLEAN WHITE SPRIES IN THE BONE,cefd2de1b9fd51d5d0bcd90f1e157219152bb90ffb93cf5e2ac512e6481caa30
data2vec_base,dsuta,198,stage5ext_00795,2bf1907838353bd4ff938cb357518af5cd662218dcf4e05e91bccb5c4981619def6e13f25156c63c468ac5e938051eb89983ae095606bc1ebcbe2aba77dbcf38,Irish English,ireland,The beauty of the view stunned the young boy.,THE BEAUTY OF THIS YOUTH STUNS THE YOUNG BOY,cefd2de1b9fd51d5d0bcd90f1e157219152bb90ffb93cf5e2ac512e6481caa30
data2vec_base,dsuta,198,stage5ext_00796,f3ea04475e301f84785710b9c56023f3c81f7abff656d40e674db8acde55c748688d0a4285eb6e8ea7f4d8b1fb6c99ab3c7f7d460878c4193256a61831e17ce7,Irish English,ireland,Reddy and his wife have two daughters.,LETDY AND HIS WIFE HAVE TWO DAUGHTERS,cefd2de1b9fd51d5d0bcd90f1e157219152bb90ffb93cf5e2ac512e6481caa30
data2vec_base,dsuta,199,stage5ext_00797,f3ea04475e301f84785710b9c56023f3c81f7abff656d40e674db8acde55c748688d0a4285eb6e8ea7f4d8b1fb6c99ab3c7f7d460878c4193256a61831e17ce7,Irish English,ireland,The Arab executive that emerged from that conference.,THE ILD EXECUTIVE THAT EMERGED FROM THAT CONFERENCE,3dc13652018888ee73a878a3234a3d6516f7c2a7bf2e95ba416887cca554091b
data2vec_base,dsuta,199,stage5ext_00798,f3ea04475e301f84785710b9c56023f3c81f7abff656d40e674db8acde55c748688d0a4285eb6e8ea7f4d8b1fb6c99ab3c7f7d460878c4193256a61831e17ce7,Irish English,ireland,The book goes further by examining irony and sarcasm.,THE BOOK GOES FAVOR BY EXAMINING IONY AND SAPHAVEN,3dc13652018888ee73a878a3234a3d6516f7c2a7bf2e95ba416887cca554091b
data2vec_base,dsuta,199,stage5ext_00799,f3ea04475e301f84785710b9c56023f3c81f7abff656d40e674db8acde55c748688d0a4285eb6e8ea7f4d8b1fb6c99ab3c7f7d460878c4193256a61831e17ce7,Irish English,ireland,He is close to the Lebanese Forces.,HE IS CLOSE TO LEBONY'S VOICES,3dc13652018888ee73a878a3234a3d6516f7c2a7bf2e95ba416887cca554091b
data2vec_base,dsuta,199,stage5ext_00800,f3ea04475e301f84785710b9c56023f3c81f7abff656d40e674db8acde55c748688d0a4285eb6e8ea7f4d8b1fb6c99ab3c7f7d460878c4193256a61831e17ce7,Irish English,ireland,Deane was overpowered and forced to surrender the prizes.,HE WAS OVERPOWERED AND FORCED TO SURMENDER TE PRIZES,3dc13652018888ee73a878a3234a3d6516f7c2a7bf2e95ba416887cca554091b
data2vec_base,dsuta,200,stage5ext_00801,f3ea04475e301f84785710b9c56023f3c81f7abff656d40e674db8acde55c748688d0a4285eb6e8ea7f4d8b1fb6c99ab3c7f7d460878c4193256a61831e17ce7,Irish English,ireland,He was her second husband and they had no children.,HE WAS HIS SECOND HUSBAND AND THEY HAD NO TODEN,4c92caea364beca58c14cf87a3af1bfdb5bdd64ca02f8f3f49ed7238f1ce885d
data2vec_base,dsuta,200,stage5ext_00802,f3ea04475e301f84785710b9c56023f3c81f7abff656d40e674db8acde55c748688d0a4285eb6e8ea7f4d8b1fb6c99ab3c7f7d460878c4193256a61831e17ce7,Irish English,ireland,The transports were presumably carrying prisoners from the British capture of Corsica.,THE TRANSPORTS WERE PRESUMABLY CARRYING PRISONERS IN THE BRITISH CAPTURE OF COISEVA,4c92caea364beca58c14cf87a3af1bfdb5bdd64ca02f8f3f49ed7238f1ce885d
data2vec_base,dsuta,200,stage5ext_00803,f3ea04475e301f84785710b9c56023f3c81f7abff656d40e674db8acde55c748688d0a4285eb6e8ea7f4d8b1fb6c99ab3c7f7d460878c4193256a61831e17ce7,Irish English,ireland,They clear their stand that they will stand with all communities or caste.,THEY CLEAR THIS TAM TAT THEY WILL STAD WITH ALL COMMUNITIES OR PASTE,4c92caea364beca58c14cf87a3af1bfdb5bdd64ca02f8f3f49ed7238f1ce885d
data2vec_base,dsuta,200,stage5ext_00804,f3ea04475e301f84785710b9c56023f3c81f7abff656d40e674db8acde55c748688d0a4285eb6e8ea7f4d8b1fb6c99ab3c7f7d460878c4193256a61831e17ce7,Irish English,ireland,Lieutenant Colonel Bell was awarded his second Silver Star for his leadership.,LIEUTENANT COLONEL BELL WAS AWARDED HIS SECOND SILVER STAFF FOR HIS LEADERSHIP,4c92caea364beca58c14cf87a3af1bfdb5bdd64ca02f8f3f49ed7238f1ce885d
data2vec_base,dsuta,201,stage5ext_00805,f3ea04475e301f84785710b9c56023f3c81f7abff656d40e674db8acde55c748688d0a4285eb6e8ea7f4d8b1fb6c99ab3c7f7d460878c4193256a61831e17ce7,Irish English,ireland,The automobiles in the Miles Collier Collections at the Revs Institute are working vehicles.,THE AUTOMOBILES IN THE MILDS CALLYO COLLECTIONS OF THE MANSINISITY THAT WORK MANYFITS,f398d8f8ba09dd289f2d44bf89647d0f2dd03cfd7f7891e0649cce7692543850
data2vec_base,dsuta,201,stage5ext_00806,f3ea04475e301f84785710b9c56023f3c81f7abff656d40e674db8acde55c748688d0a4285eb6e8ea7f4d8b1fb6c99ab3c7f7d460878c4193256a61831e17ce7,Irish English,ireland,The town is located on the French way of the Camino de Santiago.,THE TOWNS LOCATED ON THE FRENCH WAY OF CAMANA DE SANTIACO,f398d8f8ba09dd289f2d44bf89647d0f2dd03cfd7f7891e0649cce7692543850
data2vec_base,dsuta,201,stage5ext_00807,f3ea04475e301f84785710b9c56023f3c81f7abff656d40e674db8acde55c748688d0a4285eb6e8ea7f4d8b1fb6c99ab3c7f7d460878c4193256a61831e17ce7,Irish English,ireland,Bejarano chose to conduct instead of pursuing her doctorate.,BEGOMANO CHOSE TO CONDUCT INSTEAD OF PURSUING HER DOCTRON,f398d8f8ba09dd289f2d44bf89647d0f2dd03cfd7f7891e0649cce7692543850
data2vec_base,dsuta,201,stage5ext_00808,f3ea04475e301f84785710b9c56023f3c81f7abff656d40e674db8acde55c748688d0a4285eb6e8ea7f4d8b1fb6c99ab3c7f7d460878c4193256a61831e17ce7,Irish English,ireland,It has not been excavated.,IT HAS NOT BEEN EXCAVATED,f398d8f8ba09dd289f2d44bf89647d0f2dd03cfd7f7891e0649cce7692543850
data2vec_base,dsuta,202,stage5ext_00809,f3ea04475e301f84785710b9c56023f3c81f7abff656d40e674db8acde55c748688d0a4285eb6e8ea7f4d8b1fb6c99ab3c7f7d460878c4193256a61831e17ce7,Irish English,ireland,The result was much the same as St.,THE RESULT WAS MUCH THE SAME AS SAINT,6f117bfbb6b1b1dea44f3151e88aea59e12950d9120ae40721e4e4b1de098893
data2vec_base,dsuta,202,stage5ext_00810,f3ea04475e301f84785710b9c56023f3c81f7abff656d40e674db8acde55c748688d0a4285eb6e8ea7f4d8b1fb6c99ab3c7f7d460878c4193256a61831e17ce7,Irish English,ireland,All four were shot in the United Kingdom.,ALL FOUR WERE SHOTS IN THE UNITED KINDLE,6f117bfbb6b1b1dea44f3151e88aea59e12950d9120ae40721e4e4b1de098893
data2vec_base,dsuta,202,stage5ext_00811,98434a9a8b4630d9b92df639cfe24cc4aaa5f87868d474c89db46b5c64a423a9bd79967d06c7657d145d04e562a7f2a8c5293333078c2f76c2da86b6ddd14b97,Irish English,ireland,"He treats ""Greek love"" as central to Greek ""aesthetic morality.",HE TREATS GREEK LOVE AS CENTRAL TO GREEK AESTHETIC MORALITY,6f117bfbb6b1b1dea44f3151e88aea59e12950d9120ae40721e4e4b1de098893
data2vec_base,dsuta,202,stage5ext_00812,98434a9a8b4630d9b92df639cfe24cc4aaa5f87868d474c89db46b5c64a423a9bd79967d06c7657d145d04e562a7f2a8c5293333078c2f76c2da86b6ddd14b97,Irish English,ireland,"The other is ""The Five Orange Pips"", part of ""The Adventures of Sherlock Holmes"".",THE OTHER IS THE FIVE ORANGE PIPS PIRATE OF THE ADVENTURES OF SHERLOCK HOLMES,6f117bfbb6b1b1dea44f3151e88aea59e12950d9120ae40721e4e4b1de098893
data2vec_base,dsuta,203,stage5ext_00813,98434a9a8b4630d9b92df639cfe24cc4aaa5f87868d474c89db46b5c64a423a9bd79967d06c7657d145d04e562a7f2a8c5293333078c2f76c2da86b6ddd14b97,Irish English,ireland,He used parallels and meridians to link together every place in the world.,HE USED PARALLELS AND MERIDIANS TO LINK TOGETHER EVERY PLACE IN THE WORLD,3cba66562e1e770e7a207eb9636b0614feab30fbdf5247a495815e400853a473
data2vec_base,dsuta,203,stage5ext_00814,98434a9a8b4630d9b92df639cfe24cc4aaa5f87868d474c89db46b5c64a423a9bd79967d06c7657d145d04e562a7f2a8c5293333078c2f76c2da86b6ddd14b97,Irish English,ireland,"Some train sets use equipment owned by Metro-North, which are so marked.",SOME TRAIN SATS USE EQUIPMENT OWNED BY METRO NORTH WHICH ARE SO MARKED,3cba66562e1e770e7a207eb9636b0614feab30fbdf5247a495815e400853a473
data2vec_base,dsuta,203,stage5ext_00815,98434a9a8b4630d9b92df639cfe24cc4aaa5f87868d474c89db46b5c64a423a9bd79967d06c7657d145d04e562a7f2a8c5293333078c2f76c2da86b6ddd14b97,Irish English,ireland,Its county seat is Aspermont.,ITS COUNTY SEAS IS ASPREMONT,3cba66562e1e770e7a207eb9636b0614feab30fbdf5247a495815e400853a473
data2vec_base,dsuta,203,stage5ext_00816,98434a9a8b4630d9b92df639cfe24cc4aaa5f87868d474c89db46b5c64a423a9bd79967d06c7657d145d04e562a7f2a8c5293333078c2f76c2da86b6ddd14b97,Irish English,ireland,Urquhart was rewarded with the Norwegian Order of Saint Olav.,UQUAT WAS REWARDED WITH THE NORWEGIAN ORDER OF SAINT OLAF,3cba66562e1e770e7a207eb9636b0614feab30fbdf5247a495815e400853a473
data2vec_base,dsuta,204,stage5ext_00817,98434a9a8b4630d9b92df639cfe24cc4aaa5f87868d474c89db46b5c64a423a9bd79967d06c7657d145d04e562a7f2a8c5293333078c2f76c2da86b6ddd14b97,Irish English,ireland,"However, gadolinite does not contain more than trace amounts of gadolinium.",HOWEVER GADALANISE DOES NOT CONTAIN MORE THAN TRACEMENS OF GADOLINIUM,059bdadc4eee8987ddaf780a4186104161fd2160b12cc7cecce886578d3a853c
data2vec_base,dsuta,204,stage5ext_00818,98434a9a8b4630d9b92df639cfe24cc4aaa5f87868d474c89db46b5c64a423a9bd79967d06c7657d145d04e562a7f2a8c5293333078c2f76c2da86b6ddd14b97,Irish English,ireland,It is still in circulation on radio.,IT IS STILL IN CIRCULATION ON RADIO,059bdadc4eee8987ddaf780a4186104161fd2160b12cc7cecce886578d3a853c
data2vec_base,dsuta,204,stage5ext_00819,98434a9a8b4630d9b92df639cfe24cc4aaa5f87868d474c89db46b5c64a423a9bd79967d06c7657d145d04e562a7f2a8c5293333078c2f76c2da86b6ddd14b97,Irish English,ireland,"Bach heard about the audition for ""The Dukes of Hazzard"" through her husband.",BACH HEARD ABOUT THE AUDITION FOR THE DUKES OF HAZARD THROUGH HER HUSBAND,059bdadc4eee8987ddaf780a4186104161fd2160b12cc7cecce886578d3a853c
data2vec_base,dsuta,204,stage5ext_00820,98434a9a8b4630d9b92df639cfe24cc4aaa5f87868d474c89db46b5c64a423a9bd79967d06c7657d145d04e562a7f2a8c5293333078c2f76c2da86b6ddd14b97,Irish English,ireland,"Upon his appointment, he prohibited alcohol drinking among his players.",ON HIS APPOINTMENT HE PROHIBITES ALCOL DRINKING AMONG HIS PLAYERS,059bdadc4eee8987ddaf780a4186104161fd2160b12cc7cecce886578d3a853c
data2vec_base,dsuta,205,stage5ext_00821,98434a9a8b4630d9b92df639cfe24cc4aaa5f87868d474c89db46b5c64a423a9bd79967d06c7657d145d04e562a7f2a8c5293333078c2f76c2da86b6ddd14b97,Irish English,ireland,"All the Nevada sites below are gaming-entitled, unless otherwise noted.",ALL THE NEVADA SITES BELOW ARE GAINING ENTITLED UNLESS OTHERWISE NOTED,a4e91ed8fd7db477f5b484ffa4628b73a6d9a9f3c170db9ac2c0b94f4910c627
data2vec_base,dsuta,205,stage5ext_00822,98434a9a8b4630d9b92df639cfe24cc4aaa5f87868d474c89db46b5c64a423a9bd79967d06c7657d145d04e562a7f2a8c5293333078c2f76c2da86b6ddd14b97,Irish English,ireland,The defensive line was anchored by Pro Bowlers Tom Keating and Ben Davidson.,THE DEFENSIVE LINE WAS ANCHORED BY PROL BOWLERS TOM KEATING AND BEN DAVIDSON,a4e91ed8fd7db477f5b484ffa4628b73a6d9a9f3c170db9ac2c0b94f4910c627
data2vec_base,dsuta,205,stage5ext_00823,98434a9a8b4630d9b92df639cfe24cc4aaa5f87868d474c89db46b5c64a423a9bd79967d06c7657d145d04e562a7f2a8c5293333078c2f76c2da86b6ddd14b97,Irish English,ireland,May is also an accomplished singer.,MAY IS ALSO AN ACCOMPLISHED SINGER,a4e91ed8fd7db477f5b484ffa4628b73a6d9a9f3c170db9ac2c0b94f4910c627
data2vec_base,dsuta,205,stage5ext_00824,98434a9a8b4630d9b92df639cfe24cc4aaa5f87868d474c89db46b5c64a423a9bd79967d06c7657d145d04e562a7f2a8c5293333078c2f76c2da86b6ddd14b97,Irish English,ireland,Miriam appeared in the doorway.,MIRIAM APPEARED IN THE DOORWAY,a4e91ed8fd7db477f5b484ffa4628b73a6d9a9f3c170db9ac2c0b94f4910c627
data2vec_base,dsuta,206,stage5ext_00825,98434a9a8b4630d9b92df639cfe24cc4aaa5f87868d474c89db46b5c64a423a9bd79967d06c7657d145d04e562a7f2a8c5293333078c2f76c2da86b6ddd14b97,Irish English,ireland,They were each sentenced to six months in jail.,THEY WERE EACH SENTENCED TO SIX MONTHS IN JAIL,f2db007a6634dd75871b70d95ace52c06f5e497b898261637451c9c5b1bbdb02
data2vec_base,dsuta,206,stage5ext_00826,194875abc05277ec185b84e1233196c510a5057c4ac33820e8421f58778f054d7eebd2f70a62c96c79b93aa9f5cf99ec1e7e763ee45eed080dfa952fa8bdeb40,Irish English,ireland,The boy preferred wine.,THE BOY YOU PREFERR GOING,f2db007a6634dd75871b70d95ace52c06f5e497b898261637451c9c5b1bbdb02
data2vec_base,dsuta,206,stage5ext_00827,194875abc05277ec185b84e1233196c510a5057c4ac33820e8421f58778f054d7eebd2f70a62c96c79b93aa9f5cf99ec1e7e763ee45eed080dfa952fa8bdeb40,Irish English,ireland,But he knew that Salem wasn't in Andalusia.,BUT HE KNEW THAT XALEM WASN'T AN ANDELUSIA,f2db007a6634dd75871b70d95ace52c06f5e497b898261637451c9c5b1bbdb02
data2vec_base,dsuta,206,stage5ext_00828,194875abc05277ec185b84e1233196c510a5057c4ac33820e8421f58778f054d7eebd2f70a62c96c79b93aa9f5cf99ec1e7e763ee45eed080dfa952fa8bdeb40,Irish English,ireland,"He had found where his treasure was, and was frightened at what might happen.",HE HAD FOUND WHERE HIS TREASURE WAS AND WAS FRIGHTENED AT WHAT MIGHT HAPPEN,f2db007a6634dd75871b70d95ace52c06f5e497b898261637451c9c5b1bbdb02
data2vec_base,dsuta,207,stage5ext_00829,194875abc05277ec185b84e1233196c510a5057c4ac33820e8421f58778f054d7eebd2f70a62c96c79b93aa9f5cf99ec1e7e763ee45eed080dfa952fa8bdeb40,Irish English,ireland,The boy was sad as he left her that day.,THE BOY WAS SAD AS HE LEFT HER THAT DAY,d812dc237570094b8ecf479a0d0a4bd74e03d685bd1880914671cc21fa1ce24c
data2vec_base,dsuta,207,stage5ext_00830,194875abc05277ec185b84e1233196c510a5057c4ac33820e8421f58778f054d7eebd2f70a62c96c79b93aa9f5cf99ec1e7e763ee45eed080dfa952fa8bdeb40,Irish English,ireland,He didn't want to cry with the other people there.,HE DIDN'T WANT TO CRY WITH THE OTHER PEOPLE THERE,d812dc237570094b8ecf479a0d0a4bd74e03d685bd1880914671cc21fa1ce24c
data2vec_base,dsuta,207,stage5ext_00831,194875abc05277ec185b84e1233196c510a5057c4ac33820e8421f58778f054d7eebd2f70a62c96c79b93aa9f5cf99ec1e7e763ee45eed080dfa952fa8bdeb40,Irish English,ireland,But horses tire bit by bit.,BUT HARSE'S TIRE BIT BUT A BIT,d812dc237570094b8ecf479a0d0a4bd74e03d685bd1880914671cc21fa1ce24c
data2vec_base,dsuta,207,stage5ext_00832,194875abc05277ec185b84e1233196c510a5057c4ac33820e8421f58778f054d7eebd2f70a62c96c79b93aa9f5cf99ec1e7e763ee45eed080dfa952fa8bdeb40,Irish English,ireland,It was such a gradual movement that he found it only by noticing the dots.,IT WAS SUCH A GRADUAL MOVEMENT THAT HE FOUND IT ONLY BY NOTICING THE DARTS,d812dc237570094b8ecf479a0d0a4bd74e03d685bd1880914671cc21fa1ce24c
data2vec_base,dsuta,208,stage5ext_00833,194875abc05277ec185b84e1233196c510a5057c4ac33820e8421f58778f054d7eebd2f70a62c96c79b93aa9f5cf99ec1e7e763ee45eed080dfa952fa8bdeb40,Irish English,ireland,"My seven year resume gap is marked ""Not Drugs"".",MY SEVEN YEAR RESUME GAP IS MARKED NOT DROGES,b39014e015e0b90b91835aae187afd70fd0e1c40f5648e5edc875d998d1ea331
data2vec_base,dsuta,208,stage5ext_00834,194875abc05277ec185b84e1233196c510a5057c4ac33820e8421f58778f054d7eebd2f70a62c96c79b93aa9f5cf99ec1e7e763ee45eed080dfa952fa8bdeb40,Irish English,ireland,"I was scared, but wasted no time in going out and crossing the bridge to the sand pits.",I WAS SCARED BUT WASTED NO TIME IN GOING OUT AND CROSSING THE BRIDGE TO THE SUN PITS,b39014e015e0b90b91835aae187afd70fd0e1c40f5648e5edc875d998d1ea331
data2vec_base,dsuta,208,stage5ext_00835,194875abc05277ec185b84e1233196c510a5057c4ac33820e8421f58778f054d7eebd2f70a62c96c79b93aa9f5cf99ec1e7e763ee45eed080dfa952fa8bdeb40,Irish English,ireland,Several figures approached him.,SEVERAL FIGURES APPROACHED HIM,b39014e015e0b90b91835aae187afd70fd0e1c40f5648e5edc875d998d1ea331
data2vec_base,dsuta,208,stage5ext_00836,194875abc05277ec185b84e1233196c510a5057c4ac33820e8421f58778f054d7eebd2f70a62c96c79b93aa9f5cf99ec1e7e763ee45eed080dfa952fa8bdeb40,Irish English,ireland,He paused for a moment to see if the woman knew what the Egyptian pyramids were.,HE PAUSED FOR A MOMENT TO SEE IF THE WOMAN KNEW WHAT THE EGYPTIAN PYRAMIDS WERE,b39014e015e0b90b91835aae187afd70fd0e1c40f5648e5edc875d998d1ea331
data2vec_base,dsuta,209,stage5ext_00837,194875abc05277ec185b84e1233196c510a5057c4ac33820e8421f58778f054d7eebd2f70a62c96c79b93aa9f5cf99ec1e7e763ee45eed080dfa952fa8bdeb40,Irish English,ireland,"The alchemist stopped abruptly, and bent to the ground.",THE ALCHEMAS STOPPED ABRUPTLY AND BENT TO THE GROUND,7325869142046410c7bf7b6813e053c51a4204bf768ad9ec0ead31e7645dba75
data2vec_base,dsuta,209,stage5ext_00838,194875abc05277ec185b84e1233196c510a5057c4ac33820e8421f58778f054d7eebd2f70a62c96c79b93aa9f5cf99ec1e7e763ee45eed080dfa952fa8bdeb40,Irish English,ireland,The two were taken to a nearby military camp.,THE TWO WERE TAKEN TO A NEARBY MILITARY COMP,7325869142046410c7bf7b6813e053c51a4204bf768ad9ec0ead31e7645dba75
data2vec_base,dsuta,209,stage5ext_00839,194875abc05277ec185b84e1233196c510a5057c4ac33820e8421f58778f054d7eebd2f70a62c96c79b93aa9f5cf99ec1e7e763ee45eed080dfa952fa8bdeb40,Irish English,ireland,That he had attended a seminary until he was sixteen.,THAT HE HAD ATTENDED A SEMINARY UNTIL HE WAS SIXTEEN,7325869142046410c7bf7b6813e053c51a4204bf768ad9ec0ead31e7645dba75
data2vec_base,dsuta,209,stage5ext_00840,194875abc05277ec185b84e1233196c510a5057c4ac33820e8421f58778f054d7eebd2f70a62c96c79b93aa9f5cf99ec1e7e763ee45eed080dfa952fa8bdeb40,Irish English,ireland,It seems old and wise.,IT SEEMS OLD AND WISE,7325869142046410c7bf7b6813e053c51a4204bf768ad9ec0ead31e7645dba75
data2vec_base,dsuta,210,stage5ext_00841,672a3259269b97062367fcafac924cb6013a30f9e34c09eff5c41b6d81f8a9b8e797beba73bbe770cb6ecdcdcc0039306ffae6e7c53294f92803666e3fa86b1b,Irish English,ireland,"To be fully funded, some lending must occur.",TO BE FULLY FUNDED SOME LENDING MUST OCCUR,5df7c8d7b1343dc0b42271569d22a0c3acc3d8589447e55eaf8b538fd0d77930
data2vec_base,dsuta,210,stage5ext_00842,672a3259269b97062367fcafac924cb6013a30f9e34c09eff5c41b6d81f8a9b8e797beba73bbe770cb6ecdcdcc0039306ffae6e7c53294f92803666e3fa86b1b,Irish English,ireland,What'll it take till the bank reopens?,WHAT'LL IT TAKE TILL THE BANK REOPENS,5df7c8d7b1343dc0b42271569d22a0c3acc3d8589447e55eaf8b538fd0d77930
data2vec_base,dsuta,210,stage5ext_00843,672a3259269b97062367fcafac924cb6013a30f9e34c09eff5c41b6d81f8a9b8e797beba73bbe770cb6ecdcdcc0039306ffae6e7c53294f92803666e3fa86b1b,Irish English,ireland,I don't think this theory explains why the particles attract each other this strongly.,I DON'T THINK THIS TERY EXPLAINS WHY THE PARTICLES ATTRACT EACH OTHER AS STRONGLY,5df7c8d7b1343dc0b42271569d22a0c3acc3d8589447e55eaf8b538fd0d77930
data2vec_base,dsuta,210,stage5ext_00844,672a3259269b97062367fcafac924cb6013a30f9e34c09eff5c41b6d81f8a9b8e797beba73bbe770cb6ecdcdcc0039306ffae6e7c53294f92803666e3fa86b1b,Irish English,ireland,Do you mean the speech you're writing?,DO YOU MEAN TO SPEECH YOUR WRITING,5df7c8d7b1343dc0b42271569d22a0c3acc3d8589447e55eaf8b538fd0d77930
data2vec_base,dsuta,211,stage5ext_00845,672a3259269b97062367fcafac924cb6013a30f9e34c09eff5c41b6d81f8a9b8e797beba73bbe770cb6ecdcdcc0039306ffae6e7c53294f92803666e3fa86b1b,Irish English,ireland,And there you were in bed.,AND THERE YOU WERE IN BED,2cc9a7d88939ccba2e66d7ede49eb5494090420c60ce9f4d11cdc2bdc8af0293
data2vec_base,dsuta,211,stage5ext_00846,672a3259269b97062367fcafac924cb6013a30f9e34c09eff5c41b6d81f8a9b8e797beba73bbe770cb6ecdcdcc0039306ffae6e7c53294f92803666e3fa86b1b,Irish English,ireland,I admit that I'm an alcoholic.,I ADMIT THAT IAM AN ALCALIC,2cc9a7d88939ccba2e66d7ede49eb5494090420c60ce9f4d11cdc2bdc8af0293
data2vec_base,dsuta,211,stage5ext_00847,672a3259269b97062367fcafac924cb6013a30f9e34c09eff5c41b6d81f8a9b8e797beba73bbe770cb6ecdcdcc0039306ffae6e7c53294f92803666e3fa86b1b,Irish English,ireland,What's that got to do with it?,WHAT'S THATGOT TO DO WITH IT,2cc9a7d88939ccba2e66d7ede49eb5494090420c60ce9f4d11cdc2bdc8af0293
data2vec_base,dsuta,211,stage5ext_00848,672a3259269b97062367fcafac924cb6013a30f9e34c09eff5c41b6d81f8a9b8e797beba73bbe770cb6ecdcdcc0039306ffae6e7c53294f92803666e3fa86b1b,Irish English,ireland,This investment won't pay off.,THIS INVESTMENT WON'T PAY OFF,2cc9a7d88939ccba2e66d7ede49eb5494090420c60ce9f4d11cdc2bdc8af0293
data2vec_base,dsuta,212,stage5ext_00849,672a3259269b97062367fcafac924cb6013a30f9e34c09eff5c41b6d81f8a9b8e797beba73bbe770cb6ecdcdcc0039306ffae6e7c53294f92803666e3fa86b1b,Irish English,ireland,And don't forget to make him wear his raincoat in London.,AND DON'T FORGET TO MAKE HIM WEAR HE'S RAINCOLT IN LONDON,1ea28cf0d452b98daa49946c7946945d5e11d858a49a2fb318cd7a66cb3e4a38
data2vec_base,dsuta,212,stage5ext_00850,672a3259269b97062367fcafac924cb6013a30f9e34c09eff5c41b6d81f8a9b8e797beba73bbe770cb6ecdcdcc0039306ffae6e7c53294f92803666e3fa86b1b,Irish English,ireland,This peach tart is tasty.,THIS PEACH TART IS TASTY,1ea28cf0d452b98daa49946c7946945d5e11d858a49a2fb318cd7a66cb3e4a38
data2vec_base,dsuta,212,stage5ext_00851,672a3259269b97062367fcafac924cb6013a30f9e34c09eff5c41b6d81f8a9b8e797beba73bbe770cb6ecdcdcc0039306ffae6e7c53294f92803666e3fa86b1b,Irish English,ireland,I didn't say anything.,I DIDN'T SAY ANYTHING,1ea28cf0d452b98daa49946c7946945d5e11d858a49a2fb318cd7a66cb3e4a38
data2vec_base,dsuta,212,stage5ext_00852,672a3259269b97062367fcafac924cb6013a30f9e34c09eff5c41b6d81f8a9b8e797beba73bbe770cb6ecdcdcc0039306ffae6e7c53294f92803666e3fa86b1b,Irish English,ireland,I don't care what you say.,I DON'T CARE WHAT YOU SAY,1ea28cf0d452b98daa49946c7946945d5e11d858a49a2fb318cd7a66cb3e4a38
data2vec_base,dsuta,213,stage5ext_00853,672a3259269b97062367fcafac924cb6013a30f9e34c09eff5c41b6d81f8a9b8e797beba73bbe770cb6ecdcdcc0039306ffae6e7c53294f92803666e3fa86b1b,Irish English,ireland,I can't find it anywhere.,I CAN'T FIND IT ANYWHERE,ff93610c46db3e3bab3639c501ee5d97eefa5ae53480a6858e5dd2eb754711dc
data2vec_base,dsuta,213,stage5ext_00854,672a3259269b97062367fcafac924cb6013a30f9e34c09eff5c41b6d81f8a9b8e797beba73bbe770cb6ecdcdcc0039306ffae6e7c53294f92803666e3fa86b1b,Irish English,ireland,"If a pen has no ink, it's broken.",IF A PEN HAS NO INK IT'S BROKEN,ff93610c46db3e3bab3639c501ee5d97eefa5ae53480a6858e5dd2eb754711dc
data2vec_base,dsuta,213,stage5ext_00855,672a3259269b97062367fcafac924cb6013a30f9e34c09eff5c41b6d81f8a9b8e797beba73bbe770cb6ecdcdcc0039306ffae6e7c53294f92803666e3fa86b1b,Irish English,ireland,The houses were squashed together like sardines.,THE HOUSES WERE SQUASHED TOGETHER LIKE SARDINES,ff93610c46db3e3bab3639c501ee5d97eefa5ae53480a6858e5dd2eb754711dc
data2vec_base,dsuta,213,stage5ext_00856,02cb893287feb15b25162b42913f21d4cef7b8b96119618c39ad96f550afc59fc5cb33155d5a3142b86ea467935fa50993f69d0e0aebf5f8b22f2a05004d4165,Irish English,ireland,To nourish the falcon.,TO NOURISH THE FALCON,ff93610c46db3e3bab3639c501ee5d97eefa5ae53480a6858e5dd2eb754711dc
data2vec_base,dsuta,214,stage5ext_00857,02cb893287feb15b25162b42913f21d4cef7b8b96119618c39ad96f550afc59fc5cb33155d5a3142b86ea467935fa50993f69d0e0aebf5f8b22f2a05004d4165,Irish English,ireland,"There's gold here, he said.",THERE'S GOLD HERE HE SAID,cad142c9d106296555e260b9aacfd8c1635de6085d8a4ae38937db2dfaf2d7a6
data2vec_base,dsuta,214,stage5ext_00858,02cb893287feb15b25162b42913f21d4cef7b8b96119618c39ad96f550afc59fc5cb33155d5a3142b86ea467935fa50993f69d0e0aebf5f8b22f2a05004d4165,Irish English,ireland,I had seen all that it would presently bring me.,I HAD SEEN ALL THAT IT WOULD PRESENTLY BRING ME,cad142c9d106296555e260b9aacfd8c1635de6085d8a4ae38937db2dfaf2d7a6
data2vec_base,dsuta,214,stage5ext_00859,02cb893287feb15b25162b42913f21d4cef7b8b96119618c39ad96f550afc59fc5cb33155d5a3142b86ea467935fa50993f69d0e0aebf5f8b22f2a05004d4165,Irish English,ireland,It was my fear of failure that first kept me from attempting the Master Work.,IT WAS MY FEAR OF FAILURE THAT FIRST KEPT ME FROM ATTEMPTING THE MASTER WORK,cad142c9d106296555e260b9aacfd8c1635de6085d8a4ae38937db2dfaf2d7a6
data2vec_base,dsuta,214,stage5ext_00860,02cb893287feb15b25162b42913f21d4cef7b8b96119618c39ad96f550afc59fc5cb33155d5a3142b86ea467935fa50993f69d0e0aebf5f8b22f2a05004d4165,Irish English,ireland,He saw the boy appear from the other side of the dunes.,HE SAW THE BOY APPEAR FROM THE OTHER SIDE OF THE DUNES,cad142c9d106296555e260b9aacfd8c1635de6085d8a4ae38937db2dfaf2d7a6
data2vec_base,dsuta,215,stage5ext_00861,02cb893287feb15b25162b42913f21d4cef7b8b96119618c39ad96f550afc59fc5cb33155d5a3142b86ea467935fa50993f69d0e0aebf5f8b22f2a05004d4165,Irish English,ireland,"I'm a desert woman, and I'm proud of that.",I'M A DESERT WOMAN AND I'M PROUD OF THAT,19a2dba104322420e4fcfcd5b3748c424478461fce91e653ba32149afe4bbdde
data2vec_base,dsuta,215,stage5ext_00862,02cb893287feb15b25162b42913f21d4cef7b8b96119618c39ad96f550afc59fc5cb33155d5a3142b86ea467935fa50993f69d0e0aebf5f8b22f2a05004d4165,Irish English,ireland,"It's the Emerald Tablet, said the Englishman, proud that he might teach something to the boy.",IT'S THE EMERALD TABLET SAID THE ENGLISHMAN PROUD THAT HE MIGHT TEACH SOMETHING TO THE BOY,19a2dba104322420e4fcfcd5b3748c424478461fce91e653ba32149afe4bbdde
data2vec_base,dsuta,215,stage5ext_00863,02cb893287feb15b25162b42913f21d4cef7b8b96119618c39ad96f550afc59fc5cb33155d5a3142b86ea467935fa50993f69d0e0aebf5f8b22f2a05004d4165,Irish English,ireland,"He stuck his hand into the pouch, and felt around for one of the stones.",HE STUCK HIS HAND IN THE POUCH AND FELT HER OUN FOR ONE OF THE STONES,19a2dba104322420e4fcfcd5b3748c424478461fce91e653ba32149afe4bbdde
data2vec_base,dsuta,215,stage5ext_00864,02cb893287feb15b25162b42913f21d4cef7b8b96119618c39ad96f550afc59fc5cb33155d5a3142b86ea467935fa50993f69d0e0aebf5f8b22f2a05004d4165,Irish English,ireland,"The heather was on fire, and you could see a thin blue smoke rising up slowly.",THE HEATHER WAS ON FIRE AND YOU COULD SEE A THIN BLUE SMOKE RISING UP SLOWLY,19a2dba104322420e4fcfcd5b3748c424478461fce91e653ba32149afe4bbdde
data2vec_base,dsuta,216,stage5ext_00865,02cb893287feb15b25162b42913f21d4cef7b8b96119618c39ad96f550afc59fc5cb33155d5a3142b86ea467935fa50993f69d0e0aebf5f8b22f2a05004d4165,Irish English,ireland,where the sand was more substantial.,WHERE THE SOUND WAS MORE SUBSTANTIAL,cc44f9e075a5724558924f6639b1a1cf6155bc95b73c8b1a26879aa978afb6ae
data2vec_base,dsuta,216,stage5ext_00866,02cb893287feb15b25162b42913f21d4cef7b8b96119618c39ad96f550afc59fc5cb33155d5a3142b86ea467935fa50993f69d0e0aebf5f8b22f2a05004d4165,Irish English,ireland,The three fell silent.,THE THREE FELL SILENT,cc44f9e075a5724558924f6639b1a1cf6155bc95b73c8b1a26879aa978afb6ae
data2vec_base,dsuta,216,stage5ext_00867,02cb893287feb15b25162b42913f21d4cef7b8b96119618c39ad96f550afc59fc5cb33155d5a3142b86ea467935fa50993f69d0e0aebf5f8b22f2a05004d4165,Irish English,ireland,But I didn’t think that it contained any living creature.,BUT I DIDN'T THINK THAT IT CONTAINED ANY LIVING CREATURE,cc44f9e075a5724558924f6639b1a1cf6155bc95b73c8b1a26879aa978afb6ae
data2vec_base,dsuta,216,stage5ext_00868,02cb893287feb15b25162b42913f21d4cef7b8b96119618c39ad96f550afc59fc5cb33155d5a3142b86ea467935fa50993f69d0e0aebf5f8b22f2a05004d4165,Irish English,ireland,He didn't want to cry with the other people there.,YOU DIDN'T WANT TO CRY WITH THE OTHER PEOPLE THERE,cc44f9e075a5724558924f6639b1a1cf6155bc95b73c8b1a26879aa978afb6ae
data2vec_base,dsuta,217,stage5ext_00869,02cb893287feb15b25162b42913f21d4cef7b8b96119618c39ad96f550afc59fc5cb33155d5a3142b86ea467935fa50993f69d0e0aebf5f8b22f2a05004d4165,Irish English,ireland,"About eleven, I walked back to my home in Maybury because nothing seemed to be happening.",ABOUT ELEVEN I WALKED BACK TO MY HOME IN MEYBURY BECAUSE NOTHING SEEMED TO BE HAPPENING,b56f2a571ab13d291bb9cb0afb89347335bf541e707ee30edbba5222c38a143d
data2vec_base,dsuta,217,stage5ext_00870,02cb893287feb15b25162b42913f21d4cef7b8b96119618c39ad96f550afc59fc5cb33155d5a3142b86ea467935fa50993f69d0e0aebf5f8b22f2a05004d4165,Irish English,ireland,That sobered him a little.,THAT SOBERED HIM A LITTLE,b56f2a571ab13d291bb9cb0afb89347335bf541e707ee30edbba5222c38a143d
data2vec_base,dsuta,217,stage5ext_00871,bd50f6c0e65e80961fb044a2591721940ca6cd6836496cde2353e06259e959af9c47fa4fb6d9fa8b16cc5285e232f3543059af36f41495c786198bdfd83d4b88,Irish English,ireland,Its county seat is Red Cloud.,ITS COUNTY SEAT IS RED CLOUD,b56f2a571ab13d291bb9cb0afb89347335bf541e707ee30edbba5222c38a143d
data2vec_base,dsuta,217,stage5ext_00872,bd50f6c0e65e80961fb044a2591721940ca6cd6836496cde2353e06259e959af9c47fa4fb6d9fa8b16cc5285e232f3543059af36f41495c786198bdfd83d4b88,Irish English,ireland,"After eighty-seven minutes of test football, Australia gained possession of the ball.",AFTER EIGHTY SEVEN MINUTES OF TEST FOOTBALL AUSTRALIA GAINED POSSESSION OF THE BALL,b56f2a571ab13d291bb9cb0afb89347335bf541e707ee30edbba5222c38a143d
data2vec_base,dsuta,218,stage5ext_00873,bd50f6c0e65e80961fb044a2591721940ca6cd6836496cde2353e06259e959af9c47fa4fb6d9fa8b16cc5285e232f3543059af36f41495c786198bdfd83d4b88,Irish English,ireland,The ability displayed by him in this led to his rapid advancement.,THE ABILITY DISPLAYED BY HIM IN THIS LED TO HIS RAPID ADVANCEMENT,98b6185ee474b21889646c8e18781b646c16a1a2c352598a5dab2aeaefd7b423
data2vec_base,dsuta,218,stage5ext_00874,bd50f6c0e65e80961fb044a2591721940ca6cd6836496cde2353e06259e959af9c47fa4fb6d9fa8b16cc5285e232f3543059af36f41495c786198bdfd83d4b88,Irish English,ireland,The building resembled a typical Kirkbride model.,THE BUILDING RESEMBLED A TYPICAL CART BRIDE MODEL,98b6185ee474b21889646c8e18781b646c16a1a2c352598a5dab2aeaefd7b423
data2vec_base,dsuta,218,stage5ext_00875,bd50f6c0e65e80961fb044a2591721940ca6cd6836496cde2353e06259e959af9c47fa4fb6d9fa8b16cc5285e232f3543059af36f41495c786198bdfd83d4b88,Irish English,ireland,"In engineering science and in other technical aspects, the term galling is widespread.",IN ENGINEERING SCIENCE AND IN OTHER TECHNICAL ASPECTS THE TERM GALLING IS WIDESPREAD,98b6185ee474b21889646c8e18781b646c16a1a2c352598a5dab2aeaefd7b423
data2vec_base,dsuta,218,stage5ext_00876,bd50f6c0e65e80961fb044a2591721940ca6cd6836496cde2353e06259e959af9c47fa4fb6d9fa8b16cc5285e232f3543059af36f41495c786198bdfd83d4b88,Irish English,ireland,Zinc is a necessary nutrient for optimal yeast health and performance.,ZINC IS A NECESSARY NUTRIANT FOR OPTIMO YEAST HEALTH AND PERFORMANCE,98b6185ee474b21889646c8e18781b646c16a1a2c352598a5dab2aeaefd7b423
data2vec_base,dsuta,219,stage5ext_00877,bd50f6c0e65e80961fb044a2591721940ca6cd6836496cde2353e06259e959af9c47fa4fb6d9fa8b16cc5285e232f3543059af36f41495c786198bdfd83d4b88,Irish English,ireland,Another common type of certification in modern society is product certification.,ANOTHER COMMON TYPE OF CERTIFICATION IN MODERN SOCIETY IS PRODUCT CERTIFICATION,ffc46cd726f733a4ba339e647768437fd076708455d91a82504c82172feaa119
data2vec_base,dsuta,219,stage5ext_00878,bd50f6c0e65e80961fb044a2591721940ca6cd6836496cde2353e06259e959af9c47fa4fb6d9fa8b16cc5285e232f3543059af36f41495c786198bdfd83d4b88,Irish English,ireland,Originally usage of the road was free of charge.,ORIGINALLY USAGE OF THE ROAD WAS FREE OF CHARGE,ffc46cd726f733a4ba339e647768437fd076708455d91a82504c82172feaa119
data2vec_base,dsuta,219,stage5ext_00879,bd50f6c0e65e80961fb044a2591721940ca6cd6836496cde2353e06259e959af9c47fa4fb6d9fa8b16cc5285e232f3543059af36f41495c786198bdfd83d4b88,Irish English,ireland,"In general, there are two types of scanner setups.",IN GENERAL THERE ARE TWO TYPES OF SCONOR SETEMS,ffc46cd726f733a4ba339e647768437fd076708455d91a82504c82172feaa119
data2vec_base,dsuta,219,stage5ext_00880,bd50f6c0e65e80961fb044a2591721940ca6cd6836496cde2353e06259e959af9c47fa4fb6d9fa8b16cc5285e232f3543059af36f41495c786198bdfd83d4b88,Irish English,ireland,The equivalent Ukrainian-language surname is Lytvyn.,THE EQUIVALENT UCRANEAN LANGUAGE SURNAM IS LUTHEN,ffc46cd726f733a4ba339e647768437fd076708455d91a82504c82172feaa119
data2vec_base,dsuta,220,stage5ext_00881,bd50f6c0e65e80961fb044a2591721940ca6cd6836496cde2353e06259e959af9c47fa4fb6d9fa8b16cc5285e232f3543059af36f41495c786198bdfd83d4b88,Irish English,ireland,The first settlers in Isipingo arrived before the beginning of Apartheid.,THE FIRST SETTLERS IN ICIPINGO ARRIVED BEFORE THE BEGINNING OF A PARTLITE,a91db45eda67191373bfa4c7f65e35b6936288c39ff5f8869a6005f2eec4369f
data2vec_base,dsuta,220,stage5ext_00882,bd50f6c0e65e80961fb044a2591721940ca6cd6836496cde2353e06259e959af9c47fa4fb6d9fa8b16cc5285e232f3543059af36f41495c786198bdfd83d4b88,Irish English,ireland,"There is an elaborate memorial to him in Saint Edward the Confessor Church, Romford.",THERE IS AN ELABORATE MEMORIAL TO HIM IN SAINT EDWARD THE CONFESSOR CHURCH ROMFORD,a91db45eda67191373bfa4c7f65e35b6936288c39ff5f8869a6005f2eec4369f
data2vec_base,dsuta,220,stage5ext_00883,bd50f6c0e65e80961fb044a2591721940ca6cd6836496cde2353e06259e959af9c47fa4fb6d9fa8b16cc5285e232f3543059af36f41495c786198bdfd83d4b88,Irish English,ireland,American public school system was introduced and general health and sanitation campaign was launched.,AMERICAN PUBLIC SCHOOL SYSTEM WAS INTRODUCED AND GENERAL HEALTH AND SANITATION CAMPAIGN WAS LAUNCHED,a91db45eda67191373bfa4c7f65e35b6936288c39ff5f8869a6005f2eec4369f
data2vec_base,dsuta,220,stage5ext_00884,bd50f6c0e65e80961fb044a2591721940ca6cd6836496cde2353e06259e959af9c47fa4fb6d9fa8b16cc5285e232f3543059af36f41495c786198bdfd83d4b88,Irish English,ireland,Mponela is primarily an agricultural town without touristic interest.,MOMPINELA IS PRIMARILY AN AGRICULTURAL TOWN WITHOUT TURISTIC INTEREST,a91db45eda67191373bfa4c7f65e35b6936288c39ff5f8869a6005f2eec4369f
data2vec_base,dsuta,221,stage5ext_00885,bd50f6c0e65e80961fb044a2591721940ca6cd6836496cde2353e06259e959af9c47fa4fb6d9fa8b16cc5285e232f3543059af36f41495c786198bdfd83d4b88,Irish English,ireland,The family lives in Suffolk.,THE FAMILY LIVES IN SUFFOLK,bbf3375f4b7a29b83d8e29f227f92beaadec10bd000d0ed0d8cd3179ad9d593b
data2vec_base,dsuta,221,stage5ext_00886,298c0f3d5e3352df02aa3a6a7a132199f93bdccf8457a134e6133cb2cf9bc435869f9e0ed6068a4152cdd933c02fc02573e8a2d6c12bcf52810d8ab52fd60a33,Irish English,ireland,A rag will soak up spilled water.,A RAG WILL SOAK UP SPILLED WATER,bbf3375f4b7a29b83d8e29f227f92beaadec10bd000d0ed0d8cd3179ad9d593b
data2vec_base,dsuta,221,stage5ext_00887,298c0f3d5e3352df02aa3a6a7a132199f93bdccf8457a134e6133cb2cf9bc435869f9e0ed6068a4152cdd933c02fc02573e8a2d6c12bcf52810d8ab52fd60a33,Irish English,ireland,What's it all about?,WHAT'S IT ALL ABOUT,bbf3375f4b7a29b83d8e29f227f92beaadec10bd000d0ed0d8cd3179ad9d593b
data2vec_base,dsuta,221,stage5ext_00888,298c0f3d5e3352df02aa3a6a7a132199f93bdccf8457a134e6133cb2cf9bc435869f9e0ed6068a4152cdd933c02fc02573e8a2d6c12bcf52810d8ab52fd60a33,Irish English,ireland,Little strokes fell great oaks.,LITTLE STROKES FEUL GREAT OAKS,bbf3375f4b7a29b83d8e29f227f92beaadec10bd000d0ed0d8cd3179ad9d593b
data2vec_base,dsuta,222,stage5ext_00889,298c0f3d5e3352df02aa3a6a7a132199f93bdccf8457a134e6133cb2cf9bc435869f9e0ed6068a4152cdd933c02fc02573e8a2d6c12bcf52810d8ab52fd60a33,Irish English,ireland,First impressions are the most lasting.,FIRST IMPRESSIONS ARE THE MOST LASTING,a1a45f5cfb0db490af4eb54960528921f52f7e2130ec33a71da02e63067eca34
data2vec_base,dsuta,222,stage5ext_00890,298c0f3d5e3352df02aa3a6a7a132199f93bdccf8457a134e6133cb2cf9bc435869f9e0ed6068a4152cdd933c02fc02573e8a2d6c12bcf52810d8ab52fd60a33,Irish English,ireland,So you are saying that overpopulation will become an issue?,SO YOU ARE SAYING THAT OVERPOPULATION WILL BECOME AN ISSUE,a1a45f5cfb0db490af4eb54960528921f52f7e2130ec33a71da02e63067eca34
data2vec_base,dsuta,222,stage5ext_00891,298c0f3d5e3352df02aa3a6a7a132199f93bdccf8457a134e6133cb2cf9bc435869f9e0ed6068a4152cdd933c02fc02573e8a2d6c12bcf52810d8ab52fd60a33,Irish English,ireland,Stop beating around the bush.,STOP BEATING AROUND THE BUSH,a1a45f5cfb0db490af4eb54960528921f52f7e2130ec33a71da02e63067eca34
data2vec_base,dsuta,222,stage5ext_00892,298c0f3d5e3352df02aa3a6a7a132199f93bdccf8457a134e6133cb2cf9bc435869f9e0ed6068a4152cdd933c02fc02573e8a2d6c12bcf52810d8ab52fd60a33,Irish English,ireland,The cat sat on the fence.,THE CATS SAT ON THE FENCE,a1a45f5cfb0db490af4eb54960528921f52f7e2130ec33a71da02e63067eca34
data2vec_base,dsuta,223,stage5ext_00893,298c0f3d5e3352df02aa3a6a7a132199f93bdccf8457a134e6133cb2cf9bc435869f9e0ed6068a4152cdd933c02fc02573e8a2d6c12bcf52810d8ab52fd60a33,Irish English,ireland,That is unlikely considering it has his name on it.,THAT IS UNLIKELY CONSIDERING IT HAS HIS NAME ON IT,b5605fda50568eb63193936d7496ab363f4aa16a24d82932c0e0bca8584e3ebc
data2vec_base,dsuta,223,stage5ext_00894,298c0f3d5e3352df02aa3a6a7a132199f93bdccf8457a134e6133cb2cf9bc435869f9e0ed6068a4152cdd933c02fc02573e8a2d6c12bcf52810d8ab52fd60a33,Irish English,ireland,Loop the braid to the left and then over.,LOOP THE BRAID TO THE LEFT AND THEN OVER,b5605fda50568eb63193936d7496ab363f4aa16a24d82932c0e0bca8584e3ebc
data2vec_base,dsuta,223,stage5ext_00895,298c0f3d5e3352df02aa3a6a7a132199f93bdccf8457a134e6133cb2cf9bc435869f9e0ed6068a4152cdd933c02fc02573e8a2d6c12bcf52810d8ab52fd60a33,Irish English,ireland,Tranquillity is the first duty of citizens,TRANQUILLITY IS THE FIRST DUTY OF CITIZENS,b5605fda50568eb63193936d7496ab363f4aa16a24d82932c0e0bca8584e3ebc
data2vec_base,dsuta,223,stage5ext_00896,298c0f3d5e3352df02aa3a6a7a132199f93bdccf8457a134e6133cb2cf9bc435869f9e0ed6068a4152cdd933c02fc02573e8a2d6c12bcf52810d8ab52fd60a33,Irish English,ireland,"Forget it, there is no such thing.",FORGET IT THERE IS NO SUCH THING,b5605fda50568eb63193936d7496ab363f4aa16a24d82932c0e0bca8584e3ebc
data2vec_base,dsuta,224,stage5ext_00897,298c0f3d5e3352df02aa3a6a7a132199f93bdccf8457a134e6133cb2cf9bc435869f9e0ed6068a4152cdd933c02fc02573e8a2d6c12bcf52810d8ab52fd60a33,Irish English,ireland,The wreck occurred by the bank on Main Street.,THE WRECK OCCURRED BY THE BANK ON MAIN STREET,f1fb006be19cd192f07d2f8c20661bb9596bad6ae133c0afe89cb77005e15e0b
data2vec_base,dsuta,224,stage5ext_00898,298c0f3d5e3352df02aa3a6a7a132199f93bdccf8457a134e6133cb2cf9bc435869f9e0ed6068a4152cdd933c02fc02573e8a2d6c12bcf52810d8ab52fd60a33,Irish English,ireland,It dribbled down the fridge.,IT DRIPPLED DOWN THE FRIDGE,f1fb006be19cd192f07d2f8c20661bb9596bad6ae133c0afe89cb77005e15e0b
data2vec_base,dsuta,224,stage5ext_00899,298c0f3d5e3352df02aa3a6a7a132199f93bdccf8457a134e6133cb2cf9bc435869f9e0ed6068a4152cdd933c02fc02573e8a2d6c12bcf52810d8ab52fd60a33,Irish English,ireland,Variations on a musical air With great rapidity,VARIATIONS IN A MUSICAL AIR WITH GREAT RAPIDITY,f1fb006be19cd192f07d2f8c20661bb9596bad6ae133c0afe89cb77005e15e0b
data2vec_base,dsuta,224,stage5ext_00900,298c0f3d5e3352df02aa3a6a7a132199f93bdccf8457a134e6133cb2cf9bc435869f9e0ed6068a4152cdd933c02fc02573e8a2d6c12bcf52810d8ab52fd60a33,Irish English,ireland,He could not help it.,HE COULD NOT HELP IT,f1fb006be19cd192f07d2f8c20661bb9596bad6ae133c0afe89cb77005e15e0b
