model_key,method,window_id,recording_id,speaker_id,group_id,stratum_code,reference_raw,hypothesis_raw,theta_hash
data2vec_base,suta,0,stage5ext_00001,c90b53f826ff81831f6499b9e1e98607e8b2c0f8bbaf8be1bf62bf27dc7ff887bd734b9a4cee852af2d1acda3e479781d7c5a8b1633407b705905c4b5049cb35,US English,us,I got drunk yesterday and thought I built a super computer.,I GOT DRUNK YESTERDAY AND THOUGHT I BUILT A SUPER COMPUTER,ff0b6510020137db91c4e8d79c00aa158b5cda55bab58c4e06c34765b5c633f1
data2vec_base,suta,0,stage5ext_00002,c90b53f826ff81831f6499b9e1e98607e8b2c0f8bbaf8be1bf62bf27dc7ff887bd734b9a4cee852af2d1acda3e479781d7c5a8b1633407b705905c4b5049cb35,US English,us,"Every file had the letter ""A"" printed on the front.",EVERY FILE HAD THE LETTER A PRINTED IN THE FRONT,ff0b6510020137db91c4e8d79c00aa158b5cda55bab58c4e06c34765b5c633f1
data2vec_base,suta,0,stage5ext_00003,c90b53f826ff81831f6499b9e1e98607e8b2c0f8bbaf8be1bf62bf27dc7ff887bd734b9a4cee852af2d1acda3e479781d7c5a8b1633407b705905c4b5049cb35,US English,us,I'm not familiar with the books this author wrote.,I'M NOT FAMILIAR WITH THE BOOKS THIS AUTHOR WROTE,ff0b6510020137db91c4e8d79c00aa158b5cda55bab58c4e06c34765b5c633f1
data2vec_base,suta,0,stage5ext_00004,c90b53f826ff81831f6499b9e1e98607e8b2c0f8bbaf8be1bf62bf27dc7ff887bd734b9a4cee852af2d1acda3e479781d7c5a8b1633407b705905c4b5049cb35,US English,us,Take a couple of seconds.,TAKE A COUPLE OF SECONDS,ff0b6510020137db91c4e8d79c00aa158b5cda55bab58c4e06c34765b5c633f1
data2vec_base,suta,1,stage5ext_00005,c90b53f826ff81831f6499b9e1e98607e8b2c0f8bbaf8be1bf62bf27dc7ff887bd734b9a4cee852af2d1acda3e479781d7c5a8b1633407b705905c4b5049cb35,US English,us,But I sort of like him.,BUT I SORT OF LIKE HIM,91774e175b99ebd2d42fc24d8a938e7eedaee4f3708ed639dd797d3b73cd8a3f
data2vec_base,suta,1,stage5ext_00006,c90b53f826ff81831f6499b9e1e98607e8b2c0f8bbaf8be1bf62bf27dc7ff887bd734b9a4cee852af2d1acda3e479781d7c5a8b1633407b705905c4b5049cb35,US English,us,I'll be a monkey's uncle!,I'LL BE A MONKEY'S UNCLE,91774e175b99ebd2d42fc24d8a938e7eedaee4f3708ed639dd797d3b73cd8a3f
data2vec_base,suta,1,stage5ext_00007,c90b53f826ff81831f6499b9e1e98607e8b2c0f8bbaf8be1bf62bf27dc7ff887bd734b9a4cee852af2d1acda3e479781d7c5a8b1633407b705905c4b5049cb35,US English,us,Is it for further automatic processing?,IS IT FOR FOZE AUTOMATIC PROCESSING,91774e175b99ebd2d42fc24d8a938e7eedaee4f3708ed639dd797d3b73cd8a3f
data2vec_base,suta,1,stage5ext_00008,c90b53f826ff81831f6499b9e1e98607e8b2c0f8bbaf8be1bf62bf27dc7ff887bd734b9a4cee852af2d1acda3e479781d7c5a8b1633407b705905c4b5049cb35,US English,us,I don't like coconuts.,I DON'T LIKE CHALGENATS,91774e175b99ebd2d42fc24d8a938e7eedaee4f3708ed639dd797d3b73cd8a3f
data2vec_base,suta,2,stage5ext_00009,c90b53f826ff81831f6499b9e1e98607e8b2c0f8bbaf8be1bf62bf27dc7ff887bd734b9a4cee852af2d1acda3e479781d7c5a8b1633407b705905c4b5049cb35,US English,us,He hunched his back and plodded through the heavy rain.,HE HUNCHED HIS BACK AND PLOTTED THROUGH THE HEAVY RAIN,bfd593e13faafecb2999147fa2de451deb0ad66169a17ed2801d75f022d8a747
data2vec_base,suta,2,stage5ext_00010,c90b53f826ff81831f6499b9e1e98607e8b2c0f8bbaf8be1bf62bf27dc7ff887bd734b9a4cee852af2d1acda3e479781d7c5a8b1633407b705905c4b5049cb35,US English,us,Are you running a business or a charity ward?,ARE YOU RUNNING A BUSINESS OR A CHARITY WARD,bfd593e13faafecb2999147fa2de451deb0ad66169a17ed2801d75f022d8a747
data2vec_base,suta,2,stage5ext_00011,c90b53f826ff81831f6499b9e1e98607e8b2c0f8bbaf8be1bf62bf27dc7ff887bd734b9a4cee852af2d1acda3e479781d7c5a8b1633407b705905c4b5049cb35,US English,us,There were lights in the upper windows of the houses when the people went to bed.,THERE WERE LIGHTS IN THE UPPER WINDOWS OF THE HOUSES WHEN THE PEOPLE WENT TO BED,bfd593e13faafecb2999147fa2de451deb0ad66169a17ed2801d75f022d8a747
data2vec_base,suta,2,stage5ext_00012,c90b53f826ff81831f6499b9e1e98607e8b2c0f8bbaf8be1bf62bf27dc7ff887bd734b9a4cee852af2d1acda3e479781d7c5a8b1633407b705905c4b5049cb35,US English,us,On warm days and when doing sports you should drink more.,ON WARM DAYS AND WHEN DUIN SPORTS YOU SHOULD DRINK MORE,bfd593e13faafecb2999147fa2de451deb0ad66169a17ed2801d75f022d8a747
data2vec_base,suta,3,stage5ext_00013,c90b53f826ff81831f6499b9e1e98607e8b2c0f8bbaf8be1bf62bf27dc7ff887bd734b9a4cee852af2d1acda3e479781d7c5a8b1633407b705905c4b5049cb35,US English,us,"At once, he connected the two incidents.",AT ONCE HE CONNECTED THE TWO INCIDENTS,e53f7f9492287b1bffc80756d5e6d1761791d9df50d2dcaa3d6db8b408a46995
data2vec_base,suta,3,stage5ext_00014,c90b53f826ff81831f6499b9e1e98607e8b2c0f8bbaf8be1bf62bf27dc7ff887bd734b9a4cee852af2d1acda3e479781d7c5a8b1633407b705905c4b5049cb35,US English,us,A pox upon me for a clumsy thing.,A PUX UPON ME FOR A CLUMSY THING,e53f7f9492287b1bffc80756d5e6d1761791d9df50d2dcaa3d6db8b408a46995
data2vec_base,suta,3,stage5ext_00015,c90b53f826ff81831f6499b9e1e98607e8b2c0f8bbaf8be1bf62bf27dc7ff887bd734b9a4cee852af2d1acda3e479781d7c5a8b1633407b705905c4b5049cb35,US English,us,Are you sure that Joe case is going on next week?,ARE YOU SURE THAT JOE CASE IS GOING ON NEXT WEEK,e53f7f9492287b1bffc80756d5e6d1761791d9df50d2dcaa3d6db8b408a46995
data2vec_base,suta,3,stage5ext_00016,57d6c1695947f141cd774bb8c8435e7e20bc7b2a83cd78ef5db4e546fb137b56b44617942cb1a58e017af6161f63d53cdf17fa4f9dcb830bfc0518e94b214837,US English,us,"When you're at a party and somebody says ""banana bread"", a sniper might be near you.",WHEN YOU ARE AT A PARTY AND SOMEBODY SAYS BNONA BRED SNIPER MIGHT BE NEAR YOU,e53f7f9492287b1bffc80756d5e6d1761791d9df50d2dcaa3d6db8b408a46995
data2vec_base,suta,4,stage5ext_00017,57d6c1695947f141cd774bb8c8435e7e20bc7b2a83cd78ef5db4e546fb137b56b44617942cb1a58e017af6161f63d53cdf17fa4f9dcb830bfc0518e94b214837,US English,us,"It was not clear who had the right of way, since the traffic lights were off.",IT WAS NOT CLEAR WHO HAD THE RIGHT OF WAY SINCE THE TRAFFIC LIGHTS WERE OFF,360dfaf03aa52c9d6e251fa3085c1b4f4b886d0f93123abee2e96688e00b121e
data2vec_base,suta,4,stage5ext_00018,57d6c1695947f141cd774bb8c8435e7e20bc7b2a83cd78ef5db4e546fb137b56b44617942cb1a58e017af6161f63d53cdf17fa4f9dcb830bfc0518e94b214837,US English,us,What did you do it for?,WHAT DID YOU DO IT FOR,360dfaf03aa52c9d6e251fa3085c1b4f4b886d0f93123abee2e96688e00b121e
data2vec_base,suta,4,stage5ext_00019,57d6c1695947f141cd774bb8c8435e7e20bc7b2a83cd78ef5db4e546fb137b56b44617942cb1a58e017af6161f63d53cdf17fa4f9dcb830bfc0518e94b214837,US English,us,"James Watt didn't invent the steam engine, but he improved it significantly.",HARMAS WOT NEIDN'T INRUN THE STEAM ENJINE BUT HE IMPROVED IT SIGNIFICANTLY,360dfaf03aa52c9d6e251fa3085c1b4f4b886d0f93123abee2e96688e00b121e
data2vec_base,suta,4,stage5ext_00020,57d6c1695947f141cd774bb8c8435e7e20bc7b2a83cd78ef5db4e546fb137b56b44617942cb1a58e017af6161f63d53cdf17fa4f9dcb830bfc0518e94b214837,US English,us,"When he got the call, Ali ran out of the store, down the street, and into the car.",WHEN HE GOT THE CALL ALLY RAN OUT OF THE STORE DOWN THE STREET AND INTO THE CAR,360dfaf03aa52c9d6e251fa3085c1b4f4b886d0f93123abee2e96688e00b121e
data2vec_base,suta,5,stage5ext_00021,57d6c1695947f141cd774bb8c8435e7e20bc7b2a83cd78ef5db4e546fb137b56b44617942cb1a58e017af6161f63d53cdf17fa4f9dcb830bfc0518e94b214837,US English,us,What has become of him?,WHAT HAS BECOME OF HIM,b3fa22c02a5d5764e932c6951c00d36c59041bc07267d60308625a100f0a1f5b
data2vec_base,suta,5,stage5ext_00022,57d6c1695947f141cd774bb8c8435e7e20bc7b2a83cd78ef5db4e546fb137b56b44617942cb1a58e017af6161f63d53cdf17fa4f9dcb830bfc0518e94b214837,US English,us,"After the dance, they went straight home.",AFTER THE DANCE THE VEN TRATO,b3fa22c02a5d5764e932c6951c00d36c59041bc07267d60308625a100f0a1f5b
data2vec_base,suta,5,stage5ext_00023,57d6c1695947f141cd774bb8c8435e7e20bc7b2a83cd78ef5db4e546fb137b56b44617942cb1a58e017af6161f63d53cdf17fa4f9dcb830bfc0518e94b214837,US English,us,"Jellyfish can cause serious injuries, the physician explained to the patient.",JE AND FISTAN CASED SERIOUS INJURIES THE PHYSICIAN EXPLAINED TO THE PATIENT,b3fa22c02a5d5764e932c6951c00d36c59041bc07267d60308625a100f0a1f5b
data2vec_base,suta,5,stage5ext_00024,57d6c1695947f141cd774bb8c8435e7e20bc7b2a83cd78ef5db4e546fb137b56b44617942cb1a58e017af6161f63d53cdf17fa4f9dcb830bfc0518e94b214837,US English,us,"Writing, the best memory.",WRITING THE BEST MEMORY,b3fa22c02a5d5764e932c6951c00d36c59041bc07267d60308625a100f0a1f5b
data2vec_base,suta,6,stage5ext_00025,57d6c1695947f141cd774bb8c8435e7e20bc7b2a83cd78ef5db4e546fb137b56b44617942cb1a58e017af6161f63d53cdf17fa4f9dcb830bfc0518e94b214837,US English,us,What does she say?,WHAT DOES SHE SAY,976682d6b63134e31c470a724bfc955886df51564b360bc7bd59f714f9211a63
data2vec_base,suta,6,stage5ext_00026,57d6c1695947f141cd774bb8c8435e7e20bc7b2a83cd78ef5db4e546fb137b56b44617942cb1a58e017af6161f63d53cdf17fa4f9dcb830bfc0518e94b214837,US English,us,What do you want of me?,WHAT DO YOU WANT OF ME,976682d6b63134e31c470a724bfc955886df51564b360bc7bd59f714f9211a63
data2vec_base,suta,6,stage5ext_00027,57d6c1695947f141cd774bb8c8435e7e20bc7b2a83cd78ef5db4e546fb137b56b44617942cb1a58e017af6161f63d53cdf17fa4f9dcb830bfc0518e94b214837,US English,us,Why do people even eat peanut butter and jelly?,WHY DO PEOPLE EVEN EAT PEANUT BUTTER AND JELLY,976682d6b63134e31c470a724bfc955886df51564b360bc7bd59f714f9211a63
data2vec_base,suta,6,stage5ext_00028,57d6c1695947f141cd774bb8c8435e7e20bc7b2a83cd78ef5db4e546fb137b56b44617942cb1a58e017af6161f63d53cdf17fa4f9dcb830bfc0518e94b214837,US English,us,But what can I do?,BUT WHAT CAN I DO,976682d6b63134e31c470a724bfc955886df51564b360bc7bd59f714f9211a63
data2vec_base,suta,7,stage5ext_00029,57d6c1695947f141cd774bb8c8435e7e20bc7b2a83cd78ef5db4e546fb137b56b44617942cb1a58e017af6161f63d53cdf17fa4f9dcb830bfc0518e94b214837,US English,us,What is the meaning of this?,WHAT IS THE MEANING OF THIS,4df3a480bbac55cd593513ca7e399a24ea720542d17cb21e306c4380cfd3f776
data2vec_base,suta,7,stage5ext_00030,57d6c1695947f141cd774bb8c8435e7e20bc7b2a83cd78ef5db4e546fb137b56b44617942cb1a58e017af6161f63d53cdf17fa4f9dcb830bfc0518e94b214837,US English,us,What does he look like?,WHAT DOES HE LOOK LIKE,4df3a480bbac55cd593513ca7e399a24ea720542d17cb21e306c4380cfd3f776
data2vec_base,suta,7,stage5ext_00031,d477a12247cce9a9c0954e6ee3ae16aed2930112fa26700f19af15658b5c71e2dc818d72e0034c8181da642cabf8f6c15f4d900b88bcab83d583944934f4c237,US English,us,Albert's rule was characterised by dissent.,ALBERT RULE WAS CHARACTERIZED BY DESCENT,4df3a480bbac55cd593513ca7e399a24ea720542d17cb21e306c4380cfd3f776
data2vec_base,suta,7,stage5ext_00032,d477a12247cce9a9c0954e6ee3ae16aed2930112fa26700f19af15658b5c71e2dc818d72e0034c8181da642cabf8f6c15f4d900b88bcab83d583944934f4c237,US English,us,Because of Jesus' command to his disciples to Do this in remembrance of me.,BECAUSE OF JESUSS COMMAND TO HIS DISCIPLES TO DO THIS IN REMEMBRANCE OF ME,4df3a480bbac55cd593513ca7e399a24ea720542d17cb21e306c4380cfd3f776
data2vec_base,suta,8,stage5ext_00033,d477a12247cce9a9c0954e6ee3ae16aed2930112fa26700f19af15658b5c71e2dc818d72e0034c8181da642cabf8f6c15f4d900b88bcab83d583944934f4c237,US English,us,"Adkins contributed to numerous other fan publications, including ""Amra"", ""Vega"" and ""Xero"".",ADKINS CONTRIBUTED TO NUMEROUS OTHER FAN PUBLICATIONS INCLUDING AMORA VEGA AND ZERO,830936e53f5ee0aa249e7f1cf0adbfbdae09de7daca9bc125495bbceb4fc945f
data2vec_base,suta,8,stage5ext_00034,d477a12247cce9a9c0954e6ee3ae16aed2930112fa26700f19af15658b5c71e2dc818d72e0034c8181da642cabf8f6c15f4d900b88bcab83d583944934f4c237,US English,us,The film image at this section of the newsreel is that of Hitler.,THE FILM IMAGE AT THIS SECTION OF THE NEWSREEL IS THAT OF HITLER,830936e53f5ee0aa249e7f1cf0adbfbdae09de7daca9bc125495bbceb4fc945f
data2vec_base,suta,8,stage5ext_00035,d477a12247cce9a9c0954e6ee3ae16aed2930112fa26700f19af15658b5c71e2dc818d72e0034c8181da642cabf8f6c15f4d900b88bcab83d583944934f4c237,US English,us,One of the company's early cars was the Pittsburgher.,ONE OF THE COMPANY'S EARLY CARS WAS THE PITTSBURGER,830936e53f5ee0aa249e7f1cf0adbfbdae09de7daca9bc125495bbceb4fc945f
data2vec_base,suta,8,stage5ext_00036,d477a12247cce9a9c0954e6ee3ae16aed2930112fa26700f19af15658b5c71e2dc818d72e0034c8181da642cabf8f6c15f4d900b88bcab83d583944934f4c237,US English,us,"Compare also Philo, Leg.",COMPARE AL SO PHILO LEG,830936e53f5ee0aa249e7f1cf0adbfbdae09de7daca9bc125495bbceb4fc945f
data2vec_base,suta,9,stage5ext_00037,d477a12247cce9a9c0954e6ee3ae16aed2930112fa26700f19af15658b5c71e2dc818d72e0034c8181da642cabf8f6c15f4d900b88bcab83d583944934f4c237,US English,us,"Sir Charles Beaumont Phipps and his third, Edmund Phipps, a lawyer and author.",SIR CHARLES BEAUMONT PHIPPS AND HIS THIRD EDMUND PHIPPS A LAWYER AND AUTHOR,8f7c8673ffa2b5a53f85bdbf081442c3f647253427c13bbc91bb7c5f0af59d60
data2vec_base,suta,9,stage5ext_00038,d477a12247cce9a9c0954e6ee3ae16aed2930112fa26700f19af15658b5c71e2dc818d72e0034c8181da642cabf8f6c15f4d900b88bcab83d583944934f4c237,US English,us,Just behind the church is the old bridge.,JUST BEHIND THE CHURCH IS THE OLD BRIDGE,8f7c8673ffa2b5a53f85bdbf081442c3f647253427c13bbc91bb7c5f0af59d60
data2vec_base,suta,9,stage5ext_00039,d477a12247cce9a9c0954e6ee3ae16aed2930112fa26700f19af15658b5c71e2dc818d72e0034c8181da642cabf8f6c15f4d900b88bcab83d583944934f4c237,US English,us,This feature forces parasitologists to use advanced biostatistical methodologies.,THIS FEATURE FORCES PARASITEOLOGISTS TO USE ADVANCED BIOSTATISTICAL METHODOLOGIES,8f7c8673ffa2b5a53f85bdbf081442c3f647253427c13bbc91bb7c5f0af59d60
data2vec_base,suta,9,stage5ext_00040,d477a12247cce9a9c0954e6ee3ae16aed2930112fa26700f19af15658b5c71e2dc818d72e0034c8181da642cabf8f6c15f4d900b88bcab83d583944934f4c237,US English,us,Dairy farming is an important industry in the area.,DAIRY FARMING IS AN IMPORTANT INDUSTRY IN THE AREA,8f7c8673ffa2b5a53f85bdbf081442c3f647253427c13bbc91bb7c5f0af59d60
data2vec_base,suta,10,stage5ext_00041,d477a12247cce9a9c0954e6ee3ae16aed2930112fa26700f19af15658b5c71e2dc818d72e0034c8181da642cabf8f6c15f4d900b88bcab83d583944934f4c237,US English,us,Sagan's number is the number of stars in the observable universe.,SAGON'S NUMBER IS THE NUMBER OF STARS IN THE OBSERVABLE UNIVERSE,6557515f830ea54776de9e0a50e8c288eec050a1faeabca9771f6b77764826b2
data2vec_base,suta,10,stage5ext_00042,d477a12247cce9a9c0954e6ee3ae16aed2930112fa26700f19af15658b5c71e2dc818d72e0034c8181da642cabf8f6c15f4d900b88bcab83d583944934f4c237,US English,us,He went to Providence Elementary and Webster County High School.,HE WENT TO PROVIDENCE ELEMENTARY AT WEBSTER COUNTY HIGH SCHOOL,6557515f830ea54776de9e0a50e8c288eec050a1faeabca9771f6b77764826b2
data2vec_base,suta,10,stage5ext_00043,d477a12247cce9a9c0954e6ee3ae16aed2930112fa26700f19af15658b5c71e2dc818d72e0034c8181da642cabf8f6c15f4d900b88bcab83d583944934f4c237,US English,us,Doctor Rodd received her Ph.D. in Biology from York University in Toronto.,DOCTOR RODD RECEIVED HER P H D IN BIOLOGY FROM YORK UNIVERSITY IN TORONTO,6557515f830ea54776de9e0a50e8c288eec050a1faeabca9771f6b77764826b2
data2vec_base,suta,10,stage5ext_00044,d477a12247cce9a9c0954e6ee3ae16aed2930112fa26700f19af15658b5c71e2dc818d72e0034c8181da642cabf8f6c15f4d900b88bcab83d583944934f4c237,US English,us,One of the largest was Starodubaka.,ONE OF THE LARGEST WAS STARO DUBACA,6557515f830ea54776de9e0a50e8c288eec050a1faeabca9771f6b77764826b2
data2vec_base,suta,11,stage5ext_00045,d477a12247cce9a9c0954e6ee3ae16aed2930112fa26700f19af15658b5c71e2dc818d72e0034c8181da642cabf8f6c15f4d900b88bcab83d583944934f4c237,US English,us,It is based on the concept of 'equivalence'.,IT IS BASED ON THE CONCEPT OF EQUIVALENTS,fa78142d18718219d033003e95e0822de86effe4d7e19a6108fb3e16012b6342
data2vec_base,suta,11,stage5ext_00046,afd10118899991b7e4af3edddf0c749daf768b6669e68c04c2827d572d39771015c17ec7fd8143657ba077a731375c6fa34f2012588f8cb1b78d923a01178ac7,US English,us,"Excerpts were also printed in the ""Wall Street Journal"".",ATTEP TH OFTERIN THE FAMILIARTY THEN,fa78142d18718219d033003e95e0822de86effe4d7e19a6108fb3e16012b6342
data2vec_base,suta,11,stage5ext_00047,afd10118899991b7e4af3edddf0c749daf768b6669e68c04c2827d572d39771015c17ec7fd8143657ba077a731375c6fa34f2012588f8cb1b78d923a01178ac7,US English,us,She also sits on the Board of Directors for the Canada West Foundation.,THE ALTITICEM OF THOTOO FI EE CANNEVER E ANIEN,fa78142d18718219d033003e95e0822de86effe4d7e19a6108fb3e16012b6342
data2vec_base,suta,11,stage5ext_00048,afd10118899991b7e4af3edddf0c749daf768b6669e68c04c2827d572d39771015c17ec7fd8143657ba077a731375c6fa34f2012588f8cb1b78d923a01178ac7,US English,us,"Like other opioid drugs, pethidine has the potential to cause physical dependence or addiction.",LIKE OTHER OBIAR DLUB LIK DYIN HAD THE PECANT OF THE CAUSE PYSICO TEPONING PLAED OF HIM,fa78142d18718219d033003e95e0822de86effe4d7e19a6108fb3e16012b6342
data2vec_base,suta,12,stage5ext_00049,afd10118899991b7e4af3edddf0c749daf768b6669e68c04c2827d572d39771015c17ec7fd8143657ba077a731375c6fa34f2012588f8cb1b78d923a01178ac7,US English,us,"He was interested in sciences, and had a sizable library.",E TINS O  AR THERTIN,9ec685a3b4b5bf7342aaaaac61fef81d22ebd6f6cdc641863c3910a7231a6441
data2vec_base,suta,12,stage5ext_00050,afd10118899991b7e4af3edddf0c749daf768b6669e68c04c2827d572d39771015c17ec7fd8143657ba077a731375c6fa34f2012588f8cb1b78d923a01178ac7,US English,us,The addition would become known on-air as Television Park.,THE ADITION WOULD BECOME KNOWN ON AIR AS TELAVISION PARK,9ec685a3b4b5bf7342aaaaac61fef81d22ebd6f6cdc641863c3910a7231a6441
data2vec_base,suta,12,stage5ext_00051,afd10118899991b7e4af3edddf0c749daf768b6669e68c04c2827d572d39771015c17ec7fd8143657ba077a731375c6fa34f2012588f8cb1b78d923a01178ac7,US English,us,"However, molecular studies separate ""Gromia"" from the others, which must therefore be renamed.",HOWEVER MOLECULANT THAT ACCEPTED ROMEA FROM THE OTHERS IT MUST BERTER BE ENAME,9ec685a3b4b5bf7342aaaaac61fef81d22ebd6f6cdc641863c3910a7231a6441
data2vec_base,suta,12,stage5ext_00052,afd10118899991b7e4af3edddf0c749daf768b6669e68c04c2827d572d39771015c17ec7fd8143657ba077a731375c6fa34f2012588f8cb1b78d923a01178ac7,US English,us,It was named for the Dakota people.,IT WAS NAMED FOR THE DAKOTA PEOPLE,9ec685a3b4b5bf7342aaaaac61fef81d22ebd6f6cdc641863c3910a7231a6441
data2vec_base,suta,13,stage5ext_00053,afd10118899991b7e4af3edddf0c749daf768b6669e68c04c2827d572d39771015c17ec7fd8143657ba077a731375c6fa34f2012588f8cb1b78d923a01178ac7,US English,us,"The song is featured on the live album ""Live Killers"".",THE SONG IS FEATURED ON THE LIVE ALBUM LIVE KILLERS,fb4cdd897682b089185fd23eed3991556e4322576e271828be83067b0e247169
data2vec_base,suta,13,stage5ext_00054,afd10118899991b7e4af3edddf0c749daf768b6669e68c04c2827d572d39771015c17ec7fd8143657ba077a731375c6fa34f2012588f8cb1b78d923a01178ac7,US English,us,"On some folios, the differing colors of ink are arranged to form geometric patterns.",ON SOME FOLIOS THE DIFFERING COLORS OF INK ARE ARRANGED TO FORM GEOMETRIC PATTERNS,fb4cdd897682b089185fd23eed3991556e4322576e271828be83067b0e247169
data2vec_base,suta,13,stage5ext_00055,afd10118899991b7e4af3edddf0c749daf768b6669e68c04c2827d572d39771015c17ec7fd8143657ba077a731375c6fa34f2012588f8cb1b78d923a01178ac7,US English,us,This handy percussion instrument is very similar to the pan-Indian damaru.,THIS HANDY PERCUSSION INSTRUMENT IS VERY SIMILAR TO THE PAN INDIAN DAMAROO,fb4cdd897682b089185fd23eed3991556e4322576e271828be83067b0e247169
data2vec_base,suta,13,stage5ext_00056,afd10118899991b7e4af3edddf0c749daf768b6669e68c04c2827d572d39771015c17ec7fd8143657ba077a731375c6fa34f2012588f8cb1b78d923a01178ac7,US English,us,The Louisville Cardinal serves as an outlet and learning experience for aspiring journalists.,TELO CARDINOL TELL HIM OI AN MON THING AT FI DONI,fb4cdd897682b089185fd23eed3991556e4322576e271828be83067b0e247169
data2vec_base,suta,14,stage5ext_00057,afd10118899991b7e4af3edddf0c749daf768b6669e68c04c2827d572d39771015c17ec7fd8143657ba077a731375c6fa34f2012588f8cb1b78d923a01178ac7,US English,us,A distinctive feature of the system was support for Coaching.,IT IS ENDIFEENT TO ADVECATE THEM TE WORT ICA,8faf57067c8f3f3d01e5b7b46fa5fdd44f4c3f2f307ece14141f8ef9bf311173
data2vec_base,suta,14,stage5ext_00058,afd10118899991b7e4af3edddf0c749daf768b6669e68c04c2827d572d39771015c17ec7fd8143657ba077a731375c6fa34f2012588f8cb1b78d923a01178ac7,US English,us,There was no heroism and no villainy.,THEREAS NO GO OF HEM IN THE LIN,8faf57067c8f3f3d01e5b7b46fa5fdd44f4c3f2f307ece14141f8ef9bf311173
data2vec_base,suta,14,stage5ext_00059,afd10118899991b7e4af3edddf0c749daf768b6669e68c04c2827d572d39771015c17ec7fd8143657ba077a731375c6fa34f2012588f8cb1b78d923a01178ac7,US English,us,Ground was broken for Saint Ann's Church in New Galilee.,GROUND WAS BROKEN FOR SAINT ANN'S CHURCH IN NEW GALILEE,8faf57067c8f3f3d01e5b7b46fa5fdd44f4c3f2f307ece14141f8ef9bf311173
data2vec_base,suta,14,stage5ext_00060,afd10118899991b7e4af3edddf0c749daf768b6669e68c04c2827d572d39771015c17ec7fd8143657ba077a731375c6fa34f2012588f8cb1b78d923a01178ac7,US English,us,To the east is the statue of King Norodom sits on a white horse.,TO THE EAST IS THE STATUE OF KING NORIDOM SITS ON A WHITE HORSE,8faf57067c8f3f3d01e5b7b46fa5fdd44f4c3f2f307ece14141f8ef9bf311173
data2vec_base,suta,15,stage5ext_00061,264ab06df2796194c32a09afcb46bc2cbad9165d564f7d08af3b830436d4b292cec680793da0f1fea42128c902e8f92ba59717fcaa074c604a2bae440800743b,US English,us,There can also be underlying medical reasons for urinary incontinence which are often treatable.,THERE CAN ALSO BE UNDERLYING MEDICAL REASONS FOR EARNARY AND CONTINENCE WHICH ARE OFTEN TREATABLE,374b8de6beda0b89cc7b65349334b3e541c955360173b7ae7d4c5e4e91e3bbc6
data2vec_base,suta,15,stage5ext_00062,264ab06df2796194c32a09afcb46bc2cbad9165d564f7d08af3b830436d4b292cec680793da0f1fea42128c902e8f92ba59717fcaa074c604a2bae440800743b,US English,us,PubChem consists of three dynamically growing primary databases.,PUBKEM CONSISTS OF THREE DYNAMICALLY GROWING PRIMARY DATA BASES,374b8de6beda0b89cc7b65349334b3e541c955360173b7ae7d4c5e4e91e3bbc6
data2vec_base,suta,15,stage5ext_00063,264ab06df2796194c32a09afcb46bc2cbad9165d564f7d08af3b830436d4b292cec680793da0f1fea42128c902e8f92ba59717fcaa074c604a2bae440800743b,US English,us,"Europe, in particular ancient Greece, was the birthplace of Western civilization.",EUROPE IN PARTICULAR ANCIENT GREECE WAS THE BIRTHPLACE OF WESTERN CIVILIZATION,374b8de6beda0b89cc7b65349334b3e541c955360173b7ae7d4c5e4e91e3bbc6
data2vec_base,suta,15,stage5ext_00064,264ab06df2796194c32a09afcb46bc2cbad9165d564f7d08af3b830436d4b292cec680793da0f1fea42128c902e8f92ba59717fcaa074c604a2bae440800743b,US English,us,It originally went through unincorporated small comminities such as Leslie and Arat.,IT ORIGINALLY WENT THROUGH UNINCORPORATED SMALL COMMUNITIES SUCH AS LEDLEY AND ARRAT,374b8de6beda0b89cc7b65349334b3e541c955360173b7ae7d4c5e4e91e3bbc6
data2vec_base,suta,16,stage5ext_00065,264ab06df2796194c32a09afcb46bc2cbad9165d564f7d08af3b830436d4b292cec680793da0f1fea42128c902e8f92ba59717fcaa074c604a2bae440800743b,US English,us,A self-homeomorphism is a homeomorphism of a topological space and itself.,A SELF HOMEAMORPHISM IS A HOMEOMORPHISM OF A TOPOLOGICAL SPACE AND ITSELF,82e1b899dc64b03738bf65aad27673f5d48e85b337badf8d185a985bf845d493
data2vec_base,suta,16,stage5ext_00066,264ab06df2796194c32a09afcb46bc2cbad9165d564f7d08af3b830436d4b292cec680793da0f1fea42128c902e8f92ba59717fcaa074c604a2bae440800743b,US English,us,"Since that time, additional relationships have formed under the auspices of the town connection.",SINCE THAT TIME ADDITIONAL RELATIONSHIPS HAVE FORMED UNDER THE AUSPICES OF THE TOWN CONNECTION,82e1b899dc64b03738bf65aad27673f5d48e85b337badf8d185a985bf845d493
data2vec_base,suta,16,stage5ext_00067,264ab06df2796194c32a09afcb46bc2cbad9165d564f7d08af3b830436d4b292cec680793da0f1fea42128c902e8f92ba59717fcaa074c604a2bae440800743b,US English,us,Local humane societies across the nation resisted.,LOCAL HUMANE SOCIETIES ACROSS THE NATION RESISTED,82e1b899dc64b03738bf65aad27673f5d48e85b337badf8d185a985bf845d493
data2vec_base,suta,16,stage5ext_00068,264ab06df2796194c32a09afcb46bc2cbad9165d564f7d08af3b830436d4b292cec680793da0f1fea42128c902e8f92ba59717fcaa074c604a2bae440800743b,US English,us,"It specializes in care for stroke, cardiac and amputees patients needing rehabilitation needs.",IT SPECIALIZES IN CARE FOR STROKE CARDIAC AND AMBUTEES PATIENTS NEEDING REHABILITATION NEEDS,82e1b899dc64b03738bf65aad27673f5d48e85b337badf8d185a985bf845d493
data2vec_base,suta,17,stage5ext_00069,264ab06df2796194c32a09afcb46bc2cbad9165d564f7d08af3b830436d4b292cec680793da0f1fea42128c902e8f92ba59717fcaa074c604a2bae440800743b,US English,us,"“It’s extremely interesting,” Anne told Deborah.",IT'S EXTREMELY INTERESTING ANNE TOLD DEBORAH,8834fe039123c5f48f49ee36fcfe18d98514924b1cd0f97e68c6eec675e4d2fc
data2vec_base,suta,17,stage5ext_00070,264ab06df2796194c32a09afcb46bc2cbad9165d564f7d08af3b830436d4b292cec680793da0f1fea42128c902e8f92ba59717fcaa074c604a2bae440800743b,US English,us,Grangeville enjoys close access to scenic and wildlife areas.,GRANGEVILLE ENJOYS CLOSE ACCESS TO CENIC AND WILD LIFE AREAS,8834fe039123c5f48f49ee36fcfe18d98514924b1cd0f97e68c6eec675e4d2fc
data2vec_base,suta,17,stage5ext_00071,264ab06df2796194c32a09afcb46bc2cbad9165d564f7d08af3b830436d4b292cec680793da0f1fea42128c902e8f92ba59717fcaa074c604a2bae440800743b,US English,us,He discovered that this was not the case.,HE DISCOVERED THAT THIS WAS NOT THE CASE,8834fe039123c5f48f49ee36fcfe18d98514924b1cd0f97e68c6eec675e4d2fc
data2vec_base,suta,17,stage5ext_00072,264ab06df2796194c32a09afcb46bc2cbad9165d564f7d08af3b830436d4b292cec680793da0f1fea42128c902e8f92ba59717fcaa074c604a2bae440800743b,US English,us,There are four communities in Denmark with the same name.,THERE ARE FOUR COMMUNITIES IN DENMARK WITH THE SAME NAME,8834fe039123c5f48f49ee36fcfe18d98514924b1cd0f97e68c6eec675e4d2fc
data2vec_base,suta,18,stage5ext_00073,264ab06df2796194c32a09afcb46bc2cbad9165d564f7d08af3b830436d4b292cec680793da0f1fea42128c902e8f92ba59717fcaa074c604a2bae440800743b,US English,us,He plays all three outfield positions.,HE PLAYS ALL THREE OUTFIELD POSITIONS,563284aa7b8b4fca20e0a2b925e03767a963a7955a6de7687ed63dfaecddf18b
data2vec_base,suta,18,stage5ext_00074,264ab06df2796194c32a09afcb46bc2cbad9165d564f7d08af3b830436d4b292cec680793da0f1fea42128c902e8f92ba59717fcaa074c604a2bae440800743b,US English,us,But supplies are almost nonexistent at the Checkmate base.,BUT SUPPLIES ARE ALMOST NON EXISTENT AT THE CHECKMATE BASE,563284aa7b8b4fca20e0a2b925e03767a963a7955a6de7687ed63dfaecddf18b
data2vec_base,suta,18,stage5ext_00075,264ab06df2796194c32a09afcb46bc2cbad9165d564f7d08af3b830436d4b292cec680793da0f1fea42128c902e8f92ba59717fcaa074c604a2bae440800743b,US English,us,"The section ""Of the Executive Power"" declared the powers of the executive power.",THE SECTION OF THE EXECUTIVE POWER DECLARED THE POWERS OF THE EXECUTIVE POWER,563284aa7b8b4fca20e0a2b925e03767a963a7955a6de7687ed63dfaecddf18b
data2vec_base,suta,18,stage5ext_00076,77600d1ea840721bc62cd5a1444822538c380c4255c3bb966d35e4c71344e0691303c4add4223e9fe842b24d65e08ae2e99c956f4acb898bff34adad75171112,US English,us,It is exacerbating inequalities.,IT IS EXASCERATING INEQUALITIES,563284aa7b8b4fca20e0a2b925e03767a963a7955a6de7687ed63dfaecddf18b
data2vec_base,suta,19,stage5ext_00077,77600d1ea840721bc62cd5a1444822538c380c4255c3bb966d35e4c71344e0691303c4add4223e9fe842b24d65e08ae2e99c956f4acb898bff34adad75171112,US English,us,"Large numbers came from other countries of Latin America from Mexico to Uruguay, esp.",LARGE NUMBERS CAME FROM OTHER COUNTRIES OF LATIN AMERICA FROM MEXICO TO AREGUAY ESPOT,5d655d84d56e3d068faf2b5903c142143a0fcb68c72ad999a10a342e7d2c02dd
data2vec_base,suta,19,stage5ext_00078,77600d1ea840721bc62cd5a1444822538c380c4255c3bb966d35e4c71344e0691303c4add4223e9fe842b24d65e08ae2e99c956f4acb898bff34adad75171112,US English,us,A pond's condition deteriorates when the bottom environment cannot support animal life.,A PON'S CONDITION DETERIORATES WHEN THE BOTTOM ENVIRONMENT CANNOT SUPPORT ANIMAL LIFE,5d655d84d56e3d068faf2b5903c142143a0fcb68c72ad999a10a342e7d2c02dd
data2vec_base,suta,19,stage5ext_00079,77600d1ea840721bc62cd5a1444822538c380c4255c3bb966d35e4c71344e0691303c4add4223e9fe842b24d65e08ae2e99c956f4acb898bff34adad75171112,US English,us,The Chiemsee is located in the west of the district.,THE CHIUM SEA IS LOCATED IN THE WEST OF THE DISTRICT,5d655d84d56e3d068faf2b5903c142143a0fcb68c72ad999a10a342e7d2c02dd
data2vec_base,suta,19,stage5ext_00080,77600d1ea840721bc62cd5a1444822538c380c4255c3bb966d35e4c71344e0691303c4add4223e9fe842b24d65e08ae2e99c956f4acb898bff34adad75171112,US English,us,She was the daughter of Timothy and Ellen Noonan.,SHE WAS THE DAUGHTER OF TIMOTHY AND ELLEN NUNAN,5d655d84d56e3d068faf2b5903c142143a0fcb68c72ad999a10a342e7d2c02dd
data2vec_base,suta,20,stage5ext_00081,77600d1ea840721bc62cd5a1444822538c380c4255c3bb966d35e4c71344e0691303c4add4223e9fe842b24d65e08ae2e99c956f4acb898bff34adad75171112,US English,us,"Collingwood was born in Britain but grew up in Sellersville, Pennsylvania.",COLLINGWOOD WAS BORN IN BRITAIN WITH GREW UP IN CELLERSVILLE PENNSYLVANIA,14326addb15a3c7c2c93bd02767ca7cbcba9063be55860ef216e77aef264b19b
data2vec_base,suta,20,stage5ext_00082,77600d1ea840721bc62cd5a1444822538c380c4255c3bb966d35e4c71344e0691303c4add4223e9fe842b24d65e08ae2e99c956f4acb898bff34adad75171112,US English,us,It is also the language of most of the manuscripts of Welsh law.,IT IS ALSO THE LANGUAGE OF MOST OF THE MANUSCRIPTS OF WELSHLAH,14326addb15a3c7c2c93bd02767ca7cbcba9063be55860ef216e77aef264b19b
data2vec_base,suta,20,stage5ext_00083,77600d1ea840721bc62cd5a1444822538c380c4255c3bb966d35e4c71344e0691303c4add4223e9fe842b24d65e08ae2e99c956f4acb898bff34adad75171112,US English,us,"He was educated at Emanuel School, the University of Southampton and University of Warwick.",HE WAS EDUCATED AT THE MANUAL SCHOOL THE UNIVERSITY OF SOUTHAMPTON AND UNIVERSITY OF WARWICK,14326addb15a3c7c2c93bd02767ca7cbcba9063be55860ef216e77aef264b19b
data2vec_base,suta,20,stage5ext_00084,77600d1ea840721bc62cd5a1444822538c380c4255c3bb966d35e4c71344e0691303c4add4223e9fe842b24d65e08ae2e99c956f4acb898bff34adad75171112,US English,us,He introduced cushion seats in all unreserved compartments.,HE INTRODUCED CUSHIONED SEATS IN ALL UNRESERVED COMPARTMENTS,14326addb15a3c7c2c93bd02767ca7cbcba9063be55860ef216e77aef264b19b
data2vec_base,suta,21,stage5ext_00085,77600d1ea840721bc62cd5a1444822538c380c4255c3bb966d35e4c71344e0691303c4add4223e9fe842b24d65e08ae2e99c956f4acb898bff34adad75171112,US English,us,It developed from the Pugwash Conferences on Science and World Affairs.,IT DEVELOPED FROM THE PUGWASH CONFERENCES ON SCIENCE AN WORLD AFFAIRS,db7708ce99487ec3af61ccb9864253cd12ed6f200236a028879c7e307532e88c
data2vec_base,suta,21,stage5ext_00086,77600d1ea840721bc62cd5a1444822538c380c4255c3bb966d35e4c71344e0691303c4add4223e9fe842b24d65e08ae2e99c956f4acb898bff34adad75171112,US English,us,"He has written seven Phillip Mercer books in the series, beginning with ""Vulcan's Forge"".",HE HAS WRITTEN SEVEN PHILIP MERCER BOOKS IN THE SERIES BEGINNING WITH VULCAN'S FORGE,db7708ce99487ec3af61ccb9864253cd12ed6f200236a028879c7e307532e88c
data2vec_base,suta,21,stage5ext_00087,77600d1ea840721bc62cd5a1444822538c380c4255c3bb966d35e4c71344e0691303c4add4223e9fe842b24d65e08ae2e99c956f4acb898bff34adad75171112,US English,us,"Like most other light jets, the Mustang is approved for single-pilot operation.",LIKE MOST OTHER LIGHT JETS THE MUSTANG IS APPROVED FOR SINGLE PILOT OPERATION,db7708ce99487ec3af61ccb9864253cd12ed6f200236a028879c7e307532e88c
data2vec_base,suta,21,stage5ext_00088,77600d1ea840721bc62cd5a1444822538c380c4255c3bb966d35e4c71344e0691303c4add4223e9fe842b24d65e08ae2e99c956f4acb898bff34adad75171112,US English,us,This is true for moduli of curves.,THIS IS TRUE FOR MODELLI OF CURVES,db7708ce99487ec3af61ccb9864253cd12ed6f200236a028879c7e307532e88c
data2vec_base,suta,22,stage5ext_00089,77600d1ea840721bc62cd5a1444822538c380c4255c3bb966d35e4c71344e0691303c4add4223e9fe842b24d65e08ae2e99c956f4acb898bff34adad75171112,US English,us,"They were the sons of Frederick Law Olmsted, renowned architect of Central Park.",THEY WERE THE SONS OF FREDERICK LAW ALMSTEAD RENOWNED ARCHITECT OF CENTRAL PARK,8e16e7e2259c03916f0eb556ab34434592dc38865f7e53d7f620e51fc0622a2b
data2vec_base,suta,22,stage5ext_00090,77600d1ea840721bc62cd5a1444822538c380c4255c3bb966d35e4c71344e0691303c4add4223e9fe842b24d65e08ae2e99c956f4acb898bff34adad75171112,US English,us,The voltage stability depends on the gas pressure.,THE VOLTAGE STABILITY DEPENDS ON THE GAS PRESSURE,8e16e7e2259c03916f0eb556ab34434592dc38865f7e53d7f620e51fc0622a2b
data2vec_base,suta,22,stage5ext_00091,9f2c0b36708a80b9aba1604061b45c02ab3d559f33122d380b4f16df7ee264228b8ed084cc75539159c501c042dcd878c793f3c16eaf1b5d9a110cad98fa0a9e,US English,us,Empress Elizabeth sent him to Kiev to realize Rastrelli's design of Saint Andrew Church.,EMPRESS IT WAS ABIT SEN HIM TO PEEVE TO REALIZE RAST PRELLES DESIGN OF SAINT ANDREW CHURCH,8e16e7e2259c03916f0eb556ab34434592dc38865f7e53d7f620e51fc0622a2b
data2vec_base,suta,22,stage5ext_00092,9f2c0b36708a80b9aba1604061b45c02ab3d559f33122d380b4f16df7ee264228b8ed084cc75539159c501c042dcd878c793f3c16eaf1b5d9a110cad98fa0a9e,US English,us,Caulfield offers students a wide range of subjects in its academic curriculum.,CALFIELD OFFERS STUDENTS A WIDE RANGE OF SUBJECTS IN ITS ACADEMIC CURRICULE,8e16e7e2259c03916f0eb556ab34434592dc38865f7e53d7f620e51fc0622a2b
data2vec_base,suta,23,stage5ext_00093,9f2c0b36708a80b9aba1604061b45c02ab3d559f33122d380b4f16df7ee264228b8ed084cc75539159c501c042dcd878c793f3c16eaf1b5d9a110cad98fa0a9e,US English,us,It is often used at the end of clauses or verses.,IT IS OFTEN USED AT THE N OF QUADLES ORVERSES,b342c9ae055311e0968881ccb05947455f46ee375b704779a0a0f8cffd6a3f74
data2vec_base,suta,23,stage5ext_00094,9f2c0b36708a80b9aba1604061b45c02ab3d559f33122d380b4f16df7ee264228b8ed084cc75539159c501c042dcd878c793f3c16eaf1b5d9a110cad98fa0a9e,US English,us,"Gardner was born in Batavia, New York.",GARDENER WIN MOR AN BE TABIA NEW YORK,b342c9ae055311e0968881ccb05947455f46ee375b704779a0a0f8cffd6a3f74
data2vec_base,suta,23,stage5ext_00095,9f2c0b36708a80b9aba1604061b45c02ab3d559f33122d380b4f16df7ee264228b8ed084cc75539159c501c042dcd878c793f3c16eaf1b5d9a110cad98fa0a9e,US English,us,It is located where the Piankatank River feeds into the Chesapeake Bay.,IT IS LOCATED WHERE THE PEAN CATANK RIVER FEEDS THE CHES A BEAK BAY,b342c9ae055311e0968881ccb05947455f46ee375b704779a0a0f8cffd6a3f74
data2vec_base,suta,23,stage5ext_00096,9f2c0b36708a80b9aba1604061b45c02ab3d559f33122d380b4f16df7ee264228b8ed084cc75539159c501c042dcd878c793f3c16eaf1b5d9a110cad98fa0a9e,US English,us,A classic example of a one-way function is multiplication of very large prime numbers.,A CLASSIC EXAMPLE OFA ONE WAY OF FUNCTION IN A MULTIPLICATION OF VERY LARGE TIME NUMBERS,b342c9ae055311e0968881ccb05947455f46ee375b704779a0a0f8cffd6a3f74
data2vec_base,suta,24,stage5ext_00097,9f2c0b36708a80b9aba1604061b45c02ab3d559f33122d380b4f16df7ee264228b8ed084cc75539159c501c042dcd878c793f3c16eaf1b5d9a110cad98fa0a9e,US English,us,Nuclear warheads are produced and stored on the premises.,NEWNER WARHEADS ARE PRODUCED AND STORED ON THE PREMISES,d540ce232f024e3566e9901fc8c860a380873a6212531a7bf380a4d37643a1a7
data2vec_base,suta,24,stage5ext_00098,9f2c0b36708a80b9aba1604061b45c02ab3d559f33122d380b4f16df7ee264228b8ed084cc75539159c501c042dcd878c793f3c16eaf1b5d9a110cad98fa0a9e,US English,us,"The Center awards a ""Distinguished Christian Statesman Award"" annually to high-profile Christian political leaders.",THE CENTRE AWARDS A DISTINGUISHED CHRISTIAN SKATE ETMAN AWARD ANNUALLY HIGH PROFILE CHRISTIAN POLITICAL LEADERS,d540ce232f024e3566e9901fc8c860a380873a6212531a7bf380a4d37643a1a7
data2vec_base,suta,24,stage5ext_00099,9f2c0b36708a80b9aba1604061b45c02ab3d559f33122d380b4f16df7ee264228b8ed084cc75539159c501c042dcd878c793f3c16eaf1b5d9a110cad98fa0a9e,US English,us,Flavors available in Germany included cherry and cola.,LABORS AVAILABLE IN GERMANY IN WOOD CHERRY AND COLA,d540ce232f024e3566e9901fc8c860a380873a6212531a7bf380a4d37643a1a7
data2vec_base,suta,24,stage5ext_00100,9f2c0b36708a80b9aba1604061b45c02ab3d559f33122d380b4f16df7ee264228b8ed084cc75539159c501c042dcd878c793f3c16eaf1b5d9a110cad98fa0a9e,US English,us,The present chairman is Bumairam Mamaseitova.,THE PRESIDENT CHAIR MAN IS BA MAYORAN N MAMA SA TRUVA,d540ce232f024e3566e9901fc8c860a380873a6212531a7bf380a4d37643a1a7
data2vec_base,suta,25,stage5ext_00101,9f2c0b36708a80b9aba1604061b45c02ab3d559f33122d380b4f16df7ee264228b8ed084cc75539159c501c042dcd878c793f3c16eaf1b5d9a110cad98fa0a9e,US English,us,On the seventh day they depart.,ON THE SEVENTH DAY LADE HEARTHI,8e787a8658ebfd90cf07f5e9572c86a683162bc352f42c0abb840026a79c37ba
data2vec_base,suta,25,stage5ext_00102,9f2c0b36708a80b9aba1604061b45c02ab3d559f33122d380b4f16df7ee264228b8ed084cc75539159c501c042dcd878c793f3c16eaf1b5d9a110cad98fa0a9e,US English,us,Many notable Caliphs have had their share of ruling over the Kiswah.,MANY NOTABLE COWTS HAVE HAD THEIR SHARE RULING OVER THE KEESWAFF,8e787a8658ebfd90cf07f5e9572c86a683162bc352f42c0abb840026a79c37ba
data2vec_base,suta,25,stage5ext_00103,9f2c0b36708a80b9aba1604061b45c02ab3d559f33122d380b4f16df7ee264228b8ed084cc75539159c501c042dcd878c793f3c16eaf1b5d9a110cad98fa0a9e,US English,us,The river Maros formed its southern border.,THE RIVER MARELS FORMED ITS SOUTHERN BORDER,8e787a8658ebfd90cf07f5e9572c86a683162bc352f42c0abb840026a79c37ba
data2vec_base,suta,25,stage5ext_00104,9f2c0b36708a80b9aba1604061b45c02ab3d559f33122d380b4f16df7ee264228b8ed084cc75539159c501c042dcd878c793f3c16eaf1b5d9a110cad98fa0a9e,US English,us,And that meant our fat electric album would have two songs on a side.,MAPMEN ARE FATTI IK DRUK ALVAM WOULD HAVE TWO SOLEM ON ASIDE,8e787a8658ebfd90cf07f5e9572c86a683162bc352f42c0abb840026a79c37ba
data2vec_base,suta,26,stage5ext_00105,9f2c0b36708a80b9aba1604061b45c02ab3d559f33122d380b4f16df7ee264228b8ed084cc75539159c501c042dcd878c793f3c16eaf1b5d9a110cad98fa0a9e,US English,us,A committee was organised and the Smithsonian Institution was founded.,A COMMITTEE WAS ORGANIZED AND THE SMESONIAN INSTITUTION WAS FOUNDED,cd68eefb65394c30c6eeca9290b868db686799d05c295d9e2cdaceb0b98354aa
data2vec_base,suta,26,stage5ext_00106,2ce9c40fcb6948ed0bced3197b5aefb5f8585c4b80c5f627af7a750cfb445b61c96532c68b893e6c1f4cb299407c58f1504db283d1f7eca7585dfc2f88a968d4,US English,us,"You're not psychotic, you just wish you were?",YOU 'RE NOT PSYCHOTIC YOU JUST WISH YOU WERE,cd68eefb65394c30c6eeca9290b868db686799d05c295d9e2cdaceb0b98354aa
data2vec_base,suta,26,stage5ext_00107,2ce9c40fcb6948ed0bced3197b5aefb5f8585c4b80c5f627af7a750cfb445b61c96532c68b893e6c1f4cb299407c58f1504db283d1f7eca7585dfc2f88a968d4,US English,us,Good evening.,GOOD EVENING,cd68eefb65394c30c6eeca9290b868db686799d05c295d9e2cdaceb0b98354aa
data2vec_base,suta,26,stage5ext_00108,2ce9c40fcb6948ed0bced3197b5aefb5f8585c4b80c5f627af7a750cfb445b61c96532c68b893e6c1f4cb299407c58f1504db283d1f7eca7585dfc2f88a968d4,US English,us,The dead have no friends.,THE DEAD HAVE NO FRIENDS,cd68eefb65394c30c6eeca9290b868db686799d05c295d9e2cdaceb0b98354aa
data2vec_base,suta,27,stage5ext_00109,2ce9c40fcb6948ed0bced3197b5aefb5f8585c4b80c5f627af7a750cfb445b61c96532c68b893e6c1f4cb299407c58f1504db283d1f7eca7585dfc2f88a968d4,US English,us,Ship technology has improved.,SHIP TECHNOLOGY HAS IMPROVED,8d7256ce6e60535c2e039dc1011af578bc2c633c106202cad65fd538c4d538b3
data2vec_base,suta,27,stage5ext_00110,2ce9c40fcb6948ed0bced3197b5aefb5f8585c4b80c5f627af7a750cfb445b61c96532c68b893e6c1f4cb299407c58f1504db283d1f7eca7585dfc2f88a968d4,US English,us,The shop is closed on Mondays.,THE SHOP IS CLOSED ON MONDAYS,8d7256ce6e60535c2e039dc1011af578bc2c633c106202cad65fd538c4d538b3
data2vec_base,suta,27,stage5ext_00111,2ce9c40fcb6948ed0bced3197b5aefb5f8585c4b80c5f627af7a750cfb445b61c96532c68b893e6c1f4cb299407c58f1504db283d1f7eca7585dfc2f88a968d4,US English,us,"Waste not, want not.",WASTE NOT WHAT NOT,8d7256ce6e60535c2e039dc1011af578bc2c633c106202cad65fd538c4d538b3
data2vec_base,suta,27,stage5ext_00112,2ce9c40fcb6948ed0bced3197b5aefb5f8585c4b80c5f627af7a750cfb445b61c96532c68b893e6c1f4cb299407c58f1504db283d1f7eca7585dfc2f88a968d4,US English,us,"The salesman was like the rest of them, untrustworthy.",THE SALESMAN WAS LIKE THE REST OF THEM UNTRUSTWORTHY,8d7256ce6e60535c2e039dc1011af578bc2c633c106202cad65fd538c4d538b3
data2vec_base,suta,28,stage5ext_00113,2ce9c40fcb6948ed0bced3197b5aefb5f8585c4b80c5f627af7a750cfb445b61c96532c68b893e6c1f4cb299407c58f1504db283d1f7eca7585dfc2f88a968d4,US English,us,"Did you know that the word ""commercial"" could mean the same as ""advertisement""?",DID YOU KNOW THAT THE WORD COMMERCIAL COULD MEAN THE SAME AS ADVERTISEMENT,88477f062b851f69c59621a3b4004569af7a7f3bbc2da9ea4aab12c7809ac341
data2vec_base,suta,28,stage5ext_00114,2ce9c40fcb6948ed0bced3197b5aefb5f8585c4b80c5f627af7a750cfb445b61c96532c68b893e6c1f4cb299407c58f1504db283d1f7eca7585dfc2f88a968d4,US English,us,Topsy-turvy Steamboat.,TAPSY TURVY STEAMBOAT,88477f062b851f69c59621a3b4004569af7a7f3bbc2da9ea4aab12c7809ac341
data2vec_base,suta,28,stage5ext_00115,2ce9c40fcb6948ed0bced3197b5aefb5f8585c4b80c5f627af7a750cfb445b61c96532c68b893e6c1f4cb299407c58f1504db283d1f7eca7585dfc2f88a968d4,US English,us,Save a thief from the gallows and he will cut your throat,SAVE A THIEF FROM THE GALLOWS AND HE WILL CUT YOUR THROAT,88477f062b851f69c59621a3b4004569af7a7f3bbc2da9ea4aab12c7809ac341
data2vec_base,suta,28,stage5ext_00116,2ce9c40fcb6948ed0bced3197b5aefb5f8585c4b80c5f627af7a750cfb445b61c96532c68b893e6c1f4cb299407c58f1504db283d1f7eca7585dfc2f88a968d4,US English,us,A chip of the old block.,A CHIP OF THE OLD BLACK,88477f062b851f69c59621a3b4004569af7a7f3bbc2da9ea4aab12c7809ac341
data2vec_base,suta,29,stage5ext_00117,2ce9c40fcb6948ed0bced3197b5aefb5f8585c4b80c5f627af7a750cfb445b61c96532c68b893e6c1f4cb299407c58f1504db283d1f7eca7585dfc2f88a968d4,US English,us,What about from an unsafe distance?,WHAT ABOUT FROM AN UNSAFE DISTANCE,1c7677192b8842d6995da225d96d63ff06d7e2d0d7c457cb872c4cc8d3cf0fed
data2vec_base,suta,29,stage5ext_00118,2ce9c40fcb6948ed0bced3197b5aefb5f8585c4b80c5f627af7a750cfb445b61c96532c68b893e6c1f4cb299407c58f1504db283d1f7eca7585dfc2f88a968d4,US English,us,New pants lack cuffs and pockets.,NEW PANTS LACK CUFFS AND PUCKETS,1c7677192b8842d6995da225d96d63ff06d7e2d0d7c457cb872c4cc8d3cf0fed
data2vec_base,suta,29,stage5ext_00119,2ce9c40fcb6948ed0bced3197b5aefb5f8585c4b80c5f627af7a750cfb445b61c96532c68b893e6c1f4cb299407c58f1504db283d1f7eca7585dfc2f88a968d4,US English,us,Is that how your niece began?,IS THAT HOW YOUR NIECE BEGAN,1c7677192b8842d6995da225d96d63ff06d7e2d0d7c457cb872c4cc8d3cf0fed
data2vec_base,suta,29,stage5ext_00120,2ce9c40fcb6948ed0bced3197b5aefb5f8585c4b80c5f627af7a750cfb445b61c96532c68b893e6c1f4cb299407c58f1504db283d1f7eca7585dfc2f88a968d4,US English,us,That is the weirdest dress I have found in this store.,THAT IS THE WEIRDEST DRESS I HAVE FOUND IN THE STORE,1c7677192b8842d6995da225d96d63ff06d7e2d0d7c457cb872c4cc8d3cf0fed
data2vec_base,suta,30,stage5ext_00121,228508a13bdcb59b6e981ab369677a052cfa1d9208ac95a44f5a910b5fb16d76e49d318b1a128dd5144453cc80734637f59383b09379191621b865980d923440,US English,us,The reasons are more political.,THE REASONS ARE MORE POLITICAL,f45fa69209bb12f8d0b7135c4d31b25be270b3dd330fbcf138f80ac3eb0d7ce4
data2vec_base,suta,30,stage5ext_00122,228508a13bdcb59b6e981ab369677a052cfa1d9208ac95a44f5a910b5fb16d76e49d318b1a128dd5144453cc80734637f59383b09379191621b865980d923440,US English,us,When he became a foreman he expected more output from the workmen.,THEN HE BECAME RAFOREMAN HE EXPECTED MORE OUTPOTH FOM THE VERMONT,f45fa69209bb12f8d0b7135c4d31b25be270b3dd330fbcf138f80ac3eb0d7ce4
data2vec_base,suta,30,stage5ext_00123,228508a13bdcb59b6e981ab369677a052cfa1d9208ac95a44f5a910b5fb16d76e49d318b1a128dd5144453cc80734637f59383b09379191621b865980d923440,US English,us,"The timber was exported to Egypt, where it was in great demand.",THE TIMUR WAS EXPORTED TO EGYPT FOR IT WAS IN GREAT DEMAND,f45fa69209bb12f8d0b7135c4d31b25be270b3dd330fbcf138f80ac3eb0d7ce4
data2vec_base,suta,30,stage5ext_00124,228508a13bdcb59b6e981ab369677a052cfa1d9208ac95a44f5a910b5fb16d76e49d318b1a128dd5144453cc80734637f59383b09379191621b865980d923440,US English,us,"On farm visits, touching or feeding pigs should be prohibited.",ON FARM VISITS TOUCHING OR FILLING MIKS SHOULD BE PROHIBITED,f45fa69209bb12f8d0b7135c4d31b25be270b3dd330fbcf138f80ac3eb0d7ce4
data2vec_base,suta,31,stage5ext_00125,228508a13bdcb59b6e981ab369677a052cfa1d9208ac95a44f5a910b5fb16d76e49d318b1a128dd5144453cc80734637f59383b09379191621b865980d923440,US English,us,Noah worked on the album for two years.,NOHAV WORKED ON THE ALBUM FORTU YEARS,9e9c08822cb8f4bbe943de63070f13de70996b434af1450c0dc577ecc5a27010
data2vec_base,suta,31,stage5ext_00126,228508a13bdcb59b6e981ab369677a052cfa1d9208ac95a44f5a910b5fb16d76e49d318b1a128dd5144453cc80734637f59383b09379191621b865980d923440,US English,us,"The family seat is Terling Place, near Terling, Essex.",THE FAMILIAR SE TIS TERRANG GLACE NEW TERLING ESSECS,9e9c08822cb8f4bbe943de63070f13de70996b434af1450c0dc577ecc5a27010
data2vec_base,suta,31,stage5ext_00127,228508a13bdcb59b6e981ab369677a052cfa1d9208ac95a44f5a910b5fb16d76e49d318b1a128dd5144453cc80734637f59383b09379191621b865980d923440,US English,us,She then got underway for Leyte.,SHE THEN GOT ON AWAY FOR LATE,9e9c08822cb8f4bbe943de63070f13de70996b434af1450c0dc577ecc5a27010
data2vec_base,suta,31,stage5ext_00128,228508a13bdcb59b6e981ab369677a052cfa1d9208ac95a44f5a910b5fb16d76e49d318b1a128dd5144453cc80734637f59383b09379191621b865980d923440,US English,us,His early work was on optical information processing.,HIS AIRTILORK WAS AN OPTICL INFORMATION FOR SUCH THING,9e9c08822cb8f4bbe943de63070f13de70996b434af1450c0dc577ecc5a27010
data2vec_base,suta,32,stage5ext_00129,228508a13bdcb59b6e981ab369677a052cfa1d9208ac95a44f5a910b5fb16d76e49d318b1a128dd5144453cc80734637f59383b09379191621b865980d923440,US English,us,There is much shouting and gesticulation on the appearance of a new moon.,THERE IS MUCH SHOUTING AND GESTICULATION ON THE APPEARANCE OF A NEM,161054f9ea5b85e1afe2095d6eb0a9ccb0dd97103cd4979833e9e181925b6982
data2vec_base,suta,32,stage5ext_00130,228508a13bdcb59b6e981ab369677a052cfa1d9208ac95a44f5a910b5fb16d76e49d318b1a128dd5144453cc80734637f59383b09379191621b865980d923440,US English,us,Previously this variety was believed to be lost.,PREVIOUSLY THIS VARIETY WAS BELIEVED TO BE LOST,161054f9ea5b85e1afe2095d6eb0a9ccb0dd97103cd4979833e9e181925b6982
data2vec_base,suta,32,stage5ext_00131,228508a13bdcb59b6e981ab369677a052cfa1d9208ac95a44f5a910b5fb16d76e49d318b1a128dd5144453cc80734637f59383b09379191621b865980d923440,US English,us,"Well, next morning, the husband was missing.",WELL NEXT MORNING THE HUSBAND WAS MISSING,161054f9ea5b85e1afe2095d6eb0a9ccb0dd97103cd4979833e9e181925b6982
data2vec_base,suta,32,stage5ext_00132,228508a13bdcb59b6e981ab369677a052cfa1d9208ac95a44f5a910b5fb16d76e49d318b1a128dd5144453cc80734637f59383b09379191621b865980d923440,US English,us,The heads are then like thongs and solemn in grain and grape-colour.,THE HADS ILE THEN LIKE TONGUES AND SOLOMON GRAIN GRADE COLOR,161054f9ea5b85e1afe2095d6eb0a9ccb0dd97103cd4979833e9e181925b6982
data2vec_base,suta,33,stage5ext_00133,228508a13bdcb59b6e981ab369677a052cfa1d9208ac95a44f5a910b5fb16d76e49d318b1a128dd5144453cc80734637f59383b09379191621b865980d923440,US English,us,"After retiring, Ehiogu founded his own record label, Dirty Hit.",AFTER RITI RING KIXOTE FOUNDED HIS OWN REGARD LABEL DERTAT,07bc280369bb1123d8c5684030915bc07aeb3acbfa327bc1f80a936a44d6c779
data2vec_base,suta,33,stage5ext_00134,228508a13bdcb59b6e981ab369677a052cfa1d9208ac95a44f5a910b5fb16d76e49d318b1a128dd5144453cc80734637f59383b09379191621b865980d923440,US English,us,"Some credit ""earlier notions of political and juridical authority"" in Iran's Safavid period.",SOME CREDIT EARLIER NOTIONS OF POITICAL AND JURIDICAL AUTHORITY IN ERENS SAPHOWIT PERIOD,07bc280369bb1123d8c5684030915bc07aeb3acbfa327bc1f80a936a44d6c779
data2vec_base,suta,33,stage5ext_00135,228508a13bdcb59b6e981ab369677a052cfa1d9208ac95a44f5a910b5fb16d76e49d318b1a128dd5144453cc80734637f59383b09379191621b865980d923440,US English,us,"George Washington Riggs died at his home, Green Hill, in Prince George's County, Maryland.",GEORGE WASHINGTON RICKS DIED AT HIS HOME GREENHILL IN PRINCE GEORGE'S COUNTY MARYLAND,07bc280369bb1123d8c5684030915bc07aeb3acbfa327bc1f80a936a44d6c779
data2vec_base,suta,33,stage5ext_00136,720e559efbceae3ffa3e0df1e70d5d276564f71b02f1a3222c7dbbfa55811cbc4ad54045296d28ef121452051dd65e0253f9af4f519f65f29a0690726ba44253,US English,us,"The number of non-Muslim Sufis before the twentieth century, however, was usually relatively few.",THE NUMBER OF NON MOSLIM SUFIES BEFORE THE TWENTIETH CENTURY HOWEVER WAS USUALLY RELATIVELY FEW,07bc280369bb1123d8c5684030915bc07aeb3acbfa327bc1f80a936a44d6c779
data2vec_base,suta,34,stage5ext_00137,720e559efbceae3ffa3e0df1e70d5d276564f71b02f1a3222c7dbbfa55811cbc4ad54045296d28ef121452051dd65e0253f9af4f519f65f29a0690726ba44253,US English,us,"At the party, Jerry meets an attractive woman named Vanessa.",AT THE PARTY JERRY MEETS AN ATTRACTIVE WOMAN NAMED FINESSA,362c99daf80067079f413673805ed05a71a5299e19f62bc1bf71225174da6c79
data2vec_base,suta,34,stage5ext_00138,720e559efbceae3ffa3e0df1e70d5d276564f71b02f1a3222c7dbbfa55811cbc4ad54045296d28ef121452051dd65e0253f9af4f519f65f29a0690726ba44253,US English,us,Irulan herself appears in person only near the end of the novel.,IRLON HERSELF APPEARS IN PERSON ONLY NEAR THE END OF THE NOVEL,362c99daf80067079f413673805ed05a71a5299e19f62bc1bf71225174da6c79
data2vec_base,suta,34,stage5ext_00139,720e559efbceae3ffa3e0df1e70d5d276564f71b02f1a3222c7dbbfa55811cbc4ad54045296d28ef121452051dd65e0253f9af4f519f65f29a0690726ba44253,US English,us,Jump is a yellow dog with brown patches and the pet dog of Tobio.,JUMP IS A YELLOW DOG WITH BROWN PATCHES AND THE PET DOG OF TOBYO,362c99daf80067079f413673805ed05a71a5299e19f62bc1bf71225174da6c79
data2vec_base,suta,34,stage5ext_00140,720e559efbceae3ffa3e0df1e70d5d276564f71b02f1a3222c7dbbfa55811cbc4ad54045296d28ef121452051dd65e0253f9af4f519f65f29a0690726ba44253,US English,us,It has some popular restaurants including The New Inn.,IT HAS SOME POPULAR RESTAURANTS INCLUDING THE NEW INN,362c99daf80067079f413673805ed05a71a5299e19f62bc1bf71225174da6c79
data2vec_base,suta,35,stage5ext_00141,720e559efbceae3ffa3e0df1e70d5d276564f71b02f1a3222c7dbbfa55811cbc4ad54045296d28ef121452051dd65e0253f9af4f519f65f29a0690726ba44253,US English,us,The families and genera within the orders are listed in alphabetical order.,THE FAMILIES IN GENERA WITHIN THE ORDERS ARE LISTED IN ALPHABETICAL ORDER,db1b44203481575d76598de7cf914fd182136d658a5295caa17d396331959db5
data2vec_base,suta,35,stage5ext_00142,720e559efbceae3ffa3e0df1e70d5d276564f71b02f1a3222c7dbbfa55811cbc4ad54045296d28ef121452051dd65e0253f9af4f519f65f29a0690726ba44253,US English,us,"This practice remains an important ritual in some remote, tribal societies.",THIS PRACTICE REMAINS AN IMPORTANT RITUAL IN SOME REMOTE TRIBAL SOCIETIES,db1b44203481575d76598de7cf914fd182136d658a5295caa17d396331959db5
data2vec_base,suta,35,stage5ext_00143,720e559efbceae3ffa3e0df1e70d5d276564f71b02f1a3222c7dbbfa55811cbc4ad54045296d28ef121452051dd65e0253f9af4f519f65f29a0690726ba44253,US English,us,A second game also included Carshalton College.,A SECOND GAME ALSO INCLUDED CARCELTON COLLEGE,db1b44203481575d76598de7cf914fd182136d658a5295caa17d396331959db5
data2vec_base,suta,35,stage5ext_00144,720e559efbceae3ffa3e0df1e70d5d276564f71b02f1a3222c7dbbfa55811cbc4ad54045296d28ef121452051dd65e0253f9af4f519f65f29a0690726ba44253,US English,us,Mareya micrantha is said to have local anaesthetic properties.,MAREA MACRANTHA IS SAID TO HAVE LOCAL ANESTHETIC PROPERTIES,db1b44203481575d76598de7cf914fd182136d658a5295caa17d396331959db5
data2vec_base,suta,36,stage5ext_00145,720e559efbceae3ffa3e0df1e70d5d276564f71b02f1a3222c7dbbfa55811cbc4ad54045296d28ef121452051dd65e0253f9af4f519f65f29a0690726ba44253,US English,us,The expanded section included an enlarged bar.,THE EXPANDED SECTION INCLUDED AN ENLARGED BAR,f7b9adc5cb418c54157bcf4c4776bcb6bbf734968f2b6bbcf2399f471b7ac71a
data2vec_base,suta,36,stage5ext_00146,720e559efbceae3ffa3e0df1e70d5d276564f71b02f1a3222c7dbbfa55811cbc4ad54045296d28ef121452051dd65e0253f9af4f519f65f29a0690726ba44253,US English,us,"This is in contrast to physiology, which deals primarily with function.",THIS IS IN CONTRAST TO PHYSIOLOGY WHICH DEALS PRIMARILY WITH FUNCTION,f7b9adc5cb418c54157bcf4c4776bcb6bbf734968f2b6bbcf2399f471b7ac71a
data2vec_base,suta,36,stage5ext_00147,720e559efbceae3ffa3e0df1e70d5d276564f71b02f1a3222c7dbbfa55811cbc4ad54045296d28ef121452051dd65e0253f9af4f519f65f29a0690726ba44253,US English,us,"When his wife died, Acosta retired and went to live in a hermitage.",WHEN HIS WIFE DIED A COSTA RETIRED AND WENT TO LIVE IN A HERMITAGE,f7b9adc5cb418c54157bcf4c4776bcb6bbf734968f2b6bbcf2399f471b7ac71a
data2vec_base,suta,36,stage5ext_00148,720e559efbceae3ffa3e0df1e70d5d276564f71b02f1a3222c7dbbfa55811cbc4ad54045296d28ef121452051dd65e0253f9af4f519f65f29a0690726ba44253,US English,us,McNab ruled with an iron fist over the Scottish settlers.,MC NAB RULED WITH AN IRON FIST OVER THE SCOTTISH SETTLERS,f7b9adc5cb418c54157bcf4c4776bcb6bbf734968f2b6bbcf2399f471b7ac71a
data2vec_base,suta,37,stage5ext_00149,720e559efbceae3ffa3e0df1e70d5d276564f71b02f1a3222c7dbbfa55811cbc4ad54045296d28ef121452051dd65e0253f9af4f519f65f29a0690726ba44253,US English,us,"Ricci played a young detective who temporarily partners with Grace, played by Holly Hunter.",RICKIE PLAYED A YOUNG DETECTIVE WHO TEMPORARILY PARTNERS WITH GRACE PLAYED BY HOLLY HUNTER,ecf68fd6b31546a6afb16d3ca8310f4bd49d656bbd05d91d336304e50acd127d
data2vec_base,suta,37,stage5ext_00150,720e559efbceae3ffa3e0df1e70d5d276564f71b02f1a3222c7dbbfa55811cbc4ad54045296d28ef121452051dd65e0253f9af4f519f65f29a0690726ba44253,US English,us,"It would, in effect, paralyse their co-operation.",IT WOULD IN EFFECT PARALYZE THEIR CO OPERATION,ecf68fd6b31546a6afb16d3ca8310f4bd49d656bbd05d91d336304e50acd127d
data2vec_base,suta,37,stage5ext_00151,fd0dff3b5f07ca5531d539b5a2d98730836ad0aa3e1b6526ad93f596c546212f2e9c6152141a6d6a86254fe36668b66427df0e1588645c1756157fb92705969a,England English,england,I'm playing for keeps.,I'M TETER KEEPSON,ecf68fd6b31546a6afb16d3ca8310f4bd49d656bbd05d91d336304e50acd127d
data2vec_base,suta,37,stage5ext_00152,fd0dff3b5f07ca5531d539b5a2d98730836ad0aa3e1b6526ad93f596c546212f2e9c6152141a6d6a86254fe36668b66427df0e1588645c1756157fb92705969a,England English,england,His old Ferrari has been compacted to a small cube of metal at the junkyard.,HIS OLD FERRORI HAS BEEN COMPACTED TO A SMALL KEB OF METAL AT LAJONKUO,ecf68fd6b31546a6afb16d3ca8310f4bd49d656bbd05d91d336304e50acd127d
data2vec_base,suta,38,stage5ext_00153,fd0dff3b5f07ca5531d539b5a2d98730836ad0aa3e1b6526ad93f596c546212f2e9c6152141a6d6a86254fe36668b66427df0e1588645c1756157fb92705969a,England English,england,There was no response from the elders.,THERE WAS NO RESPONSE FROM THE ALDERS,4a465754461fe584af7e1f50047bbcc2e97800d1a64cbef74cca71a4a2fcbc88
data2vec_base,suta,38,stage5ext_00154,fd0dff3b5f07ca5531d539b5a2d98730836ad0aa3e1b6526ad93f596c546212f2e9c6152141a6d6a86254fe36668b66427df0e1588645c1756157fb92705969a,England English,england,You're hurting my sore foot.,YOU ARE NOTING MY SOREFORT,4a465754461fe584af7e1f50047bbcc2e97800d1a64cbef74cca71a4a2fcbc88
data2vec_base,suta,38,stage5ext_00155,fd0dff3b5f07ca5531d539b5a2d98730836ad0aa3e1b6526ad93f596c546212f2e9c6152141a6d6a86254fe36668b66427df0e1588645c1756157fb92705969a,England English,england,Studying these key phrases will help you while traveling.,STUDYING THESE KEY PHRASES WILL HELP YOU WON'T TROUBLE IT,4a465754461fe584af7e1f50047bbcc2e97800d1a64cbef74cca71a4a2fcbc88
data2vec_base,suta,38,stage5ext_00156,fd0dff3b5f07ca5531d539b5a2d98730836ad0aa3e1b6526ad93f596c546212f2e9c6152141a6d6a86254fe36668b66427df0e1588645c1756157fb92705969a,England English,england,Mary told me that she got to meet up with you while she was back in San Francisco.,MARY TOLD ME SHE'D GO TO MITA WITH YOU WHILE YOU WERE BACK IN SAN FRANCISCO,4a465754461fe584af7e1f50047bbcc2e97800d1a64cbef74cca71a4a2fcbc88
data2vec_base,suta,39,stage5ext_00157,fd0dff3b5f07ca5531d539b5a2d98730836ad0aa3e1b6526ad93f596c546212f2e9c6152141a6d6a86254fe36668b66427df0e1588645c1756157fb92705969a,England English,england,Look on the third shelf back of the eye wash.,LOOK ON THE THIRD SHELF BACK OF THE EYEWOM,c1286a8f30f6e74c60c8750c57b8d95118ae0037c0bc9279cd7140364f12e52f
data2vec_base,suta,39,stage5ext_00158,fd0dff3b5f07ca5531d539b5a2d98730836ad0aa3e1b6526ad93f596c546212f2e9c6152141a6d6a86254fe36668b66427df0e1588645c1756157fb92705969a,England English,england,It was Linda Keller!,IT WAS LINDAKELLA,c1286a8f30f6e74c60c8750c57b8d95118ae0037c0bc9279cd7140364f12e52f
data2vec_base,suta,39,stage5ext_00159,fd0dff3b5f07ca5531d539b5a2d98730836ad0aa3e1b6526ad93f596c546212f2e9c6152141a6d6a86254fe36668b66427df0e1588645c1756157fb92705969a,England English,england,Neil Armstrong was the first man to step foot on the moon.,NEURD ARMSTRONG WAS THE FIRST MAN TO STEP FOOT ON THE MU,c1286a8f30f6e74c60c8750c57b8d95118ae0037c0bc9279cd7140364f12e52f
data2vec_base,suta,39,stage5ext_00160,fd0dff3b5f07ca5531d539b5a2d98730836ad0aa3e1b6526ad93f596c546212f2e9c6152141a6d6a86254fe36668b66427df0e1588645c1756157fb92705969a,England English,england,You go on and practice.,YE GO ON UN PRACTISE,c1286a8f30f6e74c60c8750c57b8d95118ae0037c0bc9279cd7140364f12e52f
data2vec_base,suta,40,stage5ext_00161,fd0dff3b5f07ca5531d539b5a2d98730836ad0aa3e1b6526ad93f596c546212f2e9c6152141a6d6a86254fe36668b66427df0e1588645c1756157fb92705969a,England English,england,Storm increasing over the Rockies.,STORM INCREASING OVER THE ROCKIES,fdd2479521d17d5b0470d35d4fc6ea9d7bedcd2332472207803fef7f6e1d6258
data2vec_base,suta,40,stage5ext_00162,fd0dff3b5f07ca5531d539b5a2d98730836ad0aa3e1b6526ad93f596c546212f2e9c6152141a6d6a86254fe36668b66427df0e1588645c1756157fb92705969a,England English,england,Witnesses report two armed suspects and four hostages.,WHEN THIS IS REPORT TO ARM SUSPECTS IN FOUR HOSTENER,fdd2479521d17d5b0470d35d4fc6ea9d7bedcd2332472207803fef7f6e1d6258
data2vec_base,suta,40,stage5ext_00163,fd0dff3b5f07ca5531d539b5a2d98730836ad0aa3e1b6526ad93f596c546212f2e9c6152141a6d6a86254fe36668b66427df0e1588645c1756157fb92705969a,England English,england,"If you know of other games that play well with hands-free control, please post in the comments.",IF YOU KNOW OF OTHER GAMES THE PLAY ROLL WITH HANS'S FREE CONTROL PLEASE PLOSE IN THE COMMONS,fdd2479521d17d5b0470d35d4fc6ea9d7bedcd2332472207803fef7f6e1d6258
data2vec_base,suta,40,stage5ext_00164,fd0dff3b5f07ca5531d539b5a2d98730836ad0aa3e1b6526ad93f596c546212f2e9c6152141a6d6a86254fe36668b66427df0e1588645c1756157fb92705969a,England English,england,"Two caribous in a queue, they didn't have a clue, that I was using their flue, to write a poem for you.",TWO CARABOUS AND A CUE THET DID'T HAVE A CLUT THAT I WAS USING THEIR FLUE TO RUS HERM F,fdd2479521d17d5b0470d35d4fc6ea9d7bedcd2332472207803fef7f6e1d6258
data2vec_base,suta,41,stage5ext_00165,fd0dff3b5f07ca5531d539b5a2d98730836ad0aa3e1b6526ad93f596c546212f2e9c6152141a6d6a86254fe36668b66427df0e1588645c1756157fb92705969a,England English,england,With a bag of marshmallows.,WITH A BAG OF MOSHMALES,5484cb9cd3fad57b7f1d2e1cb209a7ea2ddf7f49f60f79c080e1e523ca0e1f72
data2vec_base,suta,41,stage5ext_00166,fdcab9861a3de8913b99470efefdd496f7500e233d7a34a4bf246ca2321426334f7206282773114305bb5b045ee084a0c9e50c6160fc40ac34ba2009e1997f8f,England English,england,"Teresa, Mildrid, Ralph, and Vonda all arrived yesterday evening.",TERESA MILDRED WALPH IMBUNDA ELL ARRIVE YESTERDAY EVENING,5484cb9cd3fad57b7f1d2e1cb209a7ea2ddf7f49f60f79c080e1e523ca0e1f72
data2vec_base,suta,41,stage5ext_00167,fdcab9861a3de8913b99470efefdd496f7500e233d7a34a4bf246ca2321426334f7206282773114305bb5b045ee084a0c9e50c6160fc40ac34ba2009e1997f8f,England English,england,"Somehow, the paragraphs blurred into each other.",SOMEHOW THE PARAGRAPHS BLURRED INTO EACH OTHER,5484cb9cd3fad57b7f1d2e1cb209a7ea2ddf7f49f60f79c080e1e523ca0e1f72
data2vec_base,suta,41,stage5ext_00168,fdcab9861a3de8913b99470efefdd496f7500e233d7a34a4bf246ca2321426334f7206282773114305bb5b045ee084a0c9e50c6160fc40ac34ba2009e1997f8f,England English,england,"Now, attend to me.",ATTEND TO ME,5484cb9cd3fad57b7f1d2e1cb209a7ea2ddf7f49f60f79c080e1e523ca0e1f72
data2vec_base,suta,42,stage5ext_00169,fdcab9861a3de8913b99470efefdd496f7500e233d7a34a4bf246ca2321426334f7206282773114305bb5b045ee084a0c9e50c6160fc40ac34ba2009e1997f8f,England English,england,"Oh man, I think I got friend-zoned once again.",LMAN I'LL THINK I'VE GOT FRIENDS ONED ONCE AGAIN,facc6612d718774e3916082cdb1b3099f228306c2c481cb190f06cacb9bffd0a
data2vec_base,suta,42,stage5ext_00170,fdcab9861a3de8913b99470efefdd496f7500e233d7a34a4bf246ca2321426334f7206282773114305bb5b045ee084a0c9e50c6160fc40ac34ba2009e1997f8f,England English,england,"Hooray, we're going to Alaska!",HORAY WE'RE GOING TO ALASKA,facc6612d718774e3916082cdb1b3099f228306c2c481cb190f06cacb9bffd0a
data2vec_base,suta,42,stage5ext_00171,fdcab9861a3de8913b99470efefdd496f7500e233d7a34a4bf246ca2321426334f7206282773114305bb5b045ee084a0c9e50c6160fc40ac34ba2009e1997f8f,England English,england,"The landing was dimly light by a single, bare, low-power light-bulb.",THE LANDING WAS DIVE LIT BY A SINGLE BEAR NO POWER LIHT BOLT,facc6612d718774e3916082cdb1b3099f228306c2c481cb190f06cacb9bffd0a
data2vec_base,suta,42,stage5ext_00172,fdcab9861a3de8913b99470efefdd496f7500e233d7a34a4bf246ca2321426334f7206282773114305bb5b045ee084a0c9e50c6160fc40ac34ba2009e1997f8f,England English,england,Aren't we godlike?,AH TWE GODLIKE,facc6612d718774e3916082cdb1b3099f228306c2c481cb190f06cacb9bffd0a
data2vec_base,suta,43,stage5ext_00173,fdcab9861a3de8913b99470efefdd496f7500e233d7a34a4bf246ca2321426334f7206282773114305bb5b045ee084a0c9e50c6160fc40ac34ba2009e1997f8f,England English,england,Where is my dress?,THERE IS MY DRESS,cf08e8b1bc5a0f7414c9636acfc9a5bdcd748aadd2231b5e35daea8703d85d20
data2vec_base,suta,43,stage5ext_00174,fdcab9861a3de8913b99470efefdd496f7500e233d7a34a4bf246ca2321426334f7206282773114305bb5b045ee084a0c9e50c6160fc40ac34ba2009e1997f8f,England English,england,Where are you going?,WHERE ARE YOU GOING,cf08e8b1bc5a0f7414c9636acfc9a5bdcd748aadd2231b5e35daea8703d85d20
data2vec_base,suta,43,stage5ext_00175,fdcab9861a3de8913b99470efefdd496f7500e233d7a34a4bf246ca2321426334f7206282773114305bb5b045ee084a0c9e50c6160fc40ac34ba2009e1997f8f,England English,england,"When you're at a party and somebody says ""banana bread"", a sniper might be near you.",WE AT'S A PARTY AND SOMEBODY SAYS THE LANA BREAD A SNIPER MIGHT BE NEAR YOU,cf08e8b1bc5a0f7414c9636acfc9a5bdcd748aadd2231b5e35daea8703d85d20
data2vec_base,suta,43,stage5ext_00176,fdcab9861a3de8913b99470efefdd496f7500e233d7a34a4bf246ca2321426334f7206282773114305bb5b045ee084a0c9e50c6160fc40ac34ba2009e1997f8f,England English,england,"She was beautiful from behind, but he couldn't see her face yet.",SHE WAS BEAUTIFUL FROM BEHIND BUT HE COULDN'T SEE A FACE IT,cf08e8b1bc5a0f7414c9636acfc9a5bdcd748aadd2231b5e35daea8703d85d20
data2vec_base,suta,44,stage5ext_00177,fdcab9861a3de8913b99470efefdd496f7500e233d7a34a4bf246ca2321426334f7206282773114305bb5b045ee084a0c9e50c6160fc40ac34ba2009e1997f8f,England English,england,Didn't you know that?,DIDN'T SHE KNOW THAT,01d468afc1f46127e9481d169daed8eda76101b55e4134908e35bf2addbc9ce9
data2vec_base,suta,44,stage5ext_00178,fdcab9861a3de8913b99470efefdd496f7500e233d7a34a4bf246ca2321426334f7206282773114305bb5b045ee084a0c9e50c6160fc40ac34ba2009e1997f8f,England English,england,What else can I do?,WHAT ELSE CAN I DO,01d468afc1f46127e9481d169daed8eda76101b55e4134908e35bf2addbc9ce9
data2vec_base,suta,44,stage5ext_00179,fdcab9861a3de8913b99470efefdd496f7500e233d7a34a4bf246ca2321426334f7206282773114305bb5b045ee084a0c9e50c6160fc40ac34ba2009e1997f8f,England English,england,May I borrow your bolster?,MAY I BORROW YOUR BOLSTER,01d468afc1f46127e9481d169daed8eda76101b55e4134908e35bf2addbc9ce9
data2vec_base,suta,44,stage5ext_00180,fdcab9861a3de8913b99470efefdd496f7500e233d7a34a4bf246ca2321426334f7206282773114305bb5b045ee084a0c9e50c6160fc40ac34ba2009e1997f8f,England English,england,"They walked in from the rain, all dishevelled and steaming.",THEY WALKED IN FROM THE RAIN ILL DISHEVELLED AND STEAMING,01d468afc1f46127e9481d169daed8eda76101b55e4134908e35bf2addbc9ce9
data2vec_base,suta,45,stage5ext_00181,7485d1e4fd50cc3801883f44ba2eaca4d5d18deb062c87bb6dd533c6db6cdca2a4b53ec84620337d88bc4417c254ba46b7f21517d0bec5305dd08e43c791410c,England English,england,Both have a notably red eye.,BOTH HAVE A NOTABLY RED EYE,5729ec8a4bc516df436e085ee5024ea63e6748c849939d119019b1cb96858618
data2vec_base,suta,45,stage5ext_00182,7485d1e4fd50cc3801883f44ba2eaca4d5d18deb062c87bb6dd533c6db6cdca2a4b53ec84620337d88bc4417c254ba46b7f21517d0bec5305dd08e43c791410c,England English,england,"At the conclusion of the season, Kerry and ThorSport Racing went their separate ways.",AT THE CONCLUSION OF THE SEASON CARREY AND THAW SPORT RACING WENT THEIR SEPARATE WAYS,5729ec8a4bc516df436e085ee5024ea63e6748c849939d119019b1cb96858618
data2vec_base,suta,45,stage5ext_00183,7485d1e4fd50cc3801883f44ba2eaca4d5d18deb062c87bb6dd533c6db6cdca2a4b53ec84620337d88bc4417c254ba46b7f21517d0bec5305dd08e43c791410c,England English,england,Prasterone is a steroid hormone.,PRASTERON IS A STEROID HORMOAN,5729ec8a4bc516df436e085ee5024ea63e6748c849939d119019b1cb96858618
data2vec_base,suta,45,stage5ext_00184,7485d1e4fd50cc3801883f44ba2eaca4d5d18deb062c87bb6dd533c6db6cdca2a4b53ec84620337d88bc4417c254ba46b7f21517d0bec5305dd08e43c791410c,England English,england,"A natural key is sometimes called ""domain key"".",A NATURAL KEY IS SOMETIMES CALLED DEMAIN KEY,5729ec8a4bc516df436e085ee5024ea63e6748c849939d119019b1cb96858618
data2vec_base,suta,46,stage5ext_00185,7485d1e4fd50cc3801883f44ba2eaca4d5d18deb062c87bb6dd533c6db6cdca2a4b53ec84620337d88bc4417c254ba46b7f21517d0bec5305dd08e43c791410c,England English,england,In China also along with Confucianism developed the tradition of Legalism.,IN CHINA ALSO ALONG WITH CONFUSIONISM DEVELOP THE TRADITION OF LEGALISM,0fe2ca271f1f43f6768123d42e9513f07ed56974e7f6dd70e3cf3eeb716ba7ca
data2vec_base,suta,46,stage5ext_00186,7485d1e4fd50cc3801883f44ba2eaca4d5d18deb062c87bb6dd533c6db6cdca2a4b53ec84620337d88bc4417c254ba46b7f21517d0bec5305dd08e43c791410c,England English,england,"Deeley describes her religious affiliation as Anglican, although she was not christened.",DEALY DESCRIBED HER RELIGIOUS AFFILIATIONS AS ANGLICAN ALTHOUGH SHE WAS NOT CHRISTENED,0fe2ca271f1f43f6768123d42e9513f07ed56974e7f6dd70e3cf3eeb716ba7ca
data2vec_base,suta,46,stage5ext_00187,7485d1e4fd50cc3801883f44ba2eaca4d5d18deb062c87bb6dd533c6db6cdca2a4b53ec84620337d88bc4417c254ba46b7f21517d0bec5305dd08e43c791410c,England English,england,The program highlighted Chadwick's hometown of San Diego.,THE PROGRAME HIGH LIGHTED CHADWIK'S HOME TOWN OF SANDIEGO,0fe2ca271f1f43f6768123d42e9513f07ed56974e7f6dd70e3cf3eeb716ba7ca
data2vec_base,suta,46,stage5ext_00188,7485d1e4fd50cc3801883f44ba2eaca4d5d18deb062c87bb6dd533c6db6cdca2a4b53ec84620337d88bc4417c254ba46b7f21517d0bec5305dd08e43c791410c,England English,england,"The township calls itself ""New Jersey's Largest Municipality"" on its stationery and its website.",THE TOWNSHIP CALLS ITSELF NEW JERSEY'S LARGEST MUNICIPALITY ON ITS STATIONARY AND ITS WEBSITE,0fe2ca271f1f43f6768123d42e9513f07ed56974e7f6dd70e3cf3eeb716ba7ca
data2vec_base,suta,47,stage5ext_00189,7485d1e4fd50cc3801883f44ba2eaca4d5d18deb062c87bb6dd533c6db6cdca2a4b53ec84620337d88bc4417c254ba46b7f21517d0bec5305dd08e43c791410c,England English,england,Morrow County is considered to be a part of Mid Ohio.,MORO COUNTY IS CONSIDERED TO BE PART OF MID OHIO,ddabfe5232864bb1804473ffb1309d60cd498bc74cbdfb09439a6dbf2d24372c
data2vec_base,suta,47,stage5ext_00190,7485d1e4fd50cc3801883f44ba2eaca4d5d18deb062c87bb6dd533c6db6cdca2a4b53ec84620337d88bc4417c254ba46b7f21517d0bec5305dd08e43c791410c,England English,england,Bryan disliked the Klan but never publicly attacked it.,BRIAN DISLIKED THE CLAN BUT NEVER PUBLICLY ATTACKED IT,ddabfe5232864bb1804473ffb1309d60cd498bc74cbdfb09439a6dbf2d24372c
data2vec_base,suta,47,stage5ext_00191,7485d1e4fd50cc3801883f44ba2eaca4d5d18deb062c87bb6dd533c6db6cdca2a4b53ec84620337d88bc4417c254ba46b7f21517d0bec5305dd08e43c791410c,England English,england,The area around present-day Yokosuka city has been inhabited for thousands of years.,THE AREA AROUND PRESENT DAY YOCO SUCA CITY HAS BEEN INHABITED FOR THOUSANDS OF YEARS,ddabfe5232864bb1804473ffb1309d60cd498bc74cbdfb09439a6dbf2d24372c
data2vec_base,suta,47,stage5ext_00192,7485d1e4fd50cc3801883f44ba2eaca4d5d18deb062c87bb6dd533c6db6cdca2a4b53ec84620337d88bc4417c254ba46b7f21517d0bec5305dd08e43c791410c,England English,england,Original music for the film was composed by Rachel Portman.,ORIGINAL MUSIC FOR THE FILM WAS COMPOSED BY RACHAEL PORKMAN,ddabfe5232864bb1804473ffb1309d60cd498bc74cbdfb09439a6dbf2d24372c
data2vec_base,suta,48,stage5ext_00193,7485d1e4fd50cc3801883f44ba2eaca4d5d18deb062c87bb6dd533c6db6cdca2a4b53ec84620337d88bc4417c254ba46b7f21517d0bec5305dd08e43c791410c,England English,england,It has a Rocky Top address.,IT HAS A ROCKY TOP ADDRESS,58168c93e2710dc49545c4e78885efd334cb89bcc0c78f0b22e8800532ee63c5
data2vec_base,suta,48,stage5ext_00194,7485d1e4fd50cc3801883f44ba2eaca4d5d18deb062c87bb6dd533c6db6cdca2a4b53ec84620337d88bc4417c254ba46b7f21517d0bec5305dd08e43c791410c,England English,england,He was also created the Marquess of Hedong.,HE WAS ALSO CREATED THE MARQUIS OF HENDON,58168c93e2710dc49545c4e78885efd334cb89bcc0c78f0b22e8800532ee63c5
data2vec_base,suta,48,stage5ext_00195,7485d1e4fd50cc3801883f44ba2eaca4d5d18deb062c87bb6dd533c6db6cdca2a4b53ec84620337d88bc4417c254ba46b7f21517d0bec5305dd08e43c791410c,England English,england,"However, there are strong reasons to doubt that this is him.",HOWEVER THERE ARE STRONG REASONS TO DOUBT THAT THIS IS HIM,58168c93e2710dc49545c4e78885efd334cb89bcc0c78f0b22e8800532ee63c5
data2vec_base,suta,48,stage5ext_00196,3660ede2a2a5b5d649342a4a5c04e6b398b1247566aad9c6f059a84e8fa5405dd489100055b29dec8fa9b337b3661c001754f4f302bb85bd39eac24bee4023fe,England English,england,The old man returned the book to the boy.,THE OLD MAN RETURNED THE BOOK TO THE BOY,58168c93e2710dc49545c4e78885efd334cb89bcc0c78f0b22e8800532ee63c5
data2vec_base,suta,49,stage5ext_00197,3660ede2a2a5b5d649342a4a5c04e6b398b1247566aad9c6f059a84e8fa5405dd489100055b29dec8fa9b337b3661c001754f4f302bb85bd39eac24bee4023fe,England English,england,"From where he sat, he could observe the plaza.",FROM WHERE HE SAT HE COULD OBSERVE THE PLOSER,c8aaa4339239c45c310079afeba913c50ef20bf6951ec786d0a99eb27ba96c3d
data2vec_base,suta,49,stage5ext_00198,3660ede2a2a5b5d649342a4a5c04e6b398b1247566aad9c6f059a84e8fa5405dd489100055b29dec8fa9b337b3661c001754f4f302bb85bd39eac24bee4023fe,England English,england,He could always go back to being a shepherd.,HE COULD ALWAYS GO BACK TO BEING A SHEPHERD,c8aaa4339239c45c310079afeba913c50ef20bf6951ec786d0a99eb27ba96c3d
data2vec_base,suta,49,stage5ext_00199,3660ede2a2a5b5d649342a4a5c04e6b398b1247566aad9c6f059a84e8fa5405dd489100055b29dec8fa9b337b3661c001754f4f302bb85bd39eac24bee4023fe,England English,england,A large piece suddenly came off and fell with a loud and sharp noise.,A LARGE PIECE SUDDENLY CAME OFF AND FELL WITH A LOUD AND SHARP NOISE,c8aaa4339239c45c310079afeba913c50ef20bf6951ec786d0a99eb27ba96c3d
data2vec_base,suta,49,stage5ext_00200,3660ede2a2a5b5d649342a4a5c04e6b398b1247566aad9c6f059a84e8fa5405dd489100055b29dec8fa9b337b3661c001754f4f302bb85bd39eac24bee4023fe,England English,england,The boy thought of Fatima.,THE BOY THOUGHT OF VATIMAN,c8aaa4339239c45c310079afeba913c50ef20bf6951ec786d0a99eb27ba96c3d
data2vec_base,suta,50,stage5ext_00201,3660ede2a2a5b5d649342a4a5c04e6b398b1247566aad9c6f059a84e8fa5405dd489100055b29dec8fa9b337b3661c001754f4f302bb85bd39eac24bee4023fe,England English,england,"Curse the moment I met that old man, he thought.",CURSE THE MOMENT I MENT THAT OLD MAN HE THOUGHT,5ce16f775e2cb45af451581a4af6722fa775e585441745dca3ed21e0abc2b6e7
data2vec_base,suta,50,stage5ext_00202,3660ede2a2a5b5d649342a4a5c04e6b398b1247566aad9c6f059a84e8fa5405dd489100055b29dec8fa9b337b3661c001754f4f302bb85bd39eac24bee4023fe,England English,england,"Something older than humanity, more ancient than the desert.",SOMETHING OLDER THAN HUMANITY MORE ANCIENT THAN THE DESERT,5ce16f775e2cb45af451581a4af6722fa775e585441745dca3ed21e0abc2b6e7
data2vec_base,suta,50,stage5ext_00203,3660ede2a2a5b5d649342a4a5c04e6b398b1247566aad9c6f059a84e8fa5405dd489100055b29dec8fa9b337b3661c001754f4f302bb85bd39eac24bee4023fe,England English,england,The boy became fearful; the omens told him that something was wrong.,THE BOY BECAME FEARFUL THE EOMANS TOLD HIM THAT SOMETHING WAS WRONG,5ce16f775e2cb45af451581a4af6722fa775e585441745dca3ed21e0abc2b6e7
data2vec_base,suta,50,stage5ext_00204,3660ede2a2a5b5d649342a4a5c04e6b398b1247566aad9c6f059a84e8fa5405dd489100055b29dec8fa9b337b3661c001754f4f302bb85bd39eac24bee4023fe,England English,england,The turf and gravel around it seemed charred as if by a sudden explosion.,THE TURF AND GRAVEL AROUND IT SEEMED CHARRED AS IF BY A SUDDEN EXPLOSION,5ce16f775e2cb45af451581a4af6722fa775e585441745dca3ed21e0abc2b6e7
data2vec_base,suta,51,stage5ext_00205,3660ede2a2a5b5d649342a4a5c04e6b398b1247566aad9c6f059a84e8fa5405dd489100055b29dec8fa9b337b3661c001754f4f302bb85bd39eac24bee4023fe,England English,england,"Everything in the universe evolved, he said.",EVERYTHING IN THE UNIVERSE EVOLVED HE SAID,0cfbdd130e976c33f1a86881b124a8ca8d494324b6670148107d9529519e081d
data2vec_base,suta,51,stage5ext_00206,3660ede2a2a5b5d649342a4a5c04e6b398b1247566aad9c6f059a84e8fa5405dd489100055b29dec8fa9b337b3661c001754f4f302bb85bd39eac24bee4023fe,England English,england,He stood irresolute for a moment and then scrambled out of the pit.,HE STOOD IRRESOLUTE FOR A MOMENT AND THEN SCRAMBLED OUT OF THE PITT,0cfbdd130e976c33f1a86881b124a8ca8d494324b6670148107d9529519e081d
data2vec_base,suta,51,stage5ext_00207,3660ede2a2a5b5d649342a4a5c04e6b398b1247566aad9c6f059a84e8fa5405dd489100055b29dec8fa9b337b3661c001754f4f302bb85bd39eac24bee4023fe,England English,england,They reminded him of the old man.,THEY REMINDED HIM OF THE OLD MAN,0cfbdd130e976c33f1a86881b124a8ca8d494324b6670148107d9529519e081d
data2vec_base,suta,51,stage5ext_00208,3660ede2a2a5b5d649342a4a5c04e6b398b1247566aad9c6f059a84e8fa5405dd489100055b29dec8fa9b337b3661c001754f4f302bb85bd39eac24bee4023fe,England English,england,It made me very depressed.,IT MADE ME VERY DEPRESSED,0cfbdd130e976c33f1a86881b124a8ca8d494324b6670148107d9529519e081d
data2vec_base,suta,52,stage5ext_00209,3660ede2a2a5b5d649342a4a5c04e6b398b1247566aad9c6f059a84e8fa5405dd489100055b29dec8fa9b337b3661c001754f4f302bb85bd39eac24bee4023fe,England English,england,"The desert takes our men from us, and they don't always return, she said.",THE DESERT TAKES OUR MEN FROM US AND THEY DON'T ALWAYS RETURN SHE SAID,f772dc68fa813266ccc471b28f823eba1c87e1243560b3cc4815918c6be2333c
data2vec_base,suta,52,stage5ext_00210,3660ede2a2a5b5d649342a4a5c04e6b398b1247566aad9c6f059a84e8fa5405dd489100055b29dec8fa9b337b3661c001754f4f302bb85bd39eac24bee4023fe,England English,england,"I'm not going very far, the alchemist answered, looking straight into the eyes of the horsemen.",I'M NOT GOING VERY FAR THE ALCORIST ANSWERED LOOKING STRAIGHT INTO THE EYES OF THE HORSEMAN,f772dc68fa813266ccc471b28f823eba1c87e1243560b3cc4815918c6be2333c
data2vec_base,suta,52,stage5ext_00211,8a8222dab0c0c42714216b9bd4c9df455639a8ab6bf3e8b9f2bfcacf53429403cad2b28435366b158f4e53f423dd2371753476ff45cef46cde7012b3f749dd14,England English,england,How can I help you madam?,HOW CAN I HELP YOU MADAME,f772dc68fa813266ccc471b28f823eba1c87e1243560b3cc4815918c6be2333c
data2vec_base,suta,52,stage5ext_00212,8a8222dab0c0c42714216b9bd4c9df455639a8ab6bf3e8b9f2bfcacf53429403cad2b28435366b158f4e53f423dd2371753476ff45cef46cde7012b3f749dd14,England English,england,"The very next day, he woke refreshed.",THE VERY NEXT DAY HE WOKE REFREST,f772dc68fa813266ccc471b28f823eba1c87e1243560b3cc4815918c6be2333c
data2vec_base,suta,53,stage5ext_00213,8a8222dab0c0c42714216b9bd4c9df455639a8ab6bf3e8b9f2bfcacf53429403cad2b28435366b158f4e53f423dd2371753476ff45cef46cde7012b3f749dd14,England English,england,"The C++ framework Qt is pronounced like ""cute"".",THE SEPLASPLAUS FRAMEWORK CUTY IS PRONOUNCED LIKE CUTES,4b287f1334980d2de7723919c72d3b556154a8eda5d9c858f9922b7b43f587dc
data2vec_base,suta,53,stage5ext_00214,8a8222dab0c0c42714216b9bd4c9df455639a8ab6bf3e8b9f2bfcacf53429403cad2b28435366b158f4e53f423dd2371753476ff45cef46cde7012b3f749dd14,England English,england,"Please use normal slashes, not backslashes.",PLEASE USE NORMAL SLASHES NOT BACKSLASHES,4b287f1334980d2de7723919c72d3b556154a8eda5d9c858f9922b7b43f587dc
data2vec_base,suta,53,stage5ext_00215,8a8222dab0c0c42714216b9bd4c9df455639a8ab6bf3e8b9f2bfcacf53429403cad2b28435366b158f4e53f423dd2371753476ff45cef46cde7012b3f749dd14,England English,england,What did I tell you?,WHAT DID I TELL YOU,4b287f1334980d2de7723919c72d3b556154a8eda5d9c858f9922b7b43f587dc
data2vec_base,suta,53,stage5ext_00216,8a8222dab0c0c42714216b9bd4c9df455639a8ab6bf3e8b9f2bfcacf53429403cad2b28435366b158f4e53f423dd2371753476ff45cef46cde7012b3f749dd14,England English,england,"They are very impressive, I will admit.",THEY ARE VERY IMPRESSIVE I WILL ADMIT,4b287f1334980d2de7723919c72d3b556154a8eda5d9c858f9922b7b43f587dc
data2vec_base,suta,54,stage5ext_00217,8a8222dab0c0c42714216b9bd4c9df455639a8ab6bf3e8b9f2bfcacf53429403cad2b28435366b158f4e53f423dd2371753476ff45cef46cde7012b3f749dd14,England English,england,"On his visit in Iran, the diplomat criticized the strict censorship.",ON HIS VESE AND I WON THE DIPLOMAT CRITICISED THE STRICT CENSORSHIP,db3c8d901aa171c9f53e410bf42a01b715581ca7030bce7a8d7401e0db3cdff0
data2vec_base,suta,54,stage5ext_00218,8a8222dab0c0c42714216b9bd4c9df455639a8ab6bf3e8b9f2bfcacf53429403cad2b28435366b158f4e53f423dd2371753476ff45cef46cde7012b3f749dd14,England English,england,"Roger, the backup team is on the way.",ROGER THE BACK UP TEAM IS ON THE WAY,db3c8d901aa171c9f53e410bf42a01b715581ca7030bce7a8d7401e0db3cdff0
data2vec_base,suta,54,stage5ext_00219,8a8222dab0c0c42714216b9bd4c9df455639a8ab6bf3e8b9f2bfcacf53429403cad2b28435366b158f4e53f423dd2371753476ff45cef46cde7012b3f749dd14,England English,england,Do you know what kind of package it was?,DO YOU KNOW WHAT KIND OF PACKAGE IT WAS,db3c8d901aa171c9f53e410bf42a01b715581ca7030bce7a8d7401e0db3cdff0
data2vec_base,suta,54,stage5ext_00220,8a8222dab0c0c42714216b9bd4c9df455639a8ab6bf3e8b9f2bfcacf53429403cad2b28435366b158f4e53f423dd2371753476ff45cef46cde7012b3f749dd14,England English,england,And what did you do then?,AND WHAT DID YOU DO THEN,db3c8d901aa171c9f53e410bf42a01b715581ca7030bce7a8d7401e0db3cdff0
data2vec_base,suta,55,stage5ext_00221,8a8222dab0c0c42714216b9bd4c9df455639a8ab6bf3e8b9f2bfcacf53429403cad2b28435366b158f4e53f423dd2371753476ff45cef46cde7012b3f749dd14,England English,england,Have I offended you?,HAVE I OFFENDED YOU,4fcfb365e5fefedbfa69b2adbeb93c9417c3157e21152ea1397fa7f335862afc
data2vec_base,suta,55,stage5ext_00222,8a8222dab0c0c42714216b9bd4c9df455639a8ab6bf3e8b9f2bfcacf53429403cad2b28435366b158f4e53f423dd2371753476ff45cef46cde7012b3f749dd14,England English,england,How is Mozilla going to handle ambiguities like queue and cue?,HOW IS MAZIL GOING TO HANDLE AMBIGITIES LIKE CUE AND CUE,4fcfb365e5fefedbfa69b2adbeb93c9417c3157e21152ea1397fa7f335862afc
data2vec_base,suta,55,stage5ext_00223,8a8222dab0c0c42714216b9bd4c9df455639a8ab6bf3e8b9f2bfcacf53429403cad2b28435366b158f4e53f423dd2371753476ff45cef46cde7012b3f749dd14,England English,england,"Let's start it all over again, how about that?",LET'S START IT ALL OVER AGAIN HOW AROUNCE THAT,4fcfb365e5fefedbfa69b2adbeb93c9417c3157e21152ea1397fa7f335862afc
data2vec_base,suta,55,stage5ext_00224,8a8222dab0c0c42714216b9bd4c9df455639a8ab6bf3e8b9f2bfcacf53429403cad2b28435366b158f4e53f423dd2371753476ff45cef46cde7012b3f749dd14,England English,england,"Glass eel is on the menu today, but it's too expensive.",GLASS EVIL IS ON THE MENU TO DAY BUT IT'S TOO EXPENSIVE,4fcfb365e5fefedbfa69b2adbeb93c9417c3157e21152ea1397fa7f335862afc
data2vec_base,suta,56,stage5ext_00225,8a8222dab0c0c42714216b9bd4c9df455639a8ab6bf3e8b9f2bfcacf53429403cad2b28435366b158f4e53f423dd2371753476ff45cef46cde7012b3f749dd14,England English,england,Do you have Nina's phone number?,DO YOU HAVE NENESS FOR NUMBER,0e7982296b22ebb1dd09066783a7db0c822c8a2179ccca33ba0e8a986c436953
data2vec_base,suta,56,stage5ext_00226,f25805de2cc32954193ecf06eea5b03b4bfdb4bfb76079cb6962fa8e301d5037ef953ff8c308458f121dfbc0f9933692b0eaee142f42a33ef6b7be7df794ed3b,England English,england,I wrote that for Tony Scott.,I WROTE THAT FOR TONY SCOT,0e7982296b22ebb1dd09066783a7db0c822c8a2179ccca33ba0e8a986c436953
data2vec_base,suta,56,stage5ext_00227,f25805de2cc32954193ecf06eea5b03b4bfdb4bfb76079cb6962fa8e301d5037ef953ff8c308458f121dfbc0f9933692b0eaee142f42a33ef6b7be7df794ed3b,England English,england,The atoll is surrounded by a coral reef without a proper passage.,THE ATOL IS SURROUNDED BY A COVER REEF WITHOUT A PROPER PASSAGE,0e7982296b22ebb1dd09066783a7db0c822c8a2179ccca33ba0e8a986c436953
data2vec_base,suta,56,stage5ext_00228,f25805de2cc32954193ecf06eea5b03b4bfdb4bfb76079cb6962fa8e301d5037ef953ff8c308458f121dfbc0f9933692b0eaee142f42a33ef6b7be7df794ed3b,England English,england,There are conflicting reports as to why Blair was asked to resign.,THERE ARE CONFLICTING REPORTS AS TO WHY BLAIR WAS ASKED TO RESIGN,0e7982296b22ebb1dd09066783a7db0c822c8a2179ccca33ba0e8a986c436953
data2vec_base,suta,57,stage5ext_00229,f25805de2cc32954193ecf06eea5b03b4bfdb4bfb76079cb6962fa8e301d5037ef953ff8c308458f121dfbc0f9933692b0eaee142f42a33ef6b7be7df794ed3b,England English,england,There they visited a number of monastic foundations.,THERE THEY VISITED A NUMBER OF MONASTIC FOUNDATIONS,8353839b486c45973c9516457452a21284a8c1481da207050d4097b58d4d5f4f
data2vec_base,suta,57,stage5ext_00230,f25805de2cc32954193ecf06eea5b03b4bfdb4bfb76079cb6962fa8e301d5037ef953ff8c308458f121dfbc0f9933692b0eaee142f42a33ef6b7be7df794ed3b,England English,england,"The information regarding Amrod's naming, especially, comes from ""The Peoples of Middle-earth"".",THE INFORMATION REGARDING AMROD'S NAMIN ESPECIALLY COMES FROM THE PEOPLES OF MIDDLE EARTH,8353839b486c45973c9516457452a21284a8c1481da207050d4097b58d4d5f4f
data2vec_base,suta,57,stage5ext_00231,f25805de2cc32954193ecf06eea5b03b4bfdb4bfb76079cb6962fa8e301d5037ef953ff8c308458f121dfbc0f9933692b0eaee142f42a33ef6b7be7df794ed3b,England English,england,"It is located within the borders of Gothenburg Municipality, hence its name.",IT IS LOCATED WITHIN THE BORDERS OF GOTTENBURG MUNICIPALITY HENCE ITS NAME,8353839b486c45973c9516457452a21284a8c1481da207050d4097b58d4d5f4f
data2vec_base,suta,57,stage5ext_00232,f25805de2cc32954193ecf06eea5b03b4bfdb4bfb76079cb6962fa8e301d5037ef953ff8c308458f121dfbc0f9933692b0eaee142f42a33ef6b7be7df794ed3b,England English,england,Billy May won the Grammy Award for Best Arrangement.,BILLY MAY WON THE GRAMIA WARD FOR BEST ARRANGEMENT,8353839b486c45973c9516457452a21284a8c1481da207050d4097b58d4d5f4f
data2vec_base,suta,58,stage5ext_00233,f25805de2cc32954193ecf06eea5b03b4bfdb4bfb76079cb6962fa8e301d5037ef953ff8c308458f121dfbc0f9933692b0eaee142f42a33ef6b7be7df794ed3b,England English,england,Three additional buildings house kindergarten students.,THREE ADDITIONAL BUILDINGS HOUSE KINDERGARTEN STUDENTS,5998b7f051e086e0d93bf35ce716b653947a585c69508fd5a6bf87d231f8d57a
data2vec_base,suta,58,stage5ext_00234,f25805de2cc32954193ecf06eea5b03b4bfdb4bfb76079cb6962fa8e301d5037ef953ff8c308458f121dfbc0f9933692b0eaee142f42a33ef6b7be7df794ed3b,England English,england,Its name is derived from the historic county of Surrey in England.,ITS NAME IS DERIVED FROM THE HISTORIC COUNTY OF SURREY IN ENGLAND,5998b7f051e086e0d93bf35ce716b653947a585c69508fd5a6bf87d231f8d57a
data2vec_base,suta,58,stage5ext_00235,f25805de2cc32954193ecf06eea5b03b4bfdb4bfb76079cb6962fa8e301d5037ef953ff8c308458f121dfbc0f9933692b0eaee142f42a33ef6b7be7df794ed3b,England English,england,"Dilshan is one such rare cricketer who can bat, bowl, field and keep wickets.",DILSHAN IS ONE SUCH RARE CRICKETER WHO CAN BAT BOWL FIELD AND KEEP WICKETS,5998b7f051e086e0d93bf35ce716b653947a585c69508fd5a6bf87d231f8d57a
data2vec_base,suta,58,stage5ext_00236,f25805de2cc32954193ecf06eea5b03b4bfdb4bfb76079cb6962fa8e301d5037ef953ff8c308458f121dfbc0f9933692b0eaee142f42a33ef6b7be7df794ed3b,England English,england,"In the resulting field, these ""a"" and ""b"" are inverses.",IN THE RESULTING FIELD THESE A AND B ARE INVERSES,5998b7f051e086e0d93bf35ce716b653947a585c69508fd5a6bf87d231f8d57a
data2vec_base,suta,59,stage5ext_00237,f25805de2cc32954193ecf06eea5b03b4bfdb4bfb76079cb6962fa8e301d5037ef953ff8c308458f121dfbc0f9933692b0eaee142f42a33ef6b7be7df794ed3b,England English,england,To the Church he left little and to the pope only a souvenir.,TO THE CHURCH HE LEFT LITTLE AND TO THE POPE ON YE SOUVENIR,90b0c1a6b09379c625fb2853393c0877286c8342ba231262e8a68cc0ab5306f4
data2vec_base,suta,59,stage5ext_00238,f25805de2cc32954193ecf06eea5b03b4bfdb4bfb76079cb6962fa8e301d5037ef953ff8c308458f121dfbc0f9933692b0eaee142f42a33ef6b7be7df794ed3b,England English,england,There are several formats for the team pursuit.,THERE ARE SEVERAL FOREMATS FOR THE TEAM PURSUIT,90b0c1a6b09379c625fb2853393c0877286c8342ba231262e8a68cc0ab5306f4
data2vec_base,suta,59,stage5ext_00239,f25805de2cc32954193ecf06eea5b03b4bfdb4bfb76079cb6962fa8e301d5037ef953ff8c308458f121dfbc0f9933692b0eaee142f42a33ef6b7be7df794ed3b,England English,england,"In Harrison, the route enters a residential area before curving southeast toward Stephenson Avenue.",IN HARRISON THE ROUTE ENTERS THE RESIDENTIAL AREA BEFORE CURVING SOUTHEAST TOWARD STEPHENSON AVENUE,90b0c1a6b09379c625fb2853393c0877286c8342ba231262e8a68cc0ab5306f4
data2vec_base,suta,59,stage5ext_00240,f25805de2cc32954193ecf06eea5b03b4bfdb4bfb76079cb6962fa8e301d5037ef953ff8c308458f121dfbc0f9933692b0eaee142f42a33ef6b7be7df794ed3b,England English,england,"The other track, ""To Your Grave"", remains unreleased.",THE OTHER TRUCK AT YOUR GRAVE REMAINS UNRELEASED,90b0c1a6b09379c625fb2853393c0877286c8342ba231262e8a68cc0ab5306f4
data2vec_base,suta,60,stage5ext_00241,b2366de045c2eb18ed349bee593e8f3a0c9038602bb8f13f2008fe4ff2087aaa4e5ac78379011510dc25d6a7bcd36a3a6ac86b35f0a27b886832c337d95f27d5,England English,england,The standard prescribes that address collisions must be handled gracefully.,THE STANDARD PRESCRIBES THE ADDRESSED COLLISIONS MUST BE HANG ED GRACEFULLY,6dcc6ac27f44df97084da9a6fe31b59c932346bbae90471ba54f5d3bd8f5a49c
data2vec_base,suta,60,stage5ext_00242,b2366de045c2eb18ed349bee593e8f3a0c9038602bb8f13f2008fe4ff2087aaa4e5ac78379011510dc25d6a7bcd36a3a6ac86b35f0a27b886832c337d95f27d5,England English,england,"To this end, they offered the role to Harrison Ford who turned them down.",TO THIS END THEY OFFERED THE ROLL TO HARRISON FORPE AND TURNED THEM DOWN,6dcc6ac27f44df97084da9a6fe31b59c932346bbae90471ba54f5d3bd8f5a49c
data2vec_base,suta,60,stage5ext_00243,b2366de045c2eb18ed349bee593e8f3a0c9038602bb8f13f2008fe4ff2087aaa4e5ac78379011510dc25d6a7bcd36a3a6ac86b35f0a27b886832c337d95f27d5,England English,england,"The word comes from ""krievs"", which means ""Russian"".",THE WORD COMES FROM CREEFS WHICH MEANS MASSHION,6dcc6ac27f44df97084da9a6fe31b59c932346bbae90471ba54f5d3bd8f5a49c
data2vec_base,suta,60,stage5ext_00244,b2366de045c2eb18ed349bee593e8f3a0c9038602bb8f13f2008fe4ff2087aaa4e5ac78379011510dc25d6a7bcd36a3a6ac86b35f0a27b886832c337d95f27d5,England English,england,"If he went before, he looked back.",IF HE WENT BEFORE HE LOOKED BACK,6dcc6ac27f44df97084da9a6fe31b59c932346bbae90471ba54f5d3bd8f5a49c
data2vec_base,suta,61,stage5ext_00245,b2366de045c2eb18ed349bee593e8f3a0c9038602bb8f13f2008fe4ff2087aaa4e5ac78379011510dc25d6a7bcd36a3a6ac86b35f0a27b886832c337d95f27d5,England English,england,It is the Artin root number.,IT IS THE ALCIAN RUGENUMBER,5db9a1ccb7256f2074e104f762ed4ed9417f4c40dd2fa38f66d04f1ee7fc26e5
data2vec_base,suta,61,stage5ext_00246,b2366de045c2eb18ed349bee593e8f3a0c9038602bb8f13f2008fe4ff2087aaa4e5ac78379011510dc25d6a7bcd36a3a6ac86b35f0a27b886832c337d95f27d5,England English,england,"Yet, we will ensure that one brutal dictator is not replaced by another.",YET WE WILL ENSURE THAT ONE BUT OF TITATOR IS NOT REPLACED BY ANOTHER,5db9a1ccb7256f2074e104f762ed4ed9417f4c40dd2fa38f66d04f1ee7fc26e5
data2vec_base,suta,61,stage5ext_00247,b2366de045c2eb18ed349bee593e8f3a0c9038602bb8f13f2008fe4ff2087aaa4e5ac78379011510dc25d6a7bcd36a3a6ac86b35f0a27b886832c337d95f27d5,England English,england,Mythic Legions is a fantasy line of action figures from Four Horsemen Studios.,MYTHIC LEGIONS IS A FANTASY LINE OF ACTION FIGURES FROM FOUR HORSEMEN STUDIOS,5db9a1ccb7256f2074e104f762ed4ed9417f4c40dd2fa38f66d04f1ee7fc26e5
data2vec_base,suta,61,stage5ext_00248,b2366de045c2eb18ed349bee593e8f3a0c9038602bb8f13f2008fe4ff2087aaa4e5ac78379011510dc25d6a7bcd36a3a6ac86b35f0a27b886832c337d95f27d5,England English,england,It is a simple scrape with no nest material used.,IT IS A SIMPLE SCRAPE WITH NO NEST MATERIAL USED,5db9a1ccb7256f2074e104f762ed4ed9417f4c40dd2fa38f66d04f1ee7fc26e5
data2vec_base,suta,62,stage5ext_00249,b2366de045c2eb18ed349bee593e8f3a0c9038602bb8f13f2008fe4ff2087aaa4e5ac78379011510dc25d6a7bcd36a3a6ac86b35f0a27b886832c337d95f27d5,England English,england,"He is the one who gives the gorilla the new name of ""Ishmael"".",HE IS THE ONE WHO GIVES THE CORINA THE NEW NAME OF ISHMAN,fd38c0e114ee8e8d25ab149b0aa665c83f5b6d4a2cfa6e37c7a851d2b86cc720
data2vec_base,suta,62,stage5ext_00250,b2366de045c2eb18ed349bee593e8f3a0c9038602bb8f13f2008fe4ff2087aaa4e5ac78379011510dc25d6a7bcd36a3a6ac86b35f0a27b886832c337d95f27d5,England English,england,The center was then called Smirnoff Music Centre.,THE CENTR WAS THEN CALLED SMANDOFF MUSIC SYNTUM,fd38c0e114ee8e8d25ab149b0aa665c83f5b6d4a2cfa6e37c7a851d2b86cc720
data2vec_base,suta,62,stage5ext_00251,b2366de045c2eb18ed349bee593e8f3a0c9038602bb8f13f2008fe4ff2087aaa4e5ac78379011510dc25d6a7bcd36a3a6ac86b35f0a27b886832c337d95f27d5,England English,england,"Also in these television series, Winnetou was played by Brice.",ALSO IN THESE TETTERS YONS HERIES WINNSE REPLIED BY BROCE,fd38c0e114ee8e8d25ab149b0aa665c83f5b6d4a2cfa6e37c7a851d2b86cc720
data2vec_base,suta,62,stage5ext_00252,b2366de045c2eb18ed349bee593e8f3a0c9038602bb8f13f2008fe4ff2087aaa4e5ac78379011510dc25d6a7bcd36a3a6ac86b35f0a27b886832c337d95f27d5,England English,england,The event is televised around the globe.,THE EVENT IS TENEVISED AROUND THE GLOBE,fd38c0e114ee8e8d25ab149b0aa665c83f5b6d4a2cfa6e37c7a851d2b86cc720
data2vec_base,suta,63,stage5ext_00253,b2366de045c2eb18ed349bee593e8f3a0c9038602bb8f13f2008fe4ff2087aaa4e5ac78379011510dc25d6a7bcd36a3a6ac86b35f0a27b886832c337d95f27d5,England English,england,Matthews later started Newbridge Networks.,MATTHEW'S LATER STARTED NEWBRIDGE NET WORKS,83cffe26496dc1507f7daee5c38c041ba9d1b1119482055cea0e0162361116c8
data2vec_base,suta,63,stage5ext_00254,b2366de045c2eb18ed349bee593e8f3a0c9038602bb8f13f2008fe4ff2087aaa4e5ac78379011510dc25d6a7bcd36a3a6ac86b35f0a27b886832c337d95f27d5,England English,england,Examples of this apparently ungrammatical usage can be found throughout the history of English.,EXAMPLES OF THIS APPARENTLY ANCROMATICAL USAGE CAN BE FOUND THROUGHOUT THE HISTRIINGE,83cffe26496dc1507f7daee5c38c041ba9d1b1119482055cea0e0162361116c8
data2vec_base,suta,63,stage5ext_00255,b2366de045c2eb18ed349bee593e8f3a0c9038602bb8f13f2008fe4ff2087aaa4e5ac78379011510dc25d6a7bcd36a3a6ac86b35f0a27b886832c337d95f27d5,England English,england,FaSinPat has been financially successful and able to expand.,FA SIN PAT HAS BEEN FINANCIALLY SUCCESSFUL AND ABLE TO EXPEND,83cffe26496dc1507f7daee5c38c041ba9d1b1119482055cea0e0162361116c8
data2vec_base,suta,63,stage5ext_00256,94902b88a78c4f1863a7effcce3553303f5bb14d8d6eea7900eea1c261ebf3a2ea97f8d9ecfc4c58dbe683f2df36a1653231f495f7ad9cc38f9fe61a0b2275ac,England English,england,"Salmon is one of the most popular fish and very delicious, though usually not sustainable.",SALMON IS ONE OF THE MOST POPULAR FISH AND VERY DELICIOUS THOUGH USUALLY NOT SUSTAINABLE,83cffe26496dc1507f7daee5c38c041ba9d1b1119482055cea0e0162361116c8
data2vec_base,suta,64,stage5ext_00257,94902b88a78c4f1863a7effcce3553303f5bb14d8d6eea7900eea1c261ebf3a2ea97f8d9ecfc4c58dbe683f2df36a1653231f495f7ad9cc38f9fe61a0b2275ac,England English,england,"It's such an unfair world, innit?",IT'S SUCH AN UNFAREWELL IN IT,2fb056819d1c4e3de4da342987f9830865bb4405d78bb20fcd87e85bbbe8af2e
data2vec_base,suta,64,stage5ext_00258,94902b88a78c4f1863a7effcce3553303f5bb14d8d6eea7900eea1c261ebf3a2ea97f8d9ecfc4c58dbe683f2df36a1653231f495f7ad9cc38f9fe61a0b2275ac,England English,england,"A musical note sustained to its full length, with no break between it and the next note.",A MUSICAL NOTE SUSTAINED TO ITS FULL LENGTH WITH NO BREAK BETWEEN IT AND THE NEXT NOTE,2fb056819d1c4e3de4da342987f9830865bb4405d78bb20fcd87e85bbbe8af2e
data2vec_base,suta,64,stage5ext_00259,94902b88a78c4f1863a7effcce3553303f5bb14d8d6eea7900eea1c261ebf3a2ea97f8d9ecfc4c58dbe683f2df36a1653231f495f7ad9cc38f9fe61a0b2275ac,England English,england,"After playing tennis in virtual reality, he felt dizzy.",AFTER PLAYING TENNYSIN VIRTUAL REALITY HE FELT DIZZY,2fb056819d1c4e3de4da342987f9830865bb4405d78bb20fcd87e85bbbe8af2e
data2vec_base,suta,64,stage5ext_00260,94902b88a78c4f1863a7effcce3553303f5bb14d8d6eea7900eea1c261ebf3a2ea97f8d9ecfc4c58dbe683f2df36a1653231f495f7ad9cc38f9fe61a0b2275ac,England English,england,"Take a sponge, some dish liquid and a towel, then get to work!",TAKE A SPONGE SOME DISH LIQUID AND A TOWEL THEN GET TO WORK,2fb056819d1c4e3de4da342987f9830865bb4405d78bb20fcd87e85bbbe8af2e
data2vec_base,suta,65,stage5ext_00261,94902b88a78c4f1863a7effcce3553303f5bb14d8d6eea7900eea1c261ebf3a2ea97f8d9ecfc4c58dbe683f2df36a1653231f495f7ad9cc38f9fe61a0b2275ac,England English,england,Have you seen Hollie?,HAVE YOU SEEN HOLLY,35e2369c1a3a7e079e2b6dc4f292ef7ce85bb0237266aeffcdcfa254fa57a517
data2vec_base,suta,65,stage5ext_00262,94902b88a78c4f1863a7effcce3553303f5bb14d8d6eea7900eea1c261ebf3a2ea97f8d9ecfc4c58dbe683f2df36a1653231f495f7ad9cc38f9fe61a0b2275ac,England English,england,Do geese always fly in that formation?,DE GHEESE ALWAYS FLY IN THAT FORMATION,35e2369c1a3a7e079e2b6dc4f292ef7ce85bb0237266aeffcdcfa254fa57a517
data2vec_base,suta,65,stage5ext_00263,94902b88a78c4f1863a7effcce3553303f5bb14d8d6eea7900eea1c261ebf3a2ea97f8d9ecfc4c58dbe683f2df36a1653231f495f7ad9cc38f9fe61a0b2275ac,England English,england,"No one picked up, so I went by her place on the way here.",NO ONE PICKED UP SO WENT BY HER PLACE ON THE WAY HERE,35e2369c1a3a7e079e2b6dc4f292ef7ce85bb0237266aeffcdcfa254fa57a517
data2vec_base,suta,65,stage5ext_00264,94902b88a78c4f1863a7effcce3553303f5bb14d8d6eea7900eea1c261ebf3a2ea97f8d9ecfc4c58dbe683f2df36a1653231f495f7ad9cc38f9fe61a0b2275ac,England English,england,Have I offended you?,HAVE I OFFENDED YOU,35e2369c1a3a7e079e2b6dc4f292ef7ce85bb0237266aeffcdcfa254fa57a517
data2vec_base,suta,66,stage5ext_00265,94902b88a78c4f1863a7effcce3553303f5bb14d8d6eea7900eea1c261ebf3a2ea97f8d9ecfc4c58dbe683f2df36a1653231f495f7ad9cc38f9fe61a0b2275ac,England English,england,What does that mean?,WHAT DOES THAT MEAN,3e76ce7946744222187d25bc22648bf50b3ff3bc9c8bc4201cc4f2c3f172e6c7
data2vec_base,suta,66,stage5ext_00266,94902b88a78c4f1863a7effcce3553303f5bb14d8d6eea7900eea1c261ebf3a2ea97f8d9ecfc4c58dbe683f2df36a1653231f495f7ad9cc38f9fe61a0b2275ac,England English,england,There's just one last bug I'd like to fix before I head home.,THERE'S JUST ONE LAST BUG I'D LIKE TO FIX BEFORE A HEAD HAM,3e76ce7946744222187d25bc22648bf50b3ff3bc9c8bc4201cc4f2c3f172e6c7
data2vec_base,suta,66,stage5ext_00267,94902b88a78c4f1863a7effcce3553303f5bb14d8d6eea7900eea1c261ebf3a2ea97f8d9ecfc4c58dbe683f2df36a1653231f495f7ad9cc38f9fe61a0b2275ac,England English,england,I suspect this may be someone new making themselves known.,I SUSPECT THIS MAY BE SOMEONE NEW MAKING THEMSELVES KNOWN,3e76ce7946744222187d25bc22648bf50b3ff3bc9c8bc4201cc4f2c3f172e6c7
data2vec_base,suta,66,stage5ext_00268,94902b88a78c4f1863a7effcce3553303f5bb14d8d6eea7900eea1c261ebf3a2ea97f8d9ecfc4c58dbe683f2df36a1653231f495f7ad9cc38f9fe61a0b2275ac,England English,england,"Clams are small, round, soft, and tasty.",CLAMS ARE SMALL ROUND SOFT AND TASTY,3e76ce7946744222187d25bc22648bf50b3ff3bc9c8bc4201cc4f2c3f172e6c7
data2vec_base,suta,67,stage5ext_00269,94902b88a78c4f1863a7effcce3553303f5bb14d8d6eea7900eea1c261ebf3a2ea97f8d9ecfc4c58dbe683f2df36a1653231f495f7ad9cc38f9fe61a0b2275ac,England English,england,Can I get the sandwich without mayonnaise?,CAN I GET A SAM WICH WITHOUT MANAIS,593c95e1cf82c3daf9b3885b7e9d7ac31ce46b9b742120420ce2d98fb6e925be
data2vec_base,suta,67,stage5ext_00270,94902b88a78c4f1863a7effcce3553303f5bb14d8d6eea7900eea1c261ebf3a2ea97f8d9ecfc4c58dbe683f2df36a1653231f495f7ad9cc38f9fe61a0b2275ac,England English,england,"Here, let me show you around.",HERE LET ME SHOW YOU AROUND,593c95e1cf82c3daf9b3885b7e9d7ac31ce46b9b742120420ce2d98fb6e925be
data2vec_base,suta,67,stage5ext_00271,3742174ae31b78b11558814a7196a5eec0f489ad3e728a2a125dd1a60c809a770eeaa758499c014bf728437835b4ea9c031a3a9c838b3882b35ed28744768ef3,England English,england,It will replace the existing train station hall inside the mall.,IT WILL REPLACE THE EXISTENT TRAIN STATION HALL INSIDE THEM ALL,593c95e1cf82c3daf9b3885b7e9d7ac31ce46b9b742120420ce2d98fb6e925be
data2vec_base,suta,67,stage5ext_00272,3742174ae31b78b11558814a7196a5eec0f489ad3e728a2a125dd1a60c809a770eeaa758499c014bf728437835b4ea9c031a3a9c838b3882b35ed28744768ef3,England English,england,"Yes, it would be.",YES IT WOULD BE,593c95e1cf82c3daf9b3885b7e9d7ac31ce46b9b742120420ce2d98fb6e925be
data2vec_base,suta,68,stage5ext_00273,3742174ae31b78b11558814a7196a5eec0f489ad3e728a2a125dd1a60c809a770eeaa758499c014bf728437835b4ea9c031a3a9c838b3882b35ed28744768ef3,England English,england,"The Google search bar is for searching, not for typing URLs!",IF THE GULS ERE I BORROW IT IS FOR SEARCHING NOT FOR TYPE IN EU RALS,cf81031dca62b3dad78969350db1eb942d4e2b2b3bf825038fe073c9351a19fd
data2vec_base,suta,68,stage5ext_00274,3742174ae31b78b11558814a7196a5eec0f489ad3e728a2a125dd1a60c809a770eeaa758499c014bf728437835b4ea9c031a3a9c838b3882b35ed28744768ef3,England English,england,"C'mon, we need to turn on our GPS so we don't end up in the middle of nowhere.",COME ON WEN IN TO TURN ON OUGE PIERS SO WE DON'T END UP IN THE MIDDLE OF NAWWER,cf81031dca62b3dad78969350db1eb942d4e2b2b3bf825038fe073c9351a19fd
data2vec_base,suta,68,stage5ext_00275,3742174ae31b78b11558814a7196a5eec0f489ad3e728a2a125dd1a60c809a770eeaa758499c014bf728437835b4ea9c031a3a9c838b3882b35ed28744768ef3,England English,england,"After an avalanche buried the skiing resort, it was hard to determine its exact location.",AFTER ANVELLANSE BURITOUS SKY AND RESERT IT WAS HARD TO DIMIE ITS EXIGLICATION,cf81031dca62b3dad78969350db1eb942d4e2b2b3bf825038fe073c9351a19fd
data2vec_base,suta,68,stage5ext_00276,3742174ae31b78b11558814a7196a5eec0f489ad3e728a2a125dd1a60c809a770eeaa758499c014bf728437835b4ea9c031a3a9c838b3882b35ed28744768ef3,England English,england,Who has already arrived?,WHO HAS ALREADY RRIVED,cf81031dca62b3dad78969350db1eb942d4e2b2b3bf825038fe073c9351a19fd
data2vec_base,suta,69,stage5ext_00277,3742174ae31b78b11558814a7196a5eec0f489ad3e728a2a125dd1a60c809a770eeaa758499c014bf728437835b4ea9c031a3a9c838b3882b35ed28744768ef3,England English,england,"I like reading about medical mysteries, don't you?",I LIKE READIN ABOUT MEDICAL MYSTERIES DON'T YOU,6633095586ed4e76b1552a1958e522c8f042316003ed4cefc84230e974bc201a
data2vec_base,suta,69,stage5ext_00278,3742174ae31b78b11558814a7196a5eec0f489ad3e728a2a125dd1a60c809a770eeaa758499c014bf728437835b4ea9c031a3a9c838b3882b35ed28744768ef3,England English,england,In a cataleptic trance.,IN THE GADALLEPTIC TRENTS,6633095586ed4e76b1552a1958e522c8f042316003ed4cefc84230e974bc201a
data2vec_base,suta,69,stage5ext_00279,3742174ae31b78b11558814a7196a5eec0f489ad3e728a2a125dd1a60c809a770eeaa758499c014bf728437835b4ea9c031a3a9c838b3882b35ed28744768ef3,England English,england,"The thing is, nobody knew what was happening.",THEN IS NOBODY KNEW WHAT WAS HAPPENING,6633095586ed4e76b1552a1958e522c8f042316003ed4cefc84230e974bc201a
data2vec_base,suta,69,stage5ext_00280,3742174ae31b78b11558814a7196a5eec0f489ad3e728a2a125dd1a60c809a770eeaa758499c014bf728437835b4ea9c031a3a9c838b3882b35ed28744768ef3,England English,england,"Living alone, she made solitude her best friend.",LIVING THE LAWN SHE MADE SOLITUDE HER BEST FRIEND,6633095586ed4e76b1552a1958e522c8f042316003ed4cefc84230e974bc201a
data2vec_base,suta,70,stage5ext_00281,3742174ae31b78b11558814a7196a5eec0f489ad3e728a2a125dd1a60c809a770eeaa758499c014bf728437835b4ea9c031a3a9c838b3882b35ed28744768ef3,England English,england,She did her first scene with Peter North.,SHE DID HER FIRST SCENE WITH BIECER NOTH,c8fac7e08fb98718c46df22e53725e0fa883186235dee3cd47496d01d46e57c8
data2vec_base,suta,70,stage5ext_00282,3742174ae31b78b11558814a7196a5eec0f489ad3e728a2a125dd1a60c809a770eeaa758499c014bf728437835b4ea9c031a3a9c838b3882b35ed28744768ef3,England English,england,"Television can make you dumb, but it can also be good education.",DELIVISION CAN MAKE A DAMP BUT IT CAN OLSO BE GOOD EDUCATION,c8fac7e08fb98718c46df22e53725e0fa883186235dee3cd47496d01d46e57c8
data2vec_base,suta,70,stage5ext_00283,3742174ae31b78b11558814a7196a5eec0f489ad3e728a2a125dd1a60c809a770eeaa758499c014bf728437835b4ea9c031a3a9c838b3882b35ed28744768ef3,England English,england,"In a cinematic rope-down maneuver, the special forces overwhelmed the criminals.",IN A CYNEMETIC ROPE DOWN MONER THE SPECIAL FORCES OVERHOUED A GRIMINAS,c8fac7e08fb98718c46df22e53725e0fa883186235dee3cd47496d01d46e57c8
data2vec_base,suta,70,stage5ext_00284,3742174ae31b78b11558814a7196a5eec0f489ad3e728a2a125dd1a60c809a770eeaa758499c014bf728437835b4ea9c031a3a9c838b3882b35ed28744768ef3,England English,england,What can have happened?,WHAT CAN HAVE HAPPENED,c8fac7e08fb98718c46df22e53725e0fa883186235dee3cd47496d01d46e57c8
data2vec_base,suta,71,stage5ext_00285,3742174ae31b78b11558814a7196a5eec0f489ad3e728a2a125dd1a60c809a770eeaa758499c014bf728437835b4ea9c031a3a9c838b3882b35ed28744768ef3,England English,england,Now where could my pipe be?,NOW WHERE COULD MY PIE BE,93f2f960f387763a0559bd3ef9b1c10380c9bf6b884f53cf5635cf388ba2829e
data2vec_base,suta,71,stage5ext_00286,e52a28d767575f4c42c09ca60e1aeaca303322a7771a484213c006ee0297bc33805e0e8dfe177da9a618d61156c387a65a6530200eb9502866cd36c88293e84f,England English,england,I'd love to hear readers sing this.,I'D LOVE TO HEAR THE READERS SING THIS,93f2f960f387763a0559bd3ef9b1c10380c9bf6b884f53cf5635cf388ba2829e
data2vec_base,suta,71,stage5ext_00287,e52a28d767575f4c42c09ca60e1aeaca303322a7771a484213c006ee0297bc33805e0e8dfe177da9a618d61156c387a65a6530200eb9502866cd36c88293e84f,England English,england,The pup jerked the leash as he saw a feline shape.,THE PARP HAD JERKED THE LIEGE AS HE SAW A FELINE SHANE,93f2f960f387763a0559bd3ef9b1c10380c9bf6b884f53cf5635cf388ba2829e
data2vec_base,suta,71,stage5ext_00288,e52a28d767575f4c42c09ca60e1aeaca303322a7771a484213c006ee0297bc33805e0e8dfe177da9a618d61156c387a65a6530200eb9502866cd36c88293e84f,England English,england,"It's raining heavily, take an umbrella.",IT'S RAINING HEAVILY TAKE AN UMBRELA,93f2f960f387763a0559bd3ef9b1c10380c9bf6b884f53cf5635cf388ba2829e
data2vec_base,suta,72,stage5ext_00289,e52a28d767575f4c42c09ca60e1aeaca303322a7771a484213c006ee0297bc33805e0e8dfe177da9a618d61156c387a65a6530200eb9502866cd36c88293e84f,England English,england,"Oh, I don't know.",OH I DON'T KNOW,651e2d5e9af011a720f83f8b93bb852592ab208b6d389b40421b1ad9a7f84c46
data2vec_base,suta,72,stage5ext_00290,e52a28d767575f4c42c09ca60e1aeaca303322a7771a484213c006ee0297bc33805e0e8dfe177da9a618d61156c387a65a6530200eb9502866cd36c88293e84f,England English,england,I have to work this Saturday.,I HAVE TO WORK THIS SATURDAY,651e2d5e9af011a720f83f8b93bb852592ab208b6d389b40421b1ad9a7f84c46
data2vec_base,suta,72,stage5ext_00291,e52a28d767575f4c42c09ca60e1aeaca303322a7771a484213c006ee0297bc33805e0e8dfe177da9a618d61156c387a65a6530200eb9502866cd36c88293e84f,England English,england,By twenty-twenty-two I expect the problem will be solved.,BY TWENTY TWENTY TWO I EXPECT THE PROBLEM WILL BE SOLVED,651e2d5e9af011a720f83f8b93bb852592ab208b6d389b40421b1ad9a7f84c46
data2vec_base,suta,72,stage5ext_00292,e52a28d767575f4c42c09ca60e1aeaca303322a7771a484213c006ee0297bc33805e0e8dfe177da9a618d61156c387a65a6530200eb9502866cd36c88293e84f,England English,england,The incubation period is typically about two weeks.,THE INCUBATION PERIOD IS TYPICALLY ABOUT TWO WEKS,651e2d5e9af011a720f83f8b93bb852592ab208b6d389b40421b1ad9a7f84c46
data2vec_base,suta,73,stage5ext_00293,e52a28d767575f4c42c09ca60e1aeaca303322a7771a484213c006ee0297bc33805e0e8dfe177da9a618d61156c387a65a6530200eb9502866cd36c88293e84f,England English,england,The sink is the thing in which we pile dishes.,THE SINK IS THE THING IN WHICH WE PILE DISHES,21dddf91356570a699c2297148e6f94c75de9138e0dde64611e1777ebda0b07f
data2vec_base,suta,73,stage5ext_00294,e52a28d767575f4c42c09ca60e1aeaca303322a7771a484213c006ee0297bc33805e0e8dfe177da9a618d61156c387a65a6530200eb9502866cd36c88293e84f,England English,england,Rick was in the first aid club as a sixth-former.,RICK WAS IN THE FIRST AID CLUB AS A SIXTH FORMER,21dddf91356570a699c2297148e6f94c75de9138e0dde64611e1777ebda0b07f
data2vec_base,suta,73,stage5ext_00295,e52a28d767575f4c42c09ca60e1aeaca303322a7771a484213c006ee0297bc33805e0e8dfe177da9a618d61156c387a65a6530200eb9502866cd36c88293e84f,England English,england,"Hello, my name is Brenda.",ALLA MY NAME IS BRENDA,21dddf91356570a699c2297148e6f94c75de9138e0dde64611e1777ebda0b07f
data2vec_base,suta,73,stage5ext_00296,e52a28d767575f4c42c09ca60e1aeaca303322a7771a484213c006ee0297bc33805e0e8dfe177da9a618d61156c387a65a6530200eb9502866cd36c88293e84f,England English,england,Keep It Simple The KISS principal.,KEEP IT SIMBLE THE KISS PRINCIPLE,21dddf91356570a699c2297148e6f94c75de9138e0dde64611e1777ebda0b07f
data2vec_base,suta,74,stage5ext_00297,e52a28d767575f4c42c09ca60e1aeaca303322a7771a484213c006ee0297bc33805e0e8dfe177da9a618d61156c387a65a6530200eb9502866cd36c88293e84f,England English,england,"If you experience further problems, please let me know.",IF YOU EXPERIENCE FURTHER PROBLEMS PLEASE LET ME KNOW,97f3ace343713e0a7a7b374d88e8e03fded44c1fe27b237a0d8ba01f57bc9eab
data2vec_base,suta,74,stage5ext_00298,e52a28d767575f4c42c09ca60e1aeaca303322a7771a484213c006ee0297bc33805e0e8dfe177da9a618d61156c387a65a6530200eb9502866cd36c88293e84f,England English,england,I did this to prevent cycling and encourage greater movement through the solution space.,I DID THIS TO PREVENT CYCLING AND ENCOURAGE GREATER MOVEMENT THROUGH THE SOLUTION SPACE,97f3ace343713e0a7a7b374d88e8e03fded44c1fe27b237a0d8ba01f57bc9eab
data2vec_base,suta,74,stage5ext_00299,e52a28d767575f4c42c09ca60e1aeaca303322a7771a484213c006ee0297bc33805e0e8dfe177da9a618d61156c387a65a6530200eb9502866cd36c88293e84f,England English,england,The dog was wagged its tail.,THE DOG WAS WAGGED ITS TAIL,97f3ace343713e0a7a7b374d88e8e03fded44c1fe27b237a0d8ba01f57bc9eab
data2vec_base,suta,74,stage5ext_00300,e52a28d767575f4c42c09ca60e1aeaca303322a7771a484213c006ee0297bc33805e0e8dfe177da9a618d61156c387a65a6530200eb9502866cd36c88293e84f,England English,england,The box is held by a bright red snapper.,THE BOX IS HELD BY A BRIGHT RED SNAPPER,97f3ace343713e0a7a7b374d88e8e03fded44c1fe27b237a0d8ba01f57bc9eab
data2vec_base,suta,75,stage5ext_00301,8f7e0c1a745bde3b6375473b87b997d5f687a8a0d9c28a96b8fd9b2db97634c0c09607da808a8e8a08588137234ce63b8a9e537fd15117628bc7cfca6ae12059,South Asian English,south_asian,"Also, oil and coal have hidden costs that others have to pay.",ALSO OIL AND COAL HAVE HIDDEN COSTS THAT OTHERS HAVE TO PAY,736adfbd8d4d8c0f3285a92328962ef4d8deff0480cda8564f8ad28d426f0264
data2vec_base,suta,75,stage5ext_00302,8f7e0c1a745bde3b6375473b87b997d5f687a8a0d9c28a96b8fd9b2db97634c0c09607da808a8e8a08588137234ce63b8a9e537fd15117628bc7cfca6ae12059,South Asian English,south_asian,The rest of the site is now a gated community of up-market homes.,THE REST OF THE SIDE IS NOW A GAIDED COMMUNITY OF UP MARKE DORMS,736adfbd8d4d8c0f3285a92328962ef4d8deff0480cda8564f8ad28d426f0264
data2vec_base,suta,75,stage5ext_00303,8f7e0c1a745bde3b6375473b87b997d5f687a8a0d9c28a96b8fd9b2db97634c0c09607da808a8e8a08588137234ce63b8a9e537fd15117628bc7cfca6ae12059,South Asian English,south_asian,"We first met each other under the Eiffel tower, it was magical.",WE FIRST MET EACH OTHER UNDER THE IFER DABE IT WAS MAGICAL,736adfbd8d4d8c0f3285a92328962ef4d8deff0480cda8564f8ad28d426f0264
data2vec_base,suta,75,stage5ext_00304,8f7e0c1a745bde3b6375473b87b997d5f687a8a0d9c28a96b8fd9b2db97634c0c09607da808a8e8a08588137234ce63b8a9e537fd15117628bc7cfca6ae12059,South Asian English,south_asian,"You know, singing karaoke with you makes me realize how good of a singer I am.",YOU KNOW SINGING KAROKI WITH YOU MAKES ME REALIZE HOW GOOD OF A SINGA I AM,736adfbd8d4d8c0f3285a92328962ef4d8deff0480cda8564f8ad28d426f0264
data2vec_base,suta,76,stage5ext_00305,8f7e0c1a745bde3b6375473b87b997d5f687a8a0d9c28a96b8fd9b2db97634c0c09607da808a8e8a08588137234ce63b8a9e537fd15117628bc7cfca6ae12059,South Asian English,south_asian,Many rare shore birds breed here along the beaches.,MANY THEY ARE SHORE BIRDS BREED HERE ALONG THE BEACHES,ff2350a777bcdc1b17b785c6ddbf178458c3729e2b285ac7984b9664a431bfc3
data2vec_base,suta,76,stage5ext_00306,8f7e0c1a745bde3b6375473b87b997d5f687a8a0d9c28a96b8fd9b2db97634c0c09607da808a8e8a08588137234ce63b8a9e537fd15117628bc7cfca6ae12059,South Asian English,south_asian,There is no legal recognition of same-sex couples explicitly in Venezuelan law.,THERE IS NO LEGAL RECOGNITION OF SAME SEX COUPLES EXPLICITLY IN VENISULIAN LONE,ff2350a777bcdc1b17b785c6ddbf178458c3729e2b285ac7984b9664a431bfc3
data2vec_base,suta,76,stage5ext_00307,8f7e0c1a745bde3b6375473b87b997d5f687a8a0d9c28a96b8fd9b2db97634c0c09607da808a8e8a08588137234ce63b8a9e537fd15117628bc7cfca6ae12059,South Asian English,south_asian,"It was easy to see on the radiogram, that his bones were broken.",IT WAS EASY TO SEE ON THE DRADIOGROM THAT HIS BONES WERE BROKEN,ff2350a777bcdc1b17b785c6ddbf178458c3729e2b285ac7984b9664a431bfc3
data2vec_base,suta,76,stage5ext_00308,8f7e0c1a745bde3b6375473b87b997d5f687a8a0d9c28a96b8fd9b2db97634c0c09607da808a8e8a08588137234ce63b8a9e537fd15117628bc7cfca6ae12059,South Asian English,south_asian,"However, ""Maggi goreng"" is cooked by stir-frying them with vegetables and eggs.",HOWEVER MAGGIE GORIN IS COOKED BY SURFRAINE THAN BITTERDEBOWS AND ECTS,ff2350a777bcdc1b17b785c6ddbf178458c3729e2b285ac7984b9664a431bfc3
data2vec_base,suta,77,stage5ext_00309,8f7e0c1a745bde3b6375473b87b997d5f687a8a0d9c28a96b8fd9b2db97634c0c09607da808a8e8a08588137234ce63b8a9e537fd15117628bc7cfca6ae12059,South Asian English,south_asian,with the University of the Hon.,BID THE UNIVERSITY OF THE HORN,4624535ea6f81b1fb234a7067721a7752ec7fc74a17765050650e788027bf83a
data2vec_base,suta,77,stage5ext_00310,8f7e0c1a745bde3b6375473b87b997d5f687a8a0d9c28a96b8fd9b2db97634c0c09607da808a8e8a08588137234ce63b8a9e537fd15117628bc7cfca6ae12059,South Asian English,south_asian,"Bacon, pancakes and maple syrup is a hearty start to any day.",BACON PANCAKES AND MAPLE SYRUP IS A HEARTY START TO ANY DAY,4624535ea6f81b1fb234a7067721a7752ec7fc74a17765050650e788027bf83a
data2vec_base,suta,77,stage5ext_00311,8f7e0c1a745bde3b6375473b87b997d5f687a8a0d9c28a96b8fd9b2db97634c0c09607da808a8e8a08588137234ce63b8a9e537fd15117628bc7cfca6ae12059,South Asian English,south_asian,"Fortunately for us, our sun will continue to be around for a few billion years.",FORTUNATELY FOR US OUR SON WILL CONJIUTO BE AROUND FOR A FEW BILLION YEARS,4624535ea6f81b1fb234a7067721a7752ec7fc74a17765050650e788027bf83a
data2vec_base,suta,77,stage5ext_00312,8f7e0c1a745bde3b6375473b87b997d5f687a8a0d9c28a96b8fd9b2db97634c0c09607da808a8e8a08588137234ce63b8a9e537fd15117628bc7cfca6ae12059,South Asian English,south_asian,Why can't I skip this damn intro?,WHY COULD I SKEEP THIS DAM INTREL,4624535ea6f81b1fb234a7067721a7752ec7fc74a17765050650e788027bf83a
data2vec_base,suta,78,stage5ext_00313,8f7e0c1a745bde3b6375473b87b997d5f687a8a0d9c28a96b8fd9b2db97634c0c09607da808a8e8a08588137234ce63b8a9e537fd15117628bc7cfca6ae12059,South Asian English,south_asian,"They, too, had been carelessly left unbolted.",THEY TOO HAD BEEN CARELESSLY LEFT UNBOLTED,dfb63aa83b088de2ba4b52fddcac2bee4d338d5b74c428745ebd993c096545ab
data2vec_base,suta,78,stage5ext_00314,8f7e0c1a745bde3b6375473b87b997d5f687a8a0d9c28a96b8fd9b2db97634c0c09607da808a8e8a08588137234ce63b8a9e537fd15117628bc7cfca6ae12059,South Asian English,south_asian,It is located in the Parque Patricios neighborhood of Buenos Aires.,IT IS LOCATED IN THE PARK PATRISIS NEIGHBORHOOD OF BUNEUS ADES,dfb63aa83b088de2ba4b52fddcac2bee4d338d5b74c428745ebd993c096545ab
data2vec_base,suta,78,stage5ext_00315,8f7e0c1a745bde3b6375473b87b997d5f687a8a0d9c28a96b8fd9b2db97634c0c09607da808a8e8a08588137234ce63b8a9e537fd15117628bc7cfca6ae12059,South Asian English,south_asian,Williams is actively engaged in public service and philanthropy.,WILLIAMS IS ABTUL ENGAGE IN PUBLIC SERVICE AND PILAN TROPE,dfb63aa83b088de2ba4b52fddcac2bee4d338d5b74c428745ebd993c096545ab
data2vec_base,suta,78,stage5ext_00316,f6987deb24305a72a216ab20686f51f94b6f8705775768dd535e4da88ff7117abfe923d46999a076b82dd084f2eb5ae7185de770ddb184c4e3a01d5b6390da20,South Asian English,south_asian,These cars were all basically retrimmed Mercurys.,THESE CAUSE WER ALL BE SITY OF ECENT AR GREECE,dfb63aa83b088de2ba4b52fddcac2bee4d338d5b74c428745ebd993c096545ab
data2vec_base,suta,79,stage5ext_00317,f6987deb24305a72a216ab20686f51f94b6f8705775768dd535e4da88ff7117abfe923d46999a076b82dd084f2eb5ae7185de770ddb184c4e3a01d5b6390da20,South Asian English,south_asian,There are many small businesses throughout the small town that contribute to economic success.,THAT ANMINY SMALL BUSINESSES THROUGHOUT THIS MON OUT LET CONTIUE THROUGH THE ECONOMIC THISIS,c4261796f31eae56ea5074762d261d5e112502ece9484e707b359ea837ce8b52
data2vec_base,suta,79,stage5ext_00318,f6987deb24305a72a216ab20686f51f94b6f8705775768dd535e4da88ff7117abfe923d46999a076b82dd084f2eb5ae7185de770ddb184c4e3a01d5b6390da20,South Asian English,south_asian,Derivational morphology often involves the addition of a derivational suffix or other affix.,DEDUITION IN WHAT PHULOGY OFTEN IT WAS THE ADITIAN OFFER DEDIGATION OF SOPICS OR OTHER UFICS,c4261796f31eae56ea5074762d261d5e112502ece9484e707b359ea837ce8b52
data2vec_base,suta,79,stage5ext_00319,f6987deb24305a72a216ab20686f51f94b6f8705775768dd535e4da88ff7117abfe923d46999a076b82dd084f2eb5ae7185de770ddb184c4e3a01d5b6390da20,South Asian English,south_asian,The school sports mascot is the Gator.,THE SCOOLT TORTS MASTER IS TA GATA,c4261796f31eae56ea5074762d261d5e112502ece9484e707b359ea837ce8b52
data2vec_base,suta,79,stage5ext_00320,f6987deb24305a72a216ab20686f51f94b6f8705775768dd535e4da88ff7117abfe923d46999a076b82dd084f2eb5ae7185de770ddb184c4e3a01d5b6390da20,South Asian English,south_asian,The incident made him more aware of his future.,THE INDONENT MEDUM MORE EER OFHIS FUTURES,c4261796f31eae56ea5074762d261d5e112502ece9484e707b359ea837ce8b52
data2vec_base,suta,80,stage5ext_00321,f6987deb24305a72a216ab20686f51f94b6f8705775768dd535e4da88ff7117abfe923d46999a076b82dd084f2eb5ae7185de770ddb184c4e3a01d5b6390da20,South Asian English,south_asian,Toronto Netball Club plays at Westlakes Netball Association.,TONANTONETPULL GLUB PLAYS AT BRISLIG'S MITHAL ASSOCIATION,f3ca29e56fb545b9372a6907b6d6471eb577ec256eb65655981f8e669188f156
data2vec_base,suta,80,stage5ext_00322,f6987deb24305a72a216ab20686f51f94b6f8705775768dd535e4da88ff7117abfe923d46999a076b82dd084f2eb5ae7185de770ddb184c4e3a01d5b6390da20,South Asian English,south_asian,He returned to the field for the final three games of the season.,SHAD RETURNED ON THE FLEE FOR THE FINAN BREEK GAMES OF E SEASON,f3ca29e56fb545b9372a6907b6d6471eb577ec256eb65655981f8e669188f156
data2vec_base,suta,80,stage5ext_00323,f6987deb24305a72a216ab20686f51f94b6f8705775768dd535e4da88ff7117abfe923d46999a076b82dd084f2eb5ae7185de770ddb184c4e3a01d5b6390da20,South Asian English,south_asian,"His first season numbers were unimpressive, reflecting his rookie status.",HIS FIRST SEASON NUMBERS WERE UNIMPLICIVE EFECTINUS HUPICINUS,f3ca29e56fb545b9372a6907b6d6471eb577ec256eb65655981f8e669188f156
data2vec_base,suta,80,stage5ext_00324,f6987deb24305a72a216ab20686f51f94b6f8705775768dd535e4da88ff7117abfe923d46999a076b82dd084f2eb5ae7185de770ddb184c4e3a01d5b6390da20,South Asian English,south_asian,Two thousand copies of the album were available on the band's website.,TWO THOUSAND COFIES OF THE ALBUM WERE A A LITTLE ON IGNANTOTHEIR SITE,f3ca29e56fb545b9372a6907b6d6471eb577ec256eb65655981f8e669188f156
data2vec_base,suta,81,stage5ext_00325,f6987deb24305a72a216ab20686f51f94b6f8705775768dd535e4da88ff7117abfe923d46999a076b82dd084f2eb5ae7185de770ddb184c4e3a01d5b6390da20,South Asian English,south_asian,"With Lajoie gone, the club needed a new name.",WITH LAJUI GONE THE PLUK NEEDED A NEW GING,e814bb477b3af56652f0fe3b9b40cb9a929ea9cb8446a026a9810ff235a3edd8
data2vec_base,suta,81,stage5ext_00326,f6987deb24305a72a216ab20686f51f94b6f8705775768dd535e4da88ff7117abfe923d46999a076b82dd084f2eb5ae7185de770ddb184c4e3a01d5b6390da20,South Asian English,south_asian,Pendergrass got well-wishes from thousands of his fans during his recovery.,SENSA GRAS CAUSED ZAVISHES FROM BONENTS WITH THIS MAN MULING AS VICORY,e814bb477b3af56652f0fe3b9b40cb9a929ea9cb8446a026a9810ff235a3edd8
data2vec_base,suta,81,stage5ext_00327,f6987deb24305a72a216ab20686f51f94b6f8705775768dd535e4da88ff7117abfe923d46999a076b82dd084f2eb5ae7185de770ddb184c4e3a01d5b6390da20,South Asian English,south_asian,The third phase involves converting Hughes Hall into office space.,THAT THIRD FEES INVULSE UNWITTING COJIS CALLD ME TO OFFER SPACE,e814bb477b3af56652f0fe3b9b40cb9a929ea9cb8446a026a9810ff235a3edd8
data2vec_base,suta,81,stage5ext_00328,f6987deb24305a72a216ab20686f51f94b6f8705775768dd535e4da88ff7117abfe923d46999a076b82dd084f2eb5ae7185de770ddb184c4e3a01d5b6390da20,South Asian English,south_asian,They used the sharks that followed the ships as a terror weapon.,THEY USED THE SHANTS THAT FOLLOWED THEIR SHIPS AS AT ELVEVIN,e814bb477b3af56652f0fe3b9b40cb9a929ea9cb8446a026a9810ff235a3edd8
data2vec_base,suta,82,stage5ext_00329,f6987deb24305a72a216ab20686f51f94b6f8705775768dd535e4da88ff7117abfe923d46999a076b82dd084f2eb5ae7185de770ddb184c4e3a01d5b6390da20,South Asian English,south_asian,"They had eight children, five of whom survived to adulthood.",THEY HAD EIGHT CHILDREN BY EMOTE NEASE LIVE TO UTDERDHOOD,065e808d1d64af1507f9483bceb86222e569bc19ed2c639288d45a8a7a8837c9
data2vec_base,suta,82,stage5ext_00330,f6987deb24305a72a216ab20686f51f94b6f8705775768dd535e4da88ff7117abfe923d46999a076b82dd084f2eb5ae7185de770ddb184c4e3a01d5b6390da20,South Asian English,south_asian,The island is now uninhabited and managed as a bird reserve.,THE IDAN IS NO ANINABIGAT AND MANISAS ABOVE THE SLOPE,065e808d1d64af1507f9483bceb86222e569bc19ed2c639288d45a8a7a8837c9
data2vec_base,suta,82,stage5ext_00331,746bd7c2bd64e7fde7dda173976ca80e97a1875f7571a836827b832c1609da3c16be48a0bbf11e310ba7f262e77841dc8e70360283da6a0100631e2ac4760956,South Asian English,south_asian,Buckingham was also particularly proud of the Spanish guitar solo.,BUCKINGHAM WAS ALSO PARTICULARLY PROUD OF THE SPANISH CITAR SOLO,065e808d1d64af1507f9483bceb86222e569bc19ed2c639288d45a8a7a8837c9
data2vec_base,suta,82,stage5ext_00332,746bd7c2bd64e7fde7dda173976ca80e97a1875f7571a836827b832c1609da3c16be48a0bbf11e310ba7f262e77841dc8e70360283da6a0100631e2ac4760956,South Asian English,south_asian,"Also known as Herbert, Borchardt initially studied Architecture and later Egyptology under Adolf Erman.",ALSO KNOWN AS HERBERT BORE SHARK INITIALLY STUDIED ARCHITECTURE AND LATER EGECTOLOGY UNDER ADOLF ERMANT,065e808d1d64af1507f9483bceb86222e569bc19ed2c639288d45a8a7a8837c9
data2vec_base,suta,83,stage5ext_00333,746bd7c2bd64e7fde7dda173976ca80e97a1875f7571a836827b832c1609da3c16be48a0bbf11e310ba7f262e77841dc8e70360283da6a0100631e2ac4760956,South Asian English,south_asian,"Publicised nationwide, Gladstone's message became that of the party.",POBLICIS NATION WEDE GLADSTONE'S MESSAGE BECAME THAT OF THE PARTY,3f9533198356fdd5f543b2f5394a6e17f1f935d50f7b08ebad58984799d02b1d
data2vec_base,suta,83,stage5ext_00334,746bd7c2bd64e7fde7dda173976ca80e97a1875f7571a836827b832c1609da3c16be48a0bbf11e310ba7f262e77841dc8e70360283da6a0100631e2ac4760956,South Asian English,south_asian,McGrath is a friend and fan of Ralph McTell.,MAC GRET IS A FRIEND AND FAN OF RALPH MAC DOTE,3f9533198356fdd5f543b2f5394a6e17f1f935d50f7b08ebad58984799d02b1d
data2vec_base,suta,83,stage5ext_00335,746bd7c2bd64e7fde7dda173976ca80e97a1875f7571a836827b832c1609da3c16be48a0bbf11e310ba7f262e77841dc8e70360283da6a0100631e2ac4760956,South Asian English,south_asian,His family later moved to Los Angeles and he attended Fairfax High School.,HIS FAMILY LAD ER MORE TO LOS ANGELES AND HE ATTENDED FAFAX ESS,3f9533198356fdd5f543b2f5394a6e17f1f935d50f7b08ebad58984799d02b1d
data2vec_base,suta,83,stage5ext_00336,746bd7c2bd64e7fde7dda173976ca80e97a1875f7571a836827b832c1609da3c16be48a0bbf11e310ba7f262e77841dc8e70360283da6a0100631e2ac4760956,South Asian English,south_asian,The grape originated as a cross of Syrah pollen germinating a Peloursin plant.,THE GRAVE ORIGINATED AS A CROSS OF CYRAR POLAND GERMINATING A PELOSIN PLANT,3f9533198356fdd5f543b2f5394a6e17f1f935d50f7b08ebad58984799d02b1d
data2vec_base,suta,84,stage5ext_00337,746bd7c2bd64e7fde7dda173976ca80e97a1875f7571a836827b832c1609da3c16be48a0bbf11e310ba7f262e77841dc8e70360283da6a0100631e2ac4760956,South Asian English,south_asian,The main gate is located in the center of the south curtain wall.,THE MAIN GATE IS LOCATED IN THE CENTR OF THE SALTGURTEN WALL,2f4880935f5eb3903babdfbfe0592653965fc92f2495b4a8f929e83db0165be0
data2vec_base,suta,84,stage5ext_00338,746bd7c2bd64e7fde7dda173976ca80e97a1875f7571a836827b832c1609da3c16be48a0bbf11e310ba7f262e77841dc8e70360283da6a0100631e2ac4760956,South Asian English,south_asian,Ferrers made many contributions to mathematical literature.,FARORS MADE MANY CONTRIBUTIONS TO MATHEMATICAL LITERATURE,2f4880935f5eb3903babdfbfe0592653965fc92f2495b4a8f929e83db0165be0
data2vec_base,suta,84,stage5ext_00339,746bd7c2bd64e7fde7dda173976ca80e97a1875f7571a836827b832c1609da3c16be48a0bbf11e310ba7f262e77841dc8e70360283da6a0100631e2ac4760956,South Asian English,south_asian,"Prokosch was born in Madison, Wisconsin, into an intellectual family that travelled widely.",TE LOKOSH WAS BORN IN MADICINE MISS CONSIN INTO AN INTELLECTUAL FAMILY THAT TRAVELED WIDELY,2f4880935f5eb3903babdfbfe0592653965fc92f2495b4a8f929e83db0165be0
data2vec_base,suta,84,stage5ext_00340,746bd7c2bd64e7fde7dda173976ca80e97a1875f7571a836827b832c1609da3c16be48a0bbf11e310ba7f262e77841dc8e70360283da6a0100631e2ac4760956,South Asian English,south_asian,Britain sends three big-game hunters to kill the lions.,BRITON SENDS THREE BIG GAME HUNTERS TO KILL THE LIONS,2f4880935f5eb3903babdfbfe0592653965fc92f2495b4a8f929e83db0165be0
data2vec_base,suta,85,stage5ext_00341,746bd7c2bd64e7fde7dda173976ca80e97a1875f7571a836827b832c1609da3c16be48a0bbf11e310ba7f262e77841dc8e70360283da6a0100631e2ac4760956,South Asian English,south_asian,The French colonial government gave land away to soldiers and settlers.,FRENCH COLONIAL GOVRNMENT GAVE LANT AVAY TO SOLDIERS AND SAT LOUIS,2b56e9c9f1b572e94107a9b14f57a1cffd060443652f7e97d4fa4166f9d7832c
data2vec_base,suta,85,stage5ext_00342,746bd7c2bd64e7fde7dda173976ca80e97a1875f7571a836827b832c1609da3c16be48a0bbf11e310ba7f262e77841dc8e70360283da6a0100631e2ac4760956,South Asian English,south_asian,A Fermilab initiative to seek out cost effective computing for the Tevatron.,O FIRM ILAB INITIATIVE TO SEEK OUTCAUSE EFFECTU COMPUTING FOR THE TERRID DRAWN,2b56e9c9f1b572e94107a9b14f57a1cffd060443652f7e97d4fa4166f9d7832c
data2vec_base,suta,85,stage5ext_00343,746bd7c2bd64e7fde7dda173976ca80e97a1875f7571a836827b832c1609da3c16be48a0bbf11e310ba7f262e77841dc8e70360283da6a0100631e2ac4760956,South Asian English,south_asian,"The Shaw collection is housed at the university's duPont-Ball library in DeLand, Florida.",THE SHORE COLLECTION IS HOUSED AT THE ANIMESTI'S DUFORM BALL LIBRARY IN DILA TROLDIT UP,2b56e9c9f1b572e94107a9b14f57a1cffd060443652f7e97d4fa4166f9d7832c
data2vec_base,suta,85,stage5ext_00344,746bd7c2bd64e7fde7dda173976ca80e97a1875f7571a836827b832c1609da3c16be48a0bbf11e310ba7f262e77841dc8e70360283da6a0100631e2ac4760956,South Asian English,south_asian,"He now lives in Toronto, Ontario.",HE NOW LIVES IN TURBANTO ON TARIO,2b56e9c9f1b572e94107a9b14f57a1cffd060443652f7e97d4fa4166f9d7832c
data2vec_base,suta,86,stage5ext_00345,746bd7c2bd64e7fde7dda173976ca80e97a1875f7571a836827b832c1609da3c16be48a0bbf11e310ba7f262e77841dc8e70360283da6a0100631e2ac4760956,South Asian English,south_asian,"The British called such weapons ""Pass-made rifles"".",THE BRITISH CALLED SUCH WEAPONS PASS ME TRIFLES,a495be1e12b8cebef661bfa79b281f89bbc8816230a2f836f24850efe512a23d
data2vec_base,suta,86,stage5ext_00346,02a40eed38bf20ab1ddca1a5c60f5b2cadd5455be21c7a1ab8e87d65a6fec68495c0d24d8fecdfe3f9d132fdfa842dba33dca093df21b19f3d325519779d13d0,South Asian English,south_asian,"The women of ""Survivor"" deserved better.",THE WOMEN OF SURVIVOR DESERVE BETTE,a495be1e12b8cebef661bfa79b281f89bbc8816230a2f836f24850efe512a23d
data2vec_base,suta,86,stage5ext_00347,02a40eed38bf20ab1ddca1a5c60f5b2cadd5455be21c7a1ab8e87d65a6fec68495c0d24d8fecdfe3f9d132fdfa842dba33dca093df21b19f3d325519779d13d0,South Asian English,south_asian,His great knowledge and immense industry are shown throughout its pages.,HIS GREAT KNOWLEDGE AND IMMENSE INDUSTRY ARE SHOWN THROUGHOUT ITS PAGES,a495be1e12b8cebef661bfa79b281f89bbc8816230a2f836f24850efe512a23d
data2vec_base,suta,86,stage5ext_00348,02a40eed38bf20ab1ddca1a5c60f5b2cadd5455be21c7a1ab8e87d65a6fec68495c0d24d8fecdfe3f9d132fdfa842dba33dca093df21b19f3d325519779d13d0,South Asian English,south_asian,Other African examples may be found in Nigeria and East Africa.,OD AFRICAN EXAMPLES MAY BE FOUND IN AGITI AND EAST AFRICA,a495be1e12b8cebef661bfa79b281f89bbc8816230a2f836f24850efe512a23d
data2vec_base,suta,87,stage5ext_00349,02a40eed38bf20ab1ddca1a5c60f5b2cadd5455be21c7a1ab8e87d65a6fec68495c0d24d8fecdfe3f9d132fdfa842dba33dca093df21b19f3d325519779d13d0,South Asian English,south_asian,Enrico Ferri is the father of four children.,INRICOFERI'S FATHER OF FORCHILDREN,b747291f54cf66782d003ca8d969370ad837c3bad77c03a8cadb48c42dc72be1
data2vec_base,suta,87,stage5ext_00350,02a40eed38bf20ab1ddca1a5c60f5b2cadd5455be21c7a1ab8e87d65a6fec68495c0d24d8fecdfe3f9d132fdfa842dba33dca093df21b19f3d325519779d13d0,South Asian English,south_asian,It has been found in the English Channel and the Gulf of Mexico.,IT HAS BEEN FOUND IN THE ENGLISH ANON AND THE GULF OF MEXICO,b747291f54cf66782d003ca8d969370ad837c3bad77c03a8cadb48c42dc72be1
data2vec_base,suta,87,stage5ext_00351,02a40eed38bf20ab1ddca1a5c60f5b2cadd5455be21c7a1ab8e87d65a6fec68495c0d24d8fecdfe3f9d132fdfa842dba33dca093df21b19f3d325519779d13d0,South Asian English,south_asian,Her work has also appeared on postage stamps produced by the Czech Republic.,HUBURG HAS ALSO APPEARED ON POSTAGE STAMPS PRODUCED BY THE SAC EPUBLIC,b747291f54cf66782d003ca8d969370ad837c3bad77c03a8cadb48c42dc72be1
data2vec_base,suta,87,stage5ext_00352,02a40eed38bf20ab1ddca1a5c60f5b2cadd5455be21c7a1ab8e87d65a6fec68495c0d24d8fecdfe3f9d132fdfa842dba33dca093df21b19f3d325519779d13d0,South Asian English,south_asian,Mathilda Ebeling,MATILDA EBLING,b747291f54cf66782d003ca8d969370ad837c3bad77c03a8cadb48c42dc72be1
data2vec_base,suta,88,stage5ext_00353,02a40eed38bf20ab1ddca1a5c60f5b2cadd5455be21c7a1ab8e87d65a6fec68495c0d24d8fecdfe3f9d132fdfa842dba33dca093df21b19f3d325519779d13d0,South Asian English,south_asian,Behra also set pole and fastest lap.,BEHADAR ALSO SAD PALLIN FASTET SLAP,361363e762c68b099f933dc2032919d60ca7fb8573ec90d403d97b4facb70258
data2vec_base,suta,88,stage5ext_00354,02a40eed38bf20ab1ddca1a5c60f5b2cadd5455be21c7a1ab8e87d65a6fec68495c0d24d8fecdfe3f9d132fdfa842dba33dca093df21b19f3d325519779d13d0,South Asian English,south_asian,All of his brothers were fighters.,ALL OF HIS BROTHERS WERE FIDERS,361363e762c68b099f933dc2032919d60ca7fb8573ec90d403d97b4facb70258
data2vec_base,suta,88,stage5ext_00355,02a40eed38bf20ab1ddca1a5c60f5b2cadd5455be21c7a1ab8e87d65a6fec68495c0d24d8fecdfe3f9d132fdfa842dba33dca093df21b19f3d325519779d13d0,South Asian English,south_asian,In general they tended to rather large format.,IN GENERAL THEY TENDED TO RATHER LARGE WORMAG,361363e762c68b099f933dc2032919d60ca7fb8573ec90d403d97b4facb70258
data2vec_base,suta,88,stage5ext_00356,02a40eed38bf20ab1ddca1a5c60f5b2cadd5455be21c7a1ab8e87d65a6fec68495c0d24d8fecdfe3f9d132fdfa842dba33dca093df21b19f3d325519779d13d0,South Asian English,south_asian,Downey posted the picture on Instagram and received requests for the pattern.,DONIE POSTERED THE PITCHER ON INCH OF GRAM AND RESUP BRICWIST FOR THE BADDEN,361363e762c68b099f933dc2032919d60ca7fb8573ec90d403d97b4facb70258
data2vec_base,suta,89,stage5ext_00357,02a40eed38bf20ab1ddca1a5c60f5b2cadd5455be21c7a1ab8e87d65a6fec68495c0d24d8fecdfe3f9d132fdfa842dba33dca093df21b19f3d325519779d13d0,South Asian English,south_asian,She did not like children and tried to hide it.,SHE DID NOT LIKE CHILDREN AND TRIED TO HIDE IT,cf85faab997b920f9a09a70a97ff10b7bd7f6d50135ef574c84cce623abf7d6a
data2vec_base,suta,89,stage5ext_00358,02a40eed38bf20ab1ddca1a5c60f5b2cadd5455be21c7a1ab8e87d65a6fec68495c0d24d8fecdfe3f9d132fdfa842dba33dca093df21b19f3d325519779d13d0,South Asian English,south_asian,Today the church still retains many of its historic features.,TOLY THE CHURCH STILL REPAINS WHEN HE OFFERED HISTROTIC FEATURES,cf85faab997b920f9a09a70a97ff10b7bd7f6d50135ef574c84cce623abf7d6a
data2vec_base,suta,89,stage5ext_00359,02a40eed38bf20ab1ddca1a5c60f5b2cadd5455be21c7a1ab8e87d65a6fec68495c0d24d8fecdfe3f9d132fdfa842dba33dca093df21b19f3d325519779d13d0,South Asian English,south_asian,The two also had used the same choreographer.,THE TWO ALSO HAD USED THE SAME CORIOGRYPHE,cf85faab997b920f9a09a70a97ff10b7bd7f6d50135ef574c84cce623abf7d6a
data2vec_base,suta,89,stage5ext_00360,02a40eed38bf20ab1ddca1a5c60f5b2cadd5455be21c7a1ab8e87d65a6fec68495c0d24d8fecdfe3f9d132fdfa842dba33dca093df21b19f3d325519779d13d0,South Asian English,south_asian,Murom is the nearest rural locality.,MORA IS A NEAREST RURAL LOCALITY,cf85faab997b920f9a09a70a97ff10b7bd7f6d50135ef574c84cce623abf7d6a
data2vec_base,suta,90,stage5ext_00361,aaf1e4c69fbd1d1faf2fcbf3500fe62c714695d030ca2f945ff72ef0c02adfc3ff3b57023bc8367965617d4ca057efc9c9a11733d05858f18602fdc792ae9d84,South Asian English,south_asian,We will not have any money left.,WE WILL NOT HAVE ANY MONEY LEFT,a97235b76908cd24ac717889372a38ea02d5eabb237aa986926cd11ae658178b
data2vec_base,suta,90,stage5ext_00362,aaf1e4c69fbd1d1faf2fcbf3500fe62c714695d030ca2f945ff72ef0c02adfc3ff3b57023bc8367965617d4ca057efc9c9a11733d05858f18602fdc792ae9d84,South Asian English,south_asian,A magistrate.,A MAGISTRATE,a97235b76908cd24ac717889372a38ea02d5eabb237aa986926cd11ae658178b
data2vec_base,suta,90,stage5ext_00363,aaf1e4c69fbd1d1faf2fcbf3500fe62c714695d030ca2f945ff72ef0c02adfc3ff3b57023bc8367965617d4ca057efc9c9a11733d05858f18602fdc792ae9d84,South Asian English,south_asian,I know Daniel quite well.,I KNOW DANIEL QUITE WELL,a97235b76908cd24ac717889372a38ea02d5eabb237aa986926cd11ae658178b
data2vec_base,suta,90,stage5ext_00364,aaf1e4c69fbd1d1faf2fcbf3500fe62c714695d030ca2f945ff72ef0c02adfc3ff3b57023bc8367965617d4ca057efc9c9a11733d05858f18602fdc792ae9d84,South Asian English,south_asian,Mary found the website and showed it to Daniel.,MARY FONDWICT SIGHED AND SHOWED IT TO DANIEL,a97235b76908cd24ac717889372a38ea02d5eabb237aa986926cd11ae658178b
data2vec_base,suta,91,stage5ext_00365,aaf1e4c69fbd1d1faf2fcbf3500fe62c714695d030ca2f945ff72ef0c02adfc3ff3b57023bc8367965617d4ca057efc9c9a11733d05858f18602fdc792ae9d84,South Asian English,south_asian,"If you experience further problems, please let me know.",IF YOU EXPERIENCE FURTHER PROBLEMS PLEASE LET ME KNOW,4c58d2059054783a5c5bd98c8240373d5c9f686ce8381346f0076720796f629b
data2vec_base,suta,91,stage5ext_00366,aaf1e4c69fbd1d1faf2fcbf3500fe62c714695d030ca2f945ff72ef0c02adfc3ff3b57023bc8367965617d4ca057efc9c9a11733d05858f18602fdc792ae9d84,South Asian English,south_asian,Debra is a explorer that has been all over the world.,DEBRYSA EXPLORER THAT HAS BEEN ALL OVER THE WORLD,4c58d2059054783a5c5bd98c8240373d5c9f686ce8381346f0076720796f629b
data2vec_base,suta,91,stage5ext_00367,aaf1e4c69fbd1d1faf2fcbf3500fe62c714695d030ca2f945ff72ef0c02adfc3ff3b57023bc8367965617d4ca057efc9c9a11733d05858f18602fdc792ae9d84,South Asian English,south_asian,Albert Einstein's famous equation E equals MC squared is one of the best known equations in physics.,ALBERDYNESTEINES FAMOUS ECRUATION EECOSM ISQUIT IS ONE OF THE BEST NON ECUETIONS IN PHYSICS,4c58d2059054783a5c5bd98c8240373d5c9f686ce8381346f0076720796f629b
data2vec_base,suta,91,stage5ext_00368,aaf1e4c69fbd1d1faf2fcbf3500fe62c714695d030ca2f945ff72ef0c02adfc3ff3b57023bc8367965617d4ca057efc9c9a11733d05858f18602fdc792ae9d84,South Asian English,south_asian,One good turn deserves another.,ONE GOOD TURN DISULSE ANOTHER,4c58d2059054783a5c5bd98c8240373d5c9f686ce8381346f0076720796f629b
data2vec_base,suta,92,stage5ext_00369,aaf1e4c69fbd1d1faf2fcbf3500fe62c714695d030ca2f945ff72ef0c02adfc3ff3b57023bc8367965617d4ca057efc9c9a11733d05858f18602fdc792ae9d84,South Asian English,south_asian,It has been so long since I have seen you!,IT HAS BEEN SO LONG SINCE I HAVE SEEN YOU,572c99e70d5299b53f0a0eb5d2318f1c32e5d5817c188c32bcb8e507ffb4c209
data2vec_base,suta,92,stage5ext_00370,aaf1e4c69fbd1d1faf2fcbf3500fe62c714695d030ca2f945ff72ef0c02adfc3ff3b57023bc8367965617d4ca057efc9c9a11733d05858f18602fdc792ae9d84,South Asian English,south_asian,William Shakespeare was an English poet and playwright that lived during the late sixteenth century.,WILLIAM SHAKSPEARE WAS AN ENGLISH BIDE AN PLARY THAT LIVED DURING THE LATE SIXTEENTH CENTURY,572c99e70d5299b53f0a0eb5d2318f1c32e5d5817c188c32bcb8e507ffb4c209
data2vec_base,suta,92,stage5ext_00371,aaf1e4c69fbd1d1faf2fcbf3500fe62c714695d030ca2f945ff72ef0c02adfc3ff3b57023bc8367965617d4ca057efc9c9a11733d05858f18602fdc792ae9d84,South Asian English,south_asian,The pup jerked the leash as he saw a feline shape.,THE PUB JERKED THE LEASH AS HE SAW I FALINTRY,572c99e70d5299b53f0a0eb5d2318f1c32e5d5817c188c32bcb8e507ffb4c209
data2vec_base,suta,92,stage5ext_00372,aaf1e4c69fbd1d1faf2fcbf3500fe62c714695d030ca2f945ff72ef0c02adfc3ff3b57023bc8367965617d4ca057efc9c9a11733d05858f18602fdc792ae9d84,South Asian English,south_asian,Forty on Thursday is the name of the event.,FORTY ON TULCITER IS THE NAME OF THE EVENT,572c99e70d5299b53f0a0eb5d2318f1c32e5d5817c188c32bcb8e507ffb4c209
data2vec_base,suta,93,stage5ext_00373,aaf1e4c69fbd1d1faf2fcbf3500fe62c714695d030ca2f945ff72ef0c02adfc3ff3b57023bc8367965617d4ca057efc9c9a11733d05858f18602fdc792ae9d84,South Asian English,south_asian,The largest town is Abergavenny.,THE LARGEST TOWEL IS ABEGAMNY,d0c0cb755cb997605e737f3a086ba76e2231b251703ba90c45fd8ae55d4e056c
data2vec_base,suta,93,stage5ext_00374,aaf1e4c69fbd1d1faf2fcbf3500fe62c714695d030ca2f945ff72ef0c02adfc3ff3b57023bc8367965617d4ca057efc9c9a11733d05858f18602fdc792ae9d84,South Asian English,south_asian,No one has ever done it before.,NO ONE HAS OVERDONE IT BEFORE,d0c0cb755cb997605e737f3a086ba76e2231b251703ba90c45fd8ae55d4e056c
data2vec_base,suta,93,stage5ext_00375,aaf1e4c69fbd1d1faf2fcbf3500fe62c714695d030ca2f945ff72ef0c02adfc3ff3b57023bc8367965617d4ca057efc9c9a11733d05858f18602fdc792ae9d84,South Asian English,south_asian,Two men spoke in Arabic while having a drink at the bar.,TWO MEN SPALK IN ARABIC WHILE HAVING A DRINK AT THE BAR,d0c0cb755cb997605e737f3a086ba76e2231b251703ba90c45fd8ae55d4e056c
data2vec_base,suta,93,stage5ext_00376,f7e25829f749c01cdf81e5c9cba92ab80af25ba7120bdb943094d45b56be1cc3b516ca22cc0a4aed4934a1c9af35e152ecc95a58b32ce448662acabb5b87bc76,South Asian English,south_asian,But you want to know something?,BUT YOU WANT TO KNOW SOMETHING,d0c0cb755cb997605e737f3a086ba76e2231b251703ba90c45fd8ae55d4e056c
data2vec_base,suta,94,stage5ext_00377,f7e25829f749c01cdf81e5c9cba92ab80af25ba7120bdb943094d45b56be1cc3b516ca22cc0a4aed4934a1c9af35e152ecc95a58b32ce448662acabb5b87bc76,South Asian English,south_asian,The giraffe had become fearful.,THE GIRAF HAD BECOME FEARFUL,78d33ce569769af4e1ec9a41f9789d577335b74ad63a9c51ecb0552b580496f6
data2vec_base,suta,94,stage5ext_00378,f7e25829f749c01cdf81e5c9cba92ab80af25ba7120bdb943094d45b56be1cc3b516ca22cc0a4aed4934a1c9af35e152ecc95a58b32ce448662acabb5b87bc76,South Asian English,south_asian,Our deadline is coming up rapidly and we will need help.,OUR DEAD LINE IS COMING UP RAPIDLY AND WE WILL NEED HELP,78d33ce569769af4e1ec9a41f9789d577335b74ad63a9c51ecb0552b580496f6
data2vec_base,suta,94,stage5ext_00379,f7e25829f749c01cdf81e5c9cba92ab80af25ba7120bdb943094d45b56be1cc3b516ca22cc0a4aed4934a1c9af35e152ecc95a58b32ce448662acabb5b87bc76,South Asian English,south_asian,I found it out a little late.,I FOUND IT OUT A LITTLE LATE,78d33ce569769af4e1ec9a41f9789d577335b74ad63a9c51ecb0552b580496f6
data2vec_base,suta,94,stage5ext_00380,f7e25829f749c01cdf81e5c9cba92ab80af25ba7120bdb943094d45b56be1cc3b516ca22cc0a4aed4934a1c9af35e152ecc95a58b32ce448662acabb5b87bc76,South Asian English,south_asian,Don't worry about that.,DON'T WORRY ABOUT THAT,78d33ce569769af4e1ec9a41f9789d577335b74ad63a9c51ecb0552b580496f6
data2vec_base,suta,95,stage5ext_00381,f7e25829f749c01cdf81e5c9cba92ab80af25ba7120bdb943094d45b56be1cc3b516ca22cc0a4aed4934a1c9af35e152ecc95a58b32ce448662acabb5b87bc76,South Asian English,south_asian,I shouldn't think so.,I SHOULDN'T THINK SO,860fee9ba7c349bf571602c29c9405a4e099eebea9b06c1477c7ad8c5e07714d
data2vec_base,suta,95,stage5ext_00382,f7e25829f749c01cdf81e5c9cba92ab80af25ba7120bdb943094d45b56be1cc3b516ca22cc0a4aed4934a1c9af35e152ecc95a58b32ce448662acabb5b87bc76,South Asian English,south_asian,Turning off gadgets that are not in use can save a lot of energy.,TURNING OFF GADGETS THAT ARE NOT IN USE CAN SAVE A LOT OF ENERGY,860fee9ba7c349bf571602c29c9405a4e099eebea9b06c1477c7ad8c5e07714d
data2vec_base,suta,95,stage5ext_00383,f7e25829f749c01cdf81e5c9cba92ab80af25ba7120bdb943094d45b56be1cc3b516ca22cc0a4aed4934a1c9af35e152ecc95a58b32ce448662acabb5b87bc76,South Asian English,south_asian,There is a counter on the top left of the web page.,THERE IS A COUNDER ON THE TOP LEFT OF THE WELL BAD,860fee9ba7c349bf571602c29c9405a4e099eebea9b06c1477c7ad8c5e07714d
data2vec_base,suta,95,stage5ext_00384,f7e25829f749c01cdf81e5c9cba92ab80af25ba7120bdb943094d45b56be1cc3b516ca22cc0a4aed4934a1c9af35e152ecc95a58b32ce448662acabb5b87bc76,South Asian English,south_asian,You think you did.,YOU THINK YOU DID,860fee9ba7c349bf571602c29c9405a4e099eebea9b06c1477c7ad8c5e07714d
data2vec_base,suta,96,stage5ext_00385,f7e25829f749c01cdf81e5c9cba92ab80af25ba7120bdb943094d45b56be1cc3b516ca22cc0a4aed4934a1c9af35e152ecc95a58b32ce448662acabb5b87bc76,South Asian English,south_asian,Maybe he'll give us one.,MAYBE HE'LL GIVE US ONE,2015c19568a2e8c81c93e82da77dda47654b687abc395d2b0ff33b5eabafecc6
data2vec_base,suta,96,stage5ext_00386,f7e25829f749c01cdf81e5c9cba92ab80af25ba7120bdb943094d45b56be1cc3b516ca22cc0a4aed4934a1c9af35e152ecc95a58b32ce448662acabb5b87bc76,South Asian English,south_asian,Better let me talk to him.,BETTER LET ME TALK TO HIM,2015c19568a2e8c81c93e82da77dda47654b687abc395d2b0ff33b5eabafecc6
data2vec_base,suta,96,stage5ext_00387,f7e25829f749c01cdf81e5c9cba92ab80af25ba7120bdb943094d45b56be1cc3b516ca22cc0a4aed4934a1c9af35e152ecc95a58b32ce448662acabb5b87bc76,South Asian English,south_asian,I don't want any plastics.,I DON'T WANT ANY BLASTICS,2015c19568a2e8c81c93e82da77dda47654b687abc395d2b0ff33b5eabafecc6
data2vec_base,suta,96,stage5ext_00388,f7e25829f749c01cdf81e5c9cba92ab80af25ba7120bdb943094d45b56be1cc3b516ca22cc0a4aed4934a1c9af35e152ecc95a58b32ce448662acabb5b87bc76,South Asian English,south_asian,Without a single quiver.,WITHOUT A SINGLE QUIVER,2015c19568a2e8c81c93e82da77dda47654b687abc395d2b0ff33b5eabafecc6
data2vec_base,suta,97,stage5ext_00389,f7e25829f749c01cdf81e5c9cba92ab80af25ba7120bdb943094d45b56be1cc3b516ca22cc0a4aed4934a1c9af35e152ecc95a58b32ce448662acabb5b87bc76,South Asian English,south_asian,I never saw it before.,I NEVER SIGHED BEFORE,a1ae89204ee4a3a148ca9130201d29dd9d0dad5dc8801dedfaa7a8be13edd6bc
data2vec_base,suta,97,stage5ext_00390,f7e25829f749c01cdf81e5c9cba92ab80af25ba7120bdb943094d45b56be1cc3b516ca22cc0a4aed4934a1c9af35e152ecc95a58b32ce448662acabb5b87bc76,South Asian English,south_asian,"The reason for this, is to discern your strengths.",THE REASON FOR THIS IS TO DISCERN YOUR STRENGTH,a1ae89204ee4a3a148ca9130201d29dd9d0dad5dc8801dedfaa7a8be13edd6bc
data2vec_base,suta,97,stage5ext_00391,3f0b866ee8d4499e4c0de09d34862acbb1ea0139f53bf7f1271a8648fb35d9a3a31272a8bc7af870e3b52bf7f4cb51ae512fa07df79663eaeafa30221c0b200b,South Asian English,south_asian,"The perpetrators were never identified, and this monument has never been rebuilt.",THE BARBU TRYCILLS WERE NO VIGENTIFIED AND THIS MIMONT HAS NEVER BEEN TREBIT,a1ae89204ee4a3a148ca9130201d29dd9d0dad5dc8801dedfaa7a8be13edd6bc
data2vec_base,suta,97,stage5ext_00392,3f0b866ee8d4499e4c0de09d34862acbb1ea0139f53bf7f1271a8648fb35d9a3a31272a8bc7af870e3b52bf7f4cb51ae512fa07df79663eaeafa30221c0b200b,South Asian English,south_asian,"These songs include ""Never End,"" ""Please Smile Again,"" and ""Cross Over.",THE SUNCS IN CLUE NEVER N RE SMALAGAM AND GROSSIL,a1ae89204ee4a3a148ca9130201d29dd9d0dad5dc8801dedfaa7a8be13edd6bc
data2vec_base,suta,98,stage5ext_00393,3f0b866ee8d4499e4c0de09d34862acbb1ea0139f53bf7f1271a8648fb35d9a3a31272a8bc7af870e3b52bf7f4cb51ae512fa07df79663eaeafa30221c0b200b,South Asian English,south_asian,Water in the pool is continuously circulated through a filtration system.,WHAT END E POOL IS CONTINUOUSLY SOCURATOR TO A FILTRATION SYSTEM,6d45ba9874d36143d9622b9d1e330364e2cc753b1a5b08ae2d7950ff44ecb1d0
data2vec_base,suta,98,stage5ext_00394,3f0b866ee8d4499e4c0de09d34862acbb1ea0139f53bf7f1271a8648fb35d9a3a31272a8bc7af870e3b52bf7f4cb51ae512fa07df79663eaeafa30221c0b200b,South Asian English,south_asian,We maintain an array of roots indexed by timestamp.,VIME DEN AND OF YOUR FUITS IN DEXTER BY BANSTAM,6d45ba9874d36143d9622b9d1e330364e2cc753b1a5b08ae2d7950ff44ecb1d0
data2vec_base,suta,98,stage5ext_00395,3f0b866ee8d4499e4c0de09d34862acbb1ea0139f53bf7f1271a8648fb35d9a3a31272a8bc7af870e3b52bf7f4cb51ae512fa07df79663eaeafa30221c0b200b,South Asian English,south_asian,"The educators lost, though commercial broadcasters were forced to air public affairs programs.",THE EDUVATE IS LOST THOUGH COMMORCIAL VARCASSO HAS BEEN FORCED TO ADD PUBLIC AFFAIRS PROGERBS,6d45ba9874d36143d9622b9d1e330364e2cc753b1a5b08ae2d7950ff44ecb1d0
data2vec_base,suta,98,stage5ext_00396,3f0b866ee8d4499e4c0de09d34862acbb1ea0139f53bf7f1271a8648fb35d9a3a31272a8bc7af870e3b52bf7f4cb51ae512fa07df79663eaeafa30221c0b200b,South Asian English,south_asian,It is also the largest school in the state by size.,THERE IS ALSO THE LARGE SCHOOL IN THE STET BY SITES,6d45ba9874d36143d9622b9d1e330364e2cc753b1a5b08ae2d7950ff44ecb1d0
data2vec_base,suta,99,stage5ext_00397,3f0b866ee8d4499e4c0de09d34862acbb1ea0139f53bf7f1271a8648fb35d9a3a31272a8bc7af870e3b52bf7f4cb51ae512fa07df79663eaeafa30221c0b200b,South Asian English,south_asian,The band members decided to discontinue their mutual involvement.,THE BYRON WAS DECIDED FOR DISCUCTING THE NUTRA IN WOTMENT,6e2ee943d359ded8f6e46ad2fe342a82d46043495756529171940b01010090a6
data2vec_base,suta,99,stage5ext_00398,3f0b866ee8d4499e4c0de09d34862acbb1ea0139f53bf7f1271a8648fb35d9a3a31272a8bc7af870e3b52bf7f4cb51ae512fa07df79663eaeafa30221c0b200b,South Asian English,south_asian,Highlights include a Gutenberg Bible and the Romanesque Lambeth Bible.,I LET IN TO A GOODIN WOLBAG AND E ROMINOUS CLAMBERED BACK,6e2ee943d359ded8f6e46ad2fe342a82d46043495756529171940b01010090a6
data2vec_base,suta,99,stage5ext_00399,3f0b866ee8d4499e4c0de09d34862acbb1ea0139f53bf7f1271a8648fb35d9a3a31272a8bc7af870e3b52bf7f4cb51ae512fa07df79663eaeafa30221c0b200b,South Asian English,south_asian,"The parents return, in bandages, having survived the fire.",MAD IN ADOME IN BANGAGES HARENGSA WIVED DOPI,6e2ee943d359ded8f6e46ad2fe342a82d46043495756529171940b01010090a6
data2vec_base,suta,99,stage5ext_00400,3f0b866ee8d4499e4c0de09d34862acbb1ea0139f53bf7f1271a8648fb35d9a3a31272a8bc7af870e3b52bf7f4cb51ae512fa07df79663eaeafa30221c0b200b,South Asian English,south_asian,"After the show, Sewercap talked to Jughead about officially reuniting Screeching Weasel.",AFTER THE SHOW SO LOOK UP DOCTOR JUCKHERD ABOUD OF SHAR ENACTING SCREECHING WIZLE,6e2ee943d359ded8f6e46ad2fe342a82d46043495756529171940b01010090a6
data2vec_base,suta,100,stage5ext_00401,3f0b866ee8d4499e4c0de09d34862acbb1ea0139f53bf7f1271a8648fb35d9a3a31272a8bc7af870e3b52bf7f4cb51ae512fa07df79663eaeafa30221c0b200b,South Asian English,south_asian,Harpur served in various capacities in the New York government during the American Revolution.,HOPER SERVANT BETH HIS CAPACITIES IN THE NEW YORK OMY DURING THE AMERICAN GRALUTION,57e94fd011d80c1c026e448ad8ccc518fe4bcb613ae5bfa712124de3f7027ba2
data2vec_base,suta,100,stage5ext_00402,3f0b866ee8d4499e4c0de09d34862acbb1ea0139f53bf7f1271a8648fb35d9a3a31272a8bc7af870e3b52bf7f4cb51ae512fa07df79663eaeafa30221c0b200b,South Asian English,south_asian,The program has won many awards for investigative journalism.,THE PILGRIM HAS WON MANY A WORDS FOR EMISTICATIVE JOURNANS,57e94fd011d80c1c026e448ad8ccc518fe4bcb613ae5bfa712124de3f7027ba2
data2vec_base,suta,100,stage5ext_00403,3f0b866ee8d4499e4c0de09d34862acbb1ea0139f53bf7f1271a8648fb35d9a3a31272a8bc7af870e3b52bf7f4cb51ae512fa07df79663eaeafa30221c0b200b,South Asian English,south_asian,Information about Boffo and its games can still be found on the site.,INFORMATION ABOUT BOFO AND ITS THEVES CAN STILL BE FOUND ON HES SECT,57e94fd011d80c1c026e448ad8ccc518fe4bcb613ae5bfa712124de3f7027ba2
data2vec_base,suta,100,stage5ext_00404,3f0b866ee8d4499e4c0de09d34862acbb1ea0139f53bf7f1271a8648fb35d9a3a31272a8bc7af870e3b52bf7f4cb51ae512fa07df79663eaeafa30221c0b200b,South Asian English,south_asian,"Forestkith Goblin: Nocturnal hunters, also known as kith.",FORRESKACOBIN KNOCK DON IN HUNTERS ULSON UNESCIT,57e94fd011d80c1c026e448ad8ccc518fe4bcb613ae5bfa712124de3f7027ba2
data2vec_base,suta,101,stage5ext_00405,3f0b866ee8d4499e4c0de09d34862acbb1ea0139f53bf7f1271a8648fb35d9a3a31272a8bc7af870e3b52bf7f4cb51ae512fa07df79663eaeafa30221c0b200b,South Asian English,south_asian,"Clearing facilities, security investments, cheques and overdraft protections were introduced.",CLERITUS LUDIES SCURDY AMERSMENTS CHECUS AND AR DA FORETIONS WERE INDORLOOSE,ddaa3091fd216b1cfc798cb01b931742320ceb09c037464f9ad009866567afef
data2vec_base,suta,101,stage5ext_00406,73e8a395a2162293c7b4534d24818227a71f84f9f562d54db101f6576c15907499bf892f20f243b766b2da4de010cd4b697339df0b8c453740e425875c0eac05,South Asian English,south_asian,Each family is allowed one vote per each style of debate.,EACH FAMILY IS ALLOWED ONE WAT PER EACH STYLE OF BIBET,ddaa3091fd216b1cfc798cb01b931742320ceb09c037464f9ad009866567afef
data2vec_base,suta,101,stage5ext_00407,73e8a395a2162293c7b4534d24818227a71f84f9f562d54db101f6576c15907499bf892f20f243b766b2da4de010cd4b697339df0b8c453740e425875c0eac05,South Asian English,south_asian,Min varieties are not mutually intelligible with any other varieties of Chinese.,WIN VARIETIES ARE NOT NUTURALLY INTELLIGIBLE WITH ANY OTHER VARIETIES OF CHINESE,ddaa3091fd216b1cfc798cb01b931742320ceb09c037464f9ad009866567afef
data2vec_base,suta,101,stage5ext_00408,73e8a395a2162293c7b4534d24818227a71f84f9f562d54db101f6576c15907499bf892f20f243b766b2da4de010cd4b697339df0b8c453740e425875c0eac05,South Asian English,south_asian,The sculptures on the pillars are truly beautiful.,THE SCULPTURES ON THE PILLARS ARE TRULY BEAUTIFUL,ddaa3091fd216b1cfc798cb01b931742320ceb09c037464f9ad009866567afef
data2vec_base,suta,102,stage5ext_00409,73e8a395a2162293c7b4534d24818227a71f84f9f562d54db101f6576c15907499bf892f20f243b766b2da4de010cd4b697339df0b8c453740e425875c0eac05,South Asian English,south_asian,"Examples of non-vibrating objects are mallets, hammers, and sticks.",EXAMPLES OF NONE VIBRATING OBJECTS ARE MALLETS HAMMERS AND STICKS,543237d30caf49c3cefdaa6c5b5c988b00e5c50ab7294636093bee2704880da1
data2vec_base,suta,102,stage5ext_00410,73e8a395a2162293c7b4534d24818227a71f84f9f562d54db101f6576c15907499bf892f20f243b766b2da4de010cd4b697339df0b8c453740e425875c0eac05,South Asian English,south_asian,"You place your choice in a sealed envelope, which is opened after the game.",YOU PLACE YOUR CHICE IN A SEALED ENVELOPE WHICH IS OPEN AFTER TE GIN,543237d30caf49c3cefdaa6c5b5c988b00e5c50ab7294636093bee2704880da1
data2vec_base,suta,102,stage5ext_00411,73e8a395a2162293c7b4534d24818227a71f84f9f562d54db101f6576c15907499bf892f20f243b766b2da4de010cd4b697339df0b8c453740e425875c0eac05,South Asian English,south_asian,The first was Buddy Ryan.,THE FIRST BLUSS MUDDY RAN,543237d30caf49c3cefdaa6c5b5c988b00e5c50ab7294636093bee2704880da1
data2vec_base,suta,102,stage5ext_00412,73e8a395a2162293c7b4534d24818227a71f84f9f562d54db101f6576c15907499bf892f20f243b766b2da4de010cd4b697339df0b8c453740e425875c0eac05,South Asian English,south_asian,"His playing style is aggressive and he has won many ""best game"" awards.",HIS PLAINS DAILY SO GRISIL AND HE HAS WON MANY BEST GAME AWARDS,543237d30caf49c3cefdaa6c5b5c988b00e5c50ab7294636093bee2704880da1
data2vec_base,suta,103,stage5ext_00413,73e8a395a2162293c7b4534d24818227a71f84f9f562d54db101f6576c15907499bf892f20f243b766b2da4de010cd4b697339df0b8c453740e425875c0eac05,South Asian English,south_asian,Their flight is weak.,THE FLIGHT EAST WEEK,e50d7abc4ef202f77135e7ed77025e7fed92f4589c85002df89fa34ddd976ced
data2vec_base,suta,103,stage5ext_00414,73e8a395a2162293c7b4534d24818227a71f84f9f562d54db101f6576c15907499bf892f20f243b766b2da4de010cd4b697339df0b8c453740e425875c0eac05,South Asian English,south_asian,"In many cases however, they are quite functional.",IN MANY CASES HOWEVER THEY ARE QUITE FUNCTIONAT,e50d7abc4ef202f77135e7ed77025e7fed92f4589c85002df89fa34ddd976ced
data2vec_base,suta,103,stage5ext_00415,73e8a395a2162293c7b4534d24818227a71f84f9f562d54db101f6576c15907499bf892f20f243b766b2da4de010cd4b697339df0b8c453740e425875c0eac05,South Asian English,south_asian,Ward went on to win the general election.,FORD RENT UNTO WIN THE GENERAL ELATION,e50d7abc4ef202f77135e7ed77025e7fed92f4589c85002df89fa34ddd976ced
data2vec_base,suta,103,stage5ext_00416,73e8a395a2162293c7b4534d24818227a71f84f9f562d54db101f6576c15907499bf892f20f243b766b2da4de010cd4b697339df0b8c453740e425875c0eac05,South Asian English,south_asian,He is now a Free Agent.,HE IS NOW A FREE AGENT,e50d7abc4ef202f77135e7ed77025e7fed92f4589c85002df89fa34ddd976ced
data2vec_base,suta,104,stage5ext_00417,73e8a395a2162293c7b4534d24818227a71f84f9f562d54db101f6576c15907499bf892f20f243b766b2da4de010cd4b697339df0b8c453740e425875c0eac05,South Asian English,south_asian,Her other sponsors include Subway and Boost Mobile.,HER OTHER SPONSES INCLUDE SUBVEY AND BOST MOMBI,c43ee82fa3bac6f8dfa6927fcbaf66794014a811ffe28a4783c05924a784f137
data2vec_base,suta,104,stage5ext_00418,73e8a395a2162293c7b4534d24818227a71f84f9f562d54db101f6576c15907499bf892f20f243b766b2da4de010cd4b697339df0b8c453740e425875c0eac05,South Asian English,south_asian,I've never been asked to do one.,I HAVE NEVER BEEN ASKED TO DO ONE,c43ee82fa3bac6f8dfa6927fcbaf66794014a811ffe28a4783c05924a784f137
data2vec_base,suta,104,stage5ext_00419,73e8a395a2162293c7b4534d24818227a71f84f9f562d54db101f6576c15907499bf892f20f243b766b2da4de010cd4b697339df0b8c453740e425875c0eac05,South Asian English,south_asian,"Therefore, these schools are significantly divided in terms of both abilities and career aims.",THEREFORE THESE CALS ARE SIGNIFICANTLY DIVIDED IN TERMS OF BORD ABILITIES AND CARRIER AIMS,c43ee82fa3bac6f8dfa6927fcbaf66794014a811ffe28a4783c05924a784f137
data2vec_base,suta,104,stage5ext_00420,73e8a395a2162293c7b4534d24818227a71f84f9f562d54db101f6576c15907499bf892f20f243b766b2da4de010cd4b697339df0b8c453740e425875c0eac05,South Asian English,south_asian,The Ottoman village of Mulebbis appears at this site on the British survey map.,THE OTTOLLAN VILLAGE OF MELOBIS APPEARS AT THIS SIGHT ON THE BRITISH SER THEY MET,c43ee82fa3bac6f8dfa6927fcbaf66794014a811ffe28a4783c05924a784f137
data2vec_base,suta,105,stage5ext_00421,ea49524d52bc56b865f1207ba65e9a5c30cab647b575ba84d0332c740de52bef6922ee19c49e44db615889cbabebbfa52440b31858fac8660d5e97eb4593687f,South Asian English,south_asian,Do you have Hugo's phone number?,THE HALHUGODS PORNUMBERD,cde6ea9e0a792588b906fd7c9f35de4dc1d44c2a365277f101e39bd748a2acd8
data2vec_base,suta,105,stage5ext_00422,ea49524d52bc56b865f1207ba65e9a5c30cab647b575ba84d0332c740de52bef6922ee19c49e44db615889cbabebbfa52440b31858fac8660d5e97eb4593687f,South Asian English,south_asian,"In the United States, we use paper bags for shopping.",IN THE UNITED STATES WE USE PEOP AT BAK POT SHOPPING,cde6ea9e0a792588b906fd7c9f35de4dc1d44c2a365277f101e39bd748a2acd8
data2vec_base,suta,105,stage5ext_00423,ea49524d52bc56b865f1207ba65e9a5c30cab647b575ba84d0332c740de52bef6922ee19c49e44db615889cbabebbfa52440b31858fac8660d5e97eb4593687f,South Asian English,south_asian,"Olivia, have you seen my keys?",OLUEA A YOU SIN MY KIDS,cde6ea9e0a792588b906fd7c9f35de4dc1d44c2a365277f101e39bd748a2acd8
data2vec_base,suta,105,stage5ext_00424,ea49524d52bc56b865f1207ba65e9a5c30cab647b575ba84d0332c740de52bef6922ee19c49e44db615889cbabebbfa52440b31858fac8660d5e97eb4593687f,South Asian English,south_asian,Someone set fire to the trash.,SOME ONE SET PIRE TO THE TRESH,cde6ea9e0a792588b906fd7c9f35de4dc1d44c2a365277f101e39bd748a2acd8
data2vec_base,suta,106,stage5ext_00425,ea49524d52bc56b865f1207ba65e9a5c30cab647b575ba84d0332c740de52bef6922ee19c49e44db615889cbabebbfa52440b31858fac8660d5e97eb4593687f,South Asian English,south_asian,Angela wanted to copy everything he had done.,ANGELLA WANTED TO COPY EVERYTHING HE HAD DONE,bdba0ae7e53f2930cb6593d71b5b841aaadf460de5e885a0b503b4729afa40ce
data2vec_base,suta,106,stage5ext_00426,ea49524d52bc56b865f1207ba65e9a5c30cab647b575ba84d0332c740de52bef6922ee19c49e44db615889cbabebbfa52440b31858fac8660d5e97eb4593687f,South Asian English,south_asian,Good playgrounds have much more to offer than swings and slides.,GOOD PLAGROUNDS HAVE MUCH MORE TO OFFER THAN SWINGS AND SLATES,bdba0ae7e53f2930cb6593d71b5b841aaadf460de5e885a0b503b4729afa40ce
data2vec_base,suta,106,stage5ext_00427,ea49524d52bc56b865f1207ba65e9a5c30cab647b575ba84d0332c740de52bef6922ee19c49e44db615889cbabebbfa52440b31858fac8660d5e97eb4593687f,South Asian English,south_asian,What does it all mean?,WHAT DOES IT ALL MEAN,bdba0ae7e53f2930cb6593d71b5b841aaadf460de5e885a0b503b4729afa40ce
data2vec_base,suta,106,stage5ext_00428,ea49524d52bc56b865f1207ba65e9a5c30cab647b575ba84d0332c740de52bef6922ee19c49e44db615889cbabebbfa52440b31858fac8660d5e97eb4593687f,South Asian English,south_asian,A musical composition for seven instruments,A MUSICAL COMPOTITION PAR SAY ONE INSTRUMENT,bdba0ae7e53f2930cb6593d71b5b841aaadf460de5e885a0b503b4729afa40ce
data2vec_base,suta,107,stage5ext_00429,ea49524d52bc56b865f1207ba65e9a5c30cab647b575ba84d0332c740de52bef6922ee19c49e44db615889cbabebbfa52440b31858fac8660d5e97eb4593687f,South Asian English,south_asian,Temper is so good a thing that we should never lose it.,EMPER IT SO GOOD A THING THAT WE SHOULD NEVER LOSE IT,209412e5c0fbb443c2a9b8b75f4a2578de33dbd1296a75fdab00bad69a656282
data2vec_base,suta,107,stage5ext_00430,ea49524d52bc56b865f1207ba65e9a5c30cab647b575ba84d0332c740de52bef6922ee19c49e44db615889cbabebbfa52440b31858fac8660d5e97eb4593687f,South Asian English,south_asian,She has a smart way of wearing clothes.,SHE HAD THE SMART WEYOP WEARING CLOTS,209412e5c0fbb443c2a9b8b75f4a2578de33dbd1296a75fdab00bad69a656282
data2vec_base,suta,107,stage5ext_00431,ea49524d52bc56b865f1207ba65e9a5c30cab647b575ba84d0332c740de52bef6922ee19c49e44db615889cbabebbfa52440b31858fac8660d5e97eb4593687f,South Asian English,south_asian,They have prejudices against foreigners.,THEY HELPED REAH UBESEUS AGAINST PORINASA,209412e5c0fbb443c2a9b8b75f4a2578de33dbd1296a75fdab00bad69a656282
data2vec_base,suta,107,stage5ext_00432,ea49524d52bc56b865f1207ba65e9a5c30cab647b575ba84d0332c740de52bef6922ee19c49e44db615889cbabebbfa52440b31858fac8660d5e97eb4593687f,South Asian English,south_asian,He has enough who is content.,HE HAS ENOUGH WHO IS CONTENT,209412e5c0fbb443c2a9b8b75f4a2578de33dbd1296a75fdab00bad69a656282
data2vec_base,suta,108,stage5ext_00433,ea49524d52bc56b865f1207ba65e9a5c30cab647b575ba84d0332c740de52bef6922ee19c49e44db615889cbabebbfa52440b31858fac8660d5e97eb4593687f,South Asian English,south_asian,The toilet needed cleaning.,THAT I LED NE RID GENING,d9404bb9d2c204ab67eee5cc07f4f15402bf2a251b9d95095fb7f8b3bf06361a
data2vec_base,suta,108,stage5ext_00434,ea49524d52bc56b865f1207ba65e9a5c30cab647b575ba84d0332c740de52bef6922ee19c49e44db615889cbabebbfa52440b31858fac8660d5e97eb4593687f,South Asian English,south_asian,There's no accounting for tastes,THERE IS NO ACCOUNTING PORTESTS,d9404bb9d2c204ab67eee5cc07f4f15402bf2a251b9d95095fb7f8b3bf06361a
data2vec_base,suta,108,stage5ext_00435,ea49524d52bc56b865f1207ba65e9a5c30cab647b575ba84d0332c740de52bef6922ee19c49e44db615889cbabebbfa52440b31858fac8660d5e97eb4593687f,South Asian English,south_asian,"Yours sincerely, Satan.",YOURS SINCERELY SE ANT,d9404bb9d2c204ab67eee5cc07f4f15402bf2a251b9d95095fb7f8b3bf06361a
data2vec_base,suta,108,stage5ext_00436,6df207be7ccedf5176284312e3017cd9d7ddb990efbd395e8e8d1a4f2aca4eac93a420f82a1b88c2cc4a7728b9bfb612cdbeccdb6bb50e3f1aec155e5603f59f,South Asian English,south_asian,Ogilvy watched till one and then gave up.,ARDILBE WATCHED TILL ONE AND THEN GEVA,d9404bb9d2c204ab67eee5cc07f4f15402bf2a251b9d95095fb7f8b3bf06361a
data2vec_base,suta,109,stage5ext_00437,6df207be7ccedf5176284312e3017cd9d7ddb990efbd395e8e8d1a4f2aca4eac93a420f82a1b88c2cc4a7728b9bfb612cdbeccdb6bb50e3f1aec155e5603f59f,South Asian English,south_asian,The desert didn't answer him for a few moments.,THE DESEN DID DANCER HIM FOR A FEW WOMANS,782977ea83f185b2041f02c1688202a1f4349ea9f21e4baf5e46a5a9bfac4fb9
data2vec_base,suta,109,stage5ext_00438,6df207be7ccedf5176284312e3017cd9d7ddb990efbd395e8e8d1a4f2aca4eac93a420f82a1b88c2cc4a7728b9bfb612cdbeccdb6bb50e3f1aec155e5603f59f,South Asian English,south_asian,Once again he was experiencing the language without words...,ONCE AGAIN HE WAS EXPERIENCING THE LANGUAGE DOUT WORD,782977ea83f185b2041f02c1688202a1f4349ea9f21e4baf5e46a5a9bfac4fb9
data2vec_base,suta,109,stage5ext_00439,6df207be7ccedf5176284312e3017cd9d7ddb990efbd395e8e8d1a4f2aca4eac93a420f82a1b88c2cc4a7728b9bfb612cdbeccdb6bb50e3f1aec155e5603f59f,South Asian English,south_asian,"The sheep will get used to my not being there, too, the boy thought.",THE SHEEP WILL GET USED TO MY NOT BEING THERE TOO THE BAR THOUGHT,782977ea83f185b2041f02c1688202a1f4349ea9f21e4baf5e46a5a9bfac4fb9
data2vec_base,suta,109,stage5ext_00440,6df207be7ccedf5176284312e3017cd9d7ddb990efbd395e8e8d1a4f2aca4eac93a420f82a1b88c2cc4a7728b9bfb612cdbeccdb6bb50e3f1aec155e5603f59f,South Asian English,south_asian,Everything you need to know you have learned through your journey.,EVERYTHING YOU NEED TO KNOW YOU HAVE LEARND THROUGH YOUR JOURNEY,782977ea83f185b2041f02c1688202a1f4349ea9f21e4baf5e46a5a9bfac4fb9
data2vec_base,suta,110,stage5ext_00441,6df207be7ccedf5176284312e3017cd9d7ddb990efbd395e8e8d1a4f2aca4eac93a420f82a1b88c2cc4a7728b9bfb612cdbeccdb6bb50e3f1aec155e5603f59f,South Asian English,south_asian,"You and I aren't like Hassan, that rich merchant.",YOU AND I AUNT LAKE HSSON THAT RICH MERGANT,0148bc8cb186a49d39029a2440080f1427f808d617c4748507abed9e37c53a9b
data2vec_base,suta,110,stage5ext_00442,6df207be7ccedf5176284312e3017cd9d7ddb990efbd395e8e8d1a4f2aca4eac93a420f82a1b88c2cc4a7728b9bfb612cdbeccdb6bb50e3f1aec155e5603f59f,South Asian English,south_asian,But they really don't know what they're saying.,BUT THEY REALLY DON'T KNOW WHAT THEY ARE SAYING,0148bc8cb186a49d39029a2440080f1427f808d617c4748507abed9e37c53a9b
data2vec_base,suta,110,stage5ext_00443,6df207be7ccedf5176284312e3017cd9d7ddb990efbd395e8e8d1a4f2aca4eac93a420f82a1b88c2cc4a7728b9bfb612cdbeccdb6bb50e3f1aec155e5603f59f,South Asian English,south_asian,The boy remembered an old proverb from his country.,THE BOY REMEMBERED ANEWL PROBLEM FROM HIS COUNTRY,0148bc8cb186a49d39029a2440080f1427f808d617c4748507abed9e37c53a9b
data2vec_base,suta,110,stage5ext_00444,6df207be7ccedf5176284312e3017cd9d7ddb990efbd395e8e8d1a4f2aca4eac93a420f82a1b88c2cc4a7728b9bfb612cdbeccdb6bb50e3f1aec155e5603f59f,South Asian English,south_asian,Henderson stood up with a spade in his hand.,HENDESON STOOD UP WITH A SPEED IN HIS HAND,0148bc8cb186a49d39029a2440080f1427f808d617c4748507abed9e37c53a9b
data2vec_base,suta,111,stage5ext_00445,6df207be7ccedf5176284312e3017cd9d7ddb990efbd395e8e8d1a4f2aca4eac93a420f82a1b88c2cc4a7728b9bfb612cdbeccdb6bb50e3f1aec155e5603f59f,South Asian English,south_asian,"The alchemists spent years in their laboratories, observing the fire that purified the metals.",THE ELCHEMISTS SPENT YEARS IN THEIR DEBORITORIES OBSERVING THE FILRE TE PURIFIED METONS,26644b7f2f378f6b4f97d1d0d7a2dbdafbabe4450b2b111533b2266057536b0c
data2vec_base,suta,111,stage5ext_00446,6df207be7ccedf5176284312e3017cd9d7ddb990efbd395e8e8d1a4f2aca4eac93a420f82a1b88c2cc4a7728b9bfb612cdbeccdb6bb50e3f1aec155e5603f59f,South Asian English,south_asian,His eyes filled with tears as he spoke of the Prophet.,HIS EYES FILLED WITH TEARS AS HE SPOKE OF THE PROPHET,26644b7f2f378f6b4f97d1d0d7a2dbdafbabe4450b2b111533b2266057536b0c
data2vec_base,suta,111,stage5ext_00447,6df207be7ccedf5176284312e3017cd9d7ddb990efbd395e8e8d1a4f2aca4eac93a420f82a1b88c2cc4a7728b9bfb612cdbeccdb6bb50e3f1aec155e5603f59f,South Asian English,south_asian,"Maybe the alchemist has never been in love, the boy thought.",MAYBE THE ALCHYMIST HAS NEVER BEEN IN LOVE THE BOY THOUGHT,26644b7f2f378f6b4f97d1d0d7a2dbdafbabe4450b2b111533b2266057536b0c
data2vec_base,suta,111,stage5ext_00448,6df207be7ccedf5176284312e3017cd9d7ddb990efbd395e8e8d1a4f2aca4eac93a420f82a1b88c2cc4a7728b9bfb612cdbeccdb6bb50e3f1aec155e5603f59f,South Asian English,south_asian,"He dressed in his Arabian clothing of white linen, bought especially for this day.",HE DRESSED IN HIS ARBAN CLOTHING OF WHITE LINEN BOUGHT ESPECIALLY FATHE STA,26644b7f2f378f6b4f97d1d0d7a2dbdafbabe4450b2b111533b2266057536b0c
data2vec_base,suta,112,stage5ext_00449,6df207be7ccedf5176284312e3017cd9d7ddb990efbd395e8e8d1a4f2aca4eac93a420f82a1b88c2cc4a7728b9bfb612cdbeccdb6bb50e3f1aec155e5603f59f,South Asian English,south_asian,I don't want anything for myself.,I DON'T WANT OLY KEEP E MESSMED,0a2ff94f0104a1c0fd754482297b9dc3d3cb9c47907ae9a717615605ff8da5f2
data2vec_base,suta,112,stage5ext_00450,6df207be7ccedf5176284312e3017cd9d7ddb990efbd395e8e8d1a4f2aca4eac93a420f82a1b88c2cc4a7728b9bfb612cdbeccdb6bb50e3f1aec155e5603f59f,South Asian English,south_asian,"An hour later, he had before him a chest of Spanish gold coins.",AN HOUR LATER HE HAD BEFORE HIM A CHEST OF SPANISH GOPGOINES,0a2ff94f0104a1c0fd754482297b9dc3d3cb9c47907ae9a717615605ff8da5f2
data2vec_base,suta,112,stage5ext_00451,0e60a578941d41849394691c611be044c19753d68b3dc6ca38dd1526016c9536219350c8aa1d6c0b974bc68c24592c39030a094ed6223399ab873f93e6a457a2,Australian English,australia,He surveyed the land near Fairbanks and started the Fairbanks Experiment Farm.,HE SURVEYED THE LAND NEAR FAR BANKS AND STARTED THE FAR BANKS EXPERIMENT FARM,0a2ff94f0104a1c0fd754482297b9dc3d3cb9c47907ae9a717615605ff8da5f2
data2vec_base,suta,112,stage5ext_00452,0e60a578941d41849394691c611be044c19753d68b3dc6ca38dd1526016c9536219350c8aa1d6c0b974bc68c24592c39030a094ed6223399ab873f93e6a457a2,Australian English,australia,"These sites are equipped with firewood, pit privies, picnic tables and food storage containers.",THESE SITES ARE EQUIPPED WITH FIREWOOD PICK PRIVIES PICNIC TABLES AND FOOD STORAGE CONTAINERS,0a2ff94f0104a1c0fd754482297b9dc3d3cb9c47907ae9a717615605ff8da5f2
data2vec_base,suta,113,stage5ext_00453,0e60a578941d41849394691c611be044c19753d68b3dc6ca38dd1526016c9536219350c8aa1d6c0b974bc68c24592c39030a094ed6223399ab873f93e6a457a2,Australian English,australia,He was second billed at the Earls Court Music festival with Jay-Z.,HE WAS SECOND BUILD AT THE EARL COURT MUSIC FESTIVAL WITH JS,fa261799683d5989b1f3ba14b8d92a48e9f5742ee2c4c3add43494e9dd3a442b
data2vec_base,suta,113,stage5ext_00454,0e60a578941d41849394691c611be044c19753d68b3dc6ca38dd1526016c9536219350c8aa1d6c0b974bc68c24592c39030a094ed6223399ab873f93e6a457a2,Australian English,australia,"As a result, most of the buildings are older, and are often walk-up apartments.",AS A RESULT MOST OF THE BUILDINGS ARE OLDER AND ARE OFTEN WALK UP APARTMENTS,fa261799683d5989b1f3ba14b8d92a48e9f5742ee2c4c3add43494e9dd3a442b
data2vec_base,suta,113,stage5ext_00455,0e60a578941d41849394691c611be044c19753d68b3dc6ca38dd1526016c9536219350c8aa1d6c0b974bc68c24592c39030a094ed6223399ab873f93e6a457a2,Australian English,australia,"His credits include episodes of ""The Twilight Zone"" and ""The Alfred Hitchcock Hour"".",HIS CREDITS INCLUDE EPISODES OF THE TWILIGHT ZONE AND THE ALFRED HITCHCOCK HOUR,fa261799683d5989b1f3ba14b8d92a48e9f5742ee2c4c3add43494e9dd3a442b
data2vec_base,suta,113,stage5ext_00456,0e60a578941d41849394691c611be044c19753d68b3dc6ca38dd1526016c9536219350c8aa1d6c0b974bc68c24592c39030a094ed6223399ab873f93e6a457a2,Australian English,australia,The party aligned itself with the Comintern.,THE PARTY ALINED ITSELF WITH THE COMMIN TURN,fa261799683d5989b1f3ba14b8d92a48e9f5742ee2c4c3add43494e9dd3a442b
data2vec_base,suta,114,stage5ext_00457,0e60a578941d41849394691c611be044c19753d68b3dc6ca38dd1526016c9536219350c8aa1d6c0b974bc68c24592c39030a094ed6223399ab873f93e6a457a2,Australian English,australia,"On one occasion, Suetonius writes, Vespasian was pelted with turnips.",ON ONE OCCASION SUTONIUS WRITES LESPASSION WAS PELTED WITH TURNIPS,06e34d2c95b3fd780b52ff18fbf7346ec6df2516333789baadfd8213d6db6f9b
data2vec_base,suta,114,stage5ext_00458,0e60a578941d41849394691c611be044c19753d68b3dc6ca38dd1526016c9536219350c8aa1d6c0b974bc68c24592c39030a094ed6223399ab873f93e6a457a2,Australian English,australia,"She felt that modern society had ""blunted"" children.",SHE FELT THAT MODERN SOCIETY HAD BLUNTED CHILDREN,06e34d2c95b3fd780b52ff18fbf7346ec6df2516333789baadfd8213d6db6f9b
data2vec_base,suta,114,stage5ext_00459,0e60a578941d41849394691c611be044c19753d68b3dc6ca38dd1526016c9536219350c8aa1d6c0b974bc68c24592c39030a094ed6223399ab873f93e6a457a2,Australian English,australia,Those in Thailand live close to the Hmong and northern Thai.,THOSE IN TYLAND LIVE CLOSE TO THE MONG AND NORTHERN TIE,06e34d2c95b3fd780b52ff18fbf7346ec6df2516333789baadfd8213d6db6f9b
data2vec_base,suta,114,stage5ext_00460,0e60a578941d41849394691c611be044c19753d68b3dc6ca38dd1526016c9536219350c8aa1d6c0b974bc68c24592c39030a094ed6223399ab873f93e6a457a2,Australian English,australia,His competitive debut followed a few days later.,HIS COMPETITIVE DEBU FOLLOWED A FEW DAYS LATER,06e34d2c95b3fd780b52ff18fbf7346ec6df2516333789baadfd8213d6db6f9b
data2vec_base,suta,115,stage5ext_00461,0e60a578941d41849394691c611be044c19753d68b3dc6ca38dd1526016c9536219350c8aa1d6c0b974bc68c24592c39030a094ed6223399ab873f93e6a457a2,Australian English,australia,It is headquartered in Dubna in the Moscow Oblast.,IT IS HEADQUARTERED IN DUBNER IN THE MOSCOW O BLAST,c58b0dc7c313eb2e88e4efce1565d64370853e1e3bcb6db71a01c750f8a6291f
data2vec_base,suta,115,stage5ext_00462,0e60a578941d41849394691c611be044c19753d68b3dc6ca38dd1526016c9536219350c8aa1d6c0b974bc68c24592c39030a094ed6223399ab873f93e6a457a2,Australian English,australia,Upon surrender the tribe was expelled.,UPON SURRENDER THE TRIBE WAS EXPELLED,c58b0dc7c313eb2e88e4efce1565d64370853e1e3bcb6db71a01c750f8a6291f
data2vec_base,suta,115,stage5ext_00463,0e60a578941d41849394691c611be044c19753d68b3dc6ca38dd1526016c9536219350c8aa1d6c0b974bc68c24592c39030a094ed6223399ab873f93e6a457a2,Australian English,australia,His skills in what we now characterize as guerrilla warfare were justly famous.,HIS SKILLS IN WHAT WE NOW CHARACTERISE AS GORILLA WARFARE WERE JUSTLY FAMOUS,c58b0dc7c313eb2e88e4efce1565d64370853e1e3bcb6db71a01c750f8a6291f
data2vec_base,suta,115,stage5ext_00464,0e60a578941d41849394691c611be044c19753d68b3dc6ca38dd1526016c9536219350c8aa1d6c0b974bc68c24592c39030a094ed6223399ab873f93e6a457a2,Australian English,australia,Donald C. Owens.,DONALD C OWENS,c58b0dc7c313eb2e88e4efce1565d64370853e1e3bcb6db71a01c750f8a6291f
data2vec_base,suta,116,stage5ext_00465,0e60a578941d41849394691c611be044c19753d68b3dc6ca38dd1526016c9536219350c8aa1d6c0b974bc68c24592c39030a094ed6223399ab873f93e6a457a2,Australian English,australia,Most of operating surplus will normally consist of gross profit income.,MOST OF OPERATING SURPLUS WILL NORMALLY CONSIST OF GROSS PROFIT INCOME,11fa5378f25c3b538069769cd19145bb582cb400a242a58bd6e20a4a376738f9
data2vec_base,suta,116,stage5ext_00466,6a6b32832defa516dce6922d2300294d6e7f670b8f867ed3f8f7e291df5150f55cde5ad06e44e4d126e3687b818fe5f23e70a1cd189217bc55d1f9f21ced88e0,Australian English,australia,"These delineations, however, are not definitive.",THESE DELINEATIONS HOWEVER ARE NOT DEFINITIVE,11fa5378f25c3b538069769cd19145bb582cb400a242a58bd6e20a4a376738f9
data2vec_base,suta,116,stage5ext_00467,6a6b32832defa516dce6922d2300294d6e7f670b8f867ed3f8f7e291df5150f55cde5ad06e44e4d126e3687b818fe5f23e70a1cd189217bc55d1f9f21ced88e0,Australian English,australia,"When he returned to Canada the following year, he had gained few supplies.",WHEN HE RETURNED TO CANADA THE FOLLOWING YEAR HE HAD GAINED FEW SUPPLIES,11fa5378f25c3b538069769cd19145bb582cb400a242a58bd6e20a4a376738f9
data2vec_base,suta,116,stage5ext_00468,6a6b32832defa516dce6922d2300294d6e7f670b8f867ed3f8f7e291df5150f55cde5ad06e44e4d126e3687b818fe5f23e70a1cd189217bc55d1f9f21ced88e0,Australian English,australia,Eos published the third edition of Nobilis and a supplement.,EOS PUBLISHED THE THIRD EDITION OF NOBLUS AND A SUPPLEMENT,11fa5378f25c3b538069769cd19145bb582cb400a242a58bd6e20a4a376738f9
data2vec_base,suta,117,stage5ext_00469,6a6b32832defa516dce6922d2300294d6e7f670b8f867ed3f8f7e291df5150f55cde5ad06e44e4d126e3687b818fe5f23e70a1cd189217bc55d1f9f21ced88e0,Australian English,australia,This prevents damage to the optics in the amplifier.,THIS PREVENTS DAMAGE TO THE OBJECTS IN THE AMPLIFIAL,08788625135bc370dde9f1463b75ac172a2da62e4215d5b89e392c46040a5980
data2vec_base,suta,117,stage5ext_00470,6a6b32832defa516dce6922d2300294d6e7f670b8f867ed3f8f7e291df5150f55cde5ad06e44e4d126e3687b818fe5f23e70a1cd189217bc55d1f9f21ced88e0,Australian English,australia,"Prince's Park also influenced its near neighbour, Sefton Park.",THE PRINCE'S PARK ALSO INFLUENCED ITS NINAVA SICTON PACK,08788625135bc370dde9f1463b75ac172a2da62e4215d5b89e392c46040a5980
data2vec_base,suta,117,stage5ext_00471,6a6b32832defa516dce6922d2300294d6e7f670b8f867ed3f8f7e291df5150f55cde5ad06e44e4d126e3687b818fe5f23e70a1cd189217bc55d1f9f21ced88e0,Australian English,australia,The location is a primary advantage of the faculty.,E LOCATION IS A PRIMARY ADVANTAGE OF THE FACULTY,08788625135bc370dde9f1463b75ac172a2da62e4215d5b89e392c46040a5980
data2vec_base,suta,117,stage5ext_00472,6a6b32832defa516dce6922d2300294d6e7f670b8f867ed3f8f7e291df5150f55cde5ad06e44e4d126e3687b818fe5f23e70a1cd189217bc55d1f9f21ced88e0,Australian English,australia,The caps are placed behind the casing.,THE CAPS ARE PLACED BEHIND THE CASIN,08788625135bc370dde9f1463b75ac172a2da62e4215d5b89e392c46040a5980
data2vec_base,suta,118,stage5ext_00473,6a6b32832defa516dce6922d2300294d6e7f670b8f867ed3f8f7e291df5150f55cde5ad06e44e4d126e3687b818fe5f23e70a1cd189217bc55d1f9f21ced88e0,Australian English,australia,It falls within the old copper quarter of Landore electoral ward.,IT FALLS WITHIN THE OLD COPPER QUARTER OF LANDOR ELECTRO WARD,8c1d3a199548e3a99095613e9238fdc825d12fa16811aca134793571bcfe554e
data2vec_base,suta,118,stage5ext_00474,6a6b32832defa516dce6922d2300294d6e7f670b8f867ed3f8f7e291df5150f55cde5ad06e44e4d126e3687b818fe5f23e70a1cd189217bc55d1f9f21ced88e0,Australian English,australia,It was merged into the existing Billund municipality.,IT WAS MERGED INTO THE EXISTING VILLAND MUNICIPALITY,8c1d3a199548e3a99095613e9238fdc825d12fa16811aca134793571bcfe554e
data2vec_base,suta,118,stage5ext_00475,6a6b32832defa516dce6922d2300294d6e7f670b8f867ed3f8f7e291df5150f55cde5ad06e44e4d126e3687b818fe5f23e70a1cd189217bc55d1f9f21ced88e0,Australian English,australia,"Rossi is married, with four children, and lives in Sammamish, Washington.",ROSSI IS MARRIED WITH FOUR CHILDREN AND LIVES IN SAMAMICH WASHINGTON,8c1d3a199548e3a99095613e9238fdc825d12fa16811aca134793571bcfe554e
data2vec_base,suta,118,stage5ext_00476,6a6b32832defa516dce6922d2300294d6e7f670b8f867ed3f8f7e291df5150f55cde5ad06e44e4d126e3687b818fe5f23e70a1cd189217bc55d1f9f21ced88e0,Australian English,australia,It is a peaceful place nestled in greenery.,IT IS A PASTEFUL PLACE NESTLED IN GRANARY,8c1d3a199548e3a99095613e9238fdc825d12fa16811aca134793571bcfe554e
data2vec_base,suta,119,stage5ext_00477,6a6b32832defa516dce6922d2300294d6e7f670b8f867ed3f8f7e291df5150f55cde5ad06e44e4d126e3687b818fe5f23e70a1cd189217bc55d1f9f21ced88e0,Australian English,australia,During the fighting the Saint-Quentin collegiate church was badly damaged by fire.,DURING THE FIGHTING THE SAINT QUINTON COLLEGE AT CHURCH WAS BADLY DAMAGED BY FILE,a963ea8e79e35aa6a326e7f602f7cd8945ebd5a0d9aa6d29a45167d397988170
data2vec_base,suta,119,stage5ext_00478,6a6b32832defa516dce6922d2300294d6e7f670b8f867ed3f8f7e291df5150f55cde5ad06e44e4d126e3687b818fe5f23e70a1cd189217bc55d1f9f21ced88e0,Australian English,australia,Further salvage effort was abandoned.,FE THE SAVAGE EFIT WAS ABANDONED,a963ea8e79e35aa6a326e7f602f7cd8945ebd5a0d9aa6d29a45167d397988170
data2vec_base,suta,119,stage5ext_00479,6a6b32832defa516dce6922d2300294d6e7f670b8f867ed3f8f7e291df5150f55cde5ad06e44e4d126e3687b818fe5f23e70a1cd189217bc55d1f9f21ced88e0,Australian English,australia,Its lean flesh makes for a unique flavor that differs from species to species.,ITS LANE FLESH MAKES FOR UNIQUE FLAVA BUT DIFFERS FROM SPECIES TO SPECIES,a963ea8e79e35aa6a326e7f602f7cd8945ebd5a0d9aa6d29a45167d397988170
data2vec_base,suta,119,stage5ext_00480,6a6b32832defa516dce6922d2300294d6e7f670b8f867ed3f8f7e291df5150f55cde5ad06e44e4d126e3687b818fe5f23e70a1cd189217bc55d1f9f21ced88e0,Australian English,australia,"Multiplexers, decoders, state machines, and other sophisticated digital devices may use inverters.",MULTIPLEXES DECODAS STATE MACHINES AND OTHER SOPHISTICATED DIGIDAL DEVICES MAY USE INVERTAS,a963ea8e79e35aa6a326e7f602f7cd8945ebd5a0d9aa6d29a45167d397988170
data2vec_base,suta,120,stage5ext_00481,80e5fdd0808bbda9d695c743b5046c81739538d8398f2686fe4b36ca71f055a7cc8e5445f4ac8e41bbbe09c9f01ad6e6bf9e083ec42a8d15655c1b76825dce57,Australian English,australia,"The regiment is introduced as Britain's first ""Kamikaze Regiment"".",THE REGIMENT IS INTRODUCED AS BRINS FIRST COMACARSI REGIMENT,8c424e22a784241d3fbfbc0152e6a85882d3de1f1715d5fecfe4ff03d5b2e867
data2vec_base,suta,120,stage5ext_00482,80e5fdd0808bbda9d695c743b5046c81739538d8398f2686fe4b36ca71f055a7cc8e5445f4ac8e41bbbe09c9f01ad6e6bf9e083ec42a8d15655c1b76825dce57,Australian English,australia,"“Yet you always make me like it,” he said.",YET YOU ALWAYS MAKE ME LIKE IT HE SAID,8c424e22a784241d3fbfbc0152e6a85882d3de1f1715d5fecfe4ff03d5b2e867
data2vec_base,suta,120,stage5ext_00483,80e5fdd0808bbda9d695c743b5046c81739538d8398f2686fe4b36ca71f055a7cc8e5445f4ac8e41bbbe09c9f01ad6e6bf9e083ec42a8d15655c1b76825dce57,Australian English,australia,The parties were ordered to electronically submit briefs to make their case.,THE PARTIES WERE ORDERED TO ELECTRONICALLY DERMIT BRIEFS TO MAKE THEIR CASE,8c424e22a784241d3fbfbc0152e6a85882d3de1f1715d5fecfe4ff03d5b2e867
data2vec_base,suta,120,stage5ext_00484,80e5fdd0808bbda9d695c743b5046c81739538d8398f2686fe4b36ca71f055a7cc8e5445f4ac8e41bbbe09c9f01ad6e6bf9e083ec42a8d15655c1b76825dce57,Australian English,australia,Conceptual discussions also revolve around a precise definition of action in philosophy.,CONCEPTUNAL DISCUSSIONS ALSO REVOLVE ROUND A PRECISE DEFINITION OF ACTION IN PHILOSOPHY,8c424e22a784241d3fbfbc0152e6a85882d3de1f1715d5fecfe4ff03d5b2e867
data2vec_base,suta,121,stage5ext_00485,80e5fdd0808bbda9d695c743b5046c81739538d8398f2686fe4b36ca71f055a7cc8e5445f4ac8e41bbbe09c9f01ad6e6bf9e083ec42a8d15655c1b76825dce57,Australian English,australia,John Wyndham's many short stories also appear with later variant titles or pen names.,JOHN WINEHAM'S MANY SHORT STORIES ALSO APPEAR WITH LATER VERANT TITLES OR PINNAMES,e344ad8a1b1888c5701656c797cfd1f5c4f43e2db5aa7d5bc58f95e55e45ab91
data2vec_base,suta,121,stage5ext_00486,80e5fdd0808bbda9d695c743b5046c81739538d8398f2686fe4b36ca71f055a7cc8e5445f4ac8e41bbbe09c9f01ad6e6bf9e083ec42a8d15655c1b76825dce57,Australian English,australia,"I had an apartment; Jim was, like, ""He's the Boss"".",I HAD AN APARTMENT JIM WAS LIKE HE'S THE BOSS,e344ad8a1b1888c5701656c797cfd1f5c4f43e2db5aa7d5bc58f95e55e45ab91
data2vec_base,suta,121,stage5ext_00487,80e5fdd0808bbda9d695c743b5046c81739538d8398f2686fe4b36ca71f055a7cc8e5445f4ac8e41bbbe09c9f01ad6e6bf9e083ec42a8d15655c1b76825dce57,Australian English,australia,"The show theme music is a customised version of Barry Manilow's ""Copacabana"".",THE SHOTHINE MUSIC IS A CUSTOMIZED VERSION OF BARRYMANLOS COPECABANA,e344ad8a1b1888c5701656c797cfd1f5c4f43e2db5aa7d5bc58f95e55e45ab91
data2vec_base,suta,121,stage5ext_00488,80e5fdd0808bbda9d695c743b5046c81739538d8398f2686fe4b36ca71f055a7cc8e5445f4ac8e41bbbe09c9f01ad6e6bf9e083ec42a8d15655c1b76825dce57,Australian English,australia,Especially noteworthy were the early and late paintings.,SPECIALLY NOTEWORTHY WERE THE EARLY AND LATE PINNINGS,e344ad8a1b1888c5701656c797cfd1f5c4f43e2db5aa7d5bc58f95e55e45ab91
data2vec_base,suta,122,stage5ext_00489,80e5fdd0808bbda9d695c743b5046c81739538d8398f2686fe4b36ca71f055a7cc8e5445f4ac8e41bbbe09c9f01ad6e6bf9e083ec42a8d15655c1b76825dce57,Australian English,australia,"Gavin Smith would later join the team, making it a three-car Vauxhall effort.",GAVIN SMITH WOULD LAD A JOIN THE TEAM MAKING IT A THREE CARBOXOR EFFORT,1618bda4756eb900d0102542b30d6d8f35993519e68088db6b25a829b5d1f9af
data2vec_base,suta,122,stage5ext_00490,80e5fdd0808bbda9d695c743b5046c81739538d8398f2686fe4b36ca71f055a7cc8e5445f4ac8e41bbbe09c9f01ad6e6bf9e083ec42a8d15655c1b76825dce57,Australian English,australia,"His siblings included Key Pittman, a longtime United States Senator from Nevada.",HIS SIPLINGS INCLUDED KEY PITMAN A LONG TIME UNITED STATES SENATOR FROM NEVADA,1618bda4756eb900d0102542b30d6d8f35993519e68088db6b25a829b5d1f9af
data2vec_base,suta,122,stage5ext_00491,80e5fdd0808bbda9d695c743b5046c81739538d8398f2686fe4b36ca71f055a7cc8e5445f4ac8e41bbbe09c9f01ad6e6bf9e083ec42a8d15655c1b76825dce57,Australian English,australia,"The ""Dragon Empire"" is an empire ruled by the ten houses of dragons.",THE DRAGON EMPIRE IS AN EMPIRE ROLLED BY THE TEN HOUSES OF DRAGONS,1618bda4756eb900d0102542b30d6d8f35993519e68088db6b25a829b5d1f9af
data2vec_base,suta,122,stage5ext_00492,80e5fdd0808bbda9d695c743b5046c81739538d8398f2686fe4b36ca71f055a7cc8e5445f4ac8e41bbbe09c9f01ad6e6bf9e083ec42a8d15655c1b76825dce57,Australian English,australia,Gounki is played on an eight-by-eight square.,GURANKEE IS PLAYED ON HEAT BY EIGHT SQUARE,1618bda4756eb900d0102542b30d6d8f35993519e68088db6b25a829b5d1f9af
data2vec_base,suta,123,stage5ext_00493,80e5fdd0808bbda9d695c743b5046c81739538d8398f2686fe4b36ca71f055a7cc8e5445f4ac8e41bbbe09c9f01ad6e6bf9e083ec42a8d15655c1b76825dce57,Australian English,australia,He founded a series of hospitals in Constantinople to care for the poor.,HE FOUND IT A SERIES OF HOSPITALS IN CONSTANTINOPLE TO CARE FOR THE POOR,69be947b73cbfc18cf2ea86f91380255a5811085b8d83f5f49a3fd86a79049d1
data2vec_base,suta,123,stage5ext_00494,80e5fdd0808bbda9d695c743b5046c81739538d8398f2686fe4b36ca71f055a7cc8e5445f4ac8e41bbbe09c9f01ad6e6bf9e083ec42a8d15655c1b76825dce57,Australian English,australia,His guitar compositions are being recorded and performed by an ever-increasing number of guitarists.,HIS GUTAR COMPOSITIONS ARE BEING RECORDED AND PERFORMED BY AN EVER INCREASING NUMBER OF GATARIS,69be947b73cbfc18cf2ea86f91380255a5811085b8d83f5f49a3fd86a79049d1
data2vec_base,suta,123,stage5ext_00495,80e5fdd0808bbda9d695c743b5046c81739538d8398f2686fe4b36ca71f055a7cc8e5445f4ac8e41bbbe09c9f01ad6e6bf9e083ec42a8d15655c1b76825dce57,Australian English,australia,He taught at Stockport Grammar School.,HE TAUGHT A STOCKPORT GRAMESCOL,69be947b73cbfc18cf2ea86f91380255a5811085b8d83f5f49a3fd86a79049d1
data2vec_base,suta,123,stage5ext_00496,1a03eae3701811654fd562b997c8a474b9db15da01b2c3dbe82487ef0476080aff1930c0b286ebae981fe42447c3f5ef27480999934b5bbbb8e1410266aca125,Australian English,australia,"But, if you can, try to make your own decisions.",BUT IF YOU CAN TRYMAC YOUR INDECISIONS,69be947b73cbfc18cf2ea86f91380255a5811085b8d83f5f49a3fd86a79049d1
data2vec_base,suta,124,stage5ext_00497,1a03eae3701811654fd562b997c8a474b9db15da01b2c3dbe82487ef0476080aff1930c0b286ebae981fe42447c3f5ef27480999934b5bbbb8e1410266aca125,Australian English,australia,There was no way to measure anything of that length.,THERE WAS NO WAY TO MEASURE ANYTHING OF THAT LENGTH,d3d3e21e4dcbefcf5731a7ca37750de94531f11368006e327fdc3640ceb3b5d3
data2vec_base,suta,124,stage5ext_00498,1a03eae3701811654fd562b997c8a474b9db15da01b2c3dbe82487ef0476080aff1930c0b286ebae981fe42447c3f5ef27480999934b5bbbb8e1410266aca125,Australian English,australia,"Today, tourism is one of the major economic factors inside the city.",TO DAY TURISM IS ONE OF THE MAJOR ECONOMIC FACTORS INSIDE THE CITY,d3d3e21e4dcbefcf5731a7ca37750de94531f11368006e327fdc3640ceb3b5d3
data2vec_base,suta,124,stage5ext_00499,1a03eae3701811654fd562b997c8a474b9db15da01b2c3dbe82487ef0476080aff1930c0b286ebae981fe42447c3f5ef27480999934b5bbbb8e1410266aca125,Australian English,australia,"Last week, I went hiking in the mountains.",LAST WEEK I WENT WALKING IN THE MONS,d3d3e21e4dcbefcf5731a7ca37750de94531f11368006e327fdc3640ceb3b5d3
data2vec_base,suta,124,stage5ext_00500,1a03eae3701811654fd562b997c8a474b9db15da01b2c3dbe82487ef0476080aff1930c0b286ebae981fe42447c3f5ef27480999934b5bbbb8e1410266aca125,Australian English,australia,The boy tried to read what was written in the sand.,THE BOY TROD TO RAIV WHAT WAS WRITTEN IN THE SAND,d3d3e21e4dcbefcf5731a7ca37750de94531f11368006e327fdc3640ceb3b5d3
data2vec_base,suta,125,stage5ext_00501,1a03eae3701811654fd562b997c8a474b9db15da01b2c3dbe82487ef0476080aff1930c0b286ebae981fe42447c3f5ef27480999934b5bbbb8e1410266aca125,Australian English,australia,Don't hurt my sore arm again.,DIN'T HURT MY SORE ARM AGAIN,b3b24ee499fc3641959260455f1c2fa4a7df8d9ade45c6574d29597f2715464f
data2vec_base,suta,125,stage5ext_00502,1a03eae3701811654fd562b997c8a474b9db15da01b2c3dbe82487ef0476080aff1930c0b286ebae981fe42447c3f5ef27480999934b5bbbb8e1410266aca125,Australian English,australia,The fluid sprayed across the foyer.,THE FLOAED SPRIED ACROSS THE FOIL,b3b24ee499fc3641959260455f1c2fa4a7df8d9ade45c6574d29597f2715464f
data2vec_base,suta,125,stage5ext_00503,1a03eae3701811654fd562b997c8a474b9db15da01b2c3dbe82487ef0476080aff1930c0b286ebae981fe42447c3f5ef27480999934b5bbbb8e1410266aca125,Australian English,australia,Thanks for dropping around.,THANKS THE JOP IN HER AN,b3b24ee499fc3641959260455f1c2fa4a7df8d9ade45c6574d29597f2715464f
data2vec_base,suta,125,stage5ext_00504,1a03eae3701811654fd562b997c8a474b9db15da01b2c3dbe82487ef0476080aff1930c0b286ebae981fe42447c3f5ef27480999934b5bbbb8e1410266aca125,Australian English,australia,The frog had no chance to escape.,THE FROG HAD NO CHANCE TO ESCAPE,b3b24ee499fc3641959260455f1c2fa4a7df8d9ade45c6574d29597f2715464f
data2vec_base,suta,126,stage5ext_00505,1a03eae3701811654fd562b997c8a474b9db15da01b2c3dbe82487ef0476080aff1930c0b286ebae981fe42447c3f5ef27480999934b5bbbb8e1410266aca125,Australian English,australia,She likes you well enough to stick around.,SHE LOCKS YOU WELL ENOUGH TO STICK AROUND,73536d37fcd9a94e7a90d09a7cc77d6a6189a860b9d250440a74587bffe98f44
data2vec_base,suta,126,stage5ext_00506,1a03eae3701811654fd562b997c8a474b9db15da01b2c3dbe82487ef0476080aff1930c0b286ebae981fe42447c3f5ef27480999934b5bbbb8e1410266aca125,Australian English,australia,The shower curtain is beige and white.,THE SHALCURTEN IS BASIAN WHITE,73536d37fcd9a94e7a90d09a7cc77d6a6189a860b9d250440a74587bffe98f44
data2vec_base,suta,126,stage5ext_00507,1a03eae3701811654fd562b997c8a474b9db15da01b2c3dbe82487ef0476080aff1930c0b286ebae981fe42447c3f5ef27480999934b5bbbb8e1410266aca125,Australian English,australia,"Everyone, when they are young, knows what their destiny is.",EVERYONE WHEN THEY ARE YOUNG KNOWS WHAT THEY DESTINES,73536d37fcd9a94e7a90d09a7cc77d6a6189a860b9d250440a74587bffe98f44
data2vec_base,suta,126,stage5ext_00508,1a03eae3701811654fd562b997c8a474b9db15da01b2c3dbe82487ef0476080aff1930c0b286ebae981fe42447c3f5ef27480999934b5bbbb8e1410266aca125,Australian English,australia,He didn't consider mending the hole — the stones could fall through any time they wanted.,HE DIDNT CONSIDER MENDING THE HALL THE STONES COULD FALL THROUGH ANY TARM THEY WANTED,73536d37fcd9a94e7a90d09a7cc77d6a6189a860b9d250440a74587bffe98f44
data2vec_base,suta,127,stage5ext_00509,1a03eae3701811654fd562b997c8a474b9db15da01b2c3dbe82487ef0476080aff1930c0b286ebae981fe42447c3f5ef27480999934b5bbbb8e1410266aca125,Australian English,australia,Add shweta mohan to my laundry playlist,ADD SHUTAR MOHAN TO MY LAUNDRY PLILIST,ceb21e75334a1757df47ba946ede8c8c51ea0a6d4163d07af82216da679b8c2a
data2vec_base,suta,127,stage5ext_00510,1a03eae3701811654fd562b997c8a474b9db15da01b2c3dbe82487ef0476080aff1930c0b286ebae981fe42447c3f5ef27480999934b5bbbb8e1410266aca125,Australian English,australia,I'm still having trouble with baking.,I'M STIL HAVING TROUBLE WITH BAGGING,ceb21e75334a1757df47ba946ede8c8c51ea0a6d4163d07af82216da679b8c2a
data2vec_base,suta,127,stage5ext_00511,3935c83996bc79d7abc50adc36392f9a2fd97df405c02b2321332068d1f235f816f68c7b84d0c3b80073933b9f6ab6f5b2d06f204e4bacdd8623e31009f1b83c,Australian English,australia,The mantra itself is also called Simran.,THE MANTRA ITSELF IS ALSO CALLED SIMRON,ceb21e75334a1757df47ba946ede8c8c51ea0a6d4163d07af82216da679b8c2a
data2vec_base,suta,127,stage5ext_00512,3935c83996bc79d7abc50adc36392f9a2fd97df405c02b2321332068d1f235f816f68c7b84d0c3b80073933b9f6ab6f5b2d06f204e4bacdd8623e31009f1b83c,Australian English,australia,"Throughout college, Edwards moonlighted, playing jazz piano for late night radio and music shows.",THROUGHOUT COLLEGE EDWARDS MOON LIGHTED PLAIN CHASS PIANO FOR LAT NI RADIO AND MUSIC SHOWS,ceb21e75334a1757df47ba946ede8c8c51ea0a6d4163d07af82216da679b8c2a
data2vec_base,suta,128,stage5ext_00513,3935c83996bc79d7abc50adc36392f9a2fd97df405c02b2321332068d1f235f816f68c7b84d0c3b80073933b9f6ab6f5b2d06f204e4bacdd8623e31009f1b83c,Australian English,australia,Over this period the paper grew and began to cover additional market sectors.,OVER THIS PERIOD THE PIPER GREW AND BEGAN TO COVER ADDITIONAL MARKETS SECTORS,1f8799b8812fc846439877f0513d8c1ba5d2ab71dd0063a5453c1f02cedb4997
data2vec_base,suta,128,stage5ext_00514,3935c83996bc79d7abc50adc36392f9a2fd97df405c02b2321332068d1f235f816f68c7b84d0c3b80073933b9f6ab6f5b2d06f204e4bacdd8623e31009f1b83c,Australian English,australia,"His long, narrow face was dominated by a big nose.",HIS LONG NARROW FACE WAS DOMINATED BY A BEAK NUT,1f8799b8812fc846439877f0513d8c1ba5d2ab71dd0063a5453c1f02cedb4997
data2vec_base,suta,128,stage5ext_00515,3935c83996bc79d7abc50adc36392f9a2fd97df405c02b2321332068d1f235f816f68c7b84d0c3b80073933b9f6ab6f5b2d06f204e4bacdd8623e31009f1b83c,Australian English,australia,"This has most commonly been interpreted as a rendition of ""Now Strike"".",THIS HAS MOST COMMONLY BEEN INTERPRENTED AS A RENDATION OF NOW STRIKE,1f8799b8812fc846439877f0513d8c1ba5d2ab71dd0063a5453c1f02cedb4997
data2vec_base,suta,128,stage5ext_00516,3935c83996bc79d7abc50adc36392f9a2fd97df405c02b2321332068d1f235f816f68c7b84d0c3b80073933b9f6ab6f5b2d06f204e4bacdd8623e31009f1b83c,Australian English,australia,The capital of the province is Llica.,THE CAPITAL AFTER PROVINCE IS LICA,1f8799b8812fc846439877f0513d8c1ba5d2ab71dd0063a5453c1f02cedb4997
data2vec_base,suta,129,stage5ext_00517,3935c83996bc79d7abc50adc36392f9a2fd97df405c02b2321332068d1f235f816f68c7b84d0c3b80073933b9f6ab6f5b2d06f204e4bacdd8623e31009f1b83c,Australian English,australia,Children from this township attend schools in the Blue Mountain School District.,CHILDREN FROM THIS TOWNSHIP ATTEND SCHOOLS IN THE BLUE MOUNTAIN SCHOOL DISTRICT,bc24b3218ea106c1b82020f7c4c9ba3dbcdcfdad808d2a4fe1865e69592872e3
data2vec_base,suta,129,stage5ext_00518,3935c83996bc79d7abc50adc36392f9a2fd97df405c02b2321332068d1f235f816f68c7b84d0c3b80073933b9f6ab6f5b2d06f204e4bacdd8623e31009f1b83c,Australian English,australia,The band's lineup would then remain unchanged through their next two albums.,THE BANDS LINE UP WOULD THEN REMAIN UNCHANED TO THEIR NEXT TWO ALBUMS,bc24b3218ea106c1b82020f7c4c9ba3dbcdcfdad808d2a4fe1865e69592872e3
data2vec_base,suta,129,stage5ext_00519,3935c83996bc79d7abc50adc36392f9a2fd97df405c02b2321332068d1f235f816f68c7b84d0c3b80073933b9f6ab6f5b2d06f204e4bacdd8623e31009f1b83c,Australian English,australia,A user application may render the image into a viewport.,A USUAL APLICATION MAY RENDER THE IMAGE INTO A VIEWPOT,bc24b3218ea106c1b82020f7c4c9ba3dbcdcfdad808d2a4fe1865e69592872e3
data2vec_base,suta,129,stage5ext_00520,3935c83996bc79d7abc50adc36392f9a2fd97df405c02b2321332068d1f235f816f68c7b84d0c3b80073933b9f6ab6f5b2d06f204e4bacdd8623e31009f1b83c,Australian English,australia,Jimmy Fortune also sometimes tours with Dailey and Vincent.,JIMMI FORTUNE ALSO SOMETIMES TIRS WITH DILY AND FINCENT,bc24b3218ea106c1b82020f7c4c9ba3dbcdcfdad808d2a4fe1865e69592872e3
data2vec_base,suta,130,stage5ext_00521,3935c83996bc79d7abc50adc36392f9a2fd97df405c02b2321332068d1f235f816f68c7b84d0c3b80073933b9f6ab6f5b2d06f204e4bacdd8623e31009f1b83c,Australian English,australia,The play was revived in London eight times during his life.,THE PLAY WAS REFIVED IN LONDON AIN TON STURN HIS LIFE,6bbd35a4115631a3f6bebebe35fe011d7cbe093b5969e489b7d227d324db6331
data2vec_base,suta,130,stage5ext_00522,3935c83996bc79d7abc50adc36392f9a2fd97df405c02b2321332068d1f235f816f68c7b84d0c3b80073933b9f6ab6f5b2d06f204e4bacdd8623e31009f1b83c,Australian English,australia,Following the outbreak of the Second Boer War he was posted to South Africa.,BULLERING THE OUTBREAK OF THE SECOND BURG WAR HE WAS POSTED TO SOUTH AFRICA,6bbd35a4115631a3f6bebebe35fe011d7cbe093b5969e489b7d227d324db6331
data2vec_base,suta,130,stage5ext_00523,3935c83996bc79d7abc50adc36392f9a2fd97df405c02b2321332068d1f235f816f68c7b84d0c3b80073933b9f6ab6f5b2d06f204e4bacdd8623e31009f1b83c,Australian English,australia,It is a popular spot for surfing and swimming.,IT IS A POPULAR SPOT FOR SERVIN AND SWIMEN,6bbd35a4115631a3f6bebebe35fe011d7cbe093b5969e489b7d227d324db6331
data2vec_base,suta,130,stage5ext_00524,3935c83996bc79d7abc50adc36392f9a2fd97df405c02b2321332068d1f235f816f68c7b84d0c3b80073933b9f6ab6f5b2d06f204e4bacdd8623e31009f1b83c,Australian English,australia,Dylan apparently disliked this.,GILAN APPARENTLY DISLIKED THIS,6bbd35a4115631a3f6bebebe35fe011d7cbe093b5969e489b7d227d324db6331
data2vec_base,suta,131,stage5ext_00525,3935c83996bc79d7abc50adc36392f9a2fd97df405c02b2321332068d1f235f816f68c7b84d0c3b80073933b9f6ab6f5b2d06f204e4bacdd8623e31009f1b83c,Australian English,australia,Her heart-shaped gravestone is visible from the road.,HER HARD SHAPED GRAVESTONE IS VISIBLE FROM THE ROAD,38bc956d096bcd78726766f43954352bb5c8b2dd3b97125a9c04ace19dc7d4e2
data2vec_base,suta,131,stage5ext_00526,92fa0173d8a52067542a43504a23d6adbcf1f55271ca38e9eacfa6f751199a9bb7ed840cebadc1a745b2c605ec99dcfae954c709b8c345afbcb08ce46e100b4d,Australian English,australia,"Bushnell was born in Saint Paul, Minnesota and raised in Los Angeles, California.",BUSHNEL WAS BORN IN SAINT PAUL MINEPOTA AND RAISED IN LOS AGULUS CALIFORNIA,38bc956d096bcd78726766f43954352bb5c8b2dd3b97125a9c04ace19dc7d4e2
data2vec_base,suta,131,stage5ext_00527,92fa0173d8a52067542a43504a23d6adbcf1f55271ca38e9eacfa6f751199a9bb7ed840cebadc1a745b2c605ec99dcfae954c709b8c345afbcb08ce46e100b4d,Australian English,australia,The show is based on noughts and crosses.,A SHOW IS BASED ON NORTS AND CROSSES,38bc956d096bcd78726766f43954352bb5c8b2dd3b97125a9c04ace19dc7d4e2
data2vec_base,suta,131,stage5ext_00528,92fa0173d8a52067542a43504a23d6adbcf1f55271ca38e9eacfa6f751199a9bb7ed840cebadc1a745b2c605ec99dcfae954c709b8c345afbcb08ce46e100b4d,Australian English,australia,"There are also useful concepts of regular monomorphism, strong monomorphism, and extremal monomorphism.",THERE ARE ALSO USEFUL CONCERTS OF REGULAR MONOMORPHISM STRONG MONOMORPHISM AND EXTREMAL MONOMORPHISM,38bc956d096bcd78726766f43954352bb5c8b2dd3b97125a9c04ace19dc7d4e2
data2vec_base,suta,132,stage5ext_00529,92fa0173d8a52067542a43504a23d6adbcf1f55271ca38e9eacfa6f751199a9bb7ed840cebadc1a745b2c605ec99dcfae954c709b8c345afbcb08ce46e100b4d,Australian English,australia,A little glass in a transept window is older still.,A LITTLE GLASS IN A TRANSET WINDOW IF OLDER STILL,71f8c2e321675da992a1a6ba72fd2a307b04786664ef52a92d2be4020f316995
data2vec_base,suta,132,stage5ext_00530,92fa0173d8a52067542a43504a23d6adbcf1f55271ca38e9eacfa6f751199a9bb7ed840cebadc1a745b2c605ec99dcfae954c709b8c345afbcb08ce46e100b4d,Australian English,australia,For a small monthly fee the establishment will also wash one's mug.,FOR SMALL MONTHLY FEED ESTABLISHMENT WILL ALSO WASH AN'S MUG,71f8c2e321675da992a1a6ba72fd2a307b04786664ef52a92d2be4020f316995
data2vec_base,suta,132,stage5ext_00531,92fa0173d8a52067542a43504a23d6adbcf1f55271ca38e9eacfa6f751199a9bb7ed840cebadc1a745b2c605ec99dcfae954c709b8c345afbcb08ce46e100b4d,Australian English,australia,"Evidently there is no treasure, so Taran and the ruffian are soon at swordpoint.",EVIDENTLY THERE IS NO TREASURE SO TARANIN RUFFIAN ARE SOON AT THOR POINT,71f8c2e321675da992a1a6ba72fd2a307b04786664ef52a92d2be4020f316995
data2vec_base,suta,132,stage5ext_00532,92fa0173d8a52067542a43504a23d6adbcf1f55271ca38e9eacfa6f751199a9bb7ed840cebadc1a745b2c605ec99dcfae954c709b8c345afbcb08ce46e100b4d,Australian English,australia,Its user interface and functionality is similar to Microsoft Outlook.,ITS USA INTEFACE AND FUNCTIONALITIS SIMILAR TO THE MICRASOF OUTLOK,71f8c2e321675da992a1a6ba72fd2a307b04786664ef52a92d2be4020f316995
data2vec_base,suta,133,stage5ext_00533,92fa0173d8a52067542a43504a23d6adbcf1f55271ca38e9eacfa6f751199a9bb7ed840cebadc1a745b2c605ec99dcfae954c709b8c345afbcb08ce46e100b4d,Australian English,australia,It is famous for its mudbrick-made high-rise buildings.,IT IS FAMOUS LORRIDS MUDBRICK MADE HIGH RIFE BUILDINGS,c26edc34182711fdc8e5c9617df0ada320a3080440361fd485640e5f8869cf41
data2vec_base,suta,133,stage5ext_00534,92fa0173d8a52067542a43504a23d6adbcf1f55271ca38e9eacfa6f751199a9bb7ed840cebadc1a745b2c605ec99dcfae954c709b8c345afbcb08ce46e100b4d,Australian English,australia,"Not all of the ""Heritage Minutes"" episodes have actually aired.",FO ALL THE HERITAGE MINUTES EPISODES HAVE ACTUALLY AIRED,c26edc34182711fdc8e5c9617df0ada320a3080440361fd485640e5f8869cf41
data2vec_base,suta,133,stage5ext_00535,92fa0173d8a52067542a43504a23d6adbcf1f55271ca38e9eacfa6f751199a9bb7ed840cebadc1a745b2c605ec99dcfae954c709b8c345afbcb08ce46e100b4d,Australian English,australia,He later lived in the British West Indies.,HELIDA LIVED IN THE BRITISH WEST INDIES,c26edc34182711fdc8e5c9617df0ada320a3080440361fd485640e5f8869cf41
data2vec_base,suta,133,stage5ext_00536,92fa0173d8a52067542a43504a23d6adbcf1f55271ca38e9eacfa6f751199a9bb7ed840cebadc1a745b2c605ec99dcfae954c709b8c345afbcb08ce46e100b4d,Australian English,australia,The two company branches issued combined trade catalogs.,THE TWO COMPANY BRANCHES ISSUED COMBINED TRADE CATALOGUES,c26edc34182711fdc8e5c9617df0ada320a3080440361fd485640e5f8869cf41
data2vec_base,suta,134,stage5ext_00537,92fa0173d8a52067542a43504a23d6adbcf1f55271ca38e9eacfa6f751199a9bb7ed840cebadc1a745b2c605ec99dcfae954c709b8c345afbcb08ce46e100b4d,Australian English,australia,Whitebirk is part of the Blackburn urban area.,WHITE BERK IS PARTO TO BLACK VAN URBAN ARIA,211a4497ed5507f8d552fd9b7bc1eaa1e3e288e783e4deb056380477bad84a30
data2vec_base,suta,134,stage5ext_00538,92fa0173d8a52067542a43504a23d6adbcf1f55271ca38e9eacfa6f751199a9bb7ed840cebadc1a745b2c605ec99dcfae954c709b8c345afbcb08ce46e100b4d,Australian English,australia,"One of the most famous ""novelty shows"" is the World's Ugliest Dog Contest.",ONE OF YE MOST FAMOUS NOVELY SHORIS IS A WORLD'S UGLIEST OLD CONTEST,211a4497ed5507f8d552fd9b7bc1eaa1e3e288e783e4deb056380477bad84a30
data2vec_base,suta,134,stage5ext_00539,92fa0173d8a52067542a43504a23d6adbcf1f55271ca38e9eacfa6f751199a9bb7ed840cebadc1a745b2c605ec99dcfae954c709b8c345afbcb08ce46e100b4d,Australian English,australia,The town is named after the island of Elba.,THE TOWN IS NAMED AFTER THE ISLAND OF ELBA,211a4497ed5507f8d552fd9b7bc1eaa1e3e288e783e4deb056380477bad84a30
data2vec_base,suta,134,stage5ext_00540,92fa0173d8a52067542a43504a23d6adbcf1f55271ca38e9eacfa6f751199a9bb7ed840cebadc1a745b2c605ec99dcfae954c709b8c345afbcb08ce46e100b4d,Australian English,australia,Later its coverage was expanded to cover political news.,LYTARDS CUPBOARDS WAS EXPANDED TO CUFF A POLITICAL NEWS,211a4497ed5507f8d552fd9b7bc1eaa1e3e288e783e4deb056380477bad84a30
data2vec_base,suta,135,stage5ext_00541,7f29ce6531f159f514ccb46caa1535f1687740b13a60c3f3ac15d8462984c71b2c5747d5f67692081b7e7de330d1ded32b09bc1693c0a26c8189132bf2c48888,Australian English,australia,"For example, instead of editing Google Maps, consider contributing to OpenStreetMap.",FOR EXAMPLE INSTEAD OF EDITING GEGLE MAPS CONSIDER CONTRIBUTING TO OPEN STREET MAP,ae97cb74aa66b64a467b824ee99e1eecb0d63da6b440948187821e651cde3048
data2vec_base,suta,135,stage5ext_00542,7f29ce6531f159f514ccb46caa1535f1687740b13a60c3f3ac15d8462984c71b2c5747d5f67692081b7e7de330d1ded32b09bc1693c0a26c8189132bf2c48888,Australian English,australia,What is it you want to research?,WHAT IS IT YOU WANT TO RESEARCH,ae97cb74aa66b64a467b824ee99e1eecb0d63da6b440948187821e651cde3048
data2vec_base,suta,135,stage5ext_00543,7f29ce6531f159f514ccb46caa1535f1687740b13a60c3f3ac15d8462984c71b2c5747d5f67692081b7e7de330d1ded32b09bc1693c0a26c8189132bf2c48888,Australian English,australia,"Well, the merry-go-round wasn't exactly spectacular.",WELL THE MURIGO ROUND WASN'T EXACTLY SPECTACULAR,ae97cb74aa66b64a467b824ee99e1eecb0d63da6b440948187821e651cde3048
data2vec_base,suta,135,stage5ext_00544,7f29ce6531f159f514ccb46caa1535f1687740b13a60c3f3ac15d8462984c71b2c5747d5f67692081b7e7de330d1ded32b09bc1693c0a26c8189132bf2c48888,Australian English,australia,What is the meaning of this?,WHAT IS THE MEANING OF THIS,ae97cb74aa66b64a467b824ee99e1eecb0d63da6b440948187821e651cde3048
data2vec_base,suta,136,stage5ext_00545,7f29ce6531f159f514ccb46caa1535f1687740b13a60c3f3ac15d8462984c71b2c5747d5f67692081b7e7de330d1ded32b09bc1693c0a26c8189132bf2c48888,Australian English,australia,"The flag is red, blue, and yellow.",THE FLAG IS RED BLUE AND YELLOW,45ddd6641dd8f3829ca12a3d4d4a408df01e83a6bcd41b4b26b75a999a1b454a
data2vec_base,suta,136,stage5ext_00546,7f29ce6531f159f514ccb46caa1535f1687740b13a60c3f3ac15d8462984c71b2c5747d5f67692081b7e7de330d1ded32b09bc1693c0a26c8189132bf2c48888,Australian English,australia,What are the facts?,WHAT ARE THE FACTS,45ddd6641dd8f3829ca12a3d4d4a408df01e83a6bcd41b4b26b75a999a1b454a
data2vec_base,suta,136,stage5ext_00547,7f29ce6531f159f514ccb46caa1535f1687740b13a60c3f3ac15d8462984c71b2c5747d5f67692081b7e7de330d1ded32b09bc1693c0a26c8189132bf2c48888,Australian English,australia,"I've brought you some cheese, because I know you love cheese.",I'VE BOUGHT YOU SOME CHEESE AS I KNOW YOU LOVE CHEESE,45ddd6641dd8f3829ca12a3d4d4a408df01e83a6bcd41b4b26b75a999a1b454a
data2vec_base,suta,136,stage5ext_00548,7f29ce6531f159f514ccb46caa1535f1687740b13a60c3f3ac15d8462984c71b2c5747d5f67692081b7e7de330d1ded32b09bc1693c0a26c8189132bf2c48888,Australian English,australia,How did you get it?,HOW DID YOU GET IT,45ddd6641dd8f3829ca12a3d4d4a408df01e83a6bcd41b4b26b75a999a1b454a
data2vec_base,suta,137,stage5ext_00549,7f29ce6531f159f514ccb46caa1535f1687740b13a60c3f3ac15d8462984c71b2c5747d5f67692081b7e7de330d1ded32b09bc1693c0a26c8189132bf2c48888,Australian English,australia,"He was something of a sickly child by all accounts, never made it past his fourth birthday.",HE WAS SOMETHING O SICKLY CHILD BY ALL ACCOUNTS AND NEVER MADE IT PAST HIS FOURTH BIRTHDAY,b2689fe8baf0d1b1b35befbd0883a8a7a6a159ad60b1f8e1d375ff9d4871765f
data2vec_base,suta,137,stage5ext_00550,7f29ce6531f159f514ccb46caa1535f1687740b13a60c3f3ac15d8462984c71b2c5747d5f67692081b7e7de330d1ded32b09bc1693c0a26c8189132bf2c48888,Australian English,australia,Under what circumstances might you be persuaded to provide us with passes?,UNDER WHAT CIRCUMSTANCES MIGHT YOU BE PERSUADED TO PROVIDE US WITH PASSES,b2689fe8baf0d1b1b35befbd0883a8a7a6a159ad60b1f8e1d375ff9d4871765f
data2vec_base,suta,137,stage5ext_00551,7f29ce6531f159f514ccb46caa1535f1687740b13a60c3f3ac15d8462984c71b2c5747d5f67692081b7e7de330d1ded32b09bc1693c0a26c8189132bf2c48888,Australian English,australia,"They found all sorts of drugs at Howard's house: Cocaine, meth, heroine...",THEY FOUND ALL SORTS OF DRUGS AT HOWADS HOUSE COCAINE METH HEROINE,b2689fe8baf0d1b1b35befbd0883a8a7a6a159ad60b1f8e1d375ff9d4871765f
data2vec_base,suta,137,stage5ext_00552,7f29ce6531f159f514ccb46caa1535f1687740b13a60c3f3ac15d8462984c71b2c5747d5f67692081b7e7de330d1ded32b09bc1693c0a26c8189132bf2c48888,Australian English,australia,"Kidneys are transplanted often, because every healthy person has two of them.",KITNEYS ARE TRANSPLANTED OFTEN BECAUSE EVERY HEALTHY PERSON IS TO OF THEM,b2689fe8baf0d1b1b35befbd0883a8a7a6a159ad60b1f8e1d375ff9d4871765f
data2vec_base,suta,138,stage5ext_00553,7f29ce6531f159f514ccb46caa1535f1687740b13a60c3f3ac15d8462984c71b2c5747d5f67692081b7e7de330d1ded32b09bc1693c0a26c8189132bf2c48888,Australian English,australia,"A trill, or shake A triplet.",A TRILL OR SHAKAR TRIP BLOOD,1ea2dd31aa2df5df7d8ad63b13298d3e66e35f04975a8762838d321090df814d
data2vec_base,suta,138,stage5ext_00554,7f29ce6531f159f514ccb46caa1535f1687740b13a60c3f3ac15d8462984c71b2c5747d5f67692081b7e7de330d1ded32b09bc1693c0a26c8189132bf2c48888,Australian English,australia,"Four doors lead from the landing into two bedrooms, a closet, and a small, but functional bathroom.",FOUR DOORS LEAD FROM THE LANDING INTO TWO BEDROOMS A CLOSET AND A SMALL BUT FUNCTIONAL BATHROOM,1ea2dd31aa2df5df7d8ad63b13298d3e66e35f04975a8762838d321090df814d
data2vec_base,suta,138,stage5ext_00555,7f29ce6531f159f514ccb46caa1535f1687740b13a60c3f3ac15d8462984c71b2c5747d5f67692081b7e7de330d1ded32b09bc1693c0a26c8189132bf2c48888,Australian English,australia,Why did you do it?,WHY DID YOU DO IT,1ea2dd31aa2df5df7d8ad63b13298d3e66e35f04975a8762838d321090df814d
data2vec_base,suta,138,stage5ext_00556,243c0d90f6145edce7803731bbd3baff7cb887a5290c10c1c5897e24248e249752883be23dbe58e59668ad96307fa0666e76dde82a2dd55ac2c624acbdb1d919,Australian English,australia,Perhaps she forgot all about it.,YET SHE FORGOT ALL ABOUT IT,1ea2dd31aa2df5df7d8ad63b13298d3e66e35f04975a8762838d321090df814d
data2vec_base,suta,139,stage5ext_00557,243c0d90f6145edce7803731bbd3baff7cb887a5290c10c1c5897e24248e249752883be23dbe58e59668ad96307fa0666e76dde82a2dd55ac2c624acbdb1d919,Australian English,australia,I would if I thought I'd hear anything worth listening to.,I WOLD IF A DORT I FEAR UNCONVOLT WITH ORITON,46c42f2c3c38942e6d5f097dec03862b87cbf3f749fcd4bf1a856db8ad055571
data2vec_base,suta,139,stage5ext_00558,243c0d90f6145edce7803731bbd3baff7cb887a5290c10c1c5897e24248e249752883be23dbe58e59668ad96307fa0666e76dde82a2dd55ac2c624acbdb1d919,Australian English,australia,In that case I'll ask the two executive officers to withdraw.,IN THAT CASE I'LL ASK THE TWO EXECUTIVE OFFICERS TO WITHDRAW,46c42f2c3c38942e6d5f097dec03862b87cbf3f749fcd4bf1a856db8ad055571
data2vec_base,suta,139,stage5ext_00559,243c0d90f6145edce7803731bbd3baff7cb887a5290c10c1c5897e24248e249752883be23dbe58e59668ad96307fa0666e76dde82a2dd55ac2c624acbdb1d919,Australian English,australia,I'm everything the District Attorney said I was.,AND EVERYTHING THE DISTRICT ATTORNEY SAID I WANT,46c42f2c3c38942e6d5f097dec03862b87cbf3f749fcd4bf1a856db8ad055571
data2vec_base,suta,139,stage5ext_00560,243c0d90f6145edce7803731bbd3baff7cb887a5290c10c1c5897e24248e249752883be23dbe58e59668ad96307fa0666e76dde82a2dd55ac2c624acbdb1d919,Australian English,australia,I don't want Mrs. Douglas.,I DON'T WANT MISSUS DOUGLAS,46c42f2c3c38942e6d5f097dec03862b87cbf3f749fcd4bf1a856db8ad055571
data2vec_base,suta,140,stage5ext_00561,243c0d90f6145edce7803731bbd3baff7cb887a5290c10c1c5897e24248e249752883be23dbe58e59668ad96307fa0666e76dde82a2dd55ac2c624acbdb1d919,Australian English,australia,What's the idea here?,WHAT WIL IDEAR HER,b66bdb0ce6a20132bd7ba95ecbb3403fa38830f9be602e25ab18e0e00ece7329
data2vec_base,suta,140,stage5ext_00562,243c0d90f6145edce7803731bbd3baff7cb887a5290c10c1c5897e24248e249752883be23dbe58e59668ad96307fa0666e76dde82a2dd55ac2c624acbdb1d919,Australian English,australia,I've suddenly become quite important.,I SUDDENLY BECOME QUITE IMPORTANT,b66bdb0ce6a20132bd7ba95ecbb3403fa38830f9be602e25ab18e0e00ece7329
data2vec_base,suta,140,stage5ext_00563,243c0d90f6145edce7803731bbd3baff7cb887a5290c10c1c5897e24248e249752883be23dbe58e59668ad96307fa0666e76dde82a2dd55ac2c624acbdb1d919,Australian English,australia,There's nothing more we can do tonight.,THERE'S NOTHING MORE WE CAN DO TO NIGHT,b66bdb0ce6a20132bd7ba95ecbb3403fa38830f9be602e25ab18e0e00ece7329
data2vec_base,suta,140,stage5ext_00564,243c0d90f6145edce7803731bbd3baff7cb887a5290c10c1c5897e24248e249752883be23dbe58e59668ad96307fa0666e76dde82a2dd55ac2c624acbdb1d919,Australian English,australia,A sight for sore eyes.,IT NIGHT FOR GORE ISLES,b66bdb0ce6a20132bd7ba95ecbb3403fa38830f9be602e25ab18e0e00ece7329
data2vec_base,suta,141,stage5ext_00565,243c0d90f6145edce7803731bbd3baff7cb887a5290c10c1c5897e24248e249752883be23dbe58e59668ad96307fa0666e76dde82a2dd55ac2c624acbdb1d919,Australian English,australia,She had pneumonia once.,SHE KEPT NO MONYA WON,2f3d3ebe95460ab6468a1e89714aa9671d1dfa58f080b2670733b17fd48e8f31
data2vec_base,suta,141,stage5ext_00566,243c0d90f6145edce7803731bbd3baff7cb887a5290c10c1c5897e24248e249752883be23dbe58e59668ad96307fa0666e76dde82a2dd55ac2c624acbdb1d919,Australian English,australia,We returned to the cemetery.,BERETURN TO THE CEMETERY,2f3d3ebe95460ab6468a1e89714aa9671d1dfa58f080b2670733b17fd48e8f31
data2vec_base,suta,141,stage5ext_00567,243c0d90f6145edce7803731bbd3baff7cb887a5290c10c1c5897e24248e249752883be23dbe58e59668ad96307fa0666e76dde82a2dd55ac2c624acbdb1d919,Australian English,australia,I'd like to think.,I LIKE TOTIK,2f3d3ebe95460ab6468a1e89714aa9671d1dfa58f080b2670733b17fd48e8f31
data2vec_base,suta,141,stage5ext_00568,243c0d90f6145edce7803731bbd3baff7cb887a5290c10c1c5897e24248e249752883be23dbe58e59668ad96307fa0666e76dde82a2dd55ac2c624acbdb1d919,Australian English,australia,Your mother and I talked it over half the night.,YOUR MOTHER AND I TALK IT OVER HALF THE NIGHT,2f3d3ebe95460ab6468a1e89714aa9671d1dfa58f080b2670733b17fd48e8f31
data2vec_base,suta,142,stage5ext_00569,243c0d90f6145edce7803731bbd3baff7cb887a5290c10c1c5897e24248e249752883be23dbe58e59668ad96307fa0666e76dde82a2dd55ac2c624acbdb1d919,Australian English,australia,We must get some of that serum as soon as possible.,HE MUT LET SOME OF THE CLARO AT THE EXPOSSIBLE,a7cb46dc5f0974636a0f83ae86588564a50a48ee6309fd885433e5553621569d
data2vec_base,suta,142,stage5ext_00570,243c0d90f6145edce7803731bbd3baff7cb887a5290c10c1c5897e24248e249752883be23dbe58e59668ad96307fa0666e76dde82a2dd55ac2c624acbdb1d919,Australian English,australia,She'll be waiting for you in Albany.,TO BE WAITING FOR YOU IN ALBANY,a7cb46dc5f0974636a0f83ae86588564a50a48ee6309fd885433e5553621569d
data2vec_base,suta,142,stage5ext_00571,0acf313028bfe2af57b429c11e66463848b29afaa619fcfb0eea753f8ba9c63862e2c106975c0e70bde12809fc2422731691839c34fe911de22051dd732876d2,Australian English,australia,It seemed to him that it fell to earth about one hundred miles east of here.,IT SEEMED TO HIM THAT IT FELL TO EARTH ABOUT ONE HUNDRED MILES EAST OF HERE,a7cb46dc5f0974636a0f83ae86588564a50a48ee6309fd885433e5553621569d
data2vec_base,suta,142,stage5ext_00572,0acf313028bfe2af57b429c11e66463848b29afaa619fcfb0eea753f8ba9c63862e2c106975c0e70bde12809fc2422731691839c34fe911de22051dd732876d2,Australian English,australia,'m all about those invisible cosmic connections that transcend time and distance.,AM ALL ABOUT THOSE INVISIBLE COSMIC CONNECTIONS THAT TRANSCEND TIME AND DISTANCE,a7cb46dc5f0974636a0f83ae86588564a50a48ee6309fd885433e5553621569d
data2vec_base,suta,143,stage5ext_00573,0acf313028bfe2af57b429c11e66463848b29afaa619fcfb0eea753f8ba9c63862e2c106975c0e70bde12809fc2422731691839c34fe911de22051dd732876d2,Australian English,australia,And one or two persons were returning.,AND ONE OR TWO PERSONS WERE RETURNING,1e6ad6ed31b5c0ae3837d89fb6a090ea4c0ffdba37537cad81e97045dc40c612
data2vec_base,suta,143,stage5ext_00574,0acf313028bfe2af57b429c11e66463848b29afaa619fcfb0eea753f8ba9c63862e2c106975c0e70bde12809fc2422731691839c34fe911de22051dd732876d2,Australian English,australia,Even then he hardly understood what this meant.,EVEN THEN HE HARDLY UNDERSTOOD WHAT THIS MEANT,1e6ad6ed31b5c0ae3837d89fb6a090ea4c0ffdba37537cad81e97045dc40c612
data2vec_base,suta,143,stage5ext_00575,0acf313028bfe2af57b429c11e66463848b29afaa619fcfb0eea753f8ba9c63862e2c106975c0e70bde12809fc2422731691839c34fe911de22051dd732876d2,Australian English,australia,He heard a muffled grating sound and saw the black mark jerk forward an inch or so.,HE HEARD A MUFFLED GRATING SOUND AND SAW THE BLACK MARK JERK FORWARD AN INCH OR SO,1e6ad6ed31b5c0ae3837d89fb6a090ea4c0ffdba37537cad81e97045dc40c612
data2vec_base,suta,143,stage5ext_00576,0acf313028bfe2af57b429c11e66463848b29afaa619fcfb0eea753f8ba9c63862e2c106975c0e70bde12809fc2422731691839c34fe911de22051dd732876d2,Australian English,australia,Hundreds of observers saw the flame that night and the night after.,HUNDREDS OF OBSERVERS SAW THE FLAME THAT NIGHT AND THE NIGHT AFTER,1e6ad6ed31b5c0ae3837d89fb6a090ea4c0ffdba37537cad81e97045dc40c612
data2vec_base,suta,144,stage5ext_00577,0acf313028bfe2af57b429c11e66463848b29afaa619fcfb0eea753f8ba9c63862e2c106975c0e70bde12809fc2422731691839c34fe911de22051dd732876d2,Australian English,australia,I was impatient to see it opened.,I WAS IMPATIENT TO SEE IT OPENED,81ba8a2dd9fafd214439ca53391b1238a79f66fe06c8661a5265297991c13ba3
data2vec_base,suta,144,stage5ext_00578,0acf313028bfe2af57b429c11e66463848b29afaa619fcfb0eea753f8ba9c63862e2c106975c0e70bde12809fc2422731691839c34fe911de22051dd732876d2,Australian English,australia,My mind ran on the possibilities of its content.,MY MIND RAN ON THE POSSIBILITIES OF ITS CONTENT,81ba8a2dd9fafd214439ca53391b1238a79f66fe06c8661a5265297991c13ba3
data2vec_base,suta,144,stage5ext_00579,0acf313028bfe2af57b429c11e66463848b29afaa619fcfb0eea753f8ba9c63862e2c106975c0e70bde12809fc2422731691839c34fe911de22051dd732876d2,Australian English,australia,Some of those who saw its flight say it travelled with a hissing sound.,SOME OF THOSE WHO SAW ITS FLIGHT SAY IT TROUBLED WITH A HISSING SOUND,81ba8a2dd9fafd214439ca53391b1238a79f66fe06c8661a5265297991c13ba3
data2vec_base,suta,144,stage5ext_00580,0acf313028bfe2af57b429c11e66463848b29afaa619fcfb0eea753f8ba9c63862e2c106975c0e70bde12809fc2422731691839c34fe911de22051dd732876d2,Australian English,australia,"You don't have to be rich, skinny, popular, or even own a cape to perform a random act of kindness.",YOU DON'T HAVE TO BE RICH SKINNY POPULAR EVEN OWN A CAPE TO PERFORM A RANDOM ACT OF KINDNESS,81ba8a2dd9fafd214439ca53391b1238a79f66fe06c8661a5265297991c13ba3
data2vec_base,suta,145,stage5ext_00581,0acf313028bfe2af57b429c11e66463848b29afaa619fcfb0eea753f8ba9c63862e2c106975c0e70bde12809fc2422731691839c34fe911de22051dd732876d2,Australian English,australia,I had seen all that it would presently bring me.,I HAD SEEN ALL THAT IT WOULD PRESENTLY BRING ME,7ecc554c1acbfec696166910892f1db193bf4089573435e43cb308ee8d694bb2
data2vec_base,suta,145,stage5ext_00582,0acf313028bfe2af57b429c11e66463848b29afaa619fcfb0eea753f8ba9c63862e2c106975c0e70bde12809fc2422731691839c34fe911de22051dd732876d2,Australian English,australia,The time must have been somewhere around six o'clock.,THE TIME MUST HAVE BEEN SOMWHERE ROUND SIX O'CLOCK,7ecc554c1acbfec696166910892f1db193bf4089573435e43cb308ee8d694bb2
data2vec_base,suta,145,stage5ext_00583,0acf313028bfe2af57b429c11e66463848b29afaa619fcfb0eea753f8ba9c63862e2c106975c0e70bde12809fc2422731691839c34fe911de22051dd732876d2,Australian English,australia,We lit the lantern and walked over to his house.,WE LIT THE LANTERN AND WALKED OVER TO HIS HOUSE,7ecc554c1acbfec696166910892f1db193bf4089573435e43cb308ee8d694bb2
data2vec_base,suta,145,stage5ext_00584,0acf313028bfe2af57b429c11e66463848b29afaa619fcfb0eea753f8ba9c63862e2c106975c0e70bde12809fc2422731691839c34fe911de22051dd732876d2,Australian English,australia,"If you start your emails with ""Greetings"" let me be the first to welcome you to Earth.",IF YOU START YOUR EMALS WITH GREETINGS LET ME BE THE FIRST TO WELCOME YOU TO EARTH,7ecc554c1acbfec696166910892f1db193bf4089573435e43cb308ee8d694bb2
data2vec_base,suta,146,stage5ext_00585,0acf313028bfe2af57b429c11e66463848b29afaa619fcfb0eea753f8ba9c63862e2c106975c0e70bde12809fc2422731691839c34fe911de22051dd732876d2,Australian English,australia,Scattered groups of people were hurrying from the direction of Woking.,SCATTERED GROUPS OF PEOPLE WERE HURRYING FROM THE DIRECTION OF WORKING,c83bfeed5c8dd732ffc91d5a5d2b3f79ea01ed1643aebcdb43ed634b544cc052
data2vec_base,suta,146,stage5ext_00586,771662210642ca9e2f17135f7a66db7f250f7f7bc6d9b3e3475b19d375389bcf6d1979c9a58a21cc866543ad80ab0e9641158290b7f6a9e1d0aad1635c730ab4,Australian English,australia,"Wakehurst asked the Treasurer, Alexander Mair, to form a government.",WAKURST ASK THE TREASURER ALEXANDER MAYOR TO FORM A GOVERNMENT,c83bfeed5c8dd732ffc91d5a5d2b3f79ea01ed1643aebcdb43ed634b544cc052
data2vec_base,suta,146,stage5ext_00587,771662210642ca9e2f17135f7a66db7f250f7f7bc6d9b3e3475b19d375389bcf6d1979c9a58a21cc866543ad80ab0e9641158290b7f6a9e1d0aad1635c730ab4,Australian English,australia,"Translated, it means ""revolving hands"", ""rotating palms"", or ""turning palms.",TRANSLATED IT MEANS REVOLVING HENS RITATING PALMS OR TURNING PALMS,c83bfeed5c8dd732ffc91d5a5d2b3f79ea01ed1643aebcdb43ed634b544cc052
data2vec_base,suta,146,stage5ext_00588,771662210642ca9e2f17135f7a66db7f250f7f7bc6d9b3e3475b19d375389bcf6d1979c9a58a21cc866543ad80ab0e9641158290b7f6a9e1d0aad1635c730ab4,Australian English,australia,It still has a working blacksmith's shop.,IT STILL HAS A WORKING BLACKSMITH'S SHOP,c83bfeed5c8dd732ffc91d5a5d2b3f79ea01ed1643aebcdb43ed634b544cc052
data2vec_base,suta,147,stage5ext_00589,771662210642ca9e2f17135f7a66db7f250f7f7bc6d9b3e3475b19d375389bcf6d1979c9a58a21cc866543ad80ab0e9641158290b7f6a9e1d0aad1635c730ab4,Australian English,australia,"A right-handed batsman, Carlton Baugh Snr.",RIGHT HANDED BATSMAN CARLTON BORE SENIOR,46be3a71f3c107dfca99be88007ef90a740a7624a6c6e4022eb146b704cb8acd
data2vec_base,suta,147,stage5ext_00590,771662210642ca9e2f17135f7a66db7f250f7f7bc6d9b3e3475b19d375389bcf6d1979c9a58a21cc866543ad80ab0e9641158290b7f6a9e1d0aad1635c730ab4,Australian English,australia,I couldn't see the linebackers.,I COULDN'T SEE THE LINEBACKERS,46be3a71f3c107dfca99be88007ef90a740a7624a6c6e4022eb146b704cb8acd
data2vec_base,suta,147,stage5ext_00591,771662210642ca9e2f17135f7a66db7f250f7f7bc6d9b3e3475b19d375389bcf6d1979c9a58a21cc866543ad80ab0e9641158290b7f6a9e1d0aad1635c730ab4,Australian English,australia,Foreign titles may be utilized as a foundation for recognition of professional licensing.,FOREIGN TITLES MAY BE UTILIZED AS A FOUNDATION FOR RECOGNITION OF PROFESSIONAL LICENSING,46be3a71f3c107dfca99be88007ef90a740a7624a6c6e4022eb146b704cb8acd
data2vec_base,suta,147,stage5ext_00592,771662210642ca9e2f17135f7a66db7f250f7f7bc6d9b3e3475b19d375389bcf6d1979c9a58a21cc866543ad80ab0e9641158290b7f6a9e1d0aad1635c730ab4,Australian English,australia,"For information on winning strategy, see ""The Schnapsen Log"" and ""Winning Schnapsen"".",FOR INFORMATION ON WINNING STRATEGY SEE THE SHNAPSON LOG AND WINNING SHNAPSON,46be3a71f3c107dfca99be88007ef90a740a7624a6c6e4022eb146b704cb8acd
data2vec_base,suta,148,stage5ext_00593,771662210642ca9e2f17135f7a66db7f250f7f7bc6d9b3e3475b19d375389bcf6d1979c9a58a21cc866543ad80ab0e9641158290b7f6a9e1d0aad1635c730ab4,Australian English,australia,The Argentinian government settled the dispute diplomatically with Israel.,THE ARGENTINEAN GOVERNMENT SETTLED THE DISPUTE DIPLOMATICALLY WITH ISRAEL,8b5ddcd9b5394f40a3d17760bf4f73301bd0c90da5ada6e9e28e59967d3c930e
data2vec_base,suta,148,stage5ext_00594,771662210642ca9e2f17135f7a66db7f250f7f7bc6d9b3e3475b19d375389bcf6d1979c9a58a21cc866543ad80ab0e9641158290b7f6a9e1d0aad1635c730ab4,Australian English,australia,So he decides to put another dog to sleep.,SO HE DECIDES TO PUT ANOTHER DOG TO SLEEP,8b5ddcd9b5394f40a3d17760bf4f73301bd0c90da5ada6e9e28e59967d3c930e
data2vec_base,suta,148,stage5ext_00595,771662210642ca9e2f17135f7a66db7f250f7f7bc6d9b3e3475b19d375389bcf6d1979c9a58a21cc866543ad80ab0e9641158290b7f6a9e1d0aad1635c730ab4,Australian English,australia,"Since that time, the pavilion has been used for seasonal special events.",SINCE THAT TIME THE PAVILION HAS BEEN USED FOR SEASONAL SPECIAL EVENTS,8b5ddcd9b5394f40a3d17760bf4f73301bd0c90da5ada6e9e28e59967d3c930e
data2vec_base,suta,148,stage5ext_00596,771662210642ca9e2f17135f7a66db7f250f7f7bc6d9b3e3475b19d375389bcf6d1979c9a58a21cc866543ad80ab0e9641158290b7f6a9e1d0aad1635c730ab4,Australian English,australia,"Zaxxon spawned an arcade sequel: ""Super Zaxxon"".",ZEXON SPORNED AN ARCADESEQUEL SUPERZAXON,8b5ddcd9b5394f40a3d17760bf4f73301bd0c90da5ada6e9e28e59967d3c930e
data2vec_base,suta,149,stage5ext_00597,771662210642ca9e2f17135f7a66db7f250f7f7bc6d9b3e3475b19d375389bcf6d1979c9a58a21cc866543ad80ab0e9641158290b7f6a9e1d0aad1635c730ab4,Australian English,australia,"He was a reserve officer, nervous, energetic, and enthusiastic.",HE WAS A RESERVE OFFICER NERVOUS ENERGETIC AND ENTHUSIASTIC,465adc477ce2f650b31a94c738137e88f4a2e2c8044661bd42977f9b5cee29f4
data2vec_base,suta,149,stage5ext_00598,771662210642ca9e2f17135f7a66db7f250f7f7bc6d9b3e3475b19d375389bcf6d1979c9a58a21cc866543ad80ab0e9641158290b7f6a9e1d0aad1635c730ab4,Australian English,australia,"Welaras are used mainly in English riding, especially in hunter classes.",WILLARUS ARE USED MAINLY IN ENGLISH WRITING ESPECIALLY IN HUNTER CLASSES,465adc477ce2f650b31a94c738137e88f4a2e2c8044661bd42977f9b5cee29f4
data2vec_base,suta,149,stage5ext_00599,771662210642ca9e2f17135f7a66db7f250f7f7bc6d9b3e3475b19d375389bcf6d1979c9a58a21cc866543ad80ab0e9641158290b7f6a9e1d0aad1635c730ab4,Australian English,australia,Tirumala will be flooded with devotes to witness this occasion.,TIRUMOLA WILL BE FLOODED WITH DEVOTEASE TO WITNESS THIS OCCASION,465adc477ce2f650b31a94c738137e88f4a2e2c8044661bd42977f9b5cee29f4
data2vec_base,suta,149,stage5ext_00600,771662210642ca9e2f17135f7a66db7f250f7f7bc6d9b3e3475b19d375389bcf6d1979c9a58a21cc866543ad80ab0e9641158290b7f6a9e1d0aad1635c730ab4,Australian English,australia,"He has also advised political organisations of various stripes, colours and nationalities.",HE HAS ALSO ADVISED POLITICAL ORGANIZATIONS OF VARIOUS STRIPES COLORS AND NATIONALITIES,465adc477ce2f650b31a94c738137e88f4a2e2c8044661bd42977f9b5cee29f4
data2vec_base,suta,150,stage5ext_00601,3dadaf13c9f244c187466942367d1da68cf1ba3fd4c5a5b27614964bc19565e566d5daea151b505599991d84b7d5faf8db2afc26f992b1bb7b99004b1f5b36f7,Canadian English,canada,"Its main base was Moorabbin Airport, Melbourne.",ITS MAIN BASE WAS MURAVEN AIRPORT MELBORNE,c597ff820c0e4b3561a98d531eb6b8273403c7a945853d7e954677132aac76cb
data2vec_base,suta,150,stage5ext_00602,3dadaf13c9f244c187466942367d1da68cf1ba3fd4c5a5b27614964bc19565e566d5daea151b505599991d84b7d5faf8db2afc26f992b1bb7b99004b1f5b36f7,Canadian English,canada,"Pioneer Memorial Park in Norton Saint, Leichhardt, has gardens and paths for passive recreation.",PIONEER MEMORIAL PARK INNORDON SAINT LETCH HARDENS HAS GARDENS AND PASS FOR PASSIVE RECREATION,c597ff820c0e4b3561a98d531eb6b8273403c7a945853d7e954677132aac76cb
data2vec_base,suta,150,stage5ext_00603,3dadaf13c9f244c187466942367d1da68cf1ba3fd4c5a5b27614964bc19565e566d5daea151b505599991d84b7d5faf8db2afc26f992b1bb7b99004b1f5b36f7,Canadian English,canada,"Later, the costs for the scholarship ballooned substantially.",LATER THE COST FOR THE SCHOLARSHIP BALLOONED SUBSTANTIALLY,c597ff820c0e4b3561a98d531eb6b8273403c7a945853d7e954677132aac76cb
data2vec_base,suta,150,stage5ext_00604,3dadaf13c9f244c187466942367d1da68cf1ba3fd4c5a5b27614964bc19565e566d5daea151b505599991d84b7d5faf8db2afc26f992b1bb7b99004b1f5b36f7,Canadian English,canada,"However, fourths become important later in the opera, especially in the melodic development.",HOWEVER FORCE BECOME IMPORTANT LATER IN THE OPERA ESPECIALLY IN THE METALODIC DEVELOPMENT,c597ff820c0e4b3561a98d531eb6b8273403c7a945853d7e954677132aac76cb
data2vec_base,suta,151,stage5ext_00605,3dadaf13c9f244c187466942367d1da68cf1ba3fd4c5a5b27614964bc19565e566d5daea151b505599991d84b7d5faf8db2afc26f992b1bb7b99004b1f5b36f7,Canadian English,canada,"If one server fails, client connections can be re-directed to another server.",IF ONE SERVER FAILS CLIENT CONNECTIONS CAN BE REDIRECTED TO ANOTHER SERVER,1de1170ca4f6afa2a31990525208f20e4c702a1567e9554e53199bf02b34ebfd
data2vec_base,suta,151,stage5ext_00606,3dadaf13c9f244c187466942367d1da68cf1ba3fd4c5a5b27614964bc19565e566d5daea151b505599991d84b7d5faf8db2afc26f992b1bb7b99004b1f5b36f7,Canadian English,canada,Kailash taken by Martin Gray.,CALASH TAKEN BY MARTIN GRAY,1de1170ca4f6afa2a31990525208f20e4c702a1567e9554e53199bf02b34ebfd
data2vec_base,suta,151,stage5ext_00607,3dadaf13c9f244c187466942367d1da68cf1ba3fd4c5a5b27614964bc19565e566d5daea151b505599991d84b7d5faf8db2afc26f992b1bb7b99004b1f5b36f7,Canadian English,canada,"Geographically, it is situated in the central-most region of the state.",GEOGRAPHICALLY IT IS SITUATED IN THE CENTRAL MOST REGION OF THE STATE,1de1170ca4f6afa2a31990525208f20e4c702a1567e9554e53199bf02b34ebfd
data2vec_base,suta,151,stage5ext_00608,3dadaf13c9f244c187466942367d1da68cf1ba3fd4c5a5b27614964bc19565e566d5daea151b505599991d84b7d5faf8db2afc26f992b1bb7b99004b1f5b36f7,Canadian English,canada,"The meaning of Pinjar is unknown, but could be ""tadpole"" or ""swampy lake"".",THE MEANING OF PINJAR IS UNKNOWN BUT COULD BE TADPOLE OR SWAMPY LAKE,1de1170ca4f6afa2a31990525208f20e4c702a1567e9554e53199bf02b34ebfd
data2vec_base,suta,152,stage5ext_00609,3dadaf13c9f244c187466942367d1da68cf1ba3fd4c5a5b27614964bc19565e566d5daea151b505599991d84b7d5faf8db2afc26f992b1bb7b99004b1f5b36f7,Canadian English,canada,There are also regular buses connecting from Mozarts Plads to the city centre.,THERE ARE ALSO REGULAR BUSSES CONNECTING FROM BOSARTS PLADS TO THE CITY CENTR,0bd980d7e73207cfc9b7361cf6e995050e1198a198797af11f181ba13390f044
data2vec_base,suta,152,stage5ext_00610,3dadaf13c9f244c187466942367d1da68cf1ba3fd4c5a5b27614964bc19565e566d5daea151b505599991d84b7d5faf8db2afc26f992b1bb7b99004b1f5b36f7,Canadian English,canada,Protein methylation has been most studied in the histones.,PROTINE METALLATION HAS BEEN MOST STUDIED IN THE HI STONES,0bd980d7e73207cfc9b7361cf6e995050e1198a198797af11f181ba13390f044
data2vec_base,suta,152,stage5ext_00611,3dadaf13c9f244c187466942367d1da68cf1ba3fd4c5a5b27614964bc19565e566d5daea151b505599991d84b7d5faf8db2afc26f992b1bb7b99004b1f5b36f7,Canadian English,canada,"The spacewalkers received assistance from their crewmates inside ""Columbia"".",THESE SPACE WALKERS RECEIVE ASSISTANCE FROM THEIR TERMATES INSIDE COLUMBIA,0bd980d7e73207cfc9b7361cf6e995050e1198a198797af11f181ba13390f044
data2vec_base,suta,152,stage5ext_00612,3dadaf13c9f244c187466942367d1da68cf1ba3fd4c5a5b27614964bc19565e566d5daea151b505599991d84b7d5faf8db2afc26f992b1bb7b99004b1f5b36f7,Canadian English,canada,Early units were re-built several times by the end of the war.,ERI UNITS WERE REBUILT SEVERAL TIMES BY THE END OF THE WAR,0bd980d7e73207cfc9b7361cf6e995050e1198a198797af11f181ba13390f044
data2vec_base,suta,153,stage5ext_00613,3dadaf13c9f244c187466942367d1da68cf1ba3fd4c5a5b27614964bc19565e566d5daea151b505599991d84b7d5faf8db2afc26f992b1bb7b99004b1f5b36f7,Canadian English,canada,They are two-stroke cycle and generally carbureted.,THEY ARE TWO STROKE CYCLES AND GENERALLY CARBU RATED,6309b2899179ac4218b77477438763bb91519404700eae92d21aa47621eb36a5
data2vec_base,suta,153,stage5ext_00614,3dadaf13c9f244c187466942367d1da68cf1ba3fd4c5a5b27614964bc19565e566d5daea151b505599991d84b7d5faf8db2afc26f992b1bb7b99004b1f5b36f7,Canadian English,canada,Murphy's clean-living habits off the diamond were frequently noted in the media.,BERFUS CLEAN LIVING HABITS OF THE DIAMOND WERE FREQUENTLY NOTED IN THE MEDIA,6309b2899179ac4218b77477438763bb91519404700eae92d21aa47621eb36a5
data2vec_base,suta,153,stage5ext_00615,3dadaf13c9f244c187466942367d1da68cf1ba3fd4c5a5b27614964bc19565e566d5daea151b505599991d84b7d5faf8db2afc26f992b1bb7b99004b1f5b36f7,Canadian English,canada,Sometimes even his authorship has been challenged on the grounds of weak poetic imagination.,SOMETIMES EVEN HIS AUTHORISHIP HAS BEEN CHALLENGED ON THE GROUNDS OF WEAK POETIC IMAGINATION,6309b2899179ac4218b77477438763bb91519404700eae92d21aa47621eb36a5
data2vec_base,suta,153,stage5ext_00616,7f88fdb59ecec75df8d06d03bc7fc4361b1824c772236491ccd731fb10f14e3cf7b550aaf16a4ef48e695b440eb33ebadf6f080d1c562a2d32c0a2a52bfae9e2,Canadian English,canada,"The dead soldiers were replaced by others, and life went on.",THE DEAD SOLDIERS WERE REPLACED BY OTHERS AND LIFE WENT ON,6309b2899179ac4218b77477438763bb91519404700eae92d21aa47621eb36a5
data2vec_base,suta,154,stage5ext_00617,7f88fdb59ecec75df8d06d03bc7fc4361b1824c772236491ccd731fb10f14e3cf7b550aaf16a4ef48e695b440eb33ebadf6f080d1c562a2d32c0a2a52bfae9e2,Canadian English,canada,His Internet connection was too slow.,HIS INTERNATE CONNECTION WAS TOO SLOW,21bb5f593d705c18e3b12528af860281976af15899b1c95c36942b6bd0ac9950
data2vec_base,suta,154,stage5ext_00618,7f88fdb59ecec75df8d06d03bc7fc4361b1824c772236491ccd731fb10f14e3cf7b550aaf16a4ef48e695b440eb33ebadf6f080d1c562a2d32c0a2a52bfae9e2,Canadian English,canada,"Listen and listen to me very closely, we call them lifts, not elevators.",LISTEN AND LISTEN TO ME VERY CLOSELY WE CALL THEM LIFTS NOT ELEVATORS,21bb5f593d705c18e3b12528af860281976af15899b1c95c36942b6bd0ac9950
data2vec_base,suta,154,stage5ext_00619,7f88fdb59ecec75df8d06d03bc7fc4361b1824c772236491ccd731fb10f14e3cf7b550aaf16a4ef48e695b440eb33ebadf6f080d1c562a2d32c0a2a52bfae9e2,Canadian English,canada,"If you want to contradict what I just said, you will have to provide footnotes.",IF YOU WANT TO CONTRADICT WHAT I JUST SAID YOU WILL HAVE TO PROVIDE FOOTNOTES,21bb5f593d705c18e3b12528af860281976af15899b1c95c36942b6bd0ac9950
data2vec_base,suta,154,stage5ext_00620,7f88fdb59ecec75df8d06d03bc7fc4361b1824c772236491ccd731fb10f14e3cf7b550aaf16a4ef48e695b440eb33ebadf6f080d1c562a2d32c0a2a52bfae9e2,Canadian English,canada,Backface culling is a common trick to accelerate Three-D rendering.,BACKFACE COLLING IS A COMMON TRICK TO ACCELERATE THREE DE RENDERING,21bb5f593d705c18e3b12528af860281976af15899b1c95c36942b6bd0ac9950
data2vec_base,suta,155,stage5ext_00621,7f88fdb59ecec75df8d06d03bc7fc4361b1824c772236491ccd731fb10f14e3cf7b550aaf16a4ef48e695b440eb33ebadf6f080d1c562a2d32c0a2a52bfae9e2,Canadian English,canada,Fatima was more important than his treasure.,FATIMA WAS MORE IMPORTANT THAN HIS TREASURE,dcb75e6e49f32358807beedb26062b53667e31ac164f763c0f3aa54a79033dc4
data2vec_base,suta,155,stage5ext_00622,7f88fdb59ecec75df8d06d03bc7fc4361b1824c772236491ccd731fb10f14e3cf7b550aaf16a4ef48e695b440eb33ebadf6f080d1c562a2d32c0a2a52bfae9e2,Canadian English,canada,But it was not to be.,BUT IT WAS NOT TO BE,dcb75e6e49f32358807beedb26062b53667e31ac164f763c0f3aa54a79033dc4
data2vec_base,suta,155,stage5ext_00623,7f88fdb59ecec75df8d06d03bc7fc4361b1824c772236491ccd731fb10f14e3cf7b550aaf16a4ef48e695b440eb33ebadf6f080d1c562a2d32c0a2a52bfae9e2,Canadian English,canada,Display a list of escape characters.,DISPLAY A LIST OF ESCAPE CHARACTERS,dcb75e6e49f32358807beedb26062b53667e31ac164f763c0f3aa54a79033dc4
data2vec_base,suta,155,stage5ext_00624,7f88fdb59ecec75df8d06d03bc7fc4361b1824c772236491ccd731fb10f14e3cf7b550aaf16a4ef48e695b440eb33ebadf6f080d1c562a2d32c0a2a52bfae9e2,Canadian English,canada,The Englishman had several suitcases filled with books.,THE ENGLISHMAN HAD SEVERAL SUIT CASES FILLED WITH BOOKS,dcb75e6e49f32358807beedb26062b53667e31ac164f763c0f3aa54a79033dc4
data2vec_base,suta,156,stage5ext_00625,7f88fdb59ecec75df8d06d03bc7fc4361b1824c772236491ccd731fb10f14e3cf7b550aaf16a4ef48e695b440eb33ebadf6f080d1c562a2d32c0a2a52bfae9e2,Canadian English,canada,He just got a new kite for his birthday.,HE JUST GOT A NEW KITE FOR HIS BIRTHDAY,c10c318b5a5d218a56ca1dcf95b3ae241a050784326452db4ff23888c76f0a96
data2vec_base,suta,156,stage5ext_00626,7f88fdb59ecec75df8d06d03bc7fc4361b1824c772236491ccd731fb10f14e3cf7b550aaf16a4ef48e695b440eb33ebadf6f080d1c562a2d32c0a2a52bfae9e2,Canadian English,canada,"Well, it's a long list.",WELL IT'S A LONG LIST,c10c318b5a5d218a56ca1dcf95b3ae241a050784326452db4ff23888c76f0a96
data2vec_base,suta,156,stage5ext_00627,7f88fdb59ecec75df8d06d03bc7fc4361b1824c772236491ccd731fb10f14e3cf7b550aaf16a4ef48e695b440eb33ebadf6f080d1c562a2d32c0a2a52bfae9e2,Canadian English,canada,"One day, the earth began to tremble, and the Nile overflowed its banks.",ONE DAY THE EARTH BEGAN TO TREMBLE AND THE NILE OVERFLOWED ITS BANKS,c10c318b5a5d218a56ca1dcf95b3ae241a050784326452db4ff23888c76f0a96
data2vec_base,suta,156,stage5ext_00628,7f88fdb59ecec75df8d06d03bc7fc4361b1824c772236491ccd731fb10f14e3cf7b550aaf16a4ef48e695b440eb33ebadf6f080d1c562a2d32c0a2a52bfae9e2,Canadian English,canada,"The waitress was carrying an impressive amount of dinnerware, but then an earthquake occurred and she dropped it all.",THE WAITRESS WAS CARRYING AN IMPRESSIVE AMOUNT OF DINNER WEAR BUT THEN AN EARTHQUAKE OCCURRED AND SHE DROPPED IT ALL,c10c318b5a5d218a56ca1dcf95b3ae241a050784326452db4ff23888c76f0a96
data2vec_base,suta,157,stage5ext_00629,7f88fdb59ecec75df8d06d03bc7fc4361b1824c772236491ccd731fb10f14e3cf7b550aaf16a4ef48e695b440eb33ebadf6f080d1c562a2d32c0a2a52bfae9e2,Canadian English,canada,Johnny Depp is reprising his role for the third time in the new film.,JOHNNY DEP IS REPRISING HIS ROLE FOR THE THIRD TIME IN THE NEW FILM,2998242cc2d098e3b01f357e68a0e46b9ec04fde5612bfe27466811457f4478a
data2vec_base,suta,157,stage5ext_00630,7f88fdb59ecec75df8d06d03bc7fc4361b1824c772236491ccd731fb10f14e3cf7b550aaf16a4ef48e695b440eb33ebadf6f080d1c562a2d32c0a2a52bfae9e2,Canadian English,canada,The insurance policy will expire in twenty-twenty.,THE INSURANCE POLICY WILL EXPIRE IN TWENTY TWENTY,2998242cc2d098e3b01f357e68a0e46b9ec04fde5612bfe27466811457f4478a
data2vec_base,suta,157,stage5ext_00631,c351c258fb7f6fd98e2b6dccc6dcbad5257965c8aceac0c60ba5b390d3e326847e121870153e0c8b87504d77c2d7baab09aef2d54ecdf46d1134d28a49792650,Canadian English,canada,Who says I'm looking for a job?,WHO SAYS I'M LOOKING FOR A JOB,2998242cc2d098e3b01f357e68a0e46b9ec04fde5612bfe27466811457f4478a
data2vec_base,suta,157,stage5ext_00632,c351c258fb7f6fd98e2b6dccc6dcbad5257965c8aceac0c60ba5b390d3e326847e121870153e0c8b87504d77c2d7baab09aef2d54ecdf46d1134d28a49792650,Canadian English,canada,She apparently didn't listen.,SHE APPARENTLY DIDN'T LESSEN,2998242cc2d098e3b01f357e68a0e46b9ec04fde5612bfe27466811457f4478a
data2vec_base,suta,158,stage5ext_00633,c351c258fb7f6fd98e2b6dccc6dcbad5257965c8aceac0c60ba5b390d3e326847e121870153e0c8b87504d77c2d7baab09aef2d54ecdf46d1134d28a49792650,Canadian English,canada,Do you know him?,DO YOU KNOW HIM,e85776aec842a6e884f69cfe24d38a8369bca99a0c0f8b2d33fa682d25ae403a
data2vec_base,suta,158,stage5ext_00634,c351c258fb7f6fd98e2b6dccc6dcbad5257965c8aceac0c60ba5b390d3e326847e121870153e0c8b87504d77c2d7baab09aef2d54ecdf46d1134d28a49792650,Canadian English,canada,That's what I mean.,THAT'S WHAT I MEAN,e85776aec842a6e884f69cfe24d38a8369bca99a0c0f8b2d33fa682d25ae403a
data2vec_base,suta,158,stage5ext_00635,c351c258fb7f6fd98e2b6dccc6dcbad5257965c8aceac0c60ba5b390d3e326847e121870153e0c8b87504d77c2d7baab09aef2d54ecdf46d1134d28a49792650,Canadian English,canada,The rectangle was parallel to the square.,THE RECTANGLE WAS PARALLEL TO THE SQUA,e85776aec842a6e884f69cfe24d38a8369bca99a0c0f8b2d33fa682d25ae403a
data2vec_base,suta,158,stage5ext_00636,c351c258fb7f6fd98e2b6dccc6dcbad5257965c8aceac0c60ba5b390d3e326847e121870153e0c8b87504d77c2d7baab09aef2d54ecdf46d1134d28a49792650,Canadian English,canada,I wonder what's eating that old money grubbing buzzard anyway?,I WONDER WHAT'S EATING THAT OLD MONEY GRUBBING BUZZARD ANYWAY,e85776aec842a6e884f69cfe24d38a8369bca99a0c0f8b2d33fa682d25ae403a
data2vec_base,suta,159,stage5ext_00637,c351c258fb7f6fd98e2b6dccc6dcbad5257965c8aceac0c60ba5b390d3e326847e121870153e0c8b87504d77c2d7baab09aef2d54ecdf46d1134d28a49792650,Canadian English,canada,She's a wonderful person.,SHEIS A WONDERFUL PERSON,253bc9f95421f4f9fc3ad74b513c285f70995161897aa5b72fb379e2707f8a5c
data2vec_base,suta,159,stage5ext_00638,c351c258fb7f6fd98e2b6dccc6dcbad5257965c8aceac0c60ba5b390d3e326847e121870153e0c8b87504d77c2d7baab09aef2d54ecdf46d1134d28a49792650,Canadian English,canada,"It was not clear who had the right of way, since the traffic lights were off.",IT WAS NOT CLEAR WHO HAD THE RIGHT OF WAY SINCE THE TROFFIC LIGHTS WERE OFF,253bc9f95421f4f9fc3ad74b513c285f70995161897aa5b72fb379e2707f8a5c
data2vec_base,suta,159,stage5ext_00639,c351c258fb7f6fd98e2b6dccc6dcbad5257965c8aceac0c60ba5b390d3e326847e121870153e0c8b87504d77c2d7baab09aef2d54ecdf46d1134d28a49792650,Canadian English,canada,Your government is counting on you.,YOUR GOVERNMENT IS COUNTING ON YOU,253bc9f95421f4f9fc3ad74b513c285f70995161897aa5b72fb379e2707f8a5c
data2vec_base,suta,159,stage5ext_00640,c351c258fb7f6fd98e2b6dccc6dcbad5257965c8aceac0c60ba5b390d3e326847e121870153e0c8b87504d77c2d7baab09aef2d54ecdf46d1134d28a49792650,Canadian English,canada,Mollie did give her some kind of story.,MOLLY DID GIVE HER SOME KIND OF STORY,253bc9f95421f4f9fc3ad74b513c285f70995161897aa5b72fb379e2707f8a5c
data2vec_base,suta,160,stage5ext_00641,c351c258fb7f6fd98e2b6dccc6dcbad5257965c8aceac0c60ba5b390d3e326847e121870153e0c8b87504d77c2d7baab09aef2d54ecdf46d1134d28a49792650,Canadian English,canada,Fresh coffee is much better than the freeze dried stuff.,FRESH COFFEE IS MUCH BETTER THAN THE FREEZE DRIED STUFF,d9a896665a69da0cc64646ecb6debcf6f0d91b8596d3605c9d203624685c2cc7
data2vec_base,suta,160,stage5ext_00642,c351c258fb7f6fd98e2b6dccc6dcbad5257965c8aceac0c60ba5b390d3e326847e121870153e0c8b87504d77c2d7baab09aef2d54ecdf46d1134d28a49792650,Canadian English,canada,Sandra read aloud the strange excerpt.,SANDREW READ ALOUD THE STRANGE EXERT,d9a896665a69da0cc64646ecb6debcf6f0d91b8596d3605c9d203624685c2cc7
data2vec_base,suta,160,stage5ext_00643,c351c258fb7f6fd98e2b6dccc6dcbad5257965c8aceac0c60ba5b390d3e326847e121870153e0c8b87504d77c2d7baab09aef2d54ecdf46d1134d28a49792650,Canadian English,canada,Denise hoovered the rug.,DANICE HOVERED THE RUG,d9a896665a69da0cc64646ecb6debcf6f0d91b8596d3605c9d203624685c2cc7
data2vec_base,suta,160,stage5ext_00644,c351c258fb7f6fd98e2b6dccc6dcbad5257965c8aceac0c60ba5b390d3e326847e121870153e0c8b87504d77c2d7baab09aef2d54ecdf46d1134d28a49792650,Canadian English,canada,He fondled his bright orange beard.,HE FONDLED HIS BRIGHT ORANGE BEARD,d9a896665a69da0cc64646ecb6debcf6f0d91b8596d3605c9d203624685c2cc7
data2vec_base,suta,161,stage5ext_00645,c351c258fb7f6fd98e2b6dccc6dcbad5257965c8aceac0c60ba5b390d3e326847e121870153e0c8b87504d77c2d7baab09aef2d54ecdf46d1134d28a49792650,Canadian English,canada,I knew you'd wake up sooner or later!,I KNEW YOU'D WAKE UP SOONER OR LATER,6b2ddee8db106df62c3896d4d7f6110c9cf0e072b75644272554411870042214
data2vec_base,suta,161,stage5ext_00646,760d3165d3a07ad90ef4a2b9248bbf4ad9fb43b3d7a518ee594214a8cddc34fa81c1608244500a4e6c4c7a43bcc7aa747d4aaf12ec5ef17ace5bbaaded5a7c73,Canadian English,canada,"Washington Township was named for George Washington, first president of the United States.",WASHINGTON TOWNSHIP WAS NAMED FOR GEORGE WASHINGTON FIRST PRESIDENT OF THE UNITED STATES,6b2ddee8db106df62c3896d4d7f6110c9cf0e072b75644272554411870042214
data2vec_base,suta,161,stage5ext_00647,760d3165d3a07ad90ef4a2b9248bbf4ad9fb43b3d7a518ee594214a8cddc34fa81c1608244500a4e6c4c7a43bcc7aa747d4aaf12ec5ef17ace5bbaaded5a7c73,Canadian English,canada,Mount Berry was named after Berry College founder Martha Berry.,MALBURRY WAS NAMED AFTER BERRY COLLEGE FOUNDER MARTHABURRY,6b2ddee8db106df62c3896d4d7f6110c9cf0e072b75644272554411870042214
data2vec_base,suta,161,stage5ext_00648,760d3165d3a07ad90ef4a2b9248bbf4ad9fb43b3d7a518ee594214a8cddc34fa81c1608244500a4e6c4c7a43bcc7aa747d4aaf12ec5ef17ace5bbaaded5a7c73,Canadian English,canada,The boys and girls winners go to Birmingham for the Final Four tournament.,THE BOYS AND GIRLS WINNERS GO TO BIRMINGHAM FOR THE FINAL FOR TOURNAMENT,6b2ddee8db106df62c3896d4d7f6110c9cf0e072b75644272554411870042214
data2vec_base,suta,162,stage5ext_00649,760d3165d3a07ad90ef4a2b9248bbf4ad9fb43b3d7a518ee594214a8cddc34fa81c1608244500a4e6c4c7a43bcc7aa747d4aaf12ec5ef17ace5bbaaded5a7c73,Canadian English,canada,"In the central business district, the main activities include welding, carpentry and masonry.",IN THE CENTRAL BUSINESS DISTRICT THE MAIN ACTIVITIES INCLUDE WELDING CARPENTRY AND MASONRY,5d1700f99d428695937226803c1c085ec724c91746d0f87c0471a63aecc91c85
data2vec_base,suta,162,stage5ext_00650,760d3165d3a07ad90ef4a2b9248bbf4ad9fb43b3d7a518ee594214a8cddc34fa81c1608244500a4e6c4c7a43bcc7aa747d4aaf12ec5ef17ace5bbaaded5a7c73,Canadian English,canada,Drivers pass by Engineer Mountain and Twilight Peak before crossing Coal Bank Pass.,DIVERS PASS BY ENGINEER MOUNTAIN IN TWILIGHT PEAK BEFORE CROSSING COL BANK PASS,5d1700f99d428695937226803c1c085ec724c91746d0f87c0471a63aecc91c85
data2vec_base,suta,162,stage5ext_00651,760d3165d3a07ad90ef4a2b9248bbf4ad9fb43b3d7a518ee594214a8cddc34fa81c1608244500a4e6c4c7a43bcc7aa747d4aaf12ec5ef17ace5bbaaded5a7c73,Canadian English,canada,The scope may provide direct visualization or may be attached to a video monitor.,THE SCOPE MAY PROVIDE DIRECT VISUALIZATION OR MAY BE ATTACHED TO A VIDIOMONETER,5d1700f99d428695937226803c1c085ec724c91746d0f87c0471a63aecc91c85
data2vec_base,suta,162,stage5ext_00652,760d3165d3a07ad90ef4a2b9248bbf4ad9fb43b3d7a518ee594214a8cddc34fa81c1608244500a4e6c4c7a43bcc7aa747d4aaf12ec5ef17ace5bbaaded5a7c73,Canadian English,canada,Other scholars refute these arguments-particularly since Josephus describes some Essenes as allowing marriage.,OTHER SCHOLARS REFUTE THESE ARGUMENTS PARTICULARLY SINCE JOSEPHIS DESCRIBE SOME ASCENDS AS ALLOWING MARRIAGE,5d1700f99d428695937226803c1c085ec724c91746d0f87c0471a63aecc91c85
data2vec_base,suta,163,stage5ext_00653,760d3165d3a07ad90ef4a2b9248bbf4ad9fb43b3d7a518ee594214a8cddc34fa81c1608244500a4e6c4c7a43bcc7aa747d4aaf12ec5ef17ace5bbaaded5a7c73,Canadian English,canada,"Violence occurs in childhood sexual abuse, date rape, intimate partner violence, and sexual harassment.",BONS OCCURS IN CHILDHOOD SECIAL ABUSE DATBRAK INTIMATE PARTNER VIOLENCE AND SECIAL HARASSMENT,3f0ce2a0aa7dc78ca97248ab3f14cd0fe3e53b2513f51d44687d5b9e3ee4635f
data2vec_base,suta,163,stage5ext_00654,760d3165d3a07ad90ef4a2b9248bbf4ad9fb43b3d7a518ee594214a8cddc34fa81c1608244500a4e6c4c7a43bcc7aa747d4aaf12ec5ef17ace5bbaaded5a7c73,Canadian English,canada,Baby later changed his stage name to Birdman after the duo was dissolved.,BABY LATER CHANGE HIS STAGE NAME TO BIRDMAN AFTER THE DUO WAS DISSOLVED,3f0ce2a0aa7dc78ca97248ab3f14cd0fe3e53b2513f51d44687d5b9e3ee4635f
data2vec_base,suta,163,stage5ext_00655,760d3165d3a07ad90ef4a2b9248bbf4ad9fb43b3d7a518ee594214a8cddc34fa81c1608244500a4e6c4c7a43bcc7aa747d4aaf12ec5ef17ace5bbaaded5a7c73,Canadian English,canada,Manufacturers of identification badges recognized a market and began advertising in periodicals.,MANUFACTURES OF IDENTIFICATION BADGES RECOGNIZED A MARKET AND BEGAN ADVERTISING IN PERIODICALS,3f0ce2a0aa7dc78ca97248ab3f14cd0fe3e53b2513f51d44687d5b9e3ee4635f
data2vec_base,suta,163,stage5ext_00656,760d3165d3a07ad90ef4a2b9248bbf4ad9fb43b3d7a518ee594214a8cddc34fa81c1608244500a4e6c4c7a43bcc7aa747d4aaf12ec5ef17ace5bbaaded5a7c73,Canadian English,canada,Dozens of descriptions of Elizabeth on that day exist with slightly differing details.,DOZENS OF DESCRIPTIONS OF ELIZABETH ON THAT DAY EXIST WITH SLIGHTLY DEFERRING DETAILS,3f0ce2a0aa7dc78ca97248ab3f14cd0fe3e53b2513f51d44687d5b9e3ee4635f
data2vec_base,suta,164,stage5ext_00657,760d3165d3a07ad90ef4a2b9248bbf4ad9fb43b3d7a518ee594214a8cddc34fa81c1608244500a4e6c4c7a43bcc7aa747d4aaf12ec5ef17ace5bbaaded5a7c73,Canadian English,canada,However Victoria didn't develop any games.,HOWEVER VICTORIA DIDN'T DEVELOP ANY GAINS,3119007a125ddaa6947924ab0f0cf7c0850d1efeae7d73a3e6044c444c78f834
data2vec_base,suta,164,stage5ext_00658,760d3165d3a07ad90ef4a2b9248bbf4ad9fb43b3d7a518ee594214a8cddc34fa81c1608244500a4e6c4c7a43bcc7aa747d4aaf12ec5ef17ace5bbaaded5a7c73,Canadian English,canada,"Following Dunkirk, ""Jackal"" returned to the routine of convoy escort and patrols.",FOLLOWING DUNKIRK JACKAL RETURNED TO THE ROUTINE OF CONROY ESCORT AND PATROLS,3119007a125ddaa6947924ab0f0cf7c0850d1efeae7d73a3e6044c444c78f834
data2vec_base,suta,164,stage5ext_00659,760d3165d3a07ad90ef4a2b9248bbf4ad9fb43b3d7a518ee594214a8cddc34fa81c1608244500a4e6c4c7a43bcc7aa747d4aaf12ec5ef17ace5bbaaded5a7c73,Canadian English,canada,O'Quinn held this role for all three seasons of the series.,A QUIN HELD THIS FROLL FOR ALL THREE SEASONS OF THE SERIES,3119007a125ddaa6947924ab0f0cf7c0850d1efeae7d73a3e6044c444c78f834
data2vec_base,suta,164,stage5ext_00660,760d3165d3a07ad90ef4a2b9248bbf4ad9fb43b3d7a518ee594214a8cddc34fa81c1608244500a4e6c4c7a43bcc7aa747d4aaf12ec5ef17ace5bbaaded5a7c73,Canadian English,canada,Sartene wine is appreciated by wine connoisseurs for its good quality.,SUCHIN WINE IS APPRECIATED BY WINE CONNISERS FOR ITS GOOD QUALITY,3119007a125ddaa6947924ab0f0cf7c0850d1efeae7d73a3e6044c444c78f834
data2vec_base,suta,165,stage5ext_00661,591dc19ef324950dafd8ce359e9711f332297ea7ff75da4847f4653c4698cfb4a469db4e15b5ea6b6512eb8f51f1b066477920287c57ae1056528e11c1bd1976,Canadian English,canada,It was returned to Prussia at the end of the war.,IT WAS RETURNED TO PRUSSIA AT THE END OF THE WAR,a7c69bc712976f6d7de08f0cc583dd63169ee1b0f9743eb463e5b6df8089b1ca
data2vec_base,suta,165,stage5ext_00662,591dc19ef324950dafd8ce359e9711f332297ea7ff75da4847f4653c4698cfb4a469db4e15b5ea6b6512eb8f51f1b066477920287c57ae1056528e11c1bd1976,Canadian English,canada,It is now named Longton Exchange.,IT IS NOW NAMED LONGTON EXCHANGE,a7c69bc712976f6d7de08f0cc583dd63169ee1b0f9743eb463e5b6df8089b1ca
data2vec_base,suta,165,stage5ext_00663,591dc19ef324950dafd8ce359e9711f332297ea7ff75da4847f4653c4698cfb4a469db4e15b5ea6b6512eb8f51f1b066477920287c57ae1056528e11c1bd1976,Canadian English,canada,Eddie Antar was eventually charged with a series of crimes.,ETDY ONTAR WAS EVENTUALLY CHARGED WITH A SERIES OF CRIMES,a7c69bc712976f6d7de08f0cc583dd63169ee1b0f9743eb463e5b6df8089b1ca
data2vec_base,suta,165,stage5ext_00664,591dc19ef324950dafd8ce359e9711f332297ea7ff75da4847f4653c4698cfb4a469db4e15b5ea6b6512eb8f51f1b066477920287c57ae1056528e11c1bd1976,Canadian English,canada,The monuments built by these Sultans were the first examples of Indo-Islamic Architecture.,THE MONUMENTS BUILT BY THESE SULTANS WERE THE FIRST EXAMPLES OF INDOISLAMIC ARCHITECTURE,a7c69bc712976f6d7de08f0cc583dd63169ee1b0f9743eb463e5b6df8089b1ca
data2vec_base,suta,166,stage5ext_00665,591dc19ef324950dafd8ce359e9711f332297ea7ff75da4847f4653c4698cfb4a469db4e15b5ea6b6512eb8f51f1b066477920287c57ae1056528e11c1bd1976,Canadian English,canada,"She has two sisters, Laura Norris and Sarah McNeil, and a brother, Andrew McNeil.",SHE HAS TWO SISTERS LAURA NORTH AND SARAH MC NEL AND A BROTHER ANDRE MC NEL,40d0223c77da504c82b9ef00ac2f114bda717f60f0676d25101d3ce5a50d6126
data2vec_base,suta,166,stage5ext_00666,591dc19ef324950dafd8ce359e9711f332297ea7ff75da4847f4653c4698cfb4a469db4e15b5ea6b6512eb8f51f1b066477920287c57ae1056528e11c1bd1976,Canadian English,canada,"Earthquakes along the fault, and the associated earth movements, have formed the Southern Alps.",EARTHQUAKES ALONG THE FAULT AND THE ASSOCIATED EARTH MOVEMENTS HAVE FORMED THE SOUTHERN ALPS,40d0223c77da504c82b9ef00ac2f114bda717f60f0676d25101d3ce5a50d6126
data2vec_base,suta,166,stage5ext_00667,591dc19ef324950dafd8ce359e9711f332297ea7ff75da4847f4653c4698cfb4a469db4e15b5ea6b6512eb8f51f1b066477920287c57ae1056528e11c1bd1976,Canadian English,canada,Expression Encoder consists of two editions: A freeware edition and a commercial Pro edition.,EXPRESSION IN CODOR CONSISTS OF TWO EDITIONS A FREEWARE EDITION AND A COMMERCIAL PROIDITION,40d0223c77da504c82b9ef00ac2f114bda717f60f0676d25101d3ce5a50d6126
data2vec_base,suta,166,stage5ext_00668,591dc19ef324950dafd8ce359e9711f332297ea7ff75da4847f4653c4698cfb4a469db4e15b5ea6b6512eb8f51f1b066477920287c57ae1056528e11c1bd1976,Canadian English,canada,The couple's working relationship became personal and resulted in marriage the following year.,THE COUPLE'S WORKING RELATIONSHIP BECAME PERSONAL AND RESULTED IN MARRIAGE THE FOLLOWING YEAR,40d0223c77da504c82b9ef00ac2f114bda717f60f0676d25101d3ce5a50d6126
data2vec_base,suta,167,stage5ext_00669,591dc19ef324950dafd8ce359e9711f332297ea7ff75da4847f4653c4698cfb4a469db4e15b5ea6b6512eb8f51f1b066477920287c57ae1056528e11c1bd1976,Canadian English,canada,"Upon returning to the Mets, his career was reborn.",UPON RETURNING TO THE METS HIS CAREER WAS REBORN,8c5cb885baed1574299b78e9ad83687091bf6791a5d64cf88c2e5c9242cbc884
data2vec_base,suta,167,stage5ext_00670,591dc19ef324950dafd8ce359e9711f332297ea7ff75da4847f4653c4698cfb4a469db4e15b5ea6b6512eb8f51f1b066477920287c57ae1056528e11c1bd1976,Canadian English,canada,"She was in the award-winning musical ""Light in the Piazza"" on Broadway.",SHE WAS IN THE AWARD WINNING MUSICAL LIGHT IN THE PIAZA ON BROADWAY,8c5cb885baed1574299b78e9ad83687091bf6791a5d64cf88c2e5c9242cbc884
data2vec_base,suta,167,stage5ext_00671,591dc19ef324950dafd8ce359e9711f332297ea7ff75da4847f4653c4698cfb4a469db4e15b5ea6b6512eb8f51f1b066477920287c57ae1056528e11c1bd1976,Canadian English,canada,He then went on to a second career as a car racing driver.,HE THEN WENT ON TO A SECOND CAREER AS A CAR RACING DRIVER,8c5cb885baed1574299b78e9ad83687091bf6791a5d64cf88c2e5c9242cbc884
data2vec_base,suta,167,stage5ext_00672,591dc19ef324950dafd8ce359e9711f332297ea7ff75da4847f4653c4698cfb4a469db4e15b5ea6b6512eb8f51f1b066477920287c57ae1056528e11c1bd1976,Canadian English,canada,"For Mainz, Joseph Ludwig Colmar was soon appointed as bishop.",FOR MAINES JOSEPH LUDWIG COLMAR WAS SOON APPOINTED AS BISHOP,8c5cb885baed1574299b78e9ad83687091bf6791a5d64cf88c2e5c9242cbc884
data2vec_base,suta,168,stage5ext_00673,591dc19ef324950dafd8ce359e9711f332297ea7ff75da4847f4653c4698cfb4a469db4e15b5ea6b6512eb8f51f1b066477920287c57ae1056528e11c1bd1976,Canadian English,canada,"He has been nicknamed ""The Man of a Thousand Voices"".",HE HAS BEEN NICKNAMED THE MAN OF A THOUSAND VOICES,151e927fc2cbf8334f45e128be49ffe15e92490b613cfe518788b97254e9da17
data2vec_base,suta,168,stage5ext_00674,591dc19ef324950dafd8ce359e9711f332297ea7ff75da4847f4653c4698cfb4a469db4e15b5ea6b6512eb8f51f1b066477920287c57ae1056528e11c1bd1976,Canadian English,canada,He then teamed up Martin Salkin and Milt Gabler of Decca Records.,HE THEN TEEMED UP MARTIN SALCON IN MILT GABLER OF DECA RECORDS,151e927fc2cbf8334f45e128be49ffe15e92490b613cfe518788b97254e9da17
data2vec_base,suta,168,stage5ext_00675,591dc19ef324950dafd8ce359e9711f332297ea7ff75da4847f4653c4698cfb4a469db4e15b5ea6b6512eb8f51f1b066477920287c57ae1056528e11c1bd1976,Canadian English,canada,"They became most prominent in the Roman Republic, and continued into the Empire.",THEY BECAME THE MOST PROMINENT IN THE ROMAN REPUBLIC AND CONTINUED INTO THE EMPIRE,151e927fc2cbf8334f45e128be49ffe15e92490b613cfe518788b97254e9da17
data2vec_base,suta,168,stage5ext_00676,87b42e85779256f12cd8467a8790384f4d1ba3aa2c3821b798e151f94702c8fecb77a8f125195bf02e72b9c5cf01c3d6ddda5e6d3aa87b4bc525756a8c2b8807,Canadian English,canada,East-southeast of Boussingault lies the crater Neumayer.,EAST SOUTHEAST OF BOSINGULP LIES THE CRATER NOMIR,151e927fc2cbf8334f45e128be49ffe15e92490b613cfe518788b97254e9da17
data2vec_base,suta,169,stage5ext_00677,87b42e85779256f12cd8467a8790384f4d1ba3aa2c3821b798e151f94702c8fecb77a8f125195bf02e72b9c5cf01c3d6ddda5e6d3aa87b4bc525756a8c2b8807,Canadian English,canada,Recorded at the composer's studio under his supervision.,RECORDED AT THE COMPOSERS STUDIO UNDER HIS SUPERVISION,115bd5d18e5ed52796b1759fca128cd2b42fe50a56ff6767d91aa143cf236d84
data2vec_base,suta,169,stage5ext_00678,87b42e85779256f12cd8467a8790384f4d1ba3aa2c3821b798e151f94702c8fecb77a8f125195bf02e72b9c5cf01c3d6ddda5e6d3aa87b4bc525756a8c2b8807,Canadian English,canada,Varied versions of the artwork within the album exist.,VARIED VERSIONS OF THE ART WORK WITHIN THE ALBUM EXIST,115bd5d18e5ed52796b1759fca128cd2b42fe50a56ff6767d91aa143cf236d84
data2vec_base,suta,169,stage5ext_00679,87b42e85779256f12cd8467a8790384f4d1ba3aa2c3821b798e151f94702c8fecb77a8f125195bf02e72b9c5cf01c3d6ddda5e6d3aa87b4bc525756a8c2b8807,Canadian English,canada,"Construction was conducted by Kassel, Germany-based Henschel.",CONSTRUCTION WAS CONDUCTED BY CASTLE GERMANY BASED HENSHIL,115bd5d18e5ed52796b1759fca128cd2b42fe50a56ff6767d91aa143cf236d84
data2vec_base,suta,169,stage5ext_00680,87b42e85779256f12cd8467a8790384f4d1ba3aa2c3821b798e151f94702c8fecb77a8f125195bf02e72b9c5cf01c3d6ddda5e6d3aa87b4bc525756a8c2b8807,Canadian English,canada,He started reading novels and literature since he just finished the primary school.,HE STARTED READING NOVELS AND LITERATURE SINCE HE JUST FINISHED THE PRIMARY SCHOOL,115bd5d18e5ed52796b1759fca128cd2b42fe50a56ff6767d91aa143cf236d84
data2vec_base,suta,170,stage5ext_00681,87b42e85779256f12cd8467a8790384f4d1ba3aa2c3821b798e151f94702c8fecb77a8f125195bf02e72b9c5cf01c3d6ddda5e6d3aa87b4bc525756a8c2b8807,Canadian English,canada,They won a majority of seats in every province and territory.,THEY WANT A MAJORITY OF SEATS IN EVERY PROVINCE IN TERRITORY,ba0270f4e2015cb214dd41d082ce73a40f23aae521a8061f6232cb3f541ac773
data2vec_base,suta,170,stage5ext_00682,87b42e85779256f12cd8467a8790384f4d1ba3aa2c3821b798e151f94702c8fecb77a8f125195bf02e72b9c5cf01c3d6ddda5e6d3aa87b4bc525756a8c2b8807,Canadian English,canada,Opposed to the more moderate Parchamis were the radical Khalq faction.,OPPOSED TO THE MORE MODERATE PARCHIMIS WHERE THE MORE RADICAL CALCFACTION,ba0270f4e2015cb214dd41d082ce73a40f23aae521a8061f6232cb3f541ac773
data2vec_base,suta,170,stage5ext_00683,87b42e85779256f12cd8467a8790384f4d1ba3aa2c3821b798e151f94702c8fecb77a8f125195bf02e72b9c5cf01c3d6ddda5e6d3aa87b4bc525756a8c2b8807,Canadian English,canada,Gyrich is also involved in hunting the Hulk after the events of Onslaught.,GERIGE IS ALSO INVOLVED IN HUNTING THE HULK AFTER THE EVENTS OF ENSLAUGHT,ba0270f4e2015cb214dd41d082ce73a40f23aae521a8061f6232cb3f541ac773
data2vec_base,suta,170,stage5ext_00684,87b42e85779256f12cd8467a8790384f4d1ba3aa2c3821b798e151f94702c8fecb77a8f125195bf02e72b9c5cf01c3d6ddda5e6d3aa87b4bc525756a8c2b8807,Canadian English,canada,It was also hosted by the team of Rich Landrum and Johnny Weaver.,IT WAS ALSO HOSTED BY THE TEAM OF RICH LANDRUM AND JOHNNY WEAVER,ba0270f4e2015cb214dd41d082ce73a40f23aae521a8061f6232cb3f541ac773
data2vec_base,suta,171,stage5ext_00685,87b42e85779256f12cd8467a8790384f4d1ba3aa2c3821b798e151f94702c8fecb77a8f125195bf02e72b9c5cf01c3d6ddda5e6d3aa87b4bc525756a8c2b8807,Canadian English,canada,"His cause for canonization was introduced by his religious order, the Basilian Alepian Order.",HIS CAUSE FOR CANONIZATION WAS INTRODUCED BY HIS LRELIGIOUS ORDER THE BAZILIAN ALYPCIAN ORDER,d96157b9ad5b009ac5a1f2d3b5615996f43f72343df384da17542b4705b789ed
data2vec_base,suta,171,stage5ext_00686,87b42e85779256f12cd8467a8790384f4d1ba3aa2c3821b798e151f94702c8fecb77a8f125195bf02e72b9c5cf01c3d6ddda5e6d3aa87b4bc525756a8c2b8807,Canadian English,canada,"Terminals can be attacked and disabled, but not destroyed.",TERMINALS CAN BE ATTACKED AND DISABLED BUT NOT DESTROYED,d96157b9ad5b009ac5a1f2d3b5615996f43f72343df384da17542b4705b789ed
data2vec_base,suta,171,stage5ext_00687,87b42e85779256f12cd8467a8790384f4d1ba3aa2c3821b798e151f94702c8fecb77a8f125195bf02e72b9c5cf01c3d6ddda5e6d3aa87b4bc525756a8c2b8807,Canadian English,canada,They're going to see this as an historic time.,THEY'RE GOING TO SEE THIS AS A HISTORIC TIME,d96157b9ad5b009ac5a1f2d3b5615996f43f72343df384da17542b4705b789ed
data2vec_base,suta,171,stage5ext_00688,87b42e85779256f12cd8467a8790384f4d1ba3aa2c3821b798e151f94702c8fecb77a8f125195bf02e72b9c5cf01c3d6ddda5e6d3aa87b4bc525756a8c2b8807,Canadian English,canada,"Due to his high penance, Lord murugan appeared like snake to him.",DUE TO HIS HIGH PENANTE LORD MUGAN APPEARED LIKE SNAKE TO HIM,d96157b9ad5b009ac5a1f2d3b5615996f43f72343df384da17542b4705b789ed
data2vec_base,suta,172,stage5ext_00689,87b42e85779256f12cd8467a8790384f4d1ba3aa2c3821b798e151f94702c8fecb77a8f125195bf02e72b9c5cf01c3d6ddda5e6d3aa87b4bc525756a8c2b8807,Canadian English,canada,Consumption soon returned to normal however.,CONSUMPTION SOON RETURNED TO NORMAL HOWEVER,2c865ead227b089d4b009955fae33aa0141d5d6ff8860f80b50a7a5b0bc3e005
data2vec_base,suta,172,stage5ext_00690,87b42e85779256f12cd8467a8790384f4d1ba3aa2c3821b798e151f94702c8fecb77a8f125195bf02e72b9c5cf01c3d6ddda5e6d3aa87b4bc525756a8c2b8807,Canadian English,canada,"Alva was featured in the video game, ""Tony Hawk's American Wasteland"".",ALVA WAS FEATURED IN THE WINDOW GATE TONY HAWK'S AMERICAN WASTELAND,2c865ead227b089d4b009955fae33aa0141d5d6ff8860f80b50a7a5b0bc3e005
data2vec_base,suta,172,stage5ext_00691,1bda50a4a88d77a1bc592a14e21c501410d6db026449e39808be8fdf0a370dcc6adb09567d53480b5796f2560267441eafe3faf65ae56ae50502479cbab97242,Canadian English,canada,"They found all sorts of drugs at Howard's house: Cocaine, meth, heroine...",THEY FOUND ALL SORTS OF DRUGS AT HOWERS HOUSE COCAINE MF HEROINE,2c865ead227b089d4b009955fae33aa0141d5d6ff8860f80b50a7a5b0bc3e005
data2vec_base,suta,172,stage5ext_00692,1bda50a4a88d77a1bc592a14e21c501410d6db026449e39808be8fdf0a370dcc6adb09567d53480b5796f2560267441eafe3faf65ae56ae50502479cbab97242,Canadian English,canada,"Sure, I will be right back.",SURE I'LL BE RIGHT BOT,2c865ead227b089d4b009955fae33aa0141d5d6ff8860f80b50a7a5b0bc3e005
data2vec_base,suta,173,stage5ext_00693,1bda50a4a88d77a1bc592a14e21c501410d6db026449e39808be8fdf0a370dcc6adb09567d53480b5796f2560267441eafe3faf65ae56ae50502479cbab97242,Canadian English,canada,"When he got the call, Ali ran out of the store, down the street, and into the car.",WHEN HE GOT TO CALL ALI RAN OUT OF THE STORE A DOWN THE STREET AND ENTER THE CAR,94184089a193f163fed19aea70138f565cc1a7420f9afbac8e0364085ee7a2e0
data2vec_base,suta,173,stage5ext_00694,1bda50a4a88d77a1bc592a14e21c501410d6db026449e39808be8fdf0a370dcc6adb09567d53480b5796f2560267441eafe3faf65ae56ae50502479cbab97242,Canadian English,canada,"As they began to decorate the hallway, a silhouette appeared in the doorway.",AS THEY BEGAN TO DECORATE THE HALLWAY A SILHOUETTE APPEARED IN THE DOORWAY,94184089a193f163fed19aea70138f565cc1a7420f9afbac8e0364085ee7a2e0
data2vec_base,suta,173,stage5ext_00695,1bda50a4a88d77a1bc592a14e21c501410d6db026449e39808be8fdf0a370dcc6adb09567d53480b5796f2560267441eafe3faf65ae56ae50502479cbab97242,Canadian English,canada,"Roaming endlessly around the park, she wants to go home.",ROAMING ENDLESSLY AROUND THE PARK SHE WANTS TO GO HOME,94184089a193f163fed19aea70138f565cc1a7420f9afbac8e0364085ee7a2e0
data2vec_base,suta,173,stage5ext_00696,1bda50a4a88d77a1bc592a14e21c501410d6db026449e39808be8fdf0a370dcc6adb09567d53480b5796f2560267441eafe3faf65ae56ae50502479cbab97242,Canadian English,canada,"Hooray, we're going to Alaska!",ARAY WERE GOING TO ALASKA,94184089a193f163fed19aea70138f565cc1a7420f9afbac8e0364085ee7a2e0
data2vec_base,suta,174,stage5ext_00697,1bda50a4a88d77a1bc592a14e21c501410d6db026449e39808be8fdf0a370dcc6adb09567d53480b5796f2560267441eafe3faf65ae56ae50502479cbab97242,Canadian English,canada,"In the discotheque, the DJ played progressive house music and trance.",IN THE DISCOTEC THE D J PLAYED PROGRESSIVE HOUSE MUSIC AND TRANCE,1c105a771ed5076f9e319c29baee5381a0285a3171fa54773f380dfe4e572fa7
data2vec_base,suta,174,stage5ext_00698,1bda50a4a88d77a1bc592a14e21c501410d6db026449e39808be8fdf0a370dcc6adb09567d53480b5796f2560267441eafe3faf65ae56ae50502479cbab97242,Canadian English,canada,Susan is an artist who lives in Vermont.,SUSAN IS AN ARTIST WHO LIVES IN VERMONT,1c105a771ed5076f9e319c29baee5381a0285a3171fa54773f380dfe4e572fa7
data2vec_base,suta,174,stage5ext_00699,1bda50a4a88d77a1bc592a14e21c501410d6db026449e39808be8fdf0a370dcc6adb09567d53480b5796f2560267441eafe3faf65ae56ae50502479cbab97242,Canadian English,canada,What is the matter with you?,WHAT IS THE MATTER WITH YOU,1c105a771ed5076f9e319c29baee5381a0285a3171fa54773f380dfe4e572fa7
data2vec_base,suta,174,stage5ext_00700,1bda50a4a88d77a1bc592a14e21c501410d6db026449e39808be8fdf0a370dcc6adb09567d53480b5796f2560267441eafe3faf65ae56ae50502479cbab97242,Canadian English,canada,"She is a very smart lady, and I think she can figure it out.",SHE IS A VERY SMART LADY AND I THINK SHE CAN FIGURE IT OUT,1c105a771ed5076f9e319c29baee5381a0285a3171fa54773f380dfe4e572fa7
data2vec_base,suta,175,stage5ext_00701,1bda50a4a88d77a1bc592a14e21c501410d6db026449e39808be8fdf0a370dcc6adb09567d53480b5796f2560267441eafe3faf65ae56ae50502479cbab97242,Canadian English,canada,"Astronomy might be complicated, but it's not rocket science.",ASTRONOMY MIGHT BE COMPLICATED BUT IS NOT ROCKET SCIENCE,8ff9d6a8c67f2c35ff38420f04a1c6a8637166cb1784406b8d8d6fbf0f0f5361
data2vec_base,suta,175,stage5ext_00702,1bda50a4a88d77a1bc592a14e21c501410d6db026449e39808be8fdf0a370dcc6adb09567d53480b5796f2560267441eafe3faf65ae56ae50502479cbab97242,Canadian English,canada,"Angela is pregnant, she told me.",ANGELAIS PREGNANT SHE TOLD ME,8ff9d6a8c67f2c35ff38420f04a1c6a8637166cb1784406b8d8d6fbf0f0f5361
data2vec_base,suta,175,stage5ext_00703,1bda50a4a88d77a1bc592a14e21c501410d6db026449e39808be8fdf0a370dcc6adb09567d53480b5796f2560267441eafe3faf65ae56ae50502479cbab97242,Canadian English,canada,"The diver forced open the oyster, revealing a shimmering pearl.",THE DIVER FORCED OPEN THE OYSTER REVEALING A SHIMMERING PEARL,8ff9d6a8c67f2c35ff38420f04a1c6a8637166cb1784406b8d8d6fbf0f0f5361
data2vec_base,suta,175,stage5ext_00704,1bda50a4a88d77a1bc592a14e21c501410d6db026449e39808be8fdf0a370dcc6adb09567d53480b5796f2560267441eafe3faf65ae56ae50502479cbab97242,Canadian English,canada,"Salmon is one of the most popular fish and very delicious, though usually not sustainable.",SALMON IS ONE OF THE MOST POPULAR FISH AND VERY DELICIOUS THOUGH USUALLY NOT SUSTAINABLE,8ff9d6a8c67f2c35ff38420f04a1c6a8637166cb1784406b8d8d6fbf0f0f5361
data2vec_base,suta,176,stage5ext_00705,1bda50a4a88d77a1bc592a14e21c501410d6db026449e39808be8fdf0a370dcc6adb09567d53480b5796f2560267441eafe3faf65ae56ae50502479cbab97242,Canadian English,canada,"This pepperoni tastes off, she said.",THOS TAPRONI TASTES OFF SHE SAID,59b09786b401b91860e562297123f3d313982bba8f4243ff4295286e5c8996e3
data2vec_base,suta,176,stage5ext_00706,3609f33a23ed07b4e369020bc8bfcb519c8e108d2510cda5649a103fb8e4c9a120753d04b1cfbf9d5ebca2b2674d1f16d7269aa4d619254315923f04a0e8872a,Canadian English,canada,You might as well play Russian roulette.,YOU MIGHT AS WELL PLAY RUSSIAN ROULETE,59b09786b401b91860e562297123f3d313982bba8f4243ff4295286e5c8996e3
data2vec_base,suta,176,stage5ext_00707,3609f33a23ed07b4e369020bc8bfcb519c8e108d2510cda5649a103fb8e4c9a120753d04b1cfbf9d5ebca2b2674d1f16d7269aa4d619254315923f04a0e8872a,Canadian English,canada,We are going to the football game tonight.,WE ARE GOING TO THE PHOPAL GANK  NIGHT,59b09786b401b91860e562297123f3d313982bba8f4243ff4295286e5c8996e3
data2vec_base,suta,176,stage5ext_00708,3609f33a23ed07b4e369020bc8bfcb519c8e108d2510cda5649a103fb8e4c9a120753d04b1cfbf9d5ebca2b2674d1f16d7269aa4d619254315923f04a0e8872a,Canadian English,canada,Send the stuff in a thick paper bag.,SEND THE STUFF IN A THICK PAPER BAG,59b09786b401b91860e562297123f3d313982bba8f4243ff4295286e5c8996e3
data2vec_base,suta,177,stage5ext_00709,3609f33a23ed07b4e369020bc8bfcb519c8e108d2510cda5649a103fb8e4c9a120753d04b1cfbf9d5ebca2b2674d1f16d7269aa4d619254315923f04a0e8872a,Canadian English,canada,The early bird catches the worm.,THE EARLY BIRD CATCHES THE WORM,def1168ed2e414f14877bd2ea82c2d175a833035ea21dd7f36dc50372143d281
data2vec_base,suta,177,stage5ext_00710,3609f33a23ed07b4e369020bc8bfcb519c8e108d2510cda5649a103fb8e4c9a120753d04b1cfbf9d5ebca2b2674d1f16d7269aa4d619254315923f04a0e8872a,Canadian English,canada,A toad and a frog are hard to tell apart.,A TOAD AND A FROG ARE HARD TO TELL APART,def1168ed2e414f14877bd2ea82c2d175a833035ea21dd7f36dc50372143d281
data2vec_base,suta,177,stage5ext_00711,3609f33a23ed07b4e369020bc8bfcb519c8e108d2510cda5649a103fb8e4c9a120753d04b1cfbf9d5ebca2b2674d1f16d7269aa4d619254315923f04a0e8872a,Canadian English,canada,William ran down the street.,WILLIAM RAN DOWN THE STREET,def1168ed2e414f14877bd2ea82c2d175a833035ea21dd7f36dc50372143d281
data2vec_base,suta,177,stage5ext_00712,3609f33a23ed07b4e369020bc8bfcb519c8e108d2510cda5649a103fb8e4c9a120753d04b1cfbf9d5ebca2b2674d1f16d7269aa4d619254315923f04a0e8872a,Canadian English,canada,But it was not to be.,BUT IT WAS NOT TO BE,def1168ed2e414f14877bd2ea82c2d175a833035ea21dd7f36dc50372143d281
data2vec_base,suta,178,stage5ext_00713,3609f33a23ed07b4e369020bc8bfcb519c8e108d2510cda5649a103fb8e4c9a120753d04b1cfbf9d5ebca2b2674d1f16d7269aa4d619254315923f04a0e8872a,Canadian English,canada,Add the sum to the product of these three.,ADD THE SUM TO THE PRODUCT OF THESE THREE,6f52a8696e0dae46c5a17b2d55cf24e0f8ef16805cc6728d1eab364e31a3b16a
data2vec_base,suta,178,stage5ext_00714,3609f33a23ed07b4e369020bc8bfcb519c8e108d2510cda5649a103fb8e4c9a120753d04b1cfbf9d5ebca2b2674d1f16d7269aa4d619254315923f04a0e8872a,Canadian English,canada,Birds of a feather flock – together.,BIRDS OF A FEATHER FLOCK TOGETHER,6f52a8696e0dae46c5a17b2d55cf24e0f8ef16805cc6728d1eab364e31a3b16a
data2vec_base,suta,178,stage5ext_00715,3609f33a23ed07b4e369020bc8bfcb519c8e108d2510cda5649a103fb8e4c9a120753d04b1cfbf9d5ebca2b2674d1f16d7269aa4d619254315923f04a0e8872a,Canadian English,canada,It was raised from everyone who entered the city during the celebration period.,IT WAS RAISED FROM EVERYONE WHO ENTERED THE CITY DURING THE CELEBRATION PERIOD,6f52a8696e0dae46c5a17b2d55cf24e0f8ef16805cc6728d1eab364e31a3b16a
data2vec_base,suta,178,stage5ext_00716,3609f33a23ed07b4e369020bc8bfcb519c8e108d2510cda5649a103fb8e4c9a120753d04b1cfbf9d5ebca2b2674d1f16d7269aa4d619254315923f04a0e8872a,Canadian English,canada,A zestful food is the hot-cross bun.,A ZESTFUL FOOD IS THE HAW CROSSBON,6f52a8696e0dae46c5a17b2d55cf24e0f8ef16805cc6728d1eab364e31a3b16a
data2vec_base,suta,179,stage5ext_00717,3609f33a23ed07b4e369020bc8bfcb519c8e108d2510cda5649a103fb8e4c9a120753d04b1cfbf9d5ebca2b2674d1f16d7269aa4d619254315923f04a0e8872a,Canadian English,canada,Just as I thought!,JUST AS I THOUGHT,613924b7cf732a4bdeed6c6dd9a552ab5e4f0011e8afac0b2f51c56bea17c78f
data2vec_base,suta,179,stage5ext_00718,3609f33a23ed07b4e369020bc8bfcb519c8e108d2510cda5649a103fb8e4c9a120753d04b1cfbf9d5ebca2b2674d1f16d7269aa4d619254315923f04a0e8872a,Canadian English,canada,Each penny shone like new.,EACH PENNY SHONE LIKE NEW,613924b7cf732a4bdeed6c6dd9a552ab5e4f0011e8afac0b2f51c56bea17c78f
data2vec_base,suta,179,stage5ext_00719,3609f33a23ed07b4e369020bc8bfcb519c8e108d2510cda5649a103fb8e4c9a120753d04b1cfbf9d5ebca2b2674d1f16d7269aa4d619254315923f04a0e8872a,Canadian English,canada,Does that suit you?,DOES THAT SUIT YOU,613924b7cf732a4bdeed6c6dd9a552ab5e4f0011e8afac0b2f51c56bea17c78f
data2vec_base,suta,179,stage5ext_00720,3609f33a23ed07b4e369020bc8bfcb519c8e108d2510cda5649a103fb8e4c9a120753d04b1cfbf9d5ebca2b2674d1f16d7269aa4d619254315923f04a0e8872a,Canadian English,canada,You may whistle for it.,YOU MAY WHISTLE FOR IT,613924b7cf732a4bdeed6c6dd9a552ab5e4f0011e8afac0b2f51c56bea17c78f
data2vec_base,suta,180,stage5ext_00721,b93abbafef94b7d98a7356f6312da390c93f78376374ceb597ee3d26425dc05d7b3fe7fc290b835365c2ba77cf232a93597f059b5a2aaa5c715299a8614492e4,Canadian English,canada,"After leaving politics, Clement has held various paid and unpaid positions.",AFTER LEAVING POLITICS CLEMENT HAS HELD VARIOUS PAID AND UNPAID POSITIONS,864b47f475478c16769bcff519c2d9f52848ee5a6a36b6d6d3e40beaa0bb9018
data2vec_base,suta,180,stage5ext_00722,b93abbafef94b7d98a7356f6312da390c93f78376374ceb597ee3d26425dc05d7b3fe7fc290b835365c2ba77cf232a93597f059b5a2aaa5c715299a8614492e4,Canadian English,canada,The same thing can happen to the player's bike.,THE SAME THING CAN HAPPEN TO THE PLAYER'S PIKE,864b47f475478c16769bcff519c2d9f52848ee5a6a36b6d6d3e40beaa0bb9018
data2vec_base,suta,180,stage5ext_00723,b93abbafef94b7d98a7356f6312da390c93f78376374ceb597ee3d26425dc05d7b3fe7fc290b835365c2ba77cf232a93597f059b5a2aaa5c715299a8614492e4,Canadian English,canada,She wanted to become a dancer but it didn't work out.,SHE WANTED TO BECOME A DANCER BUT IT DIDN'T WORK OUT,864b47f475478c16769bcff519c2d9f52848ee5a6a36b6d6d3e40beaa0bb9018
data2vec_base,suta,180,stage5ext_00724,b93abbafef94b7d98a7356f6312da390c93f78376374ceb597ee3d26425dc05d7b3fe7fc290b835365c2ba77cf232a93597f059b5a2aaa5c715299a8614492e4,Canadian English,canada,At trial and appeal the claim was dismissed.,AT TRIAL AND APPEAL THE CLAIM WAS DISMISSED,864b47f475478c16769bcff519c2d9f52848ee5a6a36b6d6d3e40beaa0bb9018
data2vec_base,suta,181,stage5ext_00725,b93abbafef94b7d98a7356f6312da390c93f78376374ceb597ee3d26425dc05d7b3fe7fc290b835365c2ba77cf232a93597f059b5a2aaa5c715299a8614492e4,Canadian English,canada,"Its headquarters is located in Chiyoda, Tokyo.",ITS HEADQUARTERS IS LOCATED IN CHIOTA TOKO,b32d15fc7dfa52b8ade418e04cc4aca82c67228f92e1cdb71b51bb17dd6f867a
data2vec_base,suta,181,stage5ext_00726,b93abbafef94b7d98a7356f6312da390c93f78376374ceb597ee3d26425dc05d7b3fe7fc290b835365c2ba77cf232a93597f059b5a2aaa5c715299a8614492e4,Canadian English,canada,He was forbidden any further writing.,HE WAS FORBIDDEN ANY FURTHER WRITING,b32d15fc7dfa52b8ade418e04cc4aca82c67228f92e1cdb71b51bb17dd6f867a
data2vec_base,suta,181,stage5ext_00727,b93abbafef94b7d98a7356f6312da390c93f78376374ceb597ee3d26425dc05d7b3fe7fc290b835365c2ba77cf232a93597f059b5a2aaa5c715299a8614492e4,Canadian English,canada,It offers yet another musical style change.,IT OFFERS YET ANOTHER MUSICAL STYLE CHANGE,b32d15fc7dfa52b8ade418e04cc4aca82c67228f92e1cdb71b51bb17dd6f867a
data2vec_base,suta,181,stage5ext_00728,b93abbafef94b7d98a7356f6312da390c93f78376374ceb597ee3d26425dc05d7b3fe7fc290b835365c2ba77cf232a93597f059b5a2aaa5c715299a8614492e4,Canadian English,canada,The measured flux is proportional to the covariance.,THE MEASURED FLUX IS PROPORTIONAL TO THE COVARIANS,b32d15fc7dfa52b8ade418e04cc4aca82c67228f92e1cdb71b51bb17dd6f867a
data2vec_base,suta,182,stage5ext_00729,b93abbafef94b7d98a7356f6312da390c93f78376374ceb597ee3d26425dc05d7b3fe7fc290b835365c2ba77cf232a93597f059b5a2aaa5c715299a8614492e4,Canadian English,canada,Also on hand was the young comedian Richard Pryor.,ALSO ON HAND WAS THE YOUNG COMEDIAN RICHARD PRIOR,d18168f4a00f1e032d8344fbbfbd23b5611ec97edd4465d55fce738b70ac6904
data2vec_base,suta,182,stage5ext_00730,b93abbafef94b7d98a7356f6312da390c93f78376374ceb597ee3d26425dc05d7b3fe7fc290b835365c2ba77cf232a93597f059b5a2aaa5c715299a8614492e4,Canadian English,canada,"He is an alumnus of Saratoga High School in Saratoga, California.",HE IS ANALUMNUS OF SARATOGA HIGH SCHOOL IN SARATOGA CALIFORNIA,d18168f4a00f1e032d8344fbbfbd23b5611ec97edd4465d55fce738b70ac6904
data2vec_base,suta,182,stage5ext_00731,b93abbafef94b7d98a7356f6312da390c93f78376374ceb597ee3d26425dc05d7b3fe7fc290b835365c2ba77cf232a93597f059b5a2aaa5c715299a8614492e4,Canadian English,canada,No cause was given and there were no immediate survivors.,NO CAUSE WAS GIVEN AND THERE WERE NO IMMEDIATE SURVIVORS,d18168f4a00f1e032d8344fbbfbd23b5611ec97edd4465d55fce738b70ac6904
data2vec_base,suta,182,stage5ext_00732,b93abbafef94b7d98a7356f6312da390c93f78376374ceb597ee3d26425dc05d7b3fe7fc290b835365c2ba77cf232a93597f059b5a2aaa5c715299a8614492e4,Canadian English,canada,It is more applicable when there is a liquidity crunch in the market.,IT IS MORE APPLICABLE WHEN THERE IS A LOQUIDITY CRUNCH IN THE MARKET,d18168f4a00f1e032d8344fbbfbd23b5611ec97edd4465d55fce738b70ac6904
data2vec_base,suta,183,stage5ext_00733,b93abbafef94b7d98a7356f6312da390c93f78376374ceb597ee3d26425dc05d7b3fe7fc290b835365c2ba77cf232a93597f059b5a2aaa5c715299a8614492e4,Canadian English,canada,There again he taught rhetoric for three years.,HERE AGAIN HE TAUGHT RHETORIC FOR THREE YEARS,0c063bf2fef6c861adc6fdeca70911e5f2d4b12e54f5a39ba8f69ff2a02e7b84
data2vec_base,suta,183,stage5ext_00734,b93abbafef94b7d98a7356f6312da390c93f78376374ceb597ee3d26425dc05d7b3fe7fc290b835365c2ba77cf232a93597f059b5a2aaa5c715299a8614492e4,Canadian English,canada,It is a potent skin irritant.,IT IS A POTENT SKIN IRRITANT,0c063bf2fef6c861adc6fdeca70911e5f2d4b12e54f5a39ba8f69ff2a02e7b84
data2vec_base,suta,183,stage5ext_00735,b93abbafef94b7d98a7356f6312da390c93f78376374ceb597ee3d26425dc05d7b3fe7fc290b835365c2ba77cf232a93597f059b5a2aaa5c715299a8614492e4,Canadian English,canada,Westphal is a former assistant coach on Lionel Hollins' staff on the Brooklyn Nets.,WESTFALL IS A FORMER ASSISTANT COACH ON LIONEL HOLLAND'S STAFF ON THE BRICKLYN NETS,0c063bf2fef6c861adc6fdeca70911e5f2d4b12e54f5a39ba8f69ff2a02e7b84
data2vec_base,suta,183,stage5ext_00736,1225019d528d47c1a589b05ca13577c68d50b27cb794f00d65a7a4be094e4f5e9f0bc35233e80e36ddfba17fa9c185dec071949ab8a2dce2a58b5d4d9b49d290,Canadian English,canada,"Perhaps, you should just grow sea monkeys.",PERHAPS YOU SHOULD JUST GROW SEA MONKEYS,0c063bf2fef6c861adc6fdeca70911e5f2d4b12e54f5a39ba8f69ff2a02e7b84
data2vec_base,suta,184,stage5ext_00737,1225019d528d47c1a589b05ca13577c68d50b27cb794f00d65a7a4be094e4f5e9f0bc35233e80e36ddfba17fa9c185dec071949ab8a2dce2a58b5d4d9b49d290,Canadian English,canada,"No, that was never his real plan.",NO THAT WAS NEVER HIS REAL PLAN,6c72e8f7d9c94f3ac6d2b5907dcdcd0eaf5ee9007e431d8d41bfa7ceea9d0e27
data2vec_base,suta,184,stage5ext_00738,1225019d528d47c1a589b05ca13577c68d50b27cb794f00d65a7a4be094e4f5e9f0bc35233e80e36ddfba17fa9c185dec071949ab8a2dce2a58b5d4d9b49d290,Canadian English,canada,Might I enquire as to whom I'm addressing?,MIGHT I INQUIRE AS TO WHOM IAM ADDRESSING,6c72e8f7d9c94f3ac6d2b5907dcdcd0eaf5ee9007e431d8d41bfa7ceea9d0e27
data2vec_base,suta,184,stage5ext_00739,1225019d528d47c1a589b05ca13577c68d50b27cb794f00d65a7a4be094e4f5e9f0bc35233e80e36ddfba17fa9c185dec071949ab8a2dce2a58b5d4d9b49d290,Canadian English,canada,"By increasing the salinity of the water, we alter its dew point.",BY INCREASING THE SOLEMNITY OF THE WATER WE ALTER ITS DUE POINT,6c72e8f7d9c94f3ac6d2b5907dcdcd0eaf5ee9007e431d8d41bfa7ceea9d0e27
data2vec_base,suta,184,stage5ext_00740,1225019d528d47c1a589b05ca13577c68d50b27cb794f00d65a7a4be094e4f5e9f0bc35233e80e36ddfba17fa9c185dec071949ab8a2dce2a58b5d4d9b49d290,Canadian English,canada,"Deliberate slowly, execute promptly.",DELIBERAT SLOWLY EXECUTE PROMPTLY,6c72e8f7d9c94f3ac6d2b5907dcdcd0eaf5ee9007e431d8d41bfa7ceea9d0e27
data2vec_base,suta,185,stage5ext_00741,1225019d528d47c1a589b05ca13577c68d50b27cb794f00d65a7a4be094e4f5e9f0bc35233e80e36ddfba17fa9c185dec071949ab8a2dce2a58b5d4d9b49d290,Canadian English,canada,What am I to do?,WHAT AM I TO DO,5bd585c60e0d6034bd6b1bd234e7fd80f5ef90489195cef84d797ca2fba7ad50
data2vec_base,suta,185,stage5ext_00742,1225019d528d47c1a589b05ca13577c68d50b27cb794f00d65a7a4be094e4f5e9f0bc35233e80e36ddfba17fa9c185dec071949ab8a2dce2a58b5d4d9b49d290,Canadian English,canada,"I've brought you some cheese, because I know you love cheese.",I'VE BROUGHT YOU SOME CHEESE BECAUSE I KNOW YOU LOVE CHEESE,5bd585c60e0d6034bd6b1bd234e7fd80f5ef90489195cef84d797ca2fba7ad50
data2vec_base,suta,185,stage5ext_00743,1225019d528d47c1a589b05ca13577c68d50b27cb794f00d65a7a4be094e4f5e9f0bc35233e80e36ddfba17fa9c185dec071949ab8a2dce2a58b5d4d9b49d290,Canadian English,canada,"Easy come, easy go.",EASY COME EASY GO,5bd585c60e0d6034bd6b1bd234e7fd80f5ef90489195cef84d797ca2fba7ad50
data2vec_base,suta,185,stage5ext_00744,1225019d528d47c1a589b05ca13577c68d50b27cb794f00d65a7a4be094e4f5e9f0bc35233e80e36ddfba17fa9c185dec071949ab8a2dce2a58b5d4d9b49d290,Canadian English,canada,"The builder placed the brick onto the plank of wood, so it would bend into shape.",THE BUILDER PLACED THE BRICK ON TO THE PLANK OF WOOD SO IT WOULD BEND INTO SHAPE,5bd585c60e0d6034bd6b1bd234e7fd80f5ef90489195cef84d797ca2fba7ad50
data2vec_base,suta,186,stage5ext_00745,1225019d528d47c1a589b05ca13577c68d50b27cb794f00d65a7a4be094e4f5e9f0bc35233e80e36ddfba17fa9c185dec071949ab8a2dce2a58b5d4d9b49d290,Canadian English,canada,How does slow cooling of the hot gaseous state result in pure crystals?,HOW DOES SLOW COOLING OF THE HOT GASEOUS STATE RESULT IN PURE CRYSTALS,8a48e1c70c9a09cf9fc62d747b433457978d820a2931969fb9e5a83be928f4ed
data2vec_base,suta,186,stage5ext_00746,1225019d528d47c1a589b05ca13577c68d50b27cb794f00d65a7a4be094e4f5e9f0bc35233e80e36ddfba17fa9c185dec071949ab8a2dce2a58b5d4d9b49d290,Canadian English,canada,"He stood up, and by the time he went back to his seat everybody in the room was questioning the meaning of life.",HE STOOD UP AND BY THE TIME HE WENT BACK TO IS SEAT EVERYBODY IN THE ROOM WAS QUESTIONING THE MEANING OF LIFE,8a48e1c70c9a09cf9fc62d747b433457978d820a2931969fb9e5a83be928f4ed
data2vec_base,suta,186,stage5ext_00747,1225019d528d47c1a589b05ca13577c68d50b27cb794f00d65a7a4be094e4f5e9f0bc35233e80e36ddfba17fa9c185dec071949ab8a2dce2a58b5d4d9b49d290,Canadian English,canada,"This was a lie, and they all knew it.",THIS WAS A LIE AND THEY ALL KNEW IT,8a48e1c70c9a09cf9fc62d747b433457978d820a2931969fb9e5a83be928f4ed
data2vec_base,suta,186,stage5ext_00748,1225019d528d47c1a589b05ca13577c68d50b27cb794f00d65a7a4be094e4f5e9f0bc35233e80e36ddfba17fa9c185dec071949ab8a2dce2a58b5d4d9b49d290,Canadian English,canada,"After lurking for a minute, the crocodile quickly sprang toward the young hippopotamus and ate it.",AFTER LURKING FOR A MINUTE THE CROCODILE QUICKLY SPRANG TOWARDS THE YOUNG HIPPOPOTAMUS AND ATE IT,8a48e1c70c9a09cf9fc62d747b433457978d820a2931969fb9e5a83be928f4ed
data2vec_base,suta,187,stage5ext_00749,1225019d528d47c1a589b05ca13577c68d50b27cb794f00d65a7a4be094e4f5e9f0bc35233e80e36ddfba17fa9c185dec071949ab8a2dce2a58b5d4d9b49d290,Canadian English,canada,"When you're at a party and somebody says ""banana bread"", a sniper might be near you.",WHEN YOUR DEPARTY AND SOME ONE SAYS BANANA BRED A SNIKER MIGHT BE NEAR YOU,2db55bf1abc385a32ce15c8913912f311e0d144879cf55b45437a59a5d723dd5
data2vec_base,suta,187,stage5ext_00750,1225019d528d47c1a589b05ca13577c68d50b27cb794f00d65a7a4be094e4f5e9f0bc35233e80e36ddfba17fa9c185dec071949ab8a2dce2a58b5d4d9b49d290,Canadian English,canada,Do you want me?,DO YOU WANT ME,2db55bf1abc385a32ce15c8913912f311e0d144879cf55b45437a59a5d723dd5
data2vec_base,suta,187,stage5ext_00751,2365c450d92516275bba41aac73c5acf8ce75bf4896ecbd54c3eaa7f121b53488a25a234605d205f960767e2cb5f88d749e3a035ded3a2e9930f35c814bfd1f8,Irish English,ireland,Me and a friend of mine.,ME AND A FRIEND OF MINE,2db55bf1abc385a32ce15c8913912f311e0d144879cf55b45437a59a5d723dd5
data2vec_base,suta,187,stage5ext_00752,2365c450d92516275bba41aac73c5acf8ce75bf4896ecbd54c3eaa7f121b53488a25a234605d205f960767e2cb5f88d749e3a035ded3a2e9930f35c814bfd1f8,Irish English,ireland,"For most owners of the car model, the issue isn't noticeable.",FOR MOST OWNERS OF THE CAR MODEL THE ISSUE ISN'T NOTICEABLE,2db55bf1abc385a32ce15c8913912f311e0d144879cf55b45437a59a5d723dd5
data2vec_base,suta,188,stage5ext_00753,2365c450d92516275bba41aac73c5acf8ce75bf4896ecbd54c3eaa7f121b53488a25a234605d205f960767e2cb5f88d749e3a035ded3a2e9930f35c814bfd1f8,Irish English,ireland,I'm afraid she'd feel ashamed to think she hadn't trusted you.,I'M AFRAID SHE'D FEEL ASHAMED TO THINK SHE HADN'T TRUSTED YOU,6da00e431ecb755e87501215c1a684beab8a9f264ecb8f19e0dcf2b1386e892c
data2vec_base,suta,188,stage5ext_00754,2365c450d92516275bba41aac73c5acf8ce75bf4896ecbd54c3eaa7f121b53488a25a234605d205f960767e2cb5f88d749e3a035ded3a2e9930f35c814bfd1f8,Irish English,ireland,Thailand turned out to be a very satisfying holiday.,TYLON TURNED OUT TO BE A VERY SATISFYING HOLIDAY,6da00e431ecb755e87501215c1a684beab8a9f264ecb8f19e0dcf2b1386e892c
data2vec_base,suta,188,stage5ext_00755,2365c450d92516275bba41aac73c5acf8ce75bf4896ecbd54c3eaa7f121b53488a25a234605d205f960767e2cb5f88d749e3a035ded3a2e9930f35c814bfd1f8,Irish English,ireland,The execution was cancelled.,THE EXECUTION WAS CANTLED,6da00e431ecb755e87501215c1a684beab8a9f264ecb8f19e0dcf2b1386e892c
data2vec_base,suta,188,stage5ext_00756,2365c450d92516275bba41aac73c5acf8ce75bf4896ecbd54c3eaa7f121b53488a25a234605d205f960767e2cb5f88d749e3a035ded3a2e9930f35c814bfd1f8,Irish English,ireland,Sometimes I get so mad at you I can't see straight.,SOMETIMES I GET SO MAD A YEAR I CANT SEE STRAIGHT,6da00e431ecb755e87501215c1a684beab8a9f264ecb8f19e0dcf2b1386e892c
data2vec_base,suta,189,stage5ext_00757,2365c450d92516275bba41aac73c5acf8ce75bf4896ecbd54c3eaa7f121b53488a25a234605d205f960767e2cb5f88d749e3a035ded3a2e9930f35c814bfd1f8,Irish English,ireland,Crooks don't pay taxes.,CROOKSTONE PAY TAXES,28b06486f37b082a4c9b8da65d7bef86a8a673c5ffde56e41befdf19e303ccc7
data2vec_base,suta,189,stage5ext_00758,2365c450d92516275bba41aac73c5acf8ce75bf4896ecbd54c3eaa7f121b53488a25a234605d205f960767e2cb5f88d749e3a035ded3a2e9930f35c814bfd1f8,Irish English,ireland,Use the tool that's needed for the job.,USE THE TUL THAT'S NEEDED FOR THE JOB,28b06486f37b082a4c9b8da65d7bef86a8a673c5ffde56e41befdf19e303ccc7
data2vec_base,suta,189,stage5ext_00759,2365c450d92516275bba41aac73c5acf8ce75bf4896ecbd54c3eaa7f121b53488a25a234605d205f960767e2cb5f88d749e3a035ded3a2e9930f35c814bfd1f8,Irish English,ireland,That guy is the writer of a few banned books.,THATGY IS THE WRITER OF A FEW BOUND BOOKS,28b06486f37b082a4c9b8da65d7bef86a8a673c5ffde56e41befdf19e303ccc7
data2vec_base,suta,189,stage5ext_00760,2365c450d92516275bba41aac73c5acf8ce75bf4896ecbd54c3eaa7f121b53488a25a234605d205f960767e2cb5f88d749e3a035ded3a2e9930f35c814bfd1f8,Irish English,ireland,My cat loves to ensconce herself in my new sofa.,MY CAT LOVES TO ENSCONCE HERSELF IN MY NEW SOFA,28b06486f37b082a4c9b8da65d7bef86a8a673c5ffde56e41befdf19e303ccc7
data2vec_base,suta,190,stage5ext_00761,2365c450d92516275bba41aac73c5acf8ce75bf4896ecbd54c3eaa7f121b53488a25a234605d205f960767e2cb5f88d749e3a035ded3a2e9930f35c814bfd1f8,Irish English,ireland,"I feel sick, what should I do?",I FEEL SICK WHAT SHOULD I DO,e97b2f12c689a29e1ae339b48f7b944afd83dd5a403da82e4f81f9ac9ace9a8e
data2vec_base,suta,190,stage5ext_00762,2365c450d92516275bba41aac73c5acf8ce75bf4896ecbd54c3eaa7f121b53488a25a234605d205f960767e2cb5f88d749e3a035ded3a2e9930f35c814bfd1f8,Irish English,ireland,I'm in a drugstore.,I'M IN A DRUG STORE,e97b2f12c689a29e1ae339b48f7b944afd83dd5a403da82e4f81f9ac9ace9a8e
data2vec_base,suta,190,stage5ext_00763,2365c450d92516275bba41aac73c5acf8ce75bf4896ecbd54c3eaa7f121b53488a25a234605d205f960767e2cb5f88d749e3a035ded3a2e9930f35c814bfd1f8,Irish English,ireland,You know very well why.,YOU KNOW VERY WELL WHY,e97b2f12c689a29e1ae339b48f7b944afd83dd5a403da82e4f81f9ac9ace9a8e
data2vec_base,suta,190,stage5ext_00764,2365c450d92516275bba41aac73c5acf8ce75bf4896ecbd54c3eaa7f121b53488a25a234605d205f960767e2cb5f88d749e3a035ded3a2e9930f35c814bfd1f8,Irish English,ireland,The cannibal was looking for another victim to appease his appetite.,THE CANNIBAL WAS LOOKING FOR ANOTHER VICTIM TO A PIECE'S APPETITE,e97b2f12c689a29e1ae339b48f7b944afd83dd5a403da82e4f81f9ac9ace9a8e
data2vec_base,suta,191,stage5ext_00765,2365c450d92516275bba41aac73c5acf8ce75bf4896ecbd54c3eaa7f121b53488a25a234605d205f960767e2cb5f88d749e3a035ded3a2e9930f35c814bfd1f8,Irish English,ireland,He could see tears in her eyes.,HE COULD SEE TEARS IN HER EYES,f9494be6834f301e692a3fb4e94bb7a15448e0fe065ffb39f6a5074508a6a36a
data2vec_base,suta,191,stage5ext_00766,06c53aec09bca54d5587147ee1bfcc0a9e2b4162fb75daa79b7fe286dfec0732ff4dcae7125393b19a31f66c66c4bd8cf89665b4dee7b446429efd029e225c59,Irish English,ireland,He later served as a prominent leader of the French Directory.,HE LATER SERVED AS A PROMINENT LEADER OF THE FRENCH DIRECTORY,f9494be6834f301e692a3fb4e94bb7a15448e0fe065ffb39f6a5074508a6a36a
data2vec_base,suta,191,stage5ext_00767,06c53aec09bca54d5587147ee1bfcc0a9e2b4162fb75daa79b7fe286dfec0732ff4dcae7125393b19a31f66c66c4bd8cf89665b4dee7b446429efd029e225c59,Irish English,ireland,She held this position for two years before Kim Raine replaced her.,SHE HELD HIS POSITION FOR TWO YEARS BEFORE KIMREIN REPLACED HER,f9494be6834f301e692a3fb4e94bb7a15448e0fe065ffb39f6a5074508a6a36a
data2vec_base,suta,191,stage5ext_00768,06c53aec09bca54d5587147ee1bfcc0a9e2b4162fb75daa79b7fe286dfec0732ff4dcae7125393b19a31f66c66c4bd8cf89665b4dee7b446429efd029e225c59,Irish English,ireland,Fetsios competed in the two rifle events.,FETTIOS COMPETED IN THE TWO RIFLE EVENTS,f9494be6834f301e692a3fb4e94bb7a15448e0fe065ffb39f6a5074508a6a36a
data2vec_base,suta,192,stage5ext_00769,06c53aec09bca54d5587147ee1bfcc0a9e2b4162fb75daa79b7fe286dfec0732ff4dcae7125393b19a31f66c66c4bd8cf89665b4dee7b446429efd029e225c59,Irish English,ireland,"Because it is widely known, ""Lumbricus"" goes under a variety of common names.",BECAUSE IT IS WIDELY KNOWN LUMBRICUS GOES UNDER A VARIETY OF COMMON NAMES,fe6e831715e7c0d586fe5b2838dd30eabd0302890e13fa57f17d5eaaf4e96452
data2vec_base,suta,192,stage5ext_00770,06c53aec09bca54d5587147ee1bfcc0a9e2b4162fb75daa79b7fe286dfec0732ff4dcae7125393b19a31f66c66c4bd8cf89665b4dee7b446429efd029e225c59,Irish English,ireland,O'Farrell is a six-time winner of the Rotary cartoons award.,OFARREL IS A SIX TIME WINNER OF THE ROSARY CARTOONS AWART,fe6e831715e7c0d586fe5b2838dd30eabd0302890e13fa57f17d5eaaf4e96452
data2vec_base,suta,192,stage5ext_00771,06c53aec09bca54d5587147ee1bfcc0a9e2b4162fb75daa79b7fe286dfec0732ff4dcae7125393b19a31f66c66c4bd8cf89665b4dee7b446429efd029e225c59,Irish English,ireland,He was arrested and thrown in jail.,HE WAS ARRESTED AND THROWN IN JAIL,fe6e831715e7c0d586fe5b2838dd30eabd0302890e13fa57f17d5eaaf4e96452
data2vec_base,suta,192,stage5ext_00772,06c53aec09bca54d5587147ee1bfcc0a9e2b4162fb75daa79b7fe286dfec0732ff4dcae7125393b19a31f66c66c4bd8cf89665b4dee7b446429efd029e225c59,Irish English,ireland,"He was known as the leader of the ""fighting Quakers"".",HE WAS KNOWN AS THE LEADER OF THE FIGHTING QUAKERS,fe6e831715e7c0d586fe5b2838dd30eabd0302890e13fa57f17d5eaaf4e96452
data2vec_base,suta,193,stage5ext_00773,06c53aec09bca54d5587147ee1bfcc0a9e2b4162fb75daa79b7fe286dfec0732ff4dcae7125393b19a31f66c66c4bd8cf89665b4dee7b446429efd029e225c59,Irish English,ireland,He also served in both the Assembly and Senate of the California State Legislature.,HE ALSO SERVED IN BOTH THE ASSEMBLY AND SENATE OF THE CALIFORNIA STATE LEGISLATURE,9b13337418ec04361ff39ea14045675cc2df8666f15edf3a7bf1ee238ff26d6a
data2vec_base,suta,193,stage5ext_00774,06c53aec09bca54d5587147ee1bfcc0a9e2b4162fb75daa79b7fe286dfec0732ff4dcae7125393b19a31f66c66c4bd8cf89665b4dee7b446429efd029e225c59,Irish English,ireland,Many of the Gretna Girls lived in group hostels which were staffed by matrons.,MANY OF THE GRETNE GIRLS LIVED IN GROUP PUSTLES WHICH WERE STAFFED BY MATRONS,9b13337418ec04361ff39ea14045675cc2df8666f15edf3a7bf1ee238ff26d6a
data2vec_base,suta,193,stage5ext_00775,06c53aec09bca54d5587147ee1bfcc0a9e2b4162fb75daa79b7fe286dfec0732ff4dcae7125393b19a31f66c66c4bd8cf89665b4dee7b446429efd029e225c59,Irish English,ireland,The next day Delfino attacked.,THE NEXT DAY DELPHINO ATTACKED,9b13337418ec04361ff39ea14045675cc2df8666f15edf3a7bf1ee238ff26d6a
data2vec_base,suta,193,stage5ext_00776,06c53aec09bca54d5587147ee1bfcc0a9e2b4162fb75daa79b7fe286dfec0732ff4dcae7125393b19a31f66c66c4bd8cf89665b4dee7b446429efd029e225c59,Irish English,ireland,See the article on Barnett for an outline of his ideas.,SEE THE ARTICLE ON BARNES FOR AN OUTLINE OF HIS IDEAS,9b13337418ec04361ff39ea14045675cc2df8666f15edf3a7bf1ee238ff26d6a
data2vec_base,suta,194,stage5ext_00777,06c53aec09bca54d5587147ee1bfcc0a9e2b4162fb75daa79b7fe286dfec0732ff4dcae7125393b19a31f66c66c4bd8cf89665b4dee7b446429efd029e225c59,Irish English,ireland,"In addition, after German reunification, there were several Heiligenstadts in Germany.",IN ADDITION AFTER GERMAN REUNIFICATION THERE WERE SEVERAL HILINGENSTATS IN GERMANY,59dd87ac8904daaeb44033e6c49b62e979ee4a3711b83cf73ed29c47c1e99437
data2vec_base,suta,194,stage5ext_00778,06c53aec09bca54d5587147ee1bfcc0a9e2b4162fb75daa79b7fe286dfec0732ff4dcae7125393b19a31f66c66c4bd8cf89665b4dee7b446429efd029e225c59,Irish English,ireland,"The Norse form of the name was ""Surkudalr"".",THE NORSE FORM OF THE NAME WAS SIR CUDELLA,59dd87ac8904daaeb44033e6c49b62e979ee4a3711b83cf73ed29c47c1e99437
data2vec_base,suta,194,stage5ext_00779,06c53aec09bca54d5587147ee1bfcc0a9e2b4162fb75daa79b7fe286dfec0732ff4dcae7125393b19a31f66c66c4bd8cf89665b4dee7b446429efd029e225c59,Irish English,ireland,But all this will be useless.,BUT ALL THIS WILL BE USELESS,59dd87ac8904daaeb44033e6c49b62e979ee4a3711b83cf73ed29c47c1e99437
data2vec_base,suta,194,stage5ext_00780,06c53aec09bca54d5587147ee1bfcc0a9e2b4162fb75daa79b7fe286dfec0732ff4dcae7125393b19a31f66c66c4bd8cf89665b4dee7b446429efd029e225c59,Irish English,ireland,I'm a bit loath to say which!,I'M A BIT LOATH TO SAY WHICH,59dd87ac8904daaeb44033e6c49b62e979ee4a3711b83cf73ed29c47c1e99437
data2vec_base,suta,195,stage5ext_00781,2bf1907838353bd4ff938cb357518af5cd662218dcf4e05e91bccb5c4981619def6e13f25156c63c468ac5e938051eb89983ae095606bc1ebcbe2aba77dbcf38,Irish English,ireland,Good luck on the way.,GOOD LOOK ON THE WAY,b611405f14d4b09a4ea5c1e74045a352e8e9011c7f83e06e7ad2632bedd98f7d
data2vec_base,suta,195,stage5ext_00782,2bf1907838353bd4ff938cb357518af5cd662218dcf4e05e91bccb5c4981619def6e13f25156c63c468ac5e938051eb89983ae095606bc1ebcbe2aba77dbcf38,Irish English,ireland,"Like her adored aunt, Paula Wessely prepared for an artistic career.",LIKE HER ADORED AUNT PAULA WESLEY PREPARED FOR AN ARTISTIC CAREER,b611405f14d4b09a4ea5c1e74045a352e8e9011c7f83e06e7ad2632bedd98f7d
data2vec_base,suta,195,stage5ext_00783,2bf1907838353bd4ff938cb357518af5cd662218dcf4e05e91bccb5c4981619def6e13f25156c63c468ac5e938051eb89983ae095606bc1ebcbe2aba77dbcf38,Irish English,ireland,Fill your pack with bright trinkets for the poor.,FILL YOUR PACK WITH BRIGHT TRINKETS FOR THE POOR,b611405f14d4b09a4ea5c1e74045a352e8e9011c7f83e06e7ad2632bedd98f7d
data2vec_base,suta,195,stage5ext_00784,2bf1907838353bd4ff938cb357518af5cd662218dcf4e05e91bccb5c4981619def6e13f25156c63c468ac5e938051eb89983ae095606bc1ebcbe2aba77dbcf38,Irish English,ireland,The pigs and cows ran everywhere.,THE PIGS AND COWS RAN EVERYWHERE,b611405f14d4b09a4ea5c1e74045a352e8e9011c7f83e06e7ad2632bedd98f7d
data2vec_base,suta,196,stage5ext_00785,2bf1907838353bd4ff938cb357518af5cd662218dcf4e05e91bccb5c4981619def6e13f25156c63c468ac5e938051eb89983ae095606bc1ebcbe2aba77dbcf38,Irish English,ireland,"Mrs. McFarlane is a recent widow, versus Mr. McFarlane is alive but away.",MISSUS MAC FHIRLEN IS A RECENT WIDOW VERSUS MISTER MAC FHARLEN IS ALIVE BUT AWAY,21512f7c5a35bdf901200441c784fd33638e53f19df929d4dc4542ba71606645
data2vec_base,suta,196,stage5ext_00786,2bf1907838353bd4ff938cb357518af5cd662218dcf4e05e91bccb5c4981619def6e13f25156c63c468ac5e938051eb89983ae095606bc1ebcbe2aba77dbcf38,Irish English,ireland,He regretted not having made himself clearer.,HE REGRESSED NOT HAVING MADE HIMSELF CLEARER,21512f7c5a35bdf901200441c784fd33638e53f19df929d4dc4542ba71606645
data2vec_base,suta,196,stage5ext_00787,2bf1907838353bd4ff938cb357518af5cd662218dcf4e05e91bccb5c4981619def6e13f25156c63c468ac5e938051eb89983ae095606bc1ebcbe2aba77dbcf38,Irish English,ireland,The omens have led me on a wild chase.,THE OMANS HAVE LAD ME ON A WILD CHASE,21512f7c5a35bdf901200441c784fd33638e53f19df929d4dc4542ba71606645
data2vec_base,suta,196,stage5ext_00788,2bf1907838353bd4ff938cb357518af5cd662218dcf4e05e91bccb5c4981619def6e13f25156c63c468ac5e938051eb89983ae095606bc1ebcbe2aba77dbcf38,Irish English,ireland,Rome was not built in a day.,ROME WAS NOT BUILT IN A DE,21512f7c5a35bdf901200441c784fd33638e53f19df929d4dc4542ba71606645
data2vec_base,suta,197,stage5ext_00789,2bf1907838353bd4ff938cb357518af5cd662218dcf4e05e91bccb5c4981619def6e13f25156c63c468ac5e938051eb89983ae095606bc1ebcbe2aba77dbcf38,Irish English,ireland,That's an inherent disadvantage.,THAT'S AN INHERENT DISADVANTAGE,f2ed62e8f523df650c0cc4ac7b7298f1a6933294c1b652afb558813c99423ff9
data2vec_base,suta,197,stage5ext_00790,2bf1907838353bd4ff938cb357518af5cd662218dcf4e05e91bccb5c4981619def6e13f25156c63c468ac5e938051eb89983ae095606bc1ebcbe2aba77dbcf38,Irish English,ireland,I wasn't certain it'd work at all yesterday.,I WASN'T CERTAIN IS AT WORK AT ALL YESTERDAY,f2ed62e8f523df650c0cc4ac7b7298f1a6933294c1b652afb558813c99423ff9
data2vec_base,suta,197,stage5ext_00791,2bf1907838353bd4ff938cb357518af5cd662218dcf4e05e91bccb5c4981619def6e13f25156c63c468ac5e938051eb89983ae095606bc1ebcbe2aba77dbcf38,Irish English,ireland,The night becomes a turning point for all five men.,THE NICE BECAME A TURNING POINT FOR ALL FIVE MEN,f2ed62e8f523df650c0cc4ac7b7298f1a6933294c1b652afb558813c99423ff9
data2vec_base,suta,197,stage5ext_00792,2bf1907838353bd4ff938cb357518af5cd662218dcf4e05e91bccb5c4981619def6e13f25156c63c468ac5e938051eb89983ae095606bc1ebcbe2aba77dbcf38,Irish English,ireland,The population size depends on the nature of the problem.,THE POPULATION SIZE DEPEND ON THE NATURE OF THE PROBLEM,f2ed62e8f523df650c0cc4ac7b7298f1a6933294c1b652afb558813c99423ff9
data2vec_base,suta,198,stage5ext_00793,2bf1907838353bd4ff938cb357518af5cd662218dcf4e05e91bccb5c4981619def6e13f25156c63c468ac5e938051eb89983ae095606bc1ebcbe2aba77dbcf38,Irish English,ireland,"Maxwell, who was killed in Wan Chai three days before the ceasefire.",MAXWELL HE WAS KILLED IN ONE CHI THREE DAYS BEFORE THE SEAT SPIRE,09174bb2b6e19b0fe17fb0cbd9091417244500e1b07e826c3ef83ecd7c5434ff
data2vec_base,suta,198,stage5ext_00794,2bf1907838353bd4ff938cb357518af5cd662218dcf4e05e91bccb5c4981619def6e13f25156c63c468ac5e938051eb89983ae095606bc1ebcbe2aba77dbcf38,Irish English,ireland,A new broom sweeps clean What's bred in the bone.,A NEW BROOM SWEEPS CLEAN WHIT SPRIES IN THE BONE,09174bb2b6e19b0fe17fb0cbd9091417244500e1b07e826c3ef83ecd7c5434ff
data2vec_base,suta,198,stage5ext_00795,2bf1907838353bd4ff938cb357518af5cd662218dcf4e05e91bccb5c4981619def6e13f25156c63c468ac5e938051eb89983ae095606bc1ebcbe2aba77dbcf38,Irish English,ireland,The beauty of the view stunned the young boy.,THE BEAUTY OF THIS YOUTH STUNS THE YOUNG BOY,09174bb2b6e19b0fe17fb0cbd9091417244500e1b07e826c3ef83ecd7c5434ff
data2vec_base,suta,198,stage5ext_00796,f3ea04475e301f84785710b9c56023f3c81f7abff656d40e674db8acde55c748688d0a4285eb6e8ea7f4d8b1fb6c99ab3c7f7d460878c4193256a61831e17ce7,Irish English,ireland,Reddy and his wife have two daughters.,LETDY AND HIS WIFE HAVE TWO DAUGHTERS,09174bb2b6e19b0fe17fb0cbd9091417244500e1b07e826c3ef83ecd7c5434ff
data2vec_base,suta,199,stage5ext_00797,f3ea04475e301f84785710b9c56023f3c81f7abff656d40e674db8acde55c748688d0a4285eb6e8ea7f4d8b1fb6c99ab3c7f7d460878c4193256a61831e17ce7,Irish English,ireland,The Arab executive that emerged from that conference.,THE ALT EXECUTIVE THAT EMERGED FROM THAT CONFERENCE,42dee303d3a2644532589194fa3df2b658a263cde997dfc8f40dc07fbfdcffce
data2vec_base,suta,199,stage5ext_00798,f3ea04475e301f84785710b9c56023f3c81f7abff656d40e674db8acde55c748688d0a4285eb6e8ea7f4d8b1fb6c99ab3c7f7d460878c4193256a61831e17ce7,Irish English,ireland,The book goes further by examining irony and sarcasm.,THE BUCCOS FALURE BY EXAMINING IRONY AND SAPHAVEN,42dee303d3a2644532589194fa3df2b658a263cde997dfc8f40dc07fbfdcffce
data2vec_base,suta,199,stage5ext_00799,f3ea04475e301f84785710b9c56023f3c81f7abff656d40e674db8acde55c748688d0a4285eb6e8ea7f4d8b1fb6c99ab3c7f7d460878c4193256a61831e17ce7,Irish English,ireland,He is close to the Lebanese Forces.,HE IS CLOSE TO LEBONY'S VOICES,42dee303d3a2644532589194fa3df2b658a263cde997dfc8f40dc07fbfdcffce
data2vec_base,suta,199,stage5ext_00800,f3ea04475e301f84785710b9c56023f3c81f7abff656d40e674db8acde55c748688d0a4285eb6e8ea7f4d8b1fb6c99ab3c7f7d460878c4193256a61831e17ce7,Irish English,ireland,Deane was overpowered and forced to surrender the prizes.,HE WIL OVERPOWERED AND FORCE TI SEMENDIN PRIZES,42dee303d3a2644532589194fa3df2b658a263cde997dfc8f40dc07fbfdcffce
data2vec_base,suta,200,stage5ext_00801,f3ea04475e301f84785710b9c56023f3c81f7abff656d40e674db8acde55c748688d0a4285eb6e8ea7f4d8b1fb6c99ab3c7f7d460878c4193256a61831e17ce7,Irish English,ireland,He was her second husband and they had no children.,HE WAS HIS SECOND HUSBAND AND THEY HAD NO TOM,84081fbc61ed06b47a07285e19a1fd88e5a37bf709da497e78fa50cb7a8d1206
data2vec_base,suta,200,stage5ext_00802,f3ea04475e301f84785710b9c56023f3c81f7abff656d40e674db8acde55c748688d0a4285eb6e8ea7f4d8b1fb6c99ab3c7f7d460878c4193256a61831e17ce7,Irish English,ireland,The transports were presumably carrying prisoners from the British capture of Corsica.,THE TRANSPORT YO PRESUME ME CARRYING PRISONERS IN THE BRITISH CAPTURE CORSELE,84081fbc61ed06b47a07285e19a1fd88e5a37bf709da497e78fa50cb7a8d1206
data2vec_base,suta,200,stage5ext_00803,f3ea04475e301f84785710b9c56023f3c81f7abff656d40e674db8acde55c748688d0a4285eb6e8ea7f4d8b1fb6c99ab3c7f7d460878c4193256a61831e17ce7,Irish English,ireland,They clear their stand that they will stand with all communities or caste.,THEY CLEAR THIS STAMPA BEY WIL STAM WITH ALL COMMUNITIES O PASTE,84081fbc61ed06b47a07285e19a1fd88e5a37bf709da497e78fa50cb7a8d1206
data2vec_base,suta,200,stage5ext_00804,f3ea04475e301f84785710b9c56023f3c81f7abff656d40e674db8acde55c748688d0a4285eb6e8ea7f4d8b1fb6c99ab3c7f7d460878c4193256a61831e17ce7,Irish English,ireland,Lieutenant Colonel Bell was awarded his second Silver Star for his leadership.,LIEUTENANT COLONEL BELL WAS AWARDED HIS SECOND SILVER STAFF FOR HIS LEADERSHIP,84081fbc61ed06b47a07285e19a1fd88e5a37bf709da497e78fa50cb7a8d1206
data2vec_base,suta,201,stage5ext_00805,f3ea04475e301f84785710b9c56023f3c81f7abff656d40e674db8acde55c748688d0a4285eb6e8ea7f4d8b1fb6c99ab3c7f7d460878c4193256a61831e17ce7,Irish English,ireland,The automobiles in the Miles Collier Collections at the Revs Institute are working vehicles.,THE AUTOMOBILES IN THE MILES HALIO COLLECTIONS OF THE MANTNECITY THERE WORK MANICITS,5a9e7ea113f8aa134f26686f68e4be8b1cef8e8f3d95f4671523b93c80a2f1d3
data2vec_base,suta,201,stage5ext_00806,f3ea04475e301f84785710b9c56023f3c81f7abff656d40e674db8acde55c748688d0a4285eb6e8ea7f4d8b1fb6c99ab3c7f7d460878c4193256a61831e17ce7,Irish English,ireland,The town is located on the French way of the Camino de Santiago.,THE TANSILCATED ON THE FRENCH WAY OF CAMANAL DE SANTIACO,5a9e7ea113f8aa134f26686f68e4be8b1cef8e8f3d95f4671523b93c80a2f1d3
data2vec_base,suta,201,stage5ext_00807,f3ea04475e301f84785710b9c56023f3c81f7abff656d40e674db8acde55c748688d0a4285eb6e8ea7f4d8b1fb6c99ab3c7f7d460878c4193256a61831e17ce7,Irish English,ireland,Bejarano chose to conduct instead of pursuing her doctorate.,BEGOANO CHOSE TO CONDUCT INSTEAD OF PURSUING HER DOCTOR,5a9e7ea113f8aa134f26686f68e4be8b1cef8e8f3d95f4671523b93c80a2f1d3
data2vec_base,suta,201,stage5ext_00808,f3ea04475e301f84785710b9c56023f3c81f7abff656d40e674db8acde55c748688d0a4285eb6e8ea7f4d8b1fb6c99ab3c7f7d460878c4193256a61831e17ce7,Irish English,ireland,It has not been excavated.,IT HAS NOT BEEN EXCAVATED,5a9e7ea113f8aa134f26686f68e4be8b1cef8e8f3d95f4671523b93c80a2f1d3
data2vec_base,suta,202,stage5ext_00809,f3ea04475e301f84785710b9c56023f3c81f7abff656d40e674db8acde55c748688d0a4285eb6e8ea7f4d8b1fb6c99ab3c7f7d460878c4193256a61831e17ce7,Irish English,ireland,The result was much the same as St.,THE RESULT WAS MUCH THE SAME AS SAINT,ad77a5619b3e16ea077b2e7df552962b7e0dbaaa857ecf73bc6953402b7f9fbf
data2vec_base,suta,202,stage5ext_00810,f3ea04475e301f84785710b9c56023f3c81f7abff656d40e674db8acde55c748688d0a4285eb6e8ea7f4d8b1fb6c99ab3c7f7d460878c4193256a61831e17ce7,Irish English,ireland,All four were shot in the United Kingdom.,ALL FOUR WER SHOT IN THE UNITED KINDLE,ad77a5619b3e16ea077b2e7df552962b7e0dbaaa857ecf73bc6953402b7f9fbf
data2vec_base,suta,202,stage5ext_00811,98434a9a8b4630d9b92df639cfe24cc4aaa5f87868d474c89db46b5c64a423a9bd79967d06c7657d145d04e562a7f2a8c5293333078c2f76c2da86b6ddd14b97,Irish English,ireland,"He treats ""Greek love"" as central to Greek ""aesthetic morality.",HE TREATS GREEK LOVE AS CENTRAL TO GREEK ESTETIC MORALITY,ad77a5619b3e16ea077b2e7df552962b7e0dbaaa857ecf73bc6953402b7f9fbf
data2vec_base,suta,202,stage5ext_00812,98434a9a8b4630d9b92df639cfe24cc4aaa5f87868d474c89db46b5c64a423a9bd79967d06c7657d145d04e562a7f2a8c5293333078c2f76c2da86b6ddd14b97,Irish English,ireland,"The other is ""The Five Orange Pips"", part of ""The Adventures of Sherlock Holmes"".",THE OTHER IS THE FIVE ORANGE PIPS PART OF THE ADVENTURES OF SHERLOCK HOLMES,ad77a5619b3e16ea077b2e7df552962b7e0dbaaa857ecf73bc6953402b7f9fbf
data2vec_base,suta,203,stage5ext_00813,98434a9a8b4630d9b92df639cfe24cc4aaa5f87868d474c89db46b5c64a423a9bd79967d06c7657d145d04e562a7f2a8c5293333078c2f76c2da86b6ddd14b97,Irish English,ireland,He used parallels and meridians to link together every place in the world.,HE USED PARALLELS AND MERIDIANS TO LINK TOGETHER EVERY PLACE IN THE WORLD,148b1b46531d78fc3865b798f555f4378cabcb32a5ec6d3c3ff178a43da6b848
data2vec_base,suta,203,stage5ext_00814,98434a9a8b4630d9b92df639cfe24cc4aaa5f87868d474c89db46b5c64a423a9bd79967d06c7657d145d04e562a7f2a8c5293333078c2f76c2da86b6ddd14b97,Irish English,ireland,"Some train sets use equipment owned by Metro-North, which are so marked.",SOME TRAINSATS ESE EQUIPMENT OWNED BY METRO NORTH WHICH ARE SO MARKED,148b1b46531d78fc3865b798f555f4378cabcb32a5ec6d3c3ff178a43da6b848
data2vec_base,suta,203,stage5ext_00815,98434a9a8b4630d9b92df639cfe24cc4aaa5f87868d474c89db46b5c64a423a9bd79967d06c7657d145d04e562a7f2a8c5293333078c2f76c2da86b6ddd14b97,Irish English,ireland,Its county seat is Aspermont.,ITS COUNTY SEAT IS ASPOMANT,148b1b46531d78fc3865b798f555f4378cabcb32a5ec6d3c3ff178a43da6b848
data2vec_base,suta,203,stage5ext_00816,98434a9a8b4630d9b92df639cfe24cc4aaa5f87868d474c89db46b5c64a423a9bd79967d06c7657d145d04e562a7f2a8c5293333078c2f76c2da86b6ddd14b97,Irish English,ireland,Urquhart was rewarded with the Norwegian Order of Saint Olav.,OQUAAT WAS REWARDED WITH THE NORWEGIAN ORDER OF SAINT OLAF,148b1b46531d78fc3865b798f555f4378cabcb32a5ec6d3c3ff178a43da6b848
data2vec_base,suta,204,stage5ext_00817,98434a9a8b4630d9b92df639cfe24cc4aaa5f87868d474c89db46b5c64a423a9bd79967d06c7657d145d04e562a7f2a8c5293333078c2f76c2da86b6ddd14b97,Irish English,ireland,"However, gadolinite does not contain more than trace amounts of gadolinium.",HOWEVER GADALENISE DOES NOT CONTAIN MORE THAN TRACEMENTS OF GADOLINIUM,542ba86a11f82e0a9f0ee6787c5a48246cb3e98d0a20f67d1a8e7f839b60b0f7
data2vec_base,suta,204,stage5ext_00818,98434a9a8b4630d9b92df639cfe24cc4aaa5f87868d474c89db46b5c64a423a9bd79967d06c7657d145d04e562a7f2a8c5293333078c2f76c2da86b6ddd14b97,Irish English,ireland,It is still in circulation on radio.,IT IS STILL IN CIRCULATION ON RADIO,542ba86a11f82e0a9f0ee6787c5a48246cb3e98d0a20f67d1a8e7f839b60b0f7
data2vec_base,suta,204,stage5ext_00819,98434a9a8b4630d9b92df639cfe24cc4aaa5f87868d474c89db46b5c64a423a9bd79967d06c7657d145d04e562a7f2a8c5293333078c2f76c2da86b6ddd14b97,Irish English,ireland,"Bach heard about the audition for ""The Dukes of Hazzard"" through her husband.",BARK HURRIED ABOUT THE AUDITION FOR THE DUKES OF HAZARD THROUGH HER HUSBAND,542ba86a11f82e0a9f0ee6787c5a48246cb3e98d0a20f67d1a8e7f839b60b0f7
data2vec_base,suta,204,stage5ext_00820,98434a9a8b4630d9b92df639cfe24cc4aaa5f87868d474c89db46b5c64a423a9bd79967d06c7657d145d04e562a7f2a8c5293333078c2f76c2da86b6ddd14b97,Irish English,ireland,"Upon his appointment, he prohibited alcohol drinking among his players.",ON HIS APPOINTMENT HE PROHIBITES ALCOL DRINKING AMONG HIS PLAYERS,542ba86a11f82e0a9f0ee6787c5a48246cb3e98d0a20f67d1a8e7f839b60b0f7
data2vec_base,suta,205,stage5ext_00821,98434a9a8b4630d9b92df639cfe24cc4aaa5f87868d474c89db46b5c64a423a9bd79967d06c7657d145d04e562a7f2a8c5293333078c2f76c2da86b6ddd14b97,Irish English,ireland,"All the Nevada sites below are gaming-entitled, unless otherwise noted.",ALL THE NEVADA SITES BELOW ARE GAINING ENTITLED UNLESS OTHERWISE NOTED,4b14239fe27a719c2ada1204d9394222faeb54226b81e4cb5a1dff4eea41c394
data2vec_base,suta,205,stage5ext_00822,98434a9a8b4630d9b92df639cfe24cc4aaa5f87868d474c89db46b5c64a423a9bd79967d06c7657d145d04e562a7f2a8c5293333078c2f76c2da86b6ddd14b97,Irish English,ireland,The defensive line was anchored by Pro Bowlers Tom Keating and Ben Davidson.,THE DEFENSIVE LINE WAS ANCHORED BY PRO BOLER'S TOM KEATING AND BEN DAVIDSON,4b14239fe27a719c2ada1204d9394222faeb54226b81e4cb5a1dff4eea41c394
data2vec_base,suta,205,stage5ext_00823,98434a9a8b4630d9b92df639cfe24cc4aaa5f87868d474c89db46b5c64a423a9bd79967d06c7657d145d04e562a7f2a8c5293333078c2f76c2da86b6ddd14b97,Irish English,ireland,May is also an accomplished singer.,MAY IS ALSO AN ACCOMPLISHED THINGING,4b14239fe27a719c2ada1204d9394222faeb54226b81e4cb5a1dff4eea41c394
data2vec_base,suta,205,stage5ext_00824,98434a9a8b4630d9b92df639cfe24cc4aaa5f87868d474c89db46b5c64a423a9bd79967d06c7657d145d04e562a7f2a8c5293333078c2f76c2da86b6ddd14b97,Irish English,ireland,Miriam appeared in the doorway.,MIRIAM APPEARED IN THE DOORWAY,4b14239fe27a719c2ada1204d9394222faeb54226b81e4cb5a1dff4eea41c394
data2vec_base,suta,206,stage5ext_00825,98434a9a8b4630d9b92df639cfe24cc4aaa5f87868d474c89db46b5c64a423a9bd79967d06c7657d145d04e562a7f2a8c5293333078c2f76c2da86b6ddd14b97,Irish English,ireland,They were each sentenced to six months in jail.,THEY WERE EACH SENTENCED TO SIX MONTHS IN JAIL,6c38824062e41431ebc9b94ac1280fc4d2750a48ca3d5f5e296604707ee34760
data2vec_base,suta,206,stage5ext_00826,194875abc05277ec185b84e1233196c510a5057c4ac33820e8421f58778f054d7eebd2f70a62c96c79b93aa9f5cf99ec1e7e763ee45eed080dfa952fa8bdeb40,Irish English,ireland,The boy preferred wine.,THE BOY PREFERRED BOING,6c38824062e41431ebc9b94ac1280fc4d2750a48ca3d5f5e296604707ee34760
data2vec_base,suta,206,stage5ext_00827,194875abc05277ec185b84e1233196c510a5057c4ac33820e8421f58778f054d7eebd2f70a62c96c79b93aa9f5cf99ec1e7e763ee45eed080dfa952fa8bdeb40,Irish English,ireland,But he knew that Salem wasn't in Andalusia.,BUT HE KNEW THAT ZALAM WASN'T IN ANDELUCIA,6c38824062e41431ebc9b94ac1280fc4d2750a48ca3d5f5e296604707ee34760
data2vec_base,suta,206,stage5ext_00828,194875abc05277ec185b84e1233196c510a5057c4ac33820e8421f58778f054d7eebd2f70a62c96c79b93aa9f5cf99ec1e7e763ee45eed080dfa952fa8bdeb40,Irish English,ireland,"He had found where his treasure was, and was frightened at what might happen.",HE HAD FOUND WHERE HIS TREASURE WAS ALMOST FRIGHTENED AT WHATK MIGHT HAPPEN,6c38824062e41431ebc9b94ac1280fc4d2750a48ca3d5f5e296604707ee34760
data2vec_base,suta,207,stage5ext_00829,194875abc05277ec185b84e1233196c510a5057c4ac33820e8421f58778f054d7eebd2f70a62c96c79b93aa9f5cf99ec1e7e763ee45eed080dfa952fa8bdeb40,Irish English,ireland,The boy was sad as he left her that day.,THE BOY WAS SAD AS HE LEFT HER THAT DAY,cad447b75aaabbc8a2db7737ac4b31a202facfd51ee4f03188480ed976f3fe19
data2vec_base,suta,207,stage5ext_00830,194875abc05277ec185b84e1233196c510a5057c4ac33820e8421f58778f054d7eebd2f70a62c96c79b93aa9f5cf99ec1e7e763ee45eed080dfa952fa8bdeb40,Irish English,ireland,He didn't want to cry with the other people there.,HE DIDN'T WANT TO CRY WITH THE OTHER PEOPLE THERE,cad447b75aaabbc8a2db7737ac4b31a202facfd51ee4f03188480ed976f3fe19
data2vec_base,suta,207,stage5ext_00831,194875abc05277ec185b84e1233196c510a5057c4ac33820e8421f58778f054d7eebd2f70a62c96c79b93aa9f5cf99ec1e7e763ee45eed080dfa952fa8bdeb40,Irish English,ireland,But horses tire bit by bit.,BUT HARSES TIRE BIT BY BIT,cad447b75aaabbc8a2db7737ac4b31a202facfd51ee4f03188480ed976f3fe19
data2vec_base,suta,207,stage5ext_00832,194875abc05277ec185b84e1233196c510a5057c4ac33820e8421f58778f054d7eebd2f70a62c96c79b93aa9f5cf99ec1e7e763ee45eed080dfa952fa8bdeb40,Irish English,ireland,It was such a gradual movement that he found it only by noticing the dots.,IT WAS SUCH A GRADUAL MOVEMENT THAT HE FOUND IT ONLY BY NOTICING THE DARTS,cad447b75aaabbc8a2db7737ac4b31a202facfd51ee4f03188480ed976f3fe19
data2vec_base,suta,208,stage5ext_00833,194875abc05277ec185b84e1233196c510a5057c4ac33820e8421f58778f054d7eebd2f70a62c96c79b93aa9f5cf99ec1e7e763ee45eed080dfa952fa8bdeb40,Irish English,ireland,"My seven year resume gap is marked ""Not Drugs"".",MY SEVEN YEAR RESUMIC AP IS MARKED NOT TROGES,644a92f1bc82d484a317f52430715aad43be13c96cff00c9b7841300933e0b79
data2vec_base,suta,208,stage5ext_00834,194875abc05277ec185b84e1233196c510a5057c4ac33820e8421f58778f054d7eebd2f70a62c96c79b93aa9f5cf99ec1e7e763ee45eed080dfa952fa8bdeb40,Irish English,ireland,"I was scared, but wasted no time in going out and crossing the bridge to the sand pits.",I WAS SCARED BUT WASTED NO TIME IN GOING OUT AND CROSSING THE BRIDGE TO THE SUN PITS,644a92f1bc82d484a317f52430715aad43be13c96cff00c9b7841300933e0b79
data2vec_base,suta,208,stage5ext_00835,194875abc05277ec185b84e1233196c510a5057c4ac33820e8421f58778f054d7eebd2f70a62c96c79b93aa9f5cf99ec1e7e763ee45eed080dfa952fa8bdeb40,Irish English,ireland,Several figures approached him.,SEVERAL FIGURES APPROACHED HIM,644a92f1bc82d484a317f52430715aad43be13c96cff00c9b7841300933e0b79
data2vec_base,suta,208,stage5ext_00836,194875abc05277ec185b84e1233196c510a5057c4ac33820e8421f58778f054d7eebd2f70a62c96c79b93aa9f5cf99ec1e7e763ee45eed080dfa952fa8bdeb40,Irish English,ireland,He paused for a moment to see if the woman knew what the Egyptian pyramids were.,HE PAUSED FOR A MOMENT TO SEE IF THE WOMAN KNEW WHAT THE EGYPTIAN PYRAMIDS WERE,644a92f1bc82d484a317f52430715aad43be13c96cff00c9b7841300933e0b79
data2vec_base,suta,209,stage5ext_00837,194875abc05277ec185b84e1233196c510a5057c4ac33820e8421f58778f054d7eebd2f70a62c96c79b93aa9f5cf99ec1e7e763ee45eed080dfa952fa8bdeb40,Irish English,ireland,"The alchemist stopped abruptly, and bent to the ground.",THE ALCHYMAS STOPPED ABRUPTLY AND BENTED THE GROUND,534c658378d2fcc443f3db32ec2d8a234ad6d24b96b1f06ee440aeb04f93249c
data2vec_base,suta,209,stage5ext_00838,194875abc05277ec185b84e1233196c510a5057c4ac33820e8421f58778f054d7eebd2f70a62c96c79b93aa9f5cf99ec1e7e763ee45eed080dfa952fa8bdeb40,Irish English,ireland,The two were taken to a nearby military camp.,THE TWO WERE TAKEN TO A NEARBY MILITARY CAMP,534c658378d2fcc443f3db32ec2d8a234ad6d24b96b1f06ee440aeb04f93249c
data2vec_base,suta,209,stage5ext_00839,194875abc05277ec185b84e1233196c510a5057c4ac33820e8421f58778f054d7eebd2f70a62c96c79b93aa9f5cf99ec1e7e763ee45eed080dfa952fa8bdeb40,Irish English,ireland,That he had attended a seminary until he was sixteen.,THAT HE HAD ATTENDED TE SEMINARY UNTIL HE WAS SIXTEEN,534c658378d2fcc443f3db32ec2d8a234ad6d24b96b1f06ee440aeb04f93249c
data2vec_base,suta,209,stage5ext_00840,194875abc05277ec185b84e1233196c510a5057c4ac33820e8421f58778f054d7eebd2f70a62c96c79b93aa9f5cf99ec1e7e763ee45eed080dfa952fa8bdeb40,Irish English,ireland,It seems old and wise.,IT SEEMS OLD AND WISE,534c658378d2fcc443f3db32ec2d8a234ad6d24b96b1f06ee440aeb04f93249c
data2vec_base,suta,210,stage5ext_00841,672a3259269b97062367fcafac924cb6013a30f9e34c09eff5c41b6d81f8a9b8e797beba73bbe770cb6ecdcdcc0039306ffae6e7c53294f92803666e3fa86b1b,Irish English,ireland,"To be fully funded, some lending must occur.",TO BE FULLY FUNDED SOME LENDING MUST OCCUR,29488a56febda39c6cd1e4bc8f1b1cb0d3f783f96e4c546a8385003373785c7e
data2vec_base,suta,210,stage5ext_00842,672a3259269b97062367fcafac924cb6013a30f9e34c09eff5c41b6d81f8a9b8e797beba73bbe770cb6ecdcdcc0039306ffae6e7c53294f92803666e3fa86b1b,Irish English,ireland,What'll it take till the bank reopens?,WHATILL IT TAKE TILL THE BANK REOPENS,29488a56febda39c6cd1e4bc8f1b1cb0d3f783f96e4c546a8385003373785c7e
data2vec_base,suta,210,stage5ext_00843,672a3259269b97062367fcafac924cb6013a30f9e34c09eff5c41b6d81f8a9b8e797beba73bbe770cb6ecdcdcc0039306ffae6e7c53294f92803666e3fa86b1b,Irish English,ireland,I don't think this theory explains why the particles attract each other this strongly.,I DONT THINK THIS TERY EXPLAINS WHY THE PARTICLES ATTRACT EACH OTHER TIS STRONGLY,29488a56febda39c6cd1e4bc8f1b1cb0d3f783f96e4c546a8385003373785c7e
data2vec_base,suta,210,stage5ext_00844,672a3259269b97062367fcafac924cb6013a30f9e34c09eff5c41b6d81f8a9b8e797beba73bbe770cb6ecdcdcc0039306ffae6e7c53294f92803666e3fa86b1b,Irish English,ireland,Do you mean the speech you're writing?,DO YOU MEAN THE SPEECH YOUR WRITING,29488a56febda39c6cd1e4bc8f1b1cb0d3f783f96e4c546a8385003373785c7e
data2vec_base,suta,211,stage5ext_00845,672a3259269b97062367fcafac924cb6013a30f9e34c09eff5c41b6d81f8a9b8e797beba73bbe770cb6ecdcdcc0039306ffae6e7c53294f92803666e3fa86b1b,Irish English,ireland,And there you were in bed.,AND THERE YOU WERE IN BED,d70cde44e00eb82506e671611c69d74ba845272faa92055ca50d337d293bc7ba
data2vec_base,suta,211,stage5ext_00846,672a3259269b97062367fcafac924cb6013a30f9e34c09eff5c41b6d81f8a9b8e797beba73bbe770cb6ecdcdcc0039306ffae6e7c53294f92803666e3fa86b1b,Irish English,ireland,I admit that I'm an alcoholic.,I ADMIT THAT IAM AN ALCOLIC,d70cde44e00eb82506e671611c69d74ba845272faa92055ca50d337d293bc7ba
data2vec_base,suta,211,stage5ext_00847,672a3259269b97062367fcafac924cb6013a30f9e34c09eff5c41b6d81f8a9b8e797beba73bbe770cb6ecdcdcc0039306ffae6e7c53294f92803666e3fa86b1b,Irish English,ireland,What's that got to do with it?,WHAT'S STATCOT TO DO WITH IT,d70cde44e00eb82506e671611c69d74ba845272faa92055ca50d337d293bc7ba
data2vec_base,suta,211,stage5ext_00848,672a3259269b97062367fcafac924cb6013a30f9e34c09eff5c41b6d81f8a9b8e797beba73bbe770cb6ecdcdcc0039306ffae6e7c53294f92803666e3fa86b1b,Irish English,ireland,This investment won't pay off.,THIS INVESTMENT WON'T PAY OFF,d70cde44e00eb82506e671611c69d74ba845272faa92055ca50d337d293bc7ba
data2vec_base,suta,212,stage5ext_00849,672a3259269b97062367fcafac924cb6013a30f9e34c09eff5c41b6d81f8a9b8e797beba73bbe770cb6ecdcdcc0039306ffae6e7c53294f92803666e3fa86b1b,Irish English,ireland,And don't forget to make him wear his raincoat in London.,AND DON'T FORGET TO MAKE HIM WEAR HIS RAINCOLT IN LONDON,32dbde3aa8168a2502f67f0e5fd93d322c4b76e8a8d84bf65ce01047d1c02396
data2vec_base,suta,212,stage5ext_00850,672a3259269b97062367fcafac924cb6013a30f9e34c09eff5c41b6d81f8a9b8e797beba73bbe770cb6ecdcdcc0039306ffae6e7c53294f92803666e3fa86b1b,Irish English,ireland,This peach tart is tasty.,THIS PEACH TART IS TASTY,32dbde3aa8168a2502f67f0e5fd93d322c4b76e8a8d84bf65ce01047d1c02396
data2vec_base,suta,212,stage5ext_00851,672a3259269b97062367fcafac924cb6013a30f9e34c09eff5c41b6d81f8a9b8e797beba73bbe770cb6ecdcdcc0039306ffae6e7c53294f92803666e3fa86b1b,Irish English,ireland,I didn't say anything.,I DIDN'T SAY ANYTHING,32dbde3aa8168a2502f67f0e5fd93d322c4b76e8a8d84bf65ce01047d1c02396
data2vec_base,suta,212,stage5ext_00852,672a3259269b97062367fcafac924cb6013a30f9e34c09eff5c41b6d81f8a9b8e797beba73bbe770cb6ecdcdcc0039306ffae6e7c53294f92803666e3fa86b1b,Irish English,ireland,I don't care what you say.,I DON'T CARE WHAT YOU SAY,32dbde3aa8168a2502f67f0e5fd93d322c4b76e8a8d84bf65ce01047d1c02396
data2vec_base,suta,213,stage5ext_00853,672a3259269b97062367fcafac924cb6013a30f9e34c09eff5c41b6d81f8a9b8e797beba73bbe770cb6ecdcdcc0039306ffae6e7c53294f92803666e3fa86b1b,Irish English,ireland,I can't find it anywhere.,I CAN'T FIND IT ANYWHERE,9c0967d6ef5e17eccd1928a2cbeb642b58aa7275be918c0adcc058935d30a5e8
data2vec_base,suta,213,stage5ext_00854,672a3259269b97062367fcafac924cb6013a30f9e34c09eff5c41b6d81f8a9b8e797beba73bbe770cb6ecdcdcc0039306ffae6e7c53294f92803666e3fa86b1b,Irish English,ireland,"If a pen has no ink, it's broken.",IF A PEN HAS NO INK IT'S BROKEN,9c0967d6ef5e17eccd1928a2cbeb642b58aa7275be918c0adcc058935d30a5e8
data2vec_base,suta,213,stage5ext_00855,672a3259269b97062367fcafac924cb6013a30f9e34c09eff5c41b6d81f8a9b8e797beba73bbe770cb6ecdcdcc0039306ffae6e7c53294f92803666e3fa86b1b,Irish English,ireland,The houses were squashed together like sardines.,THE HOUSES WERE SQUASHED TOGETHER LIKE SARDINES,9c0967d6ef5e17eccd1928a2cbeb642b58aa7275be918c0adcc058935d30a5e8
data2vec_base,suta,213,stage5ext_00856,02cb893287feb15b25162b42913f21d4cef7b8b96119618c39ad96f550afc59fc5cb33155d5a3142b86ea467935fa50993f69d0e0aebf5f8b22f2a05004d4165,Irish English,ireland,To nourish the falcon.,TO NOURISH THE FALCON,9c0967d6ef5e17eccd1928a2cbeb642b58aa7275be918c0adcc058935d30a5e8
data2vec_base,suta,214,stage5ext_00857,02cb893287feb15b25162b42913f21d4cef7b8b96119618c39ad96f550afc59fc5cb33155d5a3142b86ea467935fa50993f69d0e0aebf5f8b22f2a05004d4165,Irish English,ireland,"There's gold here, he said.",THERE'S GOLD HERE HE SAID,e012865339bec01db77e5e7d5158b911c31ec3adf7910d2c662c71a2ac2146a6
data2vec_base,suta,214,stage5ext_00858,02cb893287feb15b25162b42913f21d4cef7b8b96119618c39ad96f550afc59fc5cb33155d5a3142b86ea467935fa50993f69d0e0aebf5f8b22f2a05004d4165,Irish English,ireland,I had seen all that it would presently bring me.,I HAD SEEN ALL THAT IT WOULD PRESENTLY BRING ME,e012865339bec01db77e5e7d5158b911c31ec3adf7910d2c662c71a2ac2146a6
data2vec_base,suta,214,stage5ext_00859,02cb893287feb15b25162b42913f21d4cef7b8b96119618c39ad96f550afc59fc5cb33155d5a3142b86ea467935fa50993f69d0e0aebf5f8b22f2a05004d4165,Irish English,ireland,It was my fear of failure that first kept me from attempting the Master Work.,IT WAS MY FEAR OF FAILURE THAT FIRST KEPT ME FROM ATTEMPTING THE MASTER WORK,e012865339bec01db77e5e7d5158b911c31ec3adf7910d2c662c71a2ac2146a6
data2vec_base,suta,214,stage5ext_00860,02cb893287feb15b25162b42913f21d4cef7b8b96119618c39ad96f550afc59fc5cb33155d5a3142b86ea467935fa50993f69d0e0aebf5f8b22f2a05004d4165,Irish English,ireland,He saw the boy appear from the other side of the dunes.,HE SAW THE BOY APPEAR FROM THE OTHER SIDE OF THE DUNES,e012865339bec01db77e5e7d5158b911c31ec3adf7910d2c662c71a2ac2146a6
data2vec_base,suta,215,stage5ext_00861,02cb893287feb15b25162b42913f21d4cef7b8b96119618c39ad96f550afc59fc5cb33155d5a3142b86ea467935fa50993f69d0e0aebf5f8b22f2a05004d4165,Irish English,ireland,"I'm a desert woman, and I'm proud of that.",I'M A DESERT WOMAN AND IAM PROUD OF THAT,d703e0e443e93875351d2ba45c80a76047becbe444cb0299f5ff5dbd0ba6fb42
data2vec_base,suta,215,stage5ext_00862,02cb893287feb15b25162b42913f21d4cef7b8b96119618c39ad96f550afc59fc5cb33155d5a3142b86ea467935fa50993f69d0e0aebf5f8b22f2a05004d4165,Irish English,ireland,"It's the Emerald Tablet, said the Englishman, proud that he might teach something to the boy.",IT'S THE EMERALD TABLET SAID THE ENGLISHMAN PROUD THAT HE MIGHT TEACH SOMETHING TO THE BOY,d703e0e443e93875351d2ba45c80a76047becbe444cb0299f5ff5dbd0ba6fb42
data2vec_base,suta,215,stage5ext_00863,02cb893287feb15b25162b42913f21d4cef7b8b96119618c39ad96f550afc59fc5cb33155d5a3142b86ea467935fa50993f69d0e0aebf5f8b22f2a05004d4165,Irish English,ireland,"He stuck his hand into the pouch, and felt around for one of the stones.",HE STUCK HIS HAND IN THE POUCH AND FELT AROUND FOR ONE OF THE STONES,d703e0e443e93875351d2ba45c80a76047becbe444cb0299f5ff5dbd0ba6fb42
data2vec_base,suta,215,stage5ext_00864,02cb893287feb15b25162b42913f21d4cef7b8b96119618c39ad96f550afc59fc5cb33155d5a3142b86ea467935fa50993f69d0e0aebf5f8b22f2a05004d4165,Irish English,ireland,"The heather was on fire, and you could see a thin blue smoke rising up slowly.",THE HEATHER WAS ON FIRE AND YOU COULD SEE A THIN BLUE SMOKE RISING UP SLOWLY,d703e0e443e93875351d2ba45c80a76047becbe444cb0299f5ff5dbd0ba6fb42
data2vec_base,suta,216,stage5ext_00865,02cb893287feb15b25162b42913f21d4cef7b8b96119618c39ad96f550afc59fc5cb33155d5a3142b86ea467935fa50993f69d0e0aebf5f8b22f2a05004d4165,Irish English,ireland,where the sand was more substantial.,WHERE THE SAND WAS MORE SUBSTANTIAL,972fa777d75bcb1f573770edf9e010feb21f0af846e63b1046df64a80885b440
data2vec_base,suta,216,stage5ext_00866,02cb893287feb15b25162b42913f21d4cef7b8b96119618c39ad96f550afc59fc5cb33155d5a3142b86ea467935fa50993f69d0e0aebf5f8b22f2a05004d4165,Irish English,ireland,The three fell silent.,THE THREE FELL SILENT,972fa777d75bcb1f573770edf9e010feb21f0af846e63b1046df64a80885b440
data2vec_base,suta,216,stage5ext_00867,02cb893287feb15b25162b42913f21d4cef7b8b96119618c39ad96f550afc59fc5cb33155d5a3142b86ea467935fa50993f69d0e0aebf5f8b22f2a05004d4165,Irish English,ireland,But I didn’t think that it contained any living creature.,BUT I DIDN'T THINK THAT IT CONTAINED ANY LIVING CREATURE,972fa777d75bcb1f573770edf9e010feb21f0af846e63b1046df64a80885b440
data2vec_base,suta,216,stage5ext_00868,02cb893287feb15b25162b42913f21d4cef7b8b96119618c39ad96f550afc59fc5cb33155d5a3142b86ea467935fa50993f69d0e0aebf5f8b22f2a05004d4165,Irish English,ireland,He didn't want to cry with the other people there.,YOU DIDNT WANT TO CRY WITH THE OTHER PEOPLE THERE,972fa777d75bcb1f573770edf9e010feb21f0af846e63b1046df64a80885b440
data2vec_base,suta,217,stage5ext_00869,02cb893287feb15b25162b42913f21d4cef7b8b96119618c39ad96f550afc59fc5cb33155d5a3142b86ea467935fa50993f69d0e0aebf5f8b22f2a05004d4165,Irish English,ireland,"About eleven, I walked back to my home in Maybury because nothing seemed to be happening.",ABOUT ELEVEN I WALKED BACK TO MY HOME IN MEYBURY BECAUSE NOTHING SEEMED TO BE HAPPENING,41c8f22270bfecd5de4909a2c4cb2d325547841f92615940be6a3e23b2147573
data2vec_base,suta,217,stage5ext_00870,02cb893287feb15b25162b42913f21d4cef7b8b96119618c39ad96f550afc59fc5cb33155d5a3142b86ea467935fa50993f69d0e0aebf5f8b22f2a05004d4165,Irish English,ireland,That sobered him a little.,THAT SOBERED HIM A LITTLE,41c8f22270bfecd5de4909a2c4cb2d325547841f92615940be6a3e23b2147573
data2vec_base,suta,217,stage5ext_00871,bd50f6c0e65e80961fb044a2591721940ca6cd6836496cde2353e06259e959af9c47fa4fb6d9fa8b16cc5285e232f3543059af36f41495c786198bdfd83d4b88,Irish English,ireland,Its county seat is Red Cloud.,ITS COUNTY SEAT IS RED CLOUD,41c8f22270bfecd5de4909a2c4cb2d325547841f92615940be6a3e23b2147573
data2vec_base,suta,217,stage5ext_00872,bd50f6c0e65e80961fb044a2591721940ca6cd6836496cde2353e06259e959af9c47fa4fb6d9fa8b16cc5285e232f3543059af36f41495c786198bdfd83d4b88,Irish English,ireland,"After eighty-seven minutes of test football, Australia gained possession of the ball.",AFTER EIGHTY SEVEN MINUTES OF TEST FOOTBALL AUSTRALIA GAINED POSSESSION OF THE BALL,41c8f22270bfecd5de4909a2c4cb2d325547841f92615940be6a3e23b2147573
data2vec_base,suta,218,stage5ext_00873,bd50f6c0e65e80961fb044a2591721940ca6cd6836496cde2353e06259e959af9c47fa4fb6d9fa8b16cc5285e232f3543059af36f41495c786198bdfd83d4b88,Irish English,ireland,The ability displayed by him in this led to his rapid advancement.,THE ABILITY DISPLAYED BY HIM IN THIS LED TO HIS RAPID ADVANCEMENT,b457d869da864a61b6b320796797dd79fd5dbb1502aa44751f644068e457ed4f
data2vec_base,suta,218,stage5ext_00874,bd50f6c0e65e80961fb044a2591721940ca6cd6836496cde2353e06259e959af9c47fa4fb6d9fa8b16cc5285e232f3543059af36f41495c786198bdfd83d4b88,Irish English,ireland,The building resembled a typical Kirkbride model.,THE BUILDING RESEMBLED A TYPICAL CART BRIDE MODEL,b457d869da864a61b6b320796797dd79fd5dbb1502aa44751f644068e457ed4f
data2vec_base,suta,218,stage5ext_00875,bd50f6c0e65e80961fb044a2591721940ca6cd6836496cde2353e06259e959af9c47fa4fb6d9fa8b16cc5285e232f3543059af36f41495c786198bdfd83d4b88,Irish English,ireland,"In engineering science and in other technical aspects, the term galling is widespread.",IN ENGINEERING SCIENCE AND IN OTHER TECHNICAL ASPECTS THE TERM GALLING IS WIDESPREAD,b457d869da864a61b6b320796797dd79fd5dbb1502aa44751f644068e457ed4f
data2vec_base,suta,218,stage5ext_00876,bd50f6c0e65e80961fb044a2591721940ca6cd6836496cde2353e06259e959af9c47fa4fb6d9fa8b16cc5285e232f3543059af36f41495c786198bdfd83d4b88,Irish English,ireland,Zinc is a necessary nutrient for optimal yeast health and performance.,ZINK IS A NECESSARY NUTRIANT FOR OPTIMO YEAST HEALTH AND PERFORMANCE,b457d869da864a61b6b320796797dd79fd5dbb1502aa44751f644068e457ed4f
data2vec_base,suta,219,stage5ext_00877,bd50f6c0e65e80961fb044a2591721940ca6cd6836496cde2353e06259e959af9c47fa4fb6d9fa8b16cc5285e232f3543059af36f41495c786198bdfd83d4b88,Irish English,ireland,Another common type of certification in modern society is product certification.,ANOTHER COMMON TYPE OF CERTIFICATION IN MODERN SOCIETY IS PRODUCT CERTIFICATION,8f8b989e2748cdbf4c7d1c0f8048e795c31ce4c33f35dfe93b0c27ca4798a140
data2vec_base,suta,219,stage5ext_00878,bd50f6c0e65e80961fb044a2591721940ca6cd6836496cde2353e06259e959af9c47fa4fb6d9fa8b16cc5285e232f3543059af36f41495c786198bdfd83d4b88,Irish English,ireland,Originally usage of the road was free of charge.,ORIGINALLY USAGE OF THE ROAD WAS FREE OF CHARGE,8f8b989e2748cdbf4c7d1c0f8048e795c31ce4c33f35dfe93b0c27ca4798a140
data2vec_base,suta,219,stage5ext_00879,bd50f6c0e65e80961fb044a2591721940ca6cd6836496cde2353e06259e959af9c47fa4fb6d9fa8b16cc5285e232f3543059af36f41495c786198bdfd83d4b88,Irish English,ireland,"In general, there are two types of scanner setups.",IN GENERAL THERE ARE TWO TYPES OF SCANNER SETAMS,8f8b989e2748cdbf4c7d1c0f8048e795c31ce4c33f35dfe93b0c27ca4798a140
data2vec_base,suta,219,stage5ext_00880,bd50f6c0e65e80961fb044a2591721940ca6cd6836496cde2353e06259e959af9c47fa4fb6d9fa8b16cc5285e232f3543059af36f41495c786198bdfd83d4b88,Irish English,ireland,The equivalent Ukrainian-language surname is Lytvyn.,THE EQUIVALENT UCRANEAN LANGUAGE SURNAM IS LOYTHEN,8f8b989e2748cdbf4c7d1c0f8048e795c31ce4c33f35dfe93b0c27ca4798a140
data2vec_base,suta,220,stage5ext_00881,bd50f6c0e65e80961fb044a2591721940ca6cd6836496cde2353e06259e959af9c47fa4fb6d9fa8b16cc5285e232f3543059af36f41495c786198bdfd83d4b88,Irish English,ireland,The first settlers in Isipingo arrived before the beginning of Apartheid.,THE FIRST SETTLERS IN ISIPINGO ARRIVE BEFORE THE BEGINNING OF A PARTLITE,aa319ab08b0c2b1c0df0db78c7a0888919b8a3d8a1a5ee71516c88cf98e45ae5
data2vec_base,suta,220,stage5ext_00882,bd50f6c0e65e80961fb044a2591721940ca6cd6836496cde2353e06259e959af9c47fa4fb6d9fa8b16cc5285e232f3543059af36f41495c786198bdfd83d4b88,Irish English,ireland,"There is an elaborate memorial to him in Saint Edward the Confessor Church, Romford.",THERE IS AN ELABORATE MEMORIAL TO HIM IN SAINT EDWARD THE CONFESSOR CHURCH ROMFORD,aa319ab08b0c2b1c0df0db78c7a0888919b8a3d8a1a5ee71516c88cf98e45ae5
data2vec_base,suta,220,stage5ext_00883,bd50f6c0e65e80961fb044a2591721940ca6cd6836496cde2353e06259e959af9c47fa4fb6d9fa8b16cc5285e232f3543059af36f41495c786198bdfd83d4b88,Irish English,ireland,American public school system was introduced and general health and sanitation campaign was launched.,AMERICAN PUBLIC SCHOOL SYSTEM WAS INTRODUCED AND GENERAL HEALTH AND SANITATION CAMPAIGN WAS LAUNCHED,aa319ab08b0c2b1c0df0db78c7a0888919b8a3d8a1a5ee71516c88cf98e45ae5
data2vec_base,suta,220,stage5ext_00884,bd50f6c0e65e80961fb044a2591721940ca6cd6836496cde2353e06259e959af9c47fa4fb6d9fa8b16cc5285e232f3543059af36f41495c786198bdfd83d4b88,Irish English,ireland,Mponela is primarily an agricultural town without touristic interest.,OMPENELA IS PRIMARILY AN AGRICULTURAL TOWN WITHOUT TURISTIC INTEREST,aa319ab08b0c2b1c0df0db78c7a0888919b8a3d8a1a5ee71516c88cf98e45ae5
data2vec_base,suta,221,stage5ext_00885,bd50f6c0e65e80961fb044a2591721940ca6cd6836496cde2353e06259e959af9c47fa4fb6d9fa8b16cc5285e232f3543059af36f41495c786198bdfd83d4b88,Irish English,ireland,The family lives in Suffolk.,THE FAMILY LIVES IN SUFFOLK,b60b87e21262bc7ff364dd51c5db660f206d8042385eabe3275ffc9ef7534787
data2vec_base,suta,221,stage5ext_00886,298c0f3d5e3352df02aa3a6a7a132199f93bdccf8457a134e6133cb2cf9bc435869f9e0ed6068a4152cdd933c02fc02573e8a2d6c12bcf52810d8ab52fd60a33,Irish English,ireland,A rag will soak up spilled water.,A RAG WILL SOAK UP SPILLED WATER,b60b87e21262bc7ff364dd51c5db660f206d8042385eabe3275ffc9ef7534787
data2vec_base,suta,221,stage5ext_00887,298c0f3d5e3352df02aa3a6a7a132199f93bdccf8457a134e6133cb2cf9bc435869f9e0ed6068a4152cdd933c02fc02573e8a2d6c12bcf52810d8ab52fd60a33,Irish English,ireland,What's it all about?,WHAT'S IT ALL ABOUT,b60b87e21262bc7ff364dd51c5db660f206d8042385eabe3275ffc9ef7534787
data2vec_base,suta,221,stage5ext_00888,298c0f3d5e3352df02aa3a6a7a132199f93bdccf8457a134e6133cb2cf9bc435869f9e0ed6068a4152cdd933c02fc02573e8a2d6c12bcf52810d8ab52fd60a33,Irish English,ireland,Little strokes fell great oaks.,LITTLE STROKES FOUND GREAT OAK,b60b87e21262bc7ff364dd51c5db660f206d8042385eabe3275ffc9ef7534787
data2vec_base,suta,222,stage5ext_00889,298c0f3d5e3352df02aa3a6a7a132199f93bdccf8457a134e6133cb2cf9bc435869f9e0ed6068a4152cdd933c02fc02573e8a2d6c12bcf52810d8ab52fd60a33,Irish English,ireland,First impressions are the most lasting.,FIRST IMPRESSIONS ARE THE MOST LASTING,97d88057be3e0bf2dc3f78876848046d3780bcf41e2faa49abb77cd50f386312
data2vec_base,suta,222,stage5ext_00890,298c0f3d5e3352df02aa3a6a7a132199f93bdccf8457a134e6133cb2cf9bc435869f9e0ed6068a4152cdd933c02fc02573e8a2d6c12bcf52810d8ab52fd60a33,Irish English,ireland,So you are saying that overpopulation will become an issue?,SO YOU ARE SAYING THAT OVERPOPULATION WILL BECOME AN ISSUE,97d88057be3e0bf2dc3f78876848046d3780bcf41e2faa49abb77cd50f386312
data2vec_base,suta,222,stage5ext_00891,298c0f3d5e3352df02aa3a6a7a132199f93bdccf8457a134e6133cb2cf9bc435869f9e0ed6068a4152cdd933c02fc02573e8a2d6c12bcf52810d8ab52fd60a33,Irish English,ireland,Stop beating around the bush.,STOP BEATING AROUND THE BUSH,97d88057be3e0bf2dc3f78876848046d3780bcf41e2faa49abb77cd50f386312
data2vec_base,suta,222,stage5ext_00892,298c0f3d5e3352df02aa3a6a7a132199f93bdccf8457a134e6133cb2cf9bc435869f9e0ed6068a4152cdd933c02fc02573e8a2d6c12bcf52810d8ab52fd60a33,Irish English,ireland,The cat sat on the fence.,THE CATS SAT ON THE FENCE,97d88057be3e0bf2dc3f78876848046d3780bcf41e2faa49abb77cd50f386312
data2vec_base,suta,223,stage5ext_00893,298c0f3d5e3352df02aa3a6a7a132199f93bdccf8457a134e6133cb2cf9bc435869f9e0ed6068a4152cdd933c02fc02573e8a2d6c12bcf52810d8ab52fd60a33,Irish English,ireland,That is unlikely considering it has his name on it.,THAT IS UNLIKELY CONSIDERING IT HAS HIS NAME ON IT,d9fb28a7ca2d8cccb213b3ebbaa6211fd9ecb5f1d68493025db04aef53d8a5e7
data2vec_base,suta,223,stage5ext_00894,298c0f3d5e3352df02aa3a6a7a132199f93bdccf8457a134e6133cb2cf9bc435869f9e0ed6068a4152cdd933c02fc02573e8a2d6c12bcf52810d8ab52fd60a33,Irish English,ireland,Loop the braid to the left and then over.,LOOP THE BRID TO THE LEFT AND THEN OVER,d9fb28a7ca2d8cccb213b3ebbaa6211fd9ecb5f1d68493025db04aef53d8a5e7
data2vec_base,suta,223,stage5ext_00895,298c0f3d5e3352df02aa3a6a7a132199f93bdccf8457a134e6133cb2cf9bc435869f9e0ed6068a4152cdd933c02fc02573e8a2d6c12bcf52810d8ab52fd60a33,Irish English,ireland,Tranquillity is the first duty of citizens,TRANQUILLITY IS THE FIRST DUTY OF CITIZENS,d9fb28a7ca2d8cccb213b3ebbaa6211fd9ecb5f1d68493025db04aef53d8a5e7
data2vec_base,suta,223,stage5ext_00896,298c0f3d5e3352df02aa3a6a7a132199f93bdccf8457a134e6133cb2cf9bc435869f9e0ed6068a4152cdd933c02fc02573e8a2d6c12bcf52810d8ab52fd60a33,Irish English,ireland,"Forget it, there is no such thing.",FORGET IT THERE IS NO SUCH THING,d9fb28a7ca2d8cccb213b3ebbaa6211fd9ecb5f1d68493025db04aef53d8a5e7
data2vec_base,suta,224,stage5ext_00897,298c0f3d5e3352df02aa3a6a7a132199f93bdccf8457a134e6133cb2cf9bc435869f9e0ed6068a4152cdd933c02fc02573e8a2d6c12bcf52810d8ab52fd60a33,Irish English,ireland,The wreck occurred by the bank on Main Street.,THE WRECK OCCURRED BY THE BANK OF MAIN STREET,c1eb1c00e3024766b9ee37722d720ae132c4491aed5edf0ee43c9f5968498f05
data2vec_base,suta,224,stage5ext_00898,298c0f3d5e3352df02aa3a6a7a132199f93bdccf8457a134e6133cb2cf9bc435869f9e0ed6068a4152cdd933c02fc02573e8a2d6c12bcf52810d8ab52fd60a33,Irish English,ireland,It dribbled down the fridge.,IT DRIPPLED DOWN THE FRIGE,c1eb1c00e3024766b9ee37722d720ae132c4491aed5edf0ee43c9f5968498f05
data2vec_base,suta,224,stage5ext_00899,298c0f3d5e3352df02aa3a6a7a132199f93bdccf8457a134e6133cb2cf9bc435869f9e0ed6068a4152cdd933c02fc02573e8a2d6c12bcf52810d8ab52fd60a33,Irish English,ireland,Variations on a musical air With great rapidity,VARIATIONS ON A MUSICAL AIR WITH GREAT RAPIDITY,c1eb1c00e3024766b9ee37722d720ae132c4491aed5edf0ee43c9f5968498f05
data2vec_base,suta,224,stage5ext_00900,298c0f3d5e3352df02aa3a6a7a132199f93bdccf8457a134e6133cb2cf9bc435869f9e0ed6068a4152cdd933c02fc02573e8a2d6c12bcf52810d8ab52fd60a33,Irish English,ireland,He could not help it.,HE COULD NOT HELP IT,c1eb1c00e3024766b9ee37722d720ae132c4491aed5edf0ee43c9f5968498f05
