model_key,method,window_id,recording_id,speaker_id,group_id,stratum_code,reference_raw,hypothesis_raw,theta_hash
distil_whisper_small,no_adapt,0,stage5ext_00001,c90b53f826ff81831f6499b9e1e98607e8b2c0f8bbaf8be1bf62bf27dc7ff887bd734b9a4cee852af2d1acda3e479781d7c5a8b1633407b705905c4b5049cb35,US English,us,I got drunk yesterday and thought I built a super computer.,I got drunk yesterday and thought I built a supercomputer.,9c6ccac10fbd430bfa0be14e86fb832b0c5a9b6a0b6678295635f6d9a22ad1cb
distil_whisper_small,no_adapt,0,stage5ext_00002,c90b53f826ff81831f6499b9e1e98607e8b2c0f8bbaf8be1bf62bf27dc7ff887bd734b9a4cee852af2d1acda3e479781d7c5a8b1633407b705905c4b5049cb35,US English,us,"Every file had the letter ""A"" printed on the front.",Every file had the letter A printed in the front.,9c6ccac10fbd430bfa0be14e86fb832b0c5a9b6a0b6678295635f6d9a22ad1cb
distil_whisper_small,no_adapt,0,stage5ext_00003,c90b53f826ff81831f6499b9e1e98607e8b2c0f8bbaf8be1bf62bf27dc7ff887bd734b9a4cee852af2d1acda3e479781d7c5a8b1633407b705905c4b5049cb35,US English,us,I'm not familiar with the books this author wrote.,I'm not familiar with the books this author wrote.,9c6ccac10fbd430bfa0be14e86fb832b0c5a9b6a0b6678295635f6d9a22ad1cb
distil_whisper_small,no_adapt,0,stage5ext_00004,c90b53f826ff81831f6499b9e1e98607e8b2c0f8bbaf8be1bf62bf27dc7ff887bd734b9a4cee852af2d1acda3e479781d7c5a8b1633407b705905c4b5049cb35,US English,us,Take a couple of seconds.,Take a couple of seconds.,9c6ccac10fbd430bfa0be14e86fb832b0c5a9b6a0b6678295635f6d9a22ad1cb
distil_whisper_small,no_adapt,1,stage5ext_00005,c90b53f826ff81831f6499b9e1e98607e8b2c0f8bbaf8be1bf62bf27dc7ff887bd734b9a4cee852af2d1acda3e479781d7c5a8b1633407b705905c4b5049cb35,US English,us,But I sort of like him.,But I sort of like him.,9c6ccac10fbd430bfa0be14e86fb832b0c5a9b6a0b6678295635f6d9a22ad1cb
distil_whisper_small,no_adapt,1,stage5ext_00006,c90b53f826ff81831f6499b9e1e98607e8b2c0f8bbaf8be1bf62bf27dc7ff887bd734b9a4cee852af2d1acda3e479781d7c5a8b1633407b705905c4b5049cb35,US English,us,I'll be a monkey's uncle!,I'll be a monkey's uncle.,9c6ccac10fbd430bfa0be14e86fb832b0c5a9b6a0b6678295635f6d9a22ad1cb
distil_whisper_small,no_adapt,1,stage5ext_00007,c90b53f826ff81831f6499b9e1e98607e8b2c0f8bbaf8be1bf62bf27dc7ff887bd734b9a4cee852af2d1acda3e479781d7c5a8b1633407b705905c4b5049cb35,US English,us,Is it for further automatic processing?,Is it for further automatic processing?,9c6ccac10fbd430bfa0be14e86fb832b0c5a9b6a0b6678295635f6d9a22ad1cb
distil_whisper_small,no_adapt,1,stage5ext_00008,c90b53f826ff81831f6499b9e1e98607e8b2c0f8bbaf8be1bf62bf27dc7ff887bd734b9a4cee852af2d1acda3e479781d7c5a8b1633407b705905c4b5049cb35,US English,us,I don't like coconuts.,I don't like coconuts!,9c6ccac10fbd430bfa0be14e86fb832b0c5a9b6a0b6678295635f6d9a22ad1cb
distil_whisper_small,no_adapt,2,stage5ext_00009,c90b53f826ff81831f6499b9e1e98607e8b2c0f8bbaf8be1bf62bf27dc7ff887bd734b9a4cee852af2d1acda3e479781d7c5a8b1633407b705905c4b5049cb35,US English,us,He hunched his back and plodded through the heavy rain.,He hunched his back and plotted through the heavy rain.,9c6ccac10fbd430bfa0be14e86fb832b0c5a9b6a0b6678295635f6d9a22ad1cb
distil_whisper_small,no_adapt,2,stage5ext_00010,c90b53f826ff81831f6499b9e1e98607e8b2c0f8bbaf8be1bf62bf27dc7ff887bd734b9a4cee852af2d1acda3e479781d7c5a8b1633407b705905c4b5049cb35,US English,us,Are you running a business or a charity ward?,Are you running a business or a charity ward?,9c6ccac10fbd430bfa0be14e86fb832b0c5a9b6a0b6678295635f6d9a22ad1cb
distil_whisper_small,no_adapt,2,stage5ext_00011,c90b53f826ff81831f6499b9e1e98607e8b2c0f8bbaf8be1bf62bf27dc7ff887bd734b9a4cee852af2d1acda3e479781d7c5a8b1633407b705905c4b5049cb35,US English,us,There were lights in the upper windows of the houses when the people went to bed.,There were lights in the upper windows of the houses when the people went to bed.,9c6ccac10fbd430bfa0be14e86fb832b0c5a9b6a0b6678295635f6d9a22ad1cb
distil_whisper_small,no_adapt,2,stage5ext_00012,c90b53f826ff81831f6499b9e1e98607e8b2c0f8bbaf8be1bf62bf27dc7ff887bd734b9a4cee852af2d1acda3e479781d7c5a8b1633407b705905c4b5049cb35,US English,us,On warm days and when doing sports you should drink more.,"On warm days and when doing sports, you should drink more.",9c6ccac10fbd430bfa0be14e86fb832b0c5a9b6a0b6678295635f6d9a22ad1cb
distil_whisper_small,no_adapt,3,stage5ext_00013,c90b53f826ff81831f6499b9e1e98607e8b2c0f8bbaf8be1bf62bf27dc7ff887bd734b9a4cee852af2d1acda3e479781d7c5a8b1633407b705905c4b5049cb35,US English,us,"At once, he connected the two incidents.","At once, he connected the two incidents.",9c6ccac10fbd430bfa0be14e86fb832b0c5a9b6a0b6678295635f6d9a22ad1cb
distil_whisper_small,no_adapt,3,stage5ext_00014,c90b53f826ff81831f6499b9e1e98607e8b2c0f8bbaf8be1bf62bf27dc7ff887bd734b9a4cee852af2d1acda3e479781d7c5a8b1633407b705905c4b5049cb35,US English,us,A pox upon me for a clumsy thing.,A pux upon me for a clumsy thing.,9c6ccac10fbd430bfa0be14e86fb832b0c5a9b6a0b6678295635f6d9a22ad1cb
distil_whisper_small,no_adapt,3,stage5ext_00015,c90b53f826ff81831f6499b9e1e98607e8b2c0f8bbaf8be1bf62bf27dc7ff887bd734b9a4cee852af2d1acda3e479781d7c5a8b1633407b705905c4b5049cb35,US English,us,Are you sure that Joe case is going on next week?,Are you sure that Joe Case is going on next week?,9c6ccac10fbd430bfa0be14e86fb832b0c5a9b6a0b6678295635f6d9a22ad1cb
distil_whisper_small,no_adapt,3,stage5ext_00016,57d6c1695947f141cd774bb8c8435e7e20bc7b2a83cd78ef5db4e546fb137b56b44617942cb1a58e017af6161f63d53cdf17fa4f9dcb830bfc0518e94b214837,US English,us,"When you're at a party and somebody says ""banana bread"", a sniper might be near you.","When you are at a party and somebody says banana bread, a sniper might be near you.",9c6ccac10fbd430bfa0be14e86fb832b0c5a9b6a0b6678295635f6d9a22ad1cb
distil_whisper_small,no_adapt,4,stage5ext_00017,57d6c1695947f141cd774bb8c8435e7e20bc7b2a83cd78ef5db4e546fb137b56b44617942cb1a58e017af6161f63d53cdf17fa4f9dcb830bfc0518e94b214837,US English,us,"It was not clear who had the right of way, since the traffic lights were off.","It was not clear who had the right of way, since the traffic lights were off.",9c6ccac10fbd430bfa0be14e86fb832b0c5a9b6a0b6678295635f6d9a22ad1cb
distil_whisper_small,no_adapt,4,stage5ext_00018,57d6c1695947f141cd774bb8c8435e7e20bc7b2a83cd78ef5db4e546fb137b56b44617942cb1a58e017af6161f63d53cdf17fa4f9dcb830bfc0518e94b214837,US English,us,What did you do it for?,What did you do it for?,9c6ccac10fbd430bfa0be14e86fb832b0c5a9b6a0b6678295635f6d9a22ad1cb
distil_whisper_small,no_adapt,4,stage5ext_00019,57d6c1695947f141cd774bb8c8435e7e20bc7b2a83cd78ef5db4e546fb137b56b44617942cb1a58e017af6161f63d53cdf17fa4f9dcb830bfc0518e94b214837,US English,us,"James Watt didn't invent the steam engine, but he improved it significantly.",Hamas what didn't invent the steam engine but improved it significantly.,9c6ccac10fbd430bfa0be14e86fb832b0c5a9b6a0b6678295635f6d9a22ad1cb
distil_whisper_small,no_adapt,4,stage5ext_00020,57d6c1695947f141cd774bb8c8435e7e20bc7b2a83cd78ef5db4e546fb137b56b44617942cb1a58e017af6161f63d53cdf17fa4f9dcb830bfc0518e94b214837,US English,us,"When he got the call, Ali ran out of the store, down the street, and into the car.","When he got the call, Allea ran out of the store down the street and into the car.",9c6ccac10fbd430bfa0be14e86fb832b0c5a9b6a0b6678295635f6d9a22ad1cb
distil_whisper_small,no_adapt,5,stage5ext_00021,57d6c1695947f141cd774bb8c8435e7e20bc7b2a83cd78ef5db4e546fb137b56b44617942cb1a58e017af6161f63d53cdf17fa4f9dcb830bfc0518e94b214837,US English,us,What has become of him?,What has become a fame?,9c6ccac10fbd430bfa0be14e86fb832b0c5a9b6a0b6678295635f6d9a22ad1cb
distil_whisper_small,no_adapt,5,stage5ext_00022,57d6c1695947f141cd774bb8c8435e7e20bc7b2a83cd78ef5db4e546fb137b56b44617942cb1a58e017af6161f63d53cdf17fa4f9dcb830bfc0518e94b214837,US English,us,"After the dance, they went straight home.","After the dance, they went straight home.",9c6ccac10fbd430bfa0be14e86fb832b0c5a9b6a0b6678295635f6d9a22ad1cb
distil_whisper_small,no_adapt,5,stage5ext_00023,57d6c1695947f141cd774bb8c8435e7e20bc7b2a83cd78ef5db4e546fb137b56b44617942cb1a58e017af6161f63d53cdf17fa4f9dcb830bfc0518e94b214837,US English,us,"Jellyfish can cause serious injuries, the physician explained to the patient.",Gelefish can cause serious injuries. The physician explained to the patient.,9c6ccac10fbd430bfa0be14e86fb832b0c5a9b6a0b6678295635f6d9a22ad1cb
distil_whisper_small,no_adapt,5,stage5ext_00024,57d6c1695947f141cd774bb8c8435e7e20bc7b2a83cd78ef5db4e546fb137b56b44617942cb1a58e017af6161f63d53cdf17fa4f9dcb830bfc0518e94b214837,US English,us,"Writing, the best memory.","Writing, the best memory.",9c6ccac10fbd430bfa0be14e86fb832b0c5a9b6a0b6678295635f6d9a22ad1cb
distil_whisper_small,no_adapt,6,stage5ext_00025,57d6c1695947f141cd774bb8c8435e7e20bc7b2a83cd78ef5db4e546fb137b56b44617942cb1a58e017af6161f63d53cdf17fa4f9dcb830bfc0518e94b214837,US English,us,What does she say?,What does she say?,9c6ccac10fbd430bfa0be14e86fb832b0c5a9b6a0b6678295635f6d9a22ad1cb
distil_whisper_small,no_adapt,6,stage5ext_00026,57d6c1695947f141cd774bb8c8435e7e20bc7b2a83cd78ef5db4e546fb137b56b44617942cb1a58e017af6161f63d53cdf17fa4f9dcb830bfc0518e94b214837,US English,us,What do you want of me?,What do you want of me?,9c6ccac10fbd430bfa0be14e86fb832b0c5a9b6a0b6678295635f6d9a22ad1cb
distil_whisper_small,no_adapt,6,stage5ext_00027,57d6c1695947f141cd774bb8c8435e7e20bc7b2a83cd78ef5db4e546fb137b56b44617942cb1a58e017af6161f63d53cdf17fa4f9dcb830bfc0518e94b214837,US English,us,Why do people even eat peanut butter and jelly?,Why do people even eat peanut butter and jelly?,9c6ccac10fbd430bfa0be14e86fb832b0c5a9b6a0b6678295635f6d9a22ad1cb
distil_whisper_small,no_adapt,6,stage5ext_00028,57d6c1695947f141cd774bb8c8435e7e20bc7b2a83cd78ef5db4e546fb137b56b44617942cb1a58e017af6161f63d53cdf17fa4f9dcb830bfc0518e94b214837,US English,us,But what can I do?,But what can I do?,9c6ccac10fbd430bfa0be14e86fb832b0c5a9b6a0b6678295635f6d9a22ad1cb
distil_whisper_small,no_adapt,7,stage5ext_00029,57d6c1695947f141cd774bb8c8435e7e20bc7b2a83cd78ef5db4e546fb137b56b44617942cb1a58e017af6161f63d53cdf17fa4f9dcb830bfc0518e94b214837,US English,us,What is the meaning of this?,What is the meaning of this?,9c6ccac10fbd430bfa0be14e86fb832b0c5a9b6a0b6678295635f6d9a22ad1cb
distil_whisper_small,no_adapt,7,stage5ext_00030,57d6c1695947f141cd774bb8c8435e7e20bc7b2a83cd78ef5db4e546fb137b56b44617942cb1a58e017af6161f63d53cdf17fa4f9dcb830bfc0518e94b214837,US English,us,What does he look like?,What does he look like?,9c6ccac10fbd430bfa0be14e86fb832b0c5a9b6a0b6678295635f6d9a22ad1cb
distil_whisper_small,no_adapt,7,stage5ext_00031,d477a12247cce9a9c0954e6ee3ae16aed2930112fa26700f19af15658b5c71e2dc818d72e0034c8181da642cabf8f6c15f4d900b88bcab83d583944934f4c237,US English,us,Albert's rule was characterised by dissent.,Albert Rule was characterized by dissent.,9c6ccac10fbd430bfa0be14e86fb832b0c5a9b6a0b6678295635f6d9a22ad1cb
distil_whisper_small,no_adapt,7,stage5ext_00032,d477a12247cce9a9c0954e6ee3ae16aed2930112fa26700f19af15658b5c71e2dc818d72e0034c8181da642cabf8f6c15f4d900b88bcab83d583944934f4c237,US English,us,Because of Jesus' command to his disciples to Do this in remembrance of me.,"Because of Jesus' command to His disciples, to do this in remembrance of me.",9c6ccac10fbd430bfa0be14e86fb832b0c5a9b6a0b6678295635f6d9a22ad1cb
distil_whisper_small,no_adapt,8,stage5ext_00033,d477a12247cce9a9c0954e6ee3ae16aed2930112fa26700f19af15658b5c71e2dc818d72e0034c8181da642cabf8f6c15f4d900b88bcab83d583944934f4c237,US English,us,"Adkins contributed to numerous other fan publications, including ""Amra"", ""Vega"" and ""Xero"".","Adkins contributed to numerous other fan publications including Amra, Vega, and Zero.",9c6ccac10fbd430bfa0be14e86fb832b0c5a9b6a0b6678295635f6d9a22ad1cb
distil_whisper_small,no_adapt,8,stage5ext_00034,d477a12247cce9a9c0954e6ee3ae16aed2930112fa26700f19af15658b5c71e2dc818d72e0034c8181da642cabf8f6c15f4d900b88bcab83d583944934f4c237,US English,us,The film image at this section of the newsreel is that of Hitler.,The film image at this section of the newsreel is that of Hitler.,9c6ccac10fbd430bfa0be14e86fb832b0c5a9b6a0b6678295635f6d9a22ad1cb
distil_whisper_small,no_adapt,8,stage5ext_00035,d477a12247cce9a9c0954e6ee3ae16aed2930112fa26700f19af15658b5c71e2dc818d72e0034c8181da642cabf8f6c15f4d900b88bcab83d583944934f4c237,US English,us,One of the company's early cars was the Pittsburgher.,One of the company's early cars was the Pittsburgh.,9c6ccac10fbd430bfa0be14e86fb832b0c5a9b6a0b6678295635f6d9a22ad1cb
distil_whisper_small,no_adapt,8,stage5ext_00036,d477a12247cce9a9c0954e6ee3ae16aed2930112fa26700f19af15658b5c71e2dc818d72e0034c8181da642cabf8f6c15f4d900b88bcab83d583944934f4c237,US English,us,"Compare also Philo, Leg.","Compare also Philo, leg.",9c6ccac10fbd430bfa0be14e86fb832b0c5a9b6a0b6678295635f6d9a22ad1cb
distil_whisper_small,no_adapt,9,stage5ext_00037,d477a12247cce9a9c0954e6ee3ae16aed2930112fa26700f19af15658b5c71e2dc818d72e0034c8181da642cabf8f6c15f4d900b88bcab83d583944934f4c237,US English,us,"Sir Charles Beaumont Phipps and his third, Edmund Phipps, a lawyer and author.","Sir Charles Beaumont Phipps and his third, Edmund Phipps, a lawyer and author.",9c6ccac10fbd430bfa0be14e86fb832b0c5a9b6a0b6678295635f6d9a22ad1cb
distil_whisper_small,no_adapt,9,stage5ext_00038,d477a12247cce9a9c0954e6ee3ae16aed2930112fa26700f19af15658b5c71e2dc818d72e0034c8181da642cabf8f6c15f4d900b88bcab83d583944934f4c237,US English,us,Just behind the church is the old bridge.,Just behind the church is the old bridge.,9c6ccac10fbd430bfa0be14e86fb832b0c5a9b6a0b6678295635f6d9a22ad1cb
distil_whisper_small,no_adapt,9,stage5ext_00039,d477a12247cce9a9c0954e6ee3ae16aed2930112fa26700f19af15658b5c71e2dc818d72e0034c8181da642cabf8f6c15f4d900b88bcab83d583944934f4c237,US English,us,This feature forces parasitologists to use advanced biostatistical methodologies.,This feature forces parasiteologists to use advanced biostatistical methodologies.,9c6ccac10fbd430bfa0be14e86fb832b0c5a9b6a0b6678295635f6d9a22ad1cb
distil_whisper_small,no_adapt,9,stage5ext_00040,d477a12247cce9a9c0954e6ee3ae16aed2930112fa26700f19af15658b5c71e2dc818d72e0034c8181da642cabf8f6c15f4d900b88bcab83d583944934f4c237,US English,us,Dairy farming is an important industry in the area.,Dairy farming is an important industry in the area.,9c6ccac10fbd430bfa0be14e86fb832b0c5a9b6a0b6678295635f6d9a22ad1cb
distil_whisper_small,no_adapt,10,stage5ext_00041,d477a12247cce9a9c0954e6ee3ae16aed2930112fa26700f19af15658b5c71e2dc818d72e0034c8181da642cabf8f6c15f4d900b88bcab83d583944934f4c237,US English,us,Sagan's number is the number of stars in the observable universe.,Sagan's number is the number of stars in the observable universe.,9c6ccac10fbd430bfa0be14e86fb832b0c5a9b6a0b6678295635f6d9a22ad1cb
distil_whisper_small,no_adapt,10,stage5ext_00042,d477a12247cce9a9c0954e6ee3ae16aed2930112fa26700f19af15658b5c71e2dc818d72e0034c8181da642cabf8f6c15f4d900b88bcab83d583944934f4c237,US English,us,He went to Providence Elementary and Webster County High School.,He went to Providence Elementary at Webster County High School.,9c6ccac10fbd430bfa0be14e86fb832b0c5a9b6a0b6678295635f6d9a22ad1cb
distil_whisper_small,no_adapt,10,stage5ext_00043,d477a12247cce9a9c0954e6ee3ae16aed2930112fa26700f19af15658b5c71e2dc818d72e0034c8181da642cabf8f6c15f4d900b88bcab83d583944934f4c237,US English,us,Doctor Rodd received her Ph.D. in Biology from York University in Toronto.,Dr. Rod received her PhD in biology from York University in Toronto.,9c6ccac10fbd430bfa0be14e86fb832b0c5a9b6a0b6678295635f6d9a22ad1cb
distil_whisper_small,no_adapt,10,stage5ext_00044,d477a12247cce9a9c0954e6ee3ae16aed2930112fa26700f19af15658b5c71e2dc818d72e0034c8181da642cabf8f6c15f4d900b88bcab83d583944934f4c237,US English,us,One of the largest was Starodubaka.,One of the largest was Staro Dubaka.,9c6ccac10fbd430bfa0be14e86fb832b0c5a9b6a0b6678295635f6d9a22ad1cb
distil_whisper_small,no_adapt,11,stage5ext_00045,d477a12247cce9a9c0954e6ee3ae16aed2930112fa26700f19af15658b5c71e2dc818d72e0034c8181da642cabf8f6c15f4d900b88bcab83d583944934f4c237,US English,us,It is based on the concept of 'equivalence'.,It is based on the concept of equivalence.,9c6ccac10fbd430bfa0be14e86fb832b0c5a9b6a0b6678295635f6d9a22ad1cb
distil_whisper_small,no_adapt,11,stage5ext_00046,afd10118899991b7e4af3edddf0c749daf768b6669e68c04c2827d572d39771015c17ec7fd8143657ba077a731375c6fa34f2012588f8cb1b78d923a01178ac7,US English,us,"Excerpts were also printed in the ""Wall Street Journal"".",Excerpts were also printed in the law school room.,9c6ccac10fbd430bfa0be14e86fb832b0c5a9b6a0b6678295635f6d9a22ad1cb
distil_whisper_small,no_adapt,11,stage5ext_00047,afd10118899991b7e4af3edddf0c749daf768b6669e68c04c2827d572d39771015c17ec7fd8143657ba077a731375c6fa34f2012588f8cb1b78d923a01178ac7,US English,us,She also sits on the Board of Directors for the Canada West Foundation.,They also took from the board of directors for the Canada West Foundation.,9c6ccac10fbd430bfa0be14e86fb832b0c5a9b6a0b6678295635f6d9a22ad1cb
distil_whisper_small,no_adapt,11,stage5ext_00048,afd10118899991b7e4af3edddf0c749daf768b6669e68c04c2827d572d39771015c17ec7fd8143657ba077a731375c6fa34f2012588f8cb1b78d923a01178ac7,US English,us,"Like other opioid drugs, pethidine has the potential to cause physical dependence or addiction.","Like other opioid drugs, asciding has the potential to cause physical dependence or addiction.",9c6ccac10fbd430bfa0be14e86fb832b0c5a9b6a0b6678295635f6d9a22ad1cb
distil_whisper_small,no_adapt,12,stage5ext_00049,afd10118899991b7e4af3edddf0c749daf768b6669e68c04c2827d572d39771015c17ec7fd8143657ba077a731375c6fa34f2012588f8cb1b78d923a01178ac7,US English,us,"He was interested in sciences, and had a sizable library.",She is interested in sciences and has a size of a library.,9c6ccac10fbd430bfa0be14e86fb832b0c5a9b6a0b6678295635f6d9a22ad1cb
distil_whisper_small,no_adapt,12,stage5ext_00050,afd10118899991b7e4af3edddf0c749daf768b6669e68c04c2827d572d39771015c17ec7fd8143657ba077a731375c6fa34f2012588f8cb1b78d923a01178ac7,US English,us,The addition would become known on-air as Television Park.,The addition would become known on air as television park.,9c6ccac10fbd430bfa0be14e86fb832b0c5a9b6a0b6678295635f6d9a22ad1cb
distil_whisper_small,no_adapt,12,stage5ext_00051,afd10118899991b7e4af3edddf0c749daf768b6669e68c04c2827d572d39771015c17ec7fd8143657ba077a731375c6fa34f2012588f8cb1b78d923a01178ac7,US English,us,"However, molecular studies separate ""Gromia"" from the others, which must therefore be renamed.","However, molecules that will separate glomia from the others, which must therefore be removed.",9c6ccac10fbd430bfa0be14e86fb832b0c5a9b6a0b6678295635f6d9a22ad1cb
distil_whisper_small,no_adapt,12,stage5ext_00052,afd10118899991b7e4af3edddf0c749daf768b6669e68c04c2827d572d39771015c17ec7fd8143657ba077a731375c6fa34f2012588f8cb1b78d923a01178ac7,US English,us,It was named for the Dakota people.,It was named for the Dakota people.,9c6ccac10fbd430bfa0be14e86fb832b0c5a9b6a0b6678295635f6d9a22ad1cb
distil_whisper_small,no_adapt,13,stage5ext_00053,afd10118899991b7e4af3edddf0c749daf768b6669e68c04c2827d572d39771015c17ec7fd8143657ba077a731375c6fa34f2012588f8cb1b78d923a01178ac7,US English,us,"The song is featured on the live album ""Live Killers"".","The song is featured on the live album, Live Killers.",9c6ccac10fbd430bfa0be14e86fb832b0c5a9b6a0b6678295635f6d9a22ad1cb
distil_whisper_small,no_adapt,13,stage5ext_00054,afd10118899991b7e4af3edddf0c749daf768b6669e68c04c2827d572d39771015c17ec7fd8143657ba077a731375c6fa34f2012588f8cb1b78d923a01178ac7,US English,us,"On some folios, the differing colors of ink are arranged to form geometric patterns.","On some folios, the differing colors of ink are arranged to form geometric patterns.",9c6ccac10fbd430bfa0be14e86fb832b0c5a9b6a0b6678295635f6d9a22ad1cb
distil_whisper_small,no_adapt,13,stage5ext_00055,afd10118899991b7e4af3edddf0c749daf768b6669e68c04c2827d572d39771015c17ec7fd8143657ba077a731375c6fa34f2012588f8cb1b78d923a01178ac7,US English,us,This handy percussion instrument is very similar to the pan-Indian damaru.,This handy percussion instrument is very similar to the Pan-Indian damaru.,9c6ccac10fbd430bfa0be14e86fb832b0c5a9b6a0b6678295635f6d9a22ad1cb
distil_whisper_small,no_adapt,13,stage5ext_00056,afd10118899991b7e4af3edddf0c749daf768b6669e68c04c2827d572d39771015c17ec7fd8143657ba077a731375c6fa34f2012588f8cb1b78d923a01178ac7,US English,us,The Louisville Cardinal serves as an outlet and learning experience for aspiring journalists.,The legal cardinals showed an outlet in running experience with firing during.,9c6ccac10fbd430bfa0be14e86fb832b0c5a9b6a0b6678295635f6d9a22ad1cb
distil_whisper_small,no_adapt,14,stage5ext_00057,afd10118899991b7e4af3edddf0c749daf768b6669e68c04c2827d572d39771015c17ec7fd8143657ba077a731375c6fa34f2012588f8cb1b78d923a01178ac7,US English,us,A distinctive feature of the system was support for Coaching.,Public and the future of the system support the culture.,9c6ccac10fbd430bfa0be14e86fb832b0c5a9b6a0b6678295635f6d9a22ad1cb
distil_whisper_small,no_adapt,14,stage5ext_00058,afd10118899991b7e4af3edddf0c749daf768b6669e68c04c2827d572d39771015c17ec7fd8143657ba077a731375c6fa34f2012588f8cb1b78d923a01178ac7,US English,us,There was no heroism and no villainy.,There was no fuel within another one.,9c6ccac10fbd430bfa0be14e86fb832b0c5a9b6a0b6678295635f6d9a22ad1cb
distil_whisper_small,no_adapt,14,stage5ext_00059,afd10118899991b7e4af3edddf0c749daf768b6669e68c04c2827d572d39771015c17ec7fd8143657ba077a731375c6fa34f2012588f8cb1b78d923a01178ac7,US English,us,Ground was broken for Saint Ann's Church in New Galilee.,Ground was broken for St. Anne's Church in New Galilee.,9c6ccac10fbd430bfa0be14e86fb832b0c5a9b6a0b6678295635f6d9a22ad1cb
distil_whisper_small,no_adapt,14,stage5ext_00060,afd10118899991b7e4af3edddf0c749daf768b6669e68c04c2827d572d39771015c17ec7fd8143657ba077a731375c6fa34f2012588f8cb1b78d923a01178ac7,US English,us,To the east is the statue of King Norodom sits on a white horse.,To the east is the statue of King Norodom sits on a white horse.,9c6ccac10fbd430bfa0be14e86fb832b0c5a9b6a0b6678295635f6d9a22ad1cb
distil_whisper_small,no_adapt,15,stage5ext_00061,264ab06df2796194c32a09afcb46bc2cbad9165d564f7d08af3b830436d4b292cec680793da0f1fea42128c902e8f92ba59717fcaa074c604a2bae440800743b,US English,us,There can also be underlying medical reasons for urinary incontinence which are often treatable.,There can also be underlying medical reasons for urinary incontinence which are often treatable.,9c6ccac10fbd430bfa0be14e86fb832b0c5a9b6a0b6678295635f6d9a22ad1cb
distil_whisper_small,no_adapt,15,stage5ext_00062,264ab06df2796194c32a09afcb46bc2cbad9165d564f7d08af3b830436d4b292cec680793da0f1fea42128c902e8f92ba59717fcaa074c604a2bae440800743b,US English,us,PubChem consists of three dynamically growing primary databases.,PubChem consists of three dynamically growing primary databases.,9c6ccac10fbd430bfa0be14e86fb832b0c5a9b6a0b6678295635f6d9a22ad1cb
distil_whisper_small,no_adapt,15,stage5ext_00063,264ab06df2796194c32a09afcb46bc2cbad9165d564f7d08af3b830436d4b292cec680793da0f1fea42128c902e8f92ba59717fcaa074c604a2bae440800743b,US English,us,"Europe, in particular ancient Greece, was the birthplace of Western civilization.","Europe, in particular ancient Greece, was the birthplace of Western civilization.",9c6ccac10fbd430bfa0be14e86fb832b0c5a9b6a0b6678295635f6d9a22ad1cb
distil_whisper_small,no_adapt,15,stage5ext_00064,264ab06df2796194c32a09afcb46bc2cbad9165d564f7d08af3b830436d4b292cec680793da0f1fea42128c902e8f92ba59717fcaa074c604a2bae440800743b,US English,us,It originally went through unincorporated small comminities such as Leslie and Arat.,It originally went through unincorporated small communities such as Lidley and Arat.,9c6ccac10fbd430bfa0be14e86fb832b0c5a9b6a0b6678295635f6d9a22ad1cb
distil_whisper_small,no_adapt,16,stage5ext_00065,264ab06df2796194c32a09afcb46bc2cbad9165d564f7d08af3b830436d4b292cec680793da0f1fea42128c902e8f92ba59717fcaa074c604a2bae440800743b,US English,us,A self-homeomorphism is a homeomorphism of a topological space and itself.,A self-homomorphism is a homomorphism of a topological space and itself.,9c6ccac10fbd430bfa0be14e86fb832b0c5a9b6a0b6678295635f6d9a22ad1cb
distil_whisper_small,no_adapt,16,stage5ext_00066,264ab06df2796194c32a09afcb46bc2cbad9165d564f7d08af3b830436d4b292cec680793da0f1fea42128c902e8f92ba59717fcaa074c604a2bae440800743b,US English,us,"Since that time, additional relationships have formed under the auspices of the town connection.",Since that time additional relationships have formed under the auspices of the town connection.,9c6ccac10fbd430bfa0be14e86fb832b0c5a9b6a0b6678295635f6d9a22ad1cb
distil_whisper_small,no_adapt,16,stage5ext_00067,264ab06df2796194c32a09afcb46bc2cbad9165d564f7d08af3b830436d4b292cec680793da0f1fea42128c902e8f92ba59717fcaa074c604a2bae440800743b,US English,us,Local humane societies across the nation resisted.,Local humane societies across the nation resisted.,9c6ccac10fbd430bfa0be14e86fb832b0c5a9b6a0b6678295635f6d9a22ad1cb
distil_whisper_small,no_adapt,16,stage5ext_00068,264ab06df2796194c32a09afcb46bc2cbad9165d564f7d08af3b830436d4b292cec680793da0f1fea42128c902e8f92ba59717fcaa074c604a2bae440800743b,US English,us,"It specializes in care for stroke, cardiac and amputees patients needing rehabilitation needs.","It specializes in care for stroke, cardiac, and amputees patients needing rehabilitation needs.",9c6ccac10fbd430bfa0be14e86fb832b0c5a9b6a0b6678295635f6d9a22ad1cb
distil_whisper_small,no_adapt,17,stage5ext_00069,264ab06df2796194c32a09afcb46bc2cbad9165d564f7d08af3b830436d4b292cec680793da0f1fea42128c902e8f92ba59717fcaa074c604a2bae440800743b,US English,us,"“It’s extremely interesting,” Anne told Deborah.","It's extremely interesting, Anne told Deborah.",9c6ccac10fbd430bfa0be14e86fb832b0c5a9b6a0b6678295635f6d9a22ad1cb
distil_whisper_small,no_adapt,17,stage5ext_00070,264ab06df2796194c32a09afcb46bc2cbad9165d564f7d08af3b830436d4b292cec680793da0f1fea42128c902e8f92ba59717fcaa074c604a2bae440800743b,US English,us,Grangeville enjoys close access to scenic and wildlife areas.,Grangeville enjoys close access to scenic and wildlife areas.,9c6ccac10fbd430bfa0be14e86fb832b0c5a9b6a0b6678295635f6d9a22ad1cb
distil_whisper_small,no_adapt,17,stage5ext_00071,264ab06df2796194c32a09afcb46bc2cbad9165d564f7d08af3b830436d4b292cec680793da0f1fea42128c902e8f92ba59717fcaa074c604a2bae440800743b,US English,us,He discovered that this was not the case.,He discovered that this was not the case.,9c6ccac10fbd430bfa0be14e86fb832b0c5a9b6a0b6678295635f6d9a22ad1cb
distil_whisper_small,no_adapt,17,stage5ext_00072,264ab06df2796194c32a09afcb46bc2cbad9165d564f7d08af3b830436d4b292cec680793da0f1fea42128c902e8f92ba59717fcaa074c604a2bae440800743b,US English,us,There are four communities in Denmark with the same name.,There are four communities in Denmark with the same name.,9c6ccac10fbd430bfa0be14e86fb832b0c5a9b6a0b6678295635f6d9a22ad1cb
distil_whisper_small,no_adapt,18,stage5ext_00073,264ab06df2796194c32a09afcb46bc2cbad9165d564f7d08af3b830436d4b292cec680793da0f1fea42128c902e8f92ba59717fcaa074c604a2bae440800743b,US English,us,He plays all three outfield positions.,He plays all three outfield positions.,9c6ccac10fbd430bfa0be14e86fb832b0c5a9b6a0b6678295635f6d9a22ad1cb
distil_whisper_small,no_adapt,18,stage5ext_00074,264ab06df2796194c32a09afcb46bc2cbad9165d564f7d08af3b830436d4b292cec680793da0f1fea42128c902e8f92ba59717fcaa074c604a2bae440800743b,US English,us,But supplies are almost nonexistent at the Checkmate base.,But supplies are almost non-existent at the checkmate base.,9c6ccac10fbd430bfa0be14e86fb832b0c5a9b6a0b6678295635f6d9a22ad1cb
distil_whisper_small,no_adapt,18,stage5ext_00075,264ab06df2796194c32a09afcb46bc2cbad9165d564f7d08af3b830436d4b292cec680793da0f1fea42128c902e8f92ba59717fcaa074c604a2bae440800743b,US English,us,"The section ""Of the Executive Power"" declared the powers of the executive power.",The section of the executive power declared the powers of the executive power.,9c6ccac10fbd430bfa0be14e86fb832b0c5a9b6a0b6678295635f6d9a22ad1cb
distil_whisper_small,no_adapt,18,stage5ext_00076,77600d1ea840721bc62cd5a1444822538c380c4255c3bb966d35e4c71344e0691303c4add4223e9fe842b24d65e08ae2e99c956f4acb898bff34adad75171112,US English,us,It is exacerbating inequalities.,It is exacerbating inequalities.,9c6ccac10fbd430bfa0be14e86fb832b0c5a9b6a0b6678295635f6d9a22ad1cb
distil_whisper_small,no_adapt,19,stage5ext_00077,77600d1ea840721bc62cd5a1444822538c380c4255c3bb966d35e4c71344e0691303c4add4223e9fe842b24d65e08ae2e99c956f4acb898bff34adad75171112,US English,us,"Large numbers came from other countries of Latin America from Mexico to Uruguay, esp.","Large numbers came from other countries of Latin America, from Mexico to Uruguay, Espa.",9c6ccac10fbd430bfa0be14e86fb832b0c5a9b6a0b6678295635f6d9a22ad1cb
distil_whisper_small,no_adapt,19,stage5ext_00078,77600d1ea840721bc62cd5a1444822538c380c4255c3bb966d35e4c71344e0691303c4add4223e9fe842b24d65e08ae2e99c956f4acb898bff34adad75171112,US English,us,A pond's condition deteriorates when the bottom environment cannot support animal life.,A pawn's condition deteriorates when the bottom environment cannot support animal life.,9c6ccac10fbd430bfa0be14e86fb832b0c5a9b6a0b6678295635f6d9a22ad1cb
distil_whisper_small,no_adapt,19,stage5ext_00079,77600d1ea840721bc62cd5a1444822538c380c4255c3bb966d35e4c71344e0691303c4add4223e9fe842b24d65e08ae2e99c956f4acb898bff34adad75171112,US English,us,The Chiemsee is located in the west of the district.,The Chem Sea is located in the west of the district.,9c6ccac10fbd430bfa0be14e86fb832b0c5a9b6a0b6678295635f6d9a22ad1cb
distil_whisper_small,no_adapt,19,stage5ext_00080,77600d1ea840721bc62cd5a1444822538c380c4255c3bb966d35e4c71344e0691303c4add4223e9fe842b24d65e08ae2e99c956f4acb898bff34adad75171112,US English,us,She was the daughter of Timothy and Ellen Noonan.,She was the daughter of Timothy and Ellen Noonan.,9c6ccac10fbd430bfa0be14e86fb832b0c5a9b6a0b6678295635f6d9a22ad1cb
distil_whisper_small,no_adapt,20,stage5ext_00081,77600d1ea840721bc62cd5a1444822538c380c4255c3bb966d35e4c71344e0691303c4add4223e9fe842b24d65e08ae2e99c956f4acb898bff34adad75171112,US English,us,"Collingwood was born in Britain but grew up in Sellersville, Pennsylvania.","Collingwood was born in Britain but grew up in Sellersville, Pennsylvania.",9c6ccac10fbd430bfa0be14e86fb832b0c5a9b6a0b6678295635f6d9a22ad1cb
distil_whisper_small,no_adapt,20,stage5ext_00082,77600d1ea840721bc62cd5a1444822538c380c4255c3bb966d35e4c71344e0691303c4add4223e9fe842b24d65e08ae2e99c956f4acb898bff34adad75171112,US English,us,It is also the language of most of the manuscripts of Welsh law.,It is also the language of most of the manuscripts of Welsh law.,9c6ccac10fbd430bfa0be14e86fb832b0c5a9b6a0b6678295635f6d9a22ad1cb
distil_whisper_small,no_adapt,20,stage5ext_00083,77600d1ea840721bc62cd5a1444822538c380c4255c3bb966d35e4c71344e0691303c4add4223e9fe842b24d65e08ae2e99c956f4acb898bff34adad75171112,US English,us,"He was educated at Emanuel School, the University of Southampton and University of Warwick.","He was educated at the Manuel School, the University of Southampton and University of Warwick.",9c6ccac10fbd430bfa0be14e86fb832b0c5a9b6a0b6678295635f6d9a22ad1cb
distil_whisper_small,no_adapt,20,stage5ext_00084,77600d1ea840721bc62cd5a1444822538c380c4255c3bb966d35e4c71344e0691303c4add4223e9fe842b24d65e08ae2e99c956f4acb898bff34adad75171112,US English,us,He introduced cushion seats in all unreserved compartments.,He introduced cushion seats in all unreserved compartments.,9c6ccac10fbd430bfa0be14e86fb832b0c5a9b6a0b6678295635f6d9a22ad1cb
distil_whisper_small,no_adapt,21,stage5ext_00085,77600d1ea840721bc62cd5a1444822538c380c4255c3bb966d35e4c71344e0691303c4add4223e9fe842b24d65e08ae2e99c956f4acb898bff34adad75171112,US English,us,It developed from the Pugwash Conferences on Science and World Affairs.,It developed from the Pugwash conferences on science and world affairs.,9c6ccac10fbd430bfa0be14e86fb832b0c5a9b6a0b6678295635f6d9a22ad1cb
distil_whisper_small,no_adapt,21,stage5ext_00086,77600d1ea840721bc62cd5a1444822538c380c4255c3bb966d35e4c71344e0691303c4add4223e9fe842b24d65e08ae2e99c956f4acb898bff34adad75171112,US English,us,"He has written seven Phillip Mercer books in the series, beginning with ""Vulcan's Forge"".","He has written seven Philip Mercer books in the series, beginning with Vulcan's Forge.",9c6ccac10fbd430bfa0be14e86fb832b0c5a9b6a0b6678295635f6d9a22ad1cb
distil_whisper_small,no_adapt,21,stage5ext_00087,77600d1ea840721bc62cd5a1444822538c380c4255c3bb966d35e4c71344e0691303c4add4223e9fe842b24d65e08ae2e99c956f4acb898bff34adad75171112,US English,us,"Like most other light jets, the Mustang is approved for single-pilot operation.","Like most other light jets, the Mustang is approved for single pilot operation.",9c6ccac10fbd430bfa0be14e86fb832b0c5a9b6a0b6678295635f6d9a22ad1cb
distil_whisper_small,no_adapt,21,stage5ext_00088,77600d1ea840721bc62cd5a1444822538c380c4255c3bb966d35e4c71344e0691303c4add4223e9fe842b24d65e08ae2e99c956f4acb898bff34adad75171112,US English,us,This is true for moduli of curves.,This is true for moduli of curves.,9c6ccac10fbd430bfa0be14e86fb832b0c5a9b6a0b6678295635f6d9a22ad1cb
distil_whisper_small,no_adapt,22,stage5ext_00089,77600d1ea840721bc62cd5a1444822538c380c4255c3bb966d35e4c71344e0691303c4add4223e9fe842b24d65e08ae2e99c956f4acb898bff34adad75171112,US English,us,"They were the sons of Frederick Law Olmsted, renowned architect of Central Park.","They were the sons of Frederick Law Olmsted, renowned architect of Central Park.",9c6ccac10fbd430bfa0be14e86fb832b0c5a9b6a0b6678295635f6d9a22ad1cb
distil_whisper_small,no_adapt,22,stage5ext_00090,77600d1ea840721bc62cd5a1444822538c380c4255c3bb966d35e4c71344e0691303c4add4223e9fe842b24d65e08ae2e99c956f4acb898bff34adad75171112,US English,us,The voltage stability depends on the gas pressure.,The voltage stability depends on the gas pressure.,9c6ccac10fbd430bfa0be14e86fb832b0c5a9b6a0b6678295635f6d9a22ad1cb
distil_whisper_small,no_adapt,22,stage5ext_00091,9f2c0b36708a80b9aba1604061b45c02ab3d559f33122d380b4f16df7ee264228b8ed084cc75539159c501c042dcd878c793f3c16eaf1b5d9a110cad98fa0a9e,US English,us,Empress Elizabeth sent him to Kiev to realize Rastrelli's design of Saint Andrew Church.,Empress Elizabeth sent him to pee to realize the sorellies to the design of St. Andrew Church.,9c6ccac10fbd430bfa0be14e86fb832b0c5a9b6a0b6678295635f6d9a22ad1cb
distil_whisper_small,no_adapt,22,stage5ext_00092,9f2c0b36708a80b9aba1604061b45c02ab3d559f33122d380b4f16df7ee264228b8ed084cc75539159c501c042dcd878c793f3c16eaf1b5d9a110cad98fa0a9e,US English,us,Caulfield offers students a wide range of subjects in its academic curriculum.,Callfield offers students a wide range of subjects in its academic curriculum.,9c6ccac10fbd430bfa0be14e86fb832b0c5a9b6a0b6678295635f6d9a22ad1cb
distil_whisper_small,no_adapt,23,stage5ext_00093,9f2c0b36708a80b9aba1604061b45c02ab3d559f33122d380b4f16df7ee264228b8ed084cc75539159c501c042dcd878c793f3c16eaf1b5d9a110cad98fa0a9e,US English,us,It is often used at the end of clauses or verses.,It is also used at the end of clauses or verses.,9c6ccac10fbd430bfa0be14e86fb832b0c5a9b6a0b6678295635f6d9a22ad1cb
distil_whisper_small,no_adapt,23,stage5ext_00094,9f2c0b36708a80b9aba1604061b45c02ab3d559f33122d380b4f16df7ee264228b8ed084cc75539159c501c042dcd878c793f3c16eaf1b5d9a110cad98fa0a9e,US English,us,"Gardner was born in Batavia, New York.","Gardner was born in Natavia, New York.",9c6ccac10fbd430bfa0be14e86fb832b0c5a9b6a0b6678295635f6d9a22ad1cb
distil_whisper_small,no_adapt,23,stage5ext_00095,9f2c0b36708a80b9aba1604061b45c02ab3d559f33122d380b4f16df7ee264228b8ed084cc75539159c501c042dcd878c793f3c16eaf1b5d9a110cad98fa0a9e,US English,us,It is located where the Piankatank River feeds into the Chesapeake Bay.,It is located where the Pien-Kithang River feeds the Chesapeake Bay.,9c6ccac10fbd430bfa0be14e86fb832b0c5a9b6a0b6678295635f6d9a22ad1cb
distil_whisper_small,no_adapt,23,stage5ext_00096,9f2c0b36708a80b9aba1604061b45c02ab3d559f33122d380b4f16df7ee264228b8ed084cc75539159c501c042dcd878c793f3c16eaf1b5d9a110cad98fa0a9e,US English,us,A classic example of a one-way function is multiplication of very large prime numbers.,A classic example of a one-way function is a multiplication of very large prime numbers.,9c6ccac10fbd430bfa0be14e86fb832b0c5a9b6a0b6678295635f6d9a22ad1cb
distil_whisper_small,no_adapt,24,stage5ext_00097,9f2c0b36708a80b9aba1604061b45c02ab3d559f33122d380b4f16df7ee264228b8ed084cc75539159c501c042dcd878c793f3c16eaf1b5d9a110cad98fa0a9e,US English,us,Nuclear warheads are produced and stored on the premises.,Nuclear warheads are produced and stored on the premises.,9c6ccac10fbd430bfa0be14e86fb832b0c5a9b6a0b6678295635f6d9a22ad1cb
distil_whisper_small,no_adapt,24,stage5ext_00098,9f2c0b36708a80b9aba1604061b45c02ab3d559f33122d380b4f16df7ee264228b8ed084cc75539159c501c042dcd878c793f3c16eaf1b5d9a110cad98fa0a9e,US English,us,"The Center awards a ""Distinguished Christian Statesman Award"" annually to high-profile Christian political leaders.","The Center awards a Distinguished Christian Statesman Award, annually high-profile Christian political leaders.",9c6ccac10fbd430bfa0be14e86fb832b0c5a9b6a0b6678295635f6d9a22ad1cb
distil_whisper_small,no_adapt,24,stage5ext_00099,9f2c0b36708a80b9aba1604061b45c02ab3d559f33122d380b4f16df7ee264228b8ed084cc75539159c501c042dcd878c793f3c16eaf1b5d9a110cad98fa0a9e,US English,us,Flavors available in Germany included cherry and cola.,Flavors available in Germany with cherry and cola.,9c6ccac10fbd430bfa0be14e86fb832b0c5a9b6a0b6678295635f6d9a22ad1cb
distil_whisper_small,no_adapt,24,stage5ext_00100,9f2c0b36708a80b9aba1604061b45c02ab3d559f33122d380b4f16df7ee264228b8ed084cc75539159c501c042dcd878c793f3c16eaf1b5d9a110cad98fa0a9e,US English,us,The present chairman is Bumairam Mamaseitova.,The President Chairman is Bameramma Satova.,9c6ccac10fbd430bfa0be14e86fb832b0c5a9b6a0b6678295635f6d9a22ad1cb
distil_whisper_small,no_adapt,25,stage5ext_00101,9f2c0b36708a80b9aba1604061b45c02ab3d559f33122d380b4f16df7ee264228b8ed084cc75539159c501c042dcd878c793f3c16eaf1b5d9a110cad98fa0a9e,US English,us,On the seventh day they depart.,On the seventh day they depart.,9c6ccac10fbd430bfa0be14e86fb832b0c5a9b6a0b6678295635f6d9a22ad1cb
distil_whisper_small,no_adapt,25,stage5ext_00102,9f2c0b36708a80b9aba1604061b45c02ab3d559f33122d380b4f16df7ee264228b8ed084cc75539159c501c042dcd878c793f3c16eaf1b5d9a110cad98fa0a9e,US English,us,Many notable Caliphs have had their share of ruling over the Kiswah.,Many notable counts have had their share ruling over the Kishuah.,9c6ccac10fbd430bfa0be14e86fb832b0c5a9b6a0b6678295635f6d9a22ad1cb
distil_whisper_small,no_adapt,25,stage5ext_00103,9f2c0b36708a80b9aba1604061b45c02ab3d559f33122d380b4f16df7ee264228b8ed084cc75539159c501c042dcd878c793f3c16eaf1b5d9a110cad98fa0a9e,US English,us,The river Maros formed its southern border.,The river Marrows formed its southern border.,9c6ccac10fbd430bfa0be14e86fb832b0c5a9b6a0b6678295635f6d9a22ad1cb
distil_whisper_small,no_adapt,25,stage5ext_00104,9f2c0b36708a80b9aba1604061b45c02ab3d559f33122d380b4f16df7ee264228b8ed084cc75539159c501c042dcd878c793f3c16eaf1b5d9a110cad98fa0a9e,US English,us,And that meant our fat electric album would have two songs on a side.,Ament are fat electric album with two songs on a side.,9c6ccac10fbd430bfa0be14e86fb832b0c5a9b6a0b6678295635f6d9a22ad1cb
distil_whisper_small,no_adapt,26,stage5ext_00105,9f2c0b36708a80b9aba1604061b45c02ab3d559f33122d380b4f16df7ee264228b8ed084cc75539159c501c042dcd878c793f3c16eaf1b5d9a110cad98fa0a9e,US English,us,A committee was organised and the Smithsonian Institution was founded.,A committee was organized and the Smithsonian Institution was founded.,9c6ccac10fbd430bfa0be14e86fb832b0c5a9b6a0b6678295635f6d9a22ad1cb
distil_whisper_small,no_adapt,26,stage5ext_00106,2ce9c40fcb6948ed0bced3197b5aefb5f8585c4b80c5f627af7a750cfb445b61c96532c68b893e6c1f4cb299407c58f1504db283d1f7eca7585dfc2f88a968d4,US English,us,"You're not psychotic, you just wish you were?","You're not psychotic, you just wish you were?",9c6ccac10fbd430bfa0be14e86fb832b0c5a9b6a0b6678295635f6d9a22ad1cb
distil_whisper_small,no_adapt,26,stage5ext_00107,2ce9c40fcb6948ed0bced3197b5aefb5f8585c4b80c5f627af7a750cfb445b61c96532c68b893e6c1f4cb299407c58f1504db283d1f7eca7585dfc2f88a968d4,US English,us,Good evening.,Good evening.,9c6ccac10fbd430bfa0be14e86fb832b0c5a9b6a0b6678295635f6d9a22ad1cb
distil_whisper_small,no_adapt,26,stage5ext_00108,2ce9c40fcb6948ed0bced3197b5aefb5f8585c4b80c5f627af7a750cfb445b61c96532c68b893e6c1f4cb299407c58f1504db283d1f7eca7585dfc2f88a968d4,US English,us,The dead have no friends.,The dead have no friends.,9c6ccac10fbd430bfa0be14e86fb832b0c5a9b6a0b6678295635f6d9a22ad1cb
distil_whisper_small,no_adapt,27,stage5ext_00109,2ce9c40fcb6948ed0bced3197b5aefb5f8585c4b80c5f627af7a750cfb445b61c96532c68b893e6c1f4cb299407c58f1504db283d1f7eca7585dfc2f88a968d4,US English,us,Ship technology has improved.,Ship technology has improved.,9c6ccac10fbd430bfa0be14e86fb832b0c5a9b6a0b6678295635f6d9a22ad1cb
distil_whisper_small,no_adapt,27,stage5ext_00110,2ce9c40fcb6948ed0bced3197b5aefb5f8585c4b80c5f627af7a750cfb445b61c96532c68b893e6c1f4cb299407c58f1504db283d1f7eca7585dfc2f88a968d4,US English,us,The shop is closed on Mondays.,The shop is closed on Mondays.,9c6ccac10fbd430bfa0be14e86fb832b0c5a9b6a0b6678295635f6d9a22ad1cb
distil_whisper_small,no_adapt,27,stage5ext_00111,2ce9c40fcb6948ed0bced3197b5aefb5f8585c4b80c5f627af7a750cfb445b61c96532c68b893e6c1f4cb299407c58f1504db283d1f7eca7585dfc2f88a968d4,US English,us,"Waste not, want not.","Waste not, what not?",9c6ccac10fbd430bfa0be14e86fb832b0c5a9b6a0b6678295635f6d9a22ad1cb
distil_whisper_small,no_adapt,27,stage5ext_00112,2ce9c40fcb6948ed0bced3197b5aefb5f8585c4b80c5f627af7a750cfb445b61c96532c68b893e6c1f4cb299407c58f1504db283d1f7eca7585dfc2f88a968d4,US English,us,"The salesman was like the rest of them, untrustworthy.","The salesman was like the rest of them, untrustworthy.",9c6ccac10fbd430bfa0be14e86fb832b0c5a9b6a0b6678295635f6d9a22ad1cb
distil_whisper_small,no_adapt,28,stage5ext_00113,2ce9c40fcb6948ed0bced3197b5aefb5f8585c4b80c5f627af7a750cfb445b61c96532c68b893e6c1f4cb299407c58f1504db283d1f7eca7585dfc2f88a968d4,US English,us,"Did you know that the word ""commercial"" could mean the same as ""advertisement""?",Did you know that the word commercial could mean the same as advertisement?,9c6ccac10fbd430bfa0be14e86fb832b0c5a9b6a0b6678295635f6d9a22ad1cb
distil_whisper_small,no_adapt,28,stage5ext_00114,2ce9c40fcb6948ed0bced3197b5aefb5f8585c4b80c5f627af7a750cfb445b61c96532c68b893e6c1f4cb299407c58f1504db283d1f7eca7585dfc2f88a968d4,US English,us,Topsy-turvy Steamboat.,Topsy Tervy Steamboat,9c6ccac10fbd430bfa0be14e86fb832b0c5a9b6a0b6678295635f6d9a22ad1cb
distil_whisper_small,no_adapt,28,stage5ext_00115,2ce9c40fcb6948ed0bced3197b5aefb5f8585c4b80c5f627af7a750cfb445b61c96532c68b893e6c1f4cb299407c58f1504db283d1f7eca7585dfc2f88a968d4,US English,us,Save a thief from the gallows and he will cut your throat,Save a thief from the gallows and he will cut your throat.,9c6ccac10fbd430bfa0be14e86fb832b0c5a9b6a0b6678295635f6d9a22ad1cb
distil_whisper_small,no_adapt,28,stage5ext_00116,2ce9c40fcb6948ed0bced3197b5aefb5f8585c4b80c5f627af7a750cfb445b61c96532c68b893e6c1f4cb299407c58f1504db283d1f7eca7585dfc2f88a968d4,US English,us,A chip of the old block.,A chip of the old block.,9c6ccac10fbd430bfa0be14e86fb832b0c5a9b6a0b6678295635f6d9a22ad1cb
distil_whisper_small,no_adapt,29,stage5ext_00117,2ce9c40fcb6948ed0bced3197b5aefb5f8585c4b80c5f627af7a750cfb445b61c96532c68b893e6c1f4cb299407c58f1504db283d1f7eca7585dfc2f88a968d4,US English,us,What about from an unsafe distance?,What about from an unsafe distance?,9c6ccac10fbd430bfa0be14e86fb832b0c5a9b6a0b6678295635f6d9a22ad1cb
distil_whisper_small,no_adapt,29,stage5ext_00118,2ce9c40fcb6948ed0bced3197b5aefb5f8585c4b80c5f627af7a750cfb445b61c96532c68b893e6c1f4cb299407c58f1504db283d1f7eca7585dfc2f88a968d4,US English,us,New pants lack cuffs and pockets.,New pants lack cuffs and pockets.,9c6ccac10fbd430bfa0be14e86fb832b0c5a9b6a0b6678295635f6d9a22ad1cb
distil_whisper_small,no_adapt,29,stage5ext_00119,2ce9c40fcb6948ed0bced3197b5aefb5f8585c4b80c5f627af7a750cfb445b61c96532c68b893e6c1f4cb299407c58f1504db283d1f7eca7585dfc2f88a968d4,US English,us,Is that how your niece began?,Is that how your niece began?,9c6ccac10fbd430bfa0be14e86fb832b0c5a9b6a0b6678295635f6d9a22ad1cb
distil_whisper_small,no_adapt,29,stage5ext_00120,2ce9c40fcb6948ed0bced3197b5aefb5f8585c4b80c5f627af7a750cfb445b61c96532c68b893e6c1f4cb299407c58f1504db283d1f7eca7585dfc2f88a968d4,US English,us,That is the weirdest dress I have found in this store.,That is the weirdest dress I have found in this store.,9c6ccac10fbd430bfa0be14e86fb832b0c5a9b6a0b6678295635f6d9a22ad1cb
distil_whisper_small,no_adapt,30,stage5ext_00121,228508a13bdcb59b6e981ab369677a052cfa1d9208ac95a44f5a910b5fb16d76e49d318b1a128dd5144453cc80734637f59383b09379191621b865980d923440,US English,us,The reasons are more political.,The reasons are more political.,9c6ccac10fbd430bfa0be14e86fb832b0c5a9b6a0b6678295635f6d9a22ad1cb
distil_whisper_small,no_adapt,30,stage5ext_00122,228508a13bdcb59b6e981ab369677a052cfa1d9208ac95a44f5a910b5fb16d76e49d318b1a128dd5144453cc80734637f59383b09379191621b865980d923440,US English,us,When he became a foreman he expected more output from the workmen.,"When he became a foreman, he expected more output from the workman.",9c6ccac10fbd430bfa0be14e86fb832b0c5a9b6a0b6678295635f6d9a22ad1cb
distil_whisper_small,no_adapt,30,stage5ext_00123,228508a13bdcb59b6e981ab369677a052cfa1d9208ac95a44f5a910b5fb16d76e49d318b1a128dd5144453cc80734637f59383b09379191621b865980d923440,US English,us,"The timber was exported to Egypt, where it was in great demand.","The timer was exported to Egypt, but it was in great demand.",9c6ccac10fbd430bfa0be14e86fb832b0c5a9b6a0b6678295635f6d9a22ad1cb
distil_whisper_small,no_adapt,30,stage5ext_00124,228508a13bdcb59b6e981ab369677a052cfa1d9208ac95a44f5a910b5fb16d76e49d318b1a128dd5144453cc80734637f59383b09379191621b865980d923440,US English,us,"On farm visits, touching or feeding pigs should be prohibited.",On far besides touching or feeding mix should be prohibited.,9c6ccac10fbd430bfa0be14e86fb832b0c5a9b6a0b6678295635f6d9a22ad1cb
distil_whisper_small,no_adapt,31,stage5ext_00125,228508a13bdcb59b6e981ab369677a052cfa1d9208ac95a44f5a910b5fb16d76e49d318b1a128dd5144453cc80734637f59383b09379191621b865980d923440,US English,us,Noah worked on the album for two years.,No have worked on the album for two years.,9c6ccac10fbd430bfa0be14e86fb832b0c5a9b6a0b6678295635f6d9a22ad1cb
distil_whisper_small,no_adapt,31,stage5ext_00126,228508a13bdcb59b6e981ab369677a052cfa1d9208ac95a44f5a910b5fb16d76e49d318b1a128dd5144453cc80734637f59383b09379191621b865980d923440,US English,us,"The family seat is Terling Place, near Terling, Essex.","The family city is there no place near Tarling, Essex.",9c6ccac10fbd430bfa0be14e86fb832b0c5a9b6a0b6678295635f6d9a22ad1cb
distil_whisper_small,no_adapt,31,stage5ext_00127,228508a13bdcb59b6e981ab369677a052cfa1d9208ac95a44f5a910b5fb16d76e49d318b1a128dd5144453cc80734637f59383b09379191621b865980d923440,US English,us,She then got underway for Leyte.,She then got on the way for late.,9c6ccac10fbd430bfa0be14e86fb832b0c5a9b6a0b6678295635f6d9a22ad1cb
distil_whisper_small,no_adapt,31,stage5ext_00128,228508a13bdcb59b6e981ab369677a052cfa1d9208ac95a44f5a910b5fb16d76e49d318b1a128dd5144453cc80734637f59383b09379191621b865980d923440,US English,us,His early work was on optical information processing.,His early work was on optical information processing.,9c6ccac10fbd430bfa0be14e86fb832b0c5a9b6a0b6678295635f6d9a22ad1cb
distil_whisper_small,no_adapt,32,stage5ext_00129,228508a13bdcb59b6e981ab369677a052cfa1d9208ac95a44f5a910b5fb16d76e49d318b1a128dd5144453cc80734637f59383b09379191621b865980d923440,US English,us,There is much shouting and gesticulation on the appearance of a new moon.,There is no shouting and just a hulation on the appearance of a new.,9c6ccac10fbd430bfa0be14e86fb832b0c5a9b6a0b6678295635f6d9a22ad1cb
distil_whisper_small,no_adapt,32,stage5ext_00130,228508a13bdcb59b6e981ab369677a052cfa1d9208ac95a44f5a910b5fb16d76e49d318b1a128dd5144453cc80734637f59383b09379191621b865980d923440,US English,us,Previously this variety was believed to be lost.,Previously this variety was believed to be lost.,9c6ccac10fbd430bfa0be14e86fb832b0c5a9b6a0b6678295635f6d9a22ad1cb
distil_whisper_small,no_adapt,32,stage5ext_00131,228508a13bdcb59b6e981ab369677a052cfa1d9208ac95a44f5a910b5fb16d76e49d318b1a128dd5144453cc80734637f59383b09379191621b865980d923440,US English,us,"Well, next morning, the husband was missing.","Well, next morning the husband was missing.",9c6ccac10fbd430bfa0be14e86fb832b0c5a9b6a0b6678295635f6d9a22ad1cb
distil_whisper_small,no_adapt,32,stage5ext_00132,228508a13bdcb59b6e981ab369677a052cfa1d9208ac95a44f5a910b5fb16d76e49d318b1a128dd5144453cc80734637f59383b09379191621b865980d923440,US English,us,The heads are then like thongs and solemn in grain and grape-colour.,The heads are then like tongs and solemnly green in grey color.,9c6ccac10fbd430bfa0be14e86fb832b0c5a9b6a0b6678295635f6d9a22ad1cb
distil_whisper_small,no_adapt,33,stage5ext_00133,228508a13bdcb59b6e981ab369677a052cfa1d9208ac95a44f5a910b5fb16d76e49d318b1a128dd5144453cc80734637f59383b09379191621b865980d923440,US English,us,"After retiring, Ehiogu founded his own record label, Dirty Hit.","After retiring, Ihogi found that his own record label, dirt hit.",9c6ccac10fbd430bfa0be14e86fb832b0c5a9b6a0b6678295635f6d9a22ad1cb
distil_whisper_small,no_adapt,33,stage5ext_00134,228508a13bdcb59b6e981ab369677a052cfa1d9208ac95a44f5a910b5fb16d76e49d318b1a128dd5144453cc80734637f59383b09379191621b865980d923440,US English,us,"Some credit ""earlier notions of political and juridical authority"" in Iran's Safavid period.",Some credit earlier notions of political and juridical authority in Iran's suffoite period.,9c6ccac10fbd430bfa0be14e86fb832b0c5a9b6a0b6678295635f6d9a22ad1cb
distil_whisper_small,no_adapt,33,stage5ext_00135,228508a13bdcb59b6e981ab369677a052cfa1d9208ac95a44f5a910b5fb16d76e49d318b1a128dd5144453cc80734637f59383b09379191621b865980d923440,US English,us,"George Washington Riggs died at his home, Green Hill, in Prince George's County, Maryland.","George Washington Ricks died at his home, Greenhill, in Prince George's camp in Maryland.",9c6ccac10fbd430bfa0be14e86fb832b0c5a9b6a0b6678295635f6d9a22ad1cb
distil_whisper_small,no_adapt,33,stage5ext_00136,720e559efbceae3ffa3e0df1e70d5d276564f71b02f1a3222c7dbbfa55811cbc4ad54045296d28ef121452051dd65e0253f9af4f519f65f29a0690726ba44253,US English,us,"The number of non-Muslim Sufis before the twentieth century, however, was usually relatively few.","The number of non-Muslim Sufis before the 20th century, however, was usually relatively few.",9c6ccac10fbd430bfa0be14e86fb832b0c5a9b6a0b6678295635f6d9a22ad1cb
distil_whisper_small,no_adapt,34,stage5ext_00137,720e559efbceae3ffa3e0df1e70d5d276564f71b02f1a3222c7dbbfa55811cbc4ad54045296d28ef121452051dd65e0253f9af4f519f65f29a0690726ba44253,US English,us,"At the party, Jerry meets an attractive woman named Vanessa.","At the party, Jerry meets an attractive woman named Vanessa.",9c6ccac10fbd430bfa0be14e86fb832b0c5a9b6a0b6678295635f6d9a22ad1cb
distil_whisper_small,no_adapt,34,stage5ext_00138,720e559efbceae3ffa3e0df1e70d5d276564f71b02f1a3222c7dbbfa55811cbc4ad54045296d28ef121452051dd65e0253f9af4f519f65f29a0690726ba44253,US English,us,Irulan herself appears in person only near the end of the novel.,Yurlan herself appears in person only near the end of the novel.,9c6ccac10fbd430bfa0be14e86fb832b0c5a9b6a0b6678295635f6d9a22ad1cb
distil_whisper_small,no_adapt,34,stage5ext_00139,720e559efbceae3ffa3e0df1e70d5d276564f71b02f1a3222c7dbbfa55811cbc4ad54045296d28ef121452051dd65e0253f9af4f519f65f29a0690726ba44253,US English,us,Jump is a yellow dog with brown patches and the pet dog of Tobio.,Jump is a yellow dog with brown patches and the pet dog of Tobio.,9c6ccac10fbd430bfa0be14e86fb832b0c5a9b6a0b6678295635f6d9a22ad1cb
distil_whisper_small,no_adapt,34,stage5ext_00140,720e559efbceae3ffa3e0df1e70d5d276564f71b02f1a3222c7dbbfa55811cbc4ad54045296d28ef121452051dd65e0253f9af4f519f65f29a0690726ba44253,US English,us,It has some popular restaurants including The New Inn.,It has some popular restaurants including the new inn.,9c6ccac10fbd430bfa0be14e86fb832b0c5a9b6a0b6678295635f6d9a22ad1cb
distil_whisper_small,no_adapt,35,stage5ext_00141,720e559efbceae3ffa3e0df1e70d5d276564f71b02f1a3222c7dbbfa55811cbc4ad54045296d28ef121452051dd65e0253f9af4f519f65f29a0690726ba44253,US English,us,The families and genera within the orders are listed in alphabetical order.,The families in general within the orders are listed in alphabetical order.,9c6ccac10fbd430bfa0be14e86fb832b0c5a9b6a0b6678295635f6d9a22ad1cb
distil_whisper_small,no_adapt,35,stage5ext_00142,720e559efbceae3ffa3e0df1e70d5d276564f71b02f1a3222c7dbbfa55811cbc4ad54045296d28ef121452051dd65e0253f9af4f519f65f29a0690726ba44253,US English,us,"This practice remains an important ritual in some remote, tribal societies.",This practice remains an important ritual in some remote tribal societies.,9c6ccac10fbd430bfa0be14e86fb832b0c5a9b6a0b6678295635f6d9a22ad1cb
distil_whisper_small,no_adapt,35,stage5ext_00143,720e559efbceae3ffa3e0df1e70d5d276564f71b02f1a3222c7dbbfa55811cbc4ad54045296d28ef121452051dd65e0253f9af4f519f65f29a0690726ba44253,US English,us,A second game also included Carshalton College.,A second game also included Carcelton College.,9c6ccac10fbd430bfa0be14e86fb832b0c5a9b6a0b6678295635f6d9a22ad1cb
distil_whisper_small,no_adapt,35,stage5ext_00144,720e559efbceae3ffa3e0df1e70d5d276564f71b02f1a3222c7dbbfa55811cbc4ad54045296d28ef121452051dd65e0253f9af4f519f65f29a0690726ba44253,US English,us,Mareya micrantha is said to have local anaesthetic properties.,Maria Macrantha is said to have local anesthetic properties.,9c6ccac10fbd430bfa0be14e86fb832b0c5a9b6a0b6678295635f6d9a22ad1cb
distil_whisper_small,no_adapt,36,stage5ext_00145,720e559efbceae3ffa3e0df1e70d5d276564f71b02f1a3222c7dbbfa55811cbc4ad54045296d28ef121452051dd65e0253f9af4f519f65f29a0690726ba44253,US English,us,The expanded section included an enlarged bar.,The expanded section included an enlarged bar.,9c6ccac10fbd430bfa0be14e86fb832b0c5a9b6a0b6678295635f6d9a22ad1cb
distil_whisper_small,no_adapt,36,stage5ext_00146,720e559efbceae3ffa3e0df1e70d5d276564f71b02f1a3222c7dbbfa55811cbc4ad54045296d28ef121452051dd65e0253f9af4f519f65f29a0690726ba44253,US English,us,"This is in contrast to physiology, which deals primarily with function.",This is in contrast to physiology which deals primarily with function.,9c6ccac10fbd430bfa0be14e86fb832b0c5a9b6a0b6678295635f6d9a22ad1cb
distil_whisper_small,no_adapt,36,stage5ext_00147,720e559efbceae3ffa3e0df1e70d5d276564f71b02f1a3222c7dbbfa55811cbc4ad54045296d28ef121452051dd65e0253f9af4f519f65f29a0690726ba44253,US English,us,"When his wife died, Acosta retired and went to live in a hermitage.","When his wife died, Acosta retired and went to live in a hermitage.",9c6ccac10fbd430bfa0be14e86fb832b0c5a9b6a0b6678295635f6d9a22ad1cb
distil_whisper_small,no_adapt,36,stage5ext_00148,720e559efbceae3ffa3e0df1e70d5d276564f71b02f1a3222c7dbbfa55811cbc4ad54045296d28ef121452051dd65e0253f9af4f519f65f29a0690726ba44253,US English,us,McNab ruled with an iron fist over the Scottish settlers.,McNabb ruled with an iron fist over the Scottish settlers.,9c6ccac10fbd430bfa0be14e86fb832b0c5a9b6a0b6678295635f6d9a22ad1cb
distil_whisper_small,no_adapt,37,stage5ext_00149,720e559efbceae3ffa3e0df1e70d5d276564f71b02f1a3222c7dbbfa55811cbc4ad54045296d28ef121452051dd65e0253f9af4f519f65f29a0690726ba44253,US English,us,"Ricci played a young detective who temporarily partners with Grace, played by Holly Hunter.","Ricky played a young detective who temporarily partners with Grace, played by Holly Hunter.",9c6ccac10fbd430bfa0be14e86fb832b0c5a9b6a0b6678295635f6d9a22ad1cb
distil_whisper_small,no_adapt,37,stage5ext_00150,720e559efbceae3ffa3e0df1e70d5d276564f71b02f1a3222c7dbbfa55811cbc4ad54045296d28ef121452051dd65e0253f9af4f519f65f29a0690726ba44253,US English,us,"It would, in effect, paralyse their co-operation.",It would in effect paralyze their cooperation.,9c6ccac10fbd430bfa0be14e86fb832b0c5a9b6a0b6678295635f6d9a22ad1cb
distil_whisper_small,no_adapt,37,stage5ext_00151,fd0dff3b5f07ca5531d539b5a2d98730836ad0aa3e1b6526ad93f596c546212f2e9c6152141a6d6a86254fe36668b66427df0e1588645c1756157fb92705969a,England English,england,I'm playing for keeps.,I'm clever keeps.,9c6ccac10fbd430bfa0be14e86fb832b0c5a9b6a0b6678295635f6d9a22ad1cb
distil_whisper_small,no_adapt,37,stage5ext_00152,fd0dff3b5f07ca5531d539b5a2d98730836ad0aa3e1b6526ad93f596c546212f2e9c6152141a6d6a86254fe36668b66427df0e1588645c1756157fb92705969a,England English,england,His old Ferrari has been compacted to a small cube of metal at the junkyard.,His old Ferrari has been compacted to a small cube of metal at the junkyard.,9c6ccac10fbd430bfa0be14e86fb832b0c5a9b6a0b6678295635f6d9a22ad1cb
distil_whisper_small,no_adapt,38,stage5ext_00153,fd0dff3b5f07ca5531d539b5a2d98730836ad0aa3e1b6526ad93f596c546212f2e9c6152141a6d6a86254fe36668b66427df0e1588645c1756157fb92705969a,England English,england,There was no response from the elders.,There was no response from the others.,9c6ccac10fbd430bfa0be14e86fb832b0c5a9b6a0b6678295635f6d9a22ad1cb
distil_whisper_small,no_adapt,38,stage5ext_00154,fd0dff3b5f07ca5531d539b5a2d98730836ad0aa3e1b6526ad93f596c546212f2e9c6152141a6d6a86254fe36668b66427df0e1588645c1756157fb92705969a,England English,england,You're hurting my sore foot.,You're hurting my sore foot.,9c6ccac10fbd430bfa0be14e86fb832b0c5a9b6a0b6678295635f6d9a22ad1cb
distil_whisper_small,no_adapt,38,stage5ext_00155,fd0dff3b5f07ca5531d539b5a2d98730836ad0aa3e1b6526ad93f596c546212f2e9c6152141a6d6a86254fe36668b66427df0e1588645c1756157fb92705969a,England English,england,Studying these key phrases will help you while traveling.,studying these key phrases will help you while traveling.,9c6ccac10fbd430bfa0be14e86fb832b0c5a9b6a0b6678295635f6d9a22ad1cb
distil_whisper_small,no_adapt,38,stage5ext_00156,fd0dff3b5f07ca5531d539b5a2d98730836ad0aa3e1b6526ad93f596c546212f2e9c6152141a6d6a86254fe36668b66427df0e1588645c1756157fb92705969a,England English,england,Mary told me that she got to meet up with you while she was back in San Francisco.,Mary told me she got to meet up with you while you were back in San Francisco.,9c6ccac10fbd430bfa0be14e86fb832b0c5a9b6a0b6678295635f6d9a22ad1cb
distil_whisper_small,no_adapt,39,stage5ext_00157,fd0dff3b5f07ca5531d539b5a2d98730836ad0aa3e1b6526ad93f596c546212f2e9c6152141a6d6a86254fe36668b66427df0e1588645c1756157fb92705969a,England English,england,Look on the third shelf back of the eye wash.,Look on the third shelf back of the eyewear.,9c6ccac10fbd430bfa0be14e86fb832b0c5a9b6a0b6678295635f6d9a22ad1cb
distil_whisper_small,no_adapt,39,stage5ext_00158,fd0dff3b5f07ca5531d539b5a2d98730836ad0aa3e1b6526ad93f596c546212f2e9c6152141a6d6a86254fe36668b66427df0e1588645c1756157fb92705969a,England English,england,It was Linda Keller!,It was Linda Keller.,9c6ccac10fbd430bfa0be14e86fb832b0c5a9b6a0b6678295635f6d9a22ad1cb
distil_whisper_small,no_adapt,39,stage5ext_00159,fd0dff3b5f07ca5531d539b5a2d98730836ad0aa3e1b6526ad93f596c546212f2e9c6152141a6d6a86254fe36668b66427df0e1588645c1756157fb92705969a,England English,england,Neil Armstrong was the first man to step foot on the moon.,Neil Armstrong was the first man to step foot on the moon.,9c6ccac10fbd430bfa0be14e86fb832b0c5a9b6a0b6678295635f6d9a22ad1cb
distil_whisper_small,no_adapt,39,stage5ext_00160,fd0dff3b5f07ca5531d539b5a2d98730836ad0aa3e1b6526ad93f596c546212f2e9c6152141a6d6a86254fe36668b66427df0e1588645c1756157fb92705969a,England English,england,You go on and practice.,You go on and practice.,9c6ccac10fbd430bfa0be14e86fb832b0c5a9b6a0b6678295635f6d9a22ad1cb
distil_whisper_small,no_adapt,40,stage5ext_00161,fd0dff3b5f07ca5531d539b5a2d98730836ad0aa3e1b6526ad93f596c546212f2e9c6152141a6d6a86254fe36668b66427df0e1588645c1756157fb92705969a,England English,england,Storm increasing over the Rockies.,Storm increasing over the Rockies.,9c6ccac10fbd430bfa0be14e86fb832b0c5a9b6a0b6678295635f6d9a22ad1cb
distil_whisper_small,no_adapt,40,stage5ext_00162,fd0dff3b5f07ca5531d539b5a2d98730836ad0aa3e1b6526ad93f596c546212f2e9c6152141a6d6a86254fe36668b66427df0e1588645c1756157fb92705969a,England English,england,Witnesses report two armed suspects and four hostages.,When this is report two armed suspects and four hostages.,9c6ccac10fbd430bfa0be14e86fb832b0c5a9b6a0b6678295635f6d9a22ad1cb
distil_whisper_small,no_adapt,40,stage5ext_00163,fd0dff3b5f07ca5531d539b5a2d98730836ad0aa3e1b6526ad93f596c546212f2e9c6152141a6d6a86254fe36668b66427df0e1588645c1756157fb92705969a,England English,england,"If you know of other games that play well with hands-free control, please post in the comments.","If you know of other games that play world with hands free control, please post in the comments.",9c6ccac10fbd430bfa0be14e86fb832b0c5a9b6a0b6678295635f6d9a22ad1cb
distil_whisper_small,no_adapt,40,stage5ext_00164,fd0dff3b5f07ca5531d539b5a2d98730836ad0aa3e1b6526ad93f596c546212f2e9c6152141a6d6a86254fe36668b66427df0e1588645c1756157fb92705969a,England English,england,"Two caribous in a queue, they didn't have a clue, that I was using their flue, to write a poem for you.","Two cariboues in a queue, they didn't have a clue that I was using their flu to write a poem for you.",9c6ccac10fbd430bfa0be14e86fb832b0c5a9b6a0b6678295635f6d9a22ad1cb
distil_whisper_small,no_adapt,41,stage5ext_00165,fd0dff3b5f07ca5531d539b5a2d98730836ad0aa3e1b6526ad93f596c546212f2e9c6152141a6d6a86254fe36668b66427df0e1588645c1756157fb92705969a,England English,england,With a bag of marshmallows.,With a bag of marshmallows.,9c6ccac10fbd430bfa0be14e86fb832b0c5a9b6a0b6678295635f6d9a22ad1cb
distil_whisper_small,no_adapt,41,stage5ext_00166,fdcab9861a3de8913b99470efefdd496f7500e233d7a34a4bf246ca2321426334f7206282773114305bb5b045ee084a0c9e50c6160fc40ac34ba2009e1997f8f,England English,england,"Teresa, Mildrid, Ralph, and Vonda all arrived yesterday evening.","Teresa Mildred, Ralph and Thunder were on the road yesterday evening.",9c6ccac10fbd430bfa0be14e86fb832b0c5a9b6a0b6678295635f6d9a22ad1cb
distil_whisper_small,no_adapt,41,stage5ext_00167,fdcab9861a3de8913b99470efefdd496f7500e233d7a34a4bf246ca2321426334f7206282773114305bb5b045ee084a0c9e50c6160fc40ac34ba2009e1997f8f,England English,england,"Somehow, the paragraphs blurred into each other.",Somehow the paragraphs blurred into each other.,9c6ccac10fbd430bfa0be14e86fb832b0c5a9b6a0b6678295635f6d9a22ad1cb
distil_whisper_small,no_adapt,41,stage5ext_00168,fdcab9861a3de8913b99470efefdd496f7500e233d7a34a4bf246ca2321426334f7206282773114305bb5b045ee084a0c9e50c6160fc40ac34ba2009e1997f8f,England English,england,"Now, attend to me.","Man, attend to me.",9c6ccac10fbd430bfa0be14e86fb832b0c5a9b6a0b6678295635f6d9a22ad1cb
distil_whisper_small,no_adapt,42,stage5ext_00169,fdcab9861a3de8913b99470efefdd496f7500e233d7a34a4bf246ca2321426334f7206282773114305bb5b045ee084a0c9e50c6160fc40ac34ba2009e1997f8f,England English,england,"Oh man, I think I got friend-zoned once again.","Oh man, I think I've got friends zoned once again.",9c6ccac10fbd430bfa0be14e86fb832b0c5a9b6a0b6678295635f6d9a22ad1cb
distil_whisper_small,no_adapt,42,stage5ext_00170,fdcab9861a3de8913b99470efefdd496f7500e233d7a34a4bf246ca2321426334f7206282773114305bb5b045ee084a0c9e50c6160fc40ac34ba2009e1997f8f,England English,england,"Hooray, we're going to Alaska!","Hey, we're going to Alaska!",9c6ccac10fbd430bfa0be14e86fb832b0c5a9b6a0b6678295635f6d9a22ad1cb
distil_whisper_small,no_adapt,42,stage5ext_00171,fdcab9861a3de8913b99470efefdd496f7500e233d7a34a4bf246ca2321426334f7206282773114305bb5b045ee084a0c9e50c6160fc40ac34ba2009e1997f8f,England English,england,"The landing was dimly light by a single, bare, low-power light-bulb.","A landing was dimly lit by a single bare, low power light bulb.",9c6ccac10fbd430bfa0be14e86fb832b0c5a9b6a0b6678295635f6d9a22ad1cb
distil_whisper_small,no_adapt,42,stage5ext_00172,fdcab9861a3de8913b99470efefdd496f7500e233d7a34a4bf246ca2321426334f7206282773114305bb5b045ee084a0c9e50c6160fc40ac34ba2009e1997f8f,England English,england,Aren't we godlike?,Aren't we God-like?,9c6ccac10fbd430bfa0be14e86fb832b0c5a9b6a0b6678295635f6d9a22ad1cb
distil_whisper_small,no_adapt,43,stage5ext_00173,fdcab9861a3de8913b99470efefdd496f7500e233d7a34a4bf246ca2321426334f7206282773114305bb5b045ee084a0c9e50c6160fc40ac34ba2009e1997f8f,England English,england,Where is my dress?,There is my dress!,9c6ccac10fbd430bfa0be14e86fb832b0c5a9b6a0b6678295635f6d9a22ad1cb
distil_whisper_small,no_adapt,43,stage5ext_00174,fdcab9861a3de8913b99470efefdd496f7500e233d7a34a4bf246ca2321426334f7206282773114305bb5b045ee084a0c9e50c6160fc40ac34ba2009e1997f8f,England English,england,Where are you going?,Where are you going?,9c6ccac10fbd430bfa0be14e86fb832b0c5a9b6a0b6678295635f6d9a22ad1cb
distil_whisper_small,no_adapt,43,stage5ext_00175,fdcab9861a3de8913b99470efefdd496f7500e233d7a34a4bf246ca2321426334f7206282773114305bb5b045ee084a0c9e50c6160fc40ac34ba2009e1997f8f,England English,england,"When you're at a party and somebody says ""banana bread"", a sniper might be near you.","When you're at a party and somebody says banana bread, a sniper might be near you.",9c6ccac10fbd430bfa0be14e86fb832b0c5a9b6a0b6678295635f6d9a22ad1cb
distil_whisper_small,no_adapt,43,stage5ext_00176,fdcab9861a3de8913b99470efefdd496f7500e233d7a34a4bf246ca2321426334f7206282773114305bb5b045ee084a0c9e50c6160fc40ac34ba2009e1997f8f,England English,england,"She was beautiful from behind, but he couldn't see her face yet.","She was beautiful from behind, but he couldn't see a face yet.",9c6ccac10fbd430bfa0be14e86fb832b0c5a9b6a0b6678295635f6d9a22ad1cb
distil_whisper_small,no_adapt,44,stage5ext_00177,fdcab9861a3de8913b99470efefdd496f7500e233d7a34a4bf246ca2321426334f7206282773114305bb5b045ee084a0c9e50c6160fc40ac34ba2009e1997f8f,England English,england,Didn't you know that?,Didn't you know that?,9c6ccac10fbd430bfa0be14e86fb832b0c5a9b6a0b6678295635f6d9a22ad1cb
distil_whisper_small,no_adapt,44,stage5ext_00178,fdcab9861a3de8913b99470efefdd496f7500e233d7a34a4bf246ca2321426334f7206282773114305bb5b045ee084a0c9e50c6160fc40ac34ba2009e1997f8f,England English,england,What else can I do?,What else can I do?,9c6ccac10fbd430bfa0be14e86fb832b0c5a9b6a0b6678295635f6d9a22ad1cb
distil_whisper_small,no_adapt,44,stage5ext_00179,fdcab9861a3de8913b99470efefdd496f7500e233d7a34a4bf246ca2321426334f7206282773114305bb5b045ee084a0c9e50c6160fc40ac34ba2009e1997f8f,England English,england,May I borrow your bolster?,May I borrow your bolster?,9c6ccac10fbd430bfa0be14e86fb832b0c5a9b6a0b6678295635f6d9a22ad1cb
distil_whisper_small,no_adapt,44,stage5ext_00180,fdcab9861a3de8913b99470efefdd496f7500e233d7a34a4bf246ca2321426334f7206282773114305bb5b045ee084a0c9e50c6160fc40ac34ba2009e1997f8f,England English,england,"They walked in from the rain, all dishevelled and steaming.","They walked in from the rain, all disheveled and steaming.",9c6ccac10fbd430bfa0be14e86fb832b0c5a9b6a0b6678295635f6d9a22ad1cb
distil_whisper_small,no_adapt,45,stage5ext_00181,7485d1e4fd50cc3801883f44ba2eaca4d5d18deb062c87bb6dd533c6db6cdca2a4b53ec84620337d88bc4417c254ba46b7f21517d0bec5305dd08e43c791410c,England English,england,Both have a notably red eye.,Both have a notably red eye.,9c6ccac10fbd430bfa0be14e86fb832b0c5a9b6a0b6678295635f6d9a22ad1cb
distil_whisper_small,no_adapt,45,stage5ext_00182,7485d1e4fd50cc3801883f44ba2eaca4d5d18deb062c87bb6dd533c6db6cdca2a4b53ec84620337d88bc4417c254ba46b7f21517d0bec5305dd08e43c791410c,England English,england,"At the conclusion of the season, Kerry and ThorSport Racing went their separate ways.","At the conclusion of the season, Kerry and Thor Sport racing went their separate ways.",9c6ccac10fbd430bfa0be14e86fb832b0c5a9b6a0b6678295635f6d9a22ad1cb
distil_whisper_small,no_adapt,45,stage5ext_00183,7485d1e4fd50cc3801883f44ba2eaca4d5d18deb062c87bb6dd533c6db6cdca2a4b53ec84620337d88bc4417c254ba46b7f21517d0bec5305dd08e43c791410c,England English,england,Prasterone is a steroid hormone.,Prestron is a steroid hormone.,9c6ccac10fbd430bfa0be14e86fb832b0c5a9b6a0b6678295635f6d9a22ad1cb
distil_whisper_small,no_adapt,45,stage5ext_00184,7485d1e4fd50cc3801883f44ba2eaca4d5d18deb062c87bb6dd533c6db6cdca2a4b53ec84620337d88bc4417c254ba46b7f21517d0bec5305dd08e43c791410c,England English,england,"A natural key is sometimes called ""domain key"".",A natural key is sometimes called domain key.,9c6ccac10fbd430bfa0be14e86fb832b0c5a9b6a0b6678295635f6d9a22ad1cb
distil_whisper_small,no_adapt,46,stage5ext_00185,7485d1e4fd50cc3801883f44ba2eaca4d5d18deb062c87bb6dd533c6db6cdca2a4b53ec84620337d88bc4417c254ba46b7f21517d0bec5305dd08e43c791410c,England English,england,In China also along with Confucianism developed the tradition of Legalism.,"In China, also along with Confucianism, developed the tradition of legalism.",9c6ccac10fbd430bfa0be14e86fb832b0c5a9b6a0b6678295635f6d9a22ad1cb
distil_whisper_small,no_adapt,46,stage5ext_00186,7485d1e4fd50cc3801883f44ba2eaca4d5d18deb062c87bb6dd533c6db6cdca2a4b53ec84620337d88bc4417c254ba46b7f21517d0bec5305dd08e43c791410c,England English,england,"Deeley describes her religious affiliation as Anglican, although she was not christened.","Dealey described her religious affiliations as Anglican, although she was not christened.",9c6ccac10fbd430bfa0be14e86fb832b0c5a9b6a0b6678295635f6d9a22ad1cb
distil_whisper_small,no_adapt,46,stage5ext_00187,7485d1e4fd50cc3801883f44ba2eaca4d5d18deb062c87bb6dd533c6db6cdca2a4b53ec84620337d88bc4417c254ba46b7f21517d0bec5305dd08e43c791410c,England English,england,The program highlighted Chadwick's hometown of San Diego.,The program highlighted Chadwick's hometown of San Diego.,9c6ccac10fbd430bfa0be14e86fb832b0c5a9b6a0b6678295635f6d9a22ad1cb
distil_whisper_small,no_adapt,46,stage5ext_00188,7485d1e4fd50cc3801883f44ba2eaca4d5d18deb062c87bb6dd533c6db6cdca2a4b53ec84620337d88bc4417c254ba46b7f21517d0bec5305dd08e43c791410c,England English,england,"The township calls itself ""New Jersey's Largest Municipality"" on its stationery and its website.",The township calls itself New Jersey's largest municipality on its stationary and its website.,9c6ccac10fbd430bfa0be14e86fb832b0c5a9b6a0b6678295635f6d9a22ad1cb
distil_whisper_small,no_adapt,47,stage5ext_00189,7485d1e4fd50cc3801883f44ba2eaca4d5d18deb062c87bb6dd533c6db6cdca2a4b53ec84620337d88bc4417c254ba46b7f21517d0bec5305dd08e43c791410c,England English,england,Morrow County is considered to be a part of Mid Ohio.,Morrow County is considered to be part of Mid- Ohio.,9c6ccac10fbd430bfa0be14e86fb832b0c5a9b6a0b6678295635f6d9a22ad1cb
distil_whisper_small,no_adapt,47,stage5ext_00190,7485d1e4fd50cc3801883f44ba2eaca4d5d18deb062c87bb6dd533c6db6cdca2a4b53ec84620337d88bc4417c254ba46b7f21517d0bec5305dd08e43c791410c,England English,england,Bryan disliked the Klan but never publicly attacked it.,Brian disliked the clan but never publicly attacked it.,9c6ccac10fbd430bfa0be14e86fb832b0c5a9b6a0b6678295635f6d9a22ad1cb
distil_whisper_small,no_adapt,47,stage5ext_00191,7485d1e4fd50cc3801883f44ba2eaca4d5d18deb062c87bb6dd533c6db6cdca2a4b53ec84620337d88bc4417c254ba46b7f21517d0bec5305dd08e43c791410c,England English,england,The area around present-day Yokosuka city has been inhabited for thousands of years.,The area around present day Yokosuka City has been inhabited for thousands of years.,9c6ccac10fbd430bfa0be14e86fb832b0c5a9b6a0b6678295635f6d9a22ad1cb
distil_whisper_small,no_adapt,47,stage5ext_00192,7485d1e4fd50cc3801883f44ba2eaca4d5d18deb062c87bb6dd533c6db6cdca2a4b53ec84620337d88bc4417c254ba46b7f21517d0bec5305dd08e43c791410c,England English,england,Original music for the film was composed by Rachel Portman.,Original music for the film was composed by Rachel Portman.,9c6ccac10fbd430bfa0be14e86fb832b0c5a9b6a0b6678295635f6d9a22ad1cb
distil_whisper_small,no_adapt,48,stage5ext_00193,7485d1e4fd50cc3801883f44ba2eaca4d5d18deb062c87bb6dd533c6db6cdca2a4b53ec84620337d88bc4417c254ba46b7f21517d0bec5305dd08e43c791410c,England English,england,It has a Rocky Top address.,It has a Rocky Top address.,9c6ccac10fbd430bfa0be14e86fb832b0c5a9b6a0b6678295635f6d9a22ad1cb
distil_whisper_small,no_adapt,48,stage5ext_00194,7485d1e4fd50cc3801883f44ba2eaca4d5d18deb062c87bb6dd533c6db6cdca2a4b53ec84620337d88bc4417c254ba46b7f21517d0bec5305dd08e43c791410c,England English,england,He was also created the Marquess of Hedong.,He was also created the Marquis of Hendon.,9c6ccac10fbd430bfa0be14e86fb832b0c5a9b6a0b6678295635f6d9a22ad1cb
distil_whisper_small,no_adapt,48,stage5ext_00195,7485d1e4fd50cc3801883f44ba2eaca4d5d18deb062c87bb6dd533c6db6cdca2a4b53ec84620337d88bc4417c254ba46b7f21517d0bec5305dd08e43c791410c,England English,england,"However, there are strong reasons to doubt that this is him.","However, there are strong reasons to doubt that this is him.",9c6ccac10fbd430bfa0be14e86fb832b0c5a9b6a0b6678295635f6d9a22ad1cb
distil_whisper_small,no_adapt,48,stage5ext_00196,3660ede2a2a5b5d649342a4a5c04e6b398b1247566aad9c6f059a84e8fa5405dd489100055b29dec8fa9b337b3661c001754f4f302bb85bd39eac24bee4023fe,England English,england,The old man returned the book to the boy.,The old man returned the book to the boy.,9c6ccac10fbd430bfa0be14e86fb832b0c5a9b6a0b6678295635f6d9a22ad1cb
distil_whisper_small,no_adapt,49,stage5ext_00197,3660ede2a2a5b5d649342a4a5c04e6b398b1247566aad9c6f059a84e8fa5405dd489100055b29dec8fa9b337b3661c001754f4f302bb85bd39eac24bee4023fe,England English,england,"From where he sat, he could observe the plaza.",From where he sat he could observe the plaza.,9c6ccac10fbd430bfa0be14e86fb832b0c5a9b6a0b6678295635f6d9a22ad1cb
distil_whisper_small,no_adapt,49,stage5ext_00198,3660ede2a2a5b5d649342a4a5c04e6b398b1247566aad9c6f059a84e8fa5405dd489100055b29dec8fa9b337b3661c001754f4f302bb85bd39eac24bee4023fe,England English,england,He could always go back to being a shepherd.,He could always go back to being a shepherd.,9c6ccac10fbd430bfa0be14e86fb832b0c5a9b6a0b6678295635f6d9a22ad1cb
distil_whisper_small,no_adapt,49,stage5ext_00199,3660ede2a2a5b5d649342a4a5c04e6b398b1247566aad9c6f059a84e8fa5405dd489100055b29dec8fa9b337b3661c001754f4f302bb85bd39eac24bee4023fe,England English,england,A large piece suddenly came off and fell with a loud and sharp noise.,A large piece suddenly came off and fell with a loud and sharp noise.,9c6ccac10fbd430bfa0be14e86fb832b0c5a9b6a0b6678295635f6d9a22ad1cb
distil_whisper_small,no_adapt,49,stage5ext_00200,3660ede2a2a5b5d649342a4a5c04e6b398b1247566aad9c6f059a84e8fa5405dd489100055b29dec8fa9b337b3661c001754f4f302bb85bd39eac24bee4023fe,England English,england,The boy thought of Fatima.,The boy thought of Fatima.,9c6ccac10fbd430bfa0be14e86fb832b0c5a9b6a0b6678295635f6d9a22ad1cb
distil_whisper_small,no_adapt,50,stage5ext_00201,3660ede2a2a5b5d649342a4a5c04e6b398b1247566aad9c6f059a84e8fa5405dd489100055b29dec8fa9b337b3661c001754f4f302bb85bd39eac24bee4023fe,England English,england,"Curse the moment I met that old man, he thought.","Curse a moment I meant that old man, he thought.",9c6ccac10fbd430bfa0be14e86fb832b0c5a9b6a0b6678295635f6d9a22ad1cb
distil_whisper_small,no_adapt,50,stage5ext_00202,3660ede2a2a5b5d649342a4a5c04e6b398b1247566aad9c6f059a84e8fa5405dd489100055b29dec8fa9b337b3661c001754f4f302bb85bd39eac24bee4023fe,England English,england,"Something older than humanity, more ancient than the desert.","Something older than humanity, more ancient than the desert.",9c6ccac10fbd430bfa0be14e86fb832b0c5a9b6a0b6678295635f6d9a22ad1cb
distil_whisper_small,no_adapt,50,stage5ext_00203,3660ede2a2a5b5d649342a4a5c04e6b398b1247566aad9c6f059a84e8fa5405dd489100055b29dec8fa9b337b3661c001754f4f302bb85bd39eac24bee4023fe,England English,england,The boy became fearful; the omens told him that something was wrong.,The boy became fearful. The omens told him that something was wrong.,9c6ccac10fbd430bfa0be14e86fb832b0c5a9b6a0b6678295635f6d9a22ad1cb
distil_whisper_small,no_adapt,50,stage5ext_00204,3660ede2a2a5b5d649342a4a5c04e6b398b1247566aad9c6f059a84e8fa5405dd489100055b29dec8fa9b337b3661c001754f4f302bb85bd39eac24bee4023fe,England English,england,The turf and gravel around it seemed charred as if by a sudden explosion.,The turf and gravel around it seemed charred as if by a sudden explosion.,9c6ccac10fbd430bfa0be14e86fb832b0c5a9b6a0b6678295635f6d9a22ad1cb
distil_whisper_small,no_adapt,51,stage5ext_00205,3660ede2a2a5b5d649342a4a5c04e6b398b1247566aad9c6f059a84e8fa5405dd489100055b29dec8fa9b337b3661c001754f4f302bb85bd39eac24bee4023fe,England English,england,"Everything in the universe evolved, he said.","Everything the universe evolved, he said.",9c6ccac10fbd430bfa0be14e86fb832b0c5a9b6a0b6678295635f6d9a22ad1cb
distil_whisper_small,no_adapt,51,stage5ext_00206,3660ede2a2a5b5d649342a4a5c04e6b398b1247566aad9c6f059a84e8fa5405dd489100055b29dec8fa9b337b3661c001754f4f302bb85bd39eac24bee4023fe,England English,england,He stood irresolute for a moment and then scrambled out of the pit.,He stood irresolute for a moment and then scrambled out of the pit.,9c6ccac10fbd430bfa0be14e86fb832b0c5a9b6a0b6678295635f6d9a22ad1cb
distil_whisper_small,no_adapt,51,stage5ext_00207,3660ede2a2a5b5d649342a4a5c04e6b398b1247566aad9c6f059a84e8fa5405dd489100055b29dec8fa9b337b3661c001754f4f302bb85bd39eac24bee4023fe,England English,england,They reminded him of the old man.,They reminded him of the old man.,9c6ccac10fbd430bfa0be14e86fb832b0c5a9b6a0b6678295635f6d9a22ad1cb
distil_whisper_small,no_adapt,51,stage5ext_00208,3660ede2a2a5b5d649342a4a5c04e6b398b1247566aad9c6f059a84e8fa5405dd489100055b29dec8fa9b337b3661c001754f4f302bb85bd39eac24bee4023fe,England English,england,It made me very depressed.,It made me very depressed.,9c6ccac10fbd430bfa0be14e86fb832b0c5a9b6a0b6678295635f6d9a22ad1cb
distil_whisper_small,no_adapt,52,stage5ext_00209,3660ede2a2a5b5d649342a4a5c04e6b398b1247566aad9c6f059a84e8fa5405dd489100055b29dec8fa9b337b3661c001754f4f302bb85bd39eac24bee4023fe,England English,england,"The desert takes our men from us, and they don't always return, she said.","The desert takes our men from us, and they don't always return, she said.",9c6ccac10fbd430bfa0be14e86fb832b0c5a9b6a0b6678295635f6d9a22ad1cb
distil_whisper_small,no_adapt,52,stage5ext_00210,3660ede2a2a5b5d649342a4a5c04e6b398b1247566aad9c6f059a84e8fa5405dd489100055b29dec8fa9b337b3661c001754f4f302bb85bd39eac24bee4023fe,England English,england,"I'm not going very far, the alchemist answered, looking straight into the eyes of the horsemen.","I'm not going very far, the alcarist answered, looking straight into the eyes of the horseman.",9c6ccac10fbd430bfa0be14e86fb832b0c5a9b6a0b6678295635f6d9a22ad1cb
distil_whisper_small,no_adapt,52,stage5ext_00211,8a8222dab0c0c42714216b9bd4c9df455639a8ab6bf3e8b9f2bfcacf53429403cad2b28435366b158f4e53f423dd2371753476ff45cef46cde7012b3f749dd14,England English,england,How can I help you madam?,How can I help Humor Dum?,9c6ccac10fbd430bfa0be14e86fb832b0c5a9b6a0b6678295635f6d9a22ad1cb
distil_whisper_small,no_adapt,52,stage5ext_00212,8a8222dab0c0c42714216b9bd4c9df455639a8ab6bf3e8b9f2bfcacf53429403cad2b28435366b158f4e53f423dd2371753476ff45cef46cde7012b3f749dd14,England English,england,"The very next day, he woke refreshed.","The very next day, he woke refreshed.",9c6ccac10fbd430bfa0be14e86fb832b0c5a9b6a0b6678295635f6d9a22ad1cb
distil_whisper_small,no_adapt,53,stage5ext_00213,8a8222dab0c0c42714216b9bd4c9df455639a8ab6bf3e8b9f2bfcacf53429403cad2b28435366b158f4e53f423dd2371753476ff45cef46cde7012b3f749dd14,England English,england,"The C++ framework Qt is pronounced like ""cute"".","The C++ Plus framework, QT, is pronounced like Q's.",9c6ccac10fbd430bfa0be14e86fb832b0c5a9b6a0b6678295635f6d9a22ad1cb
distil_whisper_small,no_adapt,53,stage5ext_00214,8a8222dab0c0c42714216b9bd4c9df455639a8ab6bf3e8b9f2bfcacf53429403cad2b28435366b158f4e53f423dd2371753476ff45cef46cde7012b3f749dd14,England English,england,"Please use normal slashes, not backslashes.","Please use normal slashes, not backslashes!",9c6ccac10fbd430bfa0be14e86fb832b0c5a9b6a0b6678295635f6d9a22ad1cb
distil_whisper_small,no_adapt,53,stage5ext_00215,8a8222dab0c0c42714216b9bd4c9df455639a8ab6bf3e8b9f2bfcacf53429403cad2b28435366b158f4e53f423dd2371753476ff45cef46cde7012b3f749dd14,England English,england,What did I tell you?,What did I tell you?,9c6ccac10fbd430bfa0be14e86fb832b0c5a9b6a0b6678295635f6d9a22ad1cb
distil_whisper_small,no_adapt,53,stage5ext_00216,8a8222dab0c0c42714216b9bd4c9df455639a8ab6bf3e8b9f2bfcacf53429403cad2b28435366b158f4e53f423dd2371753476ff45cef46cde7012b3f749dd14,England English,england,"They are very impressive, I will admit.","They are very impressive, I was met.",9c6ccac10fbd430bfa0be14e86fb832b0c5a9b6a0b6678295635f6d9a22ad1cb
distil_whisper_small,no_adapt,54,stage5ext_00217,8a8222dab0c0c42714216b9bd4c9df455639a8ab6bf3e8b9f2bfcacf53429403cad2b28435366b158f4e53f423dd2371753476ff45cef46cde7012b3f749dd14,England English,england,"On his visit in Iran, the diplomat criticized the strict censorship.","On his vis an eye run, the diplomat criticised the strict censorship.",9c6ccac10fbd430bfa0be14e86fb832b0c5a9b6a0b6678295635f6d9a22ad1cb
distil_whisper_small,no_adapt,54,stage5ext_00218,8a8222dab0c0c42714216b9bd4c9df455639a8ab6bf3e8b9f2bfcacf53429403cad2b28435366b158f4e53f423dd2371753476ff45cef46cde7012b3f749dd14,England English,england,"Roger, the backup team is on the way.","Roger, the backup team is on the way.",9c6ccac10fbd430bfa0be14e86fb832b0c5a9b6a0b6678295635f6d9a22ad1cb
distil_whisper_small,no_adapt,54,stage5ext_00219,8a8222dab0c0c42714216b9bd4c9df455639a8ab6bf3e8b9f2bfcacf53429403cad2b28435366b158f4e53f423dd2371753476ff45cef46cde7012b3f749dd14,England English,england,Do you know what kind of package it was?,Do you know what kind of package it was?,9c6ccac10fbd430bfa0be14e86fb832b0c5a9b6a0b6678295635f6d9a22ad1cb
distil_whisper_small,no_adapt,54,stage5ext_00220,8a8222dab0c0c42714216b9bd4c9df455639a8ab6bf3e8b9f2bfcacf53429403cad2b28435366b158f4e53f423dd2371753476ff45cef46cde7012b3f749dd14,England English,england,And what did you do then?,And what did you do then?,9c6ccac10fbd430bfa0be14e86fb832b0c5a9b6a0b6678295635f6d9a22ad1cb
distil_whisper_small,no_adapt,55,stage5ext_00221,8a8222dab0c0c42714216b9bd4c9df455639a8ab6bf3e8b9f2bfcacf53429403cad2b28435366b158f4e53f423dd2371753476ff45cef46cde7012b3f749dd14,England English,england,Have I offended you?,Have I offended you?,9c6ccac10fbd430bfa0be14e86fb832b0c5a9b6a0b6678295635f6d9a22ad1cb
distil_whisper_small,no_adapt,55,stage5ext_00222,8a8222dab0c0c42714216b9bd4c9df455639a8ab6bf3e8b9f2bfcacf53429403cad2b28435366b158f4e53f423dd2371753476ff45cef46cde7012b3f749dd14,England English,england,How is Mozilla going to handle ambiguities like queue and cue?,How is Mazzilla going to handle ambiguities like Q and Q?,9c6ccac10fbd430bfa0be14e86fb832b0c5a9b6a0b6678295635f6d9a22ad1cb
distil_whisper_small,no_adapt,55,stage5ext_00223,8a8222dab0c0c42714216b9bd4c9df455639a8ab6bf3e8b9f2bfcacf53429403cad2b28435366b158f4e53f423dd2371753476ff45cef46cde7012b3f749dd14,England English,england,"Let's start it all over again, how about that?",Let's start it all over again. How about that?,9c6ccac10fbd430bfa0be14e86fb832b0c5a9b6a0b6678295635f6d9a22ad1cb
distil_whisper_small,no_adapt,55,stage5ext_00224,8a8222dab0c0c42714216b9bd4c9df455639a8ab6bf3e8b9f2bfcacf53429403cad2b28435366b158f4e53f423dd2371753476ff45cef46cde7012b3f749dd14,England English,england,"Glass eel is on the menu today, but it's too expensive.","Glass Eagle is on the menu today, but it's too expensive!",9c6ccac10fbd430bfa0be14e86fb832b0c5a9b6a0b6678295635f6d9a22ad1cb
distil_whisper_small,no_adapt,56,stage5ext_00225,8a8222dab0c0c42714216b9bd4c9df455639a8ab6bf3e8b9f2bfcacf53429403cad2b28435366b158f4e53f423dd2371753476ff45cef46cde7012b3f749dd14,England English,england,Do you have Nina's phone number?,Do you have a phone number?,9c6ccac10fbd430bfa0be14e86fb832b0c5a9b6a0b6678295635f6d9a22ad1cb
distil_whisper_small,no_adapt,56,stage5ext_00226,f25805de2cc32954193ecf06eea5b03b4bfdb4bfb76079cb6962fa8e301d5037ef953ff8c308458f121dfbc0f9933692b0eaee142f42a33ef6b7be7df794ed3b,England English,england,I wrote that for Tony Scott.,I wrote that for Tony Scott.,9c6ccac10fbd430bfa0be14e86fb832b0c5a9b6a0b6678295635f6d9a22ad1cb
distil_whisper_small,no_adapt,56,stage5ext_00227,f25805de2cc32954193ecf06eea5b03b4bfdb4bfb76079cb6962fa8e301d5037ef953ff8c308458f121dfbc0f9933692b0eaee142f42a33ef6b7be7df794ed3b,England English,england,The atoll is surrounded by a coral reef without a proper passage.,The atoll is surrounded by a cover reef without a proper passage.,9c6ccac10fbd430bfa0be14e86fb832b0c5a9b6a0b6678295635f6d9a22ad1cb
distil_whisper_small,no_adapt,56,stage5ext_00228,f25805de2cc32954193ecf06eea5b03b4bfdb4bfb76079cb6962fa8e301d5037ef953ff8c308458f121dfbc0f9933692b0eaee142f42a33ef6b7be7df794ed3b,England English,england,There are conflicting reports as to why Blair was asked to resign.,There are conflicting reports as to why Blair was asked to resign.,9c6ccac10fbd430bfa0be14e86fb832b0c5a9b6a0b6678295635f6d9a22ad1cb
distil_whisper_small,no_adapt,57,stage5ext_00229,f25805de2cc32954193ecf06eea5b03b4bfdb4bfb76079cb6962fa8e301d5037ef953ff8c308458f121dfbc0f9933692b0eaee142f42a33ef6b7be7df794ed3b,England English,england,There they visited a number of monastic foundations.,There they visited a number of monastic foundations.,9c6ccac10fbd430bfa0be14e86fb832b0c5a9b6a0b6678295635f6d9a22ad1cb
distil_whisper_small,no_adapt,57,stage5ext_00230,f25805de2cc32954193ecf06eea5b03b4bfdb4bfb76079cb6962fa8e301d5037ef953ff8c308458f121dfbc0f9933692b0eaee142f42a33ef6b7be7df794ed3b,England English,england,"The information regarding Amrod's naming, especially, comes from ""The Peoples of Middle-earth"".",The information regarding Amrod's naming especially comes from the peoples of Middle Earth.,9c6ccac10fbd430bfa0be14e86fb832b0c5a9b6a0b6678295635f6d9a22ad1cb
distil_whisper_small,no_adapt,57,stage5ext_00231,f25805de2cc32954193ecf06eea5b03b4bfdb4bfb76079cb6962fa8e301d5037ef953ff8c308458f121dfbc0f9933692b0eaee142f42a33ef6b7be7df794ed3b,England English,england,"It is located within the borders of Gothenburg Municipality, hence its name.","It is located within the borders of Gothenburg Municipality, hence its name.",9c6ccac10fbd430bfa0be14e86fb832b0c5a9b6a0b6678295635f6d9a22ad1cb
distil_whisper_small,no_adapt,57,stage5ext_00232,f25805de2cc32954193ecf06eea5b03b4bfdb4bfb76079cb6962fa8e301d5037ef953ff8c308458f121dfbc0f9933692b0eaee142f42a33ef6b7be7df794ed3b,England English,england,Billy May won the Grammy Award for Best Arrangement.,Billy May won the Grammy Award for Best Arrangements.,9c6ccac10fbd430bfa0be14e86fb832b0c5a9b6a0b6678295635f6d9a22ad1cb
distil_whisper_small,no_adapt,58,stage5ext_00233,f25805de2cc32954193ecf06eea5b03b4bfdb4bfb76079cb6962fa8e301d5037ef953ff8c308458f121dfbc0f9933692b0eaee142f42a33ef6b7be7df794ed3b,England English,england,Three additional buildings house kindergarten students.,Three additional buildings house kindergarten students.,9c6ccac10fbd430bfa0be14e86fb832b0c5a9b6a0b6678295635f6d9a22ad1cb
distil_whisper_small,no_adapt,58,stage5ext_00234,f25805de2cc32954193ecf06eea5b03b4bfdb4bfb76079cb6962fa8e301d5037ef953ff8c308458f121dfbc0f9933692b0eaee142f42a33ef6b7be7df794ed3b,England English,england,Its name is derived from the historic county of Surrey in England.,Its name is derived from the historic county of Surrey in England.,9c6ccac10fbd430bfa0be14e86fb832b0c5a9b6a0b6678295635f6d9a22ad1cb
distil_whisper_small,no_adapt,58,stage5ext_00235,f25805de2cc32954193ecf06eea5b03b4bfdb4bfb76079cb6962fa8e301d5037ef953ff8c308458f121dfbc0f9933692b0eaee142f42a33ef6b7be7df794ed3b,England English,england,"Dilshan is one such rare cricketer who can bat, bowl, field and keep wickets.","Dylshan is one such rare cricketer who can bat, bowl, field and keep wickets.",9c6ccac10fbd430bfa0be14e86fb832b0c5a9b6a0b6678295635f6d9a22ad1cb
distil_whisper_small,no_adapt,58,stage5ext_00236,f25805de2cc32954193ecf06eea5b03b4bfdb4bfb76079cb6962fa8e301d5037ef953ff8c308458f121dfbc0f9933692b0eaee142f42a33ef6b7be7df794ed3b,England English,england,"In the resulting field, these ""a"" and ""b"" are inverses.",In the resulting field these A and B are inverses.,9c6ccac10fbd430bfa0be14e86fb832b0c5a9b6a0b6678295635f6d9a22ad1cb
distil_whisper_small,no_adapt,59,stage5ext_00237,f25805de2cc32954193ecf06eea5b03b4bfdb4bfb76079cb6962fa8e301d5037ef953ff8c308458f121dfbc0f9933692b0eaee142f42a33ef6b7be7df794ed3b,England English,england,To the Church he left little and to the pope only a souvenir.,To the church he left little and to the Pope on your souvenir.,9c6ccac10fbd430bfa0be14e86fb832b0c5a9b6a0b6678295635f6d9a22ad1cb
distil_whisper_small,no_adapt,59,stage5ext_00238,f25805de2cc32954193ecf06eea5b03b4bfdb4bfb76079cb6962fa8e301d5037ef953ff8c308458f121dfbc0f9933692b0eaee142f42a33ef6b7be7df794ed3b,England English,england,There are several formats for the team pursuit.,There are several formats for the team pursuit.,9c6ccac10fbd430bfa0be14e86fb832b0c5a9b6a0b6678295635f6d9a22ad1cb
distil_whisper_small,no_adapt,59,stage5ext_00239,f25805de2cc32954193ecf06eea5b03b4bfdb4bfb76079cb6962fa8e301d5037ef953ff8c308458f121dfbc0f9933692b0eaee142f42a33ef6b7be7df794ed3b,England English,england,"In Harrison, the route enters a residential area before curving southeast toward Stephenson Avenue.",In Harrison the route enters the residential area before curving south-east towards Stevenson Avenue.,9c6ccac10fbd430bfa0be14e86fb832b0c5a9b6a0b6678295635f6d9a22ad1cb
distil_whisper_small,no_adapt,59,stage5ext_00240,f25805de2cc32954193ecf06eea5b03b4bfdb4bfb76079cb6962fa8e301d5037ef953ff8c308458f121dfbc0f9933692b0eaee142f42a33ef6b7be7df794ed3b,England English,england,"The other track, ""To Your Grave"", remains unreleased.",The other truck to your grave remains unreleased.,9c6ccac10fbd430bfa0be14e86fb832b0c5a9b6a0b6678295635f6d9a22ad1cb
distil_whisper_small,no_adapt,60,stage5ext_00241,b2366de045c2eb18ed349bee593e8f3a0c9038602bb8f13f2008fe4ff2087aaa4e5ac78379011510dc25d6a7bcd36a3a6ac86b35f0a27b886832c337d95f27d5,England English,england,The standard prescribes that address collisions must be handled gracefully.,The standard prescribes that address collisions must be handled gracefully.,9c6ccac10fbd430bfa0be14e86fb832b0c5a9b6a0b6678295635f6d9a22ad1cb
distil_whisper_small,no_adapt,60,stage5ext_00242,b2366de045c2eb18ed349bee593e8f3a0c9038602bb8f13f2008fe4ff2087aaa4e5ac78379011510dc25d6a7bcd36a3a6ac86b35f0a27b886832c337d95f27d5,England English,england,"To this end, they offered the role to Harrison Ford who turned them down.","To this end they offered the role to Harrison Forp, who turned them down.",9c6ccac10fbd430bfa0be14e86fb832b0c5a9b6a0b6678295635f6d9a22ad1cb
distil_whisper_small,no_adapt,60,stage5ext_00243,b2366de045c2eb18ed349bee593e8f3a0c9038602bb8f13f2008fe4ff2087aaa4e5ac78379011510dc25d6a7bcd36a3a6ac86b35f0a27b886832c337d95f27d5,England English,england,"The word comes from ""krievs"", which means ""Russian"".",The word comes from Priiffs which means mushing.,9c6ccac10fbd430bfa0be14e86fb832b0c5a9b6a0b6678295635f6d9a22ad1cb
distil_whisper_small,no_adapt,60,stage5ext_00244,b2366de045c2eb18ed349bee593e8f3a0c9038602bb8f13f2008fe4ff2087aaa4e5ac78379011510dc25d6a7bcd36a3a6ac86b35f0a27b886832c337d95f27d5,England English,england,"If he went before, he looked back.","If he went before, he looked back.",9c6ccac10fbd430bfa0be14e86fb832b0c5a9b6a0b6678295635f6d9a22ad1cb
distil_whisper_small,no_adapt,61,stage5ext_00245,b2366de045c2eb18ed349bee593e8f3a0c9038602bb8f13f2008fe4ff2087aaa4e5ac78379011510dc25d6a7bcd36a3a6ac86b35f0a27b886832c337d95f27d5,England English,england,It is the Artin root number.,It is the Arsen root number.,9c6ccac10fbd430bfa0be14e86fb832b0c5a9b6a0b6678295635f6d9a22ad1cb
distil_whisper_small,no_adapt,61,stage5ext_00246,b2366de045c2eb18ed349bee593e8f3a0c9038602bb8f13f2008fe4ff2087aaa4e5ac78379011510dc25d6a7bcd36a3a6ac86b35f0a27b886832c337d95f27d5,England English,england,"Yet, we will ensure that one brutal dictator is not replaced by another.","Yet, we will ensure that one boot-to-toothed tator is not replaced by another.",9c6ccac10fbd430bfa0be14e86fb832b0c5a9b6a0b6678295635f6d9a22ad1cb
distil_whisper_small,no_adapt,61,stage5ext_00247,b2366de045c2eb18ed349bee593e8f3a0c9038602bb8f13f2008fe4ff2087aaa4e5ac78379011510dc25d6a7bcd36a3a6ac86b35f0a27b886832c337d95f27d5,England English,england,Mythic Legions is a fantasy line of action figures from Four Horsemen Studios.,Mythic Legends is a fantasy line of action figures from four horsemen studios.,9c6ccac10fbd430bfa0be14e86fb832b0c5a9b6a0b6678295635f6d9a22ad1cb
distil_whisper_small,no_adapt,61,stage5ext_00248,b2366de045c2eb18ed349bee593e8f3a0c9038602bb8f13f2008fe4ff2087aaa4e5ac78379011510dc25d6a7bcd36a3a6ac86b35f0a27b886832c337d95f27d5,England English,england,It is a simple scrape with no nest material used.,It is a simple scrape with no nest material used.,9c6ccac10fbd430bfa0be14e86fb832b0c5a9b6a0b6678295635f6d9a22ad1cb
distil_whisper_small,no_adapt,62,stage5ext_00249,b2366de045c2eb18ed349bee593e8f3a0c9038602bb8f13f2008fe4ff2087aaa4e5ac78379011510dc25d6a7bcd36a3a6ac86b35f0a27b886832c337d95f27d5,England English,england,"He is the one who gives the gorilla the new name of ""Ishmael"".",He is the one who gives the guilla the new name of Ishmael.,9c6ccac10fbd430bfa0be14e86fb832b0c5a9b6a0b6678295635f6d9a22ad1cb
distil_whisper_small,no_adapt,62,stage5ext_00250,b2366de045c2eb18ed349bee593e8f3a0c9038602bb8f13f2008fe4ff2087aaa4e5ac78379011510dc25d6a7bcd36a3a6ac86b35f0a27b886832c337d95f27d5,England English,england,The center was then called Smirnoff Music Centre.,The centre was then called Smirnoff Music Centre.,9c6ccac10fbd430bfa0be14e86fb832b0c5a9b6a0b6678295635f6d9a22ad1cb
distil_whisper_small,no_adapt,62,stage5ext_00251,b2366de045c2eb18ed349bee593e8f3a0c9038602bb8f13f2008fe4ff2087aaa4e5ac78379011510dc25d6a7bcd36a3a6ac86b35f0a27b886832c337d95f27d5,England English,england,"Also in these television series, Winnetou was played by Brice.",Also in these television series Winner 2 was played by Bryce.,9c6ccac10fbd430bfa0be14e86fb832b0c5a9b6a0b6678295635f6d9a22ad1cb
distil_whisper_small,no_adapt,62,stage5ext_00252,b2366de045c2eb18ed349bee593e8f3a0c9038602bb8f13f2008fe4ff2087aaa4e5ac78379011510dc25d6a7bcd36a3a6ac86b35f0a27b886832c337d95f27d5,England English,england,The event is televised around the globe.,The event is televised around the globe.,9c6ccac10fbd430bfa0be14e86fb832b0c5a9b6a0b6678295635f6d9a22ad1cb
distil_whisper_small,no_adapt,63,stage5ext_00253,b2366de045c2eb18ed349bee593e8f3a0c9038602bb8f13f2008fe4ff2087aaa4e5ac78379011510dc25d6a7bcd36a3a6ac86b35f0a27b886832c337d95f27d5,England English,england,Matthews later started Newbridge Networks.,Matthew's later started Newbridge Networks.,9c6ccac10fbd430bfa0be14e86fb832b0c5a9b6a0b6678295635f6d9a22ad1cb
distil_whisper_small,no_adapt,63,stage5ext_00254,b2366de045c2eb18ed349bee593e8f3a0c9038602bb8f13f2008fe4ff2087aaa4e5ac78379011510dc25d6a7bcd36a3a6ac86b35f0a27b886832c337d95f27d5,England English,england,Examples of this apparently ungrammatical usage can be found throughout the history of English.,Examples of this apparently ungrammatical usage can be found throughout the history of English.,9c6ccac10fbd430bfa0be14e86fb832b0c5a9b6a0b6678295635f6d9a22ad1cb
distil_whisper_small,no_adapt,63,stage5ext_00255,b2366de045c2eb18ed349bee593e8f3a0c9038602bb8f13f2008fe4ff2087aaa4e5ac78379011510dc25d6a7bcd36a3a6ac86b35f0a27b886832c337d95f27d5,England English,england,FaSinPat has been financially successful and able to expand.,Far Sin Pat has been financially successful and able to expand.,9c6ccac10fbd430bfa0be14e86fb832b0c5a9b6a0b6678295635f6d9a22ad1cb
distil_whisper_small,no_adapt,63,stage5ext_00256,94902b88a78c4f1863a7effcce3553303f5bb14d8d6eea7900eea1c261ebf3a2ea97f8d9ecfc4c58dbe683f2df36a1653231f495f7ad9cc38f9fe61a0b2275ac,England English,england,"Salmon is one of the most popular fish and very delicious, though usually not sustainable.",Salmon is one of the most popular fish and very delicious though usually not sustainable.,9c6ccac10fbd430bfa0be14e86fb832b0c5a9b6a0b6678295635f6d9a22ad1cb
distil_whisper_small,no_adapt,64,stage5ext_00257,94902b88a78c4f1863a7effcce3553303f5bb14d8d6eea7900eea1c261ebf3a2ea97f8d9ecfc4c58dbe683f2df36a1653231f495f7ad9cc38f9fe61a0b2275ac,England English,england,"It's such an unfair world, innit?","It's such an unfair world, isn't it?",9c6ccac10fbd430bfa0be14e86fb832b0c5a9b6a0b6678295635f6d9a22ad1cb
distil_whisper_small,no_adapt,64,stage5ext_00258,94902b88a78c4f1863a7effcce3553303f5bb14d8d6eea7900eea1c261ebf3a2ea97f8d9ecfc4c58dbe683f2df36a1653231f495f7ad9cc38f9fe61a0b2275ac,England English,england,"A musical note sustained to its full length, with no break between it and the next note.",A musical note sustained to its full length with no break between it and the next note.,9c6ccac10fbd430bfa0be14e86fb832b0c5a9b6a0b6678295635f6d9a22ad1cb
distil_whisper_small,no_adapt,64,stage5ext_00259,94902b88a78c4f1863a7effcce3553303f5bb14d8d6eea7900eea1c261ebf3a2ea97f8d9ecfc4c58dbe683f2df36a1653231f495f7ad9cc38f9fe61a0b2275ac,England English,england,"After playing tennis in virtual reality, he felt dizzy.",After playing tennis in virtual reality he felt dizzy.,9c6ccac10fbd430bfa0be14e86fb832b0c5a9b6a0b6678295635f6d9a22ad1cb
distil_whisper_small,no_adapt,64,stage5ext_00260,94902b88a78c4f1863a7effcce3553303f5bb14d8d6eea7900eea1c261ebf3a2ea97f8d9ecfc4c58dbe683f2df36a1653231f495f7ad9cc38f9fe61a0b2275ac,England English,england,"Take a sponge, some dish liquid and a towel, then get to work!","Take a sponge, some dish liquid and a towel and get to work.",9c6ccac10fbd430bfa0be14e86fb832b0c5a9b6a0b6678295635f6d9a22ad1cb
distil_whisper_small,no_adapt,65,stage5ext_00261,94902b88a78c4f1863a7effcce3553303f5bb14d8d6eea7900eea1c261ebf3a2ea97f8d9ecfc4c58dbe683f2df36a1653231f495f7ad9cc38f9fe61a0b2275ac,England English,england,Have you seen Hollie?,Have you seen Holly?,9c6ccac10fbd430bfa0be14e86fb832b0c5a9b6a0b6678295635f6d9a22ad1cb
distil_whisper_small,no_adapt,65,stage5ext_00262,94902b88a78c4f1863a7effcce3553303f5bb14d8d6eea7900eea1c261ebf3a2ea97f8d9ecfc4c58dbe683f2df36a1653231f495f7ad9cc38f9fe61a0b2275ac,England English,england,Do geese always fly in that formation?,The geese always fly in that formation.,9c6ccac10fbd430bfa0be14e86fb832b0c5a9b6a0b6678295635f6d9a22ad1cb
distil_whisper_small,no_adapt,65,stage5ext_00263,94902b88a78c4f1863a7effcce3553303f5bb14d8d6eea7900eea1c261ebf3a2ea97f8d9ecfc4c58dbe683f2df36a1653231f495f7ad9cc38f9fe61a0b2275ac,England English,england,"No one picked up, so I went by her place on the way here.",No one picked up so I went by her place on the way here.,9c6ccac10fbd430bfa0be14e86fb832b0c5a9b6a0b6678295635f6d9a22ad1cb
distil_whisper_small,no_adapt,65,stage5ext_00264,94902b88a78c4f1863a7effcce3553303f5bb14d8d6eea7900eea1c261ebf3a2ea97f8d9ecfc4c58dbe683f2df36a1653231f495f7ad9cc38f9fe61a0b2275ac,England English,england,Have I offended you?,Have I offended you?,9c6ccac10fbd430bfa0be14e86fb832b0c5a9b6a0b6678295635f6d9a22ad1cb
distil_whisper_small,no_adapt,66,stage5ext_00265,94902b88a78c4f1863a7effcce3553303f5bb14d8d6eea7900eea1c261ebf3a2ea97f8d9ecfc4c58dbe683f2df36a1653231f495f7ad9cc38f9fe61a0b2275ac,England English,england,What does that mean?,What does that mean?,9c6ccac10fbd430bfa0be14e86fb832b0c5a9b6a0b6678295635f6d9a22ad1cb
distil_whisper_small,no_adapt,66,stage5ext_00266,94902b88a78c4f1863a7effcce3553303f5bb14d8d6eea7900eea1c261ebf3a2ea97f8d9ecfc4c58dbe683f2df36a1653231f495f7ad9cc38f9fe61a0b2275ac,England English,england,There's just one last bug I'd like to fix before I head home.,There's just one last bug I'd like to fix before I head home.,9c6ccac10fbd430bfa0be14e86fb832b0c5a9b6a0b6678295635f6d9a22ad1cb
distil_whisper_small,no_adapt,66,stage5ext_00267,94902b88a78c4f1863a7effcce3553303f5bb14d8d6eea7900eea1c261ebf3a2ea97f8d9ecfc4c58dbe683f2df36a1653231f495f7ad9cc38f9fe61a0b2275ac,England English,england,I suspect this may be someone new making themselves known.,I suspect this may be someone new making themselves known.,9c6ccac10fbd430bfa0be14e86fb832b0c5a9b6a0b6678295635f6d9a22ad1cb
distil_whisper_small,no_adapt,66,stage5ext_00268,94902b88a78c4f1863a7effcce3553303f5bb14d8d6eea7900eea1c261ebf3a2ea97f8d9ecfc4c58dbe683f2df36a1653231f495f7ad9cc38f9fe61a0b2275ac,England English,england,"Clams are small, round, soft, and tasty.",Clams are small round soft and tasty.,9c6ccac10fbd430bfa0be14e86fb832b0c5a9b6a0b6678295635f6d9a22ad1cb
distil_whisper_small,no_adapt,67,stage5ext_00269,94902b88a78c4f1863a7effcce3553303f5bb14d8d6eea7900eea1c261ebf3a2ea97f8d9ecfc4c58dbe683f2df36a1653231f495f7ad9cc38f9fe61a0b2275ac,England English,england,Can I get the sandwich without mayonnaise?,Can I get a sandwich without mayonnaise?,9c6ccac10fbd430bfa0be14e86fb832b0c5a9b6a0b6678295635f6d9a22ad1cb
distil_whisper_small,no_adapt,67,stage5ext_00270,94902b88a78c4f1863a7effcce3553303f5bb14d8d6eea7900eea1c261ebf3a2ea97f8d9ecfc4c58dbe683f2df36a1653231f495f7ad9cc38f9fe61a0b2275ac,England English,england,"Here, let me show you around.",Here let me show you around.,9c6ccac10fbd430bfa0be14e86fb832b0c5a9b6a0b6678295635f6d9a22ad1cb
distil_whisper_small,no_adapt,67,stage5ext_00271,3742174ae31b78b11558814a7196a5eec0f489ad3e728a2a125dd1a60c809a770eeaa758499c014bf728437835b4ea9c031a3a9c838b3882b35ed28744768ef3,England English,england,It will replace the existing train station hall inside the mall.,It will replace the existing train station hall inside the mall.,9c6ccac10fbd430bfa0be14e86fb832b0c5a9b6a0b6678295635f6d9a22ad1cb
distil_whisper_small,no_adapt,67,stage5ext_00272,3742174ae31b78b11558814a7196a5eec0f489ad3e728a2a125dd1a60c809a770eeaa758499c014bf728437835b4ea9c031a3a9c838b3882b35ed28744768ef3,England English,england,"Yes, it would be.","Yes, it would be.",9c6ccac10fbd430bfa0be14e86fb832b0c5a9b6a0b6678295635f6d9a22ad1cb
distil_whisper_small,no_adapt,68,stage5ext_00273,3742174ae31b78b11558814a7196a5eec0f489ad3e728a2a125dd1a60c809a770eeaa758499c014bf728437835b4ea9c031a3a9c838b3882b35ed28744768ef3,England English,england,"The Google search bar is for searching, not for typing URLs!","The Google server is for searching, not for typing your emails.",9c6ccac10fbd430bfa0be14e86fb832b0c5a9b6a0b6678295635f6d9a22ad1cb
distil_whisper_small,no_adapt,68,stage5ext_00274,3742174ae31b78b11558814a7196a5eec0f489ad3e728a2a125dd1a60c809a770eeaa758499c014bf728437835b4ea9c031a3a9c838b3882b35ed28744768ef3,England English,england,"C'mon, we need to turn on our GPS so we don't end up in the middle of nowhere.","Come on, we need to turn on our GPS so we don't end up in the middle of nowhere.",9c6ccac10fbd430bfa0be14e86fb832b0c5a9b6a0b6678295635f6d9a22ad1cb
distil_whisper_small,no_adapt,68,stage5ext_00275,3742174ae31b78b11558814a7196a5eec0f489ad3e728a2a125dd1a60c809a770eeaa758499c014bf728437835b4ea9c031a3a9c838b3882b35ed28744768ef3,England English,england,"After an avalanche buried the skiing resort, it was hard to determine its exact location.",After imbalance we reached the sky and resort it was hard to determine its exact location.,9c6ccac10fbd430bfa0be14e86fb832b0c5a9b6a0b6678295635f6d9a22ad1cb
distil_whisper_small,no_adapt,68,stage5ext_00276,3742174ae31b78b11558814a7196a5eec0f489ad3e728a2a125dd1a60c809a770eeaa758499c014bf728437835b4ea9c031a3a9c838b3882b35ed28744768ef3,England English,england,Who has already arrived?,Who has already arrived?,9c6ccac10fbd430bfa0be14e86fb832b0c5a9b6a0b6678295635f6d9a22ad1cb
distil_whisper_small,no_adapt,69,stage5ext_00277,3742174ae31b78b11558814a7196a5eec0f489ad3e728a2a125dd1a60c809a770eeaa758499c014bf728437835b4ea9c031a3a9c838b3882b35ed28744768ef3,England English,england,"I like reading about medical mysteries, don't you?","I like reading about medical mysteries, don't you?",9c6ccac10fbd430bfa0be14e86fb832b0c5a9b6a0b6678295635f6d9a22ad1cb
distil_whisper_small,no_adapt,69,stage5ext_00278,3742174ae31b78b11558814a7196a5eec0f489ad3e728a2a125dd1a60c809a770eeaa758499c014bf728437835b4ea9c031a3a9c838b3882b35ed28744768ef3,England English,england,In a cataleptic trance.,in the catalytic trends.,9c6ccac10fbd430bfa0be14e86fb832b0c5a9b6a0b6678295635f6d9a22ad1cb
distil_whisper_small,no_adapt,69,stage5ext_00279,3742174ae31b78b11558814a7196a5eec0f489ad3e728a2a125dd1a60c809a770eeaa758499c014bf728437835b4ea9c031a3a9c838b3882b35ed28744768ef3,England English,england,"The thing is, nobody knew what was happening.",The thing is nobody knew what was happening.,9c6ccac10fbd430bfa0be14e86fb832b0c5a9b6a0b6678295635f6d9a22ad1cb
distil_whisper_small,no_adapt,69,stage5ext_00280,3742174ae31b78b11558814a7196a5eec0f489ad3e728a2a125dd1a60c809a770eeaa758499c014bf728437835b4ea9c031a3a9c838b3882b35ed28744768ef3,England English,england,"Living alone, she made solitude her best friend.","Living alone, she made solitude her best friend.",9c6ccac10fbd430bfa0be14e86fb832b0c5a9b6a0b6678295635f6d9a22ad1cb
distil_whisper_small,no_adapt,70,stage5ext_00281,3742174ae31b78b11558814a7196a5eec0f489ad3e728a2a125dd1a60c809a770eeaa758499c014bf728437835b4ea9c031a3a9c838b3882b35ed28744768ef3,England English,england,She did her first scene with Peter North.,She did her first scene with Beecharnoth.,9c6ccac10fbd430bfa0be14e86fb832b0c5a9b6a0b6678295635f6d9a22ad1cb
distil_whisper_small,no_adapt,70,stage5ext_00282,3742174ae31b78b11558814a7196a5eec0f489ad3e728a2a125dd1a60c809a770eeaa758499c014bf728437835b4ea9c031a3a9c838b3882b35ed28744768ef3,England English,england,"Television can make you dumb, but it can also be good education.",Television can make you dump but it can also be good education.,9c6ccac10fbd430bfa0be14e86fb832b0c5a9b6a0b6678295635f6d9a22ad1cb
distil_whisper_small,no_adapt,70,stage5ext_00283,3742174ae31b78b11558814a7196a5eec0f489ad3e728a2a125dd1a60c809a770eeaa758499c014bf728437835b4ea9c031a3a9c838b3882b35ed28744768ef3,England English,england,"In a cinematic rope-down maneuver, the special forces overwhelmed the criminals.","In the cinematic group Down Manor, the special forces overhound criminals.",9c6ccac10fbd430bfa0be14e86fb832b0c5a9b6a0b6678295635f6d9a22ad1cb
distil_whisper_small,no_adapt,70,stage5ext_00284,3742174ae31b78b11558814a7196a5eec0f489ad3e728a2a125dd1a60c809a770eeaa758499c014bf728437835b4ea9c031a3a9c838b3882b35ed28744768ef3,England English,england,What can have happened?,What can have happened?,9c6ccac10fbd430bfa0be14e86fb832b0c5a9b6a0b6678295635f6d9a22ad1cb
distil_whisper_small,no_adapt,71,stage5ext_00285,3742174ae31b78b11558814a7196a5eec0f489ad3e728a2a125dd1a60c809a770eeaa758499c014bf728437835b4ea9c031a3a9c838b3882b35ed28744768ef3,England English,england,Now where could my pipe be?,Now where could my pipe be?,9c6ccac10fbd430bfa0be14e86fb832b0c5a9b6a0b6678295635f6d9a22ad1cb
distil_whisper_small,no_adapt,71,stage5ext_00286,e52a28d767575f4c42c09ca60e1aeaca303322a7771a484213c006ee0297bc33805e0e8dfe177da9a618d61156c387a65a6530200eb9502866cd36c88293e84f,England English,england,I'd love to hear readers sing this.,I'd love to hear the readers sing this.,9c6ccac10fbd430bfa0be14e86fb832b0c5a9b6a0b6678295635f6d9a22ad1cb
distil_whisper_small,no_adapt,71,stage5ext_00287,e52a28d767575f4c42c09ca60e1aeaca303322a7771a484213c006ee0297bc33805e0e8dfe177da9a618d61156c387a65a6530200eb9502866cd36c88293e84f,England English,england,The pup jerked the leash as he saw a feline shape.,The pot purget of the leish as he saw a feline shape.,9c6ccac10fbd430bfa0be14e86fb832b0c5a9b6a0b6678295635f6d9a22ad1cb
distil_whisper_small,no_adapt,71,stage5ext_00288,e52a28d767575f4c42c09ca60e1aeaca303322a7771a484213c006ee0297bc33805e0e8dfe177da9a618d61156c387a65a6530200eb9502866cd36c88293e84f,England English,england,"It's raining heavily, take an umbrella.",It's raining heavily. Take an umbrella.,9c6ccac10fbd430bfa0be14e86fb832b0c5a9b6a0b6678295635f6d9a22ad1cb
distil_whisper_small,no_adapt,72,stage5ext_00289,e52a28d767575f4c42c09ca60e1aeaca303322a7771a484213c006ee0297bc33805e0e8dfe177da9a618d61156c387a65a6530200eb9502866cd36c88293e84f,England English,england,"Oh, I don't know.","Oh, I don't know.",9c6ccac10fbd430bfa0be14e86fb832b0c5a9b6a0b6678295635f6d9a22ad1cb
distil_whisper_small,no_adapt,72,stage5ext_00290,e52a28d767575f4c42c09ca60e1aeaca303322a7771a484213c006ee0297bc33805e0e8dfe177da9a618d61156c387a65a6530200eb9502866cd36c88293e84f,England English,england,I have to work this Saturday.,I have to work this Saturday.,9c6ccac10fbd430bfa0be14e86fb832b0c5a9b6a0b6678295635f6d9a22ad1cb
distil_whisper_small,no_adapt,72,stage5ext_00291,e52a28d767575f4c42c09ca60e1aeaca303322a7771a484213c006ee0297bc33805e0e8dfe177da9a618d61156c387a65a6530200eb9502866cd36c88293e84f,England English,england,By twenty-twenty-two I expect the problem will be solved.,By 2022 I expect the problem will be solved.,9c6ccac10fbd430bfa0be14e86fb832b0c5a9b6a0b6678295635f6d9a22ad1cb
distil_whisper_small,no_adapt,72,stage5ext_00292,e52a28d767575f4c42c09ca60e1aeaca303322a7771a484213c006ee0297bc33805e0e8dfe177da9a618d61156c387a65a6530200eb9502866cd36c88293e84f,England English,england,The incubation period is typically about two weeks.,The incubation period is typically about two weeks.,9c6ccac10fbd430bfa0be14e86fb832b0c5a9b6a0b6678295635f6d9a22ad1cb
distil_whisper_small,no_adapt,73,stage5ext_00293,e52a28d767575f4c42c09ca60e1aeaca303322a7771a484213c006ee0297bc33805e0e8dfe177da9a618d61156c387a65a6530200eb9502866cd36c88293e84f,England English,england,The sink is the thing in which we pile dishes.,The sink is the thing in which we pile dishes.,9c6ccac10fbd430bfa0be14e86fb832b0c5a9b6a0b6678295635f6d9a22ad1cb
distil_whisper_small,no_adapt,73,stage5ext_00294,e52a28d767575f4c42c09ca60e1aeaca303322a7771a484213c006ee0297bc33805e0e8dfe177da9a618d61156c387a65a6530200eb9502866cd36c88293e84f,England English,england,Rick was in the first aid club as a sixth-former.,Rick was in the first aid club as a sixth former.,9c6ccac10fbd430bfa0be14e86fb832b0c5a9b6a0b6678295635f6d9a22ad1cb
distil_whisper_small,no_adapt,73,stage5ext_00295,e52a28d767575f4c42c09ca60e1aeaca303322a7771a484213c006ee0297bc33805e0e8dfe177da9a618d61156c387a65a6530200eb9502866cd36c88293e84f,England English,england,"Hello, my name is Brenda.","Hello, my name is Brenda.",9c6ccac10fbd430bfa0be14e86fb832b0c5a9b6a0b6678295635f6d9a22ad1cb
distil_whisper_small,no_adapt,73,stage5ext_00296,e52a28d767575f4c42c09ca60e1aeaca303322a7771a484213c006ee0297bc33805e0e8dfe177da9a618d61156c387a65a6530200eb9502866cd36c88293e84f,England English,england,Keep It Simple The KISS principal.,"Keep it simple, the kiss principle.",9c6ccac10fbd430bfa0be14e86fb832b0c5a9b6a0b6678295635f6d9a22ad1cb
distil_whisper_small,no_adapt,74,stage5ext_00297,e52a28d767575f4c42c09ca60e1aeaca303322a7771a484213c006ee0297bc33805e0e8dfe177da9a618d61156c387a65a6530200eb9502866cd36c88293e84f,England English,england,"If you experience further problems, please let me know.","If you experience further problems, please let me know.",9c6ccac10fbd430bfa0be14e86fb832b0c5a9b6a0b6678295635f6d9a22ad1cb
distil_whisper_small,no_adapt,74,stage5ext_00298,e52a28d767575f4c42c09ca60e1aeaca303322a7771a484213c006ee0297bc33805e0e8dfe177da9a618d61156c387a65a6530200eb9502866cd36c88293e84f,England English,england,I did this to prevent cycling and encourage greater movement through the solution space.,I did this to prevent cycling and encourage greater movement through the solution space.,9c6ccac10fbd430bfa0be14e86fb832b0c5a9b6a0b6678295635f6d9a22ad1cb
distil_whisper_small,no_adapt,74,stage5ext_00299,e52a28d767575f4c42c09ca60e1aeaca303322a7771a484213c006ee0297bc33805e0e8dfe177da9a618d61156c387a65a6530200eb9502866cd36c88293e84f,England English,england,The dog was wagged its tail.,The dog was wagged its tail.,9c6ccac10fbd430bfa0be14e86fb832b0c5a9b6a0b6678295635f6d9a22ad1cb
distil_whisper_small,no_adapt,74,stage5ext_00300,e52a28d767575f4c42c09ca60e1aeaca303322a7771a484213c006ee0297bc33805e0e8dfe177da9a618d61156c387a65a6530200eb9502866cd36c88293e84f,England English,england,The box is held by a bright red snapper.,The box is held by a bright red snapper.,9c6ccac10fbd430bfa0be14e86fb832b0c5a9b6a0b6678295635f6d9a22ad1cb
distil_whisper_small,no_adapt,75,stage5ext_00301,8f7e0c1a745bde3b6375473b87b997d5f687a8a0d9c28a96b8fd9b2db97634c0c09607da808a8e8a08588137234ce63b8a9e537fd15117628bc7cfca6ae12059,South Asian English,south_asian,"Also, oil and coal have hidden costs that others have to pay.",Also oil and coal have hidden costs that others have to pay.,9c6ccac10fbd430bfa0be14e86fb832b0c5a9b6a0b6678295635f6d9a22ad1cb
distil_whisper_small,no_adapt,75,stage5ext_00302,8f7e0c1a745bde3b6375473b87b997d5f687a8a0d9c28a96b8fd9b2db97634c0c09607da808a8e8a08588137234ce63b8a9e537fd15117628bc7cfca6ae12059,South Asian English,south_asian,The rest of the site is now a gated community of up-market homes.,The rest of the site is now a gated community of upmarket homes.,9c6ccac10fbd430bfa0be14e86fb832b0c5a9b6a0b6678295635f6d9a22ad1cb
distil_whisper_small,no_adapt,75,stage5ext_00303,8f7e0c1a745bde3b6375473b87b997d5f687a8a0d9c28a96b8fd9b2db97634c0c09607da808a8e8a08588137234ce63b8a9e537fd15117628bc7cfca6ae12059,South Asian English,south_asian,"We first met each other under the Eiffel tower, it was magical.",We first met each other under the Ifa tower. It was magical.,9c6ccac10fbd430bfa0be14e86fb832b0c5a9b6a0b6678295635f6d9a22ad1cb
distil_whisper_small,no_adapt,75,stage5ext_00304,8f7e0c1a745bde3b6375473b87b997d5f687a8a0d9c28a96b8fd9b2db97634c0c09607da808a8e8a08588137234ce63b8a9e537fd15117628bc7cfca6ae12059,South Asian English,south_asian,"You know, singing karaoke with you makes me realize how good of a singer I am.","You know, singing karaoke with you makes me realize how good of a singer I am.",9c6ccac10fbd430bfa0be14e86fb832b0c5a9b6a0b6678295635f6d9a22ad1cb
distil_whisper_small,no_adapt,76,stage5ext_00305,8f7e0c1a745bde3b6375473b87b997d5f687a8a0d9c28a96b8fd9b2db97634c0c09607da808a8e8a08588137234ce63b8a9e537fd15117628bc7cfca6ae12059,South Asian English,south_asian,Many rare shore birds breed here along the beaches.,Many rarer showbirds breed here along the beaches.,9c6ccac10fbd430bfa0be14e86fb832b0c5a9b6a0b6678295635f6d9a22ad1cb
distil_whisper_small,no_adapt,76,stage5ext_00306,8f7e0c1a745bde3b6375473b87b997d5f687a8a0d9c28a96b8fd9b2db97634c0c09607da808a8e8a08588137234ce63b8a9e537fd15117628bc7cfca6ae12059,South Asian English,south_asian,There is no legal recognition of same-sex couples explicitly in Venezuelan law.,There is no legal recognition of same-sex couples explicitly in Venezuelan law.,9c6ccac10fbd430bfa0be14e86fb832b0c5a9b6a0b6678295635f6d9a22ad1cb
distil_whisper_small,no_adapt,76,stage5ext_00307,8f7e0c1a745bde3b6375473b87b997d5f687a8a0d9c28a96b8fd9b2db97634c0c09607da808a8e8a08588137234ce63b8a9e537fd15117628bc7cfca6ae12059,South Asian English,south_asian,"It was easy to see on the radiogram, that his bones were broken.",It was easy to see on the radiogram that his bones were broken.,9c6ccac10fbd430bfa0be14e86fb832b0c5a9b6a0b6678295635f6d9a22ad1cb
distil_whisper_small,no_adapt,76,stage5ext_00308,8f7e0c1a745bde3b6375473b87b997d5f687a8a0d9c28a96b8fd9b2db97634c0c09607da808a8e8a08588137234ce63b8a9e537fd15117628bc7cfca6ae12059,South Asian English,south_asian,"However, ""Maggi goreng"" is cooked by stir-frying them with vegetables and eggs.","However, Maggie Goreng is cooked by stir-frying then vegetables and eggs.",9c6ccac10fbd430bfa0be14e86fb832b0c5a9b6a0b6678295635f6d9a22ad1cb
distil_whisper_small,no_adapt,77,stage5ext_00309,8f7e0c1a745bde3b6375473b87b997d5f687a8a0d9c28a96b8fd9b2db97634c0c09607da808a8e8a08588137234ce63b8a9e537fd15117628bc7cfca6ae12059,South Asian English,south_asian,with the University of the Hon.,with the University of the Rhône.,9c6ccac10fbd430bfa0be14e86fb832b0c5a9b6a0b6678295635f6d9a22ad1cb
distil_whisper_small,no_adapt,77,stage5ext_00310,8f7e0c1a745bde3b6375473b87b997d5f687a8a0d9c28a96b8fd9b2db97634c0c09607da808a8e8a08588137234ce63b8a9e537fd15117628bc7cfca6ae12059,South Asian English,south_asian,"Bacon, pancakes and maple syrup is a hearty start to any day.","Bacon, pancakes and maple syrup is a hearty start to any day.",9c6ccac10fbd430bfa0be14e86fb832b0c5a9b6a0b6678295635f6d9a22ad1cb
distil_whisper_small,no_adapt,77,stage5ext_00311,8f7e0c1a745bde3b6375473b87b997d5f687a8a0d9c28a96b8fd9b2db97634c0c09607da808a8e8a08588137234ce63b8a9e537fd15117628bc7cfca6ae12059,South Asian English,south_asian,"Fortunately for us, our sun will continue to be around for a few billion years.","Fortunately for us, our son will continue to be around for a few billion years.",9c6ccac10fbd430bfa0be14e86fb832b0c5a9b6a0b6678295635f6d9a22ad1cb
distil_whisper_small,no_adapt,77,stage5ext_00312,8f7e0c1a745bde3b6375473b87b997d5f687a8a0d9c28a96b8fd9b2db97634c0c09607da808a8e8a08588137234ce63b8a9e537fd15117628bc7cfca6ae12059,South Asian English,south_asian,Why can't I skip this damn intro?,Why can't I skip this damn intro?,9c6ccac10fbd430bfa0be14e86fb832b0c5a9b6a0b6678295635f6d9a22ad1cb
distil_whisper_small,no_adapt,78,stage5ext_00313,8f7e0c1a745bde3b6375473b87b997d5f687a8a0d9c28a96b8fd9b2db97634c0c09607da808a8e8a08588137234ce63b8a9e537fd15117628bc7cfca6ae12059,South Asian English,south_asian,"They, too, had been carelessly left unbolted.",They too had been carelessly left unbolted.,9c6ccac10fbd430bfa0be14e86fb832b0c5a9b6a0b6678295635f6d9a22ad1cb
distil_whisper_small,no_adapt,78,stage5ext_00314,8f7e0c1a745bde3b6375473b87b997d5f687a8a0d9c28a96b8fd9b2db97634c0c09607da808a8e8a08588137234ce63b8a9e537fd15117628bc7cfca6ae12059,South Asian English,south_asian,It is located in the Parque Patricios neighborhood of Buenos Aires.,It is located in the park Patrice's neighborhood of Bournier's Aries.,9c6ccac10fbd430bfa0be14e86fb832b0c5a9b6a0b6678295635f6d9a22ad1cb
distil_whisper_small,no_adapt,78,stage5ext_00315,8f7e0c1a745bde3b6375473b87b997d5f687a8a0d9c28a96b8fd9b2db97634c0c09607da808a8e8a08588137234ce63b8a9e537fd15117628bc7cfca6ae12059,South Asian English,south_asian,Williams is actively engaged in public service and philanthropy.,Williams is actively engaged in public service and philanthropy.,9c6ccac10fbd430bfa0be14e86fb832b0c5a9b6a0b6678295635f6d9a22ad1cb
distil_whisper_small,no_adapt,78,stage5ext_00316,f6987deb24305a72a216ab20686f51f94b6f8705775768dd535e4da88ff7117abfe923d46999a076b82dd084f2eb5ae7185de770ddb184c4e3a01d5b6390da20,South Asian English,south_asian,These cars were all basically retrimmed Mercurys.,These cars were all basically a region of work produce.,9c6ccac10fbd430bfa0be14e86fb832b0c5a9b6a0b6678295635f6d9a22ad1cb
distil_whisper_small,no_adapt,79,stage5ext_00317,f6987deb24305a72a216ab20686f51f94b6f8705775768dd535e4da88ff7117abfe923d46999a076b82dd084f2eb5ae7185de770ddb184c4e3a01d5b6390da20,South Asian English,south_asian,There are many small businesses throughout the small town that contribute to economic success.,There are many small businesses throughout the small town that continue to the economic success.,9c6ccac10fbd430bfa0be14e86fb832b0c5a9b6a0b6678295635f6d9a22ad1cb
distil_whisper_small,no_adapt,79,stage5ext_00318,f6987deb24305a72a216ab20686f51f94b6f8705775768dd535e4da88ff7117abfe923d46999a076b82dd084f2eb5ae7185de770ddb184c4e3a01d5b6390da20,South Asian English,south_asian,Derivational morphology often involves the addition of a derivational suffix or other affix.,Derivational morphology often involves the addition of a derivational suffix or other affix.,9c6ccac10fbd430bfa0be14e86fb832b0c5a9b6a0b6678295635f6d9a22ad1cb
distil_whisper_small,no_adapt,79,stage5ext_00319,f6987deb24305a72a216ab20686f51f94b6f8705775768dd535e4da88ff7117abfe923d46999a076b82dd084f2eb5ae7185de770ddb184c4e3a01d5b6390da20,South Asian English,south_asian,The school sports mascot is the Gator.,The school's sports mascot is the gator.,9c6ccac10fbd430bfa0be14e86fb832b0c5a9b6a0b6678295635f6d9a22ad1cb
distil_whisper_small,no_adapt,79,stage5ext_00320,f6987deb24305a72a216ab20686f51f94b6f8705775768dd535e4da88ff7117abfe923d46999a076b82dd084f2eb5ae7185de770ddb184c4e3a01d5b6390da20,South Asian English,south_asian,The incident made him more aware of his future.,The incident made him more aware of his future.,9c6ccac10fbd430bfa0be14e86fb832b0c5a9b6a0b6678295635f6d9a22ad1cb
distil_whisper_small,no_adapt,80,stage5ext_00321,f6987deb24305a72a216ab20686f51f94b6f8705775768dd535e4da88ff7117abfe923d46999a076b82dd084f2eb5ae7185de770ddb184c4e3a01d5b6390da20,South Asian English,south_asian,Toronto Netball Club plays at Westlakes Netball Association.,Chahancho Network Club plays at the Whistlings Medical Association.,9c6ccac10fbd430bfa0be14e86fb832b0c5a9b6a0b6678295635f6d9a22ad1cb
distil_whisper_small,no_adapt,80,stage5ext_00322,f6987deb24305a72a216ab20686f51f94b6f8705775768dd535e4da88ff7117abfe923d46999a076b82dd084f2eb5ae7185de770ddb184c4e3a01d5b6390da20,South Asian English,south_asian,He returned to the field for the final three games of the season.,She returned to the seat for the final three games of the season.,9c6ccac10fbd430bfa0be14e86fb832b0c5a9b6a0b6678295635f6d9a22ad1cb
distil_whisper_small,no_adapt,80,stage5ext_00323,f6987deb24305a72a216ab20686f51f94b6f8705775768dd535e4da88ff7117abfe923d46999a076b82dd084f2eb5ae7185de770ddb184c4e3a01d5b6390da20,South Asian English,south_asian,"His first season numbers were unimpressive, reflecting his rookie status.",His first season numbers were unimpressive reflecting his rookie status.,9c6ccac10fbd430bfa0be14e86fb832b0c5a9b6a0b6678295635f6d9a22ad1cb
distil_whisper_small,no_adapt,80,stage5ext_00324,f6987deb24305a72a216ab20686f51f94b6f8705775768dd535e4da88ff7117abfe923d46999a076b82dd084f2eb5ae7185de770ddb184c4e3a01d5b6390da20,South Asian English,south_asian,Two thousand copies of the album were available on the band's website.,"2,000 copies of the album were available on the man's website.",9c6ccac10fbd430bfa0be14e86fb832b0c5a9b6a0b6678295635f6d9a22ad1cb
distil_whisper_small,no_adapt,81,stage5ext_00325,f6987deb24305a72a216ab20686f51f94b6f8705775768dd535e4da88ff7117abfe923d46999a076b82dd084f2eb5ae7185de770ddb184c4e3a01d5b6390da20,South Asian English,south_asian,"With Lajoie gone, the club needed a new name.","With Lachui gone, the club needed a new game.",9c6ccac10fbd430bfa0be14e86fb832b0c5a9b6a0b6678295635f6d9a22ad1cb
distil_whisper_small,no_adapt,81,stage5ext_00326,f6987deb24305a72a216ab20686f51f94b6f8705775768dd535e4da88ff7117abfe923d46999a076b82dd084f2eb5ae7185de770ddb184c4e3a01d5b6390da20,South Asian English,south_asian,Pendergrass got well-wishes from thousands of his fans during his recovery.,Pendergras caught well wishes from thousands of the spans during his recovery.,9c6ccac10fbd430bfa0be14e86fb832b0c5a9b6a0b6678295635f6d9a22ad1cb
distil_whisper_small,no_adapt,81,stage5ext_00327,f6987deb24305a72a216ab20686f51f94b6f8705775768dd535e4da88ff7117abfe923d46999a076b82dd084f2eb5ae7185de770ddb184c4e3a01d5b6390da20,South Asian English,south_asian,The third phase involves converting Hughes Hall into office space.,The third phase involves converting Fuge's valve into office space.,9c6ccac10fbd430bfa0be14e86fb832b0c5a9b6a0b6678295635f6d9a22ad1cb
distil_whisper_small,no_adapt,81,stage5ext_00328,f6987deb24305a72a216ab20686f51f94b6f8705775768dd535e4da88ff7117abfe923d46999a076b82dd084f2eb5ae7185de770ddb184c4e3a01d5b6390da20,South Asian English,south_asian,They used the sharks that followed the ships as a terror weapon.,They used the sharks that followed the ships as a kel weapon.,9c6ccac10fbd430bfa0be14e86fb832b0c5a9b6a0b6678295635f6d9a22ad1cb
distil_whisper_small,no_adapt,82,stage5ext_00329,f6987deb24305a72a216ab20686f51f94b6f8705775768dd535e4da88ff7117abfe923d46999a076b82dd084f2eb5ae7185de770ddb184c4e3a01d5b6390da20,South Asian English,south_asian,"They had eight children, five of whom survived to adulthood.","They had eight children, five of whom survived to adulthood.",9c6ccac10fbd430bfa0be14e86fb832b0c5a9b6a0b6678295635f6d9a22ad1cb
distil_whisper_small,no_adapt,82,stage5ext_00330,f6987deb24305a72a216ab20686f51f94b6f8705775768dd535e4da88ff7117abfe923d46999a076b82dd084f2eb5ae7185de770ddb184c4e3a01d5b6390da20,South Asian English,south_asian,The island is now uninhabited and managed as a bird reserve.,The island is no onion habitat and mani is just a bird reserve.,9c6ccac10fbd430bfa0be14e86fb832b0c5a9b6a0b6678295635f6d9a22ad1cb
distil_whisper_small,no_adapt,82,stage5ext_00331,746bd7c2bd64e7fde7dda173976ca80e97a1875f7571a836827b832c1609da3c16be48a0bbf11e310ba7f262e77841dc8e70360283da6a0100631e2ac4760956,South Asian English,south_asian,Buckingham was also particularly proud of the Spanish guitar solo.,Buckingham was also particularly proud of the Spanish guitar solo.,9c6ccac10fbd430bfa0be14e86fb832b0c5a9b6a0b6678295635f6d9a22ad1cb
distil_whisper_small,no_adapt,82,stage5ext_00332,746bd7c2bd64e7fde7dda173976ca80e97a1875f7571a836827b832c1609da3c16be48a0bbf11e310ba7f262e77841dc8e70360283da6a0100631e2ac4760956,South Asian English,south_asian,"Also known as Herbert, Borchardt initially studied Architecture and later Egyptology under Adolf Erman.","Also known as Herbert, Borschach initially studied architecture and later Egyptology under Adolf Erman.",9c6ccac10fbd430bfa0be14e86fb832b0c5a9b6a0b6678295635f6d9a22ad1cb
distil_whisper_small,no_adapt,83,stage5ext_00333,746bd7c2bd64e7fde7dda173976ca80e97a1875f7571a836827b832c1609da3c16be48a0bbf11e310ba7f262e77841dc8e70360283da6a0100631e2ac4760956,South Asian English,south_asian,"Publicised nationwide, Gladstone's message became that of the party.",Oblissa is nationwide. Gladstone's message became that of the party.,9c6ccac10fbd430bfa0be14e86fb832b0c5a9b6a0b6678295635f6d9a22ad1cb
distil_whisper_small,no_adapt,83,stage5ext_00334,746bd7c2bd64e7fde7dda173976ca80e97a1875f7571a836827b832c1609da3c16be48a0bbf11e310ba7f262e77841dc8e70360283da6a0100631e2ac4760956,South Asian English,south_asian,McGrath is a friend and fan of Ralph McTell.,Magrad is a friend and fan of Ralph MacDell.,9c6ccac10fbd430bfa0be14e86fb832b0c5a9b6a0b6678295635f6d9a22ad1cb
distil_whisper_small,no_adapt,83,stage5ext_00335,746bd7c2bd64e7fde7dda173976ca80e97a1875f7571a836827b832c1609da3c16be48a0bbf11e310ba7f262e77841dc8e70360283da6a0100631e2ac4760956,South Asian English,south_asian,His family later moved to Los Angeles and he attended Fairfax High School.,His family later moved to Los Angeles and he attended Fairfax High School.,9c6ccac10fbd430bfa0be14e86fb832b0c5a9b6a0b6678295635f6d9a22ad1cb
distil_whisper_small,no_adapt,83,stage5ext_00336,746bd7c2bd64e7fde7dda173976ca80e97a1875f7571a836827b832c1609da3c16be48a0bbf11e310ba7f262e77841dc8e70360283da6a0100631e2ac4760956,South Asian English,south_asian,The grape originated as a cross of Syrah pollen germinating a Peloursin plant.,The grape originated as a cross of sirer pollen germinating a Pelosin plant.,9c6ccac10fbd430bfa0be14e86fb832b0c5a9b6a0b6678295635f6d9a22ad1cb
distil_whisper_small,no_adapt,84,stage5ext_00337,746bd7c2bd64e7fde7dda173976ca80e97a1875f7571a836827b832c1609da3c16be48a0bbf11e310ba7f262e77841dc8e70360283da6a0100631e2ac4760956,South Asian English,south_asian,The main gate is located in the center of the south curtain wall.,The main gate is located in the center of the South Gerton wall.,9c6ccac10fbd430bfa0be14e86fb832b0c5a9b6a0b6678295635f6d9a22ad1cb
distil_whisper_small,no_adapt,84,stage5ext_00338,746bd7c2bd64e7fde7dda173976ca80e97a1875f7571a836827b832c1609da3c16be48a0bbf11e310ba7f262e77841dc8e70360283da6a0100631e2ac4760956,South Asian English,south_asian,Ferrers made many contributions to mathematical literature.,Ferris made many contributions to mathematical literature.,9c6ccac10fbd430bfa0be14e86fb832b0c5a9b6a0b6678295635f6d9a22ad1cb
distil_whisper_small,no_adapt,84,stage5ext_00339,746bd7c2bd64e7fde7dda173976ca80e97a1875f7571a836827b832c1609da3c16be48a0bbf11e310ba7f262e77841dc8e70360283da6a0100631e2ac4760956,South Asian English,south_asian,"Prokosch was born in Madison, Wisconsin, into an intellectual family that travelled widely.","The Rokosh was born in Madison, Wisconsin into an intellectual family that traveled widely.",9c6ccac10fbd430bfa0be14e86fb832b0c5a9b6a0b6678295635f6d9a22ad1cb
distil_whisper_small,no_adapt,84,stage5ext_00340,746bd7c2bd64e7fde7dda173976ca80e97a1875f7571a836827b832c1609da3c16be48a0bbf11e310ba7f262e77841dc8e70360283da6a0100631e2ac4760956,South Asian English,south_asian,Britain sends three big-game hunters to kill the lions.,Britain sends three big game hunters to kill the lions.,9c6ccac10fbd430bfa0be14e86fb832b0c5a9b6a0b6678295635f6d9a22ad1cb
distil_whisper_small,no_adapt,85,stage5ext_00341,746bd7c2bd64e7fde7dda173976ca80e97a1875f7571a836827b832c1609da3c16be48a0bbf11e310ba7f262e77841dc8e70360283da6a0100631e2ac4760956,South Asian English,south_asian,The French colonial government gave land away to soldiers and settlers.,The French colonial government gave land away to soldiers and settlers.,9c6ccac10fbd430bfa0be14e86fb832b0c5a9b6a0b6678295635f6d9a22ad1cb
distil_whisper_small,no_adapt,85,stage5ext_00342,746bd7c2bd64e7fde7dda173976ca80e97a1875f7571a836827b832c1609da3c16be48a0bbf11e310ba7f262e77841dc8e70360283da6a0100631e2ac4760956,South Asian English,south_asian,A Fermilab initiative to seek out cost effective computing for the Tevatron.,A firmelab initiative to seek out cost-effective computing for the Tevatron.,9c6ccac10fbd430bfa0be14e86fb832b0c5a9b6a0b6678295635f6d9a22ad1cb
distil_whisper_small,no_adapt,85,stage5ext_00343,746bd7c2bd64e7fde7dda173976ca80e97a1875f7571a836827b832c1609da3c16be48a0bbf11e310ba7f262e77841dc8e70360283da6a0100631e2ac4760956,South Asian English,south_asian,"The Shaw collection is housed at the university's duPont-Ball library in DeLand, Florida.","The Shore Collection is housed at the University's DuPont Ball Library in Tylaw, Florida.",9c6ccac10fbd430bfa0be14e86fb832b0c5a9b6a0b6678295635f6d9a22ad1cb
distil_whisper_small,no_adapt,85,stage5ext_00344,746bd7c2bd64e7fde7dda173976ca80e97a1875f7571a836827b832c1609da3c16be48a0bbf11e310ba7f262e77841dc8e70360283da6a0100631e2ac4760956,South Asian English,south_asian,"He now lives in Toronto, Ontario.","He now lives in Toronto, Ontario.",9c6ccac10fbd430bfa0be14e86fb832b0c5a9b6a0b6678295635f6d9a22ad1cb
distil_whisper_small,no_adapt,86,stage5ext_00345,746bd7c2bd64e7fde7dda173976ca80e97a1875f7571a836827b832c1609da3c16be48a0bbf11e310ba7f262e77841dc8e70360283da6a0100631e2ac4760956,South Asian English,south_asian,"The British called such weapons ""Pass-made rifles"".",The British called such weapons past made rifles.,9c6ccac10fbd430bfa0be14e86fb832b0c5a9b6a0b6678295635f6d9a22ad1cb
distil_whisper_small,no_adapt,86,stage5ext_00346,02a40eed38bf20ab1ddca1a5c60f5b2cadd5455be21c7a1ab8e87d65a6fec68495c0d24d8fecdfe3f9d132fdfa842dba33dca093df21b19f3d325519779d13d0,South Asian English,south_asian,"The women of ""Survivor"" deserved better.",The women of Survivor deserve better.,9c6ccac10fbd430bfa0be14e86fb832b0c5a9b6a0b6678295635f6d9a22ad1cb
distil_whisper_small,no_adapt,86,stage5ext_00347,02a40eed38bf20ab1ddca1a5c60f5b2cadd5455be21c7a1ab8e87d65a6fec68495c0d24d8fecdfe3f9d132fdfa842dba33dca093df21b19f3d325519779d13d0,South Asian English,south_asian,His great knowledge and immense industry are shown throughout its pages.,His great knowledge and immense industry are shown throughout its pages.,9c6ccac10fbd430bfa0be14e86fb832b0c5a9b6a0b6678295635f6d9a22ad1cb
distil_whisper_small,no_adapt,86,stage5ext_00348,02a40eed38bf20ab1ddca1a5c60f5b2cadd5455be21c7a1ab8e87d65a6fec68495c0d24d8fecdfe3f9d132fdfa842dba33dca093df21b19f3d325519779d13d0,South Asian English,south_asian,Other African examples may be found in Nigeria and East Africa.,Other African examples may be found in Nigeria and East Africa.,9c6ccac10fbd430bfa0be14e86fb832b0c5a9b6a0b6678295635f6d9a22ad1cb
distil_whisper_small,no_adapt,87,stage5ext_00349,02a40eed38bf20ab1ddca1a5c60f5b2cadd5455be21c7a1ab8e87d65a6fec68495c0d24d8fecdfe3f9d132fdfa842dba33dca093df21b19f3d325519779d13d0,South Asian English,south_asian,Enrico Ferri is the father of four children.,Inricofetti is father of four children.,9c6ccac10fbd430bfa0be14e86fb832b0c5a9b6a0b6678295635f6d9a22ad1cb
distil_whisper_small,no_adapt,87,stage5ext_00350,02a40eed38bf20ab1ddca1a5c60f5b2cadd5455be21c7a1ab8e87d65a6fec68495c0d24d8fecdfe3f9d132fdfa842dba33dca093df21b19f3d325519779d13d0,South Asian English,south_asian,It has been found in the English Channel and the Gulf of Mexico.,It has been found in the English Channel in the Gulf of Mexico.,9c6ccac10fbd430bfa0be14e86fb832b0c5a9b6a0b6678295635f6d9a22ad1cb
distil_whisper_small,no_adapt,87,stage5ext_00351,02a40eed38bf20ab1ddca1a5c60f5b2cadd5455be21c7a1ab8e87d65a6fec68495c0d24d8fecdfe3f9d132fdfa842dba33dca093df21b19f3d325519779d13d0,South Asian English,south_asian,Her work has also appeared on postage stamps produced by the Czech Republic.,Her work has also appeared on postage stamps produced by the Czech Republic.,9c6ccac10fbd430bfa0be14e86fb832b0c5a9b6a0b6678295635f6d9a22ad1cb
distil_whisper_small,no_adapt,87,stage5ext_00352,02a40eed38bf20ab1ddca1a5c60f5b2cadd5455be21c7a1ab8e87d65a6fec68495c0d24d8fecdfe3f9d132fdfa842dba33dca093df21b19f3d325519779d13d0,South Asian English,south_asian,Mathilda Ebeling,Mathilda Ebling,9c6ccac10fbd430bfa0be14e86fb832b0c5a9b6a0b6678295635f6d9a22ad1cb
distil_whisper_small,no_adapt,88,stage5ext_00353,02a40eed38bf20ab1ddca1a5c60f5b2cadd5455be21c7a1ab8e87d65a6fec68495c0d24d8fecdfe3f9d132fdfa842dba33dca093df21b19f3d325519779d13d0,South Asian English,south_asian,Behra also set pole and fastest lap.,Beher also set Paul in fasted slap.,9c6ccac10fbd430bfa0be14e86fb832b0c5a9b6a0b6678295635f6d9a22ad1cb
distil_whisper_small,no_adapt,88,stage5ext_00354,02a40eed38bf20ab1ddca1a5c60f5b2cadd5455be21c7a1ab8e87d65a6fec68495c0d24d8fecdfe3f9d132fdfa842dba33dca093df21b19f3d325519779d13d0,South Asian English,south_asian,All of his brothers were fighters.,All of his brothers were fighters.,9c6ccac10fbd430bfa0be14e86fb832b0c5a9b6a0b6678295635f6d9a22ad1cb
distil_whisper_small,no_adapt,88,stage5ext_00355,02a40eed38bf20ab1ddca1a5c60f5b2cadd5455be21c7a1ab8e87d65a6fec68495c0d24d8fecdfe3f9d132fdfa842dba33dca093df21b19f3d325519779d13d0,South Asian English,south_asian,In general they tended to rather large format.,"In general, they tended to rather large format.",9c6ccac10fbd430bfa0be14e86fb832b0c5a9b6a0b6678295635f6d9a22ad1cb
distil_whisper_small,no_adapt,88,stage5ext_00356,02a40eed38bf20ab1ddca1a5c60f5b2cadd5455be21c7a1ab8e87d65a6fec68495c0d24d8fecdfe3f9d132fdfa842dba33dca093df21b19f3d325519779d13d0,South Asian English,south_asian,Downey posted the picture on Instagram and received requests for the pattern.,Downey posted the picture on Instagram and received request for the pattern.,9c6ccac10fbd430bfa0be14e86fb832b0c5a9b6a0b6678295635f6d9a22ad1cb
distil_whisper_small,no_adapt,89,stage5ext_00357,02a40eed38bf20ab1ddca1a5c60f5b2cadd5455be21c7a1ab8e87d65a6fec68495c0d24d8fecdfe3f9d132fdfa842dba33dca093df21b19f3d325519779d13d0,South Asian English,south_asian,She did not like children and tried to hide it.,She did not like children and tried to hide it.,9c6ccac10fbd430bfa0be14e86fb832b0c5a9b6a0b6678295635f6d9a22ad1cb
distil_whisper_small,no_adapt,89,stage5ext_00358,02a40eed38bf20ab1ddca1a5c60f5b2cadd5455be21c7a1ab8e87d65a6fec68495c0d24d8fecdfe3f9d132fdfa842dba33dca093df21b19f3d325519779d13d0,South Asian English,south_asian,Today the church still retains many of its historic features.,Today the church still retains many of its historic features.,9c6ccac10fbd430bfa0be14e86fb832b0c5a9b6a0b6678295635f6d9a22ad1cb
distil_whisper_small,no_adapt,89,stage5ext_00359,02a40eed38bf20ab1ddca1a5c60f5b2cadd5455be21c7a1ab8e87d65a6fec68495c0d24d8fecdfe3f9d132fdfa842dba33dca093df21b19f3d325519779d13d0,South Asian English,south_asian,The two also had used the same choreographer.,The two also had used the same choreographer.,9c6ccac10fbd430bfa0be14e86fb832b0c5a9b6a0b6678295635f6d9a22ad1cb
distil_whisper_small,no_adapt,89,stage5ext_00360,02a40eed38bf20ab1ddca1a5c60f5b2cadd5455be21c7a1ab8e87d65a6fec68495c0d24d8fecdfe3f9d132fdfa842dba33dca093df21b19f3d325519779d13d0,South Asian English,south_asian,Murom is the nearest rural locality.,Moram is an erest rural locality.,9c6ccac10fbd430bfa0be14e86fb832b0c5a9b6a0b6678295635f6d9a22ad1cb
distil_whisper_small,no_adapt,90,stage5ext_00361,aaf1e4c69fbd1d1faf2fcbf3500fe62c714695d030ca2f945ff72ef0c02adfc3ff3b57023bc8367965617d4ca057efc9c9a11733d05858f18602fdc792ae9d84,South Asian English,south_asian,We will not have any money left.,We will not have any money left.,9c6ccac10fbd430bfa0be14e86fb832b0c5a9b6a0b6678295635f6d9a22ad1cb
distil_whisper_small,no_adapt,90,stage5ext_00362,aaf1e4c69fbd1d1faf2fcbf3500fe62c714695d030ca2f945ff72ef0c02adfc3ff3b57023bc8367965617d4ca057efc9c9a11733d05858f18602fdc792ae9d84,South Asian English,south_asian,A magistrate.,a magistrate.,9c6ccac10fbd430bfa0be14e86fb832b0c5a9b6a0b6678295635f6d9a22ad1cb
distil_whisper_small,no_adapt,90,stage5ext_00363,aaf1e4c69fbd1d1faf2fcbf3500fe62c714695d030ca2f945ff72ef0c02adfc3ff3b57023bc8367965617d4ca057efc9c9a11733d05858f18602fdc792ae9d84,South Asian English,south_asian,I know Daniel quite well.,I know Daniel quite well.,9c6ccac10fbd430bfa0be14e86fb832b0c5a9b6a0b6678295635f6d9a22ad1cb
distil_whisper_small,no_adapt,90,stage5ext_00364,aaf1e4c69fbd1d1faf2fcbf3500fe62c714695d030ca2f945ff72ef0c02adfc3ff3b57023bc8367965617d4ca057efc9c9a11733d05858f18602fdc792ae9d84,South Asian English,south_asian,Mary found the website and showed it to Daniel.,Mary found the website and showed it to Daniel.,9c6ccac10fbd430bfa0be14e86fb832b0c5a9b6a0b6678295635f6d9a22ad1cb
distil_whisper_small,no_adapt,91,stage5ext_00365,aaf1e4c69fbd1d1faf2fcbf3500fe62c714695d030ca2f945ff72ef0c02adfc3ff3b57023bc8367965617d4ca057efc9c9a11733d05858f18602fdc792ae9d84,South Asian English,south_asian,"If you experience further problems, please let me know.","If you experience further problems, please let me know.",9c6ccac10fbd430bfa0be14e86fb832b0c5a9b6a0b6678295635f6d9a22ad1cb
distil_whisper_small,no_adapt,91,stage5ext_00366,aaf1e4c69fbd1d1faf2fcbf3500fe62c714695d030ca2f945ff72ef0c02adfc3ff3b57023bc8367965617d4ca057efc9c9a11733d05858f18602fdc792ae9d84,South Asian English,south_asian,Debra is a explorer that has been all over the world.,"DeBrice, an explorer that has been all over the world.",9c6ccac10fbd430bfa0be14e86fb832b0c5a9b6a0b6678295635f6d9a22ad1cb
distil_whisper_small,no_adapt,91,stage5ext_00367,aaf1e4c69fbd1d1faf2fcbf3500fe62c714695d030ca2f945ff72ef0c02adfc3ff3b57023bc8367965617d4ca057efc9c9a11733d05858f18602fdc792ae9d84,South Asian English,south_asian,Albert Einstein's famous equation E equals MC squared is one of the best known equations in physics.,Albert Einstein's famous equation E equals sums is squared is one of the best known equations in physics.,9c6ccac10fbd430bfa0be14e86fb832b0c5a9b6a0b6678295635f6d9a22ad1cb
distil_whisper_small,no_adapt,91,stage5ext_00368,aaf1e4c69fbd1d1faf2fcbf3500fe62c714695d030ca2f945ff72ef0c02adfc3ff3b57023bc8367965617d4ca057efc9c9a11733d05858f18602fdc792ae9d84,South Asian English,south_asian,One good turn deserves another.,One good turn dissolves another.,9c6ccac10fbd430bfa0be14e86fb832b0c5a9b6a0b6678295635f6d9a22ad1cb
distil_whisper_small,no_adapt,92,stage5ext_00369,aaf1e4c69fbd1d1faf2fcbf3500fe62c714695d030ca2f945ff72ef0c02adfc3ff3b57023bc8367965617d4ca057efc9c9a11733d05858f18602fdc792ae9d84,South Asian English,south_asian,It has been so long since I have seen you!,It has been so long since I have seen you.,9c6ccac10fbd430bfa0be14e86fb832b0c5a9b6a0b6678295635f6d9a22ad1cb
distil_whisper_small,no_adapt,92,stage5ext_00370,aaf1e4c69fbd1d1faf2fcbf3500fe62c714695d030ca2f945ff72ef0c02adfc3ff3b57023bc8367965617d4ca057efc9c9a11733d05858f18602fdc792ae9d84,South Asian English,south_asian,William Shakespeare was an English poet and playwright that lived during the late sixteenth century.,William Shakespeare was an English poet and player that lived during the late 16th century.,9c6ccac10fbd430bfa0be14e86fb832b0c5a9b6a0b6678295635f6d9a22ad1cb
distil_whisper_small,no_adapt,92,stage5ext_00371,aaf1e4c69fbd1d1faf2fcbf3500fe62c714695d030ca2f945ff72ef0c02adfc3ff3b57023bc8367965617d4ca057efc9c9a11733d05858f18602fdc792ae9d84,South Asian English,south_asian,The pup jerked the leash as he saw a feline shape.,The pub jerked the leash as he saw a feline trait.,9c6ccac10fbd430bfa0be14e86fb832b0c5a9b6a0b6678295635f6d9a22ad1cb
distil_whisper_small,no_adapt,92,stage5ext_00372,aaf1e4c69fbd1d1faf2fcbf3500fe62c714695d030ca2f945ff72ef0c02adfc3ff3b57023bc8367965617d4ca057efc9c9a11733d05858f18602fdc792ae9d84,South Asian English,south_asian,Forty on Thursday is the name of the event.,Fortium Tosto is the name of the event.,9c6ccac10fbd430bfa0be14e86fb832b0c5a9b6a0b6678295635f6d9a22ad1cb
distil_whisper_small,no_adapt,93,stage5ext_00373,aaf1e4c69fbd1d1faf2fcbf3500fe62c714695d030ca2f945ff72ef0c02adfc3ff3b57023bc8367965617d4ca057efc9c9a11733d05858f18602fdc792ae9d84,South Asian English,south_asian,The largest town is Abergavenny.,The largest town is Evergavany.,9c6ccac10fbd430bfa0be14e86fb832b0c5a9b6a0b6678295635f6d9a22ad1cb
distil_whisper_small,no_adapt,93,stage5ext_00374,aaf1e4c69fbd1d1faf2fcbf3500fe62c714695d030ca2f945ff72ef0c02adfc3ff3b57023bc8367965617d4ca057efc9c9a11733d05858f18602fdc792ae9d84,South Asian English,south_asian,No one has ever done it before.,No one has overdone it before.,9c6ccac10fbd430bfa0be14e86fb832b0c5a9b6a0b6678295635f6d9a22ad1cb
distil_whisper_small,no_adapt,93,stage5ext_00375,aaf1e4c69fbd1d1faf2fcbf3500fe62c714695d030ca2f945ff72ef0c02adfc3ff3b57023bc8367965617d4ca057efc9c9a11733d05858f18602fdc792ae9d84,South Asian English,south_asian,Two men spoke in Arabic while having a drink at the bar.,Two men spoke in Arabic while having a drink at the bar.,9c6ccac10fbd430bfa0be14e86fb832b0c5a9b6a0b6678295635f6d9a22ad1cb
distil_whisper_small,no_adapt,93,stage5ext_00376,f7e25829f749c01cdf81e5c9cba92ab80af25ba7120bdb943094d45b56be1cc3b516ca22cc0a4aed4934a1c9af35e152ecc95a58b32ce448662acabb5b87bc76,South Asian English,south_asian,But you want to know something?,But you want to know something?,9c6ccac10fbd430bfa0be14e86fb832b0c5a9b6a0b6678295635f6d9a22ad1cb
distil_whisper_small,no_adapt,94,stage5ext_00377,f7e25829f749c01cdf81e5c9cba92ab80af25ba7120bdb943094d45b56be1cc3b516ca22cc0a4aed4934a1c9af35e152ecc95a58b32ce448662acabb5b87bc76,South Asian English,south_asian,The giraffe had become fearful.,The giraffe had become fearful.,9c6ccac10fbd430bfa0be14e86fb832b0c5a9b6a0b6678295635f6d9a22ad1cb
distil_whisper_small,no_adapt,94,stage5ext_00378,f7e25829f749c01cdf81e5c9cba92ab80af25ba7120bdb943094d45b56be1cc3b516ca22cc0a4aed4934a1c9af35e152ecc95a58b32ce448662acabb5b87bc76,South Asian English,south_asian,Our deadline is coming up rapidly and we will need help.,Our deadline is coming up rapidly and we will need help.,9c6ccac10fbd430bfa0be14e86fb832b0c5a9b6a0b6678295635f6d9a22ad1cb
distil_whisper_small,no_adapt,94,stage5ext_00379,f7e25829f749c01cdf81e5c9cba92ab80af25ba7120bdb943094d45b56be1cc3b516ca22cc0a4aed4934a1c9af35e152ecc95a58b32ce448662acabb5b87bc76,South Asian English,south_asian,I found it out a little late.,I found it out a little late.,9c6ccac10fbd430bfa0be14e86fb832b0c5a9b6a0b6678295635f6d9a22ad1cb
distil_whisper_small,no_adapt,94,stage5ext_00380,f7e25829f749c01cdf81e5c9cba92ab80af25ba7120bdb943094d45b56be1cc3b516ca22cc0a4aed4934a1c9af35e152ecc95a58b32ce448662acabb5b87bc76,South Asian English,south_asian,Don't worry about that.,Don't worry about that.,9c6ccac10fbd430bfa0be14e86fb832b0c5a9b6a0b6678295635f6d9a22ad1cb
distil_whisper_small,no_adapt,95,stage5ext_00381,f7e25829f749c01cdf81e5c9cba92ab80af25ba7120bdb943094d45b56be1cc3b516ca22cc0a4aed4934a1c9af35e152ecc95a58b32ce448662acabb5b87bc76,South Asian English,south_asian,I shouldn't think so.,I shouldn't think so.,9c6ccac10fbd430bfa0be14e86fb832b0c5a9b6a0b6678295635f6d9a22ad1cb
distil_whisper_small,no_adapt,95,stage5ext_00382,f7e25829f749c01cdf81e5c9cba92ab80af25ba7120bdb943094d45b56be1cc3b516ca22cc0a4aed4934a1c9af35e152ecc95a58b32ce448662acabb5b87bc76,South Asian English,south_asian,Turning off gadgets that are not in use can save a lot of energy.,Turning off gadgets that are not in use can save a lot of energy.,9c6ccac10fbd430bfa0be14e86fb832b0c5a9b6a0b6678295635f6d9a22ad1cb
distil_whisper_small,no_adapt,95,stage5ext_00383,f7e25829f749c01cdf81e5c9cba92ab80af25ba7120bdb943094d45b56be1cc3b516ca22cc0a4aed4934a1c9af35e152ecc95a58b32ce448662acabb5b87bc76,South Asian English,south_asian,There is a counter on the top left of the web page.,There is a counter on the top left of the webpage.,9c6ccac10fbd430bfa0be14e86fb832b0c5a9b6a0b6678295635f6d9a22ad1cb
distil_whisper_small,no_adapt,95,stage5ext_00384,f7e25829f749c01cdf81e5c9cba92ab80af25ba7120bdb943094d45b56be1cc3b516ca22cc0a4aed4934a1c9af35e152ecc95a58b32ce448662acabb5b87bc76,South Asian English,south_asian,You think you did.,You think you did?,9c6ccac10fbd430bfa0be14e86fb832b0c5a9b6a0b6678295635f6d9a22ad1cb
distil_whisper_small,no_adapt,96,stage5ext_00385,f7e25829f749c01cdf81e5c9cba92ab80af25ba7120bdb943094d45b56be1cc3b516ca22cc0a4aed4934a1c9af35e152ecc95a58b32ce448662acabb5b87bc76,South Asian English,south_asian,Maybe he'll give us one.,Maybe he'll give us one.,9c6ccac10fbd430bfa0be14e86fb832b0c5a9b6a0b6678295635f6d9a22ad1cb
distil_whisper_small,no_adapt,96,stage5ext_00386,f7e25829f749c01cdf81e5c9cba92ab80af25ba7120bdb943094d45b56be1cc3b516ca22cc0a4aed4934a1c9af35e152ecc95a58b32ce448662acabb5b87bc76,South Asian English,south_asian,Better let me talk to him.,Better let me talk to him.,9c6ccac10fbd430bfa0be14e86fb832b0c5a9b6a0b6678295635f6d9a22ad1cb
distil_whisper_small,no_adapt,96,stage5ext_00387,f7e25829f749c01cdf81e5c9cba92ab80af25ba7120bdb943094d45b56be1cc3b516ca22cc0a4aed4934a1c9af35e152ecc95a58b32ce448662acabb5b87bc76,South Asian English,south_asian,I don't want any plastics.,I don't want any plastics.,9c6ccac10fbd430bfa0be14e86fb832b0c5a9b6a0b6678295635f6d9a22ad1cb
distil_whisper_small,no_adapt,96,stage5ext_00388,f7e25829f749c01cdf81e5c9cba92ab80af25ba7120bdb943094d45b56be1cc3b516ca22cc0a4aed4934a1c9af35e152ecc95a58b32ce448662acabb5b87bc76,South Asian English,south_asian,Without a single quiver.,without a single quiver.,9c6ccac10fbd430bfa0be14e86fb832b0c5a9b6a0b6678295635f6d9a22ad1cb
distil_whisper_small,no_adapt,97,stage5ext_00389,f7e25829f749c01cdf81e5c9cba92ab80af25ba7120bdb943094d45b56be1cc3b516ca22cc0a4aed4934a1c9af35e152ecc95a58b32ce448662acabb5b87bc76,South Asian English,south_asian,I never saw it before.,I never saw it before.,9c6ccac10fbd430bfa0be14e86fb832b0c5a9b6a0b6678295635f6d9a22ad1cb
distil_whisper_small,no_adapt,97,stage5ext_00390,f7e25829f749c01cdf81e5c9cba92ab80af25ba7120bdb943094d45b56be1cc3b516ca22cc0a4aed4934a1c9af35e152ecc95a58b32ce448662acabb5b87bc76,South Asian English,south_asian,"The reason for this, is to discern your strengths.",The reason for this is to discern your strengths.,9c6ccac10fbd430bfa0be14e86fb832b0c5a9b6a0b6678295635f6d9a22ad1cb
distil_whisper_small,no_adapt,97,stage5ext_00391,3f0b866ee8d4499e4c0de09d34862acbb1ea0139f53bf7f1271a8648fb35d9a3a31272a8bc7af870e3b52bf7f4cb51ae512fa07df79663eaeafa30221c0b200b,South Asian English,south_asian,"The perpetrators were never identified, and this monument has never been rebuilt.",The burglary shows we never identified and this moment has never been revealed.,9c6ccac10fbd430bfa0be14e86fb832b0c5a9b6a0b6678295635f6d9a22ad1cb
distil_whisper_small,no_adapt,97,stage5ext_00392,3f0b866ee8d4499e4c0de09d34862acbb1ea0139f53bf7f1271a8648fb35d9a3a31272a8bc7af870e3b52bf7f4cb51ae512fa07df79663eaeafa30221c0b200b,South Asian English,south_asian,"These songs include ""Never End,"" ""Please Smile Again,"" and ""Cross Over.","These songs include Never End, Please Smile Again and Crosso.",9c6ccac10fbd430bfa0be14e86fb832b0c5a9b6a0b6678295635f6d9a22ad1cb
distil_whisper_small,no_adapt,98,stage5ext_00393,3f0b866ee8d4499e4c0de09d34862acbb1ea0139f53bf7f1271a8648fb35d9a3a31272a8bc7af870e3b52bf7f4cb51ae512fa07df79663eaeafa30221c0b200b,South Asian English,south_asian,Water in the pool is continuously circulated through a filtration system.,Water in the pool is continuously circulated through a filtration system.,9c6ccac10fbd430bfa0be14e86fb832b0c5a9b6a0b6678295635f6d9a22ad1cb
distil_whisper_small,no_adapt,98,stage5ext_00394,3f0b866ee8d4499e4c0de09d34862acbb1ea0139f53bf7f1271a8648fb35d9a3a31272a8bc7af870e3b52bf7f4cb51ae512fa07df79663eaeafa30221c0b200b,South Asian English,south_asian,We maintain an array of roots indexed by timestamp.,We maintain an array of roots indexed by timestamp.,9c6ccac10fbd430bfa0be14e86fb832b0c5a9b6a0b6678295635f6d9a22ad1cb
distil_whisper_small,no_adapt,98,stage5ext_00395,3f0b866ee8d4499e4c0de09d34862acbb1ea0139f53bf7f1271a8648fb35d9a3a31272a8bc7af870e3b52bf7f4cb51ae512fa07df79663eaeafa30221c0b200b,South Asian English,south_asian,"The educators lost, though commercial broadcasters were forced to air public affairs programs.","The educators lost, though commercial broadcasters were forced to air public affairs programs.",9c6ccac10fbd430bfa0be14e86fb832b0c5a9b6a0b6678295635f6d9a22ad1cb
distil_whisper_small,no_adapt,98,stage5ext_00396,3f0b866ee8d4499e4c0de09d34862acbb1ea0139f53bf7f1271a8648fb35d9a3a31272a8bc7af870e3b52bf7f4cb51ae512fa07df79663eaeafa30221c0b200b,South Asian English,south_asian,It is also the largest school in the state by size.,It is also the largest school in the state by size.,9c6ccac10fbd430bfa0be14e86fb832b0c5a9b6a0b6678295635f6d9a22ad1cb
distil_whisper_small,no_adapt,99,stage5ext_00397,3f0b866ee8d4499e4c0de09d34862acbb1ea0139f53bf7f1271a8648fb35d9a3a31272a8bc7af870e3b52bf7f4cb51ae512fa07df79663eaeafa30221c0b200b,South Asian English,south_asian,The band members decided to discontinue their mutual involvement.,The bottom animal is decided to discontinue the mutual movement.,9c6ccac10fbd430bfa0be14e86fb832b0c5a9b6a0b6678295635f6d9a22ad1cb
distil_whisper_small,no_adapt,99,stage5ext_00398,3f0b866ee8d4499e4c0de09d34862acbb1ea0139f53bf7f1271a8648fb35d9a3a31272a8bc7af870e3b52bf7f4cb51ae512fa07df79663eaeafa30221c0b200b,South Asian English,south_asian,Highlights include a Gutenberg Bible and the Romanesque Lambeth Bible.,High-lights through a good and work battle and the Romulus Klambert battle.,9c6ccac10fbd430bfa0be14e86fb832b0c5a9b6a0b6678295635f6d9a22ad1cb
distil_whisper_small,no_adapt,99,stage5ext_00399,3f0b866ee8d4499e4c0de09d34862acbb1ea0139f53bf7f1271a8648fb35d9a3a31272a8bc7af870e3b52bf7f4cb51ae512fa07df79663eaeafa30221c0b200b,South Asian English,south_asian,"The parents return, in bandages, having survived the fire.",Parents return in baggage having survived the fire.,9c6ccac10fbd430bfa0be14e86fb832b0c5a9b6a0b6678295635f6d9a22ad1cb
distil_whisper_small,no_adapt,99,stage5ext_00400,3f0b866ee8d4499e4c0de09d34862acbb1ea0139f53bf7f1271a8648fb35d9a3a31272a8bc7af870e3b52bf7f4cb51ae512fa07df79663eaeafa30221c0b200b,South Asian English,south_asian,"After the show, Sewercap talked to Jughead about officially reuniting Screeching Weasel.","After the show, Suva Kapt talked to Jughead about officially uniting, screeching ways.",9c6ccac10fbd430bfa0be14e86fb832b0c5a9b6a0b6678295635f6d9a22ad1cb
distil_whisper_small,no_adapt,100,stage5ext_00401,3f0b866ee8d4499e4c0de09d34862acbb1ea0139f53bf7f1271a8648fb35d9a3a31272a8bc7af870e3b52bf7f4cb51ae512fa07df79663eaeafa30221c0b200b,South Asian English,south_asian,Harpur served in various capacities in the New York government during the American Revolution.,Hopper served in various capacities in the New York government during the American Revolution.,9c6ccac10fbd430bfa0be14e86fb832b0c5a9b6a0b6678295635f6d9a22ad1cb
distil_whisper_small,no_adapt,100,stage5ext_00402,3f0b866ee8d4499e4c0de09d34862acbb1ea0139f53bf7f1271a8648fb35d9a3a31272a8bc7af870e3b52bf7f4cb51ae512fa07df79663eaeafa30221c0b200b,South Asian English,south_asian,The program has won many awards for investigative journalism.,The programmers won many awards for investigative journalism.,9c6ccac10fbd430bfa0be14e86fb832b0c5a9b6a0b6678295635f6d9a22ad1cb
distil_whisper_small,no_adapt,100,stage5ext_00403,3f0b866ee8d4499e4c0de09d34862acbb1ea0139f53bf7f1271a8648fb35d9a3a31272a8bc7af870e3b52bf7f4cb51ae512fa07df79663eaeafa30221c0b200b,South Asian English,south_asian,Information about Boffo and its games can still be found on the site.,Information about pro-for and its games can still be found on the site.,9c6ccac10fbd430bfa0be14e86fb832b0c5a9b6a0b6678295635f6d9a22ad1cb
distil_whisper_small,no_adapt,100,stage5ext_00404,3f0b866ee8d4499e4c0de09d34862acbb1ea0139f53bf7f1271a8648fb35d9a3a31272a8bc7af870e3b52bf7f4cb51ae512fa07df79663eaeafa30221c0b200b,South Asian English,south_asian,"Forestkith Goblin: Nocturnal hunters, also known as kith.","Forested Cobble, Nocturne and Huntles also known as Kept.",9c6ccac10fbd430bfa0be14e86fb832b0c5a9b6a0b6678295635f6d9a22ad1cb
distil_whisper_small,no_adapt,101,stage5ext_00405,3f0b866ee8d4499e4c0de09d34862acbb1ea0139f53bf7f1271a8648fb35d9a3a31272a8bc7af870e3b52bf7f4cb51ae512fa07df79663eaeafa30221c0b200b,South Asian English,south_asian,"Clearing facilities, security investments, cheques and overdraft protections were introduced.","Clearing facilities, security investments, checks and overdraft protections were introduced.",9c6ccac10fbd430bfa0be14e86fb832b0c5a9b6a0b6678295635f6d9a22ad1cb
distil_whisper_small,no_adapt,101,stage5ext_00406,73e8a395a2162293c7b4534d24818227a71f84f9f562d54db101f6576c15907499bf892f20f243b766b2da4de010cd4b697339df0b8c453740e425875c0eac05,South Asian English,south_asian,Each family is allowed one vote per each style of debate.,Each family is allowed one word per each style of debit.,9c6ccac10fbd430bfa0be14e86fb832b0c5a9b6a0b6678295635f6d9a22ad1cb
distil_whisper_small,no_adapt,101,stage5ext_00407,73e8a395a2162293c7b4534d24818227a71f84f9f562d54db101f6576c15907499bf892f20f243b766b2da4de010cd4b697339df0b8c453740e425875c0eac05,South Asian English,south_asian,Min varieties are not mutually intelligible with any other varieties of Chinese.,Min varieties are not mutually intelligible with any other varieties of Chinese.,9c6ccac10fbd430bfa0be14e86fb832b0c5a9b6a0b6678295635f6d9a22ad1cb
distil_whisper_small,no_adapt,101,stage5ext_00408,73e8a395a2162293c7b4534d24818227a71f84f9f562d54db101f6576c15907499bf892f20f243b766b2da4de010cd4b697339df0b8c453740e425875c0eac05,South Asian English,south_asian,The sculptures on the pillars are truly beautiful.,The sculptures on the pillars are truly beautiful.,9c6ccac10fbd430bfa0be14e86fb832b0c5a9b6a0b6678295635f6d9a22ad1cb
distil_whisper_small,no_adapt,102,stage5ext_00409,73e8a395a2162293c7b4534d24818227a71f84f9f562d54db101f6576c15907499bf892f20f243b766b2da4de010cd4b697339df0b8c453740e425875c0eac05,South Asian English,south_asian,"Examples of non-vibrating objects are mallets, hammers, and sticks.","Examples of non-vibrating objects are mallets, hammers and sticks.",9c6ccac10fbd430bfa0be14e86fb832b0c5a9b6a0b6678295635f6d9a22ad1cb
distil_whisper_small,no_adapt,102,stage5ext_00410,73e8a395a2162293c7b4534d24818227a71f84f9f562d54db101f6576c15907499bf892f20f243b766b2da4de010cd4b697339df0b8c453740e425875c0eac05,South Asian English,south_asian,"You place your choice in a sealed envelope, which is opened after the game.",You place your choice in a sealed envelope which is opened after the game.,9c6ccac10fbd430bfa0be14e86fb832b0c5a9b6a0b6678295635f6d9a22ad1cb
distil_whisper_small,no_adapt,102,stage5ext_00411,73e8a395a2162293c7b4534d24818227a71f84f9f562d54db101f6576c15907499bf892f20f243b766b2da4de010cd4b697339df0b8c453740e425875c0eac05,South Asian English,south_asian,The first was Buddy Ryan.,The first bus body ran.,9c6ccac10fbd430bfa0be14e86fb832b0c5a9b6a0b6678295635f6d9a22ad1cb
distil_whisper_small,no_adapt,102,stage5ext_00412,73e8a395a2162293c7b4534d24818227a71f84f9f562d54db101f6576c15907499bf892f20f243b766b2da4de010cd4b697339df0b8c453740e425875c0eac05,South Asian English,south_asian,"His playing style is aggressive and he has won many ""best game"" awards.",His playing style is aggressive and he has won many best game awards.,9c6ccac10fbd430bfa0be14e86fb832b0c5a9b6a0b6678295635f6d9a22ad1cb
distil_whisper_small,no_adapt,103,stage5ext_00413,73e8a395a2162293c7b4534d24818227a71f84f9f562d54db101f6576c15907499bf892f20f243b766b2da4de010cd4b697339df0b8c453740e425875c0eac05,South Asian English,south_asian,Their flight is weak.,The flight is weak.,9c6ccac10fbd430bfa0be14e86fb832b0c5a9b6a0b6678295635f6d9a22ad1cb
distil_whisper_small,no_adapt,103,stage5ext_00414,73e8a395a2162293c7b4534d24818227a71f84f9f562d54db101f6576c15907499bf892f20f243b766b2da4de010cd4b697339df0b8c453740e425875c0eac05,South Asian English,south_asian,"In many cases however, they are quite functional.","In many cases, however, they are quite functional.",9c6ccac10fbd430bfa0be14e86fb832b0c5a9b6a0b6678295635f6d9a22ad1cb
distil_whisper_small,no_adapt,103,stage5ext_00415,73e8a395a2162293c7b4534d24818227a71f84f9f562d54db101f6576c15907499bf892f20f243b766b2da4de010cd4b697339df0b8c453740e425875c0eac05,South Asian English,south_asian,Ward went on to win the general election.,Ward went on to win the general election.,9c6ccac10fbd430bfa0be14e86fb832b0c5a9b6a0b6678295635f6d9a22ad1cb
distil_whisper_small,no_adapt,103,stage5ext_00416,73e8a395a2162293c7b4534d24818227a71f84f9f562d54db101f6576c15907499bf892f20f243b766b2da4de010cd4b697339df0b8c453740e425875c0eac05,South Asian English,south_asian,He is now a Free Agent.,He is now a free agent.,9c6ccac10fbd430bfa0be14e86fb832b0c5a9b6a0b6678295635f6d9a22ad1cb
distil_whisper_small,no_adapt,104,stage5ext_00417,73e8a395a2162293c7b4534d24818227a71f84f9f562d54db101f6576c15907499bf892f20f243b766b2da4de010cd4b697339df0b8c453740e425875c0eac05,South Asian English,south_asian,Her other sponsors include Subway and Boost Mobile.,Her other sponsors include Subway and Boost Mobile.,9c6ccac10fbd430bfa0be14e86fb832b0c5a9b6a0b6678295635f6d9a22ad1cb
distil_whisper_small,no_adapt,104,stage5ext_00418,73e8a395a2162293c7b4534d24818227a71f84f9f562d54db101f6576c15907499bf892f20f243b766b2da4de010cd4b697339df0b8c453740e425875c0eac05,South Asian English,south_asian,I've never been asked to do one.,I've never been asked to do one.,9c6ccac10fbd430bfa0be14e86fb832b0c5a9b6a0b6678295635f6d9a22ad1cb
distil_whisper_small,no_adapt,104,stage5ext_00419,73e8a395a2162293c7b4534d24818227a71f84f9f562d54db101f6576c15907499bf892f20f243b766b2da4de010cd4b697339df0b8c453740e425875c0eac05,South Asian English,south_asian,"Therefore, these schools are significantly divided in terms of both abilities and career aims.","Therefore, these calls are significantly divided in terms of both abilities and carrier aims.",9c6ccac10fbd430bfa0be14e86fb832b0c5a9b6a0b6678295635f6d9a22ad1cb
distil_whisper_small,no_adapt,104,stage5ext_00420,73e8a395a2162293c7b4534d24818227a71f84f9f562d54db101f6576c15907499bf892f20f243b766b2da4de010cd4b697339df0b8c453740e425875c0eac05,South Asian English,south_asian,The Ottoman village of Mulebbis appears at this site on the British survey map.,The Ottoman village of Malabas appears at this site on the British survey map.,9c6ccac10fbd430bfa0be14e86fb832b0c5a9b6a0b6678295635f6d9a22ad1cb
distil_whisper_small,no_adapt,105,stage5ext_00421,ea49524d52bc56b865f1207ba65e9a5c30cab647b575ba84d0332c740de52bef6922ee19c49e44db615889cbabebbfa52440b31858fac8660d5e97eb4593687f,South Asian English,south_asian,Do you have Hugo's phone number?,Do you have your goals for number?,9c6ccac10fbd430bfa0be14e86fb832b0c5a9b6a0b6678295635f6d9a22ad1cb
distil_whisper_small,no_adapt,105,stage5ext_00422,ea49524d52bc56b865f1207ba65e9a5c30cab647b575ba84d0332c740de52bef6922ee19c49e44db615889cbabebbfa52440b31858fac8660d5e97eb4593687f,South Asian English,south_asian,"In the United States, we use paper bags for shopping.","In the United States, we use paper bags for shopping.",9c6ccac10fbd430bfa0be14e86fb832b0c5a9b6a0b6678295635f6d9a22ad1cb
distil_whisper_small,no_adapt,105,stage5ext_00423,ea49524d52bc56b865f1207ba65e9a5c30cab647b575ba84d0332c740de52bef6922ee19c49e44db615889cbabebbfa52440b31858fac8660d5e97eb4593687f,South Asian English,south_asian,"Olivia, have you seen my keys?",Olivia has seen my kids.,9c6ccac10fbd430bfa0be14e86fb832b0c5a9b6a0b6678295635f6d9a22ad1cb
distil_whisper_small,no_adapt,105,stage5ext_00424,ea49524d52bc56b865f1207ba65e9a5c30cab647b575ba84d0332c740de52bef6922ee19c49e44db615889cbabebbfa52440b31858fac8660d5e97eb4593687f,South Asian English,south_asian,Someone set fire to the trash.,Someone said fire to the trash.,9c6ccac10fbd430bfa0be14e86fb832b0c5a9b6a0b6678295635f6d9a22ad1cb
distil_whisper_small,no_adapt,106,stage5ext_00425,ea49524d52bc56b865f1207ba65e9a5c30cab647b575ba84d0332c740de52bef6922ee19c49e44db615889cbabebbfa52440b31858fac8660d5e97eb4593687f,South Asian English,south_asian,Angela wanted to copy everything he had done.,Angela wanted to copy everything he had done.,9c6ccac10fbd430bfa0be14e86fb832b0c5a9b6a0b6678295635f6d9a22ad1cb
distil_whisper_small,no_adapt,106,stage5ext_00426,ea49524d52bc56b865f1207ba65e9a5c30cab647b575ba84d0332c740de52bef6922ee19c49e44db615889cbabebbfa52440b31858fac8660d5e97eb4593687f,South Asian English,south_asian,Good playgrounds have much more to offer than swings and slides.,Good playgrounds have much more to offer than swings and slides.,9c6ccac10fbd430bfa0be14e86fb832b0c5a9b6a0b6678295635f6d9a22ad1cb
distil_whisper_small,no_adapt,106,stage5ext_00427,ea49524d52bc56b865f1207ba65e9a5c30cab647b575ba84d0332c740de52bef6922ee19c49e44db615889cbabebbfa52440b31858fac8660d5e97eb4593687f,South Asian English,south_asian,What does it all mean?,what does it all mean?,9c6ccac10fbd430bfa0be14e86fb832b0c5a9b6a0b6678295635f6d9a22ad1cb
distil_whisper_small,no_adapt,106,stage5ext_00428,ea49524d52bc56b865f1207ba65e9a5c30cab647b575ba84d0332c740de52bef6922ee19c49e44db615889cbabebbfa52440b31858fac8660d5e97eb4593687f,South Asian English,south_asian,A musical composition for seven instruments,A musical composition part 7 instrument,9c6ccac10fbd430bfa0be14e86fb832b0c5a9b6a0b6678295635f6d9a22ad1cb
distil_whisper_small,no_adapt,107,stage5ext_00429,ea49524d52bc56b865f1207ba65e9a5c30cab647b575ba84d0332c740de52bef6922ee19c49e44db615889cbabebbfa52440b31858fac8660d5e97eb4593687f,South Asian English,south_asian,Temper is so good a thing that we should never lose it.,Temper is so good I think that we should never lose it.,9c6ccac10fbd430bfa0be14e86fb832b0c5a9b6a0b6678295635f6d9a22ad1cb
distil_whisper_small,no_adapt,107,stage5ext_00430,ea49524d52bc56b865f1207ba65e9a5c30cab647b575ba84d0332c740de52bef6922ee19c49e44db615889cbabebbfa52440b31858fac8660d5e97eb4593687f,South Asian English,south_asian,She has a smart way of wearing clothes.,She has a smart way of wearing cloths.,9c6ccac10fbd430bfa0be14e86fb832b0c5a9b6a0b6678295635f6d9a22ad1cb
distil_whisper_small,no_adapt,107,stage5ext_00431,ea49524d52bc56b865f1207ba65e9a5c30cab647b575ba84d0332c740de52bef6922ee19c49e44db615889cbabebbfa52440b31858fac8660d5e97eb4593687f,South Asian English,south_asian,They have prejudices against foreigners.,The help due to this is against foreigners.,9c6ccac10fbd430bfa0be14e86fb832b0c5a9b6a0b6678295635f6d9a22ad1cb
distil_whisper_small,no_adapt,107,stage5ext_00432,ea49524d52bc56b865f1207ba65e9a5c30cab647b575ba84d0332c740de52bef6922ee19c49e44db615889cbabebbfa52440b31858fac8660d5e97eb4593687f,South Asian English,south_asian,He has enough who is content.,He has enough who is content.,9c6ccac10fbd430bfa0be14e86fb832b0c5a9b6a0b6678295635f6d9a22ad1cb
distil_whisper_small,no_adapt,108,stage5ext_00433,ea49524d52bc56b865f1207ba65e9a5c30cab647b575ba84d0332c740de52bef6922ee19c49e44db615889cbabebbfa52440b31858fac8660d5e97eb4593687f,South Asian English,south_asian,The toilet needed cleaning.,The toilet needed gaining.,9c6ccac10fbd430bfa0be14e86fb832b0c5a9b6a0b6678295635f6d9a22ad1cb
distil_whisper_small,no_adapt,108,stage5ext_00434,ea49524d52bc56b865f1207ba65e9a5c30cab647b575ba84d0332c740de52bef6922ee19c49e44db615889cbabebbfa52440b31858fac8660d5e97eb4593687f,South Asian English,south_asian,There's no accounting for tastes,There is no accounting for tests.,9c6ccac10fbd430bfa0be14e86fb832b0c5a9b6a0b6678295635f6d9a22ad1cb
distil_whisper_small,no_adapt,108,stage5ext_00435,ea49524d52bc56b865f1207ba65e9a5c30cab647b575ba84d0332c740de52bef6922ee19c49e44db615889cbabebbfa52440b31858fac8660d5e97eb4593687f,South Asian English,south_asian,"Yours sincerely, Satan.",Yours sincerely sat on.,9c6ccac10fbd430bfa0be14e86fb832b0c5a9b6a0b6678295635f6d9a22ad1cb
distil_whisper_small,no_adapt,108,stage5ext_00436,6df207be7ccedf5176284312e3017cd9d7ddb990efbd395e8e8d1a4f2aca4eac93a420f82a1b88c2cc4a7728b9bfb612cdbeccdb6bb50e3f1aec155e5603f59f,South Asian English,south_asian,Ogilvy watched till one and then gave up.,Ogil we watched till one and then gave up.,9c6ccac10fbd430bfa0be14e86fb832b0c5a9b6a0b6678295635f6d9a22ad1cb
distil_whisper_small,no_adapt,109,stage5ext_00437,6df207be7ccedf5176284312e3017cd9d7ddb990efbd395e8e8d1a4f2aca4eac93a420f82a1b88c2cc4a7728b9bfb612cdbeccdb6bb50e3f1aec155e5603f59f,South Asian English,south_asian,The desert didn't answer him for a few moments.,The desert didn't answer him for a few moments.,9c6ccac10fbd430bfa0be14e86fb832b0c5a9b6a0b6678295635f6d9a22ad1cb
distil_whisper_small,no_adapt,109,stage5ext_00438,6df207be7ccedf5176284312e3017cd9d7ddb990efbd395e8e8d1a4f2aca4eac93a420f82a1b88c2cc4a7728b9bfb612cdbeccdb6bb50e3f1aec155e5603f59f,South Asian English,south_asian,Once again he was experiencing the language without words...,Once again he was experiencing the language without words.,9c6ccac10fbd430bfa0be14e86fb832b0c5a9b6a0b6678295635f6d9a22ad1cb
distil_whisper_small,no_adapt,109,stage5ext_00439,6df207be7ccedf5176284312e3017cd9d7ddb990efbd395e8e8d1a4f2aca4eac93a420f82a1b88c2cc4a7728b9bfb612cdbeccdb6bb50e3f1aec155e5603f59f,South Asian English,south_asian,"The sheep will get used to my not being there, too, the boy thought.","The sheep will get used to my not being there too, the boy thought.",9c6ccac10fbd430bfa0be14e86fb832b0c5a9b6a0b6678295635f6d9a22ad1cb
distil_whisper_small,no_adapt,109,stage5ext_00440,6df207be7ccedf5176284312e3017cd9d7ddb990efbd395e8e8d1a4f2aca4eac93a420f82a1b88c2cc4a7728b9bfb612cdbeccdb6bb50e3f1aec155e5603f59f,South Asian English,south_asian,Everything you need to know you have learned through your journey.,Everything you need to know you have learned through your journey.,9c6ccac10fbd430bfa0be14e86fb832b0c5a9b6a0b6678295635f6d9a22ad1cb
distil_whisper_small,no_adapt,110,stage5ext_00441,6df207be7ccedf5176284312e3017cd9d7ddb990efbd395e8e8d1a4f2aca4eac93a420f82a1b88c2cc4a7728b9bfb612cdbeccdb6bb50e3f1aec155e5603f59f,South Asian English,south_asian,"You and I aren't like Hassan, that rich merchant.",You and I aren't like hustle that rich much it.,9c6ccac10fbd430bfa0be14e86fb832b0c5a9b6a0b6678295635f6d9a22ad1cb
distil_whisper_small,no_adapt,110,stage5ext_00442,6df207be7ccedf5176284312e3017cd9d7ddb990efbd395e8e8d1a4f2aca4eac93a420f82a1b88c2cc4a7728b9bfb612cdbeccdb6bb50e3f1aec155e5603f59f,South Asian English,south_asian,But they really don't know what they're saying.,But they really don't know what they are saying.,9c6ccac10fbd430bfa0be14e86fb832b0c5a9b6a0b6678295635f6d9a22ad1cb
distil_whisper_small,no_adapt,110,stage5ext_00443,6df207be7ccedf5176284312e3017cd9d7ddb990efbd395e8e8d1a4f2aca4eac93a420f82a1b88c2cc4a7728b9bfb612cdbeccdb6bb50e3f1aec155e5603f59f,South Asian English,south_asian,The boy remembered an old proverb from his country.,The boy remembered an old problem from his country.,9c6ccac10fbd430bfa0be14e86fb832b0c5a9b6a0b6678295635f6d9a22ad1cb
distil_whisper_small,no_adapt,110,stage5ext_00444,6df207be7ccedf5176284312e3017cd9d7ddb990efbd395e8e8d1a4f2aca4eac93a420f82a1b88c2cc4a7728b9bfb612cdbeccdb6bb50e3f1aec155e5603f59f,South Asian English,south_asian,Henderson stood up with a spade in his hand.,Head just stood up with a spade in his hand.,9c6ccac10fbd430bfa0be14e86fb832b0c5a9b6a0b6678295635f6d9a22ad1cb
distil_whisper_small,no_adapt,111,stage5ext_00445,6df207be7ccedf5176284312e3017cd9d7ddb990efbd395e8e8d1a4f2aca4eac93a420f82a1b88c2cc4a7728b9bfb612cdbeccdb6bb50e3f1aec155e5603f59f,South Asian English,south_asian,"The alchemists spent years in their laboratories, observing the fire that purified the metals.",The elkim is spent years in their laboratories observing the file that purified metals.,9c6ccac10fbd430bfa0be14e86fb832b0c5a9b6a0b6678295635f6d9a22ad1cb
distil_whisper_small,no_adapt,111,stage5ext_00446,6df207be7ccedf5176284312e3017cd9d7ddb990efbd395e8e8d1a4f2aca4eac93a420f82a1b88c2cc4a7728b9bfb612cdbeccdb6bb50e3f1aec155e5603f59f,South Asian English,south_asian,His eyes filled with tears as he spoke of the Prophet.,His eyes filled with tears as he spoke of the prophet.,9c6ccac10fbd430bfa0be14e86fb832b0c5a9b6a0b6678295635f6d9a22ad1cb
distil_whisper_small,no_adapt,111,stage5ext_00447,6df207be7ccedf5176284312e3017cd9d7ddb990efbd395e8e8d1a4f2aca4eac93a420f82a1b88c2cc4a7728b9bfb612cdbeccdb6bb50e3f1aec155e5603f59f,South Asian English,south_asian,"Maybe the alchemist has never been in love, the boy thought.","Maybe the elkymist has never been in love, the boy thought.",9c6ccac10fbd430bfa0be14e86fb832b0c5a9b6a0b6678295635f6d9a22ad1cb
distil_whisper_small,no_adapt,111,stage5ext_00448,6df207be7ccedf5176284312e3017cd9d7ddb990efbd395e8e8d1a4f2aca4eac93a420f82a1b88c2cc4a7728b9bfb612cdbeccdb6bb50e3f1aec155e5603f59f,South Asian English,south_asian,"He dressed in his Arabian clothing of white linen, bought especially for this day.","He dressed in his arabian clothing of white linen, bought especially for the state.",9c6ccac10fbd430bfa0be14e86fb832b0c5a9b6a0b6678295635f6d9a22ad1cb
distil_whisper_small,no_adapt,112,stage5ext_00449,6df207be7ccedf5176284312e3017cd9d7ddb990efbd395e8e8d1a4f2aca4eac93a420f82a1b88c2cc4a7728b9bfb612cdbeccdb6bb50e3f1aec155e5603f59f,South Asian English,south_asian,I don't want anything for myself.,I do more than anything for myself.,9c6ccac10fbd430bfa0be14e86fb832b0c5a9b6a0b6678295635f6d9a22ad1cb
distil_whisper_small,no_adapt,112,stage5ext_00450,6df207be7ccedf5176284312e3017cd9d7ddb990efbd395e8e8d1a4f2aca4eac93a420f82a1b88c2cc4a7728b9bfb612cdbeccdb6bb50e3f1aec155e5603f59f,South Asian English,south_asian,"An hour later, he had before him a chest of Spanish gold coins.",An hour later he had before him a chest of Spanish quote coins.,9c6ccac10fbd430bfa0be14e86fb832b0c5a9b6a0b6678295635f6d9a22ad1cb
distil_whisper_small,no_adapt,112,stage5ext_00451,0e60a578941d41849394691c611be044c19753d68b3dc6ca38dd1526016c9536219350c8aa1d6c0b974bc68c24592c39030a094ed6223399ab873f93e6a457a2,Australian English,australia,He surveyed the land near Fairbanks and started the Fairbanks Experiment Farm.,He surveyed the land near Fairbanks and started the Fairbanks experiment farm.,9c6ccac10fbd430bfa0be14e86fb832b0c5a9b6a0b6678295635f6d9a22ad1cb
distil_whisper_small,no_adapt,112,stage5ext_00452,0e60a578941d41849394691c611be044c19753d68b3dc6ca38dd1526016c9536219350c8aa1d6c0b974bc68c24592c39030a094ed6223399ab873f93e6a457a2,Australian English,australia,"These sites are equipped with firewood, pit privies, picnic tables and food storage containers.","These sites are equipped with firewood, pick privies, picnic tables and food storage containers.",9c6ccac10fbd430bfa0be14e86fb832b0c5a9b6a0b6678295635f6d9a22ad1cb
distil_whisper_small,no_adapt,113,stage5ext_00453,0e60a578941d41849394691c611be044c19753d68b3dc6ca38dd1526016c9536219350c8aa1d6c0b974bc68c24592c39030a094ed6223399ab873f93e6a457a2,Australian English,australia,He was second billed at the Earls Court Music festival with Jay-Z.,He was second billed at the Earl Court Music Festival with Jay-Z.,9c6ccac10fbd430bfa0be14e86fb832b0c5a9b6a0b6678295635f6d9a22ad1cb
distil_whisper_small,no_adapt,113,stage5ext_00454,0e60a578941d41849394691c611be044c19753d68b3dc6ca38dd1526016c9536219350c8aa1d6c0b974bc68c24592c39030a094ed6223399ab873f93e6a457a2,Australian English,australia,"As a result, most of the buildings are older, and are often walk-up apartments.","As a result, most of the buildings are older and are often walk-up apartments.",9c6ccac10fbd430bfa0be14e86fb832b0c5a9b6a0b6678295635f6d9a22ad1cb
distil_whisper_small,no_adapt,113,stage5ext_00455,0e60a578941d41849394691c611be044c19753d68b3dc6ca38dd1526016c9536219350c8aa1d6c0b974bc68c24592c39030a094ed6223399ab873f93e6a457a2,Australian English,australia,"His credits include episodes of ""The Twilight Zone"" and ""The Alfred Hitchcock Hour"".",His credits include episodes of The Twilight Zone and the Alfred Hitchcock Hour.,9c6ccac10fbd430bfa0be14e86fb832b0c5a9b6a0b6678295635f6d9a22ad1cb
distil_whisper_small,no_adapt,113,stage5ext_00456,0e60a578941d41849394691c611be044c19753d68b3dc6ca38dd1526016c9536219350c8aa1d6c0b974bc68c24592c39030a094ed6223399ab873f93e6a457a2,Australian English,australia,The party aligned itself with the Comintern.,The party aligned itself with the common term.,9c6ccac10fbd430bfa0be14e86fb832b0c5a9b6a0b6678295635f6d9a22ad1cb
distil_whisper_small,no_adapt,114,stage5ext_00457,0e60a578941d41849394691c611be044c19753d68b3dc6ca38dd1526016c9536219350c8aa1d6c0b974bc68c24592c39030a094ed6223399ab873f93e6a457a2,Australian English,australia,"On one occasion, Suetonius writes, Vespasian was pelted with turnips.","On one occasion, Sutonius writes, Vespassian was pelted with turnips.",9c6ccac10fbd430bfa0be14e86fb832b0c5a9b6a0b6678295635f6d9a22ad1cb
distil_whisper_small,no_adapt,114,stage5ext_00458,0e60a578941d41849394691c611be044c19753d68b3dc6ca38dd1526016c9536219350c8aa1d6c0b974bc68c24592c39030a094ed6223399ab873f93e6a457a2,Australian English,australia,"She felt that modern society had ""blunted"" children.",She felt that modern society had blunted children.,9c6ccac10fbd430bfa0be14e86fb832b0c5a9b6a0b6678295635f6d9a22ad1cb
distil_whisper_small,no_adapt,114,stage5ext_00459,0e60a578941d41849394691c611be044c19753d68b3dc6ca38dd1526016c9536219350c8aa1d6c0b974bc68c24592c39030a094ed6223399ab873f93e6a457a2,Australian English,australia,Those in Thailand live close to the Hmong and northern Thai.,Those in Thailand live close to the Hmong and Northern Thai.,9c6ccac10fbd430bfa0be14e86fb832b0c5a9b6a0b6678295635f6d9a22ad1cb
distil_whisper_small,no_adapt,114,stage5ext_00460,0e60a578941d41849394691c611be044c19753d68b3dc6ca38dd1526016c9536219350c8aa1d6c0b974bc68c24592c39030a094ed6223399ab873f93e6a457a2,Australian English,australia,His competitive debut followed a few days later.,His competitive debut followed a few days later.,9c6ccac10fbd430bfa0be14e86fb832b0c5a9b6a0b6678295635f6d9a22ad1cb
distil_whisper_small,no_adapt,115,stage5ext_00461,0e60a578941d41849394691c611be044c19753d68b3dc6ca38dd1526016c9536219350c8aa1d6c0b974bc68c24592c39030a094ed6223399ab873f93e6a457a2,Australian English,australia,It is headquartered in Dubna in the Moscow Oblast.,It is headquartered in Dubner in the Moscow Oblast.,9c6ccac10fbd430bfa0be14e86fb832b0c5a9b6a0b6678295635f6d9a22ad1cb
distil_whisper_small,no_adapt,115,stage5ext_00462,0e60a578941d41849394691c611be044c19753d68b3dc6ca38dd1526016c9536219350c8aa1d6c0b974bc68c24592c39030a094ed6223399ab873f93e6a457a2,Australian English,australia,Upon surrender the tribe was expelled.,"Upon surrender, the tribe was expelled.",9c6ccac10fbd430bfa0be14e86fb832b0c5a9b6a0b6678295635f6d9a22ad1cb
distil_whisper_small,no_adapt,115,stage5ext_00463,0e60a578941d41849394691c611be044c19753d68b3dc6ca38dd1526016c9536219350c8aa1d6c0b974bc68c24592c39030a094ed6223399ab873f93e6a457a2,Australian English,australia,His skills in what we now characterize as guerrilla warfare were justly famous.,His skills in what we now characterize as guerrilla warfare were justly famous.,9c6ccac10fbd430bfa0be14e86fb832b0c5a9b6a0b6678295635f6d9a22ad1cb
distil_whisper_small,no_adapt,115,stage5ext_00464,0e60a578941d41849394691c611be044c19753d68b3dc6ca38dd1526016c9536219350c8aa1d6c0b974bc68c24592c39030a094ed6223399ab873f93e6a457a2,Australian English,australia,Donald C. Owens.,Donald C. Owens,9c6ccac10fbd430bfa0be14e86fb832b0c5a9b6a0b6678295635f6d9a22ad1cb
distil_whisper_small,no_adapt,116,stage5ext_00465,0e60a578941d41849394691c611be044c19753d68b3dc6ca38dd1526016c9536219350c8aa1d6c0b974bc68c24592c39030a094ed6223399ab873f93e6a457a2,Australian English,australia,Most of operating surplus will normally consist of gross profit income.,Most of operating surplus will normally consist of gross profit income.,9c6ccac10fbd430bfa0be14e86fb832b0c5a9b6a0b6678295635f6d9a22ad1cb
distil_whisper_small,no_adapt,116,stage5ext_00466,6a6b32832defa516dce6922d2300294d6e7f670b8f867ed3f8f7e291df5150f55cde5ad06e44e4d126e3687b818fe5f23e70a1cd189217bc55d1f9f21ced88e0,Australian English,australia,"These delineations, however, are not definitive.","These delineations, however, are not definitive.",9c6ccac10fbd430bfa0be14e86fb832b0c5a9b6a0b6678295635f6d9a22ad1cb
distil_whisper_small,no_adapt,116,stage5ext_00467,6a6b32832defa516dce6922d2300294d6e7f670b8f867ed3f8f7e291df5150f55cde5ad06e44e4d126e3687b818fe5f23e70a1cd189217bc55d1f9f21ced88e0,Australian English,australia,"When he returned to Canada the following year, he had gained few supplies.",When he returned to Canada the following year he had gained few supplies.,9c6ccac10fbd430bfa0be14e86fb832b0c5a9b6a0b6678295635f6d9a22ad1cb
distil_whisper_small,no_adapt,116,stage5ext_00468,6a6b32832defa516dce6922d2300294d6e7f670b8f867ed3f8f7e291df5150f55cde5ad06e44e4d126e3687b818fe5f23e70a1cd189217bc55d1f9f21ced88e0,Australian English,australia,Eos published the third edition of Nobilis and a supplement.,Eos published the third edition of Nobilis and a supplement.,9c6ccac10fbd430bfa0be14e86fb832b0c5a9b6a0b6678295635f6d9a22ad1cb
distil_whisper_small,no_adapt,117,stage5ext_00469,6a6b32832defa516dce6922d2300294d6e7f670b8f867ed3f8f7e291df5150f55cde5ad06e44e4d126e3687b818fe5f23e70a1cd189217bc55d1f9f21ced88e0,Australian English,australia,This prevents damage to the optics in the amplifier.,This prevents damage to the objects in the amplifier.,9c6ccac10fbd430bfa0be14e86fb832b0c5a9b6a0b6678295635f6d9a22ad1cb
distil_whisper_small,no_adapt,117,stage5ext_00470,6a6b32832defa516dce6922d2300294d6e7f670b8f867ed3f8f7e291df5150f55cde5ad06e44e4d126e3687b818fe5f23e70a1cd189217bc55d1f9f21ced88e0,Australian English,australia,"Prince's Park also influenced its near neighbour, Sefton Park.","Prince's Park also influenced its near neighbour, Sipton Park.",9c6ccac10fbd430bfa0be14e86fb832b0c5a9b6a0b6678295635f6d9a22ad1cb
distil_whisper_small,no_adapt,117,stage5ext_00471,6a6b32832defa516dce6922d2300294d6e7f670b8f867ed3f8f7e291df5150f55cde5ad06e44e4d126e3687b818fe5f23e70a1cd189217bc55d1f9f21ced88e0,Australian English,australia,The location is a primary advantage of the faculty.,The location is a primary advantage of the faculty.,9c6ccac10fbd430bfa0be14e86fb832b0c5a9b6a0b6678295635f6d9a22ad1cb
distil_whisper_small,no_adapt,117,stage5ext_00472,6a6b32832defa516dce6922d2300294d6e7f670b8f867ed3f8f7e291df5150f55cde5ad06e44e4d126e3687b818fe5f23e70a1cd189217bc55d1f9f21ced88e0,Australian English,australia,The caps are placed behind the casing.,The caps are placed behind the casing.,9c6ccac10fbd430bfa0be14e86fb832b0c5a9b6a0b6678295635f6d9a22ad1cb
distil_whisper_small,no_adapt,118,stage5ext_00473,6a6b32832defa516dce6922d2300294d6e7f670b8f867ed3f8f7e291df5150f55cde5ad06e44e4d126e3687b818fe5f23e70a1cd189217bc55d1f9f21ced88e0,Australian English,australia,It falls within the old copper quarter of Landore electoral ward.,It falls within the old copper quarter of Landor Electoral Ward.,9c6ccac10fbd430bfa0be14e86fb832b0c5a9b6a0b6678295635f6d9a22ad1cb
distil_whisper_small,no_adapt,118,stage5ext_00474,6a6b32832defa516dce6922d2300294d6e7f670b8f867ed3f8f7e291df5150f55cde5ad06e44e4d126e3687b818fe5f23e70a1cd189217bc55d1f9f21ced88e0,Australian English,australia,It was merged into the existing Billund municipality.,It was merged into the existing Billund municipality.,9c6ccac10fbd430bfa0be14e86fb832b0c5a9b6a0b6678295635f6d9a22ad1cb
distil_whisper_small,no_adapt,118,stage5ext_00475,6a6b32832defa516dce6922d2300294d6e7f670b8f867ed3f8f7e291df5150f55cde5ad06e44e4d126e3687b818fe5f23e70a1cd189217bc55d1f9f21ced88e0,Australian English,australia,"Rossi is married, with four children, and lives in Sammamish, Washington.","Rossie is married with four children and lives in Samamish, Washington.",9c6ccac10fbd430bfa0be14e86fb832b0c5a9b6a0b6678295635f6d9a22ad1cb
distil_whisper_small,no_adapt,118,stage5ext_00476,6a6b32832defa516dce6922d2300294d6e7f670b8f867ed3f8f7e291df5150f55cde5ad06e44e4d126e3687b818fe5f23e70a1cd189217bc55d1f9f21ced88e0,Australian English,australia,It is a peaceful place nestled in greenery.,It is a peaceful place nestled in greenery.,9c6ccac10fbd430bfa0be14e86fb832b0c5a9b6a0b6678295635f6d9a22ad1cb
distil_whisper_small,no_adapt,119,stage5ext_00477,6a6b32832defa516dce6922d2300294d6e7f670b8f867ed3f8f7e291df5150f55cde5ad06e44e4d126e3687b818fe5f23e70a1cd189217bc55d1f9f21ced88e0,Australian English,australia,During the fighting the Saint-Quentin collegiate church was badly damaged by fire.,During the fighting the St. Quentin Collegiate Church was badly damaged by fire.,9c6ccac10fbd430bfa0be14e86fb832b0c5a9b6a0b6678295635f6d9a22ad1cb
distil_whisper_small,no_adapt,119,stage5ext_00478,6a6b32832defa516dce6922d2300294d6e7f670b8f867ed3f8f7e291df5150f55cde5ad06e44e4d126e3687b818fe5f23e70a1cd189217bc55d1f9f21ced88e0,Australian English,australia,Further salvage effort was abandoned.,Further salvage effort was abandoned.,9c6ccac10fbd430bfa0be14e86fb832b0c5a9b6a0b6678295635f6d9a22ad1cb
distil_whisper_small,no_adapt,119,stage5ext_00479,6a6b32832defa516dce6922d2300294d6e7f670b8f867ed3f8f7e291df5150f55cde5ad06e44e4d126e3687b818fe5f23e70a1cd189217bc55d1f9f21ced88e0,Australian English,australia,Its lean flesh makes for a unique flavor that differs from species to species.,Its lean flesh makes for a unique flavor that differs from species to species.,9c6ccac10fbd430bfa0be14e86fb832b0c5a9b6a0b6678295635f6d9a22ad1cb
distil_whisper_small,no_adapt,119,stage5ext_00480,6a6b32832defa516dce6922d2300294d6e7f670b8f867ed3f8f7e291df5150f55cde5ad06e44e4d126e3687b818fe5f23e70a1cd189217bc55d1f9f21ced88e0,Australian English,australia,"Multiplexers, decoders, state machines, and other sophisticated digital devices may use inverters.","Multiplexes, decoders, state machines and other sophisticated digital devices may use inverters.",9c6ccac10fbd430bfa0be14e86fb832b0c5a9b6a0b6678295635f6d9a22ad1cb
distil_whisper_small,no_adapt,120,stage5ext_00481,80e5fdd0808bbda9d695c743b5046c81739538d8398f2686fe4b36ca71f055a7cc8e5445f4ac8e41bbbe09c9f01ad6e6bf9e083ec42a8d15655c1b76825dce57,Australian English,australia,"The regiment is introduced as Britain's first ""Kamikaze Regiment"".",The regiment is introduced as Britain's first kamikaze regiment.,9c6ccac10fbd430bfa0be14e86fb832b0c5a9b6a0b6678295635f6d9a22ad1cb
distil_whisper_small,no_adapt,120,stage5ext_00482,80e5fdd0808bbda9d695c743b5046c81739538d8398f2686fe4b36ca71f055a7cc8e5445f4ac8e41bbbe09c9f01ad6e6bf9e083ec42a8d15655c1b76825dce57,Australian English,australia,"“Yet you always make me like it,” he said.","Yet he always makes me like it, he said.",9c6ccac10fbd430bfa0be14e86fb832b0c5a9b6a0b6678295635f6d9a22ad1cb
distil_whisper_small,no_adapt,120,stage5ext_00483,80e5fdd0808bbda9d695c743b5046c81739538d8398f2686fe4b36ca71f055a7cc8e5445f4ac8e41bbbe09c9f01ad6e6bf9e083ec42a8d15655c1b76825dce57,Australian English,australia,The parties were ordered to electronically submit briefs to make their case.,The parties were ordered to electronically submit briefs to make their case.,9c6ccac10fbd430bfa0be14e86fb832b0c5a9b6a0b6678295635f6d9a22ad1cb
distil_whisper_small,no_adapt,120,stage5ext_00484,80e5fdd0808bbda9d695c743b5046c81739538d8398f2686fe4b36ca71f055a7cc8e5445f4ac8e41bbbe09c9f01ad6e6bf9e083ec42a8d15655c1b76825dce57,Australian English,australia,Conceptual discussions also revolve around a precise definition of action in philosophy.,Conceptual discussions also revolve around a precise definition of action in philosophy.,9c6ccac10fbd430bfa0be14e86fb832b0c5a9b6a0b6678295635f6d9a22ad1cb
distil_whisper_small,no_adapt,121,stage5ext_00485,80e5fdd0808bbda9d695c743b5046c81739538d8398f2686fe4b36ca71f055a7cc8e5445f4ac8e41bbbe09c9f01ad6e6bf9e083ec42a8d15655c1b76825dce57,Australian English,australia,John Wyndham's many short stories also appear with later variant titles or pen names.,John Weinham's many short stories also appear with later variant titles or pen names.,9c6ccac10fbd430bfa0be14e86fb832b0c5a9b6a0b6678295635f6d9a22ad1cb
distil_whisper_small,no_adapt,121,stage5ext_00486,80e5fdd0808bbda9d695c743b5046c81739538d8398f2686fe4b36ca71f055a7cc8e5445f4ac8e41bbbe09c9f01ad6e6bf9e083ec42a8d15655c1b76825dce57,Australian English,australia,"I had an apartment; Jim was, like, ""He's the Boss"".","I had an apartment. Jim was like, he's the boss.",9c6ccac10fbd430bfa0be14e86fb832b0c5a9b6a0b6678295635f6d9a22ad1cb
distil_whisper_small,no_adapt,121,stage5ext_00487,80e5fdd0808bbda9d695c743b5046c81739538d8398f2686fe4b36ca71f055a7cc8e5445f4ac8e41bbbe09c9f01ad6e6bf9e083ec42a8d15655c1b76825dce57,Australian English,australia,"The show theme music is a customised version of Barry Manilow's ""Copacabana"".",The show theme music is a customized version of Barry Manlow's Cooper Cabana.,9c6ccac10fbd430bfa0be14e86fb832b0c5a9b6a0b6678295635f6d9a22ad1cb
distil_whisper_small,no_adapt,121,stage5ext_00488,80e5fdd0808bbda9d695c743b5046c81739538d8398f2686fe4b36ca71f055a7cc8e5445f4ac8e41bbbe09c9f01ad6e6bf9e083ec42a8d15655c1b76825dce57,Australian English,australia,Especially noteworthy were the early and late paintings.,Especially noteworthy were the early and late paintings.,9c6ccac10fbd430bfa0be14e86fb832b0c5a9b6a0b6678295635f6d9a22ad1cb
distil_whisper_small,no_adapt,122,stage5ext_00489,80e5fdd0808bbda9d695c743b5046c81739538d8398f2686fe4b36ca71f055a7cc8e5445f4ac8e41bbbe09c9f01ad6e6bf9e083ec42a8d15655c1b76825dce57,Australian English,australia,"Gavin Smith would later join the team, making it a three-car Vauxhall effort.","Gavin Smith would later join the team, making it a three-car boxal effort.",9c6ccac10fbd430bfa0be14e86fb832b0c5a9b6a0b6678295635f6d9a22ad1cb
distil_whisper_small,no_adapt,122,stage5ext_00490,80e5fdd0808bbda9d695c743b5046c81739538d8398f2686fe4b36ca71f055a7cc8e5445f4ac8e41bbbe09c9f01ad6e6bf9e083ec42a8d15655c1b76825dce57,Australian English,australia,"His siblings included Key Pittman, a longtime United States Senator from Nevada.","His siblings included Key Pittman, a long-time United States Senator from Nevada.",9c6ccac10fbd430bfa0be14e86fb832b0c5a9b6a0b6678295635f6d9a22ad1cb
distil_whisper_small,no_adapt,122,stage5ext_00491,80e5fdd0808bbda9d695c743b5046c81739538d8398f2686fe4b36ca71f055a7cc8e5445f4ac8e41bbbe09c9f01ad6e6bf9e083ec42a8d15655c1b76825dce57,Australian English,australia,"The ""Dragon Empire"" is an empire ruled by the ten houses of dragons.",The Dragon Empire is an empire ruled by the Ten Houses of Dragons.,9c6ccac10fbd430bfa0be14e86fb832b0c5a9b6a0b6678295635f6d9a22ad1cb
distil_whisper_small,no_adapt,122,stage5ext_00492,80e5fdd0808bbda9d695c743b5046c81739538d8398f2686fe4b36ca71f055a7cc8e5445f4ac8e41bbbe09c9f01ad6e6bf9e083ec42a8d15655c1b76825dce57,Australian English,australia,Gounki is played on an eight-by-eight square.,Gherkin Key is played on 8x8 square.,9c6ccac10fbd430bfa0be14e86fb832b0c5a9b6a0b6678295635f6d9a22ad1cb
distil_whisper_small,no_adapt,123,stage5ext_00493,80e5fdd0808bbda9d695c743b5046c81739538d8398f2686fe4b36ca71f055a7cc8e5445f4ac8e41bbbe09c9f01ad6e6bf9e083ec42a8d15655c1b76825dce57,Australian English,australia,He founded a series of hospitals in Constantinople to care for the poor.,He founded a series of hospitals in Constantinople to care for the poor.,9c6ccac10fbd430bfa0be14e86fb832b0c5a9b6a0b6678295635f6d9a22ad1cb
distil_whisper_small,no_adapt,123,stage5ext_00494,80e5fdd0808bbda9d695c743b5046c81739538d8398f2686fe4b36ca71f055a7cc8e5445f4ac8e41bbbe09c9f01ad6e6bf9e083ec42a8d15655c1b76825dce57,Australian English,australia,His guitar compositions are being recorded and performed by an ever-increasing number of guitarists.,His guitar compositions are being recorded and performed by an ever-increasing number of guitarists.,9c6ccac10fbd430bfa0be14e86fb832b0c5a9b6a0b6678295635f6d9a22ad1cb
distil_whisper_small,no_adapt,123,stage5ext_00495,80e5fdd0808bbda9d695c743b5046c81739538d8398f2686fe4b36ca71f055a7cc8e5445f4ac8e41bbbe09c9f01ad6e6bf9e083ec42a8d15655c1b76825dce57,Australian English,australia,He taught at Stockport Grammar School.,He taught at Stockport Grammar School.,9c6ccac10fbd430bfa0be14e86fb832b0c5a9b6a0b6678295635f6d9a22ad1cb
distil_whisper_small,no_adapt,123,stage5ext_00496,1a03eae3701811654fd562b997c8a474b9db15da01b2c3dbe82487ef0476080aff1930c0b286ebae981fe42447c3f5ef27480999934b5bbbb8e1410266aca125,Australian English,australia,"But, if you can, try to make your own decisions.","But if you can, try to make your own decisions.",9c6ccac10fbd430bfa0be14e86fb832b0c5a9b6a0b6678295635f6d9a22ad1cb
distil_whisper_small,no_adapt,124,stage5ext_00497,1a03eae3701811654fd562b997c8a474b9db15da01b2c3dbe82487ef0476080aff1930c0b286ebae981fe42447c3f5ef27480999934b5bbbb8e1410266aca125,Australian English,australia,There was no way to measure anything of that length.,There was no way to measure anything of that length.,9c6ccac10fbd430bfa0be14e86fb832b0c5a9b6a0b6678295635f6d9a22ad1cb
distil_whisper_small,no_adapt,124,stage5ext_00498,1a03eae3701811654fd562b997c8a474b9db15da01b2c3dbe82487ef0476080aff1930c0b286ebae981fe42447c3f5ef27480999934b5bbbb8e1410266aca125,Australian English,australia,"Today, tourism is one of the major economic factors inside the city.",Today tourism is one of the major economic factors inside the city.,9c6ccac10fbd430bfa0be14e86fb832b0c5a9b6a0b6678295635f6d9a22ad1cb
distil_whisper_small,no_adapt,124,stage5ext_00499,1a03eae3701811654fd562b997c8a474b9db15da01b2c3dbe82487ef0476080aff1930c0b286ebae981fe42447c3f5ef27480999934b5bbbb8e1410266aca125,Australian English,australia,"Last week, I went hiking in the mountains.",Last week I went hiking in the mountains.,9c6ccac10fbd430bfa0be14e86fb832b0c5a9b6a0b6678295635f6d9a22ad1cb
distil_whisper_small,no_adapt,124,stage5ext_00500,1a03eae3701811654fd562b997c8a474b9db15da01b2c3dbe82487ef0476080aff1930c0b286ebae981fe42447c3f5ef27480999934b5bbbb8e1410266aca125,Australian English,australia,The boy tried to read what was written in the sand.,The boy tried to read what was written in the sand.,9c6ccac10fbd430bfa0be14e86fb832b0c5a9b6a0b6678295635f6d9a22ad1cb
distil_whisper_small,no_adapt,125,stage5ext_00501,1a03eae3701811654fd562b997c8a474b9db15da01b2c3dbe82487ef0476080aff1930c0b286ebae981fe42447c3f5ef27480999934b5bbbb8e1410266aca125,Australian English,australia,Don't hurt my sore arm again.,Don't hurt my sore arm again.,9c6ccac10fbd430bfa0be14e86fb832b0c5a9b6a0b6678295635f6d9a22ad1cb
distil_whisper_small,no_adapt,125,stage5ext_00502,1a03eae3701811654fd562b997c8a474b9db15da01b2c3dbe82487ef0476080aff1930c0b286ebae981fe42447c3f5ef27480999934b5bbbb8e1410266aca125,Australian English,australia,The fluid sprayed across the foyer.,The fluid sprayed across the foyer.,9c6ccac10fbd430bfa0be14e86fb832b0c5a9b6a0b6678295635f6d9a22ad1cb
distil_whisper_small,no_adapt,125,stage5ext_00503,1a03eae3701811654fd562b997c8a474b9db15da01b2c3dbe82487ef0476080aff1930c0b286ebae981fe42447c3f5ef27480999934b5bbbb8e1410266aca125,Australian English,australia,Thanks for dropping around.,Thanks for dropping around.,9c6ccac10fbd430bfa0be14e86fb832b0c5a9b6a0b6678295635f6d9a22ad1cb
distil_whisper_small,no_adapt,125,stage5ext_00504,1a03eae3701811654fd562b997c8a474b9db15da01b2c3dbe82487ef0476080aff1930c0b286ebae981fe42447c3f5ef27480999934b5bbbb8e1410266aca125,Australian English,australia,The frog had no chance to escape.,The frog had no chance to escape.,9c6ccac10fbd430bfa0be14e86fb832b0c5a9b6a0b6678295635f6d9a22ad1cb
distil_whisper_small,no_adapt,126,stage5ext_00505,1a03eae3701811654fd562b997c8a474b9db15da01b2c3dbe82487ef0476080aff1930c0b286ebae981fe42447c3f5ef27480999934b5bbbb8e1410266aca125,Australian English,australia,She likes you well enough to stick around.,She locks you well enough to stick around.,9c6ccac10fbd430bfa0be14e86fb832b0c5a9b6a0b6678295635f6d9a22ad1cb
distil_whisper_small,no_adapt,126,stage5ext_00506,1a03eae3701811654fd562b997c8a474b9db15da01b2c3dbe82487ef0476080aff1930c0b286ebae981fe42447c3f5ef27480999934b5bbbb8e1410266aca125,Australian English,australia,The shower curtain is beige and white.,The shower curtain is beige and white.,9c6ccac10fbd430bfa0be14e86fb832b0c5a9b6a0b6678295635f6d9a22ad1cb
distil_whisper_small,no_adapt,126,stage5ext_00507,1a03eae3701811654fd562b997c8a474b9db15da01b2c3dbe82487ef0476080aff1930c0b286ebae981fe42447c3f5ef27480999934b5bbbb8e1410266aca125,Australian English,australia,"Everyone, when they are young, knows what their destiny is.","Everyone, when they are young, knows what their destinies.",9c6ccac10fbd430bfa0be14e86fb832b0c5a9b6a0b6678295635f6d9a22ad1cb
distil_whisper_small,no_adapt,126,stage5ext_00508,1a03eae3701811654fd562b997c8a474b9db15da01b2c3dbe82487ef0476080aff1930c0b286ebae981fe42447c3f5ef27480999934b5bbbb8e1410266aca125,Australian English,australia,He didn't consider mending the hole — the stones could fall through any time they wanted.,He didn't consider mending the hole. The stones could fall through any time they wanted.,9c6ccac10fbd430bfa0be14e86fb832b0c5a9b6a0b6678295635f6d9a22ad1cb
distil_whisper_small,no_adapt,127,stage5ext_00509,1a03eae3701811654fd562b997c8a474b9db15da01b2c3dbe82487ef0476080aff1930c0b286ebae981fe42447c3f5ef27480999934b5bbbb8e1410266aca125,Australian English,australia,Add shweta mohan to my laundry playlist,Add shooter Mohan to my laundry playlist.,9c6ccac10fbd430bfa0be14e86fb832b0c5a9b6a0b6678295635f6d9a22ad1cb
distil_whisper_small,no_adapt,127,stage5ext_00510,1a03eae3701811654fd562b997c8a474b9db15da01b2c3dbe82487ef0476080aff1930c0b286ebae981fe42447c3f5ef27480999934b5bbbb8e1410266aca125,Australian English,australia,I'm still having trouble with baking.,I'm still having trouble with baking.,9c6ccac10fbd430bfa0be14e86fb832b0c5a9b6a0b6678295635f6d9a22ad1cb
distil_whisper_small,no_adapt,127,stage5ext_00511,3935c83996bc79d7abc50adc36392f9a2fd97df405c02b2321332068d1f235f816f68c7b84d0c3b80073933b9f6ab6f5b2d06f204e4bacdd8623e31009f1b83c,Australian English,australia,The mantra itself is also called Simran.,The mantra itself is also called Simran.,9c6ccac10fbd430bfa0be14e86fb832b0c5a9b6a0b6678295635f6d9a22ad1cb
distil_whisper_small,no_adapt,127,stage5ext_00512,3935c83996bc79d7abc50adc36392f9a2fd97df405c02b2321332068d1f235f816f68c7b84d0c3b80073933b9f6ab6f5b2d06f204e4bacdd8623e31009f1b83c,Australian English,australia,"Throughout college, Edwards moonlighted, playing jazz piano for late night radio and music shows.","Through our college, Edwards moonlighted, playing jazz, piano for late night radio and music shows.",9c6ccac10fbd430bfa0be14e86fb832b0c5a9b6a0b6678295635f6d9a22ad1cb
distil_whisper_small,no_adapt,128,stage5ext_00513,3935c83996bc79d7abc50adc36392f9a2fd97df405c02b2321332068d1f235f816f68c7b84d0c3b80073933b9f6ab6f5b2d06f204e4bacdd8623e31009f1b83c,Australian English,australia,Over this period the paper grew and began to cover additional market sectors.,"Over this period, the paper grew and began to cover additional market sectors.",9c6ccac10fbd430bfa0be14e86fb832b0c5a9b6a0b6678295635f6d9a22ad1cb
distil_whisper_small,no_adapt,128,stage5ext_00514,3935c83996bc79d7abc50adc36392f9a2fd97df405c02b2321332068d1f235f816f68c7b84d0c3b80073933b9f6ab6f5b2d06f204e4bacdd8623e31009f1b83c,Australian English,australia,"His long, narrow face was dominated by a big nose.","His lawn, narrow face, was dominated by a beak nose.",9c6ccac10fbd430bfa0be14e86fb832b0c5a9b6a0b6678295635f6d9a22ad1cb
distil_whisper_small,no_adapt,128,stage5ext_00515,3935c83996bc79d7abc50adc36392f9a2fd97df405c02b2321332068d1f235f816f68c7b84d0c3b80073933b9f6ab6f5b2d06f204e4bacdd8623e31009f1b83c,Australian English,australia,"This has most commonly been interpreted as a rendition of ""Now Strike"".",This has most commonly been interpreted as a rendition of Now Strike.,9c6ccac10fbd430bfa0be14e86fb832b0c5a9b6a0b6678295635f6d9a22ad1cb
distil_whisper_small,no_adapt,128,stage5ext_00516,3935c83996bc79d7abc50adc36392f9a2fd97df405c02b2321332068d1f235f816f68c7b84d0c3b80073933b9f6ab6f5b2d06f204e4bacdd8623e31009f1b83c,Australian English,australia,The capital of the province is Llica.,The capital of the province is Ljjjjjjökau.,9c6ccac10fbd430bfa0be14e86fb832b0c5a9b6a0b6678295635f6d9a22ad1cb
distil_whisper_small,no_adapt,129,stage5ext_00517,3935c83996bc79d7abc50adc36392f9a2fd97df405c02b2321332068d1f235f816f68c7b84d0c3b80073933b9f6ab6f5b2d06f204e4bacdd8623e31009f1b83c,Australian English,australia,Children from this township attend schools in the Blue Mountain School District.,Children from this township attend schools in the Blue Mountain School District.,9c6ccac10fbd430bfa0be14e86fb832b0c5a9b6a0b6678295635f6d9a22ad1cb
distil_whisper_small,no_adapt,129,stage5ext_00518,3935c83996bc79d7abc50adc36392f9a2fd97df405c02b2321332068d1f235f816f68c7b84d0c3b80073933b9f6ab6f5b2d06f204e4bacdd8623e31009f1b83c,Australian English,australia,The band's lineup would then remain unchanged through their next two albums.,The band's lineup would then remain unchanged due to their next two albums.,9c6ccac10fbd430bfa0be14e86fb832b0c5a9b6a0b6678295635f6d9a22ad1cb
distil_whisper_small,no_adapt,129,stage5ext_00519,3935c83996bc79d7abc50adc36392f9a2fd97df405c02b2321332068d1f235f816f68c7b84d0c3b80073933b9f6ab6f5b2d06f204e4bacdd8623e31009f1b83c,Australian English,australia,A user application may render the image into a viewport.,A user application may render the image into a viewport.,9c6ccac10fbd430bfa0be14e86fb832b0c5a9b6a0b6678295635f6d9a22ad1cb
distil_whisper_small,no_adapt,129,stage5ext_00520,3935c83996bc79d7abc50adc36392f9a2fd97df405c02b2321332068d1f235f816f68c7b84d0c3b80073933b9f6ab6f5b2d06f204e4bacdd8623e31009f1b83c,Australian English,australia,Jimmy Fortune also sometimes tours with Dailey and Vincent.,Jimmy Fortune also sometimes tears with Daily and Vincent.,9c6ccac10fbd430bfa0be14e86fb832b0c5a9b6a0b6678295635f6d9a22ad1cb
distil_whisper_small,no_adapt,130,stage5ext_00521,3935c83996bc79d7abc50adc36392f9a2fd97df405c02b2321332068d1f235f816f68c7b84d0c3b80073933b9f6ab6f5b2d06f204e4bacdd8623e31009f1b83c,Australian English,australia,The play was revived in London eight times during his life.,The play was revived in London eight times during his life.,9c6ccac10fbd430bfa0be14e86fb832b0c5a9b6a0b6678295635f6d9a22ad1cb
distil_whisper_small,no_adapt,130,stage5ext_00522,3935c83996bc79d7abc50adc36392f9a2fd97df405c02b2321332068d1f235f816f68c7b84d0c3b80073933b9f6ab6f5b2d06f204e4bacdd8623e31009f1b83c,Australian English,australia,Following the outbreak of the Second Boer War he was posted to South Africa.,"Following the outbreak of the Second World War, he was posted to South Africa.",9c6ccac10fbd430bfa0be14e86fb832b0c5a9b6a0b6678295635f6d9a22ad1cb
distil_whisper_small,no_adapt,130,stage5ext_00523,3935c83996bc79d7abc50adc36392f9a2fd97df405c02b2321332068d1f235f816f68c7b84d0c3b80073933b9f6ab6f5b2d06f204e4bacdd8623e31009f1b83c,Australian English,australia,It is a popular spot for surfing and swimming.,It is a popular spot for serving and swimming.,9c6ccac10fbd430bfa0be14e86fb832b0c5a9b6a0b6678295635f6d9a22ad1cb
distil_whisper_small,no_adapt,130,stage5ext_00524,3935c83996bc79d7abc50adc36392f9a2fd97df405c02b2321332068d1f235f816f68c7b84d0c3b80073933b9f6ab6f5b2d06f204e4bacdd8623e31009f1b83c,Australian English,australia,Dylan apparently disliked this.,Dylan apparently disliked this.,9c6ccac10fbd430bfa0be14e86fb832b0c5a9b6a0b6678295635f6d9a22ad1cb
distil_whisper_small,no_adapt,131,stage5ext_00525,3935c83996bc79d7abc50adc36392f9a2fd97df405c02b2321332068d1f235f816f68c7b84d0c3b80073933b9f6ab6f5b2d06f204e4bacdd8623e31009f1b83c,Australian English,australia,Her heart-shaped gravestone is visible from the road.,Her heart-shaped gravestone is visible from the road.,9c6ccac10fbd430bfa0be14e86fb832b0c5a9b6a0b6678295635f6d9a22ad1cb
distil_whisper_small,no_adapt,131,stage5ext_00526,92fa0173d8a52067542a43504a23d6adbcf1f55271ca38e9eacfa6f751199a9bb7ed840cebadc1a745b2c605ec99dcfae954c709b8c345afbcb08ce46e100b4d,Australian English,australia,"Bushnell was born in Saint Paul, Minnesota and raised in Los Angeles, California.","Bushnell was born in St Paul, Minnesota and raised in Los Angeles, California.",9c6ccac10fbd430bfa0be14e86fb832b0c5a9b6a0b6678295635f6d9a22ad1cb
distil_whisper_small,no_adapt,131,stage5ext_00527,92fa0173d8a52067542a43504a23d6adbcf1f55271ca38e9eacfa6f751199a9bb7ed840cebadc1a745b2c605ec99dcfae954c709b8c345afbcb08ce46e100b4d,Australian English,australia,The show is based on noughts and crosses.,The show is based on Nortson Crosses.,9c6ccac10fbd430bfa0be14e86fb832b0c5a9b6a0b6678295635f6d9a22ad1cb
distil_whisper_small,no_adapt,131,stage5ext_00528,92fa0173d8a52067542a43504a23d6adbcf1f55271ca38e9eacfa6f751199a9bb7ed840cebadc1a745b2c605ec99dcfae954c709b8c345afbcb08ce46e100b4d,Australian English,australia,"There are also useful concepts of regular monomorphism, strong monomorphism, and extremal monomorphism.","There are also useful concepts of regular monomorphism, strong monomorphism and extreme monomorphism.",9c6ccac10fbd430bfa0be14e86fb832b0c5a9b6a0b6678295635f6d9a22ad1cb
distil_whisper_small,no_adapt,132,stage5ext_00529,92fa0173d8a52067542a43504a23d6adbcf1f55271ca38e9eacfa6f751199a9bb7ed840cebadc1a745b2c605ec99dcfae954c709b8c345afbcb08ce46e100b4d,Australian English,australia,A little glass in a transept window is older still.,A little glass in a transept window is older still.,9c6ccac10fbd430bfa0be14e86fb832b0c5a9b6a0b6678295635f6d9a22ad1cb
distil_whisper_small,no_adapt,132,stage5ext_00530,92fa0173d8a52067542a43504a23d6adbcf1f55271ca38e9eacfa6f751199a9bb7ed840cebadc1a745b2c605ec99dcfae954c709b8c345afbcb08ce46e100b4d,Australian English,australia,For a small monthly fee the establishment will also wash one's mug.,For a small monthly feed establishment will also wash one's mug.,9c6ccac10fbd430bfa0be14e86fb832b0c5a9b6a0b6678295635f6d9a22ad1cb
distil_whisper_small,no_adapt,132,stage5ext_00531,92fa0173d8a52067542a43504a23d6adbcf1f55271ca38e9eacfa6f751199a9bb7ed840cebadc1a745b2c605ec99dcfae954c709b8c345afbcb08ce46e100b4d,Australian English,australia,"Evidently there is no treasure, so Taran and the ruffian are soon at swordpoint.",Evidently there is no treasure so Taran and Ruffie are soon at sword point.,9c6ccac10fbd430bfa0be14e86fb832b0c5a9b6a0b6678295635f6d9a22ad1cb
distil_whisper_small,no_adapt,132,stage5ext_00532,92fa0173d8a52067542a43504a23d6adbcf1f55271ca38e9eacfa6f751199a9bb7ed840cebadc1a745b2c605ec99dcfae954c709b8c345afbcb08ce46e100b4d,Australian English,australia,Its user interface and functionality is similar to Microsoft Outlook.,Its user interface and functionality is similar to the Microsoft Outlook.,9c6ccac10fbd430bfa0be14e86fb832b0c5a9b6a0b6678295635f6d9a22ad1cb
distil_whisper_small,no_adapt,133,stage5ext_00533,92fa0173d8a52067542a43504a23d6adbcf1f55271ca38e9eacfa6f751199a9bb7ed840cebadc1a745b2c605ec99dcfae954c709b8c345afbcb08ce46e100b4d,Australian English,australia,It is famous for its mudbrick-made high-rise buildings.,It is famous for its mud brick made high-rise buildings.,9c6ccac10fbd430bfa0be14e86fb832b0c5a9b6a0b6678295635f6d9a22ad1cb
distil_whisper_small,no_adapt,133,stage5ext_00534,92fa0173d8a52067542a43504a23d6adbcf1f55271ca38e9eacfa6f751199a9bb7ed840cebadc1a745b2c605ec99dcfae954c709b8c345afbcb08ce46e100b4d,Australian English,australia,"Not all of the ""Heritage Minutes"" episodes have actually aired.",Not all of the Heritage Minutes episodes have actually aired.,9c6ccac10fbd430bfa0be14e86fb832b0c5a9b6a0b6678295635f6d9a22ad1cb
distil_whisper_small,no_adapt,133,stage5ext_00535,92fa0173d8a52067542a43504a23d6adbcf1f55271ca38e9eacfa6f751199a9bb7ed840cebadc1a745b2c605ec99dcfae954c709b8c345afbcb08ce46e100b4d,Australian English,australia,He later lived in the British West Indies.,He later lived in the British West Indies.,9c6ccac10fbd430bfa0be14e86fb832b0c5a9b6a0b6678295635f6d9a22ad1cb
distil_whisper_small,no_adapt,133,stage5ext_00536,92fa0173d8a52067542a43504a23d6adbcf1f55271ca38e9eacfa6f751199a9bb7ed840cebadc1a745b2c605ec99dcfae954c709b8c345afbcb08ce46e100b4d,Australian English,australia,The two company branches issued combined trade catalogs.,The two company branches issued combined trade catalogs.,9c6ccac10fbd430bfa0be14e86fb832b0c5a9b6a0b6678295635f6d9a22ad1cb
distil_whisper_small,no_adapt,134,stage5ext_00537,92fa0173d8a52067542a43504a23d6adbcf1f55271ca38e9eacfa6f751199a9bb7ed840cebadc1a745b2c605ec99dcfae954c709b8c345afbcb08ce46e100b4d,Australian English,australia,Whitebirk is part of the Blackburn urban area.,White Burke is part of the Blackburn urban area.,9c6ccac10fbd430bfa0be14e86fb832b0c5a9b6a0b6678295635f6d9a22ad1cb
distil_whisper_small,no_adapt,134,stage5ext_00538,92fa0173d8a52067542a43504a23d6adbcf1f55271ca38e9eacfa6f751199a9bb7ed840cebadc1a745b2c605ec99dcfae954c709b8c345afbcb08ce46e100b4d,Australian English,australia,"One of the most famous ""novelty shows"" is the World's Ugliest Dog Contest.",One of the most famous novelty shows is the world's ugliest dog contest.,9c6ccac10fbd430bfa0be14e86fb832b0c5a9b6a0b6678295635f6d9a22ad1cb
distil_whisper_small,no_adapt,134,stage5ext_00539,92fa0173d8a52067542a43504a23d6adbcf1f55271ca38e9eacfa6f751199a9bb7ed840cebadc1a745b2c605ec99dcfae954c709b8c345afbcb08ce46e100b4d,Australian English,australia,The town is named after the island of Elba.,The town is named after the island of Elba.,9c6ccac10fbd430bfa0be14e86fb832b0c5a9b6a0b6678295635f6d9a22ad1cb
distil_whisper_small,no_adapt,134,stage5ext_00540,92fa0173d8a52067542a43504a23d6adbcf1f55271ca38e9eacfa6f751199a9bb7ed840cebadc1a745b2c605ec99dcfae954c709b8c345afbcb08ce46e100b4d,Australian English,australia,Later its coverage was expanded to cover political news.,Later its coverage that expanded to cover political news.,9c6ccac10fbd430bfa0be14e86fb832b0c5a9b6a0b6678295635f6d9a22ad1cb
distil_whisper_small,no_adapt,135,stage5ext_00541,7f29ce6531f159f514ccb46caa1535f1687740b13a60c3f3ac15d8462984c71b2c5747d5f67692081b7e7de330d1ded32b09bc1693c0a26c8189132bf2c48888,Australian English,australia,"For example, instead of editing Google Maps, consider contributing to OpenStreetMap.","For example, instead of editing Google Maps, consider contributing to open street map.",9c6ccac10fbd430bfa0be14e86fb832b0c5a9b6a0b6678295635f6d9a22ad1cb
distil_whisper_small,no_adapt,135,stage5ext_00542,7f29ce6531f159f514ccb46caa1535f1687740b13a60c3f3ac15d8462984c71b2c5747d5f67692081b7e7de330d1ded32b09bc1693c0a26c8189132bf2c48888,Australian English,australia,What is it you want to research?,What is it you want to research?,9c6ccac10fbd430bfa0be14e86fb832b0c5a9b6a0b6678295635f6d9a22ad1cb
distil_whisper_small,no_adapt,135,stage5ext_00543,7f29ce6531f159f514ccb46caa1535f1687740b13a60c3f3ac15d8462984c71b2c5747d5f67692081b7e7de330d1ded32b09bc1693c0a26c8189132bf2c48888,Australian English,australia,"Well, the merry-go-round wasn't exactly spectacular.","Well, the Mugho Round wasn't exactly spectacular.",9c6ccac10fbd430bfa0be14e86fb832b0c5a9b6a0b6678295635f6d9a22ad1cb
distil_whisper_small,no_adapt,135,stage5ext_00544,7f29ce6531f159f514ccb46caa1535f1687740b13a60c3f3ac15d8462984c71b2c5747d5f67692081b7e7de330d1ded32b09bc1693c0a26c8189132bf2c48888,Australian English,australia,What is the meaning of this?,What is the meaning of this?,9c6ccac10fbd430bfa0be14e86fb832b0c5a9b6a0b6678295635f6d9a22ad1cb
distil_whisper_small,no_adapt,136,stage5ext_00545,7f29ce6531f159f514ccb46caa1535f1687740b13a60c3f3ac15d8462984c71b2c5747d5f67692081b7e7de330d1ded32b09bc1693c0a26c8189132bf2c48888,Australian English,australia,"The flag is red, blue, and yellow.","The flag is red, blue and yellow.",9c6ccac10fbd430bfa0be14e86fb832b0c5a9b6a0b6678295635f6d9a22ad1cb
distil_whisper_small,no_adapt,136,stage5ext_00546,7f29ce6531f159f514ccb46caa1535f1687740b13a60c3f3ac15d8462984c71b2c5747d5f67692081b7e7de330d1ded32b09bc1693c0a26c8189132bf2c48888,Australian English,australia,What are the facts?,What are the facts?,9c6ccac10fbd430bfa0be14e86fb832b0c5a9b6a0b6678295635f6d9a22ad1cb
distil_whisper_small,no_adapt,136,stage5ext_00547,7f29ce6531f159f514ccb46caa1535f1687740b13a60c3f3ac15d8462984c71b2c5747d5f67692081b7e7de330d1ded32b09bc1693c0a26c8189132bf2c48888,Australian English,australia,"I've brought you some cheese, because I know you love cheese.",I've bought you some cheese because I know you love cheese.,9c6ccac10fbd430bfa0be14e86fb832b0c5a9b6a0b6678295635f6d9a22ad1cb
distil_whisper_small,no_adapt,136,stage5ext_00548,7f29ce6531f159f514ccb46caa1535f1687740b13a60c3f3ac15d8462984c71b2c5747d5f67692081b7e7de330d1ded32b09bc1693c0a26c8189132bf2c48888,Australian English,australia,How did you get it?,How did you get it?,9c6ccac10fbd430bfa0be14e86fb832b0c5a9b6a0b6678295635f6d9a22ad1cb
distil_whisper_small,no_adapt,137,stage5ext_00549,7f29ce6531f159f514ccb46caa1535f1687740b13a60c3f3ac15d8462984c71b2c5747d5f67692081b7e7de330d1ded32b09bc1693c0a26c8189132bf2c48888,Australian English,australia,"He was something of a sickly child by all accounts, never made it past his fourth birthday.","He was something of sickly child by all accounts, never made it past his fourth birthday.",9c6ccac10fbd430bfa0be14e86fb832b0c5a9b6a0b6678295635f6d9a22ad1cb
distil_whisper_small,no_adapt,137,stage5ext_00550,7f29ce6531f159f514ccb46caa1535f1687740b13a60c3f3ac15d8462984c71b2c5747d5f67692081b7e7de330d1ded32b09bc1693c0a26c8189132bf2c48888,Australian English,australia,Under what circumstances might you be persuaded to provide us with passes?,Under what circumstances might you be persuaded to provide us with passes?,9c6ccac10fbd430bfa0be14e86fb832b0c5a9b6a0b6678295635f6d9a22ad1cb
distil_whisper_small,no_adapt,137,stage5ext_00551,7f29ce6531f159f514ccb46caa1535f1687740b13a60c3f3ac15d8462984c71b2c5747d5f67692081b7e7de330d1ded32b09bc1693c0a26c8189132bf2c48888,Australian English,australia,"They found all sorts of drugs at Howard's house: Cocaine, meth, heroine...","They found all sorts of drugs at Howard's house. Cocaine, meth, heroin.",9c6ccac10fbd430bfa0be14e86fb832b0c5a9b6a0b6678295635f6d9a22ad1cb
distil_whisper_small,no_adapt,137,stage5ext_00552,7f29ce6531f159f514ccb46caa1535f1687740b13a60c3f3ac15d8462984c71b2c5747d5f67692081b7e7de330d1ded32b09bc1693c0a26c8189132bf2c48888,Australian English,australia,"Kidneys are transplanted often, because every healthy person has two of them.",Kidneys are transplanted often because every healthy person is taught them.,9c6ccac10fbd430bfa0be14e86fb832b0c5a9b6a0b6678295635f6d9a22ad1cb
distil_whisper_small,no_adapt,138,stage5ext_00553,7f29ce6531f159f514ccb46caa1535f1687740b13a60c3f3ac15d8462984c71b2c5747d5f67692081b7e7de330d1ded32b09bc1693c0a26c8189132bf2c48888,Australian English,australia,"A trill, or shake A triplet.",A trill or shake a triplet.,9c6ccac10fbd430bfa0be14e86fb832b0c5a9b6a0b6678295635f6d9a22ad1cb
distil_whisper_small,no_adapt,138,stage5ext_00554,7f29ce6531f159f514ccb46caa1535f1687740b13a60c3f3ac15d8462984c71b2c5747d5f67692081b7e7de330d1ded32b09bc1693c0a26c8189132bf2c48888,Australian English,australia,"Four doors lead from the landing into two bedrooms, a closet, and a small, but functional bathroom.","Four doors lead from the landing into two bedrooms, a closet and a small but functional bathroom.",9c6ccac10fbd430bfa0be14e86fb832b0c5a9b6a0b6678295635f6d9a22ad1cb
distil_whisper_small,no_adapt,138,stage5ext_00555,7f29ce6531f159f514ccb46caa1535f1687740b13a60c3f3ac15d8462984c71b2c5747d5f67692081b7e7de330d1ded32b09bc1693c0a26c8189132bf2c48888,Australian English,australia,Why did you do it?,Why did you do it?,9c6ccac10fbd430bfa0be14e86fb832b0c5a9b6a0b6678295635f6d9a22ad1cb
distil_whisper_small,no_adapt,138,stage5ext_00556,243c0d90f6145edce7803731bbd3baff7cb887a5290c10c1c5897e24248e249752883be23dbe58e59668ad96307fa0666e76dde82a2dd55ac2c624acbdb1d919,Australian English,australia,Perhaps she forgot all about it.,"Yes, she forgot about it.",9c6ccac10fbd430bfa0be14e86fb832b0c5a9b6a0b6678295635f6d9a22ad1cb
distil_whisper_small,no_adapt,139,stage5ext_00557,243c0d90f6145edce7803731bbd3baff7cb887a5290c10c1c5897e24248e249752883be23dbe58e59668ad96307fa0666e76dde82a2dd55ac2c624acbdb1d919,Australian English,australia,I would if I thought I'd hear anything worth listening to.,I would if assured I hear anything word listening.,9c6ccac10fbd430bfa0be14e86fb832b0c5a9b6a0b6678295635f6d9a22ad1cb
distil_whisper_small,no_adapt,139,stage5ext_00558,243c0d90f6145edce7803731bbd3baff7cb887a5290c10c1c5897e24248e249752883be23dbe58e59668ad96307fa0666e76dde82a2dd55ac2c624acbdb1d919,Australian English,australia,In that case I'll ask the two executive officers to withdraw.,"In that case, I'll ask the two executive officers to withdraw.",9c6ccac10fbd430bfa0be14e86fb832b0c5a9b6a0b6678295635f6d9a22ad1cb
distil_whisper_small,no_adapt,139,stage5ext_00559,243c0d90f6145edce7803731bbd3baff7cb887a5290c10c1c5897e24248e249752883be23dbe58e59668ad96307fa0666e76dde82a2dd55ac2c624acbdb1d919,Australian English,australia,I'm everything the District Attorney said I was.,I'm everything the district attorney said I was.,9c6ccac10fbd430bfa0be14e86fb832b0c5a9b6a0b6678295635f6d9a22ad1cb
distil_whisper_small,no_adapt,139,stage5ext_00560,243c0d90f6145edce7803731bbd3baff7cb887a5290c10c1c5897e24248e249752883be23dbe58e59668ad96307fa0666e76dde82a2dd55ac2c624acbdb1d919,Australian English,australia,I don't want Mrs. Douglas.,I don't want Mrs. Douglas.,9c6ccac10fbd430bfa0be14e86fb832b0c5a9b6a0b6678295635f6d9a22ad1cb
distil_whisper_small,no_adapt,140,stage5ext_00561,243c0d90f6145edce7803731bbd3baff7cb887a5290c10c1c5897e24248e249752883be23dbe58e59668ad96307fa0666e76dde82a2dd55ac2c624acbdb1d919,Australian English,australia,What's the idea here?,What's the idea here?,9c6ccac10fbd430bfa0be14e86fb832b0c5a9b6a0b6678295635f6d9a22ad1cb
distil_whisper_small,no_adapt,140,stage5ext_00562,243c0d90f6145edce7803731bbd3baff7cb887a5290c10c1c5897e24248e249752883be23dbe58e59668ad96307fa0666e76dde82a2dd55ac2c624acbdb1d919,Australian English,australia,I've suddenly become quite important.,I suddenly become quite important.,9c6ccac10fbd430bfa0be14e86fb832b0c5a9b6a0b6678295635f6d9a22ad1cb
distil_whisper_small,no_adapt,140,stage5ext_00563,243c0d90f6145edce7803731bbd3baff7cb887a5290c10c1c5897e24248e249752883be23dbe58e59668ad96307fa0666e76dde82a2dd55ac2c624acbdb1d919,Australian English,australia,There's nothing more we can do tonight.,There's nothing more we can do tonight.,9c6ccac10fbd430bfa0be14e86fb832b0c5a9b6a0b6678295635f6d9a22ad1cb
distil_whisper_small,no_adapt,140,stage5ext_00564,243c0d90f6145edce7803731bbd3baff7cb887a5290c10c1c5897e24248e249752883be23dbe58e59668ad96307fa0666e76dde82a2dd55ac2c624acbdb1d919,Australian English,australia,A sight for sore eyes.,The side of your eyes.,9c6ccac10fbd430bfa0be14e86fb832b0c5a9b6a0b6678295635f6d9a22ad1cb
distil_whisper_small,no_adapt,141,stage5ext_00565,243c0d90f6145edce7803731bbd3baff7cb887a5290c10c1c5897e24248e249752883be23dbe58e59668ad96307fa0666e76dde82a2dd55ac2c624acbdb1d919,Australian English,australia,She had pneumonia once.,She gets no more new ones.,9c6ccac10fbd430bfa0be14e86fb832b0c5a9b6a0b6678295635f6d9a22ad1cb
distil_whisper_small,no_adapt,141,stage5ext_00566,243c0d90f6145edce7803731bbd3baff7cb887a5290c10c1c5897e24248e249752883be23dbe58e59668ad96307fa0666e76dde82a2dd55ac2c624acbdb1d919,Australian English,australia,We returned to the cemetery.,You return to the cemetery.,9c6ccac10fbd430bfa0be14e86fb832b0c5a9b6a0b6678295635f6d9a22ad1cb
distil_whisper_small,no_adapt,141,stage5ext_00567,243c0d90f6145edce7803731bbd3baff7cb887a5290c10c1c5897e24248e249752883be23dbe58e59668ad96307fa0666e76dde82a2dd55ac2c624acbdb1d919,Australian English,australia,I'd like to think.,I like to think.,9c6ccac10fbd430bfa0be14e86fb832b0c5a9b6a0b6678295635f6d9a22ad1cb
distil_whisper_small,no_adapt,141,stage5ext_00568,243c0d90f6145edce7803731bbd3baff7cb887a5290c10c1c5897e24248e249752883be23dbe58e59668ad96307fa0666e76dde82a2dd55ac2c624acbdb1d919,Australian English,australia,Your mother and I talked it over half the night.,Your mother and I talked it over half the night.,9c6ccac10fbd430bfa0be14e86fb832b0c5a9b6a0b6678295635f6d9a22ad1cb
distil_whisper_small,no_adapt,142,stage5ext_00569,243c0d90f6145edce7803731bbd3baff7cb887a5290c10c1c5897e24248e249752883be23dbe58e59668ad96307fa0666e76dde82a2dd55ac2c624acbdb1d919,Australian English,australia,We must get some of that serum as soon as possible.,We must get some of the sharing as big as possible.,9c6ccac10fbd430bfa0be14e86fb832b0c5a9b6a0b6678295635f6d9a22ad1cb
distil_whisper_small,no_adapt,142,stage5ext_00570,243c0d90f6145edce7803731bbd3baff7cb887a5290c10c1c5897e24248e249752883be23dbe58e59668ad96307fa0666e76dde82a2dd55ac2c624acbdb1d919,Australian English,australia,She'll be waiting for you in Albany.,Some of them are making clear in Albany.,9c6ccac10fbd430bfa0be14e86fb832b0c5a9b6a0b6678295635f6d9a22ad1cb
distil_whisper_small,no_adapt,142,stage5ext_00571,0acf313028bfe2af57b429c11e66463848b29afaa619fcfb0eea753f8ba9c63862e2c106975c0e70bde12809fc2422731691839c34fe911de22051dd732876d2,Australian English,australia,It seemed to him that it fell to earth about one hundred miles east of here.,It seemed to him that it fell to Earth about 100 miles east of here.,9c6ccac10fbd430bfa0be14e86fb832b0c5a9b6a0b6678295635f6d9a22ad1cb
distil_whisper_small,no_adapt,142,stage5ext_00572,0acf313028bfe2af57b429c11e66463848b29afaa619fcfb0eea753f8ba9c63862e2c106975c0e70bde12809fc2422731691839c34fe911de22051dd732876d2,Australian English,australia,'m all about those invisible cosmic connections that transcend time and distance.,I'm all about those invisible cosmic connections that transcend time and distance.,9c6ccac10fbd430bfa0be14e86fb832b0c5a9b6a0b6678295635f6d9a22ad1cb
distil_whisper_small,no_adapt,143,stage5ext_00573,0acf313028bfe2af57b429c11e66463848b29afaa619fcfb0eea753f8ba9c63862e2c106975c0e70bde12809fc2422731691839c34fe911de22051dd732876d2,Australian English,australia,And one or two persons were returning.,and one or two persons were returning.,9c6ccac10fbd430bfa0be14e86fb832b0c5a9b6a0b6678295635f6d9a22ad1cb
distil_whisper_small,no_adapt,143,stage5ext_00574,0acf313028bfe2af57b429c11e66463848b29afaa619fcfb0eea753f8ba9c63862e2c106975c0e70bde12809fc2422731691839c34fe911de22051dd732876d2,Australian English,australia,Even then he hardly understood what this meant.,"Even then, he hardly understood what this meant.",9c6ccac10fbd430bfa0be14e86fb832b0c5a9b6a0b6678295635f6d9a22ad1cb
distil_whisper_small,no_adapt,143,stage5ext_00575,0acf313028bfe2af57b429c11e66463848b29afaa619fcfb0eea753f8ba9c63862e2c106975c0e70bde12809fc2422731691839c34fe911de22051dd732876d2,Australian English,australia,He heard a muffled grating sound and saw the black mark jerk forward an inch or so.,He heard a muffled grating sound and saw the black mark jerk forward in Enchorsoe.,9c6ccac10fbd430bfa0be14e86fb832b0c5a9b6a0b6678295635f6d9a22ad1cb
distil_whisper_small,no_adapt,143,stage5ext_00576,0acf313028bfe2af57b429c11e66463848b29afaa619fcfb0eea753f8ba9c63862e2c106975c0e70bde12809fc2422731691839c34fe911de22051dd732876d2,Australian English,australia,Hundreds of observers saw the flame that night and the night after.,Hundreds of observers saw the flame that night and the night after.,9c6ccac10fbd430bfa0be14e86fb832b0c5a9b6a0b6678295635f6d9a22ad1cb
distil_whisper_small,no_adapt,144,stage5ext_00577,0acf313028bfe2af57b429c11e66463848b29afaa619fcfb0eea753f8ba9c63862e2c106975c0e70bde12809fc2422731691839c34fe911de22051dd732876d2,Australian English,australia,I was impatient to see it opened.,I was impatient to see it opened.,9c6ccac10fbd430bfa0be14e86fb832b0c5a9b6a0b6678295635f6d9a22ad1cb
distil_whisper_small,no_adapt,144,stage5ext_00578,0acf313028bfe2af57b429c11e66463848b29afaa619fcfb0eea753f8ba9c63862e2c106975c0e70bde12809fc2422731691839c34fe911de22051dd732876d2,Australian English,australia,My mind ran on the possibilities of its content.,My mind ran on the possibilities of its content.,9c6ccac10fbd430bfa0be14e86fb832b0c5a9b6a0b6678295635f6d9a22ad1cb
distil_whisper_small,no_adapt,144,stage5ext_00579,0acf313028bfe2af57b429c11e66463848b29afaa619fcfb0eea753f8ba9c63862e2c106975c0e70bde12809fc2422731691839c34fe911de22051dd732876d2,Australian English,australia,Some of those who saw its flight say it travelled with a hissing sound.,Some of those who saw its flight say it travelled with a hissing sound.,9c6ccac10fbd430bfa0be14e86fb832b0c5a9b6a0b6678295635f6d9a22ad1cb
distil_whisper_small,no_adapt,144,stage5ext_00580,0acf313028bfe2af57b429c11e66463848b29afaa619fcfb0eea753f8ba9c63862e2c106975c0e70bde12809fc2422731691839c34fe911de22051dd732876d2,Australian English,australia,"You don't have to be rich, skinny, popular, or even own a cape to perform a random act of kindness.","You don't have to be rich, skinny, popular, or even own a cape to perform a random act of kindness.",9c6ccac10fbd430bfa0be14e86fb832b0c5a9b6a0b6678295635f6d9a22ad1cb
distil_whisper_small,no_adapt,145,stage5ext_00581,0acf313028bfe2af57b429c11e66463848b29afaa619fcfb0eea753f8ba9c63862e2c106975c0e70bde12809fc2422731691839c34fe911de22051dd732876d2,Australian English,australia,I had seen all that it would presently bring me.,I had seen all that it would presently bring me.,9c6ccac10fbd430bfa0be14e86fb832b0c5a9b6a0b6678295635f6d9a22ad1cb
distil_whisper_small,no_adapt,145,stage5ext_00582,0acf313028bfe2af57b429c11e66463848b29afaa619fcfb0eea753f8ba9c63862e2c106975c0e70bde12809fc2422731691839c34fe911de22051dd732876d2,Australian English,australia,The time must have been somewhere around six o'clock.,The time must have been somewhere around 6 o'clock.,9c6ccac10fbd430bfa0be14e86fb832b0c5a9b6a0b6678295635f6d9a22ad1cb
distil_whisper_small,no_adapt,145,stage5ext_00583,0acf313028bfe2af57b429c11e66463848b29afaa619fcfb0eea753f8ba9c63862e2c106975c0e70bde12809fc2422731691839c34fe911de22051dd732876d2,Australian English,australia,We lit the lantern and walked over to his house.,We lived the lantern and walked over to his house.,9c6ccac10fbd430bfa0be14e86fb832b0c5a9b6a0b6678295635f6d9a22ad1cb
distil_whisper_small,no_adapt,145,stage5ext_00584,0acf313028bfe2af57b429c11e66463848b29afaa619fcfb0eea753f8ba9c63862e2c106975c0e70bde12809fc2422731691839c34fe911de22051dd732876d2,Australian English,australia,"If you start your emails with ""Greetings"" let me be the first to welcome you to Earth.","If you start your emails with greetings, let me be the first to welcome you to Earth.",9c6ccac10fbd430bfa0be14e86fb832b0c5a9b6a0b6678295635f6d9a22ad1cb
distil_whisper_small,no_adapt,146,stage5ext_00585,0acf313028bfe2af57b429c11e66463848b29afaa619fcfb0eea753f8ba9c63862e2c106975c0e70bde12809fc2422731691839c34fe911de22051dd732876d2,Australian English,australia,Scattered groups of people were hurrying from the direction of Woking.,Scattered groups of people were hurrying from the direction of working.,9c6ccac10fbd430bfa0be14e86fb832b0c5a9b6a0b6678295635f6d9a22ad1cb
distil_whisper_small,no_adapt,146,stage5ext_00586,771662210642ca9e2f17135f7a66db7f250f7f7bc6d9b3e3475b19d375389bcf6d1979c9a58a21cc866543ad80ab0e9641158290b7f6a9e1d0aad1635c730ab4,Australian English,australia,"Wakehurst asked the Treasurer, Alexander Mair, to form a government.",Wakehurst asked the treasurer Alexander Mayor to form a government.,9c6ccac10fbd430bfa0be14e86fb832b0c5a9b6a0b6678295635f6d9a22ad1cb
distil_whisper_small,no_adapt,146,stage5ext_00587,771662210642ca9e2f17135f7a66db7f250f7f7bc6d9b3e3475b19d375389bcf6d1979c9a58a21cc866543ad80ab0e9641158290b7f6a9e1d0aad1635c730ab4,Australian English,australia,"Translated, it means ""revolving hands"", ""rotating palms"", or ""turning palms.",Translated it means revolving hands rotating palms or turning palms.,9c6ccac10fbd430bfa0be14e86fb832b0c5a9b6a0b6678295635f6d9a22ad1cb
distil_whisper_small,no_adapt,146,stage5ext_00588,771662210642ca9e2f17135f7a66db7f250f7f7bc6d9b3e3475b19d375389bcf6d1979c9a58a21cc866543ad80ab0e9641158290b7f6a9e1d0aad1635c730ab4,Australian English,australia,It still has a working blacksmith's shop.,It still has a working blacksmith's shop.,9c6ccac10fbd430bfa0be14e86fb832b0c5a9b6a0b6678295635f6d9a22ad1cb
distil_whisper_small,no_adapt,147,stage5ext_00589,771662210642ca9e2f17135f7a66db7f250f7f7bc6d9b3e3475b19d375389bcf6d1979c9a58a21cc866543ad80ab0e9641158290b7f6a9e1d0aad1635c730ab4,Australian English,australia,"A right-handed batsman, Carlton Baugh Snr.",Right-handed batsman Colton Bore Senior,9c6ccac10fbd430bfa0be14e86fb832b0c5a9b6a0b6678295635f6d9a22ad1cb
distil_whisper_small,no_adapt,147,stage5ext_00590,771662210642ca9e2f17135f7a66db7f250f7f7bc6d9b3e3475b19d375389bcf6d1979c9a58a21cc866543ad80ab0e9641158290b7f6a9e1d0aad1635c730ab4,Australian English,australia,I couldn't see the linebackers.,I couldn't see the Linebackers.,9c6ccac10fbd430bfa0be14e86fb832b0c5a9b6a0b6678295635f6d9a22ad1cb
distil_whisper_small,no_adapt,147,stage5ext_00591,771662210642ca9e2f17135f7a66db7f250f7f7bc6d9b3e3475b19d375389bcf6d1979c9a58a21cc866543ad80ab0e9641158290b7f6a9e1d0aad1635c730ab4,Australian English,australia,Foreign titles may be utilized as a foundation for recognition of professional licensing.,Foreign titles may be utilized as a foundation for recognition of professional licensing.,9c6ccac10fbd430bfa0be14e86fb832b0c5a9b6a0b6678295635f6d9a22ad1cb
distil_whisper_small,no_adapt,147,stage5ext_00592,771662210642ca9e2f17135f7a66db7f250f7f7bc6d9b3e3475b19d375389bcf6d1979c9a58a21cc866543ad80ab0e9641158290b7f6a9e1d0aad1635c730ab4,Australian English,australia,"For information on winning strategy, see ""The Schnapsen Log"" and ""Winning Schnapsen"".","For information on winning strategy, see the Schnapsen log and winning Schnapsen.",9c6ccac10fbd430bfa0be14e86fb832b0c5a9b6a0b6678295635f6d9a22ad1cb
distil_whisper_small,no_adapt,148,stage5ext_00593,771662210642ca9e2f17135f7a66db7f250f7f7bc6d9b3e3475b19d375389bcf6d1979c9a58a21cc866543ad80ab0e9641158290b7f6a9e1d0aad1635c730ab4,Australian English,australia,The Argentinian government settled the dispute diplomatically with Israel.,The Argentinian government settled the dispute diplomatically with Israel.,9c6ccac10fbd430bfa0be14e86fb832b0c5a9b6a0b6678295635f6d9a22ad1cb
distil_whisper_small,no_adapt,148,stage5ext_00594,771662210642ca9e2f17135f7a66db7f250f7f7bc6d9b3e3475b19d375389bcf6d1979c9a58a21cc866543ad80ab0e9641158290b7f6a9e1d0aad1635c730ab4,Australian English,australia,So he decides to put another dog to sleep.,So he decides to put another dog to sleep.,9c6ccac10fbd430bfa0be14e86fb832b0c5a9b6a0b6678295635f6d9a22ad1cb
distil_whisper_small,no_adapt,148,stage5ext_00595,771662210642ca9e2f17135f7a66db7f250f7f7bc6d9b3e3475b19d375389bcf6d1979c9a58a21cc866543ad80ab0e9641158290b7f6a9e1d0aad1635c730ab4,Australian English,australia,"Since that time, the pavilion has been used for seasonal special events.","Since that time, the pavilion has been used for seasonal special events.",9c6ccac10fbd430bfa0be14e86fb832b0c5a9b6a0b6678295635f6d9a22ad1cb
distil_whisper_small,no_adapt,148,stage5ext_00596,771662210642ca9e2f17135f7a66db7f250f7f7bc6d9b3e3475b19d375389bcf6d1979c9a58a21cc866543ad80ab0e9641158290b7f6a9e1d0aad1635c730ab4,Australian English,australia,"Zaxxon spawned an arcade sequel: ""Super Zaxxon"".","Zaxen spawned an arcade sequel, Super Zaxen.",9c6ccac10fbd430bfa0be14e86fb832b0c5a9b6a0b6678295635f6d9a22ad1cb
distil_whisper_small,no_adapt,149,stage5ext_00597,771662210642ca9e2f17135f7a66db7f250f7f7bc6d9b3e3475b19d375389bcf6d1979c9a58a21cc866543ad80ab0e9641158290b7f6a9e1d0aad1635c730ab4,Australian English,australia,"He was a reserve officer, nervous, energetic, and enthusiastic.","He was a reserve officer, nervous, energetic and enthusiastic.",9c6ccac10fbd430bfa0be14e86fb832b0c5a9b6a0b6678295635f6d9a22ad1cb
distil_whisper_small,no_adapt,149,stage5ext_00598,771662210642ca9e2f17135f7a66db7f250f7f7bc6d9b3e3475b19d375389bcf6d1979c9a58a21cc866543ad80ab0e9641158290b7f6a9e1d0aad1635c730ab4,Australian English,australia,"Welaras are used mainly in English riding, especially in hunter classes.","Velaaris are used mainly in English writing, especially in hunter classes.",9c6ccac10fbd430bfa0be14e86fb832b0c5a9b6a0b6678295635f6d9a22ad1cb
distil_whisper_small,no_adapt,149,stage5ext_00599,771662210642ca9e2f17135f7a66db7f250f7f7bc6d9b3e3475b19d375389bcf6d1979c9a58a21cc866543ad80ab0e9641158290b7f6a9e1d0aad1635c730ab4,Australian English,australia,Tirumala will be flooded with devotes to witness this occasion.,Tirumala will be flooded with devotees to witness this occasion.,9c6ccac10fbd430bfa0be14e86fb832b0c5a9b6a0b6678295635f6d9a22ad1cb
distil_whisper_small,no_adapt,149,stage5ext_00600,771662210642ca9e2f17135f7a66db7f250f7f7bc6d9b3e3475b19d375389bcf6d1979c9a58a21cc866543ad80ab0e9641158290b7f6a9e1d0aad1635c730ab4,Australian English,australia,"He has also advised political organisations of various stripes, colours and nationalities.","He has also advised political organizations of various stripes, colors, and nationalities.",9c6ccac10fbd430bfa0be14e86fb832b0c5a9b6a0b6678295635f6d9a22ad1cb
distil_whisper_small,no_adapt,150,stage5ext_00601,3dadaf13c9f244c187466942367d1da68cf1ba3fd4c5a5b27614964bc19565e566d5daea151b505599991d84b7d5faf8db2afc26f992b1bb7b99004b1f5b36f7,Canadian English,canada,"Its main base was Moorabbin Airport, Melbourne.","Its main base was Muraban Airport, Melbourne.",9c6ccac10fbd430bfa0be14e86fb832b0c5a9b6a0b6678295635f6d9a22ad1cb
distil_whisper_small,no_adapt,150,stage5ext_00602,3dadaf13c9f244c187466942367d1da68cf1ba3fd4c5a5b27614964bc19565e566d5daea151b505599991d84b7d5faf8db2afc26f992b1bb7b99004b1f5b36f7,Canadian English,canada,"Pioneer Memorial Park in Norton Saint, Leichhardt, has gardens and paths for passive recreation.",Pioneer Memorial Park in Northern St. Letchhart has gardens and paths for passive recreation.,9c6ccac10fbd430bfa0be14e86fb832b0c5a9b6a0b6678295635f6d9a22ad1cb
distil_whisper_small,no_adapt,150,stage5ext_00603,3dadaf13c9f244c187466942367d1da68cf1ba3fd4c5a5b27614964bc19565e566d5daea151b505599991d84b7d5faf8db2afc26f992b1bb7b99004b1f5b36f7,Canadian English,canada,"Later, the costs for the scholarship ballooned substantially.","Later, the cost for the scholarship balloon substantially.",9c6ccac10fbd430bfa0be14e86fb832b0c5a9b6a0b6678295635f6d9a22ad1cb
distil_whisper_small,no_adapt,150,stage5ext_00604,3dadaf13c9f244c187466942367d1da68cf1ba3fd4c5a5b27614964bc19565e566d5daea151b505599991d84b7d5faf8db2afc26f992b1bb7b99004b1f5b36f7,Canadian English,canada,"However, fourths become important later in the opera, especially in the melodic development.","However, force becomes important later in the Oprah, especially in the melodic development.",9c6ccac10fbd430bfa0be14e86fb832b0c5a9b6a0b6678295635f6d9a22ad1cb
distil_whisper_small,no_adapt,151,stage5ext_00605,3dadaf13c9f244c187466942367d1da68cf1ba3fd4c5a5b27614964bc19565e566d5daea151b505599991d84b7d5faf8db2afc26f992b1bb7b99004b1f5b36f7,Canadian English,canada,"If one server fails, client connections can be re-directed to another server.",If one server fails client connections can be redirected to another server.,9c6ccac10fbd430bfa0be14e86fb832b0c5a9b6a0b6678295635f6d9a22ad1cb
distil_whisper_small,no_adapt,151,stage5ext_00606,3dadaf13c9f244c187466942367d1da68cf1ba3fd4c5a5b27614964bc19565e566d5daea151b505599991d84b7d5faf8db2afc26f992b1bb7b99004b1f5b36f7,Canadian English,canada,Kailash taken by Martin Gray.,Kailash taken by Martin Gray,9c6ccac10fbd430bfa0be14e86fb832b0c5a9b6a0b6678295635f6d9a22ad1cb
distil_whisper_small,no_adapt,151,stage5ext_00607,3dadaf13c9f244c187466942367d1da68cf1ba3fd4c5a5b27614964bc19565e566d5daea151b505599991d84b7d5faf8db2afc26f992b1bb7b99004b1f5b36f7,Canadian English,canada,"Geographically, it is situated in the central-most region of the state.","Geographically, it is situated in the centralmost region of the state.",9c6ccac10fbd430bfa0be14e86fb832b0c5a9b6a0b6678295635f6d9a22ad1cb
distil_whisper_small,no_adapt,151,stage5ext_00608,3dadaf13c9f244c187466942367d1da68cf1ba3fd4c5a5b27614964bc19565e566d5daea151b505599991d84b7d5faf8db2afc26f992b1bb7b99004b1f5b36f7,Canadian English,canada,"The meaning of Pinjar is unknown, but could be ""tadpole"" or ""swampy lake"".",The meaning of Pinjar is unknown but could be Tadpool or Swampy Lake.,9c6ccac10fbd430bfa0be14e86fb832b0c5a9b6a0b6678295635f6d9a22ad1cb
distil_whisper_small,no_adapt,152,stage5ext_00609,3dadaf13c9f244c187466942367d1da68cf1ba3fd4c5a5b27614964bc19565e566d5daea151b505599991d84b7d5faf8db2afc26f992b1bb7b99004b1f5b36f7,Canadian English,canada,There are also regular buses connecting from Mozarts Plads to the city centre.,There are also regular buses connecting from Mozart's Plaid to the city center.,9c6ccac10fbd430bfa0be14e86fb832b0c5a9b6a0b6678295635f6d9a22ad1cb
distil_whisper_small,no_adapt,152,stage5ext_00610,3dadaf13c9f244c187466942367d1da68cf1ba3fd4c5a5b27614964bc19565e566d5daea151b505599991d84b7d5faf8db2afc26f992b1bb7b99004b1f5b36f7,Canadian English,canada,Protein methylation has been most studied in the histones.,Protein methylation has been most studied in the mastomes.,9c6ccac10fbd430bfa0be14e86fb832b0c5a9b6a0b6678295635f6d9a22ad1cb
distil_whisper_small,no_adapt,152,stage5ext_00611,3dadaf13c9f244c187466942367d1da68cf1ba3fd4c5a5b27614964bc19565e566d5daea151b505599991d84b7d5faf8db2afc26f992b1bb7b99004b1f5b36f7,Canadian English,canada,"The spacewalkers received assistance from their crewmates inside ""Columbia"".",These spacewalkers receive assistance from their crewmates inside Colombia.,9c6ccac10fbd430bfa0be14e86fb832b0c5a9b6a0b6678295635f6d9a22ad1cb
distil_whisper_small,no_adapt,152,stage5ext_00612,3dadaf13c9f244c187466942367d1da68cf1ba3fd4c5a5b27614964bc19565e566d5daea151b505599991d84b7d5faf8db2afc26f992b1bb7b99004b1f5b36f7,Canadian English,canada,Early units were re-built several times by the end of the war.,Early units were rebuilt several times by the end of the war.,9c6ccac10fbd430bfa0be14e86fb832b0c5a9b6a0b6678295635f6d9a22ad1cb
distil_whisper_small,no_adapt,153,stage5ext_00613,3dadaf13c9f244c187466942367d1da68cf1ba3fd4c5a5b27614964bc19565e566d5daea151b505599991d84b7d5faf8db2afc26f992b1bb7b99004b1f5b36f7,Canadian English,canada,They are two-stroke cycle and generally carbureted.,They are two stroke cycles and generally carbureted.,9c6ccac10fbd430bfa0be14e86fb832b0c5a9b6a0b6678295635f6d9a22ad1cb
distil_whisper_small,no_adapt,153,stage5ext_00614,3dadaf13c9f244c187466942367d1da68cf1ba3fd4c5a5b27614964bc19565e566d5daea151b505599991d84b7d5faf8db2afc26f992b1bb7b99004b1f5b36f7,Canadian English,canada,Murphy's clean-living habits off the diamond were frequently noted in the media.,Murphy's clean living habits off the diamond were frequently noted in the media.,9c6ccac10fbd430bfa0be14e86fb832b0c5a9b6a0b6678295635f6d9a22ad1cb
distil_whisper_small,no_adapt,153,stage5ext_00615,3dadaf13c9f244c187466942367d1da68cf1ba3fd4c5a5b27614964bc19565e566d5daea151b505599991d84b7d5faf8db2afc26f992b1bb7b99004b1f5b36f7,Canadian English,canada,Sometimes even his authorship has been challenged on the grounds of weak poetic imagination.,Sometimes even his authoritieship has been challenged on the grounds of weak poetic imagination.,9c6ccac10fbd430bfa0be14e86fb832b0c5a9b6a0b6678295635f6d9a22ad1cb
distil_whisper_small,no_adapt,153,stage5ext_00616,7f88fdb59ecec75df8d06d03bc7fc4361b1824c772236491ccd731fb10f14e3cf7b550aaf16a4ef48e695b440eb33ebadf6f080d1c562a2d32c0a2a52bfae9e2,Canadian English,canada,"The dead soldiers were replaced by others, and life went on.",The dead soldiers were replaced by others and life went on.,9c6ccac10fbd430bfa0be14e86fb832b0c5a9b6a0b6678295635f6d9a22ad1cb
distil_whisper_small,no_adapt,154,stage5ext_00617,7f88fdb59ecec75df8d06d03bc7fc4361b1824c772236491ccd731fb10f14e3cf7b550aaf16a4ef48e695b440eb33ebadf6f080d1c562a2d32c0a2a52bfae9e2,Canadian English,canada,His Internet connection was too slow.,His internet connection was too slow.,9c6ccac10fbd430bfa0be14e86fb832b0c5a9b6a0b6678295635f6d9a22ad1cb
distil_whisper_small,no_adapt,154,stage5ext_00618,7f88fdb59ecec75df8d06d03bc7fc4361b1824c772236491ccd731fb10f14e3cf7b550aaf16a4ef48e695b440eb33ebadf6f080d1c562a2d32c0a2a52bfae9e2,Canadian English,canada,"Listen and listen to me very closely, we call them lifts, not elevators.","Listen and listen to me very closely. We call them lifts, not elevators.",9c6ccac10fbd430bfa0be14e86fb832b0c5a9b6a0b6678295635f6d9a22ad1cb
distil_whisper_small,no_adapt,154,stage5ext_00619,7f88fdb59ecec75df8d06d03bc7fc4361b1824c772236491ccd731fb10f14e3cf7b550aaf16a4ef48e695b440eb33ebadf6f080d1c562a2d32c0a2a52bfae9e2,Canadian English,canada,"If you want to contradict what I just said, you will have to provide footnotes.","If you want to contradict what I just said, you will have to provide footnotes.",9c6ccac10fbd430bfa0be14e86fb832b0c5a9b6a0b6678295635f6d9a22ad1cb
distil_whisper_small,no_adapt,154,stage5ext_00620,7f88fdb59ecec75df8d06d03bc7fc4361b1824c772236491ccd731fb10f14e3cf7b550aaf16a4ef48e695b440eb33ebadf6f080d1c562a2d32c0a2a52bfae9e2,Canadian English,canada,Backface culling is a common trick to accelerate Three-D rendering.,Backface culling is a common trick to accelerate 3D rendering.,9c6ccac10fbd430bfa0be14e86fb832b0c5a9b6a0b6678295635f6d9a22ad1cb
distil_whisper_small,no_adapt,155,stage5ext_00621,7f88fdb59ecec75df8d06d03bc7fc4361b1824c772236491ccd731fb10f14e3cf7b550aaf16a4ef48e695b440eb33ebadf6f080d1c562a2d32c0a2a52bfae9e2,Canadian English,canada,Fatima was more important than his treasure.,Fatima was more important than his treasure.,9c6ccac10fbd430bfa0be14e86fb832b0c5a9b6a0b6678295635f6d9a22ad1cb
distil_whisper_small,no_adapt,155,stage5ext_00622,7f88fdb59ecec75df8d06d03bc7fc4361b1824c772236491ccd731fb10f14e3cf7b550aaf16a4ef48e695b440eb33ebadf6f080d1c562a2d32c0a2a52bfae9e2,Canadian English,canada,But it was not to be.,But it was not to be.,9c6ccac10fbd430bfa0be14e86fb832b0c5a9b6a0b6678295635f6d9a22ad1cb
distil_whisper_small,no_adapt,155,stage5ext_00623,7f88fdb59ecec75df8d06d03bc7fc4361b1824c772236491ccd731fb10f14e3cf7b550aaf16a4ef48e695b440eb33ebadf6f080d1c562a2d32c0a2a52bfae9e2,Canadian English,canada,Display a list of escape characters.,Display a list of escape characters.,9c6ccac10fbd430bfa0be14e86fb832b0c5a9b6a0b6678295635f6d9a22ad1cb
distil_whisper_small,no_adapt,155,stage5ext_00624,7f88fdb59ecec75df8d06d03bc7fc4361b1824c772236491ccd731fb10f14e3cf7b550aaf16a4ef48e695b440eb33ebadf6f080d1c562a2d32c0a2a52bfae9e2,Canadian English,canada,The Englishman had several suitcases filled with books.,The Englishman had several suitcases filled with books.,9c6ccac10fbd430bfa0be14e86fb832b0c5a9b6a0b6678295635f6d9a22ad1cb
distil_whisper_small,no_adapt,156,stage5ext_00625,7f88fdb59ecec75df8d06d03bc7fc4361b1824c772236491ccd731fb10f14e3cf7b550aaf16a4ef48e695b440eb33ebadf6f080d1c562a2d32c0a2a52bfae9e2,Canadian English,canada,He just got a new kite for his birthday.,He just got a new kite for his birthday.,9c6ccac10fbd430bfa0be14e86fb832b0c5a9b6a0b6678295635f6d9a22ad1cb
distil_whisper_small,no_adapt,156,stage5ext_00626,7f88fdb59ecec75df8d06d03bc7fc4361b1824c772236491ccd731fb10f14e3cf7b550aaf16a4ef48e695b440eb33ebadf6f080d1c562a2d32c0a2a52bfae9e2,Canadian English,canada,"Well, it's a long list.","Well, it's a long list.",9c6ccac10fbd430bfa0be14e86fb832b0c5a9b6a0b6678295635f6d9a22ad1cb
distil_whisper_small,no_adapt,156,stage5ext_00627,7f88fdb59ecec75df8d06d03bc7fc4361b1824c772236491ccd731fb10f14e3cf7b550aaf16a4ef48e695b440eb33ebadf6f080d1c562a2d32c0a2a52bfae9e2,Canadian English,canada,"One day, the earth began to tremble, and the Nile overflowed its banks.",One day the earth began to tremble and the Nile overflowed its banks.,9c6ccac10fbd430bfa0be14e86fb832b0c5a9b6a0b6678295635f6d9a22ad1cb
distil_whisper_small,no_adapt,156,stage5ext_00628,7f88fdb59ecec75df8d06d03bc7fc4361b1824c772236491ccd731fb10f14e3cf7b550aaf16a4ef48e695b440eb33ebadf6f080d1c562a2d32c0a2a52bfae9e2,Canadian English,canada,"The waitress was carrying an impressive amount of dinnerware, but then an earthquake occurred and she dropped it all.","The waitress was carrying an impressive amount of dinner wear, but then an earthquake occurred and she dropped it all.",9c6ccac10fbd430bfa0be14e86fb832b0c5a9b6a0b6678295635f6d9a22ad1cb
distil_whisper_small,no_adapt,157,stage5ext_00629,7f88fdb59ecec75df8d06d03bc7fc4361b1824c772236491ccd731fb10f14e3cf7b550aaf16a4ef48e695b440eb33ebadf6f080d1c562a2d32c0a2a52bfae9e2,Canadian English,canada,Johnny Depp is reprising his role for the third time in the new film.,Johnny Depp is reprising his role for the third time in the new film.,9c6ccac10fbd430bfa0be14e86fb832b0c5a9b6a0b6678295635f6d9a22ad1cb
distil_whisper_small,no_adapt,157,stage5ext_00630,7f88fdb59ecec75df8d06d03bc7fc4361b1824c772236491ccd731fb10f14e3cf7b550aaf16a4ef48e695b440eb33ebadf6f080d1c562a2d32c0a2a52bfae9e2,Canadian English,canada,The insurance policy will expire in twenty-twenty.,The insurance policy will expire in 2020.,9c6ccac10fbd430bfa0be14e86fb832b0c5a9b6a0b6678295635f6d9a22ad1cb
distil_whisper_small,no_adapt,157,stage5ext_00631,c351c258fb7f6fd98e2b6dccc6dcbad5257965c8aceac0c60ba5b390d3e326847e121870153e0c8b87504d77c2d7baab09aef2d54ecdf46d1134d28a49792650,Canadian English,canada,Who says I'm looking for a job?,Who says I'm looking for a job?,9c6ccac10fbd430bfa0be14e86fb832b0c5a9b6a0b6678295635f6d9a22ad1cb
distil_whisper_small,no_adapt,157,stage5ext_00632,c351c258fb7f6fd98e2b6dccc6dcbad5257965c8aceac0c60ba5b390d3e326847e121870153e0c8b87504d77c2d7baab09aef2d54ecdf46d1134d28a49792650,Canadian English,canada,She apparently didn't listen.,She apparently didn't listen.,9c6ccac10fbd430bfa0be14e86fb832b0c5a9b6a0b6678295635f6d9a22ad1cb
distil_whisper_small,no_adapt,158,stage5ext_00633,c351c258fb7f6fd98e2b6dccc6dcbad5257965c8aceac0c60ba5b390d3e326847e121870153e0c8b87504d77c2d7baab09aef2d54ecdf46d1134d28a49792650,Canadian English,canada,Do you know him?,Do you know him?,9c6ccac10fbd430bfa0be14e86fb832b0c5a9b6a0b6678295635f6d9a22ad1cb
distil_whisper_small,no_adapt,158,stage5ext_00634,c351c258fb7f6fd98e2b6dccc6dcbad5257965c8aceac0c60ba5b390d3e326847e121870153e0c8b87504d77c2d7baab09aef2d54ecdf46d1134d28a49792650,Canadian English,canada,That's what I mean.,That's what I mean.,9c6ccac10fbd430bfa0be14e86fb832b0c5a9b6a0b6678295635f6d9a22ad1cb
distil_whisper_small,no_adapt,158,stage5ext_00635,c351c258fb7f6fd98e2b6dccc6dcbad5257965c8aceac0c60ba5b390d3e326847e121870153e0c8b87504d77c2d7baab09aef2d54ecdf46d1134d28a49792650,Canadian English,canada,The rectangle was parallel to the square.,The rectangle was parallel to the square.,9c6ccac10fbd430bfa0be14e86fb832b0c5a9b6a0b6678295635f6d9a22ad1cb
distil_whisper_small,no_adapt,158,stage5ext_00636,c351c258fb7f6fd98e2b6dccc6dcbad5257965c8aceac0c60ba5b390d3e326847e121870153e0c8b87504d77c2d7baab09aef2d54ecdf46d1134d28a49792650,Canadian English,canada,I wonder what's eating that old money grubbing buzzard anyway?,I wonder what's eating that old money grubbing buzzard anyway?,9c6ccac10fbd430bfa0be14e86fb832b0c5a9b6a0b6678295635f6d9a22ad1cb
distil_whisper_small,no_adapt,159,stage5ext_00637,c351c258fb7f6fd98e2b6dccc6dcbad5257965c8aceac0c60ba5b390d3e326847e121870153e0c8b87504d77c2d7baab09aef2d54ecdf46d1134d28a49792650,Canadian English,canada,She's a wonderful person.,She's a wonderful person.,9c6ccac10fbd430bfa0be14e86fb832b0c5a9b6a0b6678295635f6d9a22ad1cb
distil_whisper_small,no_adapt,159,stage5ext_00638,c351c258fb7f6fd98e2b6dccc6dcbad5257965c8aceac0c60ba5b390d3e326847e121870153e0c8b87504d77c2d7baab09aef2d54ecdf46d1134d28a49792650,Canadian English,canada,"It was not clear who had the right of way, since the traffic lights were off.",It was not clear who had the right of way since the traffic lights were off.,9c6ccac10fbd430bfa0be14e86fb832b0c5a9b6a0b6678295635f6d9a22ad1cb
distil_whisper_small,no_adapt,159,stage5ext_00639,c351c258fb7f6fd98e2b6dccc6dcbad5257965c8aceac0c60ba5b390d3e326847e121870153e0c8b87504d77c2d7baab09aef2d54ecdf46d1134d28a49792650,Canadian English,canada,Your government is counting on you.,Your government is counting on you.,9c6ccac10fbd430bfa0be14e86fb832b0c5a9b6a0b6678295635f6d9a22ad1cb
distil_whisper_small,no_adapt,159,stage5ext_00640,c351c258fb7f6fd98e2b6dccc6dcbad5257965c8aceac0c60ba5b390d3e326847e121870153e0c8b87504d77c2d7baab09aef2d54ecdf46d1134d28a49792650,Canadian English,canada,Mollie did give her some kind of story.,Molly did give her some kind of story.,9c6ccac10fbd430bfa0be14e86fb832b0c5a9b6a0b6678295635f6d9a22ad1cb
distil_whisper_small,no_adapt,160,stage5ext_00641,c351c258fb7f6fd98e2b6dccc6dcbad5257965c8aceac0c60ba5b390d3e326847e121870153e0c8b87504d77c2d7baab09aef2d54ecdf46d1134d28a49792650,Canadian English,canada,Fresh coffee is much better than the freeze dried stuff.,Fresh coffee is much better than the freeze dried stuff.,9c6ccac10fbd430bfa0be14e86fb832b0c5a9b6a0b6678295635f6d9a22ad1cb
distil_whisper_small,no_adapt,160,stage5ext_00642,c351c258fb7f6fd98e2b6dccc6dcbad5257965c8aceac0c60ba5b390d3e326847e121870153e0c8b87504d77c2d7baab09aef2d54ecdf46d1134d28a49792650,Canadian English,canada,Sandra read aloud the strange excerpt.,Sandra read aloud the strange excerpt.,9c6ccac10fbd430bfa0be14e86fb832b0c5a9b6a0b6678295635f6d9a22ad1cb
distil_whisper_small,no_adapt,160,stage5ext_00643,c351c258fb7f6fd98e2b6dccc6dcbad5257965c8aceac0c60ba5b390d3e326847e121870153e0c8b87504d77c2d7baab09aef2d54ecdf46d1134d28a49792650,Canadian English,canada,Denise hoovered the rug.,Denise Hoover the rug.,9c6ccac10fbd430bfa0be14e86fb832b0c5a9b6a0b6678295635f6d9a22ad1cb
distil_whisper_small,no_adapt,160,stage5ext_00644,c351c258fb7f6fd98e2b6dccc6dcbad5257965c8aceac0c60ba5b390d3e326847e121870153e0c8b87504d77c2d7baab09aef2d54ecdf46d1134d28a49792650,Canadian English,canada,He fondled his bright orange beard.,He fondled his bright orange beard.,9c6ccac10fbd430bfa0be14e86fb832b0c5a9b6a0b6678295635f6d9a22ad1cb
distil_whisper_small,no_adapt,161,stage5ext_00645,c351c258fb7f6fd98e2b6dccc6dcbad5257965c8aceac0c60ba5b390d3e326847e121870153e0c8b87504d77c2d7baab09aef2d54ecdf46d1134d28a49792650,Canadian English,canada,I knew you'd wake up sooner or later!,I knew you'd wake up sooner or later.,9c6ccac10fbd430bfa0be14e86fb832b0c5a9b6a0b6678295635f6d9a22ad1cb
distil_whisper_small,no_adapt,161,stage5ext_00646,760d3165d3a07ad90ef4a2b9248bbf4ad9fb43b3d7a518ee594214a8cddc34fa81c1608244500a4e6c4c7a43bcc7aa747d4aaf12ec5ef17ace5bbaaded5a7c73,Canadian English,canada,"Washington Township was named for George Washington, first president of the United States.",Washington Township was named for George Washington first president of the United States.,9c6ccac10fbd430bfa0be14e86fb832b0c5a9b6a0b6678295635f6d9a22ad1cb
distil_whisper_small,no_adapt,161,stage5ext_00647,760d3165d3a07ad90ef4a2b9248bbf4ad9fb43b3d7a518ee594214a8cddc34fa81c1608244500a4e6c4c7a43bcc7aa747d4aaf12ec5ef17ace5bbaaded5a7c73,Canadian English,canada,Mount Berry was named after Berry College founder Martha Berry.,"Mountberry was named after Barry College founder, Martha Barry.",9c6ccac10fbd430bfa0be14e86fb832b0c5a9b6a0b6678295635f6d9a22ad1cb
distil_whisper_small,no_adapt,161,stage5ext_00648,760d3165d3a07ad90ef4a2b9248bbf4ad9fb43b3d7a518ee594214a8cddc34fa81c1608244500a4e6c4c7a43bcc7aa747d4aaf12ec5ef17ace5bbaaded5a7c73,Canadian English,canada,The boys and girls winners go to Birmingham for the Final Four tournament.,The boys and girls winners go to Birmingham for the final four tournament.,9c6ccac10fbd430bfa0be14e86fb832b0c5a9b6a0b6678295635f6d9a22ad1cb
distil_whisper_small,no_adapt,162,stage5ext_00649,760d3165d3a07ad90ef4a2b9248bbf4ad9fb43b3d7a518ee594214a8cddc34fa81c1608244500a4e6c4c7a43bcc7aa747d4aaf12ec5ef17ace5bbaaded5a7c73,Canadian English,canada,"In the central business district, the main activities include welding, carpentry and masonry.","In the Central Business District, the main activities include welding, carpentry, and masonry.",9c6ccac10fbd430bfa0be14e86fb832b0c5a9b6a0b6678295635f6d9a22ad1cb
distil_whisper_small,no_adapt,162,stage5ext_00650,760d3165d3a07ad90ef4a2b9248bbf4ad9fb43b3d7a518ee594214a8cddc34fa81c1608244500a4e6c4c7a43bcc7aa747d4aaf12ec5ef17ace5bbaaded5a7c73,Canadian English,canada,Drivers pass by Engineer Mountain and Twilight Peak before crossing Coal Bank Pass.,Drivers passed by Engineer Mountain and Twilight Peak before crossing Coal Bank Pass.,9c6ccac10fbd430bfa0be14e86fb832b0c5a9b6a0b6678295635f6d9a22ad1cb
distil_whisper_small,no_adapt,162,stage5ext_00651,760d3165d3a07ad90ef4a2b9248bbf4ad9fb43b3d7a518ee594214a8cddc34fa81c1608244500a4e6c4c7a43bcc7aa747d4aaf12ec5ef17ace5bbaaded5a7c73,Canadian English,canada,The scope may provide direct visualization or may be attached to a video monitor.,The scope may provide direct visualization or may be attached to a video monitor.,9c6ccac10fbd430bfa0be14e86fb832b0c5a9b6a0b6678295635f6d9a22ad1cb
distil_whisper_small,no_adapt,162,stage5ext_00652,760d3165d3a07ad90ef4a2b9248bbf4ad9fb43b3d7a518ee594214a8cddc34fa81c1608244500a4e6c4c7a43bcc7aa747d4aaf12ec5ef17ace5bbaaded5a7c73,Canadian English,canada,Other scholars refute these arguments-particularly since Josephus describes some Essenes as allowing marriage.,"Other scholars refute these arguments, particularly since Josephus describes some assents as allowing marriage.",9c6ccac10fbd430bfa0be14e86fb832b0c5a9b6a0b6678295635f6d9a22ad1cb
distil_whisper_small,no_adapt,163,stage5ext_00653,760d3165d3a07ad90ef4a2b9248bbf4ad9fb43b3d7a518ee594214a8cddc34fa81c1608244500a4e6c4c7a43bcc7aa747d4aaf12ec5ef17ace5bbaaded5a7c73,Canadian English,canada,"Violence occurs in childhood sexual abuse, date rape, intimate partner violence, and sexual harassment.","Violence occurs in childhood sexual abuse, date rape, intimate partner violence, and sexual harassment.",9c6ccac10fbd430bfa0be14e86fb832b0c5a9b6a0b6678295635f6d9a22ad1cb
distil_whisper_small,no_adapt,163,stage5ext_00654,760d3165d3a07ad90ef4a2b9248bbf4ad9fb43b3d7a518ee594214a8cddc34fa81c1608244500a4e6c4c7a43bcc7aa747d4aaf12ec5ef17ace5bbaaded5a7c73,Canadian English,canada,Baby later changed his stage name to Birdman after the duo was dissolved.,Baby later changed his stage name to Birdman after the duo was dissolved.,9c6ccac10fbd430bfa0be14e86fb832b0c5a9b6a0b6678295635f6d9a22ad1cb
distil_whisper_small,no_adapt,163,stage5ext_00655,760d3165d3a07ad90ef4a2b9248bbf4ad9fb43b3d7a518ee594214a8cddc34fa81c1608244500a4e6c4c7a43bcc7aa747d4aaf12ec5ef17ace5bbaaded5a7c73,Canadian English,canada,Manufacturers of identification badges recognized a market and began advertising in periodicals.,Manufacturers of identification badges recognized a market and began advertising in periodicals.,9c6ccac10fbd430bfa0be14e86fb832b0c5a9b6a0b6678295635f6d9a22ad1cb
distil_whisper_small,no_adapt,163,stage5ext_00656,760d3165d3a07ad90ef4a2b9248bbf4ad9fb43b3d7a518ee594214a8cddc34fa81c1608244500a4e6c4c7a43bcc7aa747d4aaf12ec5ef17ace5bbaaded5a7c73,Canadian English,canada,Dozens of descriptions of Elizabeth on that day exist with slightly differing details.,Dozens of descriptions of Elizabeth on that day exist with slightly differing details.,9c6ccac10fbd430bfa0be14e86fb832b0c5a9b6a0b6678295635f6d9a22ad1cb
distil_whisper_small,no_adapt,164,stage5ext_00657,760d3165d3a07ad90ef4a2b9248bbf4ad9fb43b3d7a518ee594214a8cddc34fa81c1608244500a4e6c4c7a43bcc7aa747d4aaf12ec5ef17ace5bbaaded5a7c73,Canadian English,canada,However Victoria didn't develop any games.,"However, Victoria didn't develop any games.",9c6ccac10fbd430bfa0be14e86fb832b0c5a9b6a0b6678295635f6d9a22ad1cb
distil_whisper_small,no_adapt,164,stage5ext_00658,760d3165d3a07ad90ef4a2b9248bbf4ad9fb43b3d7a518ee594214a8cddc34fa81c1608244500a4e6c4c7a43bcc7aa747d4aaf12ec5ef17ace5bbaaded5a7c73,Canadian English,canada,"Following Dunkirk, ""Jackal"" returned to the routine of convoy escort and patrols.","Following Dunkirk, Jackal returned to the routine of convoy escort and patrols.",9c6ccac10fbd430bfa0be14e86fb832b0c5a9b6a0b6678295635f6d9a22ad1cb
distil_whisper_small,no_adapt,164,stage5ext_00659,760d3165d3a07ad90ef4a2b9248bbf4ad9fb43b3d7a518ee594214a8cddc34fa81c1608244500a4e6c4c7a43bcc7aa747d4aaf12ec5ef17ace5bbaaded5a7c73,Canadian English,canada,O'Quinn held this role for all three seasons of the series.,O'Quinn held this role for all three seasons of the series.,9c6ccac10fbd430bfa0be14e86fb832b0c5a9b6a0b6678295635f6d9a22ad1cb
distil_whisper_small,no_adapt,164,stage5ext_00660,760d3165d3a07ad90ef4a2b9248bbf4ad9fb43b3d7a518ee594214a8cddc34fa81c1608244500a4e6c4c7a43bcc7aa747d4aaf12ec5ef17ace5bbaaded5a7c73,Canadian English,canada,Sartene wine is appreciated by wine connoisseurs for its good quality.,Sachine wine is appreciated by wine connoisseurs for its good quality.,9c6ccac10fbd430bfa0be14e86fb832b0c5a9b6a0b6678295635f6d9a22ad1cb
distil_whisper_small,no_adapt,165,stage5ext_00661,591dc19ef324950dafd8ce359e9711f332297ea7ff75da4847f4653c4698cfb4a469db4e15b5ea6b6512eb8f51f1b066477920287c57ae1056528e11c1bd1976,Canadian English,canada,It was returned to Prussia at the end of the war.,It was returned to Prussia at the end of the war.,9c6ccac10fbd430bfa0be14e86fb832b0c5a9b6a0b6678295635f6d9a22ad1cb
distil_whisper_small,no_adapt,165,stage5ext_00662,591dc19ef324950dafd8ce359e9711f332297ea7ff75da4847f4653c4698cfb4a469db4e15b5ea6b6512eb8f51f1b066477920287c57ae1056528e11c1bd1976,Canadian English,canada,It is now named Longton Exchange.,It is now named Longton Exchange.,9c6ccac10fbd430bfa0be14e86fb832b0c5a9b6a0b6678295635f6d9a22ad1cb
distil_whisper_small,no_adapt,165,stage5ext_00663,591dc19ef324950dafd8ce359e9711f332297ea7ff75da4847f4653c4698cfb4a469db4e15b5ea6b6512eb8f51f1b066477920287c57ae1056528e11c1bd1976,Canadian English,canada,Eddie Antar was eventually charged with a series of crimes.,Eddie Antur was eventually charged with a series of crimes.,9c6ccac10fbd430bfa0be14e86fb832b0c5a9b6a0b6678295635f6d9a22ad1cb
distil_whisper_small,no_adapt,165,stage5ext_00664,591dc19ef324950dafd8ce359e9711f332297ea7ff75da4847f4653c4698cfb4a469db4e15b5ea6b6512eb8f51f1b066477920287c57ae1056528e11c1bd1976,Canadian English,canada,The monuments built by these Sultans were the first examples of Indo-Islamic Architecture.,The monuments built by the Sultan's were the first examples of Indo-Islamic architecture.,9c6ccac10fbd430bfa0be14e86fb832b0c5a9b6a0b6678295635f6d9a22ad1cb
distil_whisper_small,no_adapt,166,stage5ext_00665,591dc19ef324950dafd8ce359e9711f332297ea7ff75da4847f4653c4698cfb4a469db4e15b5ea6b6512eb8f51f1b066477920287c57ae1056528e11c1bd1976,Canadian English,canada,"She has two sisters, Laura Norris and Sarah McNeil, and a brother, Andrew McNeil.","She has two sisters, Laura North and Sarah McNeil, and a brother, Andrew McNeil.",9c6ccac10fbd430bfa0be14e86fb832b0c5a9b6a0b6678295635f6d9a22ad1cb
distil_whisper_small,no_adapt,166,stage5ext_00666,591dc19ef324950dafd8ce359e9711f332297ea7ff75da4847f4653c4698cfb4a469db4e15b5ea6b6512eb8f51f1b066477920287c57ae1056528e11c1bd1976,Canadian English,canada,"Earthquakes along the fault, and the associated earth movements, have formed the Southern Alps.",Earthqu along the faults and the associated earth movements have formed the southern Alps.,9c6ccac10fbd430bfa0be14e86fb832b0c5a9b6a0b6678295635f6d9a22ad1cb
distil_whisper_small,no_adapt,166,stage5ext_00667,591dc19ef324950dafd8ce359e9711f332297ea7ff75da4847f4653c4698cfb4a469db4e15b5ea6b6512eb8f51f1b066477920287c57ae1056528e11c1bd1976,Canadian English,canada,Expression Encoder consists of two editions: A freeware edition and a commercial Pro edition.,"Expression encoder consists of two editions, a freeware edition and a commercial pro edition.",9c6ccac10fbd430bfa0be14e86fb832b0c5a9b6a0b6678295635f6d9a22ad1cb
distil_whisper_small,no_adapt,166,stage5ext_00668,591dc19ef324950dafd8ce359e9711f332297ea7ff75da4847f4653c4698cfb4a469db4e15b5ea6b6512eb8f51f1b066477920287c57ae1056528e11c1bd1976,Canadian English,canada,The couple's working relationship became personal and resulted in marriage the following year.,The couple's working relationship became personal and resulted in marriage the following year.,9c6ccac10fbd430bfa0be14e86fb832b0c5a9b6a0b6678295635f6d9a22ad1cb
distil_whisper_small,no_adapt,167,stage5ext_00669,591dc19ef324950dafd8ce359e9711f332297ea7ff75da4847f4653c4698cfb4a469db4e15b5ea6b6512eb8f51f1b066477920287c57ae1056528e11c1bd1976,Canadian English,canada,"Upon returning to the Mets, his career was reborn.","Upon returning to the Metz, his career was reborn.",9c6ccac10fbd430bfa0be14e86fb832b0c5a9b6a0b6678295635f6d9a22ad1cb
distil_whisper_small,no_adapt,167,stage5ext_00670,591dc19ef324950dafd8ce359e9711f332297ea7ff75da4847f4653c4698cfb4a469db4e15b5ea6b6512eb8f51f1b066477920287c57ae1056528e11c1bd1976,Canadian English,canada,"She was in the award-winning musical ""Light in the Piazza"" on Broadway.",She was in the award-winning musical Light in the Piazza on Broadway.,9c6ccac10fbd430bfa0be14e86fb832b0c5a9b6a0b6678295635f6d9a22ad1cb
distil_whisper_small,no_adapt,167,stage5ext_00671,591dc19ef324950dafd8ce359e9711f332297ea7ff75da4847f4653c4698cfb4a469db4e15b5ea6b6512eb8f51f1b066477920287c57ae1056528e11c1bd1976,Canadian English,canada,He then went on to a second career as a car racing driver.,He then went on to a second career as a car racing driver.,9c6ccac10fbd430bfa0be14e86fb832b0c5a9b6a0b6678295635f6d9a22ad1cb
distil_whisper_small,no_adapt,167,stage5ext_00672,591dc19ef324950dafd8ce359e9711f332297ea7ff75da4847f4653c4698cfb4a469db4e15b5ea6b6512eb8f51f1b066477920287c57ae1056528e11c1bd1976,Canadian English,canada,"For Mainz, Joseph Ludwig Colmar was soon appointed as bishop.","For Maines, Joseph Ludwig Comar was soon appointed as bishop.",9c6ccac10fbd430bfa0be14e86fb832b0c5a9b6a0b6678295635f6d9a22ad1cb
distil_whisper_small,no_adapt,168,stage5ext_00673,591dc19ef324950dafd8ce359e9711f332297ea7ff75da4847f4653c4698cfb4a469db4e15b5ea6b6512eb8f51f1b066477920287c57ae1056528e11c1bd1976,Canadian English,canada,"He has been nicknamed ""The Man of a Thousand Voices"".",He has been nicknamed the Man of a Thousand Voices.,9c6ccac10fbd430bfa0be14e86fb832b0c5a9b6a0b6678295635f6d9a22ad1cb
distil_whisper_small,no_adapt,168,stage5ext_00674,591dc19ef324950dafd8ce359e9711f332297ea7ff75da4847f4653c4698cfb4a469db4e15b5ea6b6512eb8f51f1b066477920287c57ae1056528e11c1bd1976,Canadian English,canada,He then teamed up Martin Salkin and Milt Gabler of Decca Records.,He then teamed up Martin Salkin and Milt Gabler of Deca Records.,9c6ccac10fbd430bfa0be14e86fb832b0c5a9b6a0b6678295635f6d9a22ad1cb
distil_whisper_small,no_adapt,168,stage5ext_00675,591dc19ef324950dafd8ce359e9711f332297ea7ff75da4847f4653c4698cfb4a469db4e15b5ea6b6512eb8f51f1b066477920287c57ae1056528e11c1bd1976,Canadian English,canada,"They became most prominent in the Roman Republic, and continued into the Empire.",They became the most prominent in the Roman Republic and continued into the empire.,9c6ccac10fbd430bfa0be14e86fb832b0c5a9b6a0b6678295635f6d9a22ad1cb
distil_whisper_small,no_adapt,168,stage5ext_00676,87b42e85779256f12cd8467a8790384f4d1ba3aa2c3821b798e151f94702c8fecb77a8f125195bf02e72b9c5cf01c3d6ddda5e6d3aa87b4bc525756a8c2b8807,Canadian English,canada,East-southeast of Boussingault lies the crater Neumayer.,East-southeast of Busing Galt lies the crater Nulmire.,9c6ccac10fbd430bfa0be14e86fb832b0c5a9b6a0b6678295635f6d9a22ad1cb
distil_whisper_small,no_adapt,169,stage5ext_00677,87b42e85779256f12cd8467a8790384f4d1ba3aa2c3821b798e151f94702c8fecb77a8f125195bf02e72b9c5cf01c3d6ddda5e6d3aa87b4bc525756a8c2b8807,Canadian English,canada,Recorded at the composer's studio under his supervision.,Recorded at the Composer Studio under his supervision.,9c6ccac10fbd430bfa0be14e86fb832b0c5a9b6a0b6678295635f6d9a22ad1cb
distil_whisper_small,no_adapt,169,stage5ext_00678,87b42e85779256f12cd8467a8790384f4d1ba3aa2c3821b798e151f94702c8fecb77a8f125195bf02e72b9c5cf01c3d6ddda5e6d3aa87b4bc525756a8c2b8807,Canadian English,canada,Varied versions of the artwork within the album exist.,Vary versions of the artwork within the album exist.,9c6ccac10fbd430bfa0be14e86fb832b0c5a9b6a0b6678295635f6d9a22ad1cb
distil_whisper_small,no_adapt,169,stage5ext_00679,87b42e85779256f12cd8467a8790384f4d1ba3aa2c3821b798e151f94702c8fecb77a8f125195bf02e72b9c5cf01c3d6ddda5e6d3aa87b4bc525756a8c2b8807,Canadian English,canada,"Construction was conducted by Kassel, Germany-based Henschel.","Construction was conducted by castle, Germany-based henchil.",9c6ccac10fbd430bfa0be14e86fb832b0c5a9b6a0b6678295635f6d9a22ad1cb
distil_whisper_small,no_adapt,169,stage5ext_00680,87b42e85779256f12cd8467a8790384f4d1ba3aa2c3821b798e151f94702c8fecb77a8f125195bf02e72b9c5cf01c3d6ddda5e6d3aa87b4bc525756a8c2b8807,Canadian English,canada,He started reading novels and literature since he just finished the primary school.,He started reading novels and literature since he just finished the primary school.,9c6ccac10fbd430bfa0be14e86fb832b0c5a9b6a0b6678295635f6d9a22ad1cb
distil_whisper_small,no_adapt,170,stage5ext_00681,87b42e85779256f12cd8467a8790384f4d1ba3aa2c3821b798e151f94702c8fecb77a8f125195bf02e72b9c5cf01c3d6ddda5e6d3aa87b4bc525756a8c2b8807,Canadian English,canada,They won a majority of seats in every province and territory.,They won a majority of seats in every province and territory.,9c6ccac10fbd430bfa0be14e86fb832b0c5a9b6a0b6678295635f6d9a22ad1cb
distil_whisper_small,no_adapt,170,stage5ext_00682,87b42e85779256f12cd8467a8790384f4d1ba3aa2c3821b798e151f94702c8fecb77a8f125195bf02e72b9c5cf01c3d6ddda5e6d3aa87b4bc525756a8c2b8807,Canadian English,canada,Opposed to the more moderate Parchamis were the radical Khalq faction.,Opposed to the more moderate parchimus were the more radical calc faction.,9c6ccac10fbd430bfa0be14e86fb832b0c5a9b6a0b6678295635f6d9a22ad1cb
distil_whisper_small,no_adapt,170,stage5ext_00683,87b42e85779256f12cd8467a8790384f4d1ba3aa2c3821b798e151f94702c8fecb77a8f125195bf02e72b9c5cf01c3d6ddda5e6d3aa87b4bc525756a8c2b8807,Canadian English,canada,Gyrich is also involved in hunting the Hulk after the events of Onslaught.,Skyrich is also involved in hunting the Hulk after the events of Onslott.,9c6ccac10fbd430bfa0be14e86fb832b0c5a9b6a0b6678295635f6d9a22ad1cb
distil_whisper_small,no_adapt,170,stage5ext_00684,87b42e85779256f12cd8467a8790384f4d1ba3aa2c3821b798e151f94702c8fecb77a8f125195bf02e72b9c5cf01c3d6ddda5e6d3aa87b4bc525756a8c2b8807,Canadian English,canada,It was also hosted by the team of Rich Landrum and Johnny Weaver.,It was also hosted by the team of Rich Landrum and Johnny Weaver.,9c6ccac10fbd430bfa0be14e86fb832b0c5a9b6a0b6678295635f6d9a22ad1cb
distil_whisper_small,no_adapt,171,stage5ext_00685,87b42e85779256f12cd8467a8790384f4d1ba3aa2c3821b798e151f94702c8fecb77a8f125195bf02e72b9c5cf01c3d6ddda5e6d3aa87b4bc525756a8c2b8807,Canadian English,canada,"His cause for canonization was introduced by his religious order, the Basilian Alepian Order.","His cause for canonization was introduced by his religious order, the Basilian-Alipian order.",9c6ccac10fbd430bfa0be14e86fb832b0c5a9b6a0b6678295635f6d9a22ad1cb
distil_whisper_small,no_adapt,171,stage5ext_00686,87b42e85779256f12cd8467a8790384f4d1ba3aa2c3821b798e151f94702c8fecb77a8f125195bf02e72b9c5cf01c3d6ddda5e6d3aa87b4bc525756a8c2b8807,Canadian English,canada,"Terminals can be attacked and disabled, but not destroyed.",Terminals can be attacked and disabled but not destroyed.,9c6ccac10fbd430bfa0be14e86fb832b0c5a9b6a0b6678295635f6d9a22ad1cb
distil_whisper_small,no_adapt,171,stage5ext_00687,87b42e85779256f12cd8467a8790384f4d1ba3aa2c3821b798e151f94702c8fecb77a8f125195bf02e72b9c5cf01c3d6ddda5e6d3aa87b4bc525756a8c2b8807,Canadian English,canada,They're going to see this as an historic time.,They're going to see this as a historic time.,9c6ccac10fbd430bfa0be14e86fb832b0c5a9b6a0b6678295635f6d9a22ad1cb
distil_whisper_small,no_adapt,171,stage5ext_00688,87b42e85779256f12cd8467a8790384f4d1ba3aa2c3821b798e151f94702c8fecb77a8f125195bf02e72b9c5cf01c3d6ddda5e6d3aa87b4bc525756a8c2b8807,Canadian English,canada,"Due to his high penance, Lord murugan appeared like snake to him.","Due to his high penance, Lord Murgen appeared like Snape to him.",9c6ccac10fbd430bfa0be14e86fb832b0c5a9b6a0b6678295635f6d9a22ad1cb
distil_whisper_small,no_adapt,172,stage5ext_00689,87b42e85779256f12cd8467a8790384f4d1ba3aa2c3821b798e151f94702c8fecb77a8f125195bf02e72b9c5cf01c3d6ddda5e6d3aa87b4bc525756a8c2b8807,Canadian English,canada,Consumption soon returned to normal however.,"Consumption soon returned to normal, however.",9c6ccac10fbd430bfa0be14e86fb832b0c5a9b6a0b6678295635f6d9a22ad1cb
distil_whisper_small,no_adapt,172,stage5ext_00690,87b42e85779256f12cd8467a8790384f4d1ba3aa2c3821b798e151f94702c8fecb77a8f125195bf02e72b9c5cf01c3d6ddda5e6d3aa87b4bc525756a8c2b8807,Canadian English,canada,"Alva was featured in the video game, ""Tony Hawk's American Wasteland"".","Alba was featured in the window game, Tony Hawks, American Wasteland.",9c6ccac10fbd430bfa0be14e86fb832b0c5a9b6a0b6678295635f6d9a22ad1cb
distil_whisper_small,no_adapt,172,stage5ext_00691,1bda50a4a88d77a1bc592a14e21c501410d6db026449e39808be8fdf0a370dcc6adb09567d53480b5796f2560267441eafe3faf65ae56ae50502479cbab97242,Canadian English,canada,"They found all sorts of drugs at Howard's house: Cocaine, meth, heroine...","They found all sorts of drugs at Howard's house. Cocaine, meth, heroin.",9c6ccac10fbd430bfa0be14e86fb832b0c5a9b6a0b6678295635f6d9a22ad1cb
distil_whisper_small,no_adapt,172,stage5ext_00692,1bda50a4a88d77a1bc592a14e21c501410d6db026449e39808be8fdf0a370dcc6adb09567d53480b5796f2560267441eafe3faf65ae56ae50502479cbab97242,Canadian English,canada,"Sure, I will be right back.","Sure, I'll be right back.",9c6ccac10fbd430bfa0be14e86fb832b0c5a9b6a0b6678295635f6d9a22ad1cb
distil_whisper_small,no_adapt,173,stage5ext_00693,1bda50a4a88d77a1bc592a14e21c501410d6db026449e39808be8fdf0a370dcc6adb09567d53480b5796f2560267441eafe3faf65ae56ae50502479cbab97242,Canadian English,canada,"When he got the call, Ali ran out of the store, down the street, and into the car.",When he got the call Ali ran out of the store down the street and entered the car.,9c6ccac10fbd430bfa0be14e86fb832b0c5a9b6a0b6678295635f6d9a22ad1cb
distil_whisper_small,no_adapt,173,stage5ext_00694,1bda50a4a88d77a1bc592a14e21c501410d6db026449e39808be8fdf0a370dcc6adb09567d53480b5796f2560267441eafe3faf65ae56ae50502479cbab97242,Canadian English,canada,"As they began to decorate the hallway, a silhouette appeared in the doorway.","As they began to decorate the hallway, a soloette appeared in the doorway.",9c6ccac10fbd430bfa0be14e86fb832b0c5a9b6a0b6678295635f6d9a22ad1cb
distil_whisper_small,no_adapt,173,stage5ext_00695,1bda50a4a88d77a1bc592a14e21c501410d6db026449e39808be8fdf0a370dcc6adb09567d53480b5796f2560267441eafe3faf65ae56ae50502479cbab97242,Canadian English,canada,"Roaming endlessly around the park, she wants to go home.",roaming endlessly around the park she wants to go home.,9c6ccac10fbd430bfa0be14e86fb832b0c5a9b6a0b6678295635f6d9a22ad1cb
distil_whisper_small,no_adapt,173,stage5ext_00696,1bda50a4a88d77a1bc592a14e21c501410d6db026449e39808be8fdf0a370dcc6adb09567d53480b5796f2560267441eafe3faf65ae56ae50502479cbab97242,Canadian English,canada,"Hooray, we're going to Alaska!","Ray, we're going to Alaska.",9c6ccac10fbd430bfa0be14e86fb832b0c5a9b6a0b6678295635f6d9a22ad1cb
distil_whisper_small,no_adapt,174,stage5ext_00697,1bda50a4a88d77a1bc592a14e21c501410d6db026449e39808be8fdf0a370dcc6adb09567d53480b5796f2560267441eafe3faf65ae56ae50502479cbab97242,Canadian English,canada,"In the discotheque, the DJ played progressive house music and trance.","In the Discotheque, the DJ played progressive house music and trance.",9c6ccac10fbd430bfa0be14e86fb832b0c5a9b6a0b6678295635f6d9a22ad1cb
distil_whisper_small,no_adapt,174,stage5ext_00698,1bda50a4a88d77a1bc592a14e21c501410d6db026449e39808be8fdf0a370dcc6adb09567d53480b5796f2560267441eafe3faf65ae56ae50502479cbab97242,Canadian English,canada,Susan is an artist who lives in Vermont.,Susan is an artist who lives in Vermont.,9c6ccac10fbd430bfa0be14e86fb832b0c5a9b6a0b6678295635f6d9a22ad1cb
distil_whisper_small,no_adapt,174,stage5ext_00699,1bda50a4a88d77a1bc592a14e21c501410d6db026449e39808be8fdf0a370dcc6adb09567d53480b5796f2560267441eafe3faf65ae56ae50502479cbab97242,Canadian English,canada,What is the matter with you?,What is the matter with you?,9c6ccac10fbd430bfa0be14e86fb832b0c5a9b6a0b6678295635f6d9a22ad1cb
distil_whisper_small,no_adapt,174,stage5ext_00700,1bda50a4a88d77a1bc592a14e21c501410d6db026449e39808be8fdf0a370dcc6adb09567d53480b5796f2560267441eafe3faf65ae56ae50502479cbab97242,Canadian English,canada,"She is a very smart lady, and I think she can figure it out.",She is a very smart lady and I think she can figure it out.,9c6ccac10fbd430bfa0be14e86fb832b0c5a9b6a0b6678295635f6d9a22ad1cb
distil_whisper_small,no_adapt,175,stage5ext_00701,1bda50a4a88d77a1bc592a14e21c501410d6db026449e39808be8fdf0a370dcc6adb09567d53480b5796f2560267441eafe3faf65ae56ae50502479cbab97242,Canadian English,canada,"Astronomy might be complicated, but it's not rocket science.","Astronomy might be complicated, but it's not rocket science.",9c6ccac10fbd430bfa0be14e86fb832b0c5a9b6a0b6678295635f6d9a22ad1cb
distil_whisper_small,no_adapt,175,stage5ext_00702,1bda50a4a88d77a1bc592a14e21c501410d6db026449e39808be8fdf0a370dcc6adb09567d53480b5796f2560267441eafe3faf65ae56ae50502479cbab97242,Canadian English,canada,"Angela is pregnant, she told me.","Angela is pregnant, she told me.",9c6ccac10fbd430bfa0be14e86fb832b0c5a9b6a0b6678295635f6d9a22ad1cb
distil_whisper_small,no_adapt,175,stage5ext_00703,1bda50a4a88d77a1bc592a14e21c501410d6db026449e39808be8fdf0a370dcc6adb09567d53480b5796f2560267441eafe3faf65ae56ae50502479cbab97242,Canadian English,canada,"The diver forced open the oyster, revealing a shimmering pearl.",The diver forced open the oyster revealing a shimmering pearl.,9c6ccac10fbd430bfa0be14e86fb832b0c5a9b6a0b6678295635f6d9a22ad1cb
distil_whisper_small,no_adapt,175,stage5ext_00704,1bda50a4a88d77a1bc592a14e21c501410d6db026449e39808be8fdf0a370dcc6adb09567d53480b5796f2560267441eafe3faf65ae56ae50502479cbab97242,Canadian English,canada,"Salmon is one of the most popular fish and very delicious, though usually not sustainable.","Salmon is one of the most popular fish and very delicious, though usually not sustainable.",9c6ccac10fbd430bfa0be14e86fb832b0c5a9b6a0b6678295635f6d9a22ad1cb
distil_whisper_small,no_adapt,176,stage5ext_00705,1bda50a4a88d77a1bc592a14e21c501410d6db026449e39808be8fdf0a370dcc6adb09567d53480b5796f2560267441eafe3faf65ae56ae50502479cbab97242,Canadian English,canada,"This pepperoni tastes off, she said.",Does pepperoni taste off she said,9c6ccac10fbd430bfa0be14e86fb832b0c5a9b6a0b6678295635f6d9a22ad1cb
distil_whisper_small,no_adapt,176,stage5ext_00706,3609f33a23ed07b4e369020bc8bfcb519c8e108d2510cda5649a103fb8e4c9a120753d04b1cfbf9d5ebca2b2674d1f16d7269aa4d619254315923f04a0e8872a,Canadian English,canada,You might as well play Russian roulette.,You might as well play Russian roulette.,9c6ccac10fbd430bfa0be14e86fb832b0c5a9b6a0b6678295635f6d9a22ad1cb
distil_whisper_small,no_adapt,176,stage5ext_00707,3609f33a23ed07b4e369020bc8bfcb519c8e108d2510cda5649a103fb8e4c9a120753d04b1cfbf9d5ebca2b2674d1f16d7269aa4d619254315923f04a0e8872a,Canadian English,canada,We are going to the football game tonight.,We are going to the football game tonight.,9c6ccac10fbd430bfa0be14e86fb832b0c5a9b6a0b6678295635f6d9a22ad1cb
distil_whisper_small,no_adapt,176,stage5ext_00708,3609f33a23ed07b4e369020bc8bfcb519c8e108d2510cda5649a103fb8e4c9a120753d04b1cfbf9d5ebca2b2674d1f16d7269aa4d619254315923f04a0e8872a,Canadian English,canada,Send the stuff in a thick paper bag.,Send the stuff in a thick paper bag.,9c6ccac10fbd430bfa0be14e86fb832b0c5a9b6a0b6678295635f6d9a22ad1cb
distil_whisper_small,no_adapt,177,stage5ext_00709,3609f33a23ed07b4e369020bc8bfcb519c8e108d2510cda5649a103fb8e4c9a120753d04b1cfbf9d5ebca2b2674d1f16d7269aa4d619254315923f04a0e8872a,Canadian English,canada,The early bird catches the worm.,The early bird catches the worm.,9c6ccac10fbd430bfa0be14e86fb832b0c5a9b6a0b6678295635f6d9a22ad1cb
distil_whisper_small,no_adapt,177,stage5ext_00710,3609f33a23ed07b4e369020bc8bfcb519c8e108d2510cda5649a103fb8e4c9a120753d04b1cfbf9d5ebca2b2674d1f16d7269aa4d619254315923f04a0e8872a,Canadian English,canada,A toad and a frog are hard to tell apart.,A toad and a frog are hard to tell apart.,9c6ccac10fbd430bfa0be14e86fb832b0c5a9b6a0b6678295635f6d9a22ad1cb
distil_whisper_small,no_adapt,177,stage5ext_00711,3609f33a23ed07b4e369020bc8bfcb519c8e108d2510cda5649a103fb8e4c9a120753d04b1cfbf9d5ebca2b2674d1f16d7269aa4d619254315923f04a0e8872a,Canadian English,canada,William ran down the street.,William ran down the street.,9c6ccac10fbd430bfa0be14e86fb832b0c5a9b6a0b6678295635f6d9a22ad1cb
distil_whisper_small,no_adapt,177,stage5ext_00712,3609f33a23ed07b4e369020bc8bfcb519c8e108d2510cda5649a103fb8e4c9a120753d04b1cfbf9d5ebca2b2674d1f16d7269aa4d619254315923f04a0e8872a,Canadian English,canada,But it was not to be.,But it was not to be.,9c6ccac10fbd430bfa0be14e86fb832b0c5a9b6a0b6678295635f6d9a22ad1cb
distil_whisper_small,no_adapt,178,stage5ext_00713,3609f33a23ed07b4e369020bc8bfcb519c8e108d2510cda5649a103fb8e4c9a120753d04b1cfbf9d5ebca2b2674d1f16d7269aa4d619254315923f04a0e8872a,Canadian English,canada,Add the sum to the product of these three.,Add the sum to the product of these three.,9c6ccac10fbd430bfa0be14e86fb832b0c5a9b6a0b6678295635f6d9a22ad1cb
distil_whisper_small,no_adapt,178,stage5ext_00714,3609f33a23ed07b4e369020bc8bfcb519c8e108d2510cda5649a103fb8e4c9a120753d04b1cfbf9d5ebca2b2674d1f16d7269aa4d619254315923f04a0e8872a,Canadian English,canada,Birds of a feather flock – together.,Birds of a feather flock together.,9c6ccac10fbd430bfa0be14e86fb832b0c5a9b6a0b6678295635f6d9a22ad1cb
distil_whisper_small,no_adapt,178,stage5ext_00715,3609f33a23ed07b4e369020bc8bfcb519c8e108d2510cda5649a103fb8e4c9a120753d04b1cfbf9d5ebca2b2674d1f16d7269aa4d619254315923f04a0e8872a,Canadian English,canada,It was raised from everyone who entered the city during the celebration period.,It was raised from everyone who entered the city during the celebration period.,9c6ccac10fbd430bfa0be14e86fb832b0c5a9b6a0b6678295635f6d9a22ad1cb
distil_whisper_small,no_adapt,178,stage5ext_00716,3609f33a23ed07b4e369020bc8bfcb519c8e108d2510cda5649a103fb8e4c9a120753d04b1cfbf9d5ebca2b2674d1f16d7269aa4d619254315923f04a0e8872a,Canadian English,canada,A zestful food is the hot-cross bun.,A zestful food is the hot cross bun.,9c6ccac10fbd430bfa0be14e86fb832b0c5a9b6a0b6678295635f6d9a22ad1cb
distil_whisper_small,no_adapt,179,stage5ext_00717,3609f33a23ed07b4e369020bc8bfcb519c8e108d2510cda5649a103fb8e4c9a120753d04b1cfbf9d5ebca2b2674d1f16d7269aa4d619254315923f04a0e8872a,Canadian English,canada,Just as I thought!,Just as I thought.,9c6ccac10fbd430bfa0be14e86fb832b0c5a9b6a0b6678295635f6d9a22ad1cb
distil_whisper_small,no_adapt,179,stage5ext_00718,3609f33a23ed07b4e369020bc8bfcb519c8e108d2510cda5649a103fb8e4c9a120753d04b1cfbf9d5ebca2b2674d1f16d7269aa4d619254315923f04a0e8872a,Canadian English,canada,Each penny shone like new.,Each penny shown like new.,9c6ccac10fbd430bfa0be14e86fb832b0c5a9b6a0b6678295635f6d9a22ad1cb
distil_whisper_small,no_adapt,179,stage5ext_00719,3609f33a23ed07b4e369020bc8bfcb519c8e108d2510cda5649a103fb8e4c9a120753d04b1cfbf9d5ebca2b2674d1f16d7269aa4d619254315923f04a0e8872a,Canadian English,canada,Does that suit you?,Does that suit you?,9c6ccac10fbd430bfa0be14e86fb832b0c5a9b6a0b6678295635f6d9a22ad1cb
distil_whisper_small,no_adapt,179,stage5ext_00720,3609f33a23ed07b4e369020bc8bfcb519c8e108d2510cda5649a103fb8e4c9a120753d04b1cfbf9d5ebca2b2674d1f16d7269aa4d619254315923f04a0e8872a,Canadian English,canada,You may whistle for it.,You may whistle for it.,9c6ccac10fbd430bfa0be14e86fb832b0c5a9b6a0b6678295635f6d9a22ad1cb
distil_whisper_small,no_adapt,180,stage5ext_00721,b93abbafef94b7d98a7356f6312da390c93f78376374ceb597ee3d26425dc05d7b3fe7fc290b835365c2ba77cf232a93597f059b5a2aaa5c715299a8614492e4,Canadian English,canada,"After leaving politics, Clement has held various paid and unpaid positions.","After leaving politics, Clement has held various paid and unpaid positions.",9c6ccac10fbd430bfa0be14e86fb832b0c5a9b6a0b6678295635f6d9a22ad1cb
distil_whisper_small,no_adapt,180,stage5ext_00722,b93abbafef94b7d98a7356f6312da390c93f78376374ceb597ee3d26425dc05d7b3fe7fc290b835365c2ba77cf232a93597f059b5a2aaa5c715299a8614492e4,Canadian English,canada,The same thing can happen to the player's bike.,The same thing can happen to the player's bike.,9c6ccac10fbd430bfa0be14e86fb832b0c5a9b6a0b6678295635f6d9a22ad1cb
distil_whisper_small,no_adapt,180,stage5ext_00723,b93abbafef94b7d98a7356f6312da390c93f78376374ceb597ee3d26425dc05d7b3fe7fc290b835365c2ba77cf232a93597f059b5a2aaa5c715299a8614492e4,Canadian English,canada,She wanted to become a dancer but it didn't work out.,"She wanted to become a dancer, but it didn't work out.",9c6ccac10fbd430bfa0be14e86fb832b0c5a9b6a0b6678295635f6d9a22ad1cb
distil_whisper_small,no_adapt,180,stage5ext_00724,b93abbafef94b7d98a7356f6312da390c93f78376374ceb597ee3d26425dc05d7b3fe7fc290b835365c2ba77cf232a93597f059b5a2aaa5c715299a8614492e4,Canadian English,canada,At trial and appeal the claim was dismissed.,"A trial and appeal, the claim was dismissed.",9c6ccac10fbd430bfa0be14e86fb832b0c5a9b6a0b6678295635f6d9a22ad1cb
distil_whisper_small,no_adapt,181,stage5ext_00725,b93abbafef94b7d98a7356f6312da390c93f78376374ceb597ee3d26425dc05d7b3fe7fc290b835365c2ba77cf232a93597f059b5a2aaa5c715299a8614492e4,Canadian English,canada,"Its headquarters is located in Chiyoda, Tokyo.","Its headquarters is located in Chioda, Tokyo.",9c6ccac10fbd430bfa0be14e86fb832b0c5a9b6a0b6678295635f6d9a22ad1cb
distil_whisper_small,no_adapt,181,stage5ext_00726,b93abbafef94b7d98a7356f6312da390c93f78376374ceb597ee3d26425dc05d7b3fe7fc290b835365c2ba77cf232a93597f059b5a2aaa5c715299a8614492e4,Canadian English,canada,He was forbidden any further writing.,He was forbidden any further writing.,9c6ccac10fbd430bfa0be14e86fb832b0c5a9b6a0b6678295635f6d9a22ad1cb
distil_whisper_small,no_adapt,181,stage5ext_00727,b93abbafef94b7d98a7356f6312da390c93f78376374ceb597ee3d26425dc05d7b3fe7fc290b835365c2ba77cf232a93597f059b5a2aaa5c715299a8614492e4,Canadian English,canada,It offers yet another musical style change.,It offers yet another musical style change.,9c6ccac10fbd430bfa0be14e86fb832b0c5a9b6a0b6678295635f6d9a22ad1cb
distil_whisper_small,no_adapt,181,stage5ext_00728,b93abbafef94b7d98a7356f6312da390c93f78376374ceb597ee3d26425dc05d7b3fe7fc290b835365c2ba77cf232a93597f059b5a2aaa5c715299a8614492e4,Canadian English,canada,The measured flux is proportional to the covariance.,The measured flux is proportional to the covariance.,9c6ccac10fbd430bfa0be14e86fb832b0c5a9b6a0b6678295635f6d9a22ad1cb
distil_whisper_small,no_adapt,182,stage5ext_00729,b93abbafef94b7d98a7356f6312da390c93f78376374ceb597ee3d26425dc05d7b3fe7fc290b835365c2ba77cf232a93597f059b5a2aaa5c715299a8614492e4,Canadian English,canada,Also on hand was the young comedian Richard Pryor.,Also on hand was the young comedian Richard Pryor.,9c6ccac10fbd430bfa0be14e86fb832b0c5a9b6a0b6678295635f6d9a22ad1cb
distil_whisper_small,no_adapt,182,stage5ext_00730,b93abbafef94b7d98a7356f6312da390c93f78376374ceb597ee3d26425dc05d7b3fe7fc290b835365c2ba77cf232a93597f059b5a2aaa5c715299a8614492e4,Canadian English,canada,"He is an alumnus of Saratoga High School in Saratoga, California.",He is an alumnus of Saratoga High School in Saratoga California.,9c6ccac10fbd430bfa0be14e86fb832b0c5a9b6a0b6678295635f6d9a22ad1cb
distil_whisper_small,no_adapt,182,stage5ext_00731,b93abbafef94b7d98a7356f6312da390c93f78376374ceb597ee3d26425dc05d7b3fe7fc290b835365c2ba77cf232a93597f059b5a2aaa5c715299a8614492e4,Canadian English,canada,No cause was given and there were no immediate survivors.,No cause was given and there were no immediate survivors.,9c6ccac10fbd430bfa0be14e86fb832b0c5a9b6a0b6678295635f6d9a22ad1cb
distil_whisper_small,no_adapt,182,stage5ext_00732,b93abbafef94b7d98a7356f6312da390c93f78376374ceb597ee3d26425dc05d7b3fe7fc290b835365c2ba77cf232a93597f059b5a2aaa5c715299a8614492e4,Canadian English,canada,It is more applicable when there is a liquidity crunch in the market.,It is more applicable when there is a liquidity crunch in the market.,9c6ccac10fbd430bfa0be14e86fb832b0c5a9b6a0b6678295635f6d9a22ad1cb
distil_whisper_small,no_adapt,183,stage5ext_00733,b93abbafef94b7d98a7356f6312da390c93f78376374ceb597ee3d26425dc05d7b3fe7fc290b835365c2ba77cf232a93597f059b5a2aaa5c715299a8614492e4,Canadian English,canada,There again he taught rhetoric for three years.,"There, again he taught rhetoric for three years.",9c6ccac10fbd430bfa0be14e86fb832b0c5a9b6a0b6678295635f6d9a22ad1cb
distil_whisper_small,no_adapt,183,stage5ext_00734,b93abbafef94b7d98a7356f6312da390c93f78376374ceb597ee3d26425dc05d7b3fe7fc290b835365c2ba77cf232a93597f059b5a2aaa5c715299a8614492e4,Canadian English,canada,It is a potent skin irritant.,It is a potent skin irritant.,9c6ccac10fbd430bfa0be14e86fb832b0c5a9b6a0b6678295635f6d9a22ad1cb
distil_whisper_small,no_adapt,183,stage5ext_00735,b93abbafef94b7d98a7356f6312da390c93f78376374ceb597ee3d26425dc05d7b3fe7fc290b835365c2ba77cf232a93597f059b5a2aaa5c715299a8614492e4,Canadian English,canada,Westphal is a former assistant coach on Lionel Hollins' staff on the Brooklyn Nets.,Westfall is a former assistant coach on Lionel Holland's staff on the brickland nets.,9c6ccac10fbd430bfa0be14e86fb832b0c5a9b6a0b6678295635f6d9a22ad1cb
distil_whisper_small,no_adapt,183,stage5ext_00736,1225019d528d47c1a589b05ca13577c68d50b27cb794f00d65a7a4be094e4f5e9f0bc35233e80e36ddfba17fa9c185dec071949ab8a2dce2a58b5d4d9b49d290,Canadian English,canada,"Perhaps, you should just grow sea monkeys.",Perhaps you should just grow sea monkeys.,9c6ccac10fbd430bfa0be14e86fb832b0c5a9b6a0b6678295635f6d9a22ad1cb
distil_whisper_small,no_adapt,184,stage5ext_00737,1225019d528d47c1a589b05ca13577c68d50b27cb794f00d65a7a4be094e4f5e9f0bc35233e80e36ddfba17fa9c185dec071949ab8a2dce2a58b5d4d9b49d290,Canadian English,canada,"No, that was never his real plan.","No, that was never his real plan.",9c6ccac10fbd430bfa0be14e86fb832b0c5a9b6a0b6678295635f6d9a22ad1cb
distil_whisper_small,no_adapt,184,stage5ext_00738,1225019d528d47c1a589b05ca13577c68d50b27cb794f00d65a7a4be094e4f5e9f0bc35233e80e36ddfba17fa9c185dec071949ab8a2dce2a58b5d4d9b49d290,Canadian English,canada,Might I enquire as to whom I'm addressing?,Might I inquire as to whom I'm addressing?,9c6ccac10fbd430bfa0be14e86fb832b0c5a9b6a0b6678295635f6d9a22ad1cb
distil_whisper_small,no_adapt,184,stage5ext_00739,1225019d528d47c1a589b05ca13577c68d50b27cb794f00d65a7a4be094e4f5e9f0bc35233e80e36ddfba17fa9c185dec071949ab8a2dce2a58b5d4d9b49d290,Canadian English,canada,"By increasing the salinity of the water, we alter its dew point.",By increasing the salinity of the water we alter its due point.,9c6ccac10fbd430bfa0be14e86fb832b0c5a9b6a0b6678295635f6d9a22ad1cb
distil_whisper_small,no_adapt,184,stage5ext_00740,1225019d528d47c1a589b05ca13577c68d50b27cb794f00d65a7a4be094e4f5e9f0bc35233e80e36ddfba17fa9c185dec071949ab8a2dce2a58b5d4d9b49d290,Canadian English,canada,"Deliberate slowly, execute promptly.","Deliberate slowly, execute promptly.",9c6ccac10fbd430bfa0be14e86fb832b0c5a9b6a0b6678295635f6d9a22ad1cb
distil_whisper_small,no_adapt,185,stage5ext_00741,1225019d528d47c1a589b05ca13577c68d50b27cb794f00d65a7a4be094e4f5e9f0bc35233e80e36ddfba17fa9c185dec071949ab8a2dce2a58b5d4d9b49d290,Canadian English,canada,What am I to do?,What am I to do?,9c6ccac10fbd430bfa0be14e86fb832b0c5a9b6a0b6678295635f6d9a22ad1cb
distil_whisper_small,no_adapt,185,stage5ext_00742,1225019d528d47c1a589b05ca13577c68d50b27cb794f00d65a7a4be094e4f5e9f0bc35233e80e36ddfba17fa9c185dec071949ab8a2dce2a58b5d4d9b49d290,Canadian English,canada,"I've brought you some cheese, because I know you love cheese.",I've brought you some cheese because I know you love cheese.,9c6ccac10fbd430bfa0be14e86fb832b0c5a9b6a0b6678295635f6d9a22ad1cb
distil_whisper_small,no_adapt,185,stage5ext_00743,1225019d528d47c1a589b05ca13577c68d50b27cb794f00d65a7a4be094e4f5e9f0bc35233e80e36ddfba17fa9c185dec071949ab8a2dce2a58b5d4d9b49d290,Canadian English,canada,"Easy come, easy go.","Easy come, easy go.",9c6ccac10fbd430bfa0be14e86fb832b0c5a9b6a0b6678295635f6d9a22ad1cb
distil_whisper_small,no_adapt,185,stage5ext_00744,1225019d528d47c1a589b05ca13577c68d50b27cb794f00d65a7a4be094e4f5e9f0bc35233e80e36ddfba17fa9c185dec071949ab8a2dce2a58b5d4d9b49d290,Canadian English,canada,"The builder placed the brick onto the plank of wood, so it would bend into shape.","The builder placed the brick onto the plank of wood, so it would bend into shape.",9c6ccac10fbd430bfa0be14e86fb832b0c5a9b6a0b6678295635f6d9a22ad1cb
distil_whisper_small,no_adapt,186,stage5ext_00745,1225019d528d47c1a589b05ca13577c68d50b27cb794f00d65a7a4be094e4f5e9f0bc35233e80e36ddfba17fa9c185dec071949ab8a2dce2a58b5d4d9b49d290,Canadian English,canada,How does slow cooling of the hot gaseous state result in pure crystals?,How the slow cooling of the hot gaseous state result in pure crystals?,9c6ccac10fbd430bfa0be14e86fb832b0c5a9b6a0b6678295635f6d9a22ad1cb
distil_whisper_small,no_adapt,186,stage5ext_00746,1225019d528d47c1a589b05ca13577c68d50b27cb794f00d65a7a4be094e4f5e9f0bc35233e80e36ddfba17fa9c185dec071949ab8a2dce2a58b5d4d9b49d290,Canadian English,canada,"He stood up, and by the time he went back to his seat everybody in the room was questioning the meaning of life.",He stood up and by the time he went back to his seat everybody in the room was questioning the meaning of life.,9c6ccac10fbd430bfa0be14e86fb832b0c5a9b6a0b6678295635f6d9a22ad1cb
distil_whisper_small,no_adapt,186,stage5ext_00747,1225019d528d47c1a589b05ca13577c68d50b27cb794f00d65a7a4be094e4f5e9f0bc35233e80e36ddfba17fa9c185dec071949ab8a2dce2a58b5d4d9b49d290,Canadian English,canada,"This was a lie, and they all knew it.",This was a lie and they all knew it.,9c6ccac10fbd430bfa0be14e86fb832b0c5a9b6a0b6678295635f6d9a22ad1cb
distil_whisper_small,no_adapt,186,stage5ext_00748,1225019d528d47c1a589b05ca13577c68d50b27cb794f00d65a7a4be094e4f5e9f0bc35233e80e36ddfba17fa9c185dec071949ab8a2dce2a58b5d4d9b49d290,Canadian English,canada,"After lurking for a minute, the crocodile quickly sprang toward the young hippopotamus and ate it.","After lurking for a minute, the crocodile quickly sprang towards the young hippopotamus and aided.",9c6ccac10fbd430bfa0be14e86fb832b0c5a9b6a0b6678295635f6d9a22ad1cb
distil_whisper_small,no_adapt,187,stage5ext_00749,1225019d528d47c1a589b05ca13577c68d50b27cb794f00d65a7a4be094e4f5e9f0bc35233e80e36ddfba17fa9c185dec071949ab8a2dce2a58b5d4d9b49d290,Canadian English,canada,"When you're at a party and somebody says ""banana bread"", a sniper might be near you.","When you're to party and someone says banana bread, a sniper might be near you.",9c6ccac10fbd430bfa0be14e86fb832b0c5a9b6a0b6678295635f6d9a22ad1cb
distil_whisper_small,no_adapt,187,stage5ext_00750,1225019d528d47c1a589b05ca13577c68d50b27cb794f00d65a7a4be094e4f5e9f0bc35233e80e36ddfba17fa9c185dec071949ab8a2dce2a58b5d4d9b49d290,Canadian English,canada,Do you want me?,Do you want me?,9c6ccac10fbd430bfa0be14e86fb832b0c5a9b6a0b6678295635f6d9a22ad1cb
distil_whisper_small,no_adapt,187,stage5ext_00751,2365c450d92516275bba41aac73c5acf8ce75bf4896ecbd54c3eaa7f121b53488a25a234605d205f960767e2cb5f88d749e3a035ded3a2e9930f35c814bfd1f8,Irish English,ireland,Me and a friend of mine.,Me and a friend of mine.,9c6ccac10fbd430bfa0be14e86fb832b0c5a9b6a0b6678295635f6d9a22ad1cb
distil_whisper_small,no_adapt,187,stage5ext_00752,2365c450d92516275bba41aac73c5acf8ce75bf4896ecbd54c3eaa7f121b53488a25a234605d205f960767e2cb5f88d749e3a035ded3a2e9930f35c814bfd1f8,Irish English,ireland,"For most owners of the car model, the issue isn't noticeable.","For most owners of the car model, the issue isn't noticeable.",9c6ccac10fbd430bfa0be14e86fb832b0c5a9b6a0b6678295635f6d9a22ad1cb
distil_whisper_small,no_adapt,188,stage5ext_00753,2365c450d92516275bba41aac73c5acf8ce75bf4896ecbd54c3eaa7f121b53488a25a234605d205f960767e2cb5f88d749e3a035ded3a2e9930f35c814bfd1f8,Irish English,ireland,I'm afraid she'd feel ashamed to think she hadn't trusted you.,I'm afraid she'd feel ashamed to think she hadn't trusted you.,9c6ccac10fbd430bfa0be14e86fb832b0c5a9b6a0b6678295635f6d9a22ad1cb
distil_whisper_small,no_adapt,188,stage5ext_00754,2365c450d92516275bba41aac73c5acf8ce75bf4896ecbd54c3eaa7f121b53488a25a234605d205f960767e2cb5f88d749e3a035ded3a2e9930f35c814bfd1f8,Irish English,ireland,Thailand turned out to be a very satisfying holiday.,Thailand turned out to be a very satisfying holiday.,9c6ccac10fbd430bfa0be14e86fb832b0c5a9b6a0b6678295635f6d9a22ad1cb
distil_whisper_small,no_adapt,188,stage5ext_00755,2365c450d92516275bba41aac73c5acf8ce75bf4896ecbd54c3eaa7f121b53488a25a234605d205f960767e2cb5f88d749e3a035ded3a2e9930f35c814bfd1f8,Irish English,ireland,The execution was cancelled.,The execution was cancelled.,9c6ccac10fbd430bfa0be14e86fb832b0c5a9b6a0b6678295635f6d9a22ad1cb
distil_whisper_small,no_adapt,188,stage5ext_00756,2365c450d92516275bba41aac73c5acf8ce75bf4896ecbd54c3eaa7f121b53488a25a234605d205f960767e2cb5f88d749e3a035ded3a2e9930f35c814bfd1f8,Irish English,ireland,Sometimes I get so mad at you I can't see straight.,Sometimes I get so mad at you I can't see straight.,9c6ccac10fbd430bfa0be14e86fb832b0c5a9b6a0b6678295635f6d9a22ad1cb
distil_whisper_small,no_adapt,189,stage5ext_00757,2365c450d92516275bba41aac73c5acf8ce75bf4896ecbd54c3eaa7f121b53488a25a234605d205f960767e2cb5f88d749e3a035ded3a2e9930f35c814bfd1f8,Irish English,ireland,Crooks don't pay taxes.,Crookston pay taxes.,9c6ccac10fbd430bfa0be14e86fb832b0c5a9b6a0b6678295635f6d9a22ad1cb
distil_whisper_small,no_adapt,189,stage5ext_00758,2365c450d92516275bba41aac73c5acf8ce75bf4896ecbd54c3eaa7f121b53488a25a234605d205f960767e2cb5f88d749e3a035ded3a2e9930f35c814bfd1f8,Irish English,ireland,Use the tool that's needed for the job.,Use the tool that's needed for the job.,9c6ccac10fbd430bfa0be14e86fb832b0c5a9b6a0b6678295635f6d9a22ad1cb
distil_whisper_small,no_adapt,189,stage5ext_00759,2365c450d92516275bba41aac73c5acf8ce75bf4896ecbd54c3eaa7f121b53488a25a234605d205f960767e2cb5f88d749e3a035ded3a2e9930f35c814bfd1f8,Irish English,ireland,That guy is the writer of a few banned books.,That guy is the writer of a few band books.,9c6ccac10fbd430bfa0be14e86fb832b0c5a9b6a0b6678295635f6d9a22ad1cb
distil_whisper_small,no_adapt,189,stage5ext_00760,2365c450d92516275bba41aac73c5acf8ce75bf4896ecbd54c3eaa7f121b53488a25a234605d205f960767e2cb5f88d749e3a035ded3a2e9930f35c814bfd1f8,Irish English,ireland,My cat loves to ensconce herself in my new sofa.,My cat loves to ensconce herself in my new sofa.,9c6ccac10fbd430bfa0be14e86fb832b0c5a9b6a0b6678295635f6d9a22ad1cb
distil_whisper_small,no_adapt,190,stage5ext_00761,2365c450d92516275bba41aac73c5acf8ce75bf4896ecbd54c3eaa7f121b53488a25a234605d205f960767e2cb5f88d749e3a035ded3a2e9930f35c814bfd1f8,Irish English,ireland,"I feel sick, what should I do?",I feel sick. What should I do?,9c6ccac10fbd430bfa0be14e86fb832b0c5a9b6a0b6678295635f6d9a22ad1cb
distil_whisper_small,no_adapt,190,stage5ext_00762,2365c450d92516275bba41aac73c5acf8ce75bf4896ecbd54c3eaa7f121b53488a25a234605d205f960767e2cb5f88d749e3a035ded3a2e9930f35c814bfd1f8,Irish English,ireland,I'm in a drugstore.,I'm in a drugstore.,9c6ccac10fbd430bfa0be14e86fb832b0c5a9b6a0b6678295635f6d9a22ad1cb
distil_whisper_small,no_adapt,190,stage5ext_00763,2365c450d92516275bba41aac73c5acf8ce75bf4896ecbd54c3eaa7f121b53488a25a234605d205f960767e2cb5f88d749e3a035ded3a2e9930f35c814bfd1f8,Irish English,ireland,You know very well why.,You know very well by.,9c6ccac10fbd430bfa0be14e86fb832b0c5a9b6a0b6678295635f6d9a22ad1cb
distil_whisper_small,no_adapt,190,stage5ext_00764,2365c450d92516275bba41aac73c5acf8ce75bf4896ecbd54c3eaa7f121b53488a25a234605d205f960767e2cb5f88d749e3a035ded3a2e9930f35c814bfd1f8,Irish English,ireland,The cannibal was looking for another victim to appease his appetite.,The cannibal was looking for another victim to appease his appetite.,9c6ccac10fbd430bfa0be14e86fb832b0c5a9b6a0b6678295635f6d9a22ad1cb
distil_whisper_small,no_adapt,191,stage5ext_00765,2365c450d92516275bba41aac73c5acf8ce75bf4896ecbd54c3eaa7f121b53488a25a234605d205f960767e2cb5f88d749e3a035ded3a2e9930f35c814bfd1f8,Irish English,ireland,He could see tears in her eyes.,He could see tears in her eyes.,9c6ccac10fbd430bfa0be14e86fb832b0c5a9b6a0b6678295635f6d9a22ad1cb
distil_whisper_small,no_adapt,191,stage5ext_00766,06c53aec09bca54d5587147ee1bfcc0a9e2b4162fb75daa79b7fe286dfec0732ff4dcae7125393b19a31f66c66c4bd8cf89665b4dee7b446429efd029e225c59,Irish English,ireland,He later served as a prominent leader of the French Directory.,He later served as a prominent leader of the French directory.,9c6ccac10fbd430bfa0be14e86fb832b0c5a9b6a0b6678295635f6d9a22ad1cb
distil_whisper_small,no_adapt,191,stage5ext_00767,06c53aec09bca54d5587147ee1bfcc0a9e2b4162fb75daa79b7fe286dfec0732ff4dcae7125393b19a31f66c66c4bd8cf89665b4dee7b446429efd029e225c59,Irish English,ireland,She held this position for two years before Kim Raine replaced her.,She held this position for two years before Kim Raine replaced her.,9c6ccac10fbd430bfa0be14e86fb832b0c5a9b6a0b6678295635f6d9a22ad1cb
distil_whisper_small,no_adapt,191,stage5ext_00768,06c53aec09bca54d5587147ee1bfcc0a9e2b4162fb75daa79b7fe286dfec0732ff4dcae7125393b19a31f66c66c4bd8cf89665b4dee7b446429efd029e225c59,Irish English,ireland,Fetsios competed in the two rifle events.,Fetzios competed in the two rifle events.,9c6ccac10fbd430bfa0be14e86fb832b0c5a9b6a0b6678295635f6d9a22ad1cb
distil_whisper_small,no_adapt,192,stage5ext_00769,06c53aec09bca54d5587147ee1bfcc0a9e2b4162fb75daa79b7fe286dfec0732ff4dcae7125393b19a31f66c66c4bd8cf89665b4dee7b446429efd029e225c59,Irish English,ireland,"Because it is widely known, ""Lumbricus"" goes under a variety of common names.","Because it is widely known, Lombricus goes under a variety of common names.",9c6ccac10fbd430bfa0be14e86fb832b0c5a9b6a0b6678295635f6d9a22ad1cb
distil_whisper_small,no_adapt,192,stage5ext_00770,06c53aec09bca54d5587147ee1bfcc0a9e2b4162fb75daa79b7fe286dfec0732ff4dcae7125393b19a31f66c66c4bd8cf89665b4dee7b446429efd029e225c59,Irish English,ireland,O'Farrell is a six-time winner of the Rotary cartoons award.,O'Farrell is a six-time winner of the Rotary Cartoons Award.,9c6ccac10fbd430bfa0be14e86fb832b0c5a9b6a0b6678295635f6d9a22ad1cb
distil_whisper_small,no_adapt,192,stage5ext_00771,06c53aec09bca54d5587147ee1bfcc0a9e2b4162fb75daa79b7fe286dfec0732ff4dcae7125393b19a31f66c66c4bd8cf89665b4dee7b446429efd029e225c59,Irish English,ireland,He was arrested and thrown in jail.,He was arrested and thrown in jail.,9c6ccac10fbd430bfa0be14e86fb832b0c5a9b6a0b6678295635f6d9a22ad1cb
distil_whisper_small,no_adapt,192,stage5ext_00772,06c53aec09bca54d5587147ee1bfcc0a9e2b4162fb75daa79b7fe286dfec0732ff4dcae7125393b19a31f66c66c4bd8cf89665b4dee7b446429efd029e225c59,Irish English,ireland,"He was known as the leader of the ""fighting Quakers"".",He was known as leader of the fighting Quakers.,9c6ccac10fbd430bfa0be14e86fb832b0c5a9b6a0b6678295635f6d9a22ad1cb
distil_whisper_small,no_adapt,193,stage5ext_00773,06c53aec09bca54d5587147ee1bfcc0a9e2b4162fb75daa79b7fe286dfec0732ff4dcae7125393b19a31f66c66c4bd8cf89665b4dee7b446429efd029e225c59,Irish English,ireland,He also served in both the Assembly and Senate of the California State Legislature.,He also served in both the Assembly and Senate of the California State Legislature.,9c6ccac10fbd430bfa0be14e86fb832b0c5a9b6a0b6678295635f6d9a22ad1cb
distil_whisper_small,no_adapt,193,stage5ext_00774,06c53aec09bca54d5587147ee1bfcc0a9e2b4162fb75daa79b7fe286dfec0732ff4dcae7125393b19a31f66c66c4bd8cf89665b4dee7b446429efd029e225c59,Irish English,ireland,Many of the Gretna Girls lived in group hostels which were staffed by matrons.,Many of the Gretna girls lived in group hostels which were staffed by matrons.,9c6ccac10fbd430bfa0be14e86fb832b0c5a9b6a0b6678295635f6d9a22ad1cb
distil_whisper_small,no_adapt,193,stage5ext_00775,06c53aec09bca54d5587147ee1bfcc0a9e2b4162fb75daa79b7fe286dfec0732ff4dcae7125393b19a31f66c66c4bd8cf89665b4dee7b446429efd029e225c59,Irish English,ireland,The next day Delfino attacked.,The next day Delphino attacked.,9c6ccac10fbd430bfa0be14e86fb832b0c5a9b6a0b6678295635f6d9a22ad1cb
distil_whisper_small,no_adapt,193,stage5ext_00776,06c53aec09bca54d5587147ee1bfcc0a9e2b4162fb75daa79b7fe286dfec0732ff4dcae7125393b19a31f66c66c4bd8cf89665b4dee7b446429efd029e225c59,Irish English,ireland,See the article on Barnett for an outline of his ideas.,See the article on Barnet for an outline of his ideas.,9c6ccac10fbd430bfa0be14e86fb832b0c5a9b6a0b6678295635f6d9a22ad1cb
distil_whisper_small,no_adapt,194,stage5ext_00777,06c53aec09bca54d5587147ee1bfcc0a9e2b4162fb75daa79b7fe286dfec0732ff4dcae7125393b19a31f66c66c4bd8cf89665b4dee7b446429efd029e225c59,Irish English,ireland,"In addition, after German reunification, there were several Heiligenstadts in Germany.","In addition, after German reunification there were several Hailingenstatz in Germany.",9c6ccac10fbd430bfa0be14e86fb832b0c5a9b6a0b6678295635f6d9a22ad1cb
distil_whisper_small,no_adapt,194,stage5ext_00778,06c53aec09bca54d5587147ee1bfcc0a9e2b4162fb75daa79b7fe286dfec0732ff4dcae7125393b19a31f66c66c4bd8cf89665b4dee7b446429efd029e225c59,Irish English,ireland,"The Norse form of the name was ""Surkudalr"".",The north form of the name was Circular.,9c6ccac10fbd430bfa0be14e86fb832b0c5a9b6a0b6678295635f6d9a22ad1cb
distil_whisper_small,no_adapt,194,stage5ext_00779,06c53aec09bca54d5587147ee1bfcc0a9e2b4162fb75daa79b7fe286dfec0732ff4dcae7125393b19a31f66c66c4bd8cf89665b4dee7b446429efd029e225c59,Irish English,ireland,But all this will be useless.,But all this will be useless.,9c6ccac10fbd430bfa0be14e86fb832b0c5a9b6a0b6678295635f6d9a22ad1cb
distil_whisper_small,no_adapt,194,stage5ext_00780,06c53aec09bca54d5587147ee1bfcc0a9e2b4162fb75daa79b7fe286dfec0732ff4dcae7125393b19a31f66c66c4bd8cf89665b4dee7b446429efd029e225c59,Irish English,ireland,I'm a bit loath to say which!,I'm a bit loath to say which.,9c6ccac10fbd430bfa0be14e86fb832b0c5a9b6a0b6678295635f6d9a22ad1cb
distil_whisper_small,no_adapt,195,stage5ext_00781,2bf1907838353bd4ff938cb357518af5cd662218dcf4e05e91bccb5c4981619def6e13f25156c63c468ac5e938051eb89983ae095606bc1ebcbe2aba77dbcf38,Irish English,ireland,Good luck on the way.,Good luck on the way.,9c6ccac10fbd430bfa0be14e86fb832b0c5a9b6a0b6678295635f6d9a22ad1cb
distil_whisper_small,no_adapt,195,stage5ext_00782,2bf1907838353bd4ff938cb357518af5cd662218dcf4e05e91bccb5c4981619def6e13f25156c63c468ac5e938051eb89983ae095606bc1ebcbe2aba77dbcf38,Irish English,ireland,"Like her adored aunt, Paula Wessely prepared for an artistic career.","Like her adored aunt, Paula Wesley prepared for an artistic career.",9c6ccac10fbd430bfa0be14e86fb832b0c5a9b6a0b6678295635f6d9a22ad1cb
distil_whisper_small,no_adapt,195,stage5ext_00783,2bf1907838353bd4ff938cb357518af5cd662218dcf4e05e91bccb5c4981619def6e13f25156c63c468ac5e938051eb89983ae095606bc1ebcbe2aba77dbcf38,Irish English,ireland,Fill your pack with bright trinkets for the poor.,failure pack with bright trinkets for the poor.,9c6ccac10fbd430bfa0be14e86fb832b0c5a9b6a0b6678295635f6d9a22ad1cb
distil_whisper_small,no_adapt,195,stage5ext_00784,2bf1907838353bd4ff938cb357518af5cd662218dcf4e05e91bccb5c4981619def6e13f25156c63c468ac5e938051eb89983ae095606bc1ebcbe2aba77dbcf38,Irish English,ireland,The pigs and cows ran everywhere.,The pigs and cows ran everywhere.,9c6ccac10fbd430bfa0be14e86fb832b0c5a9b6a0b6678295635f6d9a22ad1cb
distil_whisper_small,no_adapt,196,stage5ext_00785,2bf1907838353bd4ff938cb357518af5cd662218dcf4e05e91bccb5c4981619def6e13f25156c63c468ac5e938051eb89983ae095606bc1ebcbe2aba77dbcf38,Irish English,ireland,"Mrs. McFarlane is a recent widow, versus Mr. McFarlane is alive but away.",Mrs. McFarland is a recent widow versus Mr. McFarland is alive but away.,9c6ccac10fbd430bfa0be14e86fb832b0c5a9b6a0b6678295635f6d9a22ad1cb
distil_whisper_small,no_adapt,196,stage5ext_00786,2bf1907838353bd4ff938cb357518af5cd662218dcf4e05e91bccb5c4981619def6e13f25156c63c468ac5e938051eb89983ae095606bc1ebcbe2aba77dbcf38,Irish English,ireland,He regretted not having made himself clearer.,He regressed it not having made himself clear.,9c6ccac10fbd430bfa0be14e86fb832b0c5a9b6a0b6678295635f6d9a22ad1cb
distil_whisper_small,no_adapt,196,stage5ext_00787,2bf1907838353bd4ff938cb357518af5cd662218dcf4e05e91bccb5c4981619def6e13f25156c63c468ac5e938051eb89983ae095606bc1ebcbe2aba77dbcf38,Irish English,ireland,The omens have led me on a wild chase.,The omens have led me on a wild chase.,9c6ccac10fbd430bfa0be14e86fb832b0c5a9b6a0b6678295635f6d9a22ad1cb
distil_whisper_small,no_adapt,196,stage5ext_00788,2bf1907838353bd4ff938cb357518af5cd662218dcf4e05e91bccb5c4981619def6e13f25156c63c468ac5e938051eb89983ae095606bc1ebcbe2aba77dbcf38,Irish English,ireland,Rome was not built in a day.,Rome was not built in a day.,9c6ccac10fbd430bfa0be14e86fb832b0c5a9b6a0b6678295635f6d9a22ad1cb
distil_whisper_small,no_adapt,197,stage5ext_00789,2bf1907838353bd4ff938cb357518af5cd662218dcf4e05e91bccb5c4981619def6e13f25156c63c468ac5e938051eb89983ae095606bc1ebcbe2aba77dbcf38,Irish English,ireland,That's an inherent disadvantage.,That's an inherent disadvantage.,9c6ccac10fbd430bfa0be14e86fb832b0c5a9b6a0b6678295635f6d9a22ad1cb
distil_whisper_small,no_adapt,197,stage5ext_00790,2bf1907838353bd4ff938cb357518af5cd662218dcf4e05e91bccb5c4981619def6e13f25156c63c468ac5e938051eb89983ae095606bc1ebcbe2aba77dbcf38,Irish English,ireland,I wasn't certain it'd work at all yesterday.,I wasn't certain they did work at all yesterday.,9c6ccac10fbd430bfa0be14e86fb832b0c5a9b6a0b6678295635f6d9a22ad1cb
distil_whisper_small,no_adapt,197,stage5ext_00791,2bf1907838353bd4ff938cb357518af5cd662218dcf4e05e91bccb5c4981619def6e13f25156c63c468ac5e938051eb89983ae095606bc1ebcbe2aba77dbcf38,Irish English,ireland,The night becomes a turning point for all five men.,The nice became a turning point for all five men.,9c6ccac10fbd430bfa0be14e86fb832b0c5a9b6a0b6678295635f6d9a22ad1cb
distil_whisper_small,no_adapt,197,stage5ext_00792,2bf1907838353bd4ff938cb357518af5cd662218dcf4e05e91bccb5c4981619def6e13f25156c63c468ac5e938051eb89983ae095606bc1ebcbe2aba77dbcf38,Irish English,ireland,The population size depends on the nature of the problem.,The population size depends on the nature of the problem.,9c6ccac10fbd430bfa0be14e86fb832b0c5a9b6a0b6678295635f6d9a22ad1cb
distil_whisper_small,no_adapt,198,stage5ext_00793,2bf1907838353bd4ff938cb357518af5cd662218dcf4e05e91bccb5c4981619def6e13f25156c63c468ac5e938051eb89983ae095606bc1ebcbe2aba77dbcf38,Irish English,ireland,"Maxwell, who was killed in Wan Chai three days before the ceasefire.","Maxwell, he was killed in one tie three days before the scene spire.",9c6ccac10fbd430bfa0be14e86fb832b0c5a9b6a0b6678295635f6d9a22ad1cb
distil_whisper_small,no_adapt,198,stage5ext_00794,2bf1907838353bd4ff938cb357518af5cd662218dcf4e05e91bccb5c4981619def6e13f25156c63c468ac5e938051eb89983ae095606bc1ebcbe2aba77dbcf38,Irish English,ireland,A new broom sweeps clean What's bred in the bone.,A new broom sweeps clean while spried in the bone.,9c6ccac10fbd430bfa0be14e86fb832b0c5a9b6a0b6678295635f6d9a22ad1cb
distil_whisper_small,no_adapt,198,stage5ext_00795,2bf1907838353bd4ff938cb357518af5cd662218dcf4e05e91bccb5c4981619def6e13f25156c63c468ac5e938051eb89983ae095606bc1ebcbe2aba77dbcf38,Irish English,ireland,The beauty of the view stunned the young boy.,The beauty of the view stuns the young boy.,9c6ccac10fbd430bfa0be14e86fb832b0c5a9b6a0b6678295635f6d9a22ad1cb
distil_whisper_small,no_adapt,198,stage5ext_00796,f3ea04475e301f84785710b9c56023f3c81f7abff656d40e674db8acde55c748688d0a4285eb6e8ea7f4d8b1fb6c99ab3c7f7d460878c4193256a61831e17ce7,Irish English,ireland,Reddy and his wife have two daughters.,Reddy and his wife have two daughters.,9c6ccac10fbd430bfa0be14e86fb832b0c5a9b6a0b6678295635f6d9a22ad1cb
distil_whisper_small,no_adapt,199,stage5ext_00797,f3ea04475e301f84785710b9c56023f3c81f7abff656d40e674db8acde55c748688d0a4285eb6e8ea7f4d8b1fb6c99ab3c7f7d460878c4193256a61831e17ce7,Irish English,ireland,The Arab executive that emerged from that conference.,The Arab executives that emerged from that conference.,9c6ccac10fbd430bfa0be14e86fb832b0c5a9b6a0b6678295635f6d9a22ad1cb
distil_whisper_small,no_adapt,199,stage5ext_00798,f3ea04475e301f84785710b9c56023f3c81f7abff656d40e674db8acde55c748688d0a4285eb6e8ea7f4d8b1fb6c99ab3c7f7d460878c4193256a61831e17ce7,Irish English,ireland,The book goes further by examining irony and sarcasm.,The book goes further by examining irony and staff hasn't.,9c6ccac10fbd430bfa0be14e86fb832b0c5a9b6a0b6678295635f6d9a22ad1cb
distil_whisper_small,no_adapt,199,stage5ext_00799,f3ea04475e301f84785710b9c56023f3c81f7abff656d40e674db8acde55c748688d0a4285eb6e8ea7f4d8b1fb6c99ab3c7f7d460878c4193256a61831e17ce7,Irish English,ireland,He is close to the Lebanese Forces.,He is close to Lebanese forces.,9c6ccac10fbd430bfa0be14e86fb832b0c5a9b6a0b6678295635f6d9a22ad1cb
distil_whisper_small,no_adapt,199,stage5ext_00800,f3ea04475e301f84785710b9c56023f3c81f7abff656d40e674db8acde55c748688d0a4285eb6e8ea7f4d8b1fb6c99ab3c7f7d460878c4193256a61831e17ce7,Irish English,ireland,Deane was overpowered and forced to surrender the prizes.,Dean was overpowered and forced to surrender his prizes.,9c6ccac10fbd430bfa0be14e86fb832b0c5a9b6a0b6678295635f6d9a22ad1cb
distil_whisper_small,no_adapt,200,stage5ext_00801,f3ea04475e301f84785710b9c56023f3c81f7abff656d40e674db8acde55c748688d0a4285eb6e8ea7f4d8b1fb6c99ab3c7f7d460878c4193256a61831e17ce7,Irish English,ireland,He was her second husband and they had no children.,He was her second husband and they had no children.,9c6ccac10fbd430bfa0be14e86fb832b0c5a9b6a0b6678295635f6d9a22ad1cb
distil_whisper_small,no_adapt,200,stage5ext_00802,f3ea04475e301f84785710b9c56023f3c81f7abff656d40e674db8acde55c748688d0a4285eb6e8ea7f4d8b1fb6c99ab3c7f7d460878c4193256a61831e17ce7,Irish English,ireland,The transports were presumably carrying prisoners from the British capture of Corsica.,The transports were presumably carrying prisoners in the British capture of Kosovo.,9c6ccac10fbd430bfa0be14e86fb832b0c5a9b6a0b6678295635f6d9a22ad1cb
distil_whisper_small,no_adapt,200,stage5ext_00803,f3ea04475e301f84785710b9c56023f3c81f7abff656d40e674db8acde55c748688d0a4285eb6e8ea7f4d8b1fb6c99ab3c7f7d460878c4193256a61831e17ce7,Irish English,ireland,They clear their stand that they will stand with all communities or caste.,They clear this stand that they will stand with all communities or caste.,9c6ccac10fbd430bfa0be14e86fb832b0c5a9b6a0b6678295635f6d9a22ad1cb
distil_whisper_small,no_adapt,200,stage5ext_00804,f3ea04475e301f84785710b9c56023f3c81f7abff656d40e674db8acde55c748688d0a4285eb6e8ea7f4d8b1fb6c99ab3c7f7d460878c4193256a61831e17ce7,Irish English,ireland,Lieutenant Colonel Bell was awarded his second Silver Star for his leadership.,Lieutenant Colonel Bell was awarded his second Silver Star for his leadership.,9c6ccac10fbd430bfa0be14e86fb832b0c5a9b6a0b6678295635f6d9a22ad1cb
distil_whisper_small,no_adapt,201,stage5ext_00805,f3ea04475e301f84785710b9c56023f3c81f7abff656d40e674db8acde55c748688d0a4285eb6e8ea7f4d8b1fb6c99ab3c7f7d460878c4193256a61831e17ce7,Irish English,ireland,The automobiles in the Miles Collier Collections at the Revs Institute are working vehicles.,The automobiles and the miles collier collections at the Lewis Institute are working vehicles.,9c6ccac10fbd430bfa0be14e86fb832b0c5a9b6a0b6678295635f6d9a22ad1cb
distil_whisper_small,no_adapt,201,stage5ext_00806,f3ea04475e301f84785710b9c56023f3c81f7abff656d40e674db8acde55c748688d0a4285eb6e8ea7f4d8b1fb6c99ab3c7f7d460878c4193256a61831e17ce7,Irish English,ireland,The town is located on the French way of the Camino de Santiago.,The town is located on the French way of Caminaro to Santiago.,9c6ccac10fbd430bfa0be14e86fb832b0c5a9b6a0b6678295635f6d9a22ad1cb
distil_whisper_small,no_adapt,201,stage5ext_00807,f3ea04475e301f84785710b9c56023f3c81f7abff656d40e674db8acde55c748688d0a4285eb6e8ea7f4d8b1fb6c99ab3c7f7d460878c4193256a61831e17ce7,Irish English,ireland,Bejarano chose to conduct instead of pursuing her doctorate.,Bedirano chose to conduct instead of pursuing a doctorate.,9c6ccac10fbd430bfa0be14e86fb832b0c5a9b6a0b6678295635f6d9a22ad1cb
distil_whisper_small,no_adapt,201,stage5ext_00808,f3ea04475e301f84785710b9c56023f3c81f7abff656d40e674db8acde55c748688d0a4285eb6e8ea7f4d8b1fb6c99ab3c7f7d460878c4193256a61831e17ce7,Irish English,ireland,It has not been excavated.,It has not been excavated.,9c6ccac10fbd430bfa0be14e86fb832b0c5a9b6a0b6678295635f6d9a22ad1cb
distil_whisper_small,no_adapt,202,stage5ext_00809,f3ea04475e301f84785710b9c56023f3c81f7abff656d40e674db8acde55c748688d0a4285eb6e8ea7f4d8b1fb6c99ab3c7f7d460878c4193256a61831e17ce7,Irish English,ireland,The result was much the same as St.,The result was much the same as Saint.,9c6ccac10fbd430bfa0be14e86fb832b0c5a9b6a0b6678295635f6d9a22ad1cb
distil_whisper_small,no_adapt,202,stage5ext_00810,f3ea04475e301f84785710b9c56023f3c81f7abff656d40e674db8acde55c748688d0a4285eb6e8ea7f4d8b1fb6c99ab3c7f7d460878c4193256a61831e17ce7,Irish English,ireland,All four were shot in the United Kingdom.,All four were shot in the United Kingdom.,9c6ccac10fbd430bfa0be14e86fb832b0c5a9b6a0b6678295635f6d9a22ad1cb
distil_whisper_small,no_adapt,202,stage5ext_00811,98434a9a8b4630d9b92df639cfe24cc4aaa5f87868d474c89db46b5c64a423a9bd79967d06c7657d145d04e562a7f2a8c5293333078c2f76c2da86b6ddd14b97,Irish English,ireland,"He treats ""Greek love"" as central to Greek ""aesthetic morality.",He treats Greek love as central to Greek aesthetic morality.,9c6ccac10fbd430bfa0be14e86fb832b0c5a9b6a0b6678295635f6d9a22ad1cb
distil_whisper_small,no_adapt,202,stage5ext_00812,98434a9a8b4630d9b92df639cfe24cc4aaa5f87868d474c89db46b5c64a423a9bd79967d06c7657d145d04e562a7f2a8c5293333078c2f76c2da86b6ddd14b97,Irish English,ireland,"The other is ""The Five Orange Pips"", part of ""The Adventures of Sherlock Holmes"".","The other is the five orange pips, part of the adventures of Sherlock Holmes.",9c6ccac10fbd430bfa0be14e86fb832b0c5a9b6a0b6678295635f6d9a22ad1cb
distil_whisper_small,no_adapt,203,stage5ext_00813,98434a9a8b4630d9b92df639cfe24cc4aaa5f87868d474c89db46b5c64a423a9bd79967d06c7657d145d04e562a7f2a8c5293333078c2f76c2da86b6ddd14b97,Irish English,ireland,He used parallels and meridians to link together every place in the world.,He used parallels and meridians to link together every place in the world.,9c6ccac10fbd430bfa0be14e86fb832b0c5a9b6a0b6678295635f6d9a22ad1cb
distil_whisper_small,no_adapt,203,stage5ext_00814,98434a9a8b4630d9b92df639cfe24cc4aaa5f87868d474c89db46b5c64a423a9bd79967d06c7657d145d04e562a7f2a8c5293333078c2f76c2da86b6ddd14b97,Irish English,ireland,"Some train sets use equipment owned by Metro-North, which are so marked.","Some train sets use equipment owned by Metro North, which are so marked.",9c6ccac10fbd430bfa0be14e86fb832b0c5a9b6a0b6678295635f6d9a22ad1cb
distil_whisper_small,no_adapt,203,stage5ext_00815,98434a9a8b4630d9b92df639cfe24cc4aaa5f87868d474c89db46b5c64a423a9bd79967d06c7657d145d04e562a7f2a8c5293333078c2f76c2da86b6ddd14b97,Irish English,ireland,Its county seat is Aspermont.,Its county seat is Aspermont.,9c6ccac10fbd430bfa0be14e86fb832b0c5a9b6a0b6678295635f6d9a22ad1cb
distil_whisper_small,no_adapt,203,stage5ext_00816,98434a9a8b4630d9b92df639cfe24cc4aaa5f87868d474c89db46b5c64a423a9bd79967d06c7657d145d04e562a7f2a8c5293333078c2f76c2da86b6ddd14b97,Irish English,ireland,Urquhart was rewarded with the Norwegian Order of Saint Olav.,Buchwald was rewarded with the Norwegian order of St. Olaf.,9c6ccac10fbd430bfa0be14e86fb832b0c5a9b6a0b6678295635f6d9a22ad1cb
distil_whisper_small,no_adapt,204,stage5ext_00817,98434a9a8b4630d9b92df639cfe24cc4aaa5f87868d474c89db46b5c64a423a9bd79967d06c7657d145d04e562a7f2a8c5293333078c2f76c2da86b6ddd14b97,Irish English,ireland,"However, gadolinite does not contain more than trace amounts of gadolinium.","However, gadolinite does not contain more than tracements of gadolinium.",9c6ccac10fbd430bfa0be14e86fb832b0c5a9b6a0b6678295635f6d9a22ad1cb
distil_whisper_small,no_adapt,204,stage5ext_00818,98434a9a8b4630d9b92df639cfe24cc4aaa5f87868d474c89db46b5c64a423a9bd79967d06c7657d145d04e562a7f2a8c5293333078c2f76c2da86b6ddd14b97,Irish English,ireland,It is still in circulation on radio.,It is still in circulation on radio.,9c6ccac10fbd430bfa0be14e86fb832b0c5a9b6a0b6678295635f6d9a22ad1cb
distil_whisper_small,no_adapt,204,stage5ext_00819,98434a9a8b4630d9b92df639cfe24cc4aaa5f87868d474c89db46b5c64a423a9bd79967d06c7657d145d04e562a7f2a8c5293333078c2f76c2da86b6ddd14b97,Irish English,ireland,"Bach heard about the audition for ""The Dukes of Hazzard"" through her husband.",Bach heard about the audition for the Dukes of Hazard through her husband.,9c6ccac10fbd430bfa0be14e86fb832b0c5a9b6a0b6678295635f6d9a22ad1cb
distil_whisper_small,no_adapt,204,stage5ext_00820,98434a9a8b4630d9b92df639cfe24cc4aaa5f87868d474c89db46b5c64a423a9bd79967d06c7657d145d04e562a7f2a8c5293333078c2f76c2da86b6ddd14b97,Irish English,ireland,"Upon his appointment, he prohibited alcohol drinking among his players.","On his appointment, he prohibits his alcohol drinking among his players.",9c6ccac10fbd430bfa0be14e86fb832b0c5a9b6a0b6678295635f6d9a22ad1cb
distil_whisper_small,no_adapt,205,stage5ext_00821,98434a9a8b4630d9b92df639cfe24cc4aaa5f87868d474c89db46b5c64a423a9bd79967d06c7657d145d04e562a7f2a8c5293333078c2f76c2da86b6ddd14b97,Irish English,ireland,"All the Nevada sites below are gaming-entitled, unless otherwise noted.",All the Nevada sites below are gaming entitled unless otherwise noted.,9c6ccac10fbd430bfa0be14e86fb832b0c5a9b6a0b6678295635f6d9a22ad1cb
distil_whisper_small,no_adapt,205,stage5ext_00822,98434a9a8b4630d9b92df639cfe24cc4aaa5f87868d474c89db46b5c64a423a9bd79967d06c7657d145d04e562a7f2a8c5293333078c2f76c2da86b6ddd14b97,Irish English,ireland,The defensive line was anchored by Pro Bowlers Tom Keating and Ben Davidson.,The defensive line was anchored by pro bowlers Tom Keating and Ben Davidson.,9c6ccac10fbd430bfa0be14e86fb832b0c5a9b6a0b6678295635f6d9a22ad1cb
distil_whisper_small,no_adapt,205,stage5ext_00823,98434a9a8b4630d9b92df639cfe24cc4aaa5f87868d474c89db46b5c64a423a9bd79967d06c7657d145d04e562a7f2a8c5293333078c2f76c2da86b6ddd14b97,Irish English,ireland,May is also an accomplished singer.,May is also an accomplished singer.,9c6ccac10fbd430bfa0be14e86fb832b0c5a9b6a0b6678295635f6d9a22ad1cb
distil_whisper_small,no_adapt,205,stage5ext_00824,98434a9a8b4630d9b92df639cfe24cc4aaa5f87868d474c89db46b5c64a423a9bd79967d06c7657d145d04e562a7f2a8c5293333078c2f76c2da86b6ddd14b97,Irish English,ireland,Miriam appeared in the doorway.,Miriam appeared in the doorway.,9c6ccac10fbd430bfa0be14e86fb832b0c5a9b6a0b6678295635f6d9a22ad1cb
distil_whisper_small,no_adapt,206,stage5ext_00825,98434a9a8b4630d9b92df639cfe24cc4aaa5f87868d474c89db46b5c64a423a9bd79967d06c7657d145d04e562a7f2a8c5293333078c2f76c2da86b6ddd14b97,Irish English,ireland,They were each sentenced to six months in jail.,They were each sentenced to six months in jail.,9c6ccac10fbd430bfa0be14e86fb832b0c5a9b6a0b6678295635f6d9a22ad1cb
distil_whisper_small,no_adapt,206,stage5ext_00826,194875abc05277ec185b84e1233196c510a5057c4ac33820e8421f58778f054d7eebd2f70a62c96c79b93aa9f5cf99ec1e7e763ee45eed080dfa952fa8bdeb40,Irish English,ireland,The boy preferred wine.,The boy preferred wine.,9c6ccac10fbd430bfa0be14e86fb832b0c5a9b6a0b6678295635f6d9a22ad1cb
distil_whisper_small,no_adapt,206,stage5ext_00827,194875abc05277ec185b84e1233196c510a5057c4ac33820e8421f58778f054d7eebd2f70a62c96c79b93aa9f5cf99ec1e7e763ee45eed080dfa952fa8bdeb40,Irish English,ireland,But he knew that Salem wasn't in Andalusia.,But he knew that Salem wasn't in Andalusia.,9c6ccac10fbd430bfa0be14e86fb832b0c5a9b6a0b6678295635f6d9a22ad1cb
distil_whisper_small,no_adapt,206,stage5ext_00828,194875abc05277ec185b84e1233196c510a5057c4ac33820e8421f58778f054d7eebd2f70a62c96c79b93aa9f5cf99ec1e7e763ee45eed080dfa952fa8bdeb40,Irish English,ireland,"He had found where his treasure was, and was frightened at what might happen.","He had found where his treasure was, and was frightened at what might happen.",9c6ccac10fbd430bfa0be14e86fb832b0c5a9b6a0b6678295635f6d9a22ad1cb
distil_whisper_small,no_adapt,207,stage5ext_00829,194875abc05277ec185b84e1233196c510a5057c4ac33820e8421f58778f054d7eebd2f70a62c96c79b93aa9f5cf99ec1e7e763ee45eed080dfa952fa8bdeb40,Irish English,ireland,The boy was sad as he left her that day.,The boy was sad as he left her that day.,9c6ccac10fbd430bfa0be14e86fb832b0c5a9b6a0b6678295635f6d9a22ad1cb
distil_whisper_small,no_adapt,207,stage5ext_00830,194875abc05277ec185b84e1233196c510a5057c4ac33820e8421f58778f054d7eebd2f70a62c96c79b93aa9f5cf99ec1e7e763ee45eed080dfa952fa8bdeb40,Irish English,ireland,He didn't want to cry with the other people there.,He didn't want to cry with the other people there.,9c6ccac10fbd430bfa0be14e86fb832b0c5a9b6a0b6678295635f6d9a22ad1cb
distil_whisper_small,no_adapt,207,stage5ext_00831,194875abc05277ec185b84e1233196c510a5057c4ac33820e8421f58778f054d7eebd2f70a62c96c79b93aa9f5cf99ec1e7e763ee45eed080dfa952fa8bdeb40,Irish English,ireland,But horses tire bit by bit.,But horses tire bit by bit.,9c6ccac10fbd430bfa0be14e86fb832b0c5a9b6a0b6678295635f6d9a22ad1cb
distil_whisper_small,no_adapt,207,stage5ext_00832,194875abc05277ec185b84e1233196c510a5057c4ac33820e8421f58778f054d7eebd2f70a62c96c79b93aa9f5cf99ec1e7e763ee45eed080dfa952fa8bdeb40,Irish English,ireland,It was such a gradual movement that he found it only by noticing the dots.,It was such a gradual movement that he founded only by noticing the dots.,9c6ccac10fbd430bfa0be14e86fb832b0c5a9b6a0b6678295635f6d9a22ad1cb
distil_whisper_small,no_adapt,208,stage5ext_00833,194875abc05277ec185b84e1233196c510a5057c4ac33820e8421f58778f054d7eebd2f70a62c96c79b93aa9f5cf99ec1e7e763ee45eed080dfa952fa8bdeb40,Irish English,ireland,"My seven year resume gap is marked ""Not Drugs"".","My seven-year resume gap is marked, not drugs.",9c6ccac10fbd430bfa0be14e86fb832b0c5a9b6a0b6678295635f6d9a22ad1cb
distil_whisper_small,no_adapt,208,stage5ext_00834,194875abc05277ec185b84e1233196c510a5057c4ac33820e8421f58778f054d7eebd2f70a62c96c79b93aa9f5cf99ec1e7e763ee45eed080dfa952fa8bdeb40,Irish English,ireland,"I was scared, but wasted no time in going out and crossing the bridge to the sand pits.","I was scared, but wasted no time in going out and crossing the bridge to the sand pits.",9c6ccac10fbd430bfa0be14e86fb832b0c5a9b6a0b6678295635f6d9a22ad1cb
distil_whisper_small,no_adapt,208,stage5ext_00835,194875abc05277ec185b84e1233196c510a5057c4ac33820e8421f58778f054d7eebd2f70a62c96c79b93aa9f5cf99ec1e7e763ee45eed080dfa952fa8bdeb40,Irish English,ireland,Several figures approached him.,Several figures approached him.,9c6ccac10fbd430bfa0be14e86fb832b0c5a9b6a0b6678295635f6d9a22ad1cb
distil_whisper_small,no_adapt,208,stage5ext_00836,194875abc05277ec185b84e1233196c510a5057c4ac33820e8421f58778f054d7eebd2f70a62c96c79b93aa9f5cf99ec1e7e763ee45eed080dfa952fa8bdeb40,Irish English,ireland,He paused for a moment to see if the woman knew what the Egyptian pyramids were.,He paused for a moment to see if the woman knew what the Egyptian pyramids were.,9c6ccac10fbd430bfa0be14e86fb832b0c5a9b6a0b6678295635f6d9a22ad1cb
distil_whisper_small,no_adapt,209,stage5ext_00837,194875abc05277ec185b84e1233196c510a5057c4ac33820e8421f58778f054d7eebd2f70a62c96c79b93aa9f5cf99ec1e7e763ee45eed080dfa952fa8bdeb40,Irish English,ireland,"The alchemist stopped abruptly, and bent to the ground.",The alchemy stopped abruptly and bent to the ground.,9c6ccac10fbd430bfa0be14e86fb832b0c5a9b6a0b6678295635f6d9a22ad1cb
distil_whisper_small,no_adapt,209,stage5ext_00838,194875abc05277ec185b84e1233196c510a5057c4ac33820e8421f58778f054d7eebd2f70a62c96c79b93aa9f5cf99ec1e7e763ee45eed080dfa952fa8bdeb40,Irish English,ireland,The two were taken to a nearby military camp.,The two were taken to a nearby military count.,9c6ccac10fbd430bfa0be14e86fb832b0c5a9b6a0b6678295635f6d9a22ad1cb
distil_whisper_small,no_adapt,209,stage5ext_00839,194875abc05277ec185b84e1233196c510a5057c4ac33820e8421f58778f054d7eebd2f70a62c96c79b93aa9f5cf99ec1e7e763ee45eed080dfa952fa8bdeb40,Irish English,ireland,That he had attended a seminary until he was sixteen.,that he had attended a seminary until he was 16.,9c6ccac10fbd430bfa0be14e86fb832b0c5a9b6a0b6678295635f6d9a22ad1cb
distil_whisper_small,no_adapt,209,stage5ext_00840,194875abc05277ec185b84e1233196c510a5057c4ac33820e8421f58778f054d7eebd2f70a62c96c79b93aa9f5cf99ec1e7e763ee45eed080dfa952fa8bdeb40,Irish English,ireland,It seems old and wise.,It seems old and wise.,9c6ccac10fbd430bfa0be14e86fb832b0c5a9b6a0b6678295635f6d9a22ad1cb
distil_whisper_small,no_adapt,210,stage5ext_00841,672a3259269b97062367fcafac924cb6013a30f9e34c09eff5c41b6d81f8a9b8e797beba73bbe770cb6ecdcdcc0039306ffae6e7c53294f92803666e3fa86b1b,Irish English,ireland,"To be fully funded, some lending must occur.","To be fully funded, some lending must occur.",9c6ccac10fbd430bfa0be14e86fb832b0c5a9b6a0b6678295635f6d9a22ad1cb
distil_whisper_small,no_adapt,210,stage5ext_00842,672a3259269b97062367fcafac924cb6013a30f9e34c09eff5c41b6d81f8a9b8e797beba73bbe770cb6ecdcdcc0039306ffae6e7c53294f92803666e3fa86b1b,Irish English,ireland,What'll it take till the bank reopens?,What will it take till the bank reopens?,9c6ccac10fbd430bfa0be14e86fb832b0c5a9b6a0b6678295635f6d9a22ad1cb
distil_whisper_small,no_adapt,210,stage5ext_00843,672a3259269b97062367fcafac924cb6013a30f9e34c09eff5c41b6d81f8a9b8e797beba73bbe770cb6ecdcdcc0039306ffae6e7c53294f92803666e3fa86b1b,Irish English,ireland,I don't think this theory explains why the particles attract each other this strongly.,I don't think this theory explains why the particles attract each other strongly.,9c6ccac10fbd430bfa0be14e86fb832b0c5a9b6a0b6678295635f6d9a22ad1cb
distil_whisper_small,no_adapt,210,stage5ext_00844,672a3259269b97062367fcafac924cb6013a30f9e34c09eff5c41b6d81f8a9b8e797beba73bbe770cb6ecdcdcc0039306ffae6e7c53294f92803666e3fa86b1b,Irish English,ireland,Do you mean the speech you're writing?,Do you mean the speech you're writing?,9c6ccac10fbd430bfa0be14e86fb832b0c5a9b6a0b6678295635f6d9a22ad1cb
distil_whisper_small,no_adapt,211,stage5ext_00845,672a3259269b97062367fcafac924cb6013a30f9e34c09eff5c41b6d81f8a9b8e797beba73bbe770cb6ecdcdcc0039306ffae6e7c53294f92803666e3fa86b1b,Irish English,ireland,And there you were in bed.,And there you were in bed.,9c6ccac10fbd430bfa0be14e86fb832b0c5a9b6a0b6678295635f6d9a22ad1cb
distil_whisper_small,no_adapt,211,stage5ext_00846,672a3259269b97062367fcafac924cb6013a30f9e34c09eff5c41b6d81f8a9b8e797beba73bbe770cb6ecdcdcc0039306ffae6e7c53294f92803666e3fa86b1b,Irish English,ireland,I admit that I'm an alcoholic.,I admit that I'm an alcoholic.,9c6ccac10fbd430bfa0be14e86fb832b0c5a9b6a0b6678295635f6d9a22ad1cb
distil_whisper_small,no_adapt,211,stage5ext_00847,672a3259269b97062367fcafac924cb6013a30f9e34c09eff5c41b6d81f8a9b8e797beba73bbe770cb6ecdcdcc0039306ffae6e7c53294f92803666e3fa86b1b,Irish English,ireland,What's that got to do with it?,What's that got to do with it?,9c6ccac10fbd430bfa0be14e86fb832b0c5a9b6a0b6678295635f6d9a22ad1cb
distil_whisper_small,no_adapt,211,stage5ext_00848,672a3259269b97062367fcafac924cb6013a30f9e34c09eff5c41b6d81f8a9b8e797beba73bbe770cb6ecdcdcc0039306ffae6e7c53294f92803666e3fa86b1b,Irish English,ireland,This investment won't pay off.,This investment won't pay off.,9c6ccac10fbd430bfa0be14e86fb832b0c5a9b6a0b6678295635f6d9a22ad1cb
distil_whisper_small,no_adapt,212,stage5ext_00849,672a3259269b97062367fcafac924cb6013a30f9e34c09eff5c41b6d81f8a9b8e797beba73bbe770cb6ecdcdcc0039306ffae6e7c53294f92803666e3fa86b1b,Irish English,ireland,And don't forget to make him wear his raincoat in London.,And don't forget to make him wear his raincoat in London.,9c6ccac10fbd430bfa0be14e86fb832b0c5a9b6a0b6678295635f6d9a22ad1cb
distil_whisper_small,no_adapt,212,stage5ext_00850,672a3259269b97062367fcafac924cb6013a30f9e34c09eff5c41b6d81f8a9b8e797beba73bbe770cb6ecdcdcc0039306ffae6e7c53294f92803666e3fa86b1b,Irish English,ireland,This peach tart is tasty.,This peach tart is tasty.,9c6ccac10fbd430bfa0be14e86fb832b0c5a9b6a0b6678295635f6d9a22ad1cb
distil_whisper_small,no_adapt,212,stage5ext_00851,672a3259269b97062367fcafac924cb6013a30f9e34c09eff5c41b6d81f8a9b8e797beba73bbe770cb6ecdcdcc0039306ffae6e7c53294f92803666e3fa86b1b,Irish English,ireland,I didn't say anything.,I didn't say anything.,9c6ccac10fbd430bfa0be14e86fb832b0c5a9b6a0b6678295635f6d9a22ad1cb
distil_whisper_small,no_adapt,212,stage5ext_00852,672a3259269b97062367fcafac924cb6013a30f9e34c09eff5c41b6d81f8a9b8e797beba73bbe770cb6ecdcdcc0039306ffae6e7c53294f92803666e3fa86b1b,Irish English,ireland,I don't care what you say.,I don't care what you say?,9c6ccac10fbd430bfa0be14e86fb832b0c5a9b6a0b6678295635f6d9a22ad1cb
distil_whisper_small,no_adapt,213,stage5ext_00853,672a3259269b97062367fcafac924cb6013a30f9e34c09eff5c41b6d81f8a9b8e797beba73bbe770cb6ecdcdcc0039306ffae6e7c53294f92803666e3fa86b1b,Irish English,ireland,I can't find it anywhere.,I can't find it anywhere.,9c6ccac10fbd430bfa0be14e86fb832b0c5a9b6a0b6678295635f6d9a22ad1cb
distil_whisper_small,no_adapt,213,stage5ext_00854,672a3259269b97062367fcafac924cb6013a30f9e34c09eff5c41b6d81f8a9b8e797beba73bbe770cb6ecdcdcc0039306ffae6e7c53294f92803666e3fa86b1b,Irish English,ireland,"If a pen has no ink, it's broken.","If a pen has no ink, it's broken.",9c6ccac10fbd430bfa0be14e86fb832b0c5a9b6a0b6678295635f6d9a22ad1cb
distil_whisper_small,no_adapt,213,stage5ext_00855,672a3259269b97062367fcafac924cb6013a30f9e34c09eff5c41b6d81f8a9b8e797beba73bbe770cb6ecdcdcc0039306ffae6e7c53294f92803666e3fa86b1b,Irish English,ireland,The houses were squashed together like sardines.,The houses were squashed together like sardines.,9c6ccac10fbd430bfa0be14e86fb832b0c5a9b6a0b6678295635f6d9a22ad1cb
distil_whisper_small,no_adapt,213,stage5ext_00856,02cb893287feb15b25162b42913f21d4cef7b8b96119618c39ad96f550afc59fc5cb33155d5a3142b86ea467935fa50993f69d0e0aebf5f8b22f2a05004d4165,Irish English,ireland,To nourish the falcon.,to nourish the falcon.,9c6ccac10fbd430bfa0be14e86fb832b0c5a9b6a0b6678295635f6d9a22ad1cb
distil_whisper_small,no_adapt,214,stage5ext_00857,02cb893287feb15b25162b42913f21d4cef7b8b96119618c39ad96f550afc59fc5cb33155d5a3142b86ea467935fa50993f69d0e0aebf5f8b22f2a05004d4165,Irish English,ireland,"There's gold here, he said.","There's gold here,"" he said.",9c6ccac10fbd430bfa0be14e86fb832b0c5a9b6a0b6678295635f6d9a22ad1cb
distil_whisper_small,no_adapt,214,stage5ext_00858,02cb893287feb15b25162b42913f21d4cef7b8b96119618c39ad96f550afc59fc5cb33155d5a3142b86ea467935fa50993f69d0e0aebf5f8b22f2a05004d4165,Irish English,ireland,I had seen all that it would presently bring me.,I had seen all that it would presently bring me.,9c6ccac10fbd430bfa0be14e86fb832b0c5a9b6a0b6678295635f6d9a22ad1cb
distil_whisper_small,no_adapt,214,stage5ext_00859,02cb893287feb15b25162b42913f21d4cef7b8b96119618c39ad96f550afc59fc5cb33155d5a3142b86ea467935fa50993f69d0e0aebf5f8b22f2a05004d4165,Irish English,ireland,It was my fear of failure that first kept me from attempting the Master Work.,It was my fear of failure that first kept me from attempting the masterwork.,9c6ccac10fbd430bfa0be14e86fb832b0c5a9b6a0b6678295635f6d9a22ad1cb
distil_whisper_small,no_adapt,214,stage5ext_00860,02cb893287feb15b25162b42913f21d4cef7b8b96119618c39ad96f550afc59fc5cb33155d5a3142b86ea467935fa50993f69d0e0aebf5f8b22f2a05004d4165,Irish English,ireland,He saw the boy appear from the other side of the dunes.,He saw the boy appear from the other side of the dunes.,9c6ccac10fbd430bfa0be14e86fb832b0c5a9b6a0b6678295635f6d9a22ad1cb
distil_whisper_small,no_adapt,215,stage5ext_00861,02cb893287feb15b25162b42913f21d4cef7b8b96119618c39ad96f550afc59fc5cb33155d5a3142b86ea467935fa50993f69d0e0aebf5f8b22f2a05004d4165,Irish English,ireland,"I'm a desert woman, and I'm proud of that.",I'm a desert woman and I'm proud of that.,9c6ccac10fbd430bfa0be14e86fb832b0c5a9b6a0b6678295635f6d9a22ad1cb
distil_whisper_small,no_adapt,215,stage5ext_00862,02cb893287feb15b25162b42913f21d4cef7b8b96119618c39ad96f550afc59fc5cb33155d5a3142b86ea467935fa50993f69d0e0aebf5f8b22f2a05004d4165,Irish English,ireland,"It's the Emerald Tablet, said the Englishman, proud that he might teach something to the boy.","It's the Emerald tablet, said the Englishman, proud that he might teach something to the boy.",9c6ccac10fbd430bfa0be14e86fb832b0c5a9b6a0b6678295635f6d9a22ad1cb
distil_whisper_small,no_adapt,215,stage5ext_00863,02cb893287feb15b25162b42913f21d4cef7b8b96119618c39ad96f550afc59fc5cb33155d5a3142b86ea467935fa50993f69d0e0aebf5f8b22f2a05004d4165,Irish English,ireland,"He stuck his hand into the pouch, and felt around for one of the stones.",He stuck his hand in the pouch and felt around for one of the stones.,9c6ccac10fbd430bfa0be14e86fb832b0c5a9b6a0b6678295635f6d9a22ad1cb
distil_whisper_small,no_adapt,215,stage5ext_00864,02cb893287feb15b25162b42913f21d4cef7b8b96119618c39ad96f550afc59fc5cb33155d5a3142b86ea467935fa50993f69d0e0aebf5f8b22f2a05004d4165,Irish English,ireland,"The heather was on fire, and you could see a thin blue smoke rising up slowly.",The heather was in fire and you could see a thin blue smoke rising up slowly.,9c6ccac10fbd430bfa0be14e86fb832b0c5a9b6a0b6678295635f6d9a22ad1cb
distil_whisper_small,no_adapt,216,stage5ext_00865,02cb893287feb15b25162b42913f21d4cef7b8b96119618c39ad96f550afc59fc5cb33155d5a3142b86ea467935fa50993f69d0e0aebf5f8b22f2a05004d4165,Irish English,ireland,where the sand was more substantial.,Where the sand was more substantial.,9c6ccac10fbd430bfa0be14e86fb832b0c5a9b6a0b6678295635f6d9a22ad1cb
distil_whisper_small,no_adapt,216,stage5ext_00866,02cb893287feb15b25162b42913f21d4cef7b8b96119618c39ad96f550afc59fc5cb33155d5a3142b86ea467935fa50993f69d0e0aebf5f8b22f2a05004d4165,Irish English,ireland,The three fell silent.,The three fell silent.,9c6ccac10fbd430bfa0be14e86fb832b0c5a9b6a0b6678295635f6d9a22ad1cb
distil_whisper_small,no_adapt,216,stage5ext_00867,02cb893287feb15b25162b42913f21d4cef7b8b96119618c39ad96f550afc59fc5cb33155d5a3142b86ea467935fa50993f69d0e0aebf5f8b22f2a05004d4165,Irish English,ireland,But I didn’t think that it contained any living creature.,But I didn't think that it contained any living creature.,9c6ccac10fbd430bfa0be14e86fb832b0c5a9b6a0b6678295635f6d9a22ad1cb
distil_whisper_small,no_adapt,216,stage5ext_00868,02cb893287feb15b25162b42913f21d4cef7b8b96119618c39ad96f550afc59fc5cb33155d5a3142b86ea467935fa50993f69d0e0aebf5f8b22f2a05004d4165,Irish English,ireland,He didn't want to cry with the other people there.,You didn't want to cry with the other people there?,9c6ccac10fbd430bfa0be14e86fb832b0c5a9b6a0b6678295635f6d9a22ad1cb
distil_whisper_small,no_adapt,217,stage5ext_00869,02cb893287feb15b25162b42913f21d4cef7b8b96119618c39ad96f550afc59fc5cb33155d5a3142b86ea467935fa50993f69d0e0aebf5f8b22f2a05004d4165,Irish English,ireland,"About eleven, I walked back to my home in Maybury because nothing seemed to be happening.",About 11 I walked back to my home in Mayberry because nothing seemed to be happening.,9c6ccac10fbd430bfa0be14e86fb832b0c5a9b6a0b6678295635f6d9a22ad1cb
distil_whisper_small,no_adapt,217,stage5ext_00870,02cb893287feb15b25162b42913f21d4cef7b8b96119618c39ad96f550afc59fc5cb33155d5a3142b86ea467935fa50993f69d0e0aebf5f8b22f2a05004d4165,Irish English,ireland,That sobered him a little.,That's over him a little.,9c6ccac10fbd430bfa0be14e86fb832b0c5a9b6a0b6678295635f6d9a22ad1cb
distil_whisper_small,no_adapt,217,stage5ext_00871,bd50f6c0e65e80961fb044a2591721940ca6cd6836496cde2353e06259e959af9c47fa4fb6d9fa8b16cc5285e232f3543059af36f41495c786198bdfd83d4b88,Irish English,ireland,Its county seat is Red Cloud.,Its county seat is Red Cloud.,9c6ccac10fbd430bfa0be14e86fb832b0c5a9b6a0b6678295635f6d9a22ad1cb
distil_whisper_small,no_adapt,217,stage5ext_00872,bd50f6c0e65e80961fb044a2591721940ca6cd6836496cde2353e06259e959af9c47fa4fb6d9fa8b16cc5285e232f3543059af36f41495c786198bdfd83d4b88,Irish English,ireland,"After eighty-seven minutes of test football, Australia gained possession of the ball.",After 87 minutes of test football Australia gained possession of the ball.,9c6ccac10fbd430bfa0be14e86fb832b0c5a9b6a0b6678295635f6d9a22ad1cb
distil_whisper_small,no_adapt,218,stage5ext_00873,bd50f6c0e65e80961fb044a2591721940ca6cd6836496cde2353e06259e959af9c47fa4fb6d9fa8b16cc5285e232f3543059af36f41495c786198bdfd83d4b88,Irish English,ireland,The ability displayed by him in this led to his rapid advancement.,The ability displayed by him in this led to his rapid advancement.,9c6ccac10fbd430bfa0be14e86fb832b0c5a9b6a0b6678295635f6d9a22ad1cb
distil_whisper_small,no_adapt,218,stage5ext_00874,bd50f6c0e65e80961fb044a2591721940ca6cd6836496cde2353e06259e959af9c47fa4fb6d9fa8b16cc5285e232f3543059af36f41495c786198bdfd83d4b88,Irish English,ireland,The building resembled a typical Kirkbride model.,The building resembled a typical Kirkbride model.,9c6ccac10fbd430bfa0be14e86fb832b0c5a9b6a0b6678295635f6d9a22ad1cb
distil_whisper_small,no_adapt,218,stage5ext_00875,bd50f6c0e65e80961fb044a2591721940ca6cd6836496cde2353e06259e959af9c47fa4fb6d9fa8b16cc5285e232f3543059af36f41495c786198bdfd83d4b88,Irish English,ireland,"In engineering science and in other technical aspects, the term galling is widespread.","In engineering science and in other technical aspects, the term galling is widespread.",9c6ccac10fbd430bfa0be14e86fb832b0c5a9b6a0b6678295635f6d9a22ad1cb
distil_whisper_small,no_adapt,218,stage5ext_00876,bd50f6c0e65e80961fb044a2591721940ca6cd6836496cde2353e06259e959af9c47fa4fb6d9fa8b16cc5285e232f3543059af36f41495c786198bdfd83d4b88,Irish English,ireland,Zinc is a necessary nutrient for optimal yeast health and performance.,Zinc is a necessary nutrient for optimal yeast health and performance.,9c6ccac10fbd430bfa0be14e86fb832b0c5a9b6a0b6678295635f6d9a22ad1cb
distil_whisper_small,no_adapt,219,stage5ext_00877,bd50f6c0e65e80961fb044a2591721940ca6cd6836496cde2353e06259e959af9c47fa4fb6d9fa8b16cc5285e232f3543059af36f41495c786198bdfd83d4b88,Irish English,ireland,Another common type of certification in modern society is product certification.,Another common type of certification in modern society is product certification.,9c6ccac10fbd430bfa0be14e86fb832b0c5a9b6a0b6678295635f6d9a22ad1cb
distil_whisper_small,no_adapt,219,stage5ext_00878,bd50f6c0e65e80961fb044a2591721940ca6cd6836496cde2353e06259e959af9c47fa4fb6d9fa8b16cc5285e232f3543059af36f41495c786198bdfd83d4b88,Irish English,ireland,Originally usage of the road was free of charge.,"Originally, usage of the road was free of charge.",9c6ccac10fbd430bfa0be14e86fb832b0c5a9b6a0b6678295635f6d9a22ad1cb
distil_whisper_small,no_adapt,219,stage5ext_00879,bd50f6c0e65e80961fb044a2591721940ca6cd6836496cde2353e06259e959af9c47fa4fb6d9fa8b16cc5285e232f3543059af36f41495c786198bdfd83d4b88,Irish English,ireland,"In general, there are two types of scanner setups.","In general, there are two types of scanner setups.",9c6ccac10fbd430bfa0be14e86fb832b0c5a9b6a0b6678295635f6d9a22ad1cb
distil_whisper_small,no_adapt,219,stage5ext_00880,bd50f6c0e65e80961fb044a2591721940ca6cd6836496cde2353e06259e959af9c47fa4fb6d9fa8b16cc5285e232f3543059af36f41495c786198bdfd83d4b88,Irish English,ireland,The equivalent Ukrainian-language surname is Lytvyn.,The equivalent Ukrainian language surname is Loythven.,9c6ccac10fbd430bfa0be14e86fb832b0c5a9b6a0b6678295635f6d9a22ad1cb
distil_whisper_small,no_adapt,220,stage5ext_00881,bd50f6c0e65e80961fb044a2591721940ca6cd6836496cde2353e06259e959af9c47fa4fb6d9fa8b16cc5285e232f3543059af36f41495c786198bdfd83d4b88,Irish English,ireland,The first settlers in Isipingo arrived before the beginning of Apartheid.,The first settlers in Isapingo arrived before the beginning of apartheid.,9c6ccac10fbd430bfa0be14e86fb832b0c5a9b6a0b6678295635f6d9a22ad1cb
distil_whisper_small,no_adapt,220,stage5ext_00882,bd50f6c0e65e80961fb044a2591721940ca6cd6836496cde2353e06259e959af9c47fa4fb6d9fa8b16cc5285e232f3543059af36f41495c786198bdfd83d4b88,Irish English,ireland,"There is an elaborate memorial to him in Saint Edward the Confessor Church, Romford.","There is an elaborate memorial to him in St. Edward the Confessor Church, Romford.",9c6ccac10fbd430bfa0be14e86fb832b0c5a9b6a0b6678295635f6d9a22ad1cb
distil_whisper_small,no_adapt,220,stage5ext_00883,bd50f6c0e65e80961fb044a2591721940ca6cd6836496cde2353e06259e959af9c47fa4fb6d9fa8b16cc5285e232f3543059af36f41495c786198bdfd83d4b88,Irish English,ireland,American public school system was introduced and general health and sanitation campaign was launched.,American Public School System was introduced and General Health and Sanitation Campaign was launched.,9c6ccac10fbd430bfa0be14e86fb832b0c5a9b6a0b6678295635f6d9a22ad1cb
distil_whisper_small,no_adapt,220,stage5ext_00884,bd50f6c0e65e80961fb044a2591721940ca6cd6836496cde2353e06259e959af9c47fa4fb6d9fa8b16cc5285e232f3543059af36f41495c786198bdfd83d4b88,Irish English,ireland,Mponela is primarily an agricultural town without touristic interest.,Unpanella is primarily an agricultural town without touristic interest.,9c6ccac10fbd430bfa0be14e86fb832b0c5a9b6a0b6678295635f6d9a22ad1cb
distil_whisper_small,no_adapt,221,stage5ext_00885,bd50f6c0e65e80961fb044a2591721940ca6cd6836496cde2353e06259e959af9c47fa4fb6d9fa8b16cc5285e232f3543059af36f41495c786198bdfd83d4b88,Irish English,ireland,The family lives in Suffolk.,The family lives and suffer.,9c6ccac10fbd430bfa0be14e86fb832b0c5a9b6a0b6678295635f6d9a22ad1cb
distil_whisper_small,no_adapt,221,stage5ext_00886,298c0f3d5e3352df02aa3a6a7a132199f93bdccf8457a134e6133cb2cf9bc435869f9e0ed6068a4152cdd933c02fc02573e8a2d6c12bcf52810d8ab52fd60a33,Irish English,ireland,A rag will soak up spilled water.,A rag will soak up spilled water.,9c6ccac10fbd430bfa0be14e86fb832b0c5a9b6a0b6678295635f6d9a22ad1cb
distil_whisper_small,no_adapt,221,stage5ext_00887,298c0f3d5e3352df02aa3a6a7a132199f93bdccf8457a134e6133cb2cf9bc435869f9e0ed6068a4152cdd933c02fc02573e8a2d6c12bcf52810d8ab52fd60a33,Irish English,ireland,What's it all about?,What's it all about?,9c6ccac10fbd430bfa0be14e86fb832b0c5a9b6a0b6678295635f6d9a22ad1cb
distil_whisper_small,no_adapt,221,stage5ext_00888,298c0f3d5e3352df02aa3a6a7a132199f93bdccf8457a134e6133cb2cf9bc435869f9e0ed6068a4152cdd933c02fc02573e8a2d6c12bcf52810d8ab52fd60a33,Irish English,ireland,Little strokes fell great oaks.,Little strokes fell great oaks.,9c6ccac10fbd430bfa0be14e86fb832b0c5a9b6a0b6678295635f6d9a22ad1cb
distil_whisper_small,no_adapt,222,stage5ext_00889,298c0f3d5e3352df02aa3a6a7a132199f93bdccf8457a134e6133cb2cf9bc435869f9e0ed6068a4152cdd933c02fc02573e8a2d6c12bcf52810d8ab52fd60a33,Irish English,ireland,First impressions are the most lasting.,First impressions are the most lasting.,9c6ccac10fbd430bfa0be14e86fb832b0c5a9b6a0b6678295635f6d9a22ad1cb
distil_whisper_small,no_adapt,222,stage5ext_00890,298c0f3d5e3352df02aa3a6a7a132199f93bdccf8457a134e6133cb2cf9bc435869f9e0ed6068a4152cdd933c02fc02573e8a2d6c12bcf52810d8ab52fd60a33,Irish English,ireland,So you are saying that overpopulation will become an issue?,So you are saying that overpopulation will become an issue.,9c6ccac10fbd430bfa0be14e86fb832b0c5a9b6a0b6678295635f6d9a22ad1cb
distil_whisper_small,no_adapt,222,stage5ext_00891,298c0f3d5e3352df02aa3a6a7a132199f93bdccf8457a134e6133cb2cf9bc435869f9e0ed6068a4152cdd933c02fc02573e8a2d6c12bcf52810d8ab52fd60a33,Irish English,ireland,Stop beating around the bush.,Stop beating around the bush.,9c6ccac10fbd430bfa0be14e86fb832b0c5a9b6a0b6678295635f6d9a22ad1cb
distil_whisper_small,no_adapt,222,stage5ext_00892,298c0f3d5e3352df02aa3a6a7a132199f93bdccf8457a134e6133cb2cf9bc435869f9e0ed6068a4152cdd933c02fc02573e8a2d6c12bcf52810d8ab52fd60a33,Irish English,ireland,The cat sat on the fence.,The cats sat on the fence.,9c6ccac10fbd430bfa0be14e86fb832b0c5a9b6a0b6678295635f6d9a22ad1cb
distil_whisper_small,no_adapt,223,stage5ext_00893,298c0f3d5e3352df02aa3a6a7a132199f93bdccf8457a134e6133cb2cf9bc435869f9e0ed6068a4152cdd933c02fc02573e8a2d6c12bcf52810d8ab52fd60a33,Irish English,ireland,That is unlikely considering it has his name on it.,That is unlikely considering it has his name on it.,9c6ccac10fbd430bfa0be14e86fb832b0c5a9b6a0b6678295635f6d9a22ad1cb
distil_whisper_small,no_adapt,223,stage5ext_00894,298c0f3d5e3352df02aa3a6a7a132199f93bdccf8457a134e6133cb2cf9bc435869f9e0ed6068a4152cdd933c02fc02573e8a2d6c12bcf52810d8ab52fd60a33,Irish English,ireland,Loop the braid to the left and then over.,loop the bridge to the left and then over.,9c6ccac10fbd430bfa0be14e86fb832b0c5a9b6a0b6678295635f6d9a22ad1cb
distil_whisper_small,no_adapt,223,stage5ext_00895,298c0f3d5e3352df02aa3a6a7a132199f93bdccf8457a134e6133cb2cf9bc435869f9e0ed6068a4152cdd933c02fc02573e8a2d6c12bcf52810d8ab52fd60a33,Irish English,ireland,Tranquillity is the first duty of citizens,Tranquility is the first duty of citizens.,9c6ccac10fbd430bfa0be14e86fb832b0c5a9b6a0b6678295635f6d9a22ad1cb
distil_whisper_small,no_adapt,223,stage5ext_00896,298c0f3d5e3352df02aa3a6a7a132199f93bdccf8457a134e6133cb2cf9bc435869f9e0ed6068a4152cdd933c02fc02573e8a2d6c12bcf52810d8ab52fd60a33,Irish English,ireland,"Forget it, there is no such thing.",Forget it. There is no such thing.,9c6ccac10fbd430bfa0be14e86fb832b0c5a9b6a0b6678295635f6d9a22ad1cb
distil_whisper_small,no_adapt,224,stage5ext_00897,298c0f3d5e3352df02aa3a6a7a132199f93bdccf8457a134e6133cb2cf9bc435869f9e0ed6068a4152cdd933c02fc02573e8a2d6c12bcf52810d8ab52fd60a33,Irish English,ireland,The wreck occurred by the bank on Main Street.,The wreck occurred by the bank on Main Street.,9c6ccac10fbd430bfa0be14e86fb832b0c5a9b6a0b6678295635f6d9a22ad1cb
distil_whisper_small,no_adapt,224,stage5ext_00898,298c0f3d5e3352df02aa3a6a7a132199f93bdccf8457a134e6133cb2cf9bc435869f9e0ed6068a4152cdd933c02fc02573e8a2d6c12bcf52810d8ab52fd60a33,Irish English,ireland,It dribbled down the fridge.,It drippled on the fridge.,9c6ccac10fbd430bfa0be14e86fb832b0c5a9b6a0b6678295635f6d9a22ad1cb
distil_whisper_small,no_adapt,224,stage5ext_00899,298c0f3d5e3352df02aa3a6a7a132199f93bdccf8457a134e6133cb2cf9bc435869f9e0ed6068a4152cdd933c02fc02573e8a2d6c12bcf52810d8ab52fd60a33,Irish English,ireland,Variations on a musical air With great rapidity,Variations on a musical air with great rapidity.,9c6ccac10fbd430bfa0be14e86fb832b0c5a9b6a0b6678295635f6d9a22ad1cb
distil_whisper_small,no_adapt,224,stage5ext_00900,298c0f3d5e3352df02aa3a6a7a132199f93bdccf8457a134e6133cb2cf9bc435869f9e0ed6068a4152cdd933c02fc02573e8a2d6c12bcf52810d8ab52fd60a33,Irish English,ireland,He could not help it.,He could not help it.,9c6ccac10fbd430bfa0be14e86fb832b0c5a9b6a0b6678295635f6d9a22ad1cb
