model_key,method,window_id,recording_id,speaker_id,group_id,stratum_code,reference_raw,hypothesis_raw,theta_hash
hubert_large,suta,0,stage5ext_00001,c90b53f826ff81831f6499b9e1e98607e8b2c0f8bbaf8be1bf62bf27dc7ff887bd734b9a4cee852af2d1acda3e479781d7c5a8b1633407b705905c4b5049cb35,US English,us,I got drunk yesterday and thought I built a super computer.,I GOT DRUNK YESTERDAY AND THOUGHT I BUILT A SUPER COMPUTER,b66fe981c164d3e71acc1963ac54e957a0b9a2e2ea15982dbd835f65a34a008e
hubert_large,suta,0,stage5ext_00002,c90b53f826ff81831f6499b9e1e98607e8b2c0f8bbaf8be1bf62bf27dc7ff887bd734b9a4cee852af2d1acda3e479781d7c5a8b1633407b705905c4b5049cb35,US English,us,"Every file had the letter ""A"" printed on the front.",EVERY FILE HAD THE LETTER A PRINTED IN THE FRONT,b66fe981c164d3e71acc1963ac54e957a0b9a2e2ea15982dbd835f65a34a008e
hubert_large,suta,0,stage5ext_00003,c90b53f826ff81831f6499b9e1e98607e8b2c0f8bbaf8be1bf62bf27dc7ff887bd734b9a4cee852af2d1acda3e479781d7c5a8b1633407b705905c4b5049cb35,US English,us,I'm not familiar with the books this author wrote.,I'M NOT FAMILIAR WITH THE BOOKS THIS AUTHOR WROTE,b66fe981c164d3e71acc1963ac54e957a0b9a2e2ea15982dbd835f65a34a008e
hubert_large,suta,0,stage5ext_00004,c90b53f826ff81831f6499b9e1e98607e8b2c0f8bbaf8be1bf62bf27dc7ff887bd734b9a4cee852af2d1acda3e479781d7c5a8b1633407b705905c4b5049cb35,US English,us,Take a couple of seconds.,TAKE A COUPLE OF SECONDS,b66fe981c164d3e71acc1963ac54e957a0b9a2e2ea15982dbd835f65a34a008e
hubert_large,suta,1,stage5ext_00005,c90b53f826ff81831f6499b9e1e98607e8b2c0f8bbaf8be1bf62bf27dc7ff887bd734b9a4cee852af2d1acda3e479781d7c5a8b1633407b705905c4b5049cb35,US English,us,But I sort of like him.,BUT I SORT OF LIKE HIM,4224bb6fe4116e44981a732151cbf6c91347bb8cf7234723cfcb1ba764c0b252
hubert_large,suta,1,stage5ext_00006,c90b53f826ff81831f6499b9e1e98607e8b2c0f8bbaf8be1bf62bf27dc7ff887bd734b9a4cee852af2d1acda3e479781d7c5a8b1633407b705905c4b5049cb35,US English,us,I'll be a monkey's uncle!,I'LL BE A MONKEY'S UNCLE,4224bb6fe4116e44981a732151cbf6c91347bb8cf7234723cfcb1ba764c0b252
hubert_large,suta,1,stage5ext_00007,c90b53f826ff81831f6499b9e1e98607e8b2c0f8bbaf8be1bf62bf27dc7ff887bd734b9a4cee852af2d1acda3e479781d7c5a8b1633407b705905c4b5049cb35,US English,us,Is it for further automatic processing?,IS IT FOR FURTHER AUTOMATIC PROCESSING,4224bb6fe4116e44981a732151cbf6c91347bb8cf7234723cfcb1ba764c0b252
hubert_large,suta,1,stage5ext_00008,c90b53f826ff81831f6499b9e1e98607e8b2c0f8bbaf8be1bf62bf27dc7ff887bd734b9a4cee852af2d1acda3e479781d7c5a8b1633407b705905c4b5049cb35,US English,us,I don't like coconuts.,I DON'T LIKE COLGA NUTS,4224bb6fe4116e44981a732151cbf6c91347bb8cf7234723cfcb1ba764c0b252
hubert_large,suta,2,stage5ext_00009,c90b53f826ff81831f6499b9e1e98607e8b2c0f8bbaf8be1bf62bf27dc7ff887bd734b9a4cee852af2d1acda3e479781d7c5a8b1633407b705905c4b5049cb35,US English,us,He hunched his back and plodded through the heavy rain.,HE HUNCHED HIS BACK AND PLODDED THROUGH THE HEAVY RAIN,2bb93d491f6a921d5afb1b26999e1cf9c656b5916b86d15169e7a4662f1773e2
hubert_large,suta,2,stage5ext_00010,c90b53f826ff81831f6499b9e1e98607e8b2c0f8bbaf8be1bf62bf27dc7ff887bd734b9a4cee852af2d1acda3e479781d7c5a8b1633407b705905c4b5049cb35,US English,us,Are you running a business or a charity ward?,ARE YOU RUNNING A BUSINESS OR A CHARITY WARD,2bb93d491f6a921d5afb1b26999e1cf9c656b5916b86d15169e7a4662f1773e2
hubert_large,suta,2,stage5ext_00011,c90b53f826ff81831f6499b9e1e98607e8b2c0f8bbaf8be1bf62bf27dc7ff887bd734b9a4cee852af2d1acda3e479781d7c5a8b1633407b705905c4b5049cb35,US English,us,There were lights in the upper windows of the houses when the people went to bed.,THERE WERE LIGHTS IN THE UPPER WINDOWS OF THE HOUSES WHEN THE PEOPLE WENT TO BED,2bb93d491f6a921d5afb1b26999e1cf9c656b5916b86d15169e7a4662f1773e2
hubert_large,suta,2,stage5ext_00012,c90b53f826ff81831f6499b9e1e98607e8b2c0f8bbaf8be1bf62bf27dc7ff887bd734b9a4cee852af2d1acda3e479781d7c5a8b1633407b705905c4b5049cb35,US English,us,On warm days and when doing sports you should drink more.,ON WARM DAYS AND WHEN DOING SPORTS YOU SHOULD DRINK MORE,2bb93d491f6a921d5afb1b26999e1cf9c656b5916b86d15169e7a4662f1773e2
hubert_large,suta,3,stage5ext_00013,c90b53f826ff81831f6499b9e1e98607e8b2c0f8bbaf8be1bf62bf27dc7ff887bd734b9a4cee852af2d1acda3e479781d7c5a8b1633407b705905c4b5049cb35,US English,us,"At once, he connected the two incidents.",AT ONCE HE CONNECTED THE TWO INCIDENTS,06fd88bfb65f7bf2a9be8354ec75eda8da9fb664dcacca658231024ac824c682
hubert_large,suta,3,stage5ext_00014,c90b53f826ff81831f6499b9e1e98607e8b2c0f8bbaf8be1bf62bf27dc7ff887bd734b9a4cee852af2d1acda3e479781d7c5a8b1633407b705905c4b5049cb35,US English,us,A pox upon me for a clumsy thing.,A PUX UPON ME FOR A CLUMSY THING,06fd88bfb65f7bf2a9be8354ec75eda8da9fb664dcacca658231024ac824c682
hubert_large,suta,3,stage5ext_00015,c90b53f826ff81831f6499b9e1e98607e8b2c0f8bbaf8be1bf62bf27dc7ff887bd734b9a4cee852af2d1acda3e479781d7c5a8b1633407b705905c4b5049cb35,US English,us,Are you sure that Joe case is going on next week?,ARE YOU SURE THAT JO CASE IS GOING ON NEXT WEEK,06fd88bfb65f7bf2a9be8354ec75eda8da9fb664dcacca658231024ac824c682
hubert_large,suta,3,stage5ext_00016,57d6c1695947f141cd774bb8c8435e7e20bc7b2a83cd78ef5db4e546fb137b56b44617942cb1a58e017af6161f63d53cdf17fa4f9dcb830bfc0518e94b214837,US English,us,"When you're at a party and somebody says ""banana bread"", a sniper might be near you.",WHEN YOU ARE AT A PARTY AND SOMEBODY SAYS BENANNA BRED SNIPER MIGHT BE NEAR YOU,06fd88bfb65f7bf2a9be8354ec75eda8da9fb664dcacca658231024ac824c682
hubert_large,suta,4,stage5ext_00017,57d6c1695947f141cd774bb8c8435e7e20bc7b2a83cd78ef5db4e546fb137b56b44617942cb1a58e017af6161f63d53cdf17fa4f9dcb830bfc0518e94b214837,US English,us,"It was not clear who had the right of way, since the traffic lights were off.",IT WAS NOT CLEAR WHO HAD THE RIGHT OF WEY SINCE THE TRAFFIC LIGHTS WERE OFF,89c018191570d5355bd99f7e5d0f8a0d1f12b6bac404018fbc2d05bbb7ace804
hubert_large,suta,4,stage5ext_00018,57d6c1695947f141cd774bb8c8435e7e20bc7b2a83cd78ef5db4e546fb137b56b44617942cb1a58e017af6161f63d53cdf17fa4f9dcb830bfc0518e94b214837,US English,us,What did you do it for?,WHAT DID YOU DO IT FOR,89c018191570d5355bd99f7e5d0f8a0d1f12b6bac404018fbc2d05bbb7ace804
hubert_large,suta,4,stage5ext_00019,57d6c1695947f141cd774bb8c8435e7e20bc7b2a83cd78ef5db4e546fb137b56b44617942cb1a58e017af6161f63d53cdf17fa4f9dcb830bfc0518e94b214837,US English,us,"James Watt didn't invent the steam engine, but he improved it significantly.",HAMAS WAT DIDN'T INVENT A STEAM ENGINE BUT HE IMPROVED IT SIGNIFICANTLY,89c018191570d5355bd99f7e5d0f8a0d1f12b6bac404018fbc2d05bbb7ace804
hubert_large,suta,4,stage5ext_00020,57d6c1695947f141cd774bb8c8435e7e20bc7b2a83cd78ef5db4e546fb137b56b44617942cb1a58e017af6161f63d53cdf17fa4f9dcb830bfc0518e94b214837,US English,us,"When he got the call, Ali ran out of the store, down the street, and into the car.",WHEN HE GOT THE CAR ALI RAN OUT OF THE STORE DOWN THE STREET AND INTO THE CAR,89c018191570d5355bd99f7e5d0f8a0d1f12b6bac404018fbc2d05bbb7ace804
hubert_large,suta,5,stage5ext_00021,57d6c1695947f141cd774bb8c8435e7e20bc7b2a83cd78ef5db4e546fb137b56b44617942cb1a58e017af6161f63d53cdf17fa4f9dcb830bfc0518e94b214837,US English,us,What has become of him?,WHAT HAS BECOME OF HIM,5ad5f116ef68a8d740c1d8419fe394ab057f61dc6a10c52432b0c8fdf482a1b9
hubert_large,suta,5,stage5ext_00022,57d6c1695947f141cd774bb8c8435e7e20bc7b2a83cd78ef5db4e546fb137b56b44617942cb1a58e017af6161f63d53cdf17fa4f9dcb830bfc0518e94b214837,US English,us,"After the dance, they went straight home.",AFTER THE DANCE THEY WENT STRAIGHT O,5ad5f116ef68a8d740c1d8419fe394ab057f61dc6a10c52432b0c8fdf482a1b9
hubert_large,suta,5,stage5ext_00023,57d6c1695947f141cd774bb8c8435e7e20bc7b2a83cd78ef5db4e546fb137b56b44617942cb1a58e017af6161f63d53cdf17fa4f9dcb830bfc0518e94b214837,US English,us,"Jellyfish can cause serious injuries, the physician explained to the patient.",JELLO FISH CAN CAUSE SERIOUS INJURIES THE PHYSICIAN EXPLAINED TO THE PATIENT,5ad5f116ef68a8d740c1d8419fe394ab057f61dc6a10c52432b0c8fdf482a1b9
hubert_large,suta,5,stage5ext_00024,57d6c1695947f141cd774bb8c8435e7e20bc7b2a83cd78ef5db4e546fb137b56b44617942cb1a58e017af6161f63d53cdf17fa4f9dcb830bfc0518e94b214837,US English,us,"Writing, the best memory.",WRITING THE BEST MEMORY,5ad5f116ef68a8d740c1d8419fe394ab057f61dc6a10c52432b0c8fdf482a1b9
hubert_large,suta,6,stage5ext_00025,57d6c1695947f141cd774bb8c8435e7e20bc7b2a83cd78ef5db4e546fb137b56b44617942cb1a58e017af6161f63d53cdf17fa4f9dcb830bfc0518e94b214837,US English,us,What does she say?,WHAT DOES SHE SAY,87cf7c070b27dded25b37144800533a0b7c5efc87f0097e97d7a07a5ca12e07b
hubert_large,suta,6,stage5ext_00026,57d6c1695947f141cd774bb8c8435e7e20bc7b2a83cd78ef5db4e546fb137b56b44617942cb1a58e017af6161f63d53cdf17fa4f9dcb830bfc0518e94b214837,US English,us,What do you want of me?,WHAT DO YOU WANT OF ME,87cf7c070b27dded25b37144800533a0b7c5efc87f0097e97d7a07a5ca12e07b
hubert_large,suta,6,stage5ext_00027,57d6c1695947f141cd774bb8c8435e7e20bc7b2a83cd78ef5db4e546fb137b56b44617942cb1a58e017af6161f63d53cdf17fa4f9dcb830bfc0518e94b214837,US English,us,Why do people even eat peanut butter and jelly?,WHY DO PEOPLE EVEN EAT PEANUT BUTTER AND JELLY,87cf7c070b27dded25b37144800533a0b7c5efc87f0097e97d7a07a5ca12e07b
hubert_large,suta,6,stage5ext_00028,57d6c1695947f141cd774bb8c8435e7e20bc7b2a83cd78ef5db4e546fb137b56b44617942cb1a58e017af6161f63d53cdf17fa4f9dcb830bfc0518e94b214837,US English,us,But what can I do?,BUT WHAT CAN I DO,87cf7c070b27dded25b37144800533a0b7c5efc87f0097e97d7a07a5ca12e07b
hubert_large,suta,7,stage5ext_00029,57d6c1695947f141cd774bb8c8435e7e20bc7b2a83cd78ef5db4e546fb137b56b44617942cb1a58e017af6161f63d53cdf17fa4f9dcb830bfc0518e94b214837,US English,us,What is the meaning of this?,WHAT IS THE MEANING OF THIS,eb08924f231a3db375084bbef054c240ed133b443b995d35f12344e6ae6313a4
hubert_large,suta,7,stage5ext_00030,57d6c1695947f141cd774bb8c8435e7e20bc7b2a83cd78ef5db4e546fb137b56b44617942cb1a58e017af6161f63d53cdf17fa4f9dcb830bfc0518e94b214837,US English,us,What does he look like?,WHAT DOES HE LOOK LIKE,eb08924f231a3db375084bbef054c240ed133b443b995d35f12344e6ae6313a4
hubert_large,suta,7,stage5ext_00031,d477a12247cce9a9c0954e6ee3ae16aed2930112fa26700f19af15658b5c71e2dc818d72e0034c8181da642cabf8f6c15f4d900b88bcab83d583944934f4c237,US English,us,Albert's rule was characterised by dissent.,ALBERT'S RULE WAS CHARACTERIZED BY DESCENT,eb08924f231a3db375084bbef054c240ed133b443b995d35f12344e6ae6313a4
hubert_large,suta,7,stage5ext_00032,d477a12247cce9a9c0954e6ee3ae16aed2930112fa26700f19af15658b5c71e2dc818d72e0034c8181da642cabf8f6c15f4d900b88bcab83d583944934f4c237,US English,us,Because of Jesus' command to his disciples to Do this in remembrance of me.,BECAUSE OF JESUS COMMAND TO HIS DISCIPLES TO DO THIS IN REMEMBRANCE OF ME,eb08924f231a3db375084bbef054c240ed133b443b995d35f12344e6ae6313a4
hubert_large,suta,8,stage5ext_00033,d477a12247cce9a9c0954e6ee3ae16aed2930112fa26700f19af15658b5c71e2dc818d72e0034c8181da642cabf8f6c15f4d900b88bcab83d583944934f4c237,US English,us,"Adkins contributed to numerous other fan publications, including ""Amra"", ""Vega"" and ""Xero"".",ATKINS CONTRIBUTED TO NUMEROUS OTHER FAN PUBLICATIONS INCLUDING AMERA VAGA AND ZERO,c539cc7790c4b4ddd60b3c3863a2358a10533bfbbed5d629ddb1dfaab9869eef
hubert_large,suta,8,stage5ext_00034,d477a12247cce9a9c0954e6ee3ae16aed2930112fa26700f19af15658b5c71e2dc818d72e0034c8181da642cabf8f6c15f4d900b88bcab83d583944934f4c237,US English,us,The film image at this section of the newsreel is that of Hitler.,THE FILM IMAGE AT THIS SECTION OF THE NEWS REEL IS THAT OF HITLER,c539cc7790c4b4ddd60b3c3863a2358a10533bfbbed5d629ddb1dfaab9869eef
hubert_large,suta,8,stage5ext_00035,d477a12247cce9a9c0954e6ee3ae16aed2930112fa26700f19af15658b5c71e2dc818d72e0034c8181da642cabf8f6c15f4d900b88bcab83d583944934f4c237,US English,us,One of the company's early cars was the Pittsburgher.,ONE OF THE COMPANY'S EARLY CARS WAS THE PITTSBURGER,c539cc7790c4b4ddd60b3c3863a2358a10533bfbbed5d629ddb1dfaab9869eef
hubert_large,suta,8,stage5ext_00036,d477a12247cce9a9c0954e6ee3ae16aed2930112fa26700f19af15658b5c71e2dc818d72e0034c8181da642cabf8f6c15f4d900b88bcab83d583944934f4c237,US English,us,"Compare also Philo, Leg.",COMPARE ALSO FILO LEG,c539cc7790c4b4ddd60b3c3863a2358a10533bfbbed5d629ddb1dfaab9869eef
hubert_large,suta,9,stage5ext_00037,d477a12247cce9a9c0954e6ee3ae16aed2930112fa26700f19af15658b5c71e2dc818d72e0034c8181da642cabf8f6c15f4d900b88bcab83d583944934f4c237,US English,us,"Sir Charles Beaumont Phipps and his third, Edmund Phipps, a lawyer and author.",SIR CHARLES BEAUMONT PHIPPS AND HIS THIRD EDMUND PHIPPS A LAWYER AND AUTHOR,585bf810d2023c3439fd405a0d957ad5ccb4df5ff8610a2295a11fe75d42c2ae
hubert_large,suta,9,stage5ext_00038,d477a12247cce9a9c0954e6ee3ae16aed2930112fa26700f19af15658b5c71e2dc818d72e0034c8181da642cabf8f6c15f4d900b88bcab83d583944934f4c237,US English,us,Just behind the church is the old bridge.,JUST BEHIND THE CHURCH IS THE OLD BRIDGE,585bf810d2023c3439fd405a0d957ad5ccb4df5ff8610a2295a11fe75d42c2ae
hubert_large,suta,9,stage5ext_00039,d477a12247cce9a9c0954e6ee3ae16aed2930112fa26700f19af15658b5c71e2dc818d72e0034c8181da642cabf8f6c15f4d900b88bcab83d583944934f4c237,US English,us,This feature forces parasitologists to use advanced biostatistical methodologies.,THIS FEATURE FORCES PARASITOLOGISTS TO USE ADVANCED BIOSTATISTICAL METHODOLOGIES,585bf810d2023c3439fd405a0d957ad5ccb4df5ff8610a2295a11fe75d42c2ae
hubert_large,suta,9,stage5ext_00040,d477a12247cce9a9c0954e6ee3ae16aed2930112fa26700f19af15658b5c71e2dc818d72e0034c8181da642cabf8f6c15f4d900b88bcab83d583944934f4c237,US English,us,Dairy farming is an important industry in the area.,DAIRY FARMING IS AN IMPORTANT INDUSTRY IN THE AREA,585bf810d2023c3439fd405a0d957ad5ccb4df5ff8610a2295a11fe75d42c2ae
hubert_large,suta,10,stage5ext_00041,d477a12247cce9a9c0954e6ee3ae16aed2930112fa26700f19af15658b5c71e2dc818d72e0034c8181da642cabf8f6c15f4d900b88bcab83d583944934f4c237,US English,us,Sagan's number is the number of stars in the observable universe.,SAGON'S NUMBER IS THE NUMBER OF STARS IN THE OBSERVABLE UNIVERSE,cecf0452f084cdec309cbb2905f75dfaca40ea43e2290d224f5e9555a43ebe63
hubert_large,suta,10,stage5ext_00042,d477a12247cce9a9c0954e6ee3ae16aed2930112fa26700f19af15658b5c71e2dc818d72e0034c8181da642cabf8f6c15f4d900b88bcab83d583944934f4c237,US English,us,He went to Providence Elementary and Webster County High School.,HE WENT TO PROVIDENCE ELEMENTARY AND WEBSTER COUNTY HIGH SCHOOL,cecf0452f084cdec309cbb2905f75dfaca40ea43e2290d224f5e9555a43ebe63
hubert_large,suta,10,stage5ext_00043,d477a12247cce9a9c0954e6ee3ae16aed2930112fa26700f19af15658b5c71e2dc818d72e0034c8181da642cabf8f6c15f4d900b88bcab83d583944934f4c237,US English,us,Doctor Rodd received her Ph.D. in Biology from York University in Toronto.,DOCTOR RAUD RECEIVED HER P H D IN BIOLOGY FROM YORK UNIVERSITY IN TORONTO,cecf0452f084cdec309cbb2905f75dfaca40ea43e2290d224f5e9555a43ebe63
hubert_large,suta,10,stage5ext_00044,d477a12247cce9a9c0954e6ee3ae16aed2930112fa26700f19af15658b5c71e2dc818d72e0034c8181da642cabf8f6c15f4d900b88bcab83d583944934f4c237,US English,us,One of the largest was Starodubaka.,ONE OF THE LARGEST WAS STORO DUBACA,cecf0452f084cdec309cbb2905f75dfaca40ea43e2290d224f5e9555a43ebe63
hubert_large,suta,11,stage5ext_00045,d477a12247cce9a9c0954e6ee3ae16aed2930112fa26700f19af15658b5c71e2dc818d72e0034c8181da642cabf8f6c15f4d900b88bcab83d583944934f4c237,US English,us,It is based on the concept of 'equivalence'.,IT IS BASED ON THE CONCEPT OF EQUIVALENTS,4ca167831c2ac9999feb88638586798d7c81178f0baacee58faa96ffe2a7fbb3
hubert_large,suta,11,stage5ext_00046,afd10118899991b7e4af3edddf0c749daf768b6669e68c04c2827d572d39771015c17ec7fd8143657ba077a731375c6fa34f2012588f8cb1b78d923a01178ac7,US English,us,"Excerpts were also printed in the ""Wall Street Journal"".",AS CEREFO OFTEN PRINTED IN THE LARD F FURM,4ca167831c2ac9999feb88638586798d7c81178f0baacee58faa96ffe2a7fbb3
hubert_large,suta,11,stage5ext_00047,afd10118899991b7e4af3edddf0c749daf768b6669e68c04c2827d572d39771015c17ec7fd8143657ba077a731375c6fa34f2012588f8cb1b78d923a01178ac7,US English,us,She also sits on the Board of Directors for the Canada West Foundation.,HE OFFERE GIVE HIM A BOAD OF TERACE BORD WITH NONEOFA DU FANDATON,4ca167831c2ac9999feb88638586798d7c81178f0baacee58faa96ffe2a7fbb3
hubert_large,suta,11,stage5ext_00048,afd10118899991b7e4af3edddf0c749daf768b6669e68c04c2827d572d39771015c17ec7fd8143657ba077a731375c6fa34f2012588f8cb1b78d923a01178ac7,US English,us,"Like other opioid drugs, pethidine has the potential to cause physical dependence or addiction.",LIKE OTHER OPIR DRUVS PECITIN HAS THE PRETENSIAL TO CAUSE PHYSICAL DEPENDENCE OR EDIPTION,4ca167831c2ac9999feb88638586798d7c81178f0baacee58faa96ffe2a7fbb3
hubert_large,suta,12,stage5ext_00049,afd10118899991b7e4af3edddf0c749daf768b6669e68c04c2827d572d39771015c17ec7fd8143657ba077a731375c6fa34f2012588f8cb1b78d923a01178ac7,US English,us,"He was interested in sciences, and had a sizable library.",THE AS IMPLICITLY SONER AND HAD TA SODO THE LIBRARY,3e744730597a2ef670df27ebc16fc8582e58260163a38453eda43956e9792118
hubert_large,suta,12,stage5ext_00050,afd10118899991b7e4af3edddf0c749daf768b6669e68c04c2827d572d39771015c17ec7fd8143657ba077a731375c6fa34f2012588f8cb1b78d923a01178ac7,US English,us,The addition would become known on-air as Television Park.,THE ADDITION WOULD BECOME KNOWN ON AIR AS TELEVISION PARK,3e744730597a2ef670df27ebc16fc8582e58260163a38453eda43956e9792118
hubert_large,suta,12,stage5ext_00051,afd10118899991b7e4af3edddf0c749daf768b6669e68c04c2827d572d39771015c17ec7fd8143657ba077a731375c6fa34f2012588f8cb1b78d923a01178ac7,US English,us,"However, molecular studies separate ""Gromia"" from the others, which must therefore be renamed.",HOWEVER MOLECULAR STEDY SEPARATE GUOMIA FROM THE OTHER IT MUST THEREFORE BE REMANED,3e744730597a2ef670df27ebc16fc8582e58260163a38453eda43956e9792118
hubert_large,suta,12,stage5ext_00052,afd10118899991b7e4af3edddf0c749daf768b6669e68c04c2827d572d39771015c17ec7fd8143657ba077a731375c6fa34f2012588f8cb1b78d923a01178ac7,US English,us,It was named for the Dakota people.,IT WAS NAMED FOR THE DAKOTA PEOPLE,3e744730597a2ef670df27ebc16fc8582e58260163a38453eda43956e9792118
hubert_large,suta,13,stage5ext_00053,afd10118899991b7e4af3edddf0c749daf768b6669e68c04c2827d572d39771015c17ec7fd8143657ba077a731375c6fa34f2012588f8cb1b78d923a01178ac7,US English,us,"The song is featured on the live album ""Live Killers"".",THE SONG IS FEATURED ON THE LIVE ALBUM LIVE KILLERS,08a9b3766c47372863fa714b4171d256f91e946ba11164c413923f53478b483f
hubert_large,suta,13,stage5ext_00054,afd10118899991b7e4af3edddf0c749daf768b6669e68c04c2827d572d39771015c17ec7fd8143657ba077a731375c6fa34f2012588f8cb1b78d923a01178ac7,US English,us,"On some folios, the differing colors of ink are arranged to form geometric patterns.",ON SOME FOLIOS THE DIFFERING COLORS OF INK ARE ARRANGED TO FORM GEOMETRIC PATTERNS,08a9b3766c47372863fa714b4171d256f91e946ba11164c413923f53478b483f
hubert_large,suta,13,stage5ext_00055,afd10118899991b7e4af3edddf0c749daf768b6669e68c04c2827d572d39771015c17ec7fd8143657ba077a731375c6fa34f2012588f8cb1b78d923a01178ac7,US English,us,This handy percussion instrument is very similar to the pan-Indian damaru.,THIS HANDY PRECUSSION INSTRUMENT IS VERY SIMILAR TO THE PAN INDIAN DAMAROO,08a9b3766c47372863fa714b4171d256f91e946ba11164c413923f53478b483f
hubert_large,suta,13,stage5ext_00056,afd10118899991b7e4af3edddf0c749daf768b6669e68c04c2827d572d39771015c17ec7fd8143657ba077a731375c6fa34f2012588f8cb1b78d923a01178ac7,US English,us,The Louisville Cardinal serves as an outlet and learning experience for aspiring journalists.,THE LEMEGAL CARDINAL SERVED FOR  OUTLET IN THE LONDON BETE E FION GELE,08a9b3766c47372863fa714b4171d256f91e946ba11164c413923f53478b483f
hubert_large,suta,14,stage5ext_00057,afd10118899991b7e4af3edddf0c749daf768b6669e68c04c2827d572d39771015c17ec7fd8143657ba077a731375c6fa34f2012588f8cb1b78d923a01178ac7,US English,us,A distinctive feature of the system was support for Coaching.,THE DISTINTIVE FATURE OF THE SYSTOM WILL SUPPORT TE TICTION,3f48507ab227b553a312fe9864446c76d841280039875b86f47f6ec5a137caf7
hubert_large,suta,14,stage5ext_00058,afd10118899991b7e4af3edddf0c749daf768b6669e68c04c2827d572d39771015c17ec7fd8143657ba077a731375c6fa34f2012588f8cb1b78d923a01178ac7,US English,us,There was no heroism and no villainy.,THERE IS NO HERISIN IN NEIGHBORLAND,3f48507ab227b553a312fe9864446c76d841280039875b86f47f6ec5a137caf7
hubert_large,suta,14,stage5ext_00059,afd10118899991b7e4af3edddf0c749daf768b6669e68c04c2827d572d39771015c17ec7fd8143657ba077a731375c6fa34f2012588f8cb1b78d923a01178ac7,US English,us,Ground was broken for Saint Ann's Church in New Galilee.,GROUND WAS BROKEN FOR SAINT ANNE'S CHURCH IN NEW GALILEE,3f48507ab227b553a312fe9864446c76d841280039875b86f47f6ec5a137caf7
hubert_large,suta,14,stage5ext_00060,afd10118899991b7e4af3edddf0c749daf768b6669e68c04c2827d572d39771015c17ec7fd8143657ba077a731375c6fa34f2012588f8cb1b78d923a01178ac7,US English,us,To the east is the statue of King Norodom sits on a white horse.,TO THE EAST IS THE STATUE OF KING NORIDAM SITS ON A WHITE HORSE,3f48507ab227b553a312fe9864446c76d841280039875b86f47f6ec5a137caf7
hubert_large,suta,15,stage5ext_00061,264ab06df2796194c32a09afcb46bc2cbad9165d564f7d08af3b830436d4b292cec680793da0f1fea42128c902e8f92ba59717fcaa074c604a2bae440800743b,US English,us,There can also be underlying medical reasons for urinary incontinence which are often treatable.,THERE CAN ALSO BE UNDERLYING MEDICAL REASONS FOR URINARY INCONTINENCE WHICH ARE OFTEN TREATABLE,1b257cf1383ca95646d51f4649a91e3bdada2c705279d4cf0b60937b6e1529c6
hubert_large,suta,15,stage5ext_00062,264ab06df2796194c32a09afcb46bc2cbad9165d564f7d08af3b830436d4b292cec680793da0f1fea42128c902e8f92ba59717fcaa074c604a2bae440800743b,US English,us,PubChem consists of three dynamically growing primary databases.,PUB KEM CONSISTS OF THREE DYNAMICALLY GROWING PRIMARY DATA BASES,1b257cf1383ca95646d51f4649a91e3bdada2c705279d4cf0b60937b6e1529c6
hubert_large,suta,15,stage5ext_00063,264ab06df2796194c32a09afcb46bc2cbad9165d564f7d08af3b830436d4b292cec680793da0f1fea42128c902e8f92ba59717fcaa074c604a2bae440800743b,US English,us,"Europe, in particular ancient Greece, was the birthplace of Western civilization.",EUROPE IN PARTICULAR ANCIENT GREECE WAS THE BIRTHPLACE OF WESTERN CIVILIZATION,1b257cf1383ca95646d51f4649a91e3bdada2c705279d4cf0b60937b6e1529c6
hubert_large,suta,15,stage5ext_00064,264ab06df2796194c32a09afcb46bc2cbad9165d564f7d08af3b830436d4b292cec680793da0f1fea42128c902e8f92ba59717fcaa074c604a2bae440800743b,US English,us,It originally went through unincorporated small comminities such as Leslie and Arat.,IT ORIGINALLY WENT THROUGH UNINCORPORATED SMALL COMMUNITIES SUCH AS LEDLEY AND ARAT,1b257cf1383ca95646d51f4649a91e3bdada2c705279d4cf0b60937b6e1529c6
hubert_large,suta,16,stage5ext_00065,264ab06df2796194c32a09afcb46bc2cbad9165d564f7d08af3b830436d4b292cec680793da0f1fea42128c902e8f92ba59717fcaa074c604a2bae440800743b,US English,us,A self-homeomorphism is a homeomorphism of a topological space and itself.,A SELF HOMEOMORPHISM IS A HOMEOMORPHISM OF A TOPOLOGICAL SPACE AND ITSELF,85c353dfe97c2a3c6586420fbb0d35d6ac1f54962652bcb262181cff9d7a89f2
hubert_large,suta,16,stage5ext_00066,264ab06df2796194c32a09afcb46bc2cbad9165d564f7d08af3b830436d4b292cec680793da0f1fea42128c902e8f92ba59717fcaa074c604a2bae440800743b,US English,us,"Since that time, additional relationships have formed under the auspices of the town connection.",SINCE THAT TIME ADDITIONAL RELATIONSHIPS HAVE FORMED UNDER THE AUSPICES OF THE TOWN CONNECTION,85c353dfe97c2a3c6586420fbb0d35d6ac1f54962652bcb262181cff9d7a89f2
hubert_large,suta,16,stage5ext_00067,264ab06df2796194c32a09afcb46bc2cbad9165d564f7d08af3b830436d4b292cec680793da0f1fea42128c902e8f92ba59717fcaa074c604a2bae440800743b,US English,us,Local humane societies across the nation resisted.,LOCAL HUMANE SOCIETIES ACROSS THE NATION RESISTED,85c353dfe97c2a3c6586420fbb0d35d6ac1f54962652bcb262181cff9d7a89f2
hubert_large,suta,16,stage5ext_00068,264ab06df2796194c32a09afcb46bc2cbad9165d564f7d08af3b830436d4b292cec680793da0f1fea42128c902e8f92ba59717fcaa074c604a2bae440800743b,US English,us,"It specializes in care for stroke, cardiac and amputees patients needing rehabilitation needs.",IT SPECIALIZES IN CARE FOR STROKE CARDIAC AND AMPUTES PATIENTS NEEDING REHABILITATION NEEDS,85c353dfe97c2a3c6586420fbb0d35d6ac1f54962652bcb262181cff9d7a89f2
hubert_large,suta,17,stage5ext_00069,264ab06df2796194c32a09afcb46bc2cbad9165d564f7d08af3b830436d4b292cec680793da0f1fea42128c902e8f92ba59717fcaa074c604a2bae440800743b,US English,us,"“It’s extremely interesting,” Anne told Deborah.",IT'S EXTREMELY INTERESTING ANNE TOLD DEBORAH,f189eff7153e762c8fe33ee296d88d1ba1f7cf5c2df976685982bff522e50ad4
hubert_large,suta,17,stage5ext_00070,264ab06df2796194c32a09afcb46bc2cbad9165d564f7d08af3b830436d4b292cec680793da0f1fea42128c902e8f92ba59717fcaa074c604a2bae440800743b,US English,us,Grangeville enjoys close access to scenic and wildlife areas.,GRANGEVILLE ENJOYS CLOSE ACCESS TO SCENIC AND WILD LIFE AREAS,f189eff7153e762c8fe33ee296d88d1ba1f7cf5c2df976685982bff522e50ad4
hubert_large,suta,17,stage5ext_00071,264ab06df2796194c32a09afcb46bc2cbad9165d564f7d08af3b830436d4b292cec680793da0f1fea42128c902e8f92ba59717fcaa074c604a2bae440800743b,US English,us,He discovered that this was not the case.,HE DISCOVERED THAT THIS WAS NOT THE CASE,f189eff7153e762c8fe33ee296d88d1ba1f7cf5c2df976685982bff522e50ad4
hubert_large,suta,17,stage5ext_00072,264ab06df2796194c32a09afcb46bc2cbad9165d564f7d08af3b830436d4b292cec680793da0f1fea42128c902e8f92ba59717fcaa074c604a2bae440800743b,US English,us,There are four communities in Denmark with the same name.,THERE ARE FOUR COMMUNITIES IN DENMARK WITH THE SAME NAME,f189eff7153e762c8fe33ee296d88d1ba1f7cf5c2df976685982bff522e50ad4
hubert_large,suta,18,stage5ext_00073,264ab06df2796194c32a09afcb46bc2cbad9165d564f7d08af3b830436d4b292cec680793da0f1fea42128c902e8f92ba59717fcaa074c604a2bae440800743b,US English,us,He plays all three outfield positions.,HE PLAYS ALL THREE OUTFIELD POSITIONS,f5858220d7d83ec2ff272386c210b8344f43cb5af0f2fcd8cbb3555f9c225bfe
hubert_large,suta,18,stage5ext_00074,264ab06df2796194c32a09afcb46bc2cbad9165d564f7d08af3b830436d4b292cec680793da0f1fea42128c902e8f92ba59717fcaa074c604a2bae440800743b,US English,us,But supplies are almost nonexistent at the Checkmate base.,BUT SUPPLIES ARE ALMOST NONEXISTENT AT THE CHECKMATE BASE,f5858220d7d83ec2ff272386c210b8344f43cb5af0f2fcd8cbb3555f9c225bfe
hubert_large,suta,18,stage5ext_00075,264ab06df2796194c32a09afcb46bc2cbad9165d564f7d08af3b830436d4b292cec680793da0f1fea42128c902e8f92ba59717fcaa074c604a2bae440800743b,US English,us,"The section ""Of the Executive Power"" declared the powers of the executive power.",THE SECTION OF THE EXECUTIVE POWER DECLARED THE POWERS OF THE EXECUTIVE POWER,f5858220d7d83ec2ff272386c210b8344f43cb5af0f2fcd8cbb3555f9c225bfe
hubert_large,suta,18,stage5ext_00076,77600d1ea840721bc62cd5a1444822538c380c4255c3bb966d35e4c71344e0691303c4add4223e9fe842b24d65e08ae2e99c956f4acb898bff34adad75171112,US English,us,It is exacerbating inequalities.,IT IS EXASPERBATING INEQUALITIES,f5858220d7d83ec2ff272386c210b8344f43cb5af0f2fcd8cbb3555f9c225bfe
hubert_large,suta,19,stage5ext_00077,77600d1ea840721bc62cd5a1444822538c380c4255c3bb966d35e4c71344e0691303c4add4223e9fe842b24d65e08ae2e99c956f4acb898bff34adad75171112,US English,us,"Large numbers came from other countries of Latin America from Mexico to Uruguay, esp.",LARGE NUMBERS CAME FROM OTHER COUNTRIES OF LATIN AMERICA FROM MEXICO TO IROGUI ESPA,757acd13641c1851ba6a10611fd2a8e6bd2b1ae322fbec28f91db7b08c623b36
hubert_large,suta,19,stage5ext_00078,77600d1ea840721bc62cd5a1444822538c380c4255c3bb966d35e4c71344e0691303c4add4223e9fe842b24d65e08ae2e99c956f4acb898bff34adad75171112,US English,us,A pond's condition deteriorates when the bottom environment cannot support animal life.,A PON'S CONDITION DETERIORATES WHEN THE BOTTOM ENVIRONMENT CANNOT SUPPORT ANIMAL LIFE,757acd13641c1851ba6a10611fd2a8e6bd2b1ae322fbec28f91db7b08c623b36
hubert_large,suta,19,stage5ext_00079,77600d1ea840721bc62cd5a1444822538c380c4255c3bb966d35e4c71344e0691303c4add4223e9fe842b24d65e08ae2e99c956f4acb898bff34adad75171112,US English,us,The Chiemsee is located in the west of the district.,THE CHIM S IS LOCATED IN THE WEST OF THE DISTRICT,757acd13641c1851ba6a10611fd2a8e6bd2b1ae322fbec28f91db7b08c623b36
hubert_large,suta,19,stage5ext_00080,77600d1ea840721bc62cd5a1444822538c380c4255c3bb966d35e4c71344e0691303c4add4223e9fe842b24d65e08ae2e99c956f4acb898bff34adad75171112,US English,us,She was the daughter of Timothy and Ellen Noonan.,SHE WAS THE DAUGHTER OF TIMOTHY AND ELLEN NEUWNAN,757acd13641c1851ba6a10611fd2a8e6bd2b1ae322fbec28f91db7b08c623b36
hubert_large,suta,20,stage5ext_00081,77600d1ea840721bc62cd5a1444822538c380c4255c3bb966d35e4c71344e0691303c4add4223e9fe842b24d65e08ae2e99c956f4acb898bff34adad75171112,US English,us,"Collingwood was born in Britain but grew up in Sellersville, Pennsylvania.",COLLINGWOOD WAS BORN IN BRITAIN BUT GREW UP IN CELLERSVILLE PENNSYLVANIA,9f012071ec983c51e204a7712505c1383c679e88e26db0e9d2710b2b553910ca
hubert_large,suta,20,stage5ext_00082,77600d1ea840721bc62cd5a1444822538c380c4255c3bb966d35e4c71344e0691303c4add4223e9fe842b24d65e08ae2e99c956f4acb898bff34adad75171112,US English,us,It is also the language of most of the manuscripts of Welsh law.,IT IS ALSO THE LANGUAGE OF MOST OF THE MANUSCRIPTS OF WELSH LAW,9f012071ec983c51e204a7712505c1383c679e88e26db0e9d2710b2b553910ca
hubert_large,suta,20,stage5ext_00083,77600d1ea840721bc62cd5a1444822538c380c4255c3bb966d35e4c71344e0691303c4add4223e9fe842b24d65e08ae2e99c956f4acb898bff34adad75171112,US English,us,"He was educated at Emanuel School, the University of Southampton and University of Warwick.",HE WAS EDUCATED AT THE MANUAL SCHOOL THE UNIVERSITY OF SOUTHAMPTON AND UNIVERSITY OF WARWICK,9f012071ec983c51e204a7712505c1383c679e88e26db0e9d2710b2b553910ca
hubert_large,suta,20,stage5ext_00084,77600d1ea840721bc62cd5a1444822538c380c4255c3bb966d35e4c71344e0691303c4add4223e9fe842b24d65e08ae2e99c956f4acb898bff34adad75171112,US English,us,He introduced cushion seats in all unreserved compartments.,HE INTRODUCED CUSHION SEATS IN ALL UNRESERVED COMPARTMENTS,9f012071ec983c51e204a7712505c1383c679e88e26db0e9d2710b2b553910ca
hubert_large,suta,21,stage5ext_00085,77600d1ea840721bc62cd5a1444822538c380c4255c3bb966d35e4c71344e0691303c4add4223e9fe842b24d65e08ae2e99c956f4acb898bff34adad75171112,US English,us,It developed from the Pugwash Conferences on Science and World Affairs.,IT DEVELOPED FROM THE PUGWASH CONFERENCES ON SCIENCE AND WORLD AFFAIRS,700df52677fd1eb83fbc503f9d00c518326d9d6a97c17efcaf7baec762a435ae
hubert_large,suta,21,stage5ext_00086,77600d1ea840721bc62cd5a1444822538c380c4255c3bb966d35e4c71344e0691303c4add4223e9fe842b24d65e08ae2e99c956f4acb898bff34adad75171112,US English,us,"He has written seven Phillip Mercer books in the series, beginning with ""Vulcan's Forge"".",HE HAS WRITTEN SEVEN PHILIP MERCER BOOKS IN THE SERIES BEGINNING WITH VULCAN'S FORGE,700df52677fd1eb83fbc503f9d00c518326d9d6a97c17efcaf7baec762a435ae
hubert_large,suta,21,stage5ext_00087,77600d1ea840721bc62cd5a1444822538c380c4255c3bb966d35e4c71344e0691303c4add4223e9fe842b24d65e08ae2e99c956f4acb898bff34adad75171112,US English,us,"Like most other light jets, the Mustang is approved for single-pilot operation.",LIKE MOST OTHER LIGHT JETS THE MUSTANG IS APPROVED FOR SINGLE PILOT OPERATION,700df52677fd1eb83fbc503f9d00c518326d9d6a97c17efcaf7baec762a435ae
hubert_large,suta,21,stage5ext_00088,77600d1ea840721bc62cd5a1444822538c380c4255c3bb966d35e4c71344e0691303c4add4223e9fe842b24d65e08ae2e99c956f4acb898bff34adad75171112,US English,us,This is true for moduli of curves.,THIS IS TRUE FOR MODILI OF CURVES,700df52677fd1eb83fbc503f9d00c518326d9d6a97c17efcaf7baec762a435ae
hubert_large,suta,22,stage5ext_00089,77600d1ea840721bc62cd5a1444822538c380c4255c3bb966d35e4c71344e0691303c4add4223e9fe842b24d65e08ae2e99c956f4acb898bff34adad75171112,US English,us,"They were the sons of Frederick Law Olmsted, renowned architect of Central Park.",THEY WERE THE SONS OF FREDERICK LAW ALMSTEAD RENOWNED ARCHITECT OF CENTRAL PARK,1cc8c84a0e98444a13c9bba76ee04663b5a163b80b79d1e86e370342a22034b4
hubert_large,suta,22,stage5ext_00090,77600d1ea840721bc62cd5a1444822538c380c4255c3bb966d35e4c71344e0691303c4add4223e9fe842b24d65e08ae2e99c956f4acb898bff34adad75171112,US English,us,The voltage stability depends on the gas pressure.,THE VOLTAGE STABILITY DEPENDS ON THE GAS PRESSURE,1cc8c84a0e98444a13c9bba76ee04663b5a163b80b79d1e86e370342a22034b4
hubert_large,suta,22,stage5ext_00091,9f2c0b36708a80b9aba1604061b45c02ab3d559f33122d380b4f16df7ee264228b8ed084cc75539159c501c042dcd878c793f3c16eaf1b5d9a110cad98fa0a9e,US English,us,Empress Elizabeth sent him to Kiev to realize Rastrelli's design of Saint Andrew Church.,EMPRESS ELIZABETH SENT HIM TO KEAVE TO REALIZRUST PRELATES DESIGN OF SAINT ANDREW CHURCH,1cc8c84a0e98444a13c9bba76ee04663b5a163b80b79d1e86e370342a22034b4
hubert_large,suta,22,stage5ext_00092,9f2c0b36708a80b9aba1604061b45c02ab3d559f33122d380b4f16df7ee264228b8ed084cc75539159c501c042dcd878c793f3c16eaf1b5d9a110cad98fa0a9e,US English,us,Caulfield offers students a wide range of subjects in its academic curriculum.,CALLFIELD OFFERS STUDENTS A WIDE RANGE OF SUBJECTS IN ITS ACADEMIC CARRICULUM,1cc8c84a0e98444a13c9bba76ee04663b5a163b80b79d1e86e370342a22034b4
hubert_large,suta,23,stage5ext_00093,9f2c0b36708a80b9aba1604061b45c02ab3d559f33122d380b4f16df7ee264228b8ed084cc75539159c501c042dcd878c793f3c16eaf1b5d9a110cad98fa0a9e,US English,us,It is often used at the end of clauses or verses.,IT IS OFTEN USED AT THE END OF CAUSES AVERANCIES,dd5050835fce0d054c092c6e1b0ae26a1db8225f3c5f2074da827d0567b930f4
hubert_large,suta,23,stage5ext_00094,9f2c0b36708a80b9aba1604061b45c02ab3d559f33122d380b4f16df7ee264228b8ed084cc75539159c501c042dcd878c793f3c16eaf1b5d9a110cad98fa0a9e,US English,us,"Gardner was born in Batavia, New York.",GARDENER WAS BORN IN BATAVIA NEW YORK,dd5050835fce0d054c092c6e1b0ae26a1db8225f3c5f2074da827d0567b930f4
hubert_large,suta,23,stage5ext_00095,9f2c0b36708a80b9aba1604061b45c02ab3d559f33122d380b4f16df7ee264228b8ed084cc75539159c501c042dcd878c793f3c16eaf1b5d9a110cad98fa0a9e,US English,us,It is located where the Piankatank River feeds into the Chesapeake Bay.,IT IS LOCATED WHERE LE PIN KATANG RIVER FEEDS THE CHESABEEK BAY,dd5050835fce0d054c092c6e1b0ae26a1db8225f3c5f2074da827d0567b930f4
hubert_large,suta,23,stage5ext_00096,9f2c0b36708a80b9aba1604061b45c02ab3d559f33122d380b4f16df7ee264228b8ed084cc75539159c501c042dcd878c793f3c16eaf1b5d9a110cad98fa0a9e,US English,us,A classic example of a one-way function is multiplication of very large prime numbers.,A CLASSIC EXAMPLE OF A ONE WAY FUNCTION IS A MULTIPLICATION OF VERY LARGE PRIME NUMBERS,dd5050835fce0d054c092c6e1b0ae26a1db8225f3c5f2074da827d0567b930f4
hubert_large,suta,24,stage5ext_00097,9f2c0b36708a80b9aba1604061b45c02ab3d559f33122d380b4f16df7ee264228b8ed084cc75539159c501c042dcd878c793f3c16eaf1b5d9a110cad98fa0a9e,US English,us,Nuclear warheads are produced and stored on the premises.,NUCLEOR WARHEADS ARE PRODUCED AND STORED ON THE PREMISES,c7dd53d29393382e7b5da735a0bf0dadb12141c04a778579d570d23b0fb41fa6
hubert_large,suta,24,stage5ext_00098,9f2c0b36708a80b9aba1604061b45c02ab3d559f33122d380b4f16df7ee264228b8ed084cc75539159c501c042dcd878c793f3c16eaf1b5d9a110cad98fa0a9e,US English,us,"The Center awards a ""Distinguished Christian Statesman Award"" annually to high-profile Christian political leaders.",THE CENTRE AWARDS A DISTINGUISHED CHRISTIAN STATE SMAN AWARD ANNUALLY HIGH PROFILE CHRISTIAN POLITICAL LEADERS,c7dd53d29393382e7b5da735a0bf0dadb12141c04a778579d570d23b0fb41fa6
hubert_large,suta,24,stage5ext_00099,9f2c0b36708a80b9aba1604061b45c02ab3d559f33122d380b4f16df7ee264228b8ed084cc75539159c501c042dcd878c793f3c16eaf1b5d9a110cad98fa0a9e,US English,us,Flavors available in Germany included cherry and cola.,LABORS AVAILABLE IN GERMANY IN LIDCHERRY AND COLA,c7dd53d29393382e7b5da735a0bf0dadb12141c04a778579d570d23b0fb41fa6
hubert_large,suta,24,stage5ext_00100,9f2c0b36708a80b9aba1604061b45c02ab3d559f33122d380b4f16df7ee264228b8ed084cc75539159c501c042dcd878c793f3c16eaf1b5d9a110cad98fa0a9e,US English,us,The present chairman is Bumairam Mamaseitova.,THE PRESENT CHAIRMAN IS BANERAN MAMMA SAITOVA,c7dd53d29393382e7b5da735a0bf0dadb12141c04a778579d570d23b0fb41fa6
hubert_large,suta,25,stage5ext_00101,9f2c0b36708a80b9aba1604061b45c02ab3d559f33122d380b4f16df7ee264228b8ed084cc75539159c501c042dcd878c793f3c16eaf1b5d9a110cad98fa0a9e,US English,us,On the seventh day they depart.,ON THE SEVENTH DAY THEY DEPART,6b875cfec58e7033cbc358e3ce6d1e799bca0cf16580ea2912899bbafc866f0e
hubert_large,suta,25,stage5ext_00102,9f2c0b36708a80b9aba1604061b45c02ab3d559f33122d380b4f16df7ee264228b8ed084cc75539159c501c042dcd878c793f3c16eaf1b5d9a110cad98fa0a9e,US English,us,Many notable Caliphs have had their share of ruling over the Kiswah.,MANY NOTABLE CALOTS HAVE HAD THEIR SHARE RULING OVER THE KISUA,6b875cfec58e7033cbc358e3ce6d1e799bca0cf16580ea2912899bbafc866f0e
hubert_large,suta,25,stage5ext_00103,9f2c0b36708a80b9aba1604061b45c02ab3d559f33122d380b4f16df7ee264228b8ed084cc75539159c501c042dcd878c793f3c16eaf1b5d9a110cad98fa0a9e,US English,us,The river Maros formed its southern border.,THE RIVER MARROWS FORMED ITS SOUTHERN BORDER,6b875cfec58e7033cbc358e3ce6d1e799bca0cf16580ea2912899bbafc866f0e
hubert_large,suta,25,stage5ext_00104,9f2c0b36708a80b9aba1604061b45c02ab3d559f33122d380b4f16df7ee264228b8ed084cc75539159c501c042dcd878c793f3c16eaf1b5d9a110cad98fa0a9e,US English,us,And that meant our fat electric album would have two songs on a side.,THAT MEANT OUR FAT ELECTRIC ALBUM WE HAVE TWO SONGS ON A SIDE,6b875cfec58e7033cbc358e3ce6d1e799bca0cf16580ea2912899bbafc866f0e
hubert_large,suta,26,stage5ext_00105,9f2c0b36708a80b9aba1604061b45c02ab3d559f33122d380b4f16df7ee264228b8ed084cc75539159c501c042dcd878c793f3c16eaf1b5d9a110cad98fa0a9e,US English,us,A committee was organised and the Smithsonian Institution was founded.,A COMMITTEE WAS ORGANIZED AND THE SMITHSONIAN INSTITUTION WAS FOUNDED,78853b586ad3353d74c5fc143f799b64c292f4aafc46e256a96098ea9588b910
hubert_large,suta,26,stage5ext_00106,2ce9c40fcb6948ed0bced3197b5aefb5f8585c4b80c5f627af7a750cfb445b61c96532c68b893e6c1f4cb299407c58f1504db283d1f7eca7585dfc2f88a968d4,US English,us,"You're not psychotic, you just wish you were?",YOU'RE NOT PSYCOTIC YOU JUST WISH YOU WERE,78853b586ad3353d74c5fc143f799b64c292f4aafc46e256a96098ea9588b910
hubert_large,suta,26,stage5ext_00107,2ce9c40fcb6948ed0bced3197b5aefb5f8585c4b80c5f627af7a750cfb445b61c96532c68b893e6c1f4cb299407c58f1504db283d1f7eca7585dfc2f88a968d4,US English,us,Good evening.,GOOD EVENING,78853b586ad3353d74c5fc143f799b64c292f4aafc46e256a96098ea9588b910
hubert_large,suta,26,stage5ext_00108,2ce9c40fcb6948ed0bced3197b5aefb5f8585c4b80c5f627af7a750cfb445b61c96532c68b893e6c1f4cb299407c58f1504db283d1f7eca7585dfc2f88a968d4,US English,us,The dead have no friends.,THE DEAD HAVE NO FRIENDS,78853b586ad3353d74c5fc143f799b64c292f4aafc46e256a96098ea9588b910
hubert_large,suta,27,stage5ext_00109,2ce9c40fcb6948ed0bced3197b5aefb5f8585c4b80c5f627af7a750cfb445b61c96532c68b893e6c1f4cb299407c58f1504db283d1f7eca7585dfc2f88a968d4,US English,us,Ship technology has improved.,SHIP TECHNOLOGY HAS IMPROVED,cdb68a7dc4d2e06938123283efd75b947bf49651f71a7a8129e6daa14a498e63
hubert_large,suta,27,stage5ext_00110,2ce9c40fcb6948ed0bced3197b5aefb5f8585c4b80c5f627af7a750cfb445b61c96532c68b893e6c1f4cb299407c58f1504db283d1f7eca7585dfc2f88a968d4,US English,us,The shop is closed on Mondays.,THE SHOP IS CLOSED ON MONDAYS,cdb68a7dc4d2e06938123283efd75b947bf49651f71a7a8129e6daa14a498e63
hubert_large,suta,27,stage5ext_00111,2ce9c40fcb6948ed0bced3197b5aefb5f8585c4b80c5f627af7a750cfb445b61c96532c68b893e6c1f4cb299407c58f1504db283d1f7eca7585dfc2f88a968d4,US English,us,"Waste not, want not.",WASTE NOT WHAT NOT,cdb68a7dc4d2e06938123283efd75b947bf49651f71a7a8129e6daa14a498e63
hubert_large,suta,27,stage5ext_00112,2ce9c40fcb6948ed0bced3197b5aefb5f8585c4b80c5f627af7a750cfb445b61c96532c68b893e6c1f4cb299407c58f1504db283d1f7eca7585dfc2f88a968d4,US English,us,"The salesman was like the rest of them, untrustworthy.",THE SALESMAN WAS LIKE THE REST OF THEM UNTRUSTWORTHY,cdb68a7dc4d2e06938123283efd75b947bf49651f71a7a8129e6daa14a498e63
hubert_large,suta,28,stage5ext_00113,2ce9c40fcb6948ed0bced3197b5aefb5f8585c4b80c5f627af7a750cfb445b61c96532c68b893e6c1f4cb299407c58f1504db283d1f7eca7585dfc2f88a968d4,US English,us,"Did you know that the word ""commercial"" could mean the same as ""advertisement""?",DID YOU KNOW THAT THE WORD COMMERCIAL COULD MEAN THE SAME AS ADVERTISEMENT,34c676021f20b74fc62697adab2584d1d2025131783fcef64cc5049b91d564a4
hubert_large,suta,28,stage5ext_00114,2ce9c40fcb6948ed0bced3197b5aefb5f8585c4b80c5f627af7a750cfb445b61c96532c68b893e6c1f4cb299407c58f1504db283d1f7eca7585dfc2f88a968d4,US English,us,Topsy-turvy Steamboat.,TOPSY TURVY STEAMBOAT,34c676021f20b74fc62697adab2584d1d2025131783fcef64cc5049b91d564a4
hubert_large,suta,28,stage5ext_00115,2ce9c40fcb6948ed0bced3197b5aefb5f8585c4b80c5f627af7a750cfb445b61c96532c68b893e6c1f4cb299407c58f1504db283d1f7eca7585dfc2f88a968d4,US English,us,Save a thief from the gallows and he will cut your throat,SAVE A THIEF FROM THE GALLOWS AND HE WILL CUT YOUR THROAT,34c676021f20b74fc62697adab2584d1d2025131783fcef64cc5049b91d564a4
hubert_large,suta,28,stage5ext_00116,2ce9c40fcb6948ed0bced3197b5aefb5f8585c4b80c5f627af7a750cfb445b61c96532c68b893e6c1f4cb299407c58f1504db283d1f7eca7585dfc2f88a968d4,US English,us,A chip of the old block.,A CHIP OF THE OLD BLOCK,34c676021f20b74fc62697adab2584d1d2025131783fcef64cc5049b91d564a4
hubert_large,suta,29,stage5ext_00117,2ce9c40fcb6948ed0bced3197b5aefb5f8585c4b80c5f627af7a750cfb445b61c96532c68b893e6c1f4cb299407c58f1504db283d1f7eca7585dfc2f88a968d4,US English,us,What about from an unsafe distance?,WHAT ABOUT FROM AN UNSAFE DISTANCE,5990b199c1c2082cd0656851da2313be96a8f49baf3f7cbc5eb8a384d6454fae
hubert_large,suta,29,stage5ext_00118,2ce9c40fcb6948ed0bced3197b5aefb5f8585c4b80c5f627af7a750cfb445b61c96532c68b893e6c1f4cb299407c58f1504db283d1f7eca7585dfc2f88a968d4,US English,us,New pants lack cuffs and pockets.,NEW PANTS LACK CUFFS AND POCKETS,5990b199c1c2082cd0656851da2313be96a8f49baf3f7cbc5eb8a384d6454fae
hubert_large,suta,29,stage5ext_00119,2ce9c40fcb6948ed0bced3197b5aefb5f8585c4b80c5f627af7a750cfb445b61c96532c68b893e6c1f4cb299407c58f1504db283d1f7eca7585dfc2f88a968d4,US English,us,Is that how your niece began?,IS THAT HOW YOUR NIECE BEGAN,5990b199c1c2082cd0656851da2313be96a8f49baf3f7cbc5eb8a384d6454fae
hubert_large,suta,29,stage5ext_00120,2ce9c40fcb6948ed0bced3197b5aefb5f8585c4b80c5f627af7a750cfb445b61c96532c68b893e6c1f4cb299407c58f1504db283d1f7eca7585dfc2f88a968d4,US English,us,That is the weirdest dress I have found in this store.,THAT IS THE WEIRDEST DRESS I HAVE FOUND IN THE STORE,5990b199c1c2082cd0656851da2313be96a8f49baf3f7cbc5eb8a384d6454fae
hubert_large,suta,30,stage5ext_00121,228508a13bdcb59b6e981ab369677a052cfa1d9208ac95a44f5a910b5fb16d76e49d318b1a128dd5144453cc80734637f59383b09379191621b865980d923440,US English,us,The reasons are more political.,THE REASONS ARE MORE POLITICAL,f90643c8b7916e7d68e6c33b552994ce3db23a7307e7318a0b39f8dfdb2b949f
hubert_large,suta,30,stage5ext_00122,228508a13bdcb59b6e981ab369677a052cfa1d9208ac95a44f5a910b5fb16d76e49d318b1a128dd5144453cc80734637f59383b09379191621b865980d923440,US English,us,When he became a foreman he expected more output from the workmen.,THEN HE BECAME A FOREMAN HE EXPECTED MORE OUTPUT FROM THE WORKMAN,f90643c8b7916e7d68e6c33b552994ce3db23a7307e7318a0b39f8dfdb2b949f
hubert_large,suta,30,stage5ext_00123,228508a13bdcb59b6e981ab369677a052cfa1d9208ac95a44f5a910b5fb16d76e49d318b1a128dd5144453cc80734637f59383b09379191621b865980d923440,US English,us,"The timber was exported to Egypt, where it was in great demand.",THE TIMER WAS EXPORTED TO EGYPT WHERE IT WAS IN GREAT DEMAND,f90643c8b7916e7d68e6c33b552994ce3db23a7307e7318a0b39f8dfdb2b949f
hubert_large,suta,30,stage5ext_00124,228508a13bdcb59b6e981ab369677a052cfa1d9208ac95a44f5a910b5fb16d76e49d318b1a128dd5144453cc80734637f59383b09379191621b865980d923440,US English,us,"On farm visits, touching or feeding pigs should be prohibited.",ON FARM VISITS TOUCHING OR FEEDING PIKS SHOULD BE PROHIBITED,f90643c8b7916e7d68e6c33b552994ce3db23a7307e7318a0b39f8dfdb2b949f
hubert_large,suta,31,stage5ext_00125,228508a13bdcb59b6e981ab369677a052cfa1d9208ac95a44f5a910b5fb16d76e49d318b1a128dd5144453cc80734637f59383b09379191621b865980d923440,US English,us,Noah worked on the album for two years.,NOAH WORKED ON THE ALBUM FOR TWO YEARS,bf1df3e0c374add7c053bac3f4350a72aff50c1ae416d02bdb4e866351e8506b
hubert_large,suta,31,stage5ext_00126,228508a13bdcb59b6e981ab369677a052cfa1d9208ac95a44f5a910b5fb16d76e49d318b1a128dd5144453cc80734637f59383b09379191621b865980d923440,US English,us,"The family seat is Terling Place, near Terling, Essex.",THE FAMILIAR CITIS TERLING PLACE NEAR TERLING ESX,bf1df3e0c374add7c053bac3f4350a72aff50c1ae416d02bdb4e866351e8506b
hubert_large,suta,31,stage5ext_00127,228508a13bdcb59b6e981ab369677a052cfa1d9208ac95a44f5a910b5fb16d76e49d318b1a128dd5144453cc80734637f59383b09379191621b865980d923440,US English,us,She then got underway for Leyte.,SHE THEN GOT ON E WAY FOR LATE,bf1df3e0c374add7c053bac3f4350a72aff50c1ae416d02bdb4e866351e8506b
hubert_large,suta,31,stage5ext_00128,228508a13bdcb59b6e981ab369677a052cfa1d9208ac95a44f5a910b5fb16d76e49d318b1a128dd5144453cc80734637f59383b09379191621b865980d923440,US English,us,His early work was on optical information processing.,HIS EARLY WORK WAS AN OPTICAL INFORMATION PROSESTING,bf1df3e0c374add7c053bac3f4350a72aff50c1ae416d02bdb4e866351e8506b
hubert_large,suta,32,stage5ext_00129,228508a13bdcb59b6e981ab369677a052cfa1d9208ac95a44f5a910b5fb16d76e49d318b1a128dd5144453cc80734637f59383b09379191621b865980d923440,US English,us,There is much shouting and gesticulation on the appearance of a new moon.,THERE IS MUCH SHOUTING AND GESTICULATION ON THE APPEARANCE OF A NEW,b71ac2d798b249038c90ffc53cc9bdf0cfe3dfc983d0eccc68233a09c6366479
hubert_large,suta,32,stage5ext_00130,228508a13bdcb59b6e981ab369677a052cfa1d9208ac95a44f5a910b5fb16d76e49d318b1a128dd5144453cc80734637f59383b09379191621b865980d923440,US English,us,Previously this variety was believed to be lost.,PREVIOUSLY THIS VARIETY WAS BELIEVED TO BE LOST,b71ac2d798b249038c90ffc53cc9bdf0cfe3dfc983d0eccc68233a09c6366479
hubert_large,suta,32,stage5ext_00131,228508a13bdcb59b6e981ab369677a052cfa1d9208ac95a44f5a910b5fb16d76e49d318b1a128dd5144453cc80734637f59383b09379191621b865980d923440,US English,us,"Well, next morning, the husband was missing.",WELL NEXT MORNING THE HUSBAND WAS MISSING,b71ac2d798b249038c90ffc53cc9bdf0cfe3dfc983d0eccc68233a09c6366479
hubert_large,suta,32,stage5ext_00132,228508a13bdcb59b6e981ab369677a052cfa1d9208ac95a44f5a910b5fb16d76e49d318b1a128dd5144453cc80734637f59383b09379191621b865980d923440,US English,us,The heads are then like thongs and solemn in grain and grape-colour.,THE HEADS ARE THEN LIKE TONGS AND SO AN THEN GRAIN IN THE GRAPE COLOR,b71ac2d798b249038c90ffc53cc9bdf0cfe3dfc983d0eccc68233a09c6366479
hubert_large,suta,33,stage5ext_00133,228508a13bdcb59b6e981ab369677a052cfa1d9208ac95a44f5a910b5fb16d76e49d318b1a128dd5144453cc80734637f59383b09379191621b865980d923440,US English,us,"After retiring, Ehiogu founded his own record label, Dirty Hit.",AFTER RETIRING IXOKI FOUNDED HIS OWN RECARD LABEL DIRTY HIT,ce9f445ae0b5dc77bf54fdd6a3413681fc2aeaaa58512e1a96efc7f97dc2b80d
hubert_large,suta,33,stage5ext_00134,228508a13bdcb59b6e981ab369677a052cfa1d9208ac95a44f5a910b5fb16d76e49d318b1a128dd5144453cc80734637f59383b09379191621b865980d923440,US English,us,"Some credit ""earlier notions of political and juridical authority"" in Iran's Safavid period.",SOME CREDIT EARLIER NOTIONS OF POLITICAL AND JERIDICAL AUTHORITY IN IRAN'S SAPAWIT PERIOD,ce9f445ae0b5dc77bf54fdd6a3413681fc2aeaaa58512e1a96efc7f97dc2b80d
hubert_large,suta,33,stage5ext_00135,228508a13bdcb59b6e981ab369677a052cfa1d9208ac95a44f5a910b5fb16d76e49d318b1a128dd5144453cc80734637f59383b09379191621b865980d923440,US English,us,"George Washington Riggs died at his home, Green Hill, in Prince George's County, Maryland.",GEORGE WASHINGTON RIK DIED AT HIS HOME GREENHILL IN PRINCE GEORGE'S COUNTY MARYLAND,ce9f445ae0b5dc77bf54fdd6a3413681fc2aeaaa58512e1a96efc7f97dc2b80d
hubert_large,suta,33,stage5ext_00136,720e559efbceae3ffa3e0df1e70d5d276564f71b02f1a3222c7dbbfa55811cbc4ad54045296d28ef121452051dd65e0253f9af4f519f65f29a0690726ba44253,US English,us,"The number of non-Muslim Sufis before the twentieth century, however, was usually relatively few.",THE NUMBER OF NON MOSLEM SUFIS BEFORE THE TWENTIETH CENTURY HOWEVER WAS USUALLY RELATIVELY FEW,ce9f445ae0b5dc77bf54fdd6a3413681fc2aeaaa58512e1a96efc7f97dc2b80d
hubert_large,suta,34,stage5ext_00137,720e559efbceae3ffa3e0df1e70d5d276564f71b02f1a3222c7dbbfa55811cbc4ad54045296d28ef121452051dd65e0253f9af4f519f65f29a0690726ba44253,US English,us,"At the party, Jerry meets an attractive woman named Vanessa.",AT THE PARTY JERRY MEETS AN ATTRACTIVE WOMAN NAMED FINESSA,b377d862cc28fac184b3865c462defea8cf3c2208c731f05327b054d8492f692
hubert_large,suta,34,stage5ext_00138,720e559efbceae3ffa3e0df1e70d5d276564f71b02f1a3222c7dbbfa55811cbc4ad54045296d28ef121452051dd65e0253f9af4f519f65f29a0690726ba44253,US English,us,Irulan herself appears in person only near the end of the novel.,IRULAN HERSELF APPEARS IN PERSON ONLY NEAR THE END OF THE NOVEL,b377d862cc28fac184b3865c462defea8cf3c2208c731f05327b054d8492f692
hubert_large,suta,34,stage5ext_00139,720e559efbceae3ffa3e0df1e70d5d276564f71b02f1a3222c7dbbfa55811cbc4ad54045296d28ef121452051dd65e0253f9af4f519f65f29a0690726ba44253,US English,us,Jump is a yellow dog with brown patches and the pet dog of Tobio.,JUMP IS A YELLOW DOG WITH BROWN PATCHES AND THE PET DOG OF TOBYO,b377d862cc28fac184b3865c462defea8cf3c2208c731f05327b054d8492f692
hubert_large,suta,34,stage5ext_00140,720e559efbceae3ffa3e0df1e70d5d276564f71b02f1a3222c7dbbfa55811cbc4ad54045296d28ef121452051dd65e0253f9af4f519f65f29a0690726ba44253,US English,us,It has some popular restaurants including The New Inn.,IT HAS SOME POPULAR RESTAURANTS INCLUDING THE NEW INN,b377d862cc28fac184b3865c462defea8cf3c2208c731f05327b054d8492f692
hubert_large,suta,35,stage5ext_00141,720e559efbceae3ffa3e0df1e70d5d276564f71b02f1a3222c7dbbfa55811cbc4ad54045296d28ef121452051dd65e0253f9af4f519f65f29a0690726ba44253,US English,us,The families and genera within the orders are listed in alphabetical order.,THE FAMILIES AND GENERA WITHIN THE ORDERS ARE LISTED IN ALPHABETICAL ORDER,fed8a19d5cd3347455229f565f8085972927637a24bf3a8508d42b3ff67d75a7
hubert_large,suta,35,stage5ext_00142,720e559efbceae3ffa3e0df1e70d5d276564f71b02f1a3222c7dbbfa55811cbc4ad54045296d28ef121452051dd65e0253f9af4f519f65f29a0690726ba44253,US English,us,"This practice remains an important ritual in some remote, tribal societies.",THIS PRACTICE REMAINS AN IMPORTANT RITUAL IN SOME REMOTE TRIBAL SOCIETIES,fed8a19d5cd3347455229f565f8085972927637a24bf3a8508d42b3ff67d75a7
hubert_large,suta,35,stage5ext_00143,720e559efbceae3ffa3e0df1e70d5d276564f71b02f1a3222c7dbbfa55811cbc4ad54045296d28ef121452051dd65e0253f9af4f519f65f29a0690726ba44253,US English,us,A second game also included Carshalton College.,A SECOND GAME ALSO INCLUDED CARSELTON COLLEGE,fed8a19d5cd3347455229f565f8085972927637a24bf3a8508d42b3ff67d75a7
hubert_large,suta,35,stage5ext_00144,720e559efbceae3ffa3e0df1e70d5d276564f71b02f1a3222c7dbbfa55811cbc4ad54045296d28ef121452051dd65e0253f9af4f519f65f29a0690726ba44253,US English,us,Mareya micrantha is said to have local anaesthetic properties.,MARIA MACRANTHA IS SAID TO HAVE LOCAL ANAESTHETIC PROPERTIES,fed8a19d5cd3347455229f565f8085972927637a24bf3a8508d42b3ff67d75a7
hubert_large,suta,36,stage5ext_00145,720e559efbceae3ffa3e0df1e70d5d276564f71b02f1a3222c7dbbfa55811cbc4ad54045296d28ef121452051dd65e0253f9af4f519f65f29a0690726ba44253,US English,us,The expanded section included an enlarged bar.,THE EXPANDED SECTION INCLUDED AN ENLARGED BAR,d74a2788e25249a5af8aeb3e479fe6cf04ba1bd5c793331515fa7ed8638584b5
hubert_large,suta,36,stage5ext_00146,720e559efbceae3ffa3e0df1e70d5d276564f71b02f1a3222c7dbbfa55811cbc4ad54045296d28ef121452051dd65e0253f9af4f519f65f29a0690726ba44253,US English,us,"This is in contrast to physiology, which deals primarily with function.",THIS IS IN CONTRAST TO PHYSIOLOGY WHICH DEALS PRIMARILY WITH FUNCTION,d74a2788e25249a5af8aeb3e479fe6cf04ba1bd5c793331515fa7ed8638584b5
hubert_large,suta,36,stage5ext_00147,720e559efbceae3ffa3e0df1e70d5d276564f71b02f1a3222c7dbbfa55811cbc4ad54045296d28ef121452051dd65e0253f9af4f519f65f29a0690726ba44253,US English,us,"When his wife died, Acosta retired and went to live in a hermitage.",WHEN HIS WIFE DIED ACOSTA RETIRED AND WENT TO LIVE IN A HERMITAGE,d74a2788e25249a5af8aeb3e479fe6cf04ba1bd5c793331515fa7ed8638584b5
hubert_large,suta,36,stage5ext_00148,720e559efbceae3ffa3e0df1e70d5d276564f71b02f1a3222c7dbbfa55811cbc4ad54045296d28ef121452051dd65e0253f9af4f519f65f29a0690726ba44253,US English,us,McNab ruled with an iron fist over the Scottish settlers.,MC NABB RULED WITH AN IRON FIST OVER THE SCOTTISH SETTLERS,d74a2788e25249a5af8aeb3e479fe6cf04ba1bd5c793331515fa7ed8638584b5
hubert_large,suta,37,stage5ext_00149,720e559efbceae3ffa3e0df1e70d5d276564f71b02f1a3222c7dbbfa55811cbc4ad54045296d28ef121452051dd65e0253f9af4f519f65f29a0690726ba44253,US English,us,"Ricci played a young detective who temporarily partners with Grace, played by Holly Hunter.",RICKIE PLAYED A YOUNG DETECTIVE WHO TEMPORARILY PARTNERS WITH GRACE PLAYED BY HOLLY HUNTER,f079af5e8736e4fbcc01e3392452b6c5ff714f0224c7a1eb1b90f4e1c2d6170b
hubert_large,suta,37,stage5ext_00150,720e559efbceae3ffa3e0df1e70d5d276564f71b02f1a3222c7dbbfa55811cbc4ad54045296d28ef121452051dd65e0253f9af4f519f65f29a0690726ba44253,US English,us,"It would, in effect, paralyse their co-operation.",IT WOULD IN EFFECT PARALYZE THEIR CO OPERATION,f079af5e8736e4fbcc01e3392452b6c5ff714f0224c7a1eb1b90f4e1c2d6170b
hubert_large,suta,37,stage5ext_00151,fd0dff3b5f07ca5531d539b5a2d98730836ad0aa3e1b6526ad93f596c546212f2e9c6152141a6d6a86254fe36668b66427df0e1588645c1756157fb92705969a,England English,england,I'm playing for keeps.,I'M GLA IT KEEPS,f079af5e8736e4fbcc01e3392452b6c5ff714f0224c7a1eb1b90f4e1c2d6170b
hubert_large,suta,37,stage5ext_00152,fd0dff3b5f07ca5531d539b5a2d98730836ad0aa3e1b6526ad93f596c546212f2e9c6152141a6d6a86254fe36668b66427df0e1588645c1756157fb92705969a,England English,england,His old Ferrari has been compacted to a small cube of metal at the junkyard.,HIS OLD FERRORI HAS BEEN COMPACTED TO A SMALL CUBE OF METAL AT THE JUNK YARD,f079af5e8736e4fbcc01e3392452b6c5ff714f0224c7a1eb1b90f4e1c2d6170b
hubert_large,suta,38,stage5ext_00153,fd0dff3b5f07ca5531d539b5a2d98730836ad0aa3e1b6526ad93f596c546212f2e9c6152141a6d6a86254fe36668b66427df0e1588645c1756157fb92705969a,England English,england,There was no response from the elders.,THERE WAS NO RESPONSE FROM THE OTHERS,4fa58a79f107d961aad7bf78557bcafdb2ab2597587da1ebbe4b0234a5a5c7c9
hubert_large,suta,38,stage5ext_00154,fd0dff3b5f07ca5531d539b5a2d98730836ad0aa3e1b6526ad93f596c546212f2e9c6152141a6d6a86254fe36668b66427df0e1588645c1756157fb92705969a,England English,england,You're hurting my sore foot.,YOUARE HURTING MY SORE FOOT,4fa58a79f107d961aad7bf78557bcafdb2ab2597587da1ebbe4b0234a5a5c7c9
hubert_large,suta,38,stage5ext_00155,fd0dff3b5f07ca5531d539b5a2d98730836ad0aa3e1b6526ad93f596c546212f2e9c6152141a6d6a86254fe36668b66427df0e1588645c1756157fb92705969a,England English,england,Studying these key phrases will help you while traveling.,STUDYING THESE KEY PHRASES WILL HELP YOU WHALE TRAVELLING,4fa58a79f107d961aad7bf78557bcafdb2ab2597587da1ebbe4b0234a5a5c7c9
hubert_large,suta,38,stage5ext_00156,fd0dff3b5f07ca5531d539b5a2d98730836ad0aa3e1b6526ad93f596c546212f2e9c6152141a6d6a86254fe36668b66427df0e1588645c1756157fb92705969a,England English,england,Mary told me that she got to meet up with you while she was back in San Francisco.,MARY TOLD ME SHE GOT TO MEET UP WITH YOU WHILE YOU WERE BACK IN SAN FRANCISCO,4fa58a79f107d961aad7bf78557bcafdb2ab2597587da1ebbe4b0234a5a5c7c9
hubert_large,suta,39,stage5ext_00157,fd0dff3b5f07ca5531d539b5a2d98730836ad0aa3e1b6526ad93f596c546212f2e9c6152141a6d6a86254fe36668b66427df0e1588645c1756157fb92705969a,England English,england,Look on the third shelf back of the eye wash.,LOOK ON THE THIRD SHELF BACK OF THE EYEWOF,23ae2e4592c0e2e2c66839940eb4545d37f731c4e9d4e984d75bb8e5569532fc
hubert_large,suta,39,stage5ext_00158,fd0dff3b5f07ca5531d539b5a2d98730836ad0aa3e1b6526ad93f596c546212f2e9c6152141a6d6a86254fe36668b66427df0e1588645c1756157fb92705969a,England English,england,It was Linda Keller!,IT WAS LINDA KELLER,23ae2e4592c0e2e2c66839940eb4545d37f731c4e9d4e984d75bb8e5569532fc
hubert_large,suta,39,stage5ext_00159,fd0dff3b5f07ca5531d539b5a2d98730836ad0aa3e1b6526ad93f596c546212f2e9c6152141a6d6a86254fe36668b66427df0e1588645c1756157fb92705969a,England English,england,Neil Armstrong was the first man to step foot on the moon.,NEWL ARMSTRONG WAS THE FIRST MAN TO STEP FOOT ON THE MOON,23ae2e4592c0e2e2c66839940eb4545d37f731c4e9d4e984d75bb8e5569532fc
hubert_large,suta,39,stage5ext_00160,fd0dff3b5f07ca5531d539b5a2d98730836ad0aa3e1b6526ad93f596c546212f2e9c6152141a6d6a86254fe36668b66427df0e1588645c1756157fb92705969a,England English,england,You go on and practice.,YOU GO ON AND PRACTISE,23ae2e4592c0e2e2c66839940eb4545d37f731c4e9d4e984d75bb8e5569532fc
hubert_large,suta,40,stage5ext_00161,fd0dff3b5f07ca5531d539b5a2d98730836ad0aa3e1b6526ad93f596c546212f2e9c6152141a6d6a86254fe36668b66427df0e1588645c1756157fb92705969a,England English,england,Storm increasing over the Rockies.,STORM INCREASING OVER THE ROCKIES,da6ae0d1b08e518941c67fc3a264ee6156d486bb2393687317949be45e5db74b
hubert_large,suta,40,stage5ext_00162,fd0dff3b5f07ca5531d539b5a2d98730836ad0aa3e1b6526ad93f596c546212f2e9c6152141a6d6a86254fe36668b66427df0e1588645c1756157fb92705969a,England English,england,Witnesses report two armed suspects and four hostages.,WITNESSES REPORT TWO ARMED SUSPECTS AND FOUR HOSTAGES,da6ae0d1b08e518941c67fc3a264ee6156d486bb2393687317949be45e5db74b
hubert_large,suta,40,stage5ext_00163,fd0dff3b5f07ca5531d539b5a2d98730836ad0aa3e1b6526ad93f596c546212f2e9c6152141a6d6a86254fe36668b66427df0e1588645c1756157fb92705969a,England English,england,"If you know of other games that play well with hands-free control, please post in the comments.",IF YOU KNOW OF OTHER GAMES THAT PLAY WELL WITH HANDS FREE CONTROL PLEASE POST IN THE COMMENTS,da6ae0d1b08e518941c67fc3a264ee6156d486bb2393687317949be45e5db74b
hubert_large,suta,40,stage5ext_00164,fd0dff3b5f07ca5531d539b5a2d98730836ad0aa3e1b6526ad93f596c546212f2e9c6152141a6d6a86254fe36668b66427df0e1588645c1756157fb92705969a,England English,england,"Two caribous in a queue, they didn't have a clue, that I was using their flue, to write a poem for you.",TWO CARIBOOS IN A CUE THEY DIDN'T HAVE A CLUE THAT I WAS USING THEIR FLUE TO WRITE A POEM FOR YOU,da6ae0d1b08e518941c67fc3a264ee6156d486bb2393687317949be45e5db74b
hubert_large,suta,41,stage5ext_00165,fd0dff3b5f07ca5531d539b5a2d98730836ad0aa3e1b6526ad93f596c546212f2e9c6152141a6d6a86254fe36668b66427df0e1588645c1756157fb92705969a,England English,england,With a bag of marshmallows.,WITH A BAG OF MALSH MEADOWS,553a4592e90f8bf545f37ac60e40e63f617ff54360073a40198962f19777bae1
hubert_large,suta,41,stage5ext_00166,fdcab9861a3de8913b99470efefdd496f7500e233d7a34a4bf246ca2321426334f7206282773114305bb5b045ee084a0c9e50c6160fc40ac34ba2009e1997f8f,England English,england,"Teresa, Mildrid, Ralph, and Vonda all arrived yesterday evening.",TERESA MILDRED RALPH AND BUNDER ALL ARRIVED YESTERDAY EVENING,553a4592e90f8bf545f37ac60e40e63f617ff54360073a40198962f19777bae1
hubert_large,suta,41,stage5ext_00167,fdcab9861a3de8913b99470efefdd496f7500e233d7a34a4bf246ca2321426334f7206282773114305bb5b045ee084a0c9e50c6160fc40ac34ba2009e1997f8f,England English,england,"Somehow, the paragraphs blurred into each other.",SOMEHOW THE PARAGRAPHS BLURRED INTO EACH OTHER,553a4592e90f8bf545f37ac60e40e63f617ff54360073a40198962f19777bae1
hubert_large,suta,41,stage5ext_00168,fdcab9861a3de8913b99470efefdd496f7500e233d7a34a4bf246ca2321426334f7206282773114305bb5b045ee084a0c9e50c6160fc40ac34ba2009e1997f8f,England English,england,"Now, attend to me.",NO ATTEND TO ME,553a4592e90f8bf545f37ac60e40e63f617ff54360073a40198962f19777bae1
hubert_large,suta,42,stage5ext_00169,fdcab9861a3de8913b99470efefdd496f7500e233d7a34a4bf246ca2321426334f7206282773114305bb5b045ee084a0c9e50c6160fc40ac34ba2009e1997f8f,England English,england,"Oh man, I think I got friend-zoned once again.",O MAN I THINK I'VE GOT FRIENDS OWNED ONCE AGAIN,2ba14bee3e2132bcb362e7799dd7039954d1fded957c725581da7f7bcf948b11
hubert_large,suta,42,stage5ext_00170,fdcab9861a3de8913b99470efefdd496f7500e233d7a34a4bf246ca2321426334f7206282773114305bb5b045ee084a0c9e50c6160fc40ac34ba2009e1997f8f,England English,england,"Hooray, we're going to Alaska!",HOMAY WE'RE GOING TO ALASKA,2ba14bee3e2132bcb362e7799dd7039954d1fded957c725581da7f7bcf948b11
hubert_large,suta,42,stage5ext_00171,fdcab9861a3de8913b99470efefdd496f7500e233d7a34a4bf246ca2321426334f7206282773114305bb5b045ee084a0c9e50c6160fc40ac34ba2009e1997f8f,England English,england,"The landing was dimly light by a single, bare, low-power light-bulb.",A LANDING WAS DIMLY LIT BY A SINGLE BARE NO POWER LIGHTBOLD,2ba14bee3e2132bcb362e7799dd7039954d1fded957c725581da7f7bcf948b11
hubert_large,suta,42,stage5ext_00172,fdcab9861a3de8913b99470efefdd496f7500e233d7a34a4bf246ca2321426334f7206282773114305bb5b045ee084a0c9e50c6160fc40ac34ba2009e1997f8f,England English,england,Aren't we godlike?,AREN'T WE GODLIKE,2ba14bee3e2132bcb362e7799dd7039954d1fded957c725581da7f7bcf948b11
hubert_large,suta,43,stage5ext_00173,fdcab9861a3de8913b99470efefdd496f7500e233d7a34a4bf246ca2321426334f7206282773114305bb5b045ee084a0c9e50c6160fc40ac34ba2009e1997f8f,England English,england,Where is my dress?,WHERE IS MY DRESS,a1921ebfdec1745061f298da358cb20369eacfa201593499d9341ecf95678028
hubert_large,suta,43,stage5ext_00174,fdcab9861a3de8913b99470efefdd496f7500e233d7a34a4bf246ca2321426334f7206282773114305bb5b045ee084a0c9e50c6160fc40ac34ba2009e1997f8f,England English,england,Where are you going?,WHERE ARE YOU GOING,a1921ebfdec1745061f298da358cb20369eacfa201593499d9341ecf95678028
hubert_large,suta,43,stage5ext_00175,fdcab9861a3de8913b99470efefdd496f7500e233d7a34a4bf246ca2321426334f7206282773114305bb5b045ee084a0c9e50c6160fc40ac34ba2009e1997f8f,England English,england,"When you're at a party and somebody says ""banana bread"", a sniper might be near you.",WHEN YOU'RE AT A PARTY AND SOMEBODY SAYS THE NANA BRED A SNIPER MIGHT BE NEAR YOU,a1921ebfdec1745061f298da358cb20369eacfa201593499d9341ecf95678028
hubert_large,suta,43,stage5ext_00176,fdcab9861a3de8913b99470efefdd496f7500e233d7a34a4bf246ca2321426334f7206282773114305bb5b045ee084a0c9e50c6160fc40ac34ba2009e1997f8f,England English,england,"She was beautiful from behind, but he couldn't see her face yet.",SHE WAS BEAUTIFUL FROM BEHIND BUT HE COULDN'T SEE HER FACE YET,a1921ebfdec1745061f298da358cb20369eacfa201593499d9341ecf95678028
hubert_large,suta,44,stage5ext_00177,fdcab9861a3de8913b99470efefdd496f7500e233d7a34a4bf246ca2321426334f7206282773114305bb5b045ee084a0c9e50c6160fc40ac34ba2009e1997f8f,England English,england,Didn't you know that?,DIDN'T YOU KNOW THAT,cdebe2508ff2a69bdf158bbda9195474b629402e95139bdbfc42a73e0bf4b0c4
hubert_large,suta,44,stage5ext_00178,fdcab9861a3de8913b99470efefdd496f7500e233d7a34a4bf246ca2321426334f7206282773114305bb5b045ee084a0c9e50c6160fc40ac34ba2009e1997f8f,England English,england,What else can I do?,WHAT ELSE CAN I DO,cdebe2508ff2a69bdf158bbda9195474b629402e95139bdbfc42a73e0bf4b0c4
hubert_large,suta,44,stage5ext_00179,fdcab9861a3de8913b99470efefdd496f7500e233d7a34a4bf246ca2321426334f7206282773114305bb5b045ee084a0c9e50c6160fc40ac34ba2009e1997f8f,England English,england,May I borrow your bolster?,MAY I BORROW YOUR BOLSTER,cdebe2508ff2a69bdf158bbda9195474b629402e95139bdbfc42a73e0bf4b0c4
hubert_large,suta,44,stage5ext_00180,fdcab9861a3de8913b99470efefdd496f7500e233d7a34a4bf246ca2321426334f7206282773114305bb5b045ee084a0c9e50c6160fc40ac34ba2009e1997f8f,England English,england,"They walked in from the rain, all dishevelled and steaming.",THEY WALKED IN FROM THE RAIN ALL DISHEVELLED AND STEAMING,cdebe2508ff2a69bdf158bbda9195474b629402e95139bdbfc42a73e0bf4b0c4
hubert_large,suta,45,stage5ext_00181,7485d1e4fd50cc3801883f44ba2eaca4d5d18deb062c87bb6dd533c6db6cdca2a4b53ec84620337d88bc4417c254ba46b7f21517d0bec5305dd08e43c791410c,England English,england,Both have a notably red eye.,BOTH HAVE A NOTABLY RED EYE,3c96ebea7908dafba4bc42190b0a3a287ada72e8d5f6122c684a748290eb0f6d
hubert_large,suta,45,stage5ext_00182,7485d1e4fd50cc3801883f44ba2eaca4d5d18deb062c87bb6dd533c6db6cdca2a4b53ec84620337d88bc4417c254ba46b7f21517d0bec5305dd08e43c791410c,England English,england,"At the conclusion of the season, Kerry and ThorSport Racing went their separate ways.",AT THE CONCLUSION OF THE SEASON CERREY AND THORSPORT RACING WENT THEIR SEPARATE WAYS,3c96ebea7908dafba4bc42190b0a3a287ada72e8d5f6122c684a748290eb0f6d
hubert_large,suta,45,stage5ext_00183,7485d1e4fd50cc3801883f44ba2eaca4d5d18deb062c87bb6dd533c6db6cdca2a4b53ec84620337d88bc4417c254ba46b7f21517d0bec5305dd08e43c791410c,England English,england,Prasterone is a steroid hormone.,PRUSTRONE IS A STEROID HORMONE,3c96ebea7908dafba4bc42190b0a3a287ada72e8d5f6122c684a748290eb0f6d
hubert_large,suta,45,stage5ext_00184,7485d1e4fd50cc3801883f44ba2eaca4d5d18deb062c87bb6dd533c6db6cdca2a4b53ec84620337d88bc4417c254ba46b7f21517d0bec5305dd08e43c791410c,England English,england,"A natural key is sometimes called ""domain key"".",A NATURAL KEY IS SOMETIMES CALLED DEMAIN KEY,3c96ebea7908dafba4bc42190b0a3a287ada72e8d5f6122c684a748290eb0f6d
hubert_large,suta,46,stage5ext_00185,7485d1e4fd50cc3801883f44ba2eaca4d5d18deb062c87bb6dd533c6db6cdca2a4b53ec84620337d88bc4417c254ba46b7f21517d0bec5305dd08e43c791410c,England English,england,In China also along with Confucianism developed the tradition of Legalism.,IN CHINA ALSO ALONG WITH CONFUCIANISM DEVELOPED THE TRADITION OF LEGALISM,9dc70158857337e78a5118ae6755392de2fb05723a84506c90cfa9ccaefa584b
hubert_large,suta,46,stage5ext_00186,7485d1e4fd50cc3801883f44ba2eaca4d5d18deb062c87bb6dd533c6db6cdca2a4b53ec84620337d88bc4417c254ba46b7f21517d0bec5305dd08e43c791410c,England English,england,"Deeley describes her religious affiliation as Anglican, although she was not christened.",DEALIY DESCRIBED HER RELIGIOUS AFFILIATIONS AS ANGLICAN ALTHOUGH SHE WAS NOT CHRISTENED,9dc70158857337e78a5118ae6755392de2fb05723a84506c90cfa9ccaefa584b
hubert_large,suta,46,stage5ext_00187,7485d1e4fd50cc3801883f44ba2eaca4d5d18deb062c87bb6dd533c6db6cdca2a4b53ec84620337d88bc4417c254ba46b7f21517d0bec5305dd08e43c791410c,England English,england,The program highlighted Chadwick's hometown of San Diego.,THE PROGRAMME HIGHLIGHTED CHADWICK'S HOMETOWN OF SAN DIEGO,9dc70158857337e78a5118ae6755392de2fb05723a84506c90cfa9ccaefa584b
hubert_large,suta,46,stage5ext_00188,7485d1e4fd50cc3801883f44ba2eaca4d5d18deb062c87bb6dd533c6db6cdca2a4b53ec84620337d88bc4417c254ba46b7f21517d0bec5305dd08e43c791410c,England English,england,"The township calls itself ""New Jersey's Largest Municipality"" on its stationery and its website.",THE TOWNSHIP CALLS ITSELF NEW JERSEY'S LARGEST MUNICIPALITY ON ITS STATIONARY AND ITS WEBSITE,9dc70158857337e78a5118ae6755392de2fb05723a84506c90cfa9ccaefa584b
hubert_large,suta,47,stage5ext_00189,7485d1e4fd50cc3801883f44ba2eaca4d5d18deb062c87bb6dd533c6db6cdca2a4b53ec84620337d88bc4417c254ba46b7f21517d0bec5305dd08e43c791410c,England English,england,Morrow County is considered to be a part of Mid Ohio.,MORROW COUNTY IS CONSIDERED TO BE PART OF MID OHIO,0726306bf560c1e195b87d6d6a5d0b50e2a2ae95e07cfd57ab74bc08ebad2bee
hubert_large,suta,47,stage5ext_00190,7485d1e4fd50cc3801883f44ba2eaca4d5d18deb062c87bb6dd533c6db6cdca2a4b53ec84620337d88bc4417c254ba46b7f21517d0bec5305dd08e43c791410c,England English,england,Bryan disliked the Klan but never publicly attacked it.,BRYAN DISLIKED THE CLAN BUT NEVER PUBLICLY ATTACKED IT,0726306bf560c1e195b87d6d6a5d0b50e2a2ae95e07cfd57ab74bc08ebad2bee
hubert_large,suta,47,stage5ext_00191,7485d1e4fd50cc3801883f44ba2eaca4d5d18deb062c87bb6dd533c6db6cdca2a4b53ec84620337d88bc4417c254ba46b7f21517d0bec5305dd08e43c791410c,England English,england,The area around present-day Yokosuka city has been inhabited for thousands of years.,THE AREA AROUND PRESENT DAY YOKOSUKA CITY HAS BEEN INHABITED FOR THOUSANDS OF YEARS,0726306bf560c1e195b87d6d6a5d0b50e2a2ae95e07cfd57ab74bc08ebad2bee
hubert_large,suta,47,stage5ext_00192,7485d1e4fd50cc3801883f44ba2eaca4d5d18deb062c87bb6dd533c6db6cdca2a4b53ec84620337d88bc4417c254ba46b7f21517d0bec5305dd08e43c791410c,England English,england,Original music for the film was composed by Rachel Portman.,ORIGINAL MUSIC FOR THE FILM WAS COMPOSED BY RACHAEL PORTMAN,0726306bf560c1e195b87d6d6a5d0b50e2a2ae95e07cfd57ab74bc08ebad2bee
hubert_large,suta,48,stage5ext_00193,7485d1e4fd50cc3801883f44ba2eaca4d5d18deb062c87bb6dd533c6db6cdca2a4b53ec84620337d88bc4417c254ba46b7f21517d0bec5305dd08e43c791410c,England English,england,It has a Rocky Top address.,IT HAS A ROCKY TOP ADDRESS,b7ccf92be77b54e3db8512767204b83c25b160cd6d3ac539f3a6fae43e404e02
hubert_large,suta,48,stage5ext_00194,7485d1e4fd50cc3801883f44ba2eaca4d5d18deb062c87bb6dd533c6db6cdca2a4b53ec84620337d88bc4417c254ba46b7f21517d0bec5305dd08e43c791410c,England English,england,He was also created the Marquess of Hedong.,HE WAS ALSO CREATED THE MARQUIS OF HENDONG,b7ccf92be77b54e3db8512767204b83c25b160cd6d3ac539f3a6fae43e404e02
hubert_large,suta,48,stage5ext_00195,7485d1e4fd50cc3801883f44ba2eaca4d5d18deb062c87bb6dd533c6db6cdca2a4b53ec84620337d88bc4417c254ba46b7f21517d0bec5305dd08e43c791410c,England English,england,"However, there are strong reasons to doubt that this is him.",HOWEVER THERE ARE STRONG REASONS TO DOUBT THAT THIS IS HIM,b7ccf92be77b54e3db8512767204b83c25b160cd6d3ac539f3a6fae43e404e02
hubert_large,suta,48,stage5ext_00196,3660ede2a2a5b5d649342a4a5c04e6b398b1247566aad9c6f059a84e8fa5405dd489100055b29dec8fa9b337b3661c001754f4f302bb85bd39eac24bee4023fe,England English,england,The old man returned the book to the boy.,THE OLD MAN RETURNED THE BOOK TO THE BOY,b7ccf92be77b54e3db8512767204b83c25b160cd6d3ac539f3a6fae43e404e02
hubert_large,suta,49,stage5ext_00197,3660ede2a2a5b5d649342a4a5c04e6b398b1247566aad9c6f059a84e8fa5405dd489100055b29dec8fa9b337b3661c001754f4f302bb85bd39eac24bee4023fe,England English,england,"From where he sat, he could observe the plaza.",FROM WHERE HE SAT HE COULD OBSERVE THE PLAZA,3807931fcfc2f2d7a236039e012cbcfbfbff6002f8242cbf8cdbed31144d498c
hubert_large,suta,49,stage5ext_00198,3660ede2a2a5b5d649342a4a5c04e6b398b1247566aad9c6f059a84e8fa5405dd489100055b29dec8fa9b337b3661c001754f4f302bb85bd39eac24bee4023fe,England English,england,He could always go back to being a shepherd.,HE COULD ALWAYS GO BACK TO BEING A SHEPHERD,3807931fcfc2f2d7a236039e012cbcfbfbff6002f8242cbf8cdbed31144d498c
hubert_large,suta,49,stage5ext_00199,3660ede2a2a5b5d649342a4a5c04e6b398b1247566aad9c6f059a84e8fa5405dd489100055b29dec8fa9b337b3661c001754f4f302bb85bd39eac24bee4023fe,England English,england,A large piece suddenly came off and fell with a loud and sharp noise.,A LARGE PIECE SUDDENLY CAME OFF AND FELL WITH A LOUD AND SHARP NOISE,3807931fcfc2f2d7a236039e012cbcfbfbff6002f8242cbf8cdbed31144d498c
hubert_large,suta,49,stage5ext_00200,3660ede2a2a5b5d649342a4a5c04e6b398b1247566aad9c6f059a84e8fa5405dd489100055b29dec8fa9b337b3661c001754f4f302bb85bd39eac24bee4023fe,England English,england,The boy thought of Fatima.,THE BOY THOUGHT OF FATIMA,3807931fcfc2f2d7a236039e012cbcfbfbff6002f8242cbf8cdbed31144d498c
hubert_large,suta,50,stage5ext_00201,3660ede2a2a5b5d649342a4a5c04e6b398b1247566aad9c6f059a84e8fa5405dd489100055b29dec8fa9b337b3661c001754f4f302bb85bd39eac24bee4023fe,England English,england,"Curse the moment I met that old man, he thought.",CURSE THE MOMENT I MEANT THAT OLD MAN HE THOUGHT,988b688030c1f56e0e1ed2f5c643f69741916019034fad65915b89b589940e01
hubert_large,suta,50,stage5ext_00202,3660ede2a2a5b5d649342a4a5c04e6b398b1247566aad9c6f059a84e8fa5405dd489100055b29dec8fa9b337b3661c001754f4f302bb85bd39eac24bee4023fe,England English,england,"Something older than humanity, more ancient than the desert.",SOMETHING OLDER THAN HUMANITY MORE ANCIENT THAN THE DESERT,988b688030c1f56e0e1ed2f5c643f69741916019034fad65915b89b589940e01
hubert_large,suta,50,stage5ext_00203,3660ede2a2a5b5d649342a4a5c04e6b398b1247566aad9c6f059a84e8fa5405dd489100055b29dec8fa9b337b3661c001754f4f302bb85bd39eac24bee4023fe,England English,england,The boy became fearful; the omens told him that something was wrong.,THE BOY BECAME FEARFUL THE OMENS TOLD HIM THAT SOMETHING WAS WRONG,988b688030c1f56e0e1ed2f5c643f69741916019034fad65915b89b589940e01
hubert_large,suta,50,stage5ext_00204,3660ede2a2a5b5d649342a4a5c04e6b398b1247566aad9c6f059a84e8fa5405dd489100055b29dec8fa9b337b3661c001754f4f302bb85bd39eac24bee4023fe,England English,england,The turf and gravel around it seemed charred as if by a sudden explosion.,THE TURF AND GRAVEL AROUND IT SEEMED CHARRED AS IF BY A SUDDEN EXPLOSION,988b688030c1f56e0e1ed2f5c643f69741916019034fad65915b89b589940e01
hubert_large,suta,51,stage5ext_00205,3660ede2a2a5b5d649342a4a5c04e6b398b1247566aad9c6f059a84e8fa5405dd489100055b29dec8fa9b337b3661c001754f4f302bb85bd39eac24bee4023fe,England English,england,"Everything in the universe evolved, he said.",EVERYTHING IN THE UNIVERSE EVOLVED HE SAID,b148e84675c51a6ab83b34222d5268eb65f68cbde08bc9f451fd412aeea0d7d3
hubert_large,suta,51,stage5ext_00206,3660ede2a2a5b5d649342a4a5c04e6b398b1247566aad9c6f059a84e8fa5405dd489100055b29dec8fa9b337b3661c001754f4f302bb85bd39eac24bee4023fe,England English,england,He stood irresolute for a moment and then scrambled out of the pit.,HE STOOD IRRESOLUTE FOR A MOMENT AND THEN SCRAMBLED OUT OF THE PIT,b148e84675c51a6ab83b34222d5268eb65f68cbde08bc9f451fd412aeea0d7d3
hubert_large,suta,51,stage5ext_00207,3660ede2a2a5b5d649342a4a5c04e6b398b1247566aad9c6f059a84e8fa5405dd489100055b29dec8fa9b337b3661c001754f4f302bb85bd39eac24bee4023fe,England English,england,They reminded him of the old man.,THEY REMINDED HIM OF THE OLD MAN,b148e84675c51a6ab83b34222d5268eb65f68cbde08bc9f451fd412aeea0d7d3
hubert_large,suta,51,stage5ext_00208,3660ede2a2a5b5d649342a4a5c04e6b398b1247566aad9c6f059a84e8fa5405dd489100055b29dec8fa9b337b3661c001754f4f302bb85bd39eac24bee4023fe,England English,england,It made me very depressed.,IT MADE ME VERY DEPRESSED,b148e84675c51a6ab83b34222d5268eb65f68cbde08bc9f451fd412aeea0d7d3
hubert_large,suta,52,stage5ext_00209,3660ede2a2a5b5d649342a4a5c04e6b398b1247566aad9c6f059a84e8fa5405dd489100055b29dec8fa9b337b3661c001754f4f302bb85bd39eac24bee4023fe,England English,england,"The desert takes our men from us, and they don't always return, she said.",THE DESERT TAKES OUR MEN FROM US AND THEY DON'T ALWAYS RETURN SHE SAID,13953e141c4f5654474c2507c7fc5dbd3a7a6d40059583d948f37cb3d7f22796
hubert_large,suta,52,stage5ext_00210,3660ede2a2a5b5d649342a4a5c04e6b398b1247566aad9c6f059a84e8fa5405dd489100055b29dec8fa9b337b3661c001754f4f302bb85bd39eac24bee4023fe,England English,england,"I'm not going very far, the alchemist answered, looking straight into the eyes of the horsemen.",I'M NOT GOING VERY FAR THE ALCHYMIST ANSWERED LOOKING STRAIGHT INTO THE EYES OF THE HORSEMAN,13953e141c4f5654474c2507c7fc5dbd3a7a6d40059583d948f37cb3d7f22796
hubert_large,suta,52,stage5ext_00211,8a8222dab0c0c42714216b9bd4c9df455639a8ab6bf3e8b9f2bfcacf53429403cad2b28435366b158f4e53f423dd2371753476ff45cef46cde7012b3f749dd14,England English,england,How can I help you madam?,HOW CAN I HELP YOU MADAME,13953e141c4f5654474c2507c7fc5dbd3a7a6d40059583d948f37cb3d7f22796
hubert_large,suta,52,stage5ext_00212,8a8222dab0c0c42714216b9bd4c9df455639a8ab6bf3e8b9f2bfcacf53429403cad2b28435366b158f4e53f423dd2371753476ff45cef46cde7012b3f749dd14,England English,england,"The very next day, he woke refreshed.",THE VERY NEXT DAY HE WOKE REFRESHED,13953e141c4f5654474c2507c7fc5dbd3a7a6d40059583d948f37cb3d7f22796
hubert_large,suta,53,stage5ext_00213,8a8222dab0c0c42714216b9bd4c9df455639a8ab6bf3e8b9f2bfcacf53429403cad2b28435366b158f4e53f423dd2371753476ff45cef46cde7012b3f749dd14,England English,england,"The C++ framework Qt is pronounced like ""cute"".",THE SEPLUS PLUS FRAMEWORK CU T IS PRONOUNCED LIKE CUTES,a42c24088d48fba3ff3f9a7ecd532315c0719df0b715940d5802f132cad8caa5
hubert_large,suta,53,stage5ext_00214,8a8222dab0c0c42714216b9bd4c9df455639a8ab6bf3e8b9f2bfcacf53429403cad2b28435366b158f4e53f423dd2371753476ff45cef46cde7012b3f749dd14,England English,england,"Please use normal slashes, not backslashes.",PLEASE USE NORMAL SLASHES NOT BACKSLASHES,a42c24088d48fba3ff3f9a7ecd532315c0719df0b715940d5802f132cad8caa5
hubert_large,suta,53,stage5ext_00215,8a8222dab0c0c42714216b9bd4c9df455639a8ab6bf3e8b9f2bfcacf53429403cad2b28435366b158f4e53f423dd2371753476ff45cef46cde7012b3f749dd14,England English,england,What did I tell you?,WHAT DID I TELL YOU,a42c24088d48fba3ff3f9a7ecd532315c0719df0b715940d5802f132cad8caa5
hubert_large,suta,53,stage5ext_00216,8a8222dab0c0c42714216b9bd4c9df455639a8ab6bf3e8b9f2bfcacf53429403cad2b28435366b158f4e53f423dd2371753476ff45cef46cde7012b3f749dd14,England English,england,"They are very impressive, I will admit.",THEY ARE VERY IMPRESSIVE I WILL ADMIT,a42c24088d48fba3ff3f9a7ecd532315c0719df0b715940d5802f132cad8caa5
hubert_large,suta,54,stage5ext_00217,8a8222dab0c0c42714216b9bd4c9df455639a8ab6bf3e8b9f2bfcacf53429403cad2b28435366b158f4e53f423dd2371753476ff45cef46cde7012b3f749dd14,England English,england,"On his visit in Iran, the diplomat criticized the strict censorship.",ON HIS VISE AN IRAN THE DIPLOMAT CRITICISED THE STRICT CENSORSHIP,6369725aa3575bd315ce9e165674eb809a4a000c4ac5a1a148e2fd1023604a54
hubert_large,suta,54,stage5ext_00218,8a8222dab0c0c42714216b9bd4c9df455639a8ab6bf3e8b9f2bfcacf53429403cad2b28435366b158f4e53f423dd2371753476ff45cef46cde7012b3f749dd14,England English,england,"Roger, the backup team is on the way.",ROGER THE BACK UP TEAM IS ON THE WAY,6369725aa3575bd315ce9e165674eb809a4a000c4ac5a1a148e2fd1023604a54
hubert_large,suta,54,stage5ext_00219,8a8222dab0c0c42714216b9bd4c9df455639a8ab6bf3e8b9f2bfcacf53429403cad2b28435366b158f4e53f423dd2371753476ff45cef46cde7012b3f749dd14,England English,england,Do you know what kind of package it was?,DO YOU KNOW WHAT KIND OF PACKAGE IT WAS,6369725aa3575bd315ce9e165674eb809a4a000c4ac5a1a148e2fd1023604a54
hubert_large,suta,54,stage5ext_00220,8a8222dab0c0c42714216b9bd4c9df455639a8ab6bf3e8b9f2bfcacf53429403cad2b28435366b158f4e53f423dd2371753476ff45cef46cde7012b3f749dd14,England English,england,And what did you do then?,AND WHAT DID YOU DO THEN,6369725aa3575bd315ce9e165674eb809a4a000c4ac5a1a148e2fd1023604a54
hubert_large,suta,55,stage5ext_00221,8a8222dab0c0c42714216b9bd4c9df455639a8ab6bf3e8b9f2bfcacf53429403cad2b28435366b158f4e53f423dd2371753476ff45cef46cde7012b3f749dd14,England English,england,Have I offended you?,HAVE I OFFENDED YOU,9a23cb8c8c1f626c5f25d0abea746e43ebc2354e999482092cedd2f21f01aecd
hubert_large,suta,55,stage5ext_00222,8a8222dab0c0c42714216b9bd4c9df455639a8ab6bf3e8b9f2bfcacf53429403cad2b28435366b158f4e53f423dd2371753476ff45cef46cde7012b3f749dd14,England English,england,How is Mozilla going to handle ambiguities like queue and cue?,HOW IS MAZIL GOING TO HANDLE AMBIGOTIES LIKE CU AND KU,9a23cb8c8c1f626c5f25d0abea746e43ebc2354e999482092cedd2f21f01aecd
hubert_large,suta,55,stage5ext_00223,8a8222dab0c0c42714216b9bd4c9df455639a8ab6bf3e8b9f2bfcacf53429403cad2b28435366b158f4e53f423dd2371753476ff45cef46cde7012b3f749dd14,England English,england,"Let's start it all over again, how about that?",LET'S START IT ALL OVER AGAIN HOW ABOUT THAT,9a23cb8c8c1f626c5f25d0abea746e43ebc2354e999482092cedd2f21f01aecd
hubert_large,suta,55,stage5ext_00224,8a8222dab0c0c42714216b9bd4c9df455639a8ab6bf3e8b9f2bfcacf53429403cad2b28435366b158f4e53f423dd2371753476ff45cef46cde7012b3f749dd14,England English,england,"Glass eel is on the menu today, but it's too expensive.",GLASS EEL IS ON THE MENU TO DAY BUT IT'S TOO EXPENSIVE,9a23cb8c8c1f626c5f25d0abea746e43ebc2354e999482092cedd2f21f01aecd
hubert_large,suta,56,stage5ext_00225,8a8222dab0c0c42714216b9bd4c9df455639a8ab6bf3e8b9f2bfcacf53429403cad2b28435366b158f4e53f423dd2371753476ff45cef46cde7012b3f749dd14,England English,england,Do you have Nina's phone number?,DO YOU HAVE NINA'S PONNUMBER,ddddac3b2d5e9c711c04dd16380f15cd5f75ae9a548e234af676936d9b157048
hubert_large,suta,56,stage5ext_00226,f25805de2cc32954193ecf06eea5b03b4bfdb4bfb76079cb6962fa8e301d5037ef953ff8c308458f121dfbc0f9933692b0eaee142f42a33ef6b7be7df794ed3b,England English,england,I wrote that for Tony Scott.,I WROTE THAT FOR TONY SCOTT,ddddac3b2d5e9c711c04dd16380f15cd5f75ae9a548e234af676936d9b157048
hubert_large,suta,56,stage5ext_00227,f25805de2cc32954193ecf06eea5b03b4bfdb4bfb76079cb6962fa8e301d5037ef953ff8c308458f121dfbc0f9933692b0eaee142f42a33ef6b7be7df794ed3b,England English,england,The atoll is surrounded by a coral reef without a proper passage.,THE ATTOL IS SURROUNDED BY A CORAL REEF WITHOUT A PROPER PASSAGE,ddddac3b2d5e9c711c04dd16380f15cd5f75ae9a548e234af676936d9b157048
hubert_large,suta,56,stage5ext_00228,f25805de2cc32954193ecf06eea5b03b4bfdb4bfb76079cb6962fa8e301d5037ef953ff8c308458f121dfbc0f9933692b0eaee142f42a33ef6b7be7df794ed3b,England English,england,There are conflicting reports as to why Blair was asked to resign.,THERE ARE CONFLICTING REPORTS AS TO WHY BLAIR WAS ASKED TO RESIGN,ddddac3b2d5e9c711c04dd16380f15cd5f75ae9a548e234af676936d9b157048
hubert_large,suta,57,stage5ext_00229,f25805de2cc32954193ecf06eea5b03b4bfdb4bfb76079cb6962fa8e301d5037ef953ff8c308458f121dfbc0f9933692b0eaee142f42a33ef6b7be7df794ed3b,England English,england,There they visited a number of monastic foundations.,THERE THEY VISITED A NUMBER OF MONASTIC FOUNDATIONS,8271af31fc31f214578f1759609340914041770ba83d74ae92952e6e3dab4b46
hubert_large,suta,57,stage5ext_00230,f25805de2cc32954193ecf06eea5b03b4bfdb4bfb76079cb6962fa8e301d5037ef953ff8c308458f121dfbc0f9933692b0eaee142f42a33ef6b7be7df794ed3b,England English,england,"The information regarding Amrod's naming, especially, comes from ""The Peoples of Middle-earth"".",THE INFORMATION REGARDING AMROD'S NAMEIN ESPECIALLY COMES FROM THE PEOPLES OF MIDDLE EARTH,8271af31fc31f214578f1759609340914041770ba83d74ae92952e6e3dab4b46
hubert_large,suta,57,stage5ext_00231,f25805de2cc32954193ecf06eea5b03b4bfdb4bfb76079cb6962fa8e301d5037ef953ff8c308458f121dfbc0f9933692b0eaee142f42a33ef6b7be7df794ed3b,England English,england,"It is located within the borders of Gothenburg Municipality, hence its name.",IT IS LOCATED WITHIN THE BORDERS OF GOTTENBURG MUNICIPALITY HENCE ITS NAME,8271af31fc31f214578f1759609340914041770ba83d74ae92952e6e3dab4b46
hubert_large,suta,57,stage5ext_00232,f25805de2cc32954193ecf06eea5b03b4bfdb4bfb76079cb6962fa8e301d5037ef953ff8c308458f121dfbc0f9933692b0eaee142f42a33ef6b7be7df794ed3b,England English,england,Billy May won the Grammy Award for Best Arrangement.,BILLY MAY WON THE GRAMMIAWARD FOR BEST ARRANGEMENT,8271af31fc31f214578f1759609340914041770ba83d74ae92952e6e3dab4b46
hubert_large,suta,58,stage5ext_00233,f25805de2cc32954193ecf06eea5b03b4bfdb4bfb76079cb6962fa8e301d5037ef953ff8c308458f121dfbc0f9933692b0eaee142f42a33ef6b7be7df794ed3b,England English,england,Three additional buildings house kindergarten students.,THREE ADDITIONAL BUILDINGS HOUSE KINDERGARTEN STUDENTS,0ba62a2037641facb8214c032c1e63132278f70574a40af727b04438664a51dc
hubert_large,suta,58,stage5ext_00234,f25805de2cc32954193ecf06eea5b03b4bfdb4bfb76079cb6962fa8e301d5037ef953ff8c308458f121dfbc0f9933692b0eaee142f42a33ef6b7be7df794ed3b,England English,england,Its name is derived from the historic county of Surrey in England.,ITS NAME IS DERIVED FROM THE HISTORIC COUNTY OF SURREY IN ENGLAND,0ba62a2037641facb8214c032c1e63132278f70574a40af727b04438664a51dc
hubert_large,suta,58,stage5ext_00235,f25805de2cc32954193ecf06eea5b03b4bfdb4bfb76079cb6962fa8e301d5037ef953ff8c308458f121dfbc0f9933692b0eaee142f42a33ef6b7be7df794ed3b,England English,england,"Dilshan is one such rare cricketer who can bat, bowl, field and keep wickets.",DILSHAN IS ONE SUCH RARE CRICKTER WHO CAN BAT BOWL FIELD AND KEEP WICKETS,0ba62a2037641facb8214c032c1e63132278f70574a40af727b04438664a51dc
hubert_large,suta,58,stage5ext_00236,f25805de2cc32954193ecf06eea5b03b4bfdb4bfb76079cb6962fa8e301d5037ef953ff8c308458f121dfbc0f9933692b0eaee142f42a33ef6b7be7df794ed3b,England English,england,"In the resulting field, these ""a"" and ""b"" are inverses.",IN THE RESULTING FIELD THESE A AND B ARE INVERSES,0ba62a2037641facb8214c032c1e63132278f70574a40af727b04438664a51dc
hubert_large,suta,59,stage5ext_00237,f25805de2cc32954193ecf06eea5b03b4bfdb4bfb76079cb6962fa8e301d5037ef953ff8c308458f121dfbc0f9933692b0eaee142f42a33ef6b7be7df794ed3b,England English,england,To the Church he left little and to the pope only a souvenir.,TO THE CHURCH HE LEFT LITTLE AND TO THE POPE ONLE SOUVENIR,b9aaa25bf98ec99a735f9aa233d7cd5e7d3b5d1b664b6c44fafa07e81c0f5a87
hubert_large,suta,59,stage5ext_00238,f25805de2cc32954193ecf06eea5b03b4bfdb4bfb76079cb6962fa8e301d5037ef953ff8c308458f121dfbc0f9933692b0eaee142f42a33ef6b7be7df794ed3b,England English,england,There are several formats for the team pursuit.,THERE ARE SEVERAL FORMATS FOR THE TEAM PURSUIT,b9aaa25bf98ec99a735f9aa233d7cd5e7d3b5d1b664b6c44fafa07e81c0f5a87
hubert_large,suta,59,stage5ext_00239,f25805de2cc32954193ecf06eea5b03b4bfdb4bfb76079cb6962fa8e301d5037ef953ff8c308458f121dfbc0f9933692b0eaee142f42a33ef6b7be7df794ed3b,England English,england,"In Harrison, the route enters a residential area before curving southeast toward Stephenson Avenue.",IN HARRISON THE ROUTE ENTERS A RESIDENTIAL AREA BEFORE CURVING SOUTHEAST TOWARD STEVENSON AVENUE,b9aaa25bf98ec99a735f9aa233d7cd5e7d3b5d1b664b6c44fafa07e81c0f5a87
hubert_large,suta,59,stage5ext_00240,f25805de2cc32954193ecf06eea5b03b4bfdb4bfb76079cb6962fa8e301d5037ef953ff8c308458f121dfbc0f9933692b0eaee142f42a33ef6b7be7df794ed3b,England English,england,"The other track, ""To Your Grave"", remains unreleased.",THE OTHER TRUCK TO YOUR GRAVE REMAINS UNRELEASED,b9aaa25bf98ec99a735f9aa233d7cd5e7d3b5d1b664b6c44fafa07e81c0f5a87
hubert_large,suta,60,stage5ext_00241,b2366de045c2eb18ed349bee593e8f3a0c9038602bb8f13f2008fe4ff2087aaa4e5ac78379011510dc25d6a7bcd36a3a6ac86b35f0a27b886832c337d95f27d5,England English,england,The standard prescribes that address collisions must be handled gracefully.,THE STANDARD PRESCRIBES THAT ADDRESSE COLLISIONS MUST BE HANDLED GRACEFULLY,d1f3667a68d6deb34025caece43113b67838d888f4110a1ddc169fefe8f97493
hubert_large,suta,60,stage5ext_00242,b2366de045c2eb18ed349bee593e8f3a0c9038602bb8f13f2008fe4ff2087aaa4e5ac78379011510dc25d6a7bcd36a3a6ac86b35f0a27b886832c337d95f27d5,England English,england,"To this end, they offered the role to Harrison Ford who turned them down.",TO THIS END THEY OFFERED THE ROLL TO HARRIS AND FORP WHO TURNED THEM DOWN,d1f3667a68d6deb34025caece43113b67838d888f4110a1ddc169fefe8f97493
hubert_large,suta,60,stage5ext_00243,b2366de045c2eb18ed349bee593e8f3a0c9038602bb8f13f2008fe4ff2087aaa4e5ac78379011510dc25d6a7bcd36a3a6ac86b35f0a27b886832c337d95f27d5,England English,england,"The word comes from ""krievs"", which means ""Russian"".",THE WORD COMES FROM KRIEFS WHICH MEANS MUSSIAN,d1f3667a68d6deb34025caece43113b67838d888f4110a1ddc169fefe8f97493
hubert_large,suta,60,stage5ext_00244,b2366de045c2eb18ed349bee593e8f3a0c9038602bb8f13f2008fe4ff2087aaa4e5ac78379011510dc25d6a7bcd36a3a6ac86b35f0a27b886832c337d95f27d5,England English,england,"If he went before, he looked back.",IF HE WENT BEFORE HE LOOKED BACK,d1f3667a68d6deb34025caece43113b67838d888f4110a1ddc169fefe8f97493
hubert_large,suta,61,stage5ext_00245,b2366de045c2eb18ed349bee593e8f3a0c9038602bb8f13f2008fe4ff2087aaa4e5ac78379011510dc25d6a7bcd36a3a6ac86b35f0a27b886832c337d95f27d5,England English,england,It is the Artin root number.,IT IS THE ARCENE ROOT NUMBER,4aa940b32d54184baf6d80ac44277deff8024d0b2371b8ca8a856d31ed7d4a56
hubert_large,suta,61,stage5ext_00246,b2366de045c2eb18ed349bee593e8f3a0c9038602bb8f13f2008fe4ff2087aaa4e5ac78379011510dc25d6a7bcd36a3a6ac86b35f0a27b886832c337d95f27d5,England English,england,"Yet, we will ensure that one brutal dictator is not replaced by another.",YET WE WILL INSURE THAT ONE BUGE OF TOTATA IS NOT REPLACED BY ANOTHER,4aa940b32d54184baf6d80ac44277deff8024d0b2371b8ca8a856d31ed7d4a56
hubert_large,suta,61,stage5ext_00247,b2366de045c2eb18ed349bee593e8f3a0c9038602bb8f13f2008fe4ff2087aaa4e5ac78379011510dc25d6a7bcd36a3a6ac86b35f0a27b886832c337d95f27d5,England English,england,Mythic Legions is a fantasy line of action figures from Four Horsemen Studios.,MYTHIC LEGIONS IS A FANTASY LINE OF ACTION FIGURES FROM FOUR HORSEMEN STUDIOS,4aa940b32d54184baf6d80ac44277deff8024d0b2371b8ca8a856d31ed7d4a56
hubert_large,suta,61,stage5ext_00248,b2366de045c2eb18ed349bee593e8f3a0c9038602bb8f13f2008fe4ff2087aaa4e5ac78379011510dc25d6a7bcd36a3a6ac86b35f0a27b886832c337d95f27d5,England English,england,It is a simple scrape with no nest material used.,IT IS A SIMPLE SCRIPE WITH NO NEST MATERIAL USED,4aa940b32d54184baf6d80ac44277deff8024d0b2371b8ca8a856d31ed7d4a56
hubert_large,suta,62,stage5ext_00249,b2366de045c2eb18ed349bee593e8f3a0c9038602bb8f13f2008fe4ff2087aaa4e5ac78379011510dc25d6a7bcd36a3a6ac86b35f0a27b886832c337d95f27d5,England English,england,"He is the one who gives the gorilla the new name of ""Ishmael"".",HE IS THE ONE WHO GIVES THE GORILLA THE NEW NAME OF ISHMAEL,e07b8606a25e60c96a3c70044e7e614ac1155308d06e0a5135c01b014892e8c8
hubert_large,suta,62,stage5ext_00250,b2366de045c2eb18ed349bee593e8f3a0c9038602bb8f13f2008fe4ff2087aaa4e5ac78379011510dc25d6a7bcd36a3a6ac86b35f0a27b886832c337d95f27d5,England English,england,The center was then called Smirnoff Music Centre.,THE CENTRE WAS THEN CALLED SMERNOF MUSIC CENTER,e07b8606a25e60c96a3c70044e7e614ac1155308d06e0a5135c01b014892e8c8
hubert_large,suta,62,stage5ext_00251,b2366de045c2eb18ed349bee593e8f3a0c9038602bb8f13f2008fe4ff2087aaa4e5ac78379011510dc25d6a7bcd36a3a6ac86b35f0a27b886832c337d95f27d5,England English,england,"Also in these television series, Winnetou was played by Brice.",ALSO IN THESE TELLIGENCERIES WIN OR TOO WAS PLAYED BY BRYCE,e07b8606a25e60c96a3c70044e7e614ac1155308d06e0a5135c01b014892e8c8
hubert_large,suta,62,stage5ext_00252,b2366de045c2eb18ed349bee593e8f3a0c9038602bb8f13f2008fe4ff2087aaa4e5ac78379011510dc25d6a7bcd36a3a6ac86b35f0a27b886832c337d95f27d5,England English,england,The event is televised around the globe.,THE EVENT IS TELIVISED AROUND THE GLOBE,e07b8606a25e60c96a3c70044e7e614ac1155308d06e0a5135c01b014892e8c8
hubert_large,suta,63,stage5ext_00253,b2366de045c2eb18ed349bee593e8f3a0c9038602bb8f13f2008fe4ff2087aaa4e5ac78379011510dc25d6a7bcd36a3a6ac86b35f0a27b886832c337d95f27d5,England English,england,Matthews later started Newbridge Networks.,MATTHEW'S LATER STARTED NEWBRIDGE NETWORKS,1c37af347e56d0e13822e175a4ad372d581ecde68b5bd3779b563baadc092e20
hubert_large,suta,63,stage5ext_00254,b2366de045c2eb18ed349bee593e8f3a0c9038602bb8f13f2008fe4ff2087aaa4e5ac78379011510dc25d6a7bcd36a3a6ac86b35f0a27b886832c337d95f27d5,England English,england,Examples of this apparently ungrammatical usage can be found throughout the history of English.,EXAMPLES OF THIS APPARENTLY UNGRAMMATICAL USAGE COULD BE FOUND THROUGHOUT THE HISTORY OF ENGLISH,1c37af347e56d0e13822e175a4ad372d581ecde68b5bd3779b563baadc092e20
hubert_large,suta,63,stage5ext_00255,b2366de045c2eb18ed349bee593e8f3a0c9038602bb8f13f2008fe4ff2087aaa4e5ac78379011510dc25d6a7bcd36a3a6ac86b35f0a27b886832c337d95f27d5,England English,england,FaSinPat has been financially successful and able to expand.,FAR SEEN PAT HAS BEEN FINANCIALLY SUCCESSFUL AND ABLE TO EXPAND,1c37af347e56d0e13822e175a4ad372d581ecde68b5bd3779b563baadc092e20
hubert_large,suta,63,stage5ext_00256,94902b88a78c4f1863a7effcce3553303f5bb14d8d6eea7900eea1c261ebf3a2ea97f8d9ecfc4c58dbe683f2df36a1653231f495f7ad9cc38f9fe61a0b2275ac,England English,england,"Salmon is one of the most popular fish and very delicious, though usually not sustainable.",SALMON IS ONE OF THE MOST POPULAR FISH AND VERY DELICIOUS THOUGH USUALLY NOT SUSTAINABLE,1c37af347e56d0e13822e175a4ad372d581ecde68b5bd3779b563baadc092e20
hubert_large,suta,64,stage5ext_00257,94902b88a78c4f1863a7effcce3553303f5bb14d8d6eea7900eea1c261ebf3a2ea97f8d9ecfc4c58dbe683f2df36a1653231f495f7ad9cc38f9fe61a0b2275ac,England English,england,"It's such an unfair world, innit?",IT'S SUCH AN UNFAREWELL IN'T IT,916aea4175d1411e9d7d6b81e26e42ce65f27e1f640c893bdf433abaa108818a
hubert_large,suta,64,stage5ext_00258,94902b88a78c4f1863a7effcce3553303f5bb14d8d6eea7900eea1c261ebf3a2ea97f8d9ecfc4c58dbe683f2df36a1653231f495f7ad9cc38f9fe61a0b2275ac,England English,england,"A musical note sustained to its full length, with no break between it and the next note.",A MUSICAL NOTE SUSTAINED TO ITS FULL LENGTH WITH NO BREAK BETWEEN IT AND THE NEXT NOTE,916aea4175d1411e9d7d6b81e26e42ce65f27e1f640c893bdf433abaa108818a
hubert_large,suta,64,stage5ext_00259,94902b88a78c4f1863a7effcce3553303f5bb14d8d6eea7900eea1c261ebf3a2ea97f8d9ecfc4c58dbe683f2df36a1653231f495f7ad9cc38f9fe61a0b2275ac,England English,england,"After playing tennis in virtual reality, he felt dizzy.",AFTER PLAYING TENNIS IN VIRTUAL REALITY HE FELT DIZZY,916aea4175d1411e9d7d6b81e26e42ce65f27e1f640c893bdf433abaa108818a
hubert_large,suta,64,stage5ext_00260,94902b88a78c4f1863a7effcce3553303f5bb14d8d6eea7900eea1c261ebf3a2ea97f8d9ecfc4c58dbe683f2df36a1653231f495f7ad9cc38f9fe61a0b2275ac,England English,england,"Take a sponge, some dish liquid and a towel, then get to work!",TAKE A SPONGE SOME DISH LIQUID AND A TOWEL THEN GET TO WORK,916aea4175d1411e9d7d6b81e26e42ce65f27e1f640c893bdf433abaa108818a
hubert_large,suta,65,stage5ext_00261,94902b88a78c4f1863a7effcce3553303f5bb14d8d6eea7900eea1c261ebf3a2ea97f8d9ecfc4c58dbe683f2df36a1653231f495f7ad9cc38f9fe61a0b2275ac,England English,england,Have you seen Hollie?,HAVE YOU SEEN HOLLY,3626e1270d3abbe38db8b6d7bb4c45a97a7773b2a7997eae6b481ba4dcdf903b
hubert_large,suta,65,stage5ext_00262,94902b88a78c4f1863a7effcce3553303f5bb14d8d6eea7900eea1c261ebf3a2ea97f8d9ecfc4c58dbe683f2df36a1653231f495f7ad9cc38f9fe61a0b2275ac,England English,england,Do geese always fly in that formation?,DO GEESE ALWAYS FLY IN THAT FORMATION,3626e1270d3abbe38db8b6d7bb4c45a97a7773b2a7997eae6b481ba4dcdf903b
hubert_large,suta,65,stage5ext_00263,94902b88a78c4f1863a7effcce3553303f5bb14d8d6eea7900eea1c261ebf3a2ea97f8d9ecfc4c58dbe683f2df36a1653231f495f7ad9cc38f9fe61a0b2275ac,England English,england,"No one picked up, so I went by her place on the way here.",NO ONE PICKED UP SO I WENT BY HER PLACE ON THE WAY HERE,3626e1270d3abbe38db8b6d7bb4c45a97a7773b2a7997eae6b481ba4dcdf903b
hubert_large,suta,65,stage5ext_00264,94902b88a78c4f1863a7effcce3553303f5bb14d8d6eea7900eea1c261ebf3a2ea97f8d9ecfc4c58dbe683f2df36a1653231f495f7ad9cc38f9fe61a0b2275ac,England English,england,Have I offended you?,HAVE I OFFENDED YOU,3626e1270d3abbe38db8b6d7bb4c45a97a7773b2a7997eae6b481ba4dcdf903b
hubert_large,suta,66,stage5ext_00265,94902b88a78c4f1863a7effcce3553303f5bb14d8d6eea7900eea1c261ebf3a2ea97f8d9ecfc4c58dbe683f2df36a1653231f495f7ad9cc38f9fe61a0b2275ac,England English,england,What does that mean?,WHAT DOES THAT MEAN,fbc4ed9450c0047cfe191108eac774784e0e37c23eae72c3f8ffb7830979e16e
hubert_large,suta,66,stage5ext_00266,94902b88a78c4f1863a7effcce3553303f5bb14d8d6eea7900eea1c261ebf3a2ea97f8d9ecfc4c58dbe683f2df36a1653231f495f7ad9cc38f9fe61a0b2275ac,England English,england,There's just one last bug I'd like to fix before I head home.,THERE'S JUST ONE LAST BUG I'D LIKE TO FIX BEFORE I HEAD HOME,fbc4ed9450c0047cfe191108eac774784e0e37c23eae72c3f8ffb7830979e16e
hubert_large,suta,66,stage5ext_00267,94902b88a78c4f1863a7effcce3553303f5bb14d8d6eea7900eea1c261ebf3a2ea97f8d9ecfc4c58dbe683f2df36a1653231f495f7ad9cc38f9fe61a0b2275ac,England English,england,I suspect this may be someone new making themselves known.,I SUSPECT THIS MAY BE SOMEONE NEW MAKING THEMSELVES KNOWN,fbc4ed9450c0047cfe191108eac774784e0e37c23eae72c3f8ffb7830979e16e
hubert_large,suta,66,stage5ext_00268,94902b88a78c4f1863a7effcce3553303f5bb14d8d6eea7900eea1c261ebf3a2ea97f8d9ecfc4c58dbe683f2df36a1653231f495f7ad9cc38f9fe61a0b2275ac,England English,england,"Clams are small, round, soft, and tasty.",CLAMS ARE SMALL ROUND SOFT AND TASTY,fbc4ed9450c0047cfe191108eac774784e0e37c23eae72c3f8ffb7830979e16e
hubert_large,suta,67,stage5ext_00269,94902b88a78c4f1863a7effcce3553303f5bb14d8d6eea7900eea1c261ebf3a2ea97f8d9ecfc4c58dbe683f2df36a1653231f495f7ad9cc38f9fe61a0b2275ac,England English,england,Can I get the sandwich without mayonnaise?,CAN I GET A SANDWICH WITHOUT MAYONAISE,30fde5715e579c18960c29a5d10eecb082242c7096e0e3bad3de9e5a9ab7f864
hubert_large,suta,67,stage5ext_00270,94902b88a78c4f1863a7effcce3553303f5bb14d8d6eea7900eea1c261ebf3a2ea97f8d9ecfc4c58dbe683f2df36a1653231f495f7ad9cc38f9fe61a0b2275ac,England English,england,"Here, let me show you around.",HERE LET ME SHOW YOU AROUND,30fde5715e579c18960c29a5d10eecb082242c7096e0e3bad3de9e5a9ab7f864
hubert_large,suta,67,stage5ext_00271,3742174ae31b78b11558814a7196a5eec0f489ad3e728a2a125dd1a60c809a770eeaa758499c014bf728437835b4ea9c031a3a9c838b3882b35ed28744768ef3,England English,england,It will replace the existing train station hall inside the mall.,IT WILL REPLACE THE EXISTINT TRAIN STATION HALL INSIDE THE MALL,30fde5715e579c18960c29a5d10eecb082242c7096e0e3bad3de9e5a9ab7f864
hubert_large,suta,67,stage5ext_00272,3742174ae31b78b11558814a7196a5eec0f489ad3e728a2a125dd1a60c809a770eeaa758499c014bf728437835b4ea9c031a3a9c838b3882b35ed28744768ef3,England English,england,"Yes, it would be.",YES IT WOULD BE,30fde5715e579c18960c29a5d10eecb082242c7096e0e3bad3de9e5a9ab7f864
hubert_large,suta,68,stage5ext_00273,3742174ae31b78b11558814a7196a5eec0f489ad3e728a2a125dd1a60c809a770eeaa758499c014bf728437835b4ea9c031a3a9c838b3882b35ed28744768ef3,England English,england,"The Google search bar is for searching, not for typing URLs!",THE LULE SERVEBORO IS FOR SEARCHING NOT FOR TYPE AND URALS,333b36c8cd5abcc600eef871bc0a96933f6693e8585e7a43e78c33c056189d4a
hubert_large,suta,68,stage5ext_00274,3742174ae31b78b11558814a7196a5eec0f489ad3e728a2a125dd1a60c809a770eeaa758499c014bf728437835b4ea9c031a3a9c838b3882b35ed28744768ef3,England English,england,"C'mon, we need to turn on our GPS so we don't end up in the middle of nowhere.",COME ON WE NEED TO CHURN ON OUJIBIES SO WE DON'T END UP IN THE MIDDLE OF NOWHERE,333b36c8cd5abcc600eef871bc0a96933f6693e8585e7a43e78c33c056189d4a
hubert_large,suta,68,stage5ext_00275,3742174ae31b78b11558814a7196a5eec0f489ad3e728a2a125dd1a60c809a770eeaa758499c014bf728437835b4ea9c031a3a9c838b3882b35ed28744768ef3,England English,england,"After an avalanche buried the skiing resort, it was hard to determine its exact location.",AFTER ANVALANCE BURIEDO SKY AND WESERT IT WAS HARD TO DETERMINE ITS EXEGLOCATION,333b36c8cd5abcc600eef871bc0a96933f6693e8585e7a43e78c33c056189d4a
hubert_large,suta,68,stage5ext_00276,3742174ae31b78b11558814a7196a5eec0f489ad3e728a2a125dd1a60c809a770eeaa758499c014bf728437835b4ea9c031a3a9c838b3882b35ed28744768ef3,England English,england,Who has already arrived?,WHO HAS ALREADY ARRIVED,333b36c8cd5abcc600eef871bc0a96933f6693e8585e7a43e78c33c056189d4a
hubert_large,suta,69,stage5ext_00277,3742174ae31b78b11558814a7196a5eec0f489ad3e728a2a125dd1a60c809a770eeaa758499c014bf728437835b4ea9c031a3a9c838b3882b35ed28744768ef3,England English,england,"I like reading about medical mysteries, don't you?",I LIKE RIDIN ABOUT MEDICAL MYSTERIES DON'T YOU,189cfbcfe073b9f49bbe359495c8b687ee05235f19fbfc4d3461b71ef0ff39ae
hubert_large,suta,69,stage5ext_00278,3742174ae31b78b11558814a7196a5eec0f489ad3e728a2a125dd1a60c809a770eeaa758499c014bf728437835b4ea9c031a3a9c838b3882b35ed28744768ef3,England English,england,In a cataleptic trance.,IN THE CATHALEPTIC TRANCE,189cfbcfe073b9f49bbe359495c8b687ee05235f19fbfc4d3461b71ef0ff39ae
hubert_large,suta,69,stage5ext_00279,3742174ae31b78b11558814a7196a5eec0f489ad3e728a2a125dd1a60c809a770eeaa758499c014bf728437835b4ea9c031a3a9c838b3882b35ed28744768ef3,England English,england,"The thing is, nobody knew what was happening.",HETHIN IS NOBODY KNEW WHAT WAS HAPPENING,189cfbcfe073b9f49bbe359495c8b687ee05235f19fbfc4d3461b71ef0ff39ae
hubert_large,suta,69,stage5ext_00280,3742174ae31b78b11558814a7196a5eec0f489ad3e728a2a125dd1a60c809a770eeaa758499c014bf728437835b4ea9c031a3a9c838b3882b35ed28744768ef3,England English,england,"Living alone, she made solitude her best friend.",LIVING ELAWN SHE MADE SOLITUDE HER BEST FRIEND,189cfbcfe073b9f49bbe359495c8b687ee05235f19fbfc4d3461b71ef0ff39ae
hubert_large,suta,70,stage5ext_00281,3742174ae31b78b11558814a7196a5eec0f489ad3e728a2a125dd1a60c809a770eeaa758499c014bf728437835b4ea9c031a3a9c838b3882b35ed28744768ef3,England English,england,She did her first scene with Peter North.,SHE DID HER FIRST SCENE WITH BEECHERNOTH,16c209811062f2e8e6c134742a54d57acd873618629a591c6515bc0285d86ccf
hubert_large,suta,70,stage5ext_00282,3742174ae31b78b11558814a7196a5eec0f489ad3e728a2a125dd1a60c809a770eeaa758499c014bf728437835b4ea9c031a3a9c838b3882b35ed28744768ef3,England English,england,"Television can make you dumb, but it can also be good education.",TELEVISION CAN MAKE YOU DAMP BUT IT CAN ALSO BE GOOD EDUCATION,16c209811062f2e8e6c134742a54d57acd873618629a591c6515bc0285d86ccf
hubert_large,suta,70,stage5ext_00283,3742174ae31b78b11558814a7196a5eec0f489ad3e728a2a125dd1a60c809a770eeaa758499c014bf728437835b4ea9c031a3a9c838b3882b35ed28744768ef3,England English,england,"In a cinematic rope-down maneuver, the special forces overwhelmed the criminals.",IN THE SCYNEMETIC ROBDAM MONURE THE SPECIAL FORCES OVERHANG THE CRIMINALS,16c209811062f2e8e6c134742a54d57acd873618629a591c6515bc0285d86ccf
hubert_large,suta,70,stage5ext_00284,3742174ae31b78b11558814a7196a5eec0f489ad3e728a2a125dd1a60c809a770eeaa758499c014bf728437835b4ea9c031a3a9c838b3882b35ed28744768ef3,England English,england,What can have happened?,WHAT CAN HAVE HAPPENED,16c209811062f2e8e6c134742a54d57acd873618629a591c6515bc0285d86ccf
hubert_large,suta,71,stage5ext_00285,3742174ae31b78b11558814a7196a5eec0f489ad3e728a2a125dd1a60c809a770eeaa758499c014bf728437835b4ea9c031a3a9c838b3882b35ed28744768ef3,England English,england,Now where could my pipe be?,NOW WHERE COULD MY PIPE BE,9c544d45af6d4eeb22af0df32becd14471e735c2cc82540b42a3257924bc66e8
hubert_large,suta,71,stage5ext_00286,e52a28d767575f4c42c09ca60e1aeaca303322a7771a484213c006ee0297bc33805e0e8dfe177da9a618d61156c387a65a6530200eb9502866cd36c88293e84f,England English,england,I'd love to hear readers sing this.,I'D LOVE TO HEAR THE READER SING THIS,9c544d45af6d4eeb22af0df32becd14471e735c2cc82540b42a3257924bc66e8
hubert_large,suta,71,stage5ext_00287,e52a28d767575f4c42c09ca60e1aeaca303322a7771a484213c006ee0297bc33805e0e8dfe177da9a618d61156c387a65a6530200eb9502866cd36c88293e84f,England English,england,The pup jerked the leash as he saw a feline shape.,THE PAP JERKED THE LEASH AS HE SAW A FELINE SHAPE,9c544d45af6d4eeb22af0df32becd14471e735c2cc82540b42a3257924bc66e8
hubert_large,suta,71,stage5ext_00288,e52a28d767575f4c42c09ca60e1aeaca303322a7771a484213c006ee0297bc33805e0e8dfe177da9a618d61156c387a65a6530200eb9502866cd36c88293e84f,England English,england,"It's raining heavily, take an umbrella.",IT'S RAINING HEAVILY TAKE AN UMBRELLA,9c544d45af6d4eeb22af0df32becd14471e735c2cc82540b42a3257924bc66e8
hubert_large,suta,72,stage5ext_00289,e52a28d767575f4c42c09ca60e1aeaca303322a7771a484213c006ee0297bc33805e0e8dfe177da9a618d61156c387a65a6530200eb9502866cd36c88293e84f,England English,england,"Oh, I don't know.",OH I DON'T KNOW,962c9c7d41910767b2a98b769a1ccd607b94bdc6a20a5df57900bad182ec577b
hubert_large,suta,72,stage5ext_00290,e52a28d767575f4c42c09ca60e1aeaca303322a7771a484213c006ee0297bc33805e0e8dfe177da9a618d61156c387a65a6530200eb9502866cd36c88293e84f,England English,england,I have to work this Saturday.,I HAVE TO WORK THIS SATURDAY,962c9c7d41910767b2a98b769a1ccd607b94bdc6a20a5df57900bad182ec577b
hubert_large,suta,72,stage5ext_00291,e52a28d767575f4c42c09ca60e1aeaca303322a7771a484213c006ee0297bc33805e0e8dfe177da9a618d61156c387a65a6530200eb9502866cd36c88293e84f,England English,england,By twenty-twenty-two I expect the problem will be solved.,BY TWENTY TWENTY TWO I EXPECT THE PROBLEM WILL BE SOLVED,962c9c7d41910767b2a98b769a1ccd607b94bdc6a20a5df57900bad182ec577b
hubert_large,suta,72,stage5ext_00292,e52a28d767575f4c42c09ca60e1aeaca303322a7771a484213c006ee0297bc33805e0e8dfe177da9a618d61156c387a65a6530200eb9502866cd36c88293e84f,England English,england,The incubation period is typically about two weeks.,THE INCUBATION PERIOD IS TYPICALLY ABOUT TWO WEEKS,962c9c7d41910767b2a98b769a1ccd607b94bdc6a20a5df57900bad182ec577b
hubert_large,suta,73,stage5ext_00293,e52a28d767575f4c42c09ca60e1aeaca303322a7771a484213c006ee0297bc33805e0e8dfe177da9a618d61156c387a65a6530200eb9502866cd36c88293e84f,England English,england,The sink is the thing in which we pile dishes.,THE SINK IS THE THING IN WHICH WE PILE DISHES,acf45a1e15e82048616a6bdf2f7fab4a4c9caa61e6cf0ff00f7671386b15f805
hubert_large,suta,73,stage5ext_00294,e52a28d767575f4c42c09ca60e1aeaca303322a7771a484213c006ee0297bc33805e0e8dfe177da9a618d61156c387a65a6530200eb9502866cd36c88293e84f,England English,england,Rick was in the first aid club as a sixth-former.,RICK WAS IN THE FIRST AID CLUB AS A SIXTH FORMER,acf45a1e15e82048616a6bdf2f7fab4a4c9caa61e6cf0ff00f7671386b15f805
hubert_large,suta,73,stage5ext_00295,e52a28d767575f4c42c09ca60e1aeaca303322a7771a484213c006ee0297bc33805e0e8dfe177da9a618d61156c387a65a6530200eb9502866cd36c88293e84f,England English,england,"Hello, my name is Brenda.",HULLO MY NAME IS BRANDA,acf45a1e15e82048616a6bdf2f7fab4a4c9caa61e6cf0ff00f7671386b15f805
hubert_large,suta,73,stage5ext_00296,e52a28d767575f4c42c09ca60e1aeaca303322a7771a484213c006ee0297bc33805e0e8dfe177da9a618d61156c387a65a6530200eb9502866cd36c88293e84f,England English,england,Keep It Simple The KISS principal.,KEEP IT SIMPLE THE KISS PRINCIPLE,acf45a1e15e82048616a6bdf2f7fab4a4c9caa61e6cf0ff00f7671386b15f805
hubert_large,suta,74,stage5ext_00297,e52a28d767575f4c42c09ca60e1aeaca303322a7771a484213c006ee0297bc33805e0e8dfe177da9a618d61156c387a65a6530200eb9502866cd36c88293e84f,England English,england,"If you experience further problems, please let me know.",IF YOU EXPERIENCE FURTHER PROBLEMS PLEASE LET ME KNOW,a8af14e8dee089b4345b4d2add4474cee9d526db1b641b6363fcf2d4f99db0b3
hubert_large,suta,74,stage5ext_00298,e52a28d767575f4c42c09ca60e1aeaca303322a7771a484213c006ee0297bc33805e0e8dfe177da9a618d61156c387a65a6530200eb9502866cd36c88293e84f,England English,england,I did this to prevent cycling and encourage greater movement through the solution space.,I DID THIS TO PREVENT CYCLING AND ENCOURAGE GREATER MOVEMENT THROUGH THE SOLUTION SPACE,a8af14e8dee089b4345b4d2add4474cee9d526db1b641b6363fcf2d4f99db0b3
hubert_large,suta,74,stage5ext_00299,e52a28d767575f4c42c09ca60e1aeaca303322a7771a484213c006ee0297bc33805e0e8dfe177da9a618d61156c387a65a6530200eb9502866cd36c88293e84f,England English,england,The dog was wagged its tail.,THE DOG VOSE WAGGED ITS TAIL,a8af14e8dee089b4345b4d2add4474cee9d526db1b641b6363fcf2d4f99db0b3
hubert_large,suta,74,stage5ext_00300,e52a28d767575f4c42c09ca60e1aeaca303322a7771a484213c006ee0297bc33805e0e8dfe177da9a618d61156c387a65a6530200eb9502866cd36c88293e84f,England English,england,The box is held by a bright red snapper.,THE BOX IS HELD BY A BRIGHT RED SNAPPER,a8af14e8dee089b4345b4d2add4474cee9d526db1b641b6363fcf2d4f99db0b3
hubert_large,suta,75,stage5ext_00301,8f7e0c1a745bde3b6375473b87b997d5f687a8a0d9c28a96b8fd9b2db97634c0c09607da808a8e8a08588137234ce63b8a9e537fd15117628bc7cfca6ae12059,South Asian English,south_asian,"Also, oil and coal have hidden costs that others have to pay.",ALSO OIL AND COAL HAVE HIDDEN COSTS THAT OTHERS HAVE TO PAY,0ccb5376e30745cf8d4a3e5b655226330dc673bb43a74d0c1ffb4ca2aced1326
hubert_large,suta,75,stage5ext_00302,8f7e0c1a745bde3b6375473b87b997d5f687a8a0d9c28a96b8fd9b2db97634c0c09607da808a8e8a08588137234ce63b8a9e537fd15117628bc7cfca6ae12059,South Asian English,south_asian,The rest of the site is now a gated community of up-market homes.,THE REST OF THE SIDE IS NOW A GATED COMMUNITY OF UP MARKETOMS,0ccb5376e30745cf8d4a3e5b655226330dc673bb43a74d0c1ffb4ca2aced1326
hubert_large,suta,75,stage5ext_00303,8f7e0c1a745bde3b6375473b87b997d5f687a8a0d9c28a96b8fd9b2db97634c0c09607da808a8e8a08588137234ce63b8a9e537fd15117628bc7cfca6ae12059,South Asian English,south_asian,"We first met each other under the Eiffel tower, it was magical.",WE FIRST MET EACH OTHER UNDER THE EE FOR TOBER IT WAS MAGICAL,0ccb5376e30745cf8d4a3e5b655226330dc673bb43a74d0c1ffb4ca2aced1326
hubert_large,suta,75,stage5ext_00304,8f7e0c1a745bde3b6375473b87b997d5f687a8a0d9c28a96b8fd9b2db97634c0c09607da808a8e8a08588137234ce63b8a9e537fd15117628bc7cfca6ae12059,South Asian English,south_asian,"You know, singing karaoke with you makes me realize how good of a singer I am.",YOU KNOW SINGING KAROKE WITH YOU MAKES ME REALIE HOW GOOD OF A SINGER I AM,0ccb5376e30745cf8d4a3e5b655226330dc673bb43a74d0c1ffb4ca2aced1326
hubert_large,suta,76,stage5ext_00305,8f7e0c1a745bde3b6375473b87b997d5f687a8a0d9c28a96b8fd9b2db97634c0c09607da808a8e8a08588137234ce63b8a9e537fd15117628bc7cfca6ae12059,South Asian English,south_asian,Many rare shore birds breed here along the beaches.,MANY RARE SHOREBIRDS BREED HERE ALONG THE BEACHES,745df1fca67ae8300314e873d33c26f26f64d3876cee19d8d275cfb9f34c3cf4
hubert_large,suta,76,stage5ext_00306,8f7e0c1a745bde3b6375473b87b997d5f687a8a0d9c28a96b8fd9b2db97634c0c09607da808a8e8a08588137234ce63b8a9e537fd15117628bc7cfca6ae12059,South Asian English,south_asian,There is no legal recognition of same-sex couples explicitly in Venezuelan law.,THERE IS NO LEGAL RECOGNITION OF SAME SEX COUPLES EXPLICITLY IN VENSULIAN LAW,745df1fca67ae8300314e873d33c26f26f64d3876cee19d8d275cfb9f34c3cf4
hubert_large,suta,76,stage5ext_00307,8f7e0c1a745bde3b6375473b87b997d5f687a8a0d9c28a96b8fd9b2db97634c0c09607da808a8e8a08588137234ce63b8a9e537fd15117628bc7cfca6ae12059,South Asian English,south_asian,"It was easy to see on the radiogram, that his bones were broken.",IT WAS EASY TO SEE ON THE RADIOGRAM THAT HIS BONES WERE BROKEN,745df1fca67ae8300314e873d33c26f26f64d3876cee19d8d275cfb9f34c3cf4
hubert_large,suta,76,stage5ext_00308,8f7e0c1a745bde3b6375473b87b997d5f687a8a0d9c28a96b8fd9b2db97634c0c09607da808a8e8a08588137234ce63b8a9e537fd15117628bc7cfca6ae12059,South Asian English,south_asian,"However, ""Maggi goreng"" is cooked by stir-frying them with vegetables and eggs.",HOWEVER MAGGIE GORRING IS COOKED BY SURFRYIME AN BIETABLES AND EGGS,745df1fca67ae8300314e873d33c26f26f64d3876cee19d8d275cfb9f34c3cf4
hubert_large,suta,77,stage5ext_00309,8f7e0c1a745bde3b6375473b87b997d5f687a8a0d9c28a96b8fd9b2db97634c0c09607da808a8e8a08588137234ce63b8a9e537fd15117628bc7cfca6ae12059,South Asian English,south_asian,with the University of the Hon.,BID THE UNIVERSITY OF THE HORN,e9650a9b359024b1d638bc0918588668eca4c415e0f9d8b249e30f5501a7ff49
hubert_large,suta,77,stage5ext_00310,8f7e0c1a745bde3b6375473b87b997d5f687a8a0d9c28a96b8fd9b2db97634c0c09607da808a8e8a08588137234ce63b8a9e537fd15117628bc7cfca6ae12059,South Asian English,south_asian,"Bacon, pancakes and maple syrup is a hearty start to any day.",BACON PANCAKES AND MAPLE SYRUP IS A HEARTY START TO ANY DAY,e9650a9b359024b1d638bc0918588668eca4c415e0f9d8b249e30f5501a7ff49
hubert_large,suta,77,stage5ext_00311,8f7e0c1a745bde3b6375473b87b997d5f687a8a0d9c28a96b8fd9b2db97634c0c09607da808a8e8a08588137234ce63b8a9e537fd15117628bc7cfca6ae12059,South Asian English,south_asian,"Fortunately for us, our sun will continue to be around for a few billion years.",FORTUNATELY FOR US OUR SON WILL CONTINUE TO BE AROUND FOR A FEW BILLION YEARS,e9650a9b359024b1d638bc0918588668eca4c415e0f9d8b249e30f5501a7ff49
hubert_large,suta,77,stage5ext_00312,8f7e0c1a745bde3b6375473b87b997d5f687a8a0d9c28a96b8fd9b2db97634c0c09607da808a8e8a08588137234ce63b8a9e537fd15117628bc7cfca6ae12059,South Asian English,south_asian,Why can't I skip this damn intro?,WHY CAN'T I SKEEP THIS DAMNED INTRO,e9650a9b359024b1d638bc0918588668eca4c415e0f9d8b249e30f5501a7ff49
hubert_large,suta,78,stage5ext_00313,8f7e0c1a745bde3b6375473b87b997d5f687a8a0d9c28a96b8fd9b2db97634c0c09607da808a8e8a08588137234ce63b8a9e537fd15117628bc7cfca6ae12059,South Asian English,south_asian,"They, too, had been carelessly left unbolted.",THEY TOO HAD BEEN CARELESSLY LEFT UNBOLTED,95cd2bda193e21eb783b032cc22a1b15455293dde856e34eec5732afa884340c
hubert_large,suta,78,stage5ext_00314,8f7e0c1a745bde3b6375473b87b997d5f687a8a0d9c28a96b8fd9b2db97634c0c09607da808a8e8a08588137234ce63b8a9e537fd15117628bc7cfca6ae12059,South Asian English,south_asian,It is located in the Parque Patricios neighborhood of Buenos Aires.,IT IS LOCATED IN THE PARK PATRI'S NEIGHBORHOOD OF BUONES ARIS,95cd2bda193e21eb783b032cc22a1b15455293dde856e34eec5732afa884340c
hubert_large,suta,78,stage5ext_00315,8f7e0c1a745bde3b6375473b87b997d5f687a8a0d9c28a96b8fd9b2db97634c0c09607da808a8e8a08588137234ce63b8a9e537fd15117628bc7cfca6ae12059,South Asian English,south_asian,Williams is actively engaged in public service and philanthropy.,WILLIAMS IS ACTUALLY ENGAGED IN PUBLIC SERVICE AND PILANTHROPI,95cd2bda193e21eb783b032cc22a1b15455293dde856e34eec5732afa884340c
hubert_large,suta,78,stage5ext_00316,f6987deb24305a72a216ab20686f51f94b6f8705775768dd535e4da88ff7117abfe923d46999a076b82dd084f2eb5ae7185de770ddb184c4e3a01d5b6390da20,South Asian English,south_asian,These cars were all basically retrimmed Mercurys.,THESE CAUSES WERE ALL BASICALY RICH AND MERCURIOUS,95cd2bda193e21eb783b032cc22a1b15455293dde856e34eec5732afa884340c
hubert_large,suta,79,stage5ext_00317,f6987deb24305a72a216ab20686f51f94b6f8705775768dd535e4da88ff7117abfe923d46999a076b82dd084f2eb5ae7185de770ddb184c4e3a01d5b6390da20,South Asian English,south_asian,There are many small businesses throughout the small town that contribute to economic success.,THERE ARE MANY SMALL BUSINESSES THROUGHOUT THIS MONE OF THAT QONTRITU GOT ECONOMIC SUCCESS,e43394f4e1649bd9a0e454c4fcb357cd80732ab7320556be00c699debfd99760
hubert_large,suta,79,stage5ext_00318,f6987deb24305a72a216ab20686f51f94b6f8705775768dd535e4da88ff7117abfe923d46999a076b82dd084f2eb5ae7185de770ddb184c4e3a01d5b6390da20,South Asian English,south_asian,Derivational morphology often involves the addition of a derivational suffix or other affix.,DERIGATIONAN MOTHOLOGY OFTEN INVOLVES THE ADDITION OFER DERIGATIONAL SOFICS OR OTHER EFFICS,e43394f4e1649bd9a0e454c4fcb357cd80732ab7320556be00c699debfd99760
hubert_large,suta,79,stage5ext_00319,f6987deb24305a72a216ab20686f51f94b6f8705775768dd535e4da88ff7117abfe923d46999a076b82dd084f2eb5ae7185de770ddb184c4e3a01d5b6390da20,South Asian English,south_asian,The school sports mascot is the Gator.,THE SCHOOL SPORTSMASTER IS THE GAITER,e43394f4e1649bd9a0e454c4fcb357cd80732ab7320556be00c699debfd99760
hubert_large,suta,79,stage5ext_00320,f6987deb24305a72a216ab20686f51f94b6f8705775768dd535e4da88ff7117abfe923d46999a076b82dd084f2eb5ae7185de770ddb184c4e3a01d5b6390da20,South Asian English,south_asian,The incident made him more aware of his future.,THE INCIDENT MADE HIM MORE ALARE OF HIS TEACHERS,e43394f4e1649bd9a0e454c4fcb357cd80732ab7320556be00c699debfd99760
hubert_large,suta,80,stage5ext_00321,f6987deb24305a72a216ab20686f51f94b6f8705775768dd535e4da88ff7117abfe923d46999a076b82dd084f2eb5ae7185de770ddb184c4e3a01d5b6390da20,South Asian English,south_asian,Toronto Netball Club plays at Westlakes Netball Association.,TORANTONETPOLDGLUV PLAYS AT WESLIK'S METPAL ASSOCIATION,1cd523e606cde30acfeed6a6f391669200d5991ad335cbc318f70f6f91f2e873
hubert_large,suta,80,stage5ext_00322,f6987deb24305a72a216ab20686f51f94b6f8705775768dd535e4da88ff7117abfe923d46999a076b82dd084f2eb5ae7185de770ddb184c4e3a01d5b6390da20,South Asian English,south_asian,He returned to the field for the final three games of the season.,SHE RETURNED TO THE THREE FOR THE FINAN THREE GAMES OF THE SEASON,1cd523e606cde30acfeed6a6f391669200d5991ad335cbc318f70f6f91f2e873
hubert_large,suta,80,stage5ext_00323,f6987deb24305a72a216ab20686f51f94b6f8705775768dd535e4da88ff7117abfe923d46999a076b82dd084f2eb5ae7185de770ddb184c4e3a01d5b6390da20,South Asian English,south_asian,"His first season numbers were unimpressive, reflecting his rookie status.",HIS FIRST SEASON NUMBERS WERE UNIMPRESSIVE REFLECTING HIS LOOPY SUITUS,1cd523e606cde30acfeed6a6f391669200d5991ad335cbc318f70f6f91f2e873
hubert_large,suta,80,stage5ext_00324,f6987deb24305a72a216ab20686f51f94b6f8705775768dd535e4da88ff7117abfe923d46999a076b82dd084f2eb5ae7185de770ddb184c4e3a01d5b6390da20,South Asian English,south_asian,Two thousand copies of the album were available on the band's website.,TWO THOUSAND COPIES OF THE ALBUM WERE AVAILABLE ON ENANC LIPSITE,1cd523e606cde30acfeed6a6f391669200d5991ad335cbc318f70f6f91f2e873
hubert_large,suta,81,stage5ext_00325,f6987deb24305a72a216ab20686f51f94b6f8705775768dd535e4da88ff7117abfe923d46999a076b82dd084f2eb5ae7185de770ddb184c4e3a01d5b6390da20,South Asian English,south_asian,"With Lajoie gone, the club needed a new name.",WITH LAJEI GONE THE CLUB NEEDED A NEW KING,98e93ff1885714d48fd10ffb490988c4e98bcf259a61690e6fecff235294f975
hubert_large,suta,81,stage5ext_00326,f6987deb24305a72a216ab20686f51f94b6f8705775768dd535e4da88ff7117abfe923d46999a076b82dd084f2eb5ae7185de770ddb184c4e3a01d5b6390da20,South Asian English,south_asian,Pendergrass got well-wishes from thousands of his fans during his recovery.,SPENCER GRASS CAUGHT MELL FISHES FROM BONDLES OF THE SPANS DURING HIS RECOVERY AGAIN,98e93ff1885714d48fd10ffb490988c4e98bcf259a61690e6fecff235294f975
hubert_large,suta,81,stage5ext_00327,f6987deb24305a72a216ab20686f51f94b6f8705775768dd535e4da88ff7117abfe923d46999a076b82dd084f2eb5ae7185de770ddb184c4e3a01d5b6390da20,South Asian English,south_asian,The third phase involves converting Hughes Hall into office space.,THAT THIRD PHASE INVULSE CONVERTING HUGE'S HALT INTO OFFER SPACE,98e93ff1885714d48fd10ffb490988c4e98bcf259a61690e6fecff235294f975
hubert_large,suta,81,stage5ext_00328,f6987deb24305a72a216ab20686f51f94b6f8705775768dd535e4da88ff7117abfe923d46999a076b82dd084f2eb5ae7185de770ddb184c4e3a01d5b6390da20,South Asian English,south_asian,They used the sharks that followed the ships as a terror weapon.,THEY USED THE SHARTS THAT FONNLED THE SHIPS AS AT BELVEVEN,98e93ff1885714d48fd10ffb490988c4e98bcf259a61690e6fecff235294f975
hubert_large,suta,82,stage5ext_00329,f6987deb24305a72a216ab20686f51f94b6f8705775768dd535e4da88ff7117abfe923d46999a076b82dd084f2eb5ae7185de770ddb184c4e3a01d5b6390da20,South Asian English,south_asian,"They had eight children, five of whom survived to adulthood.",THEY HAD EIGHT CHILDREN FIVE OF WHOM SURVIVES TO ADULTHOOD,962a5acebc0b4e70ab5dfc6f3c45f9415e31585dde4e962df310acf926f0cdbd
hubert_large,suta,82,stage5ext_00330,f6987deb24305a72a216ab20686f51f94b6f8705775768dd535e4da88ff7117abfe923d46999a076b82dd084f2eb5ae7185de770ddb184c4e3a01d5b6390da20,South Asian English,south_asian,The island is now uninhabited and managed as a bird reserve.,THE ISLAND HAS NO UNINHABITAT AND MAN IS JUST A BIRD ORSERV,962a5acebc0b4e70ab5dfc6f3c45f9415e31585dde4e962df310acf926f0cdbd
hubert_large,suta,82,stage5ext_00331,746bd7c2bd64e7fde7dda173976ca80e97a1875f7571a836827b832c1609da3c16be48a0bbf11e310ba7f262e77841dc8e70360283da6a0100631e2ac4760956,South Asian English,south_asian,Buckingham was also particularly proud of the Spanish guitar solo.,BUCKINGHAM WAS ALSO PARTICULARLY PROUD OF THE SPANISH KITARA SOLO,962a5acebc0b4e70ab5dfc6f3c45f9415e31585dde4e962df310acf926f0cdbd
hubert_large,suta,82,stage5ext_00332,746bd7c2bd64e7fde7dda173976ca80e97a1875f7571a836827b832c1609da3c16be48a0bbf11e310ba7f262e77841dc8e70360283da6a0100631e2ac4760956,South Asian English,south_asian,"Also known as Herbert, Borchardt initially studied Architecture and later Egyptology under Adolf Erman.",ALSO KNOWN AS HERBERT BORSHARP IMNITIALLY STUDIED ARCHITECTURE AND LATOR EGECTOLOGY UNDER ODOLP OMEN,962a5acebc0b4e70ab5dfc6f3c45f9415e31585dde4e962df310acf926f0cdbd
hubert_large,suta,83,stage5ext_00333,746bd7c2bd64e7fde7dda173976ca80e97a1875f7571a836827b832c1609da3c16be48a0bbf11e310ba7f262e77841dc8e70360283da6a0100631e2ac4760956,South Asian English,south_asian,"Publicised nationwide, Gladstone's message became that of the party.",PUBLICIZED NATION WITE GLADSTONE'S MESSAGE BECAME THAT OF THE PARTY,bf0f11d6368863d60d8e4a476766aa7457b755c7862a05c4cf3cf00f596b2954
hubert_large,suta,83,stage5ext_00334,746bd7c2bd64e7fde7dda173976ca80e97a1875f7571a836827b832c1609da3c16be48a0bbf11e310ba7f262e77841dc8e70360283da6a0100631e2ac4760956,South Asian English,south_asian,McGrath is a friend and fan of Ralph McTell.,MARGRET IS A FRIEND AND FAN OF RALPH MACDALL,bf0f11d6368863d60d8e4a476766aa7457b755c7862a05c4cf3cf00f596b2954
hubert_large,suta,83,stage5ext_00335,746bd7c2bd64e7fde7dda173976ca80e97a1875f7571a836827b832c1609da3c16be48a0bbf11e310ba7f262e77841dc8e70360283da6a0100631e2ac4760956,South Asian English,south_asian,His family later moved to Los Angeles and he attended Fairfax High School.,HIS FAMILY LATER MOVED TO LOS ANGELES AND HE ATTENDED FAYFAX HI SCHOOL,bf0f11d6368863d60d8e4a476766aa7457b755c7862a05c4cf3cf00f596b2954
hubert_large,suta,83,stage5ext_00336,746bd7c2bd64e7fde7dda173976ca80e97a1875f7571a836827b832c1609da3c16be48a0bbf11e310ba7f262e77841dc8e70360283da6a0100631e2ac4760956,South Asian English,south_asian,The grape originated as a cross of Syrah pollen germinating a Peloursin plant.,THE GRAPE ORIGINATED AS A CROSS OF CYRI POLLEN GERMINATING A PILLOSIN PLANT,bf0f11d6368863d60d8e4a476766aa7457b755c7862a05c4cf3cf00f596b2954
hubert_large,suta,84,stage5ext_00337,746bd7c2bd64e7fde7dda173976ca80e97a1875f7571a836827b832c1609da3c16be48a0bbf11e310ba7f262e77841dc8e70360283da6a0100631e2ac4760956,South Asian English,south_asian,The main gate is located in the center of the south curtain wall.,THE MAIN GATE IS LOCATED IN THE CENTRE OF THE SOUTH GURTAN WALL,9d08f0f9006c37694824ac5d2b2c07db1c94578bb360a1956953e923b814941f
hubert_large,suta,84,stage5ext_00338,746bd7c2bd64e7fde7dda173976ca80e97a1875f7571a836827b832c1609da3c16be48a0bbf11e310ba7f262e77841dc8e70360283da6a0100631e2ac4760956,South Asian English,south_asian,Ferrers made many contributions to mathematical literature.,FERRERS MADE MANY CONTRIBUTIONS TO MATHEMATICAL LITERATURE,9d08f0f9006c37694824ac5d2b2c07db1c94578bb360a1956953e923b814941f
hubert_large,suta,84,stage5ext_00339,746bd7c2bd64e7fde7dda173976ca80e97a1875f7571a836827b832c1609da3c16be48a0bbf11e310ba7f262e77841dc8e70360283da6a0100631e2ac4760956,South Asian English,south_asian,"Prokosch was born in Madison, Wisconsin, into an intellectual family that travelled widely.",BUTOKOSH WAS BORN IN MADISON WISCONSIN INTO AN INTELLECTUAL FAMILY THAT TRAVELLED WIDELY,9d08f0f9006c37694824ac5d2b2c07db1c94578bb360a1956953e923b814941f
hubert_large,suta,84,stage5ext_00340,746bd7c2bd64e7fde7dda173976ca80e97a1875f7571a836827b832c1609da3c16be48a0bbf11e310ba7f262e77841dc8e70360283da6a0100631e2ac4760956,South Asian English,south_asian,Britain sends three big-game hunters to kill the lions.,BRITON SENDS THREE BIG GAME HUNTERS TO KILL THE LIONS,9d08f0f9006c37694824ac5d2b2c07db1c94578bb360a1956953e923b814941f
hubert_large,suta,85,stage5ext_00341,746bd7c2bd64e7fde7dda173976ca80e97a1875f7571a836827b832c1609da3c16be48a0bbf11e310ba7f262e77841dc8e70360283da6a0100631e2ac4760956,South Asian English,south_asian,The French colonial government gave land away to soldiers and settlers.,THE FRENCH COLONIAL GOVERNMENT GAVE LAND AWAY TO SOLDIERS AND SETTLERS,470c0ade24216455ce86ca0546e5c80e9169c8be9ed8495a152b9612197b60b3
hubert_large,suta,85,stage5ext_00342,746bd7c2bd64e7fde7dda173976ca80e97a1875f7571a836827b832c1609da3c16be48a0bbf11e310ba7f262e77841dc8e70360283da6a0100631e2ac4760956,South Asian English,south_asian,A Fermilab initiative to seek out cost effective computing for the Tevatron.,A FORMULA INITIATIVE TO SEEK OUT COST EFFECTIVE COMPUTING FOR THE TEVER DRAWN,470c0ade24216455ce86ca0546e5c80e9169c8be9ed8495a152b9612197b60b3
hubert_large,suta,85,stage5ext_00343,746bd7c2bd64e7fde7dda173976ca80e97a1875f7571a836827b832c1609da3c16be48a0bbf11e310ba7f262e77841dc8e70360283da6a0100631e2ac4760956,South Asian English,south_asian,"The Shaw collection is housed at the university's duPont-Ball library in DeLand, Florida.",THE SHAW COLLECTION IS HOUSED AT THE UNIVERSITYS DUPOM BALL LIBRARY IN DILAN FODITA,470c0ade24216455ce86ca0546e5c80e9169c8be9ed8495a152b9612197b60b3
hubert_large,suta,85,stage5ext_00344,746bd7c2bd64e7fde7dda173976ca80e97a1875f7571a836827b832c1609da3c16be48a0bbf11e310ba7f262e77841dc8e70360283da6a0100631e2ac4760956,South Asian English,south_asian,"He now lives in Toronto, Ontario.",HE NOW LIVES IN TORRONTO ON TARIO,470c0ade24216455ce86ca0546e5c80e9169c8be9ed8495a152b9612197b60b3
hubert_large,suta,86,stage5ext_00345,746bd7c2bd64e7fde7dda173976ca80e97a1875f7571a836827b832c1609da3c16be48a0bbf11e310ba7f262e77841dc8e70360283da6a0100631e2ac4760956,South Asian English,south_asian,"The British called such weapons ""Pass-made rifles"".",THE BRITISH CALLED SUCH WEAPONS PASSMADE RIFLES,a8b1806611af4051fde488a9a1ab65c4add3a17c1c90e937c68274bbd797d790
hubert_large,suta,86,stage5ext_00346,02a40eed38bf20ab1ddca1a5c60f5b2cadd5455be21c7a1ab8e87d65a6fec68495c0d24d8fecdfe3f9d132fdfa842dba33dca093df21b19f3d325519779d13d0,South Asian English,south_asian,"The women of ""Survivor"" deserved better.",THE WOMEN OF SURVIVOR DESERVED BETTER,a8b1806611af4051fde488a9a1ab65c4add3a17c1c90e937c68274bbd797d790
hubert_large,suta,86,stage5ext_00347,02a40eed38bf20ab1ddca1a5c60f5b2cadd5455be21c7a1ab8e87d65a6fec68495c0d24d8fecdfe3f9d132fdfa842dba33dca093df21b19f3d325519779d13d0,South Asian English,south_asian,His great knowledge and immense industry are shown throughout its pages.,HIS GREAT KNOWLEDGE AND IMMENSE INDUSTRY ARE SHOWN THROUGHOUT ITS PAGES,a8b1806611af4051fde488a9a1ab65c4add3a17c1c90e937c68274bbd797d790
hubert_large,suta,86,stage5ext_00348,02a40eed38bf20ab1ddca1a5c60f5b2cadd5455be21c7a1ab8e87d65a6fec68495c0d24d8fecdfe3f9d132fdfa842dba33dca093df21b19f3d325519779d13d0,South Asian English,south_asian,Other African examples may be found in Nigeria and East Africa.,OTHER AFRICAN EXAMPLES MAY BE FOUND IN AGETIA AND EAST AFRICA,a8b1806611af4051fde488a9a1ab65c4add3a17c1c90e937c68274bbd797d790
hubert_large,suta,87,stage5ext_00349,02a40eed38bf20ab1ddca1a5c60f5b2cadd5455be21c7a1ab8e87d65a6fec68495c0d24d8fecdfe3f9d132fdfa842dba33dca093df21b19f3d325519779d13d0,South Asian English,south_asian,Enrico Ferri is the father of four children.,ENDRICO FERRYIS FATHER OF FOUR CHILDREN,cf98f1340bb21b050018f96b17ee1d9692cd22f470ed2b284addcac05111e0a1
hubert_large,suta,87,stage5ext_00350,02a40eed38bf20ab1ddca1a5c60f5b2cadd5455be21c7a1ab8e87d65a6fec68495c0d24d8fecdfe3f9d132fdfa842dba33dca093df21b19f3d325519779d13d0,South Asian English,south_asian,It has been found in the English Channel and the Gulf of Mexico.,IT HAS BEEN FOUND IN THE ENGLISH CHANNEL IN THE GULF OF MEXICO,cf98f1340bb21b050018f96b17ee1d9692cd22f470ed2b284addcac05111e0a1
hubert_large,suta,87,stage5ext_00351,02a40eed38bf20ab1ddca1a5c60f5b2cadd5455be21c7a1ab8e87d65a6fec68495c0d24d8fecdfe3f9d132fdfa842dba33dca093df21b19f3d325519779d13d0,South Asian English,south_asian,Her work has also appeared on postage stamps produced by the Czech Republic.,HOBURG HAS ALSO APPEARED ON POSTAGE STAMPS PRODUCED BY THE SACREPUBLIC,cf98f1340bb21b050018f96b17ee1d9692cd22f470ed2b284addcac05111e0a1
hubert_large,suta,87,stage5ext_00352,02a40eed38bf20ab1ddca1a5c60f5b2cadd5455be21c7a1ab8e87d65a6fec68495c0d24d8fecdfe3f9d132fdfa842dba33dca093df21b19f3d325519779d13d0,South Asian English,south_asian,Mathilda Ebeling,MATILDA EBLING,cf98f1340bb21b050018f96b17ee1d9692cd22f470ed2b284addcac05111e0a1
hubert_large,suta,88,stage5ext_00353,02a40eed38bf20ab1ddca1a5c60f5b2cadd5455be21c7a1ab8e87d65a6fec68495c0d24d8fecdfe3f9d132fdfa842dba33dca093df21b19f3d325519779d13d0,South Asian English,south_asian,Behra also set pole and fastest lap.,BEHEDA ALSO SAT BAWLING FAST ITS LAP,828bcb94ae27a1c8692e7e7b7cac3efeb51bd33b2eb90f3938ccf16099ab91de
hubert_large,suta,88,stage5ext_00354,02a40eed38bf20ab1ddca1a5c60f5b2cadd5455be21c7a1ab8e87d65a6fec68495c0d24d8fecdfe3f9d132fdfa842dba33dca093df21b19f3d325519779d13d0,South Asian English,south_asian,All of his brothers were fighters.,ALL OF HIS BROTHERS WERE FIGHTERS,828bcb94ae27a1c8692e7e7b7cac3efeb51bd33b2eb90f3938ccf16099ab91de
hubert_large,suta,88,stage5ext_00355,02a40eed38bf20ab1ddca1a5c60f5b2cadd5455be21c7a1ab8e87d65a6fec68495c0d24d8fecdfe3f9d132fdfa842dba33dca093df21b19f3d325519779d13d0,South Asian English,south_asian,In general they tended to rather large format.,IN GENERAL THEY TENDED TO RATHER LARGE FORMAT,828bcb94ae27a1c8692e7e7b7cac3efeb51bd33b2eb90f3938ccf16099ab91de
hubert_large,suta,88,stage5ext_00356,02a40eed38bf20ab1ddca1a5c60f5b2cadd5455be21c7a1ab8e87d65a6fec68495c0d24d8fecdfe3f9d132fdfa842dba33dca093df21b19f3d325519779d13d0,South Asian English,south_asian,Downey posted the picture on Instagram and received requests for the pattern.,DONNI POSTERED THE PICTURE ON INSTROGRAM AND RECEIVED REQUEST FOR THE PATTERN,828bcb94ae27a1c8692e7e7b7cac3efeb51bd33b2eb90f3938ccf16099ab91de
hubert_large,suta,89,stage5ext_00357,02a40eed38bf20ab1ddca1a5c60f5b2cadd5455be21c7a1ab8e87d65a6fec68495c0d24d8fecdfe3f9d132fdfa842dba33dca093df21b19f3d325519779d13d0,South Asian English,south_asian,She did not like children and tried to hide it.,SHE DID NOT LIKE CHILDREN AND TRIED TO HIDE IT,9ab5e62f53faae3a4e682b0d8caebc9888463b9d2465a8521a0f152b1c86a558
hubert_large,suta,89,stage5ext_00358,02a40eed38bf20ab1ddca1a5c60f5b2cadd5455be21c7a1ab8e87d65a6fec68495c0d24d8fecdfe3f9d132fdfa842dba33dca093df21b19f3d325519779d13d0,South Asian English,south_asian,Today the church still retains many of its historic features.,TODAY THE CHURCH STILL REGAINS MANY OF ITS ISTROTIC FEATURES,9ab5e62f53faae3a4e682b0d8caebc9888463b9d2465a8521a0f152b1c86a558
hubert_large,suta,89,stage5ext_00359,02a40eed38bf20ab1ddca1a5c60f5b2cadd5455be21c7a1ab8e87d65a6fec68495c0d24d8fecdfe3f9d132fdfa842dba33dca093df21b19f3d325519779d13d0,South Asian English,south_asian,The two also had used the same choreographer.,THE TWO ALSO HAD USED THE SAME COREOGRAPHE,9ab5e62f53faae3a4e682b0d8caebc9888463b9d2465a8521a0f152b1c86a558
hubert_large,suta,89,stage5ext_00360,02a40eed38bf20ab1ddca1a5c60f5b2cadd5455be21c7a1ab8e87d65a6fec68495c0d24d8fecdfe3f9d132fdfa842dba33dca093df21b19f3d325519779d13d0,South Asian English,south_asian,Murom is the nearest rural locality.,MORAM IS E NEAREST O RULAL LOCALITY,9ab5e62f53faae3a4e682b0d8caebc9888463b9d2465a8521a0f152b1c86a558
hubert_large,suta,90,stage5ext_00361,aaf1e4c69fbd1d1faf2fcbf3500fe62c714695d030ca2f945ff72ef0c02adfc3ff3b57023bc8367965617d4ca057efc9c9a11733d05858f18602fdc792ae9d84,South Asian English,south_asian,We will not have any money left.,WE WILL NOT HAVE ANY MONEY LEFT,bf4b4c3e718c75c4954902a84bd11ceeeed24e9533818aae3f812b902b806a07
hubert_large,suta,90,stage5ext_00362,aaf1e4c69fbd1d1faf2fcbf3500fe62c714695d030ca2f945ff72ef0c02adfc3ff3b57023bc8367965617d4ca057efc9c9a11733d05858f18602fdc792ae9d84,South Asian English,south_asian,A magistrate.,A MAGISTRATE,bf4b4c3e718c75c4954902a84bd11ceeeed24e9533818aae3f812b902b806a07
hubert_large,suta,90,stage5ext_00363,aaf1e4c69fbd1d1faf2fcbf3500fe62c714695d030ca2f945ff72ef0c02adfc3ff3b57023bc8367965617d4ca057efc9c9a11733d05858f18602fdc792ae9d84,South Asian English,south_asian,I know Daniel quite well.,I KNOW DANIEL QUITE WELL,bf4b4c3e718c75c4954902a84bd11ceeeed24e9533818aae3f812b902b806a07
hubert_large,suta,90,stage5ext_00364,aaf1e4c69fbd1d1faf2fcbf3500fe62c714695d030ca2f945ff72ef0c02adfc3ff3b57023bc8367965617d4ca057efc9c9a11733d05858f18602fdc792ae9d84,South Asian English,south_asian,Mary found the website and showed it to Daniel.,MARY FONDEWETSIDE AND SHOWED IT TO DANEL,bf4b4c3e718c75c4954902a84bd11ceeeed24e9533818aae3f812b902b806a07
hubert_large,suta,91,stage5ext_00365,aaf1e4c69fbd1d1faf2fcbf3500fe62c714695d030ca2f945ff72ef0c02adfc3ff3b57023bc8367965617d4ca057efc9c9a11733d05858f18602fdc792ae9d84,South Asian English,south_asian,"If you experience further problems, please let me know.",IF YOU EXPERIENCE FURTHER PROBLEMS PLEASE LET ME KNOW,e08de6ffd12055f844f94e78c08da93731839aa0cb68d825719215813a11ea34
hubert_large,suta,91,stage5ext_00366,aaf1e4c69fbd1d1faf2fcbf3500fe62c714695d030ca2f945ff72ef0c02adfc3ff3b57023bc8367965617d4ca057efc9c9a11733d05858f18602fdc792ae9d84,South Asian English,south_asian,Debra is a explorer that has been all over the world.,DE BRYCA EXPLORER THAT HAS BEEN ALL OVER THE WORLD,e08de6ffd12055f844f94e78c08da93731839aa0cb68d825719215813a11ea34
hubert_large,suta,91,stage5ext_00367,aaf1e4c69fbd1d1faf2fcbf3500fe62c714695d030ca2f945ff72ef0c02adfc3ff3b57023bc8367965617d4ca057efc9c9a11733d05858f18602fdc792ae9d84,South Asian English,south_asian,Albert Einstein's famous equation E equals MC squared is one of the best known equations in physics.,ALBERT INSTEINE'S FAMOUS ECRATION E EQUALEMSY SQUIRED IS ONE OF THE BEST KNOWN ECREATIONS IN PHYSICS,e08de6ffd12055f844f94e78c08da93731839aa0cb68d825719215813a11ea34
hubert_large,suta,91,stage5ext_00368,aaf1e4c69fbd1d1faf2fcbf3500fe62c714695d030ca2f945ff72ef0c02adfc3ff3b57023bc8367965617d4ca057efc9c9a11733d05858f18602fdc792ae9d84,South Asian English,south_asian,One good turn deserves another.,ONE GOOD TURN DISSOLVES ANOTHER,e08de6ffd12055f844f94e78c08da93731839aa0cb68d825719215813a11ea34
hubert_large,suta,92,stage5ext_00369,aaf1e4c69fbd1d1faf2fcbf3500fe62c714695d030ca2f945ff72ef0c02adfc3ff3b57023bc8367965617d4ca057efc9c9a11733d05858f18602fdc792ae9d84,South Asian English,south_asian,It has been so long since I have seen you!,IT HAS BEEN SO LONG SINCE I HAVE SEEN YOU,551a1229a878b6e5f69ab93d9c6fa4b95db15ad140e0d41d3d745f428f6e1717
hubert_large,suta,92,stage5ext_00370,aaf1e4c69fbd1d1faf2fcbf3500fe62c714695d030ca2f945ff72ef0c02adfc3ff3b57023bc8367965617d4ca057efc9c9a11733d05858f18602fdc792ae9d84,South Asian English,south_asian,William Shakespeare was an English poet and playwright that lived during the late sixteenth century.,WILLIAM SHAKESPEARE WAS AN ENGLISH PIT AND PLAYRATE THAT LIVED DURING THE LATE SIXTEENTH CENTURY,551a1229a878b6e5f69ab93d9c6fa4b95db15ad140e0d41d3d745f428f6e1717
hubert_large,suta,92,stage5ext_00371,aaf1e4c69fbd1d1faf2fcbf3500fe62c714695d030ca2f945ff72ef0c02adfc3ff3b57023bc8367965617d4ca057efc9c9a11733d05858f18602fdc792ae9d84,South Asian English,south_asian,The pup jerked the leash as he saw a feline shape.,THE POB JERKED THE LEASH AS HE SAW A FALIN TREE,551a1229a878b6e5f69ab93d9c6fa4b95db15ad140e0d41d3d745f428f6e1717
hubert_large,suta,92,stage5ext_00372,aaf1e4c69fbd1d1faf2fcbf3500fe62c714695d030ca2f945ff72ef0c02adfc3ff3b57023bc8367965617d4ca057efc9c9a11733d05858f18602fdc792ae9d84,South Asian English,south_asian,Forty on Thursday is the name of the event.,FORTY ONTORSEDOR IS THE NAME OF THE EVENT,551a1229a878b6e5f69ab93d9c6fa4b95db15ad140e0d41d3d745f428f6e1717
hubert_large,suta,93,stage5ext_00373,aaf1e4c69fbd1d1faf2fcbf3500fe62c714695d030ca2f945ff72ef0c02adfc3ff3b57023bc8367965617d4ca057efc9c9a11733d05858f18602fdc792ae9d84,South Asian English,south_asian,The largest town is Abergavenny.,THE LARGEST TOW IS ABERGAMENE,659244e66fae438f12794a03dc317eea39e6d15019da4a4e360891cabcb6fe99
hubert_large,suta,93,stage5ext_00374,aaf1e4c69fbd1d1faf2fcbf3500fe62c714695d030ca2f945ff72ef0c02adfc3ff3b57023bc8367965617d4ca057efc9c9a11733d05858f18602fdc792ae9d84,South Asian English,south_asian,No one has ever done it before.,NO ONE HAS OVERDONE IT BEFORE,659244e66fae438f12794a03dc317eea39e6d15019da4a4e360891cabcb6fe99
hubert_large,suta,93,stage5ext_00375,aaf1e4c69fbd1d1faf2fcbf3500fe62c714695d030ca2f945ff72ef0c02adfc3ff3b57023bc8367965617d4ca057efc9c9a11733d05858f18602fdc792ae9d84,South Asian English,south_asian,Two men spoke in Arabic while having a drink at the bar.,TWO MEN SPALK IN ARABIC WHILE HAVING A DRINK AT THE BALL,659244e66fae438f12794a03dc317eea39e6d15019da4a4e360891cabcb6fe99
hubert_large,suta,93,stage5ext_00376,f7e25829f749c01cdf81e5c9cba92ab80af25ba7120bdb943094d45b56be1cc3b516ca22cc0a4aed4934a1c9af35e152ecc95a58b32ce448662acabb5b87bc76,South Asian English,south_asian,But you want to know something?,BUT YOU WANT TO KNOW SOMETHING,659244e66fae438f12794a03dc317eea39e6d15019da4a4e360891cabcb6fe99
hubert_large,suta,94,stage5ext_00377,f7e25829f749c01cdf81e5c9cba92ab80af25ba7120bdb943094d45b56be1cc3b516ca22cc0a4aed4934a1c9af35e152ecc95a58b32ce448662acabb5b87bc76,South Asian English,south_asian,The giraffe had become fearful.,THE GIRAF HAD BECOME FEARFUL,4aebd94ffa6eeb960cd0b82a94f51af7216bfc9bc5e6e91eb7e43e1119c7692d
hubert_large,suta,94,stage5ext_00378,f7e25829f749c01cdf81e5c9cba92ab80af25ba7120bdb943094d45b56be1cc3b516ca22cc0a4aed4934a1c9af35e152ecc95a58b32ce448662acabb5b87bc76,South Asian English,south_asian,Our deadline is coming up rapidly and we will need help.,OUR DEAD LINE IS COMING UP RAPIDLY AND WE WILL NEED HELP,4aebd94ffa6eeb960cd0b82a94f51af7216bfc9bc5e6e91eb7e43e1119c7692d
hubert_large,suta,94,stage5ext_00379,f7e25829f749c01cdf81e5c9cba92ab80af25ba7120bdb943094d45b56be1cc3b516ca22cc0a4aed4934a1c9af35e152ecc95a58b32ce448662acabb5b87bc76,South Asian English,south_asian,I found it out a little late.,I FOUND IT OUT A LITTLE LATE,4aebd94ffa6eeb960cd0b82a94f51af7216bfc9bc5e6e91eb7e43e1119c7692d
hubert_large,suta,94,stage5ext_00380,f7e25829f749c01cdf81e5c9cba92ab80af25ba7120bdb943094d45b56be1cc3b516ca22cc0a4aed4934a1c9af35e152ecc95a58b32ce448662acabb5b87bc76,South Asian English,south_asian,Don't worry about that.,DON'T WORRY ABOUT THAT,4aebd94ffa6eeb960cd0b82a94f51af7216bfc9bc5e6e91eb7e43e1119c7692d
hubert_large,suta,95,stage5ext_00381,f7e25829f749c01cdf81e5c9cba92ab80af25ba7120bdb943094d45b56be1cc3b516ca22cc0a4aed4934a1c9af35e152ecc95a58b32ce448662acabb5b87bc76,South Asian English,south_asian,I shouldn't think so.,I CERTAIN THINK SO,067771d5965a7f01c62092736a0d3842b4291473cccbbe974c3008c5ceba490c
hubert_large,suta,95,stage5ext_00382,f7e25829f749c01cdf81e5c9cba92ab80af25ba7120bdb943094d45b56be1cc3b516ca22cc0a4aed4934a1c9af35e152ecc95a58b32ce448662acabb5b87bc76,South Asian English,south_asian,Turning off gadgets that are not in use can save a lot of energy.,TURNING OFF GAGETS THAT ARE NOT IN USE CAN SAVE A LOT OF ENERGY,067771d5965a7f01c62092736a0d3842b4291473cccbbe974c3008c5ceba490c
hubert_large,suta,95,stage5ext_00383,f7e25829f749c01cdf81e5c9cba92ab80af25ba7120bdb943094d45b56be1cc3b516ca22cc0a4aed4934a1c9af35e152ecc95a58b32ce448662acabb5b87bc76,South Asian English,south_asian,There is a counter on the top left of the web page.,THERE IS A COUNTER ON THE TOP LIFT OF THE WEBPAE,067771d5965a7f01c62092736a0d3842b4291473cccbbe974c3008c5ceba490c
hubert_large,suta,95,stage5ext_00384,f7e25829f749c01cdf81e5c9cba92ab80af25ba7120bdb943094d45b56be1cc3b516ca22cc0a4aed4934a1c9af35e152ecc95a58b32ce448662acabb5b87bc76,South Asian English,south_asian,You think you did.,YOU THINK YOU DID,067771d5965a7f01c62092736a0d3842b4291473cccbbe974c3008c5ceba490c
hubert_large,suta,96,stage5ext_00385,f7e25829f749c01cdf81e5c9cba92ab80af25ba7120bdb943094d45b56be1cc3b516ca22cc0a4aed4934a1c9af35e152ecc95a58b32ce448662acabb5b87bc76,South Asian English,south_asian,Maybe he'll give us one.,MAYBE HE'LL GIVE US ONE,2eb1cceb276a75c619384dc81024a5408fcd8306d20fee51df05cc5a79ab8173
hubert_large,suta,96,stage5ext_00386,f7e25829f749c01cdf81e5c9cba92ab80af25ba7120bdb943094d45b56be1cc3b516ca22cc0a4aed4934a1c9af35e152ecc95a58b32ce448662acabb5b87bc76,South Asian English,south_asian,Better let me talk to him.,BETTER LET ME TALK TO HIM,2eb1cceb276a75c619384dc81024a5408fcd8306d20fee51df05cc5a79ab8173
hubert_large,suta,96,stage5ext_00387,f7e25829f749c01cdf81e5c9cba92ab80af25ba7120bdb943094d45b56be1cc3b516ca22cc0a4aed4934a1c9af35e152ecc95a58b32ce448662acabb5b87bc76,South Asian English,south_asian,I don't want any plastics.,I DON'T WANT ANY PLASTICS,2eb1cceb276a75c619384dc81024a5408fcd8306d20fee51df05cc5a79ab8173
hubert_large,suta,96,stage5ext_00388,f7e25829f749c01cdf81e5c9cba92ab80af25ba7120bdb943094d45b56be1cc3b516ca22cc0a4aed4934a1c9af35e152ecc95a58b32ce448662acabb5b87bc76,South Asian English,south_asian,Without a single quiver.,WITHOUT A SINGLE QUIVER,2eb1cceb276a75c619384dc81024a5408fcd8306d20fee51df05cc5a79ab8173
hubert_large,suta,97,stage5ext_00389,f7e25829f749c01cdf81e5c9cba92ab80af25ba7120bdb943094d45b56be1cc3b516ca22cc0a4aed4934a1c9af35e152ecc95a58b32ce448662acabb5b87bc76,South Asian English,south_asian,I never saw it before.,I NEVER SIGHED BEFORE,fb452affc1a8eddfa5a71e134b2573794de27b4653510b471ac672d37026fa08
hubert_large,suta,97,stage5ext_00390,f7e25829f749c01cdf81e5c9cba92ab80af25ba7120bdb943094d45b56be1cc3b516ca22cc0a4aed4934a1c9af35e152ecc95a58b32ce448662acabb5b87bc76,South Asian English,south_asian,"The reason for this, is to discern your strengths.",THE REASON FOR THIS IS TO DISCERN YOUR STRENGTHS,fb452affc1a8eddfa5a71e134b2573794de27b4653510b471ac672d37026fa08
hubert_large,suta,97,stage5ext_00391,3f0b866ee8d4499e4c0de09d34862acbb1ea0139f53bf7f1271a8648fb35d9a3a31272a8bc7af870e3b52bf7f4cb51ae512fa07df79663eaeafa30221c0b200b,South Asian English,south_asian,"The perpetrators were never identified, and this monument has never been rebuilt.",THE BURGOTRYFIS WEN NEVIE AN DEFIED AND THIS MONUMENT HAS NEVER BEEN REBUILT,fb452affc1a8eddfa5a71e134b2573794de27b4653510b471ac672d37026fa08
hubert_large,suta,97,stage5ext_00392,3f0b866ee8d4499e4c0de09d34862acbb1ea0139f53bf7f1271a8648fb35d9a3a31272a8bc7af870e3b52bf7f4cb51ae512fa07df79663eaeafa30221c0b200b,South Asian English,south_asian,"These songs include ""Never End,"" ""Please Smile Again,"" and ""Cross Over.",THESE SONGS INCLUDE NEVER END YE SMILE AGAIN AND CROSSO,fb452affc1a8eddfa5a71e134b2573794de27b4653510b471ac672d37026fa08
hubert_large,suta,98,stage5ext_00393,3f0b866ee8d4499e4c0de09d34862acbb1ea0139f53bf7f1271a8648fb35d9a3a31272a8bc7af870e3b52bf7f4cb51ae512fa07df79663eaeafa30221c0b200b,South Asian English,south_asian,Water in the pool is continuously circulated through a filtration system.,WHAT IN THE BULL AS CONTINUOUSLY CICUATOR TO A FILTRATION SYSTEM,28aca681ff253feeae0cf0220dd862d47b7339f64f351578f87e916a8174a84b
hubert_large,suta,98,stage5ext_00394,3f0b866ee8d4499e4c0de09d34862acbb1ea0139f53bf7f1271a8648fb35d9a3a31272a8bc7af870e3b52bf7f4cb51ae512fa07df79663eaeafa30221c0b200b,South Asian English,south_asian,We maintain an array of roots indexed by timestamp.,PEMENTINE AND AUREO FRUITS INDEXED BARDIME STAMP,28aca681ff253feeae0cf0220dd862d47b7339f64f351578f87e916a8174a84b
hubert_large,suta,98,stage5ext_00395,3f0b866ee8d4499e4c0de09d34862acbb1ea0139f53bf7f1271a8648fb35d9a3a31272a8bc7af870e3b52bf7f4cb51ae512fa07df79663eaeafa30221c0b200b,South Asian English,south_asian,"The educators lost, though commercial broadcasters were forced to air public affairs programs.",THE EDUCATORS LOST THOUGH COMMERCIAL BRODCASTELS WERE FORCED TO AD PUBLIC AFFAIRS PROGRAMS,28aca681ff253feeae0cf0220dd862d47b7339f64f351578f87e916a8174a84b
hubert_large,suta,98,stage5ext_00396,3f0b866ee8d4499e4c0de09d34862acbb1ea0139f53bf7f1271a8648fb35d9a3a31272a8bc7af870e3b52bf7f4cb51ae512fa07df79663eaeafa30221c0b200b,South Asian English,south_asian,It is also the largest school in the state by size.,THERE IS ALSO THE LARGE SCHOOL IN THE STREET BY SITES,28aca681ff253feeae0cf0220dd862d47b7339f64f351578f87e916a8174a84b
hubert_large,suta,99,stage5ext_00397,3f0b866ee8d4499e4c0de09d34862acbb1ea0139f53bf7f1271a8648fb35d9a3a31272a8bc7af870e3b52bf7f4cb51ae512fa07df79663eaeafa30221c0b200b,South Asian English,south_asian,The band members decided to discontinue their mutual involvement.,THE BYRAN LS DECIDERD FOR DISCOUNTING THE MINUTA IN ONE MINUT,a88cdc953d91eb34466d2b3feadb174c518a00d61923d4bf728afeb22e56e829
hubert_large,suta,99,stage5ext_00398,3f0b866ee8d4499e4c0de09d34862acbb1ea0139f53bf7f1271a8648fb35d9a3a31272a8bc7af870e3b52bf7f4cb51ae512fa07df79663eaeafa30221c0b200b,South Asian English,south_asian,Highlights include a Gutenberg Bible and the Romanesque Lambeth Bible.,HIGHLESEN TO A GOODEN VOLBIRON AND THE ROMANES CLAMBER AK,a88cdc953d91eb34466d2b3feadb174c518a00d61923d4bf728afeb22e56e829
hubert_large,suta,99,stage5ext_00399,3f0b866ee8d4499e4c0de09d34862acbb1ea0139f53bf7f1271a8648fb35d9a3a31272a8bc7af870e3b52bf7f4cb51ae512fa07df79663eaeafa30221c0b200b,South Asian English,south_asian,"The parents return, in bandages, having survived the fire.",PAIDANTS TO TUN AN BANGAGES HALINGSO WIFE TE FIE,a88cdc953d91eb34466d2b3feadb174c518a00d61923d4bf728afeb22e56e829
hubert_large,suta,99,stage5ext_00400,3f0b866ee8d4499e4c0de09d34862acbb1ea0139f53bf7f1271a8648fb35d9a3a31272a8bc7af870e3b52bf7f4cb51ae512fa07df79663eaeafa30221c0b200b,South Asian English,south_asian,"After the show, Sewercap talked to Jughead about officially reuniting Screeching Weasel.",AFTER THE SHOW SOLOOK UP TOLK TO JUCK HEARD A BOUT OF SHILLERYINACTING SCREECHING WIS,a88cdc953d91eb34466d2b3feadb174c518a00d61923d4bf728afeb22e56e829
hubert_large,suta,100,stage5ext_00401,3f0b866ee8d4499e4c0de09d34862acbb1ea0139f53bf7f1271a8648fb35d9a3a31272a8bc7af870e3b52bf7f4cb51ae512fa07df79663eaeafa30221c0b200b,South Asian English,south_asian,Harpur served in various capacities in the New York government during the American Revolution.,HOW WAS SERVED IN VARIED CAPACITIES IN THE NEW YORK GOVERNMENT DURING THE AMERICAN REVOLUTION,a1637f16bcba38ade42d1b77ae18f9152539f65cf4385486c677b4d8dcea973c
hubert_large,suta,100,stage5ext_00402,3f0b866ee8d4499e4c0de09d34862acbb1ea0139f53bf7f1271a8648fb35d9a3a31272a8bc7af870e3b52bf7f4cb51ae512fa07df79663eaeafa30221c0b200b,South Asian English,south_asian,The program has won many awards for investigative journalism.,THE PRIGRIMAAS WON MANY A WORDS FOR INVESTIGATIVE JOURNALS,a1637f16bcba38ade42d1b77ae18f9152539f65cf4385486c677b4d8dcea973c
hubert_large,suta,100,stage5ext_00403,3f0b866ee8d4499e4c0de09d34862acbb1ea0139f53bf7f1271a8648fb35d9a3a31272a8bc7af870e3b52bf7f4cb51ae512fa07df79663eaeafa30221c0b200b,South Asian English,south_asian,Information about Boffo and its games can still be found on the site.,INFORMATION ABOUT POFO AND ITS CHAMES CAN STILL BE FOUND ON THE SECT,a1637f16bcba38ade42d1b77ae18f9152539f65cf4385486c677b4d8dcea973c
hubert_large,suta,100,stage5ext_00404,3f0b866ee8d4499e4c0de09d34862acbb1ea0139f53bf7f1271a8648fb35d9a3a31272a8bc7af870e3b52bf7f4cb51ae512fa07df79663eaeafa30221c0b200b,South Asian English,south_asian,"Forestkith Goblin: Nocturnal hunters, also known as kith.",FORESTED COBLIN NOCTURNAL HUNTERS ALSO KNOWN AS KIT,a1637f16bcba38ade42d1b77ae18f9152539f65cf4385486c677b4d8dcea973c
hubert_large,suta,101,stage5ext_00405,3f0b866ee8d4499e4c0de09d34862acbb1ea0139f53bf7f1271a8648fb35d9a3a31272a8bc7af870e3b52bf7f4cb51ae512fa07df79663eaeafa30221c0b200b,South Asian English,south_asian,"Clearing facilities, security investments, cheques and overdraft protections were introduced.",PURING FACILITIES SECURITY INVESTMENTS CHECKS AND OVERDOP PODECTIONS WERE INTRODUCED,44a6b3b596a54e7e52d9c00bf77989f4b4f6a728041a5929a315873286fc0fd2
hubert_large,suta,101,stage5ext_00406,73e8a395a2162293c7b4534d24818227a71f84f9f562d54db101f6576c15907499bf892f20f243b766b2da4de010cd4b697339df0b8c453740e425875c0eac05,South Asian English,south_asian,Each family is allowed one vote per each style of debate.,EACH FAMILY IS ALLOWED ONE WARDPER EACH STYLE OF BIBBET,44a6b3b596a54e7e52d9c00bf77989f4b4f6a728041a5929a315873286fc0fd2
hubert_large,suta,101,stage5ext_00407,73e8a395a2162293c7b4534d24818227a71f84f9f562d54db101f6576c15907499bf892f20f243b766b2da4de010cd4b697339df0b8c453740e425875c0eac05,South Asian English,south_asian,Min varieties are not mutually intelligible with any other varieties of Chinese.,WIN VARIETIES ARE NOT MUTUALLY INTELLIGIBLE WITH ANY OTHER VARIETIES OF CHINESE,44a6b3b596a54e7e52d9c00bf77989f4b4f6a728041a5929a315873286fc0fd2
hubert_large,suta,101,stage5ext_00408,73e8a395a2162293c7b4534d24818227a71f84f9f562d54db101f6576c15907499bf892f20f243b766b2da4de010cd4b697339df0b8c453740e425875c0eac05,South Asian English,south_asian,The sculptures on the pillars are truly beautiful.,THE SCULPTURES ON THE PILLARS ARE TRULY BEAUTIFUL,44a6b3b596a54e7e52d9c00bf77989f4b4f6a728041a5929a315873286fc0fd2
hubert_large,suta,102,stage5ext_00409,73e8a395a2162293c7b4534d24818227a71f84f9f562d54db101f6576c15907499bf892f20f243b766b2da4de010cd4b697339df0b8c453740e425875c0eac05,South Asian English,south_asian,"Examples of non-vibrating objects are mallets, hammers, and sticks.",EXAMPLES OF NON VIBRATING OBJECTS ARE MALLETS HAMMERS AND STICKS,ca37922514046f9c71ee491ed0eb4803144736a1b295bc1585ef0c000bdf89af
hubert_large,suta,102,stage5ext_00410,73e8a395a2162293c7b4534d24818227a71f84f9f562d54db101f6576c15907499bf892f20f243b766b2da4de010cd4b697339df0b8c453740e425875c0eac05,South Asian English,south_asian,"You place your choice in a sealed envelope, which is opened after the game.",YOU PLACE YOUR CHOICE IN A SEALED ENVELOPE WHICH IS OPENED AFTER THE GAME,ca37922514046f9c71ee491ed0eb4803144736a1b295bc1585ef0c000bdf89af
hubert_large,suta,102,stage5ext_00411,73e8a395a2162293c7b4534d24818227a71f84f9f562d54db101f6576c15907499bf892f20f243b766b2da4de010cd4b697339df0b8c453740e425875c0eac05,South Asian English,south_asian,The first was Buddy Ryan.,THE FIRST VERSE BUDDY RAN,ca37922514046f9c71ee491ed0eb4803144736a1b295bc1585ef0c000bdf89af
hubert_large,suta,102,stage5ext_00412,73e8a395a2162293c7b4534d24818227a71f84f9f562d54db101f6576c15907499bf892f20f243b766b2da4de010cd4b697339df0b8c453740e425875c0eac05,South Asian English,south_asian,"His playing style is aggressive and he has won many ""best game"" awards.",HEIS PLAYING STIGHTLY SUGGRESSIVE AND HE HAS WON MANY BEST GAME AWARDS,ca37922514046f9c71ee491ed0eb4803144736a1b295bc1585ef0c000bdf89af
hubert_large,suta,103,stage5ext_00413,73e8a395a2162293c7b4534d24818227a71f84f9f562d54db101f6576c15907499bf892f20f243b766b2da4de010cd4b697339df0b8c453740e425875c0eac05,South Asian English,south_asian,Their flight is weak.,THEIR FLIGHT IS WEAK,1170042b52ba40b97f65cb75bd02f27d483f983511c1747115b6f7d4b6322bf3
hubert_large,suta,103,stage5ext_00414,73e8a395a2162293c7b4534d24818227a71f84f9f562d54db101f6576c15907499bf892f20f243b766b2da4de010cd4b697339df0b8c453740e425875c0eac05,South Asian English,south_asian,"In many cases however, they are quite functional.",IN MANY CASES HOWEVER THEY ARE QUITE FUNCTIONAL,1170042b52ba40b97f65cb75bd02f27d483f983511c1747115b6f7d4b6322bf3
hubert_large,suta,103,stage5ext_00415,73e8a395a2162293c7b4534d24818227a71f84f9f562d54db101f6576c15907499bf892f20f243b766b2da4de010cd4b697339df0b8c453740e425875c0eac05,South Asian English,south_asian,Ward went on to win the general election.,VAUD WENT ON TO WIN THE GENERAL ELECTION,1170042b52ba40b97f65cb75bd02f27d483f983511c1747115b6f7d4b6322bf3
hubert_large,suta,103,stage5ext_00416,73e8a395a2162293c7b4534d24818227a71f84f9f562d54db101f6576c15907499bf892f20f243b766b2da4de010cd4b697339df0b8c453740e425875c0eac05,South Asian English,south_asian,He is now a Free Agent.,HE IS NOW A FREE AGENT,1170042b52ba40b97f65cb75bd02f27d483f983511c1747115b6f7d4b6322bf3
hubert_large,suta,104,stage5ext_00417,73e8a395a2162293c7b4534d24818227a71f84f9f562d54db101f6576c15907499bf892f20f243b766b2da4de010cd4b697339df0b8c453740e425875c0eac05,South Asian English,south_asian,Her other sponsors include Subway and Boost Mobile.,HER OTHER SPONSERS INCLUDE SABVAY AND BOST MOBI,5b20deb44269c96ddf3d72fec00447e1951133a3f9046cb90b8e7bf057d87881
hubert_large,suta,104,stage5ext_00418,73e8a395a2162293c7b4534d24818227a71f84f9f562d54db101f6576c15907499bf892f20f243b766b2da4de010cd4b697339df0b8c453740e425875c0eac05,South Asian English,south_asian,I've never been asked to do one.,I'VE NEVER BEEN ASKED TO DO ONE,5b20deb44269c96ddf3d72fec00447e1951133a3f9046cb90b8e7bf057d87881
hubert_large,suta,104,stage5ext_00419,73e8a395a2162293c7b4534d24818227a71f84f9f562d54db101f6576c15907499bf892f20f243b766b2da4de010cd4b697339df0b8c453740e425875c0eac05,South Asian English,south_asian,"Therefore, these schools are significantly divided in terms of both abilities and career aims.",THEREFORE THESE CORLS ARE SIGNIFICANTLY DIVIDED IN TERMS OF BOTH ABILITIES AND CARRIER AMS,5b20deb44269c96ddf3d72fec00447e1951133a3f9046cb90b8e7bf057d87881
hubert_large,suta,104,stage5ext_00420,73e8a395a2162293c7b4534d24818227a71f84f9f562d54db101f6576c15907499bf892f20f243b766b2da4de010cd4b697339df0b8c453740e425875c0eac05,South Asian English,south_asian,The Ottoman village of Mulebbis appears at this site on the British survey map.,THE OTOMON VILLAGE OF MERLEBYS APPEARS AT THIS SIGHT ON THE BRITISH SURWAY MAP,5b20deb44269c96ddf3d72fec00447e1951133a3f9046cb90b8e7bf057d87881
hubert_large,suta,105,stage5ext_00421,ea49524d52bc56b865f1207ba65e9a5c30cab647b575ba84d0332c740de52bef6922ee19c49e44db615889cbabebbfa52440b31858fac8660d5e97eb4593687f,South Asian English,south_asian,Do you have Hugo's phone number?,DO YOU HAVE HUGODS POR NUMBERED,655a9f6aaa2a569fd468424763f7cb1900534e22379e32c4ee05de62c56f8590
hubert_large,suta,105,stage5ext_00422,ea49524d52bc56b865f1207ba65e9a5c30cab647b575ba84d0332c740de52bef6922ee19c49e44db615889cbabebbfa52440b31858fac8660d5e97eb4593687f,South Asian English,south_asian,"In the United States, we use paper bags for shopping.",IN THE UNITED STATES WE USE PAPPER BAGS PO SHOPPING,655a9f6aaa2a569fd468424763f7cb1900534e22379e32c4ee05de62c56f8590
hubert_large,suta,105,stage5ext_00423,ea49524d52bc56b865f1207ba65e9a5c30cab647b575ba84d0332c740de52bef6922ee19c49e44db615889cbabebbfa52440b31858fac8660d5e97eb4593687f,South Asian English,south_asian,"Olivia, have you seen my keys?",OLOIA HAVE YOU SEEN MY KIDS,655a9f6aaa2a569fd468424763f7cb1900534e22379e32c4ee05de62c56f8590
hubert_large,suta,105,stage5ext_00424,ea49524d52bc56b865f1207ba65e9a5c30cab647b575ba84d0332c740de52bef6922ee19c49e44db615889cbabebbfa52440b31858fac8660d5e97eb4593687f,South Asian English,south_asian,Someone set fire to the trash.,SOMEONE SET FIRE TO THE TRASH,655a9f6aaa2a569fd468424763f7cb1900534e22379e32c4ee05de62c56f8590
hubert_large,suta,106,stage5ext_00425,ea49524d52bc56b865f1207ba65e9a5c30cab647b575ba84d0332c740de52bef6922ee19c49e44db615889cbabebbfa52440b31858fac8660d5e97eb4593687f,South Asian English,south_asian,Angela wanted to copy everything he had done.,ANGELA WANTED TO COPY EVERYTHING HE HAD DONE,65babc8ceca9a1e11d83f4bfae331d175725e25201e42c55fc9c89954e6077c1
hubert_large,suta,106,stage5ext_00426,ea49524d52bc56b865f1207ba65e9a5c30cab647b575ba84d0332c740de52bef6922ee19c49e44db615889cbabebbfa52440b31858fac8660d5e97eb4593687f,South Asian English,south_asian,Good playgrounds have much more to offer than swings and slides.,GOOD PLAYGROUNDS HAVE MUCH MORE TO OFFER THAN SWINGS AND SLIDES,65babc8ceca9a1e11d83f4bfae331d175725e25201e42c55fc9c89954e6077c1
hubert_large,suta,106,stage5ext_00427,ea49524d52bc56b865f1207ba65e9a5c30cab647b575ba84d0332c740de52bef6922ee19c49e44db615889cbabebbfa52440b31858fac8660d5e97eb4593687f,South Asian English,south_asian,What does it all mean?,WHAT DOES IT ALL MEAN,65babc8ceca9a1e11d83f4bfae331d175725e25201e42c55fc9c89954e6077c1
hubert_large,suta,106,stage5ext_00428,ea49524d52bc56b865f1207ba65e9a5c30cab647b575ba84d0332c740de52bef6922ee19c49e44db615889cbabebbfa52440b31858fac8660d5e97eb4593687f,South Asian English,south_asian,A musical composition for seven instruments,A MUSICAL COMPOSITION PARSEON INSTRUMENT,65babc8ceca9a1e11d83f4bfae331d175725e25201e42c55fc9c89954e6077c1
hubert_large,suta,107,stage5ext_00429,ea49524d52bc56b865f1207ba65e9a5c30cab647b575ba84d0332c740de52bef6922ee19c49e44db615889cbabebbfa52440b31858fac8660d5e97eb4593687f,South Asian English,south_asian,Temper is so good a thing that we should never lose it.,TEMPER IT SO GOOD A THING THAT WE SHOULD NEWER LOSE IT,97ed3853ec868ad937b778f544aa1816edc230269187ac5974626f8aca2b464e
hubert_large,suta,107,stage5ext_00430,ea49524d52bc56b865f1207ba65e9a5c30cab647b575ba84d0332c740de52bef6922ee19c49e44db615889cbabebbfa52440b31858fac8660d5e97eb4593687f,South Asian English,south_asian,She has a smart way of wearing clothes.,SHE HAD A SMART WAY OF WEARING CLOTHS,97ed3853ec868ad937b778f544aa1816edc230269187ac5974626f8aca2b464e
hubert_large,suta,107,stage5ext_00431,ea49524d52bc56b865f1207ba65e9a5c30cab647b575ba84d0332c740de52bef6922ee19c49e44db615889cbabebbfa52440b31858fac8660d5e97eb4593687f,South Asian English,south_asian,They have prejudices against foreigners.,THEY HELPED RJULIASUS AGAINST FORINARSA,97ed3853ec868ad937b778f544aa1816edc230269187ac5974626f8aca2b464e
hubert_large,suta,107,stage5ext_00432,ea49524d52bc56b865f1207ba65e9a5c30cab647b575ba84d0332c740de52bef6922ee19c49e44db615889cbabebbfa52440b31858fac8660d5e97eb4593687f,South Asian English,south_asian,He has enough who is content.,HE HAS ENOUGH WHO IS CONTENT,97ed3853ec868ad937b778f544aa1816edc230269187ac5974626f8aca2b464e
hubert_large,suta,108,stage5ext_00433,ea49524d52bc56b865f1207ba65e9a5c30cab647b575ba84d0332c740de52bef6922ee19c49e44db615889cbabebbfa52440b31858fac8660d5e97eb4593687f,South Asian English,south_asian,The toilet needed cleaning.,THE TOILET NEEDED GAINING,f095d1edaa2eb108b691224b342b5da839758e57125c34ee05ff3ecc3663080f
hubert_large,suta,108,stage5ext_00434,ea49524d52bc56b865f1207ba65e9a5c30cab647b575ba84d0332c740de52bef6922ee19c49e44db615889cbabebbfa52440b31858fac8660d5e97eb4593687f,South Asian English,south_asian,There's no accounting for tastes,THERE IS NO ACCOUNTING FOR TESTS,f095d1edaa2eb108b691224b342b5da839758e57125c34ee05ff3ecc3663080f
hubert_large,suta,108,stage5ext_00435,ea49524d52bc56b865f1207ba65e9a5c30cab647b575ba84d0332c740de52bef6922ee19c49e44db615889cbabebbfa52440b31858fac8660d5e97eb4593687f,South Asian English,south_asian,"Yours sincerely, Satan.",YOURS SINCERELY SATAN,f095d1edaa2eb108b691224b342b5da839758e57125c34ee05ff3ecc3663080f
hubert_large,suta,108,stage5ext_00436,6df207be7ccedf5176284312e3017cd9d7ddb990efbd395e8e8d1a4f2aca4eac93a420f82a1b88c2cc4a7728b9bfb612cdbeccdb6bb50e3f1aec155e5603f59f,South Asian English,south_asian,Ogilvy watched till one and then gave up.,OGILBY WATCHED TILL ONE AND THEN GAVE UP,f095d1edaa2eb108b691224b342b5da839758e57125c34ee05ff3ecc3663080f
hubert_large,suta,109,stage5ext_00437,6df207be7ccedf5176284312e3017cd9d7ddb990efbd395e8e8d1a4f2aca4eac93a420f82a1b88c2cc4a7728b9bfb612cdbeccdb6bb50e3f1aec155e5603f59f,South Asian English,south_asian,The desert didn't answer him for a few moments.,THE DESERT DIDN'T ANSWER HIM FOR A FEW MOMENTS,dae5ab79f35e4b340485c0fc1a810f6c1f0162776b2940790f3b7da4a67b67ca
hubert_large,suta,109,stage5ext_00438,6df207be7ccedf5176284312e3017cd9d7ddb990efbd395e8e8d1a4f2aca4eac93a420f82a1b88c2cc4a7728b9bfb612cdbeccdb6bb50e3f1aec155e5603f59f,South Asian English,south_asian,Once again he was experiencing the language without words...,ONCE AGAIN HE WAS EXPERIENCING THE LANGUAGE WITHOUT WORDS,dae5ab79f35e4b340485c0fc1a810f6c1f0162776b2940790f3b7da4a67b67ca
hubert_large,suta,109,stage5ext_00439,6df207be7ccedf5176284312e3017cd9d7ddb990efbd395e8e8d1a4f2aca4eac93a420f82a1b88c2cc4a7728b9bfb612cdbeccdb6bb50e3f1aec155e5603f59f,South Asian English,south_asian,"The sheep will get used to my not being there, too, the boy thought.",THE SHEEP WILL GET USED TO MY NOT BEING THERE TOO THE BOY THOUGHT,dae5ab79f35e4b340485c0fc1a810f6c1f0162776b2940790f3b7da4a67b67ca
hubert_large,suta,109,stage5ext_00440,6df207be7ccedf5176284312e3017cd9d7ddb990efbd395e8e8d1a4f2aca4eac93a420f82a1b88c2cc4a7728b9bfb612cdbeccdb6bb50e3f1aec155e5603f59f,South Asian English,south_asian,Everything you need to know you have learned through your journey.,EVERYTHING YOU NEED TO KNOW YOU HAVE LEARNED THROUGH YOUR JOURNEY,dae5ab79f35e4b340485c0fc1a810f6c1f0162776b2940790f3b7da4a67b67ca
hubert_large,suta,110,stage5ext_00441,6df207be7ccedf5176284312e3017cd9d7ddb990efbd395e8e8d1a4f2aca4eac93a420f82a1b88c2cc4a7728b9bfb612cdbeccdb6bb50e3f1aec155e5603f59f,South Asian English,south_asian,"You and I aren't like Hassan, that rich merchant.",YOU AND I AREN'T LAKE HUSSON THAT RICH MERCHANT,57897bd2a3baff36135bf93414535f22833e10affb7e5faf10f11b15d5265f41
hubert_large,suta,110,stage5ext_00442,6df207be7ccedf5176284312e3017cd9d7ddb990efbd395e8e8d1a4f2aca4eac93a420f82a1b88c2cc4a7728b9bfb612cdbeccdb6bb50e3f1aec155e5603f59f,South Asian English,south_asian,But they really don't know what they're saying.,BUT THEY REALLY DON'T KNOW WHAT THEY ARE SAYING,57897bd2a3baff36135bf93414535f22833e10affb7e5faf10f11b15d5265f41
hubert_large,suta,110,stage5ext_00443,6df207be7ccedf5176284312e3017cd9d7ddb990efbd395e8e8d1a4f2aca4eac93a420f82a1b88c2cc4a7728b9bfb612cdbeccdb6bb50e3f1aec155e5603f59f,South Asian English,south_asian,The boy remembered an old proverb from his country.,THE BOY REMEMBERED AN OLD PROVERB FROM HIS COUNTRY,57897bd2a3baff36135bf93414535f22833e10affb7e5faf10f11b15d5265f41
hubert_large,suta,110,stage5ext_00444,6df207be7ccedf5176284312e3017cd9d7ddb990efbd395e8e8d1a4f2aca4eac93a420f82a1b88c2cc4a7728b9bfb612cdbeccdb6bb50e3f1aec155e5603f59f,South Asian English,south_asian,Henderson stood up with a spade in his hand.,HENDERSON STOOD UP WITH A SPADE IN HIS HAND,57897bd2a3baff36135bf93414535f22833e10affb7e5faf10f11b15d5265f41
hubert_large,suta,111,stage5ext_00445,6df207be7ccedf5176284312e3017cd9d7ddb990efbd395e8e8d1a4f2aca4eac93a420f82a1b88c2cc4a7728b9bfb612cdbeccdb6bb50e3f1aec155e5603f59f,South Asian English,south_asian,"The alchemists spent years in their laboratories, observing the fire that purified the metals.",THE ALCHEMISTS SPENT YEARS IN THEIR LABORATORIES OBSERVING THE FIRE THAT PURIFIED THE METALS,634890503306c3bd14dd921d195fb6e4a94b6a0dc6074b2b60e1a06a8f6a9cd0
hubert_large,suta,111,stage5ext_00446,6df207be7ccedf5176284312e3017cd9d7ddb990efbd395e8e8d1a4f2aca4eac93a420f82a1b88c2cc4a7728b9bfb612cdbeccdb6bb50e3f1aec155e5603f59f,South Asian English,south_asian,His eyes filled with tears as he spoke of the Prophet.,HIS EYES FILLED WITH TEARS AS HE SPOKE OF THE PROPHET,634890503306c3bd14dd921d195fb6e4a94b6a0dc6074b2b60e1a06a8f6a9cd0
hubert_large,suta,111,stage5ext_00447,6df207be7ccedf5176284312e3017cd9d7ddb990efbd395e8e8d1a4f2aca4eac93a420f82a1b88c2cc4a7728b9bfb612cdbeccdb6bb50e3f1aec155e5603f59f,South Asian English,south_asian,"Maybe the alchemist has never been in love, the boy thought.",MAYBE THE ALCHEMIST HAS NEVER BEEN IN LOVE THE BOY THOUGHT,634890503306c3bd14dd921d195fb6e4a94b6a0dc6074b2b60e1a06a8f6a9cd0
hubert_large,suta,111,stage5ext_00448,6df207be7ccedf5176284312e3017cd9d7ddb990efbd395e8e8d1a4f2aca4eac93a420f82a1b88c2cc4a7728b9bfb612cdbeccdb6bb50e3f1aec155e5603f59f,South Asian English,south_asian,"He dressed in his Arabian clothing of white linen, bought especially for this day.",HE DRESSED IN HIS ARABIAN CLOTHING OF WHITE LINEN BOUGHT ESPECIALLY FOR TUSTY,634890503306c3bd14dd921d195fb6e4a94b6a0dc6074b2b60e1a06a8f6a9cd0
hubert_large,suta,112,stage5ext_00449,6df207be7ccedf5176284312e3017cd9d7ddb990efbd395e8e8d1a4f2aca4eac93a420f82a1b88c2cc4a7728b9bfb612cdbeccdb6bb50e3f1aec155e5603f59f,South Asian English,south_asian,I don't want anything for myself.,I DON'T WANT ANY KEEPER MY SLEP,b73a73da8b62b84122f5e2df063a54bfff4ca428202c0ef0dafb41ef46b1b622
hubert_large,suta,112,stage5ext_00450,6df207be7ccedf5176284312e3017cd9d7ddb990efbd395e8e8d1a4f2aca4eac93a420f82a1b88c2cc4a7728b9bfb612cdbeccdb6bb50e3f1aec155e5603f59f,South Asian English,south_asian,"An hour later, he had before him a chest of Spanish gold coins.",AN HOUR LATER HE HAD BEFORE HIM A CHEST OF SPANISH GOLD COINS,b73a73da8b62b84122f5e2df063a54bfff4ca428202c0ef0dafb41ef46b1b622
hubert_large,suta,112,stage5ext_00451,0e60a578941d41849394691c611be044c19753d68b3dc6ca38dd1526016c9536219350c8aa1d6c0b974bc68c24592c39030a094ed6223399ab873f93e6a457a2,Australian English,australia,He surveyed the land near Fairbanks and started the Fairbanks Experiment Farm.,HE SURVEYED THE LAND NEAR FAIRBANKS AND STARTED THE FAIRBANKS EXPERIMENT FARM,b73a73da8b62b84122f5e2df063a54bfff4ca428202c0ef0dafb41ef46b1b622
hubert_large,suta,112,stage5ext_00452,0e60a578941d41849394691c611be044c19753d68b3dc6ca38dd1526016c9536219350c8aa1d6c0b974bc68c24592c39030a094ed6223399ab873f93e6a457a2,Australian English,australia,"These sites are equipped with firewood, pit privies, picnic tables and food storage containers.",THESE SITES ARE EQUIPPED WITH FIREWOOD PIT PRIVIES PICNIC TABLES AND FOOD STORAGE CONTAINERS,b73a73da8b62b84122f5e2df063a54bfff4ca428202c0ef0dafb41ef46b1b622
hubert_large,suta,113,stage5ext_00453,0e60a578941d41849394691c611be044c19753d68b3dc6ca38dd1526016c9536219350c8aa1d6c0b974bc68c24592c39030a094ed6223399ab873f93e6a457a2,Australian English,australia,He was second billed at the Earls Court Music festival with Jay-Z.,HE WAS SECOND BUILD AT THE EARLCOURT MUSIC FESTIVAL WITH JZ,836dac52d016197280c6efbc972f008ff995e84b1352e80a402143a6fb1d6bbd
hubert_large,suta,113,stage5ext_00454,0e60a578941d41849394691c611be044c19753d68b3dc6ca38dd1526016c9536219350c8aa1d6c0b974bc68c24592c39030a094ed6223399ab873f93e6a457a2,Australian English,australia,"As a result, most of the buildings are older, and are often walk-up apartments.",AS A RESULT MOST OF THE BUILDINGS ARE OLDER AND ARE OFTEN WALK UP APARTMENTS,836dac52d016197280c6efbc972f008ff995e84b1352e80a402143a6fb1d6bbd
hubert_large,suta,113,stage5ext_00455,0e60a578941d41849394691c611be044c19753d68b3dc6ca38dd1526016c9536219350c8aa1d6c0b974bc68c24592c39030a094ed6223399ab873f93e6a457a2,Australian English,australia,"His credits include episodes of ""The Twilight Zone"" and ""The Alfred Hitchcock Hour"".",HIS CREDITS INCLUDE EPISODES OF THE TWILIGHT ZONE AND THE ALFRED HITCHCOCK HOUR,836dac52d016197280c6efbc972f008ff995e84b1352e80a402143a6fb1d6bbd
hubert_large,suta,113,stage5ext_00456,0e60a578941d41849394691c611be044c19753d68b3dc6ca38dd1526016c9536219350c8aa1d6c0b974bc68c24592c39030a094ed6223399ab873f93e6a457a2,Australian English,australia,The party aligned itself with the Comintern.,THE PARTY ALLINED ITSELF WITH THE COMMONTEN,836dac52d016197280c6efbc972f008ff995e84b1352e80a402143a6fb1d6bbd
hubert_large,suta,114,stage5ext_00457,0e60a578941d41849394691c611be044c19753d68b3dc6ca38dd1526016c9536219350c8aa1d6c0b974bc68c24592c39030a094ed6223399ab873f93e6a457a2,Australian English,australia,"On one occasion, Suetonius writes, Vespasian was pelted with turnips.",ON ONE OCCASION SEUTONIUS WRITES VESPACION WAS PELTED WITH TURNIPS,d9cac036608fe4ae0b3267ca6eb337cd0c08c01b148eef1b575ac0d192edb18d
hubert_large,suta,114,stage5ext_00458,0e60a578941d41849394691c611be044c19753d68b3dc6ca38dd1526016c9536219350c8aa1d6c0b974bc68c24592c39030a094ed6223399ab873f93e6a457a2,Australian English,australia,"She felt that modern society had ""blunted"" children.",SHE FELT THAT MODERN SOCIETY HAD BLUNTED CHILDREN,d9cac036608fe4ae0b3267ca6eb337cd0c08c01b148eef1b575ac0d192edb18d
hubert_large,suta,114,stage5ext_00459,0e60a578941d41849394691c611be044c19753d68b3dc6ca38dd1526016c9536219350c8aa1d6c0b974bc68c24592c39030a094ed6223399ab873f93e6a457a2,Australian English,australia,Those in Thailand live close to the Hmong and northern Thai.,THOSE IN TYLAND LIVE CLOSE TO THE MONG AND NORTHERN TYE,d9cac036608fe4ae0b3267ca6eb337cd0c08c01b148eef1b575ac0d192edb18d
hubert_large,suta,114,stage5ext_00460,0e60a578941d41849394691c611be044c19753d68b3dc6ca38dd1526016c9536219350c8aa1d6c0b974bc68c24592c39030a094ed6223399ab873f93e6a457a2,Australian English,australia,His competitive debut followed a few days later.,HIS COMPETITIVE DEBU FOLLOWED A FEW DAYS LATER,d9cac036608fe4ae0b3267ca6eb337cd0c08c01b148eef1b575ac0d192edb18d
hubert_large,suta,115,stage5ext_00461,0e60a578941d41849394691c611be044c19753d68b3dc6ca38dd1526016c9536219350c8aa1d6c0b974bc68c24592c39030a094ed6223399ab873f93e6a457a2,Australian English,australia,It is headquartered in Dubna in the Moscow Oblast.,IT IS HEADQUARTERED IN DUBNA IN THE MOSCOW OBLASTE,062652eb776d89d0537aafa175b156569e6d4785e07799d72d2a46a970bd080f
hubert_large,suta,115,stage5ext_00462,0e60a578941d41849394691c611be044c19753d68b3dc6ca38dd1526016c9536219350c8aa1d6c0b974bc68c24592c39030a094ed6223399ab873f93e6a457a2,Australian English,australia,Upon surrender the tribe was expelled.,UPON SURRENDER THE TRIBE WAS EXPELLED,062652eb776d89d0537aafa175b156569e6d4785e07799d72d2a46a970bd080f
hubert_large,suta,115,stage5ext_00463,0e60a578941d41849394691c611be044c19753d68b3dc6ca38dd1526016c9536219350c8aa1d6c0b974bc68c24592c39030a094ed6223399ab873f93e6a457a2,Australian English,australia,His skills in what we now characterize as guerrilla warfare were justly famous.,HIS SKILLS IN WHAT WE NOW CHARACTERIZE AS GORILLA WARFARE WERE JUSTLY FAMOUS,062652eb776d89d0537aafa175b156569e6d4785e07799d72d2a46a970bd080f
hubert_large,suta,115,stage5ext_00464,0e60a578941d41849394691c611be044c19753d68b3dc6ca38dd1526016c9536219350c8aa1d6c0b974bc68c24592c39030a094ed6223399ab873f93e6a457a2,Australian English,australia,Donald C. Owens.,DONALD C OWENS,062652eb776d89d0537aafa175b156569e6d4785e07799d72d2a46a970bd080f
hubert_large,suta,116,stage5ext_00465,0e60a578941d41849394691c611be044c19753d68b3dc6ca38dd1526016c9536219350c8aa1d6c0b974bc68c24592c39030a094ed6223399ab873f93e6a457a2,Australian English,australia,Most of operating surplus will normally consist of gross profit income.,MOST OF OPERATING SURPLUS WILL NORMALLY CONSIST OF GROSS PROFIT INCOME,800d21bc604d62be3d52b461bd29cc86719c285225b618974b2595152dde97a3
hubert_large,suta,116,stage5ext_00466,6a6b32832defa516dce6922d2300294d6e7f670b8f867ed3f8f7e291df5150f55cde5ad06e44e4d126e3687b818fe5f23e70a1cd189217bc55d1f9f21ced88e0,Australian English,australia,"These delineations, however, are not definitive.",THESE DELINEATIONS HOWEVER ARE NOT DEFINITIVE,800d21bc604d62be3d52b461bd29cc86719c285225b618974b2595152dde97a3
hubert_large,suta,116,stage5ext_00467,6a6b32832defa516dce6922d2300294d6e7f670b8f867ed3f8f7e291df5150f55cde5ad06e44e4d126e3687b818fe5f23e70a1cd189217bc55d1f9f21ced88e0,Australian English,australia,"When he returned to Canada the following year, he had gained few supplies.",WHEN HE RETURNED TO CANADA THE FOLLOWING YEAR HE HAD GAINED FEW SUPPLIES,800d21bc604d62be3d52b461bd29cc86719c285225b618974b2595152dde97a3
hubert_large,suta,116,stage5ext_00468,6a6b32832defa516dce6922d2300294d6e7f670b8f867ed3f8f7e291df5150f55cde5ad06e44e4d126e3687b818fe5f23e70a1cd189217bc55d1f9f21ced88e0,Australian English,australia,Eos published the third edition of Nobilis and a supplement.,EOS PUBLISHED THE THIRD EDITION OF NOBLIS AND A SUPPLEMENT,800d21bc604d62be3d52b461bd29cc86719c285225b618974b2595152dde97a3
hubert_large,suta,117,stage5ext_00469,6a6b32832defa516dce6922d2300294d6e7f670b8f867ed3f8f7e291df5150f55cde5ad06e44e4d126e3687b818fe5f23e70a1cd189217bc55d1f9f21ced88e0,Australian English,australia,This prevents damage to the optics in the amplifier.,THIS PREVENTS DAMAGE TO THE OPTICS IN THE AMPLIFIER,c9da4dd4912b665417ad36dd4a28e5f4a56c96e5dc276a98c3482fa70b4210c2
hubert_large,suta,117,stage5ext_00470,6a6b32832defa516dce6922d2300294d6e7f670b8f867ed3f8f7e291df5150f55cde5ad06e44e4d126e3687b818fe5f23e70a1cd189217bc55d1f9f21ced88e0,Australian English,australia,"Prince's Park also influenced its near neighbour, Sefton Park.",PRINCE'S PARK ALSO INFLUENCED ITS NEAR NEIGHBOR SEFTON PARK,c9da4dd4912b665417ad36dd4a28e5f4a56c96e5dc276a98c3482fa70b4210c2
hubert_large,suta,117,stage5ext_00471,6a6b32832defa516dce6922d2300294d6e7f670b8f867ed3f8f7e291df5150f55cde5ad06e44e4d126e3687b818fe5f23e70a1cd189217bc55d1f9f21ced88e0,Australian English,australia,The location is a primary advantage of the faculty.,A LOCATION IS A PRIMARY ADVANTAGE OF THE FACULTY,c9da4dd4912b665417ad36dd4a28e5f4a56c96e5dc276a98c3482fa70b4210c2
hubert_large,suta,117,stage5ext_00472,6a6b32832defa516dce6922d2300294d6e7f670b8f867ed3f8f7e291df5150f55cde5ad06e44e4d126e3687b818fe5f23e70a1cd189217bc55d1f9f21ced88e0,Australian English,australia,The caps are placed behind the casing.,THE CAPS ARE PLACED BEHIND THE CASING,c9da4dd4912b665417ad36dd4a28e5f4a56c96e5dc276a98c3482fa70b4210c2
hubert_large,suta,118,stage5ext_00473,6a6b32832defa516dce6922d2300294d6e7f670b8f867ed3f8f7e291df5150f55cde5ad06e44e4d126e3687b818fe5f23e70a1cd189217bc55d1f9f21ced88e0,Australian English,australia,It falls within the old copper quarter of Landore electoral ward.,IT FALLS WITHIN THE OLD COPPER QUARTER OF LANDOR ELECTORAL WARD,31ec14998dcf65234e82c2c0272f3f0526eb54953aa386f0687eb2cbcc0a5377
hubert_large,suta,118,stage5ext_00474,6a6b32832defa516dce6922d2300294d6e7f670b8f867ed3f8f7e291df5150f55cde5ad06e44e4d126e3687b818fe5f23e70a1cd189217bc55d1f9f21ced88e0,Australian English,australia,It was merged into the existing Billund municipality.,IT WAS MERGED INTO THE EXISTING BILLAND MUNICIPALITY,31ec14998dcf65234e82c2c0272f3f0526eb54953aa386f0687eb2cbcc0a5377
hubert_large,suta,118,stage5ext_00475,6a6b32832defa516dce6922d2300294d6e7f670b8f867ed3f8f7e291df5150f55cde5ad06e44e4d126e3687b818fe5f23e70a1cd189217bc55d1f9f21ced88e0,Australian English,australia,"Rossi is married, with four children, and lives in Sammamish, Washington.",ROSSE IS MARRIED WITH FOUR CHILDREN AND LIVES IN SAMAMISCH WASHINGTON,31ec14998dcf65234e82c2c0272f3f0526eb54953aa386f0687eb2cbcc0a5377
hubert_large,suta,118,stage5ext_00476,6a6b32832defa516dce6922d2300294d6e7f670b8f867ed3f8f7e291df5150f55cde5ad06e44e4d126e3687b818fe5f23e70a1cd189217bc55d1f9f21ced88e0,Australian English,australia,It is a peaceful place nestled in greenery.,IT IS A PEACEFUL PLACE NESTLED IN GREENERY,31ec14998dcf65234e82c2c0272f3f0526eb54953aa386f0687eb2cbcc0a5377
hubert_large,suta,119,stage5ext_00477,6a6b32832defa516dce6922d2300294d6e7f670b8f867ed3f8f7e291df5150f55cde5ad06e44e4d126e3687b818fe5f23e70a1cd189217bc55d1f9f21ced88e0,Australian English,australia,During the fighting the Saint-Quentin collegiate church was badly damaged by fire.,DURING THE FIGHTING THE SAINT QUENTON COLLEGIAT CHURCH WAS BADLY DAMAGED BY FIRE,cae22dcaf2ff546ffa03abf929c31e880333b9b7b94e0717546311dfc2864802
hubert_large,suta,119,stage5ext_00478,6a6b32832defa516dce6922d2300294d6e7f670b8f867ed3f8f7e291df5150f55cde5ad06e44e4d126e3687b818fe5f23e70a1cd189217bc55d1f9f21ced88e0,Australian English,australia,Further salvage effort was abandoned.,FURTHER SALVAGE EFFORT WAS ABANDONED,cae22dcaf2ff546ffa03abf929c31e880333b9b7b94e0717546311dfc2864802
hubert_large,suta,119,stage5ext_00479,6a6b32832defa516dce6922d2300294d6e7f670b8f867ed3f8f7e291df5150f55cde5ad06e44e4d126e3687b818fe5f23e70a1cd189217bc55d1f9f21ced88e0,Australian English,australia,Its lean flesh makes for a unique flavor that differs from species to species.,ITS LEAN FLESH MAKES FOR A UNIQUE FLAVOR THAT DIFFERS FROM SPECIES TO SPECIES,cae22dcaf2ff546ffa03abf929c31e880333b9b7b94e0717546311dfc2864802
hubert_large,suta,119,stage5ext_00480,6a6b32832defa516dce6922d2300294d6e7f670b8f867ed3f8f7e291df5150f55cde5ad06e44e4d126e3687b818fe5f23e70a1cd189217bc55d1f9f21ced88e0,Australian English,australia,"Multiplexers, decoders, state machines, and other sophisticated digital devices may use inverters.",MULTIPLEXES DECODAS STATE MACHINES AND OTHER SOPHISTICATED DIGITAL DEVICES MAY USE INVERTORS,cae22dcaf2ff546ffa03abf929c31e880333b9b7b94e0717546311dfc2864802
hubert_large,suta,120,stage5ext_00481,80e5fdd0808bbda9d695c743b5046c81739538d8398f2686fe4b36ca71f055a7cc8e5445f4ac8e41bbbe09c9f01ad6e6bf9e083ec42a8d15655c1b76825dce57,Australian English,australia,"The regiment is introduced as Britain's first ""Kamikaze Regiment"".",THE REGIMENT IS INTRODUCED AS BRITON'S FIRST COMAKHAZI REGIMENT,a61446716816946a55e2882a2dfe81dbc311e85fa977ed618a192f0eebc6b82c
hubert_large,suta,120,stage5ext_00482,80e5fdd0808bbda9d695c743b5046c81739538d8398f2686fe4b36ca71f055a7cc8e5445f4ac8e41bbbe09c9f01ad6e6bf9e083ec42a8d15655c1b76825dce57,Australian English,australia,"“Yet you always make me like it,” he said.",YET YOU ALWAYS MAKE ME LIKE IT HE SAID,a61446716816946a55e2882a2dfe81dbc311e85fa977ed618a192f0eebc6b82c
hubert_large,suta,120,stage5ext_00483,80e5fdd0808bbda9d695c743b5046c81739538d8398f2686fe4b36ca71f055a7cc8e5445f4ac8e41bbbe09c9f01ad6e6bf9e083ec42a8d15655c1b76825dce57,Australian English,australia,The parties were ordered to electronically submit briefs to make their case.,THE PARTIES WERE ORDERED TO ELECTRONICALLY SUBMIT BRIEFS TO MAKE THEIR CASE,a61446716816946a55e2882a2dfe81dbc311e85fa977ed618a192f0eebc6b82c
hubert_large,suta,120,stage5ext_00484,80e5fdd0808bbda9d695c743b5046c81739538d8398f2686fe4b36ca71f055a7cc8e5445f4ac8e41bbbe09c9f01ad6e6bf9e083ec42a8d15655c1b76825dce57,Australian English,australia,Conceptual discussions also revolve around a precise definition of action in philosophy.,CONCEPTUAL DISCUSSIONS ALSO REVOLVE AROUND A PRECISE DEFINITION OF ACTION IN PHILOSOPHY,a61446716816946a55e2882a2dfe81dbc311e85fa977ed618a192f0eebc6b82c
hubert_large,suta,121,stage5ext_00485,80e5fdd0808bbda9d695c743b5046c81739538d8398f2686fe4b36ca71f055a7cc8e5445f4ac8e41bbbe09c9f01ad6e6bf9e083ec42a8d15655c1b76825dce57,Australian English,australia,John Wyndham's many short stories also appear with later variant titles or pen names.,JOHN WINEHAM'S MANY SHORT STORIES ALSO APPEAR WITH LATER VARIENT TITLES OR PEN NAMES,b482b52695fd7be524a34c57675c0ea7797bc2efc9460cd8425348f6327505b5
hubert_large,suta,121,stage5ext_00486,80e5fdd0808bbda9d695c743b5046c81739538d8398f2686fe4b36ca71f055a7cc8e5445f4ac8e41bbbe09c9f01ad6e6bf9e083ec42a8d15655c1b76825dce57,Australian English,australia,"I had an apartment; Jim was, like, ""He's the Boss"".",I HAD AN APARTMENT JIM WAS LIKE HE'S A BOSS,b482b52695fd7be524a34c57675c0ea7797bc2efc9460cd8425348f6327505b5
hubert_large,suta,121,stage5ext_00487,80e5fdd0808bbda9d695c743b5046c81739538d8398f2686fe4b36ca71f055a7cc8e5445f4ac8e41bbbe09c9f01ad6e6bf9e083ec42a8d15655c1b76825dce57,Australian English,australia,"The show theme music is a customised version of Barry Manilow's ""Copacabana"".",THE SHEYTHEME MUSIC IS A CUSTOMIZED VERSION OF BARRY MANLO'S COOPER CABANA,b482b52695fd7be524a34c57675c0ea7797bc2efc9460cd8425348f6327505b5
hubert_large,suta,121,stage5ext_00488,80e5fdd0808bbda9d695c743b5046c81739538d8398f2686fe4b36ca71f055a7cc8e5445f4ac8e41bbbe09c9f01ad6e6bf9e083ec42a8d15655c1b76825dce57,Australian English,australia,Especially noteworthy were the early and late paintings.,SPECIALLY NOTEWORTHY WERE THE EARLY AND LATE PAINTINGS,b482b52695fd7be524a34c57675c0ea7797bc2efc9460cd8425348f6327505b5
hubert_large,suta,122,stage5ext_00489,80e5fdd0808bbda9d695c743b5046c81739538d8398f2686fe4b36ca71f055a7cc8e5445f4ac8e41bbbe09c9f01ad6e6bf9e083ec42a8d15655c1b76825dce57,Australian English,australia,"Gavin Smith would later join the team, making it a three-car Vauxhall effort.",GAVAN SMITH WOULD LATER JOIN THE TEAM MAKING IT A THREE CAR F OXAL EFFORT,45afad5d5ef8e761f67c4e57c1416740fa303847fdba3f33ac4e4ad1fbfe3d0f
hubert_large,suta,122,stage5ext_00490,80e5fdd0808bbda9d695c743b5046c81739538d8398f2686fe4b36ca71f055a7cc8e5445f4ac8e41bbbe09c9f01ad6e6bf9e083ec42a8d15655c1b76825dce57,Australian English,australia,"His siblings included Key Pittman, a longtime United States Senator from Nevada.",HIS SIPLINGS INCLUDED KY PITMAN A LONG TIME UNITED STATES SENATOR FROM NEVADA,45afad5d5ef8e761f67c4e57c1416740fa303847fdba3f33ac4e4ad1fbfe3d0f
hubert_large,suta,122,stage5ext_00491,80e5fdd0808bbda9d695c743b5046c81739538d8398f2686fe4b36ca71f055a7cc8e5445f4ac8e41bbbe09c9f01ad6e6bf9e083ec42a8d15655c1b76825dce57,Australian English,australia,"The ""Dragon Empire"" is an empire ruled by the ten houses of dragons.",THE DRAGON EMPIRE IS AN EMPIRE RULED BY THE TEN HOUSES OF DRAGONS,45afad5d5ef8e761f67c4e57c1416740fa303847fdba3f33ac4e4ad1fbfe3d0f
hubert_large,suta,122,stage5ext_00492,80e5fdd0808bbda9d695c743b5046c81739538d8398f2686fe4b36ca71f055a7cc8e5445f4ac8e41bbbe09c9f01ad6e6bf9e083ec42a8d15655c1b76825dce57,Australian English,australia,Gounki is played on an eight-by-eight square.,GONKEY IS PLAYED ON EIGHT BY EIGHT SQUARE,45afad5d5ef8e761f67c4e57c1416740fa303847fdba3f33ac4e4ad1fbfe3d0f
hubert_large,suta,123,stage5ext_00493,80e5fdd0808bbda9d695c743b5046c81739538d8398f2686fe4b36ca71f055a7cc8e5445f4ac8e41bbbe09c9f01ad6e6bf9e083ec42a8d15655c1b76825dce57,Australian English,australia,He founded a series of hospitals in Constantinople to care for the poor.,HE FOUNDED A SERIES OF HOSPITALS IN CONSTANTINOPLE TO CARE FOR THE POOR,99fd9f2ed31e932a4e9324ee7bcbbe2ebdaf482bf86fe3d88820b82db7741b49
hubert_large,suta,123,stage5ext_00494,80e5fdd0808bbda9d695c743b5046c81739538d8398f2686fe4b36ca71f055a7cc8e5445f4ac8e41bbbe09c9f01ad6e6bf9e083ec42a8d15655c1b76825dce57,Australian English,australia,His guitar compositions are being recorded and performed by an ever-increasing number of guitarists.,HIS GATAR COMPOSITIONS ARE BEING RECORDED AND PERFORMED BY AN EVER INCREASING NUMBER OF GATARAS,99fd9f2ed31e932a4e9324ee7bcbbe2ebdaf482bf86fe3d88820b82db7741b49
hubert_large,suta,123,stage5ext_00495,80e5fdd0808bbda9d695c743b5046c81739538d8398f2686fe4b36ca71f055a7cc8e5445f4ac8e41bbbe09c9f01ad6e6bf9e083ec42a8d15655c1b76825dce57,Australian English,australia,He taught at Stockport Grammar School.,HE TAUGHT AT STOCKPORT GRAMMAR SCHOOL,99fd9f2ed31e932a4e9324ee7bcbbe2ebdaf482bf86fe3d88820b82db7741b49
hubert_large,suta,123,stage5ext_00496,1a03eae3701811654fd562b997c8a474b9db15da01b2c3dbe82487ef0476080aff1930c0b286ebae981fe42447c3f5ef27480999934b5bbbb8e1410266aca125,Australian English,australia,"But, if you can, try to make your own decisions.",BUT IF YOU CAN TRY TO MAKE YOUR OWNDECISIONS,99fd9f2ed31e932a4e9324ee7bcbbe2ebdaf482bf86fe3d88820b82db7741b49
hubert_large,suta,124,stage5ext_00497,1a03eae3701811654fd562b997c8a474b9db15da01b2c3dbe82487ef0476080aff1930c0b286ebae981fe42447c3f5ef27480999934b5bbbb8e1410266aca125,Australian English,australia,There was no way to measure anything of that length.,THERE WAS NO WAY TO MEASURE ANYTHING OF THAT LENGTH,2d03bc4534299d0d2be0fab31dc02984724a144aa305fa89aa5902be91f80593
hubert_large,suta,124,stage5ext_00498,1a03eae3701811654fd562b997c8a474b9db15da01b2c3dbe82487ef0476080aff1930c0b286ebae981fe42447c3f5ef27480999934b5bbbb8e1410266aca125,Australian English,australia,"Today, tourism is one of the major economic factors inside the city.",TODAY TOURISM IS ONE OF THE MAJOR ECONOMIC FACTORS INSIDE THE CITY,2d03bc4534299d0d2be0fab31dc02984724a144aa305fa89aa5902be91f80593
hubert_large,suta,124,stage5ext_00499,1a03eae3701811654fd562b997c8a474b9db15da01b2c3dbe82487ef0476080aff1930c0b286ebae981fe42447c3f5ef27480999934b5bbbb8e1410266aca125,Australian English,australia,"Last week, I went hiking in the mountains.",LAST WEEK I WENT HIKING IN THE MOUNTAINS,2d03bc4534299d0d2be0fab31dc02984724a144aa305fa89aa5902be91f80593
hubert_large,suta,124,stage5ext_00500,1a03eae3701811654fd562b997c8a474b9db15da01b2c3dbe82487ef0476080aff1930c0b286ebae981fe42447c3f5ef27480999934b5bbbb8e1410266aca125,Australian English,australia,The boy tried to read what was written in the sand.,THE BOY TRIED TO READ WHAT WAS WRITTEN IN THE SAND,2d03bc4534299d0d2be0fab31dc02984724a144aa305fa89aa5902be91f80593
hubert_large,suta,125,stage5ext_00501,1a03eae3701811654fd562b997c8a474b9db15da01b2c3dbe82487ef0476080aff1930c0b286ebae981fe42447c3f5ef27480999934b5bbbb8e1410266aca125,Australian English,australia,Don't hurt my sore arm again.,DON'T HURT MY SORE ARM AGAIN,f3867ead73cfa237c95cc04892a4c06efc56b5163a19eb66c83d8907d6ad61f2
hubert_large,suta,125,stage5ext_00502,1a03eae3701811654fd562b997c8a474b9db15da01b2c3dbe82487ef0476080aff1930c0b286ebae981fe42447c3f5ef27480999934b5bbbb8e1410266aca125,Australian English,australia,The fluid sprayed across the foyer.,THE FLOID SPRAD ACROSS THE FOYA,f3867ead73cfa237c95cc04892a4c06efc56b5163a19eb66c83d8907d6ad61f2
hubert_large,suta,125,stage5ext_00503,1a03eae3701811654fd562b997c8a474b9db15da01b2c3dbe82487ef0476080aff1930c0b286ebae981fe42447c3f5ef27480999934b5bbbb8e1410266aca125,Australian English,australia,Thanks for dropping around.,THANKS FOR DROPPING ARAND,f3867ead73cfa237c95cc04892a4c06efc56b5163a19eb66c83d8907d6ad61f2
hubert_large,suta,125,stage5ext_00504,1a03eae3701811654fd562b997c8a474b9db15da01b2c3dbe82487ef0476080aff1930c0b286ebae981fe42447c3f5ef27480999934b5bbbb8e1410266aca125,Australian English,australia,The frog had no chance to escape.,THE FROG HAD NO CHANCE TO ESCAPE,f3867ead73cfa237c95cc04892a4c06efc56b5163a19eb66c83d8907d6ad61f2
hubert_large,suta,126,stage5ext_00505,1a03eae3701811654fd562b997c8a474b9db15da01b2c3dbe82487ef0476080aff1930c0b286ebae981fe42447c3f5ef27480999934b5bbbb8e1410266aca125,Australian English,australia,She likes you well enough to stick around.,SHE LOCKS YOU WELL ENOUGH TO STICK AROUND,d63f3dcb6e759e6b86cdffbd559372c12b08532d5f32a3c5713a5a607b2aca04
hubert_large,suta,126,stage5ext_00506,1a03eae3701811654fd562b997c8a474b9db15da01b2c3dbe82487ef0476080aff1930c0b286ebae981fe42447c3f5ef27480999934b5bbbb8e1410266aca125,Australian English,australia,The shower curtain is beige and white.,THE SHOWER CURTAIN IS BASIAN WHITE,d63f3dcb6e759e6b86cdffbd559372c12b08532d5f32a3c5713a5a607b2aca04
hubert_large,suta,126,stage5ext_00507,1a03eae3701811654fd562b997c8a474b9db15da01b2c3dbe82487ef0476080aff1930c0b286ebae981fe42447c3f5ef27480999934b5bbbb8e1410266aca125,Australian English,australia,"Everyone, when they are young, knows what their destiny is.",EVERYONE WHEN THEY ARE YOUNG KNOWS WHAT THEIR DESTINY IS,d63f3dcb6e759e6b86cdffbd559372c12b08532d5f32a3c5713a5a607b2aca04
hubert_large,suta,126,stage5ext_00508,1a03eae3701811654fd562b997c8a474b9db15da01b2c3dbe82487ef0476080aff1930c0b286ebae981fe42447c3f5ef27480999934b5bbbb8e1410266aca125,Australian English,australia,He didn't consider mending the hole — the stones could fall through any time they wanted.,HE DIDN'T CONSIDER MENDING THE HOLE THE STONES COULD FALL THROUGH ANY TIME THEY WANTED,d63f3dcb6e759e6b86cdffbd559372c12b08532d5f32a3c5713a5a607b2aca04
hubert_large,suta,127,stage5ext_00509,1a03eae3701811654fd562b997c8a474b9db15da01b2c3dbe82487ef0476080aff1930c0b286ebae981fe42447c3f5ef27480999934b5bbbb8e1410266aca125,Australian English,australia,Add shweta mohan to my laundry playlist,ADD SHOOTER MOHAN TO MY LAUNDRY PLAY LIST,10de52dd0897de3ba31d6e85a29893dfe7d091385464c3e433d3f5a1589a05be
hubert_large,suta,127,stage5ext_00510,1a03eae3701811654fd562b997c8a474b9db15da01b2c3dbe82487ef0476080aff1930c0b286ebae981fe42447c3f5ef27480999934b5bbbb8e1410266aca125,Australian English,australia,I'm still having trouble with baking.,I'M STILL HAVING TROUBLE WITH BAKING,10de52dd0897de3ba31d6e85a29893dfe7d091385464c3e433d3f5a1589a05be
hubert_large,suta,127,stage5ext_00511,3935c83996bc79d7abc50adc36392f9a2fd97df405c02b2321332068d1f235f816f68c7b84d0c3b80073933b9f6ab6f5b2d06f204e4bacdd8623e31009f1b83c,Australian English,australia,The mantra itself is also called Simran.,THE MENTRA ITSELF IS ALSO CALLED SIMERON,10de52dd0897de3ba31d6e85a29893dfe7d091385464c3e433d3f5a1589a05be
hubert_large,suta,127,stage5ext_00512,3935c83996bc79d7abc50adc36392f9a2fd97df405c02b2321332068d1f235f816f68c7b84d0c3b80073933b9f6ab6f5b2d06f204e4bacdd8623e31009f1b83c,Australian English,australia,"Throughout college, Edwards moonlighted, playing jazz piano for late night radio and music shows.",THROUGHOUT COLLEGE EDWARDS MOONLIGHTED PLAYIN CHES PIANO FOR LATE NIGHT RADIO AND MUSIC SHOWS,10de52dd0897de3ba31d6e85a29893dfe7d091385464c3e433d3f5a1589a05be
hubert_large,suta,128,stage5ext_00513,3935c83996bc79d7abc50adc36392f9a2fd97df405c02b2321332068d1f235f816f68c7b84d0c3b80073933b9f6ab6f5b2d06f204e4bacdd8623e31009f1b83c,Australian English,australia,Over this period the paper grew and began to cover additional market sectors.,UP AT THIS PERIOD THE PIPER GREW AND BEGAN TO COVER ADDITIONAL MARKET SECTORS,c5fa321a0f96db9d3db192b0c449cf3c29f2f23c04f6315ef94d4d0f50fdcda0
hubert_large,suta,128,stage5ext_00514,3935c83996bc79d7abc50adc36392f9a2fd97df405c02b2321332068d1f235f816f68c7b84d0c3b80073933b9f6ab6f5b2d06f204e4bacdd8623e31009f1b83c,Australian English,australia,"His long, narrow face was dominated by a big nose.",HIS LONG NARROW FACE WAS DOMINATED BY A BEAK KNOD,c5fa321a0f96db9d3db192b0c449cf3c29f2f23c04f6315ef94d4d0f50fdcda0
hubert_large,suta,128,stage5ext_00515,3935c83996bc79d7abc50adc36392f9a2fd97df405c02b2321332068d1f235f816f68c7b84d0c3b80073933b9f6ab6f5b2d06f204e4bacdd8623e31009f1b83c,Australian English,australia,"This has most commonly been interpreted as a rendition of ""Now Strike"".",THIS HAS MOST COMMONLY BEEN INTERPRETED AS A RENDITION OF NAIL STRIKE,c5fa321a0f96db9d3db192b0c449cf3c29f2f23c04f6315ef94d4d0f50fdcda0
hubert_large,suta,128,stage5ext_00516,3935c83996bc79d7abc50adc36392f9a2fd97df405c02b2321332068d1f235f816f68c7b84d0c3b80073933b9f6ab6f5b2d06f204e4bacdd8623e31009f1b83c,Australian English,australia,The capital of the province is Llica.,THE CAPITAL OF THE PROVINCE IS LICA,c5fa321a0f96db9d3db192b0c449cf3c29f2f23c04f6315ef94d4d0f50fdcda0
hubert_large,suta,129,stage5ext_00517,3935c83996bc79d7abc50adc36392f9a2fd97df405c02b2321332068d1f235f816f68c7b84d0c3b80073933b9f6ab6f5b2d06f204e4bacdd8623e31009f1b83c,Australian English,australia,Children from this township attend schools in the Blue Mountain School District.,CHILDREN FROM THIS TOWNSHIP ATTEND SCHOOLS IN THE BLUE MOUNTAIN CHOOLD DISTRICT,3570dbb440877aac9849c1b6f6e8cf1f39fb4129142c9b1b34bd0cb28189e5b6
hubert_large,suta,129,stage5ext_00518,3935c83996bc79d7abc50adc36392f9a2fd97df405c02b2321332068d1f235f816f68c7b84d0c3b80073933b9f6ab6f5b2d06f204e4bacdd8623e31009f1b83c,Australian English,australia,The band's lineup would then remain unchanged through their next two albums.,THE BANDS LINE UP WOULD THEN REMAIN UNCHANGED THOUGH THEIR NEXT TWO ALBUMS,3570dbb440877aac9849c1b6f6e8cf1f39fb4129142c9b1b34bd0cb28189e5b6
hubert_large,suta,129,stage5ext_00519,3935c83996bc79d7abc50adc36392f9a2fd97df405c02b2321332068d1f235f816f68c7b84d0c3b80073933b9f6ab6f5b2d06f204e4bacdd8623e31009f1b83c,Australian English,australia,A user application may render the image into a viewport.,A UTUAL APPLICATION MAY RENDER THE IMAGE INTO A VIEWPORT,3570dbb440877aac9849c1b6f6e8cf1f39fb4129142c9b1b34bd0cb28189e5b6
hubert_large,suta,129,stage5ext_00520,3935c83996bc79d7abc50adc36392f9a2fd97df405c02b2321332068d1f235f816f68c7b84d0c3b80073933b9f6ab6f5b2d06f204e4bacdd8623e31009f1b83c,Australian English,australia,Jimmy Fortune also sometimes tours with Dailey and Vincent.,JIMMY FORTUNE ALSO SOMETIMES TIRS WITH DAILEY AND VINCENT,3570dbb440877aac9849c1b6f6e8cf1f39fb4129142c9b1b34bd0cb28189e5b6
hubert_large,suta,130,stage5ext_00521,3935c83996bc79d7abc50adc36392f9a2fd97df405c02b2321332068d1f235f816f68c7b84d0c3b80073933b9f6ab6f5b2d06f204e4bacdd8623e31009f1b83c,Australian English,australia,The play was revived in London eight times during his life.,THE PLAY WAS REVIVED IN LONDON EIGHT TIMES DURING HIS LIFE,008ed0ad41194f0667f4f7ad05b53723d16d32f5a52cfd6f73d0a3c720c2aae5
hubert_large,suta,130,stage5ext_00522,3935c83996bc79d7abc50adc36392f9a2fd97df405c02b2321332068d1f235f816f68c7b84d0c3b80073933b9f6ab6f5b2d06f204e4bacdd8623e31009f1b83c,Australian English,australia,Following the outbreak of the Second Boer War he was posted to South Africa.,FOLLOWING THE OUTBREAK OF THE SECOND BRL WAR HE WAS POSTED TO SOUTH AFRICA,008ed0ad41194f0667f4f7ad05b53723d16d32f5a52cfd6f73d0a3c720c2aae5
hubert_large,suta,130,stage5ext_00523,3935c83996bc79d7abc50adc36392f9a2fd97df405c02b2321332068d1f235f816f68c7b84d0c3b80073933b9f6ab6f5b2d06f204e4bacdd8623e31009f1b83c,Australian English,australia,It is a popular spot for surfing and swimming.,IT IS A POPULAR SPOT FOR SERVING AND SWIMMEN,008ed0ad41194f0667f4f7ad05b53723d16d32f5a52cfd6f73d0a3c720c2aae5
hubert_large,suta,130,stage5ext_00524,3935c83996bc79d7abc50adc36392f9a2fd97df405c02b2321332068d1f235f816f68c7b84d0c3b80073933b9f6ab6f5b2d06f204e4bacdd8623e31009f1b83c,Australian English,australia,Dylan apparently disliked this.,GILLN APPARENTLY DISLIKED THIS,008ed0ad41194f0667f4f7ad05b53723d16d32f5a52cfd6f73d0a3c720c2aae5
hubert_large,suta,131,stage5ext_00525,3935c83996bc79d7abc50adc36392f9a2fd97df405c02b2321332068d1f235f816f68c7b84d0c3b80073933b9f6ab6f5b2d06f204e4bacdd8623e31009f1b83c,Australian English,australia,Her heart-shaped gravestone is visible from the road.,HER HEART SHAPED GRAVESTONE IS VISIBLE FROM THE ROAD,29d26121acdbcad84d68e5fc5e12ee25dca2aa0865f3a6908a57e8c338127877
hubert_large,suta,131,stage5ext_00526,92fa0173d8a52067542a43504a23d6adbcf1f55271ca38e9eacfa6f751199a9bb7ed840cebadc1a745b2c605ec99dcfae954c709b8c345afbcb08ce46e100b4d,Australian English,australia,"Bushnell was born in Saint Paul, Minnesota and raised in Los Angeles, California.",BUSHNEW WAS BORN IN SAINT PAUL MINNESOTA AND RAISED IN LOSS ANGELOS CALIFORNIA,29d26121acdbcad84d68e5fc5e12ee25dca2aa0865f3a6908a57e8c338127877
hubert_large,suta,131,stage5ext_00527,92fa0173d8a52067542a43504a23d6adbcf1f55271ca38e9eacfa6f751199a9bb7ed840cebadc1a745b2c605ec99dcfae954c709b8c345afbcb08ce46e100b4d,Australian English,australia,The show is based on noughts and crosses.,THE SHOWE IS BASED ON NAUGHTS AND CROSSES,29d26121acdbcad84d68e5fc5e12ee25dca2aa0865f3a6908a57e8c338127877
hubert_large,suta,131,stage5ext_00528,92fa0173d8a52067542a43504a23d6adbcf1f55271ca38e9eacfa6f751199a9bb7ed840cebadc1a745b2c605ec99dcfae954c709b8c345afbcb08ce46e100b4d,Australian English,australia,"There are also useful concepts of regular monomorphism, strong monomorphism, and extremal monomorphism.",THERE ARE ALSO USEFUL CONCEPTS OF REGULAR MONOMORPHYSM STRONG MONTOMORPHISM AND EXTREMAL MONOMORPHYSM,29d26121acdbcad84d68e5fc5e12ee25dca2aa0865f3a6908a57e8c338127877
hubert_large,suta,132,stage5ext_00529,92fa0173d8a52067542a43504a23d6adbcf1f55271ca38e9eacfa6f751199a9bb7ed840cebadc1a745b2c605ec99dcfae954c709b8c345afbcb08ce46e100b4d,Australian English,australia,A little glass in a transept window is older still.,A LITTLE GLASS IN A TRANSCEPT WINDOW IS OLDER STILL,a23a43bc844c1af04aa8135f3fdb9e46d206ae79f25b6d52bddbc46ad137f67f
hubert_large,suta,132,stage5ext_00530,92fa0173d8a52067542a43504a23d6adbcf1f55271ca38e9eacfa6f751199a9bb7ed840cebadc1a745b2c605ec99dcfae954c709b8c345afbcb08ce46e100b4d,Australian English,australia,For a small monthly fee the establishment will also wash one's mug.,FOR SMALL MONTHLY FEE ESTABLISHMENT WILL ALSO WASH ONE'S MUG,a23a43bc844c1af04aa8135f3fdb9e46d206ae79f25b6d52bddbc46ad137f67f
hubert_large,suta,132,stage5ext_00531,92fa0173d8a52067542a43504a23d6adbcf1f55271ca38e9eacfa6f751199a9bb7ed840cebadc1a745b2c605ec99dcfae954c709b8c345afbcb08ce46e100b4d,Australian English,australia,"Evidently there is no treasure, so Taran and the ruffian are soon at swordpoint.",EVIDENTLY THERE IS NO TREASURE SO TARAN AND RUFFIAN IR SOON AT SWORD POINT,a23a43bc844c1af04aa8135f3fdb9e46d206ae79f25b6d52bddbc46ad137f67f
hubert_large,suta,132,stage5ext_00532,92fa0173d8a52067542a43504a23d6adbcf1f55271ca38e9eacfa6f751199a9bb7ed840cebadc1a745b2c605ec99dcfae954c709b8c345afbcb08ce46e100b4d,Australian English,australia,Its user interface and functionality is similar to Microsoft Outlook.,ITS USOR INTERFACE AND FUNCTIONALITY IS SIMILAR TO THE MICROSOPT OUTLOOK,a23a43bc844c1af04aa8135f3fdb9e46d206ae79f25b6d52bddbc46ad137f67f
hubert_large,suta,133,stage5ext_00533,92fa0173d8a52067542a43504a23d6adbcf1f55271ca38e9eacfa6f751199a9bb7ed840cebadc1a745b2c605ec99dcfae954c709b8c345afbcb08ce46e100b4d,Australian English,australia,It is famous for its mudbrick-made high-rise buildings.,IT IS FAMOUS FOR ITS MUD BRICK MADE HIGH RIVE BUILDINGS,d71d6e7a3a27297c476b72f6eef026268663c5319b44d0bce3221978fe0f3433
hubert_large,suta,133,stage5ext_00534,92fa0173d8a52067542a43504a23d6adbcf1f55271ca38e9eacfa6f751199a9bb7ed840cebadc1a745b2c605ec99dcfae954c709b8c345afbcb08ce46e100b4d,Australian English,australia,"Not all of the ""Heritage Minutes"" episodes have actually aired.",NOT ALL OF THE HERITAGE MINUTES EPISODES HAVE ACTUALLY ERRED,d71d6e7a3a27297c476b72f6eef026268663c5319b44d0bce3221978fe0f3433
hubert_large,suta,133,stage5ext_00535,92fa0173d8a52067542a43504a23d6adbcf1f55271ca38e9eacfa6f751199a9bb7ed840cebadc1a745b2c605ec99dcfae954c709b8c345afbcb08ce46e100b4d,Australian English,australia,He later lived in the British West Indies.,HULITA LIVED IN THE BRITISH WEST INDIES,d71d6e7a3a27297c476b72f6eef026268663c5319b44d0bce3221978fe0f3433
hubert_large,suta,133,stage5ext_00536,92fa0173d8a52067542a43504a23d6adbcf1f55271ca38e9eacfa6f751199a9bb7ed840cebadc1a745b2c605ec99dcfae954c709b8c345afbcb08ce46e100b4d,Australian English,australia,The two company branches issued combined trade catalogs.,THE TWO COMPANY BRANCHES ISSUED COMBINED TRADE CATALOGUES,d71d6e7a3a27297c476b72f6eef026268663c5319b44d0bce3221978fe0f3433
hubert_large,suta,134,stage5ext_00537,92fa0173d8a52067542a43504a23d6adbcf1f55271ca38e9eacfa6f751199a9bb7ed840cebadc1a745b2c605ec99dcfae954c709b8c345afbcb08ce46e100b4d,Australian English,australia,Whitebirk is part of the Blackburn urban area.,WHITE BERK IS PART OF THE BLACKBURN URBAN AREA,f35efef4edcf0931a3290dae91bedaebd3305620e7fa9a49aece85b6edc5a1da
hubert_large,suta,134,stage5ext_00538,92fa0173d8a52067542a43504a23d6adbcf1f55271ca38e9eacfa6f751199a9bb7ed840cebadc1a745b2c605ec99dcfae954c709b8c345afbcb08ce46e100b4d,Australian English,australia,"One of the most famous ""novelty shows"" is the World's Ugliest Dog Contest.",ONE OF TOUR MOST FAMOUS NOVETY SHOWS IS TE WORLD'S UGLIEST OG CONTEST,f35efef4edcf0931a3290dae91bedaebd3305620e7fa9a49aece85b6edc5a1da
hubert_large,suta,134,stage5ext_00539,92fa0173d8a52067542a43504a23d6adbcf1f55271ca38e9eacfa6f751199a9bb7ed840cebadc1a745b2c605ec99dcfae954c709b8c345afbcb08ce46e100b4d,Australian English,australia,The town is named after the island of Elba.,THE TOWN IS NAMED AFTER THE ISLAND OF ELBA,f35efef4edcf0931a3290dae91bedaebd3305620e7fa9a49aece85b6edc5a1da
hubert_large,suta,134,stage5ext_00540,92fa0173d8a52067542a43504a23d6adbcf1f55271ca38e9eacfa6f751199a9bb7ed840cebadc1a745b2c605ec99dcfae954c709b8c345afbcb08ce46e100b4d,Australian English,australia,Later its coverage was expanded to cover political news.,LATER ITS COVERAGE WAS EXPANDED TO COFFER POLITICAL NEWS,f35efef4edcf0931a3290dae91bedaebd3305620e7fa9a49aece85b6edc5a1da
hubert_large,suta,135,stage5ext_00541,7f29ce6531f159f514ccb46caa1535f1687740b13a60c3f3ac15d8462984c71b2c5747d5f67692081b7e7de330d1ded32b09bc1693c0a26c8189132bf2c48888,Australian English,australia,"For example, instead of editing Google Maps, consider contributing to OpenStreetMap.",FOR EXAMPLE INSTEAD OF EDITING GOOGLE MAPS CONSIDER CONTRIBUTING TO OPEN STREET MAP,95d9d1b6310e29e9e7897b1142fc2f8bfbcf88b43ceda1e043856c18d1aea8a8
hubert_large,suta,135,stage5ext_00542,7f29ce6531f159f514ccb46caa1535f1687740b13a60c3f3ac15d8462984c71b2c5747d5f67692081b7e7de330d1ded32b09bc1693c0a26c8189132bf2c48888,Australian English,australia,What is it you want to research?,WHAT IS IT YOU WANT TO RESEARCH,95d9d1b6310e29e9e7897b1142fc2f8bfbcf88b43ceda1e043856c18d1aea8a8
hubert_large,suta,135,stage5ext_00543,7f29ce6531f159f514ccb46caa1535f1687740b13a60c3f3ac15d8462984c71b2c5747d5f67692081b7e7de330d1ded32b09bc1693c0a26c8189132bf2c48888,Australian English,australia,"Well, the merry-go-round wasn't exactly spectacular.",WELL THE MURRYGO ROUND WASN'T EXACTLY SPECTACULAR,95d9d1b6310e29e9e7897b1142fc2f8bfbcf88b43ceda1e043856c18d1aea8a8
hubert_large,suta,135,stage5ext_00544,7f29ce6531f159f514ccb46caa1535f1687740b13a60c3f3ac15d8462984c71b2c5747d5f67692081b7e7de330d1ded32b09bc1693c0a26c8189132bf2c48888,Australian English,australia,What is the meaning of this?,WHAT IS THE MEANING OF THIS,95d9d1b6310e29e9e7897b1142fc2f8bfbcf88b43ceda1e043856c18d1aea8a8
hubert_large,suta,136,stage5ext_00545,7f29ce6531f159f514ccb46caa1535f1687740b13a60c3f3ac15d8462984c71b2c5747d5f67692081b7e7de330d1ded32b09bc1693c0a26c8189132bf2c48888,Australian English,australia,"The flag is red, blue, and yellow.",THE FLAG IS RED BLUE AND YELLOW,8f55a4a8c050254d76d36d99414a70bea0b8a09c817c6b4efe97d94f92d96a79
hubert_large,suta,136,stage5ext_00546,7f29ce6531f159f514ccb46caa1535f1687740b13a60c3f3ac15d8462984c71b2c5747d5f67692081b7e7de330d1ded32b09bc1693c0a26c8189132bf2c48888,Australian English,australia,What are the facts?,WHAT ARE THE FACTS,8f55a4a8c050254d76d36d99414a70bea0b8a09c817c6b4efe97d94f92d96a79
hubert_large,suta,136,stage5ext_00547,7f29ce6531f159f514ccb46caa1535f1687740b13a60c3f3ac15d8462984c71b2c5747d5f67692081b7e7de330d1ded32b09bc1693c0a26c8189132bf2c48888,Australian English,australia,"I've brought you some cheese, because I know you love cheese.",I'VE BROUGHT YOU SOME CHEESE BECAUSE I KNOW YOU'RE LOVE CHEESE,8f55a4a8c050254d76d36d99414a70bea0b8a09c817c6b4efe97d94f92d96a79
hubert_large,suta,136,stage5ext_00548,7f29ce6531f159f514ccb46caa1535f1687740b13a60c3f3ac15d8462984c71b2c5747d5f67692081b7e7de330d1ded32b09bc1693c0a26c8189132bf2c48888,Australian English,australia,How did you get it?,HOW DID YOU GET IT,8f55a4a8c050254d76d36d99414a70bea0b8a09c817c6b4efe97d94f92d96a79
hubert_large,suta,137,stage5ext_00549,7f29ce6531f159f514ccb46caa1535f1687740b13a60c3f3ac15d8462984c71b2c5747d5f67692081b7e7de330d1ded32b09bc1693c0a26c8189132bf2c48888,Australian English,australia,"He was something of a sickly child by all accounts, never made it past his fourth birthday.",HE WAS SOMETHING OF A SICKLY CHILD BY ALL ACCOUNTS NEVER MADE IT PASSD HIS FOURTH BIRTHDAY,eac210af13533d44eea2daa91848cb97dc2c0f45c5b3c4db67d47b1584287b0e
hubert_large,suta,137,stage5ext_00550,7f29ce6531f159f514ccb46caa1535f1687740b13a60c3f3ac15d8462984c71b2c5747d5f67692081b7e7de330d1ded32b09bc1693c0a26c8189132bf2c48888,Australian English,australia,Under what circumstances might you be persuaded to provide us with passes?,UNDER WHAT CIRCUMSTANCES MIGHT YOU BE PERSUADED TO PROVIDE US WITH PASSES,eac210af13533d44eea2daa91848cb97dc2c0f45c5b3c4db67d47b1584287b0e
hubert_large,suta,137,stage5ext_00551,7f29ce6531f159f514ccb46caa1535f1687740b13a60c3f3ac15d8462984c71b2c5747d5f67692081b7e7de330d1ded32b09bc1693c0a26c8189132bf2c48888,Australian English,australia,"They found all sorts of drugs at Howard's house: Cocaine, meth, heroine...",THEY FOUND ALL SORTS OF DRUGS AT HOWARD'S HOUSE COCAINE METH HEROINE,eac210af13533d44eea2daa91848cb97dc2c0f45c5b3c4db67d47b1584287b0e
hubert_large,suta,137,stage5ext_00552,7f29ce6531f159f514ccb46caa1535f1687740b13a60c3f3ac15d8462984c71b2c5747d5f67692081b7e7de330d1ded32b09bc1693c0a26c8189132bf2c48888,Australian English,australia,"Kidneys are transplanted often, because every healthy person has two of them.",KIDNEYS ARE TRANSPLANTED OFTEN BECAUSE EVERY HEALTHY PERSON HAS TWO OF THEM,eac210af13533d44eea2daa91848cb97dc2c0f45c5b3c4db67d47b1584287b0e
hubert_large,suta,138,stage5ext_00553,7f29ce6531f159f514ccb46caa1535f1687740b13a60c3f3ac15d8462984c71b2c5747d5f67692081b7e7de330d1ded32b09bc1693c0a26c8189132bf2c48888,Australian English,australia,"A trill, or shake A triplet.",A TRILL OR SHAKE A TRIPLET,b435209ece6bc037c1306a3ff91f0699a120e39a261725e3c5c0d383e984ed83
hubert_large,suta,138,stage5ext_00554,7f29ce6531f159f514ccb46caa1535f1687740b13a60c3f3ac15d8462984c71b2c5747d5f67692081b7e7de330d1ded32b09bc1693c0a26c8189132bf2c48888,Australian English,australia,"Four doors lead from the landing into two bedrooms, a closet, and a small, but functional bathroom.",FOUR DOORS LEAD FROM THE LANDING INTO TWO BEDROOMS A CLOSET AND A SMALL BUT FUNCTIONAL BATHROOM,b435209ece6bc037c1306a3ff91f0699a120e39a261725e3c5c0d383e984ed83
hubert_large,suta,138,stage5ext_00555,7f29ce6531f159f514ccb46caa1535f1687740b13a60c3f3ac15d8462984c71b2c5747d5f67692081b7e7de330d1ded32b09bc1693c0a26c8189132bf2c48888,Australian English,australia,Why did you do it?,WHY DID YOU DO IT,b435209ece6bc037c1306a3ff91f0699a120e39a261725e3c5c0d383e984ed83
hubert_large,suta,138,stage5ext_00556,243c0d90f6145edce7803731bbd3baff7cb887a5290c10c1c5897e24248e249752883be23dbe58e59668ad96307fa0666e76dde82a2dd55ac2c624acbdb1d919,Australian English,australia,Perhaps she forgot all about it.,PERHAPS SHE FORGOT ALL ABOUT IT,b435209ece6bc037c1306a3ff91f0699a120e39a261725e3c5c0d383e984ed83
hubert_large,suta,139,stage5ext_00557,243c0d90f6145edce7803731bbd3baff7cb887a5290c10c1c5897e24248e249752883be23dbe58e59668ad96307fa0666e76dde82a2dd55ac2c624acbdb1d919,Australian English,australia,I would if I thought I'd hear anything worth listening to.,I WOULD IF I THOUGHT I'D HEAR ANYTHING WOTH LIFIN ETON,be75308dcd77440602053d2e4ff734466d33fe58eb1b0e5a9225522663e0daee
hubert_large,suta,139,stage5ext_00558,243c0d90f6145edce7803731bbd3baff7cb887a5290c10c1c5897e24248e249752883be23dbe58e59668ad96307fa0666e76dde82a2dd55ac2c624acbdb1d919,Australian English,australia,In that case I'll ask the two executive officers to withdraw.,IN THAT CASE I'LL ASK THE TWO EXECUTIVE OFFICERS TO WITHDRAW,be75308dcd77440602053d2e4ff734466d33fe58eb1b0e5a9225522663e0daee
hubert_large,suta,139,stage5ext_00559,243c0d90f6145edce7803731bbd3baff7cb887a5290c10c1c5897e24248e249752883be23dbe58e59668ad96307fa0666e76dde82a2dd55ac2c624acbdb1d919,Australian English,australia,I'm everything the District Attorney said I was.,I'M EVERYTHING THE DISTRICT ATTORNEY SAID I WAS,be75308dcd77440602053d2e4ff734466d33fe58eb1b0e5a9225522663e0daee
hubert_large,suta,139,stage5ext_00560,243c0d90f6145edce7803731bbd3baff7cb887a5290c10c1c5897e24248e249752883be23dbe58e59668ad96307fa0666e76dde82a2dd55ac2c624acbdb1d919,Australian English,australia,I don't want Mrs. Douglas.,I DON'T WANT MISSUS DOUGLAS,be75308dcd77440602053d2e4ff734466d33fe58eb1b0e5a9225522663e0daee
hubert_large,suta,140,stage5ext_00561,243c0d90f6145edce7803731bbd3baff7cb887a5290c10c1c5897e24248e249752883be23dbe58e59668ad96307fa0666e76dde82a2dd55ac2c624acbdb1d919,Australian English,australia,What's the idea here?,WHAT'S THE IDEA HERE,3aa19f48b612acf83d4d6863aade49faf789308eabdd33748493b2a6b934dacd
hubert_large,suta,140,stage5ext_00562,243c0d90f6145edce7803731bbd3baff7cb887a5290c10c1c5897e24248e249752883be23dbe58e59668ad96307fa0666e76dde82a2dd55ac2c624acbdb1d919,Australian English,australia,I've suddenly become quite important.,I SUDDENLY BECOME QUITE IMPORTANT,3aa19f48b612acf83d4d6863aade49faf789308eabdd33748493b2a6b934dacd
hubert_large,suta,140,stage5ext_00563,243c0d90f6145edce7803731bbd3baff7cb887a5290c10c1c5897e24248e249752883be23dbe58e59668ad96307fa0666e76dde82a2dd55ac2c624acbdb1d919,Australian English,australia,There's nothing more we can do tonight.,IT'S NOTHING MORE WE CAN DO TO NIGHT,3aa19f48b612acf83d4d6863aade49faf789308eabdd33748493b2a6b934dacd
hubert_large,suta,140,stage5ext_00564,243c0d90f6145edce7803731bbd3baff7cb887a5290c10c1c5897e24248e249752883be23dbe58e59668ad96307fa0666e76dde82a2dd55ac2c624acbdb1d919,Australian English,australia,A sight for sore eyes.,A SIHT FOR FOR EYES,3aa19f48b612acf83d4d6863aade49faf789308eabdd33748493b2a6b934dacd
hubert_large,suta,141,stage5ext_00565,243c0d90f6145edce7803731bbd3baff7cb887a5290c10c1c5897e24248e249752883be23dbe58e59668ad96307fa0666e76dde82a2dd55ac2c624acbdb1d919,Australian English,australia,She had pneumonia once.,SHE KEPT NO MONIA ONE,739520d5190e01a2eaaff709ba2ab540511858ebb3e7749682fed01a7b6546ec
hubert_large,suta,141,stage5ext_00566,243c0d90f6145edce7803731bbd3baff7cb887a5290c10c1c5897e24248e249752883be23dbe58e59668ad96307fa0666e76dde82a2dd55ac2c624acbdb1d919,Australian English,australia,We returned to the cemetery.,HE RETURNED TO THE CEMETERY,739520d5190e01a2eaaff709ba2ab540511858ebb3e7749682fed01a7b6546ec
hubert_large,suta,141,stage5ext_00567,243c0d90f6145edce7803731bbd3baff7cb887a5290c10c1c5897e24248e249752883be23dbe58e59668ad96307fa0666e76dde82a2dd55ac2c624acbdb1d919,Australian English,australia,I'd like to think.,ID LIKE TO THINK,739520d5190e01a2eaaff709ba2ab540511858ebb3e7749682fed01a7b6546ec
hubert_large,suta,141,stage5ext_00568,243c0d90f6145edce7803731bbd3baff7cb887a5290c10c1c5897e24248e249752883be23dbe58e59668ad96307fa0666e76dde82a2dd55ac2c624acbdb1d919,Australian English,australia,Your mother and I talked it over half the night.,YOUR MOTHER AND I TALKED IT OVER HALF THE NIGHT,739520d5190e01a2eaaff709ba2ab540511858ebb3e7749682fed01a7b6546ec
hubert_large,suta,142,stage5ext_00569,243c0d90f6145edce7803731bbd3baff7cb887a5290c10c1c5897e24248e249752883be23dbe58e59668ad96307fa0666e76dde82a2dd55ac2c624acbdb1d919,Australian English,australia,We must get some of that serum as soon as possible.,HE MUST GET SOME OF THE CLARU AS DEEP AS POSSIBLE,c942adb7bf804a528b74e7a31db20fc02d52c63d3045cb74a689ce80a46d8c76
hubert_large,suta,142,stage5ext_00570,243c0d90f6145edce7803731bbd3baff7cb887a5290c10c1c5897e24248e249752883be23dbe58e59668ad96307fa0666e76dde82a2dd55ac2c624acbdb1d919,Australian English,australia,She'll be waiting for you in Albany.,SOL BE WAITING FOR YOU IN ALBANY,c942adb7bf804a528b74e7a31db20fc02d52c63d3045cb74a689ce80a46d8c76
hubert_large,suta,142,stage5ext_00571,0acf313028bfe2af57b429c11e66463848b29afaa619fcfb0eea753f8ba9c63862e2c106975c0e70bde12809fc2422731691839c34fe911de22051dd732876d2,Australian English,australia,It seemed to him that it fell to earth about one hundred miles east of here.,IT SEEMED TO HIM THAT IT FELL TO EARTH ABOUT ONE HUNDRED MILES EAST OF HERE,c942adb7bf804a528b74e7a31db20fc02d52c63d3045cb74a689ce80a46d8c76
hubert_large,suta,142,stage5ext_00572,0acf313028bfe2af57b429c11e66463848b29afaa619fcfb0eea753f8ba9c63862e2c106975c0e70bde12809fc2422731691839c34fe911de22051dd732876d2,Australian English,australia,'m all about those invisible cosmic connections that transcend time and distance.,I'M ALL ABOUT THOSE INVISIBLE COSMIC CONNECTIONS THAT TRANSCEND TIME AND DISTANCE,c942adb7bf804a528b74e7a31db20fc02d52c63d3045cb74a689ce80a46d8c76
hubert_large,suta,143,stage5ext_00573,0acf313028bfe2af57b429c11e66463848b29afaa619fcfb0eea753f8ba9c63862e2c106975c0e70bde12809fc2422731691839c34fe911de22051dd732876d2,Australian English,australia,And one or two persons were returning.,AND ONE OR TWO PERSONS WERE RETURNING,c104a4a325c6184a13e07d67f6f1b90b7f39fd20fc9182f95af630e3ef74385e
hubert_large,suta,143,stage5ext_00574,0acf313028bfe2af57b429c11e66463848b29afaa619fcfb0eea753f8ba9c63862e2c106975c0e70bde12809fc2422731691839c34fe911de22051dd732876d2,Australian English,australia,Even then he hardly understood what this meant.,EVEN THEN HE HARDLY UNDERSTOOD WHAT THIS MEANT,c104a4a325c6184a13e07d67f6f1b90b7f39fd20fc9182f95af630e3ef74385e
hubert_large,suta,143,stage5ext_00575,0acf313028bfe2af57b429c11e66463848b29afaa619fcfb0eea753f8ba9c63862e2c106975c0e70bde12809fc2422731691839c34fe911de22051dd732876d2,Australian English,australia,He heard a muffled grating sound and saw the black mark jerk forward an inch or so.,HE HEARD A MUFFLED GRATING SOUND AND SAW THE BLACK MORK JERK FORWARD AN INCH OR SO,c104a4a325c6184a13e07d67f6f1b90b7f39fd20fc9182f95af630e3ef74385e
hubert_large,suta,143,stage5ext_00576,0acf313028bfe2af57b429c11e66463848b29afaa619fcfb0eea753f8ba9c63862e2c106975c0e70bde12809fc2422731691839c34fe911de22051dd732876d2,Australian English,australia,Hundreds of observers saw the flame that night and the night after.,HUNDREDS OF OBSERVERS SAW THE FLAME THAT NIGHT AND THE NIGHT AFTER,c104a4a325c6184a13e07d67f6f1b90b7f39fd20fc9182f95af630e3ef74385e
hubert_large,suta,144,stage5ext_00577,0acf313028bfe2af57b429c11e66463848b29afaa619fcfb0eea753f8ba9c63862e2c106975c0e70bde12809fc2422731691839c34fe911de22051dd732876d2,Australian English,australia,I was impatient to see it opened.,I WAS IMPATIENT TO SEE IT OPENED,8203ced16b90f9cb241c46d8f920750002d3c2bcfba338934fb31439e58c3b54
hubert_large,suta,144,stage5ext_00578,0acf313028bfe2af57b429c11e66463848b29afaa619fcfb0eea753f8ba9c63862e2c106975c0e70bde12809fc2422731691839c34fe911de22051dd732876d2,Australian English,australia,My mind ran on the possibilities of its content.,MY MIND RAN ON THE POSSIBILITIES OF ITS CONTENT,8203ced16b90f9cb241c46d8f920750002d3c2bcfba338934fb31439e58c3b54
hubert_large,suta,144,stage5ext_00579,0acf313028bfe2af57b429c11e66463848b29afaa619fcfb0eea753f8ba9c63862e2c106975c0e70bde12809fc2422731691839c34fe911de22051dd732876d2,Australian English,australia,Some of those who saw its flight say it travelled with a hissing sound.,SOME OF THOSE WHO SAW ITS FLIGHT SAY IT TRAVELLED WITH A HISSING SOUND,8203ced16b90f9cb241c46d8f920750002d3c2bcfba338934fb31439e58c3b54
hubert_large,suta,144,stage5ext_00580,0acf313028bfe2af57b429c11e66463848b29afaa619fcfb0eea753f8ba9c63862e2c106975c0e70bde12809fc2422731691839c34fe911de22051dd732876d2,Australian English,australia,"You don't have to be rich, skinny, popular, or even own a cape to perform a random act of kindness.",YOU DON'T HAVE TO BE RICH SKINNY POPULAR OR EVEN OWN A CAPE TO PERFORM A RANDOM ACT OF KINDNESS,8203ced16b90f9cb241c46d8f920750002d3c2bcfba338934fb31439e58c3b54
hubert_large,suta,145,stage5ext_00581,0acf313028bfe2af57b429c11e66463848b29afaa619fcfb0eea753f8ba9c63862e2c106975c0e70bde12809fc2422731691839c34fe911de22051dd732876d2,Australian English,australia,I had seen all that it would presently bring me.,I HAD SEEN ALL THAT IT WOULD PRESENTLY BRING ME,e59ef2d3a8ba73b9ce54d19c9520fff8d89c97aeb5352878a474a24e5fbc48df
hubert_large,suta,145,stage5ext_00582,0acf313028bfe2af57b429c11e66463848b29afaa619fcfb0eea753f8ba9c63862e2c106975c0e70bde12809fc2422731691839c34fe911de22051dd732876d2,Australian English,australia,The time must have been somewhere around six o'clock.,THE TIME MUST HAVE BEEN SOMEWHERE ROUND SIX O'CLOCK,e59ef2d3a8ba73b9ce54d19c9520fff8d89c97aeb5352878a474a24e5fbc48df
hubert_large,suta,145,stage5ext_00583,0acf313028bfe2af57b429c11e66463848b29afaa619fcfb0eea753f8ba9c63862e2c106975c0e70bde12809fc2422731691839c34fe911de22051dd732876d2,Australian English,australia,We lit the lantern and walked over to his house.,WE LIT THE LANTERN AND WALKED OVER TO HIS HOUSE,e59ef2d3a8ba73b9ce54d19c9520fff8d89c97aeb5352878a474a24e5fbc48df
hubert_large,suta,145,stage5ext_00584,0acf313028bfe2af57b429c11e66463848b29afaa619fcfb0eea753f8ba9c63862e2c106975c0e70bde12809fc2422731691839c34fe911de22051dd732876d2,Australian English,australia,"If you start your emails with ""Greetings"" let me be the first to welcome you to Earth.",IF YOU START YOUR EMALES WITH GREETINGS LET ME BE THE FIRST TO WELCOME YOU TO EARTH,e59ef2d3a8ba73b9ce54d19c9520fff8d89c97aeb5352878a474a24e5fbc48df
hubert_large,suta,146,stage5ext_00585,0acf313028bfe2af57b429c11e66463848b29afaa619fcfb0eea753f8ba9c63862e2c106975c0e70bde12809fc2422731691839c34fe911de22051dd732876d2,Australian English,australia,Scattered groups of people were hurrying from the direction of Woking.,SCATTERED GROUPS OF PEOPLE WERE HURRYING FROM THE DIRECTION OF WORKING,03a6788c62684ab05ff4850f3c79e58b6bc858462ed2188f8a1b0e3c73a7869d
hubert_large,suta,146,stage5ext_00586,771662210642ca9e2f17135f7a66db7f250f7f7bc6d9b3e3475b19d375389bcf6d1979c9a58a21cc866543ad80ab0e9641158290b7f6a9e1d0aad1635c730ab4,Australian English,australia,"Wakehurst asked the Treasurer, Alexander Mair, to form a government.",WAKEHURST ASKED THE TREASURER ALEXANDER MAYOR TO FORM A GOVERNMENT,03a6788c62684ab05ff4850f3c79e58b6bc858462ed2188f8a1b0e3c73a7869d
hubert_large,suta,146,stage5ext_00587,771662210642ca9e2f17135f7a66db7f250f7f7bc6d9b3e3475b19d375389bcf6d1979c9a58a21cc866543ad80ab0e9641158290b7f6a9e1d0aad1635c730ab4,Australian English,australia,"Translated, it means ""revolving hands"", ""rotating palms"", or ""turning palms.",TRANSLATED IT MEANS REVOLVING HANDS ROTATING PALMS OR TURNING PALMS,03a6788c62684ab05ff4850f3c79e58b6bc858462ed2188f8a1b0e3c73a7869d
hubert_large,suta,146,stage5ext_00588,771662210642ca9e2f17135f7a66db7f250f7f7bc6d9b3e3475b19d375389bcf6d1979c9a58a21cc866543ad80ab0e9641158290b7f6a9e1d0aad1635c730ab4,Australian English,australia,It still has a working blacksmith's shop.,IT STILL HAS A WORKING BLACKSMITH'S SHOP,03a6788c62684ab05ff4850f3c79e58b6bc858462ed2188f8a1b0e3c73a7869d
hubert_large,suta,147,stage5ext_00589,771662210642ca9e2f17135f7a66db7f250f7f7bc6d9b3e3475b19d375389bcf6d1979c9a58a21cc866543ad80ab0e9641158290b7f6a9e1d0aad1635c730ab4,Australian English,australia,"A right-handed batsman, Carlton Baugh Snr.",RIGHT HANDED BATSMAN CARLTON BORE SENIOR,b023f7f4d093b55894e1feff22d1085a348e82b2c46dbb681663b2ccdc37c7c8
hubert_large,suta,147,stage5ext_00590,771662210642ca9e2f17135f7a66db7f250f7f7bc6d9b3e3475b19d375389bcf6d1979c9a58a21cc866543ad80ab0e9641158290b7f6a9e1d0aad1635c730ab4,Australian English,australia,I couldn't see the linebackers.,I COULDN'T SEE THE LINE BACKERS,b023f7f4d093b55894e1feff22d1085a348e82b2c46dbb681663b2ccdc37c7c8
hubert_large,suta,147,stage5ext_00591,771662210642ca9e2f17135f7a66db7f250f7f7bc6d9b3e3475b19d375389bcf6d1979c9a58a21cc866543ad80ab0e9641158290b7f6a9e1d0aad1635c730ab4,Australian English,australia,Foreign titles may be utilized as a foundation for recognition of professional licensing.,FOREIGN TITLES MAY BE UTILIZED AS A FOUNDATION FOR RECOGNITION OF PROFESSIONAL LICENSING,b023f7f4d093b55894e1feff22d1085a348e82b2c46dbb681663b2ccdc37c7c8
hubert_large,suta,147,stage5ext_00592,771662210642ca9e2f17135f7a66db7f250f7f7bc6d9b3e3475b19d375389bcf6d1979c9a58a21cc866543ad80ab0e9641158290b7f6a9e1d0aad1635c730ab4,Australian English,australia,"For information on winning strategy, see ""The Schnapsen Log"" and ""Winning Schnapsen"".",FOR INFORMATION ON WINNING STRATEGY SEE THE SHNAPSEN LOG AND WINNING SHNAPSEN,b023f7f4d093b55894e1feff22d1085a348e82b2c46dbb681663b2ccdc37c7c8
hubert_large,suta,148,stage5ext_00593,771662210642ca9e2f17135f7a66db7f250f7f7bc6d9b3e3475b19d375389bcf6d1979c9a58a21cc866543ad80ab0e9641158290b7f6a9e1d0aad1635c730ab4,Australian English,australia,The Argentinian government settled the dispute diplomatically with Israel.,THE ARGENTINIAN GOVERNMENT SETTLED THE DISPUTE DIPLOMATICALLY WITH ISRAEL,5c756bbdce3c7e0b7f01ba5e1204dbd179679d06973b40afdd87148c82e5250e
hubert_large,suta,148,stage5ext_00594,771662210642ca9e2f17135f7a66db7f250f7f7bc6d9b3e3475b19d375389bcf6d1979c9a58a21cc866543ad80ab0e9641158290b7f6a9e1d0aad1635c730ab4,Australian English,australia,So he decides to put another dog to sleep.,SO HE DECIDES TO PUT ANOTHER DOG TO SLEEP,5c756bbdce3c7e0b7f01ba5e1204dbd179679d06973b40afdd87148c82e5250e
hubert_large,suta,148,stage5ext_00595,771662210642ca9e2f17135f7a66db7f250f7f7bc6d9b3e3475b19d375389bcf6d1979c9a58a21cc866543ad80ab0e9641158290b7f6a9e1d0aad1635c730ab4,Australian English,australia,"Since that time, the pavilion has been used for seasonal special events.",SINCE THAT TIME THE PAVILION HAS BEEN USED FOR SEASONAL SPECIAL EVENTS,5c756bbdce3c7e0b7f01ba5e1204dbd179679d06973b40afdd87148c82e5250e
hubert_large,suta,148,stage5ext_00596,771662210642ca9e2f17135f7a66db7f250f7f7bc6d9b3e3475b19d375389bcf6d1979c9a58a21cc866543ad80ab0e9641158290b7f6a9e1d0aad1635c730ab4,Australian English,australia,"Zaxxon spawned an arcade sequel: ""Super Zaxxon"".",ZAXON SPAWNED AN ARCADE SEQUEL SUPERZAXON,5c756bbdce3c7e0b7f01ba5e1204dbd179679d06973b40afdd87148c82e5250e
hubert_large,suta,149,stage5ext_00597,771662210642ca9e2f17135f7a66db7f250f7f7bc6d9b3e3475b19d375389bcf6d1979c9a58a21cc866543ad80ab0e9641158290b7f6a9e1d0aad1635c730ab4,Australian English,australia,"He was a reserve officer, nervous, energetic, and enthusiastic.",HE WAS A RESERVE OFFICER NERVOUS ENERGETIC AND ENTHUSIASTIC,8a5dd5824fba2a7fc3ea95ccfc502605d90cd0c9bccee2380e19f413ecae4efb
hubert_large,suta,149,stage5ext_00598,771662210642ca9e2f17135f7a66db7f250f7f7bc6d9b3e3475b19d375389bcf6d1979c9a58a21cc866543ad80ab0e9641158290b7f6a9e1d0aad1635c730ab4,Australian English,australia,"Welaras are used mainly in English riding, especially in hunter classes.",BILLARUS ARE USED MAINLY IN ENGLISH RIDING ESPECIALLY IN HUNTER CLASSES,8a5dd5824fba2a7fc3ea95ccfc502605d90cd0c9bccee2380e19f413ecae4efb
hubert_large,suta,149,stage5ext_00599,771662210642ca9e2f17135f7a66db7f250f7f7bc6d9b3e3475b19d375389bcf6d1979c9a58a21cc866543ad80ab0e9641158290b7f6a9e1d0aad1635c730ab4,Australian English,australia,Tirumala will be flooded with devotes to witness this occasion.,TIRUMOLA WILL BE FLOODED WITH DEVOTEES TO WITNESS THIS OCCASION,8a5dd5824fba2a7fc3ea95ccfc502605d90cd0c9bccee2380e19f413ecae4efb
hubert_large,suta,149,stage5ext_00600,771662210642ca9e2f17135f7a66db7f250f7f7bc6d9b3e3475b19d375389bcf6d1979c9a58a21cc866543ad80ab0e9641158290b7f6a9e1d0aad1635c730ab4,Australian English,australia,"He has also advised political organisations of various stripes, colours and nationalities.",HE HAS ALSO ADVISED POLITICAL ORGANIZATIONS OF VARIOUS STRIPES COLORS AND NATIONALITIES,8a5dd5824fba2a7fc3ea95ccfc502605d90cd0c9bccee2380e19f413ecae4efb
hubert_large,suta,150,stage5ext_00601,3dadaf13c9f244c187466942367d1da68cf1ba3fd4c5a5b27614964bc19565e566d5daea151b505599991d84b7d5faf8db2afc26f992b1bb7b99004b1f5b36f7,Canadian English,canada,"Its main base was Moorabbin Airport, Melbourne.",ITS MAIN FACE WAS MOURABIN AIRPORT MELBURNE,dc2f7e0b65e335f2f2f5e165515110aa28e4f23a8669aed51dba15733c1ee918
hubert_large,suta,150,stage5ext_00602,3dadaf13c9f244c187466942367d1da68cf1ba3fd4c5a5b27614964bc19565e566d5daea151b505599991d84b7d5faf8db2afc26f992b1bb7b99004b1f5b36f7,Canadian English,canada,"Pioneer Memorial Park in Norton Saint, Leichhardt, has gardens and paths for passive recreation.",PIONEER MEMORIAL PARK IN NORDERN SAINT LETCHHARDENS HAS GARDENS AND PATHS FOR PASSIVE RECREATION,dc2f7e0b65e335f2f2f5e165515110aa28e4f23a8669aed51dba15733c1ee918
hubert_large,suta,150,stage5ext_00603,3dadaf13c9f244c187466942367d1da68cf1ba3fd4c5a5b27614964bc19565e566d5daea151b505599991d84b7d5faf8db2afc26f992b1bb7b99004b1f5b36f7,Canadian English,canada,"Later, the costs for the scholarship ballooned substantially.",LATER THE COST FOR THE SCHOLARSHIP BALLOONED SUBSTANTIALLY,dc2f7e0b65e335f2f2f5e165515110aa28e4f23a8669aed51dba15733c1ee918
hubert_large,suta,150,stage5ext_00604,3dadaf13c9f244c187466942367d1da68cf1ba3fd4c5a5b27614964bc19565e566d5daea151b505599991d84b7d5faf8db2afc26f992b1bb7b99004b1f5b36f7,Canadian English,canada,"However, fourths become important later in the opera, especially in the melodic development.",HOWEVER FORCE BECOME IMPORTANT LATER IN THE OPERA ESPECIALLY IN THE MELODIC DEVELOPMENT,dc2f7e0b65e335f2f2f5e165515110aa28e4f23a8669aed51dba15733c1ee918
hubert_large,suta,151,stage5ext_00605,3dadaf13c9f244c187466942367d1da68cf1ba3fd4c5a5b27614964bc19565e566d5daea151b505599991d84b7d5faf8db2afc26f992b1bb7b99004b1f5b36f7,Canadian English,canada,"If one server fails, client connections can be re-directed to another server.",IF ONE SERVER FAILS CLIENT CONNEXIONS CAN BE REDIRECTED TO ANOTHER SERVER,43597b50a85ea88730624c9679e510080af1823fd24811a1098f6508b56176fb
hubert_large,suta,151,stage5ext_00606,3dadaf13c9f244c187466942367d1da68cf1ba3fd4c5a5b27614964bc19565e566d5daea151b505599991d84b7d5faf8db2afc26f992b1bb7b99004b1f5b36f7,Canadian English,canada,Kailash taken by Martin Gray.,CAY LOSH TAKEN BY MARTIN GREY,43597b50a85ea88730624c9679e510080af1823fd24811a1098f6508b56176fb
hubert_large,suta,151,stage5ext_00607,3dadaf13c9f244c187466942367d1da68cf1ba3fd4c5a5b27614964bc19565e566d5daea151b505599991d84b7d5faf8db2afc26f992b1bb7b99004b1f5b36f7,Canadian English,canada,"Geographically, it is situated in the central-most region of the state.",GEOGRAPHICALLY IT IS SIUATED IN THE CENTRAL MOST REGION OF THE STATE,43597b50a85ea88730624c9679e510080af1823fd24811a1098f6508b56176fb
hubert_large,suta,151,stage5ext_00608,3dadaf13c9f244c187466942367d1da68cf1ba3fd4c5a5b27614964bc19565e566d5daea151b505599991d84b7d5faf8db2afc26f992b1bb7b99004b1f5b36f7,Canadian English,canada,"The meaning of Pinjar is unknown, but could be ""tadpole"" or ""swampy lake"".",THE MEANING OF PINJAR IS UNKNOWN BUT COULD BE TADPOOL OR SWAMPY LAKE,43597b50a85ea88730624c9679e510080af1823fd24811a1098f6508b56176fb
hubert_large,suta,152,stage5ext_00609,3dadaf13c9f244c187466942367d1da68cf1ba3fd4c5a5b27614964bc19565e566d5daea151b505599991d84b7d5faf8db2afc26f992b1bb7b99004b1f5b36f7,Canadian English,canada,There are also regular buses connecting from Mozarts Plads to the city centre.,THERE ARE ALSO REGULAR BUSSES CONNECTING FROM MOSART'S PLADS TO THE CITY CENTR,9efaeefd4ddd28edbb91cc63604e1ac47968689b832c94e269706fee44e001e9
hubert_large,suta,152,stage5ext_00610,3dadaf13c9f244c187466942367d1da68cf1ba3fd4c5a5b27614964bc19565e566d5daea151b505599991d84b7d5faf8db2afc26f992b1bb7b99004b1f5b36f7,Canadian English,canada,Protein methylation has been most studied in the histones.,PROTINE METHALATION HAS BEEN MOST STUDIED IN THE HISTONES,9efaeefd4ddd28edbb91cc63604e1ac47968689b832c94e269706fee44e001e9
hubert_large,suta,152,stage5ext_00611,3dadaf13c9f244c187466942367d1da68cf1ba3fd4c5a5b27614964bc19565e566d5daea151b505599991d84b7d5faf8db2afc26f992b1bb7b99004b1f5b36f7,Canadian English,canada,"The spacewalkers received assistance from their crewmates inside ""Columbia"".",THE SPACE WALKERS RECEIVE ASSISTANCE FROM THEIR CUMATES INSIDE COLUMBIA,9efaeefd4ddd28edbb91cc63604e1ac47968689b832c94e269706fee44e001e9
hubert_large,suta,152,stage5ext_00612,3dadaf13c9f244c187466942367d1da68cf1ba3fd4c5a5b27614964bc19565e566d5daea151b505599991d84b7d5faf8db2afc26f992b1bb7b99004b1f5b36f7,Canadian English,canada,Early units were re-built several times by the end of the war.,EARLY UNITS WERE REBUILT SEVERAL TIMES BY THE END OF THE WAR,9efaeefd4ddd28edbb91cc63604e1ac47968689b832c94e269706fee44e001e9
hubert_large,suta,153,stage5ext_00613,3dadaf13c9f244c187466942367d1da68cf1ba3fd4c5a5b27614964bc19565e566d5daea151b505599991d84b7d5faf8db2afc26f992b1bb7b99004b1f5b36f7,Canadian English,canada,They are two-stroke cycle and generally carbureted.,THEY ARE TWO STROKE CYCLES AND GENERALLY CARBURATED,e14f07f151710c3c7b576022f0b725e568346d459107eae2196ba271c823d159
hubert_large,suta,153,stage5ext_00614,3dadaf13c9f244c187466942367d1da68cf1ba3fd4c5a5b27614964bc19565e566d5daea151b505599991d84b7d5faf8db2afc26f992b1bb7b99004b1f5b36f7,Canadian English,canada,Murphy's clean-living habits off the diamond were frequently noted in the media.,MURPHY'S CLEAN LIVING HABITS OFF THE DIAMOND WERE FREQUENTLY NOTED IN THE MEDIA,e14f07f151710c3c7b576022f0b725e568346d459107eae2196ba271c823d159
hubert_large,suta,153,stage5ext_00615,3dadaf13c9f244c187466942367d1da68cf1ba3fd4c5a5b27614964bc19565e566d5daea151b505599991d84b7d5faf8db2afc26f992b1bb7b99004b1f5b36f7,Canadian English,canada,Sometimes even his authorship has been challenged on the grounds of weak poetic imagination.,SOMETIMES EVEN HIS AUTHORISHIP HAS BEEN CHALLENGED ON THE GROUNDS OF WEAK POETIC IMAGINATION,e14f07f151710c3c7b576022f0b725e568346d459107eae2196ba271c823d159
hubert_large,suta,153,stage5ext_00616,7f88fdb59ecec75df8d06d03bc7fc4361b1824c772236491ccd731fb10f14e3cf7b550aaf16a4ef48e695b440eb33ebadf6f080d1c562a2d32c0a2a52bfae9e2,Canadian English,canada,"The dead soldiers were replaced by others, and life went on.",THE DEAD SOLDIERS WERE REPLACED BY OTHERS AND LIFE WENT ON,e14f07f151710c3c7b576022f0b725e568346d459107eae2196ba271c823d159
hubert_large,suta,154,stage5ext_00617,7f88fdb59ecec75df8d06d03bc7fc4361b1824c772236491ccd731fb10f14e3cf7b550aaf16a4ef48e695b440eb33ebadf6f080d1c562a2d32c0a2a52bfae9e2,Canadian English,canada,His Internet connection was too slow.,HIS INTERNET CONNECTION WAS TOO SLOW,85c767328fcd2399e746129c3b0a4be0337bd23b572f0c20b2c0dbbee703d22a
hubert_large,suta,154,stage5ext_00618,7f88fdb59ecec75df8d06d03bc7fc4361b1824c772236491ccd731fb10f14e3cf7b550aaf16a4ef48e695b440eb33ebadf6f080d1c562a2d32c0a2a52bfae9e2,Canadian English,canada,"Listen and listen to me very closely, we call them lifts, not elevators.",LISTEN AND LISTEN TO ME VERY CLOSELY WE CALL THEM LIFTS NOT ELEVATORS,85c767328fcd2399e746129c3b0a4be0337bd23b572f0c20b2c0dbbee703d22a
hubert_large,suta,154,stage5ext_00619,7f88fdb59ecec75df8d06d03bc7fc4361b1824c772236491ccd731fb10f14e3cf7b550aaf16a4ef48e695b440eb33ebadf6f080d1c562a2d32c0a2a52bfae9e2,Canadian English,canada,"If you want to contradict what I just said, you will have to provide footnotes.",IF YOU WANT TO CONTRADICT WHAT I JUST SAID YOU WILL HAVE TO PROVIDE FOOTNOTES,85c767328fcd2399e746129c3b0a4be0337bd23b572f0c20b2c0dbbee703d22a
hubert_large,suta,154,stage5ext_00620,7f88fdb59ecec75df8d06d03bc7fc4361b1824c772236491ccd731fb10f14e3cf7b550aaf16a4ef48e695b440eb33ebadf6f080d1c562a2d32c0a2a52bfae9e2,Canadian English,canada,Backface culling is a common trick to accelerate Three-D rendering.,BACKFACE CULLING IS A COMMON TRICK TO ACCELERATE THREEDY RENDERING,85c767328fcd2399e746129c3b0a4be0337bd23b572f0c20b2c0dbbee703d22a
hubert_large,suta,155,stage5ext_00621,7f88fdb59ecec75df8d06d03bc7fc4361b1824c772236491ccd731fb10f14e3cf7b550aaf16a4ef48e695b440eb33ebadf6f080d1c562a2d32c0a2a52bfae9e2,Canadian English,canada,Fatima was more important than his treasure.,FATIMA WAS MORE IMPORTANT THAN HIS TREASURE,f1389e2b8d30e2858d4aaef50178920dc1f853838c1102148bdd450da30d2ac2
hubert_large,suta,155,stage5ext_00622,7f88fdb59ecec75df8d06d03bc7fc4361b1824c772236491ccd731fb10f14e3cf7b550aaf16a4ef48e695b440eb33ebadf6f080d1c562a2d32c0a2a52bfae9e2,Canadian English,canada,But it was not to be.,BUT IT WAS NOT TO BE,f1389e2b8d30e2858d4aaef50178920dc1f853838c1102148bdd450da30d2ac2
hubert_large,suta,155,stage5ext_00623,7f88fdb59ecec75df8d06d03bc7fc4361b1824c772236491ccd731fb10f14e3cf7b550aaf16a4ef48e695b440eb33ebadf6f080d1c562a2d32c0a2a52bfae9e2,Canadian English,canada,Display a list of escape characters.,DISPLAY A LIST OF ESCAPE CHARACTERS,f1389e2b8d30e2858d4aaef50178920dc1f853838c1102148bdd450da30d2ac2
hubert_large,suta,155,stage5ext_00624,7f88fdb59ecec75df8d06d03bc7fc4361b1824c772236491ccd731fb10f14e3cf7b550aaf16a4ef48e695b440eb33ebadf6f080d1c562a2d32c0a2a52bfae9e2,Canadian English,canada,The Englishman had several suitcases filled with books.,THE ENGLISHMAN HAD SEVERAL SUITCASES FILLED WITH BOOKS,f1389e2b8d30e2858d4aaef50178920dc1f853838c1102148bdd450da30d2ac2
hubert_large,suta,156,stage5ext_00625,7f88fdb59ecec75df8d06d03bc7fc4361b1824c772236491ccd731fb10f14e3cf7b550aaf16a4ef48e695b440eb33ebadf6f080d1c562a2d32c0a2a52bfae9e2,Canadian English,canada,He just got a new kite for his birthday.,HE JUST GOT A NEW KITE FOR HIS BIRTHDAY,3ce5671403db53f5815f1b274a6622ffed76cf106205fbc03df2b48fc450ab70
hubert_large,suta,156,stage5ext_00626,7f88fdb59ecec75df8d06d03bc7fc4361b1824c772236491ccd731fb10f14e3cf7b550aaf16a4ef48e695b440eb33ebadf6f080d1c562a2d32c0a2a52bfae9e2,Canadian English,canada,"Well, it's a long list.",WELL IT'S A LONG LIST,3ce5671403db53f5815f1b274a6622ffed76cf106205fbc03df2b48fc450ab70
hubert_large,suta,156,stage5ext_00627,7f88fdb59ecec75df8d06d03bc7fc4361b1824c772236491ccd731fb10f14e3cf7b550aaf16a4ef48e695b440eb33ebadf6f080d1c562a2d32c0a2a52bfae9e2,Canadian English,canada,"One day, the earth began to tremble, and the Nile overflowed its banks.",ONE DAY THE EARTH BEGAN TO TREMBLE AND THE NILE OVERFLOWED ITS BANKS,3ce5671403db53f5815f1b274a6622ffed76cf106205fbc03df2b48fc450ab70
hubert_large,suta,156,stage5ext_00628,7f88fdb59ecec75df8d06d03bc7fc4361b1824c772236491ccd731fb10f14e3cf7b550aaf16a4ef48e695b440eb33ebadf6f080d1c562a2d32c0a2a52bfae9e2,Canadian English,canada,"The waitress was carrying an impressive amount of dinnerware, but then an earthquake occurred and she dropped it all.",THE WAITRESS WAS CARRYING AN IMPRESSIVE AMOUNT OF DINNER WAR BUT THEN AN EARTHQUAKE OCCURRED AND SHE DROPPED IT ALL,3ce5671403db53f5815f1b274a6622ffed76cf106205fbc03df2b48fc450ab70
hubert_large,suta,157,stage5ext_00629,7f88fdb59ecec75df8d06d03bc7fc4361b1824c772236491ccd731fb10f14e3cf7b550aaf16a4ef48e695b440eb33ebadf6f080d1c562a2d32c0a2a52bfae9e2,Canadian English,canada,Johnny Depp is reprising his role for the third time in the new film.,JONNY DEPP IS REPRISING HIS ROLE FOR THE THIRD TIME IN THE NEW FILM,03ab2a1fe5e6012f5c9d53ce798d2050882e0d4454c5fff883f279c911b27327
hubert_large,suta,157,stage5ext_00630,7f88fdb59ecec75df8d06d03bc7fc4361b1824c772236491ccd731fb10f14e3cf7b550aaf16a4ef48e695b440eb33ebadf6f080d1c562a2d32c0a2a52bfae9e2,Canadian English,canada,The insurance policy will expire in twenty-twenty.,THE INSURANCE POLICY WILL EXPIRE IN TWENTY TWENTY,03ab2a1fe5e6012f5c9d53ce798d2050882e0d4454c5fff883f279c911b27327
hubert_large,suta,157,stage5ext_00631,c351c258fb7f6fd98e2b6dccc6dcbad5257965c8aceac0c60ba5b390d3e326847e121870153e0c8b87504d77c2d7baab09aef2d54ecdf46d1134d28a49792650,Canadian English,canada,Who says I'm looking for a job?,WHO SAYS I'M LOOKING FOR A JOB,03ab2a1fe5e6012f5c9d53ce798d2050882e0d4454c5fff883f279c911b27327
hubert_large,suta,157,stage5ext_00632,c351c258fb7f6fd98e2b6dccc6dcbad5257965c8aceac0c60ba5b390d3e326847e121870153e0c8b87504d77c2d7baab09aef2d54ecdf46d1134d28a49792650,Canadian English,canada,She apparently didn't listen.,SHE APPARENTLY DIDN'T LISTEN,03ab2a1fe5e6012f5c9d53ce798d2050882e0d4454c5fff883f279c911b27327
hubert_large,suta,158,stage5ext_00633,c351c258fb7f6fd98e2b6dccc6dcbad5257965c8aceac0c60ba5b390d3e326847e121870153e0c8b87504d77c2d7baab09aef2d54ecdf46d1134d28a49792650,Canadian English,canada,Do you know him?,DO YOU KNOW HIM,a3ee37e87c214e1f0e924d7bb8caa65865648368292f58c771516b191cea5b0c
hubert_large,suta,158,stage5ext_00634,c351c258fb7f6fd98e2b6dccc6dcbad5257965c8aceac0c60ba5b390d3e326847e121870153e0c8b87504d77c2d7baab09aef2d54ecdf46d1134d28a49792650,Canadian English,canada,That's what I mean.,THAT'S WHAT I MEAN,a3ee37e87c214e1f0e924d7bb8caa65865648368292f58c771516b191cea5b0c
hubert_large,suta,158,stage5ext_00635,c351c258fb7f6fd98e2b6dccc6dcbad5257965c8aceac0c60ba5b390d3e326847e121870153e0c8b87504d77c2d7baab09aef2d54ecdf46d1134d28a49792650,Canadian English,canada,The rectangle was parallel to the square.,THE RECTANGLE WAS PARALLEL TO THE SQUAE,a3ee37e87c214e1f0e924d7bb8caa65865648368292f58c771516b191cea5b0c
hubert_large,suta,158,stage5ext_00636,c351c258fb7f6fd98e2b6dccc6dcbad5257965c8aceac0c60ba5b390d3e326847e121870153e0c8b87504d77c2d7baab09aef2d54ecdf46d1134d28a49792650,Canadian English,canada,I wonder what's eating that old money grubbing buzzard anyway?,I WONDER WHAT'S EATING THAT OLD MONEY GRUBBING BUZZARD ANYWAY,a3ee37e87c214e1f0e924d7bb8caa65865648368292f58c771516b191cea5b0c
hubert_large,suta,159,stage5ext_00637,c351c258fb7f6fd98e2b6dccc6dcbad5257965c8aceac0c60ba5b390d3e326847e121870153e0c8b87504d77c2d7baab09aef2d54ecdf46d1134d28a49792650,Canadian English,canada,She's a wonderful person.,SHE IS A WONDERFUL PERSON,dbdfc3404f8d7fb0d04bda999247f5e97b2387c7dc76763b2ed42a5266568db3
hubert_large,suta,159,stage5ext_00638,c351c258fb7f6fd98e2b6dccc6dcbad5257965c8aceac0c60ba5b390d3e326847e121870153e0c8b87504d77c2d7baab09aef2d54ecdf46d1134d28a49792650,Canadian English,canada,"It was not clear who had the right of way, since the traffic lights were off.",IT WAS NOT CLEAR WHO HAD THE RIGHT OF WAY SINCE THE TRAFFIC LIGHTS WERE OFF,dbdfc3404f8d7fb0d04bda999247f5e97b2387c7dc76763b2ed42a5266568db3
hubert_large,suta,159,stage5ext_00639,c351c258fb7f6fd98e2b6dccc6dcbad5257965c8aceac0c60ba5b390d3e326847e121870153e0c8b87504d77c2d7baab09aef2d54ecdf46d1134d28a49792650,Canadian English,canada,Your government is counting on you.,YOUR GOVERNMENT IS COUNTING ON YOU,dbdfc3404f8d7fb0d04bda999247f5e97b2387c7dc76763b2ed42a5266568db3
hubert_large,suta,159,stage5ext_00640,c351c258fb7f6fd98e2b6dccc6dcbad5257965c8aceac0c60ba5b390d3e326847e121870153e0c8b87504d77c2d7baab09aef2d54ecdf46d1134d28a49792650,Canadian English,canada,Mollie did give her some kind of story.,MOLLY DID GIVE HER SOME KIND OF STORY,dbdfc3404f8d7fb0d04bda999247f5e97b2387c7dc76763b2ed42a5266568db3
hubert_large,suta,160,stage5ext_00641,c351c258fb7f6fd98e2b6dccc6dcbad5257965c8aceac0c60ba5b390d3e326847e121870153e0c8b87504d77c2d7baab09aef2d54ecdf46d1134d28a49792650,Canadian English,canada,Fresh coffee is much better than the freeze dried stuff.,FRESH COFFEE IS MUCH BETTER THAN THE FREEZE DRIED STUFF,3e4f36a41eff933f6e5f2c11c43940698a9c0e7413d3718ee59589b888cd9ac0
hubert_large,suta,160,stage5ext_00642,c351c258fb7f6fd98e2b6dccc6dcbad5257965c8aceac0c60ba5b390d3e326847e121870153e0c8b87504d77c2d7baab09aef2d54ecdf46d1134d28a49792650,Canadian English,canada,Sandra read aloud the strange excerpt.,SANDRA READ ALOUD THE STRANGE EXERPT,3e4f36a41eff933f6e5f2c11c43940698a9c0e7413d3718ee59589b888cd9ac0
hubert_large,suta,160,stage5ext_00643,c351c258fb7f6fd98e2b6dccc6dcbad5257965c8aceac0c60ba5b390d3e326847e121870153e0c8b87504d77c2d7baab09aef2d54ecdf46d1134d28a49792650,Canadian English,canada,Denise hoovered the rug.,DENICE HOOVERED THE RUG,3e4f36a41eff933f6e5f2c11c43940698a9c0e7413d3718ee59589b888cd9ac0
hubert_large,suta,160,stage5ext_00644,c351c258fb7f6fd98e2b6dccc6dcbad5257965c8aceac0c60ba5b390d3e326847e121870153e0c8b87504d77c2d7baab09aef2d54ecdf46d1134d28a49792650,Canadian English,canada,He fondled his bright orange beard.,HE FONDLED HIS BRIGHT ORANGE BEARD,3e4f36a41eff933f6e5f2c11c43940698a9c0e7413d3718ee59589b888cd9ac0
hubert_large,suta,161,stage5ext_00645,c351c258fb7f6fd98e2b6dccc6dcbad5257965c8aceac0c60ba5b390d3e326847e121870153e0c8b87504d77c2d7baab09aef2d54ecdf46d1134d28a49792650,Canadian English,canada,I knew you'd wake up sooner or later!,I KNEW YOU'D WAKE UP SOONER OR LATER,843bbb7f65e353f1995b467298c95dd3483fc86cf8d8068a5195a78af46dd1ed
hubert_large,suta,161,stage5ext_00646,760d3165d3a07ad90ef4a2b9248bbf4ad9fb43b3d7a518ee594214a8cddc34fa81c1608244500a4e6c4c7a43bcc7aa747d4aaf12ec5ef17ace5bbaaded5a7c73,Canadian English,canada,"Washington Township was named for George Washington, first president of the United States.",WASHINGTON TOWNSHIP WAS NAMED FOR GEORGE WASHINGTON FIRST PRESIDENT OF THE UNITED STATES,843bbb7f65e353f1995b467298c95dd3483fc86cf8d8068a5195a78af46dd1ed
hubert_large,suta,161,stage5ext_00647,760d3165d3a07ad90ef4a2b9248bbf4ad9fb43b3d7a518ee594214a8cddc34fa81c1608244500a4e6c4c7a43bcc7aa747d4aaf12ec5ef17ace5bbaaded5a7c73,Canadian English,canada,Mount Berry was named after Berry College founder Martha Berry.,MALBURY WAS NAMED AFTER BARRY COLLEGE FOUNDER MARTHA BURRY,843bbb7f65e353f1995b467298c95dd3483fc86cf8d8068a5195a78af46dd1ed
hubert_large,suta,161,stage5ext_00648,760d3165d3a07ad90ef4a2b9248bbf4ad9fb43b3d7a518ee594214a8cddc34fa81c1608244500a4e6c4c7a43bcc7aa747d4aaf12ec5ef17ace5bbaaded5a7c73,Canadian English,canada,The boys and girls winners go to Birmingham for the Final Four tournament.,THE BOYS AND GIRLS WINNERS GO TO BIRMINGHAM FOR THE FINAL FOUR TOURNAMENT,843bbb7f65e353f1995b467298c95dd3483fc86cf8d8068a5195a78af46dd1ed
hubert_large,suta,162,stage5ext_00649,760d3165d3a07ad90ef4a2b9248bbf4ad9fb43b3d7a518ee594214a8cddc34fa81c1608244500a4e6c4c7a43bcc7aa747d4aaf12ec5ef17ace5bbaaded5a7c73,Canadian English,canada,"In the central business district, the main activities include welding, carpentry and masonry.",IN THE CENTRAL BUSINESS DISTRICT THE MAIN ACTIVITIES INCLUDE WALDING CARPENTRY AND MASONRY,2e05fd9fef3afebb9430b350afbbcf8458386be8bb91a6feb90604802dd69ba6
hubert_large,suta,162,stage5ext_00650,760d3165d3a07ad90ef4a2b9248bbf4ad9fb43b3d7a518ee594214a8cddc34fa81c1608244500a4e6c4c7a43bcc7aa747d4aaf12ec5ef17ace5bbaaded5a7c73,Canadian English,canada,Drivers pass by Engineer Mountain and Twilight Peak before crossing Coal Bank Pass.,DRIVERS PASS BY ENGINEER MOUNTAIN AND TWILIGHT PEAK BEFORE CROSSING COAL BANK PASS,2e05fd9fef3afebb9430b350afbbcf8458386be8bb91a6feb90604802dd69ba6
hubert_large,suta,162,stage5ext_00651,760d3165d3a07ad90ef4a2b9248bbf4ad9fb43b3d7a518ee594214a8cddc34fa81c1608244500a4e6c4c7a43bcc7aa747d4aaf12ec5ef17ace5bbaaded5a7c73,Canadian English,canada,The scope may provide direct visualization or may be attached to a video monitor.,THE SCOPE MAY PROVIDE DIRECT VISUALIZATION OR MAY BE ATTACHED TO A VIDIOMONITOR,2e05fd9fef3afebb9430b350afbbcf8458386be8bb91a6feb90604802dd69ba6
hubert_large,suta,162,stage5ext_00652,760d3165d3a07ad90ef4a2b9248bbf4ad9fb43b3d7a518ee594214a8cddc34fa81c1608244500a4e6c4c7a43bcc7aa747d4aaf12ec5ef17ace5bbaaded5a7c73,Canadian English,canada,Other scholars refute these arguments-particularly since Josephus describes some Essenes as allowing marriage.,OTHER SCHOLARS REFUTE THESE ARGUMENTS PARTICULARLY SINCE JOSEPHUS DESCRIBES SOME ASCENS AS ALLOWING MARRIAGE,2e05fd9fef3afebb9430b350afbbcf8458386be8bb91a6feb90604802dd69ba6
hubert_large,suta,163,stage5ext_00653,760d3165d3a07ad90ef4a2b9248bbf4ad9fb43b3d7a518ee594214a8cddc34fa81c1608244500a4e6c4c7a43bcc7aa747d4aaf12ec5ef17ace5bbaaded5a7c73,Canadian English,canada,"Violence occurs in childhood sexual abuse, date rape, intimate partner violence, and sexual harassment.",BONENCE OCCURS IN CHILDHOOD SEXUAL ABUSE DATE RATE INTIMATE PARTNER VIOLENCE AND SEXUAL HARASSMENT,961bc7b9dcba475cd94f379ca8b1eb6f0c46600a7de5690a0e7731aae4fd6469
hubert_large,suta,163,stage5ext_00654,760d3165d3a07ad90ef4a2b9248bbf4ad9fb43b3d7a518ee594214a8cddc34fa81c1608244500a4e6c4c7a43bcc7aa747d4aaf12ec5ef17ace5bbaaded5a7c73,Canadian English,canada,Baby later changed his stage name to Birdman after the duo was dissolved.,BABY LATER CHANGE HIS STAGE NAME TO BIRDMAN AFTER THE DUO WAS DISSOLVED,961bc7b9dcba475cd94f379ca8b1eb6f0c46600a7de5690a0e7731aae4fd6469
hubert_large,suta,163,stage5ext_00655,760d3165d3a07ad90ef4a2b9248bbf4ad9fb43b3d7a518ee594214a8cddc34fa81c1608244500a4e6c4c7a43bcc7aa747d4aaf12ec5ef17ace5bbaaded5a7c73,Canadian English,canada,Manufacturers of identification badges recognized a market and began advertising in periodicals.,MANUFACTURES OF IDENTIFICATION BADGES RECOGNIZED A MARKET AND BEGAN ADVERTISING IN PERIODICALS,961bc7b9dcba475cd94f379ca8b1eb6f0c46600a7de5690a0e7731aae4fd6469
hubert_large,suta,163,stage5ext_00656,760d3165d3a07ad90ef4a2b9248bbf4ad9fb43b3d7a518ee594214a8cddc34fa81c1608244500a4e6c4c7a43bcc7aa747d4aaf12ec5ef17ace5bbaaded5a7c73,Canadian English,canada,Dozens of descriptions of Elizabeth on that day exist with slightly differing details.,DOZENS OF DESCRIPTIONS OF ELIZABETH ON THAT DAY EXIST WITH SLIGHTLY DIFERRING DETAILS,961bc7b9dcba475cd94f379ca8b1eb6f0c46600a7de5690a0e7731aae4fd6469
hubert_large,suta,164,stage5ext_00657,760d3165d3a07ad90ef4a2b9248bbf4ad9fb43b3d7a518ee594214a8cddc34fa81c1608244500a4e6c4c7a43bcc7aa747d4aaf12ec5ef17ace5bbaaded5a7c73,Canadian English,canada,However Victoria didn't develop any games.,HOWEVER VICTORIA DIDN'T DEVELOP ANY GAINS,5a77a9819c2bb011252509a13d78c3a88d3b743c5edb457b0ba1c65e391cfcbc
hubert_large,suta,164,stage5ext_00658,760d3165d3a07ad90ef4a2b9248bbf4ad9fb43b3d7a518ee594214a8cddc34fa81c1608244500a4e6c4c7a43bcc7aa747d4aaf12ec5ef17ace5bbaaded5a7c73,Canadian English,canada,"Following Dunkirk, ""Jackal"" returned to the routine of convoy escort and patrols.",FOLLOWING DUNKIRK JACKAL RETURNED TO THE ROUTINE OF CONVOY ESCORT AND PATROLS,5a77a9819c2bb011252509a13d78c3a88d3b743c5edb457b0ba1c65e391cfcbc
hubert_large,suta,164,stage5ext_00659,760d3165d3a07ad90ef4a2b9248bbf4ad9fb43b3d7a518ee594214a8cddc34fa81c1608244500a4e6c4c7a43bcc7aa747d4aaf12ec5ef17ace5bbaaded5a7c73,Canadian English,canada,O'Quinn held this role for all three seasons of the series.,OQUIN HELD THIS ROL FOR ALL THREE SEASONS OF THE SERIES,5a77a9819c2bb011252509a13d78c3a88d3b743c5edb457b0ba1c65e391cfcbc
hubert_large,suta,164,stage5ext_00660,760d3165d3a07ad90ef4a2b9248bbf4ad9fb43b3d7a518ee594214a8cddc34fa81c1608244500a4e6c4c7a43bcc7aa747d4aaf12ec5ef17ace5bbaaded5a7c73,Canadian English,canada,Sartene wine is appreciated by wine connoisseurs for its good quality.,SACHIN WINE IS APPRECIATED BY WINE CONNOISSEURS FOR ITS GOOD QUALITY,5a77a9819c2bb011252509a13d78c3a88d3b743c5edb457b0ba1c65e391cfcbc
hubert_large,suta,165,stage5ext_00661,591dc19ef324950dafd8ce359e9711f332297ea7ff75da4847f4653c4698cfb4a469db4e15b5ea6b6512eb8f51f1b066477920287c57ae1056528e11c1bd1976,Canadian English,canada,It was returned to Prussia at the end of the war.,IT WAS RETURNED TO PRUSSIA AT THE END OF THE WAR,d850260994f99f8f9193862fe96d3655bf0c46e22eec16b6ece29108ba68a18f
hubert_large,suta,165,stage5ext_00662,591dc19ef324950dafd8ce359e9711f332297ea7ff75da4847f4653c4698cfb4a469db4e15b5ea6b6512eb8f51f1b066477920287c57ae1056528e11c1bd1976,Canadian English,canada,It is now named Longton Exchange.,IT IS NOW NAMED LONGTON EXCHANGE,d850260994f99f8f9193862fe96d3655bf0c46e22eec16b6ece29108ba68a18f
hubert_large,suta,165,stage5ext_00663,591dc19ef324950dafd8ce359e9711f332297ea7ff75da4847f4653c4698cfb4a469db4e15b5ea6b6512eb8f51f1b066477920287c57ae1056528e11c1bd1976,Canadian English,canada,Eddie Antar was eventually charged with a series of crimes.,EDDI ANTAR WAS EVENTUALLY CHARGED WITH A SERIES OF CRIMES,d850260994f99f8f9193862fe96d3655bf0c46e22eec16b6ece29108ba68a18f
hubert_large,suta,165,stage5ext_00664,591dc19ef324950dafd8ce359e9711f332297ea7ff75da4847f4653c4698cfb4a469db4e15b5ea6b6512eb8f51f1b066477920287c57ae1056528e11c1bd1976,Canadian English,canada,The monuments built by these Sultans were the first examples of Indo-Islamic Architecture.,THE MONUMENTS BUILT BY THESE SULTANS WERE THE FIRST EXAMPLES OF INDOISLAMIC ARCHITECTURE,d850260994f99f8f9193862fe96d3655bf0c46e22eec16b6ece29108ba68a18f
hubert_large,suta,166,stage5ext_00665,591dc19ef324950dafd8ce359e9711f332297ea7ff75da4847f4653c4698cfb4a469db4e15b5ea6b6512eb8f51f1b066477920287c57ae1056528e11c1bd1976,Canadian English,canada,"She has two sisters, Laura Norris and Sarah McNeil, and a brother, Andrew McNeil.",SHE HAS TWO SISTERS LAURA NORIS AND SARA MCNEEL AND A BROTHER ANDREW MCNEL,70daf86708e02f14cf2beb51f031fc6f488392189f8afd78d8fd3c172676fb92
hubert_large,suta,166,stage5ext_00666,591dc19ef324950dafd8ce359e9711f332297ea7ff75da4847f4653c4698cfb4a469db4e15b5ea6b6512eb8f51f1b066477920287c57ae1056528e11c1bd1976,Canadian English,canada,"Earthquakes along the fault, and the associated earth movements, have formed the Southern Alps.",EARTHQUAKES ALONG THE FALTS AND THE ASSOCIATED EARTH MOVEMENTS HAVE FORMED THE SOUTHERN ALPS,70daf86708e02f14cf2beb51f031fc6f488392189f8afd78d8fd3c172676fb92
hubert_large,suta,166,stage5ext_00667,591dc19ef324950dafd8ce359e9711f332297ea7ff75da4847f4653c4698cfb4a469db4e15b5ea6b6512eb8f51f1b066477920287c57ae1056528e11c1bd1976,Canadian English,canada,Expression Encoder consists of two editions: A freeware edition and a commercial Pro edition.,EXPRESSION IND CODAR CONSISTS OF TWO EDITIONS A FREEWARE EDITION AND A COMMERCIAL PROIDITION,70daf86708e02f14cf2beb51f031fc6f488392189f8afd78d8fd3c172676fb92
hubert_large,suta,166,stage5ext_00668,591dc19ef324950dafd8ce359e9711f332297ea7ff75da4847f4653c4698cfb4a469db4e15b5ea6b6512eb8f51f1b066477920287c57ae1056528e11c1bd1976,Canadian English,canada,The couple's working relationship became personal and resulted in marriage the following year.,THE COUPLE'S WORKING RELATIONSHIP BECAME PERSONAL AND RESULTED IN MARRIAGE THE FOLLOWING YEAR,70daf86708e02f14cf2beb51f031fc6f488392189f8afd78d8fd3c172676fb92
hubert_large,suta,167,stage5ext_00669,591dc19ef324950dafd8ce359e9711f332297ea7ff75da4847f4653c4698cfb4a469db4e15b5ea6b6512eb8f51f1b066477920287c57ae1056528e11c1bd1976,Canadian English,canada,"Upon returning to the Mets, his career was reborn.",UPON RETURNING TO THE METS HIS CAREER WAS REBORN,ad426a8b4455b39f37d23ad94989af547702d891ed81bb1e0ff59bd9365129d3
hubert_large,suta,167,stage5ext_00670,591dc19ef324950dafd8ce359e9711f332297ea7ff75da4847f4653c4698cfb4a469db4e15b5ea6b6512eb8f51f1b066477920287c57ae1056528e11c1bd1976,Canadian English,canada,"She was in the award-winning musical ""Light in the Piazza"" on Broadway.",SHE WAS IN THE AWARD WINNING MUSICAL LIGHT IN THE PIAZZA ON BROADWAY,ad426a8b4455b39f37d23ad94989af547702d891ed81bb1e0ff59bd9365129d3
hubert_large,suta,167,stage5ext_00671,591dc19ef324950dafd8ce359e9711f332297ea7ff75da4847f4653c4698cfb4a469db4e15b5ea6b6512eb8f51f1b066477920287c57ae1056528e11c1bd1976,Canadian English,canada,He then went on to a second career as a car racing driver.,HE THEN WENT ON TO A SECOND CAREER AS A CAR RACING DRIVER,ad426a8b4455b39f37d23ad94989af547702d891ed81bb1e0ff59bd9365129d3
hubert_large,suta,167,stage5ext_00672,591dc19ef324950dafd8ce359e9711f332297ea7ff75da4847f4653c4698cfb4a469db4e15b5ea6b6512eb8f51f1b066477920287c57ae1056528e11c1bd1976,Canadian English,canada,"For Mainz, Joseph Ludwig Colmar was soon appointed as bishop.",FOR MAINES JOSEPH LUDWIG COMAR WAS SOON APPOINTED AS BISHOP,ad426a8b4455b39f37d23ad94989af547702d891ed81bb1e0ff59bd9365129d3
hubert_large,suta,168,stage5ext_00673,591dc19ef324950dafd8ce359e9711f332297ea7ff75da4847f4653c4698cfb4a469db4e15b5ea6b6512eb8f51f1b066477920287c57ae1056528e11c1bd1976,Canadian English,canada,"He has been nicknamed ""The Man of a Thousand Voices"".",HE HAS BEEN NICKNAMED THE MAN OF A THOUSAND VOICES,7770a1c30a1dc5862b4764145bf9a3250a91af8320cb2f848015dbb41330e84d
hubert_large,suta,168,stage5ext_00674,591dc19ef324950dafd8ce359e9711f332297ea7ff75da4847f4653c4698cfb4a469db4e15b5ea6b6512eb8f51f1b066477920287c57ae1056528e11c1bd1976,Canadian English,canada,He then teamed up Martin Salkin and Milt Gabler of Decca Records.,HE THEN TEAMED UP MARTIN SALKIN AND MILT GABBLER OF DECA RECORDS,7770a1c30a1dc5862b4764145bf9a3250a91af8320cb2f848015dbb41330e84d
hubert_large,suta,168,stage5ext_00675,591dc19ef324950dafd8ce359e9711f332297ea7ff75da4847f4653c4698cfb4a469db4e15b5ea6b6512eb8f51f1b066477920287c57ae1056528e11c1bd1976,Canadian English,canada,"They became most prominent in the Roman Republic, and continued into the Empire.",THEY BECAME THE MOST PROMINENT IN THE ROMAN REPUBLIC AND CONTINUED INTO THE EMPIRE,7770a1c30a1dc5862b4764145bf9a3250a91af8320cb2f848015dbb41330e84d
hubert_large,suta,168,stage5ext_00676,87b42e85779256f12cd8467a8790384f4d1ba3aa2c3821b798e151f94702c8fecb77a8f125195bf02e72b9c5cf01c3d6ddda5e6d3aa87b4bc525756a8c2b8807,Canadian English,canada,East-southeast of Boussingault lies the crater Neumayer.,EAST SOUTHEAST OF BOOSINGULT LIES THE CRATER NUMIRE,7770a1c30a1dc5862b4764145bf9a3250a91af8320cb2f848015dbb41330e84d
hubert_large,suta,169,stage5ext_00677,87b42e85779256f12cd8467a8790384f4d1ba3aa2c3821b798e151f94702c8fecb77a8f125195bf02e72b9c5cf01c3d6ddda5e6d3aa87b4bc525756a8c2b8807,Canadian English,canada,Recorded at the composer's studio under his supervision.,RECORDED AT THE COMPOSER'S STUDIO UNDER HIS SUPERVISION,fea03a0f9e897056093b00bfc564b5e252fd2fdc897133781ce9bde10059cae7
hubert_large,suta,169,stage5ext_00678,87b42e85779256f12cd8467a8790384f4d1ba3aa2c3821b798e151f94702c8fecb77a8f125195bf02e72b9c5cf01c3d6ddda5e6d3aa87b4bc525756a8c2b8807,Canadian English,canada,Varied versions of the artwork within the album exist.,VARIED VERSIONS OF THE ARTWORK WITHIN THE ALBUM EXIST,fea03a0f9e897056093b00bfc564b5e252fd2fdc897133781ce9bde10059cae7
hubert_large,suta,169,stage5ext_00679,87b42e85779256f12cd8467a8790384f4d1ba3aa2c3821b798e151f94702c8fecb77a8f125195bf02e72b9c5cf01c3d6ddda5e6d3aa87b4bc525756a8c2b8807,Canadian English,canada,"Construction was conducted by Kassel, Germany-based Henschel.",CONSTRUCTION WAS CONDUCTED BY CASEL GERMANY BASED HENSHAL,fea03a0f9e897056093b00bfc564b5e252fd2fdc897133781ce9bde10059cae7
hubert_large,suta,169,stage5ext_00680,87b42e85779256f12cd8467a8790384f4d1ba3aa2c3821b798e151f94702c8fecb77a8f125195bf02e72b9c5cf01c3d6ddda5e6d3aa87b4bc525756a8c2b8807,Canadian English,canada,He started reading novels and literature since he just finished the primary school.,HE STARTED READING NOVELS AND LITERATURE SINCE HE JUST FINISHED THE PRIMARY SCHOOL,fea03a0f9e897056093b00bfc564b5e252fd2fdc897133781ce9bde10059cae7
hubert_large,suta,170,stage5ext_00681,87b42e85779256f12cd8467a8790384f4d1ba3aa2c3821b798e151f94702c8fecb77a8f125195bf02e72b9c5cf01c3d6ddda5e6d3aa87b4bc525756a8c2b8807,Canadian English,canada,They won a majority of seats in every province and territory.,THEY WONT A MAJORITY OF SEATS IN EVERY PROVINCE AND TERRITORY,01b18991bc86bf9e41d8a547b5e4ca700961f496c197a426b27dc56c321fc8df
hubert_large,suta,170,stage5ext_00682,87b42e85779256f12cd8467a8790384f4d1ba3aa2c3821b798e151f94702c8fecb77a8f125195bf02e72b9c5cf01c3d6ddda5e6d3aa87b4bc525756a8c2b8807,Canadian English,canada,Opposed to the more moderate Parchamis were the radical Khalq faction.,OPPOSED TO THE MORE MODERATE PARCHMENTS WERE THE MORE RADICAL CALKFACTION,01b18991bc86bf9e41d8a547b5e4ca700961f496c197a426b27dc56c321fc8df
hubert_large,suta,170,stage5ext_00683,87b42e85779256f12cd8467a8790384f4d1ba3aa2c3821b798e151f94702c8fecb77a8f125195bf02e72b9c5cf01c3d6ddda5e6d3aa87b4bc525756a8c2b8807,Canadian English,canada,Gyrich is also involved in hunting the Hulk after the events of Onslaught.,KEYRICH IS ALSO INVOLVED IN HUNTING THE HULK AFTER THE EVENSIVE ONSLAUGHT,01b18991bc86bf9e41d8a547b5e4ca700961f496c197a426b27dc56c321fc8df
hubert_large,suta,170,stage5ext_00684,87b42e85779256f12cd8467a8790384f4d1ba3aa2c3821b798e151f94702c8fecb77a8f125195bf02e72b9c5cf01c3d6ddda5e6d3aa87b4bc525756a8c2b8807,Canadian English,canada,It was also hosted by the team of Rich Landrum and Johnny Weaver.,IT WAS ALSO HOSTED BY THE TEAM OF RICH LANDRUM AND JOHNNY WEVER,01b18991bc86bf9e41d8a547b5e4ca700961f496c197a426b27dc56c321fc8df
hubert_large,suta,171,stage5ext_00685,87b42e85779256f12cd8467a8790384f4d1ba3aa2c3821b798e151f94702c8fecb77a8f125195bf02e72b9c5cf01c3d6ddda5e6d3aa87b4bc525756a8c2b8807,Canadian English,canada,"His cause for canonization was introduced by his religious order, the Basilian Alepian Order.",HIS CAUSE FOR CANONIZATION WAS INTRODUCED BY HIS LIRELIGIOUS ORDER THE BAZILIAN OLYPIAN ORDER,2ebf9b17a8552c689fe74ee4001f19e9129707e997919de82379ba778504e9ae
hubert_large,suta,171,stage5ext_00686,87b42e85779256f12cd8467a8790384f4d1ba3aa2c3821b798e151f94702c8fecb77a8f125195bf02e72b9c5cf01c3d6ddda5e6d3aa87b4bc525756a8c2b8807,Canadian English,canada,"Terminals can be attacked and disabled, but not destroyed.",TERMINALS CAN BE ATTACKED AND DISABLED BUT NOT DESTROYED,2ebf9b17a8552c689fe74ee4001f19e9129707e997919de82379ba778504e9ae
hubert_large,suta,171,stage5ext_00687,87b42e85779256f12cd8467a8790384f4d1ba3aa2c3821b798e151f94702c8fecb77a8f125195bf02e72b9c5cf01c3d6ddda5e6d3aa87b4bc525756a8c2b8807,Canadian English,canada,They're going to see this as an historic time.,THEY'RE GOING TO SEE THIS AS A HISTORIC TIME,2ebf9b17a8552c689fe74ee4001f19e9129707e997919de82379ba778504e9ae
hubert_large,suta,171,stage5ext_00688,87b42e85779256f12cd8467a8790384f4d1ba3aa2c3821b798e151f94702c8fecb77a8f125195bf02e72b9c5cf01c3d6ddda5e6d3aa87b4bc525756a8c2b8807,Canadian English,canada,"Due to his high penance, Lord murugan appeared like snake to him.",DUE TO HIS HIGH PENANCE LORD MURIGAN APPEARED LIKE SNAPE TO HIM,2ebf9b17a8552c689fe74ee4001f19e9129707e997919de82379ba778504e9ae
hubert_large,suta,172,stage5ext_00689,87b42e85779256f12cd8467a8790384f4d1ba3aa2c3821b798e151f94702c8fecb77a8f125195bf02e72b9c5cf01c3d6ddda5e6d3aa87b4bc525756a8c2b8807,Canadian English,canada,Consumption soon returned to normal however.,CONSUMPTION SOON RETURNED TO NORMAL HOWEVER,f6b3612a9eca90b9a07808eca7e45cb842853ef3e5f9e2facda3b98ba143686c
hubert_large,suta,172,stage5ext_00690,87b42e85779256f12cd8467a8790384f4d1ba3aa2c3821b798e151f94702c8fecb77a8f125195bf02e72b9c5cf01c3d6ddda5e6d3aa87b4bc525756a8c2b8807,Canadian English,canada,"Alva was featured in the video game, ""Tony Hawk's American Wasteland"".",ALBA WAS FEATURED IN THE WINDOW GAME TONY HAWKS AMERICAN WASTELAND,f6b3612a9eca90b9a07808eca7e45cb842853ef3e5f9e2facda3b98ba143686c
hubert_large,suta,172,stage5ext_00691,1bda50a4a88d77a1bc592a14e21c501410d6db026449e39808be8fdf0a370dcc6adb09567d53480b5796f2560267441eafe3faf65ae56ae50502479cbab97242,Canadian English,canada,"They found all sorts of drugs at Howard's house: Cocaine, meth, heroine...",THEY FOUND ALL SORTS OF DRUGS AT HOWER'S HOUSE COCAIN MUF HEROINE,f6b3612a9eca90b9a07808eca7e45cb842853ef3e5f9e2facda3b98ba143686c
hubert_large,suta,172,stage5ext_00692,1bda50a4a88d77a1bc592a14e21c501410d6db026449e39808be8fdf0a370dcc6adb09567d53480b5796f2560267441eafe3faf65ae56ae50502479cbab97242,Canadian English,canada,"Sure, I will be right back.",SURE I'LL BE RIGHT BOUGHT,f6b3612a9eca90b9a07808eca7e45cb842853ef3e5f9e2facda3b98ba143686c
hubert_large,suta,173,stage5ext_00693,1bda50a4a88d77a1bc592a14e21c501410d6db026449e39808be8fdf0a370dcc6adb09567d53480b5796f2560267441eafe3faf65ae56ae50502479cbab97242,Canadian English,canada,"When he got the call, Ali ran out of the store, down the street, and into the car.",WHEN HE GOT THE CALL ALI RAN OUT OF THE STORE DOWN THE STREET AND INTER THE CAR,f98ba4289fcd2b88d3e841b9505810a3d51eac06df975a2f34483112b54e9643
hubert_large,suta,173,stage5ext_00694,1bda50a4a88d77a1bc592a14e21c501410d6db026449e39808be8fdf0a370dcc6adb09567d53480b5796f2560267441eafe3faf65ae56ae50502479cbab97242,Canadian English,canada,"As they began to decorate the hallway, a silhouette appeared in the doorway.",AS THEY BEGAN TO DECORATE THE HALLWAY A SILHOUETTE APPEARED IN THE DOORWAY,f98ba4289fcd2b88d3e841b9505810a3d51eac06df975a2f34483112b54e9643
hubert_large,suta,173,stage5ext_00695,1bda50a4a88d77a1bc592a14e21c501410d6db026449e39808be8fdf0a370dcc6adb09567d53480b5796f2560267441eafe3faf65ae56ae50502479cbab97242,Canadian English,canada,"Roaming endlessly around the park, she wants to go home.",ROAMING ENDLESSLY AROUND THE PARK SHE WANTS TO GO HOME,f98ba4289fcd2b88d3e841b9505810a3d51eac06df975a2f34483112b54e9643
hubert_large,suta,173,stage5ext_00696,1bda50a4a88d77a1bc592a14e21c501410d6db026449e39808be8fdf0a370dcc6adb09567d53480b5796f2560267441eafe3faf65ae56ae50502479cbab97242,Canadian English,canada,"Hooray, we're going to Alaska!",HORAY WE'RE GOING TO ALASKA,f98ba4289fcd2b88d3e841b9505810a3d51eac06df975a2f34483112b54e9643
hubert_large,suta,174,stage5ext_00697,1bda50a4a88d77a1bc592a14e21c501410d6db026449e39808be8fdf0a370dcc6adb09567d53480b5796f2560267441eafe3faf65ae56ae50502479cbab97242,Canadian English,canada,"In the discotheque, the DJ played progressive house music and trance.",IN THE DISCOTEC THE D J PLAYED PROGRESSIVE HOUSE MUSIC AND TRANCE,671175fb00f92b96a8c3f80e248d93692ffe9131668a04c536b3477d85b84867
hubert_large,suta,174,stage5ext_00698,1bda50a4a88d77a1bc592a14e21c501410d6db026449e39808be8fdf0a370dcc6adb09567d53480b5796f2560267441eafe3faf65ae56ae50502479cbab97242,Canadian English,canada,Susan is an artist who lives in Vermont.,SUSAN IS AN ARTIST WHO LIVES IN VERMONT,671175fb00f92b96a8c3f80e248d93692ffe9131668a04c536b3477d85b84867
hubert_large,suta,174,stage5ext_00699,1bda50a4a88d77a1bc592a14e21c501410d6db026449e39808be8fdf0a370dcc6adb09567d53480b5796f2560267441eafe3faf65ae56ae50502479cbab97242,Canadian English,canada,What is the matter with you?,WHAT IS THE MATTER WITH YOU,671175fb00f92b96a8c3f80e248d93692ffe9131668a04c536b3477d85b84867
hubert_large,suta,174,stage5ext_00700,1bda50a4a88d77a1bc592a14e21c501410d6db026449e39808be8fdf0a370dcc6adb09567d53480b5796f2560267441eafe3faf65ae56ae50502479cbab97242,Canadian English,canada,"She is a very smart lady, and I think she can figure it out.",SHE IS A VERY SMART LADY AND I THINK SHE CAN FIGURE IT OUT,671175fb00f92b96a8c3f80e248d93692ffe9131668a04c536b3477d85b84867
hubert_large,suta,175,stage5ext_00701,1bda50a4a88d77a1bc592a14e21c501410d6db026449e39808be8fdf0a370dcc6adb09567d53480b5796f2560267441eafe3faf65ae56ae50502479cbab97242,Canadian English,canada,"Astronomy might be complicated, but it's not rocket science.",ASTRONOMY MIGHT BE COMPLICATED BUT IT'S NOT ROCKET SCIENCE,8d8c717f4e83b33f51da3fe93d4d0c9c7daa33fdc6cde2851a1b790e9ace9399
hubert_large,suta,175,stage5ext_00702,1bda50a4a88d77a1bc592a14e21c501410d6db026449e39808be8fdf0a370dcc6adb09567d53480b5796f2560267441eafe3faf65ae56ae50502479cbab97242,Canadian English,canada,"Angela is pregnant, she told me.",ANGOLA IS PREGNANT SHE TOLD ME,8d8c717f4e83b33f51da3fe93d4d0c9c7daa33fdc6cde2851a1b790e9ace9399
hubert_large,suta,175,stage5ext_00703,1bda50a4a88d77a1bc592a14e21c501410d6db026449e39808be8fdf0a370dcc6adb09567d53480b5796f2560267441eafe3faf65ae56ae50502479cbab97242,Canadian English,canada,"The diver forced open the oyster, revealing a shimmering pearl.",THE DIVER FORCED OPEN THE OYSTER REVEALING A SHIMMERING PEARL,8d8c717f4e83b33f51da3fe93d4d0c9c7daa33fdc6cde2851a1b790e9ace9399
hubert_large,suta,175,stage5ext_00704,1bda50a4a88d77a1bc592a14e21c501410d6db026449e39808be8fdf0a370dcc6adb09567d53480b5796f2560267441eafe3faf65ae56ae50502479cbab97242,Canadian English,canada,"Salmon is one of the most popular fish and very delicious, though usually not sustainable.",SALMON IS ONE OF THE MOST POPULAR FISH AND VERY DELICIOUS THOUGH USUALLY NOT SUSTAINABLE,8d8c717f4e83b33f51da3fe93d4d0c9c7daa33fdc6cde2851a1b790e9ace9399
hubert_large,suta,176,stage5ext_00705,1bda50a4a88d77a1bc592a14e21c501410d6db026449e39808be8fdf0a370dcc6adb09567d53480b5796f2560267441eafe3faf65ae56ae50502479cbab97242,Canadian English,canada,"This pepperoni tastes off, she said.",DOES PEPYRONI TASTE OFF SHE SAID,4fe19a5001e7777a68e6b8c5f5f349dd4c44e29e4b52336af63e04503c5cdcbc
hubert_large,suta,176,stage5ext_00706,3609f33a23ed07b4e369020bc8bfcb519c8e108d2510cda5649a103fb8e4c9a120753d04b1cfbf9d5ebca2b2674d1f16d7269aa4d619254315923f04a0e8872a,Canadian English,canada,You might as well play Russian roulette.,YOU MIGHT AS WELL PLAY RUSSIAN ROULETE,4fe19a5001e7777a68e6b8c5f5f349dd4c44e29e4b52336af63e04503c5cdcbc
hubert_large,suta,176,stage5ext_00707,3609f33a23ed07b4e369020bc8bfcb519c8e108d2510cda5649a103fb8e4c9a120753d04b1cfbf9d5ebca2b2674d1f16d7269aa4d619254315923f04a0e8872a,Canadian English,canada,We are going to the football game tonight.,WE ARE GOING TO THE FOOTBALL GAME TO NIGHT,4fe19a5001e7777a68e6b8c5f5f349dd4c44e29e4b52336af63e04503c5cdcbc
hubert_large,suta,176,stage5ext_00708,3609f33a23ed07b4e369020bc8bfcb519c8e108d2510cda5649a103fb8e4c9a120753d04b1cfbf9d5ebca2b2674d1f16d7269aa4d619254315923f04a0e8872a,Canadian English,canada,Send the stuff in a thick paper bag.,SEND THE STUFF IN A THICK PAPER BAG,4fe19a5001e7777a68e6b8c5f5f349dd4c44e29e4b52336af63e04503c5cdcbc
hubert_large,suta,177,stage5ext_00709,3609f33a23ed07b4e369020bc8bfcb519c8e108d2510cda5649a103fb8e4c9a120753d04b1cfbf9d5ebca2b2674d1f16d7269aa4d619254315923f04a0e8872a,Canadian English,canada,The early bird catches the worm.,THE EARLY BIRD CATCHES THE WORM,f57d97faf13d009a9fda4681a619f28a6ea24e25307dc670f4b7beed5dad135f
hubert_large,suta,177,stage5ext_00710,3609f33a23ed07b4e369020bc8bfcb519c8e108d2510cda5649a103fb8e4c9a120753d04b1cfbf9d5ebca2b2674d1f16d7269aa4d619254315923f04a0e8872a,Canadian English,canada,A toad and a frog are hard to tell apart.,A TOAD AND A FROG ARE HARD TO TELL APART,f57d97faf13d009a9fda4681a619f28a6ea24e25307dc670f4b7beed5dad135f
hubert_large,suta,177,stage5ext_00711,3609f33a23ed07b4e369020bc8bfcb519c8e108d2510cda5649a103fb8e4c9a120753d04b1cfbf9d5ebca2b2674d1f16d7269aa4d619254315923f04a0e8872a,Canadian English,canada,William ran down the street.,WILLIAM RAN DOWN THE STREET,f57d97faf13d009a9fda4681a619f28a6ea24e25307dc670f4b7beed5dad135f
hubert_large,suta,177,stage5ext_00712,3609f33a23ed07b4e369020bc8bfcb519c8e108d2510cda5649a103fb8e4c9a120753d04b1cfbf9d5ebca2b2674d1f16d7269aa4d619254315923f04a0e8872a,Canadian English,canada,But it was not to be.,BUT IT WAS NOT TO BE,f57d97faf13d009a9fda4681a619f28a6ea24e25307dc670f4b7beed5dad135f
hubert_large,suta,178,stage5ext_00713,3609f33a23ed07b4e369020bc8bfcb519c8e108d2510cda5649a103fb8e4c9a120753d04b1cfbf9d5ebca2b2674d1f16d7269aa4d619254315923f04a0e8872a,Canadian English,canada,Add the sum to the product of these three.,ADD THE SUM TO THE PRODUCT OF THESE THREE,a6ca87f63b580d9ea1461634e86ccc47d3d7176bbb5db4681026be1e42a12af6
hubert_large,suta,178,stage5ext_00714,3609f33a23ed07b4e369020bc8bfcb519c8e108d2510cda5649a103fb8e4c9a120753d04b1cfbf9d5ebca2b2674d1f16d7269aa4d619254315923f04a0e8872a,Canadian English,canada,Birds of a feather flock – together.,BIRDS OF A FEATHER FLOCK TOGETHER,a6ca87f63b580d9ea1461634e86ccc47d3d7176bbb5db4681026be1e42a12af6
hubert_large,suta,178,stage5ext_00715,3609f33a23ed07b4e369020bc8bfcb519c8e108d2510cda5649a103fb8e4c9a120753d04b1cfbf9d5ebca2b2674d1f16d7269aa4d619254315923f04a0e8872a,Canadian English,canada,It was raised from everyone who entered the city during the celebration period.,IT WAS RAISED FROM EVERYONE WHO ENTERED THE CITY DURING THE CELEBRATION PERIOD,a6ca87f63b580d9ea1461634e86ccc47d3d7176bbb5db4681026be1e42a12af6
hubert_large,suta,178,stage5ext_00716,3609f33a23ed07b4e369020bc8bfcb519c8e108d2510cda5649a103fb8e4c9a120753d04b1cfbf9d5ebca2b2674d1f16d7269aa4d619254315923f04a0e8872a,Canadian English,canada,A zestful food is the hot-cross bun.,A ZESTFUL FOOD IS THE HOT CROSS BON,a6ca87f63b580d9ea1461634e86ccc47d3d7176bbb5db4681026be1e42a12af6
hubert_large,suta,179,stage5ext_00717,3609f33a23ed07b4e369020bc8bfcb519c8e108d2510cda5649a103fb8e4c9a120753d04b1cfbf9d5ebca2b2674d1f16d7269aa4d619254315923f04a0e8872a,Canadian English,canada,Just as I thought!,JUST AS I THOUGHT,ee139f09cdb59541a91744f37936f319991e03edffbddd326185e2a529cc3485
hubert_large,suta,179,stage5ext_00718,3609f33a23ed07b4e369020bc8bfcb519c8e108d2510cda5649a103fb8e4c9a120753d04b1cfbf9d5ebca2b2674d1f16d7269aa4d619254315923f04a0e8872a,Canadian English,canada,Each penny shone like new.,EACH PENNY SHONE LIKE NEW,ee139f09cdb59541a91744f37936f319991e03edffbddd326185e2a529cc3485
hubert_large,suta,179,stage5ext_00719,3609f33a23ed07b4e369020bc8bfcb519c8e108d2510cda5649a103fb8e4c9a120753d04b1cfbf9d5ebca2b2674d1f16d7269aa4d619254315923f04a0e8872a,Canadian English,canada,Does that suit you?,DOES THAT SUIT YOU,ee139f09cdb59541a91744f37936f319991e03edffbddd326185e2a529cc3485
hubert_large,suta,179,stage5ext_00720,3609f33a23ed07b4e369020bc8bfcb519c8e108d2510cda5649a103fb8e4c9a120753d04b1cfbf9d5ebca2b2674d1f16d7269aa4d619254315923f04a0e8872a,Canadian English,canada,You may whistle for it.,YOU MAY WHISTLE FOR IT,ee139f09cdb59541a91744f37936f319991e03edffbddd326185e2a529cc3485
hubert_large,suta,180,stage5ext_00721,b93abbafef94b7d98a7356f6312da390c93f78376374ceb597ee3d26425dc05d7b3fe7fc290b835365c2ba77cf232a93597f059b5a2aaa5c715299a8614492e4,Canadian English,canada,"After leaving politics, Clement has held various paid and unpaid positions.",AFTER LEAVING POLITICS CLEMENT HAS HELD VARIOUS PAID AND UNPAID POSITIONS,a17f2104849b1fe7de67fa92a52d5c52ab3469648d14d8ef8c2ebe3f8beee81c
hubert_large,suta,180,stage5ext_00722,b93abbafef94b7d98a7356f6312da390c93f78376374ceb597ee3d26425dc05d7b3fe7fc290b835365c2ba77cf232a93597f059b5a2aaa5c715299a8614492e4,Canadian English,canada,The same thing can happen to the player's bike.,THE SAME THING CAN HAPPEN TO THE PLAYER'S BIKE,a17f2104849b1fe7de67fa92a52d5c52ab3469648d14d8ef8c2ebe3f8beee81c
hubert_large,suta,180,stage5ext_00723,b93abbafef94b7d98a7356f6312da390c93f78376374ceb597ee3d26425dc05d7b3fe7fc290b835365c2ba77cf232a93597f059b5a2aaa5c715299a8614492e4,Canadian English,canada,She wanted to become a dancer but it didn't work out.,SHE WANTED TO BECOME A DANCER BUT IT DIDN'T WORK OUT,a17f2104849b1fe7de67fa92a52d5c52ab3469648d14d8ef8c2ebe3f8beee81c
hubert_large,suta,180,stage5ext_00724,b93abbafef94b7d98a7356f6312da390c93f78376374ceb597ee3d26425dc05d7b3fe7fc290b835365c2ba77cf232a93597f059b5a2aaa5c715299a8614492e4,Canadian English,canada,At trial and appeal the claim was dismissed.,AT TRIAL AND APPEAL THE CLAIM WAS DISMISSED,a17f2104849b1fe7de67fa92a52d5c52ab3469648d14d8ef8c2ebe3f8beee81c
hubert_large,suta,181,stage5ext_00725,b93abbafef94b7d98a7356f6312da390c93f78376374ceb597ee3d26425dc05d7b3fe7fc290b835365c2ba77cf232a93597f059b5a2aaa5c715299a8614492e4,Canadian English,canada,"Its headquarters is located in Chiyoda, Tokyo.",ITS HEADQUARTERS IS LOCATED IN CHIODA TOKYO,38ddd888068950d8dda9f49c6713536007b71d13427553118b5229004fd37cba
hubert_large,suta,181,stage5ext_00726,b93abbafef94b7d98a7356f6312da390c93f78376374ceb597ee3d26425dc05d7b3fe7fc290b835365c2ba77cf232a93597f059b5a2aaa5c715299a8614492e4,Canadian English,canada,He was forbidden any further writing.,HE WAS FORBIDDEN ANY FURTHER WRITING,38ddd888068950d8dda9f49c6713536007b71d13427553118b5229004fd37cba
hubert_large,suta,181,stage5ext_00727,b93abbafef94b7d98a7356f6312da390c93f78376374ceb597ee3d26425dc05d7b3fe7fc290b835365c2ba77cf232a93597f059b5a2aaa5c715299a8614492e4,Canadian English,canada,It offers yet another musical style change.,IT OFFERS YET ANOTHER MUSICAL STYLE CHANGE,38ddd888068950d8dda9f49c6713536007b71d13427553118b5229004fd37cba
hubert_large,suta,181,stage5ext_00728,b93abbafef94b7d98a7356f6312da390c93f78376374ceb597ee3d26425dc05d7b3fe7fc290b835365c2ba77cf232a93597f059b5a2aaa5c715299a8614492e4,Canadian English,canada,The measured flux is proportional to the covariance.,THE MEASURED FLUX IS PROPORTIONAL TO THE COVARIANCE,38ddd888068950d8dda9f49c6713536007b71d13427553118b5229004fd37cba
hubert_large,suta,182,stage5ext_00729,b93abbafef94b7d98a7356f6312da390c93f78376374ceb597ee3d26425dc05d7b3fe7fc290b835365c2ba77cf232a93597f059b5a2aaa5c715299a8614492e4,Canadian English,canada,Also on hand was the young comedian Richard Pryor.,ALSO ON HAND WAS A YOUNG CAMEDIAN RICHARD PRIOR,a546edbc8860e0db07074a396b54d4d23ed30e5dd0e884a83ac4a66d23117d47
hubert_large,suta,182,stage5ext_00730,b93abbafef94b7d98a7356f6312da390c93f78376374ceb597ee3d26425dc05d7b3fe7fc290b835365c2ba77cf232a93597f059b5a2aaa5c715299a8614492e4,Canadian English,canada,"He is an alumnus of Saratoga High School in Saratoga, California.",HE IS AN ALUMNIS OF SARATOGA HIGH SCHOOL IN SARATOGA CALIFORNIA,a546edbc8860e0db07074a396b54d4d23ed30e5dd0e884a83ac4a66d23117d47
hubert_large,suta,182,stage5ext_00731,b93abbafef94b7d98a7356f6312da390c93f78376374ceb597ee3d26425dc05d7b3fe7fc290b835365c2ba77cf232a93597f059b5a2aaa5c715299a8614492e4,Canadian English,canada,No cause was given and there were no immediate survivors.,NO CAUSE WAS GIVEN AND THERE WERE NO IMMEDIATE SURVIVORS,a546edbc8860e0db07074a396b54d4d23ed30e5dd0e884a83ac4a66d23117d47
hubert_large,suta,182,stage5ext_00732,b93abbafef94b7d98a7356f6312da390c93f78376374ceb597ee3d26425dc05d7b3fe7fc290b835365c2ba77cf232a93597f059b5a2aaa5c715299a8614492e4,Canadian English,canada,It is more applicable when there is a liquidity crunch in the market.,IT IS MORE APPLICABLE WHEN THERE IS A LIQUIDITY CRUNCH IN THE MARKET,a546edbc8860e0db07074a396b54d4d23ed30e5dd0e884a83ac4a66d23117d47
hubert_large,suta,183,stage5ext_00733,b93abbafef94b7d98a7356f6312da390c93f78376374ceb597ee3d26425dc05d7b3fe7fc290b835365c2ba77cf232a93597f059b5a2aaa5c715299a8614492e4,Canadian English,canada,There again he taught rhetoric for three years.,THERE AGAIN HE TAUGHT RHETORIC FOR THREE YEARS,ae39a2f984afbb5c0636c1adc940363f8d63ccf17b342dd98d2650ff9be23857
hubert_large,suta,183,stage5ext_00734,b93abbafef94b7d98a7356f6312da390c93f78376374ceb597ee3d26425dc05d7b3fe7fc290b835365c2ba77cf232a93597f059b5a2aaa5c715299a8614492e4,Canadian English,canada,It is a potent skin irritant.,IT IS A POTENT SKIN IRRITANT,ae39a2f984afbb5c0636c1adc940363f8d63ccf17b342dd98d2650ff9be23857
hubert_large,suta,183,stage5ext_00735,b93abbafef94b7d98a7356f6312da390c93f78376374ceb597ee3d26425dc05d7b3fe7fc290b835365c2ba77cf232a93597f059b5a2aaa5c715299a8614492e4,Canadian English,canada,Westphal is a former assistant coach on Lionel Hollins' staff on the Brooklyn Nets.,WESTFALL IS A FORMER ASSISTANT COACH ON LIONEL HOLLAND'S STAFF ON THE BRICKLAND NETS,ae39a2f984afbb5c0636c1adc940363f8d63ccf17b342dd98d2650ff9be23857
hubert_large,suta,183,stage5ext_00736,1225019d528d47c1a589b05ca13577c68d50b27cb794f00d65a7a4be094e4f5e9f0bc35233e80e36ddfba17fa9c185dec071949ab8a2dce2a58b5d4d9b49d290,Canadian English,canada,"Perhaps, you should just grow sea monkeys.",PERHAPS YOU SHOULD JUST GROW SEA MONKEYS,ae39a2f984afbb5c0636c1adc940363f8d63ccf17b342dd98d2650ff9be23857
hubert_large,suta,184,stage5ext_00737,1225019d528d47c1a589b05ca13577c68d50b27cb794f00d65a7a4be094e4f5e9f0bc35233e80e36ddfba17fa9c185dec071949ab8a2dce2a58b5d4d9b49d290,Canadian English,canada,"No, that was never his real plan.",NO THAT WAS NEVER HIS REAL PLAN,9b19e5de0ff31a943e1ffc357e315f442c2061d95fa22949af82e0aebf76e6bc
hubert_large,suta,184,stage5ext_00738,1225019d528d47c1a589b05ca13577c68d50b27cb794f00d65a7a4be094e4f5e9f0bc35233e80e36ddfba17fa9c185dec071949ab8a2dce2a58b5d4d9b49d290,Canadian English,canada,Might I enquire as to whom I'm addressing?,MIGHT I INQUIRE AS TO WHOM IAM ADDRESSING,9b19e5de0ff31a943e1ffc357e315f442c2061d95fa22949af82e0aebf76e6bc
hubert_large,suta,184,stage5ext_00739,1225019d528d47c1a589b05ca13577c68d50b27cb794f00d65a7a4be094e4f5e9f0bc35233e80e36ddfba17fa9c185dec071949ab8a2dce2a58b5d4d9b49d290,Canadian English,canada,"By increasing the salinity of the water, we alter its dew point.",BY INCREASING THE SOLINITY OF THE WATER WE ALTER ITS DUE POINT,9b19e5de0ff31a943e1ffc357e315f442c2061d95fa22949af82e0aebf76e6bc
hubert_large,suta,184,stage5ext_00740,1225019d528d47c1a589b05ca13577c68d50b27cb794f00d65a7a4be094e4f5e9f0bc35233e80e36ddfba17fa9c185dec071949ab8a2dce2a58b5d4d9b49d290,Canadian English,canada,"Deliberate slowly, execute promptly.",DELIBERATE SLOWLY EXECUTE PROMPTLY,9b19e5de0ff31a943e1ffc357e315f442c2061d95fa22949af82e0aebf76e6bc
hubert_large,suta,185,stage5ext_00741,1225019d528d47c1a589b05ca13577c68d50b27cb794f00d65a7a4be094e4f5e9f0bc35233e80e36ddfba17fa9c185dec071949ab8a2dce2a58b5d4d9b49d290,Canadian English,canada,What am I to do?,WHAT AM I TO DO,15b411af4937bd9d03b76e69ae47d3c22a0770975a48a3bf94ffaf476e3b9c9c
hubert_large,suta,185,stage5ext_00742,1225019d528d47c1a589b05ca13577c68d50b27cb794f00d65a7a4be094e4f5e9f0bc35233e80e36ddfba17fa9c185dec071949ab8a2dce2a58b5d4d9b49d290,Canadian English,canada,"I've brought you some cheese, because I know you love cheese.",I'VE BROUGHT YOU SOME CHEES BECAUSE I KNOW YOU LOVE CHEESE,15b411af4937bd9d03b76e69ae47d3c22a0770975a48a3bf94ffaf476e3b9c9c
hubert_large,suta,185,stage5ext_00743,1225019d528d47c1a589b05ca13577c68d50b27cb794f00d65a7a4be094e4f5e9f0bc35233e80e36ddfba17fa9c185dec071949ab8a2dce2a58b5d4d9b49d290,Canadian English,canada,"Easy come, easy go.",ESY COME EASY GO,15b411af4937bd9d03b76e69ae47d3c22a0770975a48a3bf94ffaf476e3b9c9c
hubert_large,suta,185,stage5ext_00744,1225019d528d47c1a589b05ca13577c68d50b27cb794f00d65a7a4be094e4f5e9f0bc35233e80e36ddfba17fa9c185dec071949ab8a2dce2a58b5d4d9b49d290,Canadian English,canada,"The builder placed the brick onto the plank of wood, so it would bend into shape.",THE BUILDER PLACED THE BRICK ONTO THE PANK OF WOOD SO IT WOULD BEND INTO SHEEP,15b411af4937bd9d03b76e69ae47d3c22a0770975a48a3bf94ffaf476e3b9c9c
hubert_large,suta,186,stage5ext_00745,1225019d528d47c1a589b05ca13577c68d50b27cb794f00d65a7a4be094e4f5e9f0bc35233e80e36ddfba17fa9c185dec071949ab8a2dce2a58b5d4d9b49d290,Canadian English,canada,How does slow cooling of the hot gaseous state result in pure crystals?,HOW DOES SLOW COOLING OF THE HOT GASEOUS STATE RESULT IN PURE CRYSTALS,faa0644d62e3ac50cd2580bc7a1d8d56a66d28461d424cb3cdafb6af7b7c6ac7
hubert_large,suta,186,stage5ext_00746,1225019d528d47c1a589b05ca13577c68d50b27cb794f00d65a7a4be094e4f5e9f0bc35233e80e36ddfba17fa9c185dec071949ab8a2dce2a58b5d4d9b49d290,Canadian English,canada,"He stood up, and by the time he went back to his seat everybody in the room was questioning the meaning of life.",HE STOOD UP AND BY THE TIME HE WENT BACK TO IS SEAT EVERYBODY IN THE ROOM WAS QUESTIONING THE MEANING OF LIFE,faa0644d62e3ac50cd2580bc7a1d8d56a66d28461d424cb3cdafb6af7b7c6ac7
hubert_large,suta,186,stage5ext_00747,1225019d528d47c1a589b05ca13577c68d50b27cb794f00d65a7a4be094e4f5e9f0bc35233e80e36ddfba17fa9c185dec071949ab8a2dce2a58b5d4d9b49d290,Canadian English,canada,"This was a lie, and they all knew it.",THIS WAS A LIE AND THEY ALL KNEW IT,faa0644d62e3ac50cd2580bc7a1d8d56a66d28461d424cb3cdafb6af7b7c6ac7
hubert_large,suta,186,stage5ext_00748,1225019d528d47c1a589b05ca13577c68d50b27cb794f00d65a7a4be094e4f5e9f0bc35233e80e36ddfba17fa9c185dec071949ab8a2dce2a58b5d4d9b49d290,Canadian English,canada,"After lurking for a minute, the crocodile quickly sprang toward the young hippopotamus and ate it.",AFTER LURKING FOR A MINUTE THE CROCODILE QUICKLY SPRANG TOWARDS THE YOUNG HIPPOPOTAMUS AND ADE IT,faa0644d62e3ac50cd2580bc7a1d8d56a66d28461d424cb3cdafb6af7b7c6ac7
hubert_large,suta,187,stage5ext_00749,1225019d528d47c1a589b05ca13577c68d50b27cb794f00d65a7a4be094e4f5e9f0bc35233e80e36ddfba17fa9c185dec071949ab8a2dce2a58b5d4d9b49d290,Canadian English,canada,"When you're at a party and somebody says ""banana bread"", a sniper might be near you.",WHEN YOU'D A PARTY AND SOMEONE SAYS BANANABREAD A SNIPER MIGHT BE NEAR YOU,1cf1e44edefdecde454e9926e05e899a0a24829943183ca2741ce44561d6afab
hubert_large,suta,187,stage5ext_00750,1225019d528d47c1a589b05ca13577c68d50b27cb794f00d65a7a4be094e4f5e9f0bc35233e80e36ddfba17fa9c185dec071949ab8a2dce2a58b5d4d9b49d290,Canadian English,canada,Do you want me?,DO YOU WANT ME,1cf1e44edefdecde454e9926e05e899a0a24829943183ca2741ce44561d6afab
hubert_large,suta,187,stage5ext_00751,2365c450d92516275bba41aac73c5acf8ce75bf4896ecbd54c3eaa7f121b53488a25a234605d205f960767e2cb5f88d749e3a035ded3a2e9930f35c814bfd1f8,Irish English,ireland,Me and a friend of mine.,ME AND A FRIEND OF MINE,1cf1e44edefdecde454e9926e05e899a0a24829943183ca2741ce44561d6afab
hubert_large,suta,187,stage5ext_00752,2365c450d92516275bba41aac73c5acf8ce75bf4896ecbd54c3eaa7f121b53488a25a234605d205f960767e2cb5f88d749e3a035ded3a2e9930f35c814bfd1f8,Irish English,ireland,"For most owners of the car model, the issue isn't noticeable.",FOR MOST OWNERS OF THE CAR MODEL THE ISSUE ISN'T NOTICEABLE,1cf1e44edefdecde454e9926e05e899a0a24829943183ca2741ce44561d6afab
hubert_large,suta,188,stage5ext_00753,2365c450d92516275bba41aac73c5acf8ce75bf4896ecbd54c3eaa7f121b53488a25a234605d205f960767e2cb5f88d749e3a035ded3a2e9930f35c814bfd1f8,Irish English,ireland,I'm afraid she'd feel ashamed to think she hadn't trusted you.,I'M AFRAID SHE'D FEEL ASHAMED TO THINK SHE HADN'T TRUSTED YOU,6b8b8537aa4eb69eb54433353b8a69f8584da1d8363e35f236c62c4bc69e516f
hubert_large,suta,188,stage5ext_00754,2365c450d92516275bba41aac73c5acf8ce75bf4896ecbd54c3eaa7f121b53488a25a234605d205f960767e2cb5f88d749e3a035ded3a2e9930f35c814bfd1f8,Irish English,ireland,Thailand turned out to be a very satisfying holiday.,TYLAN TURNED OUT TO BE A VERY SATISFYING HOLIDAY,6b8b8537aa4eb69eb54433353b8a69f8584da1d8363e35f236c62c4bc69e516f
hubert_large,suta,188,stage5ext_00755,2365c450d92516275bba41aac73c5acf8ce75bf4896ecbd54c3eaa7f121b53488a25a234605d205f960767e2cb5f88d749e3a035ded3a2e9930f35c814bfd1f8,Irish English,ireland,The execution was cancelled.,THE EXECUTION WAS CANCLED,6b8b8537aa4eb69eb54433353b8a69f8584da1d8363e35f236c62c4bc69e516f
hubert_large,suta,188,stage5ext_00756,2365c450d92516275bba41aac73c5acf8ce75bf4896ecbd54c3eaa7f121b53488a25a234605d205f960767e2cb5f88d749e3a035ded3a2e9930f35c814bfd1f8,Irish English,ireland,Sometimes I get so mad at you I can't see straight.,SOMETIMES I GET SO MAD AT YOU I CAN'T SEE STRAIGHT,6b8b8537aa4eb69eb54433353b8a69f8584da1d8363e35f236c62c4bc69e516f
hubert_large,suta,189,stage5ext_00757,2365c450d92516275bba41aac73c5acf8ce75bf4896ecbd54c3eaa7f121b53488a25a234605d205f960767e2cb5f88d749e3a035ded3a2e9930f35c814bfd1f8,Irish English,ireland,Crooks don't pay taxes.,CROOKS DON'T PAY TAXES,4e2348735c70f24233f1dab96b1c9467d7cc6bca8af178f8eb8ab85df47924e3
hubert_large,suta,189,stage5ext_00758,2365c450d92516275bba41aac73c5acf8ce75bf4896ecbd54c3eaa7f121b53488a25a234605d205f960767e2cb5f88d749e3a035ded3a2e9930f35c814bfd1f8,Irish English,ireland,Use the tool that's needed for the job.,USE THE TOOL THAT'S NEEDED FOR THE JOB,4e2348735c70f24233f1dab96b1c9467d7cc6bca8af178f8eb8ab85df47924e3
hubert_large,suta,189,stage5ext_00759,2365c450d92516275bba41aac73c5acf8ce75bf4896ecbd54c3eaa7f121b53488a25a234605d205f960767e2cb5f88d749e3a035ded3a2e9930f35c814bfd1f8,Irish English,ireland,That guy is the writer of a few banned books.,THAT GUY IS THE WRITER OF A FEW BOUND BOOKS,4e2348735c70f24233f1dab96b1c9467d7cc6bca8af178f8eb8ab85df47924e3
hubert_large,suta,189,stage5ext_00760,2365c450d92516275bba41aac73c5acf8ce75bf4896ecbd54c3eaa7f121b53488a25a234605d205f960767e2cb5f88d749e3a035ded3a2e9930f35c814bfd1f8,Irish English,ireland,My cat loves to ensconce herself in my new sofa.,MY CAT LOVES TO ENSCONCE HERSELF IN MY NEW SOFA,4e2348735c70f24233f1dab96b1c9467d7cc6bca8af178f8eb8ab85df47924e3
hubert_large,suta,190,stage5ext_00761,2365c450d92516275bba41aac73c5acf8ce75bf4896ecbd54c3eaa7f121b53488a25a234605d205f960767e2cb5f88d749e3a035ded3a2e9930f35c814bfd1f8,Irish English,ireland,"I feel sick, what should I do?",I FEEL SICK WHAT SHOULD I DO,457c42db7cd06787c9c0b029f0a7b89526c77ff9b368a77b0c5f428604588475
hubert_large,suta,190,stage5ext_00762,2365c450d92516275bba41aac73c5acf8ce75bf4896ecbd54c3eaa7f121b53488a25a234605d205f960767e2cb5f88d749e3a035ded3a2e9930f35c814bfd1f8,Irish English,ireland,I'm in a drugstore.,I'M IN A DRUG STORE,457c42db7cd06787c9c0b029f0a7b89526c77ff9b368a77b0c5f428604588475
hubert_large,suta,190,stage5ext_00763,2365c450d92516275bba41aac73c5acf8ce75bf4896ecbd54c3eaa7f121b53488a25a234605d205f960767e2cb5f88d749e3a035ded3a2e9930f35c814bfd1f8,Irish English,ireland,You know very well why.,YOU KNOW VERY WELL WHY,457c42db7cd06787c9c0b029f0a7b89526c77ff9b368a77b0c5f428604588475
hubert_large,suta,190,stage5ext_00764,2365c450d92516275bba41aac73c5acf8ce75bf4896ecbd54c3eaa7f121b53488a25a234605d205f960767e2cb5f88d749e3a035ded3a2e9930f35c814bfd1f8,Irish English,ireland,The cannibal was looking for another victim to appease his appetite.,THE CANNIBAL WAS LOOKING FOR ANOTHER VICTIM TO APPEASE HIS APPETITE,457c42db7cd06787c9c0b029f0a7b89526c77ff9b368a77b0c5f428604588475
hubert_large,suta,191,stage5ext_00765,2365c450d92516275bba41aac73c5acf8ce75bf4896ecbd54c3eaa7f121b53488a25a234605d205f960767e2cb5f88d749e3a035ded3a2e9930f35c814bfd1f8,Irish English,ireland,He could see tears in her eyes.,HE COULD SEE TEARS IN HER EYES,6d28f1be81ada15ba296ac9c50e240e3fa26e3e9a72ef4b7dfefb34a53fa81d1
hubert_large,suta,191,stage5ext_00766,06c53aec09bca54d5587147ee1bfcc0a9e2b4162fb75daa79b7fe286dfec0732ff4dcae7125393b19a31f66c66c4bd8cf89665b4dee7b446429efd029e225c59,Irish English,ireland,He later served as a prominent leader of the French Directory.,HE LATER SERVED AS A PROMINENT LEADER OF THE FRENCH DIRECTORY,6d28f1be81ada15ba296ac9c50e240e3fa26e3e9a72ef4b7dfefb34a53fa81d1
hubert_large,suta,191,stage5ext_00767,06c53aec09bca54d5587147ee1bfcc0a9e2b4162fb75daa79b7fe286dfec0732ff4dcae7125393b19a31f66c66c4bd8cf89665b4dee7b446429efd029e225c59,Irish English,ireland,She held this position for two years before Kim Raine replaced her.,SHE HELD THIS POSITION FOR TWO YEARS BEFORE KIM RAIN REPLACED HER,6d28f1be81ada15ba296ac9c50e240e3fa26e3e9a72ef4b7dfefb34a53fa81d1
hubert_large,suta,191,stage5ext_00768,06c53aec09bca54d5587147ee1bfcc0a9e2b4162fb75daa79b7fe286dfec0732ff4dcae7125393b19a31f66c66c4bd8cf89665b4dee7b446429efd029e225c59,Irish English,ireland,Fetsios competed in the two rifle events.,FETZIOS COMPETED IN THE TWO RIFLE EVENTS,6d28f1be81ada15ba296ac9c50e240e3fa26e3e9a72ef4b7dfefb34a53fa81d1
hubert_large,suta,192,stage5ext_00769,06c53aec09bca54d5587147ee1bfcc0a9e2b4162fb75daa79b7fe286dfec0732ff4dcae7125393b19a31f66c66c4bd8cf89665b4dee7b446429efd029e225c59,Irish English,ireland,"Because it is widely known, ""Lumbricus"" goes under a variety of common names.",BECAUSE IT IS WIDELY KNOWN LUMBRICUS GOES UNDER A VARIETY OF COMMON NAMES,9ef044b8793e15eaf81d2ff94dc9a5d6c185cf94307720ae684a232ea3e2dfca
hubert_large,suta,192,stage5ext_00770,06c53aec09bca54d5587147ee1bfcc0a9e2b4162fb75daa79b7fe286dfec0732ff4dcae7125393b19a31f66c66c4bd8cf89665b4dee7b446429efd029e225c59,Irish English,ireland,O'Farrell is a six-time winner of the Rotary cartoons award.,OFAREL IS A SIX TIME WINNER OF THE ROSERY CARTOONS AWARD,9ef044b8793e15eaf81d2ff94dc9a5d6c185cf94307720ae684a232ea3e2dfca
hubert_large,suta,192,stage5ext_00771,06c53aec09bca54d5587147ee1bfcc0a9e2b4162fb75daa79b7fe286dfec0732ff4dcae7125393b19a31f66c66c4bd8cf89665b4dee7b446429efd029e225c59,Irish English,ireland,He was arrested and thrown in jail.,HE WAS ARRESTED AND THROWN IN JAIL,9ef044b8793e15eaf81d2ff94dc9a5d6c185cf94307720ae684a232ea3e2dfca
hubert_large,suta,192,stage5ext_00772,06c53aec09bca54d5587147ee1bfcc0a9e2b4162fb75daa79b7fe286dfec0732ff4dcae7125393b19a31f66c66c4bd8cf89665b4dee7b446429efd029e225c59,Irish English,ireland,"He was known as the leader of the ""fighting Quakers"".",HE WAS KNOWN AS THE LEADER OF THE FIGHTING QUAKERS,9ef044b8793e15eaf81d2ff94dc9a5d6c185cf94307720ae684a232ea3e2dfca
hubert_large,suta,193,stage5ext_00773,06c53aec09bca54d5587147ee1bfcc0a9e2b4162fb75daa79b7fe286dfec0732ff4dcae7125393b19a31f66c66c4bd8cf89665b4dee7b446429efd029e225c59,Irish English,ireland,He also served in both the Assembly and Senate of the California State Legislature.,HE ALSO SERVED IN BOTH THE ASSEMBLY AND SENATE OF THE CALIFORNIA STATE LEGISLATURE,d3f5970c31d2335c685bec1b4b82e4c317054bfeb8dcacc2b6c9d0573c581cda
hubert_large,suta,193,stage5ext_00774,06c53aec09bca54d5587147ee1bfcc0a9e2b4162fb75daa79b7fe286dfec0732ff4dcae7125393b19a31f66c66c4bd8cf89665b4dee7b446429efd029e225c59,Irish English,ireland,Many of the Gretna Girls lived in group hostels which were staffed by matrons.,MANY OF THE GRETNEA GIRLS LIVED IN GROUP HOSTELS WHICH WERE STAFFED BY MATRONS,d3f5970c31d2335c685bec1b4b82e4c317054bfeb8dcacc2b6c9d0573c581cda
hubert_large,suta,193,stage5ext_00775,06c53aec09bca54d5587147ee1bfcc0a9e2b4162fb75daa79b7fe286dfec0732ff4dcae7125393b19a31f66c66c4bd8cf89665b4dee7b446429efd029e225c59,Irish English,ireland,The next day Delfino attacked.,THE NEXT DAY DELPHINO ATTACKED,d3f5970c31d2335c685bec1b4b82e4c317054bfeb8dcacc2b6c9d0573c581cda
hubert_large,suta,193,stage5ext_00776,06c53aec09bca54d5587147ee1bfcc0a9e2b4162fb75daa79b7fe286dfec0732ff4dcae7125393b19a31f66c66c4bd8cf89665b4dee7b446429efd029e225c59,Irish English,ireland,See the article on Barnett for an outline of his ideas.,SEE THE ARTICLE ON BARNIS FOR AN OUTLINE OF HIS IDEAS,d3f5970c31d2335c685bec1b4b82e4c317054bfeb8dcacc2b6c9d0573c581cda
hubert_large,suta,194,stage5ext_00777,06c53aec09bca54d5587147ee1bfcc0a9e2b4162fb75daa79b7fe286dfec0732ff4dcae7125393b19a31f66c66c4bd8cf89665b4dee7b446429efd029e225c59,Irish English,ireland,"In addition, after German reunification, there were several Heiligenstadts in Germany.",IN ADDITION AFTER GERMAN REUNIFICATION THERE WERE SEVERAL HEILANGENSTATS IN GERMANY,68d6ed7f6ca6a6263e1cd4790e71f4cd8c863dcf32aed275a293f1528ec74ef0
hubert_large,suta,194,stage5ext_00778,06c53aec09bca54d5587147ee1bfcc0a9e2b4162fb75daa79b7fe286dfec0732ff4dcae7125393b19a31f66c66c4bd8cf89665b4dee7b446429efd029e225c59,Irish English,ireland,"The Norse form of the name was ""Surkudalr"".",THE NORSE FORM OF THE NAME WAS CIRCUDELLER,68d6ed7f6ca6a6263e1cd4790e71f4cd8c863dcf32aed275a293f1528ec74ef0
hubert_large,suta,194,stage5ext_00779,06c53aec09bca54d5587147ee1bfcc0a9e2b4162fb75daa79b7fe286dfec0732ff4dcae7125393b19a31f66c66c4bd8cf89665b4dee7b446429efd029e225c59,Irish English,ireland,But all this will be useless.,BUT ALL THIS WILL BE USELESS,68d6ed7f6ca6a6263e1cd4790e71f4cd8c863dcf32aed275a293f1528ec74ef0
hubert_large,suta,194,stage5ext_00780,06c53aec09bca54d5587147ee1bfcc0a9e2b4162fb75daa79b7fe286dfec0732ff4dcae7125393b19a31f66c66c4bd8cf89665b4dee7b446429efd029e225c59,Irish English,ireland,I'm a bit loath to say which!,I'M A BIT LOTH TO SAY WHICH,68d6ed7f6ca6a6263e1cd4790e71f4cd8c863dcf32aed275a293f1528ec74ef0
hubert_large,suta,195,stage5ext_00781,2bf1907838353bd4ff938cb357518af5cd662218dcf4e05e91bccb5c4981619def6e13f25156c63c468ac5e938051eb89983ae095606bc1ebcbe2aba77dbcf38,Irish English,ireland,Good luck on the way.,GOOD LUCK ON THE WAY,bd0ccd56388a35ed49ff29d51bddd0799c4922ec7044262b6d912fc67ed534be
hubert_large,suta,195,stage5ext_00782,2bf1907838353bd4ff938cb357518af5cd662218dcf4e05e91bccb5c4981619def6e13f25156c63c468ac5e938051eb89983ae095606bc1ebcbe2aba77dbcf38,Irish English,ireland,"Like her adored aunt, Paula Wessely prepared for an artistic career.",LIKE HER ADORED AUNT PAULA WESLEY PREPARED FOR AN ARTISTIC CAREER,bd0ccd56388a35ed49ff29d51bddd0799c4922ec7044262b6d912fc67ed534be
hubert_large,suta,195,stage5ext_00783,2bf1907838353bd4ff938cb357518af5cd662218dcf4e05e91bccb5c4981619def6e13f25156c63c468ac5e938051eb89983ae095606bc1ebcbe2aba77dbcf38,Irish English,ireland,Fill your pack with bright trinkets for the poor.,FILL YOUR PACK WITH BRIGHT TRINKETS FOR THE POOR,bd0ccd56388a35ed49ff29d51bddd0799c4922ec7044262b6d912fc67ed534be
hubert_large,suta,195,stage5ext_00784,2bf1907838353bd4ff938cb357518af5cd662218dcf4e05e91bccb5c4981619def6e13f25156c63c468ac5e938051eb89983ae095606bc1ebcbe2aba77dbcf38,Irish English,ireland,The pigs and cows ran everywhere.,THE PIGS AND COWS RAN EVERYWHERE,bd0ccd56388a35ed49ff29d51bddd0799c4922ec7044262b6d912fc67ed534be
hubert_large,suta,196,stage5ext_00785,2bf1907838353bd4ff938cb357518af5cd662218dcf4e05e91bccb5c4981619def6e13f25156c63c468ac5e938051eb89983ae095606bc1ebcbe2aba77dbcf38,Irish English,ireland,"Mrs. McFarlane is a recent widow, versus Mr. McFarlane is alive but away.",MISSUS MCFARLIN IS A RECENT WIDOW VERSUS MISTER MACFARLEIN IS ALIVE BUT AWAY,7ca8843dda473c1ddd1f39bc3756f9f2e6c13c2b94eb49031010759490f09ed1
hubert_large,suta,196,stage5ext_00786,2bf1907838353bd4ff938cb357518af5cd662218dcf4e05e91bccb5c4981619def6e13f25156c63c468ac5e938051eb89983ae095606bc1ebcbe2aba77dbcf38,Irish English,ireland,He regretted not having made himself clearer.,HE REGRETTED NOT HAVING MADE HIMSELF CLEARER,7ca8843dda473c1ddd1f39bc3756f9f2e6c13c2b94eb49031010759490f09ed1
hubert_large,suta,196,stage5ext_00787,2bf1907838353bd4ff938cb357518af5cd662218dcf4e05e91bccb5c4981619def6e13f25156c63c468ac5e938051eb89983ae095606bc1ebcbe2aba77dbcf38,Irish English,ireland,The omens have led me on a wild chase.,THE OMENS HAVE LED ME ON A WILD CHASE,7ca8843dda473c1ddd1f39bc3756f9f2e6c13c2b94eb49031010759490f09ed1
hubert_large,suta,196,stage5ext_00788,2bf1907838353bd4ff938cb357518af5cd662218dcf4e05e91bccb5c4981619def6e13f25156c63c468ac5e938051eb89983ae095606bc1ebcbe2aba77dbcf38,Irish English,ireland,Rome was not built in a day.,ROME WAS NOT BUILT IN A DA,7ca8843dda473c1ddd1f39bc3756f9f2e6c13c2b94eb49031010759490f09ed1
hubert_large,suta,197,stage5ext_00789,2bf1907838353bd4ff938cb357518af5cd662218dcf4e05e91bccb5c4981619def6e13f25156c63c468ac5e938051eb89983ae095606bc1ebcbe2aba77dbcf38,Irish English,ireland,That's an inherent disadvantage.,THAT'S AN INHERENT DISADVANTAGE,76cbed08746754076a05f56e1d29c120af97ff5c6db590d5e27c7e6c1f81a049
hubert_large,suta,197,stage5ext_00790,2bf1907838353bd4ff938cb357518af5cd662218dcf4e05e91bccb5c4981619def6e13f25156c63c468ac5e938051eb89983ae095606bc1ebcbe2aba77dbcf38,Irish English,ireland,I wasn't certain it'd work at all yesterday.,I WASN'T CERTAIN IT ID WORK AT ALL YESTERDAY,76cbed08746754076a05f56e1d29c120af97ff5c6db590d5e27c7e6c1f81a049
hubert_large,suta,197,stage5ext_00791,2bf1907838353bd4ff938cb357518af5cd662218dcf4e05e91bccb5c4981619def6e13f25156c63c468ac5e938051eb89983ae095606bc1ebcbe2aba77dbcf38,Irish English,ireland,The night becomes a turning point for all five men.,THE NICE BECAME A TURNING POINT FOR ALL FIVE MEN,76cbed08746754076a05f56e1d29c120af97ff5c6db590d5e27c7e6c1f81a049
hubert_large,suta,197,stage5ext_00792,2bf1907838353bd4ff938cb357518af5cd662218dcf4e05e91bccb5c4981619def6e13f25156c63c468ac5e938051eb89983ae095606bc1ebcbe2aba77dbcf38,Irish English,ireland,The population size depends on the nature of the problem.,THE POPULATION SIZE DEPENDS ON THE NATURE OF THE PROBLEM,76cbed08746754076a05f56e1d29c120af97ff5c6db590d5e27c7e6c1f81a049
hubert_large,suta,198,stage5ext_00793,2bf1907838353bd4ff938cb357518af5cd662218dcf4e05e91bccb5c4981619def6e13f25156c63c468ac5e938051eb89983ae095606bc1ebcbe2aba77dbcf38,Irish English,ireland,"Maxwell, who was killed in Wan Chai three days before the ceasefire.",MAXWELL HE WAS KILLED IN ONE CHYI THREE DAYS BEFORE THE SEATS FIRE,9a67a945f2c07c80795bab5169115465c95c56f7426ffab3fe19e5fed6d649f2
hubert_large,suta,198,stage5ext_00794,2bf1907838353bd4ff938cb357518af5cd662218dcf4e05e91bccb5c4981619def6e13f25156c63c468ac5e938051eb89983ae095606bc1ebcbe2aba77dbcf38,Irish English,ireland,A new broom sweeps clean What's bred in the bone.,A NEW BROOM SWEEPS CLEAN WHILE SPREAD IN THE BONE,9a67a945f2c07c80795bab5169115465c95c56f7426ffab3fe19e5fed6d649f2
hubert_large,suta,198,stage5ext_00795,2bf1907838353bd4ff938cb357518af5cd662218dcf4e05e91bccb5c4981619def6e13f25156c63c468ac5e938051eb89983ae095606bc1ebcbe2aba77dbcf38,Irish English,ireland,The beauty of the view stunned the young boy.,THE BEAUTY OF THI YOU STUNS THE YOUNG BOY,9a67a945f2c07c80795bab5169115465c95c56f7426ffab3fe19e5fed6d649f2
hubert_large,suta,198,stage5ext_00796,f3ea04475e301f84785710b9c56023f3c81f7abff656d40e674db8acde55c748688d0a4285eb6e8ea7f4d8b1fb6c99ab3c7f7d460878c4193256a61831e17ce7,Irish English,ireland,Reddy and his wife have two daughters.,REDDY AND HIS WIFE HAVE TWO DAUGHTERS,9a67a945f2c07c80795bab5169115465c95c56f7426ffab3fe19e5fed6d649f2
hubert_large,suta,199,stage5ext_00797,f3ea04475e301f84785710b9c56023f3c81f7abff656d40e674db8acde55c748688d0a4285eb6e8ea7f4d8b1fb6c99ab3c7f7d460878c4193256a61831e17ce7,Irish English,ireland,The Arab executive that emerged from that conference.,THE AUP EXECUTIVE THAT EMERGED FROM THE CONFERENCE,29c94a88f7d3f41aec350146e588ef5803e89faf0654c211392a71280ca3fb2e
hubert_large,suta,199,stage5ext_00798,f3ea04475e301f84785710b9c56023f3c81f7abff656d40e674db8acde55c748688d0a4285eb6e8ea7f4d8b1fb6c99ab3c7f7d460878c4193256a61831e17ce7,Irish English,ireland,The book goes further by examining irony and sarcasm.,THE BUCKGIRS FURTHER BY EXAMINING IRONY AND STAF HEASEN,29c94a88f7d3f41aec350146e588ef5803e89faf0654c211392a71280ca3fb2e
hubert_large,suta,199,stage5ext_00799,f3ea04475e301f84785710b9c56023f3c81f7abff656d40e674db8acde55c748688d0a4285eb6e8ea7f4d8b1fb6c99ab3c7f7d460878c4193256a61831e17ce7,Irish English,ireland,He is close to the Lebanese Forces.,HE IS CLOSE TO LEBONES VOICES,29c94a88f7d3f41aec350146e588ef5803e89faf0654c211392a71280ca3fb2e
hubert_large,suta,199,stage5ext_00800,f3ea04475e301f84785710b9c56023f3c81f7abff656d40e674db8acde55c748688d0a4285eb6e8ea7f4d8b1fb6c99ab3c7f7d460878c4193256a61831e17ce7,Irish English,ireland,Deane was overpowered and forced to surrender the prizes.,DEAN WAS OVERPOWERED AND FORCED TO SURRENDER THE PRIZES,29c94a88f7d3f41aec350146e588ef5803e89faf0654c211392a71280ca3fb2e
hubert_large,suta,200,stage5ext_00801,f3ea04475e301f84785710b9c56023f3c81f7abff656d40e674db8acde55c748688d0a4285eb6e8ea7f4d8b1fb6c99ab3c7f7d460878c4193256a61831e17ce7,Irish English,ireland,He was her second husband and they had no children.,HE WAS HER SECOND HUSBAND AND THEY HAD NO CHILDREN,874a7645ed466993d0a3c53997dd7a6db92c5dac205dda98c4cf26734d84b791
hubert_large,suta,200,stage5ext_00802,f3ea04475e301f84785710b9c56023f3c81f7abff656d40e674db8acde55c748688d0a4285eb6e8ea7f4d8b1fb6c99ab3c7f7d460878c4193256a61831e17ce7,Irish English,ireland,The transports were presumably carrying prisoners from the British capture of Corsica.,THE TRANSPORTS WERE PRESUMABLY CARRYING PRISONERS ON THE BRITISH CAPTURE OF CORSICA,874a7645ed466993d0a3c53997dd7a6db92c5dac205dda98c4cf26734d84b791
hubert_large,suta,200,stage5ext_00803,f3ea04475e301f84785710b9c56023f3c81f7abff656d40e674db8acde55c748688d0a4285eb6e8ea7f4d8b1fb6c99ab3c7f7d460878c4193256a61831e17ce7,Irish English,ireland,They clear their stand that they will stand with all communities or caste.,THEY CLEAR THEIR STAND THAT THEY WILL STAND WITH ALL COMMUNITIES OF PASTE,874a7645ed466993d0a3c53997dd7a6db92c5dac205dda98c4cf26734d84b791
hubert_large,suta,200,stage5ext_00804,f3ea04475e301f84785710b9c56023f3c81f7abff656d40e674db8acde55c748688d0a4285eb6e8ea7f4d8b1fb6c99ab3c7f7d460878c4193256a61831e17ce7,Irish English,ireland,Lieutenant Colonel Bell was awarded his second Silver Star for his leadership.,LIEUTENANT COLONEL BELL WAS AWARDED HIS SECOND SILVERSTAF FOR HIS LEADERSHIP,874a7645ed466993d0a3c53997dd7a6db92c5dac205dda98c4cf26734d84b791
hubert_large,suta,201,stage5ext_00805,f3ea04475e301f84785710b9c56023f3c81f7abff656d40e674db8acde55c748688d0a4285eb6e8ea7f4d8b1fb6c99ab3c7f7d460878c4193256a61831e17ce7,Irish English,ireland,The automobiles in the Miles Collier Collections at the Revs Institute are working vehicles.,THE AUTOMOBILES IN THE MILSE HOLLIAR COLLECTIONS AT THE RALISMENT STITUTE ARE WORKING TEOFOTS,25995346866986992da04d41c2162210c3905547b7056479588b25b10a309002
hubert_large,suta,201,stage5ext_00806,f3ea04475e301f84785710b9c56023f3c81f7abff656d40e674db8acde55c748688d0a4285eb6e8ea7f4d8b1fb6c99ab3c7f7d460878c4193256a61831e17ce7,Irish English,ireland,The town is located on the French way of the Camino de Santiago.,THE TOWNS LOCATED ON THE FRENCH WAY OF CAMONE DE SANTIAGO,25995346866986992da04d41c2162210c3905547b7056479588b25b10a309002
hubert_large,suta,201,stage5ext_00807,f3ea04475e301f84785710b9c56023f3c81f7abff656d40e674db8acde55c748688d0a4285eb6e8ea7f4d8b1fb6c99ab3c7f7d460878c4193256a61831e17ce7,Irish English,ireland,Bejarano chose to conduct instead of pursuing her doctorate.,BEGOANO CHOSE TO CONDUCT INSTEAD OF PURSUING HER DOCTOR,25995346866986992da04d41c2162210c3905547b7056479588b25b10a309002
hubert_large,suta,201,stage5ext_00808,f3ea04475e301f84785710b9c56023f3c81f7abff656d40e674db8acde55c748688d0a4285eb6e8ea7f4d8b1fb6c99ab3c7f7d460878c4193256a61831e17ce7,Irish English,ireland,It has not been excavated.,IT HAS NOT BEEN EXCAVATED,25995346866986992da04d41c2162210c3905547b7056479588b25b10a309002
hubert_large,suta,202,stage5ext_00809,f3ea04475e301f84785710b9c56023f3c81f7abff656d40e674db8acde55c748688d0a4285eb6e8ea7f4d8b1fb6c99ab3c7f7d460878c4193256a61831e17ce7,Irish English,ireland,The result was much the same as St.,THE RESULT WAS MUCH THE SAME AS SAINT,a3955e1f5cf0d8dff492f143a394f466a9d96a45ce533194e9acd9ab8f7884c9
hubert_large,suta,202,stage5ext_00810,f3ea04475e301f84785710b9c56023f3c81f7abff656d40e674db8acde55c748688d0a4285eb6e8ea7f4d8b1fb6c99ab3c7f7d460878c4193256a61831e17ce7,Irish English,ireland,All four were shot in the United Kingdom.,ALL FOUR WERE SHOT IN THE UNITED KINDOM,a3955e1f5cf0d8dff492f143a394f466a9d96a45ce533194e9acd9ab8f7884c9
hubert_large,suta,202,stage5ext_00811,98434a9a8b4630d9b92df639cfe24cc4aaa5f87868d474c89db46b5c64a423a9bd79967d06c7657d145d04e562a7f2a8c5293333078c2f76c2da86b6ddd14b97,Irish English,ireland,"He treats ""Greek love"" as central to Greek ""aesthetic morality.",HE TREATS GREEK LOVE AS CENTRAL TO GREEK AESTHETIC MORALITY,a3955e1f5cf0d8dff492f143a394f466a9d96a45ce533194e9acd9ab8f7884c9
hubert_large,suta,202,stage5ext_00812,98434a9a8b4630d9b92df639cfe24cc4aaa5f87868d474c89db46b5c64a423a9bd79967d06c7657d145d04e562a7f2a8c5293333078c2f76c2da86b6ddd14b97,Irish English,ireland,"The other is ""The Five Orange Pips"", part of ""The Adventures of Sherlock Holmes"".",THE OTHER IS THE FIVE ORANGE PIPS PART OF THE ADVENTURES OF SHERLOCK HOLMES,a3955e1f5cf0d8dff492f143a394f466a9d96a45ce533194e9acd9ab8f7884c9
hubert_large,suta,203,stage5ext_00813,98434a9a8b4630d9b92df639cfe24cc4aaa5f87868d474c89db46b5c64a423a9bd79967d06c7657d145d04e562a7f2a8c5293333078c2f76c2da86b6ddd14b97,Irish English,ireland,He used parallels and meridians to link together every place in the world.,HE USED PARALLELS AND MERIDIANS TO LINK TOGETHER EVERY PLACE IN THE WORLD,331faadbf082c12d91cb8220141bdca3c3b224cfa50506cf072273805e7dfffe
hubert_large,suta,203,stage5ext_00814,98434a9a8b4630d9b92df639cfe24cc4aaa5f87868d474c89db46b5c64a423a9bd79967d06c7657d145d04e562a7f2a8c5293333078c2f76c2da86b6ddd14b97,Irish English,ireland,"Some train sets use equipment owned by Metro-North, which are so marked.",SOME TRAIN SETS USE EQUIPMENT OWNED BY METRO NORTH WHICH ARE SO MACKED,331faadbf082c12d91cb8220141bdca3c3b224cfa50506cf072273805e7dfffe
hubert_large,suta,203,stage5ext_00815,98434a9a8b4630d9b92df639cfe24cc4aaa5f87868d474c89db46b5c64a423a9bd79967d06c7657d145d04e562a7f2a8c5293333078c2f76c2da86b6ddd14b97,Irish English,ireland,Its county seat is Aspermont.,ITS COUNTY SEAT IS ASPERMONT,331faadbf082c12d91cb8220141bdca3c3b224cfa50506cf072273805e7dfffe
hubert_large,suta,203,stage5ext_00816,98434a9a8b4630d9b92df639cfe24cc4aaa5f87868d474c89db46b5c64a423a9bd79967d06c7657d145d04e562a7f2a8c5293333078c2f76c2da86b6ddd14b97,Irish English,ireland,Urquhart was rewarded with the Norwegian Order of Saint Olav.,OQUART WAS REWARDED WITH THE NORWEGIAN ORDER OF SAINT OLAF,331faadbf082c12d91cb8220141bdca3c3b224cfa50506cf072273805e7dfffe
hubert_large,suta,204,stage5ext_00817,98434a9a8b4630d9b92df639cfe24cc4aaa5f87868d474c89db46b5c64a423a9bd79967d06c7657d145d04e562a7f2a8c5293333078c2f76c2da86b6ddd14b97,Irish English,ireland,"However, gadolinite does not contain more than trace amounts of gadolinium.",HOWEVER GADALENICE DOES NOT CONTAIN MORE THAN TRACEMENS OF GADOLINIUM,d4415a035588e5b2636cd38c4678eea12e7910450931aa3cc7ff162c9faa999f
hubert_large,suta,204,stage5ext_00818,98434a9a8b4630d9b92df639cfe24cc4aaa5f87868d474c89db46b5c64a423a9bd79967d06c7657d145d04e562a7f2a8c5293333078c2f76c2da86b6ddd14b97,Irish English,ireland,It is still in circulation on radio.,IT IS STILL IN CIRCULATION ON RADIO,d4415a035588e5b2636cd38c4678eea12e7910450931aa3cc7ff162c9faa999f
hubert_large,suta,204,stage5ext_00819,98434a9a8b4630d9b92df639cfe24cc4aaa5f87868d474c89db46b5c64a423a9bd79967d06c7657d145d04e562a7f2a8c5293333078c2f76c2da86b6ddd14b97,Irish English,ireland,"Bach heard about the audition for ""The Dukes of Hazzard"" through her husband.",BACH HURRIED ABOUT THE EDITION FOR THE DUKES OF HAZARD THROUGH HER HUSBAND,d4415a035588e5b2636cd38c4678eea12e7910450931aa3cc7ff162c9faa999f
hubert_large,suta,204,stage5ext_00820,98434a9a8b4630d9b92df639cfe24cc4aaa5f87868d474c89db46b5c64a423a9bd79967d06c7657d145d04e562a7f2a8c5293333078c2f76c2da86b6ddd14b97,Irish English,ireland,"Upon his appointment, he prohibited alcohol drinking among his players.",ON HIS APPOINTMENT HE PROHIBITES ALCOL DRINKING AMONG HIS PLAYERS,d4415a035588e5b2636cd38c4678eea12e7910450931aa3cc7ff162c9faa999f
hubert_large,suta,205,stage5ext_00821,98434a9a8b4630d9b92df639cfe24cc4aaa5f87868d474c89db46b5c64a423a9bd79967d06c7657d145d04e562a7f2a8c5293333078c2f76c2da86b6ddd14b97,Irish English,ireland,"All the Nevada sites below are gaming-entitled, unless otherwise noted.",ALL THE NEVADA SITES BELOW ARE GAMING ENTITLED UNLESS OTHERWISE NOTED,f56f11152d5570ab886481944a1fd52bcdfd05f336a53c79f3245b63e017954f
hubert_large,suta,205,stage5ext_00822,98434a9a8b4630d9b92df639cfe24cc4aaa5f87868d474c89db46b5c64a423a9bd79967d06c7657d145d04e562a7f2a8c5293333078c2f76c2da86b6ddd14b97,Irish English,ireland,The defensive line was anchored by Pro Bowlers Tom Keating and Ben Davidson.,THE DEFENSIVE LINE WAS ANCHORED BY PRO BOWLERS TOM KEETING AND BEN DAVIDSON,f56f11152d5570ab886481944a1fd52bcdfd05f336a53c79f3245b63e017954f
hubert_large,suta,205,stage5ext_00823,98434a9a8b4630d9b92df639cfe24cc4aaa5f87868d474c89db46b5c64a423a9bd79967d06c7657d145d04e562a7f2a8c5293333078c2f76c2da86b6ddd14b97,Irish English,ireland,May is also an accomplished singer.,MAY IS ALSO AN ACCOMPLISHED SINGER,f56f11152d5570ab886481944a1fd52bcdfd05f336a53c79f3245b63e017954f
hubert_large,suta,205,stage5ext_00824,98434a9a8b4630d9b92df639cfe24cc4aaa5f87868d474c89db46b5c64a423a9bd79967d06c7657d145d04e562a7f2a8c5293333078c2f76c2da86b6ddd14b97,Irish English,ireland,Miriam appeared in the doorway.,MIRIAM APPEARED IN THE DOORWAY,f56f11152d5570ab886481944a1fd52bcdfd05f336a53c79f3245b63e017954f
hubert_large,suta,206,stage5ext_00825,98434a9a8b4630d9b92df639cfe24cc4aaa5f87868d474c89db46b5c64a423a9bd79967d06c7657d145d04e562a7f2a8c5293333078c2f76c2da86b6ddd14b97,Irish English,ireland,They were each sentenced to six months in jail.,THEY WERE EACH SENTENCED TO SIX MONTHS IN JAIL,4971de3264c309c6a8291864ed11234681b1298ccf2bcb1cd9a92fe9822dc4eb
hubert_large,suta,206,stage5ext_00826,194875abc05277ec185b84e1233196c510a5057c4ac33820e8421f58778f054d7eebd2f70a62c96c79b93aa9f5cf99ec1e7e763ee45eed080dfa952fa8bdeb40,Irish English,ireland,The boy preferred wine.,THE BOY PREFERRED BINE,4971de3264c309c6a8291864ed11234681b1298ccf2bcb1cd9a92fe9822dc4eb
hubert_large,suta,206,stage5ext_00827,194875abc05277ec185b84e1233196c510a5057c4ac33820e8421f58778f054d7eebd2f70a62c96c79b93aa9f5cf99ec1e7e763ee45eed080dfa952fa8bdeb40,Irish English,ireland,But he knew that Salem wasn't in Andalusia.,BUT HE KNEW THAT SALEM WASN'T IN ANDOLUCIA,4971de3264c309c6a8291864ed11234681b1298ccf2bcb1cd9a92fe9822dc4eb
hubert_large,suta,206,stage5ext_00828,194875abc05277ec185b84e1233196c510a5057c4ac33820e8421f58778f054d7eebd2f70a62c96c79b93aa9f5cf99ec1e7e763ee45eed080dfa952fa8bdeb40,Irish English,ireland,"He had found where his treasure was, and was frightened at what might happen.",HE HAD FOUND WHERE HIS TREASURE WAS AND WAS FRIGHTENED AT WHAT MIGHT HAPPEN,4971de3264c309c6a8291864ed11234681b1298ccf2bcb1cd9a92fe9822dc4eb
hubert_large,suta,207,stage5ext_00829,194875abc05277ec185b84e1233196c510a5057c4ac33820e8421f58778f054d7eebd2f70a62c96c79b93aa9f5cf99ec1e7e763ee45eed080dfa952fa8bdeb40,Irish English,ireland,The boy was sad as he left her that day.,THE BOY WAS SAD AS HE LEFT HER THAT DAY,f1aadd86470839083ed960f971194f2c1f23a3131f62f000fa56d8f1cc24f366
hubert_large,suta,207,stage5ext_00830,194875abc05277ec185b84e1233196c510a5057c4ac33820e8421f58778f054d7eebd2f70a62c96c79b93aa9f5cf99ec1e7e763ee45eed080dfa952fa8bdeb40,Irish English,ireland,He didn't want to cry with the other people there.,HE DIDN'T WANT TO CRY WITH THE OTHER PEOPLE THERE,f1aadd86470839083ed960f971194f2c1f23a3131f62f000fa56d8f1cc24f366
hubert_large,suta,207,stage5ext_00831,194875abc05277ec185b84e1233196c510a5057c4ac33820e8421f58778f054d7eebd2f70a62c96c79b93aa9f5cf99ec1e7e763ee45eed080dfa952fa8bdeb40,Irish English,ireland,But horses tire bit by bit.,BUT HORSES TIRE BIT BY BIT,f1aadd86470839083ed960f971194f2c1f23a3131f62f000fa56d8f1cc24f366
hubert_large,suta,207,stage5ext_00832,194875abc05277ec185b84e1233196c510a5057c4ac33820e8421f58778f054d7eebd2f70a62c96c79b93aa9f5cf99ec1e7e763ee45eed080dfa952fa8bdeb40,Irish English,ireland,It was such a gradual movement that he found it only by noticing the dots.,IT WAS SUCH A GRADUAL MOVEMENT THAT HE FOUND IT ONLY BY NOTICING THE DAT,f1aadd86470839083ed960f971194f2c1f23a3131f62f000fa56d8f1cc24f366
hubert_large,suta,208,stage5ext_00833,194875abc05277ec185b84e1233196c510a5057c4ac33820e8421f58778f054d7eebd2f70a62c96c79b93aa9f5cf99ec1e7e763ee45eed080dfa952fa8bdeb40,Irish English,ireland,"My seven year resume gap is marked ""Not Drugs"".",MY SEVEN YEAR RESUME GUP IS MARKED NOT DROGES,1d3bf4e3dc031e2aea03ac86bfcf197861d3156957262830abade49a31200b6b
hubert_large,suta,208,stage5ext_00834,194875abc05277ec185b84e1233196c510a5057c4ac33820e8421f58778f054d7eebd2f70a62c96c79b93aa9f5cf99ec1e7e763ee45eed080dfa952fa8bdeb40,Irish English,ireland,"I was scared, but wasted no time in going out and crossing the bridge to the sand pits.",I WAS SCARED BUT WASTED NO TIME IN GOING OUT AND CROSSING THE BRIDGE TO THE SANDPITS,1d3bf4e3dc031e2aea03ac86bfcf197861d3156957262830abade49a31200b6b
hubert_large,suta,208,stage5ext_00835,194875abc05277ec185b84e1233196c510a5057c4ac33820e8421f58778f054d7eebd2f70a62c96c79b93aa9f5cf99ec1e7e763ee45eed080dfa952fa8bdeb40,Irish English,ireland,Several figures approached him.,SEVERAL FIGURES APPROACHED HIM,1d3bf4e3dc031e2aea03ac86bfcf197861d3156957262830abade49a31200b6b
hubert_large,suta,208,stage5ext_00836,194875abc05277ec185b84e1233196c510a5057c4ac33820e8421f58778f054d7eebd2f70a62c96c79b93aa9f5cf99ec1e7e763ee45eed080dfa952fa8bdeb40,Irish English,ireland,He paused for a moment to see if the woman knew what the Egyptian pyramids were.,HE PAUSED FOR A MOMENT TO SEE IF THE WOMAN KNEW WHAT THE EGYPTIAN PYRAMIDS WERE,1d3bf4e3dc031e2aea03ac86bfcf197861d3156957262830abade49a31200b6b
hubert_large,suta,209,stage5ext_00837,194875abc05277ec185b84e1233196c510a5057c4ac33820e8421f58778f054d7eebd2f70a62c96c79b93aa9f5cf99ec1e7e763ee45eed080dfa952fa8bdeb40,Irish English,ireland,"The alchemist stopped abruptly, and bent to the ground.",THE ALCHYMET STOPPED ABRUPTLY AND BENT TO THE GROUND,592ea3606fcc07c697cf91cf7098b33ff9f12c7cb29dfd79b819c97222d486c6
hubert_large,suta,209,stage5ext_00838,194875abc05277ec185b84e1233196c510a5057c4ac33820e8421f58778f054d7eebd2f70a62c96c79b93aa9f5cf99ec1e7e763ee45eed080dfa952fa8bdeb40,Irish English,ireland,The two were taken to a nearby military camp.,THE TWO WERE TAKEN TO A NEARBY MILITARY CAMP,592ea3606fcc07c697cf91cf7098b33ff9f12c7cb29dfd79b819c97222d486c6
hubert_large,suta,209,stage5ext_00839,194875abc05277ec185b84e1233196c510a5057c4ac33820e8421f58778f054d7eebd2f70a62c96c79b93aa9f5cf99ec1e7e763ee45eed080dfa952fa8bdeb40,Irish English,ireland,That he had attended a seminary until he was sixteen.,THAT HE HAD ATTENDED THE SEMINARY UNTIL HE WAS SIXTEEN,592ea3606fcc07c697cf91cf7098b33ff9f12c7cb29dfd79b819c97222d486c6
hubert_large,suta,209,stage5ext_00840,194875abc05277ec185b84e1233196c510a5057c4ac33820e8421f58778f054d7eebd2f70a62c96c79b93aa9f5cf99ec1e7e763ee45eed080dfa952fa8bdeb40,Irish English,ireland,It seems old and wise.,IT SEEMS OLD AND WISE,592ea3606fcc07c697cf91cf7098b33ff9f12c7cb29dfd79b819c97222d486c6
hubert_large,suta,210,stage5ext_00841,672a3259269b97062367fcafac924cb6013a30f9e34c09eff5c41b6d81f8a9b8e797beba73bbe770cb6ecdcdcc0039306ffae6e7c53294f92803666e3fa86b1b,Irish English,ireland,"To be fully funded, some lending must occur.",TO BE FULLY FUNDED SOME LENDING MUST OCCUR,6502d8efefe5c7e6c76c23e794edcf8d527f60d79f914fb5e8937cfdd5f49a35
hubert_large,suta,210,stage5ext_00842,672a3259269b97062367fcafac924cb6013a30f9e34c09eff5c41b6d81f8a9b8e797beba73bbe770cb6ecdcdcc0039306ffae6e7c53294f92803666e3fa86b1b,Irish English,ireland,What'll it take till the bank reopens?,WHATILL IT TAKE TILL THE BANK REOPENS,6502d8efefe5c7e6c76c23e794edcf8d527f60d79f914fb5e8937cfdd5f49a35
hubert_large,suta,210,stage5ext_00843,672a3259269b97062367fcafac924cb6013a30f9e34c09eff5c41b6d81f8a9b8e797beba73bbe770cb6ecdcdcc0039306ffae6e7c53294f92803666e3fa86b1b,Irish English,ireland,I don't think this theory explains why the particles attract each other this strongly.,I DON'T THINK THIS TERI EXPLAINS WHY THE PARTICLES ATTRACT EACH OTHER O STRONGLY,6502d8efefe5c7e6c76c23e794edcf8d527f60d79f914fb5e8937cfdd5f49a35
hubert_large,suta,210,stage5ext_00844,672a3259269b97062367fcafac924cb6013a30f9e34c09eff5c41b6d81f8a9b8e797beba73bbe770cb6ecdcdcc0039306ffae6e7c53294f92803666e3fa86b1b,Irish English,ireland,Do you mean the speech you're writing?,DO YOU MEAN THE SPEECH YOU'RE WRITING,6502d8efefe5c7e6c76c23e794edcf8d527f60d79f914fb5e8937cfdd5f49a35
hubert_large,suta,211,stage5ext_00845,672a3259269b97062367fcafac924cb6013a30f9e34c09eff5c41b6d81f8a9b8e797beba73bbe770cb6ecdcdcc0039306ffae6e7c53294f92803666e3fa86b1b,Irish English,ireland,And there you were in bed.,AND THERE YOU WERE IN BED,7285b3bba2758711d71b38b7b065a873f5517302ea7adca1fe84c3faa2e853b9
hubert_large,suta,211,stage5ext_00846,672a3259269b97062367fcafac924cb6013a30f9e34c09eff5c41b6d81f8a9b8e797beba73bbe770cb6ecdcdcc0039306ffae6e7c53294f92803666e3fa86b1b,Irish English,ireland,I admit that I'm an alcoholic.,I ADMIT THAT I'M AN ALCOLIC,7285b3bba2758711d71b38b7b065a873f5517302ea7adca1fe84c3faa2e853b9
hubert_large,suta,211,stage5ext_00847,672a3259269b97062367fcafac924cb6013a30f9e34c09eff5c41b6d81f8a9b8e797beba73bbe770cb6ecdcdcc0039306ffae6e7c53294f92803666e3fa86b1b,Irish English,ireland,What's that got to do with it?,WHAT'S THAT GOT TO DO WIISH,7285b3bba2758711d71b38b7b065a873f5517302ea7adca1fe84c3faa2e853b9
hubert_large,suta,211,stage5ext_00848,672a3259269b97062367fcafac924cb6013a30f9e34c09eff5c41b6d81f8a9b8e797beba73bbe770cb6ecdcdcc0039306ffae6e7c53294f92803666e3fa86b1b,Irish English,ireland,This investment won't pay off.,THIS INVESTMENT WON'T PAY OFF,7285b3bba2758711d71b38b7b065a873f5517302ea7adca1fe84c3faa2e853b9
hubert_large,suta,212,stage5ext_00849,672a3259269b97062367fcafac924cb6013a30f9e34c09eff5c41b6d81f8a9b8e797beba73bbe770cb6ecdcdcc0039306ffae6e7c53294f92803666e3fa86b1b,Irish English,ireland,And don't forget to make him wear his raincoat in London.,AND DON'T FORGET TO MAKE HIM WEAR HIS RAINCOAT IN LONDON,ff92dc4723303d3a4b2f5dab180737f4c1901c3cb86d832283c159bac44f386a
hubert_large,suta,212,stage5ext_00850,672a3259269b97062367fcafac924cb6013a30f9e34c09eff5c41b6d81f8a9b8e797beba73bbe770cb6ecdcdcc0039306ffae6e7c53294f92803666e3fa86b1b,Irish English,ireland,This peach tart is tasty.,THIS PEACH TART IS TASTY,ff92dc4723303d3a4b2f5dab180737f4c1901c3cb86d832283c159bac44f386a
hubert_large,suta,212,stage5ext_00851,672a3259269b97062367fcafac924cb6013a30f9e34c09eff5c41b6d81f8a9b8e797beba73bbe770cb6ecdcdcc0039306ffae6e7c53294f92803666e3fa86b1b,Irish English,ireland,I didn't say anything.,I DIDN'T SAY ANYTHING,ff92dc4723303d3a4b2f5dab180737f4c1901c3cb86d832283c159bac44f386a
hubert_large,suta,212,stage5ext_00852,672a3259269b97062367fcafac924cb6013a30f9e34c09eff5c41b6d81f8a9b8e797beba73bbe770cb6ecdcdcc0039306ffae6e7c53294f92803666e3fa86b1b,Irish English,ireland,I don't care what you say.,I DON'T CARE WHAT YOU SAY,ff92dc4723303d3a4b2f5dab180737f4c1901c3cb86d832283c159bac44f386a
hubert_large,suta,213,stage5ext_00853,672a3259269b97062367fcafac924cb6013a30f9e34c09eff5c41b6d81f8a9b8e797beba73bbe770cb6ecdcdcc0039306ffae6e7c53294f92803666e3fa86b1b,Irish English,ireland,I can't find it anywhere.,I CANT FIND IT ANYWHERE,cc77df0e6d5bff1ddaf2cd8f9eb4a3febd96fd918b29eebd2cb5ea99b2a57a8c
hubert_large,suta,213,stage5ext_00854,672a3259269b97062367fcafac924cb6013a30f9e34c09eff5c41b6d81f8a9b8e797beba73bbe770cb6ecdcdcc0039306ffae6e7c53294f92803666e3fa86b1b,Irish English,ireland,"If a pen has no ink, it's broken.",IF A PEN HAS NO INK IT'S BROKEN,cc77df0e6d5bff1ddaf2cd8f9eb4a3febd96fd918b29eebd2cb5ea99b2a57a8c
hubert_large,suta,213,stage5ext_00855,672a3259269b97062367fcafac924cb6013a30f9e34c09eff5c41b6d81f8a9b8e797beba73bbe770cb6ecdcdcc0039306ffae6e7c53294f92803666e3fa86b1b,Irish English,ireland,The houses were squashed together like sardines.,THE HOUSES WERE SQUASHED TOGETHER LIKE SARDINES,cc77df0e6d5bff1ddaf2cd8f9eb4a3febd96fd918b29eebd2cb5ea99b2a57a8c
hubert_large,suta,213,stage5ext_00856,02cb893287feb15b25162b42913f21d4cef7b8b96119618c39ad96f550afc59fc5cb33155d5a3142b86ea467935fa50993f69d0e0aebf5f8b22f2a05004d4165,Irish English,ireland,To nourish the falcon.,TO NOURISH THE FALCON,cc77df0e6d5bff1ddaf2cd8f9eb4a3febd96fd918b29eebd2cb5ea99b2a57a8c
hubert_large,suta,214,stage5ext_00857,02cb893287feb15b25162b42913f21d4cef7b8b96119618c39ad96f550afc59fc5cb33155d5a3142b86ea467935fa50993f69d0e0aebf5f8b22f2a05004d4165,Irish English,ireland,"There's gold here, he said.",THERE'S GOLD HERE HE SAID,770c2109a54434cf0bf23288886037ef94d6842243dcf8be9d6de2f8df84356b
hubert_large,suta,214,stage5ext_00858,02cb893287feb15b25162b42913f21d4cef7b8b96119618c39ad96f550afc59fc5cb33155d5a3142b86ea467935fa50993f69d0e0aebf5f8b22f2a05004d4165,Irish English,ireland,I had seen all that it would presently bring me.,I HAD SEEN ALL THAT IT WOULD PRESENTLY BRING ME,770c2109a54434cf0bf23288886037ef94d6842243dcf8be9d6de2f8df84356b
hubert_large,suta,214,stage5ext_00859,02cb893287feb15b25162b42913f21d4cef7b8b96119618c39ad96f550afc59fc5cb33155d5a3142b86ea467935fa50993f69d0e0aebf5f8b22f2a05004d4165,Irish English,ireland,It was my fear of failure that first kept me from attempting the Master Work.,IT WAS MY FEAR OF FAILURE THAT FIRST KEPT ME FROM ATTEMPTING THE MASTERWORK,770c2109a54434cf0bf23288886037ef94d6842243dcf8be9d6de2f8df84356b
hubert_large,suta,214,stage5ext_00860,02cb893287feb15b25162b42913f21d4cef7b8b96119618c39ad96f550afc59fc5cb33155d5a3142b86ea467935fa50993f69d0e0aebf5f8b22f2a05004d4165,Irish English,ireland,He saw the boy appear from the other side of the dunes.,HE SAW THE BOY APPEAR FROM THE OTHER SIDE OF THE DUNES,770c2109a54434cf0bf23288886037ef94d6842243dcf8be9d6de2f8df84356b
hubert_large,suta,215,stage5ext_00861,02cb893287feb15b25162b42913f21d4cef7b8b96119618c39ad96f550afc59fc5cb33155d5a3142b86ea467935fa50993f69d0e0aebf5f8b22f2a05004d4165,Irish English,ireland,"I'm a desert woman, and I'm proud of that.",I'M A DESERT WOMAN AND I'M PROUD OF THAT,846eb2eb090a3abfa718c5a2b658c0e06b1335ffffaca79ba3fbc5a8f94a3616
hubert_large,suta,215,stage5ext_00862,02cb893287feb15b25162b42913f21d4cef7b8b96119618c39ad96f550afc59fc5cb33155d5a3142b86ea467935fa50993f69d0e0aebf5f8b22f2a05004d4165,Irish English,ireland,"It's the Emerald Tablet, said the Englishman, proud that he might teach something to the boy.",IT'S THE EMERALD TABLET SAID THE ENGLISHMAN PROUD THAT HE MIGHT TEACH SOMETHING TO THE BOY,846eb2eb090a3abfa718c5a2b658c0e06b1335ffffaca79ba3fbc5a8f94a3616
hubert_large,suta,215,stage5ext_00863,02cb893287feb15b25162b42913f21d4cef7b8b96119618c39ad96f550afc59fc5cb33155d5a3142b86ea467935fa50993f69d0e0aebf5f8b22f2a05004d4165,Irish English,ireland,"He stuck his hand into the pouch, and felt around for one of the stones.",HE STUCK HIS HAND IN THE POUCH AND FELT AROUND FOR ONE OF THE STONES,846eb2eb090a3abfa718c5a2b658c0e06b1335ffffaca79ba3fbc5a8f94a3616
hubert_large,suta,215,stage5ext_00864,02cb893287feb15b25162b42913f21d4cef7b8b96119618c39ad96f550afc59fc5cb33155d5a3142b86ea467935fa50993f69d0e0aebf5f8b22f2a05004d4165,Irish English,ireland,"The heather was on fire, and you could see a thin blue smoke rising up slowly.",THE HEATHER WAS ON FIRE AND HE COULD SEE A THIN BLUE SMOKE RISING UP SLOWLY,846eb2eb090a3abfa718c5a2b658c0e06b1335ffffaca79ba3fbc5a8f94a3616
hubert_large,suta,216,stage5ext_00865,02cb893287feb15b25162b42913f21d4cef7b8b96119618c39ad96f550afc59fc5cb33155d5a3142b86ea467935fa50993f69d0e0aebf5f8b22f2a05004d4165,Irish English,ireland,where the sand was more substantial.,WHERE THE SAND WAS MORE SUBSTANTIAL,8ad2ea506b8834c517432cd19b22f9f461c3cdb39fd9eba9ce192fc4820acdb6
hubert_large,suta,216,stage5ext_00866,02cb893287feb15b25162b42913f21d4cef7b8b96119618c39ad96f550afc59fc5cb33155d5a3142b86ea467935fa50993f69d0e0aebf5f8b22f2a05004d4165,Irish English,ireland,The three fell silent.,THE THREE FELL SILENT,8ad2ea506b8834c517432cd19b22f9f461c3cdb39fd9eba9ce192fc4820acdb6
hubert_large,suta,216,stage5ext_00867,02cb893287feb15b25162b42913f21d4cef7b8b96119618c39ad96f550afc59fc5cb33155d5a3142b86ea467935fa50993f69d0e0aebf5f8b22f2a05004d4165,Irish English,ireland,But I didn’t think that it contained any living creature.,BUT I DIDN'T THINK THAT IT CONTAINED ANY LIVING CREATURE,8ad2ea506b8834c517432cd19b22f9f461c3cdb39fd9eba9ce192fc4820acdb6
hubert_large,suta,216,stage5ext_00868,02cb893287feb15b25162b42913f21d4cef7b8b96119618c39ad96f550afc59fc5cb33155d5a3142b86ea467935fa50993f69d0e0aebf5f8b22f2a05004d4165,Irish English,ireland,He didn't want to cry with the other people there.,HE DIDN'T WANT TO CRY WITH THE OTHER PEOPLE THERE,8ad2ea506b8834c517432cd19b22f9f461c3cdb39fd9eba9ce192fc4820acdb6
hubert_large,suta,217,stage5ext_00869,02cb893287feb15b25162b42913f21d4cef7b8b96119618c39ad96f550afc59fc5cb33155d5a3142b86ea467935fa50993f69d0e0aebf5f8b22f2a05004d4165,Irish English,ireland,"About eleven, I walked back to my home in Maybury because nothing seemed to be happening.",ABOUT ELEVEN I WALKED BACK TO MY HOME IN MAYBURY BECAUSE NOTHING SEEMED TO BE HAPPENING,91efdb85ee7849048173cc1df9600d3841cdbd7feda2c891f3c0baed9318e429
hubert_large,suta,217,stage5ext_00870,02cb893287feb15b25162b42913f21d4cef7b8b96119618c39ad96f550afc59fc5cb33155d5a3142b86ea467935fa50993f69d0e0aebf5f8b22f2a05004d4165,Irish English,ireland,That sobered him a little.,THAT SOBERED HIM A LITTLE,91efdb85ee7849048173cc1df9600d3841cdbd7feda2c891f3c0baed9318e429
hubert_large,suta,217,stage5ext_00871,bd50f6c0e65e80961fb044a2591721940ca6cd6836496cde2353e06259e959af9c47fa4fb6d9fa8b16cc5285e232f3543059af36f41495c786198bdfd83d4b88,Irish English,ireland,Its county seat is Red Cloud.,ITS COUNTY SEAT IS RED CLOUD,91efdb85ee7849048173cc1df9600d3841cdbd7feda2c891f3c0baed9318e429
hubert_large,suta,217,stage5ext_00872,bd50f6c0e65e80961fb044a2591721940ca6cd6836496cde2353e06259e959af9c47fa4fb6d9fa8b16cc5285e232f3543059af36f41495c786198bdfd83d4b88,Irish English,ireland,"After eighty-seven minutes of test football, Australia gained possession of the ball.",AFTER EIGHTY SEVEN MINUTES OF TEST FOOTBALL AUSTRALIA GAINED POSSESSION OF THE BALL,91efdb85ee7849048173cc1df9600d3841cdbd7feda2c891f3c0baed9318e429
hubert_large,suta,218,stage5ext_00873,bd50f6c0e65e80961fb044a2591721940ca6cd6836496cde2353e06259e959af9c47fa4fb6d9fa8b16cc5285e232f3543059af36f41495c786198bdfd83d4b88,Irish English,ireland,The ability displayed by him in this led to his rapid advancement.,THE ABILITY DISPLAYED BY HIM IN THIS LED TO HIS RAPID ADVANCEMENT,d33091129171817e36878daf1449718cb3656f16fb2d0e6e397618a0157470d7
hubert_large,suta,218,stage5ext_00874,bd50f6c0e65e80961fb044a2591721940ca6cd6836496cde2353e06259e959af9c47fa4fb6d9fa8b16cc5285e232f3543059af36f41495c786198bdfd83d4b88,Irish English,ireland,The building resembled a typical Kirkbride model.,THE BUILDING RESEMBLED A TYPICAL CURT BRIDE MODEL,d33091129171817e36878daf1449718cb3656f16fb2d0e6e397618a0157470d7
hubert_large,suta,218,stage5ext_00875,bd50f6c0e65e80961fb044a2591721940ca6cd6836496cde2353e06259e959af9c47fa4fb6d9fa8b16cc5285e232f3543059af36f41495c786198bdfd83d4b88,Irish English,ireland,"In engineering science and in other technical aspects, the term galling is widespread.",IN ENGINEERING SCIENCE AND IN OTHER TECHNICAL ASPECTS THE TERM GALLING IS WIDESPREAD,d33091129171817e36878daf1449718cb3656f16fb2d0e6e397618a0157470d7
hubert_large,suta,218,stage5ext_00876,bd50f6c0e65e80961fb044a2591721940ca6cd6836496cde2353e06259e959af9c47fa4fb6d9fa8b16cc5285e232f3543059af36f41495c786198bdfd83d4b88,Irish English,ireland,Zinc is a necessary nutrient for optimal yeast health and performance.,ZINC IS A NECESSARY NUTRIENT FOR OPTIMAL YEAST HEALTH AND PERFORMANCE,d33091129171817e36878daf1449718cb3656f16fb2d0e6e397618a0157470d7
hubert_large,suta,219,stage5ext_00877,bd50f6c0e65e80961fb044a2591721940ca6cd6836496cde2353e06259e959af9c47fa4fb6d9fa8b16cc5285e232f3543059af36f41495c786198bdfd83d4b88,Irish English,ireland,Another common type of certification in modern society is product certification.,ANOTHER COMMON TYPE OF CERTIFICATION IN MODERN SOCIETY IS PRODUCT CERTIFICATION,534beba3dd51d6630bee8d3d14041fd96a7b9a0d33c60d6df121b6c1a9a708d7
hubert_large,suta,219,stage5ext_00878,bd50f6c0e65e80961fb044a2591721940ca6cd6836496cde2353e06259e959af9c47fa4fb6d9fa8b16cc5285e232f3543059af36f41495c786198bdfd83d4b88,Irish English,ireland,Originally usage of the road was free of charge.,ORIGINALLY USAGE OF THE ROAD WAS FREE OF CHARGE,534beba3dd51d6630bee8d3d14041fd96a7b9a0d33c60d6df121b6c1a9a708d7
hubert_large,suta,219,stage5ext_00879,bd50f6c0e65e80961fb044a2591721940ca6cd6836496cde2353e06259e959af9c47fa4fb6d9fa8b16cc5285e232f3543059af36f41495c786198bdfd83d4b88,Irish English,ireland,"In general, there are two types of scanner setups.",IN GENERAL THERE ARE TWO TYPES OF SCANNER SETUPS,534beba3dd51d6630bee8d3d14041fd96a7b9a0d33c60d6df121b6c1a9a708d7
hubert_large,suta,219,stage5ext_00880,bd50f6c0e65e80961fb044a2591721940ca6cd6836496cde2353e06259e959af9c47fa4fb6d9fa8b16cc5285e232f3543059af36f41495c786198bdfd83d4b88,Irish English,ireland,The equivalent Ukrainian-language surname is Lytvyn.,THE EQUIVALENT UCRANIAN LANGUAGE SURNAME IS LEYTHFEN,534beba3dd51d6630bee8d3d14041fd96a7b9a0d33c60d6df121b6c1a9a708d7
hubert_large,suta,220,stage5ext_00881,bd50f6c0e65e80961fb044a2591721940ca6cd6836496cde2353e06259e959af9c47fa4fb6d9fa8b16cc5285e232f3543059af36f41495c786198bdfd83d4b88,Irish English,ireland,The first settlers in Isipingo arrived before the beginning of Apartheid.,THE FIRST SETTLERS IN ISOPINGO ARRIVE BEFORE THE BEGINNING OF A PARTITE,06c12a3f2ff7ae7ffc929df322201e242e236ba48917e4cde8684cc04c3b56a6
hubert_large,suta,220,stage5ext_00882,bd50f6c0e65e80961fb044a2591721940ca6cd6836496cde2353e06259e959af9c47fa4fb6d9fa8b16cc5285e232f3543059af36f41495c786198bdfd83d4b88,Irish English,ireland,"There is an elaborate memorial to him in Saint Edward the Confessor Church, Romford.",THERE IS AN ELABORATE MEMORIAL TO HIM IN SAINT EDWARD THE CONFESSOR CHURCH RUMFORD,06c12a3f2ff7ae7ffc929df322201e242e236ba48917e4cde8684cc04c3b56a6
hubert_large,suta,220,stage5ext_00883,bd50f6c0e65e80961fb044a2591721940ca6cd6836496cde2353e06259e959af9c47fa4fb6d9fa8b16cc5285e232f3543059af36f41495c786198bdfd83d4b88,Irish English,ireland,American public school system was introduced and general health and sanitation campaign was launched.,AMERICAN PUBLIC SCHOOL SYSTEM WAS INTRODUCED AND GENERAL HEALTH AND SANITATION CAMPAIGN WAS LAUNCHED,06c12a3f2ff7ae7ffc929df322201e242e236ba48917e4cde8684cc04c3b56a6
hubert_large,suta,220,stage5ext_00884,bd50f6c0e65e80961fb044a2591721940ca6cd6836496cde2353e06259e959af9c47fa4fb6d9fa8b16cc5285e232f3543059af36f41495c786198bdfd83d4b88,Irish English,ireland,Mponela is primarily an agricultural town without touristic interest.,UMPANELA IS PRIMARILY AN AGRICULTURAL TOWN WITHOUT TOURISTIC INTEREST,06c12a3f2ff7ae7ffc929df322201e242e236ba48917e4cde8684cc04c3b56a6
hubert_large,suta,221,stage5ext_00885,bd50f6c0e65e80961fb044a2591721940ca6cd6836496cde2353e06259e959af9c47fa4fb6d9fa8b16cc5285e232f3543059af36f41495c786198bdfd83d4b88,Irish English,ireland,The family lives in Suffolk.,THE FAMILY LIVES IN SUFFOLK,b15c8d71c840e95bbfbef5a40eb162fc86b3e7cec1d7f78ea99d1547e6dadca6
hubert_large,suta,221,stage5ext_00886,298c0f3d5e3352df02aa3a6a7a132199f93bdccf8457a134e6133cb2cf9bc435869f9e0ed6068a4152cdd933c02fc02573e8a2d6c12bcf52810d8ab52fd60a33,Irish English,ireland,A rag will soak up spilled water.,A RAG WILL SOAK UP SPILLED WATER,b15c8d71c840e95bbfbef5a40eb162fc86b3e7cec1d7f78ea99d1547e6dadca6
hubert_large,suta,221,stage5ext_00887,298c0f3d5e3352df02aa3a6a7a132199f93bdccf8457a134e6133cb2cf9bc435869f9e0ed6068a4152cdd933c02fc02573e8a2d6c12bcf52810d8ab52fd60a33,Irish English,ireland,What's it all about?,WHAT'S IT ALL ABOUT,b15c8d71c840e95bbfbef5a40eb162fc86b3e7cec1d7f78ea99d1547e6dadca6
hubert_large,suta,221,stage5ext_00888,298c0f3d5e3352df02aa3a6a7a132199f93bdccf8457a134e6133cb2cf9bc435869f9e0ed6068a4152cdd933c02fc02573e8a2d6c12bcf52810d8ab52fd60a33,Irish English,ireland,Little strokes fell great oaks.,LITTLE STROKES FELL GREAT OAKS,b15c8d71c840e95bbfbef5a40eb162fc86b3e7cec1d7f78ea99d1547e6dadca6
hubert_large,suta,222,stage5ext_00889,298c0f3d5e3352df02aa3a6a7a132199f93bdccf8457a134e6133cb2cf9bc435869f9e0ed6068a4152cdd933c02fc02573e8a2d6c12bcf52810d8ab52fd60a33,Irish English,ireland,First impressions are the most lasting.,FIRST IMPRESSIONS ARE THE MOST LASTING,67ac774441acc06bdd93bec34ddde4f337577cc74607d4a50fcff0f1088424c5
hubert_large,suta,222,stage5ext_00890,298c0f3d5e3352df02aa3a6a7a132199f93bdccf8457a134e6133cb2cf9bc435869f9e0ed6068a4152cdd933c02fc02573e8a2d6c12bcf52810d8ab52fd60a33,Irish English,ireland,So you are saying that overpopulation will become an issue?,SO YOU ARE SAYING THAT OVERPOPULATION WILL BECOME AN ISSUE,67ac774441acc06bdd93bec34ddde4f337577cc74607d4a50fcff0f1088424c5
hubert_large,suta,222,stage5ext_00891,298c0f3d5e3352df02aa3a6a7a132199f93bdccf8457a134e6133cb2cf9bc435869f9e0ed6068a4152cdd933c02fc02573e8a2d6c12bcf52810d8ab52fd60a33,Irish English,ireland,Stop beating around the bush.,STOP BEATING AROUND THE BUSH,67ac774441acc06bdd93bec34ddde4f337577cc74607d4a50fcff0f1088424c5
hubert_large,suta,222,stage5ext_00892,298c0f3d5e3352df02aa3a6a7a132199f93bdccf8457a134e6133cb2cf9bc435869f9e0ed6068a4152cdd933c02fc02573e8a2d6c12bcf52810d8ab52fd60a33,Irish English,ireland,The cat sat on the fence.,THE CAT SAT ON THE FENCE,67ac774441acc06bdd93bec34ddde4f337577cc74607d4a50fcff0f1088424c5
hubert_large,suta,223,stage5ext_00893,298c0f3d5e3352df02aa3a6a7a132199f93bdccf8457a134e6133cb2cf9bc435869f9e0ed6068a4152cdd933c02fc02573e8a2d6c12bcf52810d8ab52fd60a33,Irish English,ireland,That is unlikely considering it has his name on it.,THAT IS UNLIKELY CONSIDERING IT HAS HIS NAME ON IT,d013d6694f9b9cd3186223641e077306c4f9afb3776bb8b942e1fe25b70ccd75
hubert_large,suta,223,stage5ext_00894,298c0f3d5e3352df02aa3a6a7a132199f93bdccf8457a134e6133cb2cf9bc435869f9e0ed6068a4152cdd933c02fc02573e8a2d6c12bcf52810d8ab52fd60a33,Irish English,ireland,Loop the braid to the left and then over.,LOOPS A BRID TO THE LEFT AND THEN OVER,d013d6694f9b9cd3186223641e077306c4f9afb3776bb8b942e1fe25b70ccd75
hubert_large,suta,223,stage5ext_00895,298c0f3d5e3352df02aa3a6a7a132199f93bdccf8457a134e6133cb2cf9bc435869f9e0ed6068a4152cdd933c02fc02573e8a2d6c12bcf52810d8ab52fd60a33,Irish English,ireland,Tranquillity is the first duty of citizens,TRANQUILLITY IS THE FIRST DUTY OF CITIZENS,d013d6694f9b9cd3186223641e077306c4f9afb3776bb8b942e1fe25b70ccd75
hubert_large,suta,223,stage5ext_00896,298c0f3d5e3352df02aa3a6a7a132199f93bdccf8457a134e6133cb2cf9bc435869f9e0ed6068a4152cdd933c02fc02573e8a2d6c12bcf52810d8ab52fd60a33,Irish English,ireland,"Forget it, there is no such thing.",FORGET IT THERE IS NO SUCH THING,d013d6694f9b9cd3186223641e077306c4f9afb3776bb8b942e1fe25b70ccd75
hubert_large,suta,224,stage5ext_00897,298c0f3d5e3352df02aa3a6a7a132199f93bdccf8457a134e6133cb2cf9bc435869f9e0ed6068a4152cdd933c02fc02573e8a2d6c12bcf52810d8ab52fd60a33,Irish English,ireland,The wreck occurred by the bank on Main Street.,THE WRECK OCCURRED BY THE BANK ON MAIN STREET,1c8c3c52504106048d610c15fc6c90f337b0acad7ff92b00cb7956f7a421b1d0
hubert_large,suta,224,stage5ext_00898,298c0f3d5e3352df02aa3a6a7a132199f93bdccf8457a134e6133cb2cf9bc435869f9e0ed6068a4152cdd933c02fc02573e8a2d6c12bcf52810d8ab52fd60a33,Irish English,ireland,It dribbled down the fridge.,IT DRIPPLED DOWN THE FRIDGE,1c8c3c52504106048d610c15fc6c90f337b0acad7ff92b00cb7956f7a421b1d0
hubert_large,suta,224,stage5ext_00899,298c0f3d5e3352df02aa3a6a7a132199f93bdccf8457a134e6133cb2cf9bc435869f9e0ed6068a4152cdd933c02fc02573e8a2d6c12bcf52810d8ab52fd60a33,Irish English,ireland,Variations on a musical air With great rapidity,VARIATIONS ON A MUSICAL AIR WITH GREAT RAPIDITY,1c8c3c52504106048d610c15fc6c90f337b0acad7ff92b00cb7956f7a421b1d0
hubert_large,suta,224,stage5ext_00900,298c0f3d5e3352df02aa3a6a7a132199f93bdccf8457a134e6133cb2cf9bc435869f9e0ed6068a4152cdd933c02fc02573e8a2d6c12bcf52810d8ab52fd60a33,Irish English,ireland,He could not help it.,HE COULD NOT HELP IT,1c8c3c52504106048d610c15fc6c90f337b0acad7ff92b00cb7956f7a421b1d0
