model_key,method,window_id,recording_id,speaker_id,group_id,stratum_code,reference_raw,hypothesis_raw,theta_hash
hubert_large,dmsuta,0,stage5ext_00001,c90b53f826ff81831f6499b9e1e98607e8b2c0f8bbaf8be1bf62bf27dc7ff887bd734b9a4cee852af2d1acda3e479781d7c5a8b1633407b705905c4b5049cb35,US English,us,I got drunk yesterday and thought I built a super computer.,I GOT DRUNK YESTERDAY AND THOUGHT I BUILT A SUPER COMPUTER,b66fe981c164d3e71acc1963ac54e957a0b9a2e2ea15982dbd835f65a34a008e
hubert_large,dmsuta,0,stage5ext_00002,c90b53f826ff81831f6499b9e1e98607e8b2c0f8bbaf8be1bf62bf27dc7ff887bd734b9a4cee852af2d1acda3e479781d7c5a8b1633407b705905c4b5049cb35,US English,us,"Every file had the letter ""A"" printed on the front.",EVERY FILE HAD THE LETTER A PRINTED IN THE FRONT,b66fe981c164d3e71acc1963ac54e957a0b9a2e2ea15982dbd835f65a34a008e
hubert_large,dmsuta,0,stage5ext_00003,c90b53f826ff81831f6499b9e1e98607e8b2c0f8bbaf8be1bf62bf27dc7ff887bd734b9a4cee852af2d1acda3e479781d7c5a8b1633407b705905c4b5049cb35,US English,us,I'm not familiar with the books this author wrote.,I'M NOT FAMILIAR WITH THE BOOKS THIS AUTHOR WROTE,b66fe981c164d3e71acc1963ac54e957a0b9a2e2ea15982dbd835f65a34a008e
hubert_large,dmsuta,0,stage5ext_00004,c90b53f826ff81831f6499b9e1e98607e8b2c0f8bbaf8be1bf62bf27dc7ff887bd734b9a4cee852af2d1acda3e479781d7c5a8b1633407b705905c4b5049cb35,US English,us,Take a couple of seconds.,TAKE A COUPLE OF SECONDS,b66fe981c164d3e71acc1963ac54e957a0b9a2e2ea15982dbd835f65a34a008e
hubert_large,dmsuta,1,stage5ext_00005,c90b53f826ff81831f6499b9e1e98607e8b2c0f8bbaf8be1bf62bf27dc7ff887bd734b9a4cee852af2d1acda3e479781d7c5a8b1633407b705905c4b5049cb35,US English,us,But I sort of like him.,BUT I SORT OF LIKE HIM,aff14888781e306f461e596d76726e960564fc46c13667d65421ffa1e7b1386a
hubert_large,dmsuta,1,stage5ext_00006,c90b53f826ff81831f6499b9e1e98607e8b2c0f8bbaf8be1bf62bf27dc7ff887bd734b9a4cee852af2d1acda3e479781d7c5a8b1633407b705905c4b5049cb35,US English,us,I'll be a monkey's uncle!,I'LL BE A MONKEY'S UNCLE,aff14888781e306f461e596d76726e960564fc46c13667d65421ffa1e7b1386a
hubert_large,dmsuta,1,stage5ext_00007,c90b53f826ff81831f6499b9e1e98607e8b2c0f8bbaf8be1bf62bf27dc7ff887bd734b9a4cee852af2d1acda3e479781d7c5a8b1633407b705905c4b5049cb35,US English,us,Is it for further automatic processing?,IS IT FOR FURTHER AUTOMATIC PROCESSING,aff14888781e306f461e596d76726e960564fc46c13667d65421ffa1e7b1386a
hubert_large,dmsuta,1,stage5ext_00008,c90b53f826ff81831f6499b9e1e98607e8b2c0f8bbaf8be1bf62bf27dc7ff887bd734b9a4cee852af2d1acda3e479781d7c5a8b1633407b705905c4b5049cb35,US English,us,I don't like coconuts.,I DON'T LIKE COLGA NUTS,aff14888781e306f461e596d76726e960564fc46c13667d65421ffa1e7b1386a
hubert_large,dmsuta,2,stage5ext_00009,c90b53f826ff81831f6499b9e1e98607e8b2c0f8bbaf8be1bf62bf27dc7ff887bd734b9a4cee852af2d1acda3e479781d7c5a8b1633407b705905c4b5049cb35,US English,us,He hunched his back and plodded through the heavy rain.,HE HUNCHED HIS BACK AND PLODDED THROUGH THE HEAVY RAIN,dd9bd73eac32f009c13b65a3e9fa940635c81ad70c8943fc7ca1b0480f0439ed
hubert_large,dmsuta,2,stage5ext_00010,c90b53f826ff81831f6499b9e1e98607e8b2c0f8bbaf8be1bf62bf27dc7ff887bd734b9a4cee852af2d1acda3e479781d7c5a8b1633407b705905c4b5049cb35,US English,us,Are you running a business or a charity ward?,ARE YOU RUNNING A BUSINESS OR A CHARITY WARD,dd9bd73eac32f009c13b65a3e9fa940635c81ad70c8943fc7ca1b0480f0439ed
hubert_large,dmsuta,2,stage5ext_00011,c90b53f826ff81831f6499b9e1e98607e8b2c0f8bbaf8be1bf62bf27dc7ff887bd734b9a4cee852af2d1acda3e479781d7c5a8b1633407b705905c4b5049cb35,US English,us,There were lights in the upper windows of the houses when the people went to bed.,THERE WERE LIGHTS IN THE UPPER WINDOWS OF THE HOUSES WHEN THE PEOPLE WENT TO BED,dd9bd73eac32f009c13b65a3e9fa940635c81ad70c8943fc7ca1b0480f0439ed
hubert_large,dmsuta,2,stage5ext_00012,c90b53f826ff81831f6499b9e1e98607e8b2c0f8bbaf8be1bf62bf27dc7ff887bd734b9a4cee852af2d1acda3e479781d7c5a8b1633407b705905c4b5049cb35,US English,us,On warm days and when doing sports you should drink more.,ON WARM DAYS AND WHEN DOING SPORTS YOU SHOULD DRINK MORE,dd9bd73eac32f009c13b65a3e9fa940635c81ad70c8943fc7ca1b0480f0439ed
hubert_large,dmsuta,3,stage5ext_00013,c90b53f826ff81831f6499b9e1e98607e8b2c0f8bbaf8be1bf62bf27dc7ff887bd734b9a4cee852af2d1acda3e479781d7c5a8b1633407b705905c4b5049cb35,US English,us,"At once, he connected the two incidents.",AT ONCE HE CONNECTED THE TWO INCIDENTS,265bceae8f75f474f1377275f1d460713dc902b0430e0ee887d0f6da67e1cfd8
hubert_large,dmsuta,3,stage5ext_00014,c90b53f826ff81831f6499b9e1e98607e8b2c0f8bbaf8be1bf62bf27dc7ff887bd734b9a4cee852af2d1acda3e479781d7c5a8b1633407b705905c4b5049cb35,US English,us,A pox upon me for a clumsy thing.,A PUX UPON ME FOR A CLUMSY THING,265bceae8f75f474f1377275f1d460713dc902b0430e0ee887d0f6da67e1cfd8
hubert_large,dmsuta,3,stage5ext_00015,c90b53f826ff81831f6499b9e1e98607e8b2c0f8bbaf8be1bf62bf27dc7ff887bd734b9a4cee852af2d1acda3e479781d7c5a8b1633407b705905c4b5049cb35,US English,us,Are you sure that Joe case is going on next week?,ARE YOU SURE THAT JO CASE IS GOING ON NEXT WEEK,265bceae8f75f474f1377275f1d460713dc902b0430e0ee887d0f6da67e1cfd8
hubert_large,dmsuta,3,stage5ext_00016,57d6c1695947f141cd774bb8c8435e7e20bc7b2a83cd78ef5db4e546fb137b56b44617942cb1a58e017af6161f63d53cdf17fa4f9dcb830bfc0518e94b214837,US English,us,"When you're at a party and somebody says ""banana bread"", a sniper might be near you.",WHEN YOU ARE AT A PARTY AND SOMEBODY SAYS BENANNA BRED SNIPER MIGHT BE NEAR YOU,265bceae8f75f474f1377275f1d460713dc902b0430e0ee887d0f6da67e1cfd8
hubert_large,dmsuta,4,stage5ext_00017,57d6c1695947f141cd774bb8c8435e7e20bc7b2a83cd78ef5db4e546fb137b56b44617942cb1a58e017af6161f63d53cdf17fa4f9dcb830bfc0518e94b214837,US English,us,"It was not clear who had the right of way, since the traffic lights were off.",IT WAS NOT CLEAR WHO HAD THE RIGHT OF WEY SINCE THE TRAFFIC LIGHTS WERE OFF,94c6d2dc49f49470c869e5116086616eff1b2a4c83bf9da3c31510aa478a5091
hubert_large,dmsuta,4,stage5ext_00018,57d6c1695947f141cd774bb8c8435e7e20bc7b2a83cd78ef5db4e546fb137b56b44617942cb1a58e017af6161f63d53cdf17fa4f9dcb830bfc0518e94b214837,US English,us,What did you do it for?,WHAT DID YOU DO IT FOR,94c6d2dc49f49470c869e5116086616eff1b2a4c83bf9da3c31510aa478a5091
hubert_large,dmsuta,4,stage5ext_00019,57d6c1695947f141cd774bb8c8435e7e20bc7b2a83cd78ef5db4e546fb137b56b44617942cb1a58e017af6161f63d53cdf17fa4f9dcb830bfc0518e94b214837,US English,us,"James Watt didn't invent the steam engine, but he improved it significantly.",HAMAS WAT DIDN'T INVENT A STEAM ENGINE BUT HE IMPROVED IT SIGNIFICANTLY,94c6d2dc49f49470c869e5116086616eff1b2a4c83bf9da3c31510aa478a5091
hubert_large,dmsuta,4,stage5ext_00020,57d6c1695947f141cd774bb8c8435e7e20bc7b2a83cd78ef5db4e546fb137b56b44617942cb1a58e017af6161f63d53cdf17fa4f9dcb830bfc0518e94b214837,US English,us,"When he got the call, Ali ran out of the store, down the street, and into the car.",WHEN HE GOT THE CAR ALI RAN OUT OF THE STORE DOWN THE STREET AND INTO THE CAR,94c6d2dc49f49470c869e5116086616eff1b2a4c83bf9da3c31510aa478a5091
hubert_large,dmsuta,5,stage5ext_00021,57d6c1695947f141cd774bb8c8435e7e20bc7b2a83cd78ef5db4e546fb137b56b44617942cb1a58e017af6161f63d53cdf17fa4f9dcb830bfc0518e94b214837,US English,us,What has become of him?,WHAT HAS BECOME OF HIM,2b74194ac99036382fc31490639ac65307f7e61ae3dfabbc275aadbff04b051f
hubert_large,dmsuta,5,stage5ext_00022,57d6c1695947f141cd774bb8c8435e7e20bc7b2a83cd78ef5db4e546fb137b56b44617942cb1a58e017af6161f63d53cdf17fa4f9dcb830bfc0518e94b214837,US English,us,"After the dance, they went straight home.",AFTER THE DANCE THEY WENT STRAIGHT O,2b74194ac99036382fc31490639ac65307f7e61ae3dfabbc275aadbff04b051f
hubert_large,dmsuta,5,stage5ext_00023,57d6c1695947f141cd774bb8c8435e7e20bc7b2a83cd78ef5db4e546fb137b56b44617942cb1a58e017af6161f63d53cdf17fa4f9dcb830bfc0518e94b214837,US English,us,"Jellyfish can cause serious injuries, the physician explained to the patient.",JELLO FISH CAN CAUSE SERIOUS INJURIES THE PHYSICIAN EXPLAINED TO THE PATIENT,2b74194ac99036382fc31490639ac65307f7e61ae3dfabbc275aadbff04b051f
hubert_large,dmsuta,5,stage5ext_00024,57d6c1695947f141cd774bb8c8435e7e20bc7b2a83cd78ef5db4e546fb137b56b44617942cb1a58e017af6161f63d53cdf17fa4f9dcb830bfc0518e94b214837,US English,us,"Writing, the best memory.",WRITING THE BEST MEMORY,2b74194ac99036382fc31490639ac65307f7e61ae3dfabbc275aadbff04b051f
hubert_large,dmsuta,6,stage5ext_00025,57d6c1695947f141cd774bb8c8435e7e20bc7b2a83cd78ef5db4e546fb137b56b44617942cb1a58e017af6161f63d53cdf17fa4f9dcb830bfc0518e94b214837,US English,us,What does she say?,WHAT DOES SHE SAY,d9ce480da010b97d0cf2f480edb691a6dfd75efbe2feb8224a2ce540ad54a275
hubert_large,dmsuta,6,stage5ext_00026,57d6c1695947f141cd774bb8c8435e7e20bc7b2a83cd78ef5db4e546fb137b56b44617942cb1a58e017af6161f63d53cdf17fa4f9dcb830bfc0518e94b214837,US English,us,What do you want of me?,WHAT DO YOU WANT OF ME,d9ce480da010b97d0cf2f480edb691a6dfd75efbe2feb8224a2ce540ad54a275
hubert_large,dmsuta,6,stage5ext_00027,57d6c1695947f141cd774bb8c8435e7e20bc7b2a83cd78ef5db4e546fb137b56b44617942cb1a58e017af6161f63d53cdf17fa4f9dcb830bfc0518e94b214837,US English,us,Why do people even eat peanut butter and jelly?,WHY DO PEOPLE EVEN EAT PEANUT BUTTER AND JELLY,d9ce480da010b97d0cf2f480edb691a6dfd75efbe2feb8224a2ce540ad54a275
hubert_large,dmsuta,6,stage5ext_00028,57d6c1695947f141cd774bb8c8435e7e20bc7b2a83cd78ef5db4e546fb137b56b44617942cb1a58e017af6161f63d53cdf17fa4f9dcb830bfc0518e94b214837,US English,us,But what can I do?,BUT WHAT CAN I DO,d9ce480da010b97d0cf2f480edb691a6dfd75efbe2feb8224a2ce540ad54a275
hubert_large,dmsuta,7,stage5ext_00029,57d6c1695947f141cd774bb8c8435e7e20bc7b2a83cd78ef5db4e546fb137b56b44617942cb1a58e017af6161f63d53cdf17fa4f9dcb830bfc0518e94b214837,US English,us,What is the meaning of this?,WHAT IS THE MEANING OF THIS,e6752570407e658eea787164800db5c7824ad2055d67319bf8b9a8ea018adf86
hubert_large,dmsuta,7,stage5ext_00030,57d6c1695947f141cd774bb8c8435e7e20bc7b2a83cd78ef5db4e546fb137b56b44617942cb1a58e017af6161f63d53cdf17fa4f9dcb830bfc0518e94b214837,US English,us,What does he look like?,WHAT DOES HE LOOK LIKE,e6752570407e658eea787164800db5c7824ad2055d67319bf8b9a8ea018adf86
hubert_large,dmsuta,7,stage5ext_00031,d477a12247cce9a9c0954e6ee3ae16aed2930112fa26700f19af15658b5c71e2dc818d72e0034c8181da642cabf8f6c15f4d900b88bcab83d583944934f4c237,US English,us,Albert's rule was characterised by dissent.,ALBERT'S RULE WAS CHARACTERIZED BY DESCENT,e6752570407e658eea787164800db5c7824ad2055d67319bf8b9a8ea018adf86
hubert_large,dmsuta,7,stage5ext_00032,d477a12247cce9a9c0954e6ee3ae16aed2930112fa26700f19af15658b5c71e2dc818d72e0034c8181da642cabf8f6c15f4d900b88bcab83d583944934f4c237,US English,us,Because of Jesus' command to his disciples to Do this in remembrance of me.,BECAUSE OF JESUS COMMAND TO HIS DISCIPLES TO DO THIS IN REMEMBRANCE OF ME,e6752570407e658eea787164800db5c7824ad2055d67319bf8b9a8ea018adf86
hubert_large,dmsuta,8,stage5ext_00033,d477a12247cce9a9c0954e6ee3ae16aed2930112fa26700f19af15658b5c71e2dc818d72e0034c8181da642cabf8f6c15f4d900b88bcab83d583944934f4c237,US English,us,"Adkins contributed to numerous other fan publications, including ""Amra"", ""Vega"" and ""Xero"".",ATKINS CONTRIBUTED TO NUMEROUS OTHER FAN PUBLICATIONS INCLUDING AMERA VAGA AND ZERO,cf0754b3a1cd6b3178bd2d37fbf85b1bc4a56de86eaf04c99b7287937561b0f7
hubert_large,dmsuta,8,stage5ext_00034,d477a12247cce9a9c0954e6ee3ae16aed2930112fa26700f19af15658b5c71e2dc818d72e0034c8181da642cabf8f6c15f4d900b88bcab83d583944934f4c237,US English,us,The film image at this section of the newsreel is that of Hitler.,THE FILM IMAGE AT THIS SECTION OF THE NEWS REEL IS THAT OF HITLER,cf0754b3a1cd6b3178bd2d37fbf85b1bc4a56de86eaf04c99b7287937561b0f7
hubert_large,dmsuta,8,stage5ext_00035,d477a12247cce9a9c0954e6ee3ae16aed2930112fa26700f19af15658b5c71e2dc818d72e0034c8181da642cabf8f6c15f4d900b88bcab83d583944934f4c237,US English,us,One of the company's early cars was the Pittsburgher.,ONE OF THE COMPANY'S EARLY CARS WAS THE PITTSBURGER,cf0754b3a1cd6b3178bd2d37fbf85b1bc4a56de86eaf04c99b7287937561b0f7
hubert_large,dmsuta,8,stage5ext_00036,d477a12247cce9a9c0954e6ee3ae16aed2930112fa26700f19af15658b5c71e2dc818d72e0034c8181da642cabf8f6c15f4d900b88bcab83d583944934f4c237,US English,us,"Compare also Philo, Leg.",COMPARE ALSO FILO LEG,cf0754b3a1cd6b3178bd2d37fbf85b1bc4a56de86eaf04c99b7287937561b0f7
hubert_large,dmsuta,9,stage5ext_00037,d477a12247cce9a9c0954e6ee3ae16aed2930112fa26700f19af15658b5c71e2dc818d72e0034c8181da642cabf8f6c15f4d900b88bcab83d583944934f4c237,US English,us,"Sir Charles Beaumont Phipps and his third, Edmund Phipps, a lawyer and author.",SIR CHARLES BEAUMONT PHIPPS AND HIS THIRD EDMUND PHIPPS A LAWYER AND AUTHOR,b2cfa85f38e9b896a4929501043b41495315a66631ae147cf370ce8bdbac0d27
hubert_large,dmsuta,9,stage5ext_00038,d477a12247cce9a9c0954e6ee3ae16aed2930112fa26700f19af15658b5c71e2dc818d72e0034c8181da642cabf8f6c15f4d900b88bcab83d583944934f4c237,US English,us,Just behind the church is the old bridge.,JUST BEHIND THE CHURCH IS THE OLD BRIDGE,b2cfa85f38e9b896a4929501043b41495315a66631ae147cf370ce8bdbac0d27
hubert_large,dmsuta,9,stage5ext_00039,d477a12247cce9a9c0954e6ee3ae16aed2930112fa26700f19af15658b5c71e2dc818d72e0034c8181da642cabf8f6c15f4d900b88bcab83d583944934f4c237,US English,us,This feature forces parasitologists to use advanced biostatistical methodologies.,THIS FEATURE FORCES PARASITOLOGISTS TO USE ADVANCED BIOSTATISTICAL METHODOLOGIES,b2cfa85f38e9b896a4929501043b41495315a66631ae147cf370ce8bdbac0d27
hubert_large,dmsuta,9,stage5ext_00040,d477a12247cce9a9c0954e6ee3ae16aed2930112fa26700f19af15658b5c71e2dc818d72e0034c8181da642cabf8f6c15f4d900b88bcab83d583944934f4c237,US English,us,Dairy farming is an important industry in the area.,DAIRY FARMING IS AN IMPORTANT INDUSTRY IN THE AREA,b2cfa85f38e9b896a4929501043b41495315a66631ae147cf370ce8bdbac0d27
hubert_large,dmsuta,10,stage5ext_00041,d477a12247cce9a9c0954e6ee3ae16aed2930112fa26700f19af15658b5c71e2dc818d72e0034c8181da642cabf8f6c15f4d900b88bcab83d583944934f4c237,US English,us,Sagan's number is the number of stars in the observable universe.,SAGON'S NUMBER IS THE NUMBER OF STARS IN THE OBSERVABLE UNIVERSE,861f4b08c2a9268d7ca11190299069ca3937dce18934d572eeb489607a562411
hubert_large,dmsuta,10,stage5ext_00042,d477a12247cce9a9c0954e6ee3ae16aed2930112fa26700f19af15658b5c71e2dc818d72e0034c8181da642cabf8f6c15f4d900b88bcab83d583944934f4c237,US English,us,He went to Providence Elementary and Webster County High School.,HE WENT TO PROVIDENCE ELEMENTARY AND WEBSTER COUNTY HIGH SCHOOL,861f4b08c2a9268d7ca11190299069ca3937dce18934d572eeb489607a562411
hubert_large,dmsuta,10,stage5ext_00043,d477a12247cce9a9c0954e6ee3ae16aed2930112fa26700f19af15658b5c71e2dc818d72e0034c8181da642cabf8f6c15f4d900b88bcab83d583944934f4c237,US English,us,Doctor Rodd received her Ph.D. in Biology from York University in Toronto.,DOCTOR RAUD RECEIVED HER P H D IN BIOLOGY FROM YORK UNIVERSITY IN TORONTO,861f4b08c2a9268d7ca11190299069ca3937dce18934d572eeb489607a562411
hubert_large,dmsuta,10,stage5ext_00044,d477a12247cce9a9c0954e6ee3ae16aed2930112fa26700f19af15658b5c71e2dc818d72e0034c8181da642cabf8f6c15f4d900b88bcab83d583944934f4c237,US English,us,One of the largest was Starodubaka.,ONE OF THE LARGEST WAS STORO DUBACA,861f4b08c2a9268d7ca11190299069ca3937dce18934d572eeb489607a562411
hubert_large,dmsuta,11,stage5ext_00045,d477a12247cce9a9c0954e6ee3ae16aed2930112fa26700f19af15658b5c71e2dc818d72e0034c8181da642cabf8f6c15f4d900b88bcab83d583944934f4c237,US English,us,It is based on the concept of 'equivalence'.,IT IS BASED ON THE CONCEPT OF EQUIVALENTS,d9cb0e4d2077fa29f184e649ef94ae4c8fa20b795a8b28234e1afb99bdc53881
hubert_large,dmsuta,11,stage5ext_00046,afd10118899991b7e4af3edddf0c749daf768b6669e68c04c2827d572d39771015c17ec7fd8143657ba077a731375c6fa34f2012588f8cb1b78d923a01178ac7,US English,us,"Excerpts were also printed in the ""Wall Street Journal"".",AS CEP FUL OFTEN PRINTED IN THE LARG FOEFURM,d9cb0e4d2077fa29f184e649ef94ae4c8fa20b795a8b28234e1afb99bdc53881
hubert_large,dmsuta,11,stage5ext_00047,afd10118899991b7e4af3edddf0c749daf768b6669e68c04c2827d572d39771015c17ec7fd8143657ba077a731375c6fa34f2012588f8cb1b78d923a01178ac7,US English,us,She also sits on the Board of Directors for the Canada West Foundation.,HE OFFERE GIV HIM A BOARD OF TERACA BORD WITH NONEOFA DEF FANDATON,d9cb0e4d2077fa29f184e649ef94ae4c8fa20b795a8b28234e1afb99bdc53881
hubert_large,dmsuta,11,stage5ext_00048,afd10118899991b7e4af3edddf0c749daf768b6669e68c04c2827d572d39771015c17ec7fd8143657ba077a731375c6fa34f2012588f8cb1b78d923a01178ac7,US English,us,"Like other opioid drugs, pethidine has the potential to cause physical dependence or addiction.",LIKE OTHER OPIOR DRUGS PATIDINE HAS THE POTENSIAL TO CAUSE PHYSICAL DEPENDENCE OR EDICTION,d9cb0e4d2077fa29f184e649ef94ae4c8fa20b795a8b28234e1afb99bdc53881
hubert_large,dmsuta,12,stage5ext_00049,afd10118899991b7e4af3edddf0c749daf768b6669e68c04c2827d572d39771015c17ec7fd8143657ba077a731375c6fa34f2012588f8cb1b78d923a01178ac7,US English,us,"He was interested in sciences, and had a sizable library.",THI INTERESTED Y FOUND S AND HAD TA SIDEOF THE LIBRARY,8b8eb8b2d21c56054da3d7754b0bc52807fabc4f12c3f112cf5c0bd2109e4c5c
hubert_large,dmsuta,12,stage5ext_00050,afd10118899991b7e4af3edddf0c749daf768b6669e68c04c2827d572d39771015c17ec7fd8143657ba077a731375c6fa34f2012588f8cb1b78d923a01178ac7,US English,us,The addition would become known on-air as Television Park.,THE ADDITION WOULD BECOME KNOWN ON AIR AS TELEVISION PARK,8b8eb8b2d21c56054da3d7754b0bc52807fabc4f12c3f112cf5c0bd2109e4c5c
hubert_large,dmsuta,12,stage5ext_00051,afd10118899991b7e4af3edddf0c749daf768b6669e68c04c2827d572d39771015c17ec7fd8143657ba077a731375c6fa34f2012588f8cb1b78d923a01178ac7,US English,us,"However, molecular studies separate ""Gromia"" from the others, which must therefore be renamed.",HOWEVER MOLECULAR STEDI SEPARATE GUOMIA FROM THE OTHER IT MUST THEREFORE BE TEMANE,8b8eb8b2d21c56054da3d7754b0bc52807fabc4f12c3f112cf5c0bd2109e4c5c
hubert_large,dmsuta,12,stage5ext_00052,afd10118899991b7e4af3edddf0c749daf768b6669e68c04c2827d572d39771015c17ec7fd8143657ba077a731375c6fa34f2012588f8cb1b78d923a01178ac7,US English,us,It was named for the Dakota people.,IT WAS NAMED FOR THE DAKOTA PEOPLE,8b8eb8b2d21c56054da3d7754b0bc52807fabc4f12c3f112cf5c0bd2109e4c5c
hubert_large,dmsuta,13,stage5ext_00053,afd10118899991b7e4af3edddf0c749daf768b6669e68c04c2827d572d39771015c17ec7fd8143657ba077a731375c6fa34f2012588f8cb1b78d923a01178ac7,US English,us,"The song is featured on the live album ""Live Killers"".",THE SONG IS FEATURED ON THE LIVE ALBUM LIVE KILLERS,3fa6d5f44b543cb58491f79776d5497e03a94b7d885bd38f18da46114759692b
hubert_large,dmsuta,13,stage5ext_00054,afd10118899991b7e4af3edddf0c749daf768b6669e68c04c2827d572d39771015c17ec7fd8143657ba077a731375c6fa34f2012588f8cb1b78d923a01178ac7,US English,us,"On some folios, the differing colors of ink are arranged to form geometric patterns.",ON SOME FOLIOS THE DIFFERING COLORS OF INK ARE ARRANGED TO FORM GEOMETRIC PATTERNS,3fa6d5f44b543cb58491f79776d5497e03a94b7d885bd38f18da46114759692b
hubert_large,dmsuta,13,stage5ext_00055,afd10118899991b7e4af3edddf0c749daf768b6669e68c04c2827d572d39771015c17ec7fd8143657ba077a731375c6fa34f2012588f8cb1b78d923a01178ac7,US English,us,This handy percussion instrument is very similar to the pan-Indian damaru.,THIS HANDY PRECUSSION INSTRUMENT IS VERY SIMILAR TO THE PAN INDIAN DAMAROO,3fa6d5f44b543cb58491f79776d5497e03a94b7d885bd38f18da46114759692b
hubert_large,dmsuta,13,stage5ext_00056,afd10118899991b7e4af3edddf0c749daf768b6669e68c04c2827d572d39771015c17ec7fd8143657ba077a731375c6fa34f2012588f8cb1b78d923a01178ac7,US English,us,The Louisville Cardinal serves as an outlet and learning experience for aspiring journalists.,THE LELEGIAL CARDINAL FEED FOR THE OUTLET IN HLONDON BEWEN E FIRYN GERNER,3fa6d5f44b543cb58491f79776d5497e03a94b7d885bd38f18da46114759692b
hubert_large,dmsuta,14,stage5ext_00057,afd10118899991b7e4af3edddf0c749daf768b6669e68c04c2827d572d39771015c17ec7fd8143657ba077a731375c6fa34f2012588f8cb1b78d923a01178ac7,US English,us,A distinctive feature of the system was support for Coaching.,THE DISTINTEVE FUTURE OF THE CISTOM WILL SUPPORT TE TICTON,fa06782b1e43ab394ca77b6c66146910fec29a3ff54924d2231c466240abc27a
hubert_large,dmsuta,14,stage5ext_00058,afd10118899991b7e4af3edddf0c749daf768b6669e68c04c2827d572d39771015c17ec7fd8143657ba077a731375c6fa34f2012588f8cb1b78d923a01178ac7,US English,us,There was no heroism and no villainy.,THERE IS NO HE LIVING IN NEIGHBORLAND,fa06782b1e43ab394ca77b6c66146910fec29a3ff54924d2231c466240abc27a
hubert_large,dmsuta,14,stage5ext_00059,afd10118899991b7e4af3edddf0c749daf768b6669e68c04c2827d572d39771015c17ec7fd8143657ba077a731375c6fa34f2012588f8cb1b78d923a01178ac7,US English,us,Ground was broken for Saint Ann's Church in New Galilee.,GROUND WAS BROKEN FOR SAINT ANNE'S CHURCH IN NEW GALILEE,fa06782b1e43ab394ca77b6c66146910fec29a3ff54924d2231c466240abc27a
hubert_large,dmsuta,14,stage5ext_00060,afd10118899991b7e4af3edddf0c749daf768b6669e68c04c2827d572d39771015c17ec7fd8143657ba077a731375c6fa34f2012588f8cb1b78d923a01178ac7,US English,us,To the east is the statue of King Norodom sits on a white horse.,TO THE EAST IS THE STATUE OF KING NORIDAM SITS ON A WHITE HORSE,fa06782b1e43ab394ca77b6c66146910fec29a3ff54924d2231c466240abc27a
hubert_large,dmsuta,15,stage5ext_00061,264ab06df2796194c32a09afcb46bc2cbad9165d564f7d08af3b830436d4b292cec680793da0f1fea42128c902e8f92ba59717fcaa074c604a2bae440800743b,US English,us,There can also be underlying medical reasons for urinary incontinence which are often treatable.,THERE CAN ALSO BE UNDERLYING MEDICAL REASONS FOR URINARY INCONTINENCE WHICH ARE OFTEN TREATABLE,158be2e3d3b2f2f3f425fc5a7bbdee870a6432bf616a530ed55e81518c93977d
hubert_large,dmsuta,15,stage5ext_00062,264ab06df2796194c32a09afcb46bc2cbad9165d564f7d08af3b830436d4b292cec680793da0f1fea42128c902e8f92ba59717fcaa074c604a2bae440800743b,US English,us,PubChem consists of three dynamically growing primary databases.,PUB KEM CONSISTS OF THREE DYNAMICALLY GROWING PRIMARY DATA BASES,158be2e3d3b2f2f3f425fc5a7bbdee870a6432bf616a530ed55e81518c93977d
hubert_large,dmsuta,15,stage5ext_00063,264ab06df2796194c32a09afcb46bc2cbad9165d564f7d08af3b830436d4b292cec680793da0f1fea42128c902e8f92ba59717fcaa074c604a2bae440800743b,US English,us,"Europe, in particular ancient Greece, was the birthplace of Western civilization.",EUROPE IN PARTICULAR ANCIENT GREECE WAS THE BIRTHPLACE OF WESTERN CIVILIZATION,158be2e3d3b2f2f3f425fc5a7bbdee870a6432bf616a530ed55e81518c93977d
hubert_large,dmsuta,15,stage5ext_00064,264ab06df2796194c32a09afcb46bc2cbad9165d564f7d08af3b830436d4b292cec680793da0f1fea42128c902e8f92ba59717fcaa074c604a2bae440800743b,US English,us,It originally went through unincorporated small comminities such as Leslie and Arat.,IT ORIGINALLY WENT THROUGH UNINCORPORATED SMALL COMMUNITIES SUCH AS LEDLEY AND ARAT,158be2e3d3b2f2f3f425fc5a7bbdee870a6432bf616a530ed55e81518c93977d
hubert_large,dmsuta,16,stage5ext_00065,264ab06df2796194c32a09afcb46bc2cbad9165d564f7d08af3b830436d4b292cec680793da0f1fea42128c902e8f92ba59717fcaa074c604a2bae440800743b,US English,us,A self-homeomorphism is a homeomorphism of a topological space and itself.,A SELF HOMEOMORPHISM IS A HOMEOMORPHISM OF A TOPOLOGICAL SPACE AND ITSELF,8c68b78ae87feed89241400875aaa98cd0ffad5045a465b5de3649645899f913
hubert_large,dmsuta,16,stage5ext_00066,264ab06df2796194c32a09afcb46bc2cbad9165d564f7d08af3b830436d4b292cec680793da0f1fea42128c902e8f92ba59717fcaa074c604a2bae440800743b,US English,us,"Since that time, additional relationships have formed under the auspices of the town connection.",SINCE THAT TIME ADDITIONAL RELATIONSHIPS HAVE FORMED UNDER THE AUSPICES OF THE TOWN CONNECTION,8c68b78ae87feed89241400875aaa98cd0ffad5045a465b5de3649645899f913
hubert_large,dmsuta,16,stage5ext_00067,264ab06df2796194c32a09afcb46bc2cbad9165d564f7d08af3b830436d4b292cec680793da0f1fea42128c902e8f92ba59717fcaa074c604a2bae440800743b,US English,us,Local humane societies across the nation resisted.,LOCAL HUMANE SOCIETIES ACROSS THE NATION RESISTED,8c68b78ae87feed89241400875aaa98cd0ffad5045a465b5de3649645899f913
hubert_large,dmsuta,16,stage5ext_00068,264ab06df2796194c32a09afcb46bc2cbad9165d564f7d08af3b830436d4b292cec680793da0f1fea42128c902e8f92ba59717fcaa074c604a2bae440800743b,US English,us,"It specializes in care for stroke, cardiac and amputees patients needing rehabilitation needs.",IT SPECIALIZES IN CARE FOR STROKE CARDIAC AND AMPUTES PATIENTS NEEDING REHABILITATION NEEDS,8c68b78ae87feed89241400875aaa98cd0ffad5045a465b5de3649645899f913
hubert_large,dmsuta,17,stage5ext_00069,264ab06df2796194c32a09afcb46bc2cbad9165d564f7d08af3b830436d4b292cec680793da0f1fea42128c902e8f92ba59717fcaa074c604a2bae440800743b,US English,us,"“It’s extremely interesting,” Anne told Deborah.",IT'S EXTREMELY INTERESTING ANNE TOLD DEBORAH,23f1f4a57f3999b3bfc512bfd29ad142a41038c8dc6ef827f685fac0ef579a0d
hubert_large,dmsuta,17,stage5ext_00070,264ab06df2796194c32a09afcb46bc2cbad9165d564f7d08af3b830436d4b292cec680793da0f1fea42128c902e8f92ba59717fcaa074c604a2bae440800743b,US English,us,Grangeville enjoys close access to scenic and wildlife areas.,GRANGEVILLE ENJOYS CLOSE ACCESS TO SCENIC AND WILD LIFE AREAS,23f1f4a57f3999b3bfc512bfd29ad142a41038c8dc6ef827f685fac0ef579a0d
hubert_large,dmsuta,17,stage5ext_00071,264ab06df2796194c32a09afcb46bc2cbad9165d564f7d08af3b830436d4b292cec680793da0f1fea42128c902e8f92ba59717fcaa074c604a2bae440800743b,US English,us,He discovered that this was not the case.,HE DISCOVERED THAT THIS WAS NOT THE CASE,23f1f4a57f3999b3bfc512bfd29ad142a41038c8dc6ef827f685fac0ef579a0d
hubert_large,dmsuta,17,stage5ext_00072,264ab06df2796194c32a09afcb46bc2cbad9165d564f7d08af3b830436d4b292cec680793da0f1fea42128c902e8f92ba59717fcaa074c604a2bae440800743b,US English,us,There are four communities in Denmark with the same name.,THERE ARE FOUR COMMUNITIES IN DENMARK WITH THE SAME NAME,23f1f4a57f3999b3bfc512bfd29ad142a41038c8dc6ef827f685fac0ef579a0d
hubert_large,dmsuta,18,stage5ext_00073,264ab06df2796194c32a09afcb46bc2cbad9165d564f7d08af3b830436d4b292cec680793da0f1fea42128c902e8f92ba59717fcaa074c604a2bae440800743b,US English,us,He plays all three outfield positions.,HE PLAYS ALL THREE OUTFIELD POSITIONS,7892306af18d254349ede58d9fac9a41061db3d2db829270a065168b89a119dd
hubert_large,dmsuta,18,stage5ext_00074,264ab06df2796194c32a09afcb46bc2cbad9165d564f7d08af3b830436d4b292cec680793da0f1fea42128c902e8f92ba59717fcaa074c604a2bae440800743b,US English,us,But supplies are almost nonexistent at the Checkmate base.,BUT SUPPLIES ARE ALMOST NONEXISTENT AT THE CHECKMATE BASE,7892306af18d254349ede58d9fac9a41061db3d2db829270a065168b89a119dd
hubert_large,dmsuta,18,stage5ext_00075,264ab06df2796194c32a09afcb46bc2cbad9165d564f7d08af3b830436d4b292cec680793da0f1fea42128c902e8f92ba59717fcaa074c604a2bae440800743b,US English,us,"The section ""Of the Executive Power"" declared the powers of the executive power.",THE SECTION OF THE EXECUTIVE POWER DECLARED THE POWERS OF THE EXECUTIVE POWER,7892306af18d254349ede58d9fac9a41061db3d2db829270a065168b89a119dd
hubert_large,dmsuta,18,stage5ext_00076,77600d1ea840721bc62cd5a1444822538c380c4255c3bb966d35e4c71344e0691303c4add4223e9fe842b24d65e08ae2e99c956f4acb898bff34adad75171112,US English,us,It is exacerbating inequalities.,IT IS EXASPERBATING INEQUALITIES,7892306af18d254349ede58d9fac9a41061db3d2db829270a065168b89a119dd
hubert_large,dmsuta,19,stage5ext_00077,77600d1ea840721bc62cd5a1444822538c380c4255c3bb966d35e4c71344e0691303c4add4223e9fe842b24d65e08ae2e99c956f4acb898bff34adad75171112,US English,us,"Large numbers came from other countries of Latin America from Mexico to Uruguay, esp.",LARGE NUMBERS CAME FROM OTHER COUNTRIES OF LATIN AMERICA FROM MEXICO TO IROGUI ESPA,d2c704adf71837f31998e5ad3dc9288592727f30a568a3a8b40936ea395253b1
hubert_large,dmsuta,19,stage5ext_00078,77600d1ea840721bc62cd5a1444822538c380c4255c3bb966d35e4c71344e0691303c4add4223e9fe842b24d65e08ae2e99c956f4acb898bff34adad75171112,US English,us,A pond's condition deteriorates when the bottom environment cannot support animal life.,A PON'S CONDITION DETERIORATES WHEN THE BOTTOM ENVIRONMENT CANNOT SUPPORT ANIMAL LIFE,d2c704adf71837f31998e5ad3dc9288592727f30a568a3a8b40936ea395253b1
hubert_large,dmsuta,19,stage5ext_00079,77600d1ea840721bc62cd5a1444822538c380c4255c3bb966d35e4c71344e0691303c4add4223e9fe842b24d65e08ae2e99c956f4acb898bff34adad75171112,US English,us,The Chiemsee is located in the west of the district.,THE CHIM S IS LOCATED IN THE WEST OF THE DISTRICT,d2c704adf71837f31998e5ad3dc9288592727f30a568a3a8b40936ea395253b1
hubert_large,dmsuta,19,stage5ext_00080,77600d1ea840721bc62cd5a1444822538c380c4255c3bb966d35e4c71344e0691303c4add4223e9fe842b24d65e08ae2e99c956f4acb898bff34adad75171112,US English,us,She was the daughter of Timothy and Ellen Noonan.,SHE WAS THE DAUGHTER OF TIMOTHY AND ELLEN NEUWNAN,d2c704adf71837f31998e5ad3dc9288592727f30a568a3a8b40936ea395253b1
hubert_large,dmsuta,20,stage5ext_00081,77600d1ea840721bc62cd5a1444822538c380c4255c3bb966d35e4c71344e0691303c4add4223e9fe842b24d65e08ae2e99c956f4acb898bff34adad75171112,US English,us,"Collingwood was born in Britain but grew up in Sellersville, Pennsylvania.",COLLINGWOOD WAS BORN IN BRITAIN BUT GREW UP IN CELLERSVILLE PENNSYLVANIA,c6282ddd1f5cc8e1b980e11e696ff58522f603caf56d53aabaa0d6b161af5af5
hubert_large,dmsuta,20,stage5ext_00082,77600d1ea840721bc62cd5a1444822538c380c4255c3bb966d35e4c71344e0691303c4add4223e9fe842b24d65e08ae2e99c956f4acb898bff34adad75171112,US English,us,It is also the language of most of the manuscripts of Welsh law.,IT IS ALSO THE LANGUAGE OF MOST OF THE MANUSCRIPTS OF WELSH LAW,c6282ddd1f5cc8e1b980e11e696ff58522f603caf56d53aabaa0d6b161af5af5
hubert_large,dmsuta,20,stage5ext_00083,77600d1ea840721bc62cd5a1444822538c380c4255c3bb966d35e4c71344e0691303c4add4223e9fe842b24d65e08ae2e99c956f4acb898bff34adad75171112,US English,us,"He was educated at Emanuel School, the University of Southampton and University of Warwick.",HE WAS EDUCATED AT THE MANUAL SCHOOL THE UNIVERSITY OF SOUTHAMPTON AND UNIVERSITY OF WARWICK,c6282ddd1f5cc8e1b980e11e696ff58522f603caf56d53aabaa0d6b161af5af5
hubert_large,dmsuta,20,stage5ext_00084,77600d1ea840721bc62cd5a1444822538c380c4255c3bb966d35e4c71344e0691303c4add4223e9fe842b24d65e08ae2e99c956f4acb898bff34adad75171112,US English,us,He introduced cushion seats in all unreserved compartments.,HE INTRODUCED CUSHION SEATS IN ALL UNRESERVED COMPARTMENTS,c6282ddd1f5cc8e1b980e11e696ff58522f603caf56d53aabaa0d6b161af5af5
hubert_large,dmsuta,21,stage5ext_00085,77600d1ea840721bc62cd5a1444822538c380c4255c3bb966d35e4c71344e0691303c4add4223e9fe842b24d65e08ae2e99c956f4acb898bff34adad75171112,US English,us,It developed from the Pugwash Conferences on Science and World Affairs.,IT DEVELOPED FROM THE PUGWASH CONFERENCES ON SCIENCE AND WORLD AFFAIRS,e7a6946f1312b2b338bc8dbebd72e284b304358cd82689c67f8e5c2c381640f9
hubert_large,dmsuta,21,stage5ext_00086,77600d1ea840721bc62cd5a1444822538c380c4255c3bb966d35e4c71344e0691303c4add4223e9fe842b24d65e08ae2e99c956f4acb898bff34adad75171112,US English,us,"He has written seven Phillip Mercer books in the series, beginning with ""Vulcan's Forge"".",HE HAS WRITTEN SEVEN PHILIP MERCER BOOKS IN THE SERIES BEGINNING WITH VULCAN'S FORGE,e7a6946f1312b2b338bc8dbebd72e284b304358cd82689c67f8e5c2c381640f9
hubert_large,dmsuta,21,stage5ext_00087,77600d1ea840721bc62cd5a1444822538c380c4255c3bb966d35e4c71344e0691303c4add4223e9fe842b24d65e08ae2e99c956f4acb898bff34adad75171112,US English,us,"Like most other light jets, the Mustang is approved for single-pilot operation.",LIKE MOST OTHER LIGHT JETS THE MUSTANG IS APPROVED FOR SINGLE PILOT OPERATION,e7a6946f1312b2b338bc8dbebd72e284b304358cd82689c67f8e5c2c381640f9
hubert_large,dmsuta,21,stage5ext_00088,77600d1ea840721bc62cd5a1444822538c380c4255c3bb966d35e4c71344e0691303c4add4223e9fe842b24d65e08ae2e99c956f4acb898bff34adad75171112,US English,us,This is true for moduli of curves.,THIS IS TRUE FOR MODILI OF CURVES,e7a6946f1312b2b338bc8dbebd72e284b304358cd82689c67f8e5c2c381640f9
hubert_large,dmsuta,22,stage5ext_00089,77600d1ea840721bc62cd5a1444822538c380c4255c3bb966d35e4c71344e0691303c4add4223e9fe842b24d65e08ae2e99c956f4acb898bff34adad75171112,US English,us,"They were the sons of Frederick Law Olmsted, renowned architect of Central Park.",THEY WERE THE SONS OF FREDERICK LAW ALMSTEAD RENOWNED ARCHITECT OF CENTRAL PARK,c303a94f413d2daa7adf15d00040bf6a289f964f42df875b7f9a84a13804bf3e
hubert_large,dmsuta,22,stage5ext_00090,77600d1ea840721bc62cd5a1444822538c380c4255c3bb966d35e4c71344e0691303c4add4223e9fe842b24d65e08ae2e99c956f4acb898bff34adad75171112,US English,us,The voltage stability depends on the gas pressure.,THE VOLTAGE STABILITY DEPENDS ON THE GAS PRESSURE,c303a94f413d2daa7adf15d00040bf6a289f964f42df875b7f9a84a13804bf3e
hubert_large,dmsuta,22,stage5ext_00091,9f2c0b36708a80b9aba1604061b45c02ab3d559f33122d380b4f16df7ee264228b8ed084cc75539159c501c042dcd878c793f3c16eaf1b5d9a110cad98fa0a9e,US English,us,Empress Elizabeth sent him to Kiev to realize Rastrelli's design of Saint Andrew Church.,EMPRESS ELIZABETH SENT HIM TO KEAVE TO REALIZERUST PRELATES DESIGN OF SAINT ANDREW CHURCH,c303a94f413d2daa7adf15d00040bf6a289f964f42df875b7f9a84a13804bf3e
hubert_large,dmsuta,22,stage5ext_00092,9f2c0b36708a80b9aba1604061b45c02ab3d559f33122d380b4f16df7ee264228b8ed084cc75539159c501c042dcd878c793f3c16eaf1b5d9a110cad98fa0a9e,US English,us,Caulfield offers students a wide range of subjects in its academic curriculum.,CALLFIELD OFFERS STUDENTS A WIDE RANGE OF SUBJECTS IN ITS ACADEMIC CARRICULUM,c303a94f413d2daa7adf15d00040bf6a289f964f42df875b7f9a84a13804bf3e
hubert_large,dmsuta,23,stage5ext_00093,9f2c0b36708a80b9aba1604061b45c02ab3d559f33122d380b4f16df7ee264228b8ed084cc75539159c501c042dcd878c793f3c16eaf1b5d9a110cad98fa0a9e,US English,us,It is often used at the end of clauses or verses.,IT IS OFTEN USED AT THE END OF CLAUSES AVERANCIES,8b0584592a056989479b9d8ce9fa4c23ce732f04c4c5bd8f731fed46fb58fcd3
hubert_large,dmsuta,23,stage5ext_00094,9f2c0b36708a80b9aba1604061b45c02ab3d559f33122d380b4f16df7ee264228b8ed084cc75539159c501c042dcd878c793f3c16eaf1b5d9a110cad98fa0a9e,US English,us,"Gardner was born in Batavia, New York.",GARDENER WAS BORN IN BATAVIA NEW YORK,8b0584592a056989479b9d8ce9fa4c23ce732f04c4c5bd8f731fed46fb58fcd3
hubert_large,dmsuta,23,stage5ext_00095,9f2c0b36708a80b9aba1604061b45c02ab3d559f33122d380b4f16df7ee264228b8ed084cc75539159c501c042dcd878c793f3c16eaf1b5d9a110cad98fa0a9e,US English,us,It is located where the Piankatank River feeds into the Chesapeake Bay.,IT IS LOCATED WHERE LE PIN KATANG RIVER FEEDS THE CHESABEEK BAY,8b0584592a056989479b9d8ce9fa4c23ce732f04c4c5bd8f731fed46fb58fcd3
hubert_large,dmsuta,23,stage5ext_00096,9f2c0b36708a80b9aba1604061b45c02ab3d559f33122d380b4f16df7ee264228b8ed084cc75539159c501c042dcd878c793f3c16eaf1b5d9a110cad98fa0a9e,US English,us,A classic example of a one-way function is multiplication of very large prime numbers.,A CLASSIC EXAMPLE OF A ONE WAY FUNCTION IS A MULTIPLICATION OF VERY LARGE PRIME NUMBERS,8b0584592a056989479b9d8ce9fa4c23ce732f04c4c5bd8f731fed46fb58fcd3
hubert_large,dmsuta,24,stage5ext_00097,9f2c0b36708a80b9aba1604061b45c02ab3d559f33122d380b4f16df7ee264228b8ed084cc75539159c501c042dcd878c793f3c16eaf1b5d9a110cad98fa0a9e,US English,us,Nuclear warheads are produced and stored on the premises.,NUCLEOR WARHEADS ARE PRODUCED AND STORED ON THE PREMISES,24841160aeda4cba486025bfef8c4ee277955b6467c1c6f5e5a9d54dac4ef336
hubert_large,dmsuta,24,stage5ext_00098,9f2c0b36708a80b9aba1604061b45c02ab3d559f33122d380b4f16df7ee264228b8ed084cc75539159c501c042dcd878c793f3c16eaf1b5d9a110cad98fa0a9e,US English,us,"The Center awards a ""Distinguished Christian Statesman Award"" annually to high-profile Christian political leaders.",THE CENTRE AWARDS A DISTINGUISHED CHRISTIAN STATE SMAN AWARD ANNUALLY HIGH PROFILE CHRISTIAN POLITICAL LEADERS,24841160aeda4cba486025bfef8c4ee277955b6467c1c6f5e5a9d54dac4ef336
hubert_large,dmsuta,24,stage5ext_00099,9f2c0b36708a80b9aba1604061b45c02ab3d559f33122d380b4f16df7ee264228b8ed084cc75539159c501c042dcd878c793f3c16eaf1b5d9a110cad98fa0a9e,US English,us,Flavors available in Germany included cherry and cola.,LABORS AVAILABLE IN GERMANY IN LIDCHERY AND COLA,24841160aeda4cba486025bfef8c4ee277955b6467c1c6f5e5a9d54dac4ef336
hubert_large,dmsuta,24,stage5ext_00100,9f2c0b36708a80b9aba1604061b45c02ab3d559f33122d380b4f16df7ee264228b8ed084cc75539159c501c042dcd878c793f3c16eaf1b5d9a110cad98fa0a9e,US English,us,The present chairman is Bumairam Mamaseitova.,THE PRESENT CHAIRMAN IS BANERAN MAMMA SAITOVA,24841160aeda4cba486025bfef8c4ee277955b6467c1c6f5e5a9d54dac4ef336
hubert_large,dmsuta,25,stage5ext_00101,9f2c0b36708a80b9aba1604061b45c02ab3d559f33122d380b4f16df7ee264228b8ed084cc75539159c501c042dcd878c793f3c16eaf1b5d9a110cad98fa0a9e,US English,us,On the seventh day they depart.,ON THE SEVENTH DAY THEY DEPARTED,f7df8561e6435f7eddf3f7c75cf6dad83ead9669bc9c2761b25da5072b4a0a80
hubert_large,dmsuta,25,stage5ext_00102,9f2c0b36708a80b9aba1604061b45c02ab3d559f33122d380b4f16df7ee264228b8ed084cc75539159c501c042dcd878c793f3c16eaf1b5d9a110cad98fa0a9e,US English,us,Many notable Caliphs have had their share of ruling over the Kiswah.,MANY NOTABLE CALOTS HAVE HAD THEIR SHARE F RULING OVER THE KISUA,f7df8561e6435f7eddf3f7c75cf6dad83ead9669bc9c2761b25da5072b4a0a80
hubert_large,dmsuta,25,stage5ext_00103,9f2c0b36708a80b9aba1604061b45c02ab3d559f33122d380b4f16df7ee264228b8ed084cc75539159c501c042dcd878c793f3c16eaf1b5d9a110cad98fa0a9e,US English,us,The river Maros formed its southern border.,THE RIVER MARROWS FORMED ITS SOUTHERN BORDER,f7df8561e6435f7eddf3f7c75cf6dad83ead9669bc9c2761b25da5072b4a0a80
hubert_large,dmsuta,25,stage5ext_00104,9f2c0b36708a80b9aba1604061b45c02ab3d559f33122d380b4f16df7ee264228b8ed084cc75539159c501c042dcd878c793f3c16eaf1b5d9a110cad98fa0a9e,US English,us,And that meant our fat electric album would have two songs on a side.,THAT MEANT OUR FAT ELECTRIC ALBUM WE HAVE TWO SONGS ON A SIDE,f7df8561e6435f7eddf3f7c75cf6dad83ead9669bc9c2761b25da5072b4a0a80
hubert_large,dmsuta,26,stage5ext_00105,9f2c0b36708a80b9aba1604061b45c02ab3d559f33122d380b4f16df7ee264228b8ed084cc75539159c501c042dcd878c793f3c16eaf1b5d9a110cad98fa0a9e,US English,us,A committee was organised and the Smithsonian Institution was founded.,A COMMITTEE WAS ORGANIZED AND THE SMITHSONIAN INSTITUTION WAS FOUNDED,0e68958843c3c72793a4480c47e27b215e540f4220197fa144ce556111448005
hubert_large,dmsuta,26,stage5ext_00106,2ce9c40fcb6948ed0bced3197b5aefb5f8585c4b80c5f627af7a750cfb445b61c96532c68b893e6c1f4cb299407c58f1504db283d1f7eca7585dfc2f88a968d4,US English,us,"You're not psychotic, you just wish you were?",YOU'RE NOT PSYCOTIC YOU JUST WISH YOU WERE,0e68958843c3c72793a4480c47e27b215e540f4220197fa144ce556111448005
hubert_large,dmsuta,26,stage5ext_00107,2ce9c40fcb6948ed0bced3197b5aefb5f8585c4b80c5f627af7a750cfb445b61c96532c68b893e6c1f4cb299407c58f1504db283d1f7eca7585dfc2f88a968d4,US English,us,Good evening.,GOOD EVENING,0e68958843c3c72793a4480c47e27b215e540f4220197fa144ce556111448005
hubert_large,dmsuta,26,stage5ext_00108,2ce9c40fcb6948ed0bced3197b5aefb5f8585c4b80c5f627af7a750cfb445b61c96532c68b893e6c1f4cb299407c58f1504db283d1f7eca7585dfc2f88a968d4,US English,us,The dead have no friends.,THE DEAD HAVE NO FRIENDS,0e68958843c3c72793a4480c47e27b215e540f4220197fa144ce556111448005
hubert_large,dmsuta,27,stage5ext_00109,2ce9c40fcb6948ed0bced3197b5aefb5f8585c4b80c5f627af7a750cfb445b61c96532c68b893e6c1f4cb299407c58f1504db283d1f7eca7585dfc2f88a968d4,US English,us,Ship technology has improved.,SHIP TECHNOLOGY HAS IMPROVED,a49b2348ca9598d35212fc49577327eb982998fd410fc551a6fe243cd511ff52
hubert_large,dmsuta,27,stage5ext_00110,2ce9c40fcb6948ed0bced3197b5aefb5f8585c4b80c5f627af7a750cfb445b61c96532c68b893e6c1f4cb299407c58f1504db283d1f7eca7585dfc2f88a968d4,US English,us,The shop is closed on Mondays.,THE SHOP IS CLOSED ON MONDAYS,a49b2348ca9598d35212fc49577327eb982998fd410fc551a6fe243cd511ff52
hubert_large,dmsuta,27,stage5ext_00111,2ce9c40fcb6948ed0bced3197b5aefb5f8585c4b80c5f627af7a750cfb445b61c96532c68b893e6c1f4cb299407c58f1504db283d1f7eca7585dfc2f88a968d4,US English,us,"Waste not, want not.",WASTE NOT WHAT NOT,a49b2348ca9598d35212fc49577327eb982998fd410fc551a6fe243cd511ff52
hubert_large,dmsuta,27,stage5ext_00112,2ce9c40fcb6948ed0bced3197b5aefb5f8585c4b80c5f627af7a750cfb445b61c96532c68b893e6c1f4cb299407c58f1504db283d1f7eca7585dfc2f88a968d4,US English,us,"The salesman was like the rest of them, untrustworthy.",THE SALESMAN WAS LIKE THE REST OF THEM UNTRUSTWORTHY,a49b2348ca9598d35212fc49577327eb982998fd410fc551a6fe243cd511ff52
hubert_large,dmsuta,28,stage5ext_00113,2ce9c40fcb6948ed0bced3197b5aefb5f8585c4b80c5f627af7a750cfb445b61c96532c68b893e6c1f4cb299407c58f1504db283d1f7eca7585dfc2f88a968d4,US English,us,"Did you know that the word ""commercial"" could mean the same as ""advertisement""?",DID YOU KNOW THAT THE WORD COMMERCIAL COULD MEAN THE SAME AS ADVERTISEMENT,e1f29165651e54745798ff3644504ac204eaecccb181a891f3b8ed2ce988fe4e
hubert_large,dmsuta,28,stage5ext_00114,2ce9c40fcb6948ed0bced3197b5aefb5f8585c4b80c5f627af7a750cfb445b61c96532c68b893e6c1f4cb299407c58f1504db283d1f7eca7585dfc2f88a968d4,US English,us,Topsy-turvy Steamboat.,TOPSY TURVY STEAMBOAT,e1f29165651e54745798ff3644504ac204eaecccb181a891f3b8ed2ce988fe4e
hubert_large,dmsuta,28,stage5ext_00115,2ce9c40fcb6948ed0bced3197b5aefb5f8585c4b80c5f627af7a750cfb445b61c96532c68b893e6c1f4cb299407c58f1504db283d1f7eca7585dfc2f88a968d4,US English,us,Save a thief from the gallows and he will cut your throat,SAVE A THIEF FROM THE GALLOWS AND HE WILL CUT YOUR THROAT,e1f29165651e54745798ff3644504ac204eaecccb181a891f3b8ed2ce988fe4e
hubert_large,dmsuta,28,stage5ext_00116,2ce9c40fcb6948ed0bced3197b5aefb5f8585c4b80c5f627af7a750cfb445b61c96532c68b893e6c1f4cb299407c58f1504db283d1f7eca7585dfc2f88a968d4,US English,us,A chip of the old block.,A CHIP OF THE OLD BLOCK,e1f29165651e54745798ff3644504ac204eaecccb181a891f3b8ed2ce988fe4e
hubert_large,dmsuta,29,stage5ext_00117,2ce9c40fcb6948ed0bced3197b5aefb5f8585c4b80c5f627af7a750cfb445b61c96532c68b893e6c1f4cb299407c58f1504db283d1f7eca7585dfc2f88a968d4,US English,us,What about from an unsafe distance?,WHAT ABOUT FROM AN UNSAFE DISTANCE,c6ca3d2753c88f923172e650be50273de6f0c9f07a2488acf6efbd6a94eeb12d
hubert_large,dmsuta,29,stage5ext_00118,2ce9c40fcb6948ed0bced3197b5aefb5f8585c4b80c5f627af7a750cfb445b61c96532c68b893e6c1f4cb299407c58f1504db283d1f7eca7585dfc2f88a968d4,US English,us,New pants lack cuffs and pockets.,NEW PANTS LACK CUFFS AND POCKETS,c6ca3d2753c88f923172e650be50273de6f0c9f07a2488acf6efbd6a94eeb12d
hubert_large,dmsuta,29,stage5ext_00119,2ce9c40fcb6948ed0bced3197b5aefb5f8585c4b80c5f627af7a750cfb445b61c96532c68b893e6c1f4cb299407c58f1504db283d1f7eca7585dfc2f88a968d4,US English,us,Is that how your niece began?,IS THAT HOW YOUR NIECE BEGAN,c6ca3d2753c88f923172e650be50273de6f0c9f07a2488acf6efbd6a94eeb12d
hubert_large,dmsuta,29,stage5ext_00120,2ce9c40fcb6948ed0bced3197b5aefb5f8585c4b80c5f627af7a750cfb445b61c96532c68b893e6c1f4cb299407c58f1504db283d1f7eca7585dfc2f88a968d4,US English,us,That is the weirdest dress I have found in this store.,THAT IS THE WEIRDEST DRESS I HAVE FOUND IN THE STORE,c6ca3d2753c88f923172e650be50273de6f0c9f07a2488acf6efbd6a94eeb12d
hubert_large,dmsuta,30,stage5ext_00121,228508a13bdcb59b6e981ab369677a052cfa1d9208ac95a44f5a910b5fb16d76e49d318b1a128dd5144453cc80734637f59383b09379191621b865980d923440,US English,us,The reasons are more political.,THE REASONS ARE MORE POLITICAL,e9720d081cde05d188c75d97ee6d3c0c2b0bd46e3e01d82b57e4b767571edd76
hubert_large,dmsuta,30,stage5ext_00122,228508a13bdcb59b6e981ab369677a052cfa1d9208ac95a44f5a910b5fb16d76e49d318b1a128dd5144453cc80734637f59383b09379191621b865980d923440,US English,us,When he became a foreman he expected more output from the workmen.,THEN HE BECAME A FOREMAN HE EXPECTED MORE OUTPUT FROM THE WORKMAN,e9720d081cde05d188c75d97ee6d3c0c2b0bd46e3e01d82b57e4b767571edd76
hubert_large,dmsuta,30,stage5ext_00123,228508a13bdcb59b6e981ab369677a052cfa1d9208ac95a44f5a910b5fb16d76e49d318b1a128dd5144453cc80734637f59383b09379191621b865980d923440,US English,us,"The timber was exported to Egypt, where it was in great demand.",THE TIMER WAS EXPORTED TO EGYPT WHERE IT WAS IN GREAT DEMAND,e9720d081cde05d188c75d97ee6d3c0c2b0bd46e3e01d82b57e4b767571edd76
hubert_large,dmsuta,30,stage5ext_00124,228508a13bdcb59b6e981ab369677a052cfa1d9208ac95a44f5a910b5fb16d76e49d318b1a128dd5144453cc80734637f59383b09379191621b865980d923440,US English,us,"On farm visits, touching or feeding pigs should be prohibited.",ON FARM VISITS TOUCHING OR FEEDING PICK SHOULD BE PROHIBITED,e9720d081cde05d188c75d97ee6d3c0c2b0bd46e3e01d82b57e4b767571edd76
hubert_large,dmsuta,31,stage5ext_00125,228508a13bdcb59b6e981ab369677a052cfa1d9208ac95a44f5a910b5fb16d76e49d318b1a128dd5144453cc80734637f59383b09379191621b865980d923440,US English,us,Noah worked on the album for two years.,NOAH WORKED ON THE ALBUM FOR TWO YEARS,ffc846c63a0ce85997669aaf0ed0d6feaf204fd391a556d4a2f469b1362030e2
hubert_large,dmsuta,31,stage5ext_00126,228508a13bdcb59b6e981ab369677a052cfa1d9208ac95a44f5a910b5fb16d76e49d318b1a128dd5144453cc80734637f59383b09379191621b865980d923440,US English,us,"The family seat is Terling Place, near Terling, Essex.",THE FAMILIAR CIATIS TERLING PLACE NEAR TERLING SX,ffc846c63a0ce85997669aaf0ed0d6feaf204fd391a556d4a2f469b1362030e2
hubert_large,dmsuta,31,stage5ext_00127,228508a13bdcb59b6e981ab369677a052cfa1d9208ac95a44f5a910b5fb16d76e49d318b1a128dd5144453cc80734637f59383b09379191621b865980d923440,US English,us,She then got underway for Leyte.,SHE THEN GOT ON E WAY FOR LATE,ffc846c63a0ce85997669aaf0ed0d6feaf204fd391a556d4a2f469b1362030e2
hubert_large,dmsuta,31,stage5ext_00128,228508a13bdcb59b6e981ab369677a052cfa1d9208ac95a44f5a910b5fb16d76e49d318b1a128dd5144453cc80734637f59383b09379191621b865980d923440,US English,us,His early work was on optical information processing.,HIS EARLY WORK WAS AN OPTICAL INFORMATION PROSESTING,ffc846c63a0ce85997669aaf0ed0d6feaf204fd391a556d4a2f469b1362030e2
hubert_large,dmsuta,32,stage5ext_00129,228508a13bdcb59b6e981ab369677a052cfa1d9208ac95a44f5a910b5fb16d76e49d318b1a128dd5144453cc80734637f59383b09379191621b865980d923440,US English,us,There is much shouting and gesticulation on the appearance of a new moon.,THERE IS MUCH SHOUTING AND GESTICULATION ON THE APPEARANCE OF A NEWNE,98e936c833150166a47983aa33a352eec84096b8bdb786bb51461c289a221eb3
hubert_large,dmsuta,32,stage5ext_00130,228508a13bdcb59b6e981ab369677a052cfa1d9208ac95a44f5a910b5fb16d76e49d318b1a128dd5144453cc80734637f59383b09379191621b865980d923440,US English,us,Previously this variety was believed to be lost.,PREVIOUSLY THIS VARIETY WAS BELIEVED TO BE LOST,98e936c833150166a47983aa33a352eec84096b8bdb786bb51461c289a221eb3
hubert_large,dmsuta,32,stage5ext_00131,228508a13bdcb59b6e981ab369677a052cfa1d9208ac95a44f5a910b5fb16d76e49d318b1a128dd5144453cc80734637f59383b09379191621b865980d923440,US English,us,"Well, next morning, the husband was missing.",WELL NEXT MORNING THE HUSBAND WAS MISSING,98e936c833150166a47983aa33a352eec84096b8bdb786bb51461c289a221eb3
hubert_large,dmsuta,32,stage5ext_00132,228508a13bdcb59b6e981ab369677a052cfa1d9208ac95a44f5a910b5fb16d76e49d318b1a128dd5144453cc80734637f59383b09379191621b865980d923440,US English,us,The heads are then like thongs and solemn in grain and grape-colour.,THE HEADS ARE THEN LIKE TONGS AND SO ON THEN GRAIN IN THE GRAPE COLOR,98e936c833150166a47983aa33a352eec84096b8bdb786bb51461c289a221eb3
hubert_large,dmsuta,33,stage5ext_00133,228508a13bdcb59b6e981ab369677a052cfa1d9208ac95a44f5a910b5fb16d76e49d318b1a128dd5144453cc80734637f59383b09379191621b865980d923440,US English,us,"After retiring, Ehiogu founded his own record label, Dirty Hit.",AFTER RETIRING IXOKI FOUNDED HIS OWN RECARD LABEL DIRTY HIT,04fea58c3606af5252672a531277f0f86b8fb2d42b3a09e5e52c463dd7f7e585
hubert_large,dmsuta,33,stage5ext_00134,228508a13bdcb59b6e981ab369677a052cfa1d9208ac95a44f5a910b5fb16d76e49d318b1a128dd5144453cc80734637f59383b09379191621b865980d923440,US English,us,"Some credit ""earlier notions of political and juridical authority"" in Iran's Safavid period.",SOME CREDIT EARLIER NOTIONS OF POLITICAL AND GERIDICAL AUTHORITY IN IRAN'S SAPAWITE PERIOD,04fea58c3606af5252672a531277f0f86b8fb2d42b3a09e5e52c463dd7f7e585
hubert_large,dmsuta,33,stage5ext_00135,228508a13bdcb59b6e981ab369677a052cfa1d9208ac95a44f5a910b5fb16d76e49d318b1a128dd5144453cc80734637f59383b09379191621b865980d923440,US English,us,"George Washington Riggs died at his home, Green Hill, in Prince George's County, Maryland.",GEORGE WASHINGTON RIK DIED AT HIS HOME GREEN HILL IN PRINCE GEORGE'S COUNTY MARYLAND,04fea58c3606af5252672a531277f0f86b8fb2d42b3a09e5e52c463dd7f7e585
hubert_large,dmsuta,33,stage5ext_00136,720e559efbceae3ffa3e0df1e70d5d276564f71b02f1a3222c7dbbfa55811cbc4ad54045296d28ef121452051dd65e0253f9af4f519f65f29a0690726ba44253,US English,us,"The number of non-Muslim Sufis before the twentieth century, however, was usually relatively few.",THE NUMBER OF NON MOSLEM SUFIS BEFORE THE TWENTIETH CENTURY HOWEVER WAS USUALLY RELATIVELY FEW,04fea58c3606af5252672a531277f0f86b8fb2d42b3a09e5e52c463dd7f7e585
hubert_large,dmsuta,34,stage5ext_00137,720e559efbceae3ffa3e0df1e70d5d276564f71b02f1a3222c7dbbfa55811cbc4ad54045296d28ef121452051dd65e0253f9af4f519f65f29a0690726ba44253,US English,us,"At the party, Jerry meets an attractive woman named Vanessa.",AT THE PARTY JERRY MEETS AN ATTRACTIVE WOMAN NAMED FINESSA,85c557c140324407bc9b98dca9e7b85e82c65245d317b17bfb6bb66334cfeef4
hubert_large,dmsuta,34,stage5ext_00138,720e559efbceae3ffa3e0df1e70d5d276564f71b02f1a3222c7dbbfa55811cbc4ad54045296d28ef121452051dd65e0253f9af4f519f65f29a0690726ba44253,US English,us,Irulan herself appears in person only near the end of the novel.,IRULAN HERSELF APPEARS IN PERSON ONLY NEAR THE END OF THE NOVEL,85c557c140324407bc9b98dca9e7b85e82c65245d317b17bfb6bb66334cfeef4
hubert_large,dmsuta,34,stage5ext_00139,720e559efbceae3ffa3e0df1e70d5d276564f71b02f1a3222c7dbbfa55811cbc4ad54045296d28ef121452051dd65e0253f9af4f519f65f29a0690726ba44253,US English,us,Jump is a yellow dog with brown patches and the pet dog of Tobio.,JUMP IS A YELLOW DOG WITH BROWN PATCHES AND THE PET DOG OF TOBYO,85c557c140324407bc9b98dca9e7b85e82c65245d317b17bfb6bb66334cfeef4
hubert_large,dmsuta,34,stage5ext_00140,720e559efbceae3ffa3e0df1e70d5d276564f71b02f1a3222c7dbbfa55811cbc4ad54045296d28ef121452051dd65e0253f9af4f519f65f29a0690726ba44253,US English,us,It has some popular restaurants including The New Inn.,IT HAS SOME POPULAR RESTAURANTS INCLUDING THE NEW INN,85c557c140324407bc9b98dca9e7b85e82c65245d317b17bfb6bb66334cfeef4
hubert_large,dmsuta,35,stage5ext_00141,720e559efbceae3ffa3e0df1e70d5d276564f71b02f1a3222c7dbbfa55811cbc4ad54045296d28ef121452051dd65e0253f9af4f519f65f29a0690726ba44253,US English,us,The families and genera within the orders are listed in alphabetical order.,THE FAMILIES AND GENERA WITHIN THE ORDERS ARE LISTED IN ALPHABETICAL ORDER,8d16ad8193974675cb2e4a2633233bc60340b1df34db12e7858e5b1d76947c23
hubert_large,dmsuta,35,stage5ext_00142,720e559efbceae3ffa3e0df1e70d5d276564f71b02f1a3222c7dbbfa55811cbc4ad54045296d28ef121452051dd65e0253f9af4f519f65f29a0690726ba44253,US English,us,"This practice remains an important ritual in some remote, tribal societies.",THIS PRACTICE REMAINS AN IMPORTANT RITUAL IN SOME REMOTE TRIBAL SOCIETIES,8d16ad8193974675cb2e4a2633233bc60340b1df34db12e7858e5b1d76947c23
hubert_large,dmsuta,35,stage5ext_00143,720e559efbceae3ffa3e0df1e70d5d276564f71b02f1a3222c7dbbfa55811cbc4ad54045296d28ef121452051dd65e0253f9af4f519f65f29a0690726ba44253,US English,us,A second game also included Carshalton College.,A SECOND GAME ALSO INCLUDED CARSELTON COLLEGE,8d16ad8193974675cb2e4a2633233bc60340b1df34db12e7858e5b1d76947c23
hubert_large,dmsuta,35,stage5ext_00144,720e559efbceae3ffa3e0df1e70d5d276564f71b02f1a3222c7dbbfa55811cbc4ad54045296d28ef121452051dd65e0253f9af4f519f65f29a0690726ba44253,US English,us,Mareya micrantha is said to have local anaesthetic properties.,MARIA MACRANTHA IS SAID TO HAVE LOCAL ANAESTHETIC PROPERTIES,8d16ad8193974675cb2e4a2633233bc60340b1df34db12e7858e5b1d76947c23
hubert_large,dmsuta,36,stage5ext_00145,720e559efbceae3ffa3e0df1e70d5d276564f71b02f1a3222c7dbbfa55811cbc4ad54045296d28ef121452051dd65e0253f9af4f519f65f29a0690726ba44253,US English,us,The expanded section included an enlarged bar.,THE EXPANDED SECTION INCLUDED AN ENLARGED BAR,3bec04e11f4cdf05a7ace9bad0ed6e0f4bbbd838c3f13ee533507caa5ba7582f
hubert_large,dmsuta,36,stage5ext_00146,720e559efbceae3ffa3e0df1e70d5d276564f71b02f1a3222c7dbbfa55811cbc4ad54045296d28ef121452051dd65e0253f9af4f519f65f29a0690726ba44253,US English,us,"This is in contrast to physiology, which deals primarily with function.",THIS IS IN CONTRAST TO PHYSIOLOGY WHICH DEALS PRIMARILY WITH FUNCTION,3bec04e11f4cdf05a7ace9bad0ed6e0f4bbbd838c3f13ee533507caa5ba7582f
hubert_large,dmsuta,36,stage5ext_00147,720e559efbceae3ffa3e0df1e70d5d276564f71b02f1a3222c7dbbfa55811cbc4ad54045296d28ef121452051dd65e0253f9af4f519f65f29a0690726ba44253,US English,us,"When his wife died, Acosta retired and went to live in a hermitage.",WHEN HIS WIFE DIED ACOSTA RETIRED AND WENT TO LIVE IN A HERMITAGE,3bec04e11f4cdf05a7ace9bad0ed6e0f4bbbd838c3f13ee533507caa5ba7582f
hubert_large,dmsuta,36,stage5ext_00148,720e559efbceae3ffa3e0df1e70d5d276564f71b02f1a3222c7dbbfa55811cbc4ad54045296d28ef121452051dd65e0253f9af4f519f65f29a0690726ba44253,US English,us,McNab ruled with an iron fist over the Scottish settlers.,MC NABB RULED WITH AN IRON FIST OVER THE SCOTTISH SETTLERS,3bec04e11f4cdf05a7ace9bad0ed6e0f4bbbd838c3f13ee533507caa5ba7582f
hubert_large,dmsuta,37,stage5ext_00149,720e559efbceae3ffa3e0df1e70d5d276564f71b02f1a3222c7dbbfa55811cbc4ad54045296d28ef121452051dd65e0253f9af4f519f65f29a0690726ba44253,US English,us,"Ricci played a young detective who temporarily partners with Grace, played by Holly Hunter.",RICKIE PLAYED A YOUNG DETECTIVE WHO TEMPORARILY PARTNERS WITH GRACE PLAYED BY HOLLY HUNTER,7f53dda82f9932e34c73ead71ad6f8d113c07926907b406298546bca2d6b648a
hubert_large,dmsuta,37,stage5ext_00150,720e559efbceae3ffa3e0df1e70d5d276564f71b02f1a3222c7dbbfa55811cbc4ad54045296d28ef121452051dd65e0253f9af4f519f65f29a0690726ba44253,US English,us,"It would, in effect, paralyse their co-operation.",IT WOULD IN EFFECT PARALYZE THEIR CO OPERATION,7f53dda82f9932e34c73ead71ad6f8d113c07926907b406298546bca2d6b648a
hubert_large,dmsuta,37,stage5ext_00151,fd0dff3b5f07ca5531d539b5a2d98730836ad0aa3e1b6526ad93f596c546212f2e9c6152141a6d6a86254fe36668b66427df0e1588645c1756157fb92705969a,England English,england,I'm playing for keeps.,I'M GLAD IT KEEPS,7f53dda82f9932e34c73ead71ad6f8d113c07926907b406298546bca2d6b648a
hubert_large,dmsuta,37,stage5ext_00152,fd0dff3b5f07ca5531d539b5a2d98730836ad0aa3e1b6526ad93f596c546212f2e9c6152141a6d6a86254fe36668b66427df0e1588645c1756157fb92705969a,England English,england,His old Ferrari has been compacted to a small cube of metal at the junkyard.,HIS OLD FERRORI HAS BEEN COMPACTED TO A SMALL CUBE OF METAL AT THE JUNK YARD,7f53dda82f9932e34c73ead71ad6f8d113c07926907b406298546bca2d6b648a
hubert_large,dmsuta,38,stage5ext_00153,fd0dff3b5f07ca5531d539b5a2d98730836ad0aa3e1b6526ad93f596c546212f2e9c6152141a6d6a86254fe36668b66427df0e1588645c1756157fb92705969a,England English,england,There was no response from the elders.,THERE WAS NO RESPONSE FROM THE OTHERS,4452ab16d93ef266a32e0b2712cea2b2752ac9583f1847b4362106f422e7c478
hubert_large,dmsuta,38,stage5ext_00154,fd0dff3b5f07ca5531d539b5a2d98730836ad0aa3e1b6526ad93f596c546212f2e9c6152141a6d6a86254fe36668b66427df0e1588645c1756157fb92705969a,England English,england,You're hurting my sore foot.,YOU ARE HURTING MY SORE FOOT,4452ab16d93ef266a32e0b2712cea2b2752ac9583f1847b4362106f422e7c478
hubert_large,dmsuta,38,stage5ext_00155,fd0dff3b5f07ca5531d539b5a2d98730836ad0aa3e1b6526ad93f596c546212f2e9c6152141a6d6a86254fe36668b66427df0e1588645c1756157fb92705969a,England English,england,Studying these key phrases will help you while traveling.,STUDYING THESE KEY PHRASES WILL HELP YOU WHILE TRAVELLING,4452ab16d93ef266a32e0b2712cea2b2752ac9583f1847b4362106f422e7c478
hubert_large,dmsuta,38,stage5ext_00156,fd0dff3b5f07ca5531d539b5a2d98730836ad0aa3e1b6526ad93f596c546212f2e9c6152141a6d6a86254fe36668b66427df0e1588645c1756157fb92705969a,England English,england,Mary told me that she got to meet up with you while she was back in San Francisco.,MARY TOLD ME SHE GOT TO MEET UP WITH YOU WHILE YOU WERE BACK IN SAN FRANCISCO,4452ab16d93ef266a32e0b2712cea2b2752ac9583f1847b4362106f422e7c478
hubert_large,dmsuta,39,stage5ext_00157,fd0dff3b5f07ca5531d539b5a2d98730836ad0aa3e1b6526ad93f596c546212f2e9c6152141a6d6a86254fe36668b66427df0e1588645c1756157fb92705969a,England English,england,Look on the third shelf back of the eye wash.,LOOK ON THE THIRD SHELF BACK OF THE EYEWAS,0ab4d9ee4dc87b18f89ea0a4c436ae04299a430d4d55c9f23750efddc2eb3e23
hubert_large,dmsuta,39,stage5ext_00158,fd0dff3b5f07ca5531d539b5a2d98730836ad0aa3e1b6526ad93f596c546212f2e9c6152141a6d6a86254fe36668b66427df0e1588645c1756157fb92705969a,England English,england,It was Linda Keller!,IT WAS LINDA KELLER,0ab4d9ee4dc87b18f89ea0a4c436ae04299a430d4d55c9f23750efddc2eb3e23
hubert_large,dmsuta,39,stage5ext_00159,fd0dff3b5f07ca5531d539b5a2d98730836ad0aa3e1b6526ad93f596c546212f2e9c6152141a6d6a86254fe36668b66427df0e1588645c1756157fb92705969a,England English,england,Neil Armstrong was the first man to step foot on the moon.,NEAD ARMSTRONG WAS THE FIRST MAN TO STEP FOOT ON THE MOON,0ab4d9ee4dc87b18f89ea0a4c436ae04299a430d4d55c9f23750efddc2eb3e23
hubert_large,dmsuta,39,stage5ext_00160,fd0dff3b5f07ca5531d539b5a2d98730836ad0aa3e1b6526ad93f596c546212f2e9c6152141a6d6a86254fe36668b66427df0e1588645c1756157fb92705969a,England English,england,You go on and practice.,YOU GO ON AND PRACTISE,0ab4d9ee4dc87b18f89ea0a4c436ae04299a430d4d55c9f23750efddc2eb3e23
hubert_large,dmsuta,40,stage5ext_00161,fd0dff3b5f07ca5531d539b5a2d98730836ad0aa3e1b6526ad93f596c546212f2e9c6152141a6d6a86254fe36668b66427df0e1588645c1756157fb92705969a,England English,england,Storm increasing over the Rockies.,STORM INCREASING OVER THE ROCKIES,051132cbd787e6e250add9cf6134664e2c338bd29718c5dfb0d35ddd91784bdc
hubert_large,dmsuta,40,stage5ext_00162,fd0dff3b5f07ca5531d539b5a2d98730836ad0aa3e1b6526ad93f596c546212f2e9c6152141a6d6a86254fe36668b66427df0e1588645c1756157fb92705969a,England English,england,Witnesses report two armed suspects and four hostages.,WITNESSES REPORT TWO ARMED SUSPECTS AND FOUR HOSTAGES,051132cbd787e6e250add9cf6134664e2c338bd29718c5dfb0d35ddd91784bdc
hubert_large,dmsuta,40,stage5ext_00163,fd0dff3b5f07ca5531d539b5a2d98730836ad0aa3e1b6526ad93f596c546212f2e9c6152141a6d6a86254fe36668b66427df0e1588645c1756157fb92705969a,England English,england,"If you know of other games that play well with hands-free control, please post in the comments.",IF YOU KNOW OF OTHER GAMES THAT PLAY WELL WITH HANDS FREE CONTROL PLEASE POST IN THE COMMENTS,051132cbd787e6e250add9cf6134664e2c338bd29718c5dfb0d35ddd91784bdc
hubert_large,dmsuta,40,stage5ext_00164,fd0dff3b5f07ca5531d539b5a2d98730836ad0aa3e1b6526ad93f596c546212f2e9c6152141a6d6a86254fe36668b66427df0e1588645c1756157fb92705969a,England English,england,"Two caribous in a queue, they didn't have a clue, that I was using their flue, to write a poem for you.",TWO CARIBOOS IN A CUE THEY DIDN'T HAVE A CLUE THAT I WAS USING THEIR FLUE TO WRITE A POEM FOR YOU,051132cbd787e6e250add9cf6134664e2c338bd29718c5dfb0d35ddd91784bdc
hubert_large,dmsuta,41,stage5ext_00165,fd0dff3b5f07ca5531d539b5a2d98730836ad0aa3e1b6526ad93f596c546212f2e9c6152141a6d6a86254fe36668b66427df0e1588645c1756157fb92705969a,England English,england,With a bag of marshmallows.,WITH A BAG OF MARSH MEADOWS,eba8e07861f00ce9454739faaacc327e99a626703e961b8dcfc69fd1e04994da
hubert_large,dmsuta,41,stage5ext_00166,fdcab9861a3de8913b99470efefdd496f7500e233d7a34a4bf246ca2321426334f7206282773114305bb5b045ee084a0c9e50c6160fc40ac34ba2009e1997f8f,England English,england,"Teresa, Mildrid, Ralph, and Vonda all arrived yesterday evening.",TERESA MILDRED RALPH AND BUNDER ALL ARRIVED YESTERDAY EVENING,eba8e07861f00ce9454739faaacc327e99a626703e961b8dcfc69fd1e04994da
hubert_large,dmsuta,41,stage5ext_00167,fdcab9861a3de8913b99470efefdd496f7500e233d7a34a4bf246ca2321426334f7206282773114305bb5b045ee084a0c9e50c6160fc40ac34ba2009e1997f8f,England English,england,"Somehow, the paragraphs blurred into each other.",SOMEHOW THE PARAGRAPHS BLURRED INTO EACH OTHER,eba8e07861f00ce9454739faaacc327e99a626703e961b8dcfc69fd1e04994da
hubert_large,dmsuta,41,stage5ext_00168,fdcab9861a3de8913b99470efefdd496f7500e233d7a34a4bf246ca2321426334f7206282773114305bb5b045ee084a0c9e50c6160fc40ac34ba2009e1997f8f,England English,england,"Now, attend to me.",NO ATTEND TO ME,eba8e07861f00ce9454739faaacc327e99a626703e961b8dcfc69fd1e04994da
hubert_large,dmsuta,42,stage5ext_00169,fdcab9861a3de8913b99470efefdd496f7500e233d7a34a4bf246ca2321426334f7206282773114305bb5b045ee084a0c9e50c6160fc40ac34ba2009e1997f8f,England English,england,"Oh man, I think I got friend-zoned once again.",O MAN I THINK I'VE GOT FRIENDS OWNED ONCE AGAIN,a65bc925ea9398fb3b875530109d7a67334bd6af8040f32fc415a358a4c51575
hubert_large,dmsuta,42,stage5ext_00170,fdcab9861a3de8913b99470efefdd496f7500e233d7a34a4bf246ca2321426334f7206282773114305bb5b045ee084a0c9e50c6160fc40ac34ba2009e1997f8f,England English,england,"Hooray, we're going to Alaska!",HOMAY WE'RE GOING TO ALASKA,a65bc925ea9398fb3b875530109d7a67334bd6af8040f32fc415a358a4c51575
hubert_large,dmsuta,42,stage5ext_00171,fdcab9861a3de8913b99470efefdd496f7500e233d7a34a4bf246ca2321426334f7206282773114305bb5b045ee084a0c9e50c6160fc40ac34ba2009e1997f8f,England English,england,"The landing was dimly light by a single, bare, low-power light-bulb.",THE LANDING WAS DIMLY LIT BY A SINGLE BARE NO POWER LIGHTBOLD,a65bc925ea9398fb3b875530109d7a67334bd6af8040f32fc415a358a4c51575
hubert_large,dmsuta,42,stage5ext_00172,fdcab9861a3de8913b99470efefdd496f7500e233d7a34a4bf246ca2321426334f7206282773114305bb5b045ee084a0c9e50c6160fc40ac34ba2009e1997f8f,England English,england,Aren't we godlike?,AREN'T WE GODLIKE,a65bc925ea9398fb3b875530109d7a67334bd6af8040f32fc415a358a4c51575
hubert_large,dmsuta,43,stage5ext_00173,fdcab9861a3de8913b99470efefdd496f7500e233d7a34a4bf246ca2321426334f7206282773114305bb5b045ee084a0c9e50c6160fc40ac34ba2009e1997f8f,England English,england,Where is my dress?,WHERE IS MY DRESS,b722d153e8cd541ba46f24f370f27750cb086c81f2122708d574740febd1ca94
hubert_large,dmsuta,43,stage5ext_00174,fdcab9861a3de8913b99470efefdd496f7500e233d7a34a4bf246ca2321426334f7206282773114305bb5b045ee084a0c9e50c6160fc40ac34ba2009e1997f8f,England English,england,Where are you going?,WHERE ARE YOU GOING,b722d153e8cd541ba46f24f370f27750cb086c81f2122708d574740febd1ca94
hubert_large,dmsuta,43,stage5ext_00175,fdcab9861a3de8913b99470efefdd496f7500e233d7a34a4bf246ca2321426334f7206282773114305bb5b045ee084a0c9e50c6160fc40ac34ba2009e1997f8f,England English,england,"When you're at a party and somebody says ""banana bread"", a sniper might be near you.",WHEN YOU'RE AT A PARTY AND SOMEBODY SAYS THE NANA BRED A SNIPER MIGHT BE NEAR YOU,b722d153e8cd541ba46f24f370f27750cb086c81f2122708d574740febd1ca94
hubert_large,dmsuta,43,stage5ext_00176,fdcab9861a3de8913b99470efefdd496f7500e233d7a34a4bf246ca2321426334f7206282773114305bb5b045ee084a0c9e50c6160fc40ac34ba2009e1997f8f,England English,england,"She was beautiful from behind, but he couldn't see her face yet.",SHE WAS BEAUTIFUL FROM BEHIND BUT HE COULDN'T SEE HER FACE YET,b722d153e8cd541ba46f24f370f27750cb086c81f2122708d574740febd1ca94
hubert_large,dmsuta,44,stage5ext_00177,fdcab9861a3de8913b99470efefdd496f7500e233d7a34a4bf246ca2321426334f7206282773114305bb5b045ee084a0c9e50c6160fc40ac34ba2009e1997f8f,England English,england,Didn't you know that?,DIDN'T YOU KNOW THAT,ffe5181686c914ee73098f81c753b454094a72de73ac8e418561142ad6a74d5e
hubert_large,dmsuta,44,stage5ext_00178,fdcab9861a3de8913b99470efefdd496f7500e233d7a34a4bf246ca2321426334f7206282773114305bb5b045ee084a0c9e50c6160fc40ac34ba2009e1997f8f,England English,england,What else can I do?,WHAT ELSE CAN I DO,ffe5181686c914ee73098f81c753b454094a72de73ac8e418561142ad6a74d5e
hubert_large,dmsuta,44,stage5ext_00179,fdcab9861a3de8913b99470efefdd496f7500e233d7a34a4bf246ca2321426334f7206282773114305bb5b045ee084a0c9e50c6160fc40ac34ba2009e1997f8f,England English,england,May I borrow your bolster?,MAY I BORROW YOUR BOLSTER,ffe5181686c914ee73098f81c753b454094a72de73ac8e418561142ad6a74d5e
hubert_large,dmsuta,44,stage5ext_00180,fdcab9861a3de8913b99470efefdd496f7500e233d7a34a4bf246ca2321426334f7206282773114305bb5b045ee084a0c9e50c6160fc40ac34ba2009e1997f8f,England English,england,"They walked in from the rain, all dishevelled and steaming.",THEY WALKED IN FROM THE RAIN ALL DISHEVELLED AND STEAMING,ffe5181686c914ee73098f81c753b454094a72de73ac8e418561142ad6a74d5e
hubert_large,dmsuta,45,stage5ext_00181,7485d1e4fd50cc3801883f44ba2eaca4d5d18deb062c87bb6dd533c6db6cdca2a4b53ec84620337d88bc4417c254ba46b7f21517d0bec5305dd08e43c791410c,England English,england,Both have a notably red eye.,BOTH HAVE A NOTABLY RED EYE,fe5f946b193d5cc116d43bcce88886656c8ebd09fc301642665ef3e8cc38723f
hubert_large,dmsuta,45,stage5ext_00182,7485d1e4fd50cc3801883f44ba2eaca4d5d18deb062c87bb6dd533c6db6cdca2a4b53ec84620337d88bc4417c254ba46b7f21517d0bec5305dd08e43c791410c,England English,england,"At the conclusion of the season, Kerry and ThorSport Racing went their separate ways.",AT THE CONCLUSION OF THE SEASON CERREY AND THORSPORT RACING WENT THEIR SEPARATE WAYS,fe5f946b193d5cc116d43bcce88886656c8ebd09fc301642665ef3e8cc38723f
hubert_large,dmsuta,45,stage5ext_00183,7485d1e4fd50cc3801883f44ba2eaca4d5d18deb062c87bb6dd533c6db6cdca2a4b53ec84620337d88bc4417c254ba46b7f21517d0bec5305dd08e43c791410c,England English,england,Prasterone is a steroid hormone.,PRASTRONE IS A STEROID HORMONE,fe5f946b193d5cc116d43bcce88886656c8ebd09fc301642665ef3e8cc38723f
hubert_large,dmsuta,45,stage5ext_00184,7485d1e4fd50cc3801883f44ba2eaca4d5d18deb062c87bb6dd533c6db6cdca2a4b53ec84620337d88bc4417c254ba46b7f21517d0bec5305dd08e43c791410c,England English,england,"A natural key is sometimes called ""domain key"".",A NATURAL KEY IS SOMETIMES CALLED DEMAIN KEY,fe5f946b193d5cc116d43bcce88886656c8ebd09fc301642665ef3e8cc38723f
hubert_large,dmsuta,46,stage5ext_00185,7485d1e4fd50cc3801883f44ba2eaca4d5d18deb062c87bb6dd533c6db6cdca2a4b53ec84620337d88bc4417c254ba46b7f21517d0bec5305dd08e43c791410c,England English,england,In China also along with Confucianism developed the tradition of Legalism.,IN CHINA ALSO ALONG WITH CONFUCIANISM DEVELOPED THE TRADITION OF LEGALISM,884849bcfadd0235a85faa8d720663beab2703de9d26b812abc5a491ab33e67e
hubert_large,dmsuta,46,stage5ext_00186,7485d1e4fd50cc3801883f44ba2eaca4d5d18deb062c87bb6dd533c6db6cdca2a4b53ec84620337d88bc4417c254ba46b7f21517d0bec5305dd08e43c791410c,England English,england,"Deeley describes her religious affiliation as Anglican, although she was not christened.",DEALIY DESCRIBED HER RELIGIOUS AFFILIATIONS AS ANGLICAN ALTHOUGH SHE WAS NOT CHRISTENED,884849bcfadd0235a85faa8d720663beab2703de9d26b812abc5a491ab33e67e
hubert_large,dmsuta,46,stage5ext_00187,7485d1e4fd50cc3801883f44ba2eaca4d5d18deb062c87bb6dd533c6db6cdca2a4b53ec84620337d88bc4417c254ba46b7f21517d0bec5305dd08e43c791410c,England English,england,The program highlighted Chadwick's hometown of San Diego.,THE PROGRAMME HIGHLIGHTED CHADWICK'S HOMETOWN OF SAN DIEGO,884849bcfadd0235a85faa8d720663beab2703de9d26b812abc5a491ab33e67e
hubert_large,dmsuta,46,stage5ext_00188,7485d1e4fd50cc3801883f44ba2eaca4d5d18deb062c87bb6dd533c6db6cdca2a4b53ec84620337d88bc4417c254ba46b7f21517d0bec5305dd08e43c791410c,England English,england,"The township calls itself ""New Jersey's Largest Municipality"" on its stationery and its website.",THE TOWNSHIP CALLS ITSELF NEW JERSEY'S LARGEST MUNICIPALITY ON ITS STATIONARY AND ITS WEBSITE,884849bcfadd0235a85faa8d720663beab2703de9d26b812abc5a491ab33e67e
hubert_large,dmsuta,47,stage5ext_00189,7485d1e4fd50cc3801883f44ba2eaca4d5d18deb062c87bb6dd533c6db6cdca2a4b53ec84620337d88bc4417c254ba46b7f21517d0bec5305dd08e43c791410c,England English,england,Morrow County is considered to be a part of Mid Ohio.,MORROW COUNTY IS CONSIDERED TO BE PART OF MID OHIO,f8b796cba76bef6894d04a93e2e695b1f0e20ec8ed6f8c88cda89121ebd1c50b
hubert_large,dmsuta,47,stage5ext_00190,7485d1e4fd50cc3801883f44ba2eaca4d5d18deb062c87bb6dd533c6db6cdca2a4b53ec84620337d88bc4417c254ba46b7f21517d0bec5305dd08e43c791410c,England English,england,Bryan disliked the Klan but never publicly attacked it.,BRYAN DISLIKED THE CLAN BUT NEVER PUBLICLY ATTACKED IT,f8b796cba76bef6894d04a93e2e695b1f0e20ec8ed6f8c88cda89121ebd1c50b
hubert_large,dmsuta,47,stage5ext_00191,7485d1e4fd50cc3801883f44ba2eaca4d5d18deb062c87bb6dd533c6db6cdca2a4b53ec84620337d88bc4417c254ba46b7f21517d0bec5305dd08e43c791410c,England English,england,The area around present-day Yokosuka city has been inhabited for thousands of years.,THE AREA AROUND PRESENT DAY YOKOSUKA CITY HAS BEEN INHABITED FOR THOUSANDS OF YEARS,f8b796cba76bef6894d04a93e2e695b1f0e20ec8ed6f8c88cda89121ebd1c50b
hubert_large,dmsuta,47,stage5ext_00192,7485d1e4fd50cc3801883f44ba2eaca4d5d18deb062c87bb6dd533c6db6cdca2a4b53ec84620337d88bc4417c254ba46b7f21517d0bec5305dd08e43c791410c,England English,england,Original music for the film was composed by Rachel Portman.,ORIGINAL MUSIC FOR THE FILM WAS COMPOSED BY RACHAEL PORTMAN,f8b796cba76bef6894d04a93e2e695b1f0e20ec8ed6f8c88cda89121ebd1c50b
hubert_large,dmsuta,48,stage5ext_00193,7485d1e4fd50cc3801883f44ba2eaca4d5d18deb062c87bb6dd533c6db6cdca2a4b53ec84620337d88bc4417c254ba46b7f21517d0bec5305dd08e43c791410c,England English,england,It has a Rocky Top address.,IT HAS A ROCKY TOP ADDRESS,a38f2c7346952757d8fc9b3af60f4958c06db5998f3183d3454f6c0c1770f9c5
hubert_large,dmsuta,48,stage5ext_00194,7485d1e4fd50cc3801883f44ba2eaca4d5d18deb062c87bb6dd533c6db6cdca2a4b53ec84620337d88bc4417c254ba46b7f21517d0bec5305dd08e43c791410c,England English,england,He was also created the Marquess of Hedong.,HE WAS ALSO CREATED THE MARQUIS OF HENDONG,a38f2c7346952757d8fc9b3af60f4958c06db5998f3183d3454f6c0c1770f9c5
hubert_large,dmsuta,48,stage5ext_00195,7485d1e4fd50cc3801883f44ba2eaca4d5d18deb062c87bb6dd533c6db6cdca2a4b53ec84620337d88bc4417c254ba46b7f21517d0bec5305dd08e43c791410c,England English,england,"However, there are strong reasons to doubt that this is him.",HOWEVER THERE ARE STRONG REASONS TO DOUBT THAT THIS IS HIM,a38f2c7346952757d8fc9b3af60f4958c06db5998f3183d3454f6c0c1770f9c5
hubert_large,dmsuta,48,stage5ext_00196,3660ede2a2a5b5d649342a4a5c04e6b398b1247566aad9c6f059a84e8fa5405dd489100055b29dec8fa9b337b3661c001754f4f302bb85bd39eac24bee4023fe,England English,england,The old man returned the book to the boy.,THE OLD MAN RETURNED THE BOOK TO THE BOY,a38f2c7346952757d8fc9b3af60f4958c06db5998f3183d3454f6c0c1770f9c5
hubert_large,dmsuta,49,stage5ext_00197,3660ede2a2a5b5d649342a4a5c04e6b398b1247566aad9c6f059a84e8fa5405dd489100055b29dec8fa9b337b3661c001754f4f302bb85bd39eac24bee4023fe,England English,england,"From where he sat, he could observe the plaza.",FROM WHERE HE SAT HE COULD OBSERVE THE PLAZA,24c47e0c07f6d3433d618c567ee3c81d981a155943a5142b452a9579b807299e
hubert_large,dmsuta,49,stage5ext_00198,3660ede2a2a5b5d649342a4a5c04e6b398b1247566aad9c6f059a84e8fa5405dd489100055b29dec8fa9b337b3661c001754f4f302bb85bd39eac24bee4023fe,England English,england,He could always go back to being a shepherd.,HE COULD ALWAYS GO BACK TO BEING A SHEPHERD,24c47e0c07f6d3433d618c567ee3c81d981a155943a5142b452a9579b807299e
hubert_large,dmsuta,49,stage5ext_00199,3660ede2a2a5b5d649342a4a5c04e6b398b1247566aad9c6f059a84e8fa5405dd489100055b29dec8fa9b337b3661c001754f4f302bb85bd39eac24bee4023fe,England English,england,A large piece suddenly came off and fell with a loud and sharp noise.,A LARGE PIECE SUDDENLY CAME OFF AND FELL WITH A LOUD AND SHARP NOISE,24c47e0c07f6d3433d618c567ee3c81d981a155943a5142b452a9579b807299e
hubert_large,dmsuta,49,stage5ext_00200,3660ede2a2a5b5d649342a4a5c04e6b398b1247566aad9c6f059a84e8fa5405dd489100055b29dec8fa9b337b3661c001754f4f302bb85bd39eac24bee4023fe,England English,england,The boy thought of Fatima.,THE BOY THOUGHT OF FATIMO,24c47e0c07f6d3433d618c567ee3c81d981a155943a5142b452a9579b807299e
hubert_large,dmsuta,50,stage5ext_00201,3660ede2a2a5b5d649342a4a5c04e6b398b1247566aad9c6f059a84e8fa5405dd489100055b29dec8fa9b337b3661c001754f4f302bb85bd39eac24bee4023fe,England English,england,"Curse the moment I met that old man, he thought.",CURSE THE MOMENT I MEANT THAT OLD MAN HE THOUGHT,7842dc1656e5e43673c67257a6c8ace5bfbf8f071a4abb00f507b6a42f647a4b
hubert_large,dmsuta,50,stage5ext_00202,3660ede2a2a5b5d649342a4a5c04e6b398b1247566aad9c6f059a84e8fa5405dd489100055b29dec8fa9b337b3661c001754f4f302bb85bd39eac24bee4023fe,England English,england,"Something older than humanity, more ancient than the desert.",SOMETHING OLDER THAN HUMANITY MORE ANCIENT THAN THE DESERT,7842dc1656e5e43673c67257a6c8ace5bfbf8f071a4abb00f507b6a42f647a4b
hubert_large,dmsuta,50,stage5ext_00203,3660ede2a2a5b5d649342a4a5c04e6b398b1247566aad9c6f059a84e8fa5405dd489100055b29dec8fa9b337b3661c001754f4f302bb85bd39eac24bee4023fe,England English,england,The boy became fearful; the omens told him that something was wrong.,THE BOY BECAME FEARFUL THE OMENS TOLD HIM THAT SOMETHING WAS WRONG,7842dc1656e5e43673c67257a6c8ace5bfbf8f071a4abb00f507b6a42f647a4b
hubert_large,dmsuta,50,stage5ext_00204,3660ede2a2a5b5d649342a4a5c04e6b398b1247566aad9c6f059a84e8fa5405dd489100055b29dec8fa9b337b3661c001754f4f302bb85bd39eac24bee4023fe,England English,england,The turf and gravel around it seemed charred as if by a sudden explosion.,THE TURF AND GRAVEL AROUND IT SEEMED CHARRED AS IF BY A SUDDEN EXPLOSION,7842dc1656e5e43673c67257a6c8ace5bfbf8f071a4abb00f507b6a42f647a4b
hubert_large,dmsuta,51,stage5ext_00205,3660ede2a2a5b5d649342a4a5c04e6b398b1247566aad9c6f059a84e8fa5405dd489100055b29dec8fa9b337b3661c001754f4f302bb85bd39eac24bee4023fe,England English,england,"Everything in the universe evolved, he said.",EVERYTHING IN THE UNIVERSE EVOLVED HE SAID,e8b5cba4847cde5a636b729e01b32191f8e2b40248795ea7abfb19374a9a80ba
hubert_large,dmsuta,51,stage5ext_00206,3660ede2a2a5b5d649342a4a5c04e6b398b1247566aad9c6f059a84e8fa5405dd489100055b29dec8fa9b337b3661c001754f4f302bb85bd39eac24bee4023fe,England English,england,He stood irresolute for a moment and then scrambled out of the pit.,HE STOOD IRRESOLUTE FOR A MOMENT AND THEN SCRAMBLED OUT OF THE PIT,e8b5cba4847cde5a636b729e01b32191f8e2b40248795ea7abfb19374a9a80ba
hubert_large,dmsuta,51,stage5ext_00207,3660ede2a2a5b5d649342a4a5c04e6b398b1247566aad9c6f059a84e8fa5405dd489100055b29dec8fa9b337b3661c001754f4f302bb85bd39eac24bee4023fe,England English,england,They reminded him of the old man.,THEY REMINDED HIM OF THE OLD MAN,e8b5cba4847cde5a636b729e01b32191f8e2b40248795ea7abfb19374a9a80ba
hubert_large,dmsuta,51,stage5ext_00208,3660ede2a2a5b5d649342a4a5c04e6b398b1247566aad9c6f059a84e8fa5405dd489100055b29dec8fa9b337b3661c001754f4f302bb85bd39eac24bee4023fe,England English,england,It made me very depressed.,IT MADE ME VERY DEPRESSED,e8b5cba4847cde5a636b729e01b32191f8e2b40248795ea7abfb19374a9a80ba
hubert_large,dmsuta,52,stage5ext_00209,3660ede2a2a5b5d649342a4a5c04e6b398b1247566aad9c6f059a84e8fa5405dd489100055b29dec8fa9b337b3661c001754f4f302bb85bd39eac24bee4023fe,England English,england,"The desert takes our men from us, and they don't always return, she said.",THE DESERT TAKES OUR MEN FROM US AND THEY DON'T ALWAYS RETURN SHE SAID,c7afc215c66e2e6556ff6328591d7caabab5974fec6b1a5cccd5b8d178396086
hubert_large,dmsuta,52,stage5ext_00210,3660ede2a2a5b5d649342a4a5c04e6b398b1247566aad9c6f059a84e8fa5405dd489100055b29dec8fa9b337b3661c001754f4f302bb85bd39eac24bee4023fe,England English,england,"I'm not going very far, the alchemist answered, looking straight into the eyes of the horsemen.",I'M NOT GOING VERY FAR THE ALCHEMIST ANSWERED LOOKING STRAIGHT INTO THE EYES OF THE HORSEMAN,c7afc215c66e2e6556ff6328591d7caabab5974fec6b1a5cccd5b8d178396086
hubert_large,dmsuta,52,stage5ext_00211,8a8222dab0c0c42714216b9bd4c9df455639a8ab6bf3e8b9f2bfcacf53429403cad2b28435366b158f4e53f423dd2371753476ff45cef46cde7012b3f749dd14,England English,england,How can I help you madam?,HOW CAN I HELP YOU MADAME,c7afc215c66e2e6556ff6328591d7caabab5974fec6b1a5cccd5b8d178396086
hubert_large,dmsuta,52,stage5ext_00212,8a8222dab0c0c42714216b9bd4c9df455639a8ab6bf3e8b9f2bfcacf53429403cad2b28435366b158f4e53f423dd2371753476ff45cef46cde7012b3f749dd14,England English,england,"The very next day, he woke refreshed.",THE VERY NEXT DAY HE WOKE REFRESHED,c7afc215c66e2e6556ff6328591d7caabab5974fec6b1a5cccd5b8d178396086
hubert_large,dmsuta,53,stage5ext_00213,8a8222dab0c0c42714216b9bd4c9df455639a8ab6bf3e8b9f2bfcacf53429403cad2b28435366b158f4e53f423dd2371753476ff45cef46cde7012b3f749dd14,England English,england,"The C++ framework Qt is pronounced like ""cute"".",THE SEPLUS PLUS FRAMEWORK CU T IS PRONOUNCED LIKE CUTES,5eac6794fcfc54cc2737f95211e58116bf0c05e2f66bbfa5375880841109a9f4
hubert_large,dmsuta,53,stage5ext_00214,8a8222dab0c0c42714216b9bd4c9df455639a8ab6bf3e8b9f2bfcacf53429403cad2b28435366b158f4e53f423dd2371753476ff45cef46cde7012b3f749dd14,England English,england,"Please use normal slashes, not backslashes.",PLEASE USE NORMAL SLASHES NOT BACKSLASHES,5eac6794fcfc54cc2737f95211e58116bf0c05e2f66bbfa5375880841109a9f4
hubert_large,dmsuta,53,stage5ext_00215,8a8222dab0c0c42714216b9bd4c9df455639a8ab6bf3e8b9f2bfcacf53429403cad2b28435366b158f4e53f423dd2371753476ff45cef46cde7012b3f749dd14,England English,england,What did I tell you?,WHAT DID I TELL YOU,5eac6794fcfc54cc2737f95211e58116bf0c05e2f66bbfa5375880841109a9f4
hubert_large,dmsuta,53,stage5ext_00216,8a8222dab0c0c42714216b9bd4c9df455639a8ab6bf3e8b9f2bfcacf53429403cad2b28435366b158f4e53f423dd2371753476ff45cef46cde7012b3f749dd14,England English,england,"They are very impressive, I will admit.",THEY ARE VERY IMPRESSIVE I WILL ADMIT,5eac6794fcfc54cc2737f95211e58116bf0c05e2f66bbfa5375880841109a9f4
hubert_large,dmsuta,54,stage5ext_00217,8a8222dab0c0c42714216b9bd4c9df455639a8ab6bf3e8b9f2bfcacf53429403cad2b28435366b158f4e53f423dd2371753476ff45cef46cde7012b3f749dd14,England English,england,"On his visit in Iran, the diplomat criticized the strict censorship.",ON HIS VIS AN IRAN THE DIPLOMAT CRITICISED THE STRICT CENSORSHIP,e3acf82df60cb3a002e2d904a6a039bdf3a457392b32b8579520ea27d31fd9f3
hubert_large,dmsuta,54,stage5ext_00218,8a8222dab0c0c42714216b9bd4c9df455639a8ab6bf3e8b9f2bfcacf53429403cad2b28435366b158f4e53f423dd2371753476ff45cef46cde7012b3f749dd14,England English,england,"Roger, the backup team is on the way.",ROGER THE BACK UP TEAM IS ON THE WAY,e3acf82df60cb3a002e2d904a6a039bdf3a457392b32b8579520ea27d31fd9f3
hubert_large,dmsuta,54,stage5ext_00219,8a8222dab0c0c42714216b9bd4c9df455639a8ab6bf3e8b9f2bfcacf53429403cad2b28435366b158f4e53f423dd2371753476ff45cef46cde7012b3f749dd14,England English,england,Do you know what kind of package it was?,DO YOU KNOW WHAT KIND OF PACKAGE IT WAS,e3acf82df60cb3a002e2d904a6a039bdf3a457392b32b8579520ea27d31fd9f3
hubert_large,dmsuta,54,stage5ext_00220,8a8222dab0c0c42714216b9bd4c9df455639a8ab6bf3e8b9f2bfcacf53429403cad2b28435366b158f4e53f423dd2371753476ff45cef46cde7012b3f749dd14,England English,england,And what did you do then?,AND WHAT DID YOU DO THEN,e3acf82df60cb3a002e2d904a6a039bdf3a457392b32b8579520ea27d31fd9f3
hubert_large,dmsuta,55,stage5ext_00221,8a8222dab0c0c42714216b9bd4c9df455639a8ab6bf3e8b9f2bfcacf53429403cad2b28435366b158f4e53f423dd2371753476ff45cef46cde7012b3f749dd14,England English,england,Have I offended you?,HAVE I OFFENDED YOU,a11f319987e7dc9bf1d0e875bd239a1cbd2026041df913d364ab1f672bd41f98
hubert_large,dmsuta,55,stage5ext_00222,8a8222dab0c0c42714216b9bd4c9df455639a8ab6bf3e8b9f2bfcacf53429403cad2b28435366b158f4e53f423dd2371753476ff45cef46cde7012b3f749dd14,England English,england,How is Mozilla going to handle ambiguities like queue and cue?,HOW IS MAZIL GOING TO HANDLE AMBIGOTIES LIKE KU AND KU,a11f319987e7dc9bf1d0e875bd239a1cbd2026041df913d364ab1f672bd41f98
hubert_large,dmsuta,55,stage5ext_00223,8a8222dab0c0c42714216b9bd4c9df455639a8ab6bf3e8b9f2bfcacf53429403cad2b28435366b158f4e53f423dd2371753476ff45cef46cde7012b3f749dd14,England English,england,"Let's start it all over again, how about that?",LET'S START IT ALL OVER AGAIN HOW ABOUT THAT,a11f319987e7dc9bf1d0e875bd239a1cbd2026041df913d364ab1f672bd41f98
hubert_large,dmsuta,55,stage5ext_00224,8a8222dab0c0c42714216b9bd4c9df455639a8ab6bf3e8b9f2bfcacf53429403cad2b28435366b158f4e53f423dd2371753476ff45cef46cde7012b3f749dd14,England English,england,"Glass eel is on the menu today, but it's too expensive.",GLASS EEL IS ON THE MENU TO DAY BUT IT'S TOO EXPENSIVE,a11f319987e7dc9bf1d0e875bd239a1cbd2026041df913d364ab1f672bd41f98
hubert_large,dmsuta,56,stage5ext_00225,8a8222dab0c0c42714216b9bd4c9df455639a8ab6bf3e8b9f2bfcacf53429403cad2b28435366b158f4e53f423dd2371753476ff45cef46cde7012b3f749dd14,England English,england,Do you have Nina's phone number?,DO YOU HAVE NINES FONUMBER,99df3ad90ca95d84c989f1c3909b82e722a3f914a393482f5e7b0bc5efe7c0a7
hubert_large,dmsuta,56,stage5ext_00226,f25805de2cc32954193ecf06eea5b03b4bfdb4bfb76079cb6962fa8e301d5037ef953ff8c308458f121dfbc0f9933692b0eaee142f42a33ef6b7be7df794ed3b,England English,england,I wrote that for Tony Scott.,I WROTE THAT FOR TONY SCOTT,99df3ad90ca95d84c989f1c3909b82e722a3f914a393482f5e7b0bc5efe7c0a7
hubert_large,dmsuta,56,stage5ext_00227,f25805de2cc32954193ecf06eea5b03b4bfdb4bfb76079cb6962fa8e301d5037ef953ff8c308458f121dfbc0f9933692b0eaee142f42a33ef6b7be7df794ed3b,England English,england,The atoll is surrounded by a coral reef without a proper passage.,THE ATTOL IS SURROUNDED BY A CORAL REEF WITHOUT A PROPER PASSAGE,99df3ad90ca95d84c989f1c3909b82e722a3f914a393482f5e7b0bc5efe7c0a7
hubert_large,dmsuta,56,stage5ext_00228,f25805de2cc32954193ecf06eea5b03b4bfdb4bfb76079cb6962fa8e301d5037ef953ff8c308458f121dfbc0f9933692b0eaee142f42a33ef6b7be7df794ed3b,England English,england,There are conflicting reports as to why Blair was asked to resign.,THERE ARE CONFLICTING REPORTS AS TO WHY BLAIR WAS ASKED TO RESIGN,99df3ad90ca95d84c989f1c3909b82e722a3f914a393482f5e7b0bc5efe7c0a7
hubert_large,dmsuta,57,stage5ext_00229,f25805de2cc32954193ecf06eea5b03b4bfdb4bfb76079cb6962fa8e301d5037ef953ff8c308458f121dfbc0f9933692b0eaee142f42a33ef6b7be7df794ed3b,England English,england,There they visited a number of monastic foundations.,THERE THEY VISITED A NUMBER OF MONASTIC FOUNDATIONS,5fba1c2f447f76483750163f8cea91fe3a58a803798a08fe35db9764e4043d3b
hubert_large,dmsuta,57,stage5ext_00230,f25805de2cc32954193ecf06eea5b03b4bfdb4bfb76079cb6962fa8e301d5037ef953ff8c308458f121dfbc0f9933692b0eaee142f42a33ef6b7be7df794ed3b,England English,england,"The information regarding Amrod's naming, especially, comes from ""The Peoples of Middle-earth"".",THE INFORMATION REGARDING AMROD'S NAMIN ESPECIALLY COMES FROM THE PEOPLES OF MIDDLE EARTH,5fba1c2f447f76483750163f8cea91fe3a58a803798a08fe35db9764e4043d3b
hubert_large,dmsuta,57,stage5ext_00231,f25805de2cc32954193ecf06eea5b03b4bfdb4bfb76079cb6962fa8e301d5037ef953ff8c308458f121dfbc0f9933692b0eaee142f42a33ef6b7be7df794ed3b,England English,england,"It is located within the borders of Gothenburg Municipality, hence its name.",IT IS LOCATED WITHIN THE BORDERS OF GOTTENBURG MUNICIPALITY HENCE ITS NAME,5fba1c2f447f76483750163f8cea91fe3a58a803798a08fe35db9764e4043d3b
hubert_large,dmsuta,57,stage5ext_00232,f25805de2cc32954193ecf06eea5b03b4bfdb4bfb76079cb6962fa8e301d5037ef953ff8c308458f121dfbc0f9933692b0eaee142f42a33ef6b7be7df794ed3b,England English,england,Billy May won the Grammy Award for Best Arrangement.,BILLY MAY WON THE GRAMMY AWARD FOR BEST ARRANGEMENT,5fba1c2f447f76483750163f8cea91fe3a58a803798a08fe35db9764e4043d3b
hubert_large,dmsuta,58,stage5ext_00233,f25805de2cc32954193ecf06eea5b03b4bfdb4bfb76079cb6962fa8e301d5037ef953ff8c308458f121dfbc0f9933692b0eaee142f42a33ef6b7be7df794ed3b,England English,england,Three additional buildings house kindergarten students.,THREE ADDITIONAL BUILDINGS HOUSE KINDERGARTEN STUDENTS,cebf67a814e03a9db5192206e4ecac3364169939109611b1b2fe512d8ee47501
hubert_large,dmsuta,58,stage5ext_00234,f25805de2cc32954193ecf06eea5b03b4bfdb4bfb76079cb6962fa8e301d5037ef953ff8c308458f121dfbc0f9933692b0eaee142f42a33ef6b7be7df794ed3b,England English,england,Its name is derived from the historic county of Surrey in England.,ITS NAME IS DERIVED FROM THE HISTORIC COUNTY OF SURREY IN ENGLAND,cebf67a814e03a9db5192206e4ecac3364169939109611b1b2fe512d8ee47501
hubert_large,dmsuta,58,stage5ext_00235,f25805de2cc32954193ecf06eea5b03b4bfdb4bfb76079cb6962fa8e301d5037ef953ff8c308458f121dfbc0f9933692b0eaee142f42a33ef6b7be7df794ed3b,England English,england,"Dilshan is one such rare cricketer who can bat, bowl, field and keep wickets.",DILSHAN IS ONE SUCH RARE CRICKTER WHO CAN BAT BOWL FIELD AND KEEP WICKETS,cebf67a814e03a9db5192206e4ecac3364169939109611b1b2fe512d8ee47501
hubert_large,dmsuta,58,stage5ext_00236,f25805de2cc32954193ecf06eea5b03b4bfdb4bfb76079cb6962fa8e301d5037ef953ff8c308458f121dfbc0f9933692b0eaee142f42a33ef6b7be7df794ed3b,England English,england,"In the resulting field, these ""a"" and ""b"" are inverses.",IN THE RESULTING FIELD THESE A AND B ARE INVERSES,cebf67a814e03a9db5192206e4ecac3364169939109611b1b2fe512d8ee47501
hubert_large,dmsuta,59,stage5ext_00237,f25805de2cc32954193ecf06eea5b03b4bfdb4bfb76079cb6962fa8e301d5037ef953ff8c308458f121dfbc0f9933692b0eaee142f42a33ef6b7be7df794ed3b,England English,england,To the Church he left little and to the pope only a souvenir.,TO THE CHURCH HE LEFT LITTLE AND TO THE POPE ONL A SOUVENIR,5fae593912c5de091bf58210d53be088370b37fba77a3880f3a726876a69bb25
hubert_large,dmsuta,59,stage5ext_00238,f25805de2cc32954193ecf06eea5b03b4bfdb4bfb76079cb6962fa8e301d5037ef953ff8c308458f121dfbc0f9933692b0eaee142f42a33ef6b7be7df794ed3b,England English,england,There are several formats for the team pursuit.,THERE ARE SEVERAL FORMATS FOR THE TEAM PURSUIT,5fae593912c5de091bf58210d53be088370b37fba77a3880f3a726876a69bb25
hubert_large,dmsuta,59,stage5ext_00239,f25805de2cc32954193ecf06eea5b03b4bfdb4bfb76079cb6962fa8e301d5037ef953ff8c308458f121dfbc0f9933692b0eaee142f42a33ef6b7be7df794ed3b,England English,england,"In Harrison, the route enters a residential area before curving southeast toward Stephenson Avenue.",IN HARRISON THE ROUTE ENTERS A RESIDENTIAL AREA BEFORE CURVING SOUTHEAST TOWARD STEVENSON AVENUE,5fae593912c5de091bf58210d53be088370b37fba77a3880f3a726876a69bb25
hubert_large,dmsuta,59,stage5ext_00240,f25805de2cc32954193ecf06eea5b03b4bfdb4bfb76079cb6962fa8e301d5037ef953ff8c308458f121dfbc0f9933692b0eaee142f42a33ef6b7be7df794ed3b,England English,england,"The other track, ""To Your Grave"", remains unreleased.",THE OTHER TRUCK TO YOUR GRAVE REMAINS UNRELEASED,5fae593912c5de091bf58210d53be088370b37fba77a3880f3a726876a69bb25
hubert_large,dmsuta,60,stage5ext_00241,b2366de045c2eb18ed349bee593e8f3a0c9038602bb8f13f2008fe4ff2087aaa4e5ac78379011510dc25d6a7bcd36a3a6ac86b35f0a27b886832c337d95f27d5,England English,england,The standard prescribes that address collisions must be handled gracefully.,THE STANDARD PRESCRIBES THAT ADDRESSED COLLISIONS MUST BE HANDLED GRACEFULLY,6cf8a7e30ed78d05a9072c84fc93f3ff07d8ed1e74eec81bf356882965b14ff5
hubert_large,dmsuta,60,stage5ext_00242,b2366de045c2eb18ed349bee593e8f3a0c9038602bb8f13f2008fe4ff2087aaa4e5ac78379011510dc25d6a7bcd36a3a6ac86b35f0a27b886832c337d95f27d5,England English,england,"To this end, they offered the role to Harrison Ford who turned them down.",TO THIS END THEY OFFERED THE ROLL TO HARRIS AND FORP WHO TURNED THEM DOWN,6cf8a7e30ed78d05a9072c84fc93f3ff07d8ed1e74eec81bf356882965b14ff5
hubert_large,dmsuta,60,stage5ext_00243,b2366de045c2eb18ed349bee593e8f3a0c9038602bb8f13f2008fe4ff2087aaa4e5ac78379011510dc25d6a7bcd36a3a6ac86b35f0a27b886832c337d95f27d5,England English,england,"The word comes from ""krievs"", which means ""Russian"".",THE WORD COMES FROM KRIEFS WHICH MEANS MUSSIAN,6cf8a7e30ed78d05a9072c84fc93f3ff07d8ed1e74eec81bf356882965b14ff5
hubert_large,dmsuta,60,stage5ext_00244,b2366de045c2eb18ed349bee593e8f3a0c9038602bb8f13f2008fe4ff2087aaa4e5ac78379011510dc25d6a7bcd36a3a6ac86b35f0a27b886832c337d95f27d5,England English,england,"If he went before, he looked back.",IF HE WENT BEFORE HE LOOKED BACK,6cf8a7e30ed78d05a9072c84fc93f3ff07d8ed1e74eec81bf356882965b14ff5
hubert_large,dmsuta,61,stage5ext_00245,b2366de045c2eb18ed349bee593e8f3a0c9038602bb8f13f2008fe4ff2087aaa4e5ac78379011510dc25d6a7bcd36a3a6ac86b35f0a27b886832c337d95f27d5,England English,england,It is the Artin root number.,IT IS THE ARTIN ROUT NUMBER,65575c3c74c258586ca66b12c4769a8e339bfb8f021694f0b22794f6f4e0e9e1
hubert_large,dmsuta,61,stage5ext_00246,b2366de045c2eb18ed349bee593e8f3a0c9038602bb8f13f2008fe4ff2087aaa4e5ac78379011510dc25d6a7bcd36a3a6ac86b35f0a27b886832c337d95f27d5,England English,england,"Yet, we will ensure that one brutal dictator is not replaced by another.",YET WE WILL INSURE THAT ONE BUGE OF TOTATA IS NOT REPLACED BY ANOTHER,65575c3c74c258586ca66b12c4769a8e339bfb8f021694f0b22794f6f4e0e9e1
hubert_large,dmsuta,61,stage5ext_00247,b2366de045c2eb18ed349bee593e8f3a0c9038602bb8f13f2008fe4ff2087aaa4e5ac78379011510dc25d6a7bcd36a3a6ac86b35f0a27b886832c337d95f27d5,England English,england,Mythic Legions is a fantasy line of action figures from Four Horsemen Studios.,MYTHIC LEGIONS IS A FANTASY LINE OF ACTION FIGURES FROM FOUR HORSEMEN STUDIOS,65575c3c74c258586ca66b12c4769a8e339bfb8f021694f0b22794f6f4e0e9e1
hubert_large,dmsuta,61,stage5ext_00248,b2366de045c2eb18ed349bee593e8f3a0c9038602bb8f13f2008fe4ff2087aaa4e5ac78379011510dc25d6a7bcd36a3a6ac86b35f0a27b886832c337d95f27d5,England English,england,It is a simple scrape with no nest material used.,IT IS A SIMPLE SCRIPE WITH NO NEST MATERIAL USED,65575c3c74c258586ca66b12c4769a8e339bfb8f021694f0b22794f6f4e0e9e1
hubert_large,dmsuta,62,stage5ext_00249,b2366de045c2eb18ed349bee593e8f3a0c9038602bb8f13f2008fe4ff2087aaa4e5ac78379011510dc25d6a7bcd36a3a6ac86b35f0a27b886832c337d95f27d5,England English,england,"He is the one who gives the gorilla the new name of ""Ishmael"".",HE IS THE ONE WHO GIVES THE GORILLA THE NEW NAME OF ISHMAEL,e323bc98954f643c60cf9269f1c1bf2fcd9fd69757ed50c74d67d35025f80569
hubert_large,dmsuta,62,stage5ext_00250,b2366de045c2eb18ed349bee593e8f3a0c9038602bb8f13f2008fe4ff2087aaa4e5ac78379011510dc25d6a7bcd36a3a6ac86b35f0a27b886832c337d95f27d5,England English,england,The center was then called Smirnoff Music Centre.,THE CENTRE WAS THEN CALLED SMERNOF MUSIC CENTERE,e323bc98954f643c60cf9269f1c1bf2fcd9fd69757ed50c74d67d35025f80569
hubert_large,dmsuta,62,stage5ext_00251,b2366de045c2eb18ed349bee593e8f3a0c9038602bb8f13f2008fe4ff2087aaa4e5ac78379011510dc25d6a7bcd36a3a6ac86b35f0a27b886832c337d95f27d5,England English,england,"Also in these television series, Winnetou was played by Brice.",ALSO IN THESE TELLIGEN CERAES ONE OR TWO WAS PLAYED BY BRYCE,e323bc98954f643c60cf9269f1c1bf2fcd9fd69757ed50c74d67d35025f80569
hubert_large,dmsuta,62,stage5ext_00252,b2366de045c2eb18ed349bee593e8f3a0c9038602bb8f13f2008fe4ff2087aaa4e5ac78379011510dc25d6a7bcd36a3a6ac86b35f0a27b886832c337d95f27d5,England English,england,The event is televised around the globe.,THE EVENT IS TELIVISED AROUND THE GLOBE,e323bc98954f643c60cf9269f1c1bf2fcd9fd69757ed50c74d67d35025f80569
hubert_large,dmsuta,63,stage5ext_00253,b2366de045c2eb18ed349bee593e8f3a0c9038602bb8f13f2008fe4ff2087aaa4e5ac78379011510dc25d6a7bcd36a3a6ac86b35f0a27b886832c337d95f27d5,England English,england,Matthews later started Newbridge Networks.,MATTHEW'S LATER STARTED NEWBRIDGE NETWORKS,ba5f1ba947359a7a3baaaac1b901ecde22a88d9baef8a146ffdaf93fec7b3530
hubert_large,dmsuta,63,stage5ext_00254,b2366de045c2eb18ed349bee593e8f3a0c9038602bb8f13f2008fe4ff2087aaa4e5ac78379011510dc25d6a7bcd36a3a6ac86b35f0a27b886832c337d95f27d5,England English,england,Examples of this apparently ungrammatical usage can be found throughout the history of English.,EXAMPLES OF THIS APPARENTLY UNGRAMMATICAL USAGE COULD BE FOUND THROUGHOUT THE HISTORY OF ENGLISH,ba5f1ba947359a7a3baaaac1b901ecde22a88d9baef8a146ffdaf93fec7b3530
hubert_large,dmsuta,63,stage5ext_00255,b2366de045c2eb18ed349bee593e8f3a0c9038602bb8f13f2008fe4ff2087aaa4e5ac78379011510dc25d6a7bcd36a3a6ac86b35f0a27b886832c337d95f27d5,England English,england,FaSinPat has been financially successful and able to expand.,FAR SEEN PAT HAS BEEN FINANCIALLY SUCCESSFUL AND ABLE TO EXPAND,ba5f1ba947359a7a3baaaac1b901ecde22a88d9baef8a146ffdaf93fec7b3530
hubert_large,dmsuta,63,stage5ext_00256,94902b88a78c4f1863a7effcce3553303f5bb14d8d6eea7900eea1c261ebf3a2ea97f8d9ecfc4c58dbe683f2df36a1653231f495f7ad9cc38f9fe61a0b2275ac,England English,england,"Salmon is one of the most popular fish and very delicious, though usually not sustainable.",SALMON IS ONE OF THE MOST POPULAR FISH AND VERY DELICIOUS THOUGH USUALLY NOT SUSTAINABLE,ba5f1ba947359a7a3baaaac1b901ecde22a88d9baef8a146ffdaf93fec7b3530
hubert_large,dmsuta,64,stage5ext_00257,94902b88a78c4f1863a7effcce3553303f5bb14d8d6eea7900eea1c261ebf3a2ea97f8d9ecfc4c58dbe683f2df36a1653231f495f7ad9cc38f9fe61a0b2275ac,England English,england,"It's such an unfair world, innit?",IT'S SUCH AN UNFAREWELL IN'T IT,c11d29c1638570abc5fc0d4392f444de04fe073bb85a9b4ee1704431f607e845
hubert_large,dmsuta,64,stage5ext_00258,94902b88a78c4f1863a7effcce3553303f5bb14d8d6eea7900eea1c261ebf3a2ea97f8d9ecfc4c58dbe683f2df36a1653231f495f7ad9cc38f9fe61a0b2275ac,England English,england,"A musical note sustained to its full length, with no break between it and the next note.",A MUSICAL NOTE SUSTAINED TO ITS FULL LENGTH WITH NO BREAK BETWEEN IT AND THE NEXT NOTE,c11d29c1638570abc5fc0d4392f444de04fe073bb85a9b4ee1704431f607e845
hubert_large,dmsuta,64,stage5ext_00259,94902b88a78c4f1863a7effcce3553303f5bb14d8d6eea7900eea1c261ebf3a2ea97f8d9ecfc4c58dbe683f2df36a1653231f495f7ad9cc38f9fe61a0b2275ac,England English,england,"After playing tennis in virtual reality, he felt dizzy.",AFTER PLAYING TENNIS IN VIRTUAL REALITY HE FELT DIZZY,c11d29c1638570abc5fc0d4392f444de04fe073bb85a9b4ee1704431f607e845
hubert_large,dmsuta,64,stage5ext_00260,94902b88a78c4f1863a7effcce3553303f5bb14d8d6eea7900eea1c261ebf3a2ea97f8d9ecfc4c58dbe683f2df36a1653231f495f7ad9cc38f9fe61a0b2275ac,England English,england,"Take a sponge, some dish liquid and a towel, then get to work!",TAKE A SPONGE SOME DISH LIQUID AND A TOWEL THEN GET TO WORK,c11d29c1638570abc5fc0d4392f444de04fe073bb85a9b4ee1704431f607e845
hubert_large,dmsuta,65,stage5ext_00261,94902b88a78c4f1863a7effcce3553303f5bb14d8d6eea7900eea1c261ebf3a2ea97f8d9ecfc4c58dbe683f2df36a1653231f495f7ad9cc38f9fe61a0b2275ac,England English,england,Have you seen Hollie?,HAVE YOU SEEN HOLLY,9fd14c8064c98fc40aed757c1a350fe7a1ed688e04c0a400fd6815374a0b1fdf
hubert_large,dmsuta,65,stage5ext_00262,94902b88a78c4f1863a7effcce3553303f5bb14d8d6eea7900eea1c261ebf3a2ea97f8d9ecfc4c58dbe683f2df36a1653231f495f7ad9cc38f9fe61a0b2275ac,England English,england,Do geese always fly in that formation?,DO GEESE ALWAYS FLY IN THAT FORMATION,9fd14c8064c98fc40aed757c1a350fe7a1ed688e04c0a400fd6815374a0b1fdf
hubert_large,dmsuta,65,stage5ext_00263,94902b88a78c4f1863a7effcce3553303f5bb14d8d6eea7900eea1c261ebf3a2ea97f8d9ecfc4c58dbe683f2df36a1653231f495f7ad9cc38f9fe61a0b2275ac,England English,england,"No one picked up, so I went by her place on the way here.",NO ONE PICKED UP SO I WENT BY HER PLACE ON THE WAY HERE,9fd14c8064c98fc40aed757c1a350fe7a1ed688e04c0a400fd6815374a0b1fdf
hubert_large,dmsuta,65,stage5ext_00264,94902b88a78c4f1863a7effcce3553303f5bb14d8d6eea7900eea1c261ebf3a2ea97f8d9ecfc4c58dbe683f2df36a1653231f495f7ad9cc38f9fe61a0b2275ac,England English,england,Have I offended you?,HAVE I OFFENDED YOU,9fd14c8064c98fc40aed757c1a350fe7a1ed688e04c0a400fd6815374a0b1fdf
hubert_large,dmsuta,66,stage5ext_00265,94902b88a78c4f1863a7effcce3553303f5bb14d8d6eea7900eea1c261ebf3a2ea97f8d9ecfc4c58dbe683f2df36a1653231f495f7ad9cc38f9fe61a0b2275ac,England English,england,What does that mean?,WHAT DOES THAT MEAN,01b29aa620ce8687d0c4a0a1ddb014cceadeb82e071e84e57d303de0b1762aec
hubert_large,dmsuta,66,stage5ext_00266,94902b88a78c4f1863a7effcce3553303f5bb14d8d6eea7900eea1c261ebf3a2ea97f8d9ecfc4c58dbe683f2df36a1653231f495f7ad9cc38f9fe61a0b2275ac,England English,england,There's just one last bug I'd like to fix before I head home.,THERE'S JUST ONE LAST BUG I'D LIKE TO FIX BEFORE I HEAD HOME,01b29aa620ce8687d0c4a0a1ddb014cceadeb82e071e84e57d303de0b1762aec
hubert_large,dmsuta,66,stage5ext_00267,94902b88a78c4f1863a7effcce3553303f5bb14d8d6eea7900eea1c261ebf3a2ea97f8d9ecfc4c58dbe683f2df36a1653231f495f7ad9cc38f9fe61a0b2275ac,England English,england,I suspect this may be someone new making themselves known.,I SUSPECT THIS MAY BE SOME ONE NEW MAKING THEMSELVES KNOWN,01b29aa620ce8687d0c4a0a1ddb014cceadeb82e071e84e57d303de0b1762aec
hubert_large,dmsuta,66,stage5ext_00268,94902b88a78c4f1863a7effcce3553303f5bb14d8d6eea7900eea1c261ebf3a2ea97f8d9ecfc4c58dbe683f2df36a1653231f495f7ad9cc38f9fe61a0b2275ac,England English,england,"Clams are small, round, soft, and tasty.",CLAMS ARE SMALL ROUND SOFT AND TASTY,01b29aa620ce8687d0c4a0a1ddb014cceadeb82e071e84e57d303de0b1762aec
hubert_large,dmsuta,67,stage5ext_00269,94902b88a78c4f1863a7effcce3553303f5bb14d8d6eea7900eea1c261ebf3a2ea97f8d9ecfc4c58dbe683f2df36a1653231f495f7ad9cc38f9fe61a0b2275ac,England English,england,Can I get the sandwich without mayonnaise?,CAN I GET A SANDWICH WITHOUT MAYONAISE,ba9676240af01785fa952337e0e77a8d55aa1402b5bf9ac4368d410e605bd9df
hubert_large,dmsuta,67,stage5ext_00270,94902b88a78c4f1863a7effcce3553303f5bb14d8d6eea7900eea1c261ebf3a2ea97f8d9ecfc4c58dbe683f2df36a1653231f495f7ad9cc38f9fe61a0b2275ac,England English,england,"Here, let me show you around.",HERE LET ME SHOW YOU AROUND,ba9676240af01785fa952337e0e77a8d55aa1402b5bf9ac4368d410e605bd9df
hubert_large,dmsuta,67,stage5ext_00271,3742174ae31b78b11558814a7196a5eec0f489ad3e728a2a125dd1a60c809a770eeaa758499c014bf728437835b4ea9c031a3a9c838b3882b35ed28744768ef3,England English,england,It will replace the existing train station hall inside the mall.,IT WILL REPLACE THE EXISTING TRAIN STATION HALL INSIDE THE MALL,ba9676240af01785fa952337e0e77a8d55aa1402b5bf9ac4368d410e605bd9df
hubert_large,dmsuta,67,stage5ext_00272,3742174ae31b78b11558814a7196a5eec0f489ad3e728a2a125dd1a60c809a770eeaa758499c014bf728437835b4ea9c031a3a9c838b3882b35ed28744768ef3,England English,england,"Yes, it would be.",YES IT WOULD BE,ba9676240af01785fa952337e0e77a8d55aa1402b5bf9ac4368d410e605bd9df
hubert_large,dmsuta,68,stage5ext_00273,3742174ae31b78b11558814a7196a5eec0f489ad3e728a2a125dd1a60c809a770eeaa758499c014bf728437835b4ea9c031a3a9c838b3882b35ed28744768ef3,England English,england,"The Google search bar is for searching, not for typing URLs!",THE LUL SERVBORO IS FOR SEARCHING NOT FOR TYPE AND URALS,859419c59a65891925d5b2e87fba9c09497d5046222d9b0bc3fc64b471adfec6
hubert_large,dmsuta,68,stage5ext_00274,3742174ae31b78b11558814a7196a5eec0f489ad3e728a2a125dd1a60c809a770eeaa758499c014bf728437835b4ea9c031a3a9c838b3882b35ed28744768ef3,England English,england,"C'mon, we need to turn on our GPS so we don't end up in the middle of nowhere.",COME ON WE NEED TO CHURN ON OU JIBIERS SO WE DON'T END UP IN THE MIDDLE OF NOWHERE,859419c59a65891925d5b2e87fba9c09497d5046222d9b0bc3fc64b471adfec6
hubert_large,dmsuta,68,stage5ext_00275,3742174ae31b78b11558814a7196a5eec0f489ad3e728a2a125dd1a60c809a770eeaa758499c014bf728437835b4ea9c031a3a9c838b3882b35ed28744768ef3,England English,england,"After an avalanche buried the skiing resort, it was hard to determine its exact location.",AFTER ANVALANCE BURIEDO SKY AND WESERT IT WAS HARD TO DETERMINE ITS EXEGLOCATION,859419c59a65891925d5b2e87fba9c09497d5046222d9b0bc3fc64b471adfec6
hubert_large,dmsuta,68,stage5ext_00276,3742174ae31b78b11558814a7196a5eec0f489ad3e728a2a125dd1a60c809a770eeaa758499c014bf728437835b4ea9c031a3a9c838b3882b35ed28744768ef3,England English,england,Who has already arrived?,WHO HAS ALREADY ARRIVED,859419c59a65891925d5b2e87fba9c09497d5046222d9b0bc3fc64b471adfec6
hubert_large,dmsuta,69,stage5ext_00277,3742174ae31b78b11558814a7196a5eec0f489ad3e728a2a125dd1a60c809a770eeaa758499c014bf728437835b4ea9c031a3a9c838b3882b35ed28744768ef3,England English,england,"I like reading about medical mysteries, don't you?",I LIKE RIADING ABOUT MEDICAL MYSTERIES DON'T YOU,fe7d68252c1017d43aaf27a57b365f7d8ff6c55cce12d9c3fdf90c024592a807
hubert_large,dmsuta,69,stage5ext_00278,3742174ae31b78b11558814a7196a5eec0f489ad3e728a2a125dd1a60c809a770eeaa758499c014bf728437835b4ea9c031a3a9c838b3882b35ed28744768ef3,England English,england,In a cataleptic trance.,IN THE CATHALEPTIC TRANCE,fe7d68252c1017d43aaf27a57b365f7d8ff6c55cce12d9c3fdf90c024592a807
hubert_large,dmsuta,69,stage5ext_00279,3742174ae31b78b11558814a7196a5eec0f489ad3e728a2a125dd1a60c809a770eeaa758499c014bf728437835b4ea9c031a3a9c838b3882b35ed28744768ef3,England English,england,"The thing is, nobody knew what was happening.",HETHIN IS NOBODY KNEW WHAT WAS HAPPENING,fe7d68252c1017d43aaf27a57b365f7d8ff6c55cce12d9c3fdf90c024592a807
hubert_large,dmsuta,69,stage5ext_00280,3742174ae31b78b11558814a7196a5eec0f489ad3e728a2a125dd1a60c809a770eeaa758499c014bf728437835b4ea9c031a3a9c838b3882b35ed28744768ef3,England English,england,"Living alone, she made solitude her best friend.",LIVING ALONE SHE MADE SOLITUDE HER BEST FRIEND,fe7d68252c1017d43aaf27a57b365f7d8ff6c55cce12d9c3fdf90c024592a807
hubert_large,dmsuta,70,stage5ext_00281,3742174ae31b78b11558814a7196a5eec0f489ad3e728a2a125dd1a60c809a770eeaa758499c014bf728437835b4ea9c031a3a9c838b3882b35ed28744768ef3,England English,england,She did her first scene with Peter North.,SHE DID HER FIRST SCENE WITH BEECHERNOTH,ca813258ffc2b751181395ca91f1a987815fb565aca74d9a98542d652808c4c3
hubert_large,dmsuta,70,stage5ext_00282,3742174ae31b78b11558814a7196a5eec0f489ad3e728a2a125dd1a60c809a770eeaa758499c014bf728437835b4ea9c031a3a9c838b3882b35ed28744768ef3,England English,england,"Television can make you dumb, but it can also be good education.",TELIVISION CAN MAKE YOU DAMP BUT IT CAN ALSO BE GOOD EDUCATION,ca813258ffc2b751181395ca91f1a987815fb565aca74d9a98542d652808c4c3
hubert_large,dmsuta,70,stage5ext_00283,3742174ae31b78b11558814a7196a5eec0f489ad3e728a2a125dd1a60c809a770eeaa758499c014bf728437835b4ea9c031a3a9c838b3882b35ed28744768ef3,England English,england,"In a cinematic rope-down maneuver, the special forces overwhelmed the criminals.",IN THE SYNEMETIC ROBDA MONURE THE SPECIAL FORCES OVERHAMG THE CRIMINALS,ca813258ffc2b751181395ca91f1a987815fb565aca74d9a98542d652808c4c3
hubert_large,dmsuta,70,stage5ext_00284,3742174ae31b78b11558814a7196a5eec0f489ad3e728a2a125dd1a60c809a770eeaa758499c014bf728437835b4ea9c031a3a9c838b3882b35ed28744768ef3,England English,england,What can have happened?,WHAT CAN HAVE HAPPENED,ca813258ffc2b751181395ca91f1a987815fb565aca74d9a98542d652808c4c3
hubert_large,dmsuta,71,stage5ext_00285,3742174ae31b78b11558814a7196a5eec0f489ad3e728a2a125dd1a60c809a770eeaa758499c014bf728437835b4ea9c031a3a9c838b3882b35ed28744768ef3,England English,england,Now where could my pipe be?,NOW WHERE COULD MY PIPE BE,9ae97000a6b3beac56fe99e52eec903aee15ffb430871fa8da5920565390121a
hubert_large,dmsuta,71,stage5ext_00286,e52a28d767575f4c42c09ca60e1aeaca303322a7771a484213c006ee0297bc33805e0e8dfe177da9a618d61156c387a65a6530200eb9502866cd36c88293e84f,England English,england,I'd love to hear readers sing this.,I'D LOVE TO HEAR THE READER SING THIS,9ae97000a6b3beac56fe99e52eec903aee15ffb430871fa8da5920565390121a
hubert_large,dmsuta,71,stage5ext_00287,e52a28d767575f4c42c09ca60e1aeaca303322a7771a484213c006ee0297bc33805e0e8dfe177da9a618d61156c387a65a6530200eb9502866cd36c88293e84f,England English,england,The pup jerked the leash as he saw a feline shape.,THE PAP JERKED THE LEASH AS HE SAW A FELINE SHAPE,9ae97000a6b3beac56fe99e52eec903aee15ffb430871fa8da5920565390121a
hubert_large,dmsuta,71,stage5ext_00288,e52a28d767575f4c42c09ca60e1aeaca303322a7771a484213c006ee0297bc33805e0e8dfe177da9a618d61156c387a65a6530200eb9502866cd36c88293e84f,England English,england,"It's raining heavily, take an umbrella.",IT'S RAINING HEAVILY TAKE AN UMBRELLA,9ae97000a6b3beac56fe99e52eec903aee15ffb430871fa8da5920565390121a
hubert_large,dmsuta,72,stage5ext_00289,e52a28d767575f4c42c09ca60e1aeaca303322a7771a484213c006ee0297bc33805e0e8dfe177da9a618d61156c387a65a6530200eb9502866cd36c88293e84f,England English,england,"Oh, I don't know.",OH I DON'T KNOW,baf95630eb1b789c54a6d6a3265682d305e17f1ffd462026172ca603cde0c86a
hubert_large,dmsuta,72,stage5ext_00290,e52a28d767575f4c42c09ca60e1aeaca303322a7771a484213c006ee0297bc33805e0e8dfe177da9a618d61156c387a65a6530200eb9502866cd36c88293e84f,England English,england,I have to work this Saturday.,I HAVE TO WORK THIS SATURDAY,baf95630eb1b789c54a6d6a3265682d305e17f1ffd462026172ca603cde0c86a
hubert_large,dmsuta,72,stage5ext_00291,e52a28d767575f4c42c09ca60e1aeaca303322a7771a484213c006ee0297bc33805e0e8dfe177da9a618d61156c387a65a6530200eb9502866cd36c88293e84f,England English,england,By twenty-twenty-two I expect the problem will be solved.,BY TWENTY TWENTY TWO I EXPECT THE PROBLEM WILL BE SOLVED,baf95630eb1b789c54a6d6a3265682d305e17f1ffd462026172ca603cde0c86a
hubert_large,dmsuta,72,stage5ext_00292,e52a28d767575f4c42c09ca60e1aeaca303322a7771a484213c006ee0297bc33805e0e8dfe177da9a618d61156c387a65a6530200eb9502866cd36c88293e84f,England English,england,The incubation period is typically about two weeks.,THE INCUBATION PERIOD IS TYPICALLY ABOUT TWO WEEKS,baf95630eb1b789c54a6d6a3265682d305e17f1ffd462026172ca603cde0c86a
hubert_large,dmsuta,73,stage5ext_00293,e52a28d767575f4c42c09ca60e1aeaca303322a7771a484213c006ee0297bc33805e0e8dfe177da9a618d61156c387a65a6530200eb9502866cd36c88293e84f,England English,england,The sink is the thing in which we pile dishes.,THE SINK IS THE THING IN WHICH WE PILE DISHES,70192bd91aaccfda37035e6f2cb4bfae80e9d5000d87f7b2b3ab00279a84da44
hubert_large,dmsuta,73,stage5ext_00294,e52a28d767575f4c42c09ca60e1aeaca303322a7771a484213c006ee0297bc33805e0e8dfe177da9a618d61156c387a65a6530200eb9502866cd36c88293e84f,England English,england,Rick was in the first aid club as a sixth-former.,RICK WAS IN THE FIRST AID CLUB AS A SIXTH FORMER,70192bd91aaccfda37035e6f2cb4bfae80e9d5000d87f7b2b3ab00279a84da44
hubert_large,dmsuta,73,stage5ext_00295,e52a28d767575f4c42c09ca60e1aeaca303322a7771a484213c006ee0297bc33805e0e8dfe177da9a618d61156c387a65a6530200eb9502866cd36c88293e84f,England English,england,"Hello, my name is Brenda.",HULLO MY NAME IS BRANDA,70192bd91aaccfda37035e6f2cb4bfae80e9d5000d87f7b2b3ab00279a84da44
hubert_large,dmsuta,73,stage5ext_00296,e52a28d767575f4c42c09ca60e1aeaca303322a7771a484213c006ee0297bc33805e0e8dfe177da9a618d61156c387a65a6530200eb9502866cd36c88293e84f,England English,england,Keep It Simple The KISS principal.,KEEP IT SIMPLE THE KISS PRINCIPLE,70192bd91aaccfda37035e6f2cb4bfae80e9d5000d87f7b2b3ab00279a84da44
hubert_large,dmsuta,74,stage5ext_00297,e52a28d767575f4c42c09ca60e1aeaca303322a7771a484213c006ee0297bc33805e0e8dfe177da9a618d61156c387a65a6530200eb9502866cd36c88293e84f,England English,england,"If you experience further problems, please let me know.",IF YOU EXPERIENCE FURTHER PROBLEMS PLEASE LET ME KNOW,be76582de6e57e5769f33b1d86f7a9f4cb4326ad5c6f9b7cff435e24813ade03
hubert_large,dmsuta,74,stage5ext_00298,e52a28d767575f4c42c09ca60e1aeaca303322a7771a484213c006ee0297bc33805e0e8dfe177da9a618d61156c387a65a6530200eb9502866cd36c88293e84f,England English,england,I did this to prevent cycling and encourage greater movement through the solution space.,I DID THIS TO PREVENT CYCLING AND ENCOURAGE GREATER MOVEMENT THROUGH THE SOLUTION SPACE,be76582de6e57e5769f33b1d86f7a9f4cb4326ad5c6f9b7cff435e24813ade03
hubert_large,dmsuta,74,stage5ext_00299,e52a28d767575f4c42c09ca60e1aeaca303322a7771a484213c006ee0297bc33805e0e8dfe177da9a618d61156c387a65a6530200eb9502866cd36c88293e84f,England English,england,The dog was wagged its tail.,THE DOG VOCE WAGGED ITS TAIL,be76582de6e57e5769f33b1d86f7a9f4cb4326ad5c6f9b7cff435e24813ade03
hubert_large,dmsuta,74,stage5ext_00300,e52a28d767575f4c42c09ca60e1aeaca303322a7771a484213c006ee0297bc33805e0e8dfe177da9a618d61156c387a65a6530200eb9502866cd36c88293e84f,England English,england,The box is held by a bright red snapper.,THE BOX IS HELD BY A BRIGHT RED SNAPPER,be76582de6e57e5769f33b1d86f7a9f4cb4326ad5c6f9b7cff435e24813ade03
hubert_large,dmsuta,75,stage5ext_00301,8f7e0c1a745bde3b6375473b87b997d5f687a8a0d9c28a96b8fd9b2db97634c0c09607da808a8e8a08588137234ce63b8a9e537fd15117628bc7cfca6ae12059,South Asian English,south_asian,"Also, oil and coal have hidden costs that others have to pay.",ALSO OIL AND COAL HAVE HIDDEN COSTS THAT OTHERS HAVE TO PAY,6dd1eb086a4a245ec69029eaf1dc4baf4d02f95c455fda431748d20c9f16cc33
hubert_large,dmsuta,75,stage5ext_00302,8f7e0c1a745bde3b6375473b87b997d5f687a8a0d9c28a96b8fd9b2db97634c0c09607da808a8e8a08588137234ce63b8a9e537fd15117628bc7cfca6ae12059,South Asian English,south_asian,The rest of the site is now a gated community of up-market homes.,THE REST OF THE SIDE IS NOW A GAITED COMMUNITY OF UP MARKETOMS,6dd1eb086a4a245ec69029eaf1dc4baf4d02f95c455fda431748d20c9f16cc33
hubert_large,dmsuta,75,stage5ext_00303,8f7e0c1a745bde3b6375473b87b997d5f687a8a0d9c28a96b8fd9b2db97634c0c09607da808a8e8a08588137234ce63b8a9e537fd15117628bc7cfca6ae12059,South Asian English,south_asian,"We first met each other under the Eiffel tower, it was magical.",WE FIRST MET EACH OTHER UNDER THE EYE OF AR TABAR IT WAS MAGICAL,6dd1eb086a4a245ec69029eaf1dc4baf4d02f95c455fda431748d20c9f16cc33
hubert_large,dmsuta,75,stage5ext_00304,8f7e0c1a745bde3b6375473b87b997d5f687a8a0d9c28a96b8fd9b2db97634c0c09607da808a8e8a08588137234ce63b8a9e537fd15117628bc7cfca6ae12059,South Asian English,south_asian,"You know, singing karaoke with you makes me realize how good of a singer I am.",YOU KNOW SINGING KAROKE WITH YOU MAKES ME REALIZE HOW GOOD OF A SINGER I AM,6dd1eb086a4a245ec69029eaf1dc4baf4d02f95c455fda431748d20c9f16cc33
hubert_large,dmsuta,76,stage5ext_00305,8f7e0c1a745bde3b6375473b87b997d5f687a8a0d9c28a96b8fd9b2db97634c0c09607da808a8e8a08588137234ce63b8a9e537fd15117628bc7cfca6ae12059,South Asian English,south_asian,Many rare shore birds breed here along the beaches.,MANY RARE SHORE BIRDS BREED HERE ALONG THE BEACHES,e1ceadede56ed2c64e6fca5276c6a6a591b0059f68e5493cc375dcbdebad5231
hubert_large,dmsuta,76,stage5ext_00306,8f7e0c1a745bde3b6375473b87b997d5f687a8a0d9c28a96b8fd9b2db97634c0c09607da808a8e8a08588137234ce63b8a9e537fd15117628bc7cfca6ae12059,South Asian English,south_asian,There is no legal recognition of same-sex couples explicitly in Venezuelan law.,THERE IS NO LEGAL RECOGNITION OF SAME SEX COUPLES EXPLICITLY IN VENISULIAN LAW,e1ceadede56ed2c64e6fca5276c6a6a591b0059f68e5493cc375dcbdebad5231
hubert_large,dmsuta,76,stage5ext_00307,8f7e0c1a745bde3b6375473b87b997d5f687a8a0d9c28a96b8fd9b2db97634c0c09607da808a8e8a08588137234ce63b8a9e537fd15117628bc7cfca6ae12059,South Asian English,south_asian,"It was easy to see on the radiogram, that his bones were broken.",IT WAS EASY TO SEE ON THE RADIOGRAM THAT HIS BONES WERE BROKEN,e1ceadede56ed2c64e6fca5276c6a6a591b0059f68e5493cc375dcbdebad5231
hubert_large,dmsuta,76,stage5ext_00308,8f7e0c1a745bde3b6375473b87b997d5f687a8a0d9c28a96b8fd9b2db97634c0c09607da808a8e8a08588137234ce63b8a9e537fd15117628bc7cfca6ae12059,South Asian English,south_asian,"However, ""Maggi goreng"" is cooked by stir-frying them with vegetables and eggs.",HOWEVER MAGGIE GORRING IS COOKED BY SURFRYIN AN BICETABLES AND EGGS,e1ceadede56ed2c64e6fca5276c6a6a591b0059f68e5493cc375dcbdebad5231
hubert_large,dmsuta,77,stage5ext_00309,8f7e0c1a745bde3b6375473b87b997d5f687a8a0d9c28a96b8fd9b2db97634c0c09607da808a8e8a08588137234ce63b8a9e537fd15117628bc7cfca6ae12059,South Asian English,south_asian,with the University of the Hon.,BID THE UNIVERSITY OF TE HORN,3d2c860a3397e981b119fceadb5f30c554d78b1091eb99801e338cdc1b06be6e
hubert_large,dmsuta,77,stage5ext_00310,8f7e0c1a745bde3b6375473b87b997d5f687a8a0d9c28a96b8fd9b2db97634c0c09607da808a8e8a08588137234ce63b8a9e537fd15117628bc7cfca6ae12059,South Asian English,south_asian,"Bacon, pancakes and maple syrup is a hearty start to any day.",BACON PANCAKES AND MAPLE SYRUP IS A HEARTY START TO ANY DAY,3d2c860a3397e981b119fceadb5f30c554d78b1091eb99801e338cdc1b06be6e
hubert_large,dmsuta,77,stage5ext_00311,8f7e0c1a745bde3b6375473b87b997d5f687a8a0d9c28a96b8fd9b2db97634c0c09607da808a8e8a08588137234ce63b8a9e537fd15117628bc7cfca6ae12059,South Asian English,south_asian,"Fortunately for us, our sun will continue to be around for a few billion years.",FORTUNATELY FOR US OUR SUN WILL CONTINUE TO BE AROUND FOR A FEW BILLION YEARS,3d2c860a3397e981b119fceadb5f30c554d78b1091eb99801e338cdc1b06be6e
hubert_large,dmsuta,77,stage5ext_00312,8f7e0c1a745bde3b6375473b87b997d5f687a8a0d9c28a96b8fd9b2db97634c0c09607da808a8e8a08588137234ce63b8a9e537fd15117628bc7cfca6ae12059,South Asian English,south_asian,Why can't I skip this damn intro?,WHY CAN'T I SKEEP THIS DAMNED INTRO,3d2c860a3397e981b119fceadb5f30c554d78b1091eb99801e338cdc1b06be6e
hubert_large,dmsuta,78,stage5ext_00313,8f7e0c1a745bde3b6375473b87b997d5f687a8a0d9c28a96b8fd9b2db97634c0c09607da808a8e8a08588137234ce63b8a9e537fd15117628bc7cfca6ae12059,South Asian English,south_asian,"They, too, had been carelessly left unbolted.",THEY TOO HAD BEEN CARELESSLY LEFT UNBOLTED,8604725c309d517106a93d2edfafd7a5690aa9ef20801461cbd6c3d4f8460633
hubert_large,dmsuta,78,stage5ext_00314,8f7e0c1a745bde3b6375473b87b997d5f687a8a0d9c28a96b8fd9b2db97634c0c09607da808a8e8a08588137234ce63b8a9e537fd15117628bc7cfca6ae12059,South Asian English,south_asian,It is located in the Parque Patricios neighborhood of Buenos Aires.,IT IS LOCATED IN THE PARK PATRI'S NEIGHBORHOOD OF BUONES ARIS,8604725c309d517106a93d2edfafd7a5690aa9ef20801461cbd6c3d4f8460633
hubert_large,dmsuta,78,stage5ext_00315,8f7e0c1a745bde3b6375473b87b997d5f687a8a0d9c28a96b8fd9b2db97634c0c09607da808a8e8a08588137234ce63b8a9e537fd15117628bc7cfca6ae12059,South Asian English,south_asian,Williams is actively engaged in public service and philanthropy.,WILLIAMS IS ACTUALLY ENGAGED IN PUBLIC SERVICE AND PHILANTHROPI,8604725c309d517106a93d2edfafd7a5690aa9ef20801461cbd6c3d4f8460633
hubert_large,dmsuta,78,stage5ext_00316,f6987deb24305a72a216ab20686f51f94b6f8705775768dd535e4da88ff7117abfe923d46999a076b82dd084f2eb5ae7185de770ddb184c4e3a01d5b6390da20,South Asian English,south_asian,These cars were all basically retrimmed Mercurys.,THESE CAUSES WERE ALL BASICALY RICH AND MERCURIOUS,8604725c309d517106a93d2edfafd7a5690aa9ef20801461cbd6c3d4f8460633
hubert_large,dmsuta,79,stage5ext_00317,f6987deb24305a72a216ab20686f51f94b6f8705775768dd535e4da88ff7117abfe923d46999a076b82dd084f2eb5ae7185de770ddb184c4e3a01d5b6390da20,South Asian English,south_asian,There are many small businesses throughout the small town that contribute to economic success.,THERE ARE MANY SMALL BUSINESSES THROUGHOUT THIS MONE OF THAT QNTITU GOD ECONOMIC SUCCESS,551fb53cb199d3f1e10425fb2ada3477f861695565a95f1a46d9bc430740b1b9
hubert_large,dmsuta,79,stage5ext_00318,f6987deb24305a72a216ab20686f51f94b6f8705775768dd535e4da88ff7117abfe923d46999a076b82dd084f2eb5ae7185de770ddb184c4e3a01d5b6390da20,South Asian English,south_asian,Derivational morphology often involves the addition of a derivational suffix or other affix.,DERIGATIONAL MOTHOLOGIY OFTEN INVOLVES THE ADDITION OF HER DELIGATIONAL SOFICS OR OTHER EFFICS,551fb53cb199d3f1e10425fb2ada3477f861695565a95f1a46d9bc430740b1b9
hubert_large,dmsuta,79,stage5ext_00319,f6987deb24305a72a216ab20686f51f94b6f8705775768dd535e4da88ff7117abfe923d46999a076b82dd084f2eb5ae7185de770ddb184c4e3a01d5b6390da20,South Asian English,south_asian,The school sports mascot is the Gator.,THE SCHOOL SPORTSMASTER IS THE GAITER,551fb53cb199d3f1e10425fb2ada3477f861695565a95f1a46d9bc430740b1b9
hubert_large,dmsuta,79,stage5ext_00320,f6987deb24305a72a216ab20686f51f94b6f8705775768dd535e4da88ff7117abfe923d46999a076b82dd084f2eb5ae7185de770ddb184c4e3a01d5b6390da20,South Asian English,south_asian,The incident made him more aware of his future.,THE INCIDENT MADE HIM MORE AWARE OF HIS TEACHERS,551fb53cb199d3f1e10425fb2ada3477f861695565a95f1a46d9bc430740b1b9
hubert_large,dmsuta,80,stage5ext_00321,f6987deb24305a72a216ab20686f51f94b6f8705775768dd535e4da88ff7117abfe923d46999a076b82dd084f2eb5ae7185de770ddb184c4e3a01d5b6390da20,South Asian English,south_asian,Toronto Netball Club plays at Westlakes Netball Association.,TORANTONETPOLDGLOVE PLAYS AT WESTLAKE'S METPALD ASSOCIATION,f7e94bdb84c20e14a10492a0b90a624958eb2023c42388b675062c35899a359c
hubert_large,dmsuta,80,stage5ext_00322,f6987deb24305a72a216ab20686f51f94b6f8705775768dd535e4da88ff7117abfe923d46999a076b82dd084f2eb5ae7185de770ddb184c4e3a01d5b6390da20,South Asian English,south_asian,He returned to the field for the final three games of the season.,SHE RETURNED TO THE THREE FOR THE FINAN THREE GAMES OF THE SEASON,f7e94bdb84c20e14a10492a0b90a624958eb2023c42388b675062c35899a359c
hubert_large,dmsuta,80,stage5ext_00323,f6987deb24305a72a216ab20686f51f94b6f8705775768dd535e4da88ff7117abfe923d46999a076b82dd084f2eb5ae7185de770ddb184c4e3a01d5b6390da20,South Asian English,south_asian,"His first season numbers were unimpressive, reflecting his rookie status.",HIS FIRST SEASON NUMBERS WERE UNIMPRESSIVE REFLECTING HIS LOOPY SUITES,f7e94bdb84c20e14a10492a0b90a624958eb2023c42388b675062c35899a359c
hubert_large,dmsuta,80,stage5ext_00324,f6987deb24305a72a216ab20686f51f94b6f8705775768dd535e4da88ff7117abfe923d46999a076b82dd084f2eb5ae7185de770ddb184c4e3a01d5b6390da20,South Asian English,south_asian,Two thousand copies of the album were available on the band's website.,TWO THOUSAND COPIES OF THE ALBUM WERE AVAILABLE ON ENANC LIPSITE,f7e94bdb84c20e14a10492a0b90a624958eb2023c42388b675062c35899a359c
hubert_large,dmsuta,81,stage5ext_00325,f6987deb24305a72a216ab20686f51f94b6f8705775768dd535e4da88ff7117abfe923d46999a076b82dd084f2eb5ae7185de770ddb184c4e3a01d5b6390da20,South Asian English,south_asian,"With Lajoie gone, the club needed a new name.",WITH LAJEI GONE THE CLUB NEEDED A NEW KING,9307bf86ad818b90f5842f0f65fbcdf0f3eca04c5cd98b38257ca5934ddfb5fa
hubert_large,dmsuta,81,stage5ext_00326,f6987deb24305a72a216ab20686f51f94b6f8705775768dd535e4da88ff7117abfe923d46999a076b82dd084f2eb5ae7185de770ddb184c4e3a01d5b6390da20,South Asian English,south_asian,Pendergrass got well-wishes from thousands of his fans during his recovery.,SPENCER GRASS CAUGHT MELLFISHES FROM BONDLS OF THE PANS DURING HIS RECOVERY AGAIN,9307bf86ad818b90f5842f0f65fbcdf0f3eca04c5cd98b38257ca5934ddfb5fa
hubert_large,dmsuta,81,stage5ext_00327,f6987deb24305a72a216ab20686f51f94b6f8705775768dd535e4da88ff7117abfe923d46999a076b82dd084f2eb5ae7185de770ddb184c4e3a01d5b6390da20,South Asian English,south_asian,The third phase involves converting Hughes Hall into office space.,THAT THIRD PHASE INVULSE CONVERTING HUGE'S VALT INTO AWFUR SPACE,9307bf86ad818b90f5842f0f65fbcdf0f3eca04c5cd98b38257ca5934ddfb5fa
hubert_large,dmsuta,81,stage5ext_00328,f6987deb24305a72a216ab20686f51f94b6f8705775768dd535e4da88ff7117abfe923d46999a076b82dd084f2eb5ae7185de770ddb184c4e3a01d5b6390da20,South Asian English,south_asian,They used the sharks that followed the ships as a terror weapon.,THEY USED THE SHARTS THAT FONNLED THE SHIPS AS AT BELVEVEN,9307bf86ad818b90f5842f0f65fbcdf0f3eca04c5cd98b38257ca5934ddfb5fa
hubert_large,dmsuta,82,stage5ext_00329,f6987deb24305a72a216ab20686f51f94b6f8705775768dd535e4da88ff7117abfe923d46999a076b82dd084f2eb5ae7185de770ddb184c4e3a01d5b6390da20,South Asian English,south_asian,"They had eight children, five of whom survived to adulthood.",THEY HAD EIGHT CHILDREN FIVE OF WHOM SURVIVES TO ADOLDHOOD,9f3dd43a24f4d2560cb49c2d2000717e6abf039e60b41049d0c63cc19d50c962
hubert_large,dmsuta,82,stage5ext_00330,f6987deb24305a72a216ab20686f51f94b6f8705775768dd535e4da88ff7117abfe923d46999a076b82dd084f2eb5ae7185de770ddb184c4e3a01d5b6390da20,South Asian English,south_asian,The island is now uninhabited and managed as a bird reserve.,THE ISLAND AS NO UNINHABITAT AND MANIS JUST A BOARD ORSEV,9f3dd43a24f4d2560cb49c2d2000717e6abf039e60b41049d0c63cc19d50c962
hubert_large,dmsuta,82,stage5ext_00331,746bd7c2bd64e7fde7dda173976ca80e97a1875f7571a836827b832c1609da3c16be48a0bbf11e310ba7f262e77841dc8e70360283da6a0100631e2ac4760956,South Asian English,south_asian,Buckingham was also particularly proud of the Spanish guitar solo.,BUCKINGHAM WAS ALSO PARTICULARLY PROUD OF THE SPANISH KITARA SOLO,9f3dd43a24f4d2560cb49c2d2000717e6abf039e60b41049d0c63cc19d50c962
hubert_large,dmsuta,82,stage5ext_00332,746bd7c2bd64e7fde7dda173976ca80e97a1875f7571a836827b832c1609da3c16be48a0bbf11e310ba7f262e77841dc8e70360283da6a0100631e2ac4760956,South Asian English,south_asian,"Also known as Herbert, Borchardt initially studied Architecture and later Egyptology under Adolf Erman.",ALSO KNOWN AS HERBERT BORSHARP INITIALLY STUDIED ARCHITECTURE AND LATOR EGYTOLOGY UNDER ODOLP OMEN,9f3dd43a24f4d2560cb49c2d2000717e6abf039e60b41049d0c63cc19d50c962
hubert_large,dmsuta,83,stage5ext_00333,746bd7c2bd64e7fde7dda173976ca80e97a1875f7571a836827b832c1609da3c16be48a0bbf11e310ba7f262e77841dc8e70360283da6a0100631e2ac4760956,South Asian English,south_asian,"Publicised nationwide, Gladstone's message became that of the party.",PUBLICIZED NATION WIDE GLADSTONE'S MESSAGE BECAME THAT OF THE PARTY,8977345b73246c2b28898334dd92d3250c5da5ecb9fcd4baa2bf99a56b805d80
hubert_large,dmsuta,83,stage5ext_00334,746bd7c2bd64e7fde7dda173976ca80e97a1875f7571a836827b832c1609da3c16be48a0bbf11e310ba7f262e77841dc8e70360283da6a0100631e2ac4760956,South Asian English,south_asian,McGrath is a friend and fan of Ralph McTell.,MARGRET IS A FRIEND AND FAN OF RALPH MACDALL,8977345b73246c2b28898334dd92d3250c5da5ecb9fcd4baa2bf99a56b805d80
hubert_large,dmsuta,83,stage5ext_00335,746bd7c2bd64e7fde7dda173976ca80e97a1875f7571a836827b832c1609da3c16be48a0bbf11e310ba7f262e77841dc8e70360283da6a0100631e2ac4760956,South Asian English,south_asian,His family later moved to Los Angeles and he attended Fairfax High School.,HIS FAMILY LATER MOVED TO LOS ANGELES AND HE ATTENDED FAYFAX HIHE SCHOOL,8977345b73246c2b28898334dd92d3250c5da5ecb9fcd4baa2bf99a56b805d80
hubert_large,dmsuta,83,stage5ext_00336,746bd7c2bd64e7fde7dda173976ca80e97a1875f7571a836827b832c1609da3c16be48a0bbf11e310ba7f262e77841dc8e70360283da6a0100631e2ac4760956,South Asian English,south_asian,The grape originated as a cross of Syrah pollen germinating a Peloursin plant.,THE GRAPE ORIGINATED AS A CROSS OF CYRILE POLLEN GERMINATING A PILOSIN PLANT,8977345b73246c2b28898334dd92d3250c5da5ecb9fcd4baa2bf99a56b805d80
hubert_large,dmsuta,84,stage5ext_00337,746bd7c2bd64e7fde7dda173976ca80e97a1875f7571a836827b832c1609da3c16be48a0bbf11e310ba7f262e77841dc8e70360283da6a0100631e2ac4760956,South Asian English,south_asian,The main gate is located in the center of the south curtain wall.,THE MAIN GATE IS LOCATED IN THE CENTRE OF THE SOUTH GIRTEN WALL,374dd43646e218d9a4c259c903557468cc239d1345ae6120db5fb59701c9185e
hubert_large,dmsuta,84,stage5ext_00338,746bd7c2bd64e7fde7dda173976ca80e97a1875f7571a836827b832c1609da3c16be48a0bbf11e310ba7f262e77841dc8e70360283da6a0100631e2ac4760956,South Asian English,south_asian,Ferrers made many contributions to mathematical literature.,FERRERS MADE MANY CONTRIBUTIONS TO MATHEMATICAL LITERATURE,374dd43646e218d9a4c259c903557468cc239d1345ae6120db5fb59701c9185e
hubert_large,dmsuta,84,stage5ext_00339,746bd7c2bd64e7fde7dda173976ca80e97a1875f7571a836827b832c1609da3c16be48a0bbf11e310ba7f262e77841dc8e70360283da6a0100631e2ac4760956,South Asian English,south_asian,"Prokosch was born in Madison, Wisconsin, into an intellectual family that travelled widely.",BROKOSH WAS BORN IN MADISON WISCONSIN INTO AN INTELLECTUAL FAMILY THAT TRAVELLED WIDELY,374dd43646e218d9a4c259c903557468cc239d1345ae6120db5fb59701c9185e
hubert_large,dmsuta,84,stage5ext_00340,746bd7c2bd64e7fde7dda173976ca80e97a1875f7571a836827b832c1609da3c16be48a0bbf11e310ba7f262e77841dc8e70360283da6a0100631e2ac4760956,South Asian English,south_asian,Britain sends three big-game hunters to kill the lions.,BRITON SENDS THREE BIG GAME HUNTERS TO KILL THE LIONS,374dd43646e218d9a4c259c903557468cc239d1345ae6120db5fb59701c9185e
hubert_large,dmsuta,85,stage5ext_00341,746bd7c2bd64e7fde7dda173976ca80e97a1875f7571a836827b832c1609da3c16be48a0bbf11e310ba7f262e77841dc8e70360283da6a0100631e2ac4760956,South Asian English,south_asian,The French colonial government gave land away to soldiers and settlers.,THE FRENCH COLONIAL GOVERNMENT GAVE LAND AWAY TO SOLDIERS AND SETTLERS,0bf88aa0000f77c27f95890e1295d650f55912000f323abab5ac3b22f42eda30
hubert_large,dmsuta,85,stage5ext_00342,746bd7c2bd64e7fde7dda173976ca80e97a1875f7571a836827b832c1609da3c16be48a0bbf11e310ba7f262e77841dc8e70360283da6a0100631e2ac4760956,South Asian English,south_asian,A Fermilab initiative to seek out cost effective computing for the Tevatron.,A FORMULA INITIATIVE TO SEEK OUT COST EFFECTIVE COMPUTING FOR THE TEVER DRAWN,0bf88aa0000f77c27f95890e1295d650f55912000f323abab5ac3b22f42eda30
hubert_large,dmsuta,85,stage5ext_00343,746bd7c2bd64e7fde7dda173976ca80e97a1875f7571a836827b832c1609da3c16be48a0bbf11e310ba7f262e77841dc8e70360283da6a0100631e2ac4760956,South Asian English,south_asian,"The Shaw collection is housed at the university's duPont-Ball library in DeLand, Florida.",THE SHAW COLLECTION IS HOUSED AT THE UNIVERSITYS DUPON BALL LIBRARY IN DILAN FODITA,0bf88aa0000f77c27f95890e1295d650f55912000f323abab5ac3b22f42eda30
hubert_large,dmsuta,85,stage5ext_00344,746bd7c2bd64e7fde7dda173976ca80e97a1875f7571a836827b832c1609da3c16be48a0bbf11e310ba7f262e77841dc8e70360283da6a0100631e2ac4760956,South Asian English,south_asian,"He now lives in Toronto, Ontario.",HE NOW LIVES IN TORMONTO ON TARIO,0bf88aa0000f77c27f95890e1295d650f55912000f323abab5ac3b22f42eda30
hubert_large,dmsuta,86,stage5ext_00345,746bd7c2bd64e7fde7dda173976ca80e97a1875f7571a836827b832c1609da3c16be48a0bbf11e310ba7f262e77841dc8e70360283da6a0100631e2ac4760956,South Asian English,south_asian,"The British called such weapons ""Pass-made rifles"".",THE BRITISH CALLED SUCH WEAPONS PASSMADE RIFLES,0308b613e90a44ad0e0d431a072d9ff837108a79189de076e157815800c7f13c
hubert_large,dmsuta,86,stage5ext_00346,02a40eed38bf20ab1ddca1a5c60f5b2cadd5455be21c7a1ab8e87d65a6fec68495c0d24d8fecdfe3f9d132fdfa842dba33dca093df21b19f3d325519779d13d0,South Asian English,south_asian,"The women of ""Survivor"" deserved better.",THE WOMEN OF SURVIVOR DESERVED BETTER,0308b613e90a44ad0e0d431a072d9ff837108a79189de076e157815800c7f13c
hubert_large,dmsuta,86,stage5ext_00347,02a40eed38bf20ab1ddca1a5c60f5b2cadd5455be21c7a1ab8e87d65a6fec68495c0d24d8fecdfe3f9d132fdfa842dba33dca093df21b19f3d325519779d13d0,South Asian English,south_asian,His great knowledge and immense industry are shown throughout its pages.,HIS GREAT KNOWLEDGE AND IMMENSE INDUSTRY ARE SHOWN THROUGHOUT ITS PAGES,0308b613e90a44ad0e0d431a072d9ff837108a79189de076e157815800c7f13c
hubert_large,dmsuta,86,stage5ext_00348,02a40eed38bf20ab1ddca1a5c60f5b2cadd5455be21c7a1ab8e87d65a6fec68495c0d24d8fecdfe3f9d132fdfa842dba33dca093df21b19f3d325519779d13d0,South Asian English,south_asian,Other African examples may be found in Nigeria and East Africa.,OTHER AFRICAN EXAMPLES MAY BE FOUND IN AGITIA AND EAST AFRICA,0308b613e90a44ad0e0d431a072d9ff837108a79189de076e157815800c7f13c
hubert_large,dmsuta,87,stage5ext_00349,02a40eed38bf20ab1ddca1a5c60f5b2cadd5455be21c7a1ab8e87d65a6fec68495c0d24d8fecdfe3f9d132fdfa842dba33dca093df21b19f3d325519779d13d0,South Asian English,south_asian,Enrico Ferri is the father of four children.,ENDRICO FERRYIS FATHER OF FOUR CHILDREN,51b5c6deec4333452abb3a9cb6f93f648a3523057f684f30959ff8f999b57d01
hubert_large,dmsuta,87,stage5ext_00350,02a40eed38bf20ab1ddca1a5c60f5b2cadd5455be21c7a1ab8e87d65a6fec68495c0d24d8fecdfe3f9d132fdfa842dba33dca093df21b19f3d325519779d13d0,South Asian English,south_asian,It has been found in the English Channel and the Gulf of Mexico.,IT HAS BEEN FOUND IN THE ENGLISH CHANNEL IN THE GULF OF MEXICO,51b5c6deec4333452abb3a9cb6f93f648a3523057f684f30959ff8f999b57d01
hubert_large,dmsuta,87,stage5ext_00351,02a40eed38bf20ab1ddca1a5c60f5b2cadd5455be21c7a1ab8e87d65a6fec68495c0d24d8fecdfe3f9d132fdfa842dba33dca093df21b19f3d325519779d13d0,South Asian English,south_asian,Her work has also appeared on postage stamps produced by the Czech Republic.,HOBURG HAS ALSO APPEARED ON POSTAGE STAMPS PRODUCED BY THE SACREPUBLIC,51b5c6deec4333452abb3a9cb6f93f648a3523057f684f30959ff8f999b57d01
hubert_large,dmsuta,87,stage5ext_00352,02a40eed38bf20ab1ddca1a5c60f5b2cadd5455be21c7a1ab8e87d65a6fec68495c0d24d8fecdfe3f9d132fdfa842dba33dca093df21b19f3d325519779d13d0,South Asian English,south_asian,Mathilda Ebeling,MATILDA EBLING,51b5c6deec4333452abb3a9cb6f93f648a3523057f684f30959ff8f999b57d01
hubert_large,dmsuta,88,stage5ext_00353,02a40eed38bf20ab1ddca1a5c60f5b2cadd5455be21c7a1ab8e87d65a6fec68495c0d24d8fecdfe3f9d132fdfa842dba33dca093df21b19f3d325519779d13d0,South Asian English,south_asian,Behra also set pole and fastest lap.,BEHEDA ALSO SAT BAWLING FAST ITS LAP,bf646a825f563e41d1791ab560f22a83881ca6242c9dc4cc7896e9ea08204b53
hubert_large,dmsuta,88,stage5ext_00354,02a40eed38bf20ab1ddca1a5c60f5b2cadd5455be21c7a1ab8e87d65a6fec68495c0d24d8fecdfe3f9d132fdfa842dba33dca093df21b19f3d325519779d13d0,South Asian English,south_asian,All of his brothers were fighters.,ALL OF HIS BROTHERS WERE FIGHTERS,bf646a825f563e41d1791ab560f22a83881ca6242c9dc4cc7896e9ea08204b53
hubert_large,dmsuta,88,stage5ext_00355,02a40eed38bf20ab1ddca1a5c60f5b2cadd5455be21c7a1ab8e87d65a6fec68495c0d24d8fecdfe3f9d132fdfa842dba33dca093df21b19f3d325519779d13d0,South Asian English,south_asian,In general they tended to rather large format.,IN GENERAL THEY TENDED TO RATHER LARGE FORMAT,bf646a825f563e41d1791ab560f22a83881ca6242c9dc4cc7896e9ea08204b53
hubert_large,dmsuta,88,stage5ext_00356,02a40eed38bf20ab1ddca1a5c60f5b2cadd5455be21c7a1ab8e87d65a6fec68495c0d24d8fecdfe3f9d132fdfa842dba33dca093df21b19f3d325519779d13d0,South Asian English,south_asian,Downey posted the picture on Instagram and received requests for the pattern.,DOWNI POSTED THE PICTURE ON INSTROGRAM AND RECEIVED REQUEST FOR THE PATTERN,bf646a825f563e41d1791ab560f22a83881ca6242c9dc4cc7896e9ea08204b53
hubert_large,dmsuta,89,stage5ext_00357,02a40eed38bf20ab1ddca1a5c60f5b2cadd5455be21c7a1ab8e87d65a6fec68495c0d24d8fecdfe3f9d132fdfa842dba33dca093df21b19f3d325519779d13d0,South Asian English,south_asian,She did not like children and tried to hide it.,SHE DID NOT LIKE CHILDREN AND TRIED TO HIDE IT,9cbe3af4af2c32a9558904b9f9b1c0c61282e2ab459d99d2f23330dfe8483cdb
hubert_large,dmsuta,89,stage5ext_00358,02a40eed38bf20ab1ddca1a5c60f5b2cadd5455be21c7a1ab8e87d65a6fec68495c0d24d8fecdfe3f9d132fdfa842dba33dca093df21b19f3d325519779d13d0,South Asian English,south_asian,Today the church still retains many of its historic features.,TUDAY THE CHURCH STILL REGAINS MANY OF ITS ESTROTIC FEATURES,9cbe3af4af2c32a9558904b9f9b1c0c61282e2ab459d99d2f23330dfe8483cdb
hubert_large,dmsuta,89,stage5ext_00359,02a40eed38bf20ab1ddca1a5c60f5b2cadd5455be21c7a1ab8e87d65a6fec68495c0d24d8fecdfe3f9d132fdfa842dba33dca093df21b19f3d325519779d13d0,South Asian English,south_asian,The two also had used the same choreographer.,THE TWO ALSO HAD USED THE SAME CORIOGRAPHE,9cbe3af4af2c32a9558904b9f9b1c0c61282e2ab459d99d2f23330dfe8483cdb
hubert_large,dmsuta,89,stage5ext_00360,02a40eed38bf20ab1ddca1a5c60f5b2cadd5455be21c7a1ab8e87d65a6fec68495c0d24d8fecdfe3f9d132fdfa842dba33dca093df21b19f3d325519779d13d0,South Asian English,south_asian,Murom is the nearest rural locality.,MORAM IS THE NEAREST RULAL LOCALITY,9cbe3af4af2c32a9558904b9f9b1c0c61282e2ab459d99d2f23330dfe8483cdb
hubert_large,dmsuta,90,stage5ext_00361,aaf1e4c69fbd1d1faf2fcbf3500fe62c714695d030ca2f945ff72ef0c02adfc3ff3b57023bc8367965617d4ca057efc9c9a11733d05858f18602fdc792ae9d84,South Asian English,south_asian,We will not have any money left.,WE WILL NOT HAVE ANY MONEY LEFT,76348bbc4c9fbfb513dedd6a0ce7e522c025761c2b905211127f75130dbd4082
hubert_large,dmsuta,90,stage5ext_00362,aaf1e4c69fbd1d1faf2fcbf3500fe62c714695d030ca2f945ff72ef0c02adfc3ff3b57023bc8367965617d4ca057efc9c9a11733d05858f18602fdc792ae9d84,South Asian English,south_asian,A magistrate.,A MAGISTRATE,76348bbc4c9fbfb513dedd6a0ce7e522c025761c2b905211127f75130dbd4082
hubert_large,dmsuta,90,stage5ext_00363,aaf1e4c69fbd1d1faf2fcbf3500fe62c714695d030ca2f945ff72ef0c02adfc3ff3b57023bc8367965617d4ca057efc9c9a11733d05858f18602fdc792ae9d84,South Asian English,south_asian,I know Daniel quite well.,I KNOW DANIEL QUITE WELL,76348bbc4c9fbfb513dedd6a0ce7e522c025761c2b905211127f75130dbd4082
hubert_large,dmsuta,90,stage5ext_00364,aaf1e4c69fbd1d1faf2fcbf3500fe62c714695d030ca2f945ff72ef0c02adfc3ff3b57023bc8367965617d4ca057efc9c9a11733d05858f18602fdc792ae9d84,South Asian English,south_asian,Mary found the website and showed it to Daniel.,MARY FONDE WETSIDE AND SHOWED IT TO DANIEL,76348bbc4c9fbfb513dedd6a0ce7e522c025761c2b905211127f75130dbd4082
hubert_large,dmsuta,91,stage5ext_00365,aaf1e4c69fbd1d1faf2fcbf3500fe62c714695d030ca2f945ff72ef0c02adfc3ff3b57023bc8367965617d4ca057efc9c9a11733d05858f18602fdc792ae9d84,South Asian English,south_asian,"If you experience further problems, please let me know.",IF YOU EXPERIENCE FURTHER PROBLEMS PLEASE LET ME KNOW,fbc2298eb242ea077014ca07d8052433a03223ef729791760afd3453c5efa17d
hubert_large,dmsuta,91,stage5ext_00366,aaf1e4c69fbd1d1faf2fcbf3500fe62c714695d030ca2f945ff72ef0c02adfc3ff3b57023bc8367965617d4ca057efc9c9a11733d05858f18602fdc792ae9d84,South Asian English,south_asian,Debra is a explorer that has been all over the world.,DE BRYSA EXPLORER THAT HAS BEEN ALL OVER THE WORLD,fbc2298eb242ea077014ca07d8052433a03223ef729791760afd3453c5efa17d
hubert_large,dmsuta,91,stage5ext_00367,aaf1e4c69fbd1d1faf2fcbf3500fe62c714695d030ca2f945ff72ef0c02adfc3ff3b57023bc8367965617d4ca057efc9c9a11733d05858f18602fdc792ae9d84,South Asian English,south_asian,Albert Einstein's famous equation E equals MC squared is one of the best known equations in physics.,ALBERT EINSTEINE'S FAMOUS ECREATION E EQALZEMSY SQUIRED IS ONE OF THE BEST KNOWN CREATIONS IN PHYSICS,fbc2298eb242ea077014ca07d8052433a03223ef729791760afd3453c5efa17d
hubert_large,dmsuta,91,stage5ext_00368,aaf1e4c69fbd1d1faf2fcbf3500fe62c714695d030ca2f945ff72ef0c02adfc3ff3b57023bc8367965617d4ca057efc9c9a11733d05858f18602fdc792ae9d84,South Asian English,south_asian,One good turn deserves another.,ONE GOOD TURN DISSOLVES ANOTHER,fbc2298eb242ea077014ca07d8052433a03223ef729791760afd3453c5efa17d
hubert_large,dmsuta,92,stage5ext_00369,aaf1e4c69fbd1d1faf2fcbf3500fe62c714695d030ca2f945ff72ef0c02adfc3ff3b57023bc8367965617d4ca057efc9c9a11733d05858f18602fdc792ae9d84,South Asian English,south_asian,It has been so long since I have seen you!,IT HAS BEEN SO LONG SINCE I HAVE SEEN YOU,2b1cb6c58d0508cdf51e5c5de182e21d1724bf9b4aa9326af5e8974151d381d5
hubert_large,dmsuta,92,stage5ext_00370,aaf1e4c69fbd1d1faf2fcbf3500fe62c714695d030ca2f945ff72ef0c02adfc3ff3b57023bc8367965617d4ca057efc9c9a11733d05858f18602fdc792ae9d84,South Asian English,south_asian,William Shakespeare was an English poet and playwright that lived during the late sixteenth century.,WILLIAM SHAKESPEARE WAS AN ENGLISH POET AND PLAYRATE THAT LIVED DURING THE LATE SIXTEENTH CENTURY,2b1cb6c58d0508cdf51e5c5de182e21d1724bf9b4aa9326af5e8974151d381d5
hubert_large,dmsuta,92,stage5ext_00371,aaf1e4c69fbd1d1faf2fcbf3500fe62c714695d030ca2f945ff72ef0c02adfc3ff3b57023bc8367965617d4ca057efc9c9a11733d05858f18602fdc792ae9d84,South Asian English,south_asian,The pup jerked the leash as he saw a feline shape.,THE POB JERKED THE LEASH AS HE SAW A FALIN TREE,2b1cb6c58d0508cdf51e5c5de182e21d1724bf9b4aa9326af5e8974151d381d5
hubert_large,dmsuta,92,stage5ext_00372,aaf1e4c69fbd1d1faf2fcbf3500fe62c714695d030ca2f945ff72ef0c02adfc3ff3b57023bc8367965617d4ca057efc9c9a11733d05858f18602fdc792ae9d84,South Asian English,south_asian,Forty on Thursday is the name of the event.,FORTY ONTOSSEDER IS THE NAME OF THE EVENT,2b1cb6c58d0508cdf51e5c5de182e21d1724bf9b4aa9326af5e8974151d381d5
hubert_large,dmsuta,93,stage5ext_00373,aaf1e4c69fbd1d1faf2fcbf3500fe62c714695d030ca2f945ff72ef0c02adfc3ff3b57023bc8367965617d4ca057efc9c9a11733d05858f18602fdc792ae9d84,South Asian English,south_asian,The largest town is Abergavenny.,THE LARGEST TOWL IS ABERGAMENE,0459f3ece69c52065a9cfaaba5bcf56dc4a18ba4ab334ffe40bf1323bff52a90
hubert_large,dmsuta,93,stage5ext_00374,aaf1e4c69fbd1d1faf2fcbf3500fe62c714695d030ca2f945ff72ef0c02adfc3ff3b57023bc8367965617d4ca057efc9c9a11733d05858f18602fdc792ae9d84,South Asian English,south_asian,No one has ever done it before.,NO ONE HAS OVER DONE IT BEFORE,0459f3ece69c52065a9cfaaba5bcf56dc4a18ba4ab334ffe40bf1323bff52a90
hubert_large,dmsuta,93,stage5ext_00375,aaf1e4c69fbd1d1faf2fcbf3500fe62c714695d030ca2f945ff72ef0c02adfc3ff3b57023bc8367965617d4ca057efc9c9a11733d05858f18602fdc792ae9d84,South Asian English,south_asian,Two men spoke in Arabic while having a drink at the bar.,TWO MEN SPALK IN ARABIC WHILE HAVING A DRINK AT THE BALL,0459f3ece69c52065a9cfaaba5bcf56dc4a18ba4ab334ffe40bf1323bff52a90
hubert_large,dmsuta,93,stage5ext_00376,f7e25829f749c01cdf81e5c9cba92ab80af25ba7120bdb943094d45b56be1cc3b516ca22cc0a4aed4934a1c9af35e152ecc95a58b32ce448662acabb5b87bc76,South Asian English,south_asian,But you want to know something?,BUT YOU WANT TO KNOW SOMETHING,0459f3ece69c52065a9cfaaba5bcf56dc4a18ba4ab334ffe40bf1323bff52a90
hubert_large,dmsuta,94,stage5ext_00377,f7e25829f749c01cdf81e5c9cba92ab80af25ba7120bdb943094d45b56be1cc3b516ca22cc0a4aed4934a1c9af35e152ecc95a58b32ce448662acabb5b87bc76,South Asian English,south_asian,The giraffe had become fearful.,THE GIRAF HAD BECOME FEARFUL,fd3cd9170bde358324b20396afa43b734f8fc32e510697a0e9dd630102a40f27
hubert_large,dmsuta,94,stage5ext_00378,f7e25829f749c01cdf81e5c9cba92ab80af25ba7120bdb943094d45b56be1cc3b516ca22cc0a4aed4934a1c9af35e152ecc95a58b32ce448662acabb5b87bc76,South Asian English,south_asian,Our deadline is coming up rapidly and we will need help.,OUR DEAD LINE IS COMING UP RAPIDLY AND WE WILL NEED HELP,fd3cd9170bde358324b20396afa43b734f8fc32e510697a0e9dd630102a40f27
hubert_large,dmsuta,94,stage5ext_00379,f7e25829f749c01cdf81e5c9cba92ab80af25ba7120bdb943094d45b56be1cc3b516ca22cc0a4aed4934a1c9af35e152ecc95a58b32ce448662acabb5b87bc76,South Asian English,south_asian,I found it out a little late.,I FOUND IT OUT A LITTLE LATE,fd3cd9170bde358324b20396afa43b734f8fc32e510697a0e9dd630102a40f27
hubert_large,dmsuta,94,stage5ext_00380,f7e25829f749c01cdf81e5c9cba92ab80af25ba7120bdb943094d45b56be1cc3b516ca22cc0a4aed4934a1c9af35e152ecc95a58b32ce448662acabb5b87bc76,South Asian English,south_asian,Don't worry about that.,DON'T WORRY ABOUT THAT,fd3cd9170bde358324b20396afa43b734f8fc32e510697a0e9dd630102a40f27
hubert_large,dmsuta,95,stage5ext_00381,f7e25829f749c01cdf81e5c9cba92ab80af25ba7120bdb943094d45b56be1cc3b516ca22cc0a4aed4934a1c9af35e152ecc95a58b32ce448662acabb5b87bc76,South Asian English,south_asian,I shouldn't think so.,I CERTAIN THINK SO,b5747832fdb1a6911de5fb46d9bb5b3c61dd67effa983cdf091a59e99bdeb76b
hubert_large,dmsuta,95,stage5ext_00382,f7e25829f749c01cdf81e5c9cba92ab80af25ba7120bdb943094d45b56be1cc3b516ca22cc0a4aed4934a1c9af35e152ecc95a58b32ce448662acabb5b87bc76,South Asian English,south_asian,Turning off gadgets that are not in use can save a lot of energy.,TURNING OFF GAGETS THAT ARE NOT IN USE CAN SAVE A LOT OF ENERGY,b5747832fdb1a6911de5fb46d9bb5b3c61dd67effa983cdf091a59e99bdeb76b
hubert_large,dmsuta,95,stage5ext_00383,f7e25829f749c01cdf81e5c9cba92ab80af25ba7120bdb943094d45b56be1cc3b516ca22cc0a4aed4934a1c9af35e152ecc95a58b32ce448662acabb5b87bc76,South Asian English,south_asian,There is a counter on the top left of the web page.,THERE IS A COUNTER ON THE TOP LIFT OF THE WEBPAGE,b5747832fdb1a6911de5fb46d9bb5b3c61dd67effa983cdf091a59e99bdeb76b
hubert_large,dmsuta,95,stage5ext_00384,f7e25829f749c01cdf81e5c9cba92ab80af25ba7120bdb943094d45b56be1cc3b516ca22cc0a4aed4934a1c9af35e152ecc95a58b32ce448662acabb5b87bc76,South Asian English,south_asian,You think you did.,YOU THINK YOU DID,b5747832fdb1a6911de5fb46d9bb5b3c61dd67effa983cdf091a59e99bdeb76b
hubert_large,dmsuta,96,stage5ext_00385,f7e25829f749c01cdf81e5c9cba92ab80af25ba7120bdb943094d45b56be1cc3b516ca22cc0a4aed4934a1c9af35e152ecc95a58b32ce448662acabb5b87bc76,South Asian English,south_asian,Maybe he'll give us one.,MAYBE HE'LL GIVE US ONE,f77bf339df2a5161fad6b22d6a3738699a8de1b6ede2682b35cf93635e62d3bd
hubert_large,dmsuta,96,stage5ext_00386,f7e25829f749c01cdf81e5c9cba92ab80af25ba7120bdb943094d45b56be1cc3b516ca22cc0a4aed4934a1c9af35e152ecc95a58b32ce448662acabb5b87bc76,South Asian English,south_asian,Better let me talk to him.,BETTER LET ME TALK TO HIM,f77bf339df2a5161fad6b22d6a3738699a8de1b6ede2682b35cf93635e62d3bd
hubert_large,dmsuta,96,stage5ext_00387,f7e25829f749c01cdf81e5c9cba92ab80af25ba7120bdb943094d45b56be1cc3b516ca22cc0a4aed4934a1c9af35e152ecc95a58b32ce448662acabb5b87bc76,South Asian English,south_asian,I don't want any plastics.,I DON'T WANT ANY PLASTICS,f77bf339df2a5161fad6b22d6a3738699a8de1b6ede2682b35cf93635e62d3bd
hubert_large,dmsuta,96,stage5ext_00388,f7e25829f749c01cdf81e5c9cba92ab80af25ba7120bdb943094d45b56be1cc3b516ca22cc0a4aed4934a1c9af35e152ecc95a58b32ce448662acabb5b87bc76,South Asian English,south_asian,Without a single quiver.,WITHOUT A SINGLE QUIVER,f77bf339df2a5161fad6b22d6a3738699a8de1b6ede2682b35cf93635e62d3bd
hubert_large,dmsuta,97,stage5ext_00389,f7e25829f749c01cdf81e5c9cba92ab80af25ba7120bdb943094d45b56be1cc3b516ca22cc0a4aed4934a1c9af35e152ecc95a58b32ce448662acabb5b87bc76,South Asian English,south_asian,I never saw it before.,I NEVER SIGHED BEFORE,423d7475a8ab49f6cf818a37c0c18f4e7acb94310c771b14b72353043448fb4a
hubert_large,dmsuta,97,stage5ext_00390,f7e25829f749c01cdf81e5c9cba92ab80af25ba7120bdb943094d45b56be1cc3b516ca22cc0a4aed4934a1c9af35e152ecc95a58b32ce448662acabb5b87bc76,South Asian English,south_asian,"The reason for this, is to discern your strengths.",THE REASON FOR THIS IS TO DISCERN YOUR STRENGTH,423d7475a8ab49f6cf818a37c0c18f4e7acb94310c771b14b72353043448fb4a
hubert_large,dmsuta,97,stage5ext_00391,3f0b866ee8d4499e4c0de09d34862acbb1ea0139f53bf7f1271a8648fb35d9a3a31272a8bc7af870e3b52bf7f4cb51ae512fa07df79663eaeafa30221c0b200b,South Asian English,south_asian,"The perpetrators were never identified, and this monument has never been rebuilt.",THE BLURGOTRY FIS WER NEVIDE AN DEFIED AND THIS MONUMENT HAS NEVER BEEN REBUILET,423d7475a8ab49f6cf818a37c0c18f4e7acb94310c771b14b72353043448fb4a
hubert_large,dmsuta,97,stage5ext_00392,3f0b866ee8d4499e4c0de09d34862acbb1ea0139f53bf7f1271a8648fb35d9a3a31272a8bc7af870e3b52bf7f4cb51ae512fa07df79663eaeafa30221c0b200b,South Asian English,south_asian,"These songs include ""Never End,"" ""Please Smile Again,"" and ""Cross Over.",THESE SONGS INCLUDE NEVER END YE SMILE AGAIN AND CROSS OE,423d7475a8ab49f6cf818a37c0c18f4e7acb94310c771b14b72353043448fb4a
hubert_large,dmsuta,98,stage5ext_00393,3f0b866ee8d4499e4c0de09d34862acbb1ea0139f53bf7f1271a8648fb35d9a3a31272a8bc7af870e3b52bf7f4cb51ae512fa07df79663eaeafa30221c0b200b,South Asian English,south_asian,Water in the pool is continuously circulated through a filtration system.,WHAT IN THE BUL IS CONTINUOUSLY SULCUATOR TO A FILTRATION SYSTEM,791e72d7b96ff230d006354cbb89dde3dafeaba41870a44b36b2748c0b9565bf
hubert_large,dmsuta,98,stage5ext_00394,3f0b866ee8d4499e4c0de09d34862acbb1ea0139f53bf7f1271a8648fb35d9a3a31272a8bc7af870e3b52bf7f4cb51ae512fa07df79663eaeafa30221c0b200b,South Asian English,south_asian,We maintain an array of roots indexed by timestamp.,PEMENTINE AND OUREOL FRUITS INDEXED BARDIME STAMP,791e72d7b96ff230d006354cbb89dde3dafeaba41870a44b36b2748c0b9565bf
hubert_large,dmsuta,98,stage5ext_00395,3f0b866ee8d4499e4c0de09d34862acbb1ea0139f53bf7f1271a8648fb35d9a3a31272a8bc7af870e3b52bf7f4cb51ae512fa07df79663eaeafa30221c0b200b,South Asian English,south_asian,"The educators lost, though commercial broadcasters were forced to air public affairs programs.",THE EDUCATORS LOST THOUGH COMMERCIAL BRODCASTLRS WERE FORCED TO AD PUBLIC AFFAIRS PROGRAMMS,791e72d7b96ff230d006354cbb89dde3dafeaba41870a44b36b2748c0b9565bf
hubert_large,dmsuta,98,stage5ext_00396,3f0b866ee8d4499e4c0de09d34862acbb1ea0139f53bf7f1271a8648fb35d9a3a31272a8bc7af870e3b52bf7f4cb51ae512fa07df79663eaeafa30221c0b200b,South Asian English,south_asian,It is also the largest school in the state by size.,THERE IS ALSO THE LARGET SCHOOL IN THE STREET BY SIDES,791e72d7b96ff230d006354cbb89dde3dafeaba41870a44b36b2748c0b9565bf
hubert_large,dmsuta,99,stage5ext_00397,3f0b866ee8d4499e4c0de09d34862acbb1ea0139f53bf7f1271a8648fb35d9a3a31272a8bc7af870e3b52bf7f4cb51ae512fa07df79663eaeafa30221c0b200b,South Asian English,south_asian,The band members decided to discontinue their mutual involvement.,THE BYRAN LS DECIDER FERE DISCOUNTING TEMNUTHA IN ONE MIENT,4a05036388ad9e82fe612123d094325aa5ff592509fb4cd5bd6b1fc1d87b7520
hubert_large,dmsuta,99,stage5ext_00398,3f0b866ee8d4499e4c0de09d34862acbb1ea0139f53bf7f1271a8648fb35d9a3a31272a8bc7af870e3b52bf7f4cb51ae512fa07df79663eaeafa30221c0b200b,South Asian English,south_asian,Highlights include a Gutenberg Bible and the Romanesque Lambeth Bible.,HILESEN TRE A GUDEN VOLBIBOL AND THE ROMANAS CLAMBERED BACK,4a05036388ad9e82fe612123d094325aa5ff592509fb4cd5bd6b1fc1d87b7520
hubert_large,dmsuta,99,stage5ext_00399,3f0b866ee8d4499e4c0de09d34862acbb1ea0139f53bf7f1271a8648fb35d9a3a31272a8bc7af870e3b52bf7f4cb51ae512fa07df79663eaeafa30221c0b200b,South Asian English,south_asian,"The parents return, in bandages, having survived the fire.",PAIDENTS TO TON AND BANDAGES HAVINGSE WIFE TE FIRE,4a05036388ad9e82fe612123d094325aa5ff592509fb4cd5bd6b1fc1d87b7520
hubert_large,dmsuta,99,stage5ext_00400,3f0b866ee8d4499e4c0de09d34862acbb1ea0139f53bf7f1271a8648fb35d9a3a31272a8bc7af870e3b52bf7f4cb51ae512fa07df79663eaeafa30221c0b200b,South Asian English,south_asian,"After the show, Sewercap talked to Jughead about officially reuniting Screeching Weasel.",AFTER THE SHOW SOLOOK UP TOLK TO JUCK HEARD A BOUT OF SHILLERIINACTING SCREECHING WIS,4a05036388ad9e82fe612123d094325aa5ff592509fb4cd5bd6b1fc1d87b7520
hubert_large,dmsuta,100,stage5ext_00401,3f0b866ee8d4499e4c0de09d34862acbb1ea0139f53bf7f1271a8648fb35d9a3a31272a8bc7af870e3b52bf7f4cb51ae512fa07df79663eaeafa30221c0b200b,South Asian English,south_asian,Harpur served in various capacities in the New York government during the American Revolution.,HOT WAS SERVED IN VARIOUSED CAPACITIES IN THE NEW YORK GOVERNMENT DURING THE AMERICAN REVOLUTION,03622eee1e9cd3fc826059daf36d11dfca309d3d0a02c695699124e9b78f0cdc
hubert_large,dmsuta,100,stage5ext_00402,3f0b866ee8d4499e4c0de09d34862acbb1ea0139f53bf7f1271a8648fb35d9a3a31272a8bc7af870e3b52bf7f4cb51ae512fa07df79663eaeafa30221c0b200b,South Asian English,south_asian,The program has won many awards for investigative journalism.,THE PRIGRIMAAS WON MANY A WORDS FOR INVESTIGATIVE JOURNALS,03622eee1e9cd3fc826059daf36d11dfca309d3d0a02c695699124e9b78f0cdc
hubert_large,dmsuta,100,stage5ext_00403,3f0b866ee8d4499e4c0de09d34862acbb1ea0139f53bf7f1271a8648fb35d9a3a31272a8bc7af870e3b52bf7f4cb51ae512fa07df79663eaeafa30221c0b200b,South Asian English,south_asian,Information about Boffo and its games can still be found on the site.,INFORMATION ABOUT POUFO AND ITS CEAMES CAN STILL BE FOUND ON THIS SECT,03622eee1e9cd3fc826059daf36d11dfca309d3d0a02c695699124e9b78f0cdc
hubert_large,dmsuta,100,stage5ext_00404,3f0b866ee8d4499e4c0de09d34862acbb1ea0139f53bf7f1271a8648fb35d9a3a31272a8bc7af870e3b52bf7f4cb51ae512fa07df79663eaeafa30221c0b200b,South Asian English,south_asian,"Forestkith Goblin: Nocturnal hunters, also known as kith.",FORESTED COBLIN NOCTURNAL HUNTERS ALSO KNOWN AS KIT,03622eee1e9cd3fc826059daf36d11dfca309d3d0a02c695699124e9b78f0cdc
hubert_large,dmsuta,101,stage5ext_00405,3f0b866ee8d4499e4c0de09d34862acbb1ea0139f53bf7f1271a8648fb35d9a3a31272a8bc7af870e3b52bf7f4cb51ae512fa07df79663eaeafa30221c0b200b,South Asian English,south_asian,"Clearing facilities, security investments, cheques and overdraft protections were introduced.",PURING FACILITIES SECURITY INVESTMENTS CHECKS AND OVERDOCP PODECTIONS WERE INTRODUCED,5a99315fd37973c15c158d39f294091dd688b365203e78bb4d3d9aba3a41a988
hubert_large,dmsuta,101,stage5ext_00406,73e8a395a2162293c7b4534d24818227a71f84f9f562d54db101f6576c15907499bf892f20f243b766b2da4de010cd4b697339df0b8c453740e425875c0eac05,South Asian English,south_asian,Each family is allowed one vote per each style of debate.,EACH FAMILY IS ALLOWED ONE WARD PER EACH STYLE OF BIBBET,5a99315fd37973c15c158d39f294091dd688b365203e78bb4d3d9aba3a41a988
hubert_large,dmsuta,101,stage5ext_00407,73e8a395a2162293c7b4534d24818227a71f84f9f562d54db101f6576c15907499bf892f20f243b766b2da4de010cd4b697339df0b8c453740e425875c0eac05,South Asian English,south_asian,Min varieties are not mutually intelligible with any other varieties of Chinese.,WIN VARIETIES ARE NOT MUTUALLY INTELLIGIBLE WITH ANY OTHER VARIETIES OF CHINESE,5a99315fd37973c15c158d39f294091dd688b365203e78bb4d3d9aba3a41a988
hubert_large,dmsuta,101,stage5ext_00408,73e8a395a2162293c7b4534d24818227a71f84f9f562d54db101f6576c15907499bf892f20f243b766b2da4de010cd4b697339df0b8c453740e425875c0eac05,South Asian English,south_asian,The sculptures on the pillars are truly beautiful.,THE SCULPTURES ON THE PILLARS ARE TRULY BEAUTIFUL,5a99315fd37973c15c158d39f294091dd688b365203e78bb4d3d9aba3a41a988
hubert_large,dmsuta,102,stage5ext_00409,73e8a395a2162293c7b4534d24818227a71f84f9f562d54db101f6576c15907499bf892f20f243b766b2da4de010cd4b697339df0b8c453740e425875c0eac05,South Asian English,south_asian,"Examples of non-vibrating objects are mallets, hammers, and sticks.",EXAMPLES OF NON VIBRATING OBJECTS ARE MALLETS HAMMERS AND STICKS,3d3fa4edf1efb105d8e6d1ecd7227ffada258143e1dc36cd49e1258c6526859b
hubert_large,dmsuta,102,stage5ext_00410,73e8a395a2162293c7b4534d24818227a71f84f9f562d54db101f6576c15907499bf892f20f243b766b2da4de010cd4b697339df0b8c453740e425875c0eac05,South Asian English,south_asian,"You place your choice in a sealed envelope, which is opened after the game.",YOU PLACE YOUR CHOICE IN A SEALED ENVELOPE WHICH IS OPENED AFTER THE GAME,3d3fa4edf1efb105d8e6d1ecd7227ffada258143e1dc36cd49e1258c6526859b
hubert_large,dmsuta,102,stage5ext_00411,73e8a395a2162293c7b4534d24818227a71f84f9f562d54db101f6576c15907499bf892f20f243b766b2da4de010cd4b697339df0b8c453740e425875c0eac05,South Asian English,south_asian,The first was Buddy Ryan.,THE FIRST VERSE BUDDY RAN,3d3fa4edf1efb105d8e6d1ecd7227ffada258143e1dc36cd49e1258c6526859b
hubert_large,dmsuta,102,stage5ext_00412,73e8a395a2162293c7b4534d24818227a71f84f9f562d54db101f6576c15907499bf892f20f243b766b2da4de010cd4b697339df0b8c453740e425875c0eac05,South Asian English,south_asian,"His playing style is aggressive and he has won many ""best game"" awards.",H'S PLAYING STIGHTLY SUGGRESSIVE AND HE HAS WON MANY BEST GAME AWARDS,3d3fa4edf1efb105d8e6d1ecd7227ffada258143e1dc36cd49e1258c6526859b
hubert_large,dmsuta,103,stage5ext_00413,73e8a395a2162293c7b4534d24818227a71f84f9f562d54db101f6576c15907499bf892f20f243b766b2da4de010cd4b697339df0b8c453740e425875c0eac05,South Asian English,south_asian,Their flight is weak.,THEIR FLIGHT IS WEAK,b8b00b48412a230e175c405c62aef0951cc9d6ec5cbd99499992496cce8cd0e1
hubert_large,dmsuta,103,stage5ext_00414,73e8a395a2162293c7b4534d24818227a71f84f9f562d54db101f6576c15907499bf892f20f243b766b2da4de010cd4b697339df0b8c453740e425875c0eac05,South Asian English,south_asian,"In many cases however, they are quite functional.",IN MANY CASES HOWEVER THEY ARE QUITE FUNCTIONAL,b8b00b48412a230e175c405c62aef0951cc9d6ec5cbd99499992496cce8cd0e1
hubert_large,dmsuta,103,stage5ext_00415,73e8a395a2162293c7b4534d24818227a71f84f9f562d54db101f6576c15907499bf892f20f243b766b2da4de010cd4b697339df0b8c453740e425875c0eac05,South Asian English,south_asian,Ward went on to win the general election.,VAUD WENT ON TO WIN THE GENERAL ELECTION,b8b00b48412a230e175c405c62aef0951cc9d6ec5cbd99499992496cce8cd0e1
hubert_large,dmsuta,103,stage5ext_00416,73e8a395a2162293c7b4534d24818227a71f84f9f562d54db101f6576c15907499bf892f20f243b766b2da4de010cd4b697339df0b8c453740e425875c0eac05,South Asian English,south_asian,He is now a Free Agent.,HE IS NOW A FREE AGENT,b8b00b48412a230e175c405c62aef0951cc9d6ec5cbd99499992496cce8cd0e1
hubert_large,dmsuta,104,stage5ext_00417,73e8a395a2162293c7b4534d24818227a71f84f9f562d54db101f6576c15907499bf892f20f243b766b2da4de010cd4b697339df0b8c453740e425875c0eac05,South Asian English,south_asian,Her other sponsors include Subway and Boost Mobile.,HER OTHER SPONSERS INCLUDE SABVEY AND BOST MOBA,85a77cd62708a26b8a61f866e14fa762517afb232e64688342967c837fc64f54
hubert_large,dmsuta,104,stage5ext_00418,73e8a395a2162293c7b4534d24818227a71f84f9f562d54db101f6576c15907499bf892f20f243b766b2da4de010cd4b697339df0b8c453740e425875c0eac05,South Asian English,south_asian,I've never been asked to do one.,I'VE NEVER BEEN ASKED TO DO ONE,85a77cd62708a26b8a61f866e14fa762517afb232e64688342967c837fc64f54
hubert_large,dmsuta,104,stage5ext_00419,73e8a395a2162293c7b4534d24818227a71f84f9f562d54db101f6576c15907499bf892f20f243b766b2da4de010cd4b697339df0b8c453740e425875c0eac05,South Asian English,south_asian,"Therefore, these schools are significantly divided in terms of both abilities and career aims.",THEREFORE THESE COLS ARE SIGNIFICANTLY DIVIDED IN TERMS OF BOTH ABILITIES AND CARRIER AIMS,85a77cd62708a26b8a61f866e14fa762517afb232e64688342967c837fc64f54
hubert_large,dmsuta,104,stage5ext_00420,73e8a395a2162293c7b4534d24818227a71f84f9f562d54db101f6576c15907499bf892f20f243b766b2da4de010cd4b697339df0b8c453740e425875c0eac05,South Asian English,south_asian,The Ottoman village of Mulebbis appears at this site on the British survey map.,THE OTOMON VILLAGE OF MURLEBIS APPEARS AT THIS SIGHT ON THE BRITISH SURWAY MAP,85a77cd62708a26b8a61f866e14fa762517afb232e64688342967c837fc64f54
hubert_large,dmsuta,105,stage5ext_00421,ea49524d52bc56b865f1207ba65e9a5c30cab647b575ba84d0332c740de52bef6922ee19c49e44db615889cbabebbfa52440b31858fac8660d5e97eb4593687f,South Asian English,south_asian,Do you have Hugo's phone number?,DO YOU HAVE HUGOTS POR NUMBERED,c5bb9b7ef5a1e4db778bb8b5da2a52b39bcb7c891a146d446549d8ff2b5577ee
hubert_large,dmsuta,105,stage5ext_00422,ea49524d52bc56b865f1207ba65e9a5c30cab647b575ba84d0332c740de52bef6922ee19c49e44db615889cbabebbfa52440b31858fac8660d5e97eb4593687f,South Asian English,south_asian,"In the United States, we use paper bags for shopping.",IN THE UNITED STATES WE USE PIPPER BAGS FOR SHOPPING,c5bb9b7ef5a1e4db778bb8b5da2a52b39bcb7c891a146d446549d8ff2b5577ee
hubert_large,dmsuta,105,stage5ext_00423,ea49524d52bc56b865f1207ba65e9a5c30cab647b575ba84d0332c740de52bef6922ee19c49e44db615889cbabebbfa52440b31858fac8660d5e97eb4593687f,South Asian English,south_asian,"Olivia, have you seen my keys?",OLOIA HAVE YOU SEEN MY KIDS,c5bb9b7ef5a1e4db778bb8b5da2a52b39bcb7c891a146d446549d8ff2b5577ee
hubert_large,dmsuta,105,stage5ext_00424,ea49524d52bc56b865f1207ba65e9a5c30cab647b575ba84d0332c740de52bef6922ee19c49e44db615889cbabebbfa52440b31858fac8660d5e97eb4593687f,South Asian English,south_asian,Someone set fire to the trash.,SOMEONE SET FIRE TO THE TRASH,c5bb9b7ef5a1e4db778bb8b5da2a52b39bcb7c891a146d446549d8ff2b5577ee
hubert_large,dmsuta,106,stage5ext_00425,ea49524d52bc56b865f1207ba65e9a5c30cab647b575ba84d0332c740de52bef6922ee19c49e44db615889cbabebbfa52440b31858fac8660d5e97eb4593687f,South Asian English,south_asian,Angela wanted to copy everything he had done.,ANGELA WANTED TO COPY EVERYTHING HE HAD DONE,ce67f7706dfb6d7b9504f40bdb01628106d2b7d713d9a312773dfcd1dad166bc
hubert_large,dmsuta,106,stage5ext_00426,ea49524d52bc56b865f1207ba65e9a5c30cab647b575ba84d0332c740de52bef6922ee19c49e44db615889cbabebbfa52440b31858fac8660d5e97eb4593687f,South Asian English,south_asian,Good playgrounds have much more to offer than swings and slides.,GOOD PLAYGROUNDS HAVE MUCH MORE TO OFFER THAN SWINGS AND SLIDES,ce67f7706dfb6d7b9504f40bdb01628106d2b7d713d9a312773dfcd1dad166bc
hubert_large,dmsuta,106,stage5ext_00427,ea49524d52bc56b865f1207ba65e9a5c30cab647b575ba84d0332c740de52bef6922ee19c49e44db615889cbabebbfa52440b31858fac8660d5e97eb4593687f,South Asian English,south_asian,What does it all mean?,WHAT DOES IT ALL MEAN,ce67f7706dfb6d7b9504f40bdb01628106d2b7d713d9a312773dfcd1dad166bc
hubert_large,dmsuta,106,stage5ext_00428,ea49524d52bc56b865f1207ba65e9a5c30cab647b575ba84d0332c740de52bef6922ee19c49e44db615889cbabebbfa52440b31858fac8660d5e97eb4593687f,South Asian English,south_asian,A musical composition for seven instruments,A MUSICAL COMPOSITION PARSE ON INSTRUMENT,ce67f7706dfb6d7b9504f40bdb01628106d2b7d713d9a312773dfcd1dad166bc
hubert_large,dmsuta,107,stage5ext_00429,ea49524d52bc56b865f1207ba65e9a5c30cab647b575ba84d0332c740de52bef6922ee19c49e44db615889cbabebbfa52440b31858fac8660d5e97eb4593687f,South Asian English,south_asian,Temper is so good a thing that we should never lose it.,TEMPER ITS SO GOOD A THING THAT WE SHOULD NEWER LOSE IT,997d3d92e6162714a81a46e4e9ccddb83588fc39db56f85f006974ad2dff45a1
hubert_large,dmsuta,107,stage5ext_00430,ea49524d52bc56b865f1207ba65e9a5c30cab647b575ba84d0332c740de52bef6922ee19c49e44db615889cbabebbfa52440b31858fac8660d5e97eb4593687f,South Asian English,south_asian,She has a smart way of wearing clothes.,SHE HAD A SMART WAY OF WEARING CLOTHS,997d3d92e6162714a81a46e4e9ccddb83588fc39db56f85f006974ad2dff45a1
hubert_large,dmsuta,107,stage5ext_00431,ea49524d52bc56b865f1207ba65e9a5c30cab647b575ba84d0332c740de52bef6922ee19c49e44db615889cbabebbfa52440b31858fac8660d5e97eb4593687f,South Asian English,south_asian,They have prejudices against foreigners.,THEY HELPE JULIASUS AGAINST FORINARSA,997d3d92e6162714a81a46e4e9ccddb83588fc39db56f85f006974ad2dff45a1
hubert_large,dmsuta,107,stage5ext_00432,ea49524d52bc56b865f1207ba65e9a5c30cab647b575ba84d0332c740de52bef6922ee19c49e44db615889cbabebbfa52440b31858fac8660d5e97eb4593687f,South Asian English,south_asian,He has enough who is content.,HE HAS ENOUGH WHO IS CONTENT,997d3d92e6162714a81a46e4e9ccddb83588fc39db56f85f006974ad2dff45a1
hubert_large,dmsuta,108,stage5ext_00433,ea49524d52bc56b865f1207ba65e9a5c30cab647b575ba84d0332c740de52bef6922ee19c49e44db615889cbabebbfa52440b31858fac8660d5e97eb4593687f,South Asian English,south_asian,The toilet needed cleaning.,THE TOILET NEEDED GAINING,a084fd615d13f2e7a931c344f0f297d1d5f800d02d8cae973b866d34e75d8528
hubert_large,dmsuta,108,stage5ext_00434,ea49524d52bc56b865f1207ba65e9a5c30cab647b575ba84d0332c740de52bef6922ee19c49e44db615889cbabebbfa52440b31858fac8660d5e97eb4593687f,South Asian English,south_asian,There's no accounting for tastes,THERE IS NO ACCOUNTING FOR TESTS,a084fd615d13f2e7a931c344f0f297d1d5f800d02d8cae973b866d34e75d8528
hubert_large,dmsuta,108,stage5ext_00435,ea49524d52bc56b865f1207ba65e9a5c30cab647b575ba84d0332c740de52bef6922ee19c49e44db615889cbabebbfa52440b31858fac8660d5e97eb4593687f,South Asian English,south_asian,"Yours sincerely, Satan.",YOURS SINCERELY CETAN,a084fd615d13f2e7a931c344f0f297d1d5f800d02d8cae973b866d34e75d8528
hubert_large,dmsuta,108,stage5ext_00436,6df207be7ccedf5176284312e3017cd9d7ddb990efbd395e8e8d1a4f2aca4eac93a420f82a1b88c2cc4a7728b9bfb612cdbeccdb6bb50e3f1aec155e5603f59f,South Asian English,south_asian,Ogilvy watched till one and then gave up.,ORGILBY WATCHED TILL ONE AND THEN GAVE UP,a084fd615d13f2e7a931c344f0f297d1d5f800d02d8cae973b866d34e75d8528
hubert_large,dmsuta,109,stage5ext_00437,6df207be7ccedf5176284312e3017cd9d7ddb990efbd395e8e8d1a4f2aca4eac93a420f82a1b88c2cc4a7728b9bfb612cdbeccdb6bb50e3f1aec155e5603f59f,South Asian English,south_asian,The desert didn't answer him for a few moments.,THE DESERT DIDN'T ANSWER HIM FOR A FEW MOMENTS,febdda8c3634a1820f06ced6dc5f9a15f47049a25471bbe73a1e967a357377d3
hubert_large,dmsuta,109,stage5ext_00438,6df207be7ccedf5176284312e3017cd9d7ddb990efbd395e8e8d1a4f2aca4eac93a420f82a1b88c2cc4a7728b9bfb612cdbeccdb6bb50e3f1aec155e5603f59f,South Asian English,south_asian,Once again he was experiencing the language without words...,ONCE AGAIN HE WAS EXPERIENCING THE LANGUAGE WITHOUT WORDS,febdda8c3634a1820f06ced6dc5f9a15f47049a25471bbe73a1e967a357377d3
hubert_large,dmsuta,109,stage5ext_00439,6df207be7ccedf5176284312e3017cd9d7ddb990efbd395e8e8d1a4f2aca4eac93a420f82a1b88c2cc4a7728b9bfb612cdbeccdb6bb50e3f1aec155e5603f59f,South Asian English,south_asian,"The sheep will get used to my not being there, too, the boy thought.",THE SHEEP WILL GET USED TO MY NOT BEING THERE TOO THE BOY THOUGHT,febdda8c3634a1820f06ced6dc5f9a15f47049a25471bbe73a1e967a357377d3
hubert_large,dmsuta,109,stage5ext_00440,6df207be7ccedf5176284312e3017cd9d7ddb990efbd395e8e8d1a4f2aca4eac93a420f82a1b88c2cc4a7728b9bfb612cdbeccdb6bb50e3f1aec155e5603f59f,South Asian English,south_asian,Everything you need to know you have learned through your journey.,EVERYTHING YOU NEED TO KNOW YOU HAVE LEARNED THROUGH YOUR JOURNEY,febdda8c3634a1820f06ced6dc5f9a15f47049a25471bbe73a1e967a357377d3
hubert_large,dmsuta,110,stage5ext_00441,6df207be7ccedf5176284312e3017cd9d7ddb990efbd395e8e8d1a4f2aca4eac93a420f82a1b88c2cc4a7728b9bfb612cdbeccdb6bb50e3f1aec155e5603f59f,South Asian English,south_asian,"You and I aren't like Hassan, that rich merchant.",YOU AND I AREN'T LAKE HUSSON THAT RICH MERCHANT,646ef50a9f9f67f0e473bf15388eadd9ec17c329d147a70cb52b9a532cc485a8
hubert_large,dmsuta,110,stage5ext_00442,6df207be7ccedf5176284312e3017cd9d7ddb990efbd395e8e8d1a4f2aca4eac93a420f82a1b88c2cc4a7728b9bfb612cdbeccdb6bb50e3f1aec155e5603f59f,South Asian English,south_asian,But they really don't know what they're saying.,BUT THEY REALLY DON'T KNOW WHAT THEY ARE SAYING,646ef50a9f9f67f0e473bf15388eadd9ec17c329d147a70cb52b9a532cc485a8
hubert_large,dmsuta,110,stage5ext_00443,6df207be7ccedf5176284312e3017cd9d7ddb990efbd395e8e8d1a4f2aca4eac93a420f82a1b88c2cc4a7728b9bfb612cdbeccdb6bb50e3f1aec155e5603f59f,South Asian English,south_asian,The boy remembered an old proverb from his country.,THE BOY REMEMBERED AN OLD PROVERB FROM HIS COUNTRY,646ef50a9f9f67f0e473bf15388eadd9ec17c329d147a70cb52b9a532cc485a8
hubert_large,dmsuta,110,stage5ext_00444,6df207be7ccedf5176284312e3017cd9d7ddb990efbd395e8e8d1a4f2aca4eac93a420f82a1b88c2cc4a7728b9bfb612cdbeccdb6bb50e3f1aec155e5603f59f,South Asian English,south_asian,Henderson stood up with a spade in his hand.,HENDERSON STOOD UP WITH A SPADE IN HIS HAND,646ef50a9f9f67f0e473bf15388eadd9ec17c329d147a70cb52b9a532cc485a8
hubert_large,dmsuta,111,stage5ext_00445,6df207be7ccedf5176284312e3017cd9d7ddb990efbd395e8e8d1a4f2aca4eac93a420f82a1b88c2cc4a7728b9bfb612cdbeccdb6bb50e3f1aec155e5603f59f,South Asian English,south_asian,"The alchemists spent years in their laboratories, observing the fire that purified the metals.",THE ALCHEMISTS SPENT YEARS IN THEIR LABORATORIES OBSERVING THE FIRE THAT PURIFIED THE METALS,6c2ef600495e5e013094852f6a8002be58ee048dfb854896f3fe31523ae06232
hubert_large,dmsuta,111,stage5ext_00446,6df207be7ccedf5176284312e3017cd9d7ddb990efbd395e8e8d1a4f2aca4eac93a420f82a1b88c2cc4a7728b9bfb612cdbeccdb6bb50e3f1aec155e5603f59f,South Asian English,south_asian,His eyes filled with tears as he spoke of the Prophet.,HIS EYES FILLED WITH TEARS AS HE SPOKE OF THE PROPHET,6c2ef600495e5e013094852f6a8002be58ee048dfb854896f3fe31523ae06232
hubert_large,dmsuta,111,stage5ext_00447,6df207be7ccedf5176284312e3017cd9d7ddb990efbd395e8e8d1a4f2aca4eac93a420f82a1b88c2cc4a7728b9bfb612cdbeccdb6bb50e3f1aec155e5603f59f,South Asian English,south_asian,"Maybe the alchemist has never been in love, the boy thought.",MAYBE THE ALCHEMIST HAS NEVER BEEN IN LOVE THE BOY THOUGHT,6c2ef600495e5e013094852f6a8002be58ee048dfb854896f3fe31523ae06232
hubert_large,dmsuta,111,stage5ext_00448,6df207be7ccedf5176284312e3017cd9d7ddb990efbd395e8e8d1a4f2aca4eac93a420f82a1b88c2cc4a7728b9bfb612cdbeccdb6bb50e3f1aec155e5603f59f,South Asian English,south_asian,"He dressed in his Arabian clothing of white linen, bought especially for this day.",HE DRESSED IN HIS ARABIAN CLOTHING OF WHITE LINEN BOUGHT ESPECIALLY FOR THISTAY,6c2ef600495e5e013094852f6a8002be58ee048dfb854896f3fe31523ae06232
hubert_large,dmsuta,112,stage5ext_00449,6df207be7ccedf5176284312e3017cd9d7ddb990efbd395e8e8d1a4f2aca4eac93a420f82a1b88c2cc4a7728b9bfb612cdbeccdb6bb50e3f1aec155e5603f59f,South Asian English,south_asian,I don't want anything for myself.,I DON'T WANT ANY KEEPEM I SLEP,791a54d5441c25d2e18ff242b9958e1c36e3160be5285c1fea2e3517bd63e65d
hubert_large,dmsuta,112,stage5ext_00450,6df207be7ccedf5176284312e3017cd9d7ddb990efbd395e8e8d1a4f2aca4eac93a420f82a1b88c2cc4a7728b9bfb612cdbeccdb6bb50e3f1aec155e5603f59f,South Asian English,south_asian,"An hour later, he had before him a chest of Spanish gold coins.",AN HOUR LATER HE HAD BEFORE HIM A CHEST OF SPANISH GOLD COINS,791a54d5441c25d2e18ff242b9958e1c36e3160be5285c1fea2e3517bd63e65d
hubert_large,dmsuta,112,stage5ext_00451,0e60a578941d41849394691c611be044c19753d68b3dc6ca38dd1526016c9536219350c8aa1d6c0b974bc68c24592c39030a094ed6223399ab873f93e6a457a2,Australian English,australia,He surveyed the land near Fairbanks and started the Fairbanks Experiment Farm.,HE SURVEYED THE LAND NEAR FAIRBANKS AND STARTED THE FAIRBANKS EXPERIMENT FARM,791a54d5441c25d2e18ff242b9958e1c36e3160be5285c1fea2e3517bd63e65d
hubert_large,dmsuta,112,stage5ext_00452,0e60a578941d41849394691c611be044c19753d68b3dc6ca38dd1526016c9536219350c8aa1d6c0b974bc68c24592c39030a094ed6223399ab873f93e6a457a2,Australian English,australia,"These sites are equipped with firewood, pit privies, picnic tables and food storage containers.",THESE SITES ARE EQUIPPED WITH FIREWOOD PICT PRIVIES PICNIC TABLES AND FOOD STORAGE CONTAINERS,791a54d5441c25d2e18ff242b9958e1c36e3160be5285c1fea2e3517bd63e65d
hubert_large,dmsuta,113,stage5ext_00453,0e60a578941d41849394691c611be044c19753d68b3dc6ca38dd1526016c9536219350c8aa1d6c0b974bc68c24592c39030a094ed6223399ab873f93e6a457a2,Australian English,australia,He was second billed at the Earls Court Music festival with Jay-Z.,HE WAS SECOND BUILD AT THE EARL COURT MUSIC FESTIVAL WITH J Z,7aa7fb016da328467c2c41f00db8652755962af69b1e3313f0c7e3a5583add55
hubert_large,dmsuta,113,stage5ext_00454,0e60a578941d41849394691c611be044c19753d68b3dc6ca38dd1526016c9536219350c8aa1d6c0b974bc68c24592c39030a094ed6223399ab873f93e6a457a2,Australian English,australia,"As a result, most of the buildings are older, and are often walk-up apartments.",AS A RESULT MOST OF THE BUILDINGS ARE OLDER AND A OFTEN WALK UP APARTMENTS,7aa7fb016da328467c2c41f00db8652755962af69b1e3313f0c7e3a5583add55
hubert_large,dmsuta,113,stage5ext_00455,0e60a578941d41849394691c611be044c19753d68b3dc6ca38dd1526016c9536219350c8aa1d6c0b974bc68c24592c39030a094ed6223399ab873f93e6a457a2,Australian English,australia,"His credits include episodes of ""The Twilight Zone"" and ""The Alfred Hitchcock Hour"".",HIS CREDITS INCLUDE EPISODES OF THE TWILIGHT ZONE AND THE ALFRED HITCHCOCK HOUR,7aa7fb016da328467c2c41f00db8652755962af69b1e3313f0c7e3a5583add55
hubert_large,dmsuta,113,stage5ext_00456,0e60a578941d41849394691c611be044c19753d68b3dc6ca38dd1526016c9536219350c8aa1d6c0b974bc68c24592c39030a094ed6223399ab873f93e6a457a2,Australian English,australia,The party aligned itself with the Comintern.,THE PARTY ALLIGNED ITSELF WITH THE COMMINTEN,7aa7fb016da328467c2c41f00db8652755962af69b1e3313f0c7e3a5583add55
hubert_large,dmsuta,114,stage5ext_00457,0e60a578941d41849394691c611be044c19753d68b3dc6ca38dd1526016c9536219350c8aa1d6c0b974bc68c24592c39030a094ed6223399ab873f93e6a457a2,Australian English,australia,"On one occasion, Suetonius writes, Vespasian was pelted with turnips.",ON ONE OCCASION SEUTONIUS WRITES VESPACION WAS PELTED WITH TURNIPS,fce9cd1166b61b340e9cdcbd821cb34a2a6513fadb8776f6b2999ccd756d576a
hubert_large,dmsuta,114,stage5ext_00458,0e60a578941d41849394691c611be044c19753d68b3dc6ca38dd1526016c9536219350c8aa1d6c0b974bc68c24592c39030a094ed6223399ab873f93e6a457a2,Australian English,australia,"She felt that modern society had ""blunted"" children.",SHE FELT THAT MODERN SOCIETY HAD BLUNTED CHILDREN,fce9cd1166b61b340e9cdcbd821cb34a2a6513fadb8776f6b2999ccd756d576a
hubert_large,dmsuta,114,stage5ext_00459,0e60a578941d41849394691c611be044c19753d68b3dc6ca38dd1526016c9536219350c8aa1d6c0b974bc68c24592c39030a094ed6223399ab873f93e6a457a2,Australian English,australia,Those in Thailand live close to the Hmong and northern Thai.,THOSE IN TYLAND LIVE CLOSE TO THE MONG AND NORTHERN TYE,fce9cd1166b61b340e9cdcbd821cb34a2a6513fadb8776f6b2999ccd756d576a
hubert_large,dmsuta,114,stage5ext_00460,0e60a578941d41849394691c611be044c19753d68b3dc6ca38dd1526016c9536219350c8aa1d6c0b974bc68c24592c39030a094ed6223399ab873f93e6a457a2,Australian English,australia,His competitive debut followed a few days later.,HIS COMPETITIVE DEBU FOLLOWED A FEW DAYS LATER,fce9cd1166b61b340e9cdcbd821cb34a2a6513fadb8776f6b2999ccd756d576a
hubert_large,dmsuta,115,stage5ext_00461,0e60a578941d41849394691c611be044c19753d68b3dc6ca38dd1526016c9536219350c8aa1d6c0b974bc68c24592c39030a094ed6223399ab873f93e6a457a2,Australian English,australia,It is headquartered in Dubna in the Moscow Oblast.,IT IS HEADQUARTERED IN DUBNA IN THE MOSCOW OBLAST,d3e7f14fef47aaace97599415bd11831ac6e6813025721ee1808b6d418709ff1
hubert_large,dmsuta,115,stage5ext_00462,0e60a578941d41849394691c611be044c19753d68b3dc6ca38dd1526016c9536219350c8aa1d6c0b974bc68c24592c39030a094ed6223399ab873f93e6a457a2,Australian English,australia,Upon surrender the tribe was expelled.,UPON SURRENDER THE TRIBE WAS EXPELLED,d3e7f14fef47aaace97599415bd11831ac6e6813025721ee1808b6d418709ff1
hubert_large,dmsuta,115,stage5ext_00463,0e60a578941d41849394691c611be044c19753d68b3dc6ca38dd1526016c9536219350c8aa1d6c0b974bc68c24592c39030a094ed6223399ab873f93e6a457a2,Australian English,australia,His skills in what we now characterize as guerrilla warfare were justly famous.,HIS SKILLS IN WHAT WE NOW CHARACTERIZE AS GORRILLA WARFARE WERE JUSTLY FAMOUS,d3e7f14fef47aaace97599415bd11831ac6e6813025721ee1808b6d418709ff1
hubert_large,dmsuta,115,stage5ext_00464,0e60a578941d41849394691c611be044c19753d68b3dc6ca38dd1526016c9536219350c8aa1d6c0b974bc68c24592c39030a094ed6223399ab873f93e6a457a2,Australian English,australia,Donald C. Owens.,DONALD C OWENS,d3e7f14fef47aaace97599415bd11831ac6e6813025721ee1808b6d418709ff1
hubert_large,dmsuta,116,stage5ext_00465,0e60a578941d41849394691c611be044c19753d68b3dc6ca38dd1526016c9536219350c8aa1d6c0b974bc68c24592c39030a094ed6223399ab873f93e6a457a2,Australian English,australia,Most of operating surplus will normally consist of gross profit income.,MOST OF OPERATING SURPLUS WILL NORMALLY CONSIST OF GROSS PROFIT INCOME,787d522c11498a0b390facf605795908d5b0c22369ac0b8a16afb77f2246772b
hubert_large,dmsuta,116,stage5ext_00466,6a6b32832defa516dce6922d2300294d6e7f670b8f867ed3f8f7e291df5150f55cde5ad06e44e4d126e3687b818fe5f23e70a1cd189217bc55d1f9f21ced88e0,Australian English,australia,"These delineations, however, are not definitive.",THESE DELINEATIONS HOWEVER ARE NOT DEFINITIVE,787d522c11498a0b390facf605795908d5b0c22369ac0b8a16afb77f2246772b
hubert_large,dmsuta,116,stage5ext_00467,6a6b32832defa516dce6922d2300294d6e7f670b8f867ed3f8f7e291df5150f55cde5ad06e44e4d126e3687b818fe5f23e70a1cd189217bc55d1f9f21ced88e0,Australian English,australia,"When he returned to Canada the following year, he had gained few supplies.",WHEN HE RETURNED TO CANADA THE FOLLOWING YEAR HE HAD GAINED FEW SUPPLIES,787d522c11498a0b390facf605795908d5b0c22369ac0b8a16afb77f2246772b
hubert_large,dmsuta,116,stage5ext_00468,6a6b32832defa516dce6922d2300294d6e7f670b8f867ed3f8f7e291df5150f55cde5ad06e44e4d126e3687b818fe5f23e70a1cd189217bc55d1f9f21ced88e0,Australian English,australia,Eos published the third edition of Nobilis and a supplement.,EOS PUBLISHED THE THIRD EDITION OF NOBLIS AND A SUPPLEMENT,787d522c11498a0b390facf605795908d5b0c22369ac0b8a16afb77f2246772b
hubert_large,dmsuta,117,stage5ext_00469,6a6b32832defa516dce6922d2300294d6e7f670b8f867ed3f8f7e291df5150f55cde5ad06e44e4d126e3687b818fe5f23e70a1cd189217bc55d1f9f21ced88e0,Australian English,australia,This prevents damage to the optics in the amplifier.,THIS PREVENTS DAMAGE TO THE OPTICS IN THE AMPLIFIER,66b6e3d756c68b9985c4c048c3e2931a127a4d23e1affdc9ada842c542b4c7e5
hubert_large,dmsuta,117,stage5ext_00470,6a6b32832defa516dce6922d2300294d6e7f670b8f867ed3f8f7e291df5150f55cde5ad06e44e4d126e3687b818fe5f23e70a1cd189217bc55d1f9f21ced88e0,Australian English,australia,"Prince's Park also influenced its near neighbour, Sefton Park.",PRINCE'S PARK ALSO INFLUENCED ITS NEAR NEIGHBOR SIFTON PARK,66b6e3d756c68b9985c4c048c3e2931a127a4d23e1affdc9ada842c542b4c7e5
hubert_large,dmsuta,117,stage5ext_00471,6a6b32832defa516dce6922d2300294d6e7f670b8f867ed3f8f7e291df5150f55cde5ad06e44e4d126e3687b818fe5f23e70a1cd189217bc55d1f9f21ced88e0,Australian English,australia,The location is a primary advantage of the faculty.,THE LOCATION IS A PRIMARY ADVANTAGE OF THE FACULTY,66b6e3d756c68b9985c4c048c3e2931a127a4d23e1affdc9ada842c542b4c7e5
hubert_large,dmsuta,117,stage5ext_00472,6a6b32832defa516dce6922d2300294d6e7f670b8f867ed3f8f7e291df5150f55cde5ad06e44e4d126e3687b818fe5f23e70a1cd189217bc55d1f9f21ced88e0,Australian English,australia,The caps are placed behind the casing.,THE CAPS ARE PLACED BEHIND THE CASING,66b6e3d756c68b9985c4c048c3e2931a127a4d23e1affdc9ada842c542b4c7e5
hubert_large,dmsuta,118,stage5ext_00473,6a6b32832defa516dce6922d2300294d6e7f670b8f867ed3f8f7e291df5150f55cde5ad06e44e4d126e3687b818fe5f23e70a1cd189217bc55d1f9f21ced88e0,Australian English,australia,It falls within the old copper quarter of Landore electoral ward.,IT FALLS WITHIN THE OLD COPPER QUARTER OF LANDOR ELECTORAL WARD,c0867f45bd3b5f5b4c504f140d058cd20e1a9e91e752a4924f993945d22fc58e
hubert_large,dmsuta,118,stage5ext_00474,6a6b32832defa516dce6922d2300294d6e7f670b8f867ed3f8f7e291df5150f55cde5ad06e44e4d126e3687b818fe5f23e70a1cd189217bc55d1f9f21ced88e0,Australian English,australia,It was merged into the existing Billund municipality.,IT WAS MERGED INTO THE EXISTING BILLAND MUNICIPALITY,c0867f45bd3b5f5b4c504f140d058cd20e1a9e91e752a4924f993945d22fc58e
hubert_large,dmsuta,118,stage5ext_00475,6a6b32832defa516dce6922d2300294d6e7f670b8f867ed3f8f7e291df5150f55cde5ad06e44e4d126e3687b818fe5f23e70a1cd189217bc55d1f9f21ced88e0,Australian English,australia,"Rossi is married, with four children, and lives in Sammamish, Washington.",ROSSE IS MARRIED WITH FOUR CHILDREN AND LIVES IN SAMAMICHE WASHINGTON,c0867f45bd3b5f5b4c504f140d058cd20e1a9e91e752a4924f993945d22fc58e
hubert_large,dmsuta,118,stage5ext_00476,6a6b32832defa516dce6922d2300294d6e7f670b8f867ed3f8f7e291df5150f55cde5ad06e44e4d126e3687b818fe5f23e70a1cd189217bc55d1f9f21ced88e0,Australian English,australia,It is a peaceful place nestled in greenery.,IT IS A PEACEFUL PLACE NESTLED IN GREENARY,c0867f45bd3b5f5b4c504f140d058cd20e1a9e91e752a4924f993945d22fc58e
hubert_large,dmsuta,119,stage5ext_00477,6a6b32832defa516dce6922d2300294d6e7f670b8f867ed3f8f7e291df5150f55cde5ad06e44e4d126e3687b818fe5f23e70a1cd189217bc55d1f9f21ced88e0,Australian English,australia,During the fighting the Saint-Quentin collegiate church was badly damaged by fire.,DURING THE FIGHTING THE SAINT QUINTON COLLEGIIC CHURCH WAS BADLY DAMAGED BY FIRE,727fd06e8f54bb5f6fcfb0233f01bbbb06fea5fe57817f5fa28f3c92adf45001
hubert_large,dmsuta,119,stage5ext_00478,6a6b32832defa516dce6922d2300294d6e7f670b8f867ed3f8f7e291df5150f55cde5ad06e44e4d126e3687b818fe5f23e70a1cd189217bc55d1f9f21ced88e0,Australian English,australia,Further salvage effort was abandoned.,FURTHER SALVAGE EFFORT WAS ABANDONED,727fd06e8f54bb5f6fcfb0233f01bbbb06fea5fe57817f5fa28f3c92adf45001
hubert_large,dmsuta,119,stage5ext_00479,6a6b32832defa516dce6922d2300294d6e7f670b8f867ed3f8f7e291df5150f55cde5ad06e44e4d126e3687b818fe5f23e70a1cd189217bc55d1f9f21ced88e0,Australian English,australia,Its lean flesh makes for a unique flavor that differs from species to species.,ITS LEAN FLESH MAKES FOR A UNIQUE FLAVOR THAT DIFFERS FROM SPECIES TO SPECIES,727fd06e8f54bb5f6fcfb0233f01bbbb06fea5fe57817f5fa28f3c92adf45001
hubert_large,dmsuta,119,stage5ext_00480,6a6b32832defa516dce6922d2300294d6e7f670b8f867ed3f8f7e291df5150f55cde5ad06e44e4d126e3687b818fe5f23e70a1cd189217bc55d1f9f21ced88e0,Australian English,australia,"Multiplexers, decoders, state machines, and other sophisticated digital devices may use inverters.",MULTIPLEXES DECODAS STATE MACHINES AND OTHER SOPHISTICATED DIGITAL DEVICES MAY USE INVERTERS,727fd06e8f54bb5f6fcfb0233f01bbbb06fea5fe57817f5fa28f3c92adf45001
hubert_large,dmsuta,120,stage5ext_00481,80e5fdd0808bbda9d695c743b5046c81739538d8398f2686fe4b36ca71f055a7cc8e5445f4ac8e41bbbe09c9f01ad6e6bf9e083ec42a8d15655c1b76825dce57,Australian English,australia,"The regiment is introduced as Britain's first ""Kamikaze Regiment"".",THE REGIMENT IS INTRODUCED AS BRITOIN'S FIRST COMAKHAZI REGIMENT,453df3a13c634de1a330b4ef63fb6491f93d829e077da3b4ea4885f824ad6569
hubert_large,dmsuta,120,stage5ext_00482,80e5fdd0808bbda9d695c743b5046c81739538d8398f2686fe4b36ca71f055a7cc8e5445f4ac8e41bbbe09c9f01ad6e6bf9e083ec42a8d15655c1b76825dce57,Australian English,australia,"“Yet you always make me like it,” he said.",YET YOU ALWAYS MAKE ME LIKE IT HE SAID,453df3a13c634de1a330b4ef63fb6491f93d829e077da3b4ea4885f824ad6569
hubert_large,dmsuta,120,stage5ext_00483,80e5fdd0808bbda9d695c743b5046c81739538d8398f2686fe4b36ca71f055a7cc8e5445f4ac8e41bbbe09c9f01ad6e6bf9e083ec42a8d15655c1b76825dce57,Australian English,australia,The parties were ordered to electronically submit briefs to make their case.,THE PARTIES WERE ORDERED TO ELECTRONICALLY SUBMIT BRIEFS TO MAKE THEIR CASE,453df3a13c634de1a330b4ef63fb6491f93d829e077da3b4ea4885f824ad6569
hubert_large,dmsuta,120,stage5ext_00484,80e5fdd0808bbda9d695c743b5046c81739538d8398f2686fe4b36ca71f055a7cc8e5445f4ac8e41bbbe09c9f01ad6e6bf9e083ec42a8d15655c1b76825dce57,Australian English,australia,Conceptual discussions also revolve around a precise definition of action in philosophy.,CONCEPTUAL DISCUSSIONS ALSO REVOLVE AROUND A PRECISE DEFINITION OF ACTION IN PHILOSOPHY,453df3a13c634de1a330b4ef63fb6491f93d829e077da3b4ea4885f824ad6569
hubert_large,dmsuta,121,stage5ext_00485,80e5fdd0808bbda9d695c743b5046c81739538d8398f2686fe4b36ca71f055a7cc8e5445f4ac8e41bbbe09c9f01ad6e6bf9e083ec42a8d15655c1b76825dce57,Australian English,australia,John Wyndham's many short stories also appear with later variant titles or pen names.,JOHN WINHAM'S MANY SHORT STORIES ALSO APPEAR WITH LATER VARIENT TITLES OR PEN NAMES,e98e445dca4647f7d1585f4003532f7c5c689ffd1420f510124750c90cbfb6e6
hubert_large,dmsuta,121,stage5ext_00486,80e5fdd0808bbda9d695c743b5046c81739538d8398f2686fe4b36ca71f055a7cc8e5445f4ac8e41bbbe09c9f01ad6e6bf9e083ec42a8d15655c1b76825dce57,Australian English,australia,"I had an apartment; Jim was, like, ""He's the Boss"".",I HAD AN APARTMENT JIM WAS LIKE HE'S THE BOSS,e98e445dca4647f7d1585f4003532f7c5c689ffd1420f510124750c90cbfb6e6
hubert_large,dmsuta,121,stage5ext_00487,80e5fdd0808bbda9d695c743b5046c81739538d8398f2686fe4b36ca71f055a7cc8e5445f4ac8e41bbbe09c9f01ad6e6bf9e083ec42a8d15655c1b76825dce57,Australian English,australia,"The show theme music is a customised version of Barry Manilow's ""Copacabana"".",THE SHETHEME MUSIC IS A CUSTOMIZED VERSION OF BARRY MANLO'S COOPER CABANA,e98e445dca4647f7d1585f4003532f7c5c689ffd1420f510124750c90cbfb6e6
hubert_large,dmsuta,121,stage5ext_00488,80e5fdd0808bbda9d695c743b5046c81739538d8398f2686fe4b36ca71f055a7cc8e5445f4ac8e41bbbe09c9f01ad6e6bf9e083ec42a8d15655c1b76825dce57,Australian English,australia,Especially noteworthy were the early and late paintings.,ESPECIALLY NOTEWORTHY WERE THE EARLY AND LATE PAINTINGS,e98e445dca4647f7d1585f4003532f7c5c689ffd1420f510124750c90cbfb6e6
hubert_large,dmsuta,122,stage5ext_00489,80e5fdd0808bbda9d695c743b5046c81739538d8398f2686fe4b36ca71f055a7cc8e5445f4ac8e41bbbe09c9f01ad6e6bf9e083ec42a8d15655c1b76825dce57,Australian English,australia,"Gavin Smith would later join the team, making it a three-car Vauxhall effort.",GAVAN SMITH WOULD LATER JOIN THE TEAM MAKING IT A THREE CAR  OXALL EFFORT,c54dc40d18fb47f0e3e39be860b21d6b9ab9cc90596ff415caa43f1a9a9b0969
hubert_large,dmsuta,122,stage5ext_00490,80e5fdd0808bbda9d695c743b5046c81739538d8398f2686fe4b36ca71f055a7cc8e5445f4ac8e41bbbe09c9f01ad6e6bf9e083ec42a8d15655c1b76825dce57,Australian English,australia,"His siblings included Key Pittman, a longtime United States Senator from Nevada.",HIS SIPPLINGS INCLUDED KY PITMAN A LONG TIME UNITED STATES SENATOR FROM NEVADA,c54dc40d18fb47f0e3e39be860b21d6b9ab9cc90596ff415caa43f1a9a9b0969
hubert_large,dmsuta,122,stage5ext_00491,80e5fdd0808bbda9d695c743b5046c81739538d8398f2686fe4b36ca71f055a7cc8e5445f4ac8e41bbbe09c9f01ad6e6bf9e083ec42a8d15655c1b76825dce57,Australian English,australia,"The ""Dragon Empire"" is an empire ruled by the ten houses of dragons.",THE DRAGON EMPIRE IS AN EMPIRE RULED BY THE TEN HOUSES OF DRAGONS,c54dc40d18fb47f0e3e39be860b21d6b9ab9cc90596ff415caa43f1a9a9b0969
hubert_large,dmsuta,122,stage5ext_00492,80e5fdd0808bbda9d695c743b5046c81739538d8398f2686fe4b36ca71f055a7cc8e5445f4ac8e41bbbe09c9f01ad6e6bf9e083ec42a8d15655c1b76825dce57,Australian English,australia,Gounki is played on an eight-by-eight square.,GURNKEY IS PLAYED ON EIGHT BY EIGHT SQUARE,c54dc40d18fb47f0e3e39be860b21d6b9ab9cc90596ff415caa43f1a9a9b0969
hubert_large,dmsuta,123,stage5ext_00493,80e5fdd0808bbda9d695c743b5046c81739538d8398f2686fe4b36ca71f055a7cc8e5445f4ac8e41bbbe09c9f01ad6e6bf9e083ec42a8d15655c1b76825dce57,Australian English,australia,He founded a series of hospitals in Constantinople to care for the poor.,HE FOUNDED A SERIES OF HOSPITALS IN CONSTANTINOPLE TO CARE FOR THE POOR,7d908fc362f8db7997cb77c6770e5073b0fd1993b02d9857ba020907e6acf38d
hubert_large,dmsuta,123,stage5ext_00494,80e5fdd0808bbda9d695c743b5046c81739538d8398f2686fe4b36ca71f055a7cc8e5445f4ac8e41bbbe09c9f01ad6e6bf9e083ec42a8d15655c1b76825dce57,Australian English,australia,His guitar compositions are being recorded and performed by an ever-increasing number of guitarists.,HIS GUATAR COMPOSITIONS ARE BEING RECORDED AND PERFORMED BY AN EVER INCREASING NUMBER OF GATARIS,7d908fc362f8db7997cb77c6770e5073b0fd1993b02d9857ba020907e6acf38d
hubert_large,dmsuta,123,stage5ext_00495,80e5fdd0808bbda9d695c743b5046c81739538d8398f2686fe4b36ca71f055a7cc8e5445f4ac8e41bbbe09c9f01ad6e6bf9e083ec42a8d15655c1b76825dce57,Australian English,australia,He taught at Stockport Grammar School.,HE TAUGHT AT STOCKPORT GRAMMAR SCHOOL,7d908fc362f8db7997cb77c6770e5073b0fd1993b02d9857ba020907e6acf38d
hubert_large,dmsuta,123,stage5ext_00496,1a03eae3701811654fd562b997c8a474b9db15da01b2c3dbe82487ef0476080aff1930c0b286ebae981fe42447c3f5ef27480999934b5bbbb8e1410266aca125,Australian English,australia,"But, if you can, try to make your own decisions.",BUT IF YOU CAN TRY TO MAKE YOUR OWN DECISIONS,7d908fc362f8db7997cb77c6770e5073b0fd1993b02d9857ba020907e6acf38d
hubert_large,dmsuta,124,stage5ext_00497,1a03eae3701811654fd562b997c8a474b9db15da01b2c3dbe82487ef0476080aff1930c0b286ebae981fe42447c3f5ef27480999934b5bbbb8e1410266aca125,Australian English,australia,There was no way to measure anything of that length.,THERE WAS NO WAY TO MEASURE ANYTHING OF THAT LENGTH,948bc73783e2591591c209e913b24b34d204f2d4899d0b207cbaf674a4301549
hubert_large,dmsuta,124,stage5ext_00498,1a03eae3701811654fd562b997c8a474b9db15da01b2c3dbe82487ef0476080aff1930c0b286ebae981fe42447c3f5ef27480999934b5bbbb8e1410266aca125,Australian English,australia,"Today, tourism is one of the major economic factors inside the city.",TO DAY TOURISM IS ONE OF THE MAJOR ECONOMIC FACTORS INSIDE THE CITY,948bc73783e2591591c209e913b24b34d204f2d4899d0b207cbaf674a4301549
hubert_large,dmsuta,124,stage5ext_00499,1a03eae3701811654fd562b997c8a474b9db15da01b2c3dbe82487ef0476080aff1930c0b286ebae981fe42447c3f5ef27480999934b5bbbb8e1410266aca125,Australian English,australia,"Last week, I went hiking in the mountains.",LAST WEEK I WENT HIKING IN THE MOUNTAINS,948bc73783e2591591c209e913b24b34d204f2d4899d0b207cbaf674a4301549
hubert_large,dmsuta,124,stage5ext_00500,1a03eae3701811654fd562b997c8a474b9db15da01b2c3dbe82487ef0476080aff1930c0b286ebae981fe42447c3f5ef27480999934b5bbbb8e1410266aca125,Australian English,australia,The boy tried to read what was written in the sand.,THE BOY TRIED TO READ WHAT WAS WRITTEN IN THE SAND,948bc73783e2591591c209e913b24b34d204f2d4899d0b207cbaf674a4301549
hubert_large,dmsuta,125,stage5ext_00501,1a03eae3701811654fd562b997c8a474b9db15da01b2c3dbe82487ef0476080aff1930c0b286ebae981fe42447c3f5ef27480999934b5bbbb8e1410266aca125,Australian English,australia,Don't hurt my sore arm again.,DON'T HURT MY SORE ARM AGAIN,290e339aaea5a095de5bca82482ffdfd48238bfaa306f7a1e8b2c8caac785b7e
hubert_large,dmsuta,125,stage5ext_00502,1a03eae3701811654fd562b997c8a474b9db15da01b2c3dbe82487ef0476080aff1930c0b286ebae981fe42447c3f5ef27480999934b5bbbb8e1410266aca125,Australian English,australia,The fluid sprayed across the foyer.,THE FLOID SPRAD ACROSS THE FOYA,290e339aaea5a095de5bca82482ffdfd48238bfaa306f7a1e8b2c8caac785b7e
hubert_large,dmsuta,125,stage5ext_00503,1a03eae3701811654fd562b997c8a474b9db15da01b2c3dbe82487ef0476080aff1930c0b286ebae981fe42447c3f5ef27480999934b5bbbb8e1410266aca125,Australian English,australia,Thanks for dropping around.,THANKS FOR DROPPING AROUND,290e339aaea5a095de5bca82482ffdfd48238bfaa306f7a1e8b2c8caac785b7e
hubert_large,dmsuta,125,stage5ext_00504,1a03eae3701811654fd562b997c8a474b9db15da01b2c3dbe82487ef0476080aff1930c0b286ebae981fe42447c3f5ef27480999934b5bbbb8e1410266aca125,Australian English,australia,The frog had no chance to escape.,THE FROG HAD NO CHANCE TO ESCAPE,290e339aaea5a095de5bca82482ffdfd48238bfaa306f7a1e8b2c8caac785b7e
hubert_large,dmsuta,126,stage5ext_00505,1a03eae3701811654fd562b997c8a474b9db15da01b2c3dbe82487ef0476080aff1930c0b286ebae981fe42447c3f5ef27480999934b5bbbb8e1410266aca125,Australian English,australia,She likes you well enough to stick around.,SHE LOCKS YOU WELL ENOUGH TO STICK AROUND,703e34ad4fe727b43c5394181c04ee32ed5565f436628d8b3a5629cf248d3dc5
hubert_large,dmsuta,126,stage5ext_00506,1a03eae3701811654fd562b997c8a474b9db15da01b2c3dbe82487ef0476080aff1930c0b286ebae981fe42447c3f5ef27480999934b5bbbb8e1410266aca125,Australian English,australia,The shower curtain is beige and white.,THE SHOWER CURTAIN IS BASEAN WHITE,703e34ad4fe727b43c5394181c04ee32ed5565f436628d8b3a5629cf248d3dc5
hubert_large,dmsuta,126,stage5ext_00507,1a03eae3701811654fd562b997c8a474b9db15da01b2c3dbe82487ef0476080aff1930c0b286ebae981fe42447c3f5ef27480999934b5bbbb8e1410266aca125,Australian English,australia,"Everyone, when they are young, knows what their destiny is.",EVERY ONE WHEN THEY ARE YOUNG KNOWS WHAT THEIR DESTINY IS,703e34ad4fe727b43c5394181c04ee32ed5565f436628d8b3a5629cf248d3dc5
hubert_large,dmsuta,126,stage5ext_00508,1a03eae3701811654fd562b997c8a474b9db15da01b2c3dbe82487ef0476080aff1930c0b286ebae981fe42447c3f5ef27480999934b5bbbb8e1410266aca125,Australian English,australia,He didn't consider mending the hole — the stones could fall through any time they wanted.,HE DIDN'T CONSIDER MENDING THE HOLE THE STONES COULD FALL THROUGH ANY TIME THEY WANTED,703e34ad4fe727b43c5394181c04ee32ed5565f436628d8b3a5629cf248d3dc5
hubert_large,dmsuta,127,stage5ext_00509,1a03eae3701811654fd562b997c8a474b9db15da01b2c3dbe82487ef0476080aff1930c0b286ebae981fe42447c3f5ef27480999934b5bbbb8e1410266aca125,Australian English,australia,Add shweta mohan to my laundry playlist,ADD CHOOTER MOHAN TO MY LAUNDRY PLAY LIST,4cc50ca666464cb7f33a99ef72a9b4f06d846f7d6fab3979aa74f47c14c41103
hubert_large,dmsuta,127,stage5ext_00510,1a03eae3701811654fd562b997c8a474b9db15da01b2c3dbe82487ef0476080aff1930c0b286ebae981fe42447c3f5ef27480999934b5bbbb8e1410266aca125,Australian English,australia,I'm still having trouble with baking.,I'M STILL HAVING TROUBLE WITH BAKING,4cc50ca666464cb7f33a99ef72a9b4f06d846f7d6fab3979aa74f47c14c41103
hubert_large,dmsuta,127,stage5ext_00511,3935c83996bc79d7abc50adc36392f9a2fd97df405c02b2321332068d1f235f816f68c7b84d0c3b80073933b9f6ab6f5b2d06f204e4bacdd8623e31009f1b83c,Australian English,australia,The mantra itself is also called Simran.,THE MENTRA ITSELF IS ALSO CALLED SIMERON,4cc50ca666464cb7f33a99ef72a9b4f06d846f7d6fab3979aa74f47c14c41103
hubert_large,dmsuta,127,stage5ext_00512,3935c83996bc79d7abc50adc36392f9a2fd97df405c02b2321332068d1f235f816f68c7b84d0c3b80073933b9f6ab6f5b2d06f204e4bacdd8623e31009f1b83c,Australian English,australia,"Throughout college, Edwards moonlighted, playing jazz piano for late night radio and music shows.",THROUGHOUT COLLEGE EDWARDS MOONLIGHTED PLAYING CHES PIANO FOR LATE NIGHT RADIO AND MUSIC SHOWS,4cc50ca666464cb7f33a99ef72a9b4f06d846f7d6fab3979aa74f47c14c41103
hubert_large,dmsuta,128,stage5ext_00513,3935c83996bc79d7abc50adc36392f9a2fd97df405c02b2321332068d1f235f816f68c7b84d0c3b80073933b9f6ab6f5b2d06f204e4bacdd8623e31009f1b83c,Australian English,australia,Over this period the paper grew and began to cover additional market sectors.,UP AT THIS PERIOD THE PIPER GREW AND BEGAN TO COVER ADDITIONAL MARKET SECTORS,c1833bfe40dc159d1853f37b55de208139092209b67b03b0a84e73dc176719cb
hubert_large,dmsuta,128,stage5ext_00514,3935c83996bc79d7abc50adc36392f9a2fd97df405c02b2321332068d1f235f816f68c7b84d0c3b80073933b9f6ab6f5b2d06f204e4bacdd8623e31009f1b83c,Australian English,australia,"His long, narrow face was dominated by a big nose.",HIS LONG NARROW FACE WAS DOMINATED BY A BEAK NOSE,c1833bfe40dc159d1853f37b55de208139092209b67b03b0a84e73dc176719cb
hubert_large,dmsuta,128,stage5ext_00515,3935c83996bc79d7abc50adc36392f9a2fd97df405c02b2321332068d1f235f816f68c7b84d0c3b80073933b9f6ab6f5b2d06f204e4bacdd8623e31009f1b83c,Australian English,australia,"This has most commonly been interpreted as a rendition of ""Now Strike"".",THIS HAS MOST COMMONLY BEEN INTERPRETED AS A RENDITION OF NAIL STRIKE,c1833bfe40dc159d1853f37b55de208139092209b67b03b0a84e73dc176719cb
hubert_large,dmsuta,128,stage5ext_00516,3935c83996bc79d7abc50adc36392f9a2fd97df405c02b2321332068d1f235f816f68c7b84d0c3b80073933b9f6ab6f5b2d06f204e4bacdd8623e31009f1b83c,Australian English,australia,The capital of the province is Llica.,THE CAPITAL OF THE PROVINCE IS LICA,c1833bfe40dc159d1853f37b55de208139092209b67b03b0a84e73dc176719cb
hubert_large,dmsuta,129,stage5ext_00517,3935c83996bc79d7abc50adc36392f9a2fd97df405c02b2321332068d1f235f816f68c7b84d0c3b80073933b9f6ab6f5b2d06f204e4bacdd8623e31009f1b83c,Australian English,australia,Children from this township attend schools in the Blue Mountain School District.,CHILDREN FROM THIS TOWNSHIP ATTEND SCHOOLS IN THE BLUE MOUNTAIN SCHOOLD DISTRICT,7a139a9998148427121b595c6c0331a2516d4f56c55cfa881138e314c966dea5
hubert_large,dmsuta,129,stage5ext_00518,3935c83996bc79d7abc50adc36392f9a2fd97df405c02b2321332068d1f235f816f68c7b84d0c3b80073933b9f6ab6f5b2d06f204e4bacdd8623e31009f1b83c,Australian English,australia,The band's lineup would then remain unchanged through their next two albums.,THE BANDS LINED UP WOULD THEN REMAIN UNCHANGED TOUGH THEIR NEXT TWO ALBUMS,7a139a9998148427121b595c6c0331a2516d4f56c55cfa881138e314c966dea5
hubert_large,dmsuta,129,stage5ext_00519,3935c83996bc79d7abc50adc36392f9a2fd97df405c02b2321332068d1f235f816f68c7b84d0c3b80073933b9f6ab6f5b2d06f204e4bacdd8623e31009f1b83c,Australian English,australia,A user application may render the image into a viewport.,A UTUAL APPLICATION MAY RENDER THE IMAGE INTO A VIEWPORT,7a139a9998148427121b595c6c0331a2516d4f56c55cfa881138e314c966dea5
hubert_large,dmsuta,129,stage5ext_00520,3935c83996bc79d7abc50adc36392f9a2fd97df405c02b2321332068d1f235f816f68c7b84d0c3b80073933b9f6ab6f5b2d06f204e4bacdd8623e31009f1b83c,Australian English,australia,Jimmy Fortune also sometimes tours with Dailey and Vincent.,JIMMY FORTUNE ALSO SOMETIMES TURS WITH DAILEY AND VINCENT,7a139a9998148427121b595c6c0331a2516d4f56c55cfa881138e314c966dea5
hubert_large,dmsuta,130,stage5ext_00521,3935c83996bc79d7abc50adc36392f9a2fd97df405c02b2321332068d1f235f816f68c7b84d0c3b80073933b9f6ab6f5b2d06f204e4bacdd8623e31009f1b83c,Australian English,australia,The play was revived in London eight times during his life.,THE PLAY WAS REVIVED IN LONDON EIGHT TIMES DURING HIS LIFE,a7455c48e06c121b744330db5353e30f9f760bcd90fd5686d0bfa87d64615761
hubert_large,dmsuta,130,stage5ext_00522,3935c83996bc79d7abc50adc36392f9a2fd97df405c02b2321332068d1f235f816f68c7b84d0c3b80073933b9f6ab6f5b2d06f204e4bacdd8623e31009f1b83c,Australian English,australia,Following the outbreak of the Second Boer War he was posted to South Africa.,FOLLOWING THE OUTBREAK OF THE SECOND BIRL WAR HE WAS POSTED TO SOUTH AFRICA,a7455c48e06c121b744330db5353e30f9f760bcd90fd5686d0bfa87d64615761
hubert_large,dmsuta,130,stage5ext_00523,3935c83996bc79d7abc50adc36392f9a2fd97df405c02b2321332068d1f235f816f68c7b84d0c3b80073933b9f6ab6f5b2d06f204e4bacdd8623e31009f1b83c,Australian English,australia,It is a popular spot for surfing and swimming.,IT IS A POPULAR SPOT FOR SERVING AND SWIMMING,a7455c48e06c121b744330db5353e30f9f760bcd90fd5686d0bfa87d64615761
hubert_large,dmsuta,130,stage5ext_00524,3935c83996bc79d7abc50adc36392f9a2fd97df405c02b2321332068d1f235f816f68c7b84d0c3b80073933b9f6ab6f5b2d06f204e4bacdd8623e31009f1b83c,Australian English,australia,Dylan apparently disliked this.,GILLAN APPARENTLY DISLIKED THIS,a7455c48e06c121b744330db5353e30f9f760bcd90fd5686d0bfa87d64615761
hubert_large,dmsuta,131,stage5ext_00525,3935c83996bc79d7abc50adc36392f9a2fd97df405c02b2321332068d1f235f816f68c7b84d0c3b80073933b9f6ab6f5b2d06f204e4bacdd8623e31009f1b83c,Australian English,australia,Her heart-shaped gravestone is visible from the road.,HER HEART SHAPED GRAVESTONE IS VISIBLE FROM THE ROAD,239fc5f5f934092e527080e6b66e7a4f25b8a7f108a62d1f0aa810cda049ff22
hubert_large,dmsuta,131,stage5ext_00526,92fa0173d8a52067542a43504a23d6adbcf1f55271ca38e9eacfa6f751199a9bb7ed840cebadc1a745b2c605ec99dcfae954c709b8c345afbcb08ce46e100b4d,Australian English,australia,"Bushnell was born in Saint Paul, Minnesota and raised in Los Angeles, California.",BUSHNEW WAS BORN IN SAINT PAUL MINNESOTA AND RAISED IN LOSS ANGELOS CALIFORNIA,239fc5f5f934092e527080e6b66e7a4f25b8a7f108a62d1f0aa810cda049ff22
hubert_large,dmsuta,131,stage5ext_00527,92fa0173d8a52067542a43504a23d6adbcf1f55271ca38e9eacfa6f751199a9bb7ed840cebadc1a745b2c605ec99dcfae954c709b8c345afbcb08ce46e100b4d,Australian English,australia,The show is based on noughts and crosses.,THE SHOWE IS BASED ON NAUGHTS AND CROSSES,239fc5f5f934092e527080e6b66e7a4f25b8a7f108a62d1f0aa810cda049ff22
hubert_large,dmsuta,131,stage5ext_00528,92fa0173d8a52067542a43504a23d6adbcf1f55271ca38e9eacfa6f751199a9bb7ed840cebadc1a745b2c605ec99dcfae954c709b8c345afbcb08ce46e100b4d,Australian English,australia,"There are also useful concepts of regular monomorphism, strong monomorphism, and extremal monomorphism.",THERE ARE ALSO USEFUL CONCEPTS OF REGULAR MONOMORPHISM STRONG MONOMORPHISM AND EXTREMAL MONOMORPHISM,239fc5f5f934092e527080e6b66e7a4f25b8a7f108a62d1f0aa810cda049ff22
hubert_large,dmsuta,132,stage5ext_00529,92fa0173d8a52067542a43504a23d6adbcf1f55271ca38e9eacfa6f751199a9bb7ed840cebadc1a745b2c605ec99dcfae954c709b8c345afbcb08ce46e100b4d,Australian English,australia,A little glass in a transept window is older still.,A LITTLE GLASS IN A TRANSCEPT WINDOW IS OLDER STILL,30a993301883ce5f5b29525d0cf366e8e34079d21752a32bd0f16aa6b648b273
hubert_large,dmsuta,132,stage5ext_00530,92fa0173d8a52067542a43504a23d6adbcf1f55271ca38e9eacfa6f751199a9bb7ed840cebadc1a745b2c605ec99dcfae954c709b8c345afbcb08ce46e100b4d,Australian English,australia,For a small monthly fee the establishment will also wash one's mug.,FOR SMALL MONTHLY FEE THE ESTABLISHMENT WILL ALSO WASH ONE'S MUG,30a993301883ce5f5b29525d0cf366e8e34079d21752a32bd0f16aa6b648b273
hubert_large,dmsuta,132,stage5ext_00531,92fa0173d8a52067542a43504a23d6adbcf1f55271ca38e9eacfa6f751199a9bb7ed840cebadc1a745b2c605ec99dcfae954c709b8c345afbcb08ce46e100b4d,Australian English,australia,"Evidently there is no treasure, so Taran and the ruffian are soon at swordpoint.",EVIDENTLY THERE IS NO TREASURE SO TARANAN RUFFIAN IS SOON AT SWORD POINT,30a993301883ce5f5b29525d0cf366e8e34079d21752a32bd0f16aa6b648b273
hubert_large,dmsuta,132,stage5ext_00532,92fa0173d8a52067542a43504a23d6adbcf1f55271ca38e9eacfa6f751199a9bb7ed840cebadc1a745b2c605ec99dcfae954c709b8c345afbcb08ce46e100b4d,Australian English,australia,Its user interface and functionality is similar to Microsoft Outlook.,ITS USOR INTERFACE AND FUNCTIONALITY IS SIMILAR TO THE MICROSOPT OUTLOOK,30a993301883ce5f5b29525d0cf366e8e34079d21752a32bd0f16aa6b648b273
hubert_large,dmsuta,133,stage5ext_00533,92fa0173d8a52067542a43504a23d6adbcf1f55271ca38e9eacfa6f751199a9bb7ed840cebadc1a745b2c605ec99dcfae954c709b8c345afbcb08ce46e100b4d,Australian English,australia,It is famous for its mudbrick-made high-rise buildings.,IT IS FAMOUS FOR ITS MUD BRICK MADE HIGH RIVE BUILDINGS,270eb7088e95ecc9c3fe88586af0d450c6d46096d8c7f74dfe61132849558ab8
hubert_large,dmsuta,133,stage5ext_00534,92fa0173d8a52067542a43504a23d6adbcf1f55271ca38e9eacfa6f751199a9bb7ed840cebadc1a745b2c605ec99dcfae954c709b8c345afbcb08ce46e100b4d,Australian English,australia,"Not all of the ""Heritage Minutes"" episodes have actually aired.",NOT ALL OF THE HERITAGE MINUTS EPISODES HAVE ACTUALLY EIRED,270eb7088e95ecc9c3fe88586af0d450c6d46096d8c7f74dfe61132849558ab8
hubert_large,dmsuta,133,stage5ext_00535,92fa0173d8a52067542a43504a23d6adbcf1f55271ca38e9eacfa6f751199a9bb7ed840cebadc1a745b2c605ec99dcfae954c709b8c345afbcb08ce46e100b4d,Australian English,australia,He later lived in the British West Indies.,HULITA LIVED IN THE BRITISH WEST INDIES,270eb7088e95ecc9c3fe88586af0d450c6d46096d8c7f74dfe61132849558ab8
hubert_large,dmsuta,133,stage5ext_00536,92fa0173d8a52067542a43504a23d6adbcf1f55271ca38e9eacfa6f751199a9bb7ed840cebadc1a745b2c605ec99dcfae954c709b8c345afbcb08ce46e100b4d,Australian English,australia,The two company branches issued combined trade catalogs.,THE TWO COMPANY BRANCHES ISSUED COMBINED TRADE CATALOGUES,270eb7088e95ecc9c3fe88586af0d450c6d46096d8c7f74dfe61132849558ab8
hubert_large,dmsuta,134,stage5ext_00537,92fa0173d8a52067542a43504a23d6adbcf1f55271ca38e9eacfa6f751199a9bb7ed840cebadc1a745b2c605ec99dcfae954c709b8c345afbcb08ce46e100b4d,Australian English,australia,Whitebirk is part of the Blackburn urban area.,WHITE BERK IS PART OF THE BLACKBURN URBAN ARIEA,57d0913c37fec03bdf4979ef3dc5140cfb926c3691cc86c79caabbf120621efb
hubert_large,dmsuta,134,stage5ext_00538,92fa0173d8a52067542a43504a23d6adbcf1f55271ca38e9eacfa6f751199a9bb7ed840cebadc1a745b2c605ec99dcfae954c709b8c345afbcb08ce46e100b4d,Australian English,australia,"One of the most famous ""novelty shows"" is the World's Ugliest Dog Contest.",ONE OF THEUR MOST FAMOUS NOVELTY SHOWS IS THE WORLD'S UGLIEST OG CONTEST,57d0913c37fec03bdf4979ef3dc5140cfb926c3691cc86c79caabbf120621efb
hubert_large,dmsuta,134,stage5ext_00539,92fa0173d8a52067542a43504a23d6adbcf1f55271ca38e9eacfa6f751199a9bb7ed840cebadc1a745b2c605ec99dcfae954c709b8c345afbcb08ce46e100b4d,Australian English,australia,The town is named after the island of Elba.,THE TOWN IS NAMED AFTER THE ISLAND OF ELBA,57d0913c37fec03bdf4979ef3dc5140cfb926c3691cc86c79caabbf120621efb
hubert_large,dmsuta,134,stage5ext_00540,92fa0173d8a52067542a43504a23d6adbcf1f55271ca38e9eacfa6f751199a9bb7ed840cebadc1a745b2c605ec99dcfae954c709b8c345afbcb08ce46e100b4d,Australian English,australia,Later its coverage was expanded to cover political news.,LATER ITS COVERAGE WAS EXPANDED TO COFVER POLITICAL NEWS,57d0913c37fec03bdf4979ef3dc5140cfb926c3691cc86c79caabbf120621efb
hubert_large,dmsuta,135,stage5ext_00541,7f29ce6531f159f514ccb46caa1535f1687740b13a60c3f3ac15d8462984c71b2c5747d5f67692081b7e7de330d1ded32b09bc1693c0a26c8189132bf2c48888,Australian English,australia,"For example, instead of editing Google Maps, consider contributing to OpenStreetMap.",FOR EXAMPLE INSTEAD OF EDITING GOOGLE MAPS CONSIDERED CONTRIBUTING TO OPEN STREET MAP,8671a73f58599c13f919b190aafe7be79c51423af94720849dd6978df2d98195
hubert_large,dmsuta,135,stage5ext_00542,7f29ce6531f159f514ccb46caa1535f1687740b13a60c3f3ac15d8462984c71b2c5747d5f67692081b7e7de330d1ded32b09bc1693c0a26c8189132bf2c48888,Australian English,australia,What is it you want to research?,WHAT IS IT YOU WANT TO RESEARCH,8671a73f58599c13f919b190aafe7be79c51423af94720849dd6978df2d98195
hubert_large,dmsuta,135,stage5ext_00543,7f29ce6531f159f514ccb46caa1535f1687740b13a60c3f3ac15d8462984c71b2c5747d5f67692081b7e7de330d1ded32b09bc1693c0a26c8189132bf2c48888,Australian English,australia,"Well, the merry-go-round wasn't exactly spectacular.",WELL THE MURRY GO ROUND WASN'T EXACTLY SPECTACULAR,8671a73f58599c13f919b190aafe7be79c51423af94720849dd6978df2d98195
hubert_large,dmsuta,135,stage5ext_00544,7f29ce6531f159f514ccb46caa1535f1687740b13a60c3f3ac15d8462984c71b2c5747d5f67692081b7e7de330d1ded32b09bc1693c0a26c8189132bf2c48888,Australian English,australia,What is the meaning of this?,WHAT IS THE MEANING OF THIS,8671a73f58599c13f919b190aafe7be79c51423af94720849dd6978df2d98195
hubert_large,dmsuta,136,stage5ext_00545,7f29ce6531f159f514ccb46caa1535f1687740b13a60c3f3ac15d8462984c71b2c5747d5f67692081b7e7de330d1ded32b09bc1693c0a26c8189132bf2c48888,Australian English,australia,"The flag is red, blue, and yellow.",THE FLAG IS RED BLUE AND YELLOW,0a25b3125d577482b70148d964d7855f4621f0f5fdc86b18b20216c9623d7c24
hubert_large,dmsuta,136,stage5ext_00546,7f29ce6531f159f514ccb46caa1535f1687740b13a60c3f3ac15d8462984c71b2c5747d5f67692081b7e7de330d1ded32b09bc1693c0a26c8189132bf2c48888,Australian English,australia,What are the facts?,WHAT ARE THE FACTS,0a25b3125d577482b70148d964d7855f4621f0f5fdc86b18b20216c9623d7c24
hubert_large,dmsuta,136,stage5ext_00547,7f29ce6531f159f514ccb46caa1535f1687740b13a60c3f3ac15d8462984c71b2c5747d5f67692081b7e7de330d1ded32b09bc1693c0a26c8189132bf2c48888,Australian English,australia,"I've brought you some cheese, because I know you love cheese.",I'VE BROUGHT YOU SOME CHEESE BECAUSE I KNOW YOU' LOVE CHEESE,0a25b3125d577482b70148d964d7855f4621f0f5fdc86b18b20216c9623d7c24
hubert_large,dmsuta,136,stage5ext_00548,7f29ce6531f159f514ccb46caa1535f1687740b13a60c3f3ac15d8462984c71b2c5747d5f67692081b7e7de330d1ded32b09bc1693c0a26c8189132bf2c48888,Australian English,australia,How did you get it?,HOW DID YOU GET IT,0a25b3125d577482b70148d964d7855f4621f0f5fdc86b18b20216c9623d7c24
hubert_large,dmsuta,137,stage5ext_00549,7f29ce6531f159f514ccb46caa1535f1687740b13a60c3f3ac15d8462984c71b2c5747d5f67692081b7e7de330d1ded32b09bc1693c0a26c8189132bf2c48888,Australian English,australia,"He was something of a sickly child by all accounts, never made it past his fourth birthday.",HE WAS SOMETHING OF A SICKLY CHILD BY ALL ACCOUNTS A NEVER MADE IT PASSD HIS FOURTH BIRTHDAY,28f6dfabf8156892fd8604bcd4b08671a0080e0806d3e0701a1e8c8837349fda
hubert_large,dmsuta,137,stage5ext_00550,7f29ce6531f159f514ccb46caa1535f1687740b13a60c3f3ac15d8462984c71b2c5747d5f67692081b7e7de330d1ded32b09bc1693c0a26c8189132bf2c48888,Australian English,australia,Under what circumstances might you be persuaded to provide us with passes?,UNDER WHAT CIRCUMSTANCES MIGHT YOU BE PERSUADED TO PROVIDE US WITH PASSES,28f6dfabf8156892fd8604bcd4b08671a0080e0806d3e0701a1e8c8837349fda
hubert_large,dmsuta,137,stage5ext_00551,7f29ce6531f159f514ccb46caa1535f1687740b13a60c3f3ac15d8462984c71b2c5747d5f67692081b7e7de330d1ded32b09bc1693c0a26c8189132bf2c48888,Australian English,australia,"They found all sorts of drugs at Howard's house: Cocaine, meth, heroine...",THEY FOUND ALL SORTS OF DRUGS AT HAWWARD'S HOUSE COCAINE METH HEROINE,28f6dfabf8156892fd8604bcd4b08671a0080e0806d3e0701a1e8c8837349fda
hubert_large,dmsuta,137,stage5ext_00552,7f29ce6531f159f514ccb46caa1535f1687740b13a60c3f3ac15d8462984c71b2c5747d5f67692081b7e7de330d1ded32b09bc1693c0a26c8189132bf2c48888,Australian English,australia,"Kidneys are transplanted often, because every healthy person has two of them.",KIDNEYS ARE TRANSPLANTED OFTEN BECAUSE EVERY HEALTHY PERSON HAS TWO OF THEM,28f6dfabf8156892fd8604bcd4b08671a0080e0806d3e0701a1e8c8837349fda
hubert_large,dmsuta,138,stage5ext_00553,7f29ce6531f159f514ccb46caa1535f1687740b13a60c3f3ac15d8462984c71b2c5747d5f67692081b7e7de330d1ded32b09bc1693c0a26c8189132bf2c48888,Australian English,australia,"A trill, or shake A triplet.",A TRILL OR SAKE A TRIPLET,78ddf6b4b6775cd945cbdac1d2a3d5b848c90a6f3822a582817e589af0e31b55
hubert_large,dmsuta,138,stage5ext_00554,7f29ce6531f159f514ccb46caa1535f1687740b13a60c3f3ac15d8462984c71b2c5747d5f67692081b7e7de330d1ded32b09bc1693c0a26c8189132bf2c48888,Australian English,australia,"Four doors lead from the landing into two bedrooms, a closet, and a small, but functional bathroom.",FOUR DOORS LEAD FROM THE LANDING INTO TWO BEDROOMS A CLOSET AND A SMALL BUT FUNCTIONAL BATHROOM,78ddf6b4b6775cd945cbdac1d2a3d5b848c90a6f3822a582817e589af0e31b55
hubert_large,dmsuta,138,stage5ext_00555,7f29ce6531f159f514ccb46caa1535f1687740b13a60c3f3ac15d8462984c71b2c5747d5f67692081b7e7de330d1ded32b09bc1693c0a26c8189132bf2c48888,Australian English,australia,Why did you do it?,WHY DID YOU DO IT,78ddf6b4b6775cd945cbdac1d2a3d5b848c90a6f3822a582817e589af0e31b55
hubert_large,dmsuta,138,stage5ext_00556,243c0d90f6145edce7803731bbd3baff7cb887a5290c10c1c5897e24248e249752883be23dbe58e59668ad96307fa0666e76dde82a2dd55ac2c624acbdb1d919,Australian English,australia,Perhaps she forgot all about it.,PERHAPS SHE FORGOT ALL ABOUT IT,78ddf6b4b6775cd945cbdac1d2a3d5b848c90a6f3822a582817e589af0e31b55
hubert_large,dmsuta,139,stage5ext_00557,243c0d90f6145edce7803731bbd3baff7cb887a5290c10c1c5897e24248e249752883be23dbe58e59668ad96307fa0666e76dde82a2dd55ac2c624acbdb1d919,Australian English,australia,I would if I thought I'd hear anything worth listening to.,I WOULD IF I THOUGHT I'D HEAR ANYTHING WORTH LIT I ITON,f58774303ac84e5afa23bc769b5f8c55e844b681eb9f62cd85b586985b0779bc
hubert_large,dmsuta,139,stage5ext_00558,243c0d90f6145edce7803731bbd3baff7cb887a5290c10c1c5897e24248e249752883be23dbe58e59668ad96307fa0666e76dde82a2dd55ac2c624acbdb1d919,Australian English,australia,In that case I'll ask the two executive officers to withdraw.,IN THAT CASE I'LL ASK THE TWO EXECUTIVE OFFICERS TO WITHDRAW,f58774303ac84e5afa23bc769b5f8c55e844b681eb9f62cd85b586985b0779bc
hubert_large,dmsuta,139,stage5ext_00559,243c0d90f6145edce7803731bbd3baff7cb887a5290c10c1c5897e24248e249752883be23dbe58e59668ad96307fa0666e76dde82a2dd55ac2c624acbdb1d919,Australian English,australia,I'm everything the District Attorney said I was.,I'M EVERYTHING THE DISTRICT ATTORNEY SAID I WAS,f58774303ac84e5afa23bc769b5f8c55e844b681eb9f62cd85b586985b0779bc
hubert_large,dmsuta,139,stage5ext_00560,243c0d90f6145edce7803731bbd3baff7cb887a5290c10c1c5897e24248e249752883be23dbe58e59668ad96307fa0666e76dde82a2dd55ac2c624acbdb1d919,Australian English,australia,I don't want Mrs. Douglas.,I DON'T WANT MISSUS DOUGLAS,f58774303ac84e5afa23bc769b5f8c55e844b681eb9f62cd85b586985b0779bc
hubert_large,dmsuta,140,stage5ext_00561,243c0d90f6145edce7803731bbd3baff7cb887a5290c10c1c5897e24248e249752883be23dbe58e59668ad96307fa0666e76dde82a2dd55ac2c624acbdb1d919,Australian English,australia,What's the idea here?,WHAT'S THE IDEA HERE,5fde0dc51cda9686fe92195882246b9f69db9485c8caa6138d32c81c613ba441
hubert_large,dmsuta,140,stage5ext_00562,243c0d90f6145edce7803731bbd3baff7cb887a5290c10c1c5897e24248e249752883be23dbe58e59668ad96307fa0666e76dde82a2dd55ac2c624acbdb1d919,Australian English,australia,I've suddenly become quite important.,I SUDDENLY BECOME QUITE IMPORTANT,5fde0dc51cda9686fe92195882246b9f69db9485c8caa6138d32c81c613ba441
hubert_large,dmsuta,140,stage5ext_00563,243c0d90f6145edce7803731bbd3baff7cb887a5290c10c1c5897e24248e249752883be23dbe58e59668ad96307fa0666e76dde82a2dd55ac2c624acbdb1d919,Australian English,australia,There's nothing more we can do tonight.,HERE'S NOTHING MORE WE CAN DO TO NIGHT,5fde0dc51cda9686fe92195882246b9f69db9485c8caa6138d32c81c613ba441
hubert_large,dmsuta,140,stage5ext_00564,243c0d90f6145edce7803731bbd3baff7cb887a5290c10c1c5897e24248e249752883be23dbe58e59668ad96307fa0666e76dde82a2dd55ac2c624acbdb1d919,Australian English,australia,A sight for sore eyes.,THESIGHT HER SAL EYES,5fde0dc51cda9686fe92195882246b9f69db9485c8caa6138d32c81c613ba441
hubert_large,dmsuta,141,stage5ext_00565,243c0d90f6145edce7803731bbd3baff7cb887a5290c10c1c5897e24248e249752883be23dbe58e59668ad96307fa0666e76dde82a2dd55ac2c624acbdb1d919,Australian English,australia,She had pneumonia once.,SHE KEPS NO MON YA WAN,534602393e38e6a30812f8f5a78158d071235dd04835274473c6f59edb0be8f2
hubert_large,dmsuta,141,stage5ext_00566,243c0d90f6145edce7803731bbd3baff7cb887a5290c10c1c5897e24248e249752883be23dbe58e59668ad96307fa0666e76dde82a2dd55ac2c624acbdb1d919,Australian English,australia,We returned to the cemetery.,HE RETURNED TO THE CEMETERY,534602393e38e6a30812f8f5a78158d071235dd04835274473c6f59edb0be8f2
hubert_large,dmsuta,141,stage5ext_00567,243c0d90f6145edce7803731bbd3baff7cb887a5290c10c1c5897e24248e249752883be23dbe58e59668ad96307fa0666e76dde82a2dd55ac2c624acbdb1d919,Australian English,australia,I'd like to think.,I'D LIKE TO THINK,534602393e38e6a30812f8f5a78158d071235dd04835274473c6f59edb0be8f2
hubert_large,dmsuta,141,stage5ext_00568,243c0d90f6145edce7803731bbd3baff7cb887a5290c10c1c5897e24248e249752883be23dbe58e59668ad96307fa0666e76dde82a2dd55ac2c624acbdb1d919,Australian English,australia,Your mother and I talked it over half the night.,YOUR MOTHER AND I TALKED IT OVER HALF THE NIGHT,534602393e38e6a30812f8f5a78158d071235dd04835274473c6f59edb0be8f2
hubert_large,dmsuta,142,stage5ext_00569,243c0d90f6145edce7803731bbd3baff7cb887a5290c10c1c5897e24248e249752883be23dbe58e59668ad96307fa0666e76dde82a2dd55ac2c624acbdb1d919,Australian English,australia,We must get some of that serum as soon as possible.,HE MUST GET SOME OF THE CLERE AS DEK AS POSSIBLE,ba4307ec83b1b1c00e6543e373b5d81d00ebe41807a2c6d714e48ee5e4bb3d90
hubert_large,dmsuta,142,stage5ext_00570,243c0d90f6145edce7803731bbd3baff7cb887a5290c10c1c5897e24248e249752883be23dbe58e59668ad96307fa0666e76dde82a2dd55ac2c624acbdb1d919,Australian English,australia,She'll be waiting for you in Albany.,SOL BE WAITING FOR YOU IN ALBANY,ba4307ec83b1b1c00e6543e373b5d81d00ebe41807a2c6d714e48ee5e4bb3d90
hubert_large,dmsuta,142,stage5ext_00571,0acf313028bfe2af57b429c11e66463848b29afaa619fcfb0eea753f8ba9c63862e2c106975c0e70bde12809fc2422731691839c34fe911de22051dd732876d2,Australian English,australia,It seemed to him that it fell to earth about one hundred miles east of here.,IT SEEMED TO HIM THAT IT FELL TO EARTH ABOUT ONE HUNDRED MILES EAST OF HERE,ba4307ec83b1b1c00e6543e373b5d81d00ebe41807a2c6d714e48ee5e4bb3d90
hubert_large,dmsuta,142,stage5ext_00572,0acf313028bfe2af57b429c11e66463848b29afaa619fcfb0eea753f8ba9c63862e2c106975c0e70bde12809fc2422731691839c34fe911de22051dd732876d2,Australian English,australia,'m all about those invisible cosmic connections that transcend time and distance.,I'M ALL ABOUT THOSE INVISIBLE COSMIC CONNECTIONS THAT TRANSCEND TIME AND DISTANCE,ba4307ec83b1b1c00e6543e373b5d81d00ebe41807a2c6d714e48ee5e4bb3d90
hubert_large,dmsuta,143,stage5ext_00573,0acf313028bfe2af57b429c11e66463848b29afaa619fcfb0eea753f8ba9c63862e2c106975c0e70bde12809fc2422731691839c34fe911de22051dd732876d2,Australian English,australia,And one or two persons were returning.,AND ONE OR TWO PERSONS WERE RETURNING,ac68c8a68cdf06d32703e87d6365ed8f8b74d66f71bbfff68e63fb3ffd822d1f
hubert_large,dmsuta,143,stage5ext_00574,0acf313028bfe2af57b429c11e66463848b29afaa619fcfb0eea753f8ba9c63862e2c106975c0e70bde12809fc2422731691839c34fe911de22051dd732876d2,Australian English,australia,Even then he hardly understood what this meant.,EVEN THEN HE HARDLY UNDERSTOOD WHAT THIS MEANT,ac68c8a68cdf06d32703e87d6365ed8f8b74d66f71bbfff68e63fb3ffd822d1f
hubert_large,dmsuta,143,stage5ext_00575,0acf313028bfe2af57b429c11e66463848b29afaa619fcfb0eea753f8ba9c63862e2c106975c0e70bde12809fc2422731691839c34fe911de22051dd732876d2,Australian English,australia,He heard a muffled grating sound and saw the black mark jerk forward an inch or so.,HE HEARD A MUFFLED GRATING SOUND AND SAW THE BLACK MARK JERK FORWARD AN INCH OR SO,ac68c8a68cdf06d32703e87d6365ed8f8b74d66f71bbfff68e63fb3ffd822d1f
hubert_large,dmsuta,143,stage5ext_00576,0acf313028bfe2af57b429c11e66463848b29afaa619fcfb0eea753f8ba9c63862e2c106975c0e70bde12809fc2422731691839c34fe911de22051dd732876d2,Australian English,australia,Hundreds of observers saw the flame that night and the night after.,HUNDREDS OF OBSERVERS SAW THE FLAME THAT NIGHT AND THE NIGHT AFTER,ac68c8a68cdf06d32703e87d6365ed8f8b74d66f71bbfff68e63fb3ffd822d1f
hubert_large,dmsuta,144,stage5ext_00577,0acf313028bfe2af57b429c11e66463848b29afaa619fcfb0eea753f8ba9c63862e2c106975c0e70bde12809fc2422731691839c34fe911de22051dd732876d2,Australian English,australia,I was impatient to see it opened.,I WAS IMPATIENT TO SEE IT OPENED,79cc3949ebfde199c569d1e77867ee9fd62e2f0cf252b6b55d9908fa108cf944
hubert_large,dmsuta,144,stage5ext_00578,0acf313028bfe2af57b429c11e66463848b29afaa619fcfb0eea753f8ba9c63862e2c106975c0e70bde12809fc2422731691839c34fe911de22051dd732876d2,Australian English,australia,My mind ran on the possibilities of its content.,MY MIND RAN ON THE POSSIBILITIES OF ITS CONTENT,79cc3949ebfde199c569d1e77867ee9fd62e2f0cf252b6b55d9908fa108cf944
hubert_large,dmsuta,144,stage5ext_00579,0acf313028bfe2af57b429c11e66463848b29afaa619fcfb0eea753f8ba9c63862e2c106975c0e70bde12809fc2422731691839c34fe911de22051dd732876d2,Australian English,australia,Some of those who saw its flight say it travelled with a hissing sound.,SOME OF THOSE WHO SAW ITS FLIGHT SAY IT TREVELLED WITH A HISSING SOUND,79cc3949ebfde199c569d1e77867ee9fd62e2f0cf252b6b55d9908fa108cf944
hubert_large,dmsuta,144,stage5ext_00580,0acf313028bfe2af57b429c11e66463848b29afaa619fcfb0eea753f8ba9c63862e2c106975c0e70bde12809fc2422731691839c34fe911de22051dd732876d2,Australian English,australia,"You don't have to be rich, skinny, popular, or even own a cape to perform a random act of kindness.",YOU DON'T HAVE TO BE RICH SKINNY POPULAR OR EVEN OWN A CAPE TO PERFORM A RANDOM ACT OF KINDNESS,79cc3949ebfde199c569d1e77867ee9fd62e2f0cf252b6b55d9908fa108cf944
hubert_large,dmsuta,145,stage5ext_00581,0acf313028bfe2af57b429c11e66463848b29afaa619fcfb0eea753f8ba9c63862e2c106975c0e70bde12809fc2422731691839c34fe911de22051dd732876d2,Australian English,australia,I had seen all that it would presently bring me.,I HAD SEEN ALL THAT IT WOULD PRESENTLY BRING ME,e962190d80653e1a81b1f7bb67fbb4fceb27ab2058083da4bfbe95aa9b369d23
hubert_large,dmsuta,145,stage5ext_00582,0acf313028bfe2af57b429c11e66463848b29afaa619fcfb0eea753f8ba9c63862e2c106975c0e70bde12809fc2422731691839c34fe911de22051dd732876d2,Australian English,australia,The time must have been somewhere around six o'clock.,THE TIME MUST HAVE BEEN SOMEWHERE ROUND SIX O'CLOCK,e962190d80653e1a81b1f7bb67fbb4fceb27ab2058083da4bfbe95aa9b369d23
hubert_large,dmsuta,145,stage5ext_00583,0acf313028bfe2af57b429c11e66463848b29afaa619fcfb0eea753f8ba9c63862e2c106975c0e70bde12809fc2422731691839c34fe911de22051dd732876d2,Australian English,australia,We lit the lantern and walked over to his house.,WE LIT THE LANTERN AND WALKED OVER TO HIS HOUSE,e962190d80653e1a81b1f7bb67fbb4fceb27ab2058083da4bfbe95aa9b369d23
hubert_large,dmsuta,145,stage5ext_00584,0acf313028bfe2af57b429c11e66463848b29afaa619fcfb0eea753f8ba9c63862e2c106975c0e70bde12809fc2422731691839c34fe911de22051dd732876d2,Australian English,australia,"If you start your emails with ""Greetings"" let me be the first to welcome you to Earth.",IF YOU START YOUR EMALES WITH GREETINGS LET ME BE THE FIRST TO WELCOME YOU TO EARTH,e962190d80653e1a81b1f7bb67fbb4fceb27ab2058083da4bfbe95aa9b369d23
hubert_large,dmsuta,146,stage5ext_00585,0acf313028bfe2af57b429c11e66463848b29afaa619fcfb0eea753f8ba9c63862e2c106975c0e70bde12809fc2422731691839c34fe911de22051dd732876d2,Australian English,australia,Scattered groups of people were hurrying from the direction of Woking.,SCATTERED GROUPS OF PEOPLE WERE HURRYING FROM THE DIRECTION OF WORKING,f21641672c522a303ebd67562c1c3c1645167457f7916c72883d91b71906cca5
hubert_large,dmsuta,146,stage5ext_00586,771662210642ca9e2f17135f7a66db7f250f7f7bc6d9b3e3475b19d375389bcf6d1979c9a58a21cc866543ad80ab0e9641158290b7f6a9e1d0aad1635c730ab4,Australian English,australia,"Wakehurst asked the Treasurer, Alexander Mair, to form a government.",WAKEHURST ASKED THE TREASURER ALEXANDER MAYOR TO FORM A GOVERNMENT,f21641672c522a303ebd67562c1c3c1645167457f7916c72883d91b71906cca5
hubert_large,dmsuta,146,stage5ext_00587,771662210642ca9e2f17135f7a66db7f250f7f7bc6d9b3e3475b19d375389bcf6d1979c9a58a21cc866543ad80ab0e9641158290b7f6a9e1d0aad1635c730ab4,Australian English,australia,"Translated, it means ""revolving hands"", ""rotating palms"", or ""turning palms.",TRANSLATED IT MEANS REVOLVING HANDS ROTATING PALMS OR TURNING PALMS,f21641672c522a303ebd67562c1c3c1645167457f7916c72883d91b71906cca5
hubert_large,dmsuta,146,stage5ext_00588,771662210642ca9e2f17135f7a66db7f250f7f7bc6d9b3e3475b19d375389bcf6d1979c9a58a21cc866543ad80ab0e9641158290b7f6a9e1d0aad1635c730ab4,Australian English,australia,It still has a working blacksmith's shop.,IT STILL HAS A WORKING BLACKSMITH'S SHOP,f21641672c522a303ebd67562c1c3c1645167457f7916c72883d91b71906cca5
hubert_large,dmsuta,147,stage5ext_00589,771662210642ca9e2f17135f7a66db7f250f7f7bc6d9b3e3475b19d375389bcf6d1979c9a58a21cc866543ad80ab0e9641158290b7f6a9e1d0aad1635c730ab4,Australian English,australia,"A right-handed batsman, Carlton Baugh Snr.",RIGHT HANDED BATSMAN CARLTON BORE SENIOR,ae546d2d935ed1f228059dde832ae35eac2a9fe8151591cb1f64a769ee8d6368
hubert_large,dmsuta,147,stage5ext_00590,771662210642ca9e2f17135f7a66db7f250f7f7bc6d9b3e3475b19d375389bcf6d1979c9a58a21cc866543ad80ab0e9641158290b7f6a9e1d0aad1635c730ab4,Australian English,australia,I couldn't see the linebackers.,I COULDN'T SEE THE LINE BACKERS,ae546d2d935ed1f228059dde832ae35eac2a9fe8151591cb1f64a769ee8d6368
hubert_large,dmsuta,147,stage5ext_00591,771662210642ca9e2f17135f7a66db7f250f7f7bc6d9b3e3475b19d375389bcf6d1979c9a58a21cc866543ad80ab0e9641158290b7f6a9e1d0aad1635c730ab4,Australian English,australia,Foreign titles may be utilized as a foundation for recognition of professional licensing.,FOREIGN TITLES MAY BE UTILIZED AS A FOUNDATION FOR RECOGNITION OF PROFESSIONAL LICENSING,ae546d2d935ed1f228059dde832ae35eac2a9fe8151591cb1f64a769ee8d6368
hubert_large,dmsuta,147,stage5ext_00592,771662210642ca9e2f17135f7a66db7f250f7f7bc6d9b3e3475b19d375389bcf6d1979c9a58a21cc866543ad80ab0e9641158290b7f6a9e1d0aad1635c730ab4,Australian English,australia,"For information on winning strategy, see ""The Schnapsen Log"" and ""Winning Schnapsen"".",FOR INFORMATION ON WINNING STRATEGY SEE THE SCHNAPSEN LOG AND WINNING SCHNAPSEN,ae546d2d935ed1f228059dde832ae35eac2a9fe8151591cb1f64a769ee8d6368
hubert_large,dmsuta,148,stage5ext_00593,771662210642ca9e2f17135f7a66db7f250f7f7bc6d9b3e3475b19d375389bcf6d1979c9a58a21cc866543ad80ab0e9641158290b7f6a9e1d0aad1635c730ab4,Australian English,australia,The Argentinian government settled the dispute diplomatically with Israel.,THE ARGENTINIAN GOVERNMENT SETTLED THE DISPUTE DIPLOMATICALLY WITH ISRAEL,3c2992ef43e787cc8c9230a1162ababc905491d2614e28ae962318072d33de05
hubert_large,dmsuta,148,stage5ext_00594,771662210642ca9e2f17135f7a66db7f250f7f7bc6d9b3e3475b19d375389bcf6d1979c9a58a21cc866543ad80ab0e9641158290b7f6a9e1d0aad1635c730ab4,Australian English,australia,So he decides to put another dog to sleep.,SO HE DECIDES TO PUT ANOTHER DOG TO SLEEP,3c2992ef43e787cc8c9230a1162ababc905491d2614e28ae962318072d33de05
hubert_large,dmsuta,148,stage5ext_00595,771662210642ca9e2f17135f7a66db7f250f7f7bc6d9b3e3475b19d375389bcf6d1979c9a58a21cc866543ad80ab0e9641158290b7f6a9e1d0aad1635c730ab4,Australian English,australia,"Since that time, the pavilion has been used for seasonal special events.",SINCE THAT TIME THE PAVILION HAS BEEN USED FOR SEASONAL SPECIAL EVENTS,3c2992ef43e787cc8c9230a1162ababc905491d2614e28ae962318072d33de05
hubert_large,dmsuta,148,stage5ext_00596,771662210642ca9e2f17135f7a66db7f250f7f7bc6d9b3e3475b19d375389bcf6d1979c9a58a21cc866543ad80ab0e9641158290b7f6a9e1d0aad1635c730ab4,Australian English,australia,"Zaxxon spawned an arcade sequel: ""Super Zaxxon"".",ZAXON SPAWNED AN ARCADE SEQUEL SUPER ZAXON,3c2992ef43e787cc8c9230a1162ababc905491d2614e28ae962318072d33de05
hubert_large,dmsuta,149,stage5ext_00597,771662210642ca9e2f17135f7a66db7f250f7f7bc6d9b3e3475b19d375389bcf6d1979c9a58a21cc866543ad80ab0e9641158290b7f6a9e1d0aad1635c730ab4,Australian English,australia,"He was a reserve officer, nervous, energetic, and enthusiastic.",HE WAS A RESERVE OFFICER NERVOUS ENERGETIC AND ENTHUSIASTIC,9a20bb20776aeadcacc487bcce719b509dc92261539c7aa21e5a316aa3f4d09d
hubert_large,dmsuta,149,stage5ext_00598,771662210642ca9e2f17135f7a66db7f250f7f7bc6d9b3e3475b19d375389bcf6d1979c9a58a21cc866543ad80ab0e9641158290b7f6a9e1d0aad1635c730ab4,Australian English,australia,"Welaras are used mainly in English riding, especially in hunter classes.",BILLARUS ARE USED MAINLY IN ENGLISH RIDING ESPECIALLY IN HUNTER CLASSES,9a20bb20776aeadcacc487bcce719b509dc92261539c7aa21e5a316aa3f4d09d
hubert_large,dmsuta,149,stage5ext_00599,771662210642ca9e2f17135f7a66db7f250f7f7bc6d9b3e3475b19d375389bcf6d1979c9a58a21cc866543ad80ab0e9641158290b7f6a9e1d0aad1635c730ab4,Australian English,australia,Tirumala will be flooded with devotes to witness this occasion.,TIRUMALA WILL BE FLOODED WITH DEVOTEES TO WITNESS THIS OCCASION,9a20bb20776aeadcacc487bcce719b509dc92261539c7aa21e5a316aa3f4d09d
hubert_large,dmsuta,149,stage5ext_00600,771662210642ca9e2f17135f7a66db7f250f7f7bc6d9b3e3475b19d375389bcf6d1979c9a58a21cc866543ad80ab0e9641158290b7f6a9e1d0aad1635c730ab4,Australian English,australia,"He has also advised political organisations of various stripes, colours and nationalities.",HE HAS ALSO ADVISED POLITICAL ORGANIZATIONS OF VARIOUS STRIPES COLORS AND NATIONALITIES,9a20bb20776aeadcacc487bcce719b509dc92261539c7aa21e5a316aa3f4d09d
hubert_large,dmsuta,150,stage5ext_00601,3dadaf13c9f244c187466942367d1da68cf1ba3fd4c5a5b27614964bc19565e566d5daea151b505599991d84b7d5faf8db2afc26f992b1bb7b99004b1f5b36f7,Canadian English,canada,"Its main base was Moorabbin Airport, Melbourne.",ITS MAIN FACE WAS MURABIN AIRPORT MELBOURNE,f3619443c660a22cec4d71717c260f5eeb54e0f78b2cc2c6cc84101f60e19b37
hubert_large,dmsuta,150,stage5ext_00602,3dadaf13c9f244c187466942367d1da68cf1ba3fd4c5a5b27614964bc19565e566d5daea151b505599991d84b7d5faf8db2afc26f992b1bb7b99004b1f5b36f7,Canadian English,canada,"Pioneer Memorial Park in Norton Saint, Leichhardt, has gardens and paths for passive recreation.",PIONEER MEMORIAL PARK IN NORDERN SAINT LETCHHARDENS HAS GARDENS AND PATHS FOR PASSIVE RECREATION,f3619443c660a22cec4d71717c260f5eeb54e0f78b2cc2c6cc84101f60e19b37
hubert_large,dmsuta,150,stage5ext_00603,3dadaf13c9f244c187466942367d1da68cf1ba3fd4c5a5b27614964bc19565e566d5daea151b505599991d84b7d5faf8db2afc26f992b1bb7b99004b1f5b36f7,Canadian English,canada,"Later, the costs for the scholarship ballooned substantially.",LATER THE COST FOR THE SCHOLARSHIP BALLOONED SUBSTANTIALLY,f3619443c660a22cec4d71717c260f5eeb54e0f78b2cc2c6cc84101f60e19b37
hubert_large,dmsuta,150,stage5ext_00604,3dadaf13c9f244c187466942367d1da68cf1ba3fd4c5a5b27614964bc19565e566d5daea151b505599991d84b7d5faf8db2afc26f992b1bb7b99004b1f5b36f7,Canadian English,canada,"However, fourths become important later in the opera, especially in the melodic development.",HOWEVER FORCE BECOME IMPORTANT LATER IN THE OPERA ESPECIALLY IN THE MELODIC DEVELOPMENT,f3619443c660a22cec4d71717c260f5eeb54e0f78b2cc2c6cc84101f60e19b37
hubert_large,dmsuta,151,stage5ext_00605,3dadaf13c9f244c187466942367d1da68cf1ba3fd4c5a5b27614964bc19565e566d5daea151b505599991d84b7d5faf8db2afc26f992b1bb7b99004b1f5b36f7,Canadian English,canada,"If one server fails, client connections can be re-directed to another server.",IF ONE SERVER FAILS CLIENT CONVECIONS CAN BE REDIRECTED TO ANOTHER SERVER,791ebb8c444f02c37837c0809a4bbf25cf56deca6e2314cce609509336b5b746
hubert_large,dmsuta,151,stage5ext_00606,3dadaf13c9f244c187466942367d1da68cf1ba3fd4c5a5b27614964bc19565e566d5daea151b505599991d84b7d5faf8db2afc26f992b1bb7b99004b1f5b36f7,Canadian English,canada,Kailash taken by Martin Gray.,CAY LOSH TAKEN BY MARTIN GREY,791ebb8c444f02c37837c0809a4bbf25cf56deca6e2314cce609509336b5b746
hubert_large,dmsuta,151,stage5ext_00607,3dadaf13c9f244c187466942367d1da68cf1ba3fd4c5a5b27614964bc19565e566d5daea151b505599991d84b7d5faf8db2afc26f992b1bb7b99004b1f5b36f7,Canadian English,canada,"Geographically, it is situated in the central-most region of the state.",GEOGRAPHICALLY IT IS SITUATED IN THE CENTRALMOST REGION OF THE STATE,791ebb8c444f02c37837c0809a4bbf25cf56deca6e2314cce609509336b5b746
hubert_large,dmsuta,151,stage5ext_00608,3dadaf13c9f244c187466942367d1da68cf1ba3fd4c5a5b27614964bc19565e566d5daea151b505599991d84b7d5faf8db2afc26f992b1bb7b99004b1f5b36f7,Canadian English,canada,"The meaning of Pinjar is unknown, but could be ""tadpole"" or ""swampy lake"".",THE MEANING OF PINJAR IS UNKNOWN BUT COULD BE TADPOOL OR SWAMPY LAKE,791ebb8c444f02c37837c0809a4bbf25cf56deca6e2314cce609509336b5b746
hubert_large,dmsuta,152,stage5ext_00609,3dadaf13c9f244c187466942367d1da68cf1ba3fd4c5a5b27614964bc19565e566d5daea151b505599991d84b7d5faf8db2afc26f992b1bb7b99004b1f5b36f7,Canadian English,canada,There are also regular buses connecting from Mozarts Plads to the city centre.,THERE ARE ALSO REGULAR BUSSES CONNECTING FROM MOZART'S PLADS TO THE CITY CENTR,d6711944a7b15be5dad43f42bbfcc3682254685aff35ea209d823962d6f0d496
hubert_large,dmsuta,152,stage5ext_00610,3dadaf13c9f244c187466942367d1da68cf1ba3fd4c5a5b27614964bc19565e566d5daea151b505599991d84b7d5faf8db2afc26f992b1bb7b99004b1f5b36f7,Canadian English,canada,Protein methylation has been most studied in the histones.,PROTINE METHELATION HAS BEEN MOST STUDIED IN THE HISTONES,d6711944a7b15be5dad43f42bbfcc3682254685aff35ea209d823962d6f0d496
hubert_large,dmsuta,152,stage5ext_00611,3dadaf13c9f244c187466942367d1da68cf1ba3fd4c5a5b27614964bc19565e566d5daea151b505599991d84b7d5faf8db2afc26f992b1bb7b99004b1f5b36f7,Canadian English,canada,"The spacewalkers received assistance from their crewmates inside ""Columbia"".",THE SPACE WALKERS RECEIVE ASSISTANCE FROM THEIR CURMATES INSIDE COLUMBIA,d6711944a7b15be5dad43f42bbfcc3682254685aff35ea209d823962d6f0d496
hubert_large,dmsuta,152,stage5ext_00612,3dadaf13c9f244c187466942367d1da68cf1ba3fd4c5a5b27614964bc19565e566d5daea151b505599991d84b7d5faf8db2afc26f992b1bb7b99004b1f5b36f7,Canadian English,canada,Early units were re-built several times by the end of the war.,EARLY UNITS WERE REBUILT SEVERAL TIMES BY THE END OF THE WAR,d6711944a7b15be5dad43f42bbfcc3682254685aff35ea209d823962d6f0d496
hubert_large,dmsuta,153,stage5ext_00613,3dadaf13c9f244c187466942367d1da68cf1ba3fd4c5a5b27614964bc19565e566d5daea151b505599991d84b7d5faf8db2afc26f992b1bb7b99004b1f5b36f7,Canadian English,canada,They are two-stroke cycle and generally carbureted.,THEY ARE TWO STROKE CYCLES AND GENERALLY CARBURATED,3e5aea0e80e894c5692d4ee68945e6ae34da3f08db31d30c5032a63d8c814d21
hubert_large,dmsuta,153,stage5ext_00614,3dadaf13c9f244c187466942367d1da68cf1ba3fd4c5a5b27614964bc19565e566d5daea151b505599991d84b7d5faf8db2afc26f992b1bb7b99004b1f5b36f7,Canadian English,canada,Murphy's clean-living habits off the diamond were frequently noted in the media.,MURPHY'S CLEAN LIVING HABITS OFF THE DIAMOND WERE FREQUENTLY NOTED IN THE MEDIA,3e5aea0e80e894c5692d4ee68945e6ae34da3f08db31d30c5032a63d8c814d21
hubert_large,dmsuta,153,stage5ext_00615,3dadaf13c9f244c187466942367d1da68cf1ba3fd4c5a5b27614964bc19565e566d5daea151b505599991d84b7d5faf8db2afc26f992b1bb7b99004b1f5b36f7,Canadian English,canada,Sometimes even his authorship has been challenged on the grounds of weak poetic imagination.,SOMETIMES EVEN HIS AUTHORSHIP HAS BEEN CHALLENGED ON THE GROUNDS OF WEAK POETIC IMAGINATION,3e5aea0e80e894c5692d4ee68945e6ae34da3f08db31d30c5032a63d8c814d21
hubert_large,dmsuta,153,stage5ext_00616,7f88fdb59ecec75df8d06d03bc7fc4361b1824c772236491ccd731fb10f14e3cf7b550aaf16a4ef48e695b440eb33ebadf6f080d1c562a2d32c0a2a52bfae9e2,Canadian English,canada,"The dead soldiers were replaced by others, and life went on.",THE DEAD SOLDIERS WERE REPLACED BY OTHERS AND LIFE WENT ON,3e5aea0e80e894c5692d4ee68945e6ae34da3f08db31d30c5032a63d8c814d21
hubert_large,dmsuta,154,stage5ext_00617,7f88fdb59ecec75df8d06d03bc7fc4361b1824c772236491ccd731fb10f14e3cf7b550aaf16a4ef48e695b440eb33ebadf6f080d1c562a2d32c0a2a52bfae9e2,Canadian English,canada,His Internet connection was too slow.,HIS INTERNET CONNECTION WAS TOO SLOW,df126993558bb0f8f96abdc9e91e8e4ea74b7c774b70f8eb0100fc4301c9b69a
hubert_large,dmsuta,154,stage5ext_00618,7f88fdb59ecec75df8d06d03bc7fc4361b1824c772236491ccd731fb10f14e3cf7b550aaf16a4ef48e695b440eb33ebadf6f080d1c562a2d32c0a2a52bfae9e2,Canadian English,canada,"Listen and listen to me very closely, we call them lifts, not elevators.",LISTEN AND LISTEN TO ME VERY CLOSELY WE CALL THEM LIFTS NOT ELEVATORS,df126993558bb0f8f96abdc9e91e8e4ea74b7c774b70f8eb0100fc4301c9b69a
hubert_large,dmsuta,154,stage5ext_00619,7f88fdb59ecec75df8d06d03bc7fc4361b1824c772236491ccd731fb10f14e3cf7b550aaf16a4ef48e695b440eb33ebadf6f080d1c562a2d32c0a2a52bfae9e2,Canadian English,canada,"If you want to contradict what I just said, you will have to provide footnotes.",IF YOU WANT TO CONTRADICT WHAT I JUST SAID YOU WILL HAVE TO PROVIDE FOOTNOTES,df126993558bb0f8f96abdc9e91e8e4ea74b7c774b70f8eb0100fc4301c9b69a
hubert_large,dmsuta,154,stage5ext_00620,7f88fdb59ecec75df8d06d03bc7fc4361b1824c772236491ccd731fb10f14e3cf7b550aaf16a4ef48e695b440eb33ebadf6f080d1c562a2d32c0a2a52bfae9e2,Canadian English,canada,Backface culling is a common trick to accelerate Three-D rendering.,BACK FACE CULLING IS A COMMON TRICK TO ACCELERATE THREED RENDERING,df126993558bb0f8f96abdc9e91e8e4ea74b7c774b70f8eb0100fc4301c9b69a
hubert_large,dmsuta,155,stage5ext_00621,7f88fdb59ecec75df8d06d03bc7fc4361b1824c772236491ccd731fb10f14e3cf7b550aaf16a4ef48e695b440eb33ebadf6f080d1c562a2d32c0a2a52bfae9e2,Canadian English,canada,Fatima was more important than his treasure.,FATIMA WAS MORE IMPORTANT THAN HIS TREASURE,c7d0686613a7ff57915b8c2c51d64778f70ae0933352aebe08d4a07f2c9eac31
hubert_large,dmsuta,155,stage5ext_00622,7f88fdb59ecec75df8d06d03bc7fc4361b1824c772236491ccd731fb10f14e3cf7b550aaf16a4ef48e695b440eb33ebadf6f080d1c562a2d32c0a2a52bfae9e2,Canadian English,canada,But it was not to be.,BUT IT WAS NOT TO BE,c7d0686613a7ff57915b8c2c51d64778f70ae0933352aebe08d4a07f2c9eac31
hubert_large,dmsuta,155,stage5ext_00623,7f88fdb59ecec75df8d06d03bc7fc4361b1824c772236491ccd731fb10f14e3cf7b550aaf16a4ef48e695b440eb33ebadf6f080d1c562a2d32c0a2a52bfae9e2,Canadian English,canada,Display a list of escape characters.,DISPLAY A LIST OF ESCAPE CHARACTERS,c7d0686613a7ff57915b8c2c51d64778f70ae0933352aebe08d4a07f2c9eac31
hubert_large,dmsuta,155,stage5ext_00624,7f88fdb59ecec75df8d06d03bc7fc4361b1824c772236491ccd731fb10f14e3cf7b550aaf16a4ef48e695b440eb33ebadf6f080d1c562a2d32c0a2a52bfae9e2,Canadian English,canada,The Englishman had several suitcases filled with books.,THE ENGLISHMAN HAD SEVERAL SUIT CASES FILLED WITH BOOKS,c7d0686613a7ff57915b8c2c51d64778f70ae0933352aebe08d4a07f2c9eac31
hubert_large,dmsuta,156,stage5ext_00625,7f88fdb59ecec75df8d06d03bc7fc4361b1824c772236491ccd731fb10f14e3cf7b550aaf16a4ef48e695b440eb33ebadf6f080d1c562a2d32c0a2a52bfae9e2,Canadian English,canada,He just got a new kite for his birthday.,HE JUST GOT A NEW KITE FOR HIS BIRTHDAY,8a4b5dcf7016a14e9da18b01bf8f538ff64a3e4b1f2c65e75765a658c3ceec89
hubert_large,dmsuta,156,stage5ext_00626,7f88fdb59ecec75df8d06d03bc7fc4361b1824c772236491ccd731fb10f14e3cf7b550aaf16a4ef48e695b440eb33ebadf6f080d1c562a2d32c0a2a52bfae9e2,Canadian English,canada,"Well, it's a long list.",WELL IT'S A LONG LIST,8a4b5dcf7016a14e9da18b01bf8f538ff64a3e4b1f2c65e75765a658c3ceec89
hubert_large,dmsuta,156,stage5ext_00627,7f88fdb59ecec75df8d06d03bc7fc4361b1824c772236491ccd731fb10f14e3cf7b550aaf16a4ef48e695b440eb33ebadf6f080d1c562a2d32c0a2a52bfae9e2,Canadian English,canada,"One day, the earth began to tremble, and the Nile overflowed its banks.",ONE DAY THE EARTH BEGAN TO TREMBLE AND THE NILE OVERFLOWED ITS BANKS,8a4b5dcf7016a14e9da18b01bf8f538ff64a3e4b1f2c65e75765a658c3ceec89
hubert_large,dmsuta,156,stage5ext_00628,7f88fdb59ecec75df8d06d03bc7fc4361b1824c772236491ccd731fb10f14e3cf7b550aaf16a4ef48e695b440eb33ebadf6f080d1c562a2d32c0a2a52bfae9e2,Canadian English,canada,"The waitress was carrying an impressive amount of dinnerware, but then an earthquake occurred and she dropped it all.",THE WAITRESS WAS CARRYING AN IMPRESSIVE AMOUNT OF DINNER WARE BUT THEN AN EARTHQUAKE OCCURRED AND SHE DROPPED IT ALL,8a4b5dcf7016a14e9da18b01bf8f538ff64a3e4b1f2c65e75765a658c3ceec89
hubert_large,dmsuta,157,stage5ext_00629,7f88fdb59ecec75df8d06d03bc7fc4361b1824c772236491ccd731fb10f14e3cf7b550aaf16a4ef48e695b440eb33ebadf6f080d1c562a2d32c0a2a52bfae9e2,Canadian English,canada,Johnny Depp is reprising his role for the third time in the new film.,JOHNNY DEPP IS REPRISING HIS ROLE FOR THE THIRD TIME IN THE NEW FILM,746ddc2dcb47502d763d166c6453c0f87fd7787373e05cf90e0ee61f573706d8
hubert_large,dmsuta,157,stage5ext_00630,7f88fdb59ecec75df8d06d03bc7fc4361b1824c772236491ccd731fb10f14e3cf7b550aaf16a4ef48e695b440eb33ebadf6f080d1c562a2d32c0a2a52bfae9e2,Canadian English,canada,The insurance policy will expire in twenty-twenty.,THE INSURANCE POLICY WILL EXPIRE IN TWENTY TWENTY,746ddc2dcb47502d763d166c6453c0f87fd7787373e05cf90e0ee61f573706d8
hubert_large,dmsuta,157,stage5ext_00631,c351c258fb7f6fd98e2b6dccc6dcbad5257965c8aceac0c60ba5b390d3e326847e121870153e0c8b87504d77c2d7baab09aef2d54ecdf46d1134d28a49792650,Canadian English,canada,Who says I'm looking for a job?,WHO SAYS I'M LOOKING FOR A JOB,746ddc2dcb47502d763d166c6453c0f87fd7787373e05cf90e0ee61f573706d8
hubert_large,dmsuta,157,stage5ext_00632,c351c258fb7f6fd98e2b6dccc6dcbad5257965c8aceac0c60ba5b390d3e326847e121870153e0c8b87504d77c2d7baab09aef2d54ecdf46d1134d28a49792650,Canadian English,canada,She apparently didn't listen.,SHE APPARENTLY DIDN'T LISTEN,746ddc2dcb47502d763d166c6453c0f87fd7787373e05cf90e0ee61f573706d8
hubert_large,dmsuta,158,stage5ext_00633,c351c258fb7f6fd98e2b6dccc6dcbad5257965c8aceac0c60ba5b390d3e326847e121870153e0c8b87504d77c2d7baab09aef2d54ecdf46d1134d28a49792650,Canadian English,canada,Do you know him?,DO YOU KNOW HIM,d6dd65fdccc83ad9f3b92929a18c1121ce3229bafb6b976abd88856ba4bbc5b1
hubert_large,dmsuta,158,stage5ext_00634,c351c258fb7f6fd98e2b6dccc6dcbad5257965c8aceac0c60ba5b390d3e326847e121870153e0c8b87504d77c2d7baab09aef2d54ecdf46d1134d28a49792650,Canadian English,canada,That's what I mean.,THAT'S WHAT I MEAN,d6dd65fdccc83ad9f3b92929a18c1121ce3229bafb6b976abd88856ba4bbc5b1
hubert_large,dmsuta,158,stage5ext_00635,c351c258fb7f6fd98e2b6dccc6dcbad5257965c8aceac0c60ba5b390d3e326847e121870153e0c8b87504d77c2d7baab09aef2d54ecdf46d1134d28a49792650,Canadian English,canada,The rectangle was parallel to the square.,THE RECTANGLE WAS PARALLEL TO THE SQUAE,d6dd65fdccc83ad9f3b92929a18c1121ce3229bafb6b976abd88856ba4bbc5b1
hubert_large,dmsuta,158,stage5ext_00636,c351c258fb7f6fd98e2b6dccc6dcbad5257965c8aceac0c60ba5b390d3e326847e121870153e0c8b87504d77c2d7baab09aef2d54ecdf46d1134d28a49792650,Canadian English,canada,I wonder what's eating that old money grubbing buzzard anyway?,I WONDER WHAT'S EATING THAT OLD MONEY GRUBBING BUZZARD ANYWAY,d6dd65fdccc83ad9f3b92929a18c1121ce3229bafb6b976abd88856ba4bbc5b1
hubert_large,dmsuta,159,stage5ext_00637,c351c258fb7f6fd98e2b6dccc6dcbad5257965c8aceac0c60ba5b390d3e326847e121870153e0c8b87504d77c2d7baab09aef2d54ecdf46d1134d28a49792650,Canadian English,canada,She's a wonderful person.,SHE IS A WONDERFUL PERSON,9a702897d2eaee8bcda4d8c967e62550909a23d1b60997f311d94aa1456ce7ed
hubert_large,dmsuta,159,stage5ext_00638,c351c258fb7f6fd98e2b6dccc6dcbad5257965c8aceac0c60ba5b390d3e326847e121870153e0c8b87504d77c2d7baab09aef2d54ecdf46d1134d28a49792650,Canadian English,canada,"It was not clear who had the right of way, since the traffic lights were off.",IT WAS NOT CLEAR WHO HAD THE RIGHT OF WAY SINCE THE TRAFFIC LIGHTS WERE OFF,9a702897d2eaee8bcda4d8c967e62550909a23d1b60997f311d94aa1456ce7ed
hubert_large,dmsuta,159,stage5ext_00639,c351c258fb7f6fd98e2b6dccc6dcbad5257965c8aceac0c60ba5b390d3e326847e121870153e0c8b87504d77c2d7baab09aef2d54ecdf46d1134d28a49792650,Canadian English,canada,Your government is counting on you.,YOUR GOVERNMENT IS COUNTING ON YOU,9a702897d2eaee8bcda4d8c967e62550909a23d1b60997f311d94aa1456ce7ed
hubert_large,dmsuta,159,stage5ext_00640,c351c258fb7f6fd98e2b6dccc6dcbad5257965c8aceac0c60ba5b390d3e326847e121870153e0c8b87504d77c2d7baab09aef2d54ecdf46d1134d28a49792650,Canadian English,canada,Mollie did give her some kind of story.,MOLLY DID GIVE HER SOME KIND OF STORY,9a702897d2eaee8bcda4d8c967e62550909a23d1b60997f311d94aa1456ce7ed
hubert_large,dmsuta,160,stage5ext_00641,c351c258fb7f6fd98e2b6dccc6dcbad5257965c8aceac0c60ba5b390d3e326847e121870153e0c8b87504d77c2d7baab09aef2d54ecdf46d1134d28a49792650,Canadian English,canada,Fresh coffee is much better than the freeze dried stuff.,FRESH COFFEE IS MUCH BETTER THAN THE FREEZE DRIED STUFF,3a95a0040112bf45e3bfe1819a99b98abf545b57c8631ba7d4b0bdc59509282b
hubert_large,dmsuta,160,stage5ext_00642,c351c258fb7f6fd98e2b6dccc6dcbad5257965c8aceac0c60ba5b390d3e326847e121870153e0c8b87504d77c2d7baab09aef2d54ecdf46d1134d28a49792650,Canadian English,canada,Sandra read aloud the strange excerpt.,SANDRA READ ALOUD THE STRANGE EXERPT,3a95a0040112bf45e3bfe1819a99b98abf545b57c8631ba7d4b0bdc59509282b
hubert_large,dmsuta,160,stage5ext_00643,c351c258fb7f6fd98e2b6dccc6dcbad5257965c8aceac0c60ba5b390d3e326847e121870153e0c8b87504d77c2d7baab09aef2d54ecdf46d1134d28a49792650,Canadian English,canada,Denise hoovered the rug.,DENICE HOOVERED THE RUG,3a95a0040112bf45e3bfe1819a99b98abf545b57c8631ba7d4b0bdc59509282b
hubert_large,dmsuta,160,stage5ext_00644,c351c258fb7f6fd98e2b6dccc6dcbad5257965c8aceac0c60ba5b390d3e326847e121870153e0c8b87504d77c2d7baab09aef2d54ecdf46d1134d28a49792650,Canadian English,canada,He fondled his bright orange beard.,HE FONDLED HIS BRIGHT ORANGE BEARD,3a95a0040112bf45e3bfe1819a99b98abf545b57c8631ba7d4b0bdc59509282b
hubert_large,dmsuta,161,stage5ext_00645,c351c258fb7f6fd98e2b6dccc6dcbad5257965c8aceac0c60ba5b390d3e326847e121870153e0c8b87504d77c2d7baab09aef2d54ecdf46d1134d28a49792650,Canadian English,canada,I knew you'd wake up sooner or later!,I KNEW YOU'D WAKE UP SOONER OR LATER,19d5c01db10d60edb18f7e7d2a0b0c3f81cd784a48e816cbc81c35871a288151
hubert_large,dmsuta,161,stage5ext_00646,760d3165d3a07ad90ef4a2b9248bbf4ad9fb43b3d7a518ee594214a8cddc34fa81c1608244500a4e6c4c7a43bcc7aa747d4aaf12ec5ef17ace5bbaaded5a7c73,Canadian English,canada,"Washington Township was named for George Washington, first president of the United States.",WASHINGTON TOWNSHIP WAS NAMED FOR GEORGE WASHINGTON FIRST PRESIDENT OF THE UNITED STATES,19d5c01db10d60edb18f7e7d2a0b0c3f81cd784a48e816cbc81c35871a288151
hubert_large,dmsuta,161,stage5ext_00647,760d3165d3a07ad90ef4a2b9248bbf4ad9fb43b3d7a518ee594214a8cddc34fa81c1608244500a4e6c4c7a43bcc7aa747d4aaf12ec5ef17ace5bbaaded5a7c73,Canadian English,canada,Mount Berry was named after Berry College founder Martha Berry.,MALBURY WAS NAMED AFTER BERRY COLLEGE FOUNDER MARTHA BARRY,19d5c01db10d60edb18f7e7d2a0b0c3f81cd784a48e816cbc81c35871a288151
hubert_large,dmsuta,161,stage5ext_00648,760d3165d3a07ad90ef4a2b9248bbf4ad9fb43b3d7a518ee594214a8cddc34fa81c1608244500a4e6c4c7a43bcc7aa747d4aaf12ec5ef17ace5bbaaded5a7c73,Canadian English,canada,The boys and girls winners go to Birmingham for the Final Four tournament.,THE BOYS AND GIRLS WINNERS GO TO BIRMINGHAM FOR THE FINAL FOUR TOURNAMENT,19d5c01db10d60edb18f7e7d2a0b0c3f81cd784a48e816cbc81c35871a288151
hubert_large,dmsuta,162,stage5ext_00649,760d3165d3a07ad90ef4a2b9248bbf4ad9fb43b3d7a518ee594214a8cddc34fa81c1608244500a4e6c4c7a43bcc7aa747d4aaf12ec5ef17ace5bbaaded5a7c73,Canadian English,canada,"In the central business district, the main activities include welding, carpentry and masonry.",IN THE CENTRAL BUSINESS DISTRICT THE MAIN ACTIVITIES INCLUDE WALDING CARPENTRY AND MASONRY,d6b53857153857397c73fd6003bb526b431a12a06af5a68dab4d708eb07b95dc
hubert_large,dmsuta,162,stage5ext_00650,760d3165d3a07ad90ef4a2b9248bbf4ad9fb43b3d7a518ee594214a8cddc34fa81c1608244500a4e6c4c7a43bcc7aa747d4aaf12ec5ef17ace5bbaaded5a7c73,Canadian English,canada,Drivers pass by Engineer Mountain and Twilight Peak before crossing Coal Bank Pass.,DRIVERS PASSD BY ENGINEER MOUNTAIN AND TWILIGHT PEAK BEFORE CROSSING COL BANK PASS,d6b53857153857397c73fd6003bb526b431a12a06af5a68dab4d708eb07b95dc
hubert_large,dmsuta,162,stage5ext_00651,760d3165d3a07ad90ef4a2b9248bbf4ad9fb43b3d7a518ee594214a8cddc34fa81c1608244500a4e6c4c7a43bcc7aa747d4aaf12ec5ef17ace5bbaaded5a7c73,Canadian English,canada,The scope may provide direct visualization or may be attached to a video monitor.,THE SCOPE MAY PROVIDE DIRECT VISUALIZATION OR MAY BE ATTACHED TO A VIDIOMONITOR,d6b53857153857397c73fd6003bb526b431a12a06af5a68dab4d708eb07b95dc
hubert_large,dmsuta,162,stage5ext_00652,760d3165d3a07ad90ef4a2b9248bbf4ad9fb43b3d7a518ee594214a8cddc34fa81c1608244500a4e6c4c7a43bcc7aa747d4aaf12ec5ef17ace5bbaaded5a7c73,Canadian English,canada,Other scholars refute these arguments-particularly since Josephus describes some Essenes as allowing marriage.,OTHER SCHOLARS REFUTE THESE ARGUMENTS PARTICULARLY SINCE JOSEPHUS DESCRIBES SOME ASSENS AS ALLOWING MARRIAGE,d6b53857153857397c73fd6003bb526b431a12a06af5a68dab4d708eb07b95dc
hubert_large,dmsuta,163,stage5ext_00653,760d3165d3a07ad90ef4a2b9248bbf4ad9fb43b3d7a518ee594214a8cddc34fa81c1608244500a4e6c4c7a43bcc7aa747d4aaf12ec5ef17ace5bbaaded5a7c73,Canadian English,canada,"Violence occurs in childhood sexual abuse, date rape, intimate partner violence, and sexual harassment.",VIOLENCE OCCURS IN CHILDHOOD SEXUAL ABUSE DATE RATE INTIMATE PARTNER VIOLENCE AND SEXUAL HARASSMENT,4240f2bdecf714a2da0775a3ac5304b23b37797e62d402325d1533f612b3bb33
hubert_large,dmsuta,163,stage5ext_00654,760d3165d3a07ad90ef4a2b9248bbf4ad9fb43b3d7a518ee594214a8cddc34fa81c1608244500a4e6c4c7a43bcc7aa747d4aaf12ec5ef17ace5bbaaded5a7c73,Canadian English,canada,Baby later changed his stage name to Birdman after the duo was dissolved.,BABY LATER CHANGED HIS STAGE NAME TO BIRD MAN AFTER THE DUO WAS DISSOLVED,4240f2bdecf714a2da0775a3ac5304b23b37797e62d402325d1533f612b3bb33
hubert_large,dmsuta,163,stage5ext_00655,760d3165d3a07ad90ef4a2b9248bbf4ad9fb43b3d7a518ee594214a8cddc34fa81c1608244500a4e6c4c7a43bcc7aa747d4aaf12ec5ef17ace5bbaaded5a7c73,Canadian English,canada,Manufacturers of identification badges recognized a market and began advertising in periodicals.,MANUFACTURERS OF IDENTIFICATION BADGES RECOGNIZED A MARKET AND BEGAN ADVERTISING IN PERIODICALS,4240f2bdecf714a2da0775a3ac5304b23b37797e62d402325d1533f612b3bb33
hubert_large,dmsuta,163,stage5ext_00656,760d3165d3a07ad90ef4a2b9248bbf4ad9fb43b3d7a518ee594214a8cddc34fa81c1608244500a4e6c4c7a43bcc7aa747d4aaf12ec5ef17ace5bbaaded5a7c73,Canadian English,canada,Dozens of descriptions of Elizabeth on that day exist with slightly differing details.,DOZENS OF DESCRIPTIONS OF ELIZABETH ON THAT DAY EXIST WITH SLIGHTLY DEFERRING DETAILS,4240f2bdecf714a2da0775a3ac5304b23b37797e62d402325d1533f612b3bb33
hubert_large,dmsuta,164,stage5ext_00657,760d3165d3a07ad90ef4a2b9248bbf4ad9fb43b3d7a518ee594214a8cddc34fa81c1608244500a4e6c4c7a43bcc7aa747d4aaf12ec5ef17ace5bbaaded5a7c73,Canadian English,canada,However Victoria didn't develop any games.,HOWEVER VICTORIA DIDN'T DEVELOP ANY GAINS,05282962d7095bc6c4c7c4301f956edf91cdb49c1dfef57ed0abb340333fd14b
hubert_large,dmsuta,164,stage5ext_00658,760d3165d3a07ad90ef4a2b9248bbf4ad9fb43b3d7a518ee594214a8cddc34fa81c1608244500a4e6c4c7a43bcc7aa747d4aaf12ec5ef17ace5bbaaded5a7c73,Canadian English,canada,"Following Dunkirk, ""Jackal"" returned to the routine of convoy escort and patrols.",FOLLOWING DUNKIRK JACKAL RETURNED TO THE ROUTINE OF CONVOY ESCORT AND PATROLS,05282962d7095bc6c4c7c4301f956edf91cdb49c1dfef57ed0abb340333fd14b
hubert_large,dmsuta,164,stage5ext_00659,760d3165d3a07ad90ef4a2b9248bbf4ad9fb43b3d7a518ee594214a8cddc34fa81c1608244500a4e6c4c7a43bcc7aa747d4aaf12ec5ef17ace5bbaaded5a7c73,Canadian English,canada,O'Quinn held this role for all three seasons of the series.,OQUIN HELD THIS ROL FOR ALL THREE SEASONS OF THE SERIES,05282962d7095bc6c4c7c4301f956edf91cdb49c1dfef57ed0abb340333fd14b
hubert_large,dmsuta,164,stage5ext_00660,760d3165d3a07ad90ef4a2b9248bbf4ad9fb43b3d7a518ee594214a8cddc34fa81c1608244500a4e6c4c7a43bcc7aa747d4aaf12ec5ef17ace5bbaaded5a7c73,Canadian English,canada,Sartene wine is appreciated by wine connoisseurs for its good quality.,SATHIN WINE IS APPRECIATED BY WINE CONNOISSEURS FOR ITS GOOD QUALITY,05282962d7095bc6c4c7c4301f956edf91cdb49c1dfef57ed0abb340333fd14b
hubert_large,dmsuta,165,stage5ext_00661,591dc19ef324950dafd8ce359e9711f332297ea7ff75da4847f4653c4698cfb4a469db4e15b5ea6b6512eb8f51f1b066477920287c57ae1056528e11c1bd1976,Canadian English,canada,It was returned to Prussia at the end of the war.,IT WAS RETURNED TO PRUSSIA AT THE END OF THE WAR,bc068bb5bff1a2067a8ce51e359699c56919bcb3851ff8db3078d14c913a2a57
hubert_large,dmsuta,165,stage5ext_00662,591dc19ef324950dafd8ce359e9711f332297ea7ff75da4847f4653c4698cfb4a469db4e15b5ea6b6512eb8f51f1b066477920287c57ae1056528e11c1bd1976,Canadian English,canada,It is now named Longton Exchange.,IT IS NOW NAMED LONGTON EXCHANGE,bc068bb5bff1a2067a8ce51e359699c56919bcb3851ff8db3078d14c913a2a57
hubert_large,dmsuta,165,stage5ext_00663,591dc19ef324950dafd8ce359e9711f332297ea7ff75da4847f4653c4698cfb4a469db4e15b5ea6b6512eb8f51f1b066477920287c57ae1056528e11c1bd1976,Canadian English,canada,Eddie Antar was eventually charged with a series of crimes.,EDI ANTAR WAS EVENTUALLY CHARGED WITH A SERIES OF CRIMES,bc068bb5bff1a2067a8ce51e359699c56919bcb3851ff8db3078d14c913a2a57
hubert_large,dmsuta,165,stage5ext_00664,591dc19ef324950dafd8ce359e9711f332297ea7ff75da4847f4653c4698cfb4a469db4e15b5ea6b6512eb8f51f1b066477920287c57ae1056528e11c1bd1976,Canadian English,canada,The monuments built by these Sultans were the first examples of Indo-Islamic Architecture.,THE MONUMENTS BUILT BY THESE SULTANS WERE THE FIRST EXAMPLES OF INDO ISLAMIC ARCHITECTURE,bc068bb5bff1a2067a8ce51e359699c56919bcb3851ff8db3078d14c913a2a57
hubert_large,dmsuta,166,stage5ext_00665,591dc19ef324950dafd8ce359e9711f332297ea7ff75da4847f4653c4698cfb4a469db4e15b5ea6b6512eb8f51f1b066477920287c57ae1056528e11c1bd1976,Canadian English,canada,"She has two sisters, Laura Norris and Sarah McNeil, and a brother, Andrew McNeil.",SHE HAS TWO SISTERS LAURA NORIS AND SARAH MC NEIL AND A BROTHER ANDREW MC NEIL,2bab6687e9210186b6187c80707bfba454e4961256352217ab6a179195d85d7d
hubert_large,dmsuta,166,stage5ext_00666,591dc19ef324950dafd8ce359e9711f332297ea7ff75da4847f4653c4698cfb4a469db4e15b5ea6b6512eb8f51f1b066477920287c57ae1056528e11c1bd1976,Canadian English,canada,"Earthquakes along the fault, and the associated earth movements, have formed the Southern Alps.",EARTHQUAKES ALONG THE FALTZ AND THE ASSOCIATED EARTH MOVEMENTS HAVE FORMED THE SOUTHERN ALPS,2bab6687e9210186b6187c80707bfba454e4961256352217ab6a179195d85d7d
hubert_large,dmsuta,166,stage5ext_00667,591dc19ef324950dafd8ce359e9711f332297ea7ff75da4847f4653c4698cfb4a469db4e15b5ea6b6512eb8f51f1b066477920287c57ae1056528e11c1bd1976,Canadian English,canada,Expression Encoder consists of two editions: A freeware edition and a commercial Pro edition.,EXPRESSION AND CODAR CONSISTS OF TWO EDITIONS A FREEWARE EDITION AND A COMMERCIAL PROIDITION,2bab6687e9210186b6187c80707bfba454e4961256352217ab6a179195d85d7d
hubert_large,dmsuta,166,stage5ext_00668,591dc19ef324950dafd8ce359e9711f332297ea7ff75da4847f4653c4698cfb4a469db4e15b5ea6b6512eb8f51f1b066477920287c57ae1056528e11c1bd1976,Canadian English,canada,The couple's working relationship became personal and resulted in marriage the following year.,THE COUPLE'S WORKING RELATIONSHIP BECAME PERSONAL AND RESULTED IN MARRIAGE THE FOLLOWING YEAR,2bab6687e9210186b6187c80707bfba454e4961256352217ab6a179195d85d7d
hubert_large,dmsuta,167,stage5ext_00669,591dc19ef324950dafd8ce359e9711f332297ea7ff75da4847f4653c4698cfb4a469db4e15b5ea6b6512eb8f51f1b066477920287c57ae1056528e11c1bd1976,Canadian English,canada,"Upon returning to the Mets, his career was reborn.",UPON RETURNING TO THE METZ HIS CAREER WAS REBORN,50b9d80c759dee24f6faa044a505ce69ef37379382cf93c5e4c00f2c6bdd98c9
hubert_large,dmsuta,167,stage5ext_00670,591dc19ef324950dafd8ce359e9711f332297ea7ff75da4847f4653c4698cfb4a469db4e15b5ea6b6512eb8f51f1b066477920287c57ae1056528e11c1bd1976,Canadian English,canada,"She was in the award-winning musical ""Light in the Piazza"" on Broadway.",SHE WAS IN THE AWARD WINNING MUSICAL LIGHT IN THE PIAZZA ON BROADWAY,50b9d80c759dee24f6faa044a505ce69ef37379382cf93c5e4c00f2c6bdd98c9
hubert_large,dmsuta,167,stage5ext_00671,591dc19ef324950dafd8ce359e9711f332297ea7ff75da4847f4653c4698cfb4a469db4e15b5ea6b6512eb8f51f1b066477920287c57ae1056528e11c1bd1976,Canadian English,canada,He then went on to a second career as a car racing driver.,HE THEN WENT ON TO A SECOND CAREER AS A CAR RACING DRIVER,50b9d80c759dee24f6faa044a505ce69ef37379382cf93c5e4c00f2c6bdd98c9
hubert_large,dmsuta,167,stage5ext_00672,591dc19ef324950dafd8ce359e9711f332297ea7ff75da4847f4653c4698cfb4a469db4e15b5ea6b6512eb8f51f1b066477920287c57ae1056528e11c1bd1976,Canadian English,canada,"For Mainz, Joseph Ludwig Colmar was soon appointed as bishop.",FOR MAINS JOSEPH LUDWIG COMAR WAS SOON APPOINTED AS BISHOP,50b9d80c759dee24f6faa044a505ce69ef37379382cf93c5e4c00f2c6bdd98c9
hubert_large,dmsuta,168,stage5ext_00673,591dc19ef324950dafd8ce359e9711f332297ea7ff75da4847f4653c4698cfb4a469db4e15b5ea6b6512eb8f51f1b066477920287c57ae1056528e11c1bd1976,Canadian English,canada,"He has been nicknamed ""The Man of a Thousand Voices"".",HE HAS BEEN NICKNAMED THE MAN OF A THOUSAND VOICES,876249c18557d6b5e03f42bcc869bcd44baa50199c15eef20ba7a8e70365cef1
hubert_large,dmsuta,168,stage5ext_00674,591dc19ef324950dafd8ce359e9711f332297ea7ff75da4847f4653c4698cfb4a469db4e15b5ea6b6512eb8f51f1b066477920287c57ae1056528e11c1bd1976,Canadian English,canada,He then teamed up Martin Salkin and Milt Gabler of Decca Records.,HE THEN TEAMED UP MARTIN SALKIN AND MILT GABBLER OF DECA RECORDS,876249c18557d6b5e03f42bcc869bcd44baa50199c15eef20ba7a8e70365cef1
hubert_large,dmsuta,168,stage5ext_00675,591dc19ef324950dafd8ce359e9711f332297ea7ff75da4847f4653c4698cfb4a469db4e15b5ea6b6512eb8f51f1b066477920287c57ae1056528e11c1bd1976,Canadian English,canada,"They became most prominent in the Roman Republic, and continued into the Empire.",THEY BECAME THE MOST PROMINENT IN THE ROMAN REPUBLIC AND CONTINUED INTO THE EMPIRE,876249c18557d6b5e03f42bcc869bcd44baa50199c15eef20ba7a8e70365cef1
hubert_large,dmsuta,168,stage5ext_00676,87b42e85779256f12cd8467a8790384f4d1ba3aa2c3821b798e151f94702c8fecb77a8f125195bf02e72b9c5cf01c3d6ddda5e6d3aa87b4bc525756a8c2b8807,Canadian English,canada,East-southeast of Boussingault lies the crater Neumayer.,EAST SOUTHEAST OF BOUSINGULT LIES THE CRATER NULMAIRE,876249c18557d6b5e03f42bcc869bcd44baa50199c15eef20ba7a8e70365cef1
hubert_large,dmsuta,169,stage5ext_00677,87b42e85779256f12cd8467a8790384f4d1ba3aa2c3821b798e151f94702c8fecb77a8f125195bf02e72b9c5cf01c3d6ddda5e6d3aa87b4bc525756a8c2b8807,Canadian English,canada,Recorded at the composer's studio under his supervision.,RECORDED AT THE COMPOSER'S STUDIO UNDER HIS SUPERVISION,2cc2852a6fca70f85551deb67b63e167c6ccaf20e43893ad4d80e69cf738e708
hubert_large,dmsuta,169,stage5ext_00678,87b42e85779256f12cd8467a8790384f4d1ba3aa2c3821b798e151f94702c8fecb77a8f125195bf02e72b9c5cf01c3d6ddda5e6d3aa87b4bc525756a8c2b8807,Canadian English,canada,Varied versions of the artwork within the album exist.,VARIED VERSIONS OF THE ARTWORK WITHIN THE ALBUM EXIST,2cc2852a6fca70f85551deb67b63e167c6ccaf20e43893ad4d80e69cf738e708
hubert_large,dmsuta,169,stage5ext_00679,87b42e85779256f12cd8467a8790384f4d1ba3aa2c3821b798e151f94702c8fecb77a8f125195bf02e72b9c5cf01c3d6ddda5e6d3aa87b4bc525756a8c2b8807,Canadian English,canada,"Construction was conducted by Kassel, Germany-based Henschel.",CONSTRUCTION WAS CONDUCTED BY CASSEL GERMANY BASED HENSHELL,2cc2852a6fca70f85551deb67b63e167c6ccaf20e43893ad4d80e69cf738e708
hubert_large,dmsuta,169,stage5ext_00680,87b42e85779256f12cd8467a8790384f4d1ba3aa2c3821b798e151f94702c8fecb77a8f125195bf02e72b9c5cf01c3d6ddda5e6d3aa87b4bc525756a8c2b8807,Canadian English,canada,He started reading novels and literature since he just finished the primary school.,HE STARTED READING NOVELS AND LITERATURE SINCE HE JUST FINISHED THE PRIMARY SCHOOL,2cc2852a6fca70f85551deb67b63e167c6ccaf20e43893ad4d80e69cf738e708
hubert_large,dmsuta,170,stage5ext_00681,87b42e85779256f12cd8467a8790384f4d1ba3aa2c3821b798e151f94702c8fecb77a8f125195bf02e72b9c5cf01c3d6ddda5e6d3aa87b4bc525756a8c2b8807,Canadian English,canada,They won a majority of seats in every province and territory.,THEY WON A MAJORITY OF SEATS IN EVERY PROVINCE AND TERRITORY,052d805eec4c201e573a8fe4daa97cf888db9d191cec676b5353a21ae5bfb4bb
hubert_large,dmsuta,170,stage5ext_00682,87b42e85779256f12cd8467a8790384f4d1ba3aa2c3821b798e151f94702c8fecb77a8f125195bf02e72b9c5cf01c3d6ddda5e6d3aa87b4bc525756a8c2b8807,Canadian English,canada,Opposed to the more moderate Parchamis were the radical Khalq faction.,OPPOSED TO THE MORE MODERATE PARCHMENTS WERE THE MORE RADICAL CALKFACTION,052d805eec4c201e573a8fe4daa97cf888db9d191cec676b5353a21ae5bfb4bb
hubert_large,dmsuta,170,stage5ext_00683,87b42e85779256f12cd8467a8790384f4d1ba3aa2c3821b798e151f94702c8fecb77a8f125195bf02e72b9c5cf01c3d6ddda5e6d3aa87b4bc525756a8c2b8807,Canadian English,canada,Gyrich is also involved in hunting the Hulk after the events of Onslaught.,KEYRICH IS ALSO INVOLVED IN HUNTING THE HULK AFTER THE EVENSIVE ONSLAUGHT,052d805eec4c201e573a8fe4daa97cf888db9d191cec676b5353a21ae5bfb4bb
hubert_large,dmsuta,170,stage5ext_00684,87b42e85779256f12cd8467a8790384f4d1ba3aa2c3821b798e151f94702c8fecb77a8f125195bf02e72b9c5cf01c3d6ddda5e6d3aa87b4bc525756a8c2b8807,Canadian English,canada,It was also hosted by the team of Rich Landrum and Johnny Weaver.,IT WAS ALSO HOSTED BY THE TEAM OF RICH LANDRUM AND JOHNNY WEVER,052d805eec4c201e573a8fe4daa97cf888db9d191cec676b5353a21ae5bfb4bb
hubert_large,dmsuta,171,stage5ext_00685,87b42e85779256f12cd8467a8790384f4d1ba3aa2c3821b798e151f94702c8fecb77a8f125195bf02e72b9c5cf01c3d6ddda5e6d3aa87b4bc525756a8c2b8807,Canadian English,canada,"His cause for canonization was introduced by his religious order, the Basilian Alepian Order.",HIS CAUSE FOR CANONIZATION WAS INTRODUCED BY HIS RELIGIOUS ORDER THE BRAZILIAN ALYCIAN ORDER,776ff1f917339888c1db978bb264b293071e02ad9e71c59676a46343c13c6d8a
hubert_large,dmsuta,171,stage5ext_00686,87b42e85779256f12cd8467a8790384f4d1ba3aa2c3821b798e151f94702c8fecb77a8f125195bf02e72b9c5cf01c3d6ddda5e6d3aa87b4bc525756a8c2b8807,Canadian English,canada,"Terminals can be attacked and disabled, but not destroyed.",TERMINALS CAN BE ATTACKED AND DISABLED BUT NOT DESTROYED,776ff1f917339888c1db978bb264b293071e02ad9e71c59676a46343c13c6d8a
hubert_large,dmsuta,171,stage5ext_00687,87b42e85779256f12cd8467a8790384f4d1ba3aa2c3821b798e151f94702c8fecb77a8f125195bf02e72b9c5cf01c3d6ddda5e6d3aa87b4bc525756a8c2b8807,Canadian English,canada,They're going to see this as an historic time.,THEY'RE GOING TO SEE THIS AS A HISTORIC TIME,776ff1f917339888c1db978bb264b293071e02ad9e71c59676a46343c13c6d8a
hubert_large,dmsuta,171,stage5ext_00688,87b42e85779256f12cd8467a8790384f4d1ba3aa2c3821b798e151f94702c8fecb77a8f125195bf02e72b9c5cf01c3d6ddda5e6d3aa87b4bc525756a8c2b8807,Canadian English,canada,"Due to his high penance, Lord murugan appeared like snake to him.",DUE TO HIS HIGH PENANCE LORD MURIGAN APPEARED LIKE SNAPE TO HIM,776ff1f917339888c1db978bb264b293071e02ad9e71c59676a46343c13c6d8a
hubert_large,dmsuta,172,stage5ext_00689,87b42e85779256f12cd8467a8790384f4d1ba3aa2c3821b798e151f94702c8fecb77a8f125195bf02e72b9c5cf01c3d6ddda5e6d3aa87b4bc525756a8c2b8807,Canadian English,canada,Consumption soon returned to normal however.,CONSUMPTION SOON RETURNED TO NORMAL HOWEVER,5dda2194f815fdd160ce752c726b2add0fd8e39a7c14337507ef7f5f600dee80
hubert_large,dmsuta,172,stage5ext_00690,87b42e85779256f12cd8467a8790384f4d1ba3aa2c3821b798e151f94702c8fecb77a8f125195bf02e72b9c5cf01c3d6ddda5e6d3aa87b4bc525756a8c2b8807,Canadian English,canada,"Alva was featured in the video game, ""Tony Hawk's American Wasteland"".",ALBA WAS FEATURED IN THE WINDOW GAME TONY HAWKS AMERICAN WASTELAND,5dda2194f815fdd160ce752c726b2add0fd8e39a7c14337507ef7f5f600dee80
hubert_large,dmsuta,172,stage5ext_00691,1bda50a4a88d77a1bc592a14e21c501410d6db026449e39808be8fdf0a370dcc6adb09567d53480b5796f2560267441eafe3faf65ae56ae50502479cbab97242,Canadian English,canada,"They found all sorts of drugs at Howard's house: Cocaine, meth, heroine...",THEY FOUND ALL SORTS OF DRUGS AT HOWERD'S HOUSE COCAIN MUTH HEROINE,5dda2194f815fdd160ce752c726b2add0fd8e39a7c14337507ef7f5f600dee80
hubert_large,dmsuta,172,stage5ext_00692,1bda50a4a88d77a1bc592a14e21c501410d6db026449e39808be8fdf0a370dcc6adb09567d53480b5796f2560267441eafe3faf65ae56ae50502479cbab97242,Canadian English,canada,"Sure, I will be right back.",SURE I'LL BE RIGHT BOUGHT,5dda2194f815fdd160ce752c726b2add0fd8e39a7c14337507ef7f5f600dee80
hubert_large,dmsuta,173,stage5ext_00693,1bda50a4a88d77a1bc592a14e21c501410d6db026449e39808be8fdf0a370dcc6adb09567d53480b5796f2560267441eafe3faf65ae56ae50502479cbab97242,Canadian English,canada,"When he got the call, Ali ran out of the store, down the street, and into the car.",WHEN HE GOT TO CALL ALI RAN OUT OF THE STORE DOWN THE STREET AND ENTER THE CAR,5dee72163a5cc2e6a6b331220edcf9a762e7359f6ceedcaa0c8c3c22b647ba54
hubert_large,dmsuta,173,stage5ext_00694,1bda50a4a88d77a1bc592a14e21c501410d6db026449e39808be8fdf0a370dcc6adb09567d53480b5796f2560267441eafe3faf65ae56ae50502479cbab97242,Canadian English,canada,"As they began to decorate the hallway, a silhouette appeared in the doorway.",AS THEY BEGAN TO DECORATE THE HALLWAY A SILHOUETTE APPEARED IN THE DOORWAY,5dee72163a5cc2e6a6b331220edcf9a762e7359f6ceedcaa0c8c3c22b647ba54
hubert_large,dmsuta,173,stage5ext_00695,1bda50a4a88d77a1bc592a14e21c501410d6db026449e39808be8fdf0a370dcc6adb09567d53480b5796f2560267441eafe3faf65ae56ae50502479cbab97242,Canadian English,canada,"Roaming endlessly around the park, she wants to go home.",ROAMING ENDLESSLY AROUND THE PARK SHE WANTS TO GO HOME,5dee72163a5cc2e6a6b331220edcf9a762e7359f6ceedcaa0c8c3c22b647ba54
hubert_large,dmsuta,173,stage5ext_00696,1bda50a4a88d77a1bc592a14e21c501410d6db026449e39808be8fdf0a370dcc6adb09567d53480b5796f2560267441eafe3faf65ae56ae50502479cbab97242,Canadian English,canada,"Hooray, we're going to Alaska!",HOORAY WE'RE GOING TO ALASKA,5dee72163a5cc2e6a6b331220edcf9a762e7359f6ceedcaa0c8c3c22b647ba54
hubert_large,dmsuta,174,stage5ext_00697,1bda50a4a88d77a1bc592a14e21c501410d6db026449e39808be8fdf0a370dcc6adb09567d53480b5796f2560267441eafe3faf65ae56ae50502479cbab97242,Canadian English,canada,"In the discotheque, the DJ played progressive house music and trance.",IN THE DISCOTEC THE D J PLAYED PROGRESSIVE HOUSE MUSIC AND TRANCE,14694bd39766d8b566ab87cb0f1df654ebabd48d15f3df77cee935819315955b
hubert_large,dmsuta,174,stage5ext_00698,1bda50a4a88d77a1bc592a14e21c501410d6db026449e39808be8fdf0a370dcc6adb09567d53480b5796f2560267441eafe3faf65ae56ae50502479cbab97242,Canadian English,canada,Susan is an artist who lives in Vermont.,SUSAN IS AN ARTIST WHO LIVES IN VERMONT,14694bd39766d8b566ab87cb0f1df654ebabd48d15f3df77cee935819315955b
hubert_large,dmsuta,174,stage5ext_00699,1bda50a4a88d77a1bc592a14e21c501410d6db026449e39808be8fdf0a370dcc6adb09567d53480b5796f2560267441eafe3faf65ae56ae50502479cbab97242,Canadian English,canada,What is the matter with you?,WHAT IS THE MATTER WITH YOU,14694bd39766d8b566ab87cb0f1df654ebabd48d15f3df77cee935819315955b
hubert_large,dmsuta,174,stage5ext_00700,1bda50a4a88d77a1bc592a14e21c501410d6db026449e39808be8fdf0a370dcc6adb09567d53480b5796f2560267441eafe3faf65ae56ae50502479cbab97242,Canadian English,canada,"She is a very smart lady, and I think she can figure it out.",SHE IS A VERY SMART LADY AND I THINK SHE CAN FIGURE IT OUT,14694bd39766d8b566ab87cb0f1df654ebabd48d15f3df77cee935819315955b
hubert_large,dmsuta,175,stage5ext_00701,1bda50a4a88d77a1bc592a14e21c501410d6db026449e39808be8fdf0a370dcc6adb09567d53480b5796f2560267441eafe3faf65ae56ae50502479cbab97242,Canadian English,canada,"Astronomy might be complicated, but it's not rocket science.",ASTRONOMY MIGHT BE COMPLICATED BUT IT'S NOT ROCKET SCIENCE,3ed7db5f9e9add70f24fc8b164cb36aaadea8be0d0082ee505843544bd8371c7
hubert_large,dmsuta,175,stage5ext_00702,1bda50a4a88d77a1bc592a14e21c501410d6db026449e39808be8fdf0a370dcc6adb09567d53480b5796f2560267441eafe3faf65ae56ae50502479cbab97242,Canadian English,canada,"Angela is pregnant, she told me.",ANGOLA IS PREGNANT SHE TOLD ME,3ed7db5f9e9add70f24fc8b164cb36aaadea8be0d0082ee505843544bd8371c7
hubert_large,dmsuta,175,stage5ext_00703,1bda50a4a88d77a1bc592a14e21c501410d6db026449e39808be8fdf0a370dcc6adb09567d53480b5796f2560267441eafe3faf65ae56ae50502479cbab97242,Canadian English,canada,"The diver forced open the oyster, revealing a shimmering pearl.",THE DIVER FORCED OPEN THE OYSTER REVEALING A SHIMMERING PEARL,3ed7db5f9e9add70f24fc8b164cb36aaadea8be0d0082ee505843544bd8371c7
hubert_large,dmsuta,175,stage5ext_00704,1bda50a4a88d77a1bc592a14e21c501410d6db026449e39808be8fdf0a370dcc6adb09567d53480b5796f2560267441eafe3faf65ae56ae50502479cbab97242,Canadian English,canada,"Salmon is one of the most popular fish and very delicious, though usually not sustainable.",SALMON IS ONE OF THE MOST POPULAR FISH AND VERY DELICIOUS THOUGH USUALLY NOT SUSTAINABLE,3ed7db5f9e9add70f24fc8b164cb36aaadea8be0d0082ee505843544bd8371c7
hubert_large,dmsuta,176,stage5ext_00705,1bda50a4a88d77a1bc592a14e21c501410d6db026449e39808be8fdf0a370dcc6adb09567d53480b5796f2560267441eafe3faf65ae56ae50502479cbab97242,Canadian English,canada,"This pepperoni tastes off, she said.",THOS PEPARONI TASTES OFF SHE SAID,dc6d1a573ad1c9092936c6eb8e1072862afce9658ee52b4863fa48e9dbd5efb9
hubert_large,dmsuta,176,stage5ext_00706,3609f33a23ed07b4e369020bc8bfcb519c8e108d2510cda5649a103fb8e4c9a120753d04b1cfbf9d5ebca2b2674d1f16d7269aa4d619254315923f04a0e8872a,Canadian English,canada,You might as well play Russian roulette.,YOU MIGHT AS WELL PLAY RUSSIAN ROULETTE,dc6d1a573ad1c9092936c6eb8e1072862afce9658ee52b4863fa48e9dbd5efb9
hubert_large,dmsuta,176,stage5ext_00707,3609f33a23ed07b4e369020bc8bfcb519c8e108d2510cda5649a103fb8e4c9a120753d04b1cfbf9d5ebca2b2674d1f16d7269aa4d619254315923f04a0e8872a,Canadian English,canada,We are going to the football game tonight.,WE ARE GOING TO THE FOOTBALL GAME TO NIGHT,dc6d1a573ad1c9092936c6eb8e1072862afce9658ee52b4863fa48e9dbd5efb9
hubert_large,dmsuta,176,stage5ext_00708,3609f33a23ed07b4e369020bc8bfcb519c8e108d2510cda5649a103fb8e4c9a120753d04b1cfbf9d5ebca2b2674d1f16d7269aa4d619254315923f04a0e8872a,Canadian English,canada,Send the stuff in a thick paper bag.,SEND THE STUFF IN A THICK PAPER BAG,dc6d1a573ad1c9092936c6eb8e1072862afce9658ee52b4863fa48e9dbd5efb9
hubert_large,dmsuta,177,stage5ext_00709,3609f33a23ed07b4e369020bc8bfcb519c8e108d2510cda5649a103fb8e4c9a120753d04b1cfbf9d5ebca2b2674d1f16d7269aa4d619254315923f04a0e8872a,Canadian English,canada,The early bird catches the worm.,THE EARLY BIRD CATCHES THE WORM,b0dc478107cf525cfe580683eae286c4a92beac89eb4917dc2d8e67b70021e31
hubert_large,dmsuta,177,stage5ext_00710,3609f33a23ed07b4e369020bc8bfcb519c8e108d2510cda5649a103fb8e4c9a120753d04b1cfbf9d5ebca2b2674d1f16d7269aa4d619254315923f04a0e8872a,Canadian English,canada,A toad and a frog are hard to tell apart.,A TOAD AND A FROG ARE HARD TO TELL APART,b0dc478107cf525cfe580683eae286c4a92beac89eb4917dc2d8e67b70021e31
hubert_large,dmsuta,177,stage5ext_00711,3609f33a23ed07b4e369020bc8bfcb519c8e108d2510cda5649a103fb8e4c9a120753d04b1cfbf9d5ebca2b2674d1f16d7269aa4d619254315923f04a0e8872a,Canadian English,canada,William ran down the street.,WILLIAM RAN DOWN THE STREET,b0dc478107cf525cfe580683eae286c4a92beac89eb4917dc2d8e67b70021e31
hubert_large,dmsuta,177,stage5ext_00712,3609f33a23ed07b4e369020bc8bfcb519c8e108d2510cda5649a103fb8e4c9a120753d04b1cfbf9d5ebca2b2674d1f16d7269aa4d619254315923f04a0e8872a,Canadian English,canada,But it was not to be.,BUT IT WAS NOT TO BE,b0dc478107cf525cfe580683eae286c4a92beac89eb4917dc2d8e67b70021e31
hubert_large,dmsuta,178,stage5ext_00713,3609f33a23ed07b4e369020bc8bfcb519c8e108d2510cda5649a103fb8e4c9a120753d04b1cfbf9d5ebca2b2674d1f16d7269aa4d619254315923f04a0e8872a,Canadian English,canada,Add the sum to the product of these three.,ADD THE SUM TO THE PRODUCT OF THESE THREE,44b11cb8b34457a4c268e2f1a7ceee60673abe40f9e07b16f365dd20cc48a452
hubert_large,dmsuta,178,stage5ext_00714,3609f33a23ed07b4e369020bc8bfcb519c8e108d2510cda5649a103fb8e4c9a120753d04b1cfbf9d5ebca2b2674d1f16d7269aa4d619254315923f04a0e8872a,Canadian English,canada,Birds of a feather flock – together.,BIRDS OF A FEATHER FLOCK TOGETHER,44b11cb8b34457a4c268e2f1a7ceee60673abe40f9e07b16f365dd20cc48a452
hubert_large,dmsuta,178,stage5ext_00715,3609f33a23ed07b4e369020bc8bfcb519c8e108d2510cda5649a103fb8e4c9a120753d04b1cfbf9d5ebca2b2674d1f16d7269aa4d619254315923f04a0e8872a,Canadian English,canada,It was raised from everyone who entered the city during the celebration period.,IT WAS RAISED FROM EVERYONE WHO ENTERED THE CITY DURING THE CELEBRATION PERIOD,44b11cb8b34457a4c268e2f1a7ceee60673abe40f9e07b16f365dd20cc48a452
hubert_large,dmsuta,178,stage5ext_00716,3609f33a23ed07b4e369020bc8bfcb519c8e108d2510cda5649a103fb8e4c9a120753d04b1cfbf9d5ebca2b2674d1f16d7269aa4d619254315923f04a0e8872a,Canadian English,canada,A zestful food is the hot-cross bun.,A ZESTFUL FOOD IS THE HOT CROSS BON,44b11cb8b34457a4c268e2f1a7ceee60673abe40f9e07b16f365dd20cc48a452
hubert_large,dmsuta,179,stage5ext_00717,3609f33a23ed07b4e369020bc8bfcb519c8e108d2510cda5649a103fb8e4c9a120753d04b1cfbf9d5ebca2b2674d1f16d7269aa4d619254315923f04a0e8872a,Canadian English,canada,Just as I thought!,JUST AS I THOUGHT,944e8428709e11832ff5e6ce4eb43a649037f2f1e95dd2f0d2e38d26e187e2df
hubert_large,dmsuta,179,stage5ext_00718,3609f33a23ed07b4e369020bc8bfcb519c8e108d2510cda5649a103fb8e4c9a120753d04b1cfbf9d5ebca2b2674d1f16d7269aa4d619254315923f04a0e8872a,Canadian English,canada,Each penny shone like new.,EACH PENNY SHONE LIKE NEW,944e8428709e11832ff5e6ce4eb43a649037f2f1e95dd2f0d2e38d26e187e2df
hubert_large,dmsuta,179,stage5ext_00719,3609f33a23ed07b4e369020bc8bfcb519c8e108d2510cda5649a103fb8e4c9a120753d04b1cfbf9d5ebca2b2674d1f16d7269aa4d619254315923f04a0e8872a,Canadian English,canada,Does that suit you?,DOES THAT SUIT YOU,944e8428709e11832ff5e6ce4eb43a649037f2f1e95dd2f0d2e38d26e187e2df
hubert_large,dmsuta,179,stage5ext_00720,3609f33a23ed07b4e369020bc8bfcb519c8e108d2510cda5649a103fb8e4c9a120753d04b1cfbf9d5ebca2b2674d1f16d7269aa4d619254315923f04a0e8872a,Canadian English,canada,You may whistle for it.,YOU MAY WHISTLE FOR IT,944e8428709e11832ff5e6ce4eb43a649037f2f1e95dd2f0d2e38d26e187e2df
hubert_large,dmsuta,180,stage5ext_00721,b93abbafef94b7d98a7356f6312da390c93f78376374ceb597ee3d26425dc05d7b3fe7fc290b835365c2ba77cf232a93597f059b5a2aaa5c715299a8614492e4,Canadian English,canada,"After leaving politics, Clement has held various paid and unpaid positions.",AFTER LEAVING POLITICS CLEMENT HAS HELD VARIOUS PAID AND UNPAID POSITIONS,4d122dc5991514862e6a06bb815d553abe17015d6714234347960112060d3866
hubert_large,dmsuta,180,stage5ext_00722,b93abbafef94b7d98a7356f6312da390c93f78376374ceb597ee3d26425dc05d7b3fe7fc290b835365c2ba77cf232a93597f059b5a2aaa5c715299a8614492e4,Canadian English,canada,The same thing can happen to the player's bike.,THE SAME THING CAN HAPPEN TO THE PLAYER'S BIKE,4d122dc5991514862e6a06bb815d553abe17015d6714234347960112060d3866
hubert_large,dmsuta,180,stage5ext_00723,b93abbafef94b7d98a7356f6312da390c93f78376374ceb597ee3d26425dc05d7b3fe7fc290b835365c2ba77cf232a93597f059b5a2aaa5c715299a8614492e4,Canadian English,canada,She wanted to become a dancer but it didn't work out.,SHE WANTED TO BECOME A DANCER BUT IT DIDN'T WORK OUT,4d122dc5991514862e6a06bb815d553abe17015d6714234347960112060d3866
hubert_large,dmsuta,180,stage5ext_00724,b93abbafef94b7d98a7356f6312da390c93f78376374ceb597ee3d26425dc05d7b3fe7fc290b835365c2ba77cf232a93597f059b5a2aaa5c715299a8614492e4,Canadian English,canada,At trial and appeal the claim was dismissed.,AT TRIAL AND APPEAL THE CLAIM WAS DISMISSED,4d122dc5991514862e6a06bb815d553abe17015d6714234347960112060d3866
hubert_large,dmsuta,181,stage5ext_00725,b93abbafef94b7d98a7356f6312da390c93f78376374ceb597ee3d26425dc05d7b3fe7fc290b835365c2ba77cf232a93597f059b5a2aaa5c715299a8614492e4,Canadian English,canada,"Its headquarters is located in Chiyoda, Tokyo.",ITS HEADQUARTERS IS LOCATED IN CHIODA TOKYO,8188f24ce658df053dff0641b8734730587b09d48ab8c8f74c4ffb8e99cab76f
hubert_large,dmsuta,181,stage5ext_00726,b93abbafef94b7d98a7356f6312da390c93f78376374ceb597ee3d26425dc05d7b3fe7fc290b835365c2ba77cf232a93597f059b5a2aaa5c715299a8614492e4,Canadian English,canada,He was forbidden any further writing.,HE WAS FORBIDDEN ANY FURTHER WRITING,8188f24ce658df053dff0641b8734730587b09d48ab8c8f74c4ffb8e99cab76f
hubert_large,dmsuta,181,stage5ext_00727,b93abbafef94b7d98a7356f6312da390c93f78376374ceb597ee3d26425dc05d7b3fe7fc290b835365c2ba77cf232a93597f059b5a2aaa5c715299a8614492e4,Canadian English,canada,It offers yet another musical style change.,IT OFFERS YET ANOTHER MUSICAL STYLE CHANGE,8188f24ce658df053dff0641b8734730587b09d48ab8c8f74c4ffb8e99cab76f
hubert_large,dmsuta,181,stage5ext_00728,b93abbafef94b7d98a7356f6312da390c93f78376374ceb597ee3d26425dc05d7b3fe7fc290b835365c2ba77cf232a93597f059b5a2aaa5c715299a8614492e4,Canadian English,canada,The measured flux is proportional to the covariance.,THE MEASURED FLUX IS PROPORTIONAL TO THE COVARIANCE,8188f24ce658df053dff0641b8734730587b09d48ab8c8f74c4ffb8e99cab76f
hubert_large,dmsuta,182,stage5ext_00729,b93abbafef94b7d98a7356f6312da390c93f78376374ceb597ee3d26425dc05d7b3fe7fc290b835365c2ba77cf232a93597f059b5a2aaa5c715299a8614492e4,Canadian English,canada,Also on hand was the young comedian Richard Pryor.,ALSO ON HAND WAS A YOUNG CAMEDIAN RICHARD PRIOR,1c14ea49623c24ef0adbf55fe57a05ffa0172392957ff326f90fd29b2f23bfc1
hubert_large,dmsuta,182,stage5ext_00730,b93abbafef94b7d98a7356f6312da390c93f78376374ceb597ee3d26425dc05d7b3fe7fc290b835365c2ba77cf232a93597f059b5a2aaa5c715299a8614492e4,Canadian English,canada,"He is an alumnus of Saratoga High School in Saratoga, California.",HE IS AN ALUMNIST OF SARATOGA HIGH SCHOOL IN SARATOGA CALIFORNIA,1c14ea49623c24ef0adbf55fe57a05ffa0172392957ff326f90fd29b2f23bfc1
hubert_large,dmsuta,182,stage5ext_00731,b93abbafef94b7d98a7356f6312da390c93f78376374ceb597ee3d26425dc05d7b3fe7fc290b835365c2ba77cf232a93597f059b5a2aaa5c715299a8614492e4,Canadian English,canada,No cause was given and there were no immediate survivors.,NO CAUSE WAS GIVEN AND THERE WERE NO IMMEDIATE SURVIVORS,1c14ea49623c24ef0adbf55fe57a05ffa0172392957ff326f90fd29b2f23bfc1
hubert_large,dmsuta,182,stage5ext_00732,b93abbafef94b7d98a7356f6312da390c93f78376374ceb597ee3d26425dc05d7b3fe7fc290b835365c2ba77cf232a93597f059b5a2aaa5c715299a8614492e4,Canadian English,canada,It is more applicable when there is a liquidity crunch in the market.,IT IS MORE APPLICABLE WHEN THERE IS A LIQUIDITY CRUNCH IN THE MARKET,1c14ea49623c24ef0adbf55fe57a05ffa0172392957ff326f90fd29b2f23bfc1
hubert_large,dmsuta,183,stage5ext_00733,b93abbafef94b7d98a7356f6312da390c93f78376374ceb597ee3d26425dc05d7b3fe7fc290b835365c2ba77cf232a93597f059b5a2aaa5c715299a8614492e4,Canadian English,canada,There again he taught rhetoric for three years.,THERE AGAIN HE TAUGHT RHETORIC FOR THREE YEARS,6365ddd6df6ab515a12bc53d81d378cac79e5853178eb99e3ca779811904b776
hubert_large,dmsuta,183,stage5ext_00734,b93abbafef94b7d98a7356f6312da390c93f78376374ceb597ee3d26425dc05d7b3fe7fc290b835365c2ba77cf232a93597f059b5a2aaa5c715299a8614492e4,Canadian English,canada,It is a potent skin irritant.,IT IS A POTENT SKIN IRRITANT,6365ddd6df6ab515a12bc53d81d378cac79e5853178eb99e3ca779811904b776
hubert_large,dmsuta,183,stage5ext_00735,b93abbafef94b7d98a7356f6312da390c93f78376374ceb597ee3d26425dc05d7b3fe7fc290b835365c2ba77cf232a93597f059b5a2aaa5c715299a8614492e4,Canadian English,canada,Westphal is a former assistant coach on Lionel Hollins' staff on the Brooklyn Nets.,WESTFALL IS A FORMER ASSISTANT COACH ON LIONEL HOLLAND'S STAFF ON THE BRICKLAND NETS,6365ddd6df6ab515a12bc53d81d378cac79e5853178eb99e3ca779811904b776
hubert_large,dmsuta,183,stage5ext_00736,1225019d528d47c1a589b05ca13577c68d50b27cb794f00d65a7a4be094e4f5e9f0bc35233e80e36ddfba17fa9c185dec071949ab8a2dce2a58b5d4d9b49d290,Canadian English,canada,"Perhaps, you should just grow sea monkeys.",PERHAPS YOU SHOULD JUST GROW SEA MONKEYS,6365ddd6df6ab515a12bc53d81d378cac79e5853178eb99e3ca779811904b776
hubert_large,dmsuta,184,stage5ext_00737,1225019d528d47c1a589b05ca13577c68d50b27cb794f00d65a7a4be094e4f5e9f0bc35233e80e36ddfba17fa9c185dec071949ab8a2dce2a58b5d4d9b49d290,Canadian English,canada,"No, that was never his real plan.",NO THAT WAS NEVER HIS REAL PLAN,6bcff956cae47601d126b632b64b970ce7e0395afb881cea690d92b991618840
hubert_large,dmsuta,184,stage5ext_00738,1225019d528d47c1a589b05ca13577c68d50b27cb794f00d65a7a4be094e4f5e9f0bc35233e80e36ddfba17fa9c185dec071949ab8a2dce2a58b5d4d9b49d290,Canadian English,canada,Might I enquire as to whom I'm addressing?,MIGHT I INQUIRE AS TO WHOM IAM ADDRESSING,6bcff956cae47601d126b632b64b970ce7e0395afb881cea690d92b991618840
hubert_large,dmsuta,184,stage5ext_00739,1225019d528d47c1a589b05ca13577c68d50b27cb794f00d65a7a4be094e4f5e9f0bc35233e80e36ddfba17fa9c185dec071949ab8a2dce2a58b5d4d9b49d290,Canadian English,canada,"By increasing the salinity of the water, we alter its dew point.",BY INCREASING THE SOLENITY OF THE WATER WE ALTER ITS DUE POINT,6bcff956cae47601d126b632b64b970ce7e0395afb881cea690d92b991618840
hubert_large,dmsuta,184,stage5ext_00740,1225019d528d47c1a589b05ca13577c68d50b27cb794f00d65a7a4be094e4f5e9f0bc35233e80e36ddfba17fa9c185dec071949ab8a2dce2a58b5d4d9b49d290,Canadian English,canada,"Deliberate slowly, execute promptly.",DELIBERATE SLOWLY EXECUTE PROMPTLY,6bcff956cae47601d126b632b64b970ce7e0395afb881cea690d92b991618840
hubert_large,dmsuta,185,stage5ext_00741,1225019d528d47c1a589b05ca13577c68d50b27cb794f00d65a7a4be094e4f5e9f0bc35233e80e36ddfba17fa9c185dec071949ab8a2dce2a58b5d4d9b49d290,Canadian English,canada,What am I to do?,WHAT AM I TO DO,7e303479f1c935b968f61603971a9b5f8139690920a643b44dfc4c615aa21137
hubert_large,dmsuta,185,stage5ext_00742,1225019d528d47c1a589b05ca13577c68d50b27cb794f00d65a7a4be094e4f5e9f0bc35233e80e36ddfba17fa9c185dec071949ab8a2dce2a58b5d4d9b49d290,Canadian English,canada,"I've brought you some cheese, because I know you love cheese.",I'VE BROUGHT YOU SOME CHEES BECAUSE I KNOW YOU LOVE CHEESE,7e303479f1c935b968f61603971a9b5f8139690920a643b44dfc4c615aa21137
hubert_large,dmsuta,185,stage5ext_00743,1225019d528d47c1a589b05ca13577c68d50b27cb794f00d65a7a4be094e4f5e9f0bc35233e80e36ddfba17fa9c185dec071949ab8a2dce2a58b5d4d9b49d290,Canadian English,canada,"Easy come, easy go.",EASY COME EASY GO,7e303479f1c935b968f61603971a9b5f8139690920a643b44dfc4c615aa21137
hubert_large,dmsuta,185,stage5ext_00744,1225019d528d47c1a589b05ca13577c68d50b27cb794f00d65a7a4be094e4f5e9f0bc35233e80e36ddfba17fa9c185dec071949ab8a2dce2a58b5d4d9b49d290,Canadian English,canada,"The builder placed the brick onto the plank of wood, so it would bend into shape.",THE BUILDER PLACED THE BRICK ON TO THE PLANK OF WOOD SO IT WOULD BEND INTO SHEEP,7e303479f1c935b968f61603971a9b5f8139690920a643b44dfc4c615aa21137
hubert_large,dmsuta,186,stage5ext_00745,1225019d528d47c1a589b05ca13577c68d50b27cb794f00d65a7a4be094e4f5e9f0bc35233e80e36ddfba17fa9c185dec071949ab8a2dce2a58b5d4d9b49d290,Canadian English,canada,How does slow cooling of the hot gaseous state result in pure crystals?,HOW DOES SLOW COOLING OF THE HOT GASEOUS STATE RESULT IN PURE CRYSTALS,eb9a49c2a9acfbbf78c27837b49d42240af62ec0157bd0cfaa161d9ede7f13bd
hubert_large,dmsuta,186,stage5ext_00746,1225019d528d47c1a589b05ca13577c68d50b27cb794f00d65a7a4be094e4f5e9f0bc35233e80e36ddfba17fa9c185dec071949ab8a2dce2a58b5d4d9b49d290,Canadian English,canada,"He stood up, and by the time he went back to his seat everybody in the room was questioning the meaning of life.",HE STOOD UP AND BY THE TIME HE WENT BACK TO HIS SEAT EVERYBODY IN THE ROOM WAS QUESTIONING THE MEANING OF LIFE,eb9a49c2a9acfbbf78c27837b49d42240af62ec0157bd0cfaa161d9ede7f13bd
hubert_large,dmsuta,186,stage5ext_00747,1225019d528d47c1a589b05ca13577c68d50b27cb794f00d65a7a4be094e4f5e9f0bc35233e80e36ddfba17fa9c185dec071949ab8a2dce2a58b5d4d9b49d290,Canadian English,canada,"This was a lie, and they all knew it.",THIS WAS A LIE AND THEY ALL KNEW IT,eb9a49c2a9acfbbf78c27837b49d42240af62ec0157bd0cfaa161d9ede7f13bd
hubert_large,dmsuta,186,stage5ext_00748,1225019d528d47c1a589b05ca13577c68d50b27cb794f00d65a7a4be094e4f5e9f0bc35233e80e36ddfba17fa9c185dec071949ab8a2dce2a58b5d4d9b49d290,Canadian English,canada,"After lurking for a minute, the crocodile quickly sprang toward the young hippopotamus and ate it.",AFTER LURKING FOR A MINUTE THE CROCODILE QUICKLY SPRANG TOWARDS THE YOUNG HIPPOPOTAMUS AND ATE IT,eb9a49c2a9acfbbf78c27837b49d42240af62ec0157bd0cfaa161d9ede7f13bd
hubert_large,dmsuta,187,stage5ext_00749,1225019d528d47c1a589b05ca13577c68d50b27cb794f00d65a7a4be094e4f5e9f0bc35233e80e36ddfba17fa9c185dec071949ab8a2dce2a58b5d4d9b49d290,Canadian English,canada,"When you're at a party and somebody says ""banana bread"", a sniper might be near you.",WHEN YOU'RED A PARTY AND SOMEONE SAYS BANANA BRED A SNIPER MIGHT BE NEAR YOU,f7fb0c9c0203da7d13adcfeb93ab6fd6b5e5bbed356f77b51865a36d835752fd
hubert_large,dmsuta,187,stage5ext_00750,1225019d528d47c1a589b05ca13577c68d50b27cb794f00d65a7a4be094e4f5e9f0bc35233e80e36ddfba17fa9c185dec071949ab8a2dce2a58b5d4d9b49d290,Canadian English,canada,Do you want me?,DO YOU WANT ME,f7fb0c9c0203da7d13adcfeb93ab6fd6b5e5bbed356f77b51865a36d835752fd
hubert_large,dmsuta,187,stage5ext_00751,2365c450d92516275bba41aac73c5acf8ce75bf4896ecbd54c3eaa7f121b53488a25a234605d205f960767e2cb5f88d749e3a035ded3a2e9930f35c814bfd1f8,Irish English,ireland,Me and a friend of mine.,ME AND A FRIEND OF MINE,f7fb0c9c0203da7d13adcfeb93ab6fd6b5e5bbed356f77b51865a36d835752fd
hubert_large,dmsuta,187,stage5ext_00752,2365c450d92516275bba41aac73c5acf8ce75bf4896ecbd54c3eaa7f121b53488a25a234605d205f960767e2cb5f88d749e3a035ded3a2e9930f35c814bfd1f8,Irish English,ireland,"For most owners of the car model, the issue isn't noticeable.",FOR MOST OWNERS OF THE CAR MODEL THE ISSUE ISN'T NOTICEABLE,f7fb0c9c0203da7d13adcfeb93ab6fd6b5e5bbed356f77b51865a36d835752fd
hubert_large,dmsuta,188,stage5ext_00753,2365c450d92516275bba41aac73c5acf8ce75bf4896ecbd54c3eaa7f121b53488a25a234605d205f960767e2cb5f88d749e3a035ded3a2e9930f35c814bfd1f8,Irish English,ireland,I'm afraid she'd feel ashamed to think she hadn't trusted you.,I'M AFRAID SHE'D FEEL ASHAMED TO THINK SHE HADN'T TRUSTED YOU,7382bf0ffcbc0178852f039a2049a98da64238ebef0adffe524e5d7d26d68e17
hubert_large,dmsuta,188,stage5ext_00754,2365c450d92516275bba41aac73c5acf8ce75bf4896ecbd54c3eaa7f121b53488a25a234605d205f960767e2cb5f88d749e3a035ded3a2e9930f35c814bfd1f8,Irish English,ireland,Thailand turned out to be a very satisfying holiday.,TYLAND TURNED OUT TO BE A VERY SATISFYING HOLIDAY,7382bf0ffcbc0178852f039a2049a98da64238ebef0adffe524e5d7d26d68e17
hubert_large,dmsuta,188,stage5ext_00755,2365c450d92516275bba41aac73c5acf8ce75bf4896ecbd54c3eaa7f121b53488a25a234605d205f960767e2cb5f88d749e3a035ded3a2e9930f35c814bfd1f8,Irish English,ireland,The execution was cancelled.,THE EXECUTION WAS CANCELLED,7382bf0ffcbc0178852f039a2049a98da64238ebef0adffe524e5d7d26d68e17
hubert_large,dmsuta,188,stage5ext_00756,2365c450d92516275bba41aac73c5acf8ce75bf4896ecbd54c3eaa7f121b53488a25a234605d205f960767e2cb5f88d749e3a035ded3a2e9930f35c814bfd1f8,Irish English,ireland,Sometimes I get so mad at you I can't see straight.,SOMETIMES I GET SO MAD AT YOU I CAN'T SEE STRAIGHT,7382bf0ffcbc0178852f039a2049a98da64238ebef0adffe524e5d7d26d68e17
hubert_large,dmsuta,189,stage5ext_00757,2365c450d92516275bba41aac73c5acf8ce75bf4896ecbd54c3eaa7f121b53488a25a234605d205f960767e2cb5f88d749e3a035ded3a2e9930f35c814bfd1f8,Irish English,ireland,Crooks don't pay taxes.,CROOKS DON'T PAY TAXES,557c2664113e430c918ac1fac9ae9a9efe2b0563740456fd3afaa0f7532fa2b0
hubert_large,dmsuta,189,stage5ext_00758,2365c450d92516275bba41aac73c5acf8ce75bf4896ecbd54c3eaa7f121b53488a25a234605d205f960767e2cb5f88d749e3a035ded3a2e9930f35c814bfd1f8,Irish English,ireland,Use the tool that's needed for the job.,USE THE TOOL THAT'S NEEDED FOR THE JOB,557c2664113e430c918ac1fac9ae9a9efe2b0563740456fd3afaa0f7532fa2b0
hubert_large,dmsuta,189,stage5ext_00759,2365c450d92516275bba41aac73c5acf8ce75bf4896ecbd54c3eaa7f121b53488a25a234605d205f960767e2cb5f88d749e3a035ded3a2e9930f35c814bfd1f8,Irish English,ireland,That guy is the writer of a few banned books.,THAT GUY IS THE WRITER OF A FEW BOUND BOOKS,557c2664113e430c918ac1fac9ae9a9efe2b0563740456fd3afaa0f7532fa2b0
hubert_large,dmsuta,189,stage5ext_00760,2365c450d92516275bba41aac73c5acf8ce75bf4896ecbd54c3eaa7f121b53488a25a234605d205f960767e2cb5f88d749e3a035ded3a2e9930f35c814bfd1f8,Irish English,ireland,My cat loves to ensconce herself in my new sofa.,MY CAT LOVES TO ENSCONCE HERSELF IN MY NEW SOFA,557c2664113e430c918ac1fac9ae9a9efe2b0563740456fd3afaa0f7532fa2b0
hubert_large,dmsuta,190,stage5ext_00761,2365c450d92516275bba41aac73c5acf8ce75bf4896ecbd54c3eaa7f121b53488a25a234605d205f960767e2cb5f88d749e3a035ded3a2e9930f35c814bfd1f8,Irish English,ireland,"I feel sick, what should I do?",I FEEL SICK WHAT SHOULD I DO,23ed1e89c57d51ea5cc93fdf45313f35d387951107e872292041a39a3c1c7fe9
hubert_large,dmsuta,190,stage5ext_00762,2365c450d92516275bba41aac73c5acf8ce75bf4896ecbd54c3eaa7f121b53488a25a234605d205f960767e2cb5f88d749e3a035ded3a2e9930f35c814bfd1f8,Irish English,ireland,I'm in a drugstore.,I'M IN A DRUG STORE,23ed1e89c57d51ea5cc93fdf45313f35d387951107e872292041a39a3c1c7fe9
hubert_large,dmsuta,190,stage5ext_00763,2365c450d92516275bba41aac73c5acf8ce75bf4896ecbd54c3eaa7f121b53488a25a234605d205f960767e2cb5f88d749e3a035ded3a2e9930f35c814bfd1f8,Irish English,ireland,You know very well why.,YOU KNOW VERY WELL WHYT,23ed1e89c57d51ea5cc93fdf45313f35d387951107e872292041a39a3c1c7fe9
hubert_large,dmsuta,190,stage5ext_00764,2365c450d92516275bba41aac73c5acf8ce75bf4896ecbd54c3eaa7f121b53488a25a234605d205f960767e2cb5f88d749e3a035ded3a2e9930f35c814bfd1f8,Irish English,ireland,The cannibal was looking for another victim to appease his appetite.,THE CANNIBAL WAS LOOKING FOR ANOTHER VICTIM TO APPEASE HIS APPETITE,23ed1e89c57d51ea5cc93fdf45313f35d387951107e872292041a39a3c1c7fe9
hubert_large,dmsuta,191,stage5ext_00765,2365c450d92516275bba41aac73c5acf8ce75bf4896ecbd54c3eaa7f121b53488a25a234605d205f960767e2cb5f88d749e3a035ded3a2e9930f35c814bfd1f8,Irish English,ireland,He could see tears in her eyes.,HE COULD SEE TEARS IN HER EYES,e36450f731d9c78235e46ceb705bd363451eb3fdb6960de09a42d8919c7ef48d
hubert_large,dmsuta,191,stage5ext_00766,06c53aec09bca54d5587147ee1bfcc0a9e2b4162fb75daa79b7fe286dfec0732ff4dcae7125393b19a31f66c66c4bd8cf89665b4dee7b446429efd029e225c59,Irish English,ireland,He later served as a prominent leader of the French Directory.,HE LATER SERVED AS A PROMINENT LEADER OF THE FRENCH DIRECTORY,e36450f731d9c78235e46ceb705bd363451eb3fdb6960de09a42d8919c7ef48d
hubert_large,dmsuta,191,stage5ext_00767,06c53aec09bca54d5587147ee1bfcc0a9e2b4162fb75daa79b7fe286dfec0732ff4dcae7125393b19a31f66c66c4bd8cf89665b4dee7b446429efd029e225c59,Irish English,ireland,She held this position for two years before Kim Raine replaced her.,SHE HELD THIS POSITION FOR TWO YEARS BEFORE KIM RAIN REPLACED HER,e36450f731d9c78235e46ceb705bd363451eb3fdb6960de09a42d8919c7ef48d
hubert_large,dmsuta,191,stage5ext_00768,06c53aec09bca54d5587147ee1bfcc0a9e2b4162fb75daa79b7fe286dfec0732ff4dcae7125393b19a31f66c66c4bd8cf89665b4dee7b446429efd029e225c59,Irish English,ireland,Fetsios competed in the two rifle events.,FETZIOS COMPETED IN THE TWO RIFLE EVENTS,e36450f731d9c78235e46ceb705bd363451eb3fdb6960de09a42d8919c7ef48d
hubert_large,dmsuta,192,stage5ext_00769,06c53aec09bca54d5587147ee1bfcc0a9e2b4162fb75daa79b7fe286dfec0732ff4dcae7125393b19a31f66c66c4bd8cf89665b4dee7b446429efd029e225c59,Irish English,ireland,"Because it is widely known, ""Lumbricus"" goes under a variety of common names.",BECAUSE IT IS WIDELY KNOWN LUMBRICUS GOES UNDER A VARIETY OF COMMON NAMES,1114d562249719776e4f170b087cbee6e45f36149bcdb3b1ad32e5e7cc6ade63
hubert_large,dmsuta,192,stage5ext_00770,06c53aec09bca54d5587147ee1bfcc0a9e2b4162fb75daa79b7fe286dfec0732ff4dcae7125393b19a31f66c66c4bd8cf89665b4dee7b446429efd029e225c59,Irish English,ireland,O'Farrell is a six-time winner of the Rotary cartoons award.,OFARREL IS A SIX TIME WINNER OF THE ROSERY CARTOONS AWARD,1114d562249719776e4f170b087cbee6e45f36149bcdb3b1ad32e5e7cc6ade63
hubert_large,dmsuta,192,stage5ext_00771,06c53aec09bca54d5587147ee1bfcc0a9e2b4162fb75daa79b7fe286dfec0732ff4dcae7125393b19a31f66c66c4bd8cf89665b4dee7b446429efd029e225c59,Irish English,ireland,He was arrested and thrown in jail.,HE WAS ARRESTED AND THROWN IN JAIL,1114d562249719776e4f170b087cbee6e45f36149bcdb3b1ad32e5e7cc6ade63
hubert_large,dmsuta,192,stage5ext_00772,06c53aec09bca54d5587147ee1bfcc0a9e2b4162fb75daa79b7fe286dfec0732ff4dcae7125393b19a31f66c66c4bd8cf89665b4dee7b446429efd029e225c59,Irish English,ireland,"He was known as the leader of the ""fighting Quakers"".",HE WAS KNOWN AS THE LEADER OF THE FIGHTING QUAKERS,1114d562249719776e4f170b087cbee6e45f36149bcdb3b1ad32e5e7cc6ade63
hubert_large,dmsuta,193,stage5ext_00773,06c53aec09bca54d5587147ee1bfcc0a9e2b4162fb75daa79b7fe286dfec0732ff4dcae7125393b19a31f66c66c4bd8cf89665b4dee7b446429efd029e225c59,Irish English,ireland,He also served in both the Assembly and Senate of the California State Legislature.,HE ALSO SERVED IN BOTH THE ASSEMBLY AND SENATE OF THE CALIFORNIA STATE LEGISLATURE,3df0317f1dfe651e4da6d13e7437d7773e61d63b40f0a0c7973f1ad26e4f2fc0
hubert_large,dmsuta,193,stage5ext_00774,06c53aec09bca54d5587147ee1bfcc0a9e2b4162fb75daa79b7fe286dfec0732ff4dcae7125393b19a31f66c66c4bd8cf89665b4dee7b446429efd029e225c59,Irish English,ireland,Many of the Gretna Girls lived in group hostels which were staffed by matrons.,MANY OF THE GRETNA GIRLS LIVED IN GROUP HOSTELS WHICH WERE STAFFED BY MATRONS,3df0317f1dfe651e4da6d13e7437d7773e61d63b40f0a0c7973f1ad26e4f2fc0
hubert_large,dmsuta,193,stage5ext_00775,06c53aec09bca54d5587147ee1bfcc0a9e2b4162fb75daa79b7fe286dfec0732ff4dcae7125393b19a31f66c66c4bd8cf89665b4dee7b446429efd029e225c59,Irish English,ireland,The next day Delfino attacked.,THE NEXT DAY DELPHINO ATTACKED,3df0317f1dfe651e4da6d13e7437d7773e61d63b40f0a0c7973f1ad26e4f2fc0
hubert_large,dmsuta,193,stage5ext_00776,06c53aec09bca54d5587147ee1bfcc0a9e2b4162fb75daa79b7fe286dfec0732ff4dcae7125393b19a31f66c66c4bd8cf89665b4dee7b446429efd029e225c59,Irish English,ireland,See the article on Barnett for an outline of his ideas.,SEE THE ARTICLE ON BARNISH FOR AN OUTLINE OF HIS IDEAS,3df0317f1dfe651e4da6d13e7437d7773e61d63b40f0a0c7973f1ad26e4f2fc0
hubert_large,dmsuta,194,stage5ext_00777,06c53aec09bca54d5587147ee1bfcc0a9e2b4162fb75daa79b7fe286dfec0732ff4dcae7125393b19a31f66c66c4bd8cf89665b4dee7b446429efd029e225c59,Irish English,ireland,"In addition, after German reunification, there were several Heiligenstadts in Germany.",IN ADDITION AFTER GERMAN REUNIFICATION THERE WERE SEVERAL HEILENGENSTATS IN GERMANY,31aa644a3ae425cb844cf890cc031fd72b4fa79e98c8dff289e6433e0ecda1fd
hubert_large,dmsuta,194,stage5ext_00778,06c53aec09bca54d5587147ee1bfcc0a9e2b4162fb75daa79b7fe286dfec0732ff4dcae7125393b19a31f66c66c4bd8cf89665b4dee7b446429efd029e225c59,Irish English,ireland,"The Norse form of the name was ""Surkudalr"".",THE NORSE FORM OF THE NAME WAS CIRCUDELLER,31aa644a3ae425cb844cf890cc031fd72b4fa79e98c8dff289e6433e0ecda1fd
hubert_large,dmsuta,194,stage5ext_00779,06c53aec09bca54d5587147ee1bfcc0a9e2b4162fb75daa79b7fe286dfec0732ff4dcae7125393b19a31f66c66c4bd8cf89665b4dee7b446429efd029e225c59,Irish English,ireland,But all this will be useless.,BUT ALL THIS WILL BE USELESS,31aa644a3ae425cb844cf890cc031fd72b4fa79e98c8dff289e6433e0ecda1fd
hubert_large,dmsuta,194,stage5ext_00780,06c53aec09bca54d5587147ee1bfcc0a9e2b4162fb75daa79b7fe286dfec0732ff4dcae7125393b19a31f66c66c4bd8cf89665b4dee7b446429efd029e225c59,Irish English,ireland,I'm a bit loath to say which!,I'M A BIT LOATH TO SAY WHICH,31aa644a3ae425cb844cf890cc031fd72b4fa79e98c8dff289e6433e0ecda1fd
hubert_large,dmsuta,195,stage5ext_00781,2bf1907838353bd4ff938cb357518af5cd662218dcf4e05e91bccb5c4981619def6e13f25156c63c468ac5e938051eb89983ae095606bc1ebcbe2aba77dbcf38,Irish English,ireland,Good luck on the way.,GOOD LUCK ON THE WAY,298539c659624c2136ea0d77d7b626e70bd2d560e2a735e6d4fba1391f83d723
hubert_large,dmsuta,195,stage5ext_00782,2bf1907838353bd4ff938cb357518af5cd662218dcf4e05e91bccb5c4981619def6e13f25156c63c468ac5e938051eb89983ae095606bc1ebcbe2aba77dbcf38,Irish English,ireland,"Like her adored aunt, Paula Wessely prepared for an artistic career.",LIKE HER ADORED AUNT PAULA WESTLEY PREPARED FOR AN ARTISTIC CAREER,298539c659624c2136ea0d77d7b626e70bd2d560e2a735e6d4fba1391f83d723
hubert_large,dmsuta,195,stage5ext_00783,2bf1907838353bd4ff938cb357518af5cd662218dcf4e05e91bccb5c4981619def6e13f25156c63c468ac5e938051eb89983ae095606bc1ebcbe2aba77dbcf38,Irish English,ireland,Fill your pack with bright trinkets for the poor.,FILL YOUR PACK WITH BRIGHT TRINKETS FOR THE POOR,298539c659624c2136ea0d77d7b626e70bd2d560e2a735e6d4fba1391f83d723
hubert_large,dmsuta,195,stage5ext_00784,2bf1907838353bd4ff938cb357518af5cd662218dcf4e05e91bccb5c4981619def6e13f25156c63c468ac5e938051eb89983ae095606bc1ebcbe2aba77dbcf38,Irish English,ireland,The pigs and cows ran everywhere.,THE PIGS AND COWS RAN EVERYWHERE,298539c659624c2136ea0d77d7b626e70bd2d560e2a735e6d4fba1391f83d723
hubert_large,dmsuta,196,stage5ext_00785,2bf1907838353bd4ff938cb357518af5cd662218dcf4e05e91bccb5c4981619def6e13f25156c63c468ac5e938051eb89983ae095606bc1ebcbe2aba77dbcf38,Irish English,ireland,"Mrs. McFarlane is a recent widow, versus Mr. McFarlane is alive but away.",MISSUS MACFARLIN IS A RECENT WIDOW VERSES MISTER MAC PARLEIN IS ALIVE BUT AWAY,6abf55bf1081c1be29df9ac84b7a470160de8485ff190155f03c8da1f907ef2f
hubert_large,dmsuta,196,stage5ext_00786,2bf1907838353bd4ff938cb357518af5cd662218dcf4e05e91bccb5c4981619def6e13f25156c63c468ac5e938051eb89983ae095606bc1ebcbe2aba77dbcf38,Irish English,ireland,He regretted not having made himself clearer.,HE REGRETTED NOT HAVING MADE HIMSELF CLEARER,6abf55bf1081c1be29df9ac84b7a470160de8485ff190155f03c8da1f907ef2f
hubert_large,dmsuta,196,stage5ext_00787,2bf1907838353bd4ff938cb357518af5cd662218dcf4e05e91bccb5c4981619def6e13f25156c63c468ac5e938051eb89983ae095606bc1ebcbe2aba77dbcf38,Irish English,ireland,The omens have led me on a wild chase.,THE OMENS HAVE LED ME ON A WILD CHASE,6abf55bf1081c1be29df9ac84b7a470160de8485ff190155f03c8da1f907ef2f
hubert_large,dmsuta,196,stage5ext_00788,2bf1907838353bd4ff938cb357518af5cd662218dcf4e05e91bccb5c4981619def6e13f25156c63c468ac5e938051eb89983ae095606bc1ebcbe2aba77dbcf38,Irish English,ireland,Rome was not built in a day.,ROME WAS NOT BUILT IN A DAY,6abf55bf1081c1be29df9ac84b7a470160de8485ff190155f03c8da1f907ef2f
hubert_large,dmsuta,197,stage5ext_00789,2bf1907838353bd4ff938cb357518af5cd662218dcf4e05e91bccb5c4981619def6e13f25156c63c468ac5e938051eb89983ae095606bc1ebcbe2aba77dbcf38,Irish English,ireland,That's an inherent disadvantage.,THAT'S AN INHERENT DISADVANTAGE,e813b111ffc0af79ec8784ba82cbc24bc8e6b4481740368520722eed83f3b32e
hubert_large,dmsuta,197,stage5ext_00790,2bf1907838353bd4ff938cb357518af5cd662218dcf4e05e91bccb5c4981619def6e13f25156c63c468ac5e938051eb89983ae095606bc1ebcbe2aba77dbcf38,Irish English,ireland,I wasn't certain it'd work at all yesterday.,I WASN'T CERTAIN IT ID WORK AT ALL YESTERDAY,e813b111ffc0af79ec8784ba82cbc24bc8e6b4481740368520722eed83f3b32e
hubert_large,dmsuta,197,stage5ext_00791,2bf1907838353bd4ff938cb357518af5cd662218dcf4e05e91bccb5c4981619def6e13f25156c63c468ac5e938051eb89983ae095606bc1ebcbe2aba77dbcf38,Irish English,ireland,The night becomes a turning point for all five men.,THE NICE BECAME A TURNING POINT FOR ALL FIVE MEN,e813b111ffc0af79ec8784ba82cbc24bc8e6b4481740368520722eed83f3b32e
hubert_large,dmsuta,197,stage5ext_00792,2bf1907838353bd4ff938cb357518af5cd662218dcf4e05e91bccb5c4981619def6e13f25156c63c468ac5e938051eb89983ae095606bc1ebcbe2aba77dbcf38,Irish English,ireland,The population size depends on the nature of the problem.,THE POPULATIONS SIZE DEPENDS ON THE NATURE OF THE PROBLEM,e813b111ffc0af79ec8784ba82cbc24bc8e6b4481740368520722eed83f3b32e
hubert_large,dmsuta,198,stage5ext_00793,2bf1907838353bd4ff938cb357518af5cd662218dcf4e05e91bccb5c4981619def6e13f25156c63c468ac5e938051eb89983ae095606bc1ebcbe2aba77dbcf38,Irish English,ireland,"Maxwell, who was killed in Wan Chai three days before the ceasefire.",MAXWELL HE WAS KILLED IN ONE CHAI THREE DAYS BEFORE THE SEATS FIRE,606ab2daf21906f3f14c97b850d11ffaf9a5fb6be5a93db538aa537005f70b5e
hubert_large,dmsuta,198,stage5ext_00794,2bf1907838353bd4ff938cb357518af5cd662218dcf4e05e91bccb5c4981619def6e13f25156c63c468ac5e938051eb89983ae095606bc1ebcbe2aba77dbcf38,Irish English,ireland,A new broom sweeps clean What's bred in the bone.,A NEW BROOM SWEEPS CLEAN WHILE SPREAD IN THE BONE,606ab2daf21906f3f14c97b850d11ffaf9a5fb6be5a93db538aa537005f70b5e
hubert_large,dmsuta,198,stage5ext_00795,2bf1907838353bd4ff938cb357518af5cd662218dcf4e05e91bccb5c4981619def6e13f25156c63c468ac5e938051eb89983ae095606bc1ebcbe2aba77dbcf38,Irish English,ireland,The beauty of the view stunned the young boy.,THE BEAUTY OF THIS YOU STUNNS THE YOUNG BOY,606ab2daf21906f3f14c97b850d11ffaf9a5fb6be5a93db538aa537005f70b5e
hubert_large,dmsuta,198,stage5ext_00796,f3ea04475e301f84785710b9c56023f3c81f7abff656d40e674db8acde55c748688d0a4285eb6e8ea7f4d8b1fb6c99ab3c7f7d460878c4193256a61831e17ce7,Irish English,ireland,Reddy and his wife have two daughters.,REDDY AND HIS WIFE HAVE TWO DAUGHTERS,606ab2daf21906f3f14c97b850d11ffaf9a5fb6be5a93db538aa537005f70b5e
hubert_large,dmsuta,199,stage5ext_00797,f3ea04475e301f84785710b9c56023f3c81f7abff656d40e674db8acde55c748688d0a4285eb6e8ea7f4d8b1fb6c99ab3c7f7d460878c4193256a61831e17ce7,Irish English,ireland,The Arab executive that emerged from that conference.,THE ARUP EXECUTIVE THAT EMERGED FROM THAT CONFERENCE,8485811294163770546bbb4639f2086733c1abb207b2a8e3ebad2f0cd88391ba
hubert_large,dmsuta,199,stage5ext_00798,f3ea04475e301f84785710b9c56023f3c81f7abff656d40e674db8acde55c748688d0a4285eb6e8ea7f4d8b1fb6c99ab3c7f7d460878c4193256a61831e17ce7,Irish English,ireland,The book goes further by examining irony and sarcasm.,THE BUCK GIRLS FURTHER BY EXAMINING IRONY AND STAFHASEM,8485811294163770546bbb4639f2086733c1abb207b2a8e3ebad2f0cd88391ba
hubert_large,dmsuta,199,stage5ext_00799,f3ea04475e301f84785710b9c56023f3c81f7abff656d40e674db8acde55c748688d0a4285eb6e8ea7f4d8b1fb6c99ab3c7f7d460878c4193256a61831e17ce7,Irish English,ireland,He is close to the Lebanese Forces.,HE IS CLOSE TO LEBONES VOICES,8485811294163770546bbb4639f2086733c1abb207b2a8e3ebad2f0cd88391ba
hubert_large,dmsuta,199,stage5ext_00800,f3ea04475e301f84785710b9c56023f3c81f7abff656d40e674db8acde55c748688d0a4285eb6e8ea7f4d8b1fb6c99ab3c7f7d460878c4193256a61831e17ce7,Irish English,ireland,Deane was overpowered and forced to surrender the prizes.,DEAN WAS OVERPOWERED AND FORCED TO SURRENDER THE PRIZES,8485811294163770546bbb4639f2086733c1abb207b2a8e3ebad2f0cd88391ba
hubert_large,dmsuta,200,stage5ext_00801,f3ea04475e301f84785710b9c56023f3c81f7abff656d40e674db8acde55c748688d0a4285eb6e8ea7f4d8b1fb6c99ab3c7f7d460878c4193256a61831e17ce7,Irish English,ireland,He was her second husband and they had no children.,HE WAS HER SECOND HUSBAND AND THEY HAD NO CHILDREN,f0c13e2c5b90ad2d1f34358067513f8bf65449fcf54178eb8b190bfce0c08fdf
hubert_large,dmsuta,200,stage5ext_00802,f3ea04475e301f84785710b9c56023f3c81f7abff656d40e674db8acde55c748688d0a4285eb6e8ea7f4d8b1fb6c99ab3c7f7d460878c4193256a61831e17ce7,Irish English,ireland,The transports were presumably carrying prisoners from the British capture of Corsica.,THE TRANSPORTS WERE PRESUMABLY CARRYING PRISONERS FROM THE BRITISH CAPTURE OF COIRSICA,f0c13e2c5b90ad2d1f34358067513f8bf65449fcf54178eb8b190bfce0c08fdf
hubert_large,dmsuta,200,stage5ext_00803,f3ea04475e301f84785710b9c56023f3c81f7abff656d40e674db8acde55c748688d0a4285eb6e8ea7f4d8b1fb6c99ab3c7f7d460878c4193256a61831e17ce7,Irish English,ireland,They clear their stand that they will stand with all communities or caste.,THEY CLEAR THEIR STAND THAT THEY WILL STAND WITH ALL COMMUNITIES OF CASTE,f0c13e2c5b90ad2d1f34358067513f8bf65449fcf54178eb8b190bfce0c08fdf
hubert_large,dmsuta,200,stage5ext_00804,f3ea04475e301f84785710b9c56023f3c81f7abff656d40e674db8acde55c748688d0a4285eb6e8ea7f4d8b1fb6c99ab3c7f7d460878c4193256a61831e17ce7,Irish English,ireland,Lieutenant Colonel Bell was awarded his second Silver Star for his leadership.,LIEUTENANT COLONEL BELL WAS AWARDED HIS SECOND SILVER STAFF FOR HIS LEADERSHIP,f0c13e2c5b90ad2d1f34358067513f8bf65449fcf54178eb8b190bfce0c08fdf
hubert_large,dmsuta,201,stage5ext_00805,f3ea04475e301f84785710b9c56023f3c81f7abff656d40e674db8acde55c748688d0a4285eb6e8ea7f4d8b1fb6c99ab3c7f7d460878c4193256a61831e17ce7,Irish English,ireland,The automobiles in the Miles Collier Collections at the Revs Institute are working vehicles.,THE AUTOMOBILES IN THE MILES COLLEYARD COLLECTIONS AT THE RADISMENTSTITUTE ARE WORKING THE EFIS,c294a12bfee7bf7a25083ff108123bf9af88dd2d6f38872b8e78cce34e4530bf
hubert_large,dmsuta,201,stage5ext_00806,f3ea04475e301f84785710b9c56023f3c81f7abff656d40e674db8acde55c748688d0a4285eb6e8ea7f4d8b1fb6c99ab3c7f7d460878c4193256a61831e17ce7,Irish English,ireland,The town is located on the French way of the Camino de Santiago.,THE TOWNS LOCATED ON THE FRENCH WAY OF CAMONEL DE SANTIAGO,c294a12bfee7bf7a25083ff108123bf9af88dd2d6f38872b8e78cce34e4530bf
hubert_large,dmsuta,201,stage5ext_00807,f3ea04475e301f84785710b9c56023f3c81f7abff656d40e674db8acde55c748688d0a4285eb6e8ea7f4d8b1fb6c99ab3c7f7d460878c4193256a61831e17ce7,Irish English,ireland,Bejarano chose to conduct instead of pursuing her doctorate.,BEGORANO CHOSE TO CONDUCT INSTEAD OF PURSUING HER DOCTOR,c294a12bfee7bf7a25083ff108123bf9af88dd2d6f38872b8e78cce34e4530bf
hubert_large,dmsuta,201,stage5ext_00808,f3ea04475e301f84785710b9c56023f3c81f7abff656d40e674db8acde55c748688d0a4285eb6e8ea7f4d8b1fb6c99ab3c7f7d460878c4193256a61831e17ce7,Irish English,ireland,It has not been excavated.,IT HAS NOT BEEN EXCAVATED,c294a12bfee7bf7a25083ff108123bf9af88dd2d6f38872b8e78cce34e4530bf
hubert_large,dmsuta,202,stage5ext_00809,f3ea04475e301f84785710b9c56023f3c81f7abff656d40e674db8acde55c748688d0a4285eb6e8ea7f4d8b1fb6c99ab3c7f7d460878c4193256a61831e17ce7,Irish English,ireland,The result was much the same as St.,THE RESULT WAS MUCH THE SAME AS SAINT,47156c026ab5bb038868ecbc44b78d846b54aa595bb3ca773a8194f98787e688
hubert_large,dmsuta,202,stage5ext_00810,f3ea04475e301f84785710b9c56023f3c81f7abff656d40e674db8acde55c748688d0a4285eb6e8ea7f4d8b1fb6c99ab3c7f7d460878c4193256a61831e17ce7,Irish English,ireland,All four were shot in the United Kingdom.,ALL FOUR WERE SHOP IN THE UNITED KINGDOM,47156c026ab5bb038868ecbc44b78d846b54aa595bb3ca773a8194f98787e688
hubert_large,dmsuta,202,stage5ext_00811,98434a9a8b4630d9b92df639cfe24cc4aaa5f87868d474c89db46b5c64a423a9bd79967d06c7657d145d04e562a7f2a8c5293333078c2f76c2da86b6ddd14b97,Irish English,ireland,"He treats ""Greek love"" as central to Greek ""aesthetic morality.",HE TREATS GREEK LOVE AS CENTRAL TO GREEK ESTHETIC MORALITY,47156c026ab5bb038868ecbc44b78d846b54aa595bb3ca773a8194f98787e688
hubert_large,dmsuta,202,stage5ext_00812,98434a9a8b4630d9b92df639cfe24cc4aaa5f87868d474c89db46b5c64a423a9bd79967d06c7657d145d04e562a7f2a8c5293333078c2f76c2da86b6ddd14b97,Irish English,ireland,"The other is ""The Five Orange Pips"", part of ""The Adventures of Sherlock Holmes"".",THE OTHER IS THE FIVE ORANGE PIPS PART OF THE ADVENTURES OF SHERLOCK HOLMES,47156c026ab5bb038868ecbc44b78d846b54aa595bb3ca773a8194f98787e688
hubert_large,dmsuta,203,stage5ext_00813,98434a9a8b4630d9b92df639cfe24cc4aaa5f87868d474c89db46b5c64a423a9bd79967d06c7657d145d04e562a7f2a8c5293333078c2f76c2da86b6ddd14b97,Irish English,ireland,He used parallels and meridians to link together every place in the world.,HE USED PARALLELS AND MERIDIANS TO LINK TOGETHER EVERY PLACE IN THE WORLD,72f5712f44350bb7ecb410bfd38b39f34a9f7446ab84ada541c60fb17f7c2f8f
hubert_large,dmsuta,203,stage5ext_00814,98434a9a8b4630d9b92df639cfe24cc4aaa5f87868d474c89db46b5c64a423a9bd79967d06c7657d145d04e562a7f2a8c5293333078c2f76c2da86b6ddd14b97,Irish English,ireland,"Some train sets use equipment owned by Metro-North, which are so marked.",SOME TRAIN SETS USE EQUIPMENT OWNED BY METRO NORTH WHICH ARE SO MARKED,72f5712f44350bb7ecb410bfd38b39f34a9f7446ab84ada541c60fb17f7c2f8f
hubert_large,dmsuta,203,stage5ext_00815,98434a9a8b4630d9b92df639cfe24cc4aaa5f87868d474c89db46b5c64a423a9bd79967d06c7657d145d04e562a7f2a8c5293333078c2f76c2da86b6ddd14b97,Irish English,ireland,Its county seat is Aspermont.,ITS COUNTY SEAT IS ASPERMONT,72f5712f44350bb7ecb410bfd38b39f34a9f7446ab84ada541c60fb17f7c2f8f
hubert_large,dmsuta,203,stage5ext_00816,98434a9a8b4630d9b92df639cfe24cc4aaa5f87868d474c89db46b5c64a423a9bd79967d06c7657d145d04e562a7f2a8c5293333078c2f76c2da86b6ddd14b97,Irish English,ireland,Urquhart was rewarded with the Norwegian Order of Saint Olav.,UQUART WAS REWARDED WITH THE NORWEGIAN ORDER OF SAINT OLAF,72f5712f44350bb7ecb410bfd38b39f34a9f7446ab84ada541c60fb17f7c2f8f
hubert_large,dmsuta,204,stage5ext_00817,98434a9a8b4630d9b92df639cfe24cc4aaa5f87868d474c89db46b5c64a423a9bd79967d06c7657d145d04e562a7f2a8c5293333078c2f76c2da86b6ddd14b97,Irish English,ireland,"However, gadolinite does not contain more than trace amounts of gadolinium.",HOWEVER GADALENICE DOES NOT CONTAIN MORE THAN TRACEMENS OF GADOLINIUM,0ce3704d9ac19ce557429d3356899348e8016368d781ae38133d3c1be6b02f30
hubert_large,dmsuta,204,stage5ext_00818,98434a9a8b4630d9b92df639cfe24cc4aaa5f87868d474c89db46b5c64a423a9bd79967d06c7657d145d04e562a7f2a8c5293333078c2f76c2da86b6ddd14b97,Irish English,ireland,It is still in circulation on radio.,IT IS STILL IN CIRCULATION ON RADIO,0ce3704d9ac19ce557429d3356899348e8016368d781ae38133d3c1be6b02f30
hubert_large,dmsuta,204,stage5ext_00819,98434a9a8b4630d9b92df639cfe24cc4aaa5f87868d474c89db46b5c64a423a9bd79967d06c7657d145d04e562a7f2a8c5293333078c2f76c2da86b6ddd14b97,Irish English,ireland,"Bach heard about the audition for ""The Dukes of Hazzard"" through her husband.",BACH HURRIED ABOUT THE AEDITION FOR THE DUKES OF HAZARDS THROUGH HER HUSBAND,0ce3704d9ac19ce557429d3356899348e8016368d781ae38133d3c1be6b02f30
hubert_large,dmsuta,204,stage5ext_00820,98434a9a8b4630d9b92df639cfe24cc4aaa5f87868d474c89db46b5c64a423a9bd79967d06c7657d145d04e562a7f2a8c5293333078c2f76c2da86b6ddd14b97,Irish English,ireland,"Upon his appointment, he prohibited alcohol drinking among his players.",ON HIS APPOINTMENT HE PROHIBITED ALCHOL DRINKING AMONG HIS PLAYERS,0ce3704d9ac19ce557429d3356899348e8016368d781ae38133d3c1be6b02f30
hubert_large,dmsuta,205,stage5ext_00821,98434a9a8b4630d9b92df639cfe24cc4aaa5f87868d474c89db46b5c64a423a9bd79967d06c7657d145d04e562a7f2a8c5293333078c2f76c2da86b6ddd14b97,Irish English,ireland,"All the Nevada sites below are gaming-entitled, unless otherwise noted.",ALL THE NEVADA SITES BELOW ARE GAMING ENTITLED UNLESS OTHERWISE NOTED,17e09b0f551ba687923f8d17785ee265d46b1ed532c787d3ae77510c03bbf128
hubert_large,dmsuta,205,stage5ext_00822,98434a9a8b4630d9b92df639cfe24cc4aaa5f87868d474c89db46b5c64a423a9bd79967d06c7657d145d04e562a7f2a8c5293333078c2f76c2da86b6ddd14b97,Irish English,ireland,The defensive line was anchored by Pro Bowlers Tom Keating and Ben Davidson.,THE DEFENSIVE LINE WAS ANCHORED BY PRO BOWLERS TOM KEETING AND BEN DAVIDSON,17e09b0f551ba687923f8d17785ee265d46b1ed532c787d3ae77510c03bbf128
hubert_large,dmsuta,205,stage5ext_00823,98434a9a8b4630d9b92df639cfe24cc4aaa5f87868d474c89db46b5c64a423a9bd79967d06c7657d145d04e562a7f2a8c5293333078c2f76c2da86b6ddd14b97,Irish English,ireland,May is also an accomplished singer.,MAY IS ALSO AN ACCOMPLISHED SINGER,17e09b0f551ba687923f8d17785ee265d46b1ed532c787d3ae77510c03bbf128
hubert_large,dmsuta,205,stage5ext_00824,98434a9a8b4630d9b92df639cfe24cc4aaa5f87868d474c89db46b5c64a423a9bd79967d06c7657d145d04e562a7f2a8c5293333078c2f76c2da86b6ddd14b97,Irish English,ireland,Miriam appeared in the doorway.,MIRIAM APPEARED IN THE DOORWAY,17e09b0f551ba687923f8d17785ee265d46b1ed532c787d3ae77510c03bbf128
hubert_large,dmsuta,206,stage5ext_00825,98434a9a8b4630d9b92df639cfe24cc4aaa5f87868d474c89db46b5c64a423a9bd79967d06c7657d145d04e562a7f2a8c5293333078c2f76c2da86b6ddd14b97,Irish English,ireland,They were each sentenced to six months in jail.,THEY WERE EACH SENTENCED TO SIX MONTHS IN JAIL,062c7f157690aecd41fd687ce8492fc6df8ab58bdbf585a1139d63afc26c8e7d
hubert_large,dmsuta,206,stage5ext_00826,194875abc05277ec185b84e1233196c510a5057c4ac33820e8421f58778f054d7eebd2f70a62c96c79b93aa9f5cf99ec1e7e763ee45eed080dfa952fa8bdeb40,Irish English,ireland,The boy preferred wine.,THE BOY PREFERRED BINE,062c7f157690aecd41fd687ce8492fc6df8ab58bdbf585a1139d63afc26c8e7d
hubert_large,dmsuta,206,stage5ext_00827,194875abc05277ec185b84e1233196c510a5057c4ac33820e8421f58778f054d7eebd2f70a62c96c79b93aa9f5cf99ec1e7e763ee45eed080dfa952fa8bdeb40,Irish English,ireland,But he knew that Salem wasn't in Andalusia.,BUT HE KNEW THAT SALEM WASN'T IN ANDELUCIA,062c7f157690aecd41fd687ce8492fc6df8ab58bdbf585a1139d63afc26c8e7d
hubert_large,dmsuta,206,stage5ext_00828,194875abc05277ec185b84e1233196c510a5057c4ac33820e8421f58778f054d7eebd2f70a62c96c79b93aa9f5cf99ec1e7e763ee45eed080dfa952fa8bdeb40,Irish English,ireland,"He had found where his treasure was, and was frightened at what might happen.",HE HAD FOUND WHERE HIS TREASURE WAS AND WAS FRIGHTENED AT WHAT MIGHT HAPPEN,062c7f157690aecd41fd687ce8492fc6df8ab58bdbf585a1139d63afc26c8e7d
hubert_large,dmsuta,207,stage5ext_00829,194875abc05277ec185b84e1233196c510a5057c4ac33820e8421f58778f054d7eebd2f70a62c96c79b93aa9f5cf99ec1e7e763ee45eed080dfa952fa8bdeb40,Irish English,ireland,The boy was sad as he left her that day.,THE BOY WAS SAD AS HE LEFT HER THAT DAY,b3d16f85a001f7a7961d860e5ebfcd9fa67456df827729074f76591696d0745e
hubert_large,dmsuta,207,stage5ext_00830,194875abc05277ec185b84e1233196c510a5057c4ac33820e8421f58778f054d7eebd2f70a62c96c79b93aa9f5cf99ec1e7e763ee45eed080dfa952fa8bdeb40,Irish English,ireland,He didn't want to cry with the other people there.,HE DIDN'T WANT TO CRY WITH THE OTHER PEOPLE THERE,b3d16f85a001f7a7961d860e5ebfcd9fa67456df827729074f76591696d0745e
hubert_large,dmsuta,207,stage5ext_00831,194875abc05277ec185b84e1233196c510a5057c4ac33820e8421f58778f054d7eebd2f70a62c96c79b93aa9f5cf99ec1e7e763ee45eed080dfa952fa8bdeb40,Irish English,ireland,But horses tire bit by bit.,BUT HORSES TIRE BIT BY BIT,b3d16f85a001f7a7961d860e5ebfcd9fa67456df827729074f76591696d0745e
hubert_large,dmsuta,207,stage5ext_00832,194875abc05277ec185b84e1233196c510a5057c4ac33820e8421f58778f054d7eebd2f70a62c96c79b93aa9f5cf99ec1e7e763ee45eed080dfa952fa8bdeb40,Irish English,ireland,It was such a gradual movement that he found it only by noticing the dots.,IT WAS SUCH A GRADUAL MOVEMENT THAT HE FOUND IT ONLY BY NOTICING THE DART,b3d16f85a001f7a7961d860e5ebfcd9fa67456df827729074f76591696d0745e
hubert_large,dmsuta,208,stage5ext_00833,194875abc05277ec185b84e1233196c510a5057c4ac33820e8421f58778f054d7eebd2f70a62c96c79b93aa9f5cf99ec1e7e763ee45eed080dfa952fa8bdeb40,Irish English,ireland,"My seven year resume gap is marked ""Not Drugs"".",MY SEVEN YEAR RESUME GUP IS MARKED NOT DROGUES,81567e9768b7b86367631ee3af0b93ee8523195d71e026a436eaba21b0df510b
hubert_large,dmsuta,208,stage5ext_00834,194875abc05277ec185b84e1233196c510a5057c4ac33820e8421f58778f054d7eebd2f70a62c96c79b93aa9f5cf99ec1e7e763ee45eed080dfa952fa8bdeb40,Irish English,ireland,"I was scared, but wasted no time in going out and crossing the bridge to the sand pits.",I WAS SCARED BUT WASTED NO TIME IN GOING OUT AND CROSSING THE BRIDGE TO THE SAND PITS,81567e9768b7b86367631ee3af0b93ee8523195d71e026a436eaba21b0df510b
hubert_large,dmsuta,208,stage5ext_00835,194875abc05277ec185b84e1233196c510a5057c4ac33820e8421f58778f054d7eebd2f70a62c96c79b93aa9f5cf99ec1e7e763ee45eed080dfa952fa8bdeb40,Irish English,ireland,Several figures approached him.,SEVERAL FIGURES APPROACHED HIM,81567e9768b7b86367631ee3af0b93ee8523195d71e026a436eaba21b0df510b
hubert_large,dmsuta,208,stage5ext_00836,194875abc05277ec185b84e1233196c510a5057c4ac33820e8421f58778f054d7eebd2f70a62c96c79b93aa9f5cf99ec1e7e763ee45eed080dfa952fa8bdeb40,Irish English,ireland,He paused for a moment to see if the woman knew what the Egyptian pyramids were.,HE PAUSED FOR A MOMENT TO SEE IF THE WOMAN KNEW WHAT THE EGYPTIAN PYRAMIDS WERE,81567e9768b7b86367631ee3af0b93ee8523195d71e026a436eaba21b0df510b
hubert_large,dmsuta,209,stage5ext_00837,194875abc05277ec185b84e1233196c510a5057c4ac33820e8421f58778f054d7eebd2f70a62c96c79b93aa9f5cf99ec1e7e763ee45eed080dfa952fa8bdeb40,Irish English,ireland,"The alchemist stopped abruptly, and bent to the ground.",THE ALCHAMIST STOPPED ABRUPTLY AND BENT TO THE GROUND,fbca7920e1545364732fc841a94750a5614330359b1cc0046ffcdd00c9f68cc8
hubert_large,dmsuta,209,stage5ext_00838,194875abc05277ec185b84e1233196c510a5057c4ac33820e8421f58778f054d7eebd2f70a62c96c79b93aa9f5cf99ec1e7e763ee45eed080dfa952fa8bdeb40,Irish English,ireland,The two were taken to a nearby military camp.,THE TWO WERE TAKEN TO A NEARBY MILITARY CAMP,fbca7920e1545364732fc841a94750a5614330359b1cc0046ffcdd00c9f68cc8
hubert_large,dmsuta,209,stage5ext_00839,194875abc05277ec185b84e1233196c510a5057c4ac33820e8421f58778f054d7eebd2f70a62c96c79b93aa9f5cf99ec1e7e763ee45eed080dfa952fa8bdeb40,Irish English,ireland,That he had attended a seminary until he was sixteen.,THAT HE HAD ATTENDED HE SEMINARY UNTIL HE WAS SIXTEEN,fbca7920e1545364732fc841a94750a5614330359b1cc0046ffcdd00c9f68cc8
hubert_large,dmsuta,209,stage5ext_00840,194875abc05277ec185b84e1233196c510a5057c4ac33820e8421f58778f054d7eebd2f70a62c96c79b93aa9f5cf99ec1e7e763ee45eed080dfa952fa8bdeb40,Irish English,ireland,It seems old and wise.,IT SEEMS OLD AND WISE,fbca7920e1545364732fc841a94750a5614330359b1cc0046ffcdd00c9f68cc8
hubert_large,dmsuta,210,stage5ext_00841,672a3259269b97062367fcafac924cb6013a30f9e34c09eff5c41b6d81f8a9b8e797beba73bbe770cb6ecdcdcc0039306ffae6e7c53294f92803666e3fa86b1b,Irish English,ireland,"To be fully funded, some lending must occur.",TO BE FULLY FUNDED SOME LENDING MUST OCCUR,61f46e0a541a0f0450c46b4a8b0bbab6b4e2f645dfd212c143e8a877e5a4e590
hubert_large,dmsuta,210,stage5ext_00842,672a3259269b97062367fcafac924cb6013a30f9e34c09eff5c41b6d81f8a9b8e797beba73bbe770cb6ecdcdcc0039306ffae6e7c53294f92803666e3fa86b1b,Irish English,ireland,What'll it take till the bank reopens?,WHAT'LL IT TAKE TILL THE BANK REOPENS,61f46e0a541a0f0450c46b4a8b0bbab6b4e2f645dfd212c143e8a877e5a4e590
hubert_large,dmsuta,210,stage5ext_00843,672a3259269b97062367fcafac924cb6013a30f9e34c09eff5c41b6d81f8a9b8e797beba73bbe770cb6ecdcdcc0039306ffae6e7c53294f92803666e3fa86b1b,Irish English,ireland,I don't think this theory explains why the particles attract each other this strongly.,I DON'T THINK THIS THEORY EXPLAINS WHY THE PARTICLES ATTRACT EACH OTHER SO STRONGLY,61f46e0a541a0f0450c46b4a8b0bbab6b4e2f645dfd212c143e8a877e5a4e590
hubert_large,dmsuta,210,stage5ext_00844,672a3259269b97062367fcafac924cb6013a30f9e34c09eff5c41b6d81f8a9b8e797beba73bbe770cb6ecdcdcc0039306ffae6e7c53294f92803666e3fa86b1b,Irish English,ireland,Do you mean the speech you're writing?,DO YOU MEAN THE SPEECH YOU'RE WRITING,61f46e0a541a0f0450c46b4a8b0bbab6b4e2f645dfd212c143e8a877e5a4e590
hubert_large,dmsuta,211,stage5ext_00845,672a3259269b97062367fcafac924cb6013a30f9e34c09eff5c41b6d81f8a9b8e797beba73bbe770cb6ecdcdcc0039306ffae6e7c53294f92803666e3fa86b1b,Irish English,ireland,And there you were in bed.,AND THERE YOU WERE IN BED,1215c4ec130bdf1fdb96d6a9460eca39eaff50332f4ec0bb18a563da28ee9060
hubert_large,dmsuta,211,stage5ext_00846,672a3259269b97062367fcafac924cb6013a30f9e34c09eff5c41b6d81f8a9b8e797beba73bbe770cb6ecdcdcc0039306ffae6e7c53294f92803666e3fa86b1b,Irish English,ireland,I admit that I'm an alcoholic.,I ADMIT THAT I'M AN ALCOHOLIC,1215c4ec130bdf1fdb96d6a9460eca39eaff50332f4ec0bb18a563da28ee9060
hubert_large,dmsuta,211,stage5ext_00847,672a3259269b97062367fcafac924cb6013a30f9e34c09eff5c41b6d81f8a9b8e797beba73bbe770cb6ecdcdcc0039306ffae6e7c53294f92803666e3fa86b1b,Irish English,ireland,What's that got to do with it?,WHAT'S THAT GOT TO DO WITH IT,1215c4ec130bdf1fdb96d6a9460eca39eaff50332f4ec0bb18a563da28ee9060
hubert_large,dmsuta,211,stage5ext_00848,672a3259269b97062367fcafac924cb6013a30f9e34c09eff5c41b6d81f8a9b8e797beba73bbe770cb6ecdcdcc0039306ffae6e7c53294f92803666e3fa86b1b,Irish English,ireland,This investment won't pay off.,THIS INVESTMENT WON'T PAY OFF,1215c4ec130bdf1fdb96d6a9460eca39eaff50332f4ec0bb18a563da28ee9060
hubert_large,dmsuta,212,stage5ext_00849,672a3259269b97062367fcafac924cb6013a30f9e34c09eff5c41b6d81f8a9b8e797beba73bbe770cb6ecdcdcc0039306ffae6e7c53294f92803666e3fa86b1b,Irish English,ireland,And don't forget to make him wear his raincoat in London.,AND DON'T FORGET TO MAKE HIM WEAR HIS RAINCOAT IN LONDON,f34ac35f002c5e888e1dbee6a5915f53e1b794dc93c93109fbf86f4d9a2c29cd
hubert_large,dmsuta,212,stage5ext_00850,672a3259269b97062367fcafac924cb6013a30f9e34c09eff5c41b6d81f8a9b8e797beba73bbe770cb6ecdcdcc0039306ffae6e7c53294f92803666e3fa86b1b,Irish English,ireland,This peach tart is tasty.,THIS PEACH TART IS TASTY,f34ac35f002c5e888e1dbee6a5915f53e1b794dc93c93109fbf86f4d9a2c29cd
hubert_large,dmsuta,212,stage5ext_00851,672a3259269b97062367fcafac924cb6013a30f9e34c09eff5c41b6d81f8a9b8e797beba73bbe770cb6ecdcdcc0039306ffae6e7c53294f92803666e3fa86b1b,Irish English,ireland,I didn't say anything.,I DIDN'T SAY ANYTHING,f34ac35f002c5e888e1dbee6a5915f53e1b794dc93c93109fbf86f4d9a2c29cd
hubert_large,dmsuta,212,stage5ext_00852,672a3259269b97062367fcafac924cb6013a30f9e34c09eff5c41b6d81f8a9b8e797beba73bbe770cb6ecdcdcc0039306ffae6e7c53294f92803666e3fa86b1b,Irish English,ireland,I don't care what you say.,I DON'T CARE WHAT YOU SAY,f34ac35f002c5e888e1dbee6a5915f53e1b794dc93c93109fbf86f4d9a2c29cd
hubert_large,dmsuta,213,stage5ext_00853,672a3259269b97062367fcafac924cb6013a30f9e34c09eff5c41b6d81f8a9b8e797beba73bbe770cb6ecdcdcc0039306ffae6e7c53294f92803666e3fa86b1b,Irish English,ireland,I can't find it anywhere.,I CAN'T FIND IT ANYWHERE,b0db65d3f5d7fc6053858bc119f5889defeea7c29d656d7fef1982683316b1c9
hubert_large,dmsuta,213,stage5ext_00854,672a3259269b97062367fcafac924cb6013a30f9e34c09eff5c41b6d81f8a9b8e797beba73bbe770cb6ecdcdcc0039306ffae6e7c53294f92803666e3fa86b1b,Irish English,ireland,"If a pen has no ink, it's broken.",IF A PEN HAS NO INK IT'S BROKEN,b0db65d3f5d7fc6053858bc119f5889defeea7c29d656d7fef1982683316b1c9
hubert_large,dmsuta,213,stage5ext_00855,672a3259269b97062367fcafac924cb6013a30f9e34c09eff5c41b6d81f8a9b8e797beba73bbe770cb6ecdcdcc0039306ffae6e7c53294f92803666e3fa86b1b,Irish English,ireland,The houses were squashed together like sardines.,THE HOUSES WERE SQUASHED TOGETHER LIKE SARDINES,b0db65d3f5d7fc6053858bc119f5889defeea7c29d656d7fef1982683316b1c9
hubert_large,dmsuta,213,stage5ext_00856,02cb893287feb15b25162b42913f21d4cef7b8b96119618c39ad96f550afc59fc5cb33155d5a3142b86ea467935fa50993f69d0e0aebf5f8b22f2a05004d4165,Irish English,ireland,To nourish the falcon.,TO NOURISH THE FALCON,b0db65d3f5d7fc6053858bc119f5889defeea7c29d656d7fef1982683316b1c9
hubert_large,dmsuta,214,stage5ext_00857,02cb893287feb15b25162b42913f21d4cef7b8b96119618c39ad96f550afc59fc5cb33155d5a3142b86ea467935fa50993f69d0e0aebf5f8b22f2a05004d4165,Irish English,ireland,"There's gold here, he said.",THERE'S GOLD HERE HE SAID,561c5eba81837be6ba1449c4c04dfa2c836718e8704c85e75f7841cbec173551
hubert_large,dmsuta,214,stage5ext_00858,02cb893287feb15b25162b42913f21d4cef7b8b96119618c39ad96f550afc59fc5cb33155d5a3142b86ea467935fa50993f69d0e0aebf5f8b22f2a05004d4165,Irish English,ireland,I had seen all that it would presently bring me.,I HAD SEEN ALL THAT IT WOULD PRESENTLY BRING ME,561c5eba81837be6ba1449c4c04dfa2c836718e8704c85e75f7841cbec173551
hubert_large,dmsuta,214,stage5ext_00859,02cb893287feb15b25162b42913f21d4cef7b8b96119618c39ad96f550afc59fc5cb33155d5a3142b86ea467935fa50993f69d0e0aebf5f8b22f2a05004d4165,Irish English,ireland,It was my fear of failure that first kept me from attempting the Master Work.,IT WAS MY FEAR OF FAILURE THAT FIRST KEPT ME FROM ATTEMPTING THE MASTER WORK,561c5eba81837be6ba1449c4c04dfa2c836718e8704c85e75f7841cbec173551
hubert_large,dmsuta,214,stage5ext_00860,02cb893287feb15b25162b42913f21d4cef7b8b96119618c39ad96f550afc59fc5cb33155d5a3142b86ea467935fa50993f69d0e0aebf5f8b22f2a05004d4165,Irish English,ireland,He saw the boy appear from the other side of the dunes.,HE SAW THE BOY APPEAR FROM THE OTHER SIDE OF THE DUNES,561c5eba81837be6ba1449c4c04dfa2c836718e8704c85e75f7841cbec173551
hubert_large,dmsuta,215,stage5ext_00861,02cb893287feb15b25162b42913f21d4cef7b8b96119618c39ad96f550afc59fc5cb33155d5a3142b86ea467935fa50993f69d0e0aebf5f8b22f2a05004d4165,Irish English,ireland,"I'm a desert woman, and I'm proud of that.",I'M A DESERT WOMAN AND I'M PROUD OF THAT,74a81ebe77cf16d2f8e02117296a9b0a016ae8f62d9b8398eddbaa6197d0e7b2
hubert_large,dmsuta,215,stage5ext_00862,02cb893287feb15b25162b42913f21d4cef7b8b96119618c39ad96f550afc59fc5cb33155d5a3142b86ea467935fa50993f69d0e0aebf5f8b22f2a05004d4165,Irish English,ireland,"It's the Emerald Tablet, said the Englishman, proud that he might teach something to the boy.",IT'S THE EMERALD TABLET SAID THE ENGLISHMAN PROUD THAT HE MIGHT TEACH SOMETHING TO THE BOY,74a81ebe77cf16d2f8e02117296a9b0a016ae8f62d9b8398eddbaa6197d0e7b2
hubert_large,dmsuta,215,stage5ext_00863,02cb893287feb15b25162b42913f21d4cef7b8b96119618c39ad96f550afc59fc5cb33155d5a3142b86ea467935fa50993f69d0e0aebf5f8b22f2a05004d4165,Irish English,ireland,"He stuck his hand into the pouch, and felt around for one of the stones.",HE STUCK HIS HAND IN THE POUCH AND FELT AROUND FOR ONE OF THE STONES,74a81ebe77cf16d2f8e02117296a9b0a016ae8f62d9b8398eddbaa6197d0e7b2
hubert_large,dmsuta,215,stage5ext_00864,02cb893287feb15b25162b42913f21d4cef7b8b96119618c39ad96f550afc59fc5cb33155d5a3142b86ea467935fa50993f69d0e0aebf5f8b22f2a05004d4165,Irish English,ireland,"The heather was on fire, and you could see a thin blue smoke rising up slowly.",THE HEATHER WAS ON FIRE AND HE COULD SEE A THIN BLUE SMOKE RISING UP SLOWLY,74a81ebe77cf16d2f8e02117296a9b0a016ae8f62d9b8398eddbaa6197d0e7b2
hubert_large,dmsuta,216,stage5ext_00865,02cb893287feb15b25162b42913f21d4cef7b8b96119618c39ad96f550afc59fc5cb33155d5a3142b86ea467935fa50993f69d0e0aebf5f8b22f2a05004d4165,Irish English,ireland,where the sand was more substantial.,WHERE THE SAND WAS MORE SUBSTANTIAL,e5678eba904d8a4b4705cbeb33044399eaff89cadd08de1f78b5dc07d4457d68
hubert_large,dmsuta,216,stage5ext_00866,02cb893287feb15b25162b42913f21d4cef7b8b96119618c39ad96f550afc59fc5cb33155d5a3142b86ea467935fa50993f69d0e0aebf5f8b22f2a05004d4165,Irish English,ireland,The three fell silent.,THE THREE FELL SILENT,e5678eba904d8a4b4705cbeb33044399eaff89cadd08de1f78b5dc07d4457d68
hubert_large,dmsuta,216,stage5ext_00867,02cb893287feb15b25162b42913f21d4cef7b8b96119618c39ad96f550afc59fc5cb33155d5a3142b86ea467935fa50993f69d0e0aebf5f8b22f2a05004d4165,Irish English,ireland,But I didn’t think that it contained any living creature.,BUT I DIDN'T THINK THAT IT CONTAINED ANY LIVING CREATURE,e5678eba904d8a4b4705cbeb33044399eaff89cadd08de1f78b5dc07d4457d68
hubert_large,dmsuta,216,stage5ext_00868,02cb893287feb15b25162b42913f21d4cef7b8b96119618c39ad96f550afc59fc5cb33155d5a3142b86ea467935fa50993f69d0e0aebf5f8b22f2a05004d4165,Irish English,ireland,He didn't want to cry with the other people there.,HE DIDN'T WANT TO CRY WITH THE OTHER PEOPLE THERE,e5678eba904d8a4b4705cbeb33044399eaff89cadd08de1f78b5dc07d4457d68
hubert_large,dmsuta,217,stage5ext_00869,02cb893287feb15b25162b42913f21d4cef7b8b96119618c39ad96f550afc59fc5cb33155d5a3142b86ea467935fa50993f69d0e0aebf5f8b22f2a05004d4165,Irish English,ireland,"About eleven, I walked back to my home in Maybury because nothing seemed to be happening.",ABOUT ELEVEN I WALKED BACK TO MY HOME IN MAYBURY BECAUSE NOTHING SEEMED TO BE HAPPENING,cfd5912863f93028c9a98e9f5dfe0fb1d24335f0e6beffef4382ddbbe3fdb29e
hubert_large,dmsuta,217,stage5ext_00870,02cb893287feb15b25162b42913f21d4cef7b8b96119618c39ad96f550afc59fc5cb33155d5a3142b86ea467935fa50993f69d0e0aebf5f8b22f2a05004d4165,Irish English,ireland,That sobered him a little.,THAT SOBERED HIM A LITTLE,cfd5912863f93028c9a98e9f5dfe0fb1d24335f0e6beffef4382ddbbe3fdb29e
hubert_large,dmsuta,217,stage5ext_00871,bd50f6c0e65e80961fb044a2591721940ca6cd6836496cde2353e06259e959af9c47fa4fb6d9fa8b16cc5285e232f3543059af36f41495c786198bdfd83d4b88,Irish English,ireland,Its county seat is Red Cloud.,ITS COUNTY SEAT IS RED CLOUD,cfd5912863f93028c9a98e9f5dfe0fb1d24335f0e6beffef4382ddbbe3fdb29e
hubert_large,dmsuta,217,stage5ext_00872,bd50f6c0e65e80961fb044a2591721940ca6cd6836496cde2353e06259e959af9c47fa4fb6d9fa8b16cc5285e232f3543059af36f41495c786198bdfd83d4b88,Irish English,ireland,"After eighty-seven minutes of test football, Australia gained possession of the ball.",AFTER EIGHTY SEVEN MINUTES OF TEST FOOTBALL AUSTRALIA GAINED POSSESSION OF THE BALL,cfd5912863f93028c9a98e9f5dfe0fb1d24335f0e6beffef4382ddbbe3fdb29e
hubert_large,dmsuta,218,stage5ext_00873,bd50f6c0e65e80961fb044a2591721940ca6cd6836496cde2353e06259e959af9c47fa4fb6d9fa8b16cc5285e232f3543059af36f41495c786198bdfd83d4b88,Irish English,ireland,The ability displayed by him in this led to his rapid advancement.,THE ABILITY DISPLAYED BY HIM IN THIS LED TO HIS RAPID ADVANCEMENT,3d52e46d1d2ee38bb305cf934d626493af00f944d0c690631a910117d2193cc3
hubert_large,dmsuta,218,stage5ext_00874,bd50f6c0e65e80961fb044a2591721940ca6cd6836496cde2353e06259e959af9c47fa4fb6d9fa8b16cc5285e232f3543059af36f41495c786198bdfd83d4b88,Irish English,ireland,The building resembled a typical Kirkbride model.,THE BUILDING RESEMBLED A TYPICAL CURT BRIDE MODEL,3d52e46d1d2ee38bb305cf934d626493af00f944d0c690631a910117d2193cc3
hubert_large,dmsuta,218,stage5ext_00875,bd50f6c0e65e80961fb044a2591721940ca6cd6836496cde2353e06259e959af9c47fa4fb6d9fa8b16cc5285e232f3543059af36f41495c786198bdfd83d4b88,Irish English,ireland,"In engineering science and in other technical aspects, the term galling is widespread.",IN ENGINEERING SCIENCE AND IN OTHER TECHNICAL ASPECTS THE TERM GALLING IS WIDESPREAD,3d52e46d1d2ee38bb305cf934d626493af00f944d0c690631a910117d2193cc3
hubert_large,dmsuta,218,stage5ext_00876,bd50f6c0e65e80961fb044a2591721940ca6cd6836496cde2353e06259e959af9c47fa4fb6d9fa8b16cc5285e232f3543059af36f41495c786198bdfd83d4b88,Irish English,ireland,Zinc is a necessary nutrient for optimal yeast health and performance.,ZINC IS A NECESSARY NUTRIENT FOR OPTIMAL YEAST HEALTH AND PERFORMANCE,3d52e46d1d2ee38bb305cf934d626493af00f944d0c690631a910117d2193cc3
hubert_large,dmsuta,219,stage5ext_00877,bd50f6c0e65e80961fb044a2591721940ca6cd6836496cde2353e06259e959af9c47fa4fb6d9fa8b16cc5285e232f3543059af36f41495c786198bdfd83d4b88,Irish English,ireland,Another common type of certification in modern society is product certification.,ANOTHER COMMON TYPE OF CERTIFICATION IN MODERN SOCIETY IS PRODUCT CERTIFICATION,37abcf92a9a78533b5d30d8683f832e179aa59284068748e9f71e64bf0d92079
hubert_large,dmsuta,219,stage5ext_00878,bd50f6c0e65e80961fb044a2591721940ca6cd6836496cde2353e06259e959af9c47fa4fb6d9fa8b16cc5285e232f3543059af36f41495c786198bdfd83d4b88,Irish English,ireland,Originally usage of the road was free of charge.,ORIGINALLY USAGE OF THE ROAD WAS FREE OF CHARGE,37abcf92a9a78533b5d30d8683f832e179aa59284068748e9f71e64bf0d92079
hubert_large,dmsuta,219,stage5ext_00879,bd50f6c0e65e80961fb044a2591721940ca6cd6836496cde2353e06259e959af9c47fa4fb6d9fa8b16cc5285e232f3543059af36f41495c786198bdfd83d4b88,Irish English,ireland,"In general, there are two types of scanner setups.",IN GENERAL THERE ARE TWO TYPES OF SCANARSETUPS,37abcf92a9a78533b5d30d8683f832e179aa59284068748e9f71e64bf0d92079
hubert_large,dmsuta,219,stage5ext_00880,bd50f6c0e65e80961fb044a2591721940ca6cd6836496cde2353e06259e959af9c47fa4fb6d9fa8b16cc5285e232f3543059af36f41495c786198bdfd83d4b88,Irish English,ireland,The equivalent Ukrainian-language surname is Lytvyn.,THE EQUIVALENT EUCRANIAN LANGUAGE SURNAME IS LEYTFEN,37abcf92a9a78533b5d30d8683f832e179aa59284068748e9f71e64bf0d92079
hubert_large,dmsuta,220,stage5ext_00881,bd50f6c0e65e80961fb044a2591721940ca6cd6836496cde2353e06259e959af9c47fa4fb6d9fa8b16cc5285e232f3543059af36f41495c786198bdfd83d4b88,Irish English,ireland,The first settlers in Isipingo arrived before the beginning of Apartheid.,THE FIRST SETTLERS IN ISOPINGO ARRIVE BEFORE THE BEGINNING OF A PARTITE,180382551f1c29c63aeffed07a1a47d4d8d405520d2cc6c53f2af1745b275056
hubert_large,dmsuta,220,stage5ext_00882,bd50f6c0e65e80961fb044a2591721940ca6cd6836496cde2353e06259e959af9c47fa4fb6d9fa8b16cc5285e232f3543059af36f41495c786198bdfd83d4b88,Irish English,ireland,"There is an elaborate memorial to him in Saint Edward the Confessor Church, Romford.",THERE IS AN ELABORATE MEMORIAL TO HIM IN SAINT EDWARD THE CONFESSOR CHURCH ROMFORD,180382551f1c29c63aeffed07a1a47d4d8d405520d2cc6c53f2af1745b275056
hubert_large,dmsuta,220,stage5ext_00883,bd50f6c0e65e80961fb044a2591721940ca6cd6836496cde2353e06259e959af9c47fa4fb6d9fa8b16cc5285e232f3543059af36f41495c786198bdfd83d4b88,Irish English,ireland,American public school system was introduced and general health and sanitation campaign was launched.,AMERICAN PUBLIC SCHOOL SYSTEM WAS INTRODUCED AND GENERAL HEALTH AND SANITATION CAMPAIGN WAS LAUNCHED,180382551f1c29c63aeffed07a1a47d4d8d405520d2cc6c53f2af1745b275056
hubert_large,dmsuta,220,stage5ext_00884,bd50f6c0e65e80961fb044a2591721940ca6cd6836496cde2353e06259e959af9c47fa4fb6d9fa8b16cc5285e232f3543059af36f41495c786198bdfd83d4b88,Irish English,ireland,Mponela is primarily an agricultural town without touristic interest.,UMPANELA IS PRIMARILY AN AGRICULTURAL TOWN WITHOUT TOURISTIC INTEREST,180382551f1c29c63aeffed07a1a47d4d8d405520d2cc6c53f2af1745b275056
hubert_large,dmsuta,221,stage5ext_00885,bd50f6c0e65e80961fb044a2591721940ca6cd6836496cde2353e06259e959af9c47fa4fb6d9fa8b16cc5285e232f3543059af36f41495c786198bdfd83d4b88,Irish English,ireland,The family lives in Suffolk.,THE FAMILY LIVES IN SUFFOLK,72bd4a99ebbe42c0c63670edea2b4d6b3da7c3a5a1ccf96c35aa5b0bd313fe43
hubert_large,dmsuta,221,stage5ext_00886,298c0f3d5e3352df02aa3a6a7a132199f93bdccf8457a134e6133cb2cf9bc435869f9e0ed6068a4152cdd933c02fc02573e8a2d6c12bcf52810d8ab52fd60a33,Irish English,ireland,A rag will soak up spilled water.,A RAG WILL SOAK UP SPILLED WATER,72bd4a99ebbe42c0c63670edea2b4d6b3da7c3a5a1ccf96c35aa5b0bd313fe43
hubert_large,dmsuta,221,stage5ext_00887,298c0f3d5e3352df02aa3a6a7a132199f93bdccf8457a134e6133cb2cf9bc435869f9e0ed6068a4152cdd933c02fc02573e8a2d6c12bcf52810d8ab52fd60a33,Irish English,ireland,What's it all about?,WHAT'S IT ALL ABOUT,72bd4a99ebbe42c0c63670edea2b4d6b3da7c3a5a1ccf96c35aa5b0bd313fe43
hubert_large,dmsuta,221,stage5ext_00888,298c0f3d5e3352df02aa3a6a7a132199f93bdccf8457a134e6133cb2cf9bc435869f9e0ed6068a4152cdd933c02fc02573e8a2d6c12bcf52810d8ab52fd60a33,Irish English,ireland,Little strokes fell great oaks.,LITTLE STROKES FELL GREAT OAKS,72bd4a99ebbe42c0c63670edea2b4d6b3da7c3a5a1ccf96c35aa5b0bd313fe43
hubert_large,dmsuta,222,stage5ext_00889,298c0f3d5e3352df02aa3a6a7a132199f93bdccf8457a134e6133cb2cf9bc435869f9e0ed6068a4152cdd933c02fc02573e8a2d6c12bcf52810d8ab52fd60a33,Irish English,ireland,First impressions are the most lasting.,FIRST IMPRESSIONS ARE THE MOST LASTING,d603783dbd2b5d4f296e3bc30da2920e412a39e117f930e2aa55a89d6aaf0b07
hubert_large,dmsuta,222,stage5ext_00890,298c0f3d5e3352df02aa3a6a7a132199f93bdccf8457a134e6133cb2cf9bc435869f9e0ed6068a4152cdd933c02fc02573e8a2d6c12bcf52810d8ab52fd60a33,Irish English,ireland,So you are saying that overpopulation will become an issue?,SO YOU ARE SAYING THAT OVER POPULATION WILL BECOME AN ISSUE,d603783dbd2b5d4f296e3bc30da2920e412a39e117f930e2aa55a89d6aaf0b07
hubert_large,dmsuta,222,stage5ext_00891,298c0f3d5e3352df02aa3a6a7a132199f93bdccf8457a134e6133cb2cf9bc435869f9e0ed6068a4152cdd933c02fc02573e8a2d6c12bcf52810d8ab52fd60a33,Irish English,ireland,Stop beating around the bush.,STOP BEATING AROUND THE BUSH,d603783dbd2b5d4f296e3bc30da2920e412a39e117f930e2aa55a89d6aaf0b07
hubert_large,dmsuta,222,stage5ext_00892,298c0f3d5e3352df02aa3a6a7a132199f93bdccf8457a134e6133cb2cf9bc435869f9e0ed6068a4152cdd933c02fc02573e8a2d6c12bcf52810d8ab52fd60a33,Irish English,ireland,The cat sat on the fence.,THE CAT SAT ON THE FENCE,d603783dbd2b5d4f296e3bc30da2920e412a39e117f930e2aa55a89d6aaf0b07
hubert_large,dmsuta,223,stage5ext_00893,298c0f3d5e3352df02aa3a6a7a132199f93bdccf8457a134e6133cb2cf9bc435869f9e0ed6068a4152cdd933c02fc02573e8a2d6c12bcf52810d8ab52fd60a33,Irish English,ireland,That is unlikely considering it has his name on it.,THAT IS UNLIKELY CONSIDERING IT HAS HIS NAME ON IT,d29a6b1855d5361ad4dca04973d1fd4714738f9694adef18bb80b635e1532d53
hubert_large,dmsuta,223,stage5ext_00894,298c0f3d5e3352df02aa3a6a7a132199f93bdccf8457a134e6133cb2cf9bc435869f9e0ed6068a4152cdd933c02fc02573e8a2d6c12bcf52810d8ab52fd60a33,Irish English,ireland,Loop the braid to the left and then over.,LOOPS E BRID TO THE LEFT AND THEN OVER,d29a6b1855d5361ad4dca04973d1fd4714738f9694adef18bb80b635e1532d53
hubert_large,dmsuta,223,stage5ext_00895,298c0f3d5e3352df02aa3a6a7a132199f93bdccf8457a134e6133cb2cf9bc435869f9e0ed6068a4152cdd933c02fc02573e8a2d6c12bcf52810d8ab52fd60a33,Irish English,ireland,Tranquillity is the first duty of citizens,TRANQUILLITY IS THE FIRST DUTY OF CITIZENS,d29a6b1855d5361ad4dca04973d1fd4714738f9694adef18bb80b635e1532d53
hubert_large,dmsuta,223,stage5ext_00896,298c0f3d5e3352df02aa3a6a7a132199f93bdccf8457a134e6133cb2cf9bc435869f9e0ed6068a4152cdd933c02fc02573e8a2d6c12bcf52810d8ab52fd60a33,Irish English,ireland,"Forget it, there is no such thing.",FORGET IT THERE IS NO SUCH THING,d29a6b1855d5361ad4dca04973d1fd4714738f9694adef18bb80b635e1532d53
hubert_large,dmsuta,224,stage5ext_00897,298c0f3d5e3352df02aa3a6a7a132199f93bdccf8457a134e6133cb2cf9bc435869f9e0ed6068a4152cdd933c02fc02573e8a2d6c12bcf52810d8ab52fd60a33,Irish English,ireland,The wreck occurred by the bank on Main Street.,THE WRECK OCCURRED BY THE BANK ON MAIN STREET,fb78c7eb384e208a95087763f955bfd824ff093de7803bbbd807890d9cd38273
hubert_large,dmsuta,224,stage5ext_00898,298c0f3d5e3352df02aa3a6a7a132199f93bdccf8457a134e6133cb2cf9bc435869f9e0ed6068a4152cdd933c02fc02573e8a2d6c12bcf52810d8ab52fd60a33,Irish English,ireland,It dribbled down the fridge.,IT DRIPPLED DOWN THE FRIDGE,fb78c7eb384e208a95087763f955bfd824ff093de7803bbbd807890d9cd38273
hubert_large,dmsuta,224,stage5ext_00899,298c0f3d5e3352df02aa3a6a7a132199f93bdccf8457a134e6133cb2cf9bc435869f9e0ed6068a4152cdd933c02fc02573e8a2d6c12bcf52810d8ab52fd60a33,Irish English,ireland,Variations on a musical air With great rapidity,VARIATIONS ON A MUSICAL AIR WITH GREAT RAPIDITY,fb78c7eb384e208a95087763f955bfd824ff093de7803bbbd807890d9cd38273
hubert_large,dmsuta,224,stage5ext_00900,298c0f3d5e3352df02aa3a6a7a132199f93bdccf8457a134e6133cb2cf9bc435869f9e0ed6068a4152cdd933c02fc02573e8a2d6c12bcf52810d8ab52fd60a33,Irish English,ireland,He could not help it.,HE COULD NOT HELP IT,fb78c7eb384e208a95087763f955bfd824ff093de7803bbbd807890d9cd38273
