model_key,method,window_id,recording_id,speaker_id,group_id,stratum_code,reference_raw,hypothesis_raw,theta_hash
wav2vec2_large_robust,dsuta,0,stage5ext_00001,c90b53f826ff81831f6499b9e1e98607e8b2c0f8bbaf8be1bf62bf27dc7ff887bd734b9a4cee852af2d1acda3e479781d7c5a8b1633407b705905c4b5049cb35,US English,us,I got drunk yesterday and thought I built a super computer.,I GOT DRUNK YESTERDAY AND THOUGHT I BUILT A SUPER COMPUTER,a2900e43918c3010596074c2b70d3c6e06b86c0cf445ffa407f7e97d7074667f
wav2vec2_large_robust,dsuta,0,stage5ext_00002,c90b53f826ff81831f6499b9e1e98607e8b2c0f8bbaf8be1bf62bf27dc7ff887bd734b9a4cee852af2d1acda3e479781d7c5a8b1633407b705905c4b5049cb35,US English,us,"Every file had the letter ""A"" printed on the front.",EVERY FILE HAD THE LETTER A PRINTED IN THE FRONT,a2900e43918c3010596074c2b70d3c6e06b86c0cf445ffa407f7e97d7074667f
wav2vec2_large_robust,dsuta,0,stage5ext_00003,c90b53f826ff81831f6499b9e1e98607e8b2c0f8bbaf8be1bf62bf27dc7ff887bd734b9a4cee852af2d1acda3e479781d7c5a8b1633407b705905c4b5049cb35,US English,us,I'm not familiar with the books this author wrote.,I'M NOT FAMILIAR WITH THE BOOKS THIS AUTHOR WROTE,a2900e43918c3010596074c2b70d3c6e06b86c0cf445ffa407f7e97d7074667f
wav2vec2_large_robust,dsuta,0,stage5ext_00004,c90b53f826ff81831f6499b9e1e98607e8b2c0f8bbaf8be1bf62bf27dc7ff887bd734b9a4cee852af2d1acda3e479781d7c5a8b1633407b705905c4b5049cb35,US English,us,Take a couple of seconds.,TAKE A COUPLE OF SECONDS,a2900e43918c3010596074c2b70d3c6e06b86c0cf445ffa407f7e97d7074667f
wav2vec2_large_robust,dsuta,1,stage5ext_00005,c90b53f826ff81831f6499b9e1e98607e8b2c0f8bbaf8be1bf62bf27dc7ff887bd734b9a4cee852af2d1acda3e479781d7c5a8b1633407b705905c4b5049cb35,US English,us,But I sort of like him.,BUT I SORT OF LIKE HIM,d6c2a60d0d36a743f89efad12c0e2d56e59ea579003e45b809e2501e4d813915
wav2vec2_large_robust,dsuta,1,stage5ext_00006,c90b53f826ff81831f6499b9e1e98607e8b2c0f8bbaf8be1bf62bf27dc7ff887bd734b9a4cee852af2d1acda3e479781d7c5a8b1633407b705905c4b5049cb35,US English,us,I'll be a monkey's uncle!,I'LL BE A MONKEY'S UNCLE,d6c2a60d0d36a743f89efad12c0e2d56e59ea579003e45b809e2501e4d813915
wav2vec2_large_robust,dsuta,1,stage5ext_00007,c90b53f826ff81831f6499b9e1e98607e8b2c0f8bbaf8be1bf62bf27dc7ff887bd734b9a4cee852af2d1acda3e479781d7c5a8b1633407b705905c4b5049cb35,US English,us,Is it for further automatic processing?,IS IT FOR FURTHER AUTOMATIC PROCESSING,d6c2a60d0d36a743f89efad12c0e2d56e59ea579003e45b809e2501e4d813915
wav2vec2_large_robust,dsuta,1,stage5ext_00008,c90b53f826ff81831f6499b9e1e98607e8b2c0f8bbaf8be1bf62bf27dc7ff887bd734b9a4cee852af2d1acda3e479781d7c5a8b1633407b705905c4b5049cb35,US English,us,I don't like coconuts.,I DON'T LIKE COGANUTS,d6c2a60d0d36a743f89efad12c0e2d56e59ea579003e45b809e2501e4d813915
wav2vec2_large_robust,dsuta,2,stage5ext_00009,c90b53f826ff81831f6499b9e1e98607e8b2c0f8bbaf8be1bf62bf27dc7ff887bd734b9a4cee852af2d1acda3e479781d7c5a8b1633407b705905c4b5049cb35,US English,us,He hunched his back and plodded through the heavy rain.,HE HUNCHED HIS BACK AND PLOTTED THROUGH THE HEAVY RAIN,0407ba561a5a4127f1470a966b54fbde376cfd3986ee1e6ddcb9ba8a35682832
wav2vec2_large_robust,dsuta,2,stage5ext_00010,c90b53f826ff81831f6499b9e1e98607e8b2c0f8bbaf8be1bf62bf27dc7ff887bd734b9a4cee852af2d1acda3e479781d7c5a8b1633407b705905c4b5049cb35,US English,us,Are you running a business or a charity ward?,ARE YOU RUNNING A BUSINESS OR A CHARITY WARD,0407ba561a5a4127f1470a966b54fbde376cfd3986ee1e6ddcb9ba8a35682832
wav2vec2_large_robust,dsuta,2,stage5ext_00011,c90b53f826ff81831f6499b9e1e98607e8b2c0f8bbaf8be1bf62bf27dc7ff887bd734b9a4cee852af2d1acda3e479781d7c5a8b1633407b705905c4b5049cb35,US English,us,There were lights in the upper windows of the houses when the people went to bed.,THERE WERE LIGHTS IN THE UPPER WINDOWS OF THE HOUSES WHEN THE PEOPLE WENT TO BED,0407ba561a5a4127f1470a966b54fbde376cfd3986ee1e6ddcb9ba8a35682832
wav2vec2_large_robust,dsuta,2,stage5ext_00012,c90b53f826ff81831f6499b9e1e98607e8b2c0f8bbaf8be1bf62bf27dc7ff887bd734b9a4cee852af2d1acda3e479781d7c5a8b1633407b705905c4b5049cb35,US English,us,On warm days and when doing sports you should drink more.,ON WARM DAYS AND WHEN DOING SPORTS YOU SHOULD DRINK MORE,0407ba561a5a4127f1470a966b54fbde376cfd3986ee1e6ddcb9ba8a35682832
wav2vec2_large_robust,dsuta,3,stage5ext_00013,c90b53f826ff81831f6499b9e1e98607e8b2c0f8bbaf8be1bf62bf27dc7ff887bd734b9a4cee852af2d1acda3e479781d7c5a8b1633407b705905c4b5049cb35,US English,us,"At once, he connected the two incidents.",AT ONCE HE CONNECTED THE TWO INCIDENTS,ada7ec5d337d87d351226933ecb90b95ce62a9d577e546478c2fe7be09715da2
wav2vec2_large_robust,dsuta,3,stage5ext_00014,c90b53f826ff81831f6499b9e1e98607e8b2c0f8bbaf8be1bf62bf27dc7ff887bd734b9a4cee852af2d1acda3e479781d7c5a8b1633407b705905c4b5049cb35,US English,us,A pox upon me for a clumsy thing.,A POX UPON ME FOR A CLUMSY THING,ada7ec5d337d87d351226933ecb90b95ce62a9d577e546478c2fe7be09715da2
wav2vec2_large_robust,dsuta,3,stage5ext_00015,c90b53f826ff81831f6499b9e1e98607e8b2c0f8bbaf8be1bf62bf27dc7ff887bd734b9a4cee852af2d1acda3e479781d7c5a8b1633407b705905c4b5049cb35,US English,us,Are you sure that Joe case is going on next week?,ARE YOU SURE THAT JOE KASE IS GOING ON NEXT WEEK,ada7ec5d337d87d351226933ecb90b95ce62a9d577e546478c2fe7be09715da2
wav2vec2_large_robust,dsuta,3,stage5ext_00016,57d6c1695947f141cd774bb8c8435e7e20bc7b2a83cd78ef5db4e546fb137b56b44617942cb1a58e017af6161f63d53cdf17fa4f9dcb830bfc0518e94b214837,US English,us,"When you're at a party and somebody says ""banana bread"", a sniper might be near you.",WHEN YOU ARE AT A PARTY AND SOMEBODY SAYS BENANA BREAD SNIPER MIGHT BE NEAR YOU,ada7ec5d337d87d351226933ecb90b95ce62a9d577e546478c2fe7be09715da2
wav2vec2_large_robust,dsuta,4,stage5ext_00017,57d6c1695947f141cd774bb8c8435e7e20bc7b2a83cd78ef5db4e546fb137b56b44617942cb1a58e017af6161f63d53cdf17fa4f9dcb830bfc0518e94b214837,US English,us,"It was not clear who had the right of way, since the traffic lights were off.",IT WAS NOT CLEAR WHO HAD THE RIGHT OF WHAY SINCE THE TRAFFIC LIGHTS WERE OFF,520cd05020405401a5c47f43753c4e03422d3ae064fba021c046103afd2a6718
wav2vec2_large_robust,dsuta,4,stage5ext_00018,57d6c1695947f141cd774bb8c8435e7e20bc7b2a83cd78ef5db4e546fb137b56b44617942cb1a58e017af6161f63d53cdf17fa4f9dcb830bfc0518e94b214837,US English,us,What did you do it for?,WHAT DID YOU DO IT FOR,520cd05020405401a5c47f43753c4e03422d3ae064fba021c046103afd2a6718
wav2vec2_large_robust,dsuta,4,stage5ext_00019,57d6c1695947f141cd774bb8c8435e7e20bc7b2a83cd78ef5db4e546fb137b56b44617942cb1a58e017af6161f63d53cdf17fa4f9dcb830bfc0518e94b214837,US English,us,"James Watt didn't invent the steam engine, but he improved it significantly.",HAMASWAT DIDN'T INVENT A STEAM ENGINE BUT HE IMPROVED IT SIGNIFICANTLY,520cd05020405401a5c47f43753c4e03422d3ae064fba021c046103afd2a6718
wav2vec2_large_robust,dsuta,4,stage5ext_00020,57d6c1695947f141cd774bb8c8435e7e20bc7b2a83cd78ef5db4e546fb137b56b44617942cb1a58e017af6161f63d53cdf17fa4f9dcb830bfc0518e94b214837,US English,us,"When he got the call, Ali ran out of the store, down the street, and into the car.",WHEN HE GOT THE CAL ALI RAN OUT OF THE STORE DOWN THE STREET AND INTO THE CAR,520cd05020405401a5c47f43753c4e03422d3ae064fba021c046103afd2a6718
wav2vec2_large_robust,dsuta,5,stage5ext_00021,57d6c1695947f141cd774bb8c8435e7e20bc7b2a83cd78ef5db4e546fb137b56b44617942cb1a58e017af6161f63d53cdf17fa4f9dcb830bfc0518e94b214837,US English,us,What has become of him?,WHAT HAS BECOME OF HIM,b4a1b77a768698cfae92dabe4ebcaecd4bb8bfd4425ea1a9625240e3777e2ead
wav2vec2_large_robust,dsuta,5,stage5ext_00022,57d6c1695947f141cd774bb8c8435e7e20bc7b2a83cd78ef5db4e546fb137b56b44617942cb1a58e017af6161f63d53cdf17fa4f9dcb830bfc0518e94b214837,US English,us,"After the dance, they went straight home.",AFTER THE DANCE THEY WENT STRAIGHT HOME,b4a1b77a768698cfae92dabe4ebcaecd4bb8bfd4425ea1a9625240e3777e2ead
wav2vec2_large_robust,dsuta,5,stage5ext_00023,57d6c1695947f141cd774bb8c8435e7e20bc7b2a83cd78ef5db4e546fb137b56b44617942cb1a58e017af6161f63d53cdf17fa4f9dcb830bfc0518e94b214837,US English,us,"Jellyfish can cause serious injuries, the physician explained to the patient.",JEALOFISH CAN CAUSE SERIOUS INJURIES THE PHYSICIAN EXPLAINED TO THE PATIENT,b4a1b77a768698cfae92dabe4ebcaecd4bb8bfd4425ea1a9625240e3777e2ead
wav2vec2_large_robust,dsuta,5,stage5ext_00024,57d6c1695947f141cd774bb8c8435e7e20bc7b2a83cd78ef5db4e546fb137b56b44617942cb1a58e017af6161f63d53cdf17fa4f9dcb830bfc0518e94b214837,US English,us,"Writing, the best memory.",WRITING THE BEST MEMORY,b4a1b77a768698cfae92dabe4ebcaecd4bb8bfd4425ea1a9625240e3777e2ead
wav2vec2_large_robust,dsuta,6,stage5ext_00025,57d6c1695947f141cd774bb8c8435e7e20bc7b2a83cd78ef5db4e546fb137b56b44617942cb1a58e017af6161f63d53cdf17fa4f9dcb830bfc0518e94b214837,US English,us,What does she say?,WHAT DOES SHE SAY,8abd94bf700030884bd70898e1a92c895f652b4aca11a2f4b74e87286df36699
wav2vec2_large_robust,dsuta,6,stage5ext_00026,57d6c1695947f141cd774bb8c8435e7e20bc7b2a83cd78ef5db4e546fb137b56b44617942cb1a58e017af6161f63d53cdf17fa4f9dcb830bfc0518e94b214837,US English,us,What do you want of me?,WHAT DO YOU WANT OF ME,8abd94bf700030884bd70898e1a92c895f652b4aca11a2f4b74e87286df36699
wav2vec2_large_robust,dsuta,6,stage5ext_00027,57d6c1695947f141cd774bb8c8435e7e20bc7b2a83cd78ef5db4e546fb137b56b44617942cb1a58e017af6161f63d53cdf17fa4f9dcb830bfc0518e94b214837,US English,us,Why do people even eat peanut butter and jelly?,WHY DO PEOPLE EVEN EAT PENUT BUTTER AND JELLY,8abd94bf700030884bd70898e1a92c895f652b4aca11a2f4b74e87286df36699
wav2vec2_large_robust,dsuta,6,stage5ext_00028,57d6c1695947f141cd774bb8c8435e7e20bc7b2a83cd78ef5db4e546fb137b56b44617942cb1a58e017af6161f63d53cdf17fa4f9dcb830bfc0518e94b214837,US English,us,But what can I do?,BUT WHAT CAN I DO,8abd94bf700030884bd70898e1a92c895f652b4aca11a2f4b74e87286df36699
wav2vec2_large_robust,dsuta,7,stage5ext_00029,57d6c1695947f141cd774bb8c8435e7e20bc7b2a83cd78ef5db4e546fb137b56b44617942cb1a58e017af6161f63d53cdf17fa4f9dcb830bfc0518e94b214837,US English,us,What is the meaning of this?,WHAT IS THE MEANING OF THIS,36f2c7c8a8ed4aed43d020b22d091ef2a2ac1cf8e166d6235cf15787db681f3a
wav2vec2_large_robust,dsuta,7,stage5ext_00030,57d6c1695947f141cd774bb8c8435e7e20bc7b2a83cd78ef5db4e546fb137b56b44617942cb1a58e017af6161f63d53cdf17fa4f9dcb830bfc0518e94b214837,US English,us,What does he look like?,WHAT DOES HE LOOK LIKE,36f2c7c8a8ed4aed43d020b22d091ef2a2ac1cf8e166d6235cf15787db681f3a
wav2vec2_large_robust,dsuta,7,stage5ext_00031,d477a12247cce9a9c0954e6ee3ae16aed2930112fa26700f19af15658b5c71e2dc818d72e0034c8181da642cabf8f6c15f4d900b88bcab83d583944934f4c237,US English,us,Albert's rule was characterised by dissent.,ALBERT RULE WAS CHARACTERIZED BY DESSENT,36f2c7c8a8ed4aed43d020b22d091ef2a2ac1cf8e166d6235cf15787db681f3a
wav2vec2_large_robust,dsuta,7,stage5ext_00032,d477a12247cce9a9c0954e6ee3ae16aed2930112fa26700f19af15658b5c71e2dc818d72e0034c8181da642cabf8f6c15f4d900b88bcab83d583944934f4c237,US English,us,Because of Jesus' command to his disciples to Do this in remembrance of me.,BECAUSE OF JESUS COMMAND TO HIS DISCIPLES TO DO THIS IN REMEMBRANCE OF ME,36f2c7c8a8ed4aed43d020b22d091ef2a2ac1cf8e166d6235cf15787db681f3a
wav2vec2_large_robust,dsuta,8,stage5ext_00033,d477a12247cce9a9c0954e6ee3ae16aed2930112fa26700f19af15658b5c71e2dc818d72e0034c8181da642cabf8f6c15f4d900b88bcab83d583944934f4c237,US English,us,"Adkins contributed to numerous other fan publications, including ""Amra"", ""Vega"" and ""Xero"".",ATKINS CONTRIBUTED TO NUMEROUS OTHER FAN PUBLICATIONS INCLUDING AMRA VEGA AND ZERO,93d4d1bc4f61789bdd0286b3ac3a7b8f771385e4700f6e847254d1882b40207a
wav2vec2_large_robust,dsuta,8,stage5ext_00034,d477a12247cce9a9c0954e6ee3ae16aed2930112fa26700f19af15658b5c71e2dc818d72e0034c8181da642cabf8f6c15f4d900b88bcab83d583944934f4c237,US English,us,The film image at this section of the newsreel is that of Hitler.,THE FILM IMAGE AT THIS SECTION OF THE NEWSREEL IS THAT OF HITLER,93d4d1bc4f61789bdd0286b3ac3a7b8f771385e4700f6e847254d1882b40207a
wav2vec2_large_robust,dsuta,8,stage5ext_00035,d477a12247cce9a9c0954e6ee3ae16aed2930112fa26700f19af15658b5c71e2dc818d72e0034c8181da642cabf8f6c15f4d900b88bcab83d583944934f4c237,US English,us,One of the company's early cars was the Pittsburgher.,ONE OF THE COMPANY'S EARLY CARS WAS THE PITSBURGER,93d4d1bc4f61789bdd0286b3ac3a7b8f771385e4700f6e847254d1882b40207a
wav2vec2_large_robust,dsuta,8,stage5ext_00036,d477a12247cce9a9c0954e6ee3ae16aed2930112fa26700f19af15658b5c71e2dc818d72e0034c8181da642cabf8f6c15f4d900b88bcab83d583944934f4c237,US English,us,"Compare also Philo, Leg.",COMPARE ALSO FILO LEG,93d4d1bc4f61789bdd0286b3ac3a7b8f771385e4700f6e847254d1882b40207a
wav2vec2_large_robust,dsuta,9,stage5ext_00037,d477a12247cce9a9c0954e6ee3ae16aed2930112fa26700f19af15658b5c71e2dc818d72e0034c8181da642cabf8f6c15f4d900b88bcab83d583944934f4c237,US English,us,"Sir Charles Beaumont Phipps and his third, Edmund Phipps, a lawyer and author.",SIR CHARLES BOAUMONT PIPS AND HIS THIRD EDMAND PHIPS A LAWYER AND AUTHOR,ee3a08aa6e47679220f8052b3a588e69a0b0563ae8c747f839e30919c45da40b
wav2vec2_large_robust,dsuta,9,stage5ext_00038,d477a12247cce9a9c0954e6ee3ae16aed2930112fa26700f19af15658b5c71e2dc818d72e0034c8181da642cabf8f6c15f4d900b88bcab83d583944934f4c237,US English,us,Just behind the church is the old bridge.,JUST BEHIND THE CHURCH IS THE OLD BRIDGE,ee3a08aa6e47679220f8052b3a588e69a0b0563ae8c747f839e30919c45da40b
wav2vec2_large_robust,dsuta,9,stage5ext_00039,d477a12247cce9a9c0954e6ee3ae16aed2930112fa26700f19af15658b5c71e2dc818d72e0034c8181da642cabf8f6c15f4d900b88bcab83d583944934f4c237,US English,us,This feature forces parasitologists to use advanced biostatistical methodologies.,THIS FEATURE FORCES PARACITOLOGISTS TO USE ADVANCED BYOSTATISTICAL METHODOLOGIES,ee3a08aa6e47679220f8052b3a588e69a0b0563ae8c747f839e30919c45da40b
wav2vec2_large_robust,dsuta,9,stage5ext_00040,d477a12247cce9a9c0954e6ee3ae16aed2930112fa26700f19af15658b5c71e2dc818d72e0034c8181da642cabf8f6c15f4d900b88bcab83d583944934f4c237,US English,us,Dairy farming is an important industry in the area.,DARRY FARMING IS AN IMPORTANT INDUSTRY IN THE AREA,ee3a08aa6e47679220f8052b3a588e69a0b0563ae8c747f839e30919c45da40b
wav2vec2_large_robust,dsuta,10,stage5ext_00041,d477a12247cce9a9c0954e6ee3ae16aed2930112fa26700f19af15658b5c71e2dc818d72e0034c8181da642cabf8f6c15f4d900b88bcab83d583944934f4c237,US English,us,Sagan's number is the number of stars in the observable universe.,SAGAN'S NUMBER IS THE NUMBER OF STARS IN THE OBSERVABLE UNIVERSE,bbad2f534aed33c9f6d64127d49b54219ad6da5b8ee0634c92af862d7fc42a65
wav2vec2_large_robust,dsuta,10,stage5ext_00042,d477a12247cce9a9c0954e6ee3ae16aed2930112fa26700f19af15658b5c71e2dc818d72e0034c8181da642cabf8f6c15f4d900b88bcab83d583944934f4c237,US English,us,He went to Providence Elementary and Webster County High School.,HE WENT TO PROVIDENCE ELEMENTARY AT WEBSTER COUNTY HIGH SCHOOL,bbad2f534aed33c9f6d64127d49b54219ad6da5b8ee0634c92af862d7fc42a65
wav2vec2_large_robust,dsuta,10,stage5ext_00043,d477a12247cce9a9c0954e6ee3ae16aed2930112fa26700f19af15658b5c71e2dc818d72e0034c8181da642cabf8f6c15f4d900b88bcab83d583944934f4c237,US English,us,Doctor Rodd received her Ph.D. in Biology from York University in Toronto.,DOCTOR ROD RECEIVED HER P H D IN BIOLOGY FROM YORK UNIVERSITY IN TORRONTO,bbad2f534aed33c9f6d64127d49b54219ad6da5b8ee0634c92af862d7fc42a65
wav2vec2_large_robust,dsuta,10,stage5ext_00044,d477a12247cce9a9c0954e6ee3ae16aed2930112fa26700f19af15658b5c71e2dc818d72e0034c8181da642cabf8f6c15f4d900b88bcab83d583944934f4c237,US English,us,One of the largest was Starodubaka.,ONE OF THE LARGEST WAS STORO DUBACA,bbad2f534aed33c9f6d64127d49b54219ad6da5b8ee0634c92af862d7fc42a65
wav2vec2_large_robust,dsuta,11,stage5ext_00045,d477a12247cce9a9c0954e6ee3ae16aed2930112fa26700f19af15658b5c71e2dc818d72e0034c8181da642cabf8f6c15f4d900b88bcab83d583944934f4c237,US English,us,It is based on the concept of 'equivalence'.,IT IS BASED ON THE CONCEPT OF EQUIVALENCE,0b922a4122528cde0a390c28749dd00b079e28187791b92628473a82b51eb8b6
wav2vec2_large_robust,dsuta,11,stage5ext_00046,afd10118899991b7e4af3edddf0c749daf768b6669e68c04c2827d572d39771015c17ec7fd8143657ba077a731375c6fa34f2012588f8cb1b78d923a01178ac7,US English,us,"Excerpts were also printed in the ""Wall Street Journal"".",I SEV TO OFFER SINTE I AYOR TU SO,0b922a4122528cde0a390c28749dd00b079e28187791b92628473a82b51eb8b6
wav2vec2_large_robust,dsuta,11,stage5ext_00047,afd10118899991b7e4af3edddf0c749daf768b6669e68c04c2827d572d39771015c17ec7fd8143657ba077a731375c6fa34f2012588f8cb1b78d923a01178ac7,US English,us,She also sits on the Board of Directors for the Canada West Foundation.,THE OFFE TI IM A GOD O PILOSTI O THEHENEVER TAT FOUNDATION,0b922a4122528cde0a390c28749dd00b079e28187791b92628473a82b51eb8b6
wav2vec2_large_robust,dsuta,11,stage5ext_00048,afd10118899991b7e4af3edddf0c749daf768b6669e68c04c2827d572d39771015c17ec7fd8143657ba077a731375c6fa34f2012588f8cb1b78d923a01178ac7,US English,us,"Like other opioid drugs, pethidine has the potential to cause physical dependence or addiction.",LIKE OTHER OBEARY DRUGS PASIIDN HAS THE POTENCOF TO CAUSE FISICAL DEPENDENCE OR EDICTION,0b922a4122528cde0a390c28749dd00b079e28187791b92628473a82b51eb8b6
wav2vec2_large_robust,dsuta,12,stage5ext_00049,afd10118899991b7e4af3edddf0c749daf768b6669e68c04c2827d572d39771015c17ec7fd8143657ba077a731375c6fa34f2012588f8cb1b78d923a01178ac7,US English,us,"He was interested in sciences, and had a sizable library.",THEIS INTRETED LY FIANCES OU HA A SAS O A OBUR,7e36137df2b7b013af2218adf1f1c2ee3b5f60c3646fe78885d10c0c48421462
wav2vec2_large_robust,dsuta,12,stage5ext_00050,afd10118899991b7e4af3edddf0c749daf768b6669e68c04c2827d572d39771015c17ec7fd8143657ba077a731375c6fa34f2012588f8cb1b78d923a01178ac7,US English,us,The addition would become known on-air as Television Park.,THE ADDITION WOULD BECOME KNOWN ON AIR AS TELEVISION PARK,7e36137df2b7b013af2218adf1f1c2ee3b5f60c3646fe78885d10c0c48421462
wav2vec2_large_robust,dsuta,12,stage5ext_00051,afd10118899991b7e4af3edddf0c749daf768b6669e68c04c2827d572d39771015c17ec7fd8143657ba077a731375c6fa34f2012588f8cb1b78d923a01178ac7,US English,us,"However, molecular studies separate ""Gromia"" from the others, which must therefore be renamed.",HOWEVER MOLECULOUS THAT EAC SEPARATE ROMIA FROM THE OTHER IT MUST THEREFORE BE THE MA,7e36137df2b7b013af2218adf1f1c2ee3b5f60c3646fe78885d10c0c48421462
wav2vec2_large_robust,dsuta,12,stage5ext_00052,afd10118899991b7e4af3edddf0c749daf768b6669e68c04c2827d572d39771015c17ec7fd8143657ba077a731375c6fa34f2012588f8cb1b78d923a01178ac7,US English,us,It was named for the Dakota people.,IT WAS NAMED FOR THE DECOTA PEOPLE,7e36137df2b7b013af2218adf1f1c2ee3b5f60c3646fe78885d10c0c48421462
wav2vec2_large_robust,dsuta,13,stage5ext_00053,afd10118899991b7e4af3edddf0c749daf768b6669e68c04c2827d572d39771015c17ec7fd8143657ba077a731375c6fa34f2012588f8cb1b78d923a01178ac7,US English,us,"The song is featured on the live album ""Live Killers"".",THE SONG IS FEATURED ON THE LIVHE ALBUM LIVE KILLERS,66662313ca66ae52e25b8cf259d0b8da96e95d1ef92584a17cb6da7535342eec
wav2vec2_large_robust,dsuta,13,stage5ext_00054,afd10118899991b7e4af3edddf0c749daf768b6669e68c04c2827d572d39771015c17ec7fd8143657ba077a731375c6fa34f2012588f8cb1b78d923a01178ac7,US English,us,"On some folios, the differing colors of ink are arranged to form geometric patterns.",ON SOME FOLIOS THE DIFFERING COLORS OF INK ARE ARANGED TO FORM GEOMETRIC PATTERNS,66662313ca66ae52e25b8cf259d0b8da96e95d1ef92584a17cb6da7535342eec
wav2vec2_large_robust,dsuta,13,stage5ext_00055,afd10118899991b7e4af3edddf0c749daf768b6669e68c04c2827d572d39771015c17ec7fd8143657ba077a731375c6fa34f2012588f8cb1b78d923a01178ac7,US English,us,This handy percussion instrument is very similar to the pan-Indian damaru.,THIS HANDY PECUSSION INSTRUMENT IS VERY SIMILAR TO THE PAN INDIAN DAMARO,66662313ca66ae52e25b8cf259d0b8da96e95d1ef92584a17cb6da7535342eec
wav2vec2_large_robust,dsuta,13,stage5ext_00056,afd10118899991b7e4af3edddf0c749daf768b6669e68c04c2827d572d39771015c17ec7fd8143657ba077a731375c6fa34f2012588f8cb1b78d923a01178ac7,US English,us,The Louisville Cardinal serves as an outlet and learning experience for aspiring journalists.,E LELEVE OR COIN A SEDO EOMCATURONINE PI AF FIRY JOY,66662313ca66ae52e25b8cf259d0b8da96e95d1ef92584a17cb6da7535342eec
wav2vec2_large_robust,dsuta,14,stage5ext_00057,afd10118899991b7e4af3edddf0c749daf768b6669e68c04c2827d572d39771015c17ec7fd8143657ba077a731375c6fa34f2012588f8cb1b78d923a01178ac7,US English,us,A distinctive feature of the system was support for Coaching.,AT E FINTE FATURE OF THE CISTEM AS SEPOURTECITON,78ff25d7e2ce2df8f6e4e151ea84dd08dfe8911db3bfa37c05d5fed57e4bc366
wav2vec2_large_robust,dsuta,14,stage5ext_00058,afd10118899991b7e4af3edddf0c749daf768b6669e68c04c2827d572d39771015c17ec7fd8143657ba077a731375c6fa34f2012588f8cb1b78d923a01178ac7,US English,us,There was no heroism and no villainy.,THERE IS NO FUETIN AN NEO,78ff25d7e2ce2df8f6e4e151ea84dd08dfe8911db3bfa37c05d5fed57e4bc366
wav2vec2_large_robust,dsuta,14,stage5ext_00059,afd10118899991b7e4af3edddf0c749daf768b6669e68c04c2827d572d39771015c17ec7fd8143657ba077a731375c6fa34f2012588f8cb1b78d923a01178ac7,US English,us,Ground was broken for Saint Ann's Church in New Galilee.,GROUND WAS BROKEN FOR SAINT ANNE'S CHURCH IN NEW GALILE,78ff25d7e2ce2df8f6e4e151ea84dd08dfe8911db3bfa37c05d5fed57e4bc366
wav2vec2_large_robust,dsuta,14,stage5ext_00060,afd10118899991b7e4af3edddf0c749daf768b6669e68c04c2827d572d39771015c17ec7fd8143657ba077a731375c6fa34f2012588f8cb1b78d923a01178ac7,US English,us,To the east is the statue of King Norodom sits on a white horse.,TO THE EAST IS THE STATUE OF KING NORADAM SITS ON A WHITE HORSE,78ff25d7e2ce2df8f6e4e151ea84dd08dfe8911db3bfa37c05d5fed57e4bc366
wav2vec2_large_robust,dsuta,15,stage5ext_00061,264ab06df2796194c32a09afcb46bc2cbad9165d564f7d08af3b830436d4b292cec680793da0f1fea42128c902e8f92ba59717fcaa074c604a2bae440800743b,US English,us,There can also be underlying medical reasons for urinary incontinence which are often treatable.,THERE CAN ALSO BE UNDERLYING MEDICAL REASONS FOR URINARY INCONTINENTS WHICH ARE OFTEN TREATABLE,b6439c96be2f6c0d0ecde3fb989059fc6bde6632f74fdddbd07eaa893fbd1a98
wav2vec2_large_robust,dsuta,15,stage5ext_00062,264ab06df2796194c32a09afcb46bc2cbad9165d564f7d08af3b830436d4b292cec680793da0f1fea42128c902e8f92ba59717fcaa074c604a2bae440800743b,US English,us,PubChem consists of three dynamically growing primary databases.,PUBKEM CONSISTS OF THREE DYNAMICALLY GROWING PRIMARY DATA BASES,b6439c96be2f6c0d0ecde3fb989059fc6bde6632f74fdddbd07eaa893fbd1a98
wav2vec2_large_robust,dsuta,15,stage5ext_00063,264ab06df2796194c32a09afcb46bc2cbad9165d564f7d08af3b830436d4b292cec680793da0f1fea42128c902e8f92ba59717fcaa074c604a2bae440800743b,US English,us,"Europe, in particular ancient Greece, was the birthplace of Western civilization.",EUROPE IN PARTICULAR ANCIENT GREECE WAS THE BIRTHPLACE OF WESTERN CIVILIZATION,b6439c96be2f6c0d0ecde3fb989059fc6bde6632f74fdddbd07eaa893fbd1a98
wav2vec2_large_robust,dsuta,15,stage5ext_00064,264ab06df2796194c32a09afcb46bc2cbad9165d564f7d08af3b830436d4b292cec680793da0f1fea42128c902e8f92ba59717fcaa074c604a2bae440800743b,US English,us,It originally went through unincorporated small comminities such as Leslie and Arat.,IT ORIGINALLY WENT THROUGH UNINCORPORATED SMALL COMMUNITIES SUCH AS LESLEY AND ARAT,b6439c96be2f6c0d0ecde3fb989059fc6bde6632f74fdddbd07eaa893fbd1a98
wav2vec2_large_robust,dsuta,16,stage5ext_00065,264ab06df2796194c32a09afcb46bc2cbad9165d564f7d08af3b830436d4b292cec680793da0f1fea42128c902e8f92ba59717fcaa074c604a2bae440800743b,US English,us,A self-homeomorphism is a homeomorphism of a topological space and itself.,A SELF HOMIOMORPHISM IS A HOMIOMORPHISM OF A TOPOLOGICAL SPACE AND ITSELF,58cb2040d65ddbed547e364c978cad776210f56be5332bf2d3db8de729a65356
wav2vec2_large_robust,dsuta,16,stage5ext_00066,264ab06df2796194c32a09afcb46bc2cbad9165d564f7d08af3b830436d4b292cec680793da0f1fea42128c902e8f92ba59717fcaa074c604a2bae440800743b,US English,us,"Since that time, additional relationships have formed under the auspices of the town connection.",SINCE THAT TIME ADDITIONAL RELATIONSHIPS HAVE FORMED UNDER THE AUSPICES OF THE TOWN CONNECTION,58cb2040d65ddbed547e364c978cad776210f56be5332bf2d3db8de729a65356
wav2vec2_large_robust,dsuta,16,stage5ext_00067,264ab06df2796194c32a09afcb46bc2cbad9165d564f7d08af3b830436d4b292cec680793da0f1fea42128c902e8f92ba59717fcaa074c604a2bae440800743b,US English,us,Local humane societies across the nation resisted.,LOCAL HUMANE SOCIETIES ACROSS THE NATION RESISTED,58cb2040d65ddbed547e364c978cad776210f56be5332bf2d3db8de729a65356
wav2vec2_large_robust,dsuta,16,stage5ext_00068,264ab06df2796194c32a09afcb46bc2cbad9165d564f7d08af3b830436d4b292cec680793da0f1fea42128c902e8f92ba59717fcaa074c604a2bae440800743b,US English,us,"It specializes in care for stroke, cardiac and amputees patients needing rehabilitation needs.",IT SPECIALIZES IN CARE FOR STROKE CARDIAC AND AMPUTEESE PATIENCE NEEDING REHABILITATION NEEDS,58cb2040d65ddbed547e364c978cad776210f56be5332bf2d3db8de729a65356
wav2vec2_large_robust,dsuta,17,stage5ext_00069,264ab06df2796194c32a09afcb46bc2cbad9165d564f7d08af3b830436d4b292cec680793da0f1fea42128c902e8f92ba59717fcaa074c604a2bae440800743b,US English,us,"“It’s extremely interesting,” Anne told Deborah.",IT'S EXTREMELY INTERESTING ANNE TOLD DEBORA,afb2cc42880724da4990a60515ec62bd1b6499024a0d60856752c0bbf512a2f5
wav2vec2_large_robust,dsuta,17,stage5ext_00070,264ab06df2796194c32a09afcb46bc2cbad9165d564f7d08af3b830436d4b292cec680793da0f1fea42128c902e8f92ba59717fcaa074c604a2bae440800743b,US English,us,Grangeville enjoys close access to scenic and wildlife areas.,GRANGEVILLE ENJOYS CLOSE ACCESS TO SCENIC AND WILD LIFE AREAS,afb2cc42880724da4990a60515ec62bd1b6499024a0d60856752c0bbf512a2f5
wav2vec2_large_robust,dsuta,17,stage5ext_00071,264ab06df2796194c32a09afcb46bc2cbad9165d564f7d08af3b830436d4b292cec680793da0f1fea42128c902e8f92ba59717fcaa074c604a2bae440800743b,US English,us,He discovered that this was not the case.,HE DISCOVERED THAT THIS WAS NOT THE CASE,afb2cc42880724da4990a60515ec62bd1b6499024a0d60856752c0bbf512a2f5
wav2vec2_large_robust,dsuta,17,stage5ext_00072,264ab06df2796194c32a09afcb46bc2cbad9165d564f7d08af3b830436d4b292cec680793da0f1fea42128c902e8f92ba59717fcaa074c604a2bae440800743b,US English,us,There are four communities in Denmark with the same name.,THERE ARE FOUR COMMUNITIES IN DENMARK WITH THE SAME NAME,afb2cc42880724da4990a60515ec62bd1b6499024a0d60856752c0bbf512a2f5
wav2vec2_large_robust,dsuta,18,stage5ext_00073,264ab06df2796194c32a09afcb46bc2cbad9165d564f7d08af3b830436d4b292cec680793da0f1fea42128c902e8f92ba59717fcaa074c604a2bae440800743b,US English,us,He plays all three outfield positions.,HE PLAYS ALL THREE OUTFIELD POSITIONS,b653431f2ab08d13662a9d34c4060945db8164adb4c082c4764d76e2dcf950d2
wav2vec2_large_robust,dsuta,18,stage5ext_00074,264ab06df2796194c32a09afcb46bc2cbad9165d564f7d08af3b830436d4b292cec680793da0f1fea42128c902e8f92ba59717fcaa074c604a2bae440800743b,US English,us,But supplies are almost nonexistent at the Checkmate base.,BUT SUPPLIES ARE ALMOST NONEXISTENT AT THE CHECKMATE BASE,b653431f2ab08d13662a9d34c4060945db8164adb4c082c4764d76e2dcf950d2
wav2vec2_large_robust,dsuta,18,stage5ext_00075,264ab06df2796194c32a09afcb46bc2cbad9165d564f7d08af3b830436d4b292cec680793da0f1fea42128c902e8f92ba59717fcaa074c604a2bae440800743b,US English,us,"The section ""Of the Executive Power"" declared the powers of the executive power.",THE SECTION OF THE EXECUTIVE POWER DECLARED THE POWERS OF THE EXECUTIVE POWER,b653431f2ab08d13662a9d34c4060945db8164adb4c082c4764d76e2dcf950d2
wav2vec2_large_robust,dsuta,18,stage5ext_00076,77600d1ea840721bc62cd5a1444822538c380c4255c3bb966d35e4c71344e0691303c4add4223e9fe842b24d65e08ae2e99c956f4acb898bff34adad75171112,US English,us,It is exacerbating inequalities.,IT IS EXASCERBATING INEQUALITIES,b653431f2ab08d13662a9d34c4060945db8164adb4c082c4764d76e2dcf950d2
wav2vec2_large_robust,dsuta,19,stage5ext_00077,77600d1ea840721bc62cd5a1444822538c380c4255c3bb966d35e4c71344e0691303c4add4223e9fe842b24d65e08ae2e99c956f4acb898bff34adad75171112,US English,us,"Large numbers came from other countries of Latin America from Mexico to Uruguay, esp.",LARGE NUMBERS CAME FROM OTHER COUNTRIES OF LATIN AMERICA FROM MEXICO TO URAGUI ESPA,310a78306600cfafa44e67cd57ad72afe2c9b81432fb6ccc7c3313e5a6acba02
wav2vec2_large_robust,dsuta,19,stage5ext_00078,77600d1ea840721bc62cd5a1444822538c380c4255c3bb966d35e4c71344e0691303c4add4223e9fe842b24d65e08ae2e99c956f4acb898bff34adad75171112,US English,us,A pond's condition deteriorates when the bottom environment cannot support animal life.,A POND'S CONDITION DETERIORATES WHEN THE BOTTOM ENVIRONMENT CANNOT SUPPORT ANIMAL LIFE,310a78306600cfafa44e67cd57ad72afe2c9b81432fb6ccc7c3313e5a6acba02
wav2vec2_large_robust,dsuta,19,stage5ext_00079,77600d1ea840721bc62cd5a1444822538c380c4255c3bb966d35e4c71344e0691303c4add4223e9fe842b24d65e08ae2e99c956f4acb898bff34adad75171112,US English,us,The Chiemsee is located in the west of the district.,THE CHIM S IS LOCATED IN THE WEST OF THE DISTRICT,310a78306600cfafa44e67cd57ad72afe2c9b81432fb6ccc7c3313e5a6acba02
wav2vec2_large_robust,dsuta,19,stage5ext_00080,77600d1ea840721bc62cd5a1444822538c380c4255c3bb966d35e4c71344e0691303c4add4223e9fe842b24d65e08ae2e99c956f4acb898bff34adad75171112,US English,us,She was the daughter of Timothy and Ellen Noonan.,SHE WAS THE DAUGHTER OF TYMOTHY AND ELLEN NEWNAN,310a78306600cfafa44e67cd57ad72afe2c9b81432fb6ccc7c3313e5a6acba02
wav2vec2_large_robust,dsuta,20,stage5ext_00081,77600d1ea840721bc62cd5a1444822538c380c4255c3bb966d35e4c71344e0691303c4add4223e9fe842b24d65e08ae2e99c956f4acb898bff34adad75171112,US English,us,"Collingwood was born in Britain but grew up in Sellersville, Pennsylvania.",COLLINGWOOD WAS BORN IN BRITAIN BUT GREW UP IN CELLERSVILLE PENSYLVANIA,ad1a0fe2099186a41f5595e0d5c5e86038037a442436241f54f9dbab71f6a837
wav2vec2_large_robust,dsuta,20,stage5ext_00082,77600d1ea840721bc62cd5a1444822538c380c4255c3bb966d35e4c71344e0691303c4add4223e9fe842b24d65e08ae2e99c956f4acb898bff34adad75171112,US English,us,It is also the language of most of the manuscripts of Welsh law.,IT IS ALSO THE LANGUAGE OF MOST OF THE MANUSCRIPTS OF WELSH LAW,ad1a0fe2099186a41f5595e0d5c5e86038037a442436241f54f9dbab71f6a837
wav2vec2_large_robust,dsuta,20,stage5ext_00083,77600d1ea840721bc62cd5a1444822538c380c4255c3bb966d35e4c71344e0691303c4add4223e9fe842b24d65e08ae2e99c956f4acb898bff34adad75171112,US English,us,"He was educated at Emanuel School, the University of Southampton and University of Warwick.",HE WAS EDUCATED AT THE MANUAL SCHOOL THE UNIVERSITY OF SOUTHHAMPTON AND UNIVERSITY OF WARWICK,ad1a0fe2099186a41f5595e0d5c5e86038037a442436241f54f9dbab71f6a837
wav2vec2_large_robust,dsuta,20,stage5ext_00084,77600d1ea840721bc62cd5a1444822538c380c4255c3bb966d35e4c71344e0691303c4add4223e9fe842b24d65e08ae2e99c956f4acb898bff34adad75171112,US English,us,He introduced cushion seats in all unreserved compartments.,HE INTRODUCED CUSHION SEATS IN ALL UNRESERVED COMPARTMENTS,ad1a0fe2099186a41f5595e0d5c5e86038037a442436241f54f9dbab71f6a837
wav2vec2_large_robust,dsuta,21,stage5ext_00085,77600d1ea840721bc62cd5a1444822538c380c4255c3bb966d35e4c71344e0691303c4add4223e9fe842b24d65e08ae2e99c956f4acb898bff34adad75171112,US English,us,It developed from the Pugwash Conferences on Science and World Affairs.,IT DEVELOPED FROM THE PUGWASH CONFERENCES ON SCIENCE AND WORLD AFFAIRS,a8ee1693a6bcaf66baf84330322257887e68e1893c8d2f9629c71822d34e0a33
wav2vec2_large_robust,dsuta,21,stage5ext_00086,77600d1ea840721bc62cd5a1444822538c380c4255c3bb966d35e4c71344e0691303c4add4223e9fe842b24d65e08ae2e99c956f4acb898bff34adad75171112,US English,us,"He has written seven Phillip Mercer books in the series, beginning with ""Vulcan's Forge"".",HE HAS WRITTEN SEVEN PHILIP MERCER BOOKS IN THE SERIES BEGINNING WITH VULCAN'S FORGE,a8ee1693a6bcaf66baf84330322257887e68e1893c8d2f9629c71822d34e0a33
wav2vec2_large_robust,dsuta,21,stage5ext_00087,77600d1ea840721bc62cd5a1444822538c380c4255c3bb966d35e4c71344e0691303c4add4223e9fe842b24d65e08ae2e99c956f4acb898bff34adad75171112,US English,us,"Like most other light jets, the Mustang is approved for single-pilot operation.",LIKE MOST OTHER LIGHT JETS THE MUSTANG IS APPROVED FOR SINGLE PILOT OPERATION,a8ee1693a6bcaf66baf84330322257887e68e1893c8d2f9629c71822d34e0a33
wav2vec2_large_robust,dsuta,21,stage5ext_00088,77600d1ea840721bc62cd5a1444822538c380c4255c3bb966d35e4c71344e0691303c4add4223e9fe842b24d65e08ae2e99c956f4acb898bff34adad75171112,US English,us,This is true for moduli of curves.,THIS IS TRUE FOR MODILI OF CURVES,a8ee1693a6bcaf66baf84330322257887e68e1893c8d2f9629c71822d34e0a33
wav2vec2_large_robust,dsuta,22,stage5ext_00089,77600d1ea840721bc62cd5a1444822538c380c4255c3bb966d35e4c71344e0691303c4add4223e9fe842b24d65e08ae2e99c956f4acb898bff34adad75171112,US English,us,"They were the sons of Frederick Law Olmsted, renowned architect of Central Park.",THEY WERE THE SONS OF FREDERIC LAW ALMSTEAD RENOWNED ARCHITECT OF CENTRAL PARK,8fa7529591c4f6c5bc01d5676ddf384c509b9a7fd950942baa0f5eaf70d35e1c
wav2vec2_large_robust,dsuta,22,stage5ext_00090,77600d1ea840721bc62cd5a1444822538c380c4255c3bb966d35e4c71344e0691303c4add4223e9fe842b24d65e08ae2e99c956f4acb898bff34adad75171112,US English,us,The voltage stability depends on the gas pressure.,THE VOLTAGE STABILITY DEPENDS ON THE GAS PRESSURE,8fa7529591c4f6c5bc01d5676ddf384c509b9a7fd950942baa0f5eaf70d35e1c
wav2vec2_large_robust,dsuta,22,stage5ext_00091,9f2c0b36708a80b9aba1604061b45c02ab3d559f33122d380b4f16df7ee264228b8ed084cc75539159c501c042dcd878c793f3c16eaf1b5d9a110cad98fa0a9e,US English,us,Empress Elizabeth sent him to Kiev to realize Rastrelli's design of Saint Andrew Church.,EMPRESS ELIZABETH SENT HIM TO FAVE TO REALISE RASTRELE'S DESIGN OF SAINT ANDREW CHURCH,8fa7529591c4f6c5bc01d5676ddf384c509b9a7fd950942baa0f5eaf70d35e1c
wav2vec2_large_robust,dsuta,22,stage5ext_00092,9f2c0b36708a80b9aba1604061b45c02ab3d559f33122d380b4f16df7ee264228b8ed084cc75539159c501c042dcd878c793f3c16eaf1b5d9a110cad98fa0a9e,US English,us,Caulfield offers students a wide range of subjects in its academic curriculum.,CALLFIELD OFFERS STUDENTS A WIDE RANGE OF SUBJECTS IN ITS ACADEMIC CHERICULUM,8fa7529591c4f6c5bc01d5676ddf384c509b9a7fd950942baa0f5eaf70d35e1c
wav2vec2_large_robust,dsuta,23,stage5ext_00093,9f2c0b36708a80b9aba1604061b45c02ab3d559f33122d380b4f16df7ee264228b8ed084cc75539159c501c042dcd878c793f3c16eaf1b5d9a110cad98fa0a9e,US English,us,It is often used at the end of clauses or verses.,IT IS OFTEN USED AT THE END OF CASI ERVERSES,93b9775579eb922d16d4875b7df48820d2fc55f5781ccd21f9a51c36cf48d278
wav2vec2_large_robust,dsuta,23,stage5ext_00094,9f2c0b36708a80b9aba1604061b45c02ab3d559f33122d380b4f16df7ee264228b8ed084cc75539159c501c042dcd878c793f3c16eaf1b5d9a110cad98fa0a9e,US English,us,"Gardner was born in Batavia, New York.",GARDNER WAS BORN IN BATAVIA NEW YORK,93b9775579eb922d16d4875b7df48820d2fc55f5781ccd21f9a51c36cf48d278
wav2vec2_large_robust,dsuta,23,stage5ext_00095,9f2c0b36708a80b9aba1604061b45c02ab3d559f33122d380b4f16df7ee264228b8ed084cc75539159c501c042dcd878c793f3c16eaf1b5d9a110cad98fa0a9e,US English,us,It is located where the Piankatank River feeds into the Chesapeake Bay.,IT IS LOCATED WHERE THE PIN KETANG RIVER FEEDS T CHESSAPAK BAY,93b9775579eb922d16d4875b7df48820d2fc55f5781ccd21f9a51c36cf48d278
wav2vec2_large_robust,dsuta,23,stage5ext_00096,9f2c0b36708a80b9aba1604061b45c02ab3d559f33122d380b4f16df7ee264228b8ed084cc75539159c501c042dcd878c793f3c16eaf1b5d9a110cad98fa0a9e,US English,us,A classic example of a one-way function is multiplication of very large prime numbers.,A CLASSIC EXAMPLE OF A ONE WAY FUNCTION IS A MULTIPLICATION OF VERY LARGE TIME NUMBERS,93b9775579eb922d16d4875b7df48820d2fc55f5781ccd21f9a51c36cf48d278
wav2vec2_large_robust,dsuta,24,stage5ext_00097,9f2c0b36708a80b9aba1604061b45c02ab3d559f33122d380b4f16df7ee264228b8ed084cc75539159c501c042dcd878c793f3c16eaf1b5d9a110cad98fa0a9e,US English,us,Nuclear warheads are produced and stored on the premises.,NUCLEAR WARHEADS ARE PRODUCED AND STORED ON THE PREMISES,94ee3f35356368340314301284406a767fe9705dc050d2fcd5e429280e379796
wav2vec2_large_robust,dsuta,24,stage5ext_00098,9f2c0b36708a80b9aba1604061b45c02ab3d559f33122d380b4f16df7ee264228b8ed084cc75539159c501c042dcd878c793f3c16eaf1b5d9a110cad98fa0a9e,US English,us,"The Center awards a ""Distinguished Christian Statesman Award"" annually to high-profile Christian political leaders.",THE CENTRE AWARDS A DISTINGUISHED CHRISTIAN STATE SMAN AWARD ANNUALLY HIGH PROFILE CRISTIAN POLITICAL LEADERS,94ee3f35356368340314301284406a767fe9705dc050d2fcd5e429280e379796
wav2vec2_large_robust,dsuta,24,stage5ext_00099,9f2c0b36708a80b9aba1604061b45c02ab3d559f33122d380b4f16df7ee264228b8ed084cc75539159c501c042dcd878c793f3c16eaf1b5d9a110cad98fa0a9e,US English,us,Flavors available in Germany included cherry and cola.,FLAVORS AVAILABLE IN GERMANY INWID CHERRY AND COLA,94ee3f35356368340314301284406a767fe9705dc050d2fcd5e429280e379796
wav2vec2_large_robust,dsuta,24,stage5ext_00100,9f2c0b36708a80b9aba1604061b45c02ab3d559f33122d380b4f16df7ee264228b8ed084cc75539159c501c042dcd878c793f3c16eaf1b5d9a110cad98fa0a9e,US English,us,The present chairman is Bumairam Mamaseitova.,THE PRESENT CHAIRMAN IS BAMARAN MAMASATUVA,94ee3f35356368340314301284406a767fe9705dc050d2fcd5e429280e379796
wav2vec2_large_robust,dsuta,25,stage5ext_00101,9f2c0b36708a80b9aba1604061b45c02ab3d559f33122d380b4f16df7ee264228b8ed084cc75539159c501c042dcd878c793f3c16eaf1b5d9a110cad98fa0a9e,US English,us,On the seventh day they depart.,ON THE SEVENTH DAY THEY DEPART,adb3f4f22009ea92e9625d516285b7f4daa2b8d56a47f96113b68765bb4f57f4
wav2vec2_large_robust,dsuta,25,stage5ext_00102,9f2c0b36708a80b9aba1604061b45c02ab3d559f33122d380b4f16df7ee264228b8ed084cc75539159c501c042dcd878c793f3c16eaf1b5d9a110cad98fa0a9e,US English,us,Many notable Caliphs have had their share of ruling over the Kiswah.,MANY NOTABLE COUNTS HAVE HAD THEIR SHARE FRULING OVER THE KISUA,adb3f4f22009ea92e9625d516285b7f4daa2b8d56a47f96113b68765bb4f57f4
wav2vec2_large_robust,dsuta,25,stage5ext_00103,9f2c0b36708a80b9aba1604061b45c02ab3d559f33122d380b4f16df7ee264228b8ed084cc75539159c501c042dcd878c793f3c16eaf1b5d9a110cad98fa0a9e,US English,us,The river Maros formed its southern border.,THE RIVER MARROWS FORMED ITS SOUTHERN BORDER,adb3f4f22009ea92e9625d516285b7f4daa2b8d56a47f96113b68765bb4f57f4
wav2vec2_large_robust,dsuta,25,stage5ext_00104,9f2c0b36708a80b9aba1604061b45c02ab3d559f33122d380b4f16df7ee264228b8ed084cc75539159c501c042dcd878c793f3c16eaf1b5d9a110cad98fa0a9e,US English,us,And that meant our fat electric album would have two songs on a side.,THATMANT OR FAT ELECTRIC ELBUM WOULD HAVE TWO SONGS ON A SIDE,adb3f4f22009ea92e9625d516285b7f4daa2b8d56a47f96113b68765bb4f57f4
wav2vec2_large_robust,dsuta,26,stage5ext_00105,9f2c0b36708a80b9aba1604061b45c02ab3d559f33122d380b4f16df7ee264228b8ed084cc75539159c501c042dcd878c793f3c16eaf1b5d9a110cad98fa0a9e,US English,us,A committee was organised and the Smithsonian Institution was founded.,A COMMITTEE WAS ORGANIZED AND THE SMITHSONIAN INSTITUTION WAS FOUNDED,d29d988fece4144400d169a502252b2102f486ae687ae8bcd641f004a138062f
wav2vec2_large_robust,dsuta,26,stage5ext_00106,2ce9c40fcb6948ed0bced3197b5aefb5f8585c4b80c5f627af7a750cfb445b61c96532c68b893e6c1f4cb299407c58f1504db283d1f7eca7585dfc2f88a968d4,US English,us,"You're not psychotic, you just wish you were?",YOU'RE NOT PSYCHOTIC YOU JUST WISH YOU WERE,d29d988fece4144400d169a502252b2102f486ae687ae8bcd641f004a138062f
wav2vec2_large_robust,dsuta,26,stage5ext_00107,2ce9c40fcb6948ed0bced3197b5aefb5f8585c4b80c5f627af7a750cfb445b61c96532c68b893e6c1f4cb299407c58f1504db283d1f7eca7585dfc2f88a968d4,US English,us,Good evening.,GOOD EVENING,d29d988fece4144400d169a502252b2102f486ae687ae8bcd641f004a138062f
wav2vec2_large_robust,dsuta,26,stage5ext_00108,2ce9c40fcb6948ed0bced3197b5aefb5f8585c4b80c5f627af7a750cfb445b61c96532c68b893e6c1f4cb299407c58f1504db283d1f7eca7585dfc2f88a968d4,US English,us,The dead have no friends.,THE DEAD HAVE NO FRIENDS,d29d988fece4144400d169a502252b2102f486ae687ae8bcd641f004a138062f
wav2vec2_large_robust,dsuta,27,stage5ext_00109,2ce9c40fcb6948ed0bced3197b5aefb5f8585c4b80c5f627af7a750cfb445b61c96532c68b893e6c1f4cb299407c58f1504db283d1f7eca7585dfc2f88a968d4,US English,us,Ship technology has improved.,SHIP TECHNOLOGY HAS IMPROVED,ffd088543539e458c340879c290fa3d6b6bc5e0c3d551100959d632186df06b7
wav2vec2_large_robust,dsuta,27,stage5ext_00110,2ce9c40fcb6948ed0bced3197b5aefb5f8585c4b80c5f627af7a750cfb445b61c96532c68b893e6c1f4cb299407c58f1504db283d1f7eca7585dfc2f88a968d4,US English,us,The shop is closed on Mondays.,THE SHOP IS CLOSED ON MONDAYS,ffd088543539e458c340879c290fa3d6b6bc5e0c3d551100959d632186df06b7
wav2vec2_large_robust,dsuta,27,stage5ext_00111,2ce9c40fcb6948ed0bced3197b5aefb5f8585c4b80c5f627af7a750cfb445b61c96532c68b893e6c1f4cb299407c58f1504db283d1f7eca7585dfc2f88a968d4,US English,us,"Waste not, want not.",WASTE NOT WHAT NOT,ffd088543539e458c340879c290fa3d6b6bc5e0c3d551100959d632186df06b7
wav2vec2_large_robust,dsuta,27,stage5ext_00112,2ce9c40fcb6948ed0bced3197b5aefb5f8585c4b80c5f627af7a750cfb445b61c96532c68b893e6c1f4cb299407c58f1504db283d1f7eca7585dfc2f88a968d4,US English,us,"The salesman was like the rest of them, untrustworthy.",THE SALESMAN WAS LIKE THE REST OF THEM UNTRUSTWORTHY,ffd088543539e458c340879c290fa3d6b6bc5e0c3d551100959d632186df06b7
wav2vec2_large_robust,dsuta,28,stage5ext_00113,2ce9c40fcb6948ed0bced3197b5aefb5f8585c4b80c5f627af7a750cfb445b61c96532c68b893e6c1f4cb299407c58f1504db283d1f7eca7585dfc2f88a968d4,US English,us,"Did you know that the word ""commercial"" could mean the same as ""advertisement""?",DID YOU KNOW THAT THE WORD COMMERCIAL COULD MEAN THE SAME AS ADVERTISEMENT,6119493a5674c239964f0237ae7ff63b1131c04e349329ab3c586a4342de48d4
wav2vec2_large_robust,dsuta,28,stage5ext_00114,2ce9c40fcb6948ed0bced3197b5aefb5f8585c4b80c5f627af7a750cfb445b61c96532c68b893e6c1f4cb299407c58f1504db283d1f7eca7585dfc2f88a968d4,US English,us,Topsy-turvy Steamboat.,TOPSY TURVY STEAMBOAT,6119493a5674c239964f0237ae7ff63b1131c04e349329ab3c586a4342de48d4
wav2vec2_large_robust,dsuta,28,stage5ext_00115,2ce9c40fcb6948ed0bced3197b5aefb5f8585c4b80c5f627af7a750cfb445b61c96532c68b893e6c1f4cb299407c58f1504db283d1f7eca7585dfc2f88a968d4,US English,us,Save a thief from the gallows and he will cut your throat,SAVE A THIEF FROM THE GALLOWS AND HE WILL CUT YOUR THROAT,6119493a5674c239964f0237ae7ff63b1131c04e349329ab3c586a4342de48d4
wav2vec2_large_robust,dsuta,28,stage5ext_00116,2ce9c40fcb6948ed0bced3197b5aefb5f8585c4b80c5f627af7a750cfb445b61c96532c68b893e6c1f4cb299407c58f1504db283d1f7eca7585dfc2f88a968d4,US English,us,A chip of the old block.,A CHIP OF THE OLD BLOCK,6119493a5674c239964f0237ae7ff63b1131c04e349329ab3c586a4342de48d4
wav2vec2_large_robust,dsuta,29,stage5ext_00117,2ce9c40fcb6948ed0bced3197b5aefb5f8585c4b80c5f627af7a750cfb445b61c96532c68b893e6c1f4cb299407c58f1504db283d1f7eca7585dfc2f88a968d4,US English,us,What about from an unsafe distance?,WHAT ABOUT FROM AN UNSAFE DISTANCE,a4523d74b1fb3a66663be47ace9de2c99469fbacb314b3ca635ec5ce929a17d1
wav2vec2_large_robust,dsuta,29,stage5ext_00118,2ce9c40fcb6948ed0bced3197b5aefb5f8585c4b80c5f627af7a750cfb445b61c96532c68b893e6c1f4cb299407c58f1504db283d1f7eca7585dfc2f88a968d4,US English,us,New pants lack cuffs and pockets.,NEW PANTS LACK CUFFS AND POCKETS,a4523d74b1fb3a66663be47ace9de2c99469fbacb314b3ca635ec5ce929a17d1
wav2vec2_large_robust,dsuta,29,stage5ext_00119,2ce9c40fcb6948ed0bced3197b5aefb5f8585c4b80c5f627af7a750cfb445b61c96532c68b893e6c1f4cb299407c58f1504db283d1f7eca7585dfc2f88a968d4,US English,us,Is that how your niece began?,IS THAT HOW YOUR NIECE BEGAN,a4523d74b1fb3a66663be47ace9de2c99469fbacb314b3ca635ec5ce929a17d1
wav2vec2_large_robust,dsuta,29,stage5ext_00120,2ce9c40fcb6948ed0bced3197b5aefb5f8585c4b80c5f627af7a750cfb445b61c96532c68b893e6c1f4cb299407c58f1504db283d1f7eca7585dfc2f88a968d4,US English,us,That is the weirdest dress I have found in this store.,THAT IS THE WEIRDEST DRESS I HAVE FOUND IN THE STORE,a4523d74b1fb3a66663be47ace9de2c99469fbacb314b3ca635ec5ce929a17d1
wav2vec2_large_robust,dsuta,30,stage5ext_00121,228508a13bdcb59b6e981ab369677a052cfa1d9208ac95a44f5a910b5fb16d76e49d318b1a128dd5144453cc80734637f59383b09379191621b865980d923440,US English,us,The reasons are more political.,THE REASONS ARE MORE POLITICAL,34812a7bced20da7e8f766469ee0a8d468049208df7c8876d38fa9924d0116b6
wav2vec2_large_robust,dsuta,30,stage5ext_00122,228508a13bdcb59b6e981ab369677a052cfa1d9208ac95a44f5a910b5fb16d76e49d318b1a128dd5144453cc80734637f59383b09379191621b865980d923440,US English,us,When he became a foreman he expected more output from the workmen.,THEN HE BECAME A FOREMAN HE EXPECTED MORE OUTPUT FROM THE WORKMAN,34812a7bced20da7e8f766469ee0a8d468049208df7c8876d38fa9924d0116b6
wav2vec2_large_robust,dsuta,30,stage5ext_00123,228508a13bdcb59b6e981ab369677a052cfa1d9208ac95a44f5a910b5fb16d76e49d318b1a128dd5144453cc80734637f59383b09379191621b865980d923440,US English,us,"The timber was exported to Egypt, where it was in great demand.",THE TIMER WAS EXPORTED TO EGYPT FOR IT WAS IN GREAT DEMAND,34812a7bced20da7e8f766469ee0a8d468049208df7c8876d38fa9924d0116b6
wav2vec2_large_robust,dsuta,30,stage5ext_00124,228508a13bdcb59b6e981ab369677a052cfa1d9208ac95a44f5a910b5fb16d76e49d318b1a128dd5144453cc80734637f59383b09379191621b865980d923440,US English,us,"On farm visits, touching or feeding pigs should be prohibited.",ON FAR VISITS TOUCHING OR FITTING MIX SHOULD BE PROHIBITED,34812a7bced20da7e8f766469ee0a8d468049208df7c8876d38fa9924d0116b6
wav2vec2_large_robust,dsuta,31,stage5ext_00125,228508a13bdcb59b6e981ab369677a052cfa1d9208ac95a44f5a910b5fb16d76e49d318b1a128dd5144453cc80734637f59383b09379191621b865980d923440,US English,us,Noah worked on the album for two years.,NOAH WORKED ON THE ALBUM FOR TWO YEARS,5e3b3515ec3133122b4a8af5b35d94f4eede2a49d7dda60399e640722e40bc7e
wav2vec2_large_robust,dsuta,31,stage5ext_00126,228508a13bdcb59b6e981ab369677a052cfa1d9208ac95a44f5a910b5fb16d76e49d318b1a128dd5144453cc80734637f59383b09379191621b865980d923440,US English,us,"The family seat is Terling Place, near Terling, Essex.",THE FAMILIAR CITY STERLEN PLACE NEAR TELLING ESSEX,5e3b3515ec3133122b4a8af5b35d94f4eede2a49d7dda60399e640722e40bc7e
wav2vec2_large_robust,dsuta,31,stage5ext_00127,228508a13bdcb59b6e981ab369677a052cfa1d9208ac95a44f5a910b5fb16d76e49d318b1a128dd5144453cc80734637f59383b09379191621b865980d923440,US English,us,She then got underway for Leyte.,SHE THEN GOT ON THE WAY FOR LATE,5e3b3515ec3133122b4a8af5b35d94f4eede2a49d7dda60399e640722e40bc7e
wav2vec2_large_robust,dsuta,31,stage5ext_00128,228508a13bdcb59b6e981ab369677a052cfa1d9208ac95a44f5a910b5fb16d76e49d318b1a128dd5144453cc80734637f59383b09379191621b865980d923440,US English,us,His early work was on optical information processing.,HIS EARLY WORK WAS AN OPTICAL INFORMATION PROCESS THING,5e3b3515ec3133122b4a8af5b35d94f4eede2a49d7dda60399e640722e40bc7e
wav2vec2_large_robust,dsuta,32,stage5ext_00129,228508a13bdcb59b6e981ab369677a052cfa1d9208ac95a44f5a910b5fb16d76e49d318b1a128dd5144453cc80734637f59383b09379191621b865980d923440,US English,us,There is much shouting and gesticulation on the appearance of a new moon.,THERE IS MUCH SHOUTING AND GESTICULATION ON THE APPEARANCE OF A NEWN,d94e984b43e5b5a7a9f254bdbf637a66f7062cd3ee274b32f2e51d2eaa141e97
wav2vec2_large_robust,dsuta,32,stage5ext_00130,228508a13bdcb59b6e981ab369677a052cfa1d9208ac95a44f5a910b5fb16d76e49d318b1a128dd5144453cc80734637f59383b09379191621b865980d923440,US English,us,Previously this variety was believed to be lost.,PREVIOUSLY THIS VARIETY WAS BELIEVED TO BE LOST,d94e984b43e5b5a7a9f254bdbf637a66f7062cd3ee274b32f2e51d2eaa141e97
wav2vec2_large_robust,dsuta,32,stage5ext_00131,228508a13bdcb59b6e981ab369677a052cfa1d9208ac95a44f5a910b5fb16d76e49d318b1a128dd5144453cc80734637f59383b09379191621b865980d923440,US English,us,"Well, next morning, the husband was missing.",WELL NEXT MORNING THE HUSBAND WAS MISSING,d94e984b43e5b5a7a9f254bdbf637a66f7062cd3ee274b32f2e51d2eaa141e97
wav2vec2_large_robust,dsuta,32,stage5ext_00132,228508a13bdcb59b6e981ab369677a052cfa1d9208ac95a44f5a910b5fb16d76e49d318b1a128dd5144453cc80734637f59383b09379191621b865980d923440,US English,us,The heads are then like thongs and solemn in grain and grape-colour.,THE HEADS ARE THEN LIKE TONGS AND SAW EM THIN GREN IN THE GRAT COLOR,d94e984b43e5b5a7a9f254bdbf637a66f7062cd3ee274b32f2e51d2eaa141e97
wav2vec2_large_robust,dsuta,33,stage5ext_00133,228508a13bdcb59b6e981ab369677a052cfa1d9208ac95a44f5a910b5fb16d76e49d318b1a128dd5144453cc80734637f59383b09379191621b865980d923440,US English,us,"After retiring, Ehiogu founded his own record label, Dirty Hit.",AFTER RETIRING IHOKI FOUNDED HIS OWN RECORD LABEL DIRTAD,3b97aab02119e90f3c6d876ab6b8e8330f1f406fa6438194d2a1874bf9dfa44e
wav2vec2_large_robust,dsuta,33,stage5ext_00134,228508a13bdcb59b6e981ab369677a052cfa1d9208ac95a44f5a910b5fb16d76e49d318b1a128dd5144453cc80734637f59383b09379191621b865980d923440,US English,us,"Some credit ""earlier notions of political and juridical authority"" in Iran's Safavid period.",SOME CREDIT EARLIER NOTIONS OF POLITICAL AND JURIDICAL AUTHORITY IN ERAN'S SEFAWIT PERIOD,3b97aab02119e90f3c6d876ab6b8e8330f1f406fa6438194d2a1874bf9dfa44e
wav2vec2_large_robust,dsuta,33,stage5ext_00135,228508a13bdcb59b6e981ab369677a052cfa1d9208ac95a44f5a910b5fb16d76e49d318b1a128dd5144453cc80734637f59383b09379191621b865980d923440,US English,us,"George Washington Riggs died at his home, Green Hill, in Prince George's County, Maryland.",GEORGE WASHINGTON RIKS DIED AT HIS HOME GREENHILL IN PRINCE GEORGE'S COUNTY MERYLAND,3b97aab02119e90f3c6d876ab6b8e8330f1f406fa6438194d2a1874bf9dfa44e
wav2vec2_large_robust,dsuta,33,stage5ext_00136,720e559efbceae3ffa3e0df1e70d5d276564f71b02f1a3222c7dbbfa55811cbc4ad54045296d28ef121452051dd65e0253f9af4f519f65f29a0690726ba44253,US English,us,"The number of non-Muslim Sufis before the twentieth century, however, was usually relatively few.",THE NUMBER OF NON MUSLEM SUFES BEFORE THE TWENTIETH CENTURY HOWEVER WAS USUALLY RELATIVELY FEW,3b97aab02119e90f3c6d876ab6b8e8330f1f406fa6438194d2a1874bf9dfa44e
wav2vec2_large_robust,dsuta,34,stage5ext_00137,720e559efbceae3ffa3e0df1e70d5d276564f71b02f1a3222c7dbbfa55811cbc4ad54045296d28ef121452051dd65e0253f9af4f519f65f29a0690726ba44253,US English,us,"At the party, Jerry meets an attractive woman named Vanessa.",AT THE PARTY JERRY MEETS AN ATTRACTIVE WOMAN NAMED FINESSA,2fe59a75a75eb3792c9eb026541202d466e0dd9502937764254bd53f093ccf66
wav2vec2_large_robust,dsuta,34,stage5ext_00138,720e559efbceae3ffa3e0df1e70d5d276564f71b02f1a3222c7dbbfa55811cbc4ad54045296d28ef121452051dd65e0253f9af4f519f65f29a0690726ba44253,US English,us,Irulan herself appears in person only near the end of the novel.,IRULAN HERSELF APPEARS IN PERSON ONLY NEAR THE END OF THE NOVEL,2fe59a75a75eb3792c9eb026541202d466e0dd9502937764254bd53f093ccf66
wav2vec2_large_robust,dsuta,34,stage5ext_00139,720e559efbceae3ffa3e0df1e70d5d276564f71b02f1a3222c7dbbfa55811cbc4ad54045296d28ef121452051dd65e0253f9af4f519f65f29a0690726ba44253,US English,us,Jump is a yellow dog with brown patches and the pet dog of Tobio.,JUMP IS A YELLOW DOG WITH BROWN PATCHES AND THE PET DOG OF TOBIO,2fe59a75a75eb3792c9eb026541202d466e0dd9502937764254bd53f093ccf66
wav2vec2_large_robust,dsuta,34,stage5ext_00140,720e559efbceae3ffa3e0df1e70d5d276564f71b02f1a3222c7dbbfa55811cbc4ad54045296d28ef121452051dd65e0253f9af4f519f65f29a0690726ba44253,US English,us,It has some popular restaurants including The New Inn.,IT HAS SOME POPULAR RESTAURANTS INCLUDING THE NEW INN,2fe59a75a75eb3792c9eb026541202d466e0dd9502937764254bd53f093ccf66
wav2vec2_large_robust,dsuta,35,stage5ext_00141,720e559efbceae3ffa3e0df1e70d5d276564f71b02f1a3222c7dbbfa55811cbc4ad54045296d28ef121452051dd65e0253f9af4f519f65f29a0690726ba44253,US English,us,The families and genera within the orders are listed in alphabetical order.,THE FAMILIES AND GENERA WITHIN THE ORDERS ARE LISTED IN ALPHABETICAL ORDER,206b2b54182cd5183305a862275901d1b19e32b8a0bac96d8410b26bf01f7d8b
wav2vec2_large_robust,dsuta,35,stage5ext_00142,720e559efbceae3ffa3e0df1e70d5d276564f71b02f1a3222c7dbbfa55811cbc4ad54045296d28ef121452051dd65e0253f9af4f519f65f29a0690726ba44253,US English,us,"This practice remains an important ritual in some remote, tribal societies.",THIS PRACTICE REMAINS AN IMPORTANT RITUAL IN SOME REMOTE TRIBAL SOCIETIES,206b2b54182cd5183305a862275901d1b19e32b8a0bac96d8410b26bf01f7d8b
wav2vec2_large_robust,dsuta,35,stage5ext_00143,720e559efbceae3ffa3e0df1e70d5d276564f71b02f1a3222c7dbbfa55811cbc4ad54045296d28ef121452051dd65e0253f9af4f519f65f29a0690726ba44253,US English,us,A second game also included Carshalton College.,A SECOND GAME ALSO INCLUDED CARSHELTON COLLEGE,206b2b54182cd5183305a862275901d1b19e32b8a0bac96d8410b26bf01f7d8b
wav2vec2_large_robust,dsuta,35,stage5ext_00144,720e559efbceae3ffa3e0df1e70d5d276564f71b02f1a3222c7dbbfa55811cbc4ad54045296d28ef121452051dd65e0253f9af4f519f65f29a0690726ba44253,US English,us,Mareya micrantha is said to have local anaesthetic properties.,MAREA MACRANTHA IS SAID TO HAVE LOCAL ANESTHETIC PROPERTIES,206b2b54182cd5183305a862275901d1b19e32b8a0bac96d8410b26bf01f7d8b
wav2vec2_large_robust,dsuta,36,stage5ext_00145,720e559efbceae3ffa3e0df1e70d5d276564f71b02f1a3222c7dbbfa55811cbc4ad54045296d28ef121452051dd65e0253f9af4f519f65f29a0690726ba44253,US English,us,The expanded section included an enlarged bar.,THE EXPANDED SECTION INCLUDED AN ENLARGED BAR,1eccda51fc5c80e070d6994fb62a59ad7addaf0e53af07229baa1fa11dbb6451
wav2vec2_large_robust,dsuta,36,stage5ext_00146,720e559efbceae3ffa3e0df1e70d5d276564f71b02f1a3222c7dbbfa55811cbc4ad54045296d28ef121452051dd65e0253f9af4f519f65f29a0690726ba44253,US English,us,"This is in contrast to physiology, which deals primarily with function.",THIS IS IN CONTRAST TO PHYSIOLOGY WHICH DEALS PRIMARILY WITH FUNCTION,1eccda51fc5c80e070d6994fb62a59ad7addaf0e53af07229baa1fa11dbb6451
wav2vec2_large_robust,dsuta,36,stage5ext_00147,720e559efbceae3ffa3e0df1e70d5d276564f71b02f1a3222c7dbbfa55811cbc4ad54045296d28ef121452051dd65e0253f9af4f519f65f29a0690726ba44253,US English,us,"When his wife died, Acosta retired and went to live in a hermitage.",WHEN HIS WIFE DIED ACOSTA RETIRED AND WENT TO LIVE IN A HERMITAGE,1eccda51fc5c80e070d6994fb62a59ad7addaf0e53af07229baa1fa11dbb6451
wav2vec2_large_robust,dsuta,36,stage5ext_00148,720e559efbceae3ffa3e0df1e70d5d276564f71b02f1a3222c7dbbfa55811cbc4ad54045296d28ef121452051dd65e0253f9af4f519f65f29a0690726ba44253,US English,us,McNab ruled with an iron fist over the Scottish settlers.,MC NAB RULED WITH AN IRON FIST OVER THE SCOTTISH SETTLERS,1eccda51fc5c80e070d6994fb62a59ad7addaf0e53af07229baa1fa11dbb6451
wav2vec2_large_robust,dsuta,37,stage5ext_00149,720e559efbceae3ffa3e0df1e70d5d276564f71b02f1a3222c7dbbfa55811cbc4ad54045296d28ef121452051dd65e0253f9af4f519f65f29a0690726ba44253,US English,us,"Ricci played a young detective who temporarily partners with Grace, played by Holly Hunter.",RICKI PLAYED A YOUNG DETECTIVE WHO TEMPORARILY PARTNERS WITH GRACE PLAYED BY HOLLY HUNTER,7cc17ecded77915e4cb22094b2bb43bf1416d716fe815c6858353a20895889db
wav2vec2_large_robust,dsuta,37,stage5ext_00150,720e559efbceae3ffa3e0df1e70d5d276564f71b02f1a3222c7dbbfa55811cbc4ad54045296d28ef121452051dd65e0253f9af4f519f65f29a0690726ba44253,US English,us,"It would, in effect, paralyse their co-operation.",IT WOULD IN EFFECT PARALYZE THEIR CO OPERATION,7cc17ecded77915e4cb22094b2bb43bf1416d716fe815c6858353a20895889db
wav2vec2_large_robust,dsuta,37,stage5ext_00151,fd0dff3b5f07ca5531d539b5a2d98730836ad0aa3e1b6526ad93f596c546212f2e9c6152141a6d6a86254fe36668b66427df0e1588645c1756157fb92705969a,England English,england,I'm playing for keeps.,I'M BERE FOR KEEPS,7cc17ecded77915e4cb22094b2bb43bf1416d716fe815c6858353a20895889db
wav2vec2_large_robust,dsuta,37,stage5ext_00152,fd0dff3b5f07ca5531d539b5a2d98730836ad0aa3e1b6526ad93f596c546212f2e9c6152141a6d6a86254fe36668b66427df0e1588645c1756157fb92705969a,England English,england,His old Ferrari has been compacted to a small cube of metal at the junkyard.,HIS OLD FERARI HAS BEEN COMPACTED TO A SMALL CUBE OF METAL AT THE JUNK YARD,7cc17ecded77915e4cb22094b2bb43bf1416d716fe815c6858353a20895889db
wav2vec2_large_robust,dsuta,38,stage5ext_00153,fd0dff3b5f07ca5531d539b5a2d98730836ad0aa3e1b6526ad93f596c546212f2e9c6152141a6d6a86254fe36668b66427df0e1588645c1756157fb92705969a,England English,england,There was no response from the elders.,THERE WAS NO RESPONSE FROM THE ODERS,7a14030778b46da95ac2c6afd413ec1d43ced6855e49b9c8dc1af68a323548ee
wav2vec2_large_robust,dsuta,38,stage5ext_00154,fd0dff3b5f07ca5531d539b5a2d98730836ad0aa3e1b6526ad93f596c546212f2e9c6152141a6d6a86254fe36668b66427df0e1588645c1756157fb92705969a,England English,england,You're hurting my sore foot.,YOU ARE HURTING MY SORE FOOT,7a14030778b46da95ac2c6afd413ec1d43ced6855e49b9c8dc1af68a323548ee
wav2vec2_large_robust,dsuta,38,stage5ext_00155,fd0dff3b5f07ca5531d539b5a2d98730836ad0aa3e1b6526ad93f596c546212f2e9c6152141a6d6a86254fe36668b66427df0e1588645c1756157fb92705969a,England English,england,Studying these key phrases will help you while traveling.,STUDYING THESE KEY PHRASES WILL HELP YOU WHILE TRAVELLING,7a14030778b46da95ac2c6afd413ec1d43ced6855e49b9c8dc1af68a323548ee
wav2vec2_large_robust,dsuta,38,stage5ext_00156,fd0dff3b5f07ca5531d539b5a2d98730836ad0aa3e1b6526ad93f596c546212f2e9c6152141a6d6a86254fe36668b66427df0e1588645c1756157fb92705969a,England English,england,Mary told me that she got to meet up with you while she was back in San Francisco.,MARY TOLD ME SHE GOT TO MEET UP WITH YOU WHILE YOU WERE BACK IN SAN FRANCISCO,7a14030778b46da95ac2c6afd413ec1d43ced6855e49b9c8dc1af68a323548ee
wav2vec2_large_robust,dsuta,39,stage5ext_00157,fd0dff3b5f07ca5531d539b5a2d98730836ad0aa3e1b6526ad93f596c546212f2e9c6152141a6d6a86254fe36668b66427df0e1588645c1756157fb92705969a,England English,england,Look on the third shelf back of the eye wash.,LOOK ON THE THIRD SHELF BACK OF THE A WOF,05623f24706986081487ed8efc3ad40a840a1686054d1754f2d9e014604851a4
wav2vec2_large_robust,dsuta,39,stage5ext_00158,fd0dff3b5f07ca5531d539b5a2d98730836ad0aa3e1b6526ad93f596c546212f2e9c6152141a6d6a86254fe36668b66427df0e1588645c1756157fb92705969a,England English,england,It was Linda Keller!,IT WAS LINDA KELLER,05623f24706986081487ed8efc3ad40a840a1686054d1754f2d9e014604851a4
wav2vec2_large_robust,dsuta,39,stage5ext_00159,fd0dff3b5f07ca5531d539b5a2d98730836ad0aa3e1b6526ad93f596c546212f2e9c6152141a6d6a86254fe36668b66427df0e1588645c1756157fb92705969a,England English,england,Neil Armstrong was the first man to step foot on the moon.,NAL ARMSTRONG WAS THE FIRST MAN TO STET FOOT ON THE MOON,05623f24706986081487ed8efc3ad40a840a1686054d1754f2d9e014604851a4
wav2vec2_large_robust,dsuta,39,stage5ext_00160,fd0dff3b5f07ca5531d539b5a2d98730836ad0aa3e1b6526ad93f596c546212f2e9c6152141a6d6a86254fe36668b66427df0e1588645c1756157fb92705969a,England English,england,You go on and practice.,YOU GO ON AND PRACTICE,05623f24706986081487ed8efc3ad40a840a1686054d1754f2d9e014604851a4
wav2vec2_large_robust,dsuta,40,stage5ext_00161,fd0dff3b5f07ca5531d539b5a2d98730836ad0aa3e1b6526ad93f596c546212f2e9c6152141a6d6a86254fe36668b66427df0e1588645c1756157fb92705969a,England English,england,Storm increasing over the Rockies.,STORM INCREASING OVER THE ROCKIES,bf15ef5ae15ff5bd2cd21cd5a2f1fa7056e6e9905e84e31915fab236cd67c4a4
wav2vec2_large_robust,dsuta,40,stage5ext_00162,fd0dff3b5f07ca5531d539b5a2d98730836ad0aa3e1b6526ad93f596c546212f2e9c6152141a6d6a86254fe36668b66427df0e1588645c1756157fb92705969a,England English,england,Witnesses report two armed suspects and four hostages.,WITNESSES REPORT TWO ARMED SUSPECTS AND FOUR HOSTAGES,bf15ef5ae15ff5bd2cd21cd5a2f1fa7056e6e9905e84e31915fab236cd67c4a4
wav2vec2_large_robust,dsuta,40,stage5ext_00163,fd0dff3b5f07ca5531d539b5a2d98730836ad0aa3e1b6526ad93f596c546212f2e9c6152141a6d6a86254fe36668b66427df0e1588645c1756157fb92705969a,England English,england,"If you know of other games that play well with hands-free control, please post in the comments.",IF YOU KNOW OF OTHER GAMES THAT PLAY ROLL WITH HANDS FREE CONTROL PLEASE POST IN THE COMMENT,bf15ef5ae15ff5bd2cd21cd5a2f1fa7056e6e9905e84e31915fab236cd67c4a4
wav2vec2_large_robust,dsuta,40,stage5ext_00164,fd0dff3b5f07ca5531d539b5a2d98730836ad0aa3e1b6526ad93f596c546212f2e9c6152141a6d6a86254fe36668b66427df0e1588645c1756157fb92705969a,England English,england,"Two caribous in a queue, they didn't have a clue, that I was using their flue, to write a poem for you.",TWO CARABOOS IN A CU THEY DIDN'T HAVE A PLUT THAT I WAS USING THAT FLUE TO WRITE A POEM FOR YOU,bf15ef5ae15ff5bd2cd21cd5a2f1fa7056e6e9905e84e31915fab236cd67c4a4
wav2vec2_large_robust,dsuta,41,stage5ext_00165,fd0dff3b5f07ca5531d539b5a2d98730836ad0aa3e1b6526ad93f596c546212f2e9c6152141a6d6a86254fe36668b66427df0e1588645c1756157fb92705969a,England English,england,With a bag of marshmallows.,WITH A BAG OF MARSH MEADOWS,1583eab6739484ae74344c6bb104327c21c90998177332be78da403fcfde8012
wav2vec2_large_robust,dsuta,41,stage5ext_00166,fdcab9861a3de8913b99470efefdd496f7500e233d7a34a4bf246ca2321426334f7206282773114305bb5b045ee084a0c9e50c6160fc40ac34ba2009e1997f8f,England English,england,"Teresa, Mildrid, Ralph, and Vonda all arrived yesterday evening.",TERESA MILDRED WALPH AND BUNDA ALL ARRIVED YESTERDAY EVENING,1583eab6739484ae74344c6bb104327c21c90998177332be78da403fcfde8012
wav2vec2_large_robust,dsuta,41,stage5ext_00167,fdcab9861a3de8913b99470efefdd496f7500e233d7a34a4bf246ca2321426334f7206282773114305bb5b045ee084a0c9e50c6160fc40ac34ba2009e1997f8f,England English,england,"Somehow, the paragraphs blurred into each other.",SOMEHOW THE PARAGRAPHS BLURRED INTO EACH OTHER,1583eab6739484ae74344c6bb104327c21c90998177332be78da403fcfde8012
wav2vec2_large_robust,dsuta,41,stage5ext_00168,fdcab9861a3de8913b99470efefdd496f7500e233d7a34a4bf246ca2321426334f7206282773114305bb5b045ee084a0c9e50c6160fc40ac34ba2009e1997f8f,England English,england,"Now, attend to me.",NOW ATTEND TO ME,1583eab6739484ae74344c6bb104327c21c90998177332be78da403fcfde8012
wav2vec2_large_robust,dsuta,42,stage5ext_00169,fdcab9861a3de8913b99470efefdd496f7500e233d7a34a4bf246ca2321426334f7206282773114305bb5b045ee084a0c9e50c6160fc40ac34ba2009e1997f8f,England English,england,"Oh man, I think I got friend-zoned once again.",OH MAN I'L THINK I'VE GOT FRIEND SOWNED ONCE AGAIN,aabe8946e9a06d1d580dbf060b2da6262fd03fbd51f91bf75a0a2558cd314cf3
wav2vec2_large_robust,dsuta,42,stage5ext_00170,fdcab9861a3de8913b99470efefdd496f7500e233d7a34a4bf246ca2321426334f7206282773114305bb5b045ee084a0c9e50c6160fc40ac34ba2009e1997f8f,England English,england,"Hooray, we're going to Alaska!",WHOAY WE'RE GOING TO ALASKA,aabe8946e9a06d1d580dbf060b2da6262fd03fbd51f91bf75a0a2558cd314cf3
wav2vec2_large_robust,dsuta,42,stage5ext_00171,fdcab9861a3de8913b99470efefdd496f7500e233d7a34a4bf246ca2321426334f7206282773114305bb5b045ee084a0c9e50c6160fc40ac34ba2009e1997f8f,England English,england,"The landing was dimly light by a single, bare, low-power light-bulb.",THE LANDING WAS DIMLY LIT BY A SINGLE BAR NO POWER LIGHTBOLD,aabe8946e9a06d1d580dbf060b2da6262fd03fbd51f91bf75a0a2558cd314cf3
wav2vec2_large_robust,dsuta,42,stage5ext_00172,fdcab9861a3de8913b99470efefdd496f7500e233d7a34a4bf246ca2321426334f7206282773114305bb5b045ee084a0c9e50c6160fc40ac34ba2009e1997f8f,England English,england,Aren't we godlike?,AREN'T WE BUBLIKE,aabe8946e9a06d1d580dbf060b2da6262fd03fbd51f91bf75a0a2558cd314cf3
wav2vec2_large_robust,dsuta,43,stage5ext_00173,fdcab9861a3de8913b99470efefdd496f7500e233d7a34a4bf246ca2321426334f7206282773114305bb5b045ee084a0c9e50c6160fc40ac34ba2009e1997f8f,England English,england,Where is my dress?,WHERE IS MY DRESS,bfd9f11231fd6990f4efad1c67375772f66cd9f2e2e8da07a281c2bf2b7612d5
wav2vec2_large_robust,dsuta,43,stage5ext_00174,fdcab9861a3de8913b99470efefdd496f7500e233d7a34a4bf246ca2321426334f7206282773114305bb5b045ee084a0c9e50c6160fc40ac34ba2009e1997f8f,England English,england,Where are you going?,WHERE ARE YOU GOING,bfd9f11231fd6990f4efad1c67375772f66cd9f2e2e8da07a281c2bf2b7612d5
wav2vec2_large_robust,dsuta,43,stage5ext_00175,fdcab9861a3de8913b99470efefdd496f7500e233d7a34a4bf246ca2321426334f7206282773114305bb5b045ee084a0c9e50c6160fc40ac34ba2009e1997f8f,England English,england,"When you're at a party and somebody says ""banana bread"", a sniper might be near you.",WHEN YOU'RE AT A PARTY AND SOMEBODY SAYS BANANA BREAD A SNIPER MIGHT BE NEAR YOU,bfd9f11231fd6990f4efad1c67375772f66cd9f2e2e8da07a281c2bf2b7612d5
wav2vec2_large_robust,dsuta,43,stage5ext_00176,fdcab9861a3de8913b99470efefdd496f7500e233d7a34a4bf246ca2321426334f7206282773114305bb5b045ee084a0c9e50c6160fc40ac34ba2009e1997f8f,England English,england,"She was beautiful from behind, but he couldn't see her face yet.",SHE WAS BEAUTIFUL FROM BEHIND BUT HE COULDN'T SEE HER FACE YET,bfd9f11231fd6990f4efad1c67375772f66cd9f2e2e8da07a281c2bf2b7612d5
wav2vec2_large_robust,dsuta,44,stage5ext_00177,fdcab9861a3de8913b99470efefdd496f7500e233d7a34a4bf246ca2321426334f7206282773114305bb5b045ee084a0c9e50c6160fc40ac34ba2009e1997f8f,England English,england,Didn't you know that?,DIDN'T SHE KNOW THAT,3fd7be344cb5e65b43eec7692580e9c0ed6082a9b196ef561cb38d5f9e85ad19
wav2vec2_large_robust,dsuta,44,stage5ext_00178,fdcab9861a3de8913b99470efefdd496f7500e233d7a34a4bf246ca2321426334f7206282773114305bb5b045ee084a0c9e50c6160fc40ac34ba2009e1997f8f,England English,england,What else can I do?,WHAT ELSE CAN I DO,3fd7be344cb5e65b43eec7692580e9c0ed6082a9b196ef561cb38d5f9e85ad19
wav2vec2_large_robust,dsuta,44,stage5ext_00179,fdcab9861a3de8913b99470efefdd496f7500e233d7a34a4bf246ca2321426334f7206282773114305bb5b045ee084a0c9e50c6160fc40ac34ba2009e1997f8f,England English,england,May I borrow your bolster?,MAY I BORROW YOUR BOLSTER,3fd7be344cb5e65b43eec7692580e9c0ed6082a9b196ef561cb38d5f9e85ad19
wav2vec2_large_robust,dsuta,44,stage5ext_00180,fdcab9861a3de8913b99470efefdd496f7500e233d7a34a4bf246ca2321426334f7206282773114305bb5b045ee084a0c9e50c6160fc40ac34ba2009e1997f8f,England English,england,"They walked in from the rain, all dishevelled and steaming.",THEY WALKED IN FROM THE RAIN ALL DISHEVELED AND STEAMING,3fd7be344cb5e65b43eec7692580e9c0ed6082a9b196ef561cb38d5f9e85ad19
wav2vec2_large_robust,dsuta,45,stage5ext_00181,7485d1e4fd50cc3801883f44ba2eaca4d5d18deb062c87bb6dd533c6db6cdca2a4b53ec84620337d88bc4417c254ba46b7f21517d0bec5305dd08e43c791410c,England English,england,Both have a notably red eye.,BOTH HAVE A NOTABLY RED EYE,ac21759ac0e8995ea2d0f88013b25f579da81d6debae9c168f401d2aede29589
wav2vec2_large_robust,dsuta,45,stage5ext_00182,7485d1e4fd50cc3801883f44ba2eaca4d5d18deb062c87bb6dd533c6db6cdca2a4b53ec84620337d88bc4417c254ba46b7f21517d0bec5305dd08e43c791410c,England English,england,"At the conclusion of the season, Kerry and ThorSport Racing went their separate ways.",AT THE CONCLUSION OF THE SEASON CERRY AND THAUSPORT RACING WENT THEIR SEPARATE WAYS,ac21759ac0e8995ea2d0f88013b25f579da81d6debae9c168f401d2aede29589
wav2vec2_large_robust,dsuta,45,stage5ext_00183,7485d1e4fd50cc3801883f44ba2eaca4d5d18deb062c87bb6dd533c6db6cdca2a4b53ec84620337d88bc4417c254ba46b7f21517d0bec5305dd08e43c791410c,England English,england,Prasterone is a steroid hormone.,PRASTERON IS A STEROID HORMON,ac21759ac0e8995ea2d0f88013b25f579da81d6debae9c168f401d2aede29589
wav2vec2_large_robust,dsuta,45,stage5ext_00184,7485d1e4fd50cc3801883f44ba2eaca4d5d18deb062c87bb6dd533c6db6cdca2a4b53ec84620337d88bc4417c254ba46b7f21517d0bec5305dd08e43c791410c,England English,england,"A natural key is sometimes called ""domain key"".",A NATURAL KEY IS SOMETIMES CALLED DOMAIN KEY,ac21759ac0e8995ea2d0f88013b25f579da81d6debae9c168f401d2aede29589
wav2vec2_large_robust,dsuta,46,stage5ext_00185,7485d1e4fd50cc3801883f44ba2eaca4d5d18deb062c87bb6dd533c6db6cdca2a4b53ec84620337d88bc4417c254ba46b7f21517d0bec5305dd08e43c791410c,England English,england,In China also along with Confucianism developed the tradition of Legalism.,IN CHINA ALSO ALONG WITH CONFUCIANISM DEVELOPED THE TRADITION OF LEGALISM,4221ae136f82b8160d3360972c3bea5f1df6d75cfd4cedb553ff96615984658e
wav2vec2_large_robust,dsuta,46,stage5ext_00186,7485d1e4fd50cc3801883f44ba2eaca4d5d18deb062c87bb6dd533c6db6cdca2a4b53ec84620337d88bc4417c254ba46b7f21517d0bec5305dd08e43c791410c,England English,england,"Deeley describes her religious affiliation as Anglican, although she was not christened.",DEELY DESCRIBED HER RELIGIOUS AFFILIATIONS AS ANGLICAN ALTHOUGH SHE WAS NOT CHRISTENED,4221ae136f82b8160d3360972c3bea5f1df6d75cfd4cedb553ff96615984658e
wav2vec2_large_robust,dsuta,46,stage5ext_00187,7485d1e4fd50cc3801883f44ba2eaca4d5d18deb062c87bb6dd533c6db6cdca2a4b53ec84620337d88bc4417c254ba46b7f21517d0bec5305dd08e43c791410c,England English,england,The program highlighted Chadwick's hometown of San Diego.,THE PROGRAMME HIGH LIGHTED CHADWICK'S HOMETOWN OF SAN DIEGO,4221ae136f82b8160d3360972c3bea5f1df6d75cfd4cedb553ff96615984658e
wav2vec2_large_robust,dsuta,46,stage5ext_00188,7485d1e4fd50cc3801883f44ba2eaca4d5d18deb062c87bb6dd533c6db6cdca2a4b53ec84620337d88bc4417c254ba46b7f21517d0bec5305dd08e43c791410c,England English,england,"The township calls itself ""New Jersey's Largest Municipality"" on its stationery and its website.",THE TOWNSHIP CALLS ITSELF NEW JERSEY'S LARGEST MUNICIPALITY ON ITS STATIONARY AND ITS WEBSIGHT,4221ae136f82b8160d3360972c3bea5f1df6d75cfd4cedb553ff96615984658e
wav2vec2_large_robust,dsuta,47,stage5ext_00189,7485d1e4fd50cc3801883f44ba2eaca4d5d18deb062c87bb6dd533c6db6cdca2a4b53ec84620337d88bc4417c254ba46b7f21517d0bec5305dd08e43c791410c,England English,england,Morrow County is considered to be a part of Mid Ohio.,MORROW COUNTY IS CONSIDERED TO BE PART OF MID OHIO,901b50afec75a6d8d2fbcb58b23065111a0fa267fe3dafc340d932676320c76a
wav2vec2_large_robust,dsuta,47,stage5ext_00190,7485d1e4fd50cc3801883f44ba2eaca4d5d18deb062c87bb6dd533c6db6cdca2a4b53ec84620337d88bc4417c254ba46b7f21517d0bec5305dd08e43c791410c,England English,england,Bryan disliked the Klan but never publicly attacked it.,BRYAN DISLIKED THE CLAN BUT NEVER PUBLICLY ATTACKED IT,901b50afec75a6d8d2fbcb58b23065111a0fa267fe3dafc340d932676320c76a
wav2vec2_large_robust,dsuta,47,stage5ext_00191,7485d1e4fd50cc3801883f44ba2eaca4d5d18deb062c87bb6dd533c6db6cdca2a4b53ec84620337d88bc4417c254ba46b7f21517d0bec5305dd08e43c791410c,England English,england,The area around present-day Yokosuka city has been inhabited for thousands of years.,THE AREA AROUND PRESENT DAY YOKO SUKA CITY HAS BEEN INHABITED FOR THOUSANDS OF YEARS,901b50afec75a6d8d2fbcb58b23065111a0fa267fe3dafc340d932676320c76a
wav2vec2_large_robust,dsuta,47,stage5ext_00192,7485d1e4fd50cc3801883f44ba2eaca4d5d18deb062c87bb6dd533c6db6cdca2a4b53ec84620337d88bc4417c254ba46b7f21517d0bec5305dd08e43c791410c,England English,england,Original music for the film was composed by Rachel Portman.,ORIGINAL MUSIC FOR THE FILM WAS COMPOSED BY RACHEL PORTMAN,901b50afec75a6d8d2fbcb58b23065111a0fa267fe3dafc340d932676320c76a
wav2vec2_large_robust,dsuta,48,stage5ext_00193,7485d1e4fd50cc3801883f44ba2eaca4d5d18deb062c87bb6dd533c6db6cdca2a4b53ec84620337d88bc4417c254ba46b7f21517d0bec5305dd08e43c791410c,England English,england,It has a Rocky Top address.,IT HAS A ROCKY TOP ADDRESS,0fc382001be1715657f87c171914998c0dcb1df26d7aac19bc141d0f36ce1e3f
wav2vec2_large_robust,dsuta,48,stage5ext_00194,7485d1e4fd50cc3801883f44ba2eaca4d5d18deb062c87bb6dd533c6db6cdca2a4b53ec84620337d88bc4417c254ba46b7f21517d0bec5305dd08e43c791410c,England English,england,He was also created the Marquess of Hedong.,HE WAS ALSO CREATED THE MARQUIS OF HENDONG,0fc382001be1715657f87c171914998c0dcb1df26d7aac19bc141d0f36ce1e3f
wav2vec2_large_robust,dsuta,48,stage5ext_00195,7485d1e4fd50cc3801883f44ba2eaca4d5d18deb062c87bb6dd533c6db6cdca2a4b53ec84620337d88bc4417c254ba46b7f21517d0bec5305dd08e43c791410c,England English,england,"However, there are strong reasons to doubt that this is him.",HOWEVER THERE ARE STRONG REASONS TO DOUBT THAT THIS IS HIM,0fc382001be1715657f87c171914998c0dcb1df26d7aac19bc141d0f36ce1e3f
wav2vec2_large_robust,dsuta,48,stage5ext_00196,3660ede2a2a5b5d649342a4a5c04e6b398b1247566aad9c6f059a84e8fa5405dd489100055b29dec8fa9b337b3661c001754f4f302bb85bd39eac24bee4023fe,England English,england,The old man returned the book to the boy.,THE OLD MAN RETURNED THE BOOK TO THE BOY,0fc382001be1715657f87c171914998c0dcb1df26d7aac19bc141d0f36ce1e3f
wav2vec2_large_robust,dsuta,49,stage5ext_00197,3660ede2a2a5b5d649342a4a5c04e6b398b1247566aad9c6f059a84e8fa5405dd489100055b29dec8fa9b337b3661c001754f4f302bb85bd39eac24bee4023fe,England English,england,"From where he sat, he could observe the plaza.",FROM WHERE HE SAT HE COULD OBSERVE THE PLAZA,045438cbfb51a23b65166b2f1dc5db8c145f43e99b19dcaeac68f4addc1243b2
wav2vec2_large_robust,dsuta,49,stage5ext_00198,3660ede2a2a5b5d649342a4a5c04e6b398b1247566aad9c6f059a84e8fa5405dd489100055b29dec8fa9b337b3661c001754f4f302bb85bd39eac24bee4023fe,England English,england,He could always go back to being a shepherd.,HE COULD ALWAYS GO BACK TO BEING A SHEPHERD,045438cbfb51a23b65166b2f1dc5db8c145f43e99b19dcaeac68f4addc1243b2
wav2vec2_large_robust,dsuta,49,stage5ext_00199,3660ede2a2a5b5d649342a4a5c04e6b398b1247566aad9c6f059a84e8fa5405dd489100055b29dec8fa9b337b3661c001754f4f302bb85bd39eac24bee4023fe,England English,england,A large piece suddenly came off and fell with a loud and sharp noise.,A LARGE PIECE SUDDENLY CAME OFF AND FELL WITH A LOUD AND SHARP NOISE,045438cbfb51a23b65166b2f1dc5db8c145f43e99b19dcaeac68f4addc1243b2
wav2vec2_large_robust,dsuta,49,stage5ext_00200,3660ede2a2a5b5d649342a4a5c04e6b398b1247566aad9c6f059a84e8fa5405dd489100055b29dec8fa9b337b3661c001754f4f302bb85bd39eac24bee4023fe,England English,england,The boy thought of Fatima.,THE BOY THOUGHT OF FATIMAR,045438cbfb51a23b65166b2f1dc5db8c145f43e99b19dcaeac68f4addc1243b2
wav2vec2_large_robust,dsuta,50,stage5ext_00201,3660ede2a2a5b5d649342a4a5c04e6b398b1247566aad9c6f059a84e8fa5405dd489100055b29dec8fa9b337b3661c001754f4f302bb85bd39eac24bee4023fe,England English,england,"Curse the moment I met that old man, he thought.",CURSE THE MOMENT I MEANT THAT OLD MAN HE THOUGHT,e35228cd8428fc139667d1726870e88a6eceb9294e2d9c1e8ee559957d267e13
wav2vec2_large_robust,dsuta,50,stage5ext_00202,3660ede2a2a5b5d649342a4a5c04e6b398b1247566aad9c6f059a84e8fa5405dd489100055b29dec8fa9b337b3661c001754f4f302bb85bd39eac24bee4023fe,England English,england,"Something older than humanity, more ancient than the desert.",SOMETHING OLDER THAN HUMANITY MORE ANCIENT THAN THE DESERT,e35228cd8428fc139667d1726870e88a6eceb9294e2d9c1e8ee559957d267e13
wav2vec2_large_robust,dsuta,50,stage5ext_00203,3660ede2a2a5b5d649342a4a5c04e6b398b1247566aad9c6f059a84e8fa5405dd489100055b29dec8fa9b337b3661c001754f4f302bb85bd39eac24bee4023fe,England English,england,The boy became fearful; the omens told him that something was wrong.,THE BOY BECAME FEARFUL THE OMENS TOLD HIM THAT SOMETHING WAS WRONG,e35228cd8428fc139667d1726870e88a6eceb9294e2d9c1e8ee559957d267e13
wav2vec2_large_robust,dsuta,50,stage5ext_00204,3660ede2a2a5b5d649342a4a5c04e6b398b1247566aad9c6f059a84e8fa5405dd489100055b29dec8fa9b337b3661c001754f4f302bb85bd39eac24bee4023fe,England English,england,The turf and gravel around it seemed charred as if by a sudden explosion.,THE TURF AND GRAVEL AROUND IT SEEMED CHARRED AS IF BY A SUDDEN EXPLOSION,e35228cd8428fc139667d1726870e88a6eceb9294e2d9c1e8ee559957d267e13
wav2vec2_large_robust,dsuta,51,stage5ext_00205,3660ede2a2a5b5d649342a4a5c04e6b398b1247566aad9c6f059a84e8fa5405dd489100055b29dec8fa9b337b3661c001754f4f302bb85bd39eac24bee4023fe,England English,england,"Everything in the universe evolved, he said.",EVERYTHING IN THE UNIVERSE EVOLVED HE SAID,09f3816a51790fd7517db8884d6b3db01b2172475650bcb5e2b98f3405fcca58
wav2vec2_large_robust,dsuta,51,stage5ext_00206,3660ede2a2a5b5d649342a4a5c04e6b398b1247566aad9c6f059a84e8fa5405dd489100055b29dec8fa9b337b3661c001754f4f302bb85bd39eac24bee4023fe,England English,england,He stood irresolute for a moment and then scrambled out of the pit.,HE STOOD IRRESOLUTE FOR A MOMENT AND THEN SCRAMBLED OUT OF THE PIT,09f3816a51790fd7517db8884d6b3db01b2172475650bcb5e2b98f3405fcca58
wav2vec2_large_robust,dsuta,51,stage5ext_00207,3660ede2a2a5b5d649342a4a5c04e6b398b1247566aad9c6f059a84e8fa5405dd489100055b29dec8fa9b337b3661c001754f4f302bb85bd39eac24bee4023fe,England English,england,They reminded him of the old man.,THEY REMINDED HIM OF THE OLD MAN,09f3816a51790fd7517db8884d6b3db01b2172475650bcb5e2b98f3405fcca58
wav2vec2_large_robust,dsuta,51,stage5ext_00208,3660ede2a2a5b5d649342a4a5c04e6b398b1247566aad9c6f059a84e8fa5405dd489100055b29dec8fa9b337b3661c001754f4f302bb85bd39eac24bee4023fe,England English,england,It made me very depressed.,IT MADE ME VERY DEPRESSED,09f3816a51790fd7517db8884d6b3db01b2172475650bcb5e2b98f3405fcca58
wav2vec2_large_robust,dsuta,52,stage5ext_00209,3660ede2a2a5b5d649342a4a5c04e6b398b1247566aad9c6f059a84e8fa5405dd489100055b29dec8fa9b337b3661c001754f4f302bb85bd39eac24bee4023fe,England English,england,"The desert takes our men from us, and they don't always return, she said.",THE DESERT TAKES OUR MEN FROM US AND THEY DON'T ALWAYS RETURN SHE SAID,d1083458ef3ad3f055c520e5ebd55344105d565412a1ca58f0cf405556bea453
wav2vec2_large_robust,dsuta,52,stage5ext_00210,3660ede2a2a5b5d649342a4a5c04e6b398b1247566aad9c6f059a84e8fa5405dd489100055b29dec8fa9b337b3661c001754f4f302bb85bd39eac24bee4023fe,England English,england,"I'm not going very far, the alchemist answered, looking straight into the eyes of the horsemen.",I'M NOT GOING VERY FAR THE ALKAIST ANSWERED LOOKING STRAIGHT INTO THE EYES OF THE HORSEMAN,d1083458ef3ad3f055c520e5ebd55344105d565412a1ca58f0cf405556bea453
wav2vec2_large_robust,dsuta,52,stage5ext_00211,8a8222dab0c0c42714216b9bd4c9df455639a8ab6bf3e8b9f2bfcacf53429403cad2b28435366b158f4e53f423dd2371753476ff45cef46cde7012b3f749dd14,England English,england,How can I help you madam?,HOW CAN I HELP YOU MADAME,d1083458ef3ad3f055c520e5ebd55344105d565412a1ca58f0cf405556bea453
wav2vec2_large_robust,dsuta,52,stage5ext_00212,8a8222dab0c0c42714216b9bd4c9df455639a8ab6bf3e8b9f2bfcacf53429403cad2b28435366b158f4e53f423dd2371753476ff45cef46cde7012b3f749dd14,England English,england,"The very next day, he woke refreshed.",THE VERY NEXT DAY HE WOKE REFRESHED,d1083458ef3ad3f055c520e5ebd55344105d565412a1ca58f0cf405556bea453
wav2vec2_large_robust,dsuta,53,stage5ext_00213,8a8222dab0c0c42714216b9bd4c9df455639a8ab6bf3e8b9f2bfcacf53429403cad2b28435366b158f4e53f423dd2371753476ff45cef46cde7012b3f749dd14,England English,england,"The C++ framework Qt is pronounced like ""cute"".",THE SE PLUT PLUS FRAMEWORK CU T IS PRONOUNCED LIKE CUTES,00905bf63acca7df2a643ca90d8f22622af1245a231871d96c1330b2cdfa67dd
wav2vec2_large_robust,dsuta,53,stage5ext_00214,8a8222dab0c0c42714216b9bd4c9df455639a8ab6bf3e8b9f2bfcacf53429403cad2b28435366b158f4e53f423dd2371753476ff45cef46cde7012b3f749dd14,England English,england,"Please use normal slashes, not backslashes.",PLEASE USE NORMAL SLASHES NOT BACK SLASHES,00905bf63acca7df2a643ca90d8f22622af1245a231871d96c1330b2cdfa67dd
wav2vec2_large_robust,dsuta,53,stage5ext_00215,8a8222dab0c0c42714216b9bd4c9df455639a8ab6bf3e8b9f2bfcacf53429403cad2b28435366b158f4e53f423dd2371753476ff45cef46cde7012b3f749dd14,England English,england,What did I tell you?,WHAT DID I TELL YOU,00905bf63acca7df2a643ca90d8f22622af1245a231871d96c1330b2cdfa67dd
wav2vec2_large_robust,dsuta,53,stage5ext_00216,8a8222dab0c0c42714216b9bd4c9df455639a8ab6bf3e8b9f2bfcacf53429403cad2b28435366b158f4e53f423dd2371753476ff45cef46cde7012b3f749dd14,England English,england,"They are very impressive, I will admit.",THEY ARE VERY IMPRESSIVE I WILL ADMIT,00905bf63acca7df2a643ca90d8f22622af1245a231871d96c1330b2cdfa67dd
wav2vec2_large_robust,dsuta,54,stage5ext_00217,8a8222dab0c0c42714216b9bd4c9df455639a8ab6bf3e8b9f2bfcacf53429403cad2b28435366b158f4e53f423dd2371753476ff45cef46cde7012b3f749dd14,England English,england,"On his visit in Iran, the diplomat criticized the strict censorship.",ON HIS VES AN IRON THE DIPLOMAT CRITICIZED THE STRICT CENSORSHIP,f15ba1b6822398567b5ca66431ee11491064e451cd366d41b97a7951b996b442
wav2vec2_large_robust,dsuta,54,stage5ext_00218,8a8222dab0c0c42714216b9bd4c9df455639a8ab6bf3e8b9f2bfcacf53429403cad2b28435366b158f4e53f423dd2371753476ff45cef46cde7012b3f749dd14,England English,england,"Roger, the backup team is on the way.",ROGER THE BACK UP TEAM IS ON THE WAY,f15ba1b6822398567b5ca66431ee11491064e451cd366d41b97a7951b996b442
wav2vec2_large_robust,dsuta,54,stage5ext_00219,8a8222dab0c0c42714216b9bd4c9df455639a8ab6bf3e8b9f2bfcacf53429403cad2b28435366b158f4e53f423dd2371753476ff45cef46cde7012b3f749dd14,England English,england,Do you know what kind of package it was?,DO YOU KNOW WHAT KIND OF PACKAGE IT WAS,f15ba1b6822398567b5ca66431ee11491064e451cd366d41b97a7951b996b442
wav2vec2_large_robust,dsuta,54,stage5ext_00220,8a8222dab0c0c42714216b9bd4c9df455639a8ab6bf3e8b9f2bfcacf53429403cad2b28435366b158f4e53f423dd2371753476ff45cef46cde7012b3f749dd14,England English,england,And what did you do then?,AND WHAT DID YOU DO THEN,f15ba1b6822398567b5ca66431ee11491064e451cd366d41b97a7951b996b442
wav2vec2_large_robust,dsuta,55,stage5ext_00221,8a8222dab0c0c42714216b9bd4c9df455639a8ab6bf3e8b9f2bfcacf53429403cad2b28435366b158f4e53f423dd2371753476ff45cef46cde7012b3f749dd14,England English,england,Have I offended you?,HAVE I OFFENDED YOU,d354be2c72aedf0c9467a2edf3b6371e8753b7027d78f43065c69e8961212d36
wav2vec2_large_robust,dsuta,55,stage5ext_00222,8a8222dab0c0c42714216b9bd4c9df455639a8ab6bf3e8b9f2bfcacf53429403cad2b28435366b158f4e53f423dd2371753476ff45cef46cde7012b3f749dd14,England English,england,How is Mozilla going to handle ambiguities like queue and cue?,HOW IS MASILLA GOING TO HANDLE AMBIGITIES LIKE KUE AND KU,d354be2c72aedf0c9467a2edf3b6371e8753b7027d78f43065c69e8961212d36
wav2vec2_large_robust,dsuta,55,stage5ext_00223,8a8222dab0c0c42714216b9bd4c9df455639a8ab6bf3e8b9f2bfcacf53429403cad2b28435366b158f4e53f423dd2371753476ff45cef46cde7012b3f749dd14,England English,england,"Let's start it all over again, how about that?",LETS START IT ALL OVER AGAIN HOW ABOUT THAT,d354be2c72aedf0c9467a2edf3b6371e8753b7027d78f43065c69e8961212d36
wav2vec2_large_robust,dsuta,55,stage5ext_00224,8a8222dab0c0c42714216b9bd4c9df455639a8ab6bf3e8b9f2bfcacf53429403cad2b28435366b158f4e53f423dd2371753476ff45cef46cde7012b3f749dd14,England English,england,"Glass eel is on the menu today, but it's too expensive.",GLASS ELE IS ON THE MENUE TODAY BUT IT'S TOO EXPENSIVE,d354be2c72aedf0c9467a2edf3b6371e8753b7027d78f43065c69e8961212d36
wav2vec2_large_robust,dsuta,56,stage5ext_00225,8a8222dab0c0c42714216b9bd4c9df455639a8ab6bf3e8b9f2bfcacf53429403cad2b28435366b158f4e53f423dd2371753476ff45cef46cde7012b3f749dd14,England English,england,Do you have Nina's phone number?,DO YOU HAVE NINA'S PHONE NUMBER,50278abaec022183e7c2130f8b102a8f4ef409aef19d499eae610eb21fb1a504
wav2vec2_large_robust,dsuta,56,stage5ext_00226,f25805de2cc32954193ecf06eea5b03b4bfdb4bfb76079cb6962fa8e301d5037ef953ff8c308458f121dfbc0f9933692b0eaee142f42a33ef6b7be7df794ed3b,England English,england,I wrote that for Tony Scott.,I WROTE THAT FOR TONNY SCOTT,50278abaec022183e7c2130f8b102a8f4ef409aef19d499eae610eb21fb1a504
wav2vec2_large_robust,dsuta,56,stage5ext_00227,f25805de2cc32954193ecf06eea5b03b4bfdb4bfb76079cb6962fa8e301d5037ef953ff8c308458f121dfbc0f9933692b0eaee142f42a33ef6b7be7df794ed3b,England English,england,The atoll is surrounded by a coral reef without a proper passage.,THE ATHAL IS SURROUNDED BY A COVER REEF WITHOUT A PROPER PASSAGE,50278abaec022183e7c2130f8b102a8f4ef409aef19d499eae610eb21fb1a504
wav2vec2_large_robust,dsuta,56,stage5ext_00228,f25805de2cc32954193ecf06eea5b03b4bfdb4bfb76079cb6962fa8e301d5037ef953ff8c308458f121dfbc0f9933692b0eaee142f42a33ef6b7be7df794ed3b,England English,england,There are conflicting reports as to why Blair was asked to resign.,THERE ARE CONFLICTING REPORTS AS TO WHY BLARE WAS ASKED TO RESIGN,50278abaec022183e7c2130f8b102a8f4ef409aef19d499eae610eb21fb1a504
wav2vec2_large_robust,dsuta,57,stage5ext_00229,f25805de2cc32954193ecf06eea5b03b4bfdb4bfb76079cb6962fa8e301d5037ef953ff8c308458f121dfbc0f9933692b0eaee142f42a33ef6b7be7df794ed3b,England English,england,There they visited a number of monastic foundations.,THERE THEY VISITED A NUMBER OF MONASTIC FOUNDATIONS,3583e9eaa1fbac7428ab1f3e975d3e2b0a5f652a3f33a0aa979f15ed6944a02d
wav2vec2_large_robust,dsuta,57,stage5ext_00230,f25805de2cc32954193ecf06eea5b03b4bfdb4bfb76079cb6962fa8e301d5037ef953ff8c308458f121dfbc0f9933692b0eaee142f42a33ef6b7be7df794ed3b,England English,england,"The information regarding Amrod's naming, especially, comes from ""The Peoples of Middle-earth"".",THE INFORMATION REGARDING AMROD'S NAMING ESPECIALLY COMES FROM THE PEOPLES OF MIDDLE EARTH,3583e9eaa1fbac7428ab1f3e975d3e2b0a5f652a3f33a0aa979f15ed6944a02d
wav2vec2_large_robust,dsuta,57,stage5ext_00231,f25805de2cc32954193ecf06eea5b03b4bfdb4bfb76079cb6962fa8e301d5037ef953ff8c308458f121dfbc0f9933692b0eaee142f42a33ef6b7be7df794ed3b,England English,england,"It is located within the borders of Gothenburg Municipality, hence its name.",IT IS LOCATED WITHIN THE BORDERS OF GOTTENBURG MUNICIPALITY HENCE ITS NAME,3583e9eaa1fbac7428ab1f3e975d3e2b0a5f652a3f33a0aa979f15ed6944a02d
wav2vec2_large_robust,dsuta,57,stage5ext_00232,f25805de2cc32954193ecf06eea5b03b4bfdb4bfb76079cb6962fa8e301d5037ef953ff8c308458f121dfbc0f9933692b0eaee142f42a33ef6b7be7df794ed3b,England English,england,Billy May won the Grammy Award for Best Arrangement.,BILLY MAY WON THE GRAMMI AWARD FOR BEST ARRANGEMENT,3583e9eaa1fbac7428ab1f3e975d3e2b0a5f652a3f33a0aa979f15ed6944a02d
wav2vec2_large_robust,dsuta,58,stage5ext_00233,f25805de2cc32954193ecf06eea5b03b4bfdb4bfb76079cb6962fa8e301d5037ef953ff8c308458f121dfbc0f9933692b0eaee142f42a33ef6b7be7df794ed3b,England English,england,Three additional buildings house kindergarten students.,THREE ADDITIONAL BUILDINGS HOUSE KINDERGARDEN STUDENTS,79c2a75ee89b986cb4818dba4caa62ebf4c70258ae0a3ce36e5d164ac021e66b
wav2vec2_large_robust,dsuta,58,stage5ext_00234,f25805de2cc32954193ecf06eea5b03b4bfdb4bfb76079cb6962fa8e301d5037ef953ff8c308458f121dfbc0f9933692b0eaee142f42a33ef6b7be7df794ed3b,England English,england,Its name is derived from the historic county of Surrey in England.,ITS NAME IS DERIVED FROM THE HISTORIC COUNTY OF SURREY IN ENGLAND,79c2a75ee89b986cb4818dba4caa62ebf4c70258ae0a3ce36e5d164ac021e66b
wav2vec2_large_robust,dsuta,58,stage5ext_00235,f25805de2cc32954193ecf06eea5b03b4bfdb4bfb76079cb6962fa8e301d5037ef953ff8c308458f121dfbc0f9933692b0eaee142f42a33ef6b7be7df794ed3b,England English,england,"Dilshan is one such rare cricketer who can bat, bowl, field and keep wickets.",DILSHAN IS ONE SUCH RARE CRICKETER WHO CAN BAT BOWL FIELD AND KEEP WICKETS,79c2a75ee89b986cb4818dba4caa62ebf4c70258ae0a3ce36e5d164ac021e66b
wav2vec2_large_robust,dsuta,58,stage5ext_00236,f25805de2cc32954193ecf06eea5b03b4bfdb4bfb76079cb6962fa8e301d5037ef953ff8c308458f121dfbc0f9933692b0eaee142f42a33ef6b7be7df794ed3b,England English,england,"In the resulting field, these ""a"" and ""b"" are inverses.",IN THE RESULTING FIELD THESE A AND B ARE INVERSES,79c2a75ee89b986cb4818dba4caa62ebf4c70258ae0a3ce36e5d164ac021e66b
wav2vec2_large_robust,dsuta,59,stage5ext_00237,f25805de2cc32954193ecf06eea5b03b4bfdb4bfb76079cb6962fa8e301d5037ef953ff8c308458f121dfbc0f9933692b0eaee142f42a33ef6b7be7df794ed3b,England English,england,To the Church he left little and to the pope only a souvenir.,TO THE CHURCH HE LEFT LITTLE AND TO THE POPE ON EUSUVENER,4825505b1589f20635cbdf420d81a4726784601d54bf3fde97c1986557b2cd32
wav2vec2_large_robust,dsuta,59,stage5ext_00238,f25805de2cc32954193ecf06eea5b03b4bfdb4bfb76079cb6962fa8e301d5037ef953ff8c308458f121dfbc0f9933692b0eaee142f42a33ef6b7be7df794ed3b,England English,england,There are several formats for the team pursuit.,THERE ARE SEVERAL FOREMATS FOR THE TEAM PURSUIT,4825505b1589f20635cbdf420d81a4726784601d54bf3fde97c1986557b2cd32
wav2vec2_large_robust,dsuta,59,stage5ext_00239,f25805de2cc32954193ecf06eea5b03b4bfdb4bfb76079cb6962fa8e301d5037ef953ff8c308458f121dfbc0f9933692b0eaee142f42a33ef6b7be7df794ed3b,England English,england,"In Harrison, the route enters a residential area before curving southeast toward Stephenson Avenue.",IN HARRISON THE ROOTE ENTERS A RESIDENTIAL AREA BEFORE CURVING SOUTHEAST TOWARD STEPENSON AVENUE,4825505b1589f20635cbdf420d81a4726784601d54bf3fde97c1986557b2cd32
wav2vec2_large_robust,dsuta,59,stage5ext_00240,f25805de2cc32954193ecf06eea5b03b4bfdb4bfb76079cb6962fa8e301d5037ef953ff8c308458f121dfbc0f9933692b0eaee142f42a33ef6b7be7df794ed3b,England English,england,"The other track, ""To Your Grave"", remains unreleased.",THE OTHER TRACK TO YOUR GRAVE REMAINS UNRELEASED,4825505b1589f20635cbdf420d81a4726784601d54bf3fde97c1986557b2cd32
wav2vec2_large_robust,dsuta,60,stage5ext_00241,b2366de045c2eb18ed349bee593e8f3a0c9038602bb8f13f2008fe4ff2087aaa4e5ac78379011510dc25d6a7bcd36a3a6ac86b35f0a27b886832c337d95f27d5,England English,england,The standard prescribes that address collisions must be handled gracefully.,THE STANDARD PRESCRIBES THAT ADDRESS COLLISIONS MUST BE HANDLED GRACEFULLY,146211aeda5d43e3e1fe06a35edafa574fa2df4d6cdd6a64bc9d4421983c3fa6
wav2vec2_large_robust,dsuta,60,stage5ext_00242,b2366de045c2eb18ed349bee593e8f3a0c9038602bb8f13f2008fe4ff2087aaa4e5ac78379011510dc25d6a7bcd36a3a6ac86b35f0a27b886832c337d95f27d5,England English,england,"To this end, they offered the role to Harrison Ford who turned them down.",TO THIS END THEY OFFERED THE ROLL TO HARRIS AND FORP WHO TURNED THEM DOWN,146211aeda5d43e3e1fe06a35edafa574fa2df4d6cdd6a64bc9d4421983c3fa6
wav2vec2_large_robust,dsuta,60,stage5ext_00243,b2366de045c2eb18ed349bee593e8f3a0c9038602bb8f13f2008fe4ff2087aaa4e5ac78379011510dc25d6a7bcd36a3a6ac86b35f0a27b886832c337d95f27d5,England English,england,"The word comes from ""krievs"", which means ""Russian"".",THE WORD COMES FROM CREEFS WHICH MEANS MUSSIAN,146211aeda5d43e3e1fe06a35edafa574fa2df4d6cdd6a64bc9d4421983c3fa6
wav2vec2_large_robust,dsuta,60,stage5ext_00244,b2366de045c2eb18ed349bee593e8f3a0c9038602bb8f13f2008fe4ff2087aaa4e5ac78379011510dc25d6a7bcd36a3a6ac86b35f0a27b886832c337d95f27d5,England English,england,"If he went before, he looked back.",IF HE WENT BEFORE HE LOOKS BACK,146211aeda5d43e3e1fe06a35edafa574fa2df4d6cdd6a64bc9d4421983c3fa6
wav2vec2_large_robust,dsuta,61,stage5ext_00245,b2366de045c2eb18ed349bee593e8f3a0c9038602bb8f13f2008fe4ff2087aaa4e5ac78379011510dc25d6a7bcd36a3a6ac86b35f0a27b886832c337d95f27d5,England English,england,It is the Artin root number.,IT IS THE ACIN RUGE NUMBER,971fa714eeb66d6bb3a652170cde9e370e9ff107e67fb02551c48af81ef2e84f
wav2vec2_large_robust,dsuta,61,stage5ext_00246,b2366de045c2eb18ed349bee593e8f3a0c9038602bb8f13f2008fe4ff2087aaa4e5ac78379011510dc25d6a7bcd36a3a6ac86b35f0a27b886832c337d95f27d5,England English,england,"Yet, we will ensure that one brutal dictator is not replaced by another.",YET WE WILL INSURE THAT ONE BUT OF TUTATO IS NOT REPLACED BY ANOTHER,971fa714eeb66d6bb3a652170cde9e370e9ff107e67fb02551c48af81ef2e84f
wav2vec2_large_robust,dsuta,61,stage5ext_00247,b2366de045c2eb18ed349bee593e8f3a0c9038602bb8f13f2008fe4ff2087aaa4e5ac78379011510dc25d6a7bcd36a3a6ac86b35f0a27b886832c337d95f27d5,England English,england,Mythic Legions is a fantasy line of action figures from Four Horsemen Studios.,MYTHIC LEGIONS IS A FANTASY LINE OF ACTION FIGURES FROM FOUR HORSEMEN STUDIOS,971fa714eeb66d6bb3a652170cde9e370e9ff107e67fb02551c48af81ef2e84f
wav2vec2_large_robust,dsuta,61,stage5ext_00248,b2366de045c2eb18ed349bee593e8f3a0c9038602bb8f13f2008fe4ff2087aaa4e5ac78379011510dc25d6a7bcd36a3a6ac86b35f0a27b886832c337d95f27d5,England English,england,It is a simple scrape with no nest material used.,IT IS A SIMPLE SCRAPE WITH NO NEST MATERIAL USED,971fa714eeb66d6bb3a652170cde9e370e9ff107e67fb02551c48af81ef2e84f
wav2vec2_large_robust,dsuta,62,stage5ext_00249,b2366de045c2eb18ed349bee593e8f3a0c9038602bb8f13f2008fe4ff2087aaa4e5ac78379011510dc25d6a7bcd36a3a6ac86b35f0a27b886832c337d95f27d5,England English,england,"He is the one who gives the gorilla the new name of ""Ishmael"".",HE IS THE ONE WHO GIVES THE GARILLA THE NEW NAME OF ISHMAEL,0a73e132d0a4fa969e259a98427ab30da6746ea7af82626cc87efe11ac5f33c5
wav2vec2_large_robust,dsuta,62,stage5ext_00250,b2366de045c2eb18ed349bee593e8f3a0c9038602bb8f13f2008fe4ff2087aaa4e5ac78379011510dc25d6a7bcd36a3a6ac86b35f0a27b886832c337d95f27d5,England English,england,The center was then called Smirnoff Music Centre.,THE CENTRE WAS THEN CALLED SMARNOFF MUSIC CENTR,0a73e132d0a4fa969e259a98427ab30da6746ea7af82626cc87efe11ac5f33c5
wav2vec2_large_robust,dsuta,62,stage5ext_00251,b2366de045c2eb18ed349bee593e8f3a0c9038602bb8f13f2008fe4ff2087aaa4e5ac78379011510dc25d6a7bcd36a3a6ac86b35f0a27b886832c337d95f27d5,England English,england,"Also in these television series, Winnetou was played by Brice.",ALSO IN THESE TELIVISION SERIES WINNETO WAS PLAYED BY BRYCE,0a73e132d0a4fa969e259a98427ab30da6746ea7af82626cc87efe11ac5f33c5
wav2vec2_large_robust,dsuta,62,stage5ext_00252,b2366de045c2eb18ed349bee593e8f3a0c9038602bb8f13f2008fe4ff2087aaa4e5ac78379011510dc25d6a7bcd36a3a6ac86b35f0a27b886832c337d95f27d5,England English,england,The event is televised around the globe.,THE EVENT IS TELEVIZED AROUND THE GLOBE,0a73e132d0a4fa969e259a98427ab30da6746ea7af82626cc87efe11ac5f33c5
wav2vec2_large_robust,dsuta,63,stage5ext_00253,b2366de045c2eb18ed349bee593e8f3a0c9038602bb8f13f2008fe4ff2087aaa4e5ac78379011510dc25d6a7bcd36a3a6ac86b35f0a27b886832c337d95f27d5,England English,england,Matthews later started Newbridge Networks.,MATTHEWS LATER STARTED NEWBRIDGE NETWORKS,4ab83e0fe765d2faf57f79df4e08c5aa32bbd1b25c25179cd8cd5d7b667141bd
wav2vec2_large_robust,dsuta,63,stage5ext_00254,b2366de045c2eb18ed349bee593e8f3a0c9038602bb8f13f2008fe4ff2087aaa4e5ac78379011510dc25d6a7bcd36a3a6ac86b35f0a27b886832c337d95f27d5,England English,england,Examples of this apparently ungrammatical usage can be found throughout the history of English.,EXAMPLES OF THIS APPARENTLY UNGRAMATICAL USAGE COULD BE FOUND THROUGHOUT THE HISTORY OF ENGLISH,4ab83e0fe765d2faf57f79df4e08c5aa32bbd1b25c25179cd8cd5d7b667141bd
wav2vec2_large_robust,dsuta,63,stage5ext_00255,b2366de045c2eb18ed349bee593e8f3a0c9038602bb8f13f2008fe4ff2087aaa4e5ac78379011510dc25d6a7bcd36a3a6ac86b35f0a27b886832c337d95f27d5,England English,england,FaSinPat has been financially successful and able to expand.,FAR SIN PAT HAS BEEN FINANCIALLY SUCCESSFUL AND ABLE TO EXPAND,4ab83e0fe765d2faf57f79df4e08c5aa32bbd1b25c25179cd8cd5d7b667141bd
wav2vec2_large_robust,dsuta,63,stage5ext_00256,94902b88a78c4f1863a7effcce3553303f5bb14d8d6eea7900eea1c261ebf3a2ea97f8d9ecfc4c58dbe683f2df36a1653231f495f7ad9cc38f9fe61a0b2275ac,England English,england,"Salmon is one of the most popular fish and very delicious, though usually not sustainable.",SALMON IS ONE OF THE MOST POPULAR FISH AND VERY DELICIOUS THOUGH USUALLY NOT SUSTAINABLE,4ab83e0fe765d2faf57f79df4e08c5aa32bbd1b25c25179cd8cd5d7b667141bd
wav2vec2_large_robust,dsuta,64,stage5ext_00257,94902b88a78c4f1863a7effcce3553303f5bb14d8d6eea7900eea1c261ebf3a2ea97f8d9ecfc4c58dbe683f2df36a1653231f495f7ad9cc38f9fe61a0b2275ac,England English,england,"It's such an unfair world, innit?",IT'S SUCH AN UNFAIR WORLD AIN'T IT,60abdfd83f17074c80c05a83635dab7edf42b6d268be8ea1734cad50ee0ba966
wav2vec2_large_robust,dsuta,64,stage5ext_00258,94902b88a78c4f1863a7effcce3553303f5bb14d8d6eea7900eea1c261ebf3a2ea97f8d9ecfc4c58dbe683f2df36a1653231f495f7ad9cc38f9fe61a0b2275ac,England English,england,"A musical note sustained to its full length, with no break between it and the next note.",A MUSICAL NOTE SUSTAINED TO ITS FULL LENGTH WITH NO BREAK BETWEEN IT AND THE NEXT NOTE,60abdfd83f17074c80c05a83635dab7edf42b6d268be8ea1734cad50ee0ba966
wav2vec2_large_robust,dsuta,64,stage5ext_00259,94902b88a78c4f1863a7effcce3553303f5bb14d8d6eea7900eea1c261ebf3a2ea97f8d9ecfc4c58dbe683f2df36a1653231f495f7ad9cc38f9fe61a0b2275ac,England English,england,"After playing tennis in virtual reality, he felt dizzy.",AFTER PLAYING TENNIS IN VIRTUAL REALITY HE FELT DIZZY,60abdfd83f17074c80c05a83635dab7edf42b6d268be8ea1734cad50ee0ba966
wav2vec2_large_robust,dsuta,64,stage5ext_00260,94902b88a78c4f1863a7effcce3553303f5bb14d8d6eea7900eea1c261ebf3a2ea97f8d9ecfc4c58dbe683f2df36a1653231f495f7ad9cc38f9fe61a0b2275ac,England English,england,"Take a sponge, some dish liquid and a towel, then get to work!",TAKE A SPONGE SOME DISH LIQUID AND A TOWEL THEN GET TO WORK,60abdfd83f17074c80c05a83635dab7edf42b6d268be8ea1734cad50ee0ba966
wav2vec2_large_robust,dsuta,65,stage5ext_00261,94902b88a78c4f1863a7effcce3553303f5bb14d8d6eea7900eea1c261ebf3a2ea97f8d9ecfc4c58dbe683f2df36a1653231f495f7ad9cc38f9fe61a0b2275ac,England English,england,Have you seen Hollie?,HAVE YOU SEEN HOLLEY,c07ecadabfd439eed5347c723530c8fc7fc5ab92c9ce5840c1e907d41f7dbade
wav2vec2_large_robust,dsuta,65,stage5ext_00262,94902b88a78c4f1863a7effcce3553303f5bb14d8d6eea7900eea1c261ebf3a2ea97f8d9ecfc4c58dbe683f2df36a1653231f495f7ad9cc38f9fe61a0b2275ac,England English,england,Do geese always fly in that formation?,DO GEESE ALWAYS FLY IN THAT FORMATION,c07ecadabfd439eed5347c723530c8fc7fc5ab92c9ce5840c1e907d41f7dbade
wav2vec2_large_robust,dsuta,65,stage5ext_00263,94902b88a78c4f1863a7effcce3553303f5bb14d8d6eea7900eea1c261ebf3a2ea97f8d9ecfc4c58dbe683f2df36a1653231f495f7ad9cc38f9fe61a0b2275ac,England English,england,"No one picked up, so I went by her place on the way here.",NO ONE PICKED UP SO I WENT BY HER PLACE ON THE WAY HERE,c07ecadabfd439eed5347c723530c8fc7fc5ab92c9ce5840c1e907d41f7dbade
wav2vec2_large_robust,dsuta,65,stage5ext_00264,94902b88a78c4f1863a7effcce3553303f5bb14d8d6eea7900eea1c261ebf3a2ea97f8d9ecfc4c58dbe683f2df36a1653231f495f7ad9cc38f9fe61a0b2275ac,England English,england,Have I offended you?,HAVE I OFFENDED YOU,c07ecadabfd439eed5347c723530c8fc7fc5ab92c9ce5840c1e907d41f7dbade
wav2vec2_large_robust,dsuta,66,stage5ext_00265,94902b88a78c4f1863a7effcce3553303f5bb14d8d6eea7900eea1c261ebf3a2ea97f8d9ecfc4c58dbe683f2df36a1653231f495f7ad9cc38f9fe61a0b2275ac,England English,england,What does that mean?,WHAT DOES THAT MEAN,505deeddd1f2dcd419ba90d0d1d4a23057cff27964d9428c5203873f38563d03
wav2vec2_large_robust,dsuta,66,stage5ext_00266,94902b88a78c4f1863a7effcce3553303f5bb14d8d6eea7900eea1c261ebf3a2ea97f8d9ecfc4c58dbe683f2df36a1653231f495f7ad9cc38f9fe61a0b2275ac,England English,england,There's just one last bug I'd like to fix before I head home.,THERE'S JUST ONE LAST BUG I'D LIKE TO FIX BEFORE I HEAD HOME,505deeddd1f2dcd419ba90d0d1d4a23057cff27964d9428c5203873f38563d03
wav2vec2_large_robust,dsuta,66,stage5ext_00267,94902b88a78c4f1863a7effcce3553303f5bb14d8d6eea7900eea1c261ebf3a2ea97f8d9ecfc4c58dbe683f2df36a1653231f495f7ad9cc38f9fe61a0b2275ac,England English,england,I suspect this may be someone new making themselves known.,I SUSPECT THIS MAY BE SOMEONE NEW MAKING THEMSELVES KNOWN,505deeddd1f2dcd419ba90d0d1d4a23057cff27964d9428c5203873f38563d03
wav2vec2_large_robust,dsuta,66,stage5ext_00268,94902b88a78c4f1863a7effcce3553303f5bb14d8d6eea7900eea1c261ebf3a2ea97f8d9ecfc4c58dbe683f2df36a1653231f495f7ad9cc38f9fe61a0b2275ac,England English,england,"Clams are small, round, soft, and tasty.",CLAMBS ARE SMALL ROUND SOFT AND TASTY,505deeddd1f2dcd419ba90d0d1d4a23057cff27964d9428c5203873f38563d03
wav2vec2_large_robust,dsuta,67,stage5ext_00269,94902b88a78c4f1863a7effcce3553303f5bb14d8d6eea7900eea1c261ebf3a2ea97f8d9ecfc4c58dbe683f2df36a1653231f495f7ad9cc38f9fe61a0b2275ac,England English,england,Can I get the sandwich without mayonnaise?,CAN I GET A SANDWICH WITHOUT MAONES,820aefd95162bc8a13d2ed97961d85c559bf270c2a1dc30c24b65836e49b0e50
wav2vec2_large_robust,dsuta,67,stage5ext_00270,94902b88a78c4f1863a7effcce3553303f5bb14d8d6eea7900eea1c261ebf3a2ea97f8d9ecfc4c58dbe683f2df36a1653231f495f7ad9cc38f9fe61a0b2275ac,England English,england,"Here, let me show you around.",HERE LET ME SHOW YOU AROUND,820aefd95162bc8a13d2ed97961d85c559bf270c2a1dc30c24b65836e49b0e50
wav2vec2_large_robust,dsuta,67,stage5ext_00271,3742174ae31b78b11558814a7196a5eec0f489ad3e728a2a125dd1a60c809a770eeaa758499c014bf728437835b4ea9c031a3a9c838b3882b35ed28744768ef3,England English,england,It will replace the existing train station hall inside the mall.,IT WILL REPLACE THE EXISTENT TRAIN STATION HAL INSIDE THEM ALL,820aefd95162bc8a13d2ed97961d85c559bf270c2a1dc30c24b65836e49b0e50
wav2vec2_large_robust,dsuta,67,stage5ext_00272,3742174ae31b78b11558814a7196a5eec0f489ad3e728a2a125dd1a60c809a770eeaa758499c014bf728437835b4ea9c031a3a9c838b3882b35ed28744768ef3,England English,england,"Yes, it would be.",YES IT WOULD BE,820aefd95162bc8a13d2ed97961d85c559bf270c2a1dc30c24b65836e49b0e50
wav2vec2_large_robust,dsuta,68,stage5ext_00273,3742174ae31b78b11558814a7196a5eec0f489ad3e728a2a125dd1a60c809a770eeaa758499c014bf728437835b4ea9c031a3a9c838b3882b35ed28744768ef3,England English,england,"The Google search bar is for searching, not for typing URLs!",IN THE GULSER BOROU IT IS FOR SEARCHING NOT FOR TYPE AN EURELS,45915562ed0ae439da5760c073563e75ac31c2b72ada036d968bda88da45e7a2
wav2vec2_large_robust,dsuta,68,stage5ext_00274,3742174ae31b78b11558814a7196a5eec0f489ad3e728a2a125dd1a60c809a770eeaa758499c014bf728437835b4ea9c031a3a9c838b3882b35ed28744768ef3,England English,england,"C'mon, we need to turn on our GPS so we don't end up in the middle of nowhere.",COME ON WE NEED TO TURN ON OUR GBERS SO WE DON'T END UP IN THE MIDDLE OF NOWHERE,45915562ed0ae439da5760c073563e75ac31c2b72ada036d968bda88da45e7a2
wav2vec2_large_robust,dsuta,68,stage5ext_00275,3742174ae31b78b11558814a7196a5eec0f489ad3e728a2a125dd1a60c809a770eeaa758499c014bf728437835b4ea9c031a3a9c838b3882b35ed28744768ef3,England English,england,"After an avalanche buried the skiing resort, it was hard to determine its exact location.",AFTER ANVALANCE BURED THE SKY AND RESERT IT WAS HARD TO DISARMINE ITS EXEGLOCATION,45915562ed0ae439da5760c073563e75ac31c2b72ada036d968bda88da45e7a2
wav2vec2_large_robust,dsuta,68,stage5ext_00276,3742174ae31b78b11558814a7196a5eec0f489ad3e728a2a125dd1a60c809a770eeaa758499c014bf728437835b4ea9c031a3a9c838b3882b35ed28744768ef3,England English,england,Who has already arrived?,WHO HAS ALREADY ARRIVED,45915562ed0ae439da5760c073563e75ac31c2b72ada036d968bda88da45e7a2
wav2vec2_large_robust,dsuta,69,stage5ext_00277,3742174ae31b78b11558814a7196a5eec0f489ad3e728a2a125dd1a60c809a770eeaa758499c014bf728437835b4ea9c031a3a9c838b3882b35ed28744768ef3,England English,england,"I like reading about medical mysteries, don't you?",I LIKE READING ABOUT MEDICAL MYSTERIES DON'T YOU,a85157cf94eae2dd3c8b8e6ccb89c75070855074ec81e3987dca054138e95cac
wav2vec2_large_robust,dsuta,69,stage5ext_00278,3742174ae31b78b11558814a7196a5eec0f489ad3e728a2a125dd1a60c809a770eeaa758499c014bf728437835b4ea9c031a3a9c838b3882b35ed28744768ef3,England English,england,In a cataleptic trance.,IN THE CATALEPTIC TRANCE,a85157cf94eae2dd3c8b8e6ccb89c75070855074ec81e3987dca054138e95cac
wav2vec2_large_robust,dsuta,69,stage5ext_00279,3742174ae31b78b11558814a7196a5eec0f489ad3e728a2a125dd1a60c809a770eeaa758499c014bf728437835b4ea9c031a3a9c838b3882b35ed28744768ef3,England English,england,"The thing is, nobody knew what was happening.",ETHIN ES NOBODY KNEW WHAT WAS HAPPENING,a85157cf94eae2dd3c8b8e6ccb89c75070855074ec81e3987dca054138e95cac
wav2vec2_large_robust,dsuta,69,stage5ext_00280,3742174ae31b78b11558814a7196a5eec0f489ad3e728a2a125dd1a60c809a770eeaa758499c014bf728437835b4ea9c031a3a9c838b3882b35ed28744768ef3,England English,england,"Living alone, she made solitude her best friend.",LIVING ALONE SHE MADE SOLITUDE HER BEST FRIEND,a85157cf94eae2dd3c8b8e6ccb89c75070855074ec81e3987dca054138e95cac
wav2vec2_large_robust,dsuta,70,stage5ext_00281,3742174ae31b78b11558814a7196a5eec0f489ad3e728a2a125dd1a60c809a770eeaa758499c014bf728437835b4ea9c031a3a9c838b3882b35ed28744768ef3,England English,england,She did her first scene with Peter North.,SHE DID HER FIRST SCENE WITH BEECHERNOTH,0469610755d6620966a3b8203eeb371a7589dfc34698fa757c6caa33cc56b2ae
wav2vec2_large_robust,dsuta,70,stage5ext_00282,3742174ae31b78b11558814a7196a5eec0f489ad3e728a2a125dd1a60c809a770eeaa758499c014bf728437835b4ea9c031a3a9c838b3882b35ed28744768ef3,England English,england,"Television can make you dumb, but it can also be good education.",TELEVISION CAN MAKE YOU DAMP BUT IT CAN ALSO BE GOOD EDUCATION,0469610755d6620966a3b8203eeb371a7589dfc34698fa757c6caa33cc56b2ae
wav2vec2_large_robust,dsuta,70,stage5ext_00283,3742174ae31b78b11558814a7196a5eec0f489ad3e728a2a125dd1a60c809a770eeaa758499c014bf728437835b4ea9c031a3a9c838b3882b35ed28744768ef3,England English,england,"In a cinematic rope-down maneuver, the special forces overwhelmed the criminals.",IN THE CENEMETRIC ROBDA MANUR THE SPECIAL FORCES OVERHAVED TE GRUMINALS,0469610755d6620966a3b8203eeb371a7589dfc34698fa757c6caa33cc56b2ae
wav2vec2_large_robust,dsuta,70,stage5ext_00284,3742174ae31b78b11558814a7196a5eec0f489ad3e728a2a125dd1a60c809a770eeaa758499c014bf728437835b4ea9c031a3a9c838b3882b35ed28744768ef3,England English,england,What can have happened?,WHAT CAN HAVE HAPPENED,0469610755d6620966a3b8203eeb371a7589dfc34698fa757c6caa33cc56b2ae
wav2vec2_large_robust,dsuta,71,stage5ext_00285,3742174ae31b78b11558814a7196a5eec0f489ad3e728a2a125dd1a60c809a770eeaa758499c014bf728437835b4ea9c031a3a9c838b3882b35ed28744768ef3,England English,england,Now where could my pipe be?,NOW WHERE COULD MY PIE BE,43ed81fcc688a29ff5188eb430173d600c1bda7d61ab79208ad951b38f3d6924
wav2vec2_large_robust,dsuta,71,stage5ext_00286,e52a28d767575f4c42c09ca60e1aeaca303322a7771a484213c006ee0297bc33805e0e8dfe177da9a618d61156c387a65a6530200eb9502866cd36c88293e84f,England English,england,I'd love to hear readers sing this.,I'D LOVE TO HEAR THE READERS SING THIS,43ed81fcc688a29ff5188eb430173d600c1bda7d61ab79208ad951b38f3d6924
wav2vec2_large_robust,dsuta,71,stage5ext_00287,e52a28d767575f4c42c09ca60e1aeaca303322a7771a484213c006ee0297bc33805e0e8dfe177da9a618d61156c387a65a6530200eb9502866cd36c88293e84f,England English,england,The pup jerked the leash as he saw a feline shape.,THE PARPER JERKED THE LEESH AS HE SAW A FELINE SHAPE,43ed81fcc688a29ff5188eb430173d600c1bda7d61ab79208ad951b38f3d6924
wav2vec2_large_robust,dsuta,71,stage5ext_00288,e52a28d767575f4c42c09ca60e1aeaca303322a7771a484213c006ee0297bc33805e0e8dfe177da9a618d61156c387a65a6530200eb9502866cd36c88293e84f,England English,england,"It's raining heavily, take an umbrella.",IT'S RAINING HEAVILY TAKE AN UMBRELLA,43ed81fcc688a29ff5188eb430173d600c1bda7d61ab79208ad951b38f3d6924
wav2vec2_large_robust,dsuta,72,stage5ext_00289,e52a28d767575f4c42c09ca60e1aeaca303322a7771a484213c006ee0297bc33805e0e8dfe177da9a618d61156c387a65a6530200eb9502866cd36c88293e84f,England English,england,"Oh, I don't know.",OH I DON'T KNOW,add1dffdc63ad69305ea973f5f7ad4d1433be6658df7cef83491a504a877a797
wav2vec2_large_robust,dsuta,72,stage5ext_00290,e52a28d767575f4c42c09ca60e1aeaca303322a7771a484213c006ee0297bc33805e0e8dfe177da9a618d61156c387a65a6530200eb9502866cd36c88293e84f,England English,england,I have to work this Saturday.,I HAVE TO WORK THIS SATURDAY,add1dffdc63ad69305ea973f5f7ad4d1433be6658df7cef83491a504a877a797
wav2vec2_large_robust,dsuta,72,stage5ext_00291,e52a28d767575f4c42c09ca60e1aeaca303322a7771a484213c006ee0297bc33805e0e8dfe177da9a618d61156c387a65a6530200eb9502866cd36c88293e84f,England English,england,By twenty-twenty-two I expect the problem will be solved.,BY TWENTY TWENTY TWO I EXPECT THE PROBLEM WILL BE SOLVED,add1dffdc63ad69305ea973f5f7ad4d1433be6658df7cef83491a504a877a797
wav2vec2_large_robust,dsuta,72,stage5ext_00292,e52a28d767575f4c42c09ca60e1aeaca303322a7771a484213c006ee0297bc33805e0e8dfe177da9a618d61156c387a65a6530200eb9502866cd36c88293e84f,England English,england,The incubation period is typically about two weeks.,THE INCUBATION PERIOD IS TYPICALLY ABOUT TWO WEEKS,add1dffdc63ad69305ea973f5f7ad4d1433be6658df7cef83491a504a877a797
wav2vec2_large_robust,dsuta,73,stage5ext_00293,e52a28d767575f4c42c09ca60e1aeaca303322a7771a484213c006ee0297bc33805e0e8dfe177da9a618d61156c387a65a6530200eb9502866cd36c88293e84f,England English,england,The sink is the thing in which we pile dishes.,THE SINK IS THE THING IN WHICH WE PILE DISHES,31302aca2fb3e1c5526816e1995a3265a32e8da1e71c12d857140f4f3f7dabff
wav2vec2_large_robust,dsuta,73,stage5ext_00294,e52a28d767575f4c42c09ca60e1aeaca303322a7771a484213c006ee0297bc33805e0e8dfe177da9a618d61156c387a65a6530200eb9502866cd36c88293e84f,England English,england,Rick was in the first aid club as a sixth-former.,RICK WAS IN THE FIRST AID CLUB AS A SIXTH FORMER,31302aca2fb3e1c5526816e1995a3265a32e8da1e71c12d857140f4f3f7dabff
wav2vec2_large_robust,dsuta,73,stage5ext_00295,e52a28d767575f4c42c09ca60e1aeaca303322a7771a484213c006ee0297bc33805e0e8dfe177da9a618d61156c387a65a6530200eb9502866cd36c88293e84f,England English,england,"Hello, my name is Brenda.",HULLO MY NAME IS BRENDA,31302aca2fb3e1c5526816e1995a3265a32e8da1e71c12d857140f4f3f7dabff
wav2vec2_large_robust,dsuta,73,stage5ext_00296,e52a28d767575f4c42c09ca60e1aeaca303322a7771a484213c006ee0297bc33805e0e8dfe177da9a618d61156c387a65a6530200eb9502866cd36c88293e84f,England English,england,Keep It Simple The KISS principal.,KEEP ITS SYMBOL THE KIS PRINCIPLE,31302aca2fb3e1c5526816e1995a3265a32e8da1e71c12d857140f4f3f7dabff
wav2vec2_large_robust,dsuta,74,stage5ext_00297,e52a28d767575f4c42c09ca60e1aeaca303322a7771a484213c006ee0297bc33805e0e8dfe177da9a618d61156c387a65a6530200eb9502866cd36c88293e84f,England English,england,"If you experience further problems, please let me know.",IF YOU EXPERIENCE FURTHER PROBLEMS PLEASE LET ME KNOW,30729974a604e60816d996665a3772e9e0ec5c715b74888e5c097d4df2ffc065
wav2vec2_large_robust,dsuta,74,stage5ext_00298,e52a28d767575f4c42c09ca60e1aeaca303322a7771a484213c006ee0297bc33805e0e8dfe177da9a618d61156c387a65a6530200eb9502866cd36c88293e84f,England English,england,I did this to prevent cycling and encourage greater movement through the solution space.,I DID THIS TO PREVENT CYCLING AND ENCOURAGE GREATER MOVEMENT THROUGH THE SOLUTION SPACE,30729974a604e60816d996665a3772e9e0ec5c715b74888e5c097d4df2ffc065
wav2vec2_large_robust,dsuta,74,stage5ext_00299,e52a28d767575f4c42c09ca60e1aeaca303322a7771a484213c006ee0297bc33805e0e8dfe177da9a618d61156c387a65a6530200eb9502866cd36c88293e84f,England English,england,The dog was wagged its tail.,THE DOG WARSE WAGGED ITS TAIL,30729974a604e60816d996665a3772e9e0ec5c715b74888e5c097d4df2ffc065
wav2vec2_large_robust,dsuta,74,stage5ext_00300,e52a28d767575f4c42c09ca60e1aeaca303322a7771a484213c006ee0297bc33805e0e8dfe177da9a618d61156c387a65a6530200eb9502866cd36c88293e84f,England English,england,The box is held by a bright red snapper.,THE BOX IS HELD BY A BRIGHT RED SNAPPER,30729974a604e60816d996665a3772e9e0ec5c715b74888e5c097d4df2ffc065
wav2vec2_large_robust,dsuta,75,stage5ext_00301,8f7e0c1a745bde3b6375473b87b997d5f687a8a0d9c28a96b8fd9b2db97634c0c09607da808a8e8a08588137234ce63b8a9e537fd15117628bc7cfca6ae12059,South Asian English,south_asian,"Also, oil and coal have hidden costs that others have to pay.",ALSO OIL AND COAL HAVE HIDDEN COSTS THAT OTHERS HAVE TO PAY,ee2443c09d7014ca438d293d1546af81b7ee5c05099bfc954a3a36f063625f63
wav2vec2_large_robust,dsuta,75,stage5ext_00302,8f7e0c1a745bde3b6375473b87b997d5f687a8a0d9c28a96b8fd9b2db97634c0c09607da808a8e8a08588137234ce63b8a9e537fd15117628bc7cfca6ae12059,South Asian English,south_asian,The rest of the site is now a gated community of up-market homes.,THE REST OF THE SIDE IS NOW A GATED COMMUNITY OF UPMARKET HOMS,ee2443c09d7014ca438d293d1546af81b7ee5c05099bfc954a3a36f063625f63
wav2vec2_large_robust,dsuta,75,stage5ext_00303,8f7e0c1a745bde3b6375473b87b997d5f687a8a0d9c28a96b8fd9b2db97634c0c09607da808a8e8a08588137234ce63b8a9e537fd15117628bc7cfca6ae12059,South Asian English,south_asian,"We first met each other under the Eiffel tower, it was magical.",WE FIRST MET EACH OTHER UNDER THE IFERTABER IT WAS MAGICAL,ee2443c09d7014ca438d293d1546af81b7ee5c05099bfc954a3a36f063625f63
wav2vec2_large_robust,dsuta,75,stage5ext_00304,8f7e0c1a745bde3b6375473b87b997d5f687a8a0d9c28a96b8fd9b2db97634c0c09607da808a8e8a08588137234ce63b8a9e537fd15117628bc7cfca6ae12059,South Asian English,south_asian,"You know, singing karaoke with you makes me realize how good of a singer I am.",YOU KNOW SINGING KAROKE WITH YOU MAKES ME REALIZE HOW GOOD OF A SINGE I AM,ee2443c09d7014ca438d293d1546af81b7ee5c05099bfc954a3a36f063625f63
wav2vec2_large_robust,dsuta,76,stage5ext_00305,8f7e0c1a745bde3b6375473b87b997d5f687a8a0d9c28a96b8fd9b2db97634c0c09607da808a8e8a08588137234ce63b8a9e537fd15117628bc7cfca6ae12059,South Asian English,south_asian,Many rare shore birds breed here along the beaches.,MANY RAA SHORE BIRDS BREED HERE ALONG THE BEACHES,79d4100688540c19e1ff4fae7f0ccb25ad2b6b246ce575f386f4152236b22f99
wav2vec2_large_robust,dsuta,76,stage5ext_00306,8f7e0c1a745bde3b6375473b87b997d5f687a8a0d9c28a96b8fd9b2db97634c0c09607da808a8e8a08588137234ce63b8a9e537fd15117628bc7cfca6ae12059,South Asian English,south_asian,There is no legal recognition of same-sex couples explicitly in Venezuelan law.,THERE IS NO LEGAL RECOGNISION OF SAME SEX COUPLES EXPLICITLY IN VENISULIAN LAW,79d4100688540c19e1ff4fae7f0ccb25ad2b6b246ce575f386f4152236b22f99
wav2vec2_large_robust,dsuta,76,stage5ext_00307,8f7e0c1a745bde3b6375473b87b997d5f687a8a0d9c28a96b8fd9b2db97634c0c09607da808a8e8a08588137234ce63b8a9e537fd15117628bc7cfca6ae12059,South Asian English,south_asian,"It was easy to see on the radiogram, that his bones were broken.",IT WAS EASY TO SEE ON THET RADIOGRAM THAT HIS BONES WERE BROKEN,79d4100688540c19e1ff4fae7f0ccb25ad2b6b246ce575f386f4152236b22f99
wav2vec2_large_robust,dsuta,76,stage5ext_00308,8f7e0c1a745bde3b6375473b87b997d5f687a8a0d9c28a96b8fd9b2db97634c0c09607da808a8e8a08588137234ce63b8a9e537fd15117628bc7cfca6ae12059,South Asian English,south_asian,"However, ""Maggi goreng"" is cooked by stir-frying them with vegetables and eggs.",HOWEVER MAGGIE GORING IS COOKED BY SERFRYING THEN VEGETABLES AND EGGS,79d4100688540c19e1ff4fae7f0ccb25ad2b6b246ce575f386f4152236b22f99
wav2vec2_large_robust,dsuta,77,stage5ext_00309,8f7e0c1a745bde3b6375473b87b997d5f687a8a0d9c28a96b8fd9b2db97634c0c09607da808a8e8a08588137234ce63b8a9e537fd15117628bc7cfca6ae12059,South Asian English,south_asian,with the University of the Hon.,WITH THE UNIVERSITY OF TEHON,be2f6146fd25120895a3d5cd8dbb539dce35b2241ca3ade7333dfd2f2fc58053
wav2vec2_large_robust,dsuta,77,stage5ext_00310,8f7e0c1a745bde3b6375473b87b997d5f687a8a0d9c28a96b8fd9b2db97634c0c09607da808a8e8a08588137234ce63b8a9e537fd15117628bc7cfca6ae12059,South Asian English,south_asian,"Bacon, pancakes and maple syrup is a hearty start to any day.",BACON PANCAKES AND MAPLE SYRUP IS A HEARTY START TO ANY DAY,be2f6146fd25120895a3d5cd8dbb539dce35b2241ca3ade7333dfd2f2fc58053
wav2vec2_large_robust,dsuta,77,stage5ext_00311,8f7e0c1a745bde3b6375473b87b997d5f687a8a0d9c28a96b8fd9b2db97634c0c09607da808a8e8a08588137234ce63b8a9e537fd15117628bc7cfca6ae12059,South Asian English,south_asian,"Fortunately for us, our sun will continue to be around for a few billion years.",FORTUNATELY FOR US OUR SON WILL CONTINUE TO BE AROUND FOR A FEW BILLION YEARS,be2f6146fd25120895a3d5cd8dbb539dce35b2241ca3ade7333dfd2f2fc58053
wav2vec2_large_robust,dsuta,77,stage5ext_00312,8f7e0c1a745bde3b6375473b87b997d5f687a8a0d9c28a96b8fd9b2db97634c0c09607da808a8e8a08588137234ce63b8a9e537fd15117628bc7cfca6ae12059,South Asian English,south_asian,Why can't I skip this damn intro?,WHY CAN'T I KEEP THIS DAM INTRU,be2f6146fd25120895a3d5cd8dbb539dce35b2241ca3ade7333dfd2f2fc58053
wav2vec2_large_robust,dsuta,78,stage5ext_00313,8f7e0c1a745bde3b6375473b87b997d5f687a8a0d9c28a96b8fd9b2db97634c0c09607da808a8e8a08588137234ce63b8a9e537fd15117628bc7cfca6ae12059,South Asian English,south_asian,"They, too, had been carelessly left unbolted.",THEY TOO HAD BEEN CARELESSLY LEFT UNBOLTED,050571735e6cb801de30aaf35475ce7c63c5605c5663c41038c31dc95babcdbc
wav2vec2_large_robust,dsuta,78,stage5ext_00314,8f7e0c1a745bde3b6375473b87b997d5f687a8a0d9c28a96b8fd9b2db97634c0c09607da808a8e8a08588137234ce63b8a9e537fd15117628bc7cfca6ae12059,South Asian English,south_asian,It is located in the Parque Patricios neighborhood of Buenos Aires.,IT IS LOCATED IN THE PARK PATRISES NEIGHBOURHOOD OF BUONIOS ARES,050571735e6cb801de30aaf35475ce7c63c5605c5663c41038c31dc95babcdbc
wav2vec2_large_robust,dsuta,78,stage5ext_00315,8f7e0c1a745bde3b6375473b87b997d5f687a8a0d9c28a96b8fd9b2db97634c0c09607da808a8e8a08588137234ce63b8a9e537fd15117628bc7cfca6ae12059,South Asian English,south_asian,Williams is actively engaged in public service and philanthropy.,WILLIAMS IS ACTIVALY ENGAGED IN PUBLIC SERVICE AND PILAMTROPI,050571735e6cb801de30aaf35475ce7c63c5605c5663c41038c31dc95babcdbc
wav2vec2_large_robust,dsuta,78,stage5ext_00316,f6987deb24305a72a216ab20686f51f94b6f8705775768dd535e4da88ff7117abfe923d46999a076b82dd084f2eb5ae7185de770ddb184c4e3a01d5b6390da20,South Asian English,south_asian,These cars were all basically retrimmed Mercurys.,THESE CARS WERE ALL BASICLY RECANT MERCURYUS,050571735e6cb801de30aaf35475ce7c63c5605c5663c41038c31dc95babcdbc
wav2vec2_large_robust,dsuta,79,stage5ext_00317,f6987deb24305a72a216ab20686f51f94b6f8705775768dd535e4da88ff7117abfe923d46999a076b82dd084f2eb5ae7185de770ddb184c4e3a01d5b6390da20,South Asian English,south_asian,There are many small businesses throughout the small town that contribute to economic success.,THERE ARE MANY SMALL BUSINESSES THROUGHOUT THE SMALL TOU THAT CONTRIBUTE TO THE ECONOMIC SUCCESS,715f47101f57c54712a9adf0d28108e743914356250a1ec9c49fe6dc0b92c214
wav2vec2_large_robust,dsuta,79,stage5ext_00318,f6987deb24305a72a216ab20686f51f94b6f8705775768dd535e4da88ff7117abfe923d46999a076b82dd084f2eb5ae7185de770ddb184c4e3a01d5b6390da20,South Asian English,south_asian,Derivational morphology often involves the addition of a derivational suffix or other affix.,DERIVATIONAL MORTHOLOGY OFTEN INVOLVES THE ADDITION OF E DERIVATIONAL SUBFICS OR OTHER EFFECTS,715f47101f57c54712a9adf0d28108e743914356250a1ec9c49fe6dc0b92c214
wav2vec2_large_robust,dsuta,79,stage5ext_00319,f6987deb24305a72a216ab20686f51f94b6f8705775768dd535e4da88ff7117abfe923d46999a076b82dd084f2eb5ae7185de770ddb184c4e3a01d5b6390da20,South Asian English,south_asian,The school sports mascot is the Gator.,THE SCHOOLS TOOL'S MASKER IS THE GATOR,715f47101f57c54712a9adf0d28108e743914356250a1ec9c49fe6dc0b92c214
wav2vec2_large_robust,dsuta,79,stage5ext_00320,f6987deb24305a72a216ab20686f51f94b6f8705775768dd535e4da88ff7117abfe923d46999a076b82dd084f2eb5ae7185de770ddb184c4e3a01d5b6390da20,South Asian English,south_asian,The incident made him more aware of his future.,THE INCIDENT MADE HIM MORE AWARE OF HIS TEATUR,715f47101f57c54712a9adf0d28108e743914356250a1ec9c49fe6dc0b92c214
wav2vec2_large_robust,dsuta,80,stage5ext_00321,f6987deb24305a72a216ab20686f51f94b6f8705775768dd535e4da88ff7117abfe923d46999a076b82dd084f2eb5ae7185de770ddb184c4e3a01d5b6390da20,South Asian English,south_asian,Toronto Netball Club plays at Westlakes Netball Association.,TOHANTONETPALL CLUB PLAYS AT BESLIK SMITHHAD ASSOCIATION,0a61bd81a8c1cd79a9fa61a8719bb510ac623d8987f203eff10e9132d3e799ea
wav2vec2_large_robust,dsuta,80,stage5ext_00322,f6987deb24305a72a216ab20686f51f94b6f8705775768dd535e4da88ff7117abfe923d46999a076b82dd084f2eb5ae7185de770ddb184c4e3a01d5b6390da20,South Asian English,south_asian,He returned to the field for the final three games of the season.,SHE RETURNED TO THE FED FOR THE FINAL THREE GAMES OF THE SEASON,0a61bd81a8c1cd79a9fa61a8719bb510ac623d8987f203eff10e9132d3e799ea
wav2vec2_large_robust,dsuta,80,stage5ext_00323,f6987deb24305a72a216ab20686f51f94b6f8705775768dd535e4da88ff7117abfe923d46999a076b82dd084f2eb5ae7185de770ddb184c4e3a01d5b6390da20,South Asian English,south_asian,"His first season numbers were unimpressive, reflecting his rookie status.",HIS FIRST SEASON NUMBERS WERE UNIMPRESSIVE REFLECTING HIS RUPY SHADERS,0a61bd81a8c1cd79a9fa61a8719bb510ac623d8987f203eff10e9132d3e799ea
wav2vec2_large_robust,dsuta,80,stage5ext_00324,f6987deb24305a72a216ab20686f51f94b6f8705775768dd535e4da88ff7117abfe923d46999a076b82dd084f2eb5ae7185de770ddb184c4e3a01d5b6390da20,South Asian English,south_asian,Two thousand copies of the album were available on the band's website.,TWO THOUSAND COPIES OF THE ALBUM WERE AVAILABLE ON THE MAN'S WEBSIDE,0a61bd81a8c1cd79a9fa61a8719bb510ac623d8987f203eff10e9132d3e799ea
wav2vec2_large_robust,dsuta,81,stage5ext_00325,f6987deb24305a72a216ab20686f51f94b6f8705775768dd535e4da88ff7117abfe923d46999a076b82dd084f2eb5ae7185de770ddb184c4e3a01d5b6390da20,South Asian English,south_asian,"With Lajoie gone, the club needed a new name.",WITH LAJUY GONE THE CLUB NEEDED A NEW KIMG,dad6d46a8f83f4cfe932b2cdd19cc1ab189ebc85248331719ccdeb8f90d0fa47
wav2vec2_large_robust,dsuta,81,stage5ext_00326,f6987deb24305a72a216ab20686f51f94b6f8705775768dd535e4da88ff7117abfe923d46999a076b82dd084f2eb5ae7185de770ddb184c4e3a01d5b6390da20,South Asian English,south_asian,Pendergrass got well-wishes from thousands of his fans during his recovery.,SPENSER GRAS CAUSE WELLVISHES FROM THOUSANDS OF THIS FANS DURING HIS RECOVERY,dad6d46a8f83f4cfe932b2cdd19cc1ab189ebc85248331719ccdeb8f90d0fa47
wav2vec2_large_robust,dsuta,81,stage5ext_00327,f6987deb24305a72a216ab20686f51f94b6f8705775768dd535e4da88ff7117abfe923d46999a076b82dd084f2eb5ae7185de770ddb184c4e3a01d5b6390da20,South Asian English,south_asian,The third phase involves converting Hughes Hall into office space.,THAT THIRD PHASE INVOLVES CONVERTING HUGI'S CALT INTO OFFER PACE,dad6d46a8f83f4cfe932b2cdd19cc1ab189ebc85248331719ccdeb8f90d0fa47
wav2vec2_large_robust,dsuta,81,stage5ext_00328,f6987deb24305a72a216ab20686f51f94b6f8705775768dd535e4da88ff7117abfe923d46999a076b82dd084f2eb5ae7185de770ddb184c4e3a01d5b6390da20,South Asian English,south_asian,They used the sharks that followed the ships as a terror weapon.,THEY USED THE SHARKS THAT FOLLOWED THE SHIPS AS A ELWEVEN,dad6d46a8f83f4cfe932b2cdd19cc1ab189ebc85248331719ccdeb8f90d0fa47
wav2vec2_large_robust,dsuta,82,stage5ext_00329,f6987deb24305a72a216ab20686f51f94b6f8705775768dd535e4da88ff7117abfe923d46999a076b82dd084f2eb5ae7185de770ddb184c4e3a01d5b6390da20,South Asian English,south_asian,"They had eight children, five of whom survived to adulthood.",THEY HAD EIGHT CHILDREN FIVE OF WHOM SURVIVED TO ADULTHOOD,a390225b9180cc4a437387ead1d3156d54dc7f0f404c797a143c22ba3a6601a9
wav2vec2_large_robust,dsuta,82,stage5ext_00330,f6987deb24305a72a216ab20686f51f94b6f8705775768dd535e4da88ff7117abfe923d46999a076b82dd084f2eb5ae7185de770ddb184c4e3a01d5b6390da20,South Asian English,south_asian,The island is now uninhabited and managed as a bird reserve.,THE ISLAND IS NO UNINHABITATE AND MANYIS JUST A BORDRES ROP,a390225b9180cc4a437387ead1d3156d54dc7f0f404c797a143c22ba3a6601a9
wav2vec2_large_robust,dsuta,82,stage5ext_00331,746bd7c2bd64e7fde7dda173976ca80e97a1875f7571a836827b832c1609da3c16be48a0bbf11e310ba7f262e77841dc8e70360283da6a0100631e2ac4760956,South Asian English,south_asian,Buckingham was also particularly proud of the Spanish guitar solo.,BUCKINGHAM WAS ALSO PARTICULARLY PROUD OF THE SPANISH KITAR SOLO,a390225b9180cc4a437387ead1d3156d54dc7f0f404c797a143c22ba3a6601a9
wav2vec2_large_robust,dsuta,82,stage5ext_00332,746bd7c2bd64e7fde7dda173976ca80e97a1875f7571a836827b832c1609da3c16be48a0bbf11e310ba7f262e77841dc8e70360283da6a0100631e2ac4760956,South Asian English,south_asian,"Also known as Herbert, Borchardt initially studied Architecture and later Egyptology under Adolf Erman.",ALSO KNOWN AS HERBERT BORCHAR INITIALLY STUDIED ARCHITECTURE AND LATER EGYCTOLOGY UNDER ADOLPH ERMON,a390225b9180cc4a437387ead1d3156d54dc7f0f404c797a143c22ba3a6601a9
wav2vec2_large_robust,dsuta,83,stage5ext_00333,746bd7c2bd64e7fde7dda173976ca80e97a1875f7571a836827b832c1609da3c16be48a0bbf11e310ba7f262e77841dc8e70360283da6a0100631e2ac4760956,South Asian English,south_asian,"Publicised nationwide, Gladstone's message became that of the party.",PUBLICIZED NATION WIDE GLADSTONE'S MESSAGE BECAME THAT OF THE PARTY,308b131f39ebafcf28b799c4c39c77dd633db0cc786220da0b87c8b7764dec28
wav2vec2_large_robust,dsuta,83,stage5ext_00334,746bd7c2bd64e7fde7dda173976ca80e97a1875f7571a836827b832c1609da3c16be48a0bbf11e310ba7f262e77841dc8e70360283da6a0100631e2ac4760956,South Asian English,south_asian,McGrath is a friend and fan of Ralph McTell.,MAGRAT IS A FRIEND AND FAN OF RALPH MACDOL,308b131f39ebafcf28b799c4c39c77dd633db0cc786220da0b87c8b7764dec28
wav2vec2_large_robust,dsuta,83,stage5ext_00335,746bd7c2bd64e7fde7dda173976ca80e97a1875f7571a836827b832c1609da3c16be48a0bbf11e310ba7f262e77841dc8e70360283da6a0100631e2ac4760956,South Asian English,south_asian,His family later moved to Los Angeles and he attended Fairfax High School.,HIS FAMILY LATER MOVED TO LOS ANGELES AND HE ATTENDED FARFAX HIGHSCHOOL,308b131f39ebafcf28b799c4c39c77dd633db0cc786220da0b87c8b7764dec28
wav2vec2_large_robust,dsuta,83,stage5ext_00336,746bd7c2bd64e7fde7dda173976ca80e97a1875f7571a836827b832c1609da3c16be48a0bbf11e310ba7f262e77841dc8e70360283da6a0100631e2ac4760956,South Asian English,south_asian,The grape originated as a cross of Syrah pollen germinating a Peloursin plant.,THE GRAPE ORIGINATED AS A CROSS OF SIRA POLEN GERMINATING A PILOSAN PLANT,308b131f39ebafcf28b799c4c39c77dd633db0cc786220da0b87c8b7764dec28
wav2vec2_large_robust,dsuta,84,stage5ext_00337,746bd7c2bd64e7fde7dda173976ca80e97a1875f7571a836827b832c1609da3c16be48a0bbf11e310ba7f262e77841dc8e70360283da6a0100631e2ac4760956,South Asian English,south_asian,The main gate is located in the center of the south curtain wall.,THE MAIN GATE IS LOCATED IN THE CENTRE OF THE SOUTH GURTAN WALL,d176c5c7586cb9bf53512aa708808c05db7c2ad73aeac7fca8be61b94362391d
wav2vec2_large_robust,dsuta,84,stage5ext_00338,746bd7c2bd64e7fde7dda173976ca80e97a1875f7571a836827b832c1609da3c16be48a0bbf11e310ba7f262e77841dc8e70360283da6a0100631e2ac4760956,South Asian English,south_asian,Ferrers made many contributions to mathematical literature.,FEROS MADE MANY CONTRIBUTIONS TO MATHEMATICAL LITERATURE,d176c5c7586cb9bf53512aa708808c05db7c2ad73aeac7fca8be61b94362391d
wav2vec2_large_robust,dsuta,84,stage5ext_00339,746bd7c2bd64e7fde7dda173976ca80e97a1875f7571a836827b832c1609da3c16be48a0bbf11e310ba7f262e77841dc8e70360283da6a0100631e2ac4760956,South Asian English,south_asian,"Prokosch was born in Madison, Wisconsin, into an intellectual family that travelled widely.",PROKOSH WAS BORN IN MADISON WISCONSIN INTO AN INTELLECTUAL FAMILY THAT TRAVELLED WIDELY,d176c5c7586cb9bf53512aa708808c05db7c2ad73aeac7fca8be61b94362391d
wav2vec2_large_robust,dsuta,84,stage5ext_00340,746bd7c2bd64e7fde7dda173976ca80e97a1875f7571a836827b832c1609da3c16be48a0bbf11e310ba7f262e77841dc8e70360283da6a0100631e2ac4760956,South Asian English,south_asian,Britain sends three big-game hunters to kill the lions.,BRITAN SENDS THREE BIG GAME HUNTERS TO KILL THE LIONS,d176c5c7586cb9bf53512aa708808c05db7c2ad73aeac7fca8be61b94362391d
wav2vec2_large_robust,dsuta,85,stage5ext_00341,746bd7c2bd64e7fde7dda173976ca80e97a1875f7571a836827b832c1609da3c16be48a0bbf11e310ba7f262e77841dc8e70360283da6a0100631e2ac4760956,South Asian English,south_asian,The French colonial government gave land away to soldiers and settlers.,THE FRENCH COLONIAL GOVERNMENT GAVE LAND AWAY TO SOLDIERS AND SETTLERS,4bd44b52f5551a46432ea507b1dec40e4fd41734a6cc2db014ed6b1e1285ec54
wav2vec2_large_robust,dsuta,85,stage5ext_00342,746bd7c2bd64e7fde7dda173976ca80e97a1875f7571a836827b832c1609da3c16be48a0bbf11e310ba7f262e77841dc8e70360283da6a0100631e2ac4760956,South Asian English,south_asian,A Fermilab initiative to seek out cost effective computing for the Tevatron.,A FORMULA INITIATIVE TO SEEK OUT COST EFFECTIVE COMPUTING FOR THE TERITDRAWN,4bd44b52f5551a46432ea507b1dec40e4fd41734a6cc2db014ed6b1e1285ec54
wav2vec2_large_robust,dsuta,85,stage5ext_00343,746bd7c2bd64e7fde7dda173976ca80e97a1875f7571a836827b832c1609da3c16be48a0bbf11e310ba7f262e77841dc8e70360283da6a0100631e2ac4760956,South Asian English,south_asian,"The Shaw collection is housed at the university's duPont-Ball library in DeLand, Florida.",THE SHOR COLLECTION IS HOUSED AT THE UNIVERSITY'S DUPON BALL LIBRARY IN TILAN FORIDA,4bd44b52f5551a46432ea507b1dec40e4fd41734a6cc2db014ed6b1e1285ec54
wav2vec2_large_robust,dsuta,85,stage5ext_00344,746bd7c2bd64e7fde7dda173976ca80e97a1875f7571a836827b832c1609da3c16be48a0bbf11e310ba7f262e77841dc8e70360283da6a0100631e2ac4760956,South Asian English,south_asian,"He now lives in Toronto, Ontario.",HE NOW LIVES IN TORONTO ONTARIO,4bd44b52f5551a46432ea507b1dec40e4fd41734a6cc2db014ed6b1e1285ec54
wav2vec2_large_robust,dsuta,86,stage5ext_00345,746bd7c2bd64e7fde7dda173976ca80e97a1875f7571a836827b832c1609da3c16be48a0bbf11e310ba7f262e77841dc8e70360283da6a0100631e2ac4760956,South Asian English,south_asian,"The British called such weapons ""Pass-made rifles"".",THE BRITISH CALLED SUCH WEAPONS PAS MADE RIFLES,fe4719bdb7b022bd4cd598c2a9d870686a697c5499d1e255b9720403b3aa3672
wav2vec2_large_robust,dsuta,86,stage5ext_00346,02a40eed38bf20ab1ddca1a5c60f5b2cadd5455be21c7a1ab8e87d65a6fec68495c0d24d8fecdfe3f9d132fdfa842dba33dca093df21b19f3d325519779d13d0,South Asian English,south_asian,"The women of ""Survivor"" deserved better.",THE WOMEN OF SURVIVOR DESERVE BETTER,fe4719bdb7b022bd4cd598c2a9d870686a697c5499d1e255b9720403b3aa3672
wav2vec2_large_robust,dsuta,86,stage5ext_00347,02a40eed38bf20ab1ddca1a5c60f5b2cadd5455be21c7a1ab8e87d65a6fec68495c0d24d8fecdfe3f9d132fdfa842dba33dca093df21b19f3d325519779d13d0,South Asian English,south_asian,His great knowledge and immense industry are shown throughout its pages.,HIS GREAT KNOWLEDGE AND IMMENSE INDUSTRY ARE SHOWN THROUGHOUT ITS PAGES,fe4719bdb7b022bd4cd598c2a9d870686a697c5499d1e255b9720403b3aa3672
wav2vec2_large_robust,dsuta,86,stage5ext_00348,02a40eed38bf20ab1ddca1a5c60f5b2cadd5455be21c7a1ab8e87d65a6fec68495c0d24d8fecdfe3f9d132fdfa842dba33dca093df21b19f3d325519779d13d0,South Asian English,south_asian,Other African examples may be found in Nigeria and East Africa.,OTHER AFRICAN EXAMPLES MAY BE FOUND IN AGIRIA AND EAST AFRICA,fe4719bdb7b022bd4cd598c2a9d870686a697c5499d1e255b9720403b3aa3672
wav2vec2_large_robust,dsuta,87,stage5ext_00349,02a40eed38bf20ab1ddca1a5c60f5b2cadd5455be21c7a1ab8e87d65a6fec68495c0d24d8fecdfe3f9d132fdfa842dba33dca093df21b19f3d325519779d13d0,South Asian English,south_asian,Enrico Ferri is the father of four children.,ENDRICOFERI IS FATHER OF FOUR CHILDREN,daec1745a622f6b4f81a8d4133086eabbf4996d3848935f94476bdc283f74a84
wav2vec2_large_robust,dsuta,87,stage5ext_00350,02a40eed38bf20ab1ddca1a5c60f5b2cadd5455be21c7a1ab8e87d65a6fec68495c0d24d8fecdfe3f9d132fdfa842dba33dca093df21b19f3d325519779d13d0,South Asian English,south_asian,It has been found in the English Channel and the Gulf of Mexico.,IT HAS BEEN FOUND IN THE ENGLISH CHANNEL AND THE GULF OF MEXICO,daec1745a622f6b4f81a8d4133086eabbf4996d3848935f94476bdc283f74a84
wav2vec2_large_robust,dsuta,87,stage5ext_00351,02a40eed38bf20ab1ddca1a5c60f5b2cadd5455be21c7a1ab8e87d65a6fec68495c0d24d8fecdfe3f9d132fdfa842dba33dca093df21b19f3d325519779d13d0,South Asian English,south_asian,Her work has also appeared on postage stamps produced by the Czech Republic.,HER WORK HAS ALSO APPEARED ON POSTAGE STAMPS PRODUCED BY THE SAC REPUBLIC,daec1745a622f6b4f81a8d4133086eabbf4996d3848935f94476bdc283f74a84
wav2vec2_large_robust,dsuta,87,stage5ext_00352,02a40eed38bf20ab1ddca1a5c60f5b2cadd5455be21c7a1ab8e87d65a6fec68495c0d24d8fecdfe3f9d132fdfa842dba33dca093df21b19f3d325519779d13d0,South Asian English,south_asian,Mathilda Ebeling,MATILDA EBLING,daec1745a622f6b4f81a8d4133086eabbf4996d3848935f94476bdc283f74a84
wav2vec2_large_robust,dsuta,88,stage5ext_00353,02a40eed38bf20ab1ddca1a5c60f5b2cadd5455be21c7a1ab8e87d65a6fec68495c0d24d8fecdfe3f9d132fdfa842dba33dca093df21b19f3d325519779d13d0,South Asian English,south_asian,Behra also set pole and fastest lap.,BEHEDA ALSO SAID BALLING FASTITS LAP,973a1eb3b16b3b01da4592b741b8bf23a0b2d09a4fae59d5ac36563cb52f56d6
wav2vec2_large_robust,dsuta,88,stage5ext_00354,02a40eed38bf20ab1ddca1a5c60f5b2cadd5455be21c7a1ab8e87d65a6fec68495c0d24d8fecdfe3f9d132fdfa842dba33dca093df21b19f3d325519779d13d0,South Asian English,south_asian,All of his brothers were fighters.,ALL OF HIS BROTHERS WERE FIGHTERS,973a1eb3b16b3b01da4592b741b8bf23a0b2d09a4fae59d5ac36563cb52f56d6
wav2vec2_large_robust,dsuta,88,stage5ext_00355,02a40eed38bf20ab1ddca1a5c60f5b2cadd5455be21c7a1ab8e87d65a6fec68495c0d24d8fecdfe3f9d132fdfa842dba33dca093df21b19f3d325519779d13d0,South Asian English,south_asian,In general they tended to rather large format.,IN GENERAL THEY TENDED TO RATHER LARGE FORMAT,973a1eb3b16b3b01da4592b741b8bf23a0b2d09a4fae59d5ac36563cb52f56d6
wav2vec2_large_robust,dsuta,88,stage5ext_00356,02a40eed38bf20ab1ddca1a5c60f5b2cadd5455be21c7a1ab8e87d65a6fec68495c0d24d8fecdfe3f9d132fdfa842dba33dca093df21b19f3d325519779d13d0,South Asian English,south_asian,Downey posted the picture on Instagram and received requests for the pattern.,DOWNY POSTED THE PICTURE ON INSTOC GRAM AND RECEIVED REQUEST FOR THE PATTERN,973a1eb3b16b3b01da4592b741b8bf23a0b2d09a4fae59d5ac36563cb52f56d6
wav2vec2_large_robust,dsuta,89,stage5ext_00357,02a40eed38bf20ab1ddca1a5c60f5b2cadd5455be21c7a1ab8e87d65a6fec68495c0d24d8fecdfe3f9d132fdfa842dba33dca093df21b19f3d325519779d13d0,South Asian English,south_asian,She did not like children and tried to hide it.,SHE DID NOT LIKE CHILDREN AND TRIED TO HIDE IT,930a9a96fbc20616342ce61935bcc221a954ad5f42442e795f091ec3ea9e0a00
wav2vec2_large_robust,dsuta,89,stage5ext_00358,02a40eed38bf20ab1ddca1a5c60f5b2cadd5455be21c7a1ab8e87d65a6fec68495c0d24d8fecdfe3f9d132fdfa842dba33dca093df21b19f3d325519779d13d0,South Asian English,south_asian,Today the church still retains many of its historic features.,TO DAY THE CHURCH STILL RETAINS MANY OF ITS ISTRORIC FEATURES,930a9a96fbc20616342ce61935bcc221a954ad5f42442e795f091ec3ea9e0a00
wav2vec2_large_robust,dsuta,89,stage5ext_00359,02a40eed38bf20ab1ddca1a5c60f5b2cadd5455be21c7a1ab8e87d65a6fec68495c0d24d8fecdfe3f9d132fdfa842dba33dca093df21b19f3d325519779d13d0,South Asian English,south_asian,The two also had used the same choreographer.,THE TWO ALSO HAD USED THE SAME COREOGRAPHE,930a9a96fbc20616342ce61935bcc221a954ad5f42442e795f091ec3ea9e0a00
wav2vec2_large_robust,dsuta,89,stage5ext_00360,02a40eed38bf20ab1ddca1a5c60f5b2cadd5455be21c7a1ab8e87d65a6fec68495c0d24d8fecdfe3f9d132fdfa842dba33dca093df21b19f3d325519779d13d0,South Asian English,south_asian,Murom is the nearest rural locality.,MORAM IS THE NEAREST RULAL LOCALITY,930a9a96fbc20616342ce61935bcc221a954ad5f42442e795f091ec3ea9e0a00
wav2vec2_large_robust,dsuta,90,stage5ext_00361,aaf1e4c69fbd1d1faf2fcbf3500fe62c714695d030ca2f945ff72ef0c02adfc3ff3b57023bc8367965617d4ca057efc9c9a11733d05858f18602fdc792ae9d84,South Asian English,south_asian,We will not have any money left.,WE WILL NOT HAVE ANY MONEY LEFT,f87a67161f096e99b81fb4b3e04be4cbe9d2a1d24ffbfd75c7498ae5baf0ac1c
wav2vec2_large_robust,dsuta,90,stage5ext_00362,aaf1e4c69fbd1d1faf2fcbf3500fe62c714695d030ca2f945ff72ef0c02adfc3ff3b57023bc8367965617d4ca057efc9c9a11733d05858f18602fdc792ae9d84,South Asian English,south_asian,A magistrate.,A MAGISTRATE,f87a67161f096e99b81fb4b3e04be4cbe9d2a1d24ffbfd75c7498ae5baf0ac1c
wav2vec2_large_robust,dsuta,90,stage5ext_00363,aaf1e4c69fbd1d1faf2fcbf3500fe62c714695d030ca2f945ff72ef0c02adfc3ff3b57023bc8367965617d4ca057efc9c9a11733d05858f18602fdc792ae9d84,South Asian English,south_asian,I know Daniel quite well.,I KNOW DANIEL QUITE WELL,f87a67161f096e99b81fb4b3e04be4cbe9d2a1d24ffbfd75c7498ae5baf0ac1c
wav2vec2_large_robust,dsuta,90,stage5ext_00364,aaf1e4c69fbd1d1faf2fcbf3500fe62c714695d030ca2f945ff72ef0c02adfc3ff3b57023bc8367965617d4ca057efc9c9a11733d05858f18602fdc792ae9d84,South Asian English,south_asian,Mary found the website and showed it to Daniel.,MARY FOUND THE WEBSIDE AND SHOWED IT TO DANIEL,f87a67161f096e99b81fb4b3e04be4cbe9d2a1d24ffbfd75c7498ae5baf0ac1c
wav2vec2_large_robust,dsuta,91,stage5ext_00365,aaf1e4c69fbd1d1faf2fcbf3500fe62c714695d030ca2f945ff72ef0c02adfc3ff3b57023bc8367965617d4ca057efc9c9a11733d05858f18602fdc792ae9d84,South Asian English,south_asian,"If you experience further problems, please let me know.",IF YOU EXPERIENCE FURTHER PROBLEMS PLEASE LET ME KNOW,26c826328699c28a13df587c7ec60e5f4a7b766136729cd3b7e8b04deae8123f
wav2vec2_large_robust,dsuta,91,stage5ext_00366,aaf1e4c69fbd1d1faf2fcbf3500fe62c714695d030ca2f945ff72ef0c02adfc3ff3b57023bc8367965617d4ca057efc9c9a11733d05858f18602fdc792ae9d84,South Asian English,south_asian,Debra is a explorer that has been all over the world.,DEBRISA EXPLORER THAT HAS BEEN ALL OVER THE WORLD,26c826328699c28a13df587c7ec60e5f4a7b766136729cd3b7e8b04deae8123f
wav2vec2_large_robust,dsuta,91,stage5ext_00367,aaf1e4c69fbd1d1faf2fcbf3500fe62c714695d030ca2f945ff72ef0c02adfc3ff3b57023bc8367965617d4ca057efc9c9a11733d05858f18602fdc792ae9d84,South Asian English,south_asian,Albert Einstein's famous equation E equals MC squared is one of the best known equations in physics.,ALBERTINSTEIN'S FAMOUS ECRATIAN  ECOSUMSYSQUIRD IS ONE OF THE BEST KNOWN ECCREATIONS IN PHYSIX,26c826328699c28a13df587c7ec60e5f4a7b766136729cd3b7e8b04deae8123f
wav2vec2_large_robust,dsuta,91,stage5ext_00368,aaf1e4c69fbd1d1faf2fcbf3500fe62c714695d030ca2f945ff72ef0c02adfc3ff3b57023bc8367965617d4ca057efc9c9a11733d05858f18602fdc792ae9d84,South Asian English,south_asian,One good turn deserves another.,ONE GOOD TURN DESOLVES ANOTHER,26c826328699c28a13df587c7ec60e5f4a7b766136729cd3b7e8b04deae8123f
wav2vec2_large_robust,dsuta,92,stage5ext_00369,aaf1e4c69fbd1d1faf2fcbf3500fe62c714695d030ca2f945ff72ef0c02adfc3ff3b57023bc8367965617d4ca057efc9c9a11733d05858f18602fdc792ae9d84,South Asian English,south_asian,It has been so long since I have seen you!,IT HAS BEEN SO LONG SINCE I HAVE SEEN YOU,8c3bf8f4f817e4d98f021d8a07a82b58e5de1dd0b314c2825f3d471c3d6be895
wav2vec2_large_robust,dsuta,92,stage5ext_00370,aaf1e4c69fbd1d1faf2fcbf3500fe62c714695d030ca2f945ff72ef0c02adfc3ff3b57023bc8367965617d4ca057efc9c9a11733d05858f18602fdc792ae9d84,South Asian English,south_asian,William Shakespeare was an English poet and playwright that lived during the late sixteenth century.,WILLIAM SHAKESPEARE WAS AN ENGLISH POIDE AND PLAYRATE THAT LIVED DURING THE LATE SIXTEENTH CENTURY,8c3bf8f4f817e4d98f021d8a07a82b58e5de1dd0b314c2825f3d471c3d6be895
wav2vec2_large_robust,dsuta,92,stage5ext_00371,aaf1e4c69fbd1d1faf2fcbf3500fe62c714695d030ca2f945ff72ef0c02adfc3ff3b57023bc8367965617d4ca057efc9c9a11733d05858f18602fdc792ae9d84,South Asian English,south_asian,The pup jerked the leash as he saw a feline shape.,THE PUB JERKED THE LECH AS HE SAW A FELYING TREE,8c3bf8f4f817e4d98f021d8a07a82b58e5de1dd0b314c2825f3d471c3d6be895
wav2vec2_large_robust,dsuta,92,stage5ext_00372,aaf1e4c69fbd1d1faf2fcbf3500fe62c714695d030ca2f945ff72ef0c02adfc3ff3b57023bc8367965617d4ca057efc9c9a11733d05858f18602fdc792ae9d84,South Asian English,south_asian,Forty on Thursday is the name of the event.,FORTI ON TORSDO IS THE NAME OF THE EVENT,8c3bf8f4f817e4d98f021d8a07a82b58e5de1dd0b314c2825f3d471c3d6be895
wav2vec2_large_robust,dsuta,93,stage5ext_00373,aaf1e4c69fbd1d1faf2fcbf3500fe62c714695d030ca2f945ff72ef0c02adfc3ff3b57023bc8367965617d4ca057efc9c9a11733d05858f18602fdc792ae9d84,South Asian English,south_asian,The largest town is Abergavenny.,THE LARGEST TOWN IS ABEGAVENY,599ee89489aa9b52a3d23e5d527d67f1071640f596ffb9a81611421b47c27396
wav2vec2_large_robust,dsuta,93,stage5ext_00374,aaf1e4c69fbd1d1faf2fcbf3500fe62c714695d030ca2f945ff72ef0c02adfc3ff3b57023bc8367965617d4ca057efc9c9a11733d05858f18602fdc792ae9d84,South Asian English,south_asian,No one has ever done it before.,NO ONE HAS OVERDONE IT BEFORE,599ee89489aa9b52a3d23e5d527d67f1071640f596ffb9a81611421b47c27396
wav2vec2_large_robust,dsuta,93,stage5ext_00375,aaf1e4c69fbd1d1faf2fcbf3500fe62c714695d030ca2f945ff72ef0c02adfc3ff3b57023bc8367965617d4ca057efc9c9a11733d05858f18602fdc792ae9d84,South Asian English,south_asian,Two men spoke in Arabic while having a drink at the bar.,TWO MEN SPOK IN ARABIC WHILE HAVING A DRINK AT THE BALL,599ee89489aa9b52a3d23e5d527d67f1071640f596ffb9a81611421b47c27396
wav2vec2_large_robust,dsuta,93,stage5ext_00376,f7e25829f749c01cdf81e5c9cba92ab80af25ba7120bdb943094d45b56be1cc3b516ca22cc0a4aed4934a1c9af35e152ecc95a58b32ce448662acabb5b87bc76,South Asian English,south_asian,But you want to know something?,BUT YOU WANT TO KNOW SOMETHING,599ee89489aa9b52a3d23e5d527d67f1071640f596ffb9a81611421b47c27396
wav2vec2_large_robust,dsuta,94,stage5ext_00377,f7e25829f749c01cdf81e5c9cba92ab80af25ba7120bdb943094d45b56be1cc3b516ca22cc0a4aed4934a1c9af35e152ecc95a58b32ce448662acabb5b87bc76,South Asian English,south_asian,The giraffe had become fearful.,THE GERAF HAD BECOME FEARFUL,9c69e44e1f2edad5d3aa85d47a830eebed6fd178432528e5bcb49b7ba31c30d6
wav2vec2_large_robust,dsuta,94,stage5ext_00378,f7e25829f749c01cdf81e5c9cba92ab80af25ba7120bdb943094d45b56be1cc3b516ca22cc0a4aed4934a1c9af35e152ecc95a58b32ce448662acabb5b87bc76,South Asian English,south_asian,Our deadline is coming up rapidly and we will need help.,OUR DEAD LINE IS COMING UP RAPIDLY AND WE WILL NEED HELP,9c69e44e1f2edad5d3aa85d47a830eebed6fd178432528e5bcb49b7ba31c30d6
wav2vec2_large_robust,dsuta,94,stage5ext_00379,f7e25829f749c01cdf81e5c9cba92ab80af25ba7120bdb943094d45b56be1cc3b516ca22cc0a4aed4934a1c9af35e152ecc95a58b32ce448662acabb5b87bc76,South Asian English,south_asian,I found it out a little late.,I FOUND IT OUT A LITTLE LATE,9c69e44e1f2edad5d3aa85d47a830eebed6fd178432528e5bcb49b7ba31c30d6
wav2vec2_large_robust,dsuta,94,stage5ext_00380,f7e25829f749c01cdf81e5c9cba92ab80af25ba7120bdb943094d45b56be1cc3b516ca22cc0a4aed4934a1c9af35e152ecc95a58b32ce448662acabb5b87bc76,South Asian English,south_asian,Don't worry about that.,DON'T WORRY ABOUT THAT,9c69e44e1f2edad5d3aa85d47a830eebed6fd178432528e5bcb49b7ba31c30d6
wav2vec2_large_robust,dsuta,95,stage5ext_00381,f7e25829f749c01cdf81e5c9cba92ab80af25ba7120bdb943094d45b56be1cc3b516ca22cc0a4aed4934a1c9af35e152ecc95a58b32ce448662acabb5b87bc76,South Asian English,south_asian,I shouldn't think so.,I SHOULDN'T THINK SO,d118942a78ebf332708502e7b43cf6a8e7583a2935e5b82389a737fff130ba82
wav2vec2_large_robust,dsuta,95,stage5ext_00382,f7e25829f749c01cdf81e5c9cba92ab80af25ba7120bdb943094d45b56be1cc3b516ca22cc0a4aed4934a1c9af35e152ecc95a58b32ce448662acabb5b87bc76,South Asian English,south_asian,Turning off gadgets that are not in use can save a lot of energy.,TURNING OFF GADGETS THAT ARE NOT IN USE CAN SAVE A LOT OF ENERGY,d118942a78ebf332708502e7b43cf6a8e7583a2935e5b82389a737fff130ba82
wav2vec2_large_robust,dsuta,95,stage5ext_00383,f7e25829f749c01cdf81e5c9cba92ab80af25ba7120bdb943094d45b56be1cc3b516ca22cc0a4aed4934a1c9af35e152ecc95a58b32ce448662acabb5b87bc76,South Asian English,south_asian,There is a counter on the top left of the web page.,THERE IS A COUNTER ON THE TOP LEFT OF THE WEB PAGE,d118942a78ebf332708502e7b43cf6a8e7583a2935e5b82389a737fff130ba82
wav2vec2_large_robust,dsuta,95,stage5ext_00384,f7e25829f749c01cdf81e5c9cba92ab80af25ba7120bdb943094d45b56be1cc3b516ca22cc0a4aed4934a1c9af35e152ecc95a58b32ce448662acabb5b87bc76,South Asian English,south_asian,You think you did.,YOU THINK YOU DID,d118942a78ebf332708502e7b43cf6a8e7583a2935e5b82389a737fff130ba82
wav2vec2_large_robust,dsuta,96,stage5ext_00385,f7e25829f749c01cdf81e5c9cba92ab80af25ba7120bdb943094d45b56be1cc3b516ca22cc0a4aed4934a1c9af35e152ecc95a58b32ce448662acabb5b87bc76,South Asian English,south_asian,Maybe he'll give us one.,MAYBE HE'LL GIVE US ONE,a417d10b8d063b1cdb749b2c74a8f1d78e2d13a9fffa92c9b5dfd43581979928
wav2vec2_large_robust,dsuta,96,stage5ext_00386,f7e25829f749c01cdf81e5c9cba92ab80af25ba7120bdb943094d45b56be1cc3b516ca22cc0a4aed4934a1c9af35e152ecc95a58b32ce448662acabb5b87bc76,South Asian English,south_asian,Better let me talk to him.,BETTER LET ME TALK TO HIM,a417d10b8d063b1cdb749b2c74a8f1d78e2d13a9fffa92c9b5dfd43581979928
wav2vec2_large_robust,dsuta,96,stage5ext_00387,f7e25829f749c01cdf81e5c9cba92ab80af25ba7120bdb943094d45b56be1cc3b516ca22cc0a4aed4934a1c9af35e152ecc95a58b32ce448662acabb5b87bc76,South Asian English,south_asian,I don't want any plastics.,I DON'T WANT ANY PLASTICS,a417d10b8d063b1cdb749b2c74a8f1d78e2d13a9fffa92c9b5dfd43581979928
wav2vec2_large_robust,dsuta,96,stage5ext_00388,f7e25829f749c01cdf81e5c9cba92ab80af25ba7120bdb943094d45b56be1cc3b516ca22cc0a4aed4934a1c9af35e152ecc95a58b32ce448662acabb5b87bc76,South Asian English,south_asian,Without a single quiver.,WITHOUT A SINGLE QUIVER,a417d10b8d063b1cdb749b2c74a8f1d78e2d13a9fffa92c9b5dfd43581979928
wav2vec2_large_robust,dsuta,97,stage5ext_00389,f7e25829f749c01cdf81e5c9cba92ab80af25ba7120bdb943094d45b56be1cc3b516ca22cc0a4aed4934a1c9af35e152ecc95a58b32ce448662acabb5b87bc76,South Asian English,south_asian,I never saw it before.,I NEVER SAW IT BEFORE,e7e67b236431a74fac3f6aef22579843fecdd1cc01e27833aa9fa35abac8044d
wav2vec2_large_robust,dsuta,97,stage5ext_00390,f7e25829f749c01cdf81e5c9cba92ab80af25ba7120bdb943094d45b56be1cc3b516ca22cc0a4aed4934a1c9af35e152ecc95a58b32ce448662acabb5b87bc76,South Asian English,south_asian,"The reason for this, is to discern your strengths.",THE REASON FOR THIS IS TO DISCERN YOUR STRENGTH,e7e67b236431a74fac3f6aef22579843fecdd1cc01e27833aa9fa35abac8044d
wav2vec2_large_robust,dsuta,97,stage5ext_00391,3f0b866ee8d4499e4c0de09d34862acbb1ea0139f53bf7f1271a8648fb35d9a3a31272a8bc7af870e3b52bf7f4cb51ae512fa07df79663eaeafa30221c0b200b,South Asian English,south_asian,"The perpetrators were never identified, and this monument has never been rebuilt.",THE BUROTREKELS WEN NEVER IDENTIFIED AND THIS MONNUMENT HAS NEVER BEEN TRIBUED,e7e67b236431a74fac3f6aef22579843fecdd1cc01e27833aa9fa35abac8044d
wav2vec2_large_robust,dsuta,97,stage5ext_00392,3f0b866ee8d4499e4c0de09d34862acbb1ea0139f53bf7f1271a8648fb35d9a3a31272a8bc7af870e3b52bf7f4cb51ae512fa07df79663eaeafa30221c0b200b,South Asian English,south_asian,"These songs include ""Never End,"" ""Please Smile Again,"" and ""Cross Over.",THESE SONGS INCLUDE NEVER END YE SMILE AGAIN AND CROSS O,e7e67b236431a74fac3f6aef22579843fecdd1cc01e27833aa9fa35abac8044d
wav2vec2_large_robust,dsuta,98,stage5ext_00393,3f0b866ee8d4499e4c0de09d34862acbb1ea0139f53bf7f1271a8648fb35d9a3a31272a8bc7af870e3b52bf7f4cb51ae512fa07df79663eaeafa30221c0b200b,South Asian English,south_asian,Water in the pool is continuously circulated through a filtration system.,WHAT IN THE POOL IS CONTINUOUSLY CIRCULATED TO A FILTRATION SYSTEM,a78d7dbdfa8a7c9150575ae5c8230cffbe3181de0949d8c2da870a7959ceb092
wav2vec2_large_robust,dsuta,98,stage5ext_00394,3f0b866ee8d4499e4c0de09d34862acbb1ea0139f53bf7f1271a8648fb35d9a3a31272a8bc7af870e3b52bf7f4cb51ae512fa07df79663eaeafa30221c0b200b,South Asian English,south_asian,We maintain an array of roots indexed by timestamp.,FIMANTIN AND ORIO FRUITS INDEXED BY TIME STAMP,a78d7dbdfa8a7c9150575ae5c8230cffbe3181de0949d8c2da870a7959ceb092
wav2vec2_large_robust,dsuta,98,stage5ext_00395,3f0b866ee8d4499e4c0de09d34862acbb1ea0139f53bf7f1271a8648fb35d9a3a31272a8bc7af870e3b52bf7f4cb51ae512fa07df79663eaeafa30221c0b200b,South Asian English,south_asian,"The educators lost, though commercial broadcasters were forced to air public affairs programs.",THE EDUCATORS LOST THOUGH COMMERCIAL BROADCASTERS WERE FORCED TO ADD PUBLIC AFFAIRS PROGRAMS,a78d7dbdfa8a7c9150575ae5c8230cffbe3181de0949d8c2da870a7959ceb092
wav2vec2_large_robust,dsuta,98,stage5ext_00396,3f0b866ee8d4499e4c0de09d34862acbb1ea0139f53bf7f1271a8648fb35d9a3a31272a8bc7af870e3b52bf7f4cb51ae512fa07df79663eaeafa30221c0b200b,South Asian English,south_asian,It is also the largest school in the state by size.,ERE IS ALSO THE LARGEST SCHOOL IN THE STATE BY SITE,a78d7dbdfa8a7c9150575ae5c8230cffbe3181de0949d8c2da870a7959ceb092
wav2vec2_large_robust,dsuta,99,stage5ext_00397,3f0b866ee8d4499e4c0de09d34862acbb1ea0139f53bf7f1271a8648fb35d9a3a31272a8bc7af870e3b52bf7f4cb51ae512fa07df79663eaeafa30221c0b200b,South Asian English,south_asian,The band members decided to discontinue their mutual involvement.,THE BYRON OS DECIDED TO DISCONTINUE THE MUTU AND WHAT NOT,c11be6b7581627de31344cf65f5cacdcc2362253e76782025a989f89b12abf83
wav2vec2_large_robust,dsuta,99,stage5ext_00398,3f0b866ee8d4499e4c0de09d34862acbb1ea0139f53bf7f1271a8648fb35d9a3a31272a8bc7af870e3b52bf7f4cb51ae512fa07df79663eaeafa30221c0b200b,South Asian English,south_asian,Highlights include a Gutenberg Bible and the Romanesque Lambeth Bible.,HILI SEND THO A GUDINFUL BIBLE AND THE ROMANAS CLAMBERED BACK,c11be6b7581627de31344cf65f5cacdcc2362253e76782025a989f89b12abf83
wav2vec2_large_robust,dsuta,99,stage5ext_00399,3f0b866ee8d4499e4c0de09d34862acbb1ea0139f53bf7f1271a8648fb35d9a3a31272a8bc7af870e3b52bf7f4cb51ae512fa07df79663eaeafa30221c0b200b,South Asian English,south_asian,"The parents return, in bandages, having survived the fire.",PADINS RETON IN MAGNIVOC HAVING SURVIVED THE FIRE,c11be6b7581627de31344cf65f5cacdcc2362253e76782025a989f89b12abf83
wav2vec2_large_robust,dsuta,99,stage5ext_00400,3f0b866ee8d4499e4c0de09d34862acbb1ea0139f53bf7f1271a8648fb35d9a3a31272a8bc7af870e3b52bf7f4cb51ae512fa07df79663eaeafa30221c0b200b,South Asian English,south_asian,"After the show, Sewercap talked to Jughead about officially reuniting Screeching Weasel.",AFTER THE SHOW SUWOKUP TALK TO JACKHAD ABOUT OFFICILLERY UNITING SCREECHING WASBLE,c11be6b7581627de31344cf65f5cacdcc2362253e76782025a989f89b12abf83
wav2vec2_large_robust,dsuta,100,stage5ext_00401,3f0b866ee8d4499e4c0de09d34862acbb1ea0139f53bf7f1271a8648fb35d9a3a31272a8bc7af870e3b52bf7f4cb51ae512fa07df79663eaeafa30221c0b200b,South Asian English,south_asian,Harpur served in various capacities in the New York government during the American Revolution.,HOPE SERVED IN THE GREATEST CAPACITIES IN THE NEW YORK GOVERNMENT DURING THE AMERICAN REVOLUTION,99dcd7fbc6e616234e294f91e887fa7c7e7805cc21b0d2332de126f2e4373563
wav2vec2_large_robust,dsuta,100,stage5ext_00402,3f0b866ee8d4499e4c0de09d34862acbb1ea0139f53bf7f1271a8648fb35d9a3a31272a8bc7af870e3b52bf7f4cb51ae512fa07df79663eaeafa30221c0b200b,South Asian English,south_asian,The program has won many awards for investigative journalism.,THE PROGRAM HAS WON MANY AWARDS FOR INVESTIGATIVE JOURNALS,99dcd7fbc6e616234e294f91e887fa7c7e7805cc21b0d2332de126f2e4373563
wav2vec2_large_robust,dsuta,100,stage5ext_00403,3f0b866ee8d4499e4c0de09d34862acbb1ea0139f53bf7f1271a8648fb35d9a3a31272a8bc7af870e3b52bf7f4cb51ae512fa07df79663eaeafa30221c0b200b,South Asian English,south_asian,Information about Boffo and its games can still be found on the site.,INFORMATION ABOUT POFO AND ITS GAMES CAN STILL BE FOUND ON HIS ECT,99dcd7fbc6e616234e294f91e887fa7c7e7805cc21b0d2332de126f2e4373563
wav2vec2_large_robust,dsuta,100,stage5ext_00404,3f0b866ee8d4499e4c0de09d34862acbb1ea0139f53bf7f1271a8648fb35d9a3a31272a8bc7af870e3b52bf7f4cb51ae512fa07df79663eaeafa30221c0b200b,South Asian English,south_asian,"Forestkith Goblin: Nocturnal hunters, also known as kith.",FORESTE COBBLIN NOCTURNAL HUNTERS ALSO KNOWN AS KIT,99dcd7fbc6e616234e294f91e887fa7c7e7805cc21b0d2332de126f2e4373563
wav2vec2_large_robust,dsuta,101,stage5ext_00405,3f0b866ee8d4499e4c0de09d34862acbb1ea0139f53bf7f1271a8648fb35d9a3a31272a8bc7af870e3b52bf7f4cb51ae512fa07df79663eaeafa30221c0b200b,South Asian English,south_asian,"Clearing facilities, security investments, cheques and overdraft protections were introduced.",PLARING FACILITIES SECURITY INVESTMENTS CHECKS AND OVERDUN PROTECTIONS WERE INTRODUCED,b4896a55b8fbf512ae356d5d0662388a4bc5885ce936454a9636092e9fd7aa99
wav2vec2_large_robust,dsuta,101,stage5ext_00406,73e8a395a2162293c7b4534d24818227a71f84f9f562d54db101f6576c15907499bf892f20f243b766b2da4de010cd4b697339df0b8c453740e425875c0eac05,South Asian English,south_asian,Each family is allowed one vote per each style of debate.,EACH FAMILY IS ALLOWED ONE WORD PER EACH STYLE OF BIBBET,b4896a55b8fbf512ae356d5d0662388a4bc5885ce936454a9636092e9fd7aa99
wav2vec2_large_robust,dsuta,101,stage5ext_00407,73e8a395a2162293c7b4534d24818227a71f84f9f562d54db101f6576c15907499bf892f20f243b766b2da4de010cd4b697339df0b8c453740e425875c0eac05,South Asian English,south_asian,Min varieties are not mutually intelligible with any other varieties of Chinese.,WIN VARIETIES ARE NOT MUTUALLY INTELLIGIBLE WITH ANY OTHER VARIETIES OF CHINESE,b4896a55b8fbf512ae356d5d0662388a4bc5885ce936454a9636092e9fd7aa99
wav2vec2_large_robust,dsuta,101,stage5ext_00408,73e8a395a2162293c7b4534d24818227a71f84f9f562d54db101f6576c15907499bf892f20f243b766b2da4de010cd4b697339df0b8c453740e425875c0eac05,South Asian English,south_asian,The sculptures on the pillars are truly beautiful.,THE SCULPTURES ON THE PILLARS ARE TRULY BEAUTIFUL,b4896a55b8fbf512ae356d5d0662388a4bc5885ce936454a9636092e9fd7aa99
wav2vec2_large_robust,dsuta,102,stage5ext_00409,73e8a395a2162293c7b4534d24818227a71f84f9f562d54db101f6576c15907499bf892f20f243b766b2da4de010cd4b697339df0b8c453740e425875c0eac05,South Asian English,south_asian,"Examples of non-vibrating objects are mallets, hammers, and sticks.",EXAMPLES OF NON VIBRATING OBJECTS ARE MALLOTS HAMMERS AND STICKS,31dfc6ad6b1e6b3626b65eaffb42d09d724f9707f2a1b2766cc4f294d6c2d499
wav2vec2_large_robust,dsuta,102,stage5ext_00410,73e8a395a2162293c7b4534d24818227a71f84f9f562d54db101f6576c15907499bf892f20f243b766b2da4de010cd4b697339df0b8c453740e425875c0eac05,South Asian English,south_asian,"You place your choice in a sealed envelope, which is opened after the game.",YOU PLACE YOUR CHOICE IN A SEALED ENVELOPE WHICH IS OPENED AFTER THE GAME,31dfc6ad6b1e6b3626b65eaffb42d09d724f9707f2a1b2766cc4f294d6c2d499
wav2vec2_large_robust,dsuta,102,stage5ext_00411,73e8a395a2162293c7b4534d24818227a71f84f9f562d54db101f6576c15907499bf892f20f243b766b2da4de010cd4b697339df0b8c453740e425875c0eac05,South Asian English,south_asian,The first was Buddy Ryan.,THE FIRST FIRST BODY RAN,31dfc6ad6b1e6b3626b65eaffb42d09d724f9707f2a1b2766cc4f294d6c2d499
wav2vec2_large_robust,dsuta,102,stage5ext_00412,73e8a395a2162293c7b4534d24818227a71f84f9f562d54db101f6576c15907499bf892f20f243b766b2da4de010cd4b697339df0b8c453740e425875c0eac05,South Asian English,south_asian,"His playing style is aggressive and he has won many ""best game"" awards.",HIS PLAYING STIDL IS AGGRESSIVE AND HE HAS WON MANY BEST GAME AWARDS,31dfc6ad6b1e6b3626b65eaffb42d09d724f9707f2a1b2766cc4f294d6c2d499
wav2vec2_large_robust,dsuta,103,stage5ext_00413,73e8a395a2162293c7b4534d24818227a71f84f9f562d54db101f6576c15907499bf892f20f243b766b2da4de010cd4b697339df0b8c453740e425875c0eac05,South Asian English,south_asian,Their flight is weak.,THEIR FLIGHT IS WEAK,9c70fbb2dcfe3b4108727b3a8cddfca5bf6b67e11bc6e0e31b8c0fabc2ca3f9a
wav2vec2_large_robust,dsuta,103,stage5ext_00414,73e8a395a2162293c7b4534d24818227a71f84f9f562d54db101f6576c15907499bf892f20f243b766b2da4de010cd4b697339df0b8c453740e425875c0eac05,South Asian English,south_asian,"In many cases however, they are quite functional.",IN MANY CASES HOWEVER THEY ARE QUITE FUNCTIONAL,9c70fbb2dcfe3b4108727b3a8cddfca5bf6b67e11bc6e0e31b8c0fabc2ca3f9a
wav2vec2_large_robust,dsuta,103,stage5ext_00415,73e8a395a2162293c7b4534d24818227a71f84f9f562d54db101f6576c15907499bf892f20f243b766b2da4de010cd4b697339df0b8c453740e425875c0eac05,South Asian English,south_asian,Ward went on to win the general election.,FARD WENT ON TO WIN THE GENERAL ELECTION,9c70fbb2dcfe3b4108727b3a8cddfca5bf6b67e11bc6e0e31b8c0fabc2ca3f9a
wav2vec2_large_robust,dsuta,103,stage5ext_00416,73e8a395a2162293c7b4534d24818227a71f84f9f562d54db101f6576c15907499bf892f20f243b766b2da4de010cd4b697339df0b8c453740e425875c0eac05,South Asian English,south_asian,He is now a Free Agent.,HE IS NOW A FREE AGENT,9c70fbb2dcfe3b4108727b3a8cddfca5bf6b67e11bc6e0e31b8c0fabc2ca3f9a
wav2vec2_large_robust,dsuta,104,stage5ext_00417,73e8a395a2162293c7b4534d24818227a71f84f9f562d54db101f6576c15907499bf892f20f243b766b2da4de010cd4b697339df0b8c453740e425875c0eac05,South Asian English,south_asian,Her other sponsors include Subway and Boost Mobile.,HER OTHER SPONSES INCLUDE SUBVEY AND BUST MOBITE,cf0a630a470aab18f4598f4b6f92fe06a7f5bf350753fba4ed04bc86e73e90ea
wav2vec2_large_robust,dsuta,104,stage5ext_00418,73e8a395a2162293c7b4534d24818227a71f84f9f562d54db101f6576c15907499bf892f20f243b766b2da4de010cd4b697339df0b8c453740e425875c0eac05,South Asian English,south_asian,I've never been asked to do one.,I'VE NEVER BEEN ASKED TO DO ONE,cf0a630a470aab18f4598f4b6f92fe06a7f5bf350753fba4ed04bc86e73e90ea
wav2vec2_large_robust,dsuta,104,stage5ext_00419,73e8a395a2162293c7b4534d24818227a71f84f9f562d54db101f6576c15907499bf892f20f243b766b2da4de010cd4b697339df0b8c453740e425875c0eac05,South Asian English,south_asian,"Therefore, these schools are significantly divided in terms of both abilities and career aims.",THEREFORE THESE SCHOOLS ARE SIGNIFICANTLY DIVIDED IN TERMS OF BOTH ABILITIES AND CARRIER AMS,cf0a630a470aab18f4598f4b6f92fe06a7f5bf350753fba4ed04bc86e73e90ea
wav2vec2_large_robust,dsuta,104,stage5ext_00420,73e8a395a2162293c7b4534d24818227a71f84f9f562d54db101f6576c15907499bf892f20f243b766b2da4de010cd4b697339df0b8c453740e425875c0eac05,South Asian English,south_asian,The Ottoman village of Mulebbis appears at this site on the British survey map.,THE AUTOMON VILLAGE OF MURBIS APPEARS AT THIS SIT ON THE BRITISH SURVEY MAP,cf0a630a470aab18f4598f4b6f92fe06a7f5bf350753fba4ed04bc86e73e90ea
wav2vec2_large_robust,dsuta,105,stage5ext_00421,ea49524d52bc56b865f1207ba65e9a5c30cab647b575ba84d0332c740de52bef6922ee19c49e44db615889cbabebbfa52440b31858fac8660d5e97eb4593687f,South Asian English,south_asian,Do you have Hugo's phone number?,DO YOU HAVE HUGOTS PON NUMBER,a6fde411045fc23a12988fe2fa4c1123d9651055a2cab9c1d228ab18a04e5dc2
wav2vec2_large_robust,dsuta,105,stage5ext_00422,ea49524d52bc56b865f1207ba65e9a5c30cab647b575ba84d0332c740de52bef6922ee19c49e44db615889cbabebbfa52440b31858fac8660d5e97eb4593687f,South Asian English,south_asian,"In the United States, we use paper bags for shopping.",IN THE UNITED STATES WE USE PAPER BAGS POLT SHOPPING,a6fde411045fc23a12988fe2fa4c1123d9651055a2cab9c1d228ab18a04e5dc2
wav2vec2_large_robust,dsuta,105,stage5ext_00423,ea49524d52bc56b865f1207ba65e9a5c30cab647b575ba84d0332c740de52bef6922ee19c49e44db615889cbabebbfa52440b31858fac8660d5e97eb4593687f,South Asian English,south_asian,"Olivia, have you seen my keys?",OLUWIA HAVE YOU SEEN MY KIDS,a6fde411045fc23a12988fe2fa4c1123d9651055a2cab9c1d228ab18a04e5dc2
wav2vec2_large_robust,dsuta,105,stage5ext_00424,ea49524d52bc56b865f1207ba65e9a5c30cab647b575ba84d0332c740de52bef6922ee19c49e44db615889cbabebbfa52440b31858fac8660d5e97eb4593687f,South Asian English,south_asian,Someone set fire to the trash.,SOME ONE SET FIRE TO THE TRASH,a6fde411045fc23a12988fe2fa4c1123d9651055a2cab9c1d228ab18a04e5dc2
wav2vec2_large_robust,dsuta,106,stage5ext_00425,ea49524d52bc56b865f1207ba65e9a5c30cab647b575ba84d0332c740de52bef6922ee19c49e44db615889cbabebbfa52440b31858fac8660d5e97eb4593687f,South Asian English,south_asian,Angela wanted to copy everything he had done.,ANGELA WANTED TO COPY EVERYTHING HE HAD DONE,23cef8c2ec3db1f1024f5f5841ce55baab18b30076fd26b17b8c771edb401c0c
wav2vec2_large_robust,dsuta,106,stage5ext_00426,ea49524d52bc56b865f1207ba65e9a5c30cab647b575ba84d0332c740de52bef6922ee19c49e44db615889cbabebbfa52440b31858fac8660d5e97eb4593687f,South Asian English,south_asian,Good playgrounds have much more to offer than swings and slides.,GOOD PLAYGROUNDS HAVE MUCH MORE TO OFFER THAN SWINGS AND SLIGHTS,23cef8c2ec3db1f1024f5f5841ce55baab18b30076fd26b17b8c771edb401c0c
wav2vec2_large_robust,dsuta,106,stage5ext_00427,ea49524d52bc56b865f1207ba65e9a5c30cab647b575ba84d0332c740de52bef6922ee19c49e44db615889cbabebbfa52440b31858fac8660d5e97eb4593687f,South Asian English,south_asian,What does it all mean?,WHAT DOES IT ALL MEAN,23cef8c2ec3db1f1024f5f5841ce55baab18b30076fd26b17b8c771edb401c0c
wav2vec2_large_robust,dsuta,106,stage5ext_00428,ea49524d52bc56b865f1207ba65e9a5c30cab647b575ba84d0332c740de52bef6922ee19c49e44db615889cbabebbfa52440b31858fac8660d5e97eb4593687f,South Asian English,south_asian,A musical composition for seven instruments,A MUSICAL COMPOSITION PARTS E AN INSTRUMENT,23cef8c2ec3db1f1024f5f5841ce55baab18b30076fd26b17b8c771edb401c0c
wav2vec2_large_robust,dsuta,107,stage5ext_00429,ea49524d52bc56b865f1207ba65e9a5c30cab647b575ba84d0332c740de52bef6922ee19c49e44db615889cbabebbfa52440b31858fac8660d5e97eb4593687f,South Asian English,south_asian,Temper is so good a thing that we should never lose it.,TEMPER ITS SO GOOD A THING THAT WE SHOULD NEVER LOSE IT,036fa2ca3fda48023773940d759d5469ef57916556931f92e60a207c851bbb81
wav2vec2_large_robust,dsuta,107,stage5ext_00430,ea49524d52bc56b865f1207ba65e9a5c30cab647b575ba84d0332c740de52bef6922ee19c49e44db615889cbabebbfa52440b31858fac8660d5e97eb4593687f,South Asian English,south_asian,She has a smart way of wearing clothes.,SHE HAD A SMART WAY OF WEARING CLOTHS,036fa2ca3fda48023773940d759d5469ef57916556931f92e60a207c851bbb81
wav2vec2_large_robust,dsuta,107,stage5ext_00431,ea49524d52bc56b865f1207ba65e9a5c30cab647b575ba84d0332c740de52bef6922ee19c49e44db615889cbabebbfa52440b31858fac8660d5e97eb4593687f,South Asian English,south_asian,They have prejudices against foreigners.,THEY HELP ULYSIUS AGAINST PORINARS,036fa2ca3fda48023773940d759d5469ef57916556931f92e60a207c851bbb81
wav2vec2_large_robust,dsuta,107,stage5ext_00432,ea49524d52bc56b865f1207ba65e9a5c30cab647b575ba84d0332c740de52bef6922ee19c49e44db615889cbabebbfa52440b31858fac8660d5e97eb4593687f,South Asian English,south_asian,He has enough who is content.,HE HAS ENOUGH WHO IS CONTENT,036fa2ca3fda48023773940d759d5469ef57916556931f92e60a207c851bbb81
wav2vec2_large_robust,dsuta,108,stage5ext_00433,ea49524d52bc56b865f1207ba65e9a5c30cab647b575ba84d0332c740de52bef6922ee19c49e44db615889cbabebbfa52440b31858fac8660d5e97eb4593687f,South Asian English,south_asian,The toilet needed cleaning.,THE TOILET NEEDED CLEANING,a0801e449d353270ca2962c2d2385d1d622c9b12539e41e4c21b94d436c0bb22
wav2vec2_large_robust,dsuta,108,stage5ext_00434,ea49524d52bc56b865f1207ba65e9a5c30cab647b575ba84d0332c740de52bef6922ee19c49e44db615889cbabebbfa52440b31858fac8660d5e97eb4593687f,South Asian English,south_asian,There's no accounting for tastes,THERE IS NO ACCOUNTING FOR TESTS,a0801e449d353270ca2962c2d2385d1d622c9b12539e41e4c21b94d436c0bb22
wav2vec2_large_robust,dsuta,108,stage5ext_00435,ea49524d52bc56b865f1207ba65e9a5c30cab647b575ba84d0332c740de52bef6922ee19c49e44db615889cbabebbfa52440b31858fac8660d5e97eb4593687f,South Asian English,south_asian,"Yours sincerely, Satan.",YOURS SINCERELY SATAN,a0801e449d353270ca2962c2d2385d1d622c9b12539e41e4c21b94d436c0bb22
wav2vec2_large_robust,dsuta,108,stage5ext_00436,6df207be7ccedf5176284312e3017cd9d7ddb990efbd395e8e8d1a4f2aca4eac93a420f82a1b88c2cc4a7728b9bfb612cdbeccdb6bb50e3f1aec155e5603f59f,South Asian English,south_asian,Ogilvy watched till one and then gave up.,BOGILBE WATCHED TILL ONE AND THEN GAVE UP,a0801e449d353270ca2962c2d2385d1d622c9b12539e41e4c21b94d436c0bb22
wav2vec2_large_robust,dsuta,109,stage5ext_00437,6df207be7ccedf5176284312e3017cd9d7ddb990efbd395e8e8d1a4f2aca4eac93a420f82a1b88c2cc4a7728b9bfb612cdbeccdb6bb50e3f1aec155e5603f59f,South Asian English,south_asian,The desert didn't answer him for a few moments.,THE DESERT DIDN'T ANSWER HIM FOR A FEW MOMENTS,8ea6e1ce9edb0021628b936a30bad44d4e5dd5c12021a4abae4fb6a6f5a74092
wav2vec2_large_robust,dsuta,109,stage5ext_00438,6df207be7ccedf5176284312e3017cd9d7ddb990efbd395e8e8d1a4f2aca4eac93a420f82a1b88c2cc4a7728b9bfb612cdbeccdb6bb50e3f1aec155e5603f59f,South Asian English,south_asian,Once again he was experiencing the language without words...,ONCE AGAIN HE WAS EXPERIENCING THE LANGUAGE WITHOUT WORDS,8ea6e1ce9edb0021628b936a30bad44d4e5dd5c12021a4abae4fb6a6f5a74092
wav2vec2_large_robust,dsuta,109,stage5ext_00439,6df207be7ccedf5176284312e3017cd9d7ddb990efbd395e8e8d1a4f2aca4eac93a420f82a1b88c2cc4a7728b9bfb612cdbeccdb6bb50e3f1aec155e5603f59f,South Asian English,south_asian,"The sheep will get used to my not being there, too, the boy thought.",THE SHEEP WILL GET USED TO MY NOT BEING THERE TOO THE BOY THOUGHT,8ea6e1ce9edb0021628b936a30bad44d4e5dd5c12021a4abae4fb6a6f5a74092
wav2vec2_large_robust,dsuta,109,stage5ext_00440,6df207be7ccedf5176284312e3017cd9d7ddb990efbd395e8e8d1a4f2aca4eac93a420f82a1b88c2cc4a7728b9bfb612cdbeccdb6bb50e3f1aec155e5603f59f,South Asian English,south_asian,Everything you need to know you have learned through your journey.,EVERYTHING YOU NEEKE TO KNOW YOU HAVE LEARNED THROUGH YOUR JOURNEY,8ea6e1ce9edb0021628b936a30bad44d4e5dd5c12021a4abae4fb6a6f5a74092
wav2vec2_large_robust,dsuta,110,stage5ext_00441,6df207be7ccedf5176284312e3017cd9d7ddb990efbd395e8e8d1a4f2aca4eac93a420f82a1b88c2cc4a7728b9bfb612cdbeccdb6bb50e3f1aec155e5603f59f,South Asian English,south_asian,"You and I aren't like Hassan, that rich merchant.",YOU AND I AREN'T LIKE HUSSON THAT RICH MERCHANT,73ca70d542a7a359bc1390e1e344c0423aa2e7b0116ec78eea21af24bc14fc08
wav2vec2_large_robust,dsuta,110,stage5ext_00442,6df207be7ccedf5176284312e3017cd9d7ddb990efbd395e8e8d1a4f2aca4eac93a420f82a1b88c2cc4a7728b9bfb612cdbeccdb6bb50e3f1aec155e5603f59f,South Asian English,south_asian,But they really don't know what they're saying.,BUT THEY REALLY DON'T KNOW WHAT THEY'ARE SAYING,73ca70d542a7a359bc1390e1e344c0423aa2e7b0116ec78eea21af24bc14fc08
wav2vec2_large_robust,dsuta,110,stage5ext_00443,6df207be7ccedf5176284312e3017cd9d7ddb990efbd395e8e8d1a4f2aca4eac93a420f82a1b88c2cc4a7728b9bfb612cdbeccdb6bb50e3f1aec155e5603f59f,South Asian English,south_asian,The boy remembered an old proverb from his country.,THE BOY REMEMBERED A NEWOL PROVERB FROM HIS COUNTRY,73ca70d542a7a359bc1390e1e344c0423aa2e7b0116ec78eea21af24bc14fc08
wav2vec2_large_robust,dsuta,110,stage5ext_00444,6df207be7ccedf5176284312e3017cd9d7ddb990efbd395e8e8d1a4f2aca4eac93a420f82a1b88c2cc4a7728b9bfb612cdbeccdb6bb50e3f1aec155e5603f59f,South Asian English,south_asian,Henderson stood up with a spade in his hand.,HENDERSON STOOD UP WITH A SPADE IN HIS HAND,73ca70d542a7a359bc1390e1e344c0423aa2e7b0116ec78eea21af24bc14fc08
wav2vec2_large_robust,dsuta,111,stage5ext_00445,6df207be7ccedf5176284312e3017cd9d7ddb990efbd395e8e8d1a4f2aca4eac93a420f82a1b88c2cc4a7728b9bfb612cdbeccdb6bb50e3f1aec155e5603f59f,South Asian English,south_asian,"The alchemists spent years in their laboratories, observing the fire that purified the metals.",THE ALCHEMISTS SPENT YEARS IN THEIR LABORATORIES OBSERVING THE FIRE THAT PURIFIED THE METALS,2501c5d5d7ba7c7266671f0e7209ba8a46a0ef70cf737136e36184edf7cbcbc4
wav2vec2_large_robust,dsuta,111,stage5ext_00446,6df207be7ccedf5176284312e3017cd9d7ddb990efbd395e8e8d1a4f2aca4eac93a420f82a1b88c2cc4a7728b9bfb612cdbeccdb6bb50e3f1aec155e5603f59f,South Asian English,south_asian,His eyes filled with tears as he spoke of the Prophet.,HIS EYES FILLED WITH TEARS AS HE SPOKE OF THE PROPHET,2501c5d5d7ba7c7266671f0e7209ba8a46a0ef70cf737136e36184edf7cbcbc4
wav2vec2_large_robust,dsuta,111,stage5ext_00447,6df207be7ccedf5176284312e3017cd9d7ddb990efbd395e8e8d1a4f2aca4eac93a420f82a1b88c2cc4a7728b9bfb612cdbeccdb6bb50e3f1aec155e5603f59f,South Asian English,south_asian,"Maybe the alchemist has never been in love, the boy thought.",MAYBE THE ALCHEMIST HAS NEVER BEEN IN LOVE THE BOY THOUGHT,2501c5d5d7ba7c7266671f0e7209ba8a46a0ef70cf737136e36184edf7cbcbc4
wav2vec2_large_robust,dsuta,111,stage5ext_00448,6df207be7ccedf5176284312e3017cd9d7ddb990efbd395e8e8d1a4f2aca4eac93a420f82a1b88c2cc4a7728b9bfb612cdbeccdb6bb50e3f1aec155e5603f59f,South Asian English,south_asian,"He dressed in his Arabian clothing of white linen, bought especially for this day.",HE DRESSED IN HIS ARABIAN CLOTHING OF WHITE LINEN BOUGHT ESPECIALLY FOR THIS DAY,2501c5d5d7ba7c7266671f0e7209ba8a46a0ef70cf737136e36184edf7cbcbc4
wav2vec2_large_robust,dsuta,112,stage5ext_00449,6df207be7ccedf5176284312e3017cd9d7ddb990efbd395e8e8d1a4f2aca4eac93a420f82a1b88c2cc4a7728b9bfb612cdbeccdb6bb50e3f1aec155e5603f59f,South Asian English,south_asian,I don't want anything for myself.,I DON'T WANT ANY PEOPLE MI SED,7c04e0ea75635f912ed59346a4d3cc5de9887fe38906e5049ea3c0f312e9e51d
wav2vec2_large_robust,dsuta,112,stage5ext_00450,6df207be7ccedf5176284312e3017cd9d7ddb990efbd395e8e8d1a4f2aca4eac93a420f82a1b88c2cc4a7728b9bfb612cdbeccdb6bb50e3f1aec155e5603f59f,South Asian English,south_asian,"An hour later, he had before him a chest of Spanish gold coins.",AN HOUR LATER HE HAD BEFORE HIM A CHEST OF SPANISH GOD COINS,7c04e0ea75635f912ed59346a4d3cc5de9887fe38906e5049ea3c0f312e9e51d
wav2vec2_large_robust,dsuta,112,stage5ext_00451,0e60a578941d41849394691c611be044c19753d68b3dc6ca38dd1526016c9536219350c8aa1d6c0b974bc68c24592c39030a094ed6223399ab873f93e6a457a2,Australian English,australia,He surveyed the land near Fairbanks and started the Fairbanks Experiment Farm.,HE SURVEYED THE LAND NEAR FAIRBANKS AND STARTED THE FARBANK'S EXPERIMENT FARM,7c04e0ea75635f912ed59346a4d3cc5de9887fe38906e5049ea3c0f312e9e51d
wav2vec2_large_robust,dsuta,112,stage5ext_00452,0e60a578941d41849394691c611be044c19753d68b3dc6ca38dd1526016c9536219350c8aa1d6c0b974bc68c24592c39030a094ed6223399ab873f93e6a457a2,Australian English,australia,"These sites are equipped with firewood, pit privies, picnic tables and food storage containers.",THESE SIHTS ARE EQUIPPED WITH FIREWOOD PICK PRIVIES PICNIC TABLES AND FOOD STORAGE CONTAINERS,7c04e0ea75635f912ed59346a4d3cc5de9887fe38906e5049ea3c0f312e9e51d
wav2vec2_large_robust,dsuta,113,stage5ext_00453,0e60a578941d41849394691c611be044c19753d68b3dc6ca38dd1526016c9536219350c8aa1d6c0b974bc68c24592c39030a094ed6223399ab873f93e6a457a2,Australian English,australia,He was second billed at the Earls Court Music festival with Jay-Z.,HE WAS SECOND BILD AT THE EARL COURT MUSIC FESTIVAL WITH J Z,c6f3c5ca94c47ad0645a5e063aff50d614f65c3999dff745e144414f3d1b7428
wav2vec2_large_robust,dsuta,113,stage5ext_00454,0e60a578941d41849394691c611be044c19753d68b3dc6ca38dd1526016c9536219350c8aa1d6c0b974bc68c24592c39030a094ed6223399ab873f93e6a457a2,Australian English,australia,"As a result, most of the buildings are older, and are often walk-up apartments.",AS A RESULT MOST OF THE BUILDINGS ARE OLDER AND ARE OFTEN WALK UP APARTMENTS,c6f3c5ca94c47ad0645a5e063aff50d614f65c3999dff745e144414f3d1b7428
wav2vec2_large_robust,dsuta,113,stage5ext_00455,0e60a578941d41849394691c611be044c19753d68b3dc6ca38dd1526016c9536219350c8aa1d6c0b974bc68c24592c39030a094ed6223399ab873f93e6a457a2,Australian English,australia,"His credits include episodes of ""The Twilight Zone"" and ""The Alfred Hitchcock Hour"".",HIS CREDITS INCLUDE EPISODES OF THE TWILIGHT ZONE AND THE ALFRED HITCHCOCK HOUR,c6f3c5ca94c47ad0645a5e063aff50d614f65c3999dff745e144414f3d1b7428
wav2vec2_large_robust,dsuta,113,stage5ext_00456,0e60a578941d41849394691c611be044c19753d68b3dc6ca38dd1526016c9536219350c8aa1d6c0b974bc68c24592c39030a094ed6223399ab873f93e6a457a2,Australian English,australia,The party aligned itself with the Comintern.,THE PARTY ALINED ITSELF WITH THE COMMINTUN,c6f3c5ca94c47ad0645a5e063aff50d614f65c3999dff745e144414f3d1b7428
wav2vec2_large_robust,dsuta,114,stage5ext_00457,0e60a578941d41849394691c611be044c19753d68b3dc6ca38dd1526016c9536219350c8aa1d6c0b974bc68c24592c39030a094ed6223399ab873f93e6a457a2,Australian English,australia,"On one occasion, Suetonius writes, Vespasian was pelted with turnips.",ON ONE OCCASION SUTONIUS WRITES VESPASSIUM WAS PELTED WITH TURNIPS,d77fab06f508e5fa0e6ea9975eef1b688e93aab9f3795b257fd477ba15fcbb71
wav2vec2_large_robust,dsuta,114,stage5ext_00458,0e60a578941d41849394691c611be044c19753d68b3dc6ca38dd1526016c9536219350c8aa1d6c0b974bc68c24592c39030a094ed6223399ab873f93e6a457a2,Australian English,australia,"She felt that modern society had ""blunted"" children.",SHE FELT THAT MODERN SOCIETY HAD BLUNTED CHILDREN,d77fab06f508e5fa0e6ea9975eef1b688e93aab9f3795b257fd477ba15fcbb71
wav2vec2_large_robust,dsuta,114,stage5ext_00459,0e60a578941d41849394691c611be044c19753d68b3dc6ca38dd1526016c9536219350c8aa1d6c0b974bc68c24592c39030a094ed6223399ab873f93e6a457a2,Australian English,australia,Those in Thailand live close to the Hmong and northern Thai.,THOSE IN TYLAND LIVE CLOSE TO THE MONG AND NORTHERN TI,d77fab06f508e5fa0e6ea9975eef1b688e93aab9f3795b257fd477ba15fcbb71
wav2vec2_large_robust,dsuta,114,stage5ext_00460,0e60a578941d41849394691c611be044c19753d68b3dc6ca38dd1526016c9536219350c8aa1d6c0b974bc68c24592c39030a094ed6223399ab873f93e6a457a2,Australian English,australia,His competitive debut followed a few days later.,HIS COMPETITIVE DEBEUX FOLLOWED A FEW DAYS LATER,d77fab06f508e5fa0e6ea9975eef1b688e93aab9f3795b257fd477ba15fcbb71
wav2vec2_large_robust,dsuta,115,stage5ext_00461,0e60a578941d41849394691c611be044c19753d68b3dc6ca38dd1526016c9536219350c8aa1d6c0b974bc68c24592c39030a094ed6223399ab873f93e6a457a2,Australian English,australia,It is headquartered in Dubna in the Moscow Oblast.,IT IS HEADQUARTERED IN DUBNAR IN THE MOSCOW OBLAST,9005e935147d0682f19495e50013b9b8b2ccb56ece71529c8fe152f2acb5df1f
wav2vec2_large_robust,dsuta,115,stage5ext_00462,0e60a578941d41849394691c611be044c19753d68b3dc6ca38dd1526016c9536219350c8aa1d6c0b974bc68c24592c39030a094ed6223399ab873f93e6a457a2,Australian English,australia,Upon surrender the tribe was expelled.,UPON SURRENDER THE TRIBE WAS EXPELLED,9005e935147d0682f19495e50013b9b8b2ccb56ece71529c8fe152f2acb5df1f
wav2vec2_large_robust,dsuta,115,stage5ext_00463,0e60a578941d41849394691c611be044c19753d68b3dc6ca38dd1526016c9536219350c8aa1d6c0b974bc68c24592c39030a094ed6223399ab873f93e6a457a2,Australian English,australia,His skills in what we now characterize as guerrilla warfare were justly famous.,HIS SKILLS IN WHAT WE NOW CHARACTERIZE AS GARILLA WARFARE WERE JUSTLY FAMOUS,9005e935147d0682f19495e50013b9b8b2ccb56ece71529c8fe152f2acb5df1f
wav2vec2_large_robust,dsuta,115,stage5ext_00464,0e60a578941d41849394691c611be044c19753d68b3dc6ca38dd1526016c9536219350c8aa1d6c0b974bc68c24592c39030a094ed6223399ab873f93e6a457a2,Australian English,australia,Donald C. Owens.,DONALD C OWENS,9005e935147d0682f19495e50013b9b8b2ccb56ece71529c8fe152f2acb5df1f
wav2vec2_large_robust,dsuta,116,stage5ext_00465,0e60a578941d41849394691c611be044c19753d68b3dc6ca38dd1526016c9536219350c8aa1d6c0b974bc68c24592c39030a094ed6223399ab873f93e6a457a2,Australian English,australia,Most of operating surplus will normally consist of gross profit income.,MOST OF OPERATING SURPLUS WILL NORMALLY CONSIST OF GROSS PROFIT INCOME,a8e668fd012292f595af1a3e4fe3df9a2eef698ee7d9d9cc3d7724e48308c007
wav2vec2_large_robust,dsuta,116,stage5ext_00466,6a6b32832defa516dce6922d2300294d6e7f670b8f867ed3f8f7e291df5150f55cde5ad06e44e4d126e3687b818fe5f23e70a1cd189217bc55d1f9f21ced88e0,Australian English,australia,"These delineations, however, are not definitive.",THESE DELINEATIONS HOWEVER ARE NOT DEFINITIVE,a8e668fd012292f595af1a3e4fe3df9a2eef698ee7d9d9cc3d7724e48308c007
wav2vec2_large_robust,dsuta,116,stage5ext_00467,6a6b32832defa516dce6922d2300294d6e7f670b8f867ed3f8f7e291df5150f55cde5ad06e44e4d126e3687b818fe5f23e70a1cd189217bc55d1f9f21ced88e0,Australian English,australia,"When he returned to Canada the following year, he had gained few supplies.",WHEN HE RETURNED TO CANADA THE FOLLOWING YEAR HE HAD GAINED FEW SUPPLIES,a8e668fd012292f595af1a3e4fe3df9a2eef698ee7d9d9cc3d7724e48308c007
wav2vec2_large_robust,dsuta,116,stage5ext_00468,6a6b32832defa516dce6922d2300294d6e7f670b8f867ed3f8f7e291df5150f55cde5ad06e44e4d126e3687b818fe5f23e70a1cd189217bc55d1f9f21ced88e0,Australian English,australia,Eos published the third edition of Nobilis and a supplement.,EOS PUBLISHED THE THIRD EDITION OF NOBELUS AND A SUPPLEMENT,a8e668fd012292f595af1a3e4fe3df9a2eef698ee7d9d9cc3d7724e48308c007
wav2vec2_large_robust,dsuta,117,stage5ext_00469,6a6b32832defa516dce6922d2300294d6e7f670b8f867ed3f8f7e291df5150f55cde5ad06e44e4d126e3687b818fe5f23e70a1cd189217bc55d1f9f21ced88e0,Australian English,australia,This prevents damage to the optics in the amplifier.,THIS PREVENTS DAMAGE TO THE OPTICS IN THE AMPLIFIER,554ed0946e6e98b121f13da704d5447d6dc0bc1a84ccbdb1402afbf42e3b51fb
wav2vec2_large_robust,dsuta,117,stage5ext_00470,6a6b32832defa516dce6922d2300294d6e7f670b8f867ed3f8f7e291df5150f55cde5ad06e44e4d126e3687b818fe5f23e70a1cd189217bc55d1f9f21ced88e0,Australian English,australia,"Prince's Park also influenced its near neighbour, Sefton Park.",PRINCE'S PARK ALSO INFLUENCED ITS NEAR NEIGHBOR SEFTON PARK,554ed0946e6e98b121f13da704d5447d6dc0bc1a84ccbdb1402afbf42e3b51fb
wav2vec2_large_robust,dsuta,117,stage5ext_00471,6a6b32832defa516dce6922d2300294d6e7f670b8f867ed3f8f7e291df5150f55cde5ad06e44e4d126e3687b818fe5f23e70a1cd189217bc55d1f9f21ced88e0,Australian English,australia,The location is a primary advantage of the faculty.,THE LOCATION IS THE PRIMARY ADVANTAGE OF THE FACULTY,554ed0946e6e98b121f13da704d5447d6dc0bc1a84ccbdb1402afbf42e3b51fb
wav2vec2_large_robust,dsuta,117,stage5ext_00472,6a6b32832defa516dce6922d2300294d6e7f670b8f867ed3f8f7e291df5150f55cde5ad06e44e4d126e3687b818fe5f23e70a1cd189217bc55d1f9f21ced88e0,Australian English,australia,The caps are placed behind the casing.,THE CAPS ARE PLACED BEHIND THE CASING,554ed0946e6e98b121f13da704d5447d6dc0bc1a84ccbdb1402afbf42e3b51fb
wav2vec2_large_robust,dsuta,118,stage5ext_00473,6a6b32832defa516dce6922d2300294d6e7f670b8f867ed3f8f7e291df5150f55cde5ad06e44e4d126e3687b818fe5f23e70a1cd189217bc55d1f9f21ced88e0,Australian English,australia,It falls within the old copper quarter of Landore electoral ward.,IT FALLS WITHIN THE OLD COPPER QUARTER OF LANDOR ELECTRO WARD,59f290beb5c26114c4bb3d1e02867fb068714e33c8cef0aa4fea2420e84e34b0
wav2vec2_large_robust,dsuta,118,stage5ext_00474,6a6b32832defa516dce6922d2300294d6e7f670b8f867ed3f8f7e291df5150f55cde5ad06e44e4d126e3687b818fe5f23e70a1cd189217bc55d1f9f21ced88e0,Australian English,australia,It was merged into the existing Billund municipality.,IT WAS MERGED INTO THE EXISTING BILLAND MUNICIPALITY,59f290beb5c26114c4bb3d1e02867fb068714e33c8cef0aa4fea2420e84e34b0
wav2vec2_large_robust,dsuta,118,stage5ext_00475,6a6b32832defa516dce6922d2300294d6e7f670b8f867ed3f8f7e291df5150f55cde5ad06e44e4d126e3687b818fe5f23e70a1cd189217bc55d1f9f21ced88e0,Australian English,australia,"Rossi is married, with four children, and lives in Sammamish, Washington.",ROSSIE IS MARRIED WITH FOUR CHILDREN AND LIVES IN SAMAMISH WASHINGTON,59f290beb5c26114c4bb3d1e02867fb068714e33c8cef0aa4fea2420e84e34b0
wav2vec2_large_robust,dsuta,118,stage5ext_00476,6a6b32832defa516dce6922d2300294d6e7f670b8f867ed3f8f7e291df5150f55cde5ad06e44e4d126e3687b818fe5f23e70a1cd189217bc55d1f9f21ced88e0,Australian English,australia,It is a peaceful place nestled in greenery.,IT IS A PEACEFUL PLACE NESTLED IN GREENERY,59f290beb5c26114c4bb3d1e02867fb068714e33c8cef0aa4fea2420e84e34b0
wav2vec2_large_robust,dsuta,119,stage5ext_00477,6a6b32832defa516dce6922d2300294d6e7f670b8f867ed3f8f7e291df5150f55cde5ad06e44e4d126e3687b818fe5f23e70a1cd189217bc55d1f9f21ced88e0,Australian English,australia,During the fighting the Saint-Quentin collegiate church was badly damaged by fire.,DURING THE FIGHTING THE SAINT QUINTON COLLEGIT CHURCH WAS BADLY DAMAGED BY FIRE,e6ea0f860cbf200bbc60075f07427e3906b0998f4ed4decfafa8d358a1a0ca57
wav2vec2_large_robust,dsuta,119,stage5ext_00478,6a6b32832defa516dce6922d2300294d6e7f670b8f867ed3f8f7e291df5150f55cde5ad06e44e4d126e3687b818fe5f23e70a1cd189217bc55d1f9f21ced88e0,Australian English,australia,Further salvage effort was abandoned.,FURTHER SALVAGE EFFORT WAS ABANDONED,e6ea0f860cbf200bbc60075f07427e3906b0998f4ed4decfafa8d358a1a0ca57
wav2vec2_large_robust,dsuta,119,stage5ext_00479,6a6b32832defa516dce6922d2300294d6e7f670b8f867ed3f8f7e291df5150f55cde5ad06e44e4d126e3687b818fe5f23e70a1cd189217bc55d1f9f21ced88e0,Australian English,australia,Its lean flesh makes for a unique flavor that differs from species to species.,ITS LEAN FLESH MAKES FOR A UNIQUE FLAVOR THAT DIFFERS FROM SPECIES TO SPECIES,e6ea0f860cbf200bbc60075f07427e3906b0998f4ed4decfafa8d358a1a0ca57
wav2vec2_large_robust,dsuta,119,stage5ext_00480,6a6b32832defa516dce6922d2300294d6e7f670b8f867ed3f8f7e291df5150f55cde5ad06e44e4d126e3687b818fe5f23e70a1cd189217bc55d1f9f21ced88e0,Australian English,australia,"Multiplexers, decoders, state machines, and other sophisticated digital devices may use inverters.",MULTIPLEXES DECODES STATE MACHINES AND OTHER SOPHISTICATED DIGITAL DEVICES MAY USE INVERTERS,e6ea0f860cbf200bbc60075f07427e3906b0998f4ed4decfafa8d358a1a0ca57
wav2vec2_large_robust,dsuta,120,stage5ext_00481,80e5fdd0808bbda9d695c743b5046c81739538d8398f2686fe4b36ca71f055a7cc8e5445f4ac8e41bbbe09c9f01ad6e6bf9e083ec42a8d15655c1b76825dce57,Australian English,australia,"The regiment is introduced as Britain's first ""Kamikaze Regiment"".",THE REGIMENT IS INTRODUCED AS BRITON'S FIRST COMACAZI REGIMENT,cff067452e5f7f2946738f16bc3f18f2e691744ad9b3620f6c9be805c59125e6
wav2vec2_large_robust,dsuta,120,stage5ext_00482,80e5fdd0808bbda9d695c743b5046c81739538d8398f2686fe4b36ca71f055a7cc8e5445f4ac8e41bbbe09c9f01ad6e6bf9e083ec42a8d15655c1b76825dce57,Australian English,australia,"“Yet you always make me like it,” he said.",YET YOU ALWAYS MAKE ME LIKE IT HE SAID,cff067452e5f7f2946738f16bc3f18f2e691744ad9b3620f6c9be805c59125e6
wav2vec2_large_robust,dsuta,120,stage5ext_00483,80e5fdd0808bbda9d695c743b5046c81739538d8398f2686fe4b36ca71f055a7cc8e5445f4ac8e41bbbe09c9f01ad6e6bf9e083ec42a8d15655c1b76825dce57,Australian English,australia,The parties were ordered to electronically submit briefs to make their case.,THE PARTIES WERE ORDERED TO ELECTRONICALLY SUMIT BRIEFS TO MAKE THEIR CASE,cff067452e5f7f2946738f16bc3f18f2e691744ad9b3620f6c9be805c59125e6
wav2vec2_large_robust,dsuta,120,stage5ext_00484,80e5fdd0808bbda9d695c743b5046c81739538d8398f2686fe4b36ca71f055a7cc8e5445f4ac8e41bbbe09c9f01ad6e6bf9e083ec42a8d15655c1b76825dce57,Australian English,australia,Conceptual discussions also revolve around a precise definition of action in philosophy.,CONCEPTUAL DISCUSSIONS ALSO REVOLVE AROUND A PRECISE DEFINITION OF ACTION IN PHILOSOPHY,cff067452e5f7f2946738f16bc3f18f2e691744ad9b3620f6c9be805c59125e6
wav2vec2_large_robust,dsuta,121,stage5ext_00485,80e5fdd0808bbda9d695c743b5046c81739538d8398f2686fe4b36ca71f055a7cc8e5445f4ac8e41bbbe09c9f01ad6e6bf9e083ec42a8d15655c1b76825dce57,Australian English,australia,John Wyndham's many short stories also appear with later variant titles or pen names.,JOHN WINEHAM'S MANY SHORT STORIES ALSO APPEAR WITH LATER VARIENT TITLES OR PENNAMES,3fb6819340cda945da179e0931d195a4d981e607765fea2b085f6174307610d8
wav2vec2_large_robust,dsuta,121,stage5ext_00486,80e5fdd0808bbda9d695c743b5046c81739538d8398f2686fe4b36ca71f055a7cc8e5445f4ac8e41bbbe09c9f01ad6e6bf9e083ec42a8d15655c1b76825dce57,Australian English,australia,"I had an apartment; Jim was, like, ""He's the Boss"".",I HAD AN APARTMENT JIM WAS LIKE HE'S A BOSS,3fb6819340cda945da179e0931d195a4d981e607765fea2b085f6174307610d8
wav2vec2_large_robust,dsuta,121,stage5ext_00487,80e5fdd0808bbda9d695c743b5046c81739538d8398f2686fe4b36ca71f055a7cc8e5445f4ac8e41bbbe09c9f01ad6e6bf9e083ec42a8d15655c1b76825dce57,Australian English,australia,"The show theme music is a customised version of Barry Manilow's ""Copacabana"".",THE SHO THEME MUSIC IS A CUSTOMIZED VERSION OF BARRY MANLOWS COUPER CABANA,3fb6819340cda945da179e0931d195a4d981e607765fea2b085f6174307610d8
wav2vec2_large_robust,dsuta,121,stage5ext_00488,80e5fdd0808bbda9d695c743b5046c81739538d8398f2686fe4b36ca71f055a7cc8e5445f4ac8e41bbbe09c9f01ad6e6bf9e083ec42a8d15655c1b76825dce57,Australian English,australia,Especially noteworthy were the early and late paintings.,ESPECIALLY NOTEWORTHY WERE THE EARLIER AND LATE PAINTINGS,3fb6819340cda945da179e0931d195a4d981e607765fea2b085f6174307610d8
wav2vec2_large_robust,dsuta,122,stage5ext_00489,80e5fdd0808bbda9d695c743b5046c81739538d8398f2686fe4b36ca71f055a7cc8e5445f4ac8e41bbbe09c9f01ad6e6bf9e083ec42a8d15655c1b76825dce57,Australian English,australia,"Gavin Smith would later join the team, making it a three-car Vauxhall effort.",GAVEN SMITH WOULD LATER JOIN THE TEAM MAKING IT A THREE CARV OXAL EFFORT,88b75f44c521b00e3d4ce21852ee1e2f55ac4cf1ccf9773c5bda5372aa1e92d1
wav2vec2_large_robust,dsuta,122,stage5ext_00490,80e5fdd0808bbda9d695c743b5046c81739538d8398f2686fe4b36ca71f055a7cc8e5445f4ac8e41bbbe09c9f01ad6e6bf9e083ec42a8d15655c1b76825dce57,Australian English,australia,"His siblings included Key Pittman, a longtime United States Senator from Nevada.",HIS SIPLINGS INCLUDED KY PITMAN A LONG TIME UNITED STATES SENATOR FROM NEVADA,88b75f44c521b00e3d4ce21852ee1e2f55ac4cf1ccf9773c5bda5372aa1e92d1
wav2vec2_large_robust,dsuta,122,stage5ext_00491,80e5fdd0808bbda9d695c743b5046c81739538d8398f2686fe4b36ca71f055a7cc8e5445f4ac8e41bbbe09c9f01ad6e6bf9e083ec42a8d15655c1b76825dce57,Australian English,australia,"The ""Dragon Empire"" is an empire ruled by the ten houses of dragons.",THE DRAGON EMPIRE IS AN EMPIRE RULED BY THE TEN HOUSES OF DRAGONS,88b75f44c521b00e3d4ce21852ee1e2f55ac4cf1ccf9773c5bda5372aa1e92d1
wav2vec2_large_robust,dsuta,122,stage5ext_00492,80e5fdd0808bbda9d695c743b5046c81739538d8398f2686fe4b36ca71f055a7cc8e5445f4ac8e41bbbe09c9f01ad6e6bf9e083ec42a8d15655c1b76825dce57,Australian English,australia,Gounki is played on an eight-by-eight square.,GARRENKY IS PLAYED ON EIGHT BY EIGHT SQUARE,88b75f44c521b00e3d4ce21852ee1e2f55ac4cf1ccf9773c5bda5372aa1e92d1
wav2vec2_large_robust,dsuta,123,stage5ext_00493,80e5fdd0808bbda9d695c743b5046c81739538d8398f2686fe4b36ca71f055a7cc8e5445f4ac8e41bbbe09c9f01ad6e6bf9e083ec42a8d15655c1b76825dce57,Australian English,australia,He founded a series of hospitals in Constantinople to care for the poor.,HE FOUNDED A SERIES OF HOSPITALS IN CONSTANTINOPLE TO CARE FOR THE POOR,038ceefb0b76de0c24392e35af01cee6d5aac3e38268ec193d143baacb800ef5
wav2vec2_large_robust,dsuta,123,stage5ext_00494,80e5fdd0808bbda9d695c743b5046c81739538d8398f2686fe4b36ca71f055a7cc8e5445f4ac8e41bbbe09c9f01ad6e6bf9e083ec42a8d15655c1b76825dce57,Australian English,australia,His guitar compositions are being recorded and performed by an ever-increasing number of guitarists.,HIS GATAR COMPOSITIONS ARE BEING RECORDED AND PERFORMED BY AN EVER INCREASING NUMBER OF GATARIS,038ceefb0b76de0c24392e35af01cee6d5aac3e38268ec193d143baacb800ef5
wav2vec2_large_robust,dsuta,123,stage5ext_00495,80e5fdd0808bbda9d695c743b5046c81739538d8398f2686fe4b36ca71f055a7cc8e5445f4ac8e41bbbe09c9f01ad6e6bf9e083ec42a8d15655c1b76825dce57,Australian English,australia,He taught at Stockport Grammar School.,HE TAUGHT AT STOCKPORT GRAMMAR SCHOOL,038ceefb0b76de0c24392e35af01cee6d5aac3e38268ec193d143baacb800ef5
wav2vec2_large_robust,dsuta,123,stage5ext_00496,1a03eae3701811654fd562b997c8a474b9db15da01b2c3dbe82487ef0476080aff1930c0b286ebae981fe42447c3f5ef27480999934b5bbbb8e1410266aca125,Australian English,australia,"But, if you can, try to make your own decisions.",BUT IF YOU CAN TRY TO MAKE YOUR OWN DECISIONS,038ceefb0b76de0c24392e35af01cee6d5aac3e38268ec193d143baacb800ef5
wav2vec2_large_robust,dsuta,124,stage5ext_00497,1a03eae3701811654fd562b997c8a474b9db15da01b2c3dbe82487ef0476080aff1930c0b286ebae981fe42447c3f5ef27480999934b5bbbb8e1410266aca125,Australian English,australia,There was no way to measure anything of that length.,THERE WAS NO WAY TO MEASURE ANYTHING OF THAT LENGTH,fe792852d6b20b3a89627fe9e4a927bdc2ab73a53b17338d286b7586d5800ce2
wav2vec2_large_robust,dsuta,124,stage5ext_00498,1a03eae3701811654fd562b997c8a474b9db15da01b2c3dbe82487ef0476080aff1930c0b286ebae981fe42447c3f5ef27480999934b5bbbb8e1410266aca125,Australian English,australia,"Today, tourism is one of the major economic factors inside the city.",TO DAY TURISM IS ONE OF THE MAJOR ECONOMIC FACTORS INSIDE THE CITY,fe792852d6b20b3a89627fe9e4a927bdc2ab73a53b17338d286b7586d5800ce2
wav2vec2_large_robust,dsuta,124,stage5ext_00499,1a03eae3701811654fd562b997c8a474b9db15da01b2c3dbe82487ef0476080aff1930c0b286ebae981fe42447c3f5ef27480999934b5bbbb8e1410266aca125,Australian English,australia,"Last week, I went hiking in the mountains.",LAST WEEK I WENT HAKING IN THE MOUNTAINS,fe792852d6b20b3a89627fe9e4a927bdc2ab73a53b17338d286b7586d5800ce2
wav2vec2_large_robust,dsuta,124,stage5ext_00500,1a03eae3701811654fd562b997c8a474b9db15da01b2c3dbe82487ef0476080aff1930c0b286ebae981fe42447c3f5ef27480999934b5bbbb8e1410266aca125,Australian English,australia,The boy tried to read what was written in the sand.,THE BOY TRIED TO READ WHAT WAS WRITTEN IN THE SAND,fe792852d6b20b3a89627fe9e4a927bdc2ab73a53b17338d286b7586d5800ce2
wav2vec2_large_robust,dsuta,125,stage5ext_00501,1a03eae3701811654fd562b997c8a474b9db15da01b2c3dbe82487ef0476080aff1930c0b286ebae981fe42447c3f5ef27480999934b5bbbb8e1410266aca125,Australian English,australia,Don't hurt my sore arm again.,DAN'T HURT MY SORE ARM AGAIN,dc6444e1f2e79cc9177b998707098f7ba7f573c4827353a29c719dbd39a31fb9
wav2vec2_large_robust,dsuta,125,stage5ext_00502,1a03eae3701811654fd562b997c8a474b9db15da01b2c3dbe82487ef0476080aff1930c0b286ebae981fe42447c3f5ef27480999934b5bbbb8e1410266aca125,Australian English,australia,The fluid sprayed across the foyer.,THE FLUID SPRAIED ACROSS THE FOYA,dc6444e1f2e79cc9177b998707098f7ba7f573c4827353a29c719dbd39a31fb9
wav2vec2_large_robust,dsuta,125,stage5ext_00503,1a03eae3701811654fd562b997c8a474b9db15da01b2c3dbe82487ef0476080aff1930c0b286ebae981fe42447c3f5ef27480999934b5bbbb8e1410266aca125,Australian English,australia,Thanks for dropping around.,THANKS FOR DROPPING AROUND,dc6444e1f2e79cc9177b998707098f7ba7f573c4827353a29c719dbd39a31fb9
wav2vec2_large_robust,dsuta,125,stage5ext_00504,1a03eae3701811654fd562b997c8a474b9db15da01b2c3dbe82487ef0476080aff1930c0b286ebae981fe42447c3f5ef27480999934b5bbbb8e1410266aca125,Australian English,australia,The frog had no chance to escape.,THE FROG HAD NO CHANCE TO ESCAPE,dc6444e1f2e79cc9177b998707098f7ba7f573c4827353a29c719dbd39a31fb9
wav2vec2_large_robust,dsuta,126,stage5ext_00505,1a03eae3701811654fd562b997c8a474b9db15da01b2c3dbe82487ef0476080aff1930c0b286ebae981fe42447c3f5ef27480999934b5bbbb8e1410266aca125,Australian English,australia,She likes you well enough to stick around.,SHE LIKES YOU WELL ENOUGH TO STICK AROUND,f0f92c1e610b1b0797e6673d394696f94be181b8b23858ac13d7f6f90a60abe2
wav2vec2_large_robust,dsuta,126,stage5ext_00506,1a03eae3701811654fd562b997c8a474b9db15da01b2c3dbe82487ef0476080aff1930c0b286ebae981fe42447c3f5ef27480999934b5bbbb8e1410266aca125,Australian English,australia,The shower curtain is beige and white.,THE SHOWER CURTAIN IS BAGE AND WHITE,f0f92c1e610b1b0797e6673d394696f94be181b8b23858ac13d7f6f90a60abe2
wav2vec2_large_robust,dsuta,126,stage5ext_00507,1a03eae3701811654fd562b997c8a474b9db15da01b2c3dbe82487ef0476080aff1930c0b286ebae981fe42447c3f5ef27480999934b5bbbb8e1410266aca125,Australian English,australia,"Everyone, when they are young, knows what their destiny is.",EVERY ONE WHEN THEY ARE YOUNG KNOWS WHAT THEIR DESTINY IS,f0f92c1e610b1b0797e6673d394696f94be181b8b23858ac13d7f6f90a60abe2
wav2vec2_large_robust,dsuta,126,stage5ext_00508,1a03eae3701811654fd562b997c8a474b9db15da01b2c3dbe82487ef0476080aff1930c0b286ebae981fe42447c3f5ef27480999934b5bbbb8e1410266aca125,Australian English,australia,He didn't consider mending the hole — the stones could fall through any time they wanted.,HE DIDN'T CONSIDER MENDING THE WHOLE THE STONES COULD FALL THROUGH ANY TIME THEY WANTED,f0f92c1e610b1b0797e6673d394696f94be181b8b23858ac13d7f6f90a60abe2
wav2vec2_large_robust,dsuta,127,stage5ext_00509,1a03eae3701811654fd562b997c8a474b9db15da01b2c3dbe82487ef0476080aff1930c0b286ebae981fe42447c3f5ef27480999934b5bbbb8e1410266aca125,Australian English,australia,Add shweta mohan to my laundry playlist,ADD SHUTE MOHAN TO MY LAUNDRY PLAY LIST,d0d66798e8a2d7464c42e73d1c9cc18e2935eb4c45508e1ab214f6987b8dff1c
wav2vec2_large_robust,dsuta,127,stage5ext_00510,1a03eae3701811654fd562b997c8a474b9db15da01b2c3dbe82487ef0476080aff1930c0b286ebae981fe42447c3f5ef27480999934b5bbbb8e1410266aca125,Australian English,australia,I'm still having trouble with baking.,I'M STILL HAVING TROUBLE WITH BAKING,d0d66798e8a2d7464c42e73d1c9cc18e2935eb4c45508e1ab214f6987b8dff1c
wav2vec2_large_robust,dsuta,127,stage5ext_00511,3935c83996bc79d7abc50adc36392f9a2fd97df405c02b2321332068d1f235f816f68c7b84d0c3b80073933b9f6ab6f5b2d06f204e4bacdd8623e31009f1b83c,Australian English,australia,The mantra itself is also called Simran.,THE MANTRA ITSELF IS ALSO CALLED SIMREN,d0d66798e8a2d7464c42e73d1c9cc18e2935eb4c45508e1ab214f6987b8dff1c
wav2vec2_large_robust,dsuta,127,stage5ext_00512,3935c83996bc79d7abc50adc36392f9a2fd97df405c02b2321332068d1f235f816f68c7b84d0c3b80073933b9f6ab6f5b2d06f204e4bacdd8623e31009f1b83c,Australian English,australia,"Throughout college, Edwards moonlighted, playing jazz piano for late night radio and music shows.",THROUGHOUT COLLEGE EDWARD'S MOONLIGHTED PLAYING CHESS PIANO FOR LATE NIGHT RADIO AND MUSIC SHOWS,d0d66798e8a2d7464c42e73d1c9cc18e2935eb4c45508e1ab214f6987b8dff1c
wav2vec2_large_robust,dsuta,128,stage5ext_00513,3935c83996bc79d7abc50adc36392f9a2fd97df405c02b2321332068d1f235f816f68c7b84d0c3b80073933b9f6ab6f5b2d06f204e4bacdd8623e31009f1b83c,Australian English,australia,Over this period the paper grew and began to cover additional market sectors.,UP AT THIS PERIOD THE PIPER GREW AND BEGAN TO COVER ADDITIONAL MARKETS SECTRES,47d802cbdbd0e21a0067fc875fbe2dcbaa1dae15cce3999498d3d1fb6939833d
wav2vec2_large_robust,dsuta,128,stage5ext_00514,3935c83996bc79d7abc50adc36392f9a2fd97df405c02b2321332068d1f235f816f68c7b84d0c3b80073933b9f6ab6f5b2d06f204e4bacdd8623e31009f1b83c,Australian English,australia,"His long, narrow face was dominated by a big nose.",HIS LONG NARROW FACE WAS DOMINATED BY A BIG NOSE,47d802cbdbd0e21a0067fc875fbe2dcbaa1dae15cce3999498d3d1fb6939833d
wav2vec2_large_robust,dsuta,128,stage5ext_00515,3935c83996bc79d7abc50adc36392f9a2fd97df405c02b2321332068d1f235f816f68c7b84d0c3b80073933b9f6ab6f5b2d06f204e4bacdd8623e31009f1b83c,Australian English,australia,"This has most commonly been interpreted as a rendition of ""Now Strike"".",THIS HAS MOST COMMONLY BEEN INTERPRETED AS A RENDITION OF NEL STRIKE,47d802cbdbd0e21a0067fc875fbe2dcbaa1dae15cce3999498d3d1fb6939833d
wav2vec2_large_robust,dsuta,128,stage5ext_00516,3935c83996bc79d7abc50adc36392f9a2fd97df405c02b2321332068d1f235f816f68c7b84d0c3b80073933b9f6ab6f5b2d06f204e4bacdd8623e31009f1b83c,Australian English,australia,The capital of the province is Llica.,THE CAPITAL OF THE PROVINCE IS LIKA,47d802cbdbd0e21a0067fc875fbe2dcbaa1dae15cce3999498d3d1fb6939833d
wav2vec2_large_robust,dsuta,129,stage5ext_00517,3935c83996bc79d7abc50adc36392f9a2fd97df405c02b2321332068d1f235f816f68c7b84d0c3b80073933b9f6ab6f5b2d06f204e4bacdd8623e31009f1b83c,Australian English,australia,Children from this township attend schools in the Blue Mountain School District.,CHILDREN FROM THIS TOWNSHIP ATTEND SCHOOLS IN THE BLUE MOUNTAIN SCHOOL DISTRICT,b7c76b34bafca2a0ef26c51de0d40e7bbcfde115463813c6b360a8c0ba1f760c
wav2vec2_large_robust,dsuta,129,stage5ext_00518,3935c83996bc79d7abc50adc36392f9a2fd97df405c02b2321332068d1f235f816f68c7b84d0c3b80073933b9f6ab6f5b2d06f204e4bacdd8623e31009f1b83c,Australian English,australia,The band's lineup would then remain unchanged through their next two albums.,THE BAND'S LINE UP WOULD THEN REMAIN UNCHANGED THROUGH THEIR NEXT TWO ALBUMS,b7c76b34bafca2a0ef26c51de0d40e7bbcfde115463813c6b360a8c0ba1f760c
wav2vec2_large_robust,dsuta,129,stage5ext_00519,3935c83996bc79d7abc50adc36392f9a2fd97df405c02b2321332068d1f235f816f68c7b84d0c3b80073933b9f6ab6f5b2d06f204e4bacdd8623e31009f1b83c,Australian English,australia,A user application may render the image into a viewport.,A USUAL APPLICATION MAY RENDER THE IMAGE INTO A VIEW POT,b7c76b34bafca2a0ef26c51de0d40e7bbcfde115463813c6b360a8c0ba1f760c
wav2vec2_large_robust,dsuta,129,stage5ext_00520,3935c83996bc79d7abc50adc36392f9a2fd97df405c02b2321332068d1f235f816f68c7b84d0c3b80073933b9f6ab6f5b2d06f204e4bacdd8623e31009f1b83c,Australian English,australia,Jimmy Fortune also sometimes tours with Dailey and Vincent.,JIMMY FORTUNE ALSO SOMETIMES TURS WITH DAILY AND FINCENT,b7c76b34bafca2a0ef26c51de0d40e7bbcfde115463813c6b360a8c0ba1f760c
wav2vec2_large_robust,dsuta,130,stage5ext_00521,3935c83996bc79d7abc50adc36392f9a2fd97df405c02b2321332068d1f235f816f68c7b84d0c3b80073933b9f6ab6f5b2d06f204e4bacdd8623e31009f1b83c,Australian English,australia,The play was revived in London eight times during his life.,THE PLAY WAS REVIVED IN LONDON EIGHT TIMES DURING HIS LIFE,4403e05e64f339ba9d2b04155ee0fa29ecb13c949bcf97d83da8ab55eb8de402
wav2vec2_large_robust,dsuta,130,stage5ext_00522,3935c83996bc79d7abc50adc36392f9a2fd97df405c02b2321332068d1f235f816f68c7b84d0c3b80073933b9f6ab6f5b2d06f204e4bacdd8623e31009f1b83c,Australian English,australia,Following the outbreak of the Second Boer War he was posted to South Africa.,FOLLOWING THE OUTBREAK OF THE SECOND BOR WAR HE WAS POSTED TO SOUTH AFRICA,4403e05e64f339ba9d2b04155ee0fa29ecb13c949bcf97d83da8ab55eb8de402
wav2vec2_large_robust,dsuta,130,stage5ext_00523,3935c83996bc79d7abc50adc36392f9a2fd97df405c02b2321332068d1f235f816f68c7b84d0c3b80073933b9f6ab6f5b2d06f204e4bacdd8623e31009f1b83c,Australian English,australia,It is a popular spot for surfing and swimming.,IT IS A POPULAR SPOT FOR SERVANT AND SWIMEN,4403e05e64f339ba9d2b04155ee0fa29ecb13c949bcf97d83da8ab55eb8de402
wav2vec2_large_robust,dsuta,130,stage5ext_00524,3935c83996bc79d7abc50adc36392f9a2fd97df405c02b2321332068d1f235f816f68c7b84d0c3b80073933b9f6ab6f5b2d06f204e4bacdd8623e31009f1b83c,Australian English,australia,Dylan apparently disliked this.,GELAN APPARENTLY DISLIKED THIS,4403e05e64f339ba9d2b04155ee0fa29ecb13c949bcf97d83da8ab55eb8de402
wav2vec2_large_robust,dsuta,131,stage5ext_00525,3935c83996bc79d7abc50adc36392f9a2fd97df405c02b2321332068d1f235f816f68c7b84d0c3b80073933b9f6ab6f5b2d06f204e4bacdd8623e31009f1b83c,Australian English,australia,Her heart-shaped gravestone is visible from the road.,HER HART SHAPED GRAVESTONE IS VISIBLE FROM THE ROAD,19c38241332c3949489b8c3dd371a34c3a0eccde98b3dff3143900872a2c1e24
wav2vec2_large_robust,dsuta,131,stage5ext_00526,92fa0173d8a52067542a43504a23d6adbcf1f55271ca38e9eacfa6f751199a9bb7ed840cebadc1a745b2c605ec99dcfae954c709b8c345afbcb08ce46e100b4d,Australian English,australia,"Bushnell was born in Saint Paul, Minnesota and raised in Los Angeles, California.",BUSHNELL WAS BORN IN SAINT PAUL MINESOTA AND RAISED IN LOSS ANGELES CALIFORNIA,19c38241332c3949489b8c3dd371a34c3a0eccde98b3dff3143900872a2c1e24
wav2vec2_large_robust,dsuta,131,stage5ext_00527,92fa0173d8a52067542a43504a23d6adbcf1f55271ca38e9eacfa6f751199a9bb7ed840cebadc1a745b2c605ec99dcfae954c709b8c345afbcb08ce46e100b4d,Australian English,australia,The show is based on noughts and crosses.,THE SHOW IS BASED ON GNAUTS AND CROSSES,19c38241332c3949489b8c3dd371a34c3a0eccde98b3dff3143900872a2c1e24
wav2vec2_large_robust,dsuta,131,stage5ext_00528,92fa0173d8a52067542a43504a23d6adbcf1f55271ca38e9eacfa6f751199a9bb7ed840cebadc1a745b2c605ec99dcfae954c709b8c345afbcb08ce46e100b4d,Australian English,australia,"There are also useful concepts of regular monomorphism, strong monomorphism, and extremal monomorphism.",THERE ARE ALSO USEFUL CONCEPTS OF REGULAR MONOMORPHYSM STRONG MONAMORPHYSM AND EXTREMEAL MONAMORPHISM,19c38241332c3949489b8c3dd371a34c3a0eccde98b3dff3143900872a2c1e24
wav2vec2_large_robust,dsuta,132,stage5ext_00529,92fa0173d8a52067542a43504a23d6adbcf1f55271ca38e9eacfa6f751199a9bb7ed840cebadc1a745b2c605ec99dcfae954c709b8c345afbcb08ce46e100b4d,Australian English,australia,A little glass in a transept window is older still.,A LITTLE GLASS IN A TRANCEPT WINDOW IS OLDER STILL,285804f1c4d036deb6d91631355725d3fe4da11446aad4b2d1665afc0aefaa46
wav2vec2_large_robust,dsuta,132,stage5ext_00530,92fa0173d8a52067542a43504a23d6adbcf1f55271ca38e9eacfa6f751199a9bb7ed840cebadc1a745b2c605ec99dcfae954c709b8c345afbcb08ce46e100b4d,Australian English,australia,For a small monthly fee the establishment will also wash one's mug.,FOR SMALL MONTHLY FEED ESTABLISHMENT WILL ALSO WASH ONE'S MUG,285804f1c4d036deb6d91631355725d3fe4da11446aad4b2d1665afc0aefaa46
wav2vec2_large_robust,dsuta,132,stage5ext_00531,92fa0173d8a52067542a43504a23d6adbcf1f55271ca38e9eacfa6f751199a9bb7ed840cebadc1a745b2c605ec99dcfae954c709b8c345afbcb08ce46e100b4d,Australian English,australia,"Evidently there is no treasure, so Taran and the ruffian are soon at swordpoint.",EVIDENTLY THERE IS NO TREASURE SO TARANIN RUFFIAN AR SOON AT SWORD POINT,285804f1c4d036deb6d91631355725d3fe4da11446aad4b2d1665afc0aefaa46
wav2vec2_large_robust,dsuta,132,stage5ext_00532,92fa0173d8a52067542a43504a23d6adbcf1f55271ca38e9eacfa6f751199a9bb7ed840cebadc1a745b2c605ec99dcfae954c709b8c345afbcb08ce46e100b4d,Australian English,australia,Its user interface and functionality is similar to Microsoft Outlook.,ITS USER INTERPACE AND FUNCTIONALITY IS SIMILAR TO THE MICROSOFT OUTLOOK,285804f1c4d036deb6d91631355725d3fe4da11446aad4b2d1665afc0aefaa46
wav2vec2_large_robust,dsuta,133,stage5ext_00533,92fa0173d8a52067542a43504a23d6adbcf1f55271ca38e9eacfa6f751199a9bb7ed840cebadc1a745b2c605ec99dcfae954c709b8c345afbcb08ce46e100b4d,Australian English,australia,It is famous for its mudbrick-made high-rise buildings.,IT IS FAMOUS FOR ITS MUNDBRICK MADE HIGH RISE BUILDINGS,97d31f4a764d45293bc121e31be130b6a3b799b391f967480962ff1735c7cc95
wav2vec2_large_robust,dsuta,133,stage5ext_00534,92fa0173d8a52067542a43504a23d6adbcf1f55271ca38e9eacfa6f751199a9bb7ed840cebadc1a745b2c605ec99dcfae954c709b8c345afbcb08ce46e100b4d,Australian English,australia,"Not all of the ""Heritage Minutes"" episodes have actually aired.",NOT ALL OF THE HERITAGE MINUTES EPISODES HAVE ACTUALLY ERRED,97d31f4a764d45293bc121e31be130b6a3b799b391f967480962ff1735c7cc95
wav2vec2_large_robust,dsuta,133,stage5ext_00535,92fa0173d8a52067542a43504a23d6adbcf1f55271ca38e9eacfa6f751199a9bb7ed840cebadc1a745b2c605ec99dcfae954c709b8c345afbcb08ce46e100b4d,Australian English,australia,He later lived in the British West Indies.,HILITA LIVED IN THE BRITISH WEST INDIES,97d31f4a764d45293bc121e31be130b6a3b799b391f967480962ff1735c7cc95
wav2vec2_large_robust,dsuta,133,stage5ext_00536,92fa0173d8a52067542a43504a23d6adbcf1f55271ca38e9eacfa6f751199a9bb7ed840cebadc1a745b2c605ec99dcfae954c709b8c345afbcb08ce46e100b4d,Australian English,australia,The two company branches issued combined trade catalogs.,THE TWO COMPANY BRANCHES ISSUED COMBINED TRADE CATALOGUES,97d31f4a764d45293bc121e31be130b6a3b799b391f967480962ff1735c7cc95
wav2vec2_large_robust,dsuta,134,stage5ext_00537,92fa0173d8a52067542a43504a23d6adbcf1f55271ca38e9eacfa6f751199a9bb7ed840cebadc1a745b2c605ec99dcfae954c709b8c345afbcb08ce46e100b4d,Australian English,australia,Whitebirk is part of the Blackburn urban area.,WHITE BERK IS PART OF THE BLACKBONE URBAN AREA,c4b8085e473d0cdf38c0967c48a5a38168287af357481290e27fed5c19f50fd0
wav2vec2_large_robust,dsuta,134,stage5ext_00538,92fa0173d8a52067542a43504a23d6adbcf1f55271ca38e9eacfa6f751199a9bb7ed840cebadc1a745b2c605ec99dcfae954c709b8c345afbcb08ce46e100b4d,Australian English,australia,"One of the most famous ""novelty shows"" is the World's Ugliest Dog Contest.",ONE OF THEIR MOST FAMOUS NOVELTY SHOWS IS THE WORLD'S UGLIEST OLD CONTEST,c4b8085e473d0cdf38c0967c48a5a38168287af357481290e27fed5c19f50fd0
wav2vec2_large_robust,dsuta,134,stage5ext_00539,92fa0173d8a52067542a43504a23d6adbcf1f55271ca38e9eacfa6f751199a9bb7ed840cebadc1a745b2c605ec99dcfae954c709b8c345afbcb08ce46e100b4d,Australian English,australia,The town is named after the island of Elba.,THE TOWN IS NAMED AFTER THE ISLAND OF ELBA,c4b8085e473d0cdf38c0967c48a5a38168287af357481290e27fed5c19f50fd0
wav2vec2_large_robust,dsuta,134,stage5ext_00540,92fa0173d8a52067542a43504a23d6adbcf1f55271ca38e9eacfa6f751199a9bb7ed840cebadc1a745b2c605ec99dcfae954c709b8c345afbcb08ce46e100b4d,Australian English,australia,Later its coverage was expanded to cover political news.,LATER ITS COVERAGE WAR EXPANDED TO COVER POLITICAL NEWS,c4b8085e473d0cdf38c0967c48a5a38168287af357481290e27fed5c19f50fd0
wav2vec2_large_robust,dsuta,135,stage5ext_00541,7f29ce6531f159f514ccb46caa1535f1687740b13a60c3f3ac15d8462984c71b2c5747d5f67692081b7e7de330d1ded32b09bc1693c0a26c8189132bf2c48888,Australian English,australia,"For example, instead of editing Google Maps, consider contributing to OpenStreetMap.",FOR EXAMPLE INSTEAD OF EDITING GOOGLE MAPS CONSIDERED CONTRIBUTING TO OPEN STREET MAP,3609f9f918ae912c90831565772d1568b0600d764fc5cb84fb3be084b487a195
wav2vec2_large_robust,dsuta,135,stage5ext_00542,7f29ce6531f159f514ccb46caa1535f1687740b13a60c3f3ac15d8462984c71b2c5747d5f67692081b7e7de330d1ded32b09bc1693c0a26c8189132bf2c48888,Australian English,australia,What is it you want to research?,WHAT IS IT YOU WANT TO RESEARCH,3609f9f918ae912c90831565772d1568b0600d764fc5cb84fb3be084b487a195
wav2vec2_large_robust,dsuta,135,stage5ext_00543,7f29ce6531f159f514ccb46caa1535f1687740b13a60c3f3ac15d8462984c71b2c5747d5f67692081b7e7de330d1ded32b09bc1693c0a26c8189132bf2c48888,Australian English,australia,"Well, the merry-go-round wasn't exactly spectacular.",WELL THE MURIGO ROUND WASN'T EXACTLY SPECTACULAR,3609f9f918ae912c90831565772d1568b0600d764fc5cb84fb3be084b487a195
wav2vec2_large_robust,dsuta,135,stage5ext_00544,7f29ce6531f159f514ccb46caa1535f1687740b13a60c3f3ac15d8462984c71b2c5747d5f67692081b7e7de330d1ded32b09bc1693c0a26c8189132bf2c48888,Australian English,australia,What is the meaning of this?,WHAT IS THE MEANING OF THIS,3609f9f918ae912c90831565772d1568b0600d764fc5cb84fb3be084b487a195
wav2vec2_large_robust,dsuta,136,stage5ext_00545,7f29ce6531f159f514ccb46caa1535f1687740b13a60c3f3ac15d8462984c71b2c5747d5f67692081b7e7de330d1ded32b09bc1693c0a26c8189132bf2c48888,Australian English,australia,"The flag is red, blue, and yellow.",THE FLAG IS RED BLUE AND YELLOW,318babd465f462ddf86b1a6127dd97f90d5a456e4d4e70a4332e60f3f972320d
wav2vec2_large_robust,dsuta,136,stage5ext_00546,7f29ce6531f159f514ccb46caa1535f1687740b13a60c3f3ac15d8462984c71b2c5747d5f67692081b7e7de330d1ded32b09bc1693c0a26c8189132bf2c48888,Australian English,australia,What are the facts?,WHAT ARE THE FACTS,318babd465f462ddf86b1a6127dd97f90d5a456e4d4e70a4332e60f3f972320d
wav2vec2_large_robust,dsuta,136,stage5ext_00547,7f29ce6531f159f514ccb46caa1535f1687740b13a60c3f3ac15d8462984c71b2c5747d5f67692081b7e7de330d1ded32b09bc1693c0a26c8189132bf2c48888,Australian English,australia,"I've brought you some cheese, because I know you love cheese.",I'VE BROUGHT YOU SOME CHEESE CAUSE I KNOW YOU LOVE CHEESE,318babd465f462ddf86b1a6127dd97f90d5a456e4d4e70a4332e60f3f972320d
wav2vec2_large_robust,dsuta,136,stage5ext_00548,7f29ce6531f159f514ccb46caa1535f1687740b13a60c3f3ac15d8462984c71b2c5747d5f67692081b7e7de330d1ded32b09bc1693c0a26c8189132bf2c48888,Australian English,australia,How did you get it?,HOW DID YOU GET IT,318babd465f462ddf86b1a6127dd97f90d5a456e4d4e70a4332e60f3f972320d
wav2vec2_large_robust,dsuta,137,stage5ext_00549,7f29ce6531f159f514ccb46caa1535f1687740b13a60c3f3ac15d8462984c71b2c5747d5f67692081b7e7de330d1ded32b09bc1693c0a26c8189132bf2c48888,Australian English,australia,"He was something of a sickly child by all accounts, never made it past his fourth birthday.",HE WAS SOMETHING OF A SICKLY CHILD BY ALL ACCOUNTS ANEVER MADE IT PAST HIS FOURTH BIRTHDAY,9f329a230be34f4736d12f0432bde25ecdaac59a7508a56a869e907f0c44df79
wav2vec2_large_robust,dsuta,137,stage5ext_00550,7f29ce6531f159f514ccb46caa1535f1687740b13a60c3f3ac15d8462984c71b2c5747d5f67692081b7e7de330d1ded32b09bc1693c0a26c8189132bf2c48888,Australian English,australia,Under what circumstances might you be persuaded to provide us with passes?,UNDER WHAT CIRCUMSTANCES MIGHT YOU BE PERSUADED TO PROVIDE US WITH PASSES,9f329a230be34f4736d12f0432bde25ecdaac59a7508a56a869e907f0c44df79
wav2vec2_large_robust,dsuta,137,stage5ext_00551,7f29ce6531f159f514ccb46caa1535f1687740b13a60c3f3ac15d8462984c71b2c5747d5f67692081b7e7de330d1ded32b09bc1693c0a26c8189132bf2c48888,Australian English,australia,"They found all sorts of drugs at Howard's house: Cocaine, meth, heroine...",THEY FOUND ALL SORTS OF DRUGS AT HOWARD'S HOUSE COQANE METH HEROINE,9f329a230be34f4736d12f0432bde25ecdaac59a7508a56a869e907f0c44df79
wav2vec2_large_robust,dsuta,137,stage5ext_00552,7f29ce6531f159f514ccb46caa1535f1687740b13a60c3f3ac15d8462984c71b2c5747d5f67692081b7e7de330d1ded32b09bc1693c0a26c8189132bf2c48888,Australian English,australia,"Kidneys are transplanted often, because every healthy person has two of them.",KIDNEYS ARE TRANSPLANTED OFTEN BECAUSE EVERY HEALTHY PERSON HAS TOD THEM,9f329a230be34f4736d12f0432bde25ecdaac59a7508a56a869e907f0c44df79
wav2vec2_large_robust,dsuta,138,stage5ext_00553,7f29ce6531f159f514ccb46caa1535f1687740b13a60c3f3ac15d8462984c71b2c5747d5f67692081b7e7de330d1ded32b09bc1693c0a26c8189132bf2c48888,Australian English,australia,"A trill, or shake A triplet.",A TRILL OR SAKA RIPLOT,c5c4429533611515cb0d8eb3e32273fabcfad424b11cab89efbd58e50d18c829
wav2vec2_large_robust,dsuta,138,stage5ext_00554,7f29ce6531f159f514ccb46caa1535f1687740b13a60c3f3ac15d8462984c71b2c5747d5f67692081b7e7de330d1ded32b09bc1693c0a26c8189132bf2c48888,Australian English,australia,"Four doors lead from the landing into two bedrooms, a closet, and a small, but functional bathroom.",FOUR DOORS LEAD FROM THE LANDING INTO TWO BEDROOMS A CLOSET AND A SMALL BUT FUNCTIONAL BATHROOM,c5c4429533611515cb0d8eb3e32273fabcfad424b11cab89efbd58e50d18c829
wav2vec2_large_robust,dsuta,138,stage5ext_00555,7f29ce6531f159f514ccb46caa1535f1687740b13a60c3f3ac15d8462984c71b2c5747d5f67692081b7e7de330d1ded32b09bc1693c0a26c8189132bf2c48888,Australian English,australia,Why did you do it?,WHY DID YOU DO IT,c5c4429533611515cb0d8eb3e32273fabcfad424b11cab89efbd58e50d18c829
wav2vec2_large_robust,dsuta,138,stage5ext_00556,243c0d90f6145edce7803731bbd3baff7cb887a5290c10c1c5897e24248e249752883be23dbe58e59668ad96307fa0666e76dde82a2dd55ac2c624acbdb1d919,Australian English,australia,Perhaps she forgot all about it.,PERHAPS SHE FORGOT ALL ABOUT IT,c5c4429533611515cb0d8eb3e32273fabcfad424b11cab89efbd58e50d18c829
wav2vec2_large_robust,dsuta,139,stage5ext_00557,243c0d90f6145edce7803731bbd3baff7cb887a5290c10c1c5897e24248e249752883be23dbe58e59668ad96307fa0666e76dde82a2dd55ac2c624acbdb1d919,Australian English,australia,I would if I thought I'd hear anything worth listening to.,I WULD IF I THOUGHT I'D HEAR ANYTHING WOUT LITEITIN,af4314094e0c6f1d16f481fa4d0599b79fe47b953c8b447da2f3f2453e732ae0
wav2vec2_large_robust,dsuta,139,stage5ext_00558,243c0d90f6145edce7803731bbd3baff7cb887a5290c10c1c5897e24248e249752883be23dbe58e59668ad96307fa0666e76dde82a2dd55ac2c624acbdb1d919,Australian English,australia,In that case I'll ask the two executive officers to withdraw.,IN THAT CASE I'LL ASK THE TWO EXECUTIVE OFFICERS TO WITHDRAW,af4314094e0c6f1d16f481fa4d0599b79fe47b953c8b447da2f3f2453e732ae0
wav2vec2_large_robust,dsuta,139,stage5ext_00559,243c0d90f6145edce7803731bbd3baff7cb887a5290c10c1c5897e24248e249752883be23dbe58e59668ad96307fa0666e76dde82a2dd55ac2c624acbdb1d919,Australian English,australia,I'm everything the District Attorney said I was.,I'M EVERYTHING THE DISTRICT ATTORNEY SAID I WAS,af4314094e0c6f1d16f481fa4d0599b79fe47b953c8b447da2f3f2453e732ae0
wav2vec2_large_robust,dsuta,139,stage5ext_00560,243c0d90f6145edce7803731bbd3baff7cb887a5290c10c1c5897e24248e249752883be23dbe58e59668ad96307fa0666e76dde82a2dd55ac2c624acbdb1d919,Australian English,australia,I don't want Mrs. Douglas.,I DON'T WANT MISSUS DOUGLAS,af4314094e0c6f1d16f481fa4d0599b79fe47b953c8b447da2f3f2453e732ae0
wav2vec2_large_robust,dsuta,140,stage5ext_00561,243c0d90f6145edce7803731bbd3baff7cb887a5290c10c1c5897e24248e249752883be23dbe58e59668ad96307fa0666e76dde82a2dd55ac2c624acbdb1d919,Australian English,australia,What's the idea here?,WHAT'S THE IDEA HERE,60c74af2c9b50de9cdaaa8cddc2abe61493799b02555134881cad5c9737a6c5e
wav2vec2_large_robust,dsuta,140,stage5ext_00562,243c0d90f6145edce7803731bbd3baff7cb887a5290c10c1c5897e24248e249752883be23dbe58e59668ad96307fa0666e76dde82a2dd55ac2c624acbdb1d919,Australian English,australia,I've suddenly become quite important.,I SUDDENLY BECOME QUITE IMPORTANT,60c74af2c9b50de9cdaaa8cddc2abe61493799b02555134881cad5c9737a6c5e
wav2vec2_large_robust,dsuta,140,stage5ext_00563,243c0d90f6145edce7803731bbd3baff7cb887a5290c10c1c5897e24248e249752883be23dbe58e59668ad96307fa0666e76dde82a2dd55ac2c624acbdb1d919,Australian English,australia,There's nothing more we can do tonight.,THERE'S NOTHING MORE WE CAN DO TO NIGHT,60c74af2c9b50de9cdaaa8cddc2abe61493799b02555134881cad5c9737a6c5e
wav2vec2_large_robust,dsuta,140,stage5ext_00564,243c0d90f6145edce7803731bbd3baff7cb887a5290c10c1c5897e24248e249752883be23dbe58e59668ad96307fa0666e76dde82a2dd55ac2c624acbdb1d919,Australian English,australia,A sight for sore eyes.,ESID FOR SALL EYES,60c74af2c9b50de9cdaaa8cddc2abe61493799b02555134881cad5c9737a6c5e
wav2vec2_large_robust,dsuta,141,stage5ext_00565,243c0d90f6145edce7803731bbd3baff7cb887a5290c10c1c5897e24248e249752883be23dbe58e59668ad96307fa0666e76dde82a2dd55ac2c624acbdb1d919,Australian English,australia,She had pneumonia once.,SHE KEP NOMONA ONE,f677d158df5f2ee3e04b748e917aa039a226057caabfff04e1f7aa2f9723c631
wav2vec2_large_robust,dsuta,141,stage5ext_00566,243c0d90f6145edce7803731bbd3baff7cb887a5290c10c1c5897e24248e249752883be23dbe58e59668ad96307fa0666e76dde82a2dd55ac2c624acbdb1d919,Australian English,australia,We returned to the cemetery.,HE RETURNED TO THE CEMETERY,f677d158df5f2ee3e04b748e917aa039a226057caabfff04e1f7aa2f9723c631
wav2vec2_large_robust,dsuta,141,stage5ext_00567,243c0d90f6145edce7803731bbd3baff7cb887a5290c10c1c5897e24248e249752883be23dbe58e59668ad96307fa0666e76dde82a2dd55ac2c624acbdb1d919,Australian English,australia,I'd like to think.,I'D LIKE TO THINK,f677d158df5f2ee3e04b748e917aa039a226057caabfff04e1f7aa2f9723c631
wav2vec2_large_robust,dsuta,141,stage5ext_00568,243c0d90f6145edce7803731bbd3baff7cb887a5290c10c1c5897e24248e249752883be23dbe58e59668ad96307fa0666e76dde82a2dd55ac2c624acbdb1d919,Australian English,australia,Your mother and I talked it over half the night.,YOUR MOTHER AND I TALKE IT OVER HALF THE NIGHT,f677d158df5f2ee3e04b748e917aa039a226057caabfff04e1f7aa2f9723c631
wav2vec2_large_robust,dsuta,142,stage5ext_00569,243c0d90f6145edce7803731bbd3baff7cb887a5290c10c1c5897e24248e249752883be23dbe58e59668ad96307fa0666e76dde82a2dd55ac2c624acbdb1d919,Australian English,australia,We must get some of that serum as soon as possible.,HE MUST GET SOME OF THE CARRO AS DEEP AS POSSIBLE,774acc801cf417633aa7449dcdf76fd62f629e864c4c0bb1bb81849b2baf049f
wav2vec2_large_robust,dsuta,142,stage5ext_00570,243c0d90f6145edce7803731bbd3baff7cb887a5290c10c1c5897e24248e249752883be23dbe58e59668ad96307fa0666e76dde82a2dd55ac2c624acbdb1d919,Australian English,australia,She'll be waiting for you in Albany.,SHALL BE WAITING FOR YOU IN ALBANY,774acc801cf417633aa7449dcdf76fd62f629e864c4c0bb1bb81849b2baf049f
wav2vec2_large_robust,dsuta,142,stage5ext_00571,0acf313028bfe2af57b429c11e66463848b29afaa619fcfb0eea753f8ba9c63862e2c106975c0e70bde12809fc2422731691839c34fe911de22051dd732876d2,Australian English,australia,It seemed to him that it fell to earth about one hundred miles east of here.,IT SEEMED TO HIM THAT IT FELL TO EARTH ABOUT ONE HUNDRED MILES EAST OF HERE,774acc801cf417633aa7449dcdf76fd62f629e864c4c0bb1bb81849b2baf049f
wav2vec2_large_robust,dsuta,142,stage5ext_00572,0acf313028bfe2af57b429c11e66463848b29afaa619fcfb0eea753f8ba9c63862e2c106975c0e70bde12809fc2422731691839c34fe911de22051dd732876d2,Australian English,australia,'m all about those invisible cosmic connections that transcend time and distance.,I'M ALL ABOUT THOSE INVISIBLE COSMIC CONNEXTIONS THAT TRANSCEND TIME AND DISTANCE,774acc801cf417633aa7449dcdf76fd62f629e864c4c0bb1bb81849b2baf049f
wav2vec2_large_robust,dsuta,143,stage5ext_00573,0acf313028bfe2af57b429c11e66463848b29afaa619fcfb0eea753f8ba9c63862e2c106975c0e70bde12809fc2422731691839c34fe911de22051dd732876d2,Australian English,australia,And one or two persons were returning.,AND ONE OR TWO PERSONS WERE RETURNING,8841f2ea3539050f20ae3dc6e0116896ef9dc3e98e67cac6c4f686093685babf
wav2vec2_large_robust,dsuta,143,stage5ext_00574,0acf313028bfe2af57b429c11e66463848b29afaa619fcfb0eea753f8ba9c63862e2c106975c0e70bde12809fc2422731691839c34fe911de22051dd732876d2,Australian English,australia,Even then he hardly understood what this meant.,EVEN THEN HE HARDLY UNDERSTOOD WHAT THIS MEANT,8841f2ea3539050f20ae3dc6e0116896ef9dc3e98e67cac6c4f686093685babf
wav2vec2_large_robust,dsuta,143,stage5ext_00575,0acf313028bfe2af57b429c11e66463848b29afaa619fcfb0eea753f8ba9c63862e2c106975c0e70bde12809fc2422731691839c34fe911de22051dd732876d2,Australian English,australia,He heard a muffled grating sound and saw the black mark jerk forward an inch or so.,HE HEARD A MUFFLED GRATING SOUND AND SAW THE BLACK MARK JERK FORWARD AN INCH OR SO,8841f2ea3539050f20ae3dc6e0116896ef9dc3e98e67cac6c4f686093685babf
wav2vec2_large_robust,dsuta,143,stage5ext_00576,0acf313028bfe2af57b429c11e66463848b29afaa619fcfb0eea753f8ba9c63862e2c106975c0e70bde12809fc2422731691839c34fe911de22051dd732876d2,Australian English,australia,Hundreds of observers saw the flame that night and the night after.,HUNDREDS OF OBSERVERS SAW THE FLAME THAT NIGHT AND THE NIGHT AFTER,8841f2ea3539050f20ae3dc6e0116896ef9dc3e98e67cac6c4f686093685babf
wav2vec2_large_robust,dsuta,144,stage5ext_00577,0acf313028bfe2af57b429c11e66463848b29afaa619fcfb0eea753f8ba9c63862e2c106975c0e70bde12809fc2422731691839c34fe911de22051dd732876d2,Australian English,australia,I was impatient to see it opened.,I WAS IMPATIENT TO SEE IT OPENED,9aa13be7358b695c5dfa445c5143aed140d0794439499fff1f5f6244ba12715d
wav2vec2_large_robust,dsuta,144,stage5ext_00578,0acf313028bfe2af57b429c11e66463848b29afaa619fcfb0eea753f8ba9c63862e2c106975c0e70bde12809fc2422731691839c34fe911de22051dd732876d2,Australian English,australia,My mind ran on the possibilities of its content.,MY MIND RAN ON THE POSSIBILITIES OF ITS CONTENT,9aa13be7358b695c5dfa445c5143aed140d0794439499fff1f5f6244ba12715d
wav2vec2_large_robust,dsuta,144,stage5ext_00579,0acf313028bfe2af57b429c11e66463848b29afaa619fcfb0eea753f8ba9c63862e2c106975c0e70bde12809fc2422731691839c34fe911de22051dd732876d2,Australian English,australia,Some of those who saw its flight say it travelled with a hissing sound.,SOME OF THOSE WHO SAW ITS FLIGHT SAY IT TROVLLED WITH A HISSING SOUND,9aa13be7358b695c5dfa445c5143aed140d0794439499fff1f5f6244ba12715d
wav2vec2_large_robust,dsuta,144,stage5ext_00580,0acf313028bfe2af57b429c11e66463848b29afaa619fcfb0eea753f8ba9c63862e2c106975c0e70bde12809fc2422731691839c34fe911de22051dd732876d2,Australian English,australia,"You don't have to be rich, skinny, popular, or even own a cape to perform a random act of kindness.",YOU DON'T HAVE TO BE RICH SKINNY POPULAR OR EVEN OWN A CAPE TO PERFORM A RANDOM ACT OF KINDNESS,9aa13be7358b695c5dfa445c5143aed140d0794439499fff1f5f6244ba12715d
wav2vec2_large_robust,dsuta,145,stage5ext_00581,0acf313028bfe2af57b429c11e66463848b29afaa619fcfb0eea753f8ba9c63862e2c106975c0e70bde12809fc2422731691839c34fe911de22051dd732876d2,Australian English,australia,I had seen all that it would presently bring me.,I HAD SEEN ALL THAT IT WOULD PRESENTLY BRING ME,0dce54e3dd13f8b58f676bf5775363d10962f7ed3a1cb1472d000050db50cdd9
wav2vec2_large_robust,dsuta,145,stage5ext_00582,0acf313028bfe2af57b429c11e66463848b29afaa619fcfb0eea753f8ba9c63862e2c106975c0e70bde12809fc2422731691839c34fe911de22051dd732876d2,Australian English,australia,The time must have been somewhere around six o'clock.,THE TIME MUST HAVE BEEN SOMEWHERE ROUND SIX O'CLOCK,0dce54e3dd13f8b58f676bf5775363d10962f7ed3a1cb1472d000050db50cdd9
wav2vec2_large_robust,dsuta,145,stage5ext_00583,0acf313028bfe2af57b429c11e66463848b29afaa619fcfb0eea753f8ba9c63862e2c106975c0e70bde12809fc2422731691839c34fe911de22051dd732876d2,Australian English,australia,We lit the lantern and walked over to his house.,WE LIT THE LANTERN AND WALKED OVER TO HIS HOUSE,0dce54e3dd13f8b58f676bf5775363d10962f7ed3a1cb1472d000050db50cdd9
wav2vec2_large_robust,dsuta,145,stage5ext_00584,0acf313028bfe2af57b429c11e66463848b29afaa619fcfb0eea753f8ba9c63862e2c106975c0e70bde12809fc2422731691839c34fe911de22051dd732876d2,Australian English,australia,"If you start your emails with ""Greetings"" let me be the first to welcome you to Earth.",IF YOU START YOUR EMALES WITH GREETINGS LET ME BE THE FIRST TO WELCOME YOU TO EARTH,0dce54e3dd13f8b58f676bf5775363d10962f7ed3a1cb1472d000050db50cdd9
wav2vec2_large_robust,dsuta,146,stage5ext_00585,0acf313028bfe2af57b429c11e66463848b29afaa619fcfb0eea753f8ba9c63862e2c106975c0e70bde12809fc2422731691839c34fe911de22051dd732876d2,Australian English,australia,Scattered groups of people were hurrying from the direction of Woking.,SCATTERED GROUPS OF PEOPLE WERE HURRYING FROM THE DIRECTION OF WORKING,bcc7ae42fdaf742bb5f8cf3031c826de3bf0e39fc89fc0a7e11fee778361f596
wav2vec2_large_robust,dsuta,146,stage5ext_00586,771662210642ca9e2f17135f7a66db7f250f7f7bc6d9b3e3475b19d375389bcf6d1979c9a58a21cc866543ad80ab0e9641158290b7f6a9e1d0aad1635c730ab4,Australian English,australia,"Wakehurst asked the Treasurer, Alexander Mair, to form a government.",WAKEHURST ASKED THE TREASURER ALEXANDER MAYR TO FORM A GOVERNMENT,bcc7ae42fdaf742bb5f8cf3031c826de3bf0e39fc89fc0a7e11fee778361f596
wav2vec2_large_robust,dsuta,146,stage5ext_00587,771662210642ca9e2f17135f7a66db7f250f7f7bc6d9b3e3475b19d375389bcf6d1979c9a58a21cc866543ad80ab0e9641158290b7f6a9e1d0aad1635c730ab4,Australian English,australia,"Translated, it means ""revolving hands"", ""rotating palms"", or ""turning palms.",TRANSLATED IT MEANS REVOLVING HANDS ROTATING PALMS OR TURNING PALMS,bcc7ae42fdaf742bb5f8cf3031c826de3bf0e39fc89fc0a7e11fee778361f596
wav2vec2_large_robust,dsuta,146,stage5ext_00588,771662210642ca9e2f17135f7a66db7f250f7f7bc6d9b3e3475b19d375389bcf6d1979c9a58a21cc866543ad80ab0e9641158290b7f6a9e1d0aad1635c730ab4,Australian English,australia,It still has a working blacksmith's shop.,IT STILL HAS A WORKING BLACKSMITH'S SHOP,bcc7ae42fdaf742bb5f8cf3031c826de3bf0e39fc89fc0a7e11fee778361f596
wav2vec2_large_robust,dsuta,147,stage5ext_00589,771662210642ca9e2f17135f7a66db7f250f7f7bc6d9b3e3475b19d375389bcf6d1979c9a58a21cc866543ad80ab0e9641158290b7f6a9e1d0aad1635c730ab4,Australian English,australia,"A right-handed batsman, Carlton Baugh Snr.",RIGHT HANDED BATSMAN CALTON BORE SENIOR,ade0ca16722df2c5732614313b907b21eeb114dd36591f45e9253a44dc6c2df6
wav2vec2_large_robust,dsuta,147,stage5ext_00590,771662210642ca9e2f17135f7a66db7f250f7f7bc6d9b3e3475b19d375389bcf6d1979c9a58a21cc866543ad80ab0e9641158290b7f6a9e1d0aad1635c730ab4,Australian English,australia,I couldn't see the linebackers.,I COULDN'T SEE THE LINE BACKERS,ade0ca16722df2c5732614313b907b21eeb114dd36591f45e9253a44dc6c2df6
wav2vec2_large_robust,dsuta,147,stage5ext_00591,771662210642ca9e2f17135f7a66db7f250f7f7bc6d9b3e3475b19d375389bcf6d1979c9a58a21cc866543ad80ab0e9641158290b7f6a9e1d0aad1635c730ab4,Australian English,australia,Foreign titles may be utilized as a foundation for recognition of professional licensing.,FOREIGN TITLES MAY BE UTILIZED AS A FOUNDATION FOR RECOGNITION OF PROFESSIONAL LICENSING,ade0ca16722df2c5732614313b907b21eeb114dd36591f45e9253a44dc6c2df6
wav2vec2_large_robust,dsuta,147,stage5ext_00592,771662210642ca9e2f17135f7a66db7f250f7f7bc6d9b3e3475b19d375389bcf6d1979c9a58a21cc866543ad80ab0e9641158290b7f6a9e1d0aad1635c730ab4,Australian English,australia,"For information on winning strategy, see ""The Schnapsen Log"" and ""Winning Schnapsen"".",FOR INFORMATION ON WINNING STRATEGY SEE THE SCHNAPSEN LOG AND WINNING SCHNAPSEN,ade0ca16722df2c5732614313b907b21eeb114dd36591f45e9253a44dc6c2df6
wav2vec2_large_robust,dsuta,148,stage5ext_00593,771662210642ca9e2f17135f7a66db7f250f7f7bc6d9b3e3475b19d375389bcf6d1979c9a58a21cc866543ad80ab0e9641158290b7f6a9e1d0aad1635c730ab4,Australian English,australia,The Argentinian government settled the dispute diplomatically with Israel.,THE ARGENTINIAN GOVERNMENT SETTLED THE DISPUTE DIPLOMATICALLY WITH ISRAEL,ae139f0684f9c60aa73d6324874512646338a012f3e1e96845eed386d82ada90
wav2vec2_large_robust,dsuta,148,stage5ext_00594,771662210642ca9e2f17135f7a66db7f250f7f7bc6d9b3e3475b19d375389bcf6d1979c9a58a21cc866543ad80ab0e9641158290b7f6a9e1d0aad1635c730ab4,Australian English,australia,So he decides to put another dog to sleep.,SO HE DECIDES TO PUT ANOTHER DOG TO SLEEP,ae139f0684f9c60aa73d6324874512646338a012f3e1e96845eed386d82ada90
wav2vec2_large_robust,dsuta,148,stage5ext_00595,771662210642ca9e2f17135f7a66db7f250f7f7bc6d9b3e3475b19d375389bcf6d1979c9a58a21cc866543ad80ab0e9641158290b7f6a9e1d0aad1635c730ab4,Australian English,australia,"Since that time, the pavilion has been used for seasonal special events.",SINCE THAT TIME THE PAVILION HAS BEEN USED FOR SEASONAL SPECIAL EVENTS,ae139f0684f9c60aa73d6324874512646338a012f3e1e96845eed386d82ada90
wav2vec2_large_robust,dsuta,148,stage5ext_00596,771662210642ca9e2f17135f7a66db7f250f7f7bc6d9b3e3475b19d375389bcf6d1979c9a58a21cc866543ad80ab0e9641158290b7f6a9e1d0aad1635c730ab4,Australian English,australia,"Zaxxon spawned an arcade sequel: ""Super Zaxxon"".",ZAXON SPAWNED AN ARCADE SEQUEL SUPER ZAXON,ae139f0684f9c60aa73d6324874512646338a012f3e1e96845eed386d82ada90
wav2vec2_large_robust,dsuta,149,stage5ext_00597,771662210642ca9e2f17135f7a66db7f250f7f7bc6d9b3e3475b19d375389bcf6d1979c9a58a21cc866543ad80ab0e9641158290b7f6a9e1d0aad1635c730ab4,Australian English,australia,"He was a reserve officer, nervous, energetic, and enthusiastic.",HE WAS A RESERVE OFFICER NERVOUS ENERGETIC AND ENTHUSIASTIC,19cf0e4fa25543fde7efb9634daaaac7c7e776310476e36d2526c07bf785a95b
wav2vec2_large_robust,dsuta,149,stage5ext_00598,771662210642ca9e2f17135f7a66db7f250f7f7bc6d9b3e3475b19d375389bcf6d1979c9a58a21cc866543ad80ab0e9641158290b7f6a9e1d0aad1635c730ab4,Australian English,australia,"Welaras are used mainly in English riding, especially in hunter classes.",BELLARUS ARE USED MAINLY IN ENGLISH WRIDING ESPECIALLY IN HUNTER CLASSES,19cf0e4fa25543fde7efb9634daaaac7c7e776310476e36d2526c07bf785a95b
wav2vec2_large_robust,dsuta,149,stage5ext_00599,771662210642ca9e2f17135f7a66db7f250f7f7bc6d9b3e3475b19d375389bcf6d1979c9a58a21cc866543ad80ab0e9641158290b7f6a9e1d0aad1635c730ab4,Australian English,australia,Tirumala will be flooded with devotes to witness this occasion.,TIRUMOLA WILL BE FLOODED WITH DEVOTEES TO WITNESS THIS OCCASION,19cf0e4fa25543fde7efb9634daaaac7c7e776310476e36d2526c07bf785a95b
wav2vec2_large_robust,dsuta,149,stage5ext_00600,771662210642ca9e2f17135f7a66db7f250f7f7bc6d9b3e3475b19d375389bcf6d1979c9a58a21cc866543ad80ab0e9641158290b7f6a9e1d0aad1635c730ab4,Australian English,australia,"He has also advised political organisations of various stripes, colours and nationalities.",HE HAS ALSO ADVISED POLITICAL ORGANIZATIONS OF VARIOUS STRIPES COLORS AND NATIONALITIES,19cf0e4fa25543fde7efb9634daaaac7c7e776310476e36d2526c07bf785a95b
wav2vec2_large_robust,dsuta,150,stage5ext_00601,3dadaf13c9f244c187466942367d1da68cf1ba3fd4c5a5b27614964bc19565e566d5daea151b505599991d84b7d5faf8db2afc26f992b1bb7b99004b1f5b36f7,Canadian English,canada,"Its main base was Moorabbin Airport, Melbourne.",ITS MAIN BASE WAS MURADIN AIRPORT MELBURN,577e07099f3fddc9f89467e5d2f1cfe37f48d53f56facf32ec82b2ccb615caa0
wav2vec2_large_robust,dsuta,150,stage5ext_00602,3dadaf13c9f244c187466942367d1da68cf1ba3fd4c5a5b27614964bc19565e566d5daea151b505599991d84b7d5faf8db2afc26f992b1bb7b99004b1f5b36f7,Canadian English,canada,"Pioneer Memorial Park in Norton Saint, Leichhardt, has gardens and paths for passive recreation.",PIONEER MEMORIAL PARK IN NORDEN SAINT LETCHHAR HAS GARDENS AND PATHS FOR PASSIVE RECREATION,577e07099f3fddc9f89467e5d2f1cfe37f48d53f56facf32ec82b2ccb615caa0
wav2vec2_large_robust,dsuta,150,stage5ext_00603,3dadaf13c9f244c187466942367d1da68cf1ba3fd4c5a5b27614964bc19565e566d5daea151b505599991d84b7d5faf8db2afc26f992b1bb7b99004b1f5b36f7,Canadian English,canada,"Later, the costs for the scholarship ballooned substantially.",LATER THE COST FOR THE SCHOLARSHIP BALLOONED SUBSTANTIALLY,577e07099f3fddc9f89467e5d2f1cfe37f48d53f56facf32ec82b2ccb615caa0
wav2vec2_large_robust,dsuta,150,stage5ext_00604,3dadaf13c9f244c187466942367d1da68cf1ba3fd4c5a5b27614964bc19565e566d5daea151b505599991d84b7d5faf8db2afc26f992b1bb7b99004b1f5b36f7,Canadian English,canada,"However, fourths become important later in the opera, especially in the melodic development.",HOWEVER FORCE BECOME IMPORTANT LATER IN THE OPERA ESPECIALLY IN THE MELODIC DEVELOPMENT,577e07099f3fddc9f89467e5d2f1cfe37f48d53f56facf32ec82b2ccb615caa0
wav2vec2_large_robust,dsuta,151,stage5ext_00605,3dadaf13c9f244c187466942367d1da68cf1ba3fd4c5a5b27614964bc19565e566d5daea151b505599991d84b7d5faf8db2afc26f992b1bb7b99004b1f5b36f7,Canadian English,canada,"If one server fails, client connections can be re-directed to another server.",IF ONE SERVER FAILS CLIENT CONNEXTIONS CAN BE REDIRECTED TO ANOTHER SERVER,47fe1b0f7fa95a57d64d2be3b4621118d65469c45b2b7633553dc1291633a0f7
wav2vec2_large_robust,dsuta,151,stage5ext_00606,3dadaf13c9f244c187466942367d1da68cf1ba3fd4c5a5b27614964bc19565e566d5daea151b505599991d84b7d5faf8db2afc26f992b1bb7b99004b1f5b36f7,Canadian English,canada,Kailash taken by Martin Gray.,KAY LOSH TAKEN BY MARTIN GREY,47fe1b0f7fa95a57d64d2be3b4621118d65469c45b2b7633553dc1291633a0f7
wav2vec2_large_robust,dsuta,151,stage5ext_00607,3dadaf13c9f244c187466942367d1da68cf1ba3fd4c5a5b27614964bc19565e566d5daea151b505599991d84b7d5faf8db2afc26f992b1bb7b99004b1f5b36f7,Canadian English,canada,"Geographically, it is situated in the central-most region of the state.",GEOGRAPHICALLY IT IS SITUATED IN THE CENTRALMOST REGION OF THE STATE,47fe1b0f7fa95a57d64d2be3b4621118d65469c45b2b7633553dc1291633a0f7
wav2vec2_large_robust,dsuta,151,stage5ext_00608,3dadaf13c9f244c187466942367d1da68cf1ba3fd4c5a5b27614964bc19565e566d5daea151b505599991d84b7d5faf8db2afc26f992b1bb7b99004b1f5b36f7,Canadian English,canada,"The meaning of Pinjar is unknown, but could be ""tadpole"" or ""swampy lake"".",THE MEANING OF PINJAR IS UNKNOWN BUT COULD BE TADPOOL OR SWAMPY LAKE,47fe1b0f7fa95a57d64d2be3b4621118d65469c45b2b7633553dc1291633a0f7
wav2vec2_large_robust,dsuta,152,stage5ext_00609,3dadaf13c9f244c187466942367d1da68cf1ba3fd4c5a5b27614964bc19565e566d5daea151b505599991d84b7d5faf8db2afc26f992b1bb7b99004b1f5b36f7,Canadian English,canada,There are also regular buses connecting from Mozarts Plads to the city centre.,THERE ARE ALSO REGULAR BUSSES CONNECTING FROM BOSARTS PLADS TO THE CITY CENTRE,3d9ea65dddc35d2c531835ddc666d9fbc2b3e3bd76d89fb12a2a716dfdd43ee3
wav2vec2_large_robust,dsuta,152,stage5ext_00610,3dadaf13c9f244c187466942367d1da68cf1ba3fd4c5a5b27614964bc19565e566d5daea151b505599991d84b7d5faf8db2afc26f992b1bb7b99004b1f5b36f7,Canadian English,canada,Protein methylation has been most studied in the histones.,PROTINE METHOLATION HAS BEEN MOST STUDIED IN THE MHISTONS,3d9ea65dddc35d2c531835ddc666d9fbc2b3e3bd76d89fb12a2a716dfdd43ee3
wav2vec2_large_robust,dsuta,152,stage5ext_00611,3dadaf13c9f244c187466942367d1da68cf1ba3fd4c5a5b27614964bc19565e566d5daea151b505599991d84b7d5faf8db2afc26f992b1bb7b99004b1f5b36f7,Canadian English,canada,"The spacewalkers received assistance from their crewmates inside ""Columbia"".",THESE SPACEWALKERS RECEIVE ASSISTANCE FROM THEIR TRUMATES INSIDE COLUMBIA,3d9ea65dddc35d2c531835ddc666d9fbc2b3e3bd76d89fb12a2a716dfdd43ee3
wav2vec2_large_robust,dsuta,152,stage5ext_00612,3dadaf13c9f244c187466942367d1da68cf1ba3fd4c5a5b27614964bc19565e566d5daea151b505599991d84b7d5faf8db2afc26f992b1bb7b99004b1f5b36f7,Canadian English,canada,Early units were re-built several times by the end of the war.,EARLY UNITS WERE REBUILT SEVERAL TIMES BY THE END OF THE WAR,3d9ea65dddc35d2c531835ddc666d9fbc2b3e3bd76d89fb12a2a716dfdd43ee3
wav2vec2_large_robust,dsuta,153,stage5ext_00613,3dadaf13c9f244c187466942367d1da68cf1ba3fd4c5a5b27614964bc19565e566d5daea151b505599991d84b7d5faf8db2afc26f992b1bb7b99004b1f5b36f7,Canadian English,canada,They are two-stroke cycle and generally carbureted.,THEY ARE TWO STROKED CYCLES AND GENERALLY CARBURATED,592b75b3a8354abaccef04d818215e22711372241e1cad5fb47375e87a9f1fde
wav2vec2_large_robust,dsuta,153,stage5ext_00614,3dadaf13c9f244c187466942367d1da68cf1ba3fd4c5a5b27614964bc19565e566d5daea151b505599991d84b7d5faf8db2afc26f992b1bb7b99004b1f5b36f7,Canadian English,canada,Murphy's clean-living habits off the diamond were frequently noted in the media.,MURPHY''S CLEAN LIVING HABITS OF THE DIAMOND WERE FREQUENTLY NOTED IN THE MEDIA,592b75b3a8354abaccef04d818215e22711372241e1cad5fb47375e87a9f1fde
wav2vec2_large_robust,dsuta,153,stage5ext_00615,3dadaf13c9f244c187466942367d1da68cf1ba3fd4c5a5b27614964bc19565e566d5daea151b505599991d84b7d5faf8db2afc26f992b1bb7b99004b1f5b36f7,Canadian English,canada,Sometimes even his authorship has been challenged on the grounds of weak poetic imagination.,SOMETIMES EVEN HIS AUTHORISHIP HAS BEEN CHALLENGED ON THE GROUNDS OF WEAK POETIC IMAGINATION,592b75b3a8354abaccef04d818215e22711372241e1cad5fb47375e87a9f1fde
wav2vec2_large_robust,dsuta,153,stage5ext_00616,7f88fdb59ecec75df8d06d03bc7fc4361b1824c772236491ccd731fb10f14e3cf7b550aaf16a4ef48e695b440eb33ebadf6f080d1c562a2d32c0a2a52bfae9e2,Canadian English,canada,"The dead soldiers were replaced by others, and life went on.",THE DEAD SOLDIERS WERE REPLACED BY OTHERS AND LIFE WENT ON,592b75b3a8354abaccef04d818215e22711372241e1cad5fb47375e87a9f1fde
wav2vec2_large_robust,dsuta,154,stage5ext_00617,7f88fdb59ecec75df8d06d03bc7fc4361b1824c772236491ccd731fb10f14e3cf7b550aaf16a4ef48e695b440eb33ebadf6f080d1c562a2d32c0a2a52bfae9e2,Canadian English,canada,His Internet connection was too slow.,HIS INTERNET CONNECTION WAS TOO SLOW,ea0e937a2d5236607720f6e42b076a480c550a58bb749cbc56826b4f806bac6f
wav2vec2_large_robust,dsuta,154,stage5ext_00618,7f88fdb59ecec75df8d06d03bc7fc4361b1824c772236491ccd731fb10f14e3cf7b550aaf16a4ef48e695b440eb33ebadf6f080d1c562a2d32c0a2a52bfae9e2,Canadian English,canada,"Listen and listen to me very closely, we call them lifts, not elevators.",LISTEN AND LISTEN TO ME VERY CLOSELY WE CALL THEM LIFTS NOT ELEVATORS,ea0e937a2d5236607720f6e42b076a480c550a58bb749cbc56826b4f806bac6f
wav2vec2_large_robust,dsuta,154,stage5ext_00619,7f88fdb59ecec75df8d06d03bc7fc4361b1824c772236491ccd731fb10f14e3cf7b550aaf16a4ef48e695b440eb33ebadf6f080d1c562a2d32c0a2a52bfae9e2,Canadian English,canada,"If you want to contradict what I just said, you will have to provide footnotes.",IF YOU WANT TO CONTRADICT WHAT I JUST SAID YOU WILL HAVE TO PROVIDE FOOTNOTES,ea0e937a2d5236607720f6e42b076a480c550a58bb749cbc56826b4f806bac6f
wav2vec2_large_robust,dsuta,154,stage5ext_00620,7f88fdb59ecec75df8d06d03bc7fc4361b1824c772236491ccd731fb10f14e3cf7b550aaf16a4ef48e695b440eb33ebadf6f080d1c562a2d32c0a2a52bfae9e2,Canadian English,canada,Backface culling is a common trick to accelerate Three-D rendering.,BACKFACE COLOING IS A COMMON TRICK TO ACCELERATE THREE DE RENDERING,ea0e937a2d5236607720f6e42b076a480c550a58bb749cbc56826b4f806bac6f
wav2vec2_large_robust,dsuta,155,stage5ext_00621,7f88fdb59ecec75df8d06d03bc7fc4361b1824c772236491ccd731fb10f14e3cf7b550aaf16a4ef48e695b440eb33ebadf6f080d1c562a2d32c0a2a52bfae9e2,Canadian English,canada,Fatima was more important than his treasure.,FADIMA WAS MORE IMPORTANT THAN HIS TREASURE,04e05dd971d2e9b3deabf18737f970bf012d68dd7342d5f3a0489fccede8daa8
wav2vec2_large_robust,dsuta,155,stage5ext_00622,7f88fdb59ecec75df8d06d03bc7fc4361b1824c772236491ccd731fb10f14e3cf7b550aaf16a4ef48e695b440eb33ebadf6f080d1c562a2d32c0a2a52bfae9e2,Canadian English,canada,But it was not to be.,BUT IT WAS NOT TO BE,04e05dd971d2e9b3deabf18737f970bf012d68dd7342d5f3a0489fccede8daa8
wav2vec2_large_robust,dsuta,155,stage5ext_00623,7f88fdb59ecec75df8d06d03bc7fc4361b1824c772236491ccd731fb10f14e3cf7b550aaf16a4ef48e695b440eb33ebadf6f080d1c562a2d32c0a2a52bfae9e2,Canadian English,canada,Display a list of escape characters.,DISPLAY A LIST OF ESCAPE CHARACTERS,04e05dd971d2e9b3deabf18737f970bf012d68dd7342d5f3a0489fccede8daa8
wav2vec2_large_robust,dsuta,155,stage5ext_00624,7f88fdb59ecec75df8d06d03bc7fc4361b1824c772236491ccd731fb10f14e3cf7b550aaf16a4ef48e695b440eb33ebadf6f080d1c562a2d32c0a2a52bfae9e2,Canadian English,canada,The Englishman had several suitcases filled with books.,THE ENGLISHMAN HAD SEVERAL SUIT CASES FILLED WITH BOOKS,04e05dd971d2e9b3deabf18737f970bf012d68dd7342d5f3a0489fccede8daa8
wav2vec2_large_robust,dsuta,156,stage5ext_00625,7f88fdb59ecec75df8d06d03bc7fc4361b1824c772236491ccd731fb10f14e3cf7b550aaf16a4ef48e695b440eb33ebadf6f080d1c562a2d32c0a2a52bfae9e2,Canadian English,canada,He just got a new kite for his birthday.,HE JUST GOT A NEW COAT FOR HIS BIRTHDAY,e7b6d57359d1bac5be1490d713f5306dcf9d447edba17e4461ef8abdf8e41395
wav2vec2_large_robust,dsuta,156,stage5ext_00626,7f88fdb59ecec75df8d06d03bc7fc4361b1824c772236491ccd731fb10f14e3cf7b550aaf16a4ef48e695b440eb33ebadf6f080d1c562a2d32c0a2a52bfae9e2,Canadian English,canada,"Well, it's a long list.",WELL IT'S A LONG LIST,e7b6d57359d1bac5be1490d713f5306dcf9d447edba17e4461ef8abdf8e41395
wav2vec2_large_robust,dsuta,156,stage5ext_00627,7f88fdb59ecec75df8d06d03bc7fc4361b1824c772236491ccd731fb10f14e3cf7b550aaf16a4ef48e695b440eb33ebadf6f080d1c562a2d32c0a2a52bfae9e2,Canadian English,canada,"One day, the earth began to tremble, and the Nile overflowed its banks.",ONE DAY THE EARTH BEGAN TO TREMBLE AND THE NILE OVERFLOWED ITS BANKS,e7b6d57359d1bac5be1490d713f5306dcf9d447edba17e4461ef8abdf8e41395
wav2vec2_large_robust,dsuta,156,stage5ext_00628,7f88fdb59ecec75df8d06d03bc7fc4361b1824c772236491ccd731fb10f14e3cf7b550aaf16a4ef48e695b440eb33ebadf6f080d1c562a2d32c0a2a52bfae9e2,Canadian English,canada,"The waitress was carrying an impressive amount of dinnerware, but then an earthquake occurred and she dropped it all.",THE WAITRESS WAS CARRYING AN IMPRESSIVE AMOUNT OF DINNERWARE BUT THEN AN EARTHQUAKE OCCURRED AND SHE DROPPED IT ALL,e7b6d57359d1bac5be1490d713f5306dcf9d447edba17e4461ef8abdf8e41395
wav2vec2_large_robust,dsuta,157,stage5ext_00629,7f88fdb59ecec75df8d06d03bc7fc4361b1824c772236491ccd731fb10f14e3cf7b550aaf16a4ef48e695b440eb33ebadf6f080d1c562a2d32c0a2a52bfae9e2,Canadian English,canada,Johnny Depp is reprising his role for the third time in the new film.,JOHNNY DEP IS REPRISING HIS ROLL FOR THE THIRD TIME IN THE NEW FILM,ba710e83b74ba762e16d9d903a487e0c72cc76c6bb68b5d29d995b982a1f5ec9
wav2vec2_large_robust,dsuta,157,stage5ext_00630,7f88fdb59ecec75df8d06d03bc7fc4361b1824c772236491ccd731fb10f14e3cf7b550aaf16a4ef48e695b440eb33ebadf6f080d1c562a2d32c0a2a52bfae9e2,Canadian English,canada,The insurance policy will expire in twenty-twenty.,THE INSURANCE POLICY WILL EXPIRE IN TWENTY TWENTY,ba710e83b74ba762e16d9d903a487e0c72cc76c6bb68b5d29d995b982a1f5ec9
wav2vec2_large_robust,dsuta,157,stage5ext_00631,c351c258fb7f6fd98e2b6dccc6dcbad5257965c8aceac0c60ba5b390d3e326847e121870153e0c8b87504d77c2d7baab09aef2d54ecdf46d1134d28a49792650,Canadian English,canada,Who says I'm looking for a job?,WHO SAYS I'M LOOKING FOR A JOB,ba710e83b74ba762e16d9d903a487e0c72cc76c6bb68b5d29d995b982a1f5ec9
wav2vec2_large_robust,dsuta,157,stage5ext_00632,c351c258fb7f6fd98e2b6dccc6dcbad5257965c8aceac0c60ba5b390d3e326847e121870153e0c8b87504d77c2d7baab09aef2d54ecdf46d1134d28a49792650,Canadian English,canada,She apparently didn't listen.,SHE APPARENTLY DIDN'T LISTEN,ba710e83b74ba762e16d9d903a487e0c72cc76c6bb68b5d29d995b982a1f5ec9
wav2vec2_large_robust,dsuta,158,stage5ext_00633,c351c258fb7f6fd98e2b6dccc6dcbad5257965c8aceac0c60ba5b390d3e326847e121870153e0c8b87504d77c2d7baab09aef2d54ecdf46d1134d28a49792650,Canadian English,canada,Do you know him?,DO YOU KNOW HIM,8831abc169110b22e5dec380104a4707004d8dd2d5af1a30c26c67799c247ad4
wav2vec2_large_robust,dsuta,158,stage5ext_00634,c351c258fb7f6fd98e2b6dccc6dcbad5257965c8aceac0c60ba5b390d3e326847e121870153e0c8b87504d77c2d7baab09aef2d54ecdf46d1134d28a49792650,Canadian English,canada,That's what I mean.,THAT'S WHAT I MEAN,8831abc169110b22e5dec380104a4707004d8dd2d5af1a30c26c67799c247ad4
wav2vec2_large_robust,dsuta,158,stage5ext_00635,c351c258fb7f6fd98e2b6dccc6dcbad5257965c8aceac0c60ba5b390d3e326847e121870153e0c8b87504d77c2d7baab09aef2d54ecdf46d1134d28a49792650,Canadian English,canada,The rectangle was parallel to the square.,THE RECTANGLE WAS PARALLEL TO THE SQUARE,8831abc169110b22e5dec380104a4707004d8dd2d5af1a30c26c67799c247ad4
wav2vec2_large_robust,dsuta,158,stage5ext_00636,c351c258fb7f6fd98e2b6dccc6dcbad5257965c8aceac0c60ba5b390d3e326847e121870153e0c8b87504d77c2d7baab09aef2d54ecdf46d1134d28a49792650,Canadian English,canada,I wonder what's eating that old money grubbing buzzard anyway?,I WONDER WHAT'S EATING THAT OLD MUNY GRUBBING BUZZARD ANYWAY,8831abc169110b22e5dec380104a4707004d8dd2d5af1a30c26c67799c247ad4
wav2vec2_large_robust,dsuta,159,stage5ext_00637,c351c258fb7f6fd98e2b6dccc6dcbad5257965c8aceac0c60ba5b390d3e326847e121870153e0c8b87504d77c2d7baab09aef2d54ecdf46d1134d28a49792650,Canadian English,canada,She's a wonderful person.,SHE IS A WONDERFUL PERSON,2a6e7f5272037d8051e202cedd4bb422caad1908d112158c568e997a766237fb
wav2vec2_large_robust,dsuta,159,stage5ext_00638,c351c258fb7f6fd98e2b6dccc6dcbad5257965c8aceac0c60ba5b390d3e326847e121870153e0c8b87504d77c2d7baab09aef2d54ecdf46d1134d28a49792650,Canadian English,canada,"It was not clear who had the right of way, since the traffic lights were off.",IT WAS NOT CLEAR WHO HAD THE RIGHT OF WAY SINCE THE TRAFFIC LIGHTS WERE OFF,2a6e7f5272037d8051e202cedd4bb422caad1908d112158c568e997a766237fb
wav2vec2_large_robust,dsuta,159,stage5ext_00639,c351c258fb7f6fd98e2b6dccc6dcbad5257965c8aceac0c60ba5b390d3e326847e121870153e0c8b87504d77c2d7baab09aef2d54ecdf46d1134d28a49792650,Canadian English,canada,Your government is counting on you.,YOUR GOVERNMENT IS COUNTING ON YOU,2a6e7f5272037d8051e202cedd4bb422caad1908d112158c568e997a766237fb
wav2vec2_large_robust,dsuta,159,stage5ext_00640,c351c258fb7f6fd98e2b6dccc6dcbad5257965c8aceac0c60ba5b390d3e326847e121870153e0c8b87504d77c2d7baab09aef2d54ecdf46d1134d28a49792650,Canadian English,canada,Mollie did give her some kind of story.,MOLLI DID GIVE HER SOME KIND OF STORY,2a6e7f5272037d8051e202cedd4bb422caad1908d112158c568e997a766237fb
wav2vec2_large_robust,dsuta,160,stage5ext_00641,c351c258fb7f6fd98e2b6dccc6dcbad5257965c8aceac0c60ba5b390d3e326847e121870153e0c8b87504d77c2d7baab09aef2d54ecdf46d1134d28a49792650,Canadian English,canada,Fresh coffee is much better than the freeze dried stuff.,FRESH COFFEE IS MUCH BETTER THAN THE FREEZE DRIED STUFF,9aa0c19c3969bad209ccca11a7ca60bbb7e6a7c0ec918dd0e6b01872a8948120
wav2vec2_large_robust,dsuta,160,stage5ext_00642,c351c258fb7f6fd98e2b6dccc6dcbad5257965c8aceac0c60ba5b390d3e326847e121870153e0c8b87504d77c2d7baab09aef2d54ecdf46d1134d28a49792650,Canadian English,canada,Sandra read aloud the strange excerpt.,SANDRA READ ALOUD THE STRANGE EXERPT,9aa0c19c3969bad209ccca11a7ca60bbb7e6a7c0ec918dd0e6b01872a8948120
wav2vec2_large_robust,dsuta,160,stage5ext_00643,c351c258fb7f6fd98e2b6dccc6dcbad5257965c8aceac0c60ba5b390d3e326847e121870153e0c8b87504d77c2d7baab09aef2d54ecdf46d1134d28a49792650,Canadian English,canada,Denise hoovered the rug.,DENICE HOOVERED THE RUG,9aa0c19c3969bad209ccca11a7ca60bbb7e6a7c0ec918dd0e6b01872a8948120
wav2vec2_large_robust,dsuta,160,stage5ext_00644,c351c258fb7f6fd98e2b6dccc6dcbad5257965c8aceac0c60ba5b390d3e326847e121870153e0c8b87504d77c2d7baab09aef2d54ecdf46d1134d28a49792650,Canadian English,canada,He fondled his bright orange beard.,HE FONDLED HIS BRIGHT ORANGE BEARD,9aa0c19c3969bad209ccca11a7ca60bbb7e6a7c0ec918dd0e6b01872a8948120
wav2vec2_large_robust,dsuta,161,stage5ext_00645,c351c258fb7f6fd98e2b6dccc6dcbad5257965c8aceac0c60ba5b390d3e326847e121870153e0c8b87504d77c2d7baab09aef2d54ecdf46d1134d28a49792650,Canadian English,canada,I knew you'd wake up sooner or later!,I KNEW YOU'D WAKE UP SOONER OR LATER,7f7eb47c3929679e675d18c61659a8bcf7e2382fae0b0f49265d1c6d16e99d4c
wav2vec2_large_robust,dsuta,161,stage5ext_00646,760d3165d3a07ad90ef4a2b9248bbf4ad9fb43b3d7a518ee594214a8cddc34fa81c1608244500a4e6c4c7a43bcc7aa747d4aaf12ec5ef17ace5bbaaded5a7c73,Canadian English,canada,"Washington Township was named for George Washington, first president of the United States.",WASHINGTON TOWNSHIP WAS NAMED FOR GEORGE WASHINGTON FIRST PRESIDENT OF THE UNITED STATES,7f7eb47c3929679e675d18c61659a8bcf7e2382fae0b0f49265d1c6d16e99d4c
wav2vec2_large_robust,dsuta,161,stage5ext_00647,760d3165d3a07ad90ef4a2b9248bbf4ad9fb43b3d7a518ee594214a8cddc34fa81c1608244500a4e6c4c7a43bcc7aa747d4aaf12ec5ef17ace5bbaaded5a7c73,Canadian English,canada,Mount Berry was named after Berry College founder Martha Berry.,MALTBURY WAS NAMED AFTER BERRY COLLEGE FOUNDER MARTHA BERRY,7f7eb47c3929679e675d18c61659a8bcf7e2382fae0b0f49265d1c6d16e99d4c
wav2vec2_large_robust,dsuta,161,stage5ext_00648,760d3165d3a07ad90ef4a2b9248bbf4ad9fb43b3d7a518ee594214a8cddc34fa81c1608244500a4e6c4c7a43bcc7aa747d4aaf12ec5ef17ace5bbaaded5a7c73,Canadian English,canada,The boys and girls winners go to Birmingham for the Final Four tournament.,THE BOYS AND GIRLS WINNERS GO TO BIRMINGHAM FOR THE FINAL FOUR TOURNAMENT,7f7eb47c3929679e675d18c61659a8bcf7e2382fae0b0f49265d1c6d16e99d4c
wav2vec2_large_robust,dsuta,162,stage5ext_00649,760d3165d3a07ad90ef4a2b9248bbf4ad9fb43b3d7a518ee594214a8cddc34fa81c1608244500a4e6c4c7a43bcc7aa747d4aaf12ec5ef17ace5bbaaded5a7c73,Canadian English,canada,"In the central business district, the main activities include welding, carpentry and masonry.",IN THE CENTRAL BUSINESS DISTRICT THE MAIN ACTIVITIES INCLUDE WILDING CARPENTRY AND MAZONRY,2c40a5233daaca06afdb1067fc7e36e4cb7cee33a48d9eb22c4a11a1e321aa0e
wav2vec2_large_robust,dsuta,162,stage5ext_00650,760d3165d3a07ad90ef4a2b9248bbf4ad9fb43b3d7a518ee594214a8cddc34fa81c1608244500a4e6c4c7a43bcc7aa747d4aaf12ec5ef17ace5bbaaded5a7c73,Canadian English,canada,Drivers pass by Engineer Mountain and Twilight Peak before crossing Coal Bank Pass.,DRAVERS PASSED BY ENGINEER MOUNTAIN IN TWILIGHT PEAK BEFORE CROSSING COAL BANK PASS,2c40a5233daaca06afdb1067fc7e36e4cb7cee33a48d9eb22c4a11a1e321aa0e
wav2vec2_large_robust,dsuta,162,stage5ext_00651,760d3165d3a07ad90ef4a2b9248bbf4ad9fb43b3d7a518ee594214a8cddc34fa81c1608244500a4e6c4c7a43bcc7aa747d4aaf12ec5ef17ace5bbaaded5a7c73,Canadian English,canada,The scope may provide direct visualization or may be attached to a video monitor.,THE SCOPE MAY PROVIDE DIRECT VISUALIZATION OR MAY BE ATTACHED TO A VIDIOMONITOR,2c40a5233daaca06afdb1067fc7e36e4cb7cee33a48d9eb22c4a11a1e321aa0e
wav2vec2_large_robust,dsuta,162,stage5ext_00652,760d3165d3a07ad90ef4a2b9248bbf4ad9fb43b3d7a518ee594214a8cddc34fa81c1608244500a4e6c4c7a43bcc7aa747d4aaf12ec5ef17ace5bbaaded5a7c73,Canadian English,canada,Other scholars refute these arguments-particularly since Josephus describes some Essenes as allowing marriage.,OTHER SCHOLARS REFUTE THESE ARGUMENTS PARTICULARLY SINCE JOSEPHUS DESCRIBES THEM ASSENDS AS ALLOWING MARRIAGE,2c40a5233daaca06afdb1067fc7e36e4cb7cee33a48d9eb22c4a11a1e321aa0e
wav2vec2_large_robust,dsuta,163,stage5ext_00653,760d3165d3a07ad90ef4a2b9248bbf4ad9fb43b3d7a518ee594214a8cddc34fa81c1608244500a4e6c4c7a43bcc7aa747d4aaf12ec5ef17ace5bbaaded5a7c73,Canadian English,canada,"Violence occurs in childhood sexual abuse, date rape, intimate partner violence, and sexual harassment.",VIOLENCE OCCURS IN CHILDHOOD SEXUAL ABUSE DATE RATE INTIMATE PARTNER VIOLENCE AND SEXUAL HARASSMENT,9d8bc99b67824f6698be81fe3179bf227734195acb0e2ac08354ce6ee342b3dc
wav2vec2_large_robust,dsuta,163,stage5ext_00654,760d3165d3a07ad90ef4a2b9248bbf4ad9fb43b3d7a518ee594214a8cddc34fa81c1608244500a4e6c4c7a43bcc7aa747d4aaf12ec5ef17ace5bbaaded5a7c73,Canadian English,canada,Baby later changed his stage name to Birdman after the duo was dissolved.,BABY LATER CHANGED HIS STAGE NAME TO BIRD MAN AFTER THE DUO WAS DISSOLVED,9d8bc99b67824f6698be81fe3179bf227734195acb0e2ac08354ce6ee342b3dc
wav2vec2_large_robust,dsuta,163,stage5ext_00655,760d3165d3a07ad90ef4a2b9248bbf4ad9fb43b3d7a518ee594214a8cddc34fa81c1608244500a4e6c4c7a43bcc7aa747d4aaf12ec5ef17ace5bbaaded5a7c73,Canadian English,canada,Manufacturers of identification badges recognized a market and began advertising in periodicals.,MANUFACTURES OF IDENTIFICATION BADGES RECOGNIZED A MARKET AND BEGAN ADVERTISING IN PERIODICALS,9d8bc99b67824f6698be81fe3179bf227734195acb0e2ac08354ce6ee342b3dc
wav2vec2_large_robust,dsuta,163,stage5ext_00656,760d3165d3a07ad90ef4a2b9248bbf4ad9fb43b3d7a518ee594214a8cddc34fa81c1608244500a4e6c4c7a43bcc7aa747d4aaf12ec5ef17ace5bbaaded5a7c73,Canadian English,canada,Dozens of descriptions of Elizabeth on that day exist with slightly differing details.,DOZENS OF DESCRIPTIONS OF ELIZABETH ON THAT DAY EXIST WITH SLIGHTLY DIFFERRING DETAILS,9d8bc99b67824f6698be81fe3179bf227734195acb0e2ac08354ce6ee342b3dc
wav2vec2_large_robust,dsuta,164,stage5ext_00657,760d3165d3a07ad90ef4a2b9248bbf4ad9fb43b3d7a518ee594214a8cddc34fa81c1608244500a4e6c4c7a43bcc7aa747d4aaf12ec5ef17ace5bbaaded5a7c73,Canadian English,canada,However Victoria didn't develop any games.,HOWEVER VICTORIA DIDN'T DEVELOP ANY GAINS,f590e11857b598a59b808441c345ed7077455f9122ea6531e8b700cc367d0b1d
wav2vec2_large_robust,dsuta,164,stage5ext_00658,760d3165d3a07ad90ef4a2b9248bbf4ad9fb43b3d7a518ee594214a8cddc34fa81c1608244500a4e6c4c7a43bcc7aa747d4aaf12ec5ef17ace5bbaaded5a7c73,Canadian English,canada,"Following Dunkirk, ""Jackal"" returned to the routine of convoy escort and patrols.",FOLLOWING DUNKIRK JACKAL RETURNED TO THE ROUTINE OF CONVOY ESCORT AND PATROLS,f590e11857b598a59b808441c345ed7077455f9122ea6531e8b700cc367d0b1d
wav2vec2_large_robust,dsuta,164,stage5ext_00659,760d3165d3a07ad90ef4a2b9248bbf4ad9fb43b3d7a518ee594214a8cddc34fa81c1608244500a4e6c4c7a43bcc7aa747d4aaf12ec5ef17ace5bbaaded5a7c73,Canadian English,canada,O'Quinn held this role for all three seasons of the series.,OQUIN HELD THIS ROLL FOR ALL THREE SEASONS OF THE SERIES,f590e11857b598a59b808441c345ed7077455f9122ea6531e8b700cc367d0b1d
wav2vec2_large_robust,dsuta,164,stage5ext_00660,760d3165d3a07ad90ef4a2b9248bbf4ad9fb43b3d7a518ee594214a8cddc34fa81c1608244500a4e6c4c7a43bcc7aa747d4aaf12ec5ef17ace5bbaaded5a7c73,Canadian English,canada,Sartene wine is appreciated by wine connoisseurs for its good quality.,SACHIN WINE IS APPRECIATED BY WINE CONISSERS FOR ITS GOOD QUALITY,f590e11857b598a59b808441c345ed7077455f9122ea6531e8b700cc367d0b1d
wav2vec2_large_robust,dsuta,165,stage5ext_00661,591dc19ef324950dafd8ce359e9711f332297ea7ff75da4847f4653c4698cfb4a469db4e15b5ea6b6512eb8f51f1b066477920287c57ae1056528e11c1bd1976,Canadian English,canada,It was returned to Prussia at the end of the war.,IT WAS RETURNED TO PRUSSIA AT THE END OF THE WAR,6ba579a2375e4d0bdbaf4b44a42a8c91e575d0438d10c07beb679d93903e1b33
wav2vec2_large_robust,dsuta,165,stage5ext_00662,591dc19ef324950dafd8ce359e9711f332297ea7ff75da4847f4653c4698cfb4a469db4e15b5ea6b6512eb8f51f1b066477920287c57ae1056528e11c1bd1976,Canadian English,canada,It is now named Longton Exchange.,IT IS NOW NAMED LONGTON EXCHANGE,6ba579a2375e4d0bdbaf4b44a42a8c91e575d0438d10c07beb679d93903e1b33
wav2vec2_large_robust,dsuta,165,stage5ext_00663,591dc19ef324950dafd8ce359e9711f332297ea7ff75da4847f4653c4698cfb4a469db4e15b5ea6b6512eb8f51f1b066477920287c57ae1056528e11c1bd1976,Canadian English,canada,Eddie Antar was eventually charged with a series of crimes.,EDDI ANTER WAS EVENTUALLY CHARGED WITH A SERIES OF CRIMES,6ba579a2375e4d0bdbaf4b44a42a8c91e575d0438d10c07beb679d93903e1b33
wav2vec2_large_robust,dsuta,165,stage5ext_00664,591dc19ef324950dafd8ce359e9711f332297ea7ff75da4847f4653c4698cfb4a469db4e15b5ea6b6512eb8f51f1b066477920287c57ae1056528e11c1bd1976,Canadian English,canada,The monuments built by these Sultans were the first examples of Indo-Islamic Architecture.,THE MONUMENTS BUILT BY THESE SULTANS WERE THE FIRST EXAMPLES OF INDO ISLAMIC ARCHITECTURE,6ba579a2375e4d0bdbaf4b44a42a8c91e575d0438d10c07beb679d93903e1b33
wav2vec2_large_robust,dsuta,166,stage5ext_00665,591dc19ef324950dafd8ce359e9711f332297ea7ff75da4847f4653c4698cfb4a469db4e15b5ea6b6512eb8f51f1b066477920287c57ae1056528e11c1bd1976,Canadian English,canada,"She has two sisters, Laura Norris and Sarah McNeil, and a brother, Andrew McNeil.",SHE HAS TWO SISTERS LAURA NORRIS AND SARAH MC NEEL AND A BROTHER ANDREW MACNEEL,06846662d24f4fad9f85e7ed4a14dbf8c7070662cc95c9e07d2434d9e2e6e5bd
wav2vec2_large_robust,dsuta,166,stage5ext_00666,591dc19ef324950dafd8ce359e9711f332297ea7ff75da4847f4653c4698cfb4a469db4e15b5ea6b6512eb8f51f1b066477920287c57ae1056528e11c1bd1976,Canadian English,canada,"Earthquakes along the fault, and the associated earth movements, have formed the Southern Alps.",EARTHQUAKES ALONG THE FAULT AND THE ASSOCIATED EARTH MOVEMENTS HAVE FORMED THE SOUTHERN ALPS,06846662d24f4fad9f85e7ed4a14dbf8c7070662cc95c9e07d2434d9e2e6e5bd
wav2vec2_large_robust,dsuta,166,stage5ext_00667,591dc19ef324950dafd8ce359e9711f332297ea7ff75da4847f4653c4698cfb4a469db4e15b5ea6b6512eb8f51f1b066477920287c57ae1056528e11c1bd1976,Canadian English,canada,Expression Encoder consists of two editions: A freeware edition and a commercial Pro edition.,EXPRESSION IN CODER CONSISTS OF TWO ADITIONS A FREEWARE EDITION AND A COMMERCIAL PRO ADITION,06846662d24f4fad9f85e7ed4a14dbf8c7070662cc95c9e07d2434d9e2e6e5bd
wav2vec2_large_robust,dsuta,166,stage5ext_00668,591dc19ef324950dafd8ce359e9711f332297ea7ff75da4847f4653c4698cfb4a469db4e15b5ea6b6512eb8f51f1b066477920287c57ae1056528e11c1bd1976,Canadian English,canada,The couple's working relationship became personal and resulted in marriage the following year.,THE COUPLES WORKING RELATIONSHIP BECAME PERSONAL AND RESULTED IN MARRIAGE THE FOLLOWING YEAR,06846662d24f4fad9f85e7ed4a14dbf8c7070662cc95c9e07d2434d9e2e6e5bd
wav2vec2_large_robust,dsuta,167,stage5ext_00669,591dc19ef324950dafd8ce359e9711f332297ea7ff75da4847f4653c4698cfb4a469db4e15b5ea6b6512eb8f51f1b066477920287c57ae1056528e11c1bd1976,Canadian English,canada,"Upon returning to the Mets, his career was reborn.",UPON RETURNING TO THE METZ HIS CAREER WAS REBORN,37f06a0f2f1bb02578d5369e308e40ceb7583f30aa3543d1f31a21fac5fa18ec
wav2vec2_large_robust,dsuta,167,stage5ext_00670,591dc19ef324950dafd8ce359e9711f332297ea7ff75da4847f4653c4698cfb4a469db4e15b5ea6b6512eb8f51f1b066477920287c57ae1056528e11c1bd1976,Canadian English,canada,"She was in the award-winning musical ""Light in the Piazza"" on Broadway.",SHE WAS IN THE AWARD WINNING MUSICAL LIGHT IN THE PIAZZA ON BROADWAY,37f06a0f2f1bb02578d5369e308e40ceb7583f30aa3543d1f31a21fac5fa18ec
wav2vec2_large_robust,dsuta,167,stage5ext_00671,591dc19ef324950dafd8ce359e9711f332297ea7ff75da4847f4653c4698cfb4a469db4e15b5ea6b6512eb8f51f1b066477920287c57ae1056528e11c1bd1976,Canadian English,canada,He then went on to a second career as a car racing driver.,HE THEN WENT ON TO A SECOND CAREER AS A CAR RACING DRIVER,37f06a0f2f1bb02578d5369e308e40ceb7583f30aa3543d1f31a21fac5fa18ec
wav2vec2_large_robust,dsuta,167,stage5ext_00672,591dc19ef324950dafd8ce359e9711f332297ea7ff75da4847f4653c4698cfb4a469db4e15b5ea6b6512eb8f51f1b066477920287c57ae1056528e11c1bd1976,Canadian English,canada,"For Mainz, Joseph Ludwig Colmar was soon appointed as bishop.",FOR MEANS JOSEPH LUDWIG COLMAR WAS SOON APPOINTED AS BISHOP,37f06a0f2f1bb02578d5369e308e40ceb7583f30aa3543d1f31a21fac5fa18ec
wav2vec2_large_robust,dsuta,168,stage5ext_00673,591dc19ef324950dafd8ce359e9711f332297ea7ff75da4847f4653c4698cfb4a469db4e15b5ea6b6512eb8f51f1b066477920287c57ae1056528e11c1bd1976,Canadian English,canada,"He has been nicknamed ""The Man of a Thousand Voices"".",HE HAS BEEN NICKNAMED THE MAN OF A THOUSAND VOICES,cff4f100c3f41be396058798769950b3e6bb88a82952a904476035180c66c396
wav2vec2_large_robust,dsuta,168,stage5ext_00674,591dc19ef324950dafd8ce359e9711f332297ea7ff75da4847f4653c4698cfb4a469db4e15b5ea6b6512eb8f51f1b066477920287c57ae1056528e11c1bd1976,Canadian English,canada,He then teamed up Martin Salkin and Milt Gabler of Decca Records.,HE THEN TEAMED UP MARTIN SALKIN AND MILT GABLER OF DECO RECORDS,cff4f100c3f41be396058798769950b3e6bb88a82952a904476035180c66c396
wav2vec2_large_robust,dsuta,168,stage5ext_00675,591dc19ef324950dafd8ce359e9711f332297ea7ff75da4847f4653c4698cfb4a469db4e15b5ea6b6512eb8f51f1b066477920287c57ae1056528e11c1bd1976,Canadian English,canada,"They became most prominent in the Roman Republic, and continued into the Empire.",THEY BECAME THE MOST PROMINENT IN THE ROMAN REPUBLIC AND CONTINUED INTO THE EMPIRE,cff4f100c3f41be396058798769950b3e6bb88a82952a904476035180c66c396
wav2vec2_large_robust,dsuta,168,stage5ext_00676,87b42e85779256f12cd8467a8790384f4d1ba3aa2c3821b798e151f94702c8fecb77a8f125195bf02e72b9c5cf01c3d6ddda5e6d3aa87b4bc525756a8c2b8807,Canadian English,canada,East-southeast of Boussingault lies the crater Neumayer.,EAST SOUTHEAST OF BUSINGULT LIES THE CRATER NUMIR,cff4f100c3f41be396058798769950b3e6bb88a82952a904476035180c66c396
wav2vec2_large_robust,dsuta,169,stage5ext_00677,87b42e85779256f12cd8467a8790384f4d1ba3aa2c3821b798e151f94702c8fecb77a8f125195bf02e72b9c5cf01c3d6ddda5e6d3aa87b4bc525756a8c2b8807,Canadian English,canada,Recorded at the composer's studio under his supervision.,RECORDED AT THE COMPOSER'S STUDIO UNDER HIS SUPERVISION,652d0bda98611033108dabbcff66ab7a9b5a5d98444486e6229dbbe4701cff1b
wav2vec2_large_robust,dsuta,169,stage5ext_00678,87b42e85779256f12cd8467a8790384f4d1ba3aa2c3821b798e151f94702c8fecb77a8f125195bf02e72b9c5cf01c3d6ddda5e6d3aa87b4bc525756a8c2b8807,Canadian English,canada,Varied versions of the artwork within the album exist.,VARIED VERSIONS OF THE ARTWORK WITHIN THE ALBUM EXIST,652d0bda98611033108dabbcff66ab7a9b5a5d98444486e6229dbbe4701cff1b
wav2vec2_large_robust,dsuta,169,stage5ext_00679,87b42e85779256f12cd8467a8790384f4d1ba3aa2c3821b798e151f94702c8fecb77a8f125195bf02e72b9c5cf01c3d6ddda5e6d3aa87b4bc525756a8c2b8807,Canadian English,canada,"Construction was conducted by Kassel, Germany-based Henschel.",CONSTRUCTION WAS CONDUCTED BY CASL GERMANY BASED HENCHEL,652d0bda98611033108dabbcff66ab7a9b5a5d98444486e6229dbbe4701cff1b
wav2vec2_large_robust,dsuta,169,stage5ext_00680,87b42e85779256f12cd8467a8790384f4d1ba3aa2c3821b798e151f94702c8fecb77a8f125195bf02e72b9c5cf01c3d6ddda5e6d3aa87b4bc525756a8c2b8807,Canadian English,canada,He started reading novels and literature since he just finished the primary school.,HE STARTED READING NOVELS AND LITERATURE SINCE HE JUST FINISHED THE PRIMARY SCHOOL,652d0bda98611033108dabbcff66ab7a9b5a5d98444486e6229dbbe4701cff1b
wav2vec2_large_robust,dsuta,170,stage5ext_00681,87b42e85779256f12cd8467a8790384f4d1ba3aa2c3821b798e151f94702c8fecb77a8f125195bf02e72b9c5cf01c3d6ddda5e6d3aa87b4bc525756a8c2b8807,Canadian English,canada,They won a majority of seats in every province and territory.,THEY WAN A MAJORITY OF SEATS IN EVERY PROVINCE AND TERRITORY,88aacaca74e2660447b7787fee1187aaf089bbc8da0f0164134568196b42a555
wav2vec2_large_robust,dsuta,170,stage5ext_00682,87b42e85779256f12cd8467a8790384f4d1ba3aa2c3821b798e151f94702c8fecb77a8f125195bf02e72b9c5cf01c3d6ddda5e6d3aa87b4bc525756a8c2b8807,Canadian English,canada,Opposed to the more moderate Parchamis were the radical Khalq faction.,OPPOSED TO THE MORE MODERATE PARCHIMETS WERE THE MORE RADICAL CALCFACTION,88aacaca74e2660447b7787fee1187aaf089bbc8da0f0164134568196b42a555
wav2vec2_large_robust,dsuta,170,stage5ext_00683,87b42e85779256f12cd8467a8790384f4d1ba3aa2c3821b798e151f94702c8fecb77a8f125195bf02e72b9c5cf01c3d6ddda5e6d3aa87b4bc525756a8c2b8807,Canadian English,canada,Gyrich is also involved in hunting the Hulk after the events of Onslaught.,GYRICH IS ALSO INVOLVED IN HUNTING THE HULK AFTER THE EVENTS OF ONSLAUGHT,88aacaca74e2660447b7787fee1187aaf089bbc8da0f0164134568196b42a555
wav2vec2_large_robust,dsuta,170,stage5ext_00684,87b42e85779256f12cd8467a8790384f4d1ba3aa2c3821b798e151f94702c8fecb77a8f125195bf02e72b9c5cf01c3d6ddda5e6d3aa87b4bc525756a8c2b8807,Canadian English,canada,It was also hosted by the team of Rich Landrum and Johnny Weaver.,IT WAS ALSO HOSTED BY THE TEAM OF RICH LANDRUM AND JOHNNIE WEAVER,88aacaca74e2660447b7787fee1187aaf089bbc8da0f0164134568196b42a555
wav2vec2_large_robust,dsuta,171,stage5ext_00685,87b42e85779256f12cd8467a8790384f4d1ba3aa2c3821b798e151f94702c8fecb77a8f125195bf02e72b9c5cf01c3d6ddda5e6d3aa87b4bc525756a8c2b8807,Canadian English,canada,"His cause for canonization was introduced by his religious order, the Basilian Alepian Order.",HIS CAUSE FOR CANONIZATION WAS INTRODUCED BY HIS RELIGIOUS ORDER THE BAZILIAN ELYPIAN ORDER,cc8ccb91b5ccd9bb22f3f562ddcd54901d2b73e37d1d2827eb0ace67f2f042d5
wav2vec2_large_robust,dsuta,171,stage5ext_00686,87b42e85779256f12cd8467a8790384f4d1ba3aa2c3821b798e151f94702c8fecb77a8f125195bf02e72b9c5cf01c3d6ddda5e6d3aa87b4bc525756a8c2b8807,Canadian English,canada,"Terminals can be attacked and disabled, but not destroyed.",TERMINALS CAN BE ATTACKED AND DISABLED BUT NOT DESTROYED,cc8ccb91b5ccd9bb22f3f562ddcd54901d2b73e37d1d2827eb0ace67f2f042d5
wav2vec2_large_robust,dsuta,171,stage5ext_00687,87b42e85779256f12cd8467a8790384f4d1ba3aa2c3821b798e151f94702c8fecb77a8f125195bf02e72b9c5cf01c3d6ddda5e6d3aa87b4bc525756a8c2b8807,Canadian English,canada,They're going to see this as an historic time.,THEY'RE GOING TO SEE THIS AS A HISTORIC TIME,cc8ccb91b5ccd9bb22f3f562ddcd54901d2b73e37d1d2827eb0ace67f2f042d5
wav2vec2_large_robust,dsuta,171,stage5ext_00688,87b42e85779256f12cd8467a8790384f4d1ba3aa2c3821b798e151f94702c8fecb77a8f125195bf02e72b9c5cf01c3d6ddda5e6d3aa87b4bc525756a8c2b8807,Canadian English,canada,"Due to his high penance, Lord murugan appeared like snake to him.",DUE TO HIS HIGH PENANCE LORD MURAGAN APEARED LIKE SNAPE TO HIM,cc8ccb91b5ccd9bb22f3f562ddcd54901d2b73e37d1d2827eb0ace67f2f042d5
wav2vec2_large_robust,dsuta,172,stage5ext_00689,87b42e85779256f12cd8467a8790384f4d1ba3aa2c3821b798e151f94702c8fecb77a8f125195bf02e72b9c5cf01c3d6ddda5e6d3aa87b4bc525756a8c2b8807,Canadian English,canada,Consumption soon returned to normal however.,CONSUMPTION SOON RETURNED TO NORMAL HOWEVER,631c66c085713c0a67c33d3296ab427bfd6d61d004ed9f78ccbbcfb377977e94
wav2vec2_large_robust,dsuta,172,stage5ext_00690,87b42e85779256f12cd8467a8790384f4d1ba3aa2c3821b798e151f94702c8fecb77a8f125195bf02e72b9c5cf01c3d6ddda5e6d3aa87b4bc525756a8c2b8807,Canadian English,canada,"Alva was featured in the video game, ""Tony Hawk's American Wasteland"".",ALVA WAS FEATURED IN THE WINDOW GATE TONY HAWKS AMERICAN WASTELAND,631c66c085713c0a67c33d3296ab427bfd6d61d004ed9f78ccbbcfb377977e94
wav2vec2_large_robust,dsuta,172,stage5ext_00691,1bda50a4a88d77a1bc592a14e21c501410d6db026449e39808be8fdf0a370dcc6adb09567d53480b5796f2560267441eafe3faf65ae56ae50502479cbab97242,Canadian English,canada,"They found all sorts of drugs at Howard's house: Cocaine, meth, heroine...",THEY FOUND ALL SORTS OF DRUGS AT HOWARD'S HOUSE COQANE MTH HEROINE,631c66c085713c0a67c33d3296ab427bfd6d61d004ed9f78ccbbcfb377977e94
wav2vec2_large_robust,dsuta,172,stage5ext_00692,1bda50a4a88d77a1bc592a14e21c501410d6db026449e39808be8fdf0a370dcc6adb09567d53480b5796f2560267441eafe3faf65ae56ae50502479cbab97242,Canadian English,canada,"Sure, I will be right back.",SURE I'LL BE RIGHT BUT,631c66c085713c0a67c33d3296ab427bfd6d61d004ed9f78ccbbcfb377977e94
wav2vec2_large_robust,dsuta,173,stage5ext_00693,1bda50a4a88d77a1bc592a14e21c501410d6db026449e39808be8fdf0a370dcc6adb09567d53480b5796f2560267441eafe3faf65ae56ae50502479cbab97242,Canadian English,canada,"When he got the call, Ali ran out of the store, down the street, and into the car.",WHEN HE GOT TO CALL ALI RAN OUT OF THE STORE DOWN THE STREET AND INTO THE CAR,4d037ba595a72f152a0a3bd3d818f0511a4042cf2ef1f2dfe35095868ff4878e
wav2vec2_large_robust,dsuta,173,stage5ext_00694,1bda50a4a88d77a1bc592a14e21c501410d6db026449e39808be8fdf0a370dcc6adb09567d53480b5796f2560267441eafe3faf65ae56ae50502479cbab97242,Canadian English,canada,"As they began to decorate the hallway, a silhouette appeared in the doorway.",AS THEY BEGAN TO DECORATE THE HALWAY A SILOUETT APPEARED IN THE DOORWAY,4d037ba595a72f152a0a3bd3d818f0511a4042cf2ef1f2dfe35095868ff4878e
wav2vec2_large_robust,dsuta,173,stage5ext_00695,1bda50a4a88d77a1bc592a14e21c501410d6db026449e39808be8fdf0a370dcc6adb09567d53480b5796f2560267441eafe3faf65ae56ae50502479cbab97242,Canadian English,canada,"Roaming endlessly around the park, she wants to go home.",ROAMING ENDLESSLY AROUND THE PARK SHE WANTS TO GO HOME,4d037ba595a72f152a0a3bd3d818f0511a4042cf2ef1f2dfe35095868ff4878e
wav2vec2_large_robust,dsuta,173,stage5ext_00696,1bda50a4a88d77a1bc592a14e21c501410d6db026449e39808be8fdf0a370dcc6adb09567d53480b5796f2560267441eafe3faf65ae56ae50502479cbab97242,Canadian English,canada,"Hooray, we're going to Alaska!",HURAY WE'RE GOING TO ALASKA,4d037ba595a72f152a0a3bd3d818f0511a4042cf2ef1f2dfe35095868ff4878e
wav2vec2_large_robust,dsuta,174,stage5ext_00697,1bda50a4a88d77a1bc592a14e21c501410d6db026449e39808be8fdf0a370dcc6adb09567d53480b5796f2560267441eafe3faf65ae56ae50502479cbab97242,Canadian English,canada,"In the discotheque, the DJ played progressive house music and trance.",IN THE DISCOTEC THE D J PLAYED PROGRESSIVE HOUSE MUSIC AND TRANCE,ec0fc870c0dc0ea8b9a306e1af434ae1b0aa21b65fe461965d5f75927724bbeb
wav2vec2_large_robust,dsuta,174,stage5ext_00698,1bda50a4a88d77a1bc592a14e21c501410d6db026449e39808be8fdf0a370dcc6adb09567d53480b5796f2560267441eafe3faf65ae56ae50502479cbab97242,Canadian English,canada,Susan is an artist who lives in Vermont.,SUSAN IS AN ARTIST WHO LIVES IN VERMONT,ec0fc870c0dc0ea8b9a306e1af434ae1b0aa21b65fe461965d5f75927724bbeb
wav2vec2_large_robust,dsuta,174,stage5ext_00699,1bda50a4a88d77a1bc592a14e21c501410d6db026449e39808be8fdf0a370dcc6adb09567d53480b5796f2560267441eafe3faf65ae56ae50502479cbab97242,Canadian English,canada,What is the matter with you?,WHAT IS THE MATTER WITH YOU,ec0fc870c0dc0ea8b9a306e1af434ae1b0aa21b65fe461965d5f75927724bbeb
wav2vec2_large_robust,dsuta,174,stage5ext_00700,1bda50a4a88d77a1bc592a14e21c501410d6db026449e39808be8fdf0a370dcc6adb09567d53480b5796f2560267441eafe3faf65ae56ae50502479cbab97242,Canadian English,canada,"She is a very smart lady, and I think she can figure it out.",SHE IS A VERY SMART LADY AND I THINK SHE CAN FIGURE IT OUT,ec0fc870c0dc0ea8b9a306e1af434ae1b0aa21b65fe461965d5f75927724bbeb
wav2vec2_large_robust,dsuta,175,stage5ext_00701,1bda50a4a88d77a1bc592a14e21c501410d6db026449e39808be8fdf0a370dcc6adb09567d53480b5796f2560267441eafe3faf65ae56ae50502479cbab97242,Canadian English,canada,"Astronomy might be complicated, but it's not rocket science.",ASTRONOMY MIGHT BE COMPLICATED BUT IT'S NOT ROCKET SCIENCE,1b3851b0ac36c2aac29313b6e9f00498b4145d33ae511e7a3f3b3f83ef3aa9ca
wav2vec2_large_robust,dsuta,175,stage5ext_00702,1bda50a4a88d77a1bc592a14e21c501410d6db026449e39808be8fdf0a370dcc6adb09567d53480b5796f2560267441eafe3faf65ae56ae50502479cbab97242,Canadian English,canada,"Angela is pregnant, she told me.",ANGELA IS PREGNANT SHE TOLD ME,1b3851b0ac36c2aac29313b6e9f00498b4145d33ae511e7a3f3b3f83ef3aa9ca
wav2vec2_large_robust,dsuta,175,stage5ext_00703,1bda50a4a88d77a1bc592a14e21c501410d6db026449e39808be8fdf0a370dcc6adb09567d53480b5796f2560267441eafe3faf65ae56ae50502479cbab97242,Canadian English,canada,"The diver forced open the oyster, revealing a shimmering pearl.",THE DIVER FORCED OPEN THE OYSTER REVEALING A SHIMMERING PEARL,1b3851b0ac36c2aac29313b6e9f00498b4145d33ae511e7a3f3b3f83ef3aa9ca
wav2vec2_large_robust,dsuta,175,stage5ext_00704,1bda50a4a88d77a1bc592a14e21c501410d6db026449e39808be8fdf0a370dcc6adb09567d53480b5796f2560267441eafe3faf65ae56ae50502479cbab97242,Canadian English,canada,"Salmon is one of the most popular fish and very delicious, though usually not sustainable.",SALMON IS ONE OF THE MOST POPULAR FISH AND VERY DELICIOUS THOUGH USUALLY NOT SUSTAINABLE,1b3851b0ac36c2aac29313b6e9f00498b4145d33ae511e7a3f3b3f83ef3aa9ca
wav2vec2_large_robust,dsuta,176,stage5ext_00705,1bda50a4a88d77a1bc592a14e21c501410d6db026449e39808be8fdf0a370dcc6adb09567d53480b5796f2560267441eafe3faf65ae56ae50502479cbab97242,Canadian English,canada,"This pepperoni tastes off, she said.",THUS PAPARONI TASTES OFF SHE SAID,ec5aa1ef79ccba54186265863b672798ec9bc3038f14c2531a78cdfbc64fee9a
wav2vec2_large_robust,dsuta,176,stage5ext_00706,3609f33a23ed07b4e369020bc8bfcb519c8e108d2510cda5649a103fb8e4c9a120753d04b1cfbf9d5ebca2b2674d1f16d7269aa4d619254315923f04a0e8872a,Canadian English,canada,You might as well play Russian roulette.,YOU MIGHT AS WELL PLAY RUSSIAN RULETT,ec5aa1ef79ccba54186265863b672798ec9bc3038f14c2531a78cdfbc64fee9a
wav2vec2_large_robust,dsuta,176,stage5ext_00707,3609f33a23ed07b4e369020bc8bfcb519c8e108d2510cda5649a103fb8e4c9a120753d04b1cfbf9d5ebca2b2674d1f16d7269aa4d619254315923f04a0e8872a,Canadian English,canada,We are going to the football game tonight.,WE ARE GOING TO THE FOOTBALL GAME TO NIGHT,ec5aa1ef79ccba54186265863b672798ec9bc3038f14c2531a78cdfbc64fee9a
wav2vec2_large_robust,dsuta,176,stage5ext_00708,3609f33a23ed07b4e369020bc8bfcb519c8e108d2510cda5649a103fb8e4c9a120753d04b1cfbf9d5ebca2b2674d1f16d7269aa4d619254315923f04a0e8872a,Canadian English,canada,Send the stuff in a thick paper bag.,SEND THE STUFF IN A THICK PAPER BAG,ec5aa1ef79ccba54186265863b672798ec9bc3038f14c2531a78cdfbc64fee9a
wav2vec2_large_robust,dsuta,177,stage5ext_00709,3609f33a23ed07b4e369020bc8bfcb519c8e108d2510cda5649a103fb8e4c9a120753d04b1cfbf9d5ebca2b2674d1f16d7269aa4d619254315923f04a0e8872a,Canadian English,canada,The early bird catches the worm.,THE EARLY BIRD CATCHES THE WORM,24249d7d5ec7145dae9c3ed9b5a964a750e9c5296003ff272caa5c6b9cdede15
wav2vec2_large_robust,dsuta,177,stage5ext_00710,3609f33a23ed07b4e369020bc8bfcb519c8e108d2510cda5649a103fb8e4c9a120753d04b1cfbf9d5ebca2b2674d1f16d7269aa4d619254315923f04a0e8872a,Canadian English,canada,A toad and a frog are hard to tell apart.,A TOAD AND A FROG ARE HARD TO TELL APART,24249d7d5ec7145dae9c3ed9b5a964a750e9c5296003ff272caa5c6b9cdede15
wav2vec2_large_robust,dsuta,177,stage5ext_00711,3609f33a23ed07b4e369020bc8bfcb519c8e108d2510cda5649a103fb8e4c9a120753d04b1cfbf9d5ebca2b2674d1f16d7269aa4d619254315923f04a0e8872a,Canadian English,canada,William ran down the street.,WILLIAM RAN DOWN THE STREET,24249d7d5ec7145dae9c3ed9b5a964a750e9c5296003ff272caa5c6b9cdede15
wav2vec2_large_robust,dsuta,177,stage5ext_00712,3609f33a23ed07b4e369020bc8bfcb519c8e108d2510cda5649a103fb8e4c9a120753d04b1cfbf9d5ebca2b2674d1f16d7269aa4d619254315923f04a0e8872a,Canadian English,canada,But it was not to be.,BUT IT WAS NOT TO BE,24249d7d5ec7145dae9c3ed9b5a964a750e9c5296003ff272caa5c6b9cdede15
wav2vec2_large_robust,dsuta,178,stage5ext_00713,3609f33a23ed07b4e369020bc8bfcb519c8e108d2510cda5649a103fb8e4c9a120753d04b1cfbf9d5ebca2b2674d1f16d7269aa4d619254315923f04a0e8872a,Canadian English,canada,Add the sum to the product of these three.,ADD THE SUM TO THE PRODUCT OF THESE THREE,8b170c0dc5834430cc2b41d43a461375222d31affd4e7f23351215cab888c5cf
wav2vec2_large_robust,dsuta,178,stage5ext_00714,3609f33a23ed07b4e369020bc8bfcb519c8e108d2510cda5649a103fb8e4c9a120753d04b1cfbf9d5ebca2b2674d1f16d7269aa4d619254315923f04a0e8872a,Canadian English,canada,Birds of a feather flock – together.,BIRDS OF A FEATHER FLOCK TOGETHER,8b170c0dc5834430cc2b41d43a461375222d31affd4e7f23351215cab888c5cf
wav2vec2_large_robust,dsuta,178,stage5ext_00715,3609f33a23ed07b4e369020bc8bfcb519c8e108d2510cda5649a103fb8e4c9a120753d04b1cfbf9d5ebca2b2674d1f16d7269aa4d619254315923f04a0e8872a,Canadian English,canada,It was raised from everyone who entered the city during the celebration period.,IT WAS RAISED FROM EVERYONE WHO ENTERED THE CITY DURING THE CELEBRATION PERIOD,8b170c0dc5834430cc2b41d43a461375222d31affd4e7f23351215cab888c5cf
wav2vec2_large_robust,dsuta,178,stage5ext_00716,3609f33a23ed07b4e369020bc8bfcb519c8e108d2510cda5649a103fb8e4c9a120753d04b1cfbf9d5ebca2b2674d1f16d7269aa4d619254315923f04a0e8872a,Canadian English,canada,A zestful food is the hot-cross bun.,A ZESTFUL FOOD IS THE HO CROSS BON,8b170c0dc5834430cc2b41d43a461375222d31affd4e7f23351215cab888c5cf
wav2vec2_large_robust,dsuta,179,stage5ext_00717,3609f33a23ed07b4e369020bc8bfcb519c8e108d2510cda5649a103fb8e4c9a120753d04b1cfbf9d5ebca2b2674d1f16d7269aa4d619254315923f04a0e8872a,Canadian English,canada,Just as I thought!,JUST AS I THOUGHT,cfe481ea44bd2fb0e8180bbbea5451a18a1f9757870a1c12670c43f318f751e1
wav2vec2_large_robust,dsuta,179,stage5ext_00718,3609f33a23ed07b4e369020bc8bfcb519c8e108d2510cda5649a103fb8e4c9a120753d04b1cfbf9d5ebca2b2674d1f16d7269aa4d619254315923f04a0e8872a,Canadian English,canada,Each penny shone like new.,EACH PENNY SHONE LIKE NEW,cfe481ea44bd2fb0e8180bbbea5451a18a1f9757870a1c12670c43f318f751e1
wav2vec2_large_robust,dsuta,179,stage5ext_00719,3609f33a23ed07b4e369020bc8bfcb519c8e108d2510cda5649a103fb8e4c9a120753d04b1cfbf9d5ebca2b2674d1f16d7269aa4d619254315923f04a0e8872a,Canadian English,canada,Does that suit you?,DOES THAT SUIT YOU,cfe481ea44bd2fb0e8180bbbea5451a18a1f9757870a1c12670c43f318f751e1
wav2vec2_large_robust,dsuta,179,stage5ext_00720,3609f33a23ed07b4e369020bc8bfcb519c8e108d2510cda5649a103fb8e4c9a120753d04b1cfbf9d5ebca2b2674d1f16d7269aa4d619254315923f04a0e8872a,Canadian English,canada,You may whistle for it.,YOU MAY WHISTLE FOR IT,cfe481ea44bd2fb0e8180bbbea5451a18a1f9757870a1c12670c43f318f751e1
wav2vec2_large_robust,dsuta,180,stage5ext_00721,b93abbafef94b7d98a7356f6312da390c93f78376374ceb597ee3d26425dc05d7b3fe7fc290b835365c2ba77cf232a93597f059b5a2aaa5c715299a8614492e4,Canadian English,canada,"After leaving politics, Clement has held various paid and unpaid positions.",AFTER LEAVING POLITICS CLEMENT HAS HELD VARIOUS PAID AND UNPAID POSITIONS,c912fbc7301fcdbf76f0d68e9b9bac3823c3eac1b97e5a967b948abcd9d7c439
wav2vec2_large_robust,dsuta,180,stage5ext_00722,b93abbafef94b7d98a7356f6312da390c93f78376374ceb597ee3d26425dc05d7b3fe7fc290b835365c2ba77cf232a93597f059b5a2aaa5c715299a8614492e4,Canadian English,canada,The same thing can happen to the player's bike.,THE SAME THING CAN HAPPEN TO THE PLAYERS SPIKE,c912fbc7301fcdbf76f0d68e9b9bac3823c3eac1b97e5a967b948abcd9d7c439
wav2vec2_large_robust,dsuta,180,stage5ext_00723,b93abbafef94b7d98a7356f6312da390c93f78376374ceb597ee3d26425dc05d7b3fe7fc290b835365c2ba77cf232a93597f059b5a2aaa5c715299a8614492e4,Canadian English,canada,She wanted to become a dancer but it didn't work out.,SHE WANTED TO BECOME A DANCER BUT IT DIDN'T WORK OUT,c912fbc7301fcdbf76f0d68e9b9bac3823c3eac1b97e5a967b948abcd9d7c439
wav2vec2_large_robust,dsuta,180,stage5ext_00724,b93abbafef94b7d98a7356f6312da390c93f78376374ceb597ee3d26425dc05d7b3fe7fc290b835365c2ba77cf232a93597f059b5a2aaa5c715299a8614492e4,Canadian English,canada,At trial and appeal the claim was dismissed.,AT TRIAL AND APPEAL THE CLAIM WAS DISMISSED,c912fbc7301fcdbf76f0d68e9b9bac3823c3eac1b97e5a967b948abcd9d7c439
wav2vec2_large_robust,dsuta,181,stage5ext_00725,b93abbafef94b7d98a7356f6312da390c93f78376374ceb597ee3d26425dc05d7b3fe7fc290b835365c2ba77cf232a93597f059b5a2aaa5c715299a8614492e4,Canadian English,canada,"Its headquarters is located in Chiyoda, Tokyo.",ITS HEADQUARTERS IS LOCATED IN CHIODA TOCIO,176070c82f396dbe5f47ae800b6eb11e0afcfe20ff4f46713850f1c38ba636f8
wav2vec2_large_robust,dsuta,181,stage5ext_00726,b93abbafef94b7d98a7356f6312da390c93f78376374ceb597ee3d26425dc05d7b3fe7fc290b835365c2ba77cf232a93597f059b5a2aaa5c715299a8614492e4,Canadian English,canada,He was forbidden any further writing.,HE WAS FORBIDDEN ANY FURTHER WRITING,176070c82f396dbe5f47ae800b6eb11e0afcfe20ff4f46713850f1c38ba636f8
wav2vec2_large_robust,dsuta,181,stage5ext_00727,b93abbafef94b7d98a7356f6312da390c93f78376374ceb597ee3d26425dc05d7b3fe7fc290b835365c2ba77cf232a93597f059b5a2aaa5c715299a8614492e4,Canadian English,canada,It offers yet another musical style change.,IT OFFERS YET ANOTHER MUSICAL STYLE CHANGE,176070c82f396dbe5f47ae800b6eb11e0afcfe20ff4f46713850f1c38ba636f8
wav2vec2_large_robust,dsuta,181,stage5ext_00728,b93abbafef94b7d98a7356f6312da390c93f78376374ceb597ee3d26425dc05d7b3fe7fc290b835365c2ba77cf232a93597f059b5a2aaa5c715299a8614492e4,Canadian English,canada,The measured flux is proportional to the covariance.,THE MEASURED FLUX IS PROPORTIONAL TO THE COVARIANCE,176070c82f396dbe5f47ae800b6eb11e0afcfe20ff4f46713850f1c38ba636f8
wav2vec2_large_robust,dsuta,182,stage5ext_00729,b93abbafef94b7d98a7356f6312da390c93f78376374ceb597ee3d26425dc05d7b3fe7fc290b835365c2ba77cf232a93597f059b5a2aaa5c715299a8614492e4,Canadian English,canada,Also on hand was the young comedian Richard Pryor.,ALSO ON HAND WAS THE YOUNG COMEDIAN RICHARD PRIOR,b0b491721d0d14fda18ac1d17f2da824906aa53952835ea3c7bf97295dc3f1e0
wav2vec2_large_robust,dsuta,182,stage5ext_00730,b93abbafef94b7d98a7356f6312da390c93f78376374ceb597ee3d26425dc05d7b3fe7fc290b835365c2ba77cf232a93597f059b5a2aaa5c715299a8614492e4,Canadian English,canada,"He is an alumnus of Saratoga High School in Saratoga, California.",HE IS AN ALUMNUS OF SARATOGA HIGH SCHOOL IN SARATOGA CALIFORNIA,b0b491721d0d14fda18ac1d17f2da824906aa53952835ea3c7bf97295dc3f1e0
wav2vec2_large_robust,dsuta,182,stage5ext_00731,b93abbafef94b7d98a7356f6312da390c93f78376374ceb597ee3d26425dc05d7b3fe7fc290b835365c2ba77cf232a93597f059b5a2aaa5c715299a8614492e4,Canadian English,canada,No cause was given and there were no immediate survivors.,NO CAUSE WAS GIVEN AND THERE WERE NO IMMEDIATE SURVIVORS,b0b491721d0d14fda18ac1d17f2da824906aa53952835ea3c7bf97295dc3f1e0
wav2vec2_large_robust,dsuta,182,stage5ext_00732,b93abbafef94b7d98a7356f6312da390c93f78376374ceb597ee3d26425dc05d7b3fe7fc290b835365c2ba77cf232a93597f059b5a2aaa5c715299a8614492e4,Canadian English,canada,It is more applicable when there is a liquidity crunch in the market.,IT IS MORE APPLICABLE WHEN THERE IS A LIQUIDITY CRUNCH IN THE MARKET,b0b491721d0d14fda18ac1d17f2da824906aa53952835ea3c7bf97295dc3f1e0
wav2vec2_large_robust,dsuta,183,stage5ext_00733,b93abbafef94b7d98a7356f6312da390c93f78376374ceb597ee3d26425dc05d7b3fe7fc290b835365c2ba77cf232a93597f059b5a2aaa5c715299a8614492e4,Canadian English,canada,There again he taught rhetoric for three years.,THERE AGAIN HE TAUGHT RETERIC FOR THREE YEARS,f212f54f7f4a2182637e36420e001200a513f124c0413cee7af3d8d1319f6c8f
wav2vec2_large_robust,dsuta,183,stage5ext_00734,b93abbafef94b7d98a7356f6312da390c93f78376374ceb597ee3d26425dc05d7b3fe7fc290b835365c2ba77cf232a93597f059b5a2aaa5c715299a8614492e4,Canadian English,canada,It is a potent skin irritant.,IT IS A POTENT SKIN IRRITANT,f212f54f7f4a2182637e36420e001200a513f124c0413cee7af3d8d1319f6c8f
wav2vec2_large_robust,dsuta,183,stage5ext_00735,b93abbafef94b7d98a7356f6312da390c93f78376374ceb597ee3d26425dc05d7b3fe7fc290b835365c2ba77cf232a93597f059b5a2aaa5c715299a8614492e4,Canadian English,canada,Westphal is a former assistant coach on Lionel Hollins' staff on the Brooklyn Nets.,WESTFALL IS A FORMER ASSISTANT COACH ON LIONEL HOLLAND'S STAFF ON THE BRICKLIN NETS,f212f54f7f4a2182637e36420e001200a513f124c0413cee7af3d8d1319f6c8f
wav2vec2_large_robust,dsuta,183,stage5ext_00736,1225019d528d47c1a589b05ca13577c68d50b27cb794f00d65a7a4be094e4f5e9f0bc35233e80e36ddfba17fa9c185dec071949ab8a2dce2a58b5d4d9b49d290,Canadian English,canada,"Perhaps, you should just grow sea monkeys.",PERHAPS YOU SHOULD JUST GROW SEA MONKEYS,f212f54f7f4a2182637e36420e001200a513f124c0413cee7af3d8d1319f6c8f
wav2vec2_large_robust,dsuta,184,stage5ext_00737,1225019d528d47c1a589b05ca13577c68d50b27cb794f00d65a7a4be094e4f5e9f0bc35233e80e36ddfba17fa9c185dec071949ab8a2dce2a58b5d4d9b49d290,Canadian English,canada,"No, that was never his real plan.",NO THAT WAS NEVER HIS REAL PLAN,690a15432bf6ce9bf37c2df704bd4bb5fa8e980568d028548cedd06b11b0df26
wav2vec2_large_robust,dsuta,184,stage5ext_00738,1225019d528d47c1a589b05ca13577c68d50b27cb794f00d65a7a4be094e4f5e9f0bc35233e80e36ddfba17fa9c185dec071949ab8a2dce2a58b5d4d9b49d290,Canadian English,canada,Might I enquire as to whom I'm addressing?,MIGHT I INQUIRE AS TO WHOM IAM ADDRESSING,690a15432bf6ce9bf37c2df704bd4bb5fa8e980568d028548cedd06b11b0df26
wav2vec2_large_robust,dsuta,184,stage5ext_00739,1225019d528d47c1a589b05ca13577c68d50b27cb794f00d65a7a4be094e4f5e9f0bc35233e80e36ddfba17fa9c185dec071949ab8a2dce2a58b5d4d9b49d290,Canadian English,canada,"By increasing the salinity of the water, we alter its dew point.",BY INCREASING THE SALINITY OF THE WATER WE ALTER ITS DUE POINT,690a15432bf6ce9bf37c2df704bd4bb5fa8e980568d028548cedd06b11b0df26
wav2vec2_large_robust,dsuta,184,stage5ext_00740,1225019d528d47c1a589b05ca13577c68d50b27cb794f00d65a7a4be094e4f5e9f0bc35233e80e36ddfba17fa9c185dec071949ab8a2dce2a58b5d4d9b49d290,Canadian English,canada,"Deliberate slowly, execute promptly.",DELIBERATE SLOWLY EXECUTE PROMPTLY,690a15432bf6ce9bf37c2df704bd4bb5fa8e980568d028548cedd06b11b0df26
wav2vec2_large_robust,dsuta,185,stage5ext_00741,1225019d528d47c1a589b05ca13577c68d50b27cb794f00d65a7a4be094e4f5e9f0bc35233e80e36ddfba17fa9c185dec071949ab8a2dce2a58b5d4d9b49d290,Canadian English,canada,What am I to do?,WHAT AM I TO DO,7e2f9c15698cd1c6d746ec883d327184174698b0bf9f9aefe8f7e807470fb382
wav2vec2_large_robust,dsuta,185,stage5ext_00742,1225019d528d47c1a589b05ca13577c68d50b27cb794f00d65a7a4be094e4f5e9f0bc35233e80e36ddfba17fa9c185dec071949ab8a2dce2a58b5d4d9b49d290,Canadian English,canada,"I've brought you some cheese, because I know you love cheese.",I'VE BROUGHT YOU SOME CHEESE BECAUSE I KNOW YOU LOVE CHEESE,7e2f9c15698cd1c6d746ec883d327184174698b0bf9f9aefe8f7e807470fb382
wav2vec2_large_robust,dsuta,185,stage5ext_00743,1225019d528d47c1a589b05ca13577c68d50b27cb794f00d65a7a4be094e4f5e9f0bc35233e80e36ddfba17fa9c185dec071949ab8a2dce2a58b5d4d9b49d290,Canadian English,canada,"Easy come, easy go.",ISI COME EASY GO,7e2f9c15698cd1c6d746ec883d327184174698b0bf9f9aefe8f7e807470fb382
wav2vec2_large_robust,dsuta,185,stage5ext_00744,1225019d528d47c1a589b05ca13577c68d50b27cb794f00d65a7a4be094e4f5e9f0bc35233e80e36ddfba17fa9c185dec071949ab8a2dce2a58b5d4d9b49d290,Canadian English,canada,"The builder placed the brick onto the plank of wood, so it would bend into shape.",THE BUILDER PLACED THE BRICK ON TO THE PLANK OF WOOD SO IT WOULD BEND INTO SHAPE,7e2f9c15698cd1c6d746ec883d327184174698b0bf9f9aefe8f7e807470fb382
wav2vec2_large_robust,dsuta,186,stage5ext_00745,1225019d528d47c1a589b05ca13577c68d50b27cb794f00d65a7a4be094e4f5e9f0bc35233e80e36ddfba17fa9c185dec071949ab8a2dce2a58b5d4d9b49d290,Canadian English,canada,How does slow cooling of the hot gaseous state result in pure crystals?,HOW DOE SLOW COOLING OF THE HOT GASEOUS STATE RESULT IN PURE CRYSTALS,ec9381ac1493d26f92f08f90c5bab7266ae22acf42339d2f84b04509d2f1751d
wav2vec2_large_robust,dsuta,186,stage5ext_00746,1225019d528d47c1a589b05ca13577c68d50b27cb794f00d65a7a4be094e4f5e9f0bc35233e80e36ddfba17fa9c185dec071949ab8a2dce2a58b5d4d9b49d290,Canadian English,canada,"He stood up, and by the time he went back to his seat everybody in the room was questioning the meaning of life.",HE STOOD UP AND BY THE TIME HE WENT BACK TO HIS SEAT EVERYBODY IN THE ROOM WAS QUESTIONING THE MEANING OF LIFE,ec9381ac1493d26f92f08f90c5bab7266ae22acf42339d2f84b04509d2f1751d
wav2vec2_large_robust,dsuta,186,stage5ext_00747,1225019d528d47c1a589b05ca13577c68d50b27cb794f00d65a7a4be094e4f5e9f0bc35233e80e36ddfba17fa9c185dec071949ab8a2dce2a58b5d4d9b49d290,Canadian English,canada,"This was a lie, and they all knew it.",THIS WAS A LIE AND THEY ALL KNEW IT,ec9381ac1493d26f92f08f90c5bab7266ae22acf42339d2f84b04509d2f1751d
wav2vec2_large_robust,dsuta,186,stage5ext_00748,1225019d528d47c1a589b05ca13577c68d50b27cb794f00d65a7a4be094e4f5e9f0bc35233e80e36ddfba17fa9c185dec071949ab8a2dce2a58b5d4d9b49d290,Canadian English,canada,"After lurking for a minute, the crocodile quickly sprang toward the young hippopotamus and ate it.",AFTER LURKING FOR A MINUTE THE CROCODILE QUICKLY SPRANG TOWARDS THE YOUNG HYPOPOTEMUS AND ATE IT,ec9381ac1493d26f92f08f90c5bab7266ae22acf42339d2f84b04509d2f1751d
wav2vec2_large_robust,dsuta,187,stage5ext_00749,1225019d528d47c1a589b05ca13577c68d50b27cb794f00d65a7a4be094e4f5e9f0bc35233e80e36ddfba17fa9c185dec071949ab8a2dce2a58b5d4d9b49d290,Canadian English,canada,"When you're at a party and somebody says ""banana bread"", a sniper might be near you.",WHEN YOU'RE A PARTY AND SOMEONE SAYS BANANA BREAD A SNIPER MIGHT BE NEAR YOU,3fa2507d84e342176d99e93b04eb15ce3807fb236c6d0a83435302d95fa19f09
wav2vec2_large_robust,dsuta,187,stage5ext_00750,1225019d528d47c1a589b05ca13577c68d50b27cb794f00d65a7a4be094e4f5e9f0bc35233e80e36ddfba17fa9c185dec071949ab8a2dce2a58b5d4d9b49d290,Canadian English,canada,Do you want me?,DO YOU WANT ME,3fa2507d84e342176d99e93b04eb15ce3807fb236c6d0a83435302d95fa19f09
wav2vec2_large_robust,dsuta,187,stage5ext_00751,2365c450d92516275bba41aac73c5acf8ce75bf4896ecbd54c3eaa7f121b53488a25a234605d205f960767e2cb5f88d749e3a035ded3a2e9930f35c814bfd1f8,Irish English,ireland,Me and a friend of mine.,ME AND A FRIEND OF MINE,3fa2507d84e342176d99e93b04eb15ce3807fb236c6d0a83435302d95fa19f09
wav2vec2_large_robust,dsuta,187,stage5ext_00752,2365c450d92516275bba41aac73c5acf8ce75bf4896ecbd54c3eaa7f121b53488a25a234605d205f960767e2cb5f88d749e3a035ded3a2e9930f35c814bfd1f8,Irish English,ireland,"For most owners of the car model, the issue isn't noticeable.",FOR MOST OWNERS OF THE CAR MODEL THE ISSUE ISN'T NOTICEABLE,3fa2507d84e342176d99e93b04eb15ce3807fb236c6d0a83435302d95fa19f09
wav2vec2_large_robust,dsuta,188,stage5ext_00753,2365c450d92516275bba41aac73c5acf8ce75bf4896ecbd54c3eaa7f121b53488a25a234605d205f960767e2cb5f88d749e3a035ded3a2e9930f35c814bfd1f8,Irish English,ireland,I'm afraid she'd feel ashamed to think she hadn't trusted you.,I'M AFRAID SHE'D FEEL ASHAMED TO THINK SHE HADN'T TRUSTED YOU,95bb4aac78b26feee30a383582605ded3c72cb7711ed107dde40f5da3c0e9b61
wav2vec2_large_robust,dsuta,188,stage5ext_00754,2365c450d92516275bba41aac73c5acf8ce75bf4896ecbd54c3eaa7f121b53488a25a234605d205f960767e2cb5f88d749e3a035ded3a2e9930f35c814bfd1f8,Irish English,ireland,Thailand turned out to be a very satisfying holiday.,TYLAN TURNED OUT TO BE A VERY SATISFYING HOLIDAY,95bb4aac78b26feee30a383582605ded3c72cb7711ed107dde40f5da3c0e9b61
wav2vec2_large_robust,dsuta,188,stage5ext_00755,2365c450d92516275bba41aac73c5acf8ce75bf4896ecbd54c3eaa7f121b53488a25a234605d205f960767e2cb5f88d749e3a035ded3a2e9930f35c814bfd1f8,Irish English,ireland,The execution was cancelled.,THE EXECUTION WAS CANCELLED,95bb4aac78b26feee30a383582605ded3c72cb7711ed107dde40f5da3c0e9b61
wav2vec2_large_robust,dsuta,188,stage5ext_00756,2365c450d92516275bba41aac73c5acf8ce75bf4896ecbd54c3eaa7f121b53488a25a234605d205f960767e2cb5f88d749e3a035ded3a2e9930f35c814bfd1f8,Irish English,ireland,Sometimes I get so mad at you I can't see straight.,SOMETIMES I GET SO MAD AT YOU I CAN'T SEE STRAIT,95bb4aac78b26feee30a383582605ded3c72cb7711ed107dde40f5da3c0e9b61
wav2vec2_large_robust,dsuta,189,stage5ext_00757,2365c450d92516275bba41aac73c5acf8ce75bf4896ecbd54c3eaa7f121b53488a25a234605d205f960767e2cb5f88d749e3a035ded3a2e9930f35c814bfd1f8,Irish English,ireland,Crooks don't pay taxes.,CROOKS DON'T PAY TAXES,8527b6239a0e58e3703b90c8f39f406223a87441aa820b88afe4449c8dd6727e
wav2vec2_large_robust,dsuta,189,stage5ext_00758,2365c450d92516275bba41aac73c5acf8ce75bf4896ecbd54c3eaa7f121b53488a25a234605d205f960767e2cb5f88d749e3a035ded3a2e9930f35c814bfd1f8,Irish English,ireland,Use the tool that's needed for the job.,USE THE TOOL THAT'S NEEDED FOR THE JOB,8527b6239a0e58e3703b90c8f39f406223a87441aa820b88afe4449c8dd6727e
wav2vec2_large_robust,dsuta,189,stage5ext_00759,2365c450d92516275bba41aac73c5acf8ce75bf4896ecbd54c3eaa7f121b53488a25a234605d205f960767e2cb5f88d749e3a035ded3a2e9930f35c814bfd1f8,Irish English,ireland,That guy is the writer of a few banned books.,THAT GUY IS THE WRITER OF A FEW BOUND BOOKS,8527b6239a0e58e3703b90c8f39f406223a87441aa820b88afe4449c8dd6727e
wav2vec2_large_robust,dsuta,189,stage5ext_00760,2365c450d92516275bba41aac73c5acf8ce75bf4896ecbd54c3eaa7f121b53488a25a234605d205f960767e2cb5f88d749e3a035ded3a2e9930f35c814bfd1f8,Irish English,ireland,My cat loves to ensconce herself in my new sofa.,MY CAT LOVES TO ENSCONCE HERSELF IN MY NEW SOFA,8527b6239a0e58e3703b90c8f39f406223a87441aa820b88afe4449c8dd6727e
wav2vec2_large_robust,dsuta,190,stage5ext_00761,2365c450d92516275bba41aac73c5acf8ce75bf4896ecbd54c3eaa7f121b53488a25a234605d205f960767e2cb5f88d749e3a035ded3a2e9930f35c814bfd1f8,Irish English,ireland,"I feel sick, what should I do?",I FEEL SICK WHAT SHOULD I DO,198c3b631afe9c8ca9898752d4361940151f036f844f6dd6e2662fec9bbf8968
wav2vec2_large_robust,dsuta,190,stage5ext_00762,2365c450d92516275bba41aac73c5acf8ce75bf4896ecbd54c3eaa7f121b53488a25a234605d205f960767e2cb5f88d749e3a035ded3a2e9930f35c814bfd1f8,Irish English,ireland,I'm in a drugstore.,I'M IN A DRUG STORE,198c3b631afe9c8ca9898752d4361940151f036f844f6dd6e2662fec9bbf8968
wav2vec2_large_robust,dsuta,190,stage5ext_00763,2365c450d92516275bba41aac73c5acf8ce75bf4896ecbd54c3eaa7f121b53488a25a234605d205f960767e2cb5f88d749e3a035ded3a2e9930f35c814bfd1f8,Irish English,ireland,You know very well why.,YOU KNOW VERY WELL WHY,198c3b631afe9c8ca9898752d4361940151f036f844f6dd6e2662fec9bbf8968
wav2vec2_large_robust,dsuta,190,stage5ext_00764,2365c450d92516275bba41aac73c5acf8ce75bf4896ecbd54c3eaa7f121b53488a25a234605d205f960767e2cb5f88d749e3a035ded3a2e9930f35c814bfd1f8,Irish English,ireland,The cannibal was looking for another victim to appease his appetite.,THE CANNIBAL WAS LOOKING FOR ANOTHER VICTIM TO APPEASE HIS APPETITE,198c3b631afe9c8ca9898752d4361940151f036f844f6dd6e2662fec9bbf8968
wav2vec2_large_robust,dsuta,191,stage5ext_00765,2365c450d92516275bba41aac73c5acf8ce75bf4896ecbd54c3eaa7f121b53488a25a234605d205f960767e2cb5f88d749e3a035ded3a2e9930f35c814bfd1f8,Irish English,ireland,He could see tears in her eyes.,HE COULD SEE TEARS IN HER EYES,e19a769d901538aedad97ca2c6ee0fd28ee1e7b2adcca03321630a495362e0c9
wav2vec2_large_robust,dsuta,191,stage5ext_00766,06c53aec09bca54d5587147ee1bfcc0a9e2b4162fb75daa79b7fe286dfec0732ff4dcae7125393b19a31f66c66c4bd8cf89665b4dee7b446429efd029e225c59,Irish English,ireland,He later served as a prominent leader of the French Directory.,HE LATER SERVED AS A PROMINENT LEADER OF THE FRENCH DIRECTORY,e19a769d901538aedad97ca2c6ee0fd28ee1e7b2adcca03321630a495362e0c9
wav2vec2_large_robust,dsuta,191,stage5ext_00767,06c53aec09bca54d5587147ee1bfcc0a9e2b4162fb75daa79b7fe286dfec0732ff4dcae7125393b19a31f66c66c4bd8cf89665b4dee7b446429efd029e225c59,Irish English,ireland,She held this position for two years before Kim Raine replaced her.,SHE HELD THIS POSITION FOR TWO YEARS BEFORE KIMRAIGN REPLACED HER,e19a769d901538aedad97ca2c6ee0fd28ee1e7b2adcca03321630a495362e0c9
wav2vec2_large_robust,dsuta,191,stage5ext_00768,06c53aec09bca54d5587147ee1bfcc0a9e2b4162fb75daa79b7fe286dfec0732ff4dcae7125393b19a31f66c66c4bd8cf89665b4dee7b446429efd029e225c59,Irish English,ireland,Fetsios competed in the two rifle events.,FETZIOS COMPETED IN THE TWO RIFLE EVENTS,e19a769d901538aedad97ca2c6ee0fd28ee1e7b2adcca03321630a495362e0c9
wav2vec2_large_robust,dsuta,192,stage5ext_00769,06c53aec09bca54d5587147ee1bfcc0a9e2b4162fb75daa79b7fe286dfec0732ff4dcae7125393b19a31f66c66c4bd8cf89665b4dee7b446429efd029e225c59,Irish English,ireland,"Because it is widely known, ""Lumbricus"" goes under a variety of common names.",BECAUSE IT IS WIDELY KNOWN LUMBRICUS GOES UNDER A VARIETY OF COMMON NAMES,fbf852bf8f598b0139d2bca876234c8e2b4c62eaf7e813012c93dff14909139c
wav2vec2_large_robust,dsuta,192,stage5ext_00770,06c53aec09bca54d5587147ee1bfcc0a9e2b4162fb75daa79b7fe286dfec0732ff4dcae7125393b19a31f66c66c4bd8cf89665b4dee7b446429efd029e225c59,Irish English,ireland,O'Farrell is a six-time winner of the Rotary cartoons award.,OFARL IS A SIX TIME WINNER OF THE ROSERY CARTOONS AWARD,fbf852bf8f598b0139d2bca876234c8e2b4c62eaf7e813012c93dff14909139c
wav2vec2_large_robust,dsuta,192,stage5ext_00771,06c53aec09bca54d5587147ee1bfcc0a9e2b4162fb75daa79b7fe286dfec0732ff4dcae7125393b19a31f66c66c4bd8cf89665b4dee7b446429efd029e225c59,Irish English,ireland,He was arrested and thrown in jail.,HE WAS ARRESTED AND THROWN IN JAIL,fbf852bf8f598b0139d2bca876234c8e2b4c62eaf7e813012c93dff14909139c
wav2vec2_large_robust,dsuta,192,stage5ext_00772,06c53aec09bca54d5587147ee1bfcc0a9e2b4162fb75daa79b7fe286dfec0732ff4dcae7125393b19a31f66c66c4bd8cf89665b4dee7b446429efd029e225c59,Irish English,ireland,"He was known as the leader of the ""fighting Quakers"".",HE WAS KNOWN AS THE LEADER OF THE FIGHTING QUAKERS,fbf852bf8f598b0139d2bca876234c8e2b4c62eaf7e813012c93dff14909139c
wav2vec2_large_robust,dsuta,193,stage5ext_00773,06c53aec09bca54d5587147ee1bfcc0a9e2b4162fb75daa79b7fe286dfec0732ff4dcae7125393b19a31f66c66c4bd8cf89665b4dee7b446429efd029e225c59,Irish English,ireland,He also served in both the Assembly and Senate of the California State Legislature.,HE ALSO SERVED IN BOTH THE ASSEMBLY AND SENATE OF THE CALIFORNIA STATE LEGISLATURE,7648362dfa22b139ef23fad8c83a2ca49b986ce088836eaa54a06e6a521fcdf7
wav2vec2_large_robust,dsuta,193,stage5ext_00774,06c53aec09bca54d5587147ee1bfcc0a9e2b4162fb75daa79b7fe286dfec0732ff4dcae7125393b19a31f66c66c4bd8cf89665b4dee7b446429efd029e225c59,Irish English,ireland,Many of the Gretna Girls lived in group hostels which were staffed by matrons.,MANY OF THE GRETNA GIRLS LIVED IN GROUP HOSTLES WHICH WERE STAFFED BY MATRONS,7648362dfa22b139ef23fad8c83a2ca49b986ce088836eaa54a06e6a521fcdf7
wav2vec2_large_robust,dsuta,193,stage5ext_00775,06c53aec09bca54d5587147ee1bfcc0a9e2b4162fb75daa79b7fe286dfec0732ff4dcae7125393b19a31f66c66c4bd8cf89665b4dee7b446429efd029e225c59,Irish English,ireland,The next day Delfino attacked.,THE NEXT DAY DELPHINO ATTACKED,7648362dfa22b139ef23fad8c83a2ca49b986ce088836eaa54a06e6a521fcdf7
wav2vec2_large_robust,dsuta,193,stage5ext_00776,06c53aec09bca54d5587147ee1bfcc0a9e2b4162fb75daa79b7fe286dfec0732ff4dcae7125393b19a31f66c66c4bd8cf89665b4dee7b446429efd029e225c59,Irish English,ireland,See the article on Barnett for an outline of his ideas.,SEE THE ARTICLE ON BARNISH FOR AN OUTLINE OF HIS IDEAS,7648362dfa22b139ef23fad8c83a2ca49b986ce088836eaa54a06e6a521fcdf7
wav2vec2_large_robust,dsuta,194,stage5ext_00777,06c53aec09bca54d5587147ee1bfcc0a9e2b4162fb75daa79b7fe286dfec0732ff4dcae7125393b19a31f66c66c4bd8cf89665b4dee7b446429efd029e225c59,Irish English,ireland,"In addition, after German reunification, there were several Heiligenstadts in Germany.",IN ADDITION AFTER GERMAN REUNIFICATION THERE WERE SEVERAL HILINGENSTATS IN GERMANY,7f233b1f34a8167163dbdf63c44b04e4685c7c805a5eddcd097e704b03db6251
wav2vec2_large_robust,dsuta,194,stage5ext_00778,06c53aec09bca54d5587147ee1bfcc0a9e2b4162fb75daa79b7fe286dfec0732ff4dcae7125393b19a31f66c66c4bd8cf89665b4dee7b446429efd029e225c59,Irish English,ireland,"The Norse form of the name was ""Surkudalr"".",THE NORSH FORM OF THE NAME WAS CIRCUDELLER,7f233b1f34a8167163dbdf63c44b04e4685c7c805a5eddcd097e704b03db6251
wav2vec2_large_robust,dsuta,194,stage5ext_00779,06c53aec09bca54d5587147ee1bfcc0a9e2b4162fb75daa79b7fe286dfec0732ff4dcae7125393b19a31f66c66c4bd8cf89665b4dee7b446429efd029e225c59,Irish English,ireland,But all this will be useless.,BUT ALL THIS WILL BE USELESS,7f233b1f34a8167163dbdf63c44b04e4685c7c805a5eddcd097e704b03db6251
wav2vec2_large_robust,dsuta,194,stage5ext_00780,06c53aec09bca54d5587147ee1bfcc0a9e2b4162fb75daa79b7fe286dfec0732ff4dcae7125393b19a31f66c66c4bd8cf89665b4dee7b446429efd029e225c59,Irish English,ireland,I'm a bit loath to say which!,I'M A BIT LOATH TO SAY WHICH,7f233b1f34a8167163dbdf63c44b04e4685c7c805a5eddcd097e704b03db6251
wav2vec2_large_robust,dsuta,195,stage5ext_00781,2bf1907838353bd4ff938cb357518af5cd662218dcf4e05e91bccb5c4981619def6e13f25156c63c468ac5e938051eb89983ae095606bc1ebcbe2aba77dbcf38,Irish English,ireland,Good luck on the way.,GOOD LUCK ON THE WAY,a6884052a2752ca37d942c039a8c6802add96f97d678c131ec7c2ae42a2c5750
wav2vec2_large_robust,dsuta,195,stage5ext_00782,2bf1907838353bd4ff938cb357518af5cd662218dcf4e05e91bccb5c4981619def6e13f25156c63c468ac5e938051eb89983ae095606bc1ebcbe2aba77dbcf38,Irish English,ireland,"Like her adored aunt, Paula Wessely prepared for an artistic career.",LIKE HER ADORED AUNT PAULA WESTLEY PREPARED FOR AN ARTISTIC CAREER,a6884052a2752ca37d942c039a8c6802add96f97d678c131ec7c2ae42a2c5750
wav2vec2_large_robust,dsuta,195,stage5ext_00783,2bf1907838353bd4ff938cb357518af5cd662218dcf4e05e91bccb5c4981619def6e13f25156c63c468ac5e938051eb89983ae095606bc1ebcbe2aba77dbcf38,Irish English,ireland,Fill your pack with bright trinkets for the poor.,FILL YOUR PACK WITH BRIGHT TRINKETS FOR THE POOR,a6884052a2752ca37d942c039a8c6802add96f97d678c131ec7c2ae42a2c5750
wav2vec2_large_robust,dsuta,195,stage5ext_00784,2bf1907838353bd4ff938cb357518af5cd662218dcf4e05e91bccb5c4981619def6e13f25156c63c468ac5e938051eb89983ae095606bc1ebcbe2aba77dbcf38,Irish English,ireland,The pigs and cows ran everywhere.,THE PIGS AND COWS RUN EVERYWHERE,a6884052a2752ca37d942c039a8c6802add96f97d678c131ec7c2ae42a2c5750
wav2vec2_large_robust,dsuta,196,stage5ext_00785,2bf1907838353bd4ff938cb357518af5cd662218dcf4e05e91bccb5c4981619def6e13f25156c63c468ac5e938051eb89983ae095606bc1ebcbe2aba77dbcf38,Irish English,ireland,"Mrs. McFarlane is a recent widow, versus Mr. McFarlane is alive but away.",MISSUS MCFARLEAN IS A RECENT WIDOW VERSAS MISTER MCFARLEAN IS ALIVE BUT AWAY,a009a784815ce88a27a085a6561730f001bb7abbaecf58898efd9d4a4bbcbedc
wav2vec2_large_robust,dsuta,196,stage5ext_00786,2bf1907838353bd4ff938cb357518af5cd662218dcf4e05e91bccb5c4981619def6e13f25156c63c468ac5e938051eb89983ae095606bc1ebcbe2aba77dbcf38,Irish English,ireland,He regretted not having made himself clearer.,HE REGRETTED NOT HAVING MADE HIMSELF CLEARER,a009a784815ce88a27a085a6561730f001bb7abbaecf58898efd9d4a4bbcbedc
wav2vec2_large_robust,dsuta,196,stage5ext_00787,2bf1907838353bd4ff938cb357518af5cd662218dcf4e05e91bccb5c4981619def6e13f25156c63c468ac5e938051eb89983ae095606bc1ebcbe2aba77dbcf38,Irish English,ireland,The omens have led me on a wild chase.,THE OMENS HAVE LED ME ON A WILD CHASE,a009a784815ce88a27a085a6561730f001bb7abbaecf58898efd9d4a4bbcbedc
wav2vec2_large_robust,dsuta,196,stage5ext_00788,2bf1907838353bd4ff938cb357518af5cd662218dcf4e05e91bccb5c4981619def6e13f25156c63c468ac5e938051eb89983ae095606bc1ebcbe2aba77dbcf38,Irish English,ireland,Rome was not built in a day.,ROME WAS NOT BUILT IN A DAY,a009a784815ce88a27a085a6561730f001bb7abbaecf58898efd9d4a4bbcbedc
wav2vec2_large_robust,dsuta,197,stage5ext_00789,2bf1907838353bd4ff938cb357518af5cd662218dcf4e05e91bccb5c4981619def6e13f25156c63c468ac5e938051eb89983ae095606bc1ebcbe2aba77dbcf38,Irish English,ireland,That's an inherent disadvantage.,THAT'S AN INHERENT DISADVANTAGE,c23cd95897395a891f4ab5960f4997a85c972606203fddd8046abd7b0f04c3b9
wav2vec2_large_robust,dsuta,197,stage5ext_00790,2bf1907838353bd4ff938cb357518af5cd662218dcf4e05e91bccb5c4981619def6e13f25156c63c468ac5e938051eb89983ae095606bc1ebcbe2aba77dbcf38,Irish English,ireland,I wasn't certain it'd work at all yesterday.,I WASN'T CERTAIN IT OUD WORK AT ALL YESTERDAY,c23cd95897395a891f4ab5960f4997a85c972606203fddd8046abd7b0f04c3b9
wav2vec2_large_robust,dsuta,197,stage5ext_00791,2bf1907838353bd4ff938cb357518af5cd662218dcf4e05e91bccb5c4981619def6e13f25156c63c468ac5e938051eb89983ae095606bc1ebcbe2aba77dbcf38,Irish English,ireland,The night becomes a turning point for all five men.,THE NICE BECAME A TURNING POINT FOR ALL FIVE MEN,c23cd95897395a891f4ab5960f4997a85c972606203fddd8046abd7b0f04c3b9
wav2vec2_large_robust,dsuta,197,stage5ext_00792,2bf1907838353bd4ff938cb357518af5cd662218dcf4e05e91bccb5c4981619def6e13f25156c63c468ac5e938051eb89983ae095606bc1ebcbe2aba77dbcf38,Irish English,ireland,The population size depends on the nature of the problem.,THE POPULATION SIES DEPENDS ON THE NATURE OF THE PROBLEM,c23cd95897395a891f4ab5960f4997a85c972606203fddd8046abd7b0f04c3b9
wav2vec2_large_robust,dsuta,198,stage5ext_00793,2bf1907838353bd4ff938cb357518af5cd662218dcf4e05e91bccb5c4981619def6e13f25156c63c468ac5e938051eb89983ae095606bc1ebcbe2aba77dbcf38,Irish English,ireland,"Maxwell, who was killed in Wan Chai three days before the ceasefire.",MAXWELL HE WAS KILLED IN ONE CHY THREE DAYS BEFORE THE SEAK FIRE,d2f913876c5e8fd75898aebb92c54385fe09338f5abdfeff0c5fcc97dc413c10
wav2vec2_large_robust,dsuta,198,stage5ext_00794,2bf1907838353bd4ff938cb357518af5cd662218dcf4e05e91bccb5c4981619def6e13f25156c63c468ac5e938051eb89983ae095606bc1ebcbe2aba77dbcf38,Irish English,ireland,A new broom sweeps clean What's bred in the bone.,A NEW BROOM SWEEPS CLEAN WHILE SPREADS IN THE BONE,d2f913876c5e8fd75898aebb92c54385fe09338f5abdfeff0c5fcc97dc413c10
wav2vec2_large_robust,dsuta,198,stage5ext_00795,2bf1907838353bd4ff938cb357518af5cd662218dcf4e05e91bccb5c4981619def6e13f25156c63c468ac5e938051eb89983ae095606bc1ebcbe2aba77dbcf38,Irish English,ireland,The beauty of the view stunned the young boy.,THE BEAUTY OF THIS YOUTH STUNS THE YOUNG BOY,d2f913876c5e8fd75898aebb92c54385fe09338f5abdfeff0c5fcc97dc413c10
wav2vec2_large_robust,dsuta,198,stage5ext_00796,f3ea04475e301f84785710b9c56023f3c81f7abff656d40e674db8acde55c748688d0a4285eb6e8ea7f4d8b1fb6c99ab3c7f7d460878c4193256a61831e17ce7,Irish English,ireland,Reddy and his wife have two daughters.,REDDY AND HIS WIFE HAVE TWO DAUGHTERS,d2f913876c5e8fd75898aebb92c54385fe09338f5abdfeff0c5fcc97dc413c10
wav2vec2_large_robust,dsuta,199,stage5ext_00797,f3ea04475e301f84785710b9c56023f3c81f7abff656d40e674db8acde55c748688d0a4285eb6e8ea7f4d8b1fb6c99ab3c7f7d460878c4193256a61831e17ce7,Irish English,ireland,The Arab executive that emerged from that conference.,THE ARALT EXECUTIVE THAT EMERGED FROM THAT CONFIRENCE,d5325eaa9ac40c1cb71f364901b04a08dd2683e081a5c583ac8fce611e6dd33b
wav2vec2_large_robust,dsuta,199,stage5ext_00798,f3ea04475e301f84785710b9c56023f3c81f7abff656d40e674db8acde55c748688d0a4285eb6e8ea7f4d8b1fb6c99ab3c7f7d460878c4193256a61831e17ce7,Irish English,ireland,The book goes further by examining irony and sarcasm.,THE BOOK GOES FURTHER BY EXAMINING IRONY AND SAPASEN,d5325eaa9ac40c1cb71f364901b04a08dd2683e081a5c583ac8fce611e6dd33b
wav2vec2_large_robust,dsuta,199,stage5ext_00799,f3ea04475e301f84785710b9c56023f3c81f7abff656d40e674db8acde55c748688d0a4285eb6e8ea7f4d8b1fb6c99ab3c7f7d460878c4193256a61831e17ce7,Irish English,ireland,He is close to the Lebanese Forces.,HE IS CLOSE TO LEBONES FORCES,d5325eaa9ac40c1cb71f364901b04a08dd2683e081a5c583ac8fce611e6dd33b
wav2vec2_large_robust,dsuta,199,stage5ext_00800,f3ea04475e301f84785710b9c56023f3c81f7abff656d40e674db8acde55c748688d0a4285eb6e8ea7f4d8b1fb6c99ab3c7f7d460878c4193256a61831e17ce7,Irish English,ireland,Deane was overpowered and forced to surrender the prizes.,DENAS OVERPOWERED AND FORCED TO SURRENDER THE PRIZES,d5325eaa9ac40c1cb71f364901b04a08dd2683e081a5c583ac8fce611e6dd33b
wav2vec2_large_robust,dsuta,200,stage5ext_00801,f3ea04475e301f84785710b9c56023f3c81f7abff656d40e674db8acde55c748688d0a4285eb6e8ea7f4d8b1fb6c99ab3c7f7d460878c4193256a61831e17ce7,Irish English,ireland,He was her second husband and they had no children.,HE WAS HER SECOND HUSBAND AND THEY HAD NO CHILDREN,642e69d43d879371dae931391da5425798ca164db805776d78a4ce0d6c386fa7
wav2vec2_large_robust,dsuta,200,stage5ext_00802,f3ea04475e301f84785710b9c56023f3c81f7abff656d40e674db8acde55c748688d0a4285eb6e8ea7f4d8b1fb6c99ab3c7f7d460878c4193256a61831e17ce7,Irish English,ireland,The transports were presumably carrying prisoners from the British capture of Corsica.,THE TRANSPORTS WERE PRESUMABLY CARRYING PRISONERS ON THE BRITISH CAPTURE OF COISEVER,642e69d43d879371dae931391da5425798ca164db805776d78a4ce0d6c386fa7
wav2vec2_large_robust,dsuta,200,stage5ext_00803,f3ea04475e301f84785710b9c56023f3c81f7abff656d40e674db8acde55c748688d0a4285eb6e8ea7f4d8b1fb6c99ab3c7f7d460878c4193256a61831e17ce7,Irish English,ireland,They clear their stand that they will stand with all communities or caste.,THEY CLEAR THEIR STAND THAT THEY WILL STAND WITH ALL COMMUNITIES O CAET,642e69d43d879371dae931391da5425798ca164db805776d78a4ce0d6c386fa7
wav2vec2_large_robust,dsuta,200,stage5ext_00804,f3ea04475e301f84785710b9c56023f3c81f7abff656d40e674db8acde55c748688d0a4285eb6e8ea7f4d8b1fb6c99ab3c7f7d460878c4193256a61831e17ce7,Irish English,ireland,Lieutenant Colonel Bell was awarded his second Silver Star for his leadership.,LIEUTENANT COLONEL BELL WAS AWARDED HIS SECOND SILVER STAR FOR HIS LEADERSHIP,642e69d43d879371dae931391da5425798ca164db805776d78a4ce0d6c386fa7
wav2vec2_large_robust,dsuta,201,stage5ext_00805,f3ea04475e301f84785710b9c56023f3c81f7abff656d40e674db8acde55c748688d0a4285eb6e8ea7f4d8b1fb6c99ab3c7f7d460878c4193256a61831e17ce7,Irish English,ireland,The automobiles in the Miles Collier Collections at the Revs Institute are working vehicles.,THE AUTOMOBILES AND THE MILS CORIOR COLLECTIONS AF THE RODS IN THE CITY AR WORKIN VEHICLES,95837f632525edd3a930e79d4454d9b1ee32e1a66908ab7106e7dfc02c75ecd1
wav2vec2_large_robust,dsuta,201,stage5ext_00806,f3ea04475e301f84785710b9c56023f3c81f7abff656d40e674db8acde55c748688d0a4285eb6e8ea7f4d8b1fb6c99ab3c7f7d460878c4193256a61831e17ce7,Irish English,ireland,The town is located on the French way of the Camino de Santiago.,THE TOWN IS LOCATED ON THE FRENCH WAY OF CAMONO DE SANTIAGO,95837f632525edd3a930e79d4454d9b1ee32e1a66908ab7106e7dfc02c75ecd1
wav2vec2_large_robust,dsuta,201,stage5ext_00807,f3ea04475e301f84785710b9c56023f3c81f7abff656d40e674db8acde55c748688d0a4285eb6e8ea7f4d8b1fb6c99ab3c7f7d460878c4193256a61831e17ce7,Irish English,ireland,Bejarano chose to conduct instead of pursuing her doctorate.,BEJOANO CHOSE TO CONDUCT INSTEAD OF PURSUING HER DOCTOR,95837f632525edd3a930e79d4454d9b1ee32e1a66908ab7106e7dfc02c75ecd1
wav2vec2_large_robust,dsuta,201,stage5ext_00808,f3ea04475e301f84785710b9c56023f3c81f7abff656d40e674db8acde55c748688d0a4285eb6e8ea7f4d8b1fb6c99ab3c7f7d460878c4193256a61831e17ce7,Irish English,ireland,It has not been excavated.,IT HAS NOT BEEN EXCAVATED,95837f632525edd3a930e79d4454d9b1ee32e1a66908ab7106e7dfc02c75ecd1
wav2vec2_large_robust,dsuta,202,stage5ext_00809,f3ea04475e301f84785710b9c56023f3c81f7abff656d40e674db8acde55c748688d0a4285eb6e8ea7f4d8b1fb6c99ab3c7f7d460878c4193256a61831e17ce7,Irish English,ireland,The result was much the same as St.,THE RESULT WAS MUCH THE SAME AS SAIT,e26f09e43509a161413b5b9243a881e5072fddf7bb79d54c5f73f756506103c0
wav2vec2_large_robust,dsuta,202,stage5ext_00810,f3ea04475e301f84785710b9c56023f3c81f7abff656d40e674db8acde55c748688d0a4285eb6e8ea7f4d8b1fb6c99ab3c7f7d460878c4193256a61831e17ce7,Irish English,ireland,All four were shot in the United Kingdom.,ALL FOUR WERE SHOT IN THE UNITED KINGDOM,e26f09e43509a161413b5b9243a881e5072fddf7bb79d54c5f73f756506103c0
wav2vec2_large_robust,dsuta,202,stage5ext_00811,98434a9a8b4630d9b92df639cfe24cc4aaa5f87868d474c89db46b5c64a423a9bd79967d06c7657d145d04e562a7f2a8c5293333078c2f76c2da86b6ddd14b97,Irish English,ireland,"He treats ""Greek love"" as central to Greek ""aesthetic morality.",HE TREATS GREEK LOVE AS CENTRAL TO GREEK ESTHETIC MORALITY,e26f09e43509a161413b5b9243a881e5072fddf7bb79d54c5f73f756506103c0
wav2vec2_large_robust,dsuta,202,stage5ext_00812,98434a9a8b4630d9b92df639cfe24cc4aaa5f87868d474c89db46b5c64a423a9bd79967d06c7657d145d04e562a7f2a8c5293333078c2f76c2da86b6ddd14b97,Irish English,ireland,"The other is ""The Five Orange Pips"", part of ""The Adventures of Sherlock Holmes"".",THE OTHER IS THE FIVE ORANGE PIPS PART OF THE ADVENTURES OF CHERLOCK HOLMES,e26f09e43509a161413b5b9243a881e5072fddf7bb79d54c5f73f756506103c0
wav2vec2_large_robust,dsuta,203,stage5ext_00813,98434a9a8b4630d9b92df639cfe24cc4aaa5f87868d474c89db46b5c64a423a9bd79967d06c7657d145d04e562a7f2a8c5293333078c2f76c2da86b6ddd14b97,Irish English,ireland,He used parallels and meridians to link together every place in the world.,HE USED PARALLELS AND MERIDIANS TO LINK TOGETHER EVERY PLACE IN THE WORLD,7e0e50a96c2c831aedd9865a5da21ceddb65ae2ddce3935cc954c318ac4e30ef
wav2vec2_large_robust,dsuta,203,stage5ext_00814,98434a9a8b4630d9b92df639cfe24cc4aaa5f87868d474c89db46b5c64a423a9bd79967d06c7657d145d04e562a7f2a8c5293333078c2f76c2da86b6ddd14b97,Irish English,ireland,"Some train sets use equipment owned by Metro-North, which are so marked.",SOME TRAIN SETS USE EQUIPMENT OWNED BY METRO NORTH WHICH ARE SO MARKED,7e0e50a96c2c831aedd9865a5da21ceddb65ae2ddce3935cc954c318ac4e30ef
wav2vec2_large_robust,dsuta,203,stage5ext_00815,98434a9a8b4630d9b92df639cfe24cc4aaa5f87868d474c89db46b5c64a423a9bd79967d06c7657d145d04e562a7f2a8c5293333078c2f76c2da86b6ddd14b97,Irish English,ireland,Its county seat is Aspermont.,ITS COUNTY SEAT IS ASPERMONT,7e0e50a96c2c831aedd9865a5da21ceddb65ae2ddce3935cc954c318ac4e30ef
wav2vec2_large_robust,dsuta,203,stage5ext_00816,98434a9a8b4630d9b92df639cfe24cc4aaa5f87868d474c89db46b5c64a423a9bd79967d06c7657d145d04e562a7f2a8c5293333078c2f76c2da86b6ddd14b97,Irish English,ireland,Urquhart was rewarded with the Norwegian Order of Saint Olav.,OKART WAS REWARDED WITH THE NORWEGIAN ORDER OF SAINT OLAF,7e0e50a96c2c831aedd9865a5da21ceddb65ae2ddce3935cc954c318ac4e30ef
wav2vec2_large_robust,dsuta,204,stage5ext_00817,98434a9a8b4630d9b92df639cfe24cc4aaa5f87868d474c89db46b5c64a423a9bd79967d06c7657d145d04e562a7f2a8c5293333078c2f76c2da86b6ddd14b97,Irish English,ireland,"However, gadolinite does not contain more than trace amounts of gadolinium.",HOWEVER GADALANICE DOES NOT CONTAIN MORE THAN TRACEMENTS OF GADOLINIUM,4b0c4126dd5a54fb0d4da3936708f08db26ac986f879584d30b48cdbf26b81e5
wav2vec2_large_robust,dsuta,204,stage5ext_00818,98434a9a8b4630d9b92df639cfe24cc4aaa5f87868d474c89db46b5c64a423a9bd79967d06c7657d145d04e562a7f2a8c5293333078c2f76c2da86b6ddd14b97,Irish English,ireland,It is still in circulation on radio.,IT IS STILL IN CIRCULATION ON RADIO,4b0c4126dd5a54fb0d4da3936708f08db26ac986f879584d30b48cdbf26b81e5
wav2vec2_large_robust,dsuta,204,stage5ext_00819,98434a9a8b4630d9b92df639cfe24cc4aaa5f87868d474c89db46b5c64a423a9bd79967d06c7657d145d04e562a7f2a8c5293333078c2f76c2da86b6ddd14b97,Irish English,ireland,"Bach heard about the audition for ""The Dukes of Hazzard"" through her husband.",BARK HURRIED ABOUT THE AUDITION FOR THE DUKES OF HAZARD THROUGH HER HUSBAND,4b0c4126dd5a54fb0d4da3936708f08db26ac986f879584d30b48cdbf26b81e5
wav2vec2_large_robust,dsuta,204,stage5ext_00820,98434a9a8b4630d9b92df639cfe24cc4aaa5f87868d474c89db46b5c64a423a9bd79967d06c7657d145d04e562a7f2a8c5293333078c2f76c2da86b6ddd14b97,Irish English,ireland,"Upon his appointment, he prohibited alcohol drinking among his players.",ON HIS APPOINTMENT HE PROHIBITES ALCAHOL DRINKING AMONG HIS PLAYERS,4b0c4126dd5a54fb0d4da3936708f08db26ac986f879584d30b48cdbf26b81e5
wav2vec2_large_robust,dsuta,205,stage5ext_00821,98434a9a8b4630d9b92df639cfe24cc4aaa5f87868d474c89db46b5c64a423a9bd79967d06c7657d145d04e562a7f2a8c5293333078c2f76c2da86b6ddd14b97,Irish English,ireland,"All the Nevada sites below are gaming-entitled, unless otherwise noted.",ALL THE NEVADA SIGTS BELOW ARE GAMING ENTITLED UNLESS OTHERWISE NOTED,55ffebfa87ffe7270f48b47d9806979296675a15add4f7b3332a067abe70fcfc
wav2vec2_large_robust,dsuta,205,stage5ext_00822,98434a9a8b4630d9b92df639cfe24cc4aaa5f87868d474c89db46b5c64a423a9bd79967d06c7657d145d04e562a7f2a8c5293333078c2f76c2da86b6ddd14b97,Irish English,ireland,The defensive line was anchored by Pro Bowlers Tom Keating and Ben Davidson.,THE DEFENSIVE LINE WAS ANCHORED BY PERL BOWLERS TOM KEETING AND BEN DAVIDSON,55ffebfa87ffe7270f48b47d9806979296675a15add4f7b3332a067abe70fcfc
wav2vec2_large_robust,dsuta,205,stage5ext_00823,98434a9a8b4630d9b92df639cfe24cc4aaa5f87868d474c89db46b5c64a423a9bd79967d06c7657d145d04e562a7f2a8c5293333078c2f76c2da86b6ddd14b97,Irish English,ireland,May is also an accomplished singer.,MAY IS ALSO AN ACCOMPLISHED SINGER,55ffebfa87ffe7270f48b47d9806979296675a15add4f7b3332a067abe70fcfc
wav2vec2_large_robust,dsuta,205,stage5ext_00824,98434a9a8b4630d9b92df639cfe24cc4aaa5f87868d474c89db46b5c64a423a9bd79967d06c7657d145d04e562a7f2a8c5293333078c2f76c2da86b6ddd14b97,Irish English,ireland,Miriam appeared in the doorway.,MIRIAM APPEARED IN THE DOORWAY,55ffebfa87ffe7270f48b47d9806979296675a15add4f7b3332a067abe70fcfc
wav2vec2_large_robust,dsuta,206,stage5ext_00825,98434a9a8b4630d9b92df639cfe24cc4aaa5f87868d474c89db46b5c64a423a9bd79967d06c7657d145d04e562a7f2a8c5293333078c2f76c2da86b6ddd14b97,Irish English,ireland,They were each sentenced to six months in jail.,THEY WERE EACH SENTENCED TO SIX MONTHS IN JAIL,d4070be6a1097dbee5ba041a639a55a76b3e9701d5dcb38b2b606a35dd6fb587
wav2vec2_large_robust,dsuta,206,stage5ext_00826,194875abc05277ec185b84e1233196c510a5057c4ac33820e8421f58778f054d7eebd2f70a62c96c79b93aa9f5cf99ec1e7e763ee45eed080dfa952fa8bdeb40,Irish English,ireland,The boy preferred wine.,THE BOY PREFERRED WINE,d4070be6a1097dbee5ba041a639a55a76b3e9701d5dcb38b2b606a35dd6fb587
wav2vec2_large_robust,dsuta,206,stage5ext_00827,194875abc05277ec185b84e1233196c510a5057c4ac33820e8421f58778f054d7eebd2f70a62c96c79b93aa9f5cf99ec1e7e763ee45eed080dfa952fa8bdeb40,Irish English,ireland,But he knew that Salem wasn't in Andalusia.,BUT HE KNEW THAT SALAM WASN'T IN ANDELUCIA,d4070be6a1097dbee5ba041a639a55a76b3e9701d5dcb38b2b606a35dd6fb587
wav2vec2_large_robust,dsuta,206,stage5ext_00828,194875abc05277ec185b84e1233196c510a5057c4ac33820e8421f58778f054d7eebd2f70a62c96c79b93aa9f5cf99ec1e7e763ee45eed080dfa952fa8bdeb40,Irish English,ireland,"He had found where his treasure was, and was frightened at what might happen.",HE HAD FOUND WHERE HIS TREASURE WAS AND WAS FRIGHTENED AT WHAT MIGHT HAPPEN,d4070be6a1097dbee5ba041a639a55a76b3e9701d5dcb38b2b606a35dd6fb587
wav2vec2_large_robust,dsuta,207,stage5ext_00829,194875abc05277ec185b84e1233196c510a5057c4ac33820e8421f58778f054d7eebd2f70a62c96c79b93aa9f5cf99ec1e7e763ee45eed080dfa952fa8bdeb40,Irish English,ireland,The boy was sad as he left her that day.,THE BOY WAS SAD AS HE LEFT HER THAT DAY,3329cb174414bcaa267baaf3db160374871abf99c024e5640070fd8763df8fb4
wav2vec2_large_robust,dsuta,207,stage5ext_00830,194875abc05277ec185b84e1233196c510a5057c4ac33820e8421f58778f054d7eebd2f70a62c96c79b93aa9f5cf99ec1e7e763ee45eed080dfa952fa8bdeb40,Irish English,ireland,He didn't want to cry with the other people there.,HE DIDN'T WANT TO CRY WITH THE OTHER PEOPLE THERE,3329cb174414bcaa267baaf3db160374871abf99c024e5640070fd8763df8fb4
wav2vec2_large_robust,dsuta,207,stage5ext_00831,194875abc05277ec185b84e1233196c510a5057c4ac33820e8421f58778f054d7eebd2f70a62c96c79b93aa9f5cf99ec1e7e763ee45eed080dfa952fa8bdeb40,Irish English,ireland,But horses tire bit by bit.,BUT HORSES TIRE BIT BY BIT,3329cb174414bcaa267baaf3db160374871abf99c024e5640070fd8763df8fb4
wav2vec2_large_robust,dsuta,207,stage5ext_00832,194875abc05277ec185b84e1233196c510a5057c4ac33820e8421f58778f054d7eebd2f70a62c96c79b93aa9f5cf99ec1e7e763ee45eed080dfa952fa8bdeb40,Irish English,ireland,It was such a gradual movement that he found it only by noticing the dots.,IT WAS SUCH A GRADUAL MOVEMENT THAT HE FOUND IT ONLY BY NOTICING THE DARTS,3329cb174414bcaa267baaf3db160374871abf99c024e5640070fd8763df8fb4
wav2vec2_large_robust,dsuta,208,stage5ext_00833,194875abc05277ec185b84e1233196c510a5057c4ac33820e8421f58778f054d7eebd2f70a62c96c79b93aa9f5cf99ec1e7e763ee45eed080dfa952fa8bdeb40,Irish English,ireland,"My seven year resume gap is marked ""Not Drugs"".",MY SEVEN YEAR RESEMAUP IS MARKED NOT DROGES,de6807a037b54324ecaf43c99079a26d8f3bd1d0cfb5c78731971b87e1569384
wav2vec2_large_robust,dsuta,208,stage5ext_00834,194875abc05277ec185b84e1233196c510a5057c4ac33820e8421f58778f054d7eebd2f70a62c96c79b93aa9f5cf99ec1e7e763ee45eed080dfa952fa8bdeb40,Irish English,ireland,"I was scared, but wasted no time in going out and crossing the bridge to the sand pits.",I WAS SCARED BUT WASTED NO TIME IN GOING OUT AND CROSSING THE BRIDGE TO THE SANDPITS,de6807a037b54324ecaf43c99079a26d8f3bd1d0cfb5c78731971b87e1569384
wav2vec2_large_robust,dsuta,208,stage5ext_00835,194875abc05277ec185b84e1233196c510a5057c4ac33820e8421f58778f054d7eebd2f70a62c96c79b93aa9f5cf99ec1e7e763ee45eed080dfa952fa8bdeb40,Irish English,ireland,Several figures approached him.,SEVERAL FIGURES APPROACHED HIM,de6807a037b54324ecaf43c99079a26d8f3bd1d0cfb5c78731971b87e1569384
wav2vec2_large_robust,dsuta,208,stage5ext_00836,194875abc05277ec185b84e1233196c510a5057c4ac33820e8421f58778f054d7eebd2f70a62c96c79b93aa9f5cf99ec1e7e763ee45eed080dfa952fa8bdeb40,Irish English,ireland,He paused for a moment to see if the woman knew what the Egyptian pyramids were.,HE PAUSED FOR A MOMENT TO SEE IF THE WOMAN KNEW WHAT THE EGYPTIAN PYRAMIDS WERE,de6807a037b54324ecaf43c99079a26d8f3bd1d0cfb5c78731971b87e1569384
wav2vec2_large_robust,dsuta,209,stage5ext_00837,194875abc05277ec185b84e1233196c510a5057c4ac33820e8421f58778f054d7eebd2f70a62c96c79b93aa9f5cf99ec1e7e763ee45eed080dfa952fa8bdeb40,Irish English,ireland,"The alchemist stopped abruptly, and bent to the ground.",THE ALCHEMISTS STOPPED ABRUPTLY AND BENT TO THE GROUND,0f790ea60a9381f92d3d42cd309d32ffb34726462251898d5e1d77509d563e88
wav2vec2_large_robust,dsuta,209,stage5ext_00838,194875abc05277ec185b84e1233196c510a5057c4ac33820e8421f58778f054d7eebd2f70a62c96c79b93aa9f5cf99ec1e7e763ee45eed080dfa952fa8bdeb40,Irish English,ireland,The two were taken to a nearby military camp.,THE TWO WERE TAKEN TO A NEARBY MILITARY CAMP,0f790ea60a9381f92d3d42cd309d32ffb34726462251898d5e1d77509d563e88
wav2vec2_large_robust,dsuta,209,stage5ext_00839,194875abc05277ec185b84e1233196c510a5057c4ac33820e8421f58778f054d7eebd2f70a62c96c79b93aa9f5cf99ec1e7e763ee45eed080dfa952fa8bdeb40,Irish English,ireland,That he had attended a seminary until he was sixteen.,THAT HE HAD ATTENDED THE SEMINARY UNTIL HE WAS SIXTEEN,0f790ea60a9381f92d3d42cd309d32ffb34726462251898d5e1d77509d563e88
wav2vec2_large_robust,dsuta,209,stage5ext_00840,194875abc05277ec185b84e1233196c510a5057c4ac33820e8421f58778f054d7eebd2f70a62c96c79b93aa9f5cf99ec1e7e763ee45eed080dfa952fa8bdeb40,Irish English,ireland,It seems old and wise.,IT SEEMS OLD AND WISE,0f790ea60a9381f92d3d42cd309d32ffb34726462251898d5e1d77509d563e88
wav2vec2_large_robust,dsuta,210,stage5ext_00841,672a3259269b97062367fcafac924cb6013a30f9e34c09eff5c41b6d81f8a9b8e797beba73bbe770cb6ecdcdcc0039306ffae6e7c53294f92803666e3fa86b1b,Irish English,ireland,"To be fully funded, some lending must occur.",TO BE FULLY FUNDED SOME LENDING MUST OCCUR,eb668c6d06370ecdb4126c2bbdc6c20652db0043138cc222a8ebbab4a24a376c
wav2vec2_large_robust,dsuta,210,stage5ext_00842,672a3259269b97062367fcafac924cb6013a30f9e34c09eff5c41b6d81f8a9b8e797beba73bbe770cb6ecdcdcc0039306ffae6e7c53294f92803666e3fa86b1b,Irish English,ireland,What'll it take till the bank reopens?,WHAT 'LL IT TAKE TILL THE BANK REOPENS,eb668c6d06370ecdb4126c2bbdc6c20652db0043138cc222a8ebbab4a24a376c
wav2vec2_large_robust,dsuta,210,stage5ext_00843,672a3259269b97062367fcafac924cb6013a30f9e34c09eff5c41b6d81f8a9b8e797beba73bbe770cb6ecdcdcc0039306ffae6e7c53294f92803666e3fa86b1b,Irish English,ireland,I don't think this theory explains why the particles attract each other this strongly.,I DON'T THINK THIS THEORY EXPLAINS WHY THE PARTICLES ATTRACT EACH OTHER THIS STRONGLY,eb668c6d06370ecdb4126c2bbdc6c20652db0043138cc222a8ebbab4a24a376c
wav2vec2_large_robust,dsuta,210,stage5ext_00844,672a3259269b97062367fcafac924cb6013a30f9e34c09eff5c41b6d81f8a9b8e797beba73bbe770cb6ecdcdcc0039306ffae6e7c53294f92803666e3fa86b1b,Irish English,ireland,Do you mean the speech you're writing?,DO YOU MEAN TO SPEECH YOUR WRITING,eb668c6d06370ecdb4126c2bbdc6c20652db0043138cc222a8ebbab4a24a376c
wav2vec2_large_robust,dsuta,211,stage5ext_00845,672a3259269b97062367fcafac924cb6013a30f9e34c09eff5c41b6d81f8a9b8e797beba73bbe770cb6ecdcdcc0039306ffae6e7c53294f92803666e3fa86b1b,Irish English,ireland,And there you were in bed.,AND THERE YOU WERE IN BED,d7dc7ad561061128b33858ce809f34b8cbbc9a3712186daaca307fe28e5bafbd
wav2vec2_large_robust,dsuta,211,stage5ext_00846,672a3259269b97062367fcafac924cb6013a30f9e34c09eff5c41b6d81f8a9b8e797beba73bbe770cb6ecdcdcc0039306ffae6e7c53294f92803666e3fa86b1b,Irish English,ireland,I admit that I'm an alcoholic.,I ADMIT THAT I'M AN ALCOHOLIC,d7dc7ad561061128b33858ce809f34b8cbbc9a3712186daaca307fe28e5bafbd
wav2vec2_large_robust,dsuta,211,stage5ext_00847,672a3259269b97062367fcafac924cb6013a30f9e34c09eff5c41b6d81f8a9b8e797beba73bbe770cb6ecdcdcc0039306ffae6e7c53294f92803666e3fa86b1b,Irish English,ireland,What's that got to do with it?,WHAT'S THAT GOT TO DO WITH IT,d7dc7ad561061128b33858ce809f34b8cbbc9a3712186daaca307fe28e5bafbd
wav2vec2_large_robust,dsuta,211,stage5ext_00848,672a3259269b97062367fcafac924cb6013a30f9e34c09eff5c41b6d81f8a9b8e797beba73bbe770cb6ecdcdcc0039306ffae6e7c53294f92803666e3fa86b1b,Irish English,ireland,This investment won't pay off.,THIS INVESTMENT WON'T PAY OFF,d7dc7ad561061128b33858ce809f34b8cbbc9a3712186daaca307fe28e5bafbd
wav2vec2_large_robust,dsuta,212,stage5ext_00849,672a3259269b97062367fcafac924cb6013a30f9e34c09eff5c41b6d81f8a9b8e797beba73bbe770cb6ecdcdcc0039306ffae6e7c53294f92803666e3fa86b1b,Irish English,ireland,And don't forget to make him wear his raincoat in London.,AND DON'T FORGET TO MAKE HIM WEAR HIS REINCOAT IN LONDON,13314c65f7c70d8f82333fca51a1c38957cce50f83711516275c9468f2e3d537
wav2vec2_large_robust,dsuta,212,stage5ext_00850,672a3259269b97062367fcafac924cb6013a30f9e34c09eff5c41b6d81f8a9b8e797beba73bbe770cb6ecdcdcc0039306ffae6e7c53294f92803666e3fa86b1b,Irish English,ireland,This peach tart is tasty.,THIS PEACH TART IS TASTY,13314c65f7c70d8f82333fca51a1c38957cce50f83711516275c9468f2e3d537
wav2vec2_large_robust,dsuta,212,stage5ext_00851,672a3259269b97062367fcafac924cb6013a30f9e34c09eff5c41b6d81f8a9b8e797beba73bbe770cb6ecdcdcc0039306ffae6e7c53294f92803666e3fa86b1b,Irish English,ireland,I didn't say anything.,I DIDN'T SAY ANYTHING,13314c65f7c70d8f82333fca51a1c38957cce50f83711516275c9468f2e3d537
wav2vec2_large_robust,dsuta,212,stage5ext_00852,672a3259269b97062367fcafac924cb6013a30f9e34c09eff5c41b6d81f8a9b8e797beba73bbe770cb6ecdcdcc0039306ffae6e7c53294f92803666e3fa86b1b,Irish English,ireland,I don't care what you say.,I DON'T CARE WHAT YOU SAY,13314c65f7c70d8f82333fca51a1c38957cce50f83711516275c9468f2e3d537
wav2vec2_large_robust,dsuta,213,stage5ext_00853,672a3259269b97062367fcafac924cb6013a30f9e34c09eff5c41b6d81f8a9b8e797beba73bbe770cb6ecdcdcc0039306ffae6e7c53294f92803666e3fa86b1b,Irish English,ireland,I can't find it anywhere.,I CAN'T FIND IT ANYWHERE,fe3f4839838911c32da79bf050107549ce7f35c4937d62d9f2959a27bf3f1dab
wav2vec2_large_robust,dsuta,213,stage5ext_00854,672a3259269b97062367fcafac924cb6013a30f9e34c09eff5c41b6d81f8a9b8e797beba73bbe770cb6ecdcdcc0039306ffae6e7c53294f92803666e3fa86b1b,Irish English,ireland,"If a pen has no ink, it's broken.",IF A PEN HAS NO INK IT'S BROKEN,fe3f4839838911c32da79bf050107549ce7f35c4937d62d9f2959a27bf3f1dab
wav2vec2_large_robust,dsuta,213,stage5ext_00855,672a3259269b97062367fcafac924cb6013a30f9e34c09eff5c41b6d81f8a9b8e797beba73bbe770cb6ecdcdcc0039306ffae6e7c53294f92803666e3fa86b1b,Irish English,ireland,The houses were squashed together like sardines.,THE HOUSES WERE SQUASHED TOGETHER LIKE SARDINES,fe3f4839838911c32da79bf050107549ce7f35c4937d62d9f2959a27bf3f1dab
wav2vec2_large_robust,dsuta,213,stage5ext_00856,02cb893287feb15b25162b42913f21d4cef7b8b96119618c39ad96f550afc59fc5cb33155d5a3142b86ea467935fa50993f69d0e0aebf5f8b22f2a05004d4165,Irish English,ireland,To nourish the falcon.,TO NOURISH THE FALCON,fe3f4839838911c32da79bf050107549ce7f35c4937d62d9f2959a27bf3f1dab
wav2vec2_large_robust,dsuta,214,stage5ext_00857,02cb893287feb15b25162b42913f21d4cef7b8b96119618c39ad96f550afc59fc5cb33155d5a3142b86ea467935fa50993f69d0e0aebf5f8b22f2a05004d4165,Irish English,ireland,"There's gold here, he said.",THEREIS GOLD HERE HE SAID,e28a7cc17662a38422a0fb36abf651feb7e008748c732e0d8d96bd925704df89
wav2vec2_large_robust,dsuta,214,stage5ext_00858,02cb893287feb15b25162b42913f21d4cef7b8b96119618c39ad96f550afc59fc5cb33155d5a3142b86ea467935fa50993f69d0e0aebf5f8b22f2a05004d4165,Irish English,ireland,I had seen all that it would presently bring me.,I HAD SEEN ALL THAT IT WOULD PRESENTLY BRING ME,e28a7cc17662a38422a0fb36abf651feb7e008748c732e0d8d96bd925704df89
wav2vec2_large_robust,dsuta,214,stage5ext_00859,02cb893287feb15b25162b42913f21d4cef7b8b96119618c39ad96f550afc59fc5cb33155d5a3142b86ea467935fa50993f69d0e0aebf5f8b22f2a05004d4165,Irish English,ireland,It was my fear of failure that first kept me from attempting the Master Work.,IT WAS MY FEAR OF FAILURE THAT FIRST KEPT ME FROM ATTEMPTING THE MASTERWORK,e28a7cc17662a38422a0fb36abf651feb7e008748c732e0d8d96bd925704df89
wav2vec2_large_robust,dsuta,214,stage5ext_00860,02cb893287feb15b25162b42913f21d4cef7b8b96119618c39ad96f550afc59fc5cb33155d5a3142b86ea467935fa50993f69d0e0aebf5f8b22f2a05004d4165,Irish English,ireland,He saw the boy appear from the other side of the dunes.,HE SAW THE BOY APPEAR FROM THE OTHER SIDE OF THE DONES,e28a7cc17662a38422a0fb36abf651feb7e008748c732e0d8d96bd925704df89
wav2vec2_large_robust,dsuta,215,stage5ext_00861,02cb893287feb15b25162b42913f21d4cef7b8b96119618c39ad96f550afc59fc5cb33155d5a3142b86ea467935fa50993f69d0e0aebf5f8b22f2a05004d4165,Irish English,ireland,"I'm a desert woman, and I'm proud of that.",I'M A DESERT WOMAN AND I'M PROUD OF THAT,4c9c0e185f3fd7092895b9a44ea3e5ac6639c986bda8ef25a57878f14b7bf147
wav2vec2_large_robust,dsuta,215,stage5ext_00862,02cb893287feb15b25162b42913f21d4cef7b8b96119618c39ad96f550afc59fc5cb33155d5a3142b86ea467935fa50993f69d0e0aebf5f8b22f2a05004d4165,Irish English,ireland,"It's the Emerald Tablet, said the Englishman, proud that he might teach something to the boy.",IT'S THE EMERALD TABLET SAID THE ENGLISHMAN PROUD THAT HE MIGHT TEACH SOMETHING TO THE BOY,4c9c0e185f3fd7092895b9a44ea3e5ac6639c986bda8ef25a57878f14b7bf147
wav2vec2_large_robust,dsuta,215,stage5ext_00863,02cb893287feb15b25162b42913f21d4cef7b8b96119618c39ad96f550afc59fc5cb33155d5a3142b86ea467935fa50993f69d0e0aebf5f8b22f2a05004d4165,Irish English,ireland,"He stuck his hand into the pouch, and felt around for one of the stones.",HE STUCK HIS HAND IN THE POUCH AND FELT AROUND FOR ONE OF THE STONES,4c9c0e185f3fd7092895b9a44ea3e5ac6639c986bda8ef25a57878f14b7bf147
wav2vec2_large_robust,dsuta,215,stage5ext_00864,02cb893287feb15b25162b42913f21d4cef7b8b96119618c39ad96f550afc59fc5cb33155d5a3142b86ea467935fa50993f69d0e0aebf5f8b22f2a05004d4165,Irish English,ireland,"The heather was on fire, and you could see a thin blue smoke rising up slowly.",THE HEATHER WAS ON FIRE AND HE COULD SEE A THIN BLUE SMOKE RISING UP SLOWLY,4c9c0e185f3fd7092895b9a44ea3e5ac6639c986bda8ef25a57878f14b7bf147
wav2vec2_large_robust,dsuta,216,stage5ext_00865,02cb893287feb15b25162b42913f21d4cef7b8b96119618c39ad96f550afc59fc5cb33155d5a3142b86ea467935fa50993f69d0e0aebf5f8b22f2a05004d4165,Irish English,ireland,where the sand was more substantial.,WHERE THE SAND WAS MORE SUBSTANTIAL,8a65d360bff998fb2b97e09d57f3234ebb4446d9864121e42e5a4f9df38e39c4
wav2vec2_large_robust,dsuta,216,stage5ext_00866,02cb893287feb15b25162b42913f21d4cef7b8b96119618c39ad96f550afc59fc5cb33155d5a3142b86ea467935fa50993f69d0e0aebf5f8b22f2a05004d4165,Irish English,ireland,The three fell silent.,THE THREE FELL SILENT,8a65d360bff998fb2b97e09d57f3234ebb4446d9864121e42e5a4f9df38e39c4
wav2vec2_large_robust,dsuta,216,stage5ext_00867,02cb893287feb15b25162b42913f21d4cef7b8b96119618c39ad96f550afc59fc5cb33155d5a3142b86ea467935fa50993f69d0e0aebf5f8b22f2a05004d4165,Irish English,ireland,But I didn’t think that it contained any living creature.,BUT I DIDN'T THINK THAT IT CONTAINED ANY LIVING CREATURE,8a65d360bff998fb2b97e09d57f3234ebb4446d9864121e42e5a4f9df38e39c4
wav2vec2_large_robust,dsuta,216,stage5ext_00868,02cb893287feb15b25162b42913f21d4cef7b8b96119618c39ad96f550afc59fc5cb33155d5a3142b86ea467935fa50993f69d0e0aebf5f8b22f2a05004d4165,Irish English,ireland,He didn't want to cry with the other people there.,HE DIDN'T WANT TO CRY WITH THE OTHER PEOPLE THERE,8a65d360bff998fb2b97e09d57f3234ebb4446d9864121e42e5a4f9df38e39c4
wav2vec2_large_robust,dsuta,217,stage5ext_00869,02cb893287feb15b25162b42913f21d4cef7b8b96119618c39ad96f550afc59fc5cb33155d5a3142b86ea467935fa50993f69d0e0aebf5f8b22f2a05004d4165,Irish English,ireland,"About eleven, I walked back to my home in Maybury because nothing seemed to be happening.",ABOUT ELEVEN I WALKED BACK TO MY HOME IN MAYBURY BECAUSE NOTHING SEEMED TO BE HAPPENING,6ed3539a67b6a3b77f01c0654af40ccf78db2af809b3f4fe55e63c9447d78fa5
wav2vec2_large_robust,dsuta,217,stage5ext_00870,02cb893287feb15b25162b42913f21d4cef7b8b96119618c39ad96f550afc59fc5cb33155d5a3142b86ea467935fa50993f69d0e0aebf5f8b22f2a05004d4165,Irish English,ireland,That sobered him a little.,THAT SOBERED HIM A LITTLE,6ed3539a67b6a3b77f01c0654af40ccf78db2af809b3f4fe55e63c9447d78fa5
wav2vec2_large_robust,dsuta,217,stage5ext_00871,bd50f6c0e65e80961fb044a2591721940ca6cd6836496cde2353e06259e959af9c47fa4fb6d9fa8b16cc5285e232f3543059af36f41495c786198bdfd83d4b88,Irish English,ireland,Its county seat is Red Cloud.,ITS COUNTY SEAT IS REDCLOUD,6ed3539a67b6a3b77f01c0654af40ccf78db2af809b3f4fe55e63c9447d78fa5
wav2vec2_large_robust,dsuta,217,stage5ext_00872,bd50f6c0e65e80961fb044a2591721940ca6cd6836496cde2353e06259e959af9c47fa4fb6d9fa8b16cc5285e232f3543059af36f41495c786198bdfd83d4b88,Irish English,ireland,"After eighty-seven minutes of test football, Australia gained possession of the ball.",AFTER EIGHTY SEVEN MINUTES OF TEST FOOTBALL AUSTRALIA GAINED POSSESSION OF THE BALL,6ed3539a67b6a3b77f01c0654af40ccf78db2af809b3f4fe55e63c9447d78fa5
wav2vec2_large_robust,dsuta,218,stage5ext_00873,bd50f6c0e65e80961fb044a2591721940ca6cd6836496cde2353e06259e959af9c47fa4fb6d9fa8b16cc5285e232f3543059af36f41495c786198bdfd83d4b88,Irish English,ireland,The ability displayed by him in this led to his rapid advancement.,THE ABILITY DISPLAYED BY HIM IN THIS LED TO HIS RAPID ADVANCEMENT,bb8c93ca315b2c6dacea3c5c9ee95c942fcd6aee23c85eea987c7b02198d34cf
wav2vec2_large_robust,dsuta,218,stage5ext_00874,bd50f6c0e65e80961fb044a2591721940ca6cd6836496cde2353e06259e959af9c47fa4fb6d9fa8b16cc5285e232f3543059af36f41495c786198bdfd83d4b88,Irish English,ireland,The building resembled a typical Kirkbride model.,THE BUILDING RESEMBLED A TYPICAL CART BRIDE MODEL,bb8c93ca315b2c6dacea3c5c9ee95c942fcd6aee23c85eea987c7b02198d34cf
wav2vec2_large_robust,dsuta,218,stage5ext_00875,bd50f6c0e65e80961fb044a2591721940ca6cd6836496cde2353e06259e959af9c47fa4fb6d9fa8b16cc5285e232f3543059af36f41495c786198bdfd83d4b88,Irish English,ireland,"In engineering science and in other technical aspects, the term galling is widespread.",IN ENGINEERING SCIENCE AND IN OTHER TECHNICAL ASPECTS THE TERM GAULING IS WIDESPREAD,bb8c93ca315b2c6dacea3c5c9ee95c942fcd6aee23c85eea987c7b02198d34cf
wav2vec2_large_robust,dsuta,218,stage5ext_00876,bd50f6c0e65e80961fb044a2591721940ca6cd6836496cde2353e06259e959af9c47fa4fb6d9fa8b16cc5285e232f3543059af36f41495c786198bdfd83d4b88,Irish English,ireland,Zinc is a necessary nutrient for optimal yeast health and performance.,ZINK IS A NECESSARY NUTRIENT FOR OPTIMAL YEAST HEALTH AND PERFORMANCE,bb8c93ca315b2c6dacea3c5c9ee95c942fcd6aee23c85eea987c7b02198d34cf
wav2vec2_large_robust,dsuta,219,stage5ext_00877,bd50f6c0e65e80961fb044a2591721940ca6cd6836496cde2353e06259e959af9c47fa4fb6d9fa8b16cc5285e232f3543059af36f41495c786198bdfd83d4b88,Irish English,ireland,Another common type of certification in modern society is product certification.,ANOTHER COMMON TYPE OF CERTIFICATION IN MODERN SOCIETY IS PRODUCT CERTIFICATION,cc6d43c0a58f2332c888804c3c2b712fc9b327605f7eada9b5fd5bc4e0300ac4
wav2vec2_large_robust,dsuta,219,stage5ext_00878,bd50f6c0e65e80961fb044a2591721940ca6cd6836496cde2353e06259e959af9c47fa4fb6d9fa8b16cc5285e232f3543059af36f41495c786198bdfd83d4b88,Irish English,ireland,Originally usage of the road was free of charge.,ORIGINALLY USAGE OF THE ROAD WAS FREE OF CHARGE,cc6d43c0a58f2332c888804c3c2b712fc9b327605f7eada9b5fd5bc4e0300ac4
wav2vec2_large_robust,dsuta,219,stage5ext_00879,bd50f6c0e65e80961fb044a2591721940ca6cd6836496cde2353e06259e959af9c47fa4fb6d9fa8b16cc5285e232f3543059af36f41495c786198bdfd83d4b88,Irish English,ireland,"In general, there are two types of scanner setups.",IN GENERAL THERE ARE TWO TYPES OF SCANNER SETUMS,cc6d43c0a58f2332c888804c3c2b712fc9b327605f7eada9b5fd5bc4e0300ac4
wav2vec2_large_robust,dsuta,219,stage5ext_00880,bd50f6c0e65e80961fb044a2591721940ca6cd6836496cde2353e06259e959af9c47fa4fb6d9fa8b16cc5285e232f3543059af36f41495c786198bdfd83d4b88,Irish English,ireland,The equivalent Ukrainian-language surname is Lytvyn.,THE EQUIVALENT EUCRANIAN LANGUAGE SURNAME IS LOYTVEN,cc6d43c0a58f2332c888804c3c2b712fc9b327605f7eada9b5fd5bc4e0300ac4
wav2vec2_large_robust,dsuta,220,stage5ext_00881,bd50f6c0e65e80961fb044a2591721940ca6cd6836496cde2353e06259e959af9c47fa4fb6d9fa8b16cc5285e232f3543059af36f41495c786198bdfd83d4b88,Irish English,ireland,The first settlers in Isipingo arrived before the beginning of Apartheid.,THE FIRST SETTLERS IN ISAPINGO ARRIVE BEFORE THE BEGINNING OF A PARTITE,a460b612ac1f73bcf90877455e6bddf1065835b81182554d23ff7f1dc32d60d4
wav2vec2_large_robust,dsuta,220,stage5ext_00882,bd50f6c0e65e80961fb044a2591721940ca6cd6836496cde2353e06259e959af9c47fa4fb6d9fa8b16cc5285e232f3543059af36f41495c786198bdfd83d4b88,Irish English,ireland,"There is an elaborate memorial to him in Saint Edward the Confessor Church, Romford.",THERE IS AN ELABORATE MEMORIAL TO HIM IN SAINT EDWARD THE CONFESSOR CHURCH RUMFORD,a460b612ac1f73bcf90877455e6bddf1065835b81182554d23ff7f1dc32d60d4
wav2vec2_large_robust,dsuta,220,stage5ext_00883,bd50f6c0e65e80961fb044a2591721940ca6cd6836496cde2353e06259e959af9c47fa4fb6d9fa8b16cc5285e232f3543059af36f41495c786198bdfd83d4b88,Irish English,ireland,American public school system was introduced and general health and sanitation campaign was launched.,AMERICAN PUBLIC SCHOOL SYSTEM WAS INTRODUCED AND GENERAL HEALTH AND SANITATION CAMPAIGN WAS LAUNCHED,a460b612ac1f73bcf90877455e6bddf1065835b81182554d23ff7f1dc32d60d4
wav2vec2_large_robust,dsuta,220,stage5ext_00884,bd50f6c0e65e80961fb044a2591721940ca6cd6836496cde2353e06259e959af9c47fa4fb6d9fa8b16cc5285e232f3543059af36f41495c786198bdfd83d4b88,Irish English,ireland,Mponela is primarily an agricultural town without touristic interest.,UMPANELA IS PRIMARILY AN AGRICULTURAL TOWN WITHOUT TOURISTIC INTEREST,a460b612ac1f73bcf90877455e6bddf1065835b81182554d23ff7f1dc32d60d4
wav2vec2_large_robust,dsuta,221,stage5ext_00885,bd50f6c0e65e80961fb044a2591721940ca6cd6836496cde2353e06259e959af9c47fa4fb6d9fa8b16cc5285e232f3543059af36f41495c786198bdfd83d4b88,Irish English,ireland,The family lives in Suffolk.,THE FAMILY LIVES IN SUFFOLK,425383dd9b4fb25e70abf7487891d1918aed9bd76579e337aa45e58ac8d2ff23
wav2vec2_large_robust,dsuta,221,stage5ext_00886,298c0f3d5e3352df02aa3a6a7a132199f93bdccf8457a134e6133cb2cf9bc435869f9e0ed6068a4152cdd933c02fc02573e8a2d6c12bcf52810d8ab52fd60a33,Irish English,ireland,A rag will soak up spilled water.,A RAG WILL SOAK UP SPILLED WATER,425383dd9b4fb25e70abf7487891d1918aed9bd76579e337aa45e58ac8d2ff23
wav2vec2_large_robust,dsuta,221,stage5ext_00887,298c0f3d5e3352df02aa3a6a7a132199f93bdccf8457a134e6133cb2cf9bc435869f9e0ed6068a4152cdd933c02fc02573e8a2d6c12bcf52810d8ab52fd60a33,Irish English,ireland,What's it all about?,WHAT'S IT ALL ABOUT,425383dd9b4fb25e70abf7487891d1918aed9bd76579e337aa45e58ac8d2ff23
wav2vec2_large_robust,dsuta,221,stage5ext_00888,298c0f3d5e3352df02aa3a6a7a132199f93bdccf8457a134e6133cb2cf9bc435869f9e0ed6068a4152cdd933c02fc02573e8a2d6c12bcf52810d8ab52fd60a33,Irish English,ireland,Little strokes fell great oaks.,LITTLE STROKES FOUND GREAT OAKS,425383dd9b4fb25e70abf7487891d1918aed9bd76579e337aa45e58ac8d2ff23
wav2vec2_large_robust,dsuta,222,stage5ext_00889,298c0f3d5e3352df02aa3a6a7a132199f93bdccf8457a134e6133cb2cf9bc435869f9e0ed6068a4152cdd933c02fc02573e8a2d6c12bcf52810d8ab52fd60a33,Irish English,ireland,First impressions are the most lasting.,FIRST IMPRESSIONS ARE THE MOST LASTING,9eafc7959fb502157fbfa05afa6c2b090ad837b9ccbcd8bfad0700361cb3037f
wav2vec2_large_robust,dsuta,222,stage5ext_00890,298c0f3d5e3352df02aa3a6a7a132199f93bdccf8457a134e6133cb2cf9bc435869f9e0ed6068a4152cdd933c02fc02573e8a2d6c12bcf52810d8ab52fd60a33,Irish English,ireland,So you are saying that overpopulation will become an issue?,SO YOU ARE SAYING THAT OVER POPULATION WILL BECOME AN ISSUE,9eafc7959fb502157fbfa05afa6c2b090ad837b9ccbcd8bfad0700361cb3037f
wav2vec2_large_robust,dsuta,222,stage5ext_00891,298c0f3d5e3352df02aa3a6a7a132199f93bdccf8457a134e6133cb2cf9bc435869f9e0ed6068a4152cdd933c02fc02573e8a2d6c12bcf52810d8ab52fd60a33,Irish English,ireland,Stop beating around the bush.,STOP BEATING AROUND THE BUSH,9eafc7959fb502157fbfa05afa6c2b090ad837b9ccbcd8bfad0700361cb3037f
wav2vec2_large_robust,dsuta,222,stage5ext_00892,298c0f3d5e3352df02aa3a6a7a132199f93bdccf8457a134e6133cb2cf9bc435869f9e0ed6068a4152cdd933c02fc02573e8a2d6c12bcf52810d8ab52fd60a33,Irish English,ireland,The cat sat on the fence.,THE CATS SAT ON THE FENCE,9eafc7959fb502157fbfa05afa6c2b090ad837b9ccbcd8bfad0700361cb3037f
wav2vec2_large_robust,dsuta,223,stage5ext_00893,298c0f3d5e3352df02aa3a6a7a132199f93bdccf8457a134e6133cb2cf9bc435869f9e0ed6068a4152cdd933c02fc02573e8a2d6c12bcf52810d8ab52fd60a33,Irish English,ireland,That is unlikely considering it has his name on it.,THAT IS UNLIKELY CONSIDERING IT HAS HIS NAME ON IT,18bdd12031f29c2b900ecbf4c9865f8eea85fa4bd69d59738f07c347336b8bfa
wav2vec2_large_robust,dsuta,223,stage5ext_00894,298c0f3d5e3352df02aa3a6a7a132199f93bdccf8457a134e6133cb2cf9bc435869f9e0ed6068a4152cdd933c02fc02573e8a2d6c12bcf52810d8ab52fd60a33,Irish English,ireland,Loop the braid to the left and then over.,LOOPS THE BRAD TO THE LEFT AND THEN OVER,18bdd12031f29c2b900ecbf4c9865f8eea85fa4bd69d59738f07c347336b8bfa
wav2vec2_large_robust,dsuta,223,stage5ext_00895,298c0f3d5e3352df02aa3a6a7a132199f93bdccf8457a134e6133cb2cf9bc435869f9e0ed6068a4152cdd933c02fc02573e8a2d6c12bcf52810d8ab52fd60a33,Irish English,ireland,Tranquillity is the first duty of citizens,TRANQUILLITY IS THE FIRST DUTY OF CITIZENS,18bdd12031f29c2b900ecbf4c9865f8eea85fa4bd69d59738f07c347336b8bfa
wav2vec2_large_robust,dsuta,223,stage5ext_00896,298c0f3d5e3352df02aa3a6a7a132199f93bdccf8457a134e6133cb2cf9bc435869f9e0ed6068a4152cdd933c02fc02573e8a2d6c12bcf52810d8ab52fd60a33,Irish English,ireland,"Forget it, there is no such thing.",FORGET IT THERE IS NO SUCH THING,18bdd12031f29c2b900ecbf4c9865f8eea85fa4bd69d59738f07c347336b8bfa
wav2vec2_large_robust,dsuta,224,stage5ext_00897,298c0f3d5e3352df02aa3a6a7a132199f93bdccf8457a134e6133cb2cf9bc435869f9e0ed6068a4152cdd933c02fc02573e8a2d6c12bcf52810d8ab52fd60a33,Irish English,ireland,The wreck occurred by the bank on Main Street.,THE WRECK OCCURRED BY THE BANK ON MAIN STREET,5a90d5fd2eac883ad7c53508bb0405c3f6919a9a56974d9e60522ba35538e373
wav2vec2_large_robust,dsuta,224,stage5ext_00898,298c0f3d5e3352df02aa3a6a7a132199f93bdccf8457a134e6133cb2cf9bc435869f9e0ed6068a4152cdd933c02fc02573e8a2d6c12bcf52810d8ab52fd60a33,Irish English,ireland,It dribbled down the fridge.,IT DRIPPLED DOWN THE FRIGE,5a90d5fd2eac883ad7c53508bb0405c3f6919a9a56974d9e60522ba35538e373
wav2vec2_large_robust,dsuta,224,stage5ext_00899,298c0f3d5e3352df02aa3a6a7a132199f93bdccf8457a134e6133cb2cf9bc435869f9e0ed6068a4152cdd933c02fc02573e8a2d6c12bcf52810d8ab52fd60a33,Irish English,ireland,Variations on a musical air With great rapidity,VARIATIONS ON A MUSICAL AIR WITH GREAT RAPIDITY,5a90d5fd2eac883ad7c53508bb0405c3f6919a9a56974d9e60522ba35538e373
wav2vec2_large_robust,dsuta,224,stage5ext_00900,298c0f3d5e3352df02aa3a6a7a132199f93bdccf8457a134e6133cb2cf9bc435869f9e0ed6068a4152cdd933c02fc02573e8a2d6c12bcf52810d8ab52fd60a33,Irish English,ireland,He could not help it.,HE COULD NOT HELP IT,5a90d5fd2eac883ad7c53508bb0405c3f6919a9a56974d9e60522ba35538e373
