model_key,method,window_id,recording_id,speaker_id,group_id,stratum_code,reference_raw,hypothesis_raw,theta_hash
wav2vec2_large_lv60,suta,0,stage5ext_00001,c90b53f826ff81831f6499b9e1e98607e8b2c0f8bbaf8be1bf62bf27dc7ff887bd734b9a4cee852af2d1acda3e479781d7c5a8b1633407b705905c4b5049cb35,US English,us,I got drunk yesterday and thought I built a super computer.,I GOT DRUNK YESTERDAY AND THOUGHT I BUILT A SUPERCOMPUTER,8b159eb365285de448ea4a03e0109476ce9b29278347ccbd6918bec6de0a051c
wav2vec2_large_lv60,suta,0,stage5ext_00002,c90b53f826ff81831f6499b9e1e98607e8b2c0f8bbaf8be1bf62bf27dc7ff887bd734b9a4cee852af2d1acda3e479781d7c5a8b1633407b705905c4b5049cb35,US English,us,"Every file had the letter ""A"" printed on the front.",EVERY FILE HAD THE LETTER A PRINTED IN THE FRONT,8b159eb365285de448ea4a03e0109476ce9b29278347ccbd6918bec6de0a051c
wav2vec2_large_lv60,suta,0,stage5ext_00003,c90b53f826ff81831f6499b9e1e98607e8b2c0f8bbaf8be1bf62bf27dc7ff887bd734b9a4cee852af2d1acda3e479781d7c5a8b1633407b705905c4b5049cb35,US English,us,I'm not familiar with the books this author wrote.,I'M NOT FAMILIAR WITH THE BOOKS THIS AUTHOR WROTE,8b159eb365285de448ea4a03e0109476ce9b29278347ccbd6918bec6de0a051c
wav2vec2_large_lv60,suta,0,stage5ext_00004,c90b53f826ff81831f6499b9e1e98607e8b2c0f8bbaf8be1bf62bf27dc7ff887bd734b9a4cee852af2d1acda3e479781d7c5a8b1633407b705905c4b5049cb35,US English,us,Take a couple of seconds.,TAKE A COUPLE OF SECONDS,8b159eb365285de448ea4a03e0109476ce9b29278347ccbd6918bec6de0a051c
wav2vec2_large_lv60,suta,1,stage5ext_00005,c90b53f826ff81831f6499b9e1e98607e8b2c0f8bbaf8be1bf62bf27dc7ff887bd734b9a4cee852af2d1acda3e479781d7c5a8b1633407b705905c4b5049cb35,US English,us,But I sort of like him.,BUT I SORT OF LIKE HIM,c604d154c82c730f93703c6884acd5f4d25448465f322583455b91e72d27db54
wav2vec2_large_lv60,suta,1,stage5ext_00006,c90b53f826ff81831f6499b9e1e98607e8b2c0f8bbaf8be1bf62bf27dc7ff887bd734b9a4cee852af2d1acda3e479781d7c5a8b1633407b705905c4b5049cb35,US English,us,I'll be a monkey's uncle!,I'LL BE A MONKEY'S UNCLE,c604d154c82c730f93703c6884acd5f4d25448465f322583455b91e72d27db54
wav2vec2_large_lv60,suta,1,stage5ext_00007,c90b53f826ff81831f6499b9e1e98607e8b2c0f8bbaf8be1bf62bf27dc7ff887bd734b9a4cee852af2d1acda3e479781d7c5a8b1633407b705905c4b5049cb35,US English,us,Is it for further automatic processing?,IS IT FOR FURTHER AUTOMATIC PROCESSING,c604d154c82c730f93703c6884acd5f4d25448465f322583455b91e72d27db54
wav2vec2_large_lv60,suta,1,stage5ext_00008,c90b53f826ff81831f6499b9e1e98607e8b2c0f8bbaf8be1bf62bf27dc7ff887bd734b9a4cee852af2d1acda3e479781d7c5a8b1633407b705905c4b5049cb35,US English,us,I don't like coconuts.,I DON'T LIKE COCONUTS,c604d154c82c730f93703c6884acd5f4d25448465f322583455b91e72d27db54
wav2vec2_large_lv60,suta,2,stage5ext_00009,c90b53f826ff81831f6499b9e1e98607e8b2c0f8bbaf8be1bf62bf27dc7ff887bd734b9a4cee852af2d1acda3e479781d7c5a8b1633407b705905c4b5049cb35,US English,us,He hunched his back and plodded through the heavy rain.,HE HUNCHED HIS BACK AND PLOTTED THROUGH THE HEAVY RAIN,c8fe45e68abe5fb868bd8c3ffaef3cd6738674cf1d83aed3708aeba001108f9c
wav2vec2_large_lv60,suta,2,stage5ext_00010,c90b53f826ff81831f6499b9e1e98607e8b2c0f8bbaf8be1bf62bf27dc7ff887bd734b9a4cee852af2d1acda3e479781d7c5a8b1633407b705905c4b5049cb35,US English,us,Are you running a business or a charity ward?,ARE YOU RUNNING A BUSINESS OR A CHARITY WARD,c8fe45e68abe5fb868bd8c3ffaef3cd6738674cf1d83aed3708aeba001108f9c
wav2vec2_large_lv60,suta,2,stage5ext_00011,c90b53f826ff81831f6499b9e1e98607e8b2c0f8bbaf8be1bf62bf27dc7ff887bd734b9a4cee852af2d1acda3e479781d7c5a8b1633407b705905c4b5049cb35,US English,us,There were lights in the upper windows of the houses when the people went to bed.,THERE WERE LIGHTS IN THE UPPER WINDOWS OF THE HOUSES WHEN THE PEOPLE WENT TO BED,c8fe45e68abe5fb868bd8c3ffaef3cd6738674cf1d83aed3708aeba001108f9c
wav2vec2_large_lv60,suta,2,stage5ext_00012,c90b53f826ff81831f6499b9e1e98607e8b2c0f8bbaf8be1bf62bf27dc7ff887bd734b9a4cee852af2d1acda3e479781d7c5a8b1633407b705905c4b5049cb35,US English,us,On warm days and when doing sports you should drink more.,ON WARM DAYS AND WHEN DOING SPORTS YOU SHOULD DRINK MORE,c8fe45e68abe5fb868bd8c3ffaef3cd6738674cf1d83aed3708aeba001108f9c
wav2vec2_large_lv60,suta,3,stage5ext_00013,c90b53f826ff81831f6499b9e1e98607e8b2c0f8bbaf8be1bf62bf27dc7ff887bd734b9a4cee852af2d1acda3e479781d7c5a8b1633407b705905c4b5049cb35,US English,us,"At once, he connected the two incidents.",AT ONCE HE CONNECTED THE TWO INCIDENTS,2471fd0972ba0afbff8fd36057d90e202ebb90df229f8e7a2654cb6b4d2a74d1
wav2vec2_large_lv60,suta,3,stage5ext_00014,c90b53f826ff81831f6499b9e1e98607e8b2c0f8bbaf8be1bf62bf27dc7ff887bd734b9a4cee852af2d1acda3e479781d7c5a8b1633407b705905c4b5049cb35,US English,us,A pox upon me for a clumsy thing.,A PUX UPON ME FOR A CLUMSY THING,2471fd0972ba0afbff8fd36057d90e202ebb90df229f8e7a2654cb6b4d2a74d1
wav2vec2_large_lv60,suta,3,stage5ext_00015,c90b53f826ff81831f6499b9e1e98607e8b2c0f8bbaf8be1bf62bf27dc7ff887bd734b9a4cee852af2d1acda3e479781d7c5a8b1633407b705905c4b5049cb35,US English,us,Are you sure that Joe case is going on next week?,ARE YOU SURE THAT JO CASE IS GOING ON NEXT WEEK,2471fd0972ba0afbff8fd36057d90e202ebb90df229f8e7a2654cb6b4d2a74d1
wav2vec2_large_lv60,suta,3,stage5ext_00016,57d6c1695947f141cd774bb8c8435e7e20bc7b2a83cd78ef5db4e546fb137b56b44617942cb1a58e017af6161f63d53cdf17fa4f9dcb830bfc0518e94b214837,US English,us,"When you're at a party and somebody says ""banana bread"", a sniper might be near you.",WHEN YOU ARE AT A PARTY AND SOMEBODY SAYS BONANA BREAD SNIPER MIGHT BE NEAR YOU,2471fd0972ba0afbff8fd36057d90e202ebb90df229f8e7a2654cb6b4d2a74d1
wav2vec2_large_lv60,suta,4,stage5ext_00017,57d6c1695947f141cd774bb8c8435e7e20bc7b2a83cd78ef5db4e546fb137b56b44617942cb1a58e017af6161f63d53cdf17fa4f9dcb830bfc0518e94b214837,US English,us,"It was not clear who had the right of way, since the traffic lights were off.",IT WAS NOT CLEAR WHO HAD THE RIGHT OF VAY SINCE THE TRAFFIC LIGHTS WERE OFF,dc1e586b2af77e1de03a4732b031607796b9faf008b1f59665ed8c343639ec4f
wav2vec2_large_lv60,suta,4,stage5ext_00018,57d6c1695947f141cd774bb8c8435e7e20bc7b2a83cd78ef5db4e546fb137b56b44617942cb1a58e017af6161f63d53cdf17fa4f9dcb830bfc0518e94b214837,US English,us,What did you do it for?,WHAT DID YOU DO IT FOR,dc1e586b2af77e1de03a4732b031607796b9faf008b1f59665ed8c343639ec4f
wav2vec2_large_lv60,suta,4,stage5ext_00019,57d6c1695947f141cd774bb8c8435e7e20bc7b2a83cd78ef5db4e546fb137b56b44617942cb1a58e017af6161f63d53cdf17fa4f9dcb830bfc0518e94b214837,US English,us,"James Watt didn't invent the steam engine, but he improved it significantly.",HAMAS WOT DIDN'T INVENT A STEAM ENGINE BUT HE IMPROVED IT SIGNIFICANTLY,dc1e586b2af77e1de03a4732b031607796b9faf008b1f59665ed8c343639ec4f
wav2vec2_large_lv60,suta,4,stage5ext_00020,57d6c1695947f141cd774bb8c8435e7e20bc7b2a83cd78ef5db4e546fb137b56b44617942cb1a58e017af6161f63d53cdf17fa4f9dcb830bfc0518e94b214837,US English,us,"When he got the call, Ali ran out of the store, down the street, and into the car.",WHEN HE GOT THE CALL ALE RAN OUT OF THE STORE DOWN THE STREET AND INTO THE CAR,dc1e586b2af77e1de03a4732b031607796b9faf008b1f59665ed8c343639ec4f
wav2vec2_large_lv60,suta,5,stage5ext_00021,57d6c1695947f141cd774bb8c8435e7e20bc7b2a83cd78ef5db4e546fb137b56b44617942cb1a58e017af6161f63d53cdf17fa4f9dcb830bfc0518e94b214837,US English,us,What has become of him?,WHAT HAS BECOME OF HIM,20a239243a54df0e18c2fbf0320e968659c09560a73500fd3cdb486f47d1346f
wav2vec2_large_lv60,suta,5,stage5ext_00022,57d6c1695947f141cd774bb8c8435e7e20bc7b2a83cd78ef5db4e546fb137b56b44617942cb1a58e017af6161f63d53cdf17fa4f9dcb830bfc0518e94b214837,US English,us,"After the dance, they went straight home.",AFTER THE DANCE THEY WENT STRAIGHT HOME,20a239243a54df0e18c2fbf0320e968659c09560a73500fd3cdb486f47d1346f
wav2vec2_large_lv60,suta,5,stage5ext_00023,57d6c1695947f141cd774bb8c8435e7e20bc7b2a83cd78ef5db4e546fb137b56b44617942cb1a58e017af6161f63d53cdf17fa4f9dcb830bfc0518e94b214837,US English,us,"Jellyfish can cause serious injuries, the physician explained to the patient.",JELOFISH TANG CAUSED SERIOUS INJURIES THE PHYSICIAN EXPLAINED TO THE PATIENT,20a239243a54df0e18c2fbf0320e968659c09560a73500fd3cdb486f47d1346f
wav2vec2_large_lv60,suta,5,stage5ext_00024,57d6c1695947f141cd774bb8c8435e7e20bc7b2a83cd78ef5db4e546fb137b56b44617942cb1a58e017af6161f63d53cdf17fa4f9dcb830bfc0518e94b214837,US English,us,"Writing, the best memory.",WRITING THE BEST MEMORY,20a239243a54df0e18c2fbf0320e968659c09560a73500fd3cdb486f47d1346f
wav2vec2_large_lv60,suta,6,stage5ext_00025,57d6c1695947f141cd774bb8c8435e7e20bc7b2a83cd78ef5db4e546fb137b56b44617942cb1a58e017af6161f63d53cdf17fa4f9dcb830bfc0518e94b214837,US English,us,What does she say?,WHAT DOES SHE SAY,2d13888e67b9b8c1dd7486fbbbaa541b8299d7f7d682c4fbd83e8d2e40462426
wav2vec2_large_lv60,suta,6,stage5ext_00026,57d6c1695947f141cd774bb8c8435e7e20bc7b2a83cd78ef5db4e546fb137b56b44617942cb1a58e017af6161f63d53cdf17fa4f9dcb830bfc0518e94b214837,US English,us,What do you want of me?,WHAT DO YOU WANT OF ME,2d13888e67b9b8c1dd7486fbbbaa541b8299d7f7d682c4fbd83e8d2e40462426
wav2vec2_large_lv60,suta,6,stage5ext_00027,57d6c1695947f141cd774bb8c8435e7e20bc7b2a83cd78ef5db4e546fb137b56b44617942cb1a58e017af6161f63d53cdf17fa4f9dcb830bfc0518e94b214837,US English,us,Why do people even eat peanut butter and jelly?,WHY DO PEOPLE EVEN EAT PEANUT BUTTER AND JELLY,2d13888e67b9b8c1dd7486fbbbaa541b8299d7f7d682c4fbd83e8d2e40462426
wav2vec2_large_lv60,suta,6,stage5ext_00028,57d6c1695947f141cd774bb8c8435e7e20bc7b2a83cd78ef5db4e546fb137b56b44617942cb1a58e017af6161f63d53cdf17fa4f9dcb830bfc0518e94b214837,US English,us,But what can I do?,BUT WHAT CAN I DO,2d13888e67b9b8c1dd7486fbbbaa541b8299d7f7d682c4fbd83e8d2e40462426
wav2vec2_large_lv60,suta,7,stage5ext_00029,57d6c1695947f141cd774bb8c8435e7e20bc7b2a83cd78ef5db4e546fb137b56b44617942cb1a58e017af6161f63d53cdf17fa4f9dcb830bfc0518e94b214837,US English,us,What is the meaning of this?,WHAT IS THE MEANING OF THIS,82d4f85850255e224b9e4e864fd80aa2fdc79e743e86832bf488b53e56213f53
wav2vec2_large_lv60,suta,7,stage5ext_00030,57d6c1695947f141cd774bb8c8435e7e20bc7b2a83cd78ef5db4e546fb137b56b44617942cb1a58e017af6161f63d53cdf17fa4f9dcb830bfc0518e94b214837,US English,us,What does he look like?,WHAT DOES HE LOOK LIKE,82d4f85850255e224b9e4e864fd80aa2fdc79e743e86832bf488b53e56213f53
wav2vec2_large_lv60,suta,7,stage5ext_00031,d477a12247cce9a9c0954e6ee3ae16aed2930112fa26700f19af15658b5c71e2dc818d72e0034c8181da642cabf8f6c15f4d900b88bcab83d583944934f4c237,US English,us,Albert's rule was characterised by dissent.,ALBERT'S RULE WAS CHARACTERIZED BY DISCENT,82d4f85850255e224b9e4e864fd80aa2fdc79e743e86832bf488b53e56213f53
wav2vec2_large_lv60,suta,7,stage5ext_00032,d477a12247cce9a9c0954e6ee3ae16aed2930112fa26700f19af15658b5c71e2dc818d72e0034c8181da642cabf8f6c15f4d900b88bcab83d583944934f4c237,US English,us,Because of Jesus' command to his disciples to Do this in remembrance of me.,BECAUSE OF JESUS COMMAND TO HIS DISCIPLES TO DO THIS IN REMEMBRANCE OF ME,82d4f85850255e224b9e4e864fd80aa2fdc79e743e86832bf488b53e56213f53
wav2vec2_large_lv60,suta,8,stage5ext_00033,d477a12247cce9a9c0954e6ee3ae16aed2930112fa26700f19af15658b5c71e2dc818d72e0034c8181da642cabf8f6c15f4d900b88bcab83d583944934f4c237,US English,us,"Adkins contributed to numerous other fan publications, including ""Amra"", ""Vega"" and ""Xero"".",ATKINS CONTRIBUTED TO NUMEROUS OTHER FAN PUBLICATIONS INCLUDING AMERA VEGA AND ZERO,1ca3a36980068f2681229d42dc1f0f0760ba870a162320cf9ca6d65aab706790
wav2vec2_large_lv60,suta,8,stage5ext_00034,d477a12247cce9a9c0954e6ee3ae16aed2930112fa26700f19af15658b5c71e2dc818d72e0034c8181da642cabf8f6c15f4d900b88bcab83d583944934f4c237,US English,us,The film image at this section of the newsreel is that of Hitler.,THE FILM IMAGE AT THIS SECTION OF THE NEWS REEL IS THAT OF HITLER,1ca3a36980068f2681229d42dc1f0f0760ba870a162320cf9ca6d65aab706790
wav2vec2_large_lv60,suta,8,stage5ext_00035,d477a12247cce9a9c0954e6ee3ae16aed2930112fa26700f19af15658b5c71e2dc818d72e0034c8181da642cabf8f6c15f4d900b88bcab83d583944934f4c237,US English,us,One of the company's early cars was the Pittsburgher.,ONE OF THE COMPANY'S EARLY CARS WAS THE PITTSBURGER,1ca3a36980068f2681229d42dc1f0f0760ba870a162320cf9ca6d65aab706790
wav2vec2_large_lv60,suta,8,stage5ext_00036,d477a12247cce9a9c0954e6ee3ae16aed2930112fa26700f19af15658b5c71e2dc818d72e0034c8181da642cabf8f6c15f4d900b88bcab83d583944934f4c237,US English,us,"Compare also Philo, Leg.",COMPARE ALSO FILO LEG,1ca3a36980068f2681229d42dc1f0f0760ba870a162320cf9ca6d65aab706790
wav2vec2_large_lv60,suta,9,stage5ext_00037,d477a12247cce9a9c0954e6ee3ae16aed2930112fa26700f19af15658b5c71e2dc818d72e0034c8181da642cabf8f6c15f4d900b88bcab83d583944934f4c237,US English,us,"Sir Charles Beaumont Phipps and his third, Edmund Phipps, a lawyer and author.",SIR CHARLES BEAUMONT PHIPPS AND HIS THIRD EDMUND PHIPPS A LAWYER AND AUTHOR,c63cb92ae6b37ceb3115858267a2f374918d3afdc024b791ac8ae8000e38b7aa
wav2vec2_large_lv60,suta,9,stage5ext_00038,d477a12247cce9a9c0954e6ee3ae16aed2930112fa26700f19af15658b5c71e2dc818d72e0034c8181da642cabf8f6c15f4d900b88bcab83d583944934f4c237,US English,us,Just behind the church is the old bridge.,JUST BEHIND THE CHURCH IS THE OLD BRIDGE,c63cb92ae6b37ceb3115858267a2f374918d3afdc024b791ac8ae8000e38b7aa
wav2vec2_large_lv60,suta,9,stage5ext_00039,d477a12247cce9a9c0954e6ee3ae16aed2930112fa26700f19af15658b5c71e2dc818d72e0034c8181da642cabf8f6c15f4d900b88bcab83d583944934f4c237,US English,us,This feature forces parasitologists to use advanced biostatistical methodologies.,THIS FEATURE FORCES PARASITOLOGISTS TO USE ADVANCED BIOSTATISTICAL METHODOLOGIES,c63cb92ae6b37ceb3115858267a2f374918d3afdc024b791ac8ae8000e38b7aa
wav2vec2_large_lv60,suta,9,stage5ext_00040,d477a12247cce9a9c0954e6ee3ae16aed2930112fa26700f19af15658b5c71e2dc818d72e0034c8181da642cabf8f6c15f4d900b88bcab83d583944934f4c237,US English,us,Dairy farming is an important industry in the area.,DAIRY FARMING IS AN IMPORTANT INDUSTRY IN THE AREA,c63cb92ae6b37ceb3115858267a2f374918d3afdc024b791ac8ae8000e38b7aa
wav2vec2_large_lv60,suta,10,stage5ext_00041,d477a12247cce9a9c0954e6ee3ae16aed2930112fa26700f19af15658b5c71e2dc818d72e0034c8181da642cabf8f6c15f4d900b88bcab83d583944934f4c237,US English,us,Sagan's number is the number of stars in the observable universe.,SEGAN'S NUMBER IS THE NUMBER OF STARS IN THE OBSERVABLE UNIVERSE,677162241b2892be743582bd0acd2f8d39906547c05396baec1078b0d21bd09e
wav2vec2_large_lv60,suta,10,stage5ext_00042,d477a12247cce9a9c0954e6ee3ae16aed2930112fa26700f19af15658b5c71e2dc818d72e0034c8181da642cabf8f6c15f4d900b88bcab83d583944934f4c237,US English,us,He went to Providence Elementary and Webster County High School.,HE WENT TO PROVIDENCE ELEMENTARY AT WEBSTER COUNTY HIGH SCHOOL,677162241b2892be743582bd0acd2f8d39906547c05396baec1078b0d21bd09e
wav2vec2_large_lv60,suta,10,stage5ext_00043,d477a12247cce9a9c0954e6ee3ae16aed2930112fa26700f19af15658b5c71e2dc818d72e0034c8181da642cabf8f6c15f4d900b88bcab83d583944934f4c237,US English,us,Doctor Rodd received her Ph.D. in Biology from York University in Toronto.,DOCTOR RODD RECEIVED HER P H D IN BIOLOGY FROM YORK UNIVERSITY IN TORONTO,677162241b2892be743582bd0acd2f8d39906547c05396baec1078b0d21bd09e
wav2vec2_large_lv60,suta,10,stage5ext_00044,d477a12247cce9a9c0954e6ee3ae16aed2930112fa26700f19af15658b5c71e2dc818d72e0034c8181da642cabf8f6c15f4d900b88bcab83d583944934f4c237,US English,us,One of the largest was Starodubaka.,ONE OF THE LARGEST WAS STARO DU BACA,677162241b2892be743582bd0acd2f8d39906547c05396baec1078b0d21bd09e
wav2vec2_large_lv60,suta,11,stage5ext_00045,d477a12247cce9a9c0954e6ee3ae16aed2930112fa26700f19af15658b5c71e2dc818d72e0034c8181da642cabf8f6c15f4d900b88bcab83d583944934f4c237,US English,us,It is based on the concept of 'equivalence'.,IT IS BASED ON THE CONCEPT OF EQUIVALENTS,7a13cafeed70d93e359378933bcdb21ac72759f4314b92b469a40c8c361d03b1
wav2vec2_large_lv60,suta,11,stage5ext_00046,afd10118899991b7e4af3edddf0c749daf768b6669e68c04c2827d572d39771015c17ec7fd8143657ba077a731375c6fa34f2012588f8cb1b78d923a01178ac7,US English,us,"Excerpts were also printed in the ""Wall Street Journal"".",AT FIR HE OTTER TI TID HIMALOT TO BON,7a13cafeed70d93e359378933bcdb21ac72759f4314b92b469a40c8c361d03b1
wav2vec2_large_lv60,suta,11,stage5ext_00047,afd10118899991b7e4af3edddf0c749daf768b6669e68c04c2827d572d39771015c17ec7fd8143657ba077a731375c6fa34f2012588f8cb1b78d923a01178ac7,US English,us,She also sits on the Board of Directors for the Canada West Foundation.,SHE OFFERED TIV HIM A BODE TI ATEFE THETENEVE ET FOUNDATON,7a13cafeed70d93e359378933bcdb21ac72759f4314b92b469a40c8c361d03b1
wav2vec2_large_lv60,suta,11,stage5ext_00048,afd10118899991b7e4af3edddf0c749daf768b6669e68c04c2827d572d39771015c17ec7fd8143657ba077a731375c6fa34f2012588f8cb1b78d923a01178ac7,US English,us,"Like other opioid drugs, pethidine has the potential to cause physical dependence or addiction.",LIKE OTHER OBIO DRUGS TAT VALUTY INHEE THETEMTI TECAUSE PISICAL TEPENDENCE OR AVICTION,7a13cafeed70d93e359378933bcdb21ac72759f4314b92b469a40c8c361d03b1
wav2vec2_large_lv60,suta,12,stage5ext_00049,afd10118899991b7e4af3edddf0c749daf768b6669e68c04c2827d572d39771015c17ec7fd8143657ba077a731375c6fa34f2012588f8cb1b78d923a01178ac7,US English,us,"He was interested in sciences, and had a sizable library.",TE INTEIFTY TIN WICH EHE TESITE THE LIBRARY,3950ffc8a8fe015595028dde481bb70b21749bdefc41fb818750c5fc6588c3ed
wav2vec2_large_lv60,suta,12,stage5ext_00050,afd10118899991b7e4af3edddf0c749daf768b6669e68c04c2827d572d39771015c17ec7fd8143657ba077a731375c6fa34f2012588f8cb1b78d923a01178ac7,US English,us,The addition would become known on-air as Television Park.,THE ADDITION WOULD BECOME KNOWN ON AIR AS TELEVISION PARK,3950ffc8a8fe015595028dde481bb70b21749bdefc41fb818750c5fc6588c3ed
wav2vec2_large_lv60,suta,12,stage5ext_00051,afd10118899991b7e4af3edddf0c749daf768b6669e68c04c2827d572d39771015c17ec7fd8143657ba077a731375c6fa34f2012588f8cb1b78d923a01178ac7,US English,us,"However, molecular studies separate ""Gromia"" from the others, which must therefore be renamed.",HOWEVER MILECUE TADY SEPARATE GUANIA FROM THE OTHER IT MUST THEREFORE BE THE NAME,3950ffc8a8fe015595028dde481bb70b21749bdefc41fb818750c5fc6588c3ed
wav2vec2_large_lv60,suta,12,stage5ext_00052,afd10118899991b7e4af3edddf0c749daf768b6669e68c04c2827d572d39771015c17ec7fd8143657ba077a731375c6fa34f2012588f8cb1b78d923a01178ac7,US English,us,It was named for the Dakota people.,IT WAS NAMED FOR THE DAKOTA PEOPLE,3950ffc8a8fe015595028dde481bb70b21749bdefc41fb818750c5fc6588c3ed
wav2vec2_large_lv60,suta,13,stage5ext_00053,afd10118899991b7e4af3edddf0c749daf768b6669e68c04c2827d572d39771015c17ec7fd8143657ba077a731375c6fa34f2012588f8cb1b78d923a01178ac7,US English,us,"The song is featured on the live album ""Live Killers"".",THE SONG IS FEATURED ON THE LITHE ALBUM LIVE KILLERS,15bd7917dd620cd1b30f087e9e7e0c68a23ee2eb8572fd4cadd28b8a82c1d142
wav2vec2_large_lv60,suta,13,stage5ext_00054,afd10118899991b7e4af3edddf0c749daf768b6669e68c04c2827d572d39771015c17ec7fd8143657ba077a731375c6fa34f2012588f8cb1b78d923a01178ac7,US English,us,"On some folios, the differing colors of ink are arranged to form geometric patterns.",ON SOME FOLIOS THE DIFFERING COLORS OF INK ARE ARRANGED TO FORM GEOMETRIC PATTERNS,15bd7917dd620cd1b30f087e9e7e0c68a23ee2eb8572fd4cadd28b8a82c1d142
wav2vec2_large_lv60,suta,13,stage5ext_00055,afd10118899991b7e4af3edddf0c749daf768b6669e68c04c2827d572d39771015c17ec7fd8143657ba077a731375c6fa34f2012588f8cb1b78d923a01178ac7,US English,us,This handy percussion instrument is very similar to the pan-Indian damaru.,THIS HANDY PRECUSSION INSTRUMENT IS VERY SIMILAR TO THE PAN INDIAN DAMAROO,15bd7917dd620cd1b30f087e9e7e0c68a23ee2eb8572fd4cadd28b8a82c1d142
wav2vec2_large_lv60,suta,13,stage5ext_00056,afd10118899991b7e4af3edddf0c749daf768b6669e68c04c2827d572d39771015c17ec7fd8143657ba077a731375c6fa34f2012588f8cb1b78d923a01178ac7,US English,us,The Louisville Cardinal serves as an outlet and learning experience for aspiring journalists.,TELITEVEL COTTIN A FETI TEAIPIN ONIN TE FLAGE TE FIRY DOR,15bd7917dd620cd1b30f087e9e7e0c68a23ee2eb8572fd4cadd28b8a82c1d142
wav2vec2_large_lv60,suta,14,stage5ext_00057,afd10118899991b7e4af3edddf0c749daf768b6669e68c04c2827d572d39771015c17ec7fd8143657ba077a731375c6fa34f2012588f8cb1b78d923a01178ac7,US English,us,A distinctive feature of the system was support for Coaching.,IT EPENTED PETUR OF THETITEM TE WOT TETETIN,f8a11b252cba5e8893645847a1c5262b9c60ab166c74fcf9f20ee2decf9f85e3
wav2vec2_large_lv60,suta,14,stage5ext_00058,afd10118899991b7e4af3edddf0c749daf768b6669e68c04c2827d572d39771015c17ec7fd8143657ba077a731375c6fa34f2012588f8cb1b78d923a01178ac7,US English,us,There was no heroism and no villainy.,THERE WAS NO BOIVIN A NEIGBORON,f8a11b252cba5e8893645847a1c5262b9c60ab166c74fcf9f20ee2decf9f85e3
wav2vec2_large_lv60,suta,14,stage5ext_00059,afd10118899991b7e4af3edddf0c749daf768b6669e68c04c2827d572d39771015c17ec7fd8143657ba077a731375c6fa34f2012588f8cb1b78d923a01178ac7,US English,us,Ground was broken for Saint Ann's Church in New Galilee.,GROUND WAS BROKEN FOR SAINT ANN'S CHURCH IN NEW GALILEE,f8a11b252cba5e8893645847a1c5262b9c60ab166c74fcf9f20ee2decf9f85e3
wav2vec2_large_lv60,suta,14,stage5ext_00060,afd10118899991b7e4af3edddf0c749daf768b6669e68c04c2827d572d39771015c17ec7fd8143657ba077a731375c6fa34f2012588f8cb1b78d923a01178ac7,US English,us,To the east is the statue of King Norodom sits on a white horse.,TO THE EAST IS THE STATUE OF KING NORIDAM SITS ON A WHITE HORSE,f8a11b252cba5e8893645847a1c5262b9c60ab166c74fcf9f20ee2decf9f85e3
wav2vec2_large_lv60,suta,15,stage5ext_00061,264ab06df2796194c32a09afcb46bc2cbad9165d564f7d08af3b830436d4b292cec680793da0f1fea42128c902e8f92ba59717fcaa074c604a2bae440800743b,US English,us,There can also be underlying medical reasons for urinary incontinence which are often treatable.,THERE CAN ALSO BE UNDERLYING MEDICAL REASONS FOR URINARY INCONTINENTS WHICH ARE OFTEN TREATABLE,1da7652f39269be0e01818ae60c9a17930083e1f309a1630de91cc33cff12a3a
wav2vec2_large_lv60,suta,15,stage5ext_00062,264ab06df2796194c32a09afcb46bc2cbad9165d564f7d08af3b830436d4b292cec680793da0f1fea42128c902e8f92ba59717fcaa074c604a2bae440800743b,US English,us,PubChem consists of three dynamically growing primary databases.,PUB KEM CONSISTS OF THREE DYNAMICALLY GROWING PRIMARY DATA BASES,1da7652f39269be0e01818ae60c9a17930083e1f309a1630de91cc33cff12a3a
wav2vec2_large_lv60,suta,15,stage5ext_00063,264ab06df2796194c32a09afcb46bc2cbad9165d564f7d08af3b830436d4b292cec680793da0f1fea42128c902e8f92ba59717fcaa074c604a2bae440800743b,US English,us,"Europe, in particular ancient Greece, was the birthplace of Western civilization.",EUROPE IN PARTICULAR ANCIENT GREECE WAS THE BIRTHPLACE OF WESTERN CIVILIZATION,1da7652f39269be0e01818ae60c9a17930083e1f309a1630de91cc33cff12a3a
wav2vec2_large_lv60,suta,15,stage5ext_00064,264ab06df2796194c32a09afcb46bc2cbad9165d564f7d08af3b830436d4b292cec680793da0f1fea42128c902e8f92ba59717fcaa074c604a2bae440800743b,US English,us,It originally went through unincorporated small comminities such as Leslie and Arat.,IT ORIGINALLY WENT THROUGH UNINCORPORATED SMALL COMMUNITIES SUCH AS LEDLEY AND ARAT,1da7652f39269be0e01818ae60c9a17930083e1f309a1630de91cc33cff12a3a
wav2vec2_large_lv60,suta,16,stage5ext_00065,264ab06df2796194c32a09afcb46bc2cbad9165d564f7d08af3b830436d4b292cec680793da0f1fea42128c902e8f92ba59717fcaa074c604a2bae440800743b,US English,us,A self-homeomorphism is a homeomorphism of a topological space and itself.,A SELF HOMIOMORPHISM IS A HOMIOMORPHISM OF A TOPOLOGICAL SPACE AND ITSELF,8ae9cb9d428400914ed54b7ebb7359fdba142758535a6167786eb341b6f8ca1c
wav2vec2_large_lv60,suta,16,stage5ext_00066,264ab06df2796194c32a09afcb46bc2cbad9165d564f7d08af3b830436d4b292cec680793da0f1fea42128c902e8f92ba59717fcaa074c604a2bae440800743b,US English,us,"Since that time, additional relationships have formed under the auspices of the town connection.",SINCE THAT TIME ADDITIONAL RELATIONSHIPS HAVE FORMED UNDER THE AUSPICES OF THE TOWN CONNECTION,8ae9cb9d428400914ed54b7ebb7359fdba142758535a6167786eb341b6f8ca1c
wav2vec2_large_lv60,suta,16,stage5ext_00067,264ab06df2796194c32a09afcb46bc2cbad9165d564f7d08af3b830436d4b292cec680793da0f1fea42128c902e8f92ba59717fcaa074c604a2bae440800743b,US English,us,Local humane societies across the nation resisted.,LOCAL HUMANE SOCIETIES ACROSS THE NATION RESISTED,8ae9cb9d428400914ed54b7ebb7359fdba142758535a6167786eb341b6f8ca1c
wav2vec2_large_lv60,suta,16,stage5ext_00068,264ab06df2796194c32a09afcb46bc2cbad9165d564f7d08af3b830436d4b292cec680793da0f1fea42128c902e8f92ba59717fcaa074c604a2bae440800743b,US English,us,"It specializes in care for stroke, cardiac and amputees patients needing rehabilitation needs.",IT SPECIALIZES IN CARE FOR STROKE CARDIAC AND AMPUTEESE PATIENTS NEEDING REHABILITATION NEEDS,8ae9cb9d428400914ed54b7ebb7359fdba142758535a6167786eb341b6f8ca1c
wav2vec2_large_lv60,suta,17,stage5ext_00069,264ab06df2796194c32a09afcb46bc2cbad9165d564f7d08af3b830436d4b292cec680793da0f1fea42128c902e8f92ba59717fcaa074c604a2bae440800743b,US English,us,"“It’s extremely interesting,” Anne told Deborah.",IT'S EXTREMELY INTERESTING ANNE TOLD DEBORA,421d224ed8eccd7781b2ad7eeaf411825d341478da0b3d0f9f39a366b3047c02
wav2vec2_large_lv60,suta,17,stage5ext_00070,264ab06df2796194c32a09afcb46bc2cbad9165d564f7d08af3b830436d4b292cec680793da0f1fea42128c902e8f92ba59717fcaa074c604a2bae440800743b,US English,us,Grangeville enjoys close access to scenic and wildlife areas.,GRANGEVILLE ENJOYS CLOSE ACCESS TO SCENIC AND WILD LIFE AREAS,421d224ed8eccd7781b2ad7eeaf411825d341478da0b3d0f9f39a366b3047c02
wav2vec2_large_lv60,suta,17,stage5ext_00071,264ab06df2796194c32a09afcb46bc2cbad9165d564f7d08af3b830436d4b292cec680793da0f1fea42128c902e8f92ba59717fcaa074c604a2bae440800743b,US English,us,He discovered that this was not the case.,HE DISCOVERED THAT THIS WAS NOT THE CASE,421d224ed8eccd7781b2ad7eeaf411825d341478da0b3d0f9f39a366b3047c02
wav2vec2_large_lv60,suta,17,stage5ext_00072,264ab06df2796194c32a09afcb46bc2cbad9165d564f7d08af3b830436d4b292cec680793da0f1fea42128c902e8f92ba59717fcaa074c604a2bae440800743b,US English,us,There are four communities in Denmark with the same name.,THERE ARE FOUR COMMUNITIES IN DENMARK WITH THE SAME NAME,421d224ed8eccd7781b2ad7eeaf411825d341478da0b3d0f9f39a366b3047c02
wav2vec2_large_lv60,suta,18,stage5ext_00073,264ab06df2796194c32a09afcb46bc2cbad9165d564f7d08af3b830436d4b292cec680793da0f1fea42128c902e8f92ba59717fcaa074c604a2bae440800743b,US English,us,He plays all three outfield positions.,HE PLAYS ALL THREE OUTFIELD POSITIONS,0d5a63ba21d9dcc05d305e10fdd71e01142d4f3c9f37c36b1187666f5500bc04
wav2vec2_large_lv60,suta,18,stage5ext_00074,264ab06df2796194c32a09afcb46bc2cbad9165d564f7d08af3b830436d4b292cec680793da0f1fea42128c902e8f92ba59717fcaa074c604a2bae440800743b,US English,us,But supplies are almost nonexistent at the Checkmate base.,BUT SUPPLIES ARE ALMOST NONEXISTENT AT THE CHEKMATE BASE,0d5a63ba21d9dcc05d305e10fdd71e01142d4f3c9f37c36b1187666f5500bc04
wav2vec2_large_lv60,suta,18,stage5ext_00075,264ab06df2796194c32a09afcb46bc2cbad9165d564f7d08af3b830436d4b292cec680793da0f1fea42128c902e8f92ba59717fcaa074c604a2bae440800743b,US English,us,"The section ""Of the Executive Power"" declared the powers of the executive power.",THE SECTION OF THE EXECUTIVE POWER DECLARED THE POWERS OF THE EXECUTIVE POWER,0d5a63ba21d9dcc05d305e10fdd71e01142d4f3c9f37c36b1187666f5500bc04
wav2vec2_large_lv60,suta,18,stage5ext_00076,77600d1ea840721bc62cd5a1444822538c380c4255c3bb966d35e4c71344e0691303c4add4223e9fe842b24d65e08ae2e99c956f4acb898bff34adad75171112,US English,us,It is exacerbating inequalities.,IT IS EXASPERATING INEQUALITIES,0d5a63ba21d9dcc05d305e10fdd71e01142d4f3c9f37c36b1187666f5500bc04
wav2vec2_large_lv60,suta,19,stage5ext_00077,77600d1ea840721bc62cd5a1444822538c380c4255c3bb966d35e4c71344e0691303c4add4223e9fe842b24d65e08ae2e99c956f4acb898bff34adad75171112,US English,us,"Large numbers came from other countries of Latin America from Mexico to Uruguay, esp.",LARGE NUMBERS CAME FROM OTHER COUNTRIES OF LATIN AMERICA FROM MEXICO TO URAGUAI ESPA,aceb7e806d37bbf33c1d8c25cba3216b8e3b8cd76f59e0dec6e28101c4325ea6
wav2vec2_large_lv60,suta,19,stage5ext_00078,77600d1ea840721bc62cd5a1444822538c380c4255c3bb966d35e4c71344e0691303c4add4223e9fe842b24d65e08ae2e99c956f4acb898bff34adad75171112,US English,us,A pond's condition deteriorates when the bottom environment cannot support animal life.,A POND'S CONDITION DETERIORATES WHEN THE BOTTOMN ENVIRONMENT CANNOT SUPPORT ANIMAL LIFE,aceb7e806d37bbf33c1d8c25cba3216b8e3b8cd76f59e0dec6e28101c4325ea6
wav2vec2_large_lv60,suta,19,stage5ext_00079,77600d1ea840721bc62cd5a1444822538c380c4255c3bb966d35e4c71344e0691303c4add4223e9fe842b24d65e08ae2e99c956f4acb898bff34adad75171112,US English,us,The Chiemsee is located in the west of the district.,THE CHIM SI IS LOCATED IN THE WEST OF THE DISTRICT,aceb7e806d37bbf33c1d8c25cba3216b8e3b8cd76f59e0dec6e28101c4325ea6
wav2vec2_large_lv60,suta,19,stage5ext_00080,77600d1ea840721bc62cd5a1444822538c380c4255c3bb966d35e4c71344e0691303c4add4223e9fe842b24d65e08ae2e99c956f4acb898bff34adad75171112,US English,us,She was the daughter of Timothy and Ellen Noonan.,SHE WAS THE DAUGHTER OF TIMOTHY AND ELLEN NEWNON,aceb7e806d37bbf33c1d8c25cba3216b8e3b8cd76f59e0dec6e28101c4325ea6
wav2vec2_large_lv60,suta,20,stage5ext_00081,77600d1ea840721bc62cd5a1444822538c380c4255c3bb966d35e4c71344e0691303c4add4223e9fe842b24d65e08ae2e99c956f4acb898bff34adad75171112,US English,us,"Collingwood was born in Britain but grew up in Sellersville, Pennsylvania.",COLLINGWOOD WAS BORN IN BRITAIN BUT GREW UP IN SELLERSVILLE PENNSYLVANIA,568b4be047fbf4283474e67dbb12f935690879da947971a3fdc1af7296495760
wav2vec2_large_lv60,suta,20,stage5ext_00082,77600d1ea840721bc62cd5a1444822538c380c4255c3bb966d35e4c71344e0691303c4add4223e9fe842b24d65e08ae2e99c956f4acb898bff34adad75171112,US English,us,It is also the language of most of the manuscripts of Welsh law.,IT IS ALSO THE LANGUAGE OF MOST OF THE MANUSCRIPTS OF WELSH LAW,568b4be047fbf4283474e67dbb12f935690879da947971a3fdc1af7296495760
wav2vec2_large_lv60,suta,20,stage5ext_00083,77600d1ea840721bc62cd5a1444822538c380c4255c3bb966d35e4c71344e0691303c4add4223e9fe842b24d65e08ae2e99c956f4acb898bff34adad75171112,US English,us,"He was educated at Emanuel School, the University of Southampton and University of Warwick.",HE WAS EDUCATED AT THE MANUAL SCHOOL THE UNIVERSITY OF SOUTHAMPTON AND UNIVERSITY OF WARWICK,568b4be047fbf4283474e67dbb12f935690879da947971a3fdc1af7296495760
wav2vec2_large_lv60,suta,20,stage5ext_00084,77600d1ea840721bc62cd5a1444822538c380c4255c3bb966d35e4c71344e0691303c4add4223e9fe842b24d65e08ae2e99c956f4acb898bff34adad75171112,US English,us,He introduced cushion seats in all unreserved compartments.,HE INTRODUCED CUSHIONED SEATS IN ALL UNRESERVED COMPARTMENTS,568b4be047fbf4283474e67dbb12f935690879da947971a3fdc1af7296495760
wav2vec2_large_lv60,suta,21,stage5ext_00085,77600d1ea840721bc62cd5a1444822538c380c4255c3bb966d35e4c71344e0691303c4add4223e9fe842b24d65e08ae2e99c956f4acb898bff34adad75171112,US English,us,It developed from the Pugwash Conferences on Science and World Affairs.,IT DEVELOPED FROM THE PUGWASH CONFERENCES ON SCIENCE AND WORLD AFFAIRS,c67450f4e991861123f2ac36df87d2d3061740ebb258f02442d2b94804a1720d
wav2vec2_large_lv60,suta,21,stage5ext_00086,77600d1ea840721bc62cd5a1444822538c380c4255c3bb966d35e4c71344e0691303c4add4223e9fe842b24d65e08ae2e99c956f4acb898bff34adad75171112,US English,us,"He has written seven Phillip Mercer books in the series, beginning with ""Vulcan's Forge"".",HE HAS WRITTEN SEVEN PHILIP MERCER BOOKS IN THE SERIES BEGINNING WITH VULCAN'S FORGE,c67450f4e991861123f2ac36df87d2d3061740ebb258f02442d2b94804a1720d
wav2vec2_large_lv60,suta,21,stage5ext_00087,77600d1ea840721bc62cd5a1444822538c380c4255c3bb966d35e4c71344e0691303c4add4223e9fe842b24d65e08ae2e99c956f4acb898bff34adad75171112,US English,us,"Like most other light jets, the Mustang is approved for single-pilot operation.",LIKE MOST OTHER LIGHT JETS THE MUSTANG IS APPROVED FOR SINGLE PILOT OPERATION,c67450f4e991861123f2ac36df87d2d3061740ebb258f02442d2b94804a1720d
wav2vec2_large_lv60,suta,21,stage5ext_00088,77600d1ea840721bc62cd5a1444822538c380c4255c3bb966d35e4c71344e0691303c4add4223e9fe842b24d65e08ae2e99c956f4acb898bff34adad75171112,US English,us,This is true for moduli of curves.,THIS IS TRUE FOR MODELAI OF CURVES,c67450f4e991861123f2ac36df87d2d3061740ebb258f02442d2b94804a1720d
wav2vec2_large_lv60,suta,22,stage5ext_00089,77600d1ea840721bc62cd5a1444822538c380c4255c3bb966d35e4c71344e0691303c4add4223e9fe842b24d65e08ae2e99c956f4acb898bff34adad75171112,US English,us,"They were the sons of Frederick Law Olmsted, renowned architect of Central Park.",THEY WERE THE SONS OF FREDERICK LAW ALMSTED RENOWNED ARCHITECT OF CENTRAL PARK,de8292f249ec7e059fa33d6dd32486fb51e55e2bcd342dd007efcd110a5a781c
wav2vec2_large_lv60,suta,22,stage5ext_00090,77600d1ea840721bc62cd5a1444822538c380c4255c3bb966d35e4c71344e0691303c4add4223e9fe842b24d65e08ae2e99c956f4acb898bff34adad75171112,US English,us,The voltage stability depends on the gas pressure.,THE VOLTAGE STABILITY DEPENDS ON THE GAS PRESSURE,de8292f249ec7e059fa33d6dd32486fb51e55e2bcd342dd007efcd110a5a781c
wav2vec2_large_lv60,suta,22,stage5ext_00091,9f2c0b36708a80b9aba1604061b45c02ab3d559f33122d380b4f16df7ee264228b8ed084cc75539159c501c042dcd878c793f3c16eaf1b5d9a110cad98fa0a9e,US English,us,Empress Elizabeth sent him to Kiev to realize Rastrelli's design of Saint Andrew Church.,EMPRESS ELIZABETH SENT HIM TO KEE TO REALIZE REST PRELE'S DESIGN OF SAINT ANDREW CHURCH,de8292f249ec7e059fa33d6dd32486fb51e55e2bcd342dd007efcd110a5a781c
wav2vec2_large_lv60,suta,22,stage5ext_00092,9f2c0b36708a80b9aba1604061b45c02ab3d559f33122d380b4f16df7ee264228b8ed084cc75539159c501c042dcd878c793f3c16eaf1b5d9a110cad98fa0a9e,US English,us,Caulfield offers students a wide range of subjects in its academic curriculum.,CALLFIELD OFFERS STUDENTS A WIDE RANGE OF SUBJECTS IN ITS ACADEMIC CORICULUM,de8292f249ec7e059fa33d6dd32486fb51e55e2bcd342dd007efcd110a5a781c
wav2vec2_large_lv60,suta,23,stage5ext_00093,9f2c0b36708a80b9aba1604061b45c02ab3d559f33122d380b4f16df7ee264228b8ed084cc75539159c501c042dcd878c793f3c16eaf1b5d9a110cad98fa0a9e,US English,us,It is often used at the end of clauses or verses.,IT IS OFTEN USED AT THE END OF QUASIN OVERSES,4e2b4d6ac816d5ae83cb2b09979a257b2189b2590ca615bda0e912d74f5dadef
wav2vec2_large_lv60,suta,23,stage5ext_00094,9f2c0b36708a80b9aba1604061b45c02ab3d559f33122d380b4f16df7ee264228b8ed084cc75539159c501c042dcd878c793f3c16eaf1b5d9a110cad98fa0a9e,US English,us,"Gardner was born in Batavia, New York.",GARDENER WAS BORN IN BATAVIA NEW YORK,4e2b4d6ac816d5ae83cb2b09979a257b2189b2590ca615bda0e912d74f5dadef
wav2vec2_large_lv60,suta,23,stage5ext_00095,9f2c0b36708a80b9aba1604061b45c02ab3d559f33122d380b4f16df7ee264228b8ed084cc75539159c501c042dcd878c793f3c16eaf1b5d9a110cad98fa0a9e,US English,us,It is located where the Piankatank River feeds into the Chesapeake Bay.,IT IS LOCATED WHERE THE PEN KATANG RIVER FEEDS THE CHESOPEEKE BAY,4e2b4d6ac816d5ae83cb2b09979a257b2189b2590ca615bda0e912d74f5dadef
wav2vec2_large_lv60,suta,23,stage5ext_00096,9f2c0b36708a80b9aba1604061b45c02ab3d559f33122d380b4f16df7ee264228b8ed084cc75539159c501c042dcd878c793f3c16eaf1b5d9a110cad98fa0a9e,US English,us,A classic example of a one-way function is multiplication of very large prime numbers.,A CLASSIC EXAMPLE OF A ONE WAY FUNCTION IS A MULTIPLICATION OF VERY LARGE PRIME NUMBERS,4e2b4d6ac816d5ae83cb2b09979a257b2189b2590ca615bda0e912d74f5dadef
wav2vec2_large_lv60,suta,24,stage5ext_00097,9f2c0b36708a80b9aba1604061b45c02ab3d559f33122d380b4f16df7ee264228b8ed084cc75539159c501c042dcd878c793f3c16eaf1b5d9a110cad98fa0a9e,US English,us,Nuclear warheads are produced and stored on the premises.,NUCLEAR WARHEADS ARE PRODUCED AND STORED ON THE PREMISES,e5f07c70418c4d46f7a912c6029365a304c1ddb66505320783380c1cfbbb849f
wav2vec2_large_lv60,suta,24,stage5ext_00098,9f2c0b36708a80b9aba1604061b45c02ab3d559f33122d380b4f16df7ee264228b8ed084cc75539159c501c042dcd878c793f3c16eaf1b5d9a110cad98fa0a9e,US English,us,"The Center awards a ""Distinguished Christian Statesman Award"" annually to high-profile Christian political leaders.",THE CENTRE AWARDS A DISTINGUISHED CHRISTIAN STATESMEN AWARD ANNUALLY HIGH PROFILE CHRISTIAN POLITICAL LEADERS,e5f07c70418c4d46f7a912c6029365a304c1ddb66505320783380c1cfbbb849f
wav2vec2_large_lv60,suta,24,stage5ext_00099,9f2c0b36708a80b9aba1604061b45c02ab3d559f33122d380b4f16df7ee264228b8ed084cc75539159c501c042dcd878c793f3c16eaf1b5d9a110cad98fa0a9e,US English,us,Flavors available in Germany included cherry and cola.,FLAVORS AVAILABLE IN GERMANY A WID CHERRY AND COLA,e5f07c70418c4d46f7a912c6029365a304c1ddb66505320783380c1cfbbb849f
wav2vec2_large_lv60,suta,24,stage5ext_00100,9f2c0b36708a80b9aba1604061b45c02ab3d559f33122d380b4f16df7ee264228b8ed084cc75539159c501c042dcd878c793f3c16eaf1b5d9a110cad98fa0a9e,US English,us,The present chairman is Bumairam Mamaseitova.,THE PRESENT CHAIRMAN IS BAMARAN MAMASETUBA,e5f07c70418c4d46f7a912c6029365a304c1ddb66505320783380c1cfbbb849f
wav2vec2_large_lv60,suta,25,stage5ext_00101,9f2c0b36708a80b9aba1604061b45c02ab3d559f33122d380b4f16df7ee264228b8ed084cc75539159c501c042dcd878c793f3c16eaf1b5d9a110cad98fa0a9e,US English,us,On the seventh day they depart.,ON THE SEVENTH DAY THEY DEPART,83ac4a7977f5ab1fbd0b84ab4035440c18abccbfd85583a0206d3db68072eb04
wav2vec2_large_lv60,suta,25,stage5ext_00102,9f2c0b36708a80b9aba1604061b45c02ab3d559f33122d380b4f16df7ee264228b8ed084cc75539159c501c042dcd878c793f3c16eaf1b5d9a110cad98fa0a9e,US English,us,Many notable Caliphs have had their share of ruling over the Kiswah.,MANY NOTABLE COUNTS HAVE HAD THEIR SHARE OF RULING OVER THE PISUA,83ac4a7977f5ab1fbd0b84ab4035440c18abccbfd85583a0206d3db68072eb04
wav2vec2_large_lv60,suta,25,stage5ext_00103,9f2c0b36708a80b9aba1604061b45c02ab3d559f33122d380b4f16df7ee264228b8ed084cc75539159c501c042dcd878c793f3c16eaf1b5d9a110cad98fa0a9e,US English,us,The river Maros formed its southern border.,THE RIVER MARROWS FORMED ITS SOUTHERN BORDER,83ac4a7977f5ab1fbd0b84ab4035440c18abccbfd85583a0206d3db68072eb04
wav2vec2_large_lv60,suta,25,stage5ext_00104,9f2c0b36708a80b9aba1604061b45c02ab3d559f33122d380b4f16df7ee264228b8ed084cc75539159c501c042dcd878c793f3c16eaf1b5d9a110cad98fa0a9e,US English,us,And that meant our fat electric album would have two songs on a side.,THAT MEANT OUR FAT ELECTRIC ALBUM WOULD HAVE TRUE SONGS ON A SIDE,83ac4a7977f5ab1fbd0b84ab4035440c18abccbfd85583a0206d3db68072eb04
wav2vec2_large_lv60,suta,26,stage5ext_00105,9f2c0b36708a80b9aba1604061b45c02ab3d559f33122d380b4f16df7ee264228b8ed084cc75539159c501c042dcd878c793f3c16eaf1b5d9a110cad98fa0a9e,US English,us,A committee was organised and the Smithsonian Institution was founded.,A COMMITTEE WAS ORGANIZED AND THE SMITHSONIAN INSTITUTION WAS FOUNDED,725ad36b15011a4fd17b3dfa412c73481b32f0d6248ca34039c0061b2704f8f6
wav2vec2_large_lv60,suta,26,stage5ext_00106,2ce9c40fcb6948ed0bced3197b5aefb5f8585c4b80c5f627af7a750cfb445b61c96532c68b893e6c1f4cb299407c58f1504db283d1f7eca7585dfc2f88a968d4,US English,us,"You're not psychotic, you just wish you were?",YOU'RE NOT PSYCOTIC YOU JUST WISH YOU WERE,725ad36b15011a4fd17b3dfa412c73481b32f0d6248ca34039c0061b2704f8f6
wav2vec2_large_lv60,suta,26,stage5ext_00107,2ce9c40fcb6948ed0bced3197b5aefb5f8585c4b80c5f627af7a750cfb445b61c96532c68b893e6c1f4cb299407c58f1504db283d1f7eca7585dfc2f88a968d4,US English,us,Good evening.,GOOD EVENING,725ad36b15011a4fd17b3dfa412c73481b32f0d6248ca34039c0061b2704f8f6
wav2vec2_large_lv60,suta,26,stage5ext_00108,2ce9c40fcb6948ed0bced3197b5aefb5f8585c4b80c5f627af7a750cfb445b61c96532c68b893e6c1f4cb299407c58f1504db283d1f7eca7585dfc2f88a968d4,US English,us,The dead have no friends.,THE DEAD HAVE NO FRIENDS,725ad36b15011a4fd17b3dfa412c73481b32f0d6248ca34039c0061b2704f8f6
wav2vec2_large_lv60,suta,27,stage5ext_00109,2ce9c40fcb6948ed0bced3197b5aefb5f8585c4b80c5f627af7a750cfb445b61c96532c68b893e6c1f4cb299407c58f1504db283d1f7eca7585dfc2f88a968d4,US English,us,Ship technology has improved.,SHIP TECHNOLOGY HAS IMPROVED,272a064630652af0eeb44ec8b093c4cf303aa3787bad7ff00a83b869c069e12d
wav2vec2_large_lv60,suta,27,stage5ext_00110,2ce9c40fcb6948ed0bced3197b5aefb5f8585c4b80c5f627af7a750cfb445b61c96532c68b893e6c1f4cb299407c58f1504db283d1f7eca7585dfc2f88a968d4,US English,us,The shop is closed on Mondays.,THE SHOP IS CLOSED ON MONDAYS,272a064630652af0eeb44ec8b093c4cf303aa3787bad7ff00a83b869c069e12d
wav2vec2_large_lv60,suta,27,stage5ext_00111,2ce9c40fcb6948ed0bced3197b5aefb5f8585c4b80c5f627af7a750cfb445b61c96532c68b893e6c1f4cb299407c58f1504db283d1f7eca7585dfc2f88a968d4,US English,us,"Waste not, want not.",WASTE NOT WHAT NOT,272a064630652af0eeb44ec8b093c4cf303aa3787bad7ff00a83b869c069e12d
wav2vec2_large_lv60,suta,27,stage5ext_00112,2ce9c40fcb6948ed0bced3197b5aefb5f8585c4b80c5f627af7a750cfb445b61c96532c68b893e6c1f4cb299407c58f1504db283d1f7eca7585dfc2f88a968d4,US English,us,"The salesman was like the rest of them, untrustworthy.",THE SALESMAN WAS LIKE THE REST OF THEM UNTRUSTWORTHY,272a064630652af0eeb44ec8b093c4cf303aa3787bad7ff00a83b869c069e12d
wav2vec2_large_lv60,suta,28,stage5ext_00113,2ce9c40fcb6948ed0bced3197b5aefb5f8585c4b80c5f627af7a750cfb445b61c96532c68b893e6c1f4cb299407c58f1504db283d1f7eca7585dfc2f88a968d4,US English,us,"Did you know that the word ""commercial"" could mean the same as ""advertisement""?",DID YOU KNOW THAT THE WORD COMMERCIAL COULD MEAN THE SAME AS ADVERTISEMENT,d5fec8665d449294baa3d7c965a4c7252d38c814c0c1d570854712bb39982f33
wav2vec2_large_lv60,suta,28,stage5ext_00114,2ce9c40fcb6948ed0bced3197b5aefb5f8585c4b80c5f627af7a750cfb445b61c96532c68b893e6c1f4cb299407c58f1504db283d1f7eca7585dfc2f88a968d4,US English,us,Topsy-turvy Steamboat.,TOPSY TURVY STEAMBOAT,d5fec8665d449294baa3d7c965a4c7252d38c814c0c1d570854712bb39982f33
wav2vec2_large_lv60,suta,28,stage5ext_00115,2ce9c40fcb6948ed0bced3197b5aefb5f8585c4b80c5f627af7a750cfb445b61c96532c68b893e6c1f4cb299407c58f1504db283d1f7eca7585dfc2f88a968d4,US English,us,Save a thief from the gallows and he will cut your throat,SAVE A THIEF FROM THE GALLOWS AND HE WILL CUT YOUR THROAT,d5fec8665d449294baa3d7c965a4c7252d38c814c0c1d570854712bb39982f33
wav2vec2_large_lv60,suta,28,stage5ext_00116,2ce9c40fcb6948ed0bced3197b5aefb5f8585c4b80c5f627af7a750cfb445b61c96532c68b893e6c1f4cb299407c58f1504db283d1f7eca7585dfc2f88a968d4,US English,us,A chip of the old block.,A CHIP OF THE OLD BLOCK,d5fec8665d449294baa3d7c965a4c7252d38c814c0c1d570854712bb39982f33
wav2vec2_large_lv60,suta,29,stage5ext_00117,2ce9c40fcb6948ed0bced3197b5aefb5f8585c4b80c5f627af7a750cfb445b61c96532c68b893e6c1f4cb299407c58f1504db283d1f7eca7585dfc2f88a968d4,US English,us,What about from an unsafe distance?,WHAT ABOUT FROM AN UNSAFE DISTANCE,0cc414fc15c294fbe516209d71dea1fe91a2060d255cba79fac2f2565d199e55
wav2vec2_large_lv60,suta,29,stage5ext_00118,2ce9c40fcb6948ed0bced3197b5aefb5f8585c4b80c5f627af7a750cfb445b61c96532c68b893e6c1f4cb299407c58f1504db283d1f7eca7585dfc2f88a968d4,US English,us,New pants lack cuffs and pockets.,NEW PANTS LACK CUFFS AND POCKETS,0cc414fc15c294fbe516209d71dea1fe91a2060d255cba79fac2f2565d199e55
wav2vec2_large_lv60,suta,29,stage5ext_00119,2ce9c40fcb6948ed0bced3197b5aefb5f8585c4b80c5f627af7a750cfb445b61c96532c68b893e6c1f4cb299407c58f1504db283d1f7eca7585dfc2f88a968d4,US English,us,Is that how your niece began?,IS THAT HOW YOUR NIECE BEGAN,0cc414fc15c294fbe516209d71dea1fe91a2060d255cba79fac2f2565d199e55
wav2vec2_large_lv60,suta,29,stage5ext_00120,2ce9c40fcb6948ed0bced3197b5aefb5f8585c4b80c5f627af7a750cfb445b61c96532c68b893e6c1f4cb299407c58f1504db283d1f7eca7585dfc2f88a968d4,US English,us,That is the weirdest dress I have found in this store.,THAT IS THE WEIRDEST DRESS I HAVE FOUND IN THE STORE,0cc414fc15c294fbe516209d71dea1fe91a2060d255cba79fac2f2565d199e55
wav2vec2_large_lv60,suta,30,stage5ext_00121,228508a13bdcb59b6e981ab369677a052cfa1d9208ac95a44f5a910b5fb16d76e49d318b1a128dd5144453cc80734637f59383b09379191621b865980d923440,US English,us,The reasons are more political.,THE REASONS ARE MORE POLITICAL,dc3dba5cff4a6a455b03b653ab9ba58bc1487b655b2c4b277c3887b699087bc1
wav2vec2_large_lv60,suta,30,stage5ext_00122,228508a13bdcb59b6e981ab369677a052cfa1d9208ac95a44f5a910b5fb16d76e49d318b1a128dd5144453cc80734637f59383b09379191621b865980d923440,US English,us,When he became a foreman he expected more output from the workmen.,WHEN HE BECAME A FOREMAN HE EXPECTED MORE OUTPUT FROM THE WORKMAN,dc3dba5cff4a6a455b03b653ab9ba58bc1487b655b2c4b277c3887b699087bc1
wav2vec2_large_lv60,suta,30,stage5ext_00123,228508a13bdcb59b6e981ab369677a052cfa1d9208ac95a44f5a910b5fb16d76e49d318b1a128dd5144453cc80734637f59383b09379191621b865980d923440,US English,us,"The timber was exported to Egypt, where it was in great demand.",THE TIMER WAS EXPORTED TO EGYPT BUR IT WAS IN GREAT DEMAND,dc3dba5cff4a6a455b03b653ab9ba58bc1487b655b2c4b277c3887b699087bc1
wav2vec2_large_lv60,suta,30,stage5ext_00124,228508a13bdcb59b6e981ab369677a052cfa1d9208ac95a44f5a910b5fb16d76e49d318b1a128dd5144453cc80734637f59383b09379191621b865980d923440,US English,us,"On farm visits, touching or feeding pigs should be prohibited.",ON FARM VISITS TOUCHING OR FITTING MIKS SHOULD BE PROHIBITED,dc3dba5cff4a6a455b03b653ab9ba58bc1487b655b2c4b277c3887b699087bc1
wav2vec2_large_lv60,suta,31,stage5ext_00125,228508a13bdcb59b6e981ab369677a052cfa1d9208ac95a44f5a910b5fb16d76e49d318b1a128dd5144453cc80734637f59383b09379191621b865980d923440,US English,us,Noah worked on the album for two years.,NOA WORKED ON THE ALBUM FOR TWO YEARS,fdfa72e36bd6de1a3c98939f86f82d14806e1834aa08216039a7a83fdfe24b5a
wav2vec2_large_lv60,suta,31,stage5ext_00126,228508a13bdcb59b6e981ab369677a052cfa1d9208ac95a44f5a910b5fb16d76e49d318b1a128dd5144453cc80734637f59383b09379191621b865980d923440,US English,us,"The family seat is Terling Place, near Terling, Essex.",THE FAMILIAR SETIS DELANT GLACE MURTERLING ESSEX,fdfa72e36bd6de1a3c98939f86f82d14806e1834aa08216039a7a83fdfe24b5a
wav2vec2_large_lv60,suta,31,stage5ext_00127,228508a13bdcb59b6e981ab369677a052cfa1d9208ac95a44f5a910b5fb16d76e49d318b1a128dd5144453cc80734637f59383b09379191621b865980d923440,US English,us,She then got underway for Leyte.,SHE DID NOT ON AWAY FOR LATE,fdfa72e36bd6de1a3c98939f86f82d14806e1834aa08216039a7a83fdfe24b5a
wav2vec2_large_lv60,suta,31,stage5ext_00128,228508a13bdcb59b6e981ab369677a052cfa1d9208ac95a44f5a910b5fb16d76e49d318b1a128dd5144453cc80734637f59383b09379191621b865980d923440,US English,us,His early work was on optical information processing.,HIS ERLY WORK WAS AN OPTICAL INFORMATION PROCESS THING,fdfa72e36bd6de1a3c98939f86f82d14806e1834aa08216039a7a83fdfe24b5a
wav2vec2_large_lv60,suta,32,stage5ext_00129,228508a13bdcb59b6e981ab369677a052cfa1d9208ac95a44f5a910b5fb16d76e49d318b1a128dd5144453cc80734637f59383b09379191621b865980d923440,US English,us,There is much shouting and gesticulation on the appearance of a new moon.,THERE IS MUCH SHOUTING AND GESTICULATION ON THE APPEARANCE OF A NUM,cb89460999be370f2d2487a27dea0d37fcb986c3ba09f9768f9a5fa44b52c957
wav2vec2_large_lv60,suta,32,stage5ext_00130,228508a13bdcb59b6e981ab369677a052cfa1d9208ac95a44f5a910b5fb16d76e49d318b1a128dd5144453cc80734637f59383b09379191621b865980d923440,US English,us,Previously this variety was believed to be lost.,PREVIOUSLY THIS VARIETY WAS BELIEVED TO BE LOST,cb89460999be370f2d2487a27dea0d37fcb986c3ba09f9768f9a5fa44b52c957
wav2vec2_large_lv60,suta,32,stage5ext_00131,228508a13bdcb59b6e981ab369677a052cfa1d9208ac95a44f5a910b5fb16d76e49d318b1a128dd5144453cc80734637f59383b09379191621b865980d923440,US English,us,"Well, next morning, the husband was missing.",WELL NEXT MORNING THE HUSBAND WAS MISSING,cb89460999be370f2d2487a27dea0d37fcb986c3ba09f9768f9a5fa44b52c957
wav2vec2_large_lv60,suta,32,stage5ext_00132,228508a13bdcb59b6e981ab369677a052cfa1d9208ac95a44f5a910b5fb16d76e49d318b1a128dd5144453cc80734637f59383b09379191621b865980d923440,US English,us,The heads are then like thongs and solemn in grain and grape-colour.,THE HEADS ARE THEN LIKE TONGS AND SO AN IN GRAIN IN THE GRAPE COLOR,cb89460999be370f2d2487a27dea0d37fcb986c3ba09f9768f9a5fa44b52c957
wav2vec2_large_lv60,suta,33,stage5ext_00133,228508a13bdcb59b6e981ab369677a052cfa1d9208ac95a44f5a910b5fb16d76e49d318b1a128dd5144453cc80734637f59383b09379191621b865980d923440,US English,us,"After retiring, Ehiogu founded his own record label, Dirty Hit.",AFTER REDIRING IHOGI FOUNDED HIS OWN REGORD LABEL TOT HIT,23d02aea7ac8b2aea2ea73dac5587e405ede1c6414b13dc08ced8b5636a11a4f
wav2vec2_large_lv60,suta,33,stage5ext_00134,228508a13bdcb59b6e981ab369677a052cfa1d9208ac95a44f5a910b5fb16d76e49d318b1a128dd5144453cc80734637f59383b09379191621b865980d923440,US English,us,"Some credit ""earlier notions of political and juridical authority"" in Iran's Safavid period.",SOME CREDIT EARLIER NOTIONS OF POLITICAL AND JURIDICAL AUTHORITY IN YREN'S SEFAWIT PERIOD,23d02aea7ac8b2aea2ea73dac5587e405ede1c6414b13dc08ced8b5636a11a4f
wav2vec2_large_lv60,suta,33,stage5ext_00135,228508a13bdcb59b6e981ab369677a052cfa1d9208ac95a44f5a910b5fb16d76e49d318b1a128dd5144453cc80734637f59383b09379191621b865980d923440,US English,us,"George Washington Riggs died at his home, Green Hill, in Prince George's County, Maryland.",GEORGE WASHINGTON RIKSPIED AT HIS HOME GREENHILL IN PRINCE GEORGE'S COUNTY MARYLAND,23d02aea7ac8b2aea2ea73dac5587e405ede1c6414b13dc08ced8b5636a11a4f
wav2vec2_large_lv60,suta,33,stage5ext_00136,720e559efbceae3ffa3e0df1e70d5d276564f71b02f1a3222c7dbbfa55811cbc4ad54045296d28ef121452051dd65e0253f9af4f519f65f29a0690726ba44253,US English,us,"The number of non-Muslim Sufis before the twentieth century, however, was usually relatively few.",THE NUMBER OF NON MOSLEM SUFIS BEFORE THE TWENTIETH CENTURY HOWEVER WAS USUALLY RELATIVELY FEW,23d02aea7ac8b2aea2ea73dac5587e405ede1c6414b13dc08ced8b5636a11a4f
wav2vec2_large_lv60,suta,34,stage5ext_00137,720e559efbceae3ffa3e0df1e70d5d276564f71b02f1a3222c7dbbfa55811cbc4ad54045296d28ef121452051dd65e0253f9af4f519f65f29a0690726ba44253,US English,us,"At the party, Jerry meets an attractive woman named Vanessa.",AT THE PARTY JERRY MEETS AN ATTRACTIVE WOMAN NAMED FENESSA,22e295f1322b0b5a14443268c97b518a5e9f761eba389dabef417646202fc217
wav2vec2_large_lv60,suta,34,stage5ext_00138,720e559efbceae3ffa3e0df1e70d5d276564f71b02f1a3222c7dbbfa55811cbc4ad54045296d28ef121452051dd65e0253f9af4f519f65f29a0690726ba44253,US English,us,Irulan herself appears in person only near the end of the novel.,IERULON HERSELF APPEARS IN PERSON ONLY NEAR THE END OF THE NOVEL,22e295f1322b0b5a14443268c97b518a5e9f761eba389dabef417646202fc217
wav2vec2_large_lv60,suta,34,stage5ext_00139,720e559efbceae3ffa3e0df1e70d5d276564f71b02f1a3222c7dbbfa55811cbc4ad54045296d28ef121452051dd65e0253f9af4f519f65f29a0690726ba44253,US English,us,Jump is a yellow dog with brown patches and the pet dog of Tobio.,JUMP IS A YELLOW DOG WITH BROWN PATCHES AND THE PET DOG OF TOBYO,22e295f1322b0b5a14443268c97b518a5e9f761eba389dabef417646202fc217
wav2vec2_large_lv60,suta,34,stage5ext_00140,720e559efbceae3ffa3e0df1e70d5d276564f71b02f1a3222c7dbbfa55811cbc4ad54045296d28ef121452051dd65e0253f9af4f519f65f29a0690726ba44253,US English,us,It has some popular restaurants including The New Inn.,IT HAS SOME POPULAR RESTAURANTS INCLUDING THE NEW INN,22e295f1322b0b5a14443268c97b518a5e9f761eba389dabef417646202fc217
wav2vec2_large_lv60,suta,35,stage5ext_00141,720e559efbceae3ffa3e0df1e70d5d276564f71b02f1a3222c7dbbfa55811cbc4ad54045296d28ef121452051dd65e0253f9af4f519f65f29a0690726ba44253,US English,us,The families and genera within the orders are listed in alphabetical order.,THE FAMILIES AND GENERA WITHIN THE ORDERS ARE LISTED IN ALPHABETICAL ORDER,5a5f6a8d43600c6ac164db320b303b815b65091be9d2b57206ca597fb69d6294
wav2vec2_large_lv60,suta,35,stage5ext_00142,720e559efbceae3ffa3e0df1e70d5d276564f71b02f1a3222c7dbbfa55811cbc4ad54045296d28ef121452051dd65e0253f9af4f519f65f29a0690726ba44253,US English,us,"This practice remains an important ritual in some remote, tribal societies.",THIS PRACTICE REMAINS AN IMPORTANT RITUAL IN SOME REMOTE TRIBAL SOCIETIES,5a5f6a8d43600c6ac164db320b303b815b65091be9d2b57206ca597fb69d6294
wav2vec2_large_lv60,suta,35,stage5ext_00143,720e559efbceae3ffa3e0df1e70d5d276564f71b02f1a3222c7dbbfa55811cbc4ad54045296d28ef121452051dd65e0253f9af4f519f65f29a0690726ba44253,US English,us,A second game also included Carshalton College.,A SECOND GAME ALSO INCLUDED CARSHELTON COLLEGE,5a5f6a8d43600c6ac164db320b303b815b65091be9d2b57206ca597fb69d6294
wav2vec2_large_lv60,suta,35,stage5ext_00144,720e559efbceae3ffa3e0df1e70d5d276564f71b02f1a3222c7dbbfa55811cbc4ad54045296d28ef121452051dd65e0253f9af4f519f65f29a0690726ba44253,US English,us,Mareya micrantha is said to have local anaesthetic properties.,MARIA MACRANTHA IS SAID TO HAVE LOCAL AND ASTHETIC PROPERTIES,5a5f6a8d43600c6ac164db320b303b815b65091be9d2b57206ca597fb69d6294
wav2vec2_large_lv60,suta,36,stage5ext_00145,720e559efbceae3ffa3e0df1e70d5d276564f71b02f1a3222c7dbbfa55811cbc4ad54045296d28ef121452051dd65e0253f9af4f519f65f29a0690726ba44253,US English,us,The expanded section included an enlarged bar.,THE EXPANDED SECTION INCLUDED AN ENLARGED BAR,b26497ba1cc39091eb145880ddf3bf928a8a9984d48c702b22d1ef97526ddcd5
wav2vec2_large_lv60,suta,36,stage5ext_00146,720e559efbceae3ffa3e0df1e70d5d276564f71b02f1a3222c7dbbfa55811cbc4ad54045296d28ef121452051dd65e0253f9af4f519f65f29a0690726ba44253,US English,us,"This is in contrast to physiology, which deals primarily with function.",THIS IS IN CONTRAST TO PHYSIOLOGY WHICH DEALS PRIMARILY WITH FUNCTION,b26497ba1cc39091eb145880ddf3bf928a8a9984d48c702b22d1ef97526ddcd5
wav2vec2_large_lv60,suta,36,stage5ext_00147,720e559efbceae3ffa3e0df1e70d5d276564f71b02f1a3222c7dbbfa55811cbc4ad54045296d28ef121452051dd65e0253f9af4f519f65f29a0690726ba44253,US English,us,"When his wife died, Acosta retired and went to live in a hermitage.",WHEN HIS WIFE DIED ACOSTA RETIRED AND WENT TO LIVE IN A HERMITAGE,b26497ba1cc39091eb145880ddf3bf928a8a9984d48c702b22d1ef97526ddcd5
wav2vec2_large_lv60,suta,36,stage5ext_00148,720e559efbceae3ffa3e0df1e70d5d276564f71b02f1a3222c7dbbfa55811cbc4ad54045296d28ef121452051dd65e0253f9af4f519f65f29a0690726ba44253,US English,us,McNab ruled with an iron fist over the Scottish settlers.,MC NAB RULED WITH AN IRON FIST OVER THE SCOTTISH SETTLERS,b26497ba1cc39091eb145880ddf3bf928a8a9984d48c702b22d1ef97526ddcd5
wav2vec2_large_lv60,suta,37,stage5ext_00149,720e559efbceae3ffa3e0df1e70d5d276564f71b02f1a3222c7dbbfa55811cbc4ad54045296d28ef121452051dd65e0253f9af4f519f65f29a0690726ba44253,US English,us,"Ricci played a young detective who temporarily partners with Grace, played by Holly Hunter.",RICKY PLAYED A YOUNG DETECTIVE WHO TEMPORARILY PARTNERS WITH GRACE PLAYED BY HOLLY HUNTER,63c3daaf18578d90266297994db2f3c736e4884f5e7558650dbe407bfe693936
wav2vec2_large_lv60,suta,37,stage5ext_00150,720e559efbceae3ffa3e0df1e70d5d276564f71b02f1a3222c7dbbfa55811cbc4ad54045296d28ef121452051dd65e0253f9af4f519f65f29a0690726ba44253,US English,us,"It would, in effect, paralyse their co-operation.",IT WOULD IN EFFECT PARALYZE THEIR CO OPERATION,63c3daaf18578d90266297994db2f3c736e4884f5e7558650dbe407bfe693936
wav2vec2_large_lv60,suta,37,stage5ext_00151,fd0dff3b5f07ca5531d539b5a2d98730836ad0aa3e1b6526ad93f596c546212f2e9c6152141a6d6a86254fe36668b66427df0e1588645c1756157fb92705969a,England English,england,I'm playing for keeps.,I'M THERE IT KEEPS,63c3daaf18578d90266297994db2f3c736e4884f5e7558650dbe407bfe693936
wav2vec2_large_lv60,suta,37,stage5ext_00152,fd0dff3b5f07ca5531d539b5a2d98730836ad0aa3e1b6526ad93f596c546212f2e9c6152141a6d6a86254fe36668b66427df0e1588645c1756157fb92705969a,England English,england,His old Ferrari has been compacted to a small cube of metal at the junkyard.,HIS OLD FERRARI HAS BEEN CONPACTED TO A SMALL CUBE OF METAL AT THE JUNK YARD,63c3daaf18578d90266297994db2f3c736e4884f5e7558650dbe407bfe693936
wav2vec2_large_lv60,suta,38,stage5ext_00153,fd0dff3b5f07ca5531d539b5a2d98730836ad0aa3e1b6526ad93f596c546212f2e9c6152141a6d6a86254fe36668b66427df0e1588645c1756157fb92705969a,England English,england,There was no response from the elders.,THERE WAS NO RESPONSE FROM THE ORDERS,f03a737ad5639cacc27b4f41cc2463da5947a6f23b535258f1e65a210dea6d97
wav2vec2_large_lv60,suta,38,stage5ext_00154,fd0dff3b5f07ca5531d539b5a2d98730836ad0aa3e1b6526ad93f596c546212f2e9c6152141a6d6a86254fe36668b66427df0e1588645c1756157fb92705969a,England English,england,You're hurting my sore foot.,YOU ARE HURTING MY SORE FOOT,f03a737ad5639cacc27b4f41cc2463da5947a6f23b535258f1e65a210dea6d97
wav2vec2_large_lv60,suta,38,stage5ext_00155,fd0dff3b5f07ca5531d539b5a2d98730836ad0aa3e1b6526ad93f596c546212f2e9c6152141a6d6a86254fe36668b66427df0e1588645c1756157fb92705969a,England English,england,Studying these key phrases will help you while traveling.,STUDYING THESE KEY PHRASES WE HOPE HE WON'T TRAVELING,f03a737ad5639cacc27b4f41cc2463da5947a6f23b535258f1e65a210dea6d97
wav2vec2_large_lv60,suta,38,stage5ext_00156,fd0dff3b5f07ca5531d539b5a2d98730836ad0aa3e1b6526ad93f596c546212f2e9c6152141a6d6a86254fe36668b66427df0e1588645c1756157fb92705969a,England English,england,Mary told me that she got to meet up with you while she was back in San Francisco.,MARY TOLD ME SHE GOT TO MEET UP WITH YOU WHILE YOU WERE BACK IN SAN FRANCISCO,f03a737ad5639cacc27b4f41cc2463da5947a6f23b535258f1e65a210dea6d97
wav2vec2_large_lv60,suta,39,stage5ext_00157,fd0dff3b5f07ca5531d539b5a2d98730836ad0aa3e1b6526ad93f596c546212f2e9c6152141a6d6a86254fe36668b66427df0e1588645c1756157fb92705969a,England English,england,Look on the third shelf back of the eye wash.,LOOK ON THE THIRD SHELF BACK OF THE EYEWOF,de3f780c1deae37e63ca9596e7407c4a3fb1dd492e4885657d9835ce6e8bae3c
wav2vec2_large_lv60,suta,39,stage5ext_00158,fd0dff3b5f07ca5531d539b5a2d98730836ad0aa3e1b6526ad93f596c546212f2e9c6152141a6d6a86254fe36668b66427df0e1588645c1756157fb92705969a,England English,england,It was Linda Keller!,IT WAS LINDA KELLA,de3f780c1deae37e63ca9596e7407c4a3fb1dd492e4885657d9835ce6e8bae3c
wav2vec2_large_lv60,suta,39,stage5ext_00159,fd0dff3b5f07ca5531d539b5a2d98730836ad0aa3e1b6526ad93f596c546212f2e9c6152141a6d6a86254fe36668b66427df0e1588645c1756157fb92705969a,England English,england,Neil Armstrong was the first man to step foot on the moon.,NEL ARMSTRONG WAS THE FIRST MAN TO STEP FOOT ON THE MOON,de3f780c1deae37e63ca9596e7407c4a3fb1dd492e4885657d9835ce6e8bae3c
wav2vec2_large_lv60,suta,39,stage5ext_00160,fd0dff3b5f07ca5531d539b5a2d98730836ad0aa3e1b6526ad93f596c546212f2e9c6152141a6d6a86254fe36668b66427df0e1588645c1756157fb92705969a,England English,england,You go on and practice.,YOU GO ON IN PRACTICE,de3f780c1deae37e63ca9596e7407c4a3fb1dd492e4885657d9835ce6e8bae3c
wav2vec2_large_lv60,suta,40,stage5ext_00161,fd0dff3b5f07ca5531d539b5a2d98730836ad0aa3e1b6526ad93f596c546212f2e9c6152141a6d6a86254fe36668b66427df0e1588645c1756157fb92705969a,England English,england,Storm increasing over the Rockies.,STORM INCREASING OVER THE ROCKIES,1a1f388d2c4c95a75511f763db0ff16a3412d6a2cc973fa70734f06fe06e6804
wav2vec2_large_lv60,suta,40,stage5ext_00162,fd0dff3b5f07ca5531d539b5a2d98730836ad0aa3e1b6526ad93f596c546212f2e9c6152141a6d6a86254fe36668b66427df0e1588645c1756157fb92705969a,England English,england,Witnesses report two armed suspects and four hostages.,WITNESSES REPORT TWO ARMED SUSPECTS AND FOUR HOSTAGES,1a1f388d2c4c95a75511f763db0ff16a3412d6a2cc973fa70734f06fe06e6804
wav2vec2_large_lv60,suta,40,stage5ext_00163,fd0dff3b5f07ca5531d539b5a2d98730836ad0aa3e1b6526ad93f596c546212f2e9c6152141a6d6a86254fe36668b66427df0e1588645c1756157fb92705969a,England English,england,"If you know of other games that play well with hands-free control, please post in the comments.",IF YOU KNOW OF OTHER GAMES THAT PLAY WELL WITH HANDS FREE CONTROL PLEASE POST IN THE COMMENTS,1a1f388d2c4c95a75511f763db0ff16a3412d6a2cc973fa70734f06fe06e6804
wav2vec2_large_lv60,suta,40,stage5ext_00164,fd0dff3b5f07ca5531d539b5a2d98730836ad0aa3e1b6526ad93f596c546212f2e9c6152141a6d6a86254fe36668b66427df0e1588645c1756157fb92705969a,England English,england,"Two caribous in a queue, they didn't have a clue, that I was using their flue, to write a poem for you.",TWO CARIBOOS IN A CUE THEY DIDN'T HAVE A PLUT THAT I WAS USING THAT FLUE TO WRITE A POEM FOR YOU,1a1f388d2c4c95a75511f763db0ff16a3412d6a2cc973fa70734f06fe06e6804
wav2vec2_large_lv60,suta,41,stage5ext_00165,fd0dff3b5f07ca5531d539b5a2d98730836ad0aa3e1b6526ad93f596c546212f2e9c6152141a6d6a86254fe36668b66427df0e1588645c1756157fb92705969a,England English,england,With a bag of marshmallows.,WITH A BAG OF MALSHMEADOWS,7772cc0833eba2d9b416c8244213feec7d3e9e59b8751daf700c3b9194ad37dd
wav2vec2_large_lv60,suta,41,stage5ext_00166,fdcab9861a3de8913b99470efefdd496f7500e233d7a34a4bf246ca2321426334f7206282773114305bb5b045ee084a0c9e50c6160fc40ac34ba2009e1997f8f,England English,england,"Teresa, Mildrid, Ralph, and Vonda all arrived yesterday evening.",TERESA MILDRED RALPH AND BUNDER ALL ARRIVED YESTERDAY EVENING,7772cc0833eba2d9b416c8244213feec7d3e9e59b8751daf700c3b9194ad37dd
wav2vec2_large_lv60,suta,41,stage5ext_00167,fdcab9861a3de8913b99470efefdd496f7500e233d7a34a4bf246ca2321426334f7206282773114305bb5b045ee084a0c9e50c6160fc40ac34ba2009e1997f8f,England English,england,"Somehow, the paragraphs blurred into each other.",SOMEHOW THE PARAGRAPHS BLURRED INTO EACH OTHER,7772cc0833eba2d9b416c8244213feec7d3e9e59b8751daf700c3b9194ad37dd
wav2vec2_large_lv60,suta,41,stage5ext_00168,fdcab9861a3de8913b99470efefdd496f7500e233d7a34a4bf246ca2321426334f7206282773114305bb5b045ee084a0c9e50c6160fc40ac34ba2009e1997f8f,England English,england,"Now, attend to me.",NO I TEL TOME,7772cc0833eba2d9b416c8244213feec7d3e9e59b8751daf700c3b9194ad37dd
wav2vec2_large_lv60,suta,42,stage5ext_00169,fdcab9861a3de8913b99470efefdd496f7500e233d7a34a4bf246ca2321426334f7206282773114305bb5b045ee084a0c9e50c6160fc40ac34ba2009e1997f8f,England English,england,"Oh man, I think I got friend-zoned once again.",O MAN I THINK I'VE GOT FRIENDS OWNED ONCE AGAIN,96833eea113379ff70d07acab37044dbd1d56816305f665c7e77d32166c307c9
wav2vec2_large_lv60,suta,42,stage5ext_00170,fdcab9861a3de8913b99470efefdd496f7500e233d7a34a4bf246ca2321426334f7206282773114305bb5b045ee084a0c9e50c6160fc40ac34ba2009e1997f8f,England English,england,"Hooray, we're going to Alaska!",HURAY WE'RE GOING TO ALASKA,96833eea113379ff70d07acab37044dbd1d56816305f665c7e77d32166c307c9
wav2vec2_large_lv60,suta,42,stage5ext_00171,fdcab9861a3de8913b99470efefdd496f7500e233d7a34a4bf246ca2321426334f7206282773114305bb5b045ee084a0c9e50c6160fc40ac34ba2009e1997f8f,England English,england,"The landing was dimly light by a single, bare, low-power light-bulb.",THE LANDING WAS DIMLY LIT BY A SINGLE BARE NO POWER LIGHTBOLT,96833eea113379ff70d07acab37044dbd1d56816305f665c7e77d32166c307c9
wav2vec2_large_lv60,suta,42,stage5ext_00172,fdcab9861a3de8913b99470efefdd496f7500e233d7a34a4bf246ca2321426334f7206282773114305bb5b045ee084a0c9e50c6160fc40ac34ba2009e1997f8f,England English,england,Aren't we godlike?,AREN'T WE GODLIKE,96833eea113379ff70d07acab37044dbd1d56816305f665c7e77d32166c307c9
wav2vec2_large_lv60,suta,43,stage5ext_00173,fdcab9861a3de8913b99470efefdd496f7500e233d7a34a4bf246ca2321426334f7206282773114305bb5b045ee084a0c9e50c6160fc40ac34ba2009e1997f8f,England English,england,Where is my dress?,THERE IS MY DRESS,5000f1513fb4e87d40ee545e3dbb813fb2f379d1cea9574a4ad831444e3d7fd4
wav2vec2_large_lv60,suta,43,stage5ext_00174,fdcab9861a3de8913b99470efefdd496f7500e233d7a34a4bf246ca2321426334f7206282773114305bb5b045ee084a0c9e50c6160fc40ac34ba2009e1997f8f,England English,england,Where are you going?,WHERE ARE YOU GOING,5000f1513fb4e87d40ee545e3dbb813fb2f379d1cea9574a4ad831444e3d7fd4
wav2vec2_large_lv60,suta,43,stage5ext_00175,fdcab9861a3de8913b99470efefdd496f7500e233d7a34a4bf246ca2321426334f7206282773114305bb5b045ee084a0c9e50c6160fc40ac34ba2009e1997f8f,England English,england,"When you're at a party and somebody says ""banana bread"", a sniper might be near you.",WE WERE AT A PARTY AND SOMEBODY SAYS BANANA BRED A SNIPER MIGHT BE NEAR YOU,5000f1513fb4e87d40ee545e3dbb813fb2f379d1cea9574a4ad831444e3d7fd4
wav2vec2_large_lv60,suta,43,stage5ext_00176,fdcab9861a3de8913b99470efefdd496f7500e233d7a34a4bf246ca2321426334f7206282773114305bb5b045ee084a0c9e50c6160fc40ac34ba2009e1997f8f,England English,england,"She was beautiful from behind, but he couldn't see her face yet.",SHE WAS BEAUTIFUL FROM BEHIND BUT HE COULDN'T SEE HER FACE YET,5000f1513fb4e87d40ee545e3dbb813fb2f379d1cea9574a4ad831444e3d7fd4
wav2vec2_large_lv60,suta,44,stage5ext_00177,fdcab9861a3de8913b99470efefdd496f7500e233d7a34a4bf246ca2321426334f7206282773114305bb5b045ee084a0c9e50c6160fc40ac34ba2009e1997f8f,England English,england,Didn't you know that?,DIDN'T SHE KNOW THAT,60ce1ee3758b00222d34cbd53dd51d23a1a8624bd0701c9b8801fbc18b1e8152
wav2vec2_large_lv60,suta,44,stage5ext_00178,fdcab9861a3de8913b99470efefdd496f7500e233d7a34a4bf246ca2321426334f7206282773114305bb5b045ee084a0c9e50c6160fc40ac34ba2009e1997f8f,England English,england,What else can I do?,WHAT ELSE CAN I DO,60ce1ee3758b00222d34cbd53dd51d23a1a8624bd0701c9b8801fbc18b1e8152
wav2vec2_large_lv60,suta,44,stage5ext_00179,fdcab9861a3de8913b99470efefdd496f7500e233d7a34a4bf246ca2321426334f7206282773114305bb5b045ee084a0c9e50c6160fc40ac34ba2009e1997f8f,England English,england,May I borrow your bolster?,MAY I BORROW YOUR BOLSTER,60ce1ee3758b00222d34cbd53dd51d23a1a8624bd0701c9b8801fbc18b1e8152
wav2vec2_large_lv60,suta,44,stage5ext_00180,fdcab9861a3de8913b99470efefdd496f7500e233d7a34a4bf246ca2321426334f7206282773114305bb5b045ee084a0c9e50c6160fc40ac34ba2009e1997f8f,England English,england,"They walked in from the rain, all dishevelled and steaming.",THEY WALKED IN FROM THE RAIN ALL DISHEVELED AND STEAMING,60ce1ee3758b00222d34cbd53dd51d23a1a8624bd0701c9b8801fbc18b1e8152
wav2vec2_large_lv60,suta,45,stage5ext_00181,7485d1e4fd50cc3801883f44ba2eaca4d5d18deb062c87bb6dd533c6db6cdca2a4b53ec84620337d88bc4417c254ba46b7f21517d0bec5305dd08e43c791410c,England English,england,Both have a notably red eye.,BOTH HAVE A NOTABLY RED EYE,d3f318a83fc724a063796053e18132be1147cec54203db46bd729072ec1db2be
wav2vec2_large_lv60,suta,45,stage5ext_00182,7485d1e4fd50cc3801883f44ba2eaca4d5d18deb062c87bb6dd533c6db6cdca2a4b53ec84620337d88bc4417c254ba46b7f21517d0bec5305dd08e43c791410c,England English,england,"At the conclusion of the season, Kerry and ThorSport Racing went their separate ways.",AT THE CONCLUSION OF THE SEASON KERRY AND THORSPORT RACING WENT THEIR SEPARATE WAYS,d3f318a83fc724a063796053e18132be1147cec54203db46bd729072ec1db2be
wav2vec2_large_lv60,suta,45,stage5ext_00183,7485d1e4fd50cc3801883f44ba2eaca4d5d18deb062c87bb6dd533c6db6cdca2a4b53ec84620337d88bc4417c254ba46b7f21517d0bec5305dd08e43c791410c,England English,england,Prasterone is a steroid hormone.,PRASTERONE IS A STEROID HORMON,d3f318a83fc724a063796053e18132be1147cec54203db46bd729072ec1db2be
wav2vec2_large_lv60,suta,45,stage5ext_00184,7485d1e4fd50cc3801883f44ba2eaca4d5d18deb062c87bb6dd533c6db6cdca2a4b53ec84620337d88bc4417c254ba46b7f21517d0bec5305dd08e43c791410c,England English,england,"A natural key is sometimes called ""domain key"".",A NATURAL KEY IS SOMETIMES CALLED DEMAIN KEY,d3f318a83fc724a063796053e18132be1147cec54203db46bd729072ec1db2be
wav2vec2_large_lv60,suta,46,stage5ext_00185,7485d1e4fd50cc3801883f44ba2eaca4d5d18deb062c87bb6dd533c6db6cdca2a4b53ec84620337d88bc4417c254ba46b7f21517d0bec5305dd08e43c791410c,England English,england,In China also along with Confucianism developed the tradition of Legalism.,IN CHINA ALSO ALONG WITH CONFUTIONISM DEVELOP THE TRADITION OF LEGALISM,c167f3f2307634deb21864d70c2fb51f25a8facc7dd3093bae1270b80adac5b3
wav2vec2_large_lv60,suta,46,stage5ext_00186,7485d1e4fd50cc3801883f44ba2eaca4d5d18deb062c87bb6dd533c6db6cdca2a4b53ec84620337d88bc4417c254ba46b7f21517d0bec5305dd08e43c791410c,England English,england,"Deeley describes her religious affiliation as Anglican, although she was not christened.",DEALY DESCRIBED HER RELIGIOUS AFFILIATIONS AS ANGLICAN ALTHOUGH SHE WAS NOT CHRISTENED,c167f3f2307634deb21864d70c2fb51f25a8facc7dd3093bae1270b80adac5b3
wav2vec2_large_lv60,suta,46,stage5ext_00187,7485d1e4fd50cc3801883f44ba2eaca4d5d18deb062c87bb6dd533c6db6cdca2a4b53ec84620337d88bc4417c254ba46b7f21517d0bec5305dd08e43c791410c,England English,england,The program highlighted Chadwick's hometown of San Diego.,THE PROGRAMME HIGHLIGHTED CHADWICK'S HOMETOWN OF SAN DIEGO,c167f3f2307634deb21864d70c2fb51f25a8facc7dd3093bae1270b80adac5b3
wav2vec2_large_lv60,suta,46,stage5ext_00188,7485d1e4fd50cc3801883f44ba2eaca4d5d18deb062c87bb6dd533c6db6cdca2a4b53ec84620337d88bc4417c254ba46b7f21517d0bec5305dd08e43c791410c,England English,england,"The township calls itself ""New Jersey's Largest Municipality"" on its stationery and its website.",THE TOWNSHIP CALLS ITSELF NEW JERSEY'S LARGEST MUNICIPALITY ON ITS STATIONARY AND ITS WEBSITE,c167f3f2307634deb21864d70c2fb51f25a8facc7dd3093bae1270b80adac5b3
wav2vec2_large_lv60,suta,47,stage5ext_00189,7485d1e4fd50cc3801883f44ba2eaca4d5d18deb062c87bb6dd533c6db6cdca2a4b53ec84620337d88bc4417c254ba46b7f21517d0bec5305dd08e43c791410c,England English,england,Morrow County is considered to be a part of Mid Ohio.,MORROW COUNTY IS CONSIDERED TO BE PART OF MID OHIO,d8caad4c0bd15ba857242caf2798f21bf36a274a8eb25065dbb464ce04da92eb
wav2vec2_large_lv60,suta,47,stage5ext_00190,7485d1e4fd50cc3801883f44ba2eaca4d5d18deb062c87bb6dd533c6db6cdca2a4b53ec84620337d88bc4417c254ba46b7f21517d0bec5305dd08e43c791410c,England English,england,Bryan disliked the Klan but never publicly attacked it.,BRYAN DISLIKED THE CLAN BUT NEVER PUBLICLY ATTACKED IT,d8caad4c0bd15ba857242caf2798f21bf36a274a8eb25065dbb464ce04da92eb
wav2vec2_large_lv60,suta,47,stage5ext_00191,7485d1e4fd50cc3801883f44ba2eaca4d5d18deb062c87bb6dd533c6db6cdca2a4b53ec84620337d88bc4417c254ba46b7f21517d0bec5305dd08e43c791410c,England English,england,The area around present-day Yokosuka city has been inhabited for thousands of years.,THE AREA AROUND PRESENT DAY YOKO SUCA CITY HAS BEEN INHABITED FOR THOUSANDS OF YEARS,d8caad4c0bd15ba857242caf2798f21bf36a274a8eb25065dbb464ce04da92eb
wav2vec2_large_lv60,suta,47,stage5ext_00192,7485d1e4fd50cc3801883f44ba2eaca4d5d18deb062c87bb6dd533c6db6cdca2a4b53ec84620337d88bc4417c254ba46b7f21517d0bec5305dd08e43c791410c,England English,england,Original music for the film was composed by Rachel Portman.,ORIGINAL MUSIC FOR THE FILM WAS COMPOSED BY RACHEL PORTMAN,d8caad4c0bd15ba857242caf2798f21bf36a274a8eb25065dbb464ce04da92eb
wav2vec2_large_lv60,suta,48,stage5ext_00193,7485d1e4fd50cc3801883f44ba2eaca4d5d18deb062c87bb6dd533c6db6cdca2a4b53ec84620337d88bc4417c254ba46b7f21517d0bec5305dd08e43c791410c,England English,england,It has a Rocky Top address.,IT HAS A ROCKY TOP ADDRESS,30c092f8bfccacdd03e757342eb6d0bca37976930a0467d2b37fc54727aaa489
wav2vec2_large_lv60,suta,48,stage5ext_00194,7485d1e4fd50cc3801883f44ba2eaca4d5d18deb062c87bb6dd533c6db6cdca2a4b53ec84620337d88bc4417c254ba46b7f21517d0bec5305dd08e43c791410c,England English,england,He was also created the Marquess of Hedong.,HE WAS ALSO CREATED THE MARQUIS OF HENDON,30c092f8bfccacdd03e757342eb6d0bca37976930a0467d2b37fc54727aaa489
wav2vec2_large_lv60,suta,48,stage5ext_00195,7485d1e4fd50cc3801883f44ba2eaca4d5d18deb062c87bb6dd533c6db6cdca2a4b53ec84620337d88bc4417c254ba46b7f21517d0bec5305dd08e43c791410c,England English,england,"However, there are strong reasons to doubt that this is him.",HOWEVER THERE ARE STRONG REASONS TO DOUBT THAT THIS IS HIM,30c092f8bfccacdd03e757342eb6d0bca37976930a0467d2b37fc54727aaa489
wav2vec2_large_lv60,suta,48,stage5ext_00196,3660ede2a2a5b5d649342a4a5c04e6b398b1247566aad9c6f059a84e8fa5405dd489100055b29dec8fa9b337b3661c001754f4f302bb85bd39eac24bee4023fe,England English,england,The old man returned the book to the boy.,THE OLD MAN RETURNED THE BOOK TO THE BOY,30c092f8bfccacdd03e757342eb6d0bca37976930a0467d2b37fc54727aaa489
wav2vec2_large_lv60,suta,49,stage5ext_00197,3660ede2a2a5b5d649342a4a5c04e6b398b1247566aad9c6f059a84e8fa5405dd489100055b29dec8fa9b337b3661c001754f4f302bb85bd39eac24bee4023fe,England English,england,"From where he sat, he could observe the plaza.",FROM WHERE HE SAT HE COULD OBSERVE THE PLAZA,6a37298994c7dd3417be0b34bf52d5be02b29dee9c95c1c4a67469c1729eeca3
wav2vec2_large_lv60,suta,49,stage5ext_00198,3660ede2a2a5b5d649342a4a5c04e6b398b1247566aad9c6f059a84e8fa5405dd489100055b29dec8fa9b337b3661c001754f4f302bb85bd39eac24bee4023fe,England English,england,He could always go back to being a shepherd.,HE COULD ALWAYS GO BACK TO BEING A SHEPHERD,6a37298994c7dd3417be0b34bf52d5be02b29dee9c95c1c4a67469c1729eeca3
wav2vec2_large_lv60,suta,49,stage5ext_00199,3660ede2a2a5b5d649342a4a5c04e6b398b1247566aad9c6f059a84e8fa5405dd489100055b29dec8fa9b337b3661c001754f4f302bb85bd39eac24bee4023fe,England English,england,A large piece suddenly came off and fell with a loud and sharp noise.,A LARGE PIECE SUDDENLY CAME OFF AND FELL WITH A LOUD AND SHARP NOISE,6a37298994c7dd3417be0b34bf52d5be02b29dee9c95c1c4a67469c1729eeca3
wav2vec2_large_lv60,suta,49,stage5ext_00200,3660ede2a2a5b5d649342a4a5c04e6b398b1247566aad9c6f059a84e8fa5405dd489100055b29dec8fa9b337b3661c001754f4f302bb85bd39eac24bee4023fe,England English,england,The boy thought of Fatima.,THE BOY THOUGHT OF VATIMOR,6a37298994c7dd3417be0b34bf52d5be02b29dee9c95c1c4a67469c1729eeca3
wav2vec2_large_lv60,suta,50,stage5ext_00201,3660ede2a2a5b5d649342a4a5c04e6b398b1247566aad9c6f059a84e8fa5405dd489100055b29dec8fa9b337b3661c001754f4f302bb85bd39eac24bee4023fe,England English,england,"Curse the moment I met that old man, he thought.",CURSE A MOMENT I MET THAT OLD MAN HE THOUGHT,3c705f7e43b674bd09d4dd45631df638d46b29f54ca879beb774cc030ca86745
wav2vec2_large_lv60,suta,50,stage5ext_00202,3660ede2a2a5b5d649342a4a5c04e6b398b1247566aad9c6f059a84e8fa5405dd489100055b29dec8fa9b337b3661c001754f4f302bb85bd39eac24bee4023fe,England English,england,"Something older than humanity, more ancient than the desert.",SOMETHING OLDER THAN HUMANITY MORE ANCIENT THAN THE DESERT,3c705f7e43b674bd09d4dd45631df638d46b29f54ca879beb774cc030ca86745
wav2vec2_large_lv60,suta,50,stage5ext_00203,3660ede2a2a5b5d649342a4a5c04e6b398b1247566aad9c6f059a84e8fa5405dd489100055b29dec8fa9b337b3661c001754f4f302bb85bd39eac24bee4023fe,England English,england,The boy became fearful; the omens told him that something was wrong.,THE BOY BECAME FEARFUL THE OMENS TOLD HIM THAT SOMETHING WAS WRONG,3c705f7e43b674bd09d4dd45631df638d46b29f54ca879beb774cc030ca86745
wav2vec2_large_lv60,suta,50,stage5ext_00204,3660ede2a2a5b5d649342a4a5c04e6b398b1247566aad9c6f059a84e8fa5405dd489100055b29dec8fa9b337b3661c001754f4f302bb85bd39eac24bee4023fe,England English,england,The turf and gravel around it seemed charred as if by a sudden explosion.,THE TURF AND GRAVEL AROUND IT SEEMED CHARRED AS IF BY A SUDDEN EXPLOSION,3c705f7e43b674bd09d4dd45631df638d46b29f54ca879beb774cc030ca86745
wav2vec2_large_lv60,suta,51,stage5ext_00205,3660ede2a2a5b5d649342a4a5c04e6b398b1247566aad9c6f059a84e8fa5405dd489100055b29dec8fa9b337b3661c001754f4f302bb85bd39eac24bee4023fe,England English,england,"Everything in the universe evolved, he said.",EVERYTHING IN THE UNIVERSE EVOLVED HE SAID,9cd50789f7edbcb8a362bce2b4ceb83053661ed5086334f37f3a9f94e98da9cc
wav2vec2_large_lv60,suta,51,stage5ext_00206,3660ede2a2a5b5d649342a4a5c04e6b398b1247566aad9c6f059a84e8fa5405dd489100055b29dec8fa9b337b3661c001754f4f302bb85bd39eac24bee4023fe,England English,england,He stood irresolute for a moment and then scrambled out of the pit.,HE STOOD IRRESOLUTE FOR A MOMENT AND THEN SCRAMBLED OUT OF THE PIT,9cd50789f7edbcb8a362bce2b4ceb83053661ed5086334f37f3a9f94e98da9cc
wav2vec2_large_lv60,suta,51,stage5ext_00207,3660ede2a2a5b5d649342a4a5c04e6b398b1247566aad9c6f059a84e8fa5405dd489100055b29dec8fa9b337b3661c001754f4f302bb85bd39eac24bee4023fe,England English,england,They reminded him of the old man.,THEY REMINDED HIM OF THE OLD MAN,9cd50789f7edbcb8a362bce2b4ceb83053661ed5086334f37f3a9f94e98da9cc
wav2vec2_large_lv60,suta,51,stage5ext_00208,3660ede2a2a5b5d649342a4a5c04e6b398b1247566aad9c6f059a84e8fa5405dd489100055b29dec8fa9b337b3661c001754f4f302bb85bd39eac24bee4023fe,England English,england,It made me very depressed.,IT MADE ME VERY DEPRESSED,9cd50789f7edbcb8a362bce2b4ceb83053661ed5086334f37f3a9f94e98da9cc
wav2vec2_large_lv60,suta,52,stage5ext_00209,3660ede2a2a5b5d649342a4a5c04e6b398b1247566aad9c6f059a84e8fa5405dd489100055b29dec8fa9b337b3661c001754f4f302bb85bd39eac24bee4023fe,England English,england,"The desert takes our men from us, and they don't always return, she said.",THE DESERT TAKES OUR MEN FROM US AND THEY DON'T ALWAYS RETURN SHE SAID,7594299fc56d7fd5864e340831e2693227d9c99b9f10d1e9c06c2828b62162da
wav2vec2_large_lv60,suta,52,stage5ext_00210,3660ede2a2a5b5d649342a4a5c04e6b398b1247566aad9c6f059a84e8fa5405dd489100055b29dec8fa9b337b3661c001754f4f302bb85bd39eac24bee4023fe,England English,england,"I'm not going very far, the alchemist answered, looking straight into the eyes of the horsemen.",I'M NOT GOING VERY FAR THE ALCHEMIST ANSWERED LOOKING STRAIGHT INTO THE EYES OF THE HORSEMAN,7594299fc56d7fd5864e340831e2693227d9c99b9f10d1e9c06c2828b62162da
wav2vec2_large_lv60,suta,52,stage5ext_00211,8a8222dab0c0c42714216b9bd4c9df455639a8ab6bf3e8b9f2bfcacf53429403cad2b28435366b158f4e53f423dd2371753476ff45cef46cde7012b3f749dd14,England English,england,How can I help you madam?,HOW CAN I HELP YOU MADAME,7594299fc56d7fd5864e340831e2693227d9c99b9f10d1e9c06c2828b62162da
wav2vec2_large_lv60,suta,52,stage5ext_00212,8a8222dab0c0c42714216b9bd4c9df455639a8ab6bf3e8b9f2bfcacf53429403cad2b28435366b158f4e53f423dd2371753476ff45cef46cde7012b3f749dd14,England English,england,"The very next day, he woke refreshed.",THE VERY NEXT DAY HE WOKE REFRESHED,7594299fc56d7fd5864e340831e2693227d9c99b9f10d1e9c06c2828b62162da
wav2vec2_large_lv60,suta,53,stage5ext_00213,8a8222dab0c0c42714216b9bd4c9df455639a8ab6bf3e8b9f2bfcacf53429403cad2b28435366b158f4e53f423dd2371753476ff45cef46cde7012b3f749dd14,England English,england,"The C++ framework Qt is pronounced like ""cute"".",THE CPLUS PLUS FRAMEWORK CU T IS PRONOUNCED LIKE CUTES,5ce5abb67682408286173bb88aee7ea456513cf6e49ace35ff1b0fe3f5204c4a
wav2vec2_large_lv60,suta,53,stage5ext_00214,8a8222dab0c0c42714216b9bd4c9df455639a8ab6bf3e8b9f2bfcacf53429403cad2b28435366b158f4e53f423dd2371753476ff45cef46cde7012b3f749dd14,England English,england,"Please use normal slashes, not backslashes.",PLEASE USE NORMAL SLASHES NOT BACK SLASHES,5ce5abb67682408286173bb88aee7ea456513cf6e49ace35ff1b0fe3f5204c4a
wav2vec2_large_lv60,suta,53,stage5ext_00215,8a8222dab0c0c42714216b9bd4c9df455639a8ab6bf3e8b9f2bfcacf53429403cad2b28435366b158f4e53f423dd2371753476ff45cef46cde7012b3f749dd14,England English,england,What did I tell you?,WHAT DID I TELL YOU,5ce5abb67682408286173bb88aee7ea456513cf6e49ace35ff1b0fe3f5204c4a
wav2vec2_large_lv60,suta,53,stage5ext_00216,8a8222dab0c0c42714216b9bd4c9df455639a8ab6bf3e8b9f2bfcacf53429403cad2b28435366b158f4e53f423dd2371753476ff45cef46cde7012b3f749dd14,England English,england,"They are very impressive, I will admit.",THEY ARE VERY IMPRESSIVE I WILL ADMIT,5ce5abb67682408286173bb88aee7ea456513cf6e49ace35ff1b0fe3f5204c4a
wav2vec2_large_lv60,suta,54,stage5ext_00217,8a8222dab0c0c42714216b9bd4c9df455639a8ab6bf3e8b9f2bfcacf53429403cad2b28435366b158f4e53f423dd2371753476ff45cef46cde7012b3f749dd14,England English,england,"On his visit in Iran, the diplomat criticized the strict censorship.",ON HIS LEESE AN IWUN THE DIPLOMAT CRITICISED THE STRICT CENSORSHIP,17df7c876b18b37da3076aedc838f76d086f45654cd4032faf561540b23e5c9b
wav2vec2_large_lv60,suta,54,stage5ext_00218,8a8222dab0c0c42714216b9bd4c9df455639a8ab6bf3e8b9f2bfcacf53429403cad2b28435366b158f4e53f423dd2371753476ff45cef46cde7012b3f749dd14,England English,england,"Roger, the backup team is on the way.",ROGER THE BACK UP TEAM IS ON THE WAY,17df7c876b18b37da3076aedc838f76d086f45654cd4032faf561540b23e5c9b
wav2vec2_large_lv60,suta,54,stage5ext_00219,8a8222dab0c0c42714216b9bd4c9df455639a8ab6bf3e8b9f2bfcacf53429403cad2b28435366b158f4e53f423dd2371753476ff45cef46cde7012b3f749dd14,England English,england,Do you know what kind of package it was?,DO YOU KNOW WHAT KIND OF PACKAGE IT WAS,17df7c876b18b37da3076aedc838f76d086f45654cd4032faf561540b23e5c9b
wav2vec2_large_lv60,suta,54,stage5ext_00220,8a8222dab0c0c42714216b9bd4c9df455639a8ab6bf3e8b9f2bfcacf53429403cad2b28435366b158f4e53f423dd2371753476ff45cef46cde7012b3f749dd14,England English,england,And what did you do then?,AND WHAT DID YOU DO THEN,17df7c876b18b37da3076aedc838f76d086f45654cd4032faf561540b23e5c9b
wav2vec2_large_lv60,suta,55,stage5ext_00221,8a8222dab0c0c42714216b9bd4c9df455639a8ab6bf3e8b9f2bfcacf53429403cad2b28435366b158f4e53f423dd2371753476ff45cef46cde7012b3f749dd14,England English,england,Have I offended you?,HAVE I OFFENDED YOU,8310234f80799a7a3a6442c2fb78e246174dabd592f02b58ce5dcf85d59ce3d4
wav2vec2_large_lv60,suta,55,stage5ext_00222,8a8222dab0c0c42714216b9bd4c9df455639a8ab6bf3e8b9f2bfcacf53429403cad2b28435366b158f4e53f423dd2371753476ff45cef46cde7012b3f749dd14,England English,england,How is Mozilla going to handle ambiguities like queue and cue?,HOW IS MAZIL GOING TO HANDLE AMBIGOTIES LIKE CUE AND CUE,8310234f80799a7a3a6442c2fb78e246174dabd592f02b58ce5dcf85d59ce3d4
wav2vec2_large_lv60,suta,55,stage5ext_00223,8a8222dab0c0c42714216b9bd4c9df455639a8ab6bf3e8b9f2bfcacf53429403cad2b28435366b158f4e53f423dd2371753476ff45cef46cde7012b3f749dd14,England English,england,"Let's start it all over again, how about that?",LET'S START IT ALL OVER AGAIN HOW ABOUT THAT,8310234f80799a7a3a6442c2fb78e246174dabd592f02b58ce5dcf85d59ce3d4
wav2vec2_large_lv60,suta,55,stage5ext_00224,8a8222dab0c0c42714216b9bd4c9df455639a8ab6bf3e8b9f2bfcacf53429403cad2b28435366b158f4e53f423dd2371753476ff45cef46cde7012b3f749dd14,England English,england,"Glass eel is on the menu today, but it's too expensive.",GLASS ELE IS ON THE MENU TO DAY BUT IT'S TOO EXPENSIVE,8310234f80799a7a3a6442c2fb78e246174dabd592f02b58ce5dcf85d59ce3d4
wav2vec2_large_lv60,suta,56,stage5ext_00225,8a8222dab0c0c42714216b9bd4c9df455639a8ab6bf3e8b9f2bfcacf53429403cad2b28435366b158f4e53f423dd2371753476ff45cef46cde7012b3f749dd14,England English,england,Do you have Nina's phone number?,DO YOU HAVE MEINIS PONNUMBE,987de33e4f762fcb70f1955ff2fe3f7e54e87616714bdb7a8a07d2a36f5fa3d8
wav2vec2_large_lv60,suta,56,stage5ext_00226,f25805de2cc32954193ecf06eea5b03b4bfdb4bfb76079cb6962fa8e301d5037ef953ff8c308458f121dfbc0f9933692b0eaee142f42a33ef6b7be7df794ed3b,England English,england,I wrote that for Tony Scott.,I WROTE THAT FOR TONY SCOTT,987de33e4f762fcb70f1955ff2fe3f7e54e87616714bdb7a8a07d2a36f5fa3d8
wav2vec2_large_lv60,suta,56,stage5ext_00227,f25805de2cc32954193ecf06eea5b03b4bfdb4bfb76079cb6962fa8e301d5037ef953ff8c308458f121dfbc0f9933692b0eaee142f42a33ef6b7be7df794ed3b,England English,england,The atoll is surrounded by a coral reef without a proper passage.,THE ATAL IS SURROUNDED BY A CORO REEF WITHOUT A PROPER PASSAGE,987de33e4f762fcb70f1955ff2fe3f7e54e87616714bdb7a8a07d2a36f5fa3d8
wav2vec2_large_lv60,suta,56,stage5ext_00228,f25805de2cc32954193ecf06eea5b03b4bfdb4bfb76079cb6962fa8e301d5037ef953ff8c308458f121dfbc0f9933692b0eaee142f42a33ef6b7be7df794ed3b,England English,england,There are conflicting reports as to why Blair was asked to resign.,THERE ARE CONFLICTING REPORTS AS TO WHY BLAIR WAS ASKED TO RESIGN,987de33e4f762fcb70f1955ff2fe3f7e54e87616714bdb7a8a07d2a36f5fa3d8
wav2vec2_large_lv60,suta,57,stage5ext_00229,f25805de2cc32954193ecf06eea5b03b4bfdb4bfb76079cb6962fa8e301d5037ef953ff8c308458f121dfbc0f9933692b0eaee142f42a33ef6b7be7df794ed3b,England English,england,There they visited a number of monastic foundations.,THERE THEY VISITED A NUMBER OF MONASTIC FOUNDATIONS,910bf89cb0d496d9450594b24854910fd6a28f12a517fb37f962658665b3ae0b
wav2vec2_large_lv60,suta,57,stage5ext_00230,f25805de2cc32954193ecf06eea5b03b4bfdb4bfb76079cb6962fa8e301d5037ef953ff8c308458f121dfbc0f9933692b0eaee142f42a33ef6b7be7df794ed3b,England English,england,"The information regarding Amrod's naming, especially, comes from ""The Peoples of Middle-earth"".",THE INFORMATION REGARDING AMOROD'S NAMING ESPECIALLY COMES FROM THE PEOPLES OF MIDDLE EARTH,910bf89cb0d496d9450594b24854910fd6a28f12a517fb37f962658665b3ae0b
wav2vec2_large_lv60,suta,57,stage5ext_00231,f25805de2cc32954193ecf06eea5b03b4bfdb4bfb76079cb6962fa8e301d5037ef953ff8c308458f121dfbc0f9933692b0eaee142f42a33ef6b7be7df794ed3b,England English,england,"It is located within the borders of Gothenburg Municipality, hence its name.",IT IS LOCATED WITHIN THE BORDERS OF GOTTENBURG MUNICIPALITY HENCE ITS NAME,910bf89cb0d496d9450594b24854910fd6a28f12a517fb37f962658665b3ae0b
wav2vec2_large_lv60,suta,57,stage5ext_00232,f25805de2cc32954193ecf06eea5b03b4bfdb4bfb76079cb6962fa8e301d5037ef953ff8c308458f121dfbc0f9933692b0eaee142f42a33ef6b7be7df794ed3b,England English,england,Billy May won the Grammy Award for Best Arrangement.,BILLY MAY WON THE GRAMME AWARD FOR BEST ARRANGEMENT,910bf89cb0d496d9450594b24854910fd6a28f12a517fb37f962658665b3ae0b
wav2vec2_large_lv60,suta,58,stage5ext_00233,f25805de2cc32954193ecf06eea5b03b4bfdb4bfb76079cb6962fa8e301d5037ef953ff8c308458f121dfbc0f9933692b0eaee142f42a33ef6b7be7df794ed3b,England English,england,Three additional buildings house kindergarten students.,THREE ADDITIONAL BUILDINGS HOUSE KINDERGARTEN STUDENTS,aa9c1343d3fbd8dabf83ce58eb6a72e92534bc1f27e4ab7e24ae99d1bb94e269
wav2vec2_large_lv60,suta,58,stage5ext_00234,f25805de2cc32954193ecf06eea5b03b4bfdb4bfb76079cb6962fa8e301d5037ef953ff8c308458f121dfbc0f9933692b0eaee142f42a33ef6b7be7df794ed3b,England English,england,Its name is derived from the historic county of Surrey in England.,ITS NAME IS DERIVED FROM THE HISTORIC COUNTY OF SURREY IN ENGLAND,aa9c1343d3fbd8dabf83ce58eb6a72e92534bc1f27e4ab7e24ae99d1bb94e269
wav2vec2_large_lv60,suta,58,stage5ext_00235,f25805de2cc32954193ecf06eea5b03b4bfdb4bfb76079cb6962fa8e301d5037ef953ff8c308458f121dfbc0f9933692b0eaee142f42a33ef6b7be7df794ed3b,England English,england,"Dilshan is one such rare cricketer who can bat, bowl, field and keep wickets.",DELOCHAN IS ONE SUCH RARE CRICKETER WHO CAN BAT BOWL FIELD AND KEEP WICKETS,aa9c1343d3fbd8dabf83ce58eb6a72e92534bc1f27e4ab7e24ae99d1bb94e269
wav2vec2_large_lv60,suta,58,stage5ext_00236,f25805de2cc32954193ecf06eea5b03b4bfdb4bfb76079cb6962fa8e301d5037ef953ff8c308458f121dfbc0f9933692b0eaee142f42a33ef6b7be7df794ed3b,England English,england,"In the resulting field, these ""a"" and ""b"" are inverses.",IN THE RESULTING FIELD THESE A AND B ARE INVERSES,aa9c1343d3fbd8dabf83ce58eb6a72e92534bc1f27e4ab7e24ae99d1bb94e269
wav2vec2_large_lv60,suta,59,stage5ext_00237,f25805de2cc32954193ecf06eea5b03b4bfdb4bfb76079cb6962fa8e301d5037ef953ff8c308458f121dfbc0f9933692b0eaee142f42a33ef6b7be7df794ed3b,England English,england,To the Church he left little and to the pope only a souvenir.,TO THE CHURCH HE LEFT LITTLE AND TO THE POPE ONLY A SOUVENIR,76d0fd409b60c82e5bcc70927cc3fd3f982f10c244c4ca15be5a40e3410f3537
wav2vec2_large_lv60,suta,59,stage5ext_00238,f25805de2cc32954193ecf06eea5b03b4bfdb4bfb76079cb6962fa8e301d5037ef953ff8c308458f121dfbc0f9933692b0eaee142f42a33ef6b7be7df794ed3b,England English,england,There are several formats for the team pursuit.,THERE ARE SEVERAL FORMATS FOR THE TEAM PURSUIT,76d0fd409b60c82e5bcc70927cc3fd3f982f10c244c4ca15be5a40e3410f3537
wav2vec2_large_lv60,suta,59,stage5ext_00239,f25805de2cc32954193ecf06eea5b03b4bfdb4bfb76079cb6962fa8e301d5037ef953ff8c308458f121dfbc0f9933692b0eaee142f42a33ef6b7be7df794ed3b,England English,england,"In Harrison, the route enters a residential area before curving southeast toward Stephenson Avenue.",IN HARRISON THE ROUTE ENTERS TE RESIDENTIAL AREA BEFORE CURVING SOUTHEAST TOWARD STEVENSON AVENUE,76d0fd409b60c82e5bcc70927cc3fd3f982f10c244c4ca15be5a40e3410f3537
wav2vec2_large_lv60,suta,59,stage5ext_00240,f25805de2cc32954193ecf06eea5b03b4bfdb4bfb76079cb6962fa8e301d5037ef953ff8c308458f121dfbc0f9933692b0eaee142f42a33ef6b7be7df794ed3b,England English,england,"The other track, ""To Your Grave"", remains unreleased.",THE OTHER TRACK TO YOUR GRAVE REMAINS UNRELEASED,76d0fd409b60c82e5bcc70927cc3fd3f982f10c244c4ca15be5a40e3410f3537
wav2vec2_large_lv60,suta,60,stage5ext_00241,b2366de045c2eb18ed349bee593e8f3a0c9038602bb8f13f2008fe4ff2087aaa4e5ac78379011510dc25d6a7bcd36a3a6ac86b35f0a27b886832c337d95f27d5,England English,england,The standard prescribes that address collisions must be handled gracefully.,THE STANDARD PRESCRIBES TA ADDRESS COLLISIONS MUST BE HANDLED GRACEFULLY,20b02785579c49ef4bdfdcb55d8cdaf66b33c5c9be69751ce5cc9791c4e3fe3e
wav2vec2_large_lv60,suta,60,stage5ext_00242,b2366de045c2eb18ed349bee593e8f3a0c9038602bb8f13f2008fe4ff2087aaa4e5ac78379011510dc25d6a7bcd36a3a6ac86b35f0a27b886832c337d95f27d5,England English,england,"To this end, they offered the role to Harrison Ford who turned them down.",TO THIS END THEY OFFERED THE ROLL TO HARISH AN FORP WHO TURNED THEM DOWN,20b02785579c49ef4bdfdcb55d8cdaf66b33c5c9be69751ce5cc9791c4e3fe3e
wav2vec2_large_lv60,suta,60,stage5ext_00243,b2366de045c2eb18ed349bee593e8f3a0c9038602bb8f13f2008fe4ff2087aaa4e5ac78379011510dc25d6a7bcd36a3a6ac86b35f0a27b886832c337d95f27d5,England English,england,"The word comes from ""krievs"", which means ""Russian"".",THE WORD COMES FROM KRIEFS WHICH MEANS RUSSIAN,20b02785579c49ef4bdfdcb55d8cdaf66b33c5c9be69751ce5cc9791c4e3fe3e
wav2vec2_large_lv60,suta,60,stage5ext_00244,b2366de045c2eb18ed349bee593e8f3a0c9038602bb8f13f2008fe4ff2087aaa4e5ac78379011510dc25d6a7bcd36a3a6ac86b35f0a27b886832c337d95f27d5,England English,england,"If he went before, he looked back.",IF HE WENT BEFORE HE LOOKED BACK,20b02785579c49ef4bdfdcb55d8cdaf66b33c5c9be69751ce5cc9791c4e3fe3e
wav2vec2_large_lv60,suta,61,stage5ext_00245,b2366de045c2eb18ed349bee593e8f3a0c9038602bb8f13f2008fe4ff2087aaa4e5ac78379011510dc25d6a7bcd36a3a6ac86b35f0a27b886832c337d95f27d5,England English,england,It is the Artin root number.,IT IS THE ALCIAN RIGE NUMBER,e147e6fa8d215cee0296feec481830b8f531b39a4b8e5f05cbf213dc0cf1b9f8
wav2vec2_large_lv60,suta,61,stage5ext_00246,b2366de045c2eb18ed349bee593e8f3a0c9038602bb8f13f2008fe4ff2087aaa4e5ac78379011510dc25d6a7bcd36a3a6ac86b35f0a27b886832c337d95f27d5,England English,england,"Yet, we will ensure that one brutal dictator is not replaced by another.",YET WE WILL INSURE THAT ONE BRUTAL DICTATOR IS NOT REPLACED BY ANOTHER,e147e6fa8d215cee0296feec481830b8f531b39a4b8e5f05cbf213dc0cf1b9f8
wav2vec2_large_lv60,suta,61,stage5ext_00247,b2366de045c2eb18ed349bee593e8f3a0c9038602bb8f13f2008fe4ff2087aaa4e5ac78379011510dc25d6a7bcd36a3a6ac86b35f0a27b886832c337d95f27d5,England English,england,Mythic Legions is a fantasy line of action figures from Four Horsemen Studios.,MYTHIC LEGIONS IS A FANTASY LINE OF ACTION FIGURES FROM FOUR HORSEMEN STUDIOS,e147e6fa8d215cee0296feec481830b8f531b39a4b8e5f05cbf213dc0cf1b9f8
wav2vec2_large_lv60,suta,61,stage5ext_00248,b2366de045c2eb18ed349bee593e8f3a0c9038602bb8f13f2008fe4ff2087aaa4e5ac78379011510dc25d6a7bcd36a3a6ac86b35f0a27b886832c337d95f27d5,England English,england,It is a simple scrape with no nest material used.,IT IS A SIMPLE SCRAPE WITH NO NEST MATERIAL USED,e147e6fa8d215cee0296feec481830b8f531b39a4b8e5f05cbf213dc0cf1b9f8
wav2vec2_large_lv60,suta,62,stage5ext_00249,b2366de045c2eb18ed349bee593e8f3a0c9038602bb8f13f2008fe4ff2087aaa4e5ac78379011510dc25d6a7bcd36a3a6ac86b35f0a27b886832c337d95f27d5,England English,england,"He is the one who gives the gorilla the new name of ""Ishmael"".",HE IS THE ONE WHO GIVES THE GORILLA THE NEW NAME OF ISHMAEL,2f02c7c713c0b224845132e5c8c2d4c1dc1921e781868b211e4712838afb8c5c
wav2vec2_large_lv60,suta,62,stage5ext_00250,b2366de045c2eb18ed349bee593e8f3a0c9038602bb8f13f2008fe4ff2087aaa4e5ac78379011510dc25d6a7bcd36a3a6ac86b35f0a27b886832c337d95f27d5,England English,england,The center was then called Smirnoff Music Centre.,THE CENTRE WAS THEN CALLED SMARNOF MUSIC CENTR,2f02c7c713c0b224845132e5c8c2d4c1dc1921e781868b211e4712838afb8c5c
wav2vec2_large_lv60,suta,62,stage5ext_00251,b2366de045c2eb18ed349bee593e8f3a0c9038602bb8f13f2008fe4ff2087aaa4e5ac78379011510dc25d6a7bcd36a3a6ac86b35f0a27b886832c337d95f27d5,England English,england,"Also in these television series, Winnetou was played by Brice.",ALSO IN THESE TADOGEN SERIES WINNETO WAS PLAYED BY BRYCE,2f02c7c713c0b224845132e5c8c2d4c1dc1921e781868b211e4712838afb8c5c
wav2vec2_large_lv60,suta,62,stage5ext_00252,b2366de045c2eb18ed349bee593e8f3a0c9038602bb8f13f2008fe4ff2087aaa4e5ac78379011510dc25d6a7bcd36a3a6ac86b35f0a27b886832c337d95f27d5,England English,england,The event is televised around the globe.,THE EVENT IS TENDEVISED AROUND THE GLOBE,2f02c7c713c0b224845132e5c8c2d4c1dc1921e781868b211e4712838afb8c5c
wav2vec2_large_lv60,suta,63,stage5ext_00253,b2366de045c2eb18ed349bee593e8f3a0c9038602bb8f13f2008fe4ff2087aaa4e5ac78379011510dc25d6a7bcd36a3a6ac86b35f0a27b886832c337d95f27d5,England English,england,Matthews later started Newbridge Networks.,MATTHEWS LATER STARTED NEWBRIDGE NETWORKS,b7ca2ede43fd004045924a8e2884abdcac344594283b522f9e7d2cd5c213c13a
wav2vec2_large_lv60,suta,63,stage5ext_00254,b2366de045c2eb18ed349bee593e8f3a0c9038602bb8f13f2008fe4ff2087aaa4e5ac78379011510dc25d6a7bcd36a3a6ac86b35f0a27b886832c337d95f27d5,England English,england,Examples of this apparently ungrammatical usage can be found throughout the history of English.,EXAMPLES OF THIS APPARENTLY UNGRAMATICAL USAGE COULD BE FOUND THROUGHOUT THE HISTORY OF ENGLISH,b7ca2ede43fd004045924a8e2884abdcac344594283b522f9e7d2cd5c213c13a
wav2vec2_large_lv60,suta,63,stage5ext_00255,b2366de045c2eb18ed349bee593e8f3a0c9038602bb8f13f2008fe4ff2087aaa4e5ac78379011510dc25d6a7bcd36a3a6ac86b35f0a27b886832c337d95f27d5,England English,england,FaSinPat has been financially successful and able to expand.,FAR SIN PAT HAS BEEN FINANCIALLY SUCCESSFUL AND ABLE TO EXPAND,b7ca2ede43fd004045924a8e2884abdcac344594283b522f9e7d2cd5c213c13a
wav2vec2_large_lv60,suta,63,stage5ext_00256,94902b88a78c4f1863a7effcce3553303f5bb14d8d6eea7900eea1c261ebf3a2ea97f8d9ecfc4c58dbe683f2df36a1653231f495f7ad9cc38f9fe61a0b2275ac,England English,england,"Salmon is one of the most popular fish and very delicious, though usually not sustainable.",SALMON IS ONE OF THE MOST POPULAR FISH AND VERY DELICIOUS THOUGH USUALLY NOT SUSTAINABLE,b7ca2ede43fd004045924a8e2884abdcac344594283b522f9e7d2cd5c213c13a
wav2vec2_large_lv60,suta,64,stage5ext_00257,94902b88a78c4f1863a7effcce3553303f5bb14d8d6eea7900eea1c261ebf3a2ea97f8d9ecfc4c58dbe683f2df36a1653231f495f7ad9cc38f9fe61a0b2275ac,England English,england,"It's such an unfair world, innit?",IT'S SUCH AN UNFAIR WORLD AIN' IT,49246f8e09aae49f3e76c0ee89693f85cc17dcfa6ae25ef35fae8a39747dd684
wav2vec2_large_lv60,suta,64,stage5ext_00258,94902b88a78c4f1863a7effcce3553303f5bb14d8d6eea7900eea1c261ebf3a2ea97f8d9ecfc4c58dbe683f2df36a1653231f495f7ad9cc38f9fe61a0b2275ac,England English,england,"A musical note sustained to its full length, with no break between it and the next note.",A MUSICAL NOTE SUSTAINED TO ITS FULL LENGTH WITH NO BREAK BETWEEN IT AND THE NEXT NOTE,49246f8e09aae49f3e76c0ee89693f85cc17dcfa6ae25ef35fae8a39747dd684
wav2vec2_large_lv60,suta,64,stage5ext_00259,94902b88a78c4f1863a7effcce3553303f5bb14d8d6eea7900eea1c261ebf3a2ea97f8d9ecfc4c58dbe683f2df36a1653231f495f7ad9cc38f9fe61a0b2275ac,England English,england,"After playing tennis in virtual reality, he felt dizzy.",AFTER PLAYING TENNIS IN VIRTUAL REALITY HE FELT DIZZY,49246f8e09aae49f3e76c0ee89693f85cc17dcfa6ae25ef35fae8a39747dd684
wav2vec2_large_lv60,suta,64,stage5ext_00260,94902b88a78c4f1863a7effcce3553303f5bb14d8d6eea7900eea1c261ebf3a2ea97f8d9ecfc4c58dbe683f2df36a1653231f495f7ad9cc38f9fe61a0b2275ac,England English,england,"Take a sponge, some dish liquid and a towel, then get to work!",TAKE A SPONGE SOME DISH LIQUID AND A TOWEL THEN GET TO WORK,49246f8e09aae49f3e76c0ee89693f85cc17dcfa6ae25ef35fae8a39747dd684
wav2vec2_large_lv60,suta,65,stage5ext_00261,94902b88a78c4f1863a7effcce3553303f5bb14d8d6eea7900eea1c261ebf3a2ea97f8d9ecfc4c58dbe683f2df36a1653231f495f7ad9cc38f9fe61a0b2275ac,England English,england,Have you seen Hollie?,HAVE YOU SEEN HOLLY,1ea5b392f8c62a0134112f8afeb5dd0b6187cfd8604f2b7854146c708f703f93
wav2vec2_large_lv60,suta,65,stage5ext_00262,94902b88a78c4f1863a7effcce3553303f5bb14d8d6eea7900eea1c261ebf3a2ea97f8d9ecfc4c58dbe683f2df36a1653231f495f7ad9cc38f9fe61a0b2275ac,England English,england,Do geese always fly in that formation?,DO GEESE ALWAYS FLY IN THAT FORMATION,1ea5b392f8c62a0134112f8afeb5dd0b6187cfd8604f2b7854146c708f703f93
wav2vec2_large_lv60,suta,65,stage5ext_00263,94902b88a78c4f1863a7effcce3553303f5bb14d8d6eea7900eea1c261ebf3a2ea97f8d9ecfc4c58dbe683f2df36a1653231f495f7ad9cc38f9fe61a0b2275ac,England English,england,"No one picked up, so I went by her place on the way here.",NO ONE PICKED UP SO I WENT BY HER PLACE ON THE WAY HERE,1ea5b392f8c62a0134112f8afeb5dd0b6187cfd8604f2b7854146c708f703f93
wav2vec2_large_lv60,suta,65,stage5ext_00264,94902b88a78c4f1863a7effcce3553303f5bb14d8d6eea7900eea1c261ebf3a2ea97f8d9ecfc4c58dbe683f2df36a1653231f495f7ad9cc38f9fe61a0b2275ac,England English,england,Have I offended you?,HAVE I OFFENDED YOU,1ea5b392f8c62a0134112f8afeb5dd0b6187cfd8604f2b7854146c708f703f93
wav2vec2_large_lv60,suta,66,stage5ext_00265,94902b88a78c4f1863a7effcce3553303f5bb14d8d6eea7900eea1c261ebf3a2ea97f8d9ecfc4c58dbe683f2df36a1653231f495f7ad9cc38f9fe61a0b2275ac,England English,england,What does that mean?,WHAT DOES THAT MEAN,87c8e194c7f24da02408d588bf40dcfd54e709d4f6612d5749f378be9b7f7d45
wav2vec2_large_lv60,suta,66,stage5ext_00266,94902b88a78c4f1863a7effcce3553303f5bb14d8d6eea7900eea1c261ebf3a2ea97f8d9ecfc4c58dbe683f2df36a1653231f495f7ad9cc38f9fe61a0b2275ac,England English,england,There's just one last bug I'd like to fix before I head home.,THERE'S JUST ONE LAST BUG I'D LIKE TO FIX BEFORE I HED HOME,87c8e194c7f24da02408d588bf40dcfd54e709d4f6612d5749f378be9b7f7d45
wav2vec2_large_lv60,suta,66,stage5ext_00267,94902b88a78c4f1863a7effcce3553303f5bb14d8d6eea7900eea1c261ebf3a2ea97f8d9ecfc4c58dbe683f2df36a1653231f495f7ad9cc38f9fe61a0b2275ac,England English,england,I suspect this may be someone new making themselves known.,I SUSPECT THIS MAY BE SOMEONE NEW MAKING THEMSELVES KNOWN,87c8e194c7f24da02408d588bf40dcfd54e709d4f6612d5749f378be9b7f7d45
wav2vec2_large_lv60,suta,66,stage5ext_00268,94902b88a78c4f1863a7effcce3553303f5bb14d8d6eea7900eea1c261ebf3a2ea97f8d9ecfc4c58dbe683f2df36a1653231f495f7ad9cc38f9fe61a0b2275ac,England English,england,"Clams are small, round, soft, and tasty.",CLAMS ARE SMALL ROUND SOFT AND TASTY,87c8e194c7f24da02408d588bf40dcfd54e709d4f6612d5749f378be9b7f7d45
wav2vec2_large_lv60,suta,67,stage5ext_00269,94902b88a78c4f1863a7effcce3553303f5bb14d8d6eea7900eea1c261ebf3a2ea97f8d9ecfc4c58dbe683f2df36a1653231f495f7ad9cc38f9fe61a0b2275ac,England English,england,Can I get the sandwich without mayonnaise?,CAN I GET A SANDWICH WITHOUT MAONASE,f3220294afb287b22e736e25c7f5799f5a7fce06b501c066c9dc365dc7071b57
wav2vec2_large_lv60,suta,67,stage5ext_00270,94902b88a78c4f1863a7effcce3553303f5bb14d8d6eea7900eea1c261ebf3a2ea97f8d9ecfc4c58dbe683f2df36a1653231f495f7ad9cc38f9fe61a0b2275ac,England English,england,"Here, let me show you around.",HERE LET ME SHOW YOU AROUND,f3220294afb287b22e736e25c7f5799f5a7fce06b501c066c9dc365dc7071b57
wav2vec2_large_lv60,suta,67,stage5ext_00271,3742174ae31b78b11558814a7196a5eec0f489ad3e728a2a125dd1a60c809a770eeaa758499c014bf728437835b4ea9c031a3a9c838b3882b35ed28744768ef3,England English,england,It will replace the existing train station hall inside the mall.,IT WILL REPLACE THE EXISTING TRAIN STATION HOLE INSIDE THEM ALL,f3220294afb287b22e736e25c7f5799f5a7fce06b501c066c9dc365dc7071b57
wav2vec2_large_lv60,suta,67,stage5ext_00272,3742174ae31b78b11558814a7196a5eec0f489ad3e728a2a125dd1a60c809a770eeaa758499c014bf728437835b4ea9c031a3a9c838b3882b35ed28744768ef3,England English,england,"Yes, it would be.",YES IT WOULD BE,f3220294afb287b22e736e25c7f5799f5a7fce06b501c066c9dc365dc7071b57
wav2vec2_large_lv60,suta,68,stage5ext_00273,3742174ae31b78b11558814a7196a5eec0f489ad3e728a2a125dd1a60c809a770eeaa758499c014bf728437835b4ea9c031a3a9c838b3882b35ed28744768ef3,England English,england,"The Google search bar is for searching, not for typing URLs!",IN THE GOLS ER BOROW IT IS FOR SEARCHING NOT FOR TYPIN O RAILS,5911da4371af91792aeb7d194b8f426c6f7ff1c548fc856d75ebfed66b2a68ab
wav2vec2_large_lv60,suta,68,stage5ext_00274,3742174ae31b78b11558814a7196a5eec0f489ad3e728a2a125dd1a60c809a770eeaa758499c014bf728437835b4ea9c031a3a9c838b3882b35ed28744768ef3,England English,england,"C'mon, we need to turn on our GPS so we don't end up in the middle of nowhere.",COME ON WE NEED TO TURN ON OUR GEPES SO WE DON'T END UP IN THE MIDDLE OF NOWHERE,5911da4371af91792aeb7d194b8f426c6f7ff1c548fc856d75ebfed66b2a68ab
wav2vec2_large_lv60,suta,68,stage5ext_00275,3742174ae31b78b11558814a7196a5eec0f489ad3e728a2a125dd1a60c809a770eeaa758499c014bf728437835b4ea9c031a3a9c838b3882b35ed28744768ef3,England English,england,"After an avalanche buried the skiing resort, it was hard to determine its exact location.",AFTER ENVELANCE BARY TO SKY AND RESERT IT WAS HARD TO DTERMINE ITS EXTIPLICATION,5911da4371af91792aeb7d194b8f426c6f7ff1c548fc856d75ebfed66b2a68ab
wav2vec2_large_lv60,suta,68,stage5ext_00276,3742174ae31b78b11558814a7196a5eec0f489ad3e728a2a125dd1a60c809a770eeaa758499c014bf728437835b4ea9c031a3a9c838b3882b35ed28744768ef3,England English,england,Who has already arrived?,WHO HAS ALREADY ARRIVED,5911da4371af91792aeb7d194b8f426c6f7ff1c548fc856d75ebfed66b2a68ab
wav2vec2_large_lv60,suta,69,stage5ext_00277,3742174ae31b78b11558814a7196a5eec0f489ad3e728a2a125dd1a60c809a770eeaa758499c014bf728437835b4ea9c031a3a9c838b3882b35ed28744768ef3,England English,england,"I like reading about medical mysteries, don't you?",I LIKE READING ABOUT MEDICAL MYSTERIES DON'T YOU,f5148d5a20c5152e6fe2a1b882a348a4ad5c86a75029cc47f3a7c425a7b95964
wav2vec2_large_lv60,suta,69,stage5ext_00278,3742174ae31b78b11558814a7196a5eec0f489ad3e728a2a125dd1a60c809a770eeaa758499c014bf728437835b4ea9c031a3a9c838b3882b35ed28744768ef3,England English,england,In a cataleptic trance.,IN THE CATALEPTIC TRANCE,f5148d5a20c5152e6fe2a1b882a348a4ad5c86a75029cc47f3a7c425a7b95964
wav2vec2_large_lv60,suta,69,stage5ext_00279,3742174ae31b78b11558814a7196a5eec0f489ad3e728a2a125dd1a60c809a770eeaa758499c014bf728437835b4ea9c031a3a9c838b3882b35ed28744768ef3,England English,england,"The thing is, nobody knew what was happening.",THE THING IS NOBODY KNEW WHAT WAS HAPPENIN,f5148d5a20c5152e6fe2a1b882a348a4ad5c86a75029cc47f3a7c425a7b95964
wav2vec2_large_lv60,suta,69,stage5ext_00280,3742174ae31b78b11558814a7196a5eec0f489ad3e728a2a125dd1a60c809a770eeaa758499c014bf728437835b4ea9c031a3a9c838b3882b35ed28744768ef3,England English,england,"Living alone, she made solitude her best friend.",LIVING ALONE SHE MADE SOLITUDE HER BEST FRIEND,f5148d5a20c5152e6fe2a1b882a348a4ad5c86a75029cc47f3a7c425a7b95964
wav2vec2_large_lv60,suta,70,stage5ext_00281,3742174ae31b78b11558814a7196a5eec0f489ad3e728a2a125dd1a60c809a770eeaa758499c014bf728437835b4ea9c031a3a9c838b3882b35ed28744768ef3,England English,england,She did her first scene with Peter North.,SHE DID HER FIRST SCENE WITH BEACHER NOTH,c13165baa3f8233895b6548e6cd5e789cdd2ff8a8cc7f8e176d5b04d4ec1d6b7
wav2vec2_large_lv60,suta,70,stage5ext_00282,3742174ae31b78b11558814a7196a5eec0f489ad3e728a2a125dd1a60c809a770eeaa758499c014bf728437835b4ea9c031a3a9c838b3882b35ed28744768ef3,England English,england,"Television can make you dumb, but it can also be good education.",TELEVISION CAN MAKE IT DAMP BUT IT CAN ALSO BE GOOD EDUCATION,c13165baa3f8233895b6548e6cd5e789cdd2ff8a8cc7f8e176d5b04d4ec1d6b7
wav2vec2_large_lv60,suta,70,stage5ext_00283,3742174ae31b78b11558814a7196a5eec0f489ad3e728a2a125dd1a60c809a770eeaa758499c014bf728437835b4ea9c031a3a9c838b3882b35ed28744768ef3,England English,england,"In a cinematic rope-down maneuver, the special forces overwhelmed the criminals.",IN THE SINEMETICROPE DIOMONUR THE SPECIAL FORCES OVERHOUND ECRIMINALS,c13165baa3f8233895b6548e6cd5e789cdd2ff8a8cc7f8e176d5b04d4ec1d6b7
wav2vec2_large_lv60,suta,70,stage5ext_00284,3742174ae31b78b11558814a7196a5eec0f489ad3e728a2a125dd1a60c809a770eeaa758499c014bf728437835b4ea9c031a3a9c838b3882b35ed28744768ef3,England English,england,What can have happened?,WHAT CAN HAVE HAPPENED,c13165baa3f8233895b6548e6cd5e789cdd2ff8a8cc7f8e176d5b04d4ec1d6b7
wav2vec2_large_lv60,suta,71,stage5ext_00285,3742174ae31b78b11558814a7196a5eec0f489ad3e728a2a125dd1a60c809a770eeaa758499c014bf728437835b4ea9c031a3a9c838b3882b35ed28744768ef3,England English,england,Now where could my pipe be?,NOW WHERE COULD MY PIPE BE,47cd678056fd3010a7ae157e40de1c06a4b8ec996b3c4c21679a619ac60a35ea
wav2vec2_large_lv60,suta,71,stage5ext_00286,e52a28d767575f4c42c09ca60e1aeaca303322a7771a484213c006ee0297bc33805e0e8dfe177da9a618d61156c387a65a6530200eb9502866cd36c88293e84f,England English,england,I'd love to hear readers sing this.,I'D LOVE TO HEAR THE READERS SING THIS,47cd678056fd3010a7ae157e40de1c06a4b8ec996b3c4c21679a619ac60a35ea
wav2vec2_large_lv60,suta,71,stage5ext_00287,e52a28d767575f4c42c09ca60e1aeaca303322a7771a484213c006ee0297bc33805e0e8dfe177da9a618d61156c387a65a6530200eb9502866cd36c88293e84f,England English,england,The pup jerked the leash as he saw a feline shape.,THE PARPER JERKED THE LEACH AS HE SAW A FELINE SHAPE,47cd678056fd3010a7ae157e40de1c06a4b8ec996b3c4c21679a619ac60a35ea
wav2vec2_large_lv60,suta,71,stage5ext_00288,e52a28d767575f4c42c09ca60e1aeaca303322a7771a484213c006ee0297bc33805e0e8dfe177da9a618d61156c387a65a6530200eb9502866cd36c88293e84f,England English,england,"It's raining heavily, take an umbrella.",IT'S REINING HEAVILY TAKE AN UMBRELLA,47cd678056fd3010a7ae157e40de1c06a4b8ec996b3c4c21679a619ac60a35ea
wav2vec2_large_lv60,suta,72,stage5ext_00289,e52a28d767575f4c42c09ca60e1aeaca303322a7771a484213c006ee0297bc33805e0e8dfe177da9a618d61156c387a65a6530200eb9502866cd36c88293e84f,England English,england,"Oh, I don't know.",OH I DON'T KNOW,4ef4e5e1702d0f4c9eebf7035f82d59299c7219b7be93ceaf90de8f6059af9e1
wav2vec2_large_lv60,suta,72,stage5ext_00290,e52a28d767575f4c42c09ca60e1aeaca303322a7771a484213c006ee0297bc33805e0e8dfe177da9a618d61156c387a65a6530200eb9502866cd36c88293e84f,England English,england,I have to work this Saturday.,I HAVE TO WORK THIS SATURDAY,4ef4e5e1702d0f4c9eebf7035f82d59299c7219b7be93ceaf90de8f6059af9e1
wav2vec2_large_lv60,suta,72,stage5ext_00291,e52a28d767575f4c42c09ca60e1aeaca303322a7771a484213c006ee0297bc33805e0e8dfe177da9a618d61156c387a65a6530200eb9502866cd36c88293e84f,England English,england,By twenty-twenty-two I expect the problem will be solved.,BY TWENTY TWENTY TWO I EXPECT THE PROBLEM WILL BE SOLVED,4ef4e5e1702d0f4c9eebf7035f82d59299c7219b7be93ceaf90de8f6059af9e1
wav2vec2_large_lv60,suta,72,stage5ext_00292,e52a28d767575f4c42c09ca60e1aeaca303322a7771a484213c006ee0297bc33805e0e8dfe177da9a618d61156c387a65a6530200eb9502866cd36c88293e84f,England English,england,The incubation period is typically about two weeks.,THE INCUBATION PERIOD IS TYPICALLY ABOUT TWO WEEKS,4ef4e5e1702d0f4c9eebf7035f82d59299c7219b7be93ceaf90de8f6059af9e1
wav2vec2_large_lv60,suta,73,stage5ext_00293,e52a28d767575f4c42c09ca60e1aeaca303322a7771a484213c006ee0297bc33805e0e8dfe177da9a618d61156c387a65a6530200eb9502866cd36c88293e84f,England English,england,The sink is the thing in which we pile dishes.,THE SINK IS THE THING IN WHICH WE PILE DISHES,9c4e4ab9ae29202dcdf7b8a48ef95f3c26247c214b8a4f7d23a4632a2567d36e
wav2vec2_large_lv60,suta,73,stage5ext_00294,e52a28d767575f4c42c09ca60e1aeaca303322a7771a484213c006ee0297bc33805e0e8dfe177da9a618d61156c387a65a6530200eb9502866cd36c88293e84f,England English,england,Rick was in the first aid club as a sixth-former.,RICK WAS IN THE FIRST AID CLUB AS A SIX FORMER,9c4e4ab9ae29202dcdf7b8a48ef95f3c26247c214b8a4f7d23a4632a2567d36e
wav2vec2_large_lv60,suta,73,stage5ext_00295,e52a28d767575f4c42c09ca60e1aeaca303322a7771a484213c006ee0297bc33805e0e8dfe177da9a618d61156c387a65a6530200eb9502866cd36c88293e84f,England English,england,"Hello, my name is Brenda.",HELLO MY NAME IS BRENDA,9c4e4ab9ae29202dcdf7b8a48ef95f3c26247c214b8a4f7d23a4632a2567d36e
wav2vec2_large_lv60,suta,73,stage5ext_00296,e52a28d767575f4c42c09ca60e1aeaca303322a7771a484213c006ee0297bc33805e0e8dfe177da9a618d61156c387a65a6530200eb9502866cd36c88293e84f,England English,england,Keep It Simple The KISS principal.,GIVE ITS SYMBOL THE KISS PRINCIPLE,9c4e4ab9ae29202dcdf7b8a48ef95f3c26247c214b8a4f7d23a4632a2567d36e
wav2vec2_large_lv60,suta,74,stage5ext_00297,e52a28d767575f4c42c09ca60e1aeaca303322a7771a484213c006ee0297bc33805e0e8dfe177da9a618d61156c387a65a6530200eb9502866cd36c88293e84f,England English,england,"If you experience further problems, please let me know.",IF YOU EXPERIENCE FURTHER PROBLEMS PLEASE LET ME KNOW,79381d033be6e5c39809399437c18929be98b573578328fae92ab3c53a16400d
wav2vec2_large_lv60,suta,74,stage5ext_00298,e52a28d767575f4c42c09ca60e1aeaca303322a7771a484213c006ee0297bc33805e0e8dfe177da9a618d61156c387a65a6530200eb9502866cd36c88293e84f,England English,england,I did this to prevent cycling and encourage greater movement through the solution space.,I DID THIS TO PREVENT CYCLING AND ENCOURAGE GREATER MOVEMENT THROUGH THE SOLUTION SPACE,79381d033be6e5c39809399437c18929be98b573578328fae92ab3c53a16400d
wav2vec2_large_lv60,suta,74,stage5ext_00299,e52a28d767575f4c42c09ca60e1aeaca303322a7771a484213c006ee0297bc33805e0e8dfe177da9a618d61156c387a65a6530200eb9502866cd36c88293e84f,England English,england,The dog was wagged its tail.,THE DOG VORSE WAGGED ITS TAIL,79381d033be6e5c39809399437c18929be98b573578328fae92ab3c53a16400d
wav2vec2_large_lv60,suta,74,stage5ext_00300,e52a28d767575f4c42c09ca60e1aeaca303322a7771a484213c006ee0297bc33805e0e8dfe177da9a618d61156c387a65a6530200eb9502866cd36c88293e84f,England English,england,The box is held by a bright red snapper.,THE BOX IS HELD BY A BRIGHT RED SNAPPER,79381d033be6e5c39809399437c18929be98b573578328fae92ab3c53a16400d
wav2vec2_large_lv60,suta,75,stage5ext_00301,8f7e0c1a745bde3b6375473b87b997d5f687a8a0d9c28a96b8fd9b2db97634c0c09607da808a8e8a08588137234ce63b8a9e537fd15117628bc7cfca6ae12059,South Asian English,south_asian,"Also, oil and coal have hidden costs that others have to pay.",ALSO OIL AND COAL HAVE HIDDEN COSTS THAT OTHERS HAVE TO PAY,491d55384504f5ec2bb2e500ea9f6a5fd5a04ed2c5b78219f12f08c2bc49d78c
wav2vec2_large_lv60,suta,75,stage5ext_00302,8f7e0c1a745bde3b6375473b87b997d5f687a8a0d9c28a96b8fd9b2db97634c0c09607da808a8e8a08588137234ce63b8a9e537fd15117628bc7cfca6ae12059,South Asian English,south_asian,The rest of the site is now a gated community of up-market homes.,THE REST OF THE SITE IS NOW A GATED COMMUNITY OF UPMARKETOMS,491d55384504f5ec2bb2e500ea9f6a5fd5a04ed2c5b78219f12f08c2bc49d78c
wav2vec2_large_lv60,suta,75,stage5ext_00303,8f7e0c1a745bde3b6375473b87b997d5f687a8a0d9c28a96b8fd9b2db97634c0c09607da808a8e8a08588137234ce63b8a9e537fd15117628bc7cfca6ae12059,South Asian English,south_asian,"We first met each other under the Eiffel tower, it was magical.",WE FIRST MET EACH OTHER UNDER THE IFEL TABE IT WAS MAGICAL,491d55384504f5ec2bb2e500ea9f6a5fd5a04ed2c5b78219f12f08c2bc49d78c
wav2vec2_large_lv60,suta,75,stage5ext_00304,8f7e0c1a745bde3b6375473b87b997d5f687a8a0d9c28a96b8fd9b2db97634c0c09607da808a8e8a08588137234ce63b8a9e537fd15117628bc7cfca6ae12059,South Asian English,south_asian,"You know, singing karaoke with you makes me realize how good of a singer I am.",YOU KNOW SINGING KAROKI WITH YU MAKES ME REALIZE HOW GOOD OF A SINGER I AM,491d55384504f5ec2bb2e500ea9f6a5fd5a04ed2c5b78219f12f08c2bc49d78c
wav2vec2_large_lv60,suta,76,stage5ext_00305,8f7e0c1a745bde3b6375473b87b997d5f687a8a0d9c28a96b8fd9b2db97634c0c09607da808a8e8a08588137234ce63b8a9e537fd15117628bc7cfca6ae12059,South Asian English,south_asian,Many rare shore birds breed here along the beaches.,MANY RARE SHOREBIRDS BREED HERE ALONG THE BEACHES,76af5ab337d3aefc3bb60bd01c2259ecc21b0646fb9f2830f10070338637c2ab
wav2vec2_large_lv60,suta,76,stage5ext_00306,8f7e0c1a745bde3b6375473b87b997d5f687a8a0d9c28a96b8fd9b2db97634c0c09607da808a8e8a08588137234ce63b8a9e537fd15117628bc7cfca6ae12059,South Asian English,south_asian,There is no legal recognition of same-sex couples explicitly in Venezuelan law.,THERE IS NO LEGAL RECOGNITION OF SAME SEX COUPLES EXPLICITLY IN VENISULIAN LAW,76af5ab337d3aefc3bb60bd01c2259ecc21b0646fb9f2830f10070338637c2ab
wav2vec2_large_lv60,suta,76,stage5ext_00307,8f7e0c1a745bde3b6375473b87b997d5f687a8a0d9c28a96b8fd9b2db97634c0c09607da808a8e8a08588137234ce63b8a9e537fd15117628bc7cfca6ae12059,South Asian English,south_asian,"It was easy to see on the radiogram, that his bones were broken.",IT WAS EASY TO SEE ON THE RADIOGRAM THAT HIS BONES WERE BROKEN,76af5ab337d3aefc3bb60bd01c2259ecc21b0646fb9f2830f10070338637c2ab
wav2vec2_large_lv60,suta,76,stage5ext_00308,8f7e0c1a745bde3b6375473b87b997d5f687a8a0d9c28a96b8fd9b2db97634c0c09607da808a8e8a08588137234ce63b8a9e537fd15117628bc7cfca6ae12059,South Asian English,south_asian,"However, ""Maggi goreng"" is cooked by stir-frying them with vegetables and eggs.",HOWEVER MAGGIE GORING IS COOKED BY SERVE FRYING THEN VEGETABLES AND EGGS,76af5ab337d3aefc3bb60bd01c2259ecc21b0646fb9f2830f10070338637c2ab
wav2vec2_large_lv60,suta,77,stage5ext_00309,8f7e0c1a745bde3b6375473b87b997d5f687a8a0d9c28a96b8fd9b2db97634c0c09607da808a8e8a08588137234ce63b8a9e537fd15117628bc7cfca6ae12059,South Asian English,south_asian,with the University of the Hon.,WITH THE UNIVERSITY OF TEHON,39eeb348c3cbc89b269b74a4bf59cf663469f57a7c6959e09bcc4b5581adfd9f
wav2vec2_large_lv60,suta,77,stage5ext_00310,8f7e0c1a745bde3b6375473b87b997d5f687a8a0d9c28a96b8fd9b2db97634c0c09607da808a8e8a08588137234ce63b8a9e537fd15117628bc7cfca6ae12059,South Asian English,south_asian,"Bacon, pancakes and maple syrup is a hearty start to any day.",BACON PANCAKES AND MAPLE SYRRUP IS A HARTY START TO ANY DAY,39eeb348c3cbc89b269b74a4bf59cf663469f57a7c6959e09bcc4b5581adfd9f
wav2vec2_large_lv60,suta,77,stage5ext_00311,8f7e0c1a745bde3b6375473b87b997d5f687a8a0d9c28a96b8fd9b2db97634c0c09607da808a8e8a08588137234ce63b8a9e537fd15117628bc7cfca6ae12059,South Asian English,south_asian,"Fortunately for us, our sun will continue to be around for a few billion years.",FORTUNATELY FOR US OUR SUN WILL CONTINUE TO BE AROUND FOR A FEW BILLION YEARS,39eeb348c3cbc89b269b74a4bf59cf663469f57a7c6959e09bcc4b5581adfd9f
wav2vec2_large_lv60,suta,77,stage5ext_00312,8f7e0c1a745bde3b6375473b87b997d5f687a8a0d9c28a96b8fd9b2db97634c0c09607da808a8e8a08588137234ce63b8a9e537fd15117628bc7cfca6ae12059,South Asian English,south_asian,Why can't I skip this damn intro?,WHY CAN'T I SKEP THIS DAMN INTRO,39eeb348c3cbc89b269b74a4bf59cf663469f57a7c6959e09bcc4b5581adfd9f
wav2vec2_large_lv60,suta,78,stage5ext_00313,8f7e0c1a745bde3b6375473b87b997d5f687a8a0d9c28a96b8fd9b2db97634c0c09607da808a8e8a08588137234ce63b8a9e537fd15117628bc7cfca6ae12059,South Asian English,south_asian,"They, too, had been carelessly left unbolted.",THEY TOO HAD BEEN CARELESSLY LEFT UNBOLTED,396cbbd4620b0eee4607fcf73f394cefa79e8ea37666300aec8e4f998f86ad69
wav2vec2_large_lv60,suta,78,stage5ext_00314,8f7e0c1a745bde3b6375473b87b997d5f687a8a0d9c28a96b8fd9b2db97634c0c09607da808a8e8a08588137234ce63b8a9e537fd15117628bc7cfca6ae12059,South Asian English,south_asian,It is located in the Parque Patricios neighborhood of Buenos Aires.,IT IS LOCATED IN THE PARK PATRISES NEIGHBORHOOD OF BUONUS ARES,396cbbd4620b0eee4607fcf73f394cefa79e8ea37666300aec8e4f998f86ad69
wav2vec2_large_lv60,suta,78,stage5ext_00315,8f7e0c1a745bde3b6375473b87b997d5f687a8a0d9c28a96b8fd9b2db97634c0c09607da808a8e8a08588137234ce63b8a9e537fd15117628bc7cfca6ae12059,South Asian English,south_asian,Williams is actively engaged in public service and philanthropy.,WILLIAMS IS ACTIVELY ENGAGED IN PUBLIC SERVICE AND PILANTHROPY,396cbbd4620b0eee4607fcf73f394cefa79e8ea37666300aec8e4f998f86ad69
wav2vec2_large_lv60,suta,78,stage5ext_00316,f6987deb24305a72a216ab20686f51f94b6f8705775768dd535e4da88ff7117abfe923d46999a076b82dd084f2eb5ae7185de770ddb184c4e3a01d5b6390da20,South Asian English,south_asian,These cars were all basically retrimmed Mercurys.,THESE SCARS WERE ALL BASIVELY REACHIN MERCURIUS,396cbbd4620b0eee4607fcf73f394cefa79e8ea37666300aec8e4f998f86ad69
wav2vec2_large_lv60,suta,79,stage5ext_00317,f6987deb24305a72a216ab20686f51f94b6f8705775768dd535e4da88ff7117abfe923d46999a076b82dd084f2eb5ae7185de770ddb184c4e3a01d5b6390da20,South Asian English,south_asian,There are many small businesses throughout the small town that contribute to economic success.,THERE ARE MANY SMALL BUSINESSES THROUGHOUT THE SMALL OT THAT CONTRIBUTE TO THE ECONOMIC SUCCESS,2448460a3ffb019bcbdc84f1dd81b025cd063afd0f6cabcc3a9b67121b26d67f
wav2vec2_large_lv60,suta,79,stage5ext_00318,f6987deb24305a72a216ab20686f51f94b6f8705775768dd535e4da88ff7117abfe923d46999a076b82dd084f2eb5ae7185de770ddb184c4e3a01d5b6390da20,South Asian English,south_asian,Derivational morphology often involves the addition of a derivational suffix or other affix.,DERIVATION AN WAFOLOGY OFTEN INVOLVES THE ADDITION OF ER DEREGATIONAL SUFFICS OR OTHER AFFECTS,2448460a3ffb019bcbdc84f1dd81b025cd063afd0f6cabcc3a9b67121b26d67f
wav2vec2_large_lv60,suta,79,stage5ext_00319,f6987deb24305a72a216ab20686f51f94b6f8705775768dd535e4da88ff7117abfe923d46999a076b82dd084f2eb5ae7185de770ddb184c4e3a01d5b6390da20,South Asian English,south_asian,The school sports mascot is the Gator.,THE SCOOLS COLS MASKER IS THE GAITER,2448460a3ffb019bcbdc84f1dd81b025cd063afd0f6cabcc3a9b67121b26d67f
wav2vec2_large_lv60,suta,79,stage5ext_00320,f6987deb24305a72a216ab20686f51f94b6f8705775768dd535e4da88ff7117abfe923d46999a076b82dd084f2eb5ae7185de770ddb184c4e3a01d5b6390da20,South Asian English,south_asian,The incident made him more aware of his future.,THE INCIDENT MADE HIM MORE AWARE OF HIS TEACHERS,2448460a3ffb019bcbdc84f1dd81b025cd063afd0f6cabcc3a9b67121b26d67f
wav2vec2_large_lv60,suta,80,stage5ext_00321,f6987deb24305a72a216ab20686f51f94b6f8705775768dd535e4da88ff7117abfe923d46999a076b82dd084f2eb5ae7185de770ddb184c4e3a01d5b6390da20,South Asian English,south_asian,Toronto Netball Club plays at Westlakes Netball Association.,CERANTO NETPOL CLUB PLAYS AT WESLAKE MITHOLD ASSOCIATION,26503ab5537ed0f0d0ba6b649cdf8ec60930c296583c4a4fe5c061e9c63d2d93
wav2vec2_large_lv60,suta,80,stage5ext_00322,f6987deb24305a72a216ab20686f51f94b6f8705775768dd535e4da88ff7117abfe923d46999a076b82dd084f2eb5ae7185de770ddb184c4e3a01d5b6390da20,South Asian English,south_asian,He returned to the field for the final three games of the season.,SHE RETURNED TO THE STREET FOR THE FINAL THREE GAMES OF THE SEASON,26503ab5537ed0f0d0ba6b649cdf8ec60930c296583c4a4fe5c061e9c63d2d93
wav2vec2_large_lv60,suta,80,stage5ext_00323,f6987deb24305a72a216ab20686f51f94b6f8705775768dd535e4da88ff7117abfe923d46999a076b82dd084f2eb5ae7185de770ddb184c4e3a01d5b6390da20,South Asian English,south_asian,"His first season numbers were unimpressive, reflecting his rookie status.",HIS FIRST SEASON NUMBERS WERE UNIMPRESSIVE REFLECTING AS RUPICIDUS,26503ab5537ed0f0d0ba6b649cdf8ec60930c296583c4a4fe5c061e9c63d2d93
wav2vec2_large_lv60,suta,80,stage5ext_00324,f6987deb24305a72a216ab20686f51f94b6f8705775768dd535e4da88ff7117abfe923d46999a076b82dd084f2eb5ae7185de770ddb184c4e3a01d5b6390da20,South Asian English,south_asian,Two thousand copies of the album were available on the band's website.,TWO THOUSAND COPIES OF THE ALBUM WERE AVAILABLE ON THE MANS WIVE SIDE,26503ab5537ed0f0d0ba6b649cdf8ec60930c296583c4a4fe5c061e9c63d2d93
wav2vec2_large_lv60,suta,81,stage5ext_00325,f6987deb24305a72a216ab20686f51f94b6f8705775768dd535e4da88ff7117abfe923d46999a076b82dd084f2eb5ae7185de770ddb184c4e3a01d5b6390da20,South Asian English,south_asian,"With Lajoie gone, the club needed a new name.",WITH LAJUI GONE THE CLUP NEEDED A NEW KIM,bf53a13c1096a2636386d0f212539990bc1a42baca3bcdc51edb34b0b8c2f679
wav2vec2_large_lv60,suta,81,stage5ext_00326,f6987deb24305a72a216ab20686f51f94b6f8705775768dd535e4da88ff7117abfe923d46999a076b82dd084f2eb5ae7185de770ddb184c4e3a01d5b6390da20,South Asian English,south_asian,Pendergrass got well-wishes from thousands of his fans during his recovery.,SPENCER GRASS CASE WELVISHES FROM POSENCE OF THI PANS DURING HIS RECOVERY O,bf53a13c1096a2636386d0f212539990bc1a42baca3bcdc51edb34b0b8c2f679
wav2vec2_large_lv60,suta,81,stage5ext_00327,f6987deb24305a72a216ab20686f51f94b6f8705775768dd535e4da88ff7117abfe923d46999a076b82dd084f2eb5ae7185de770ddb184c4e3a01d5b6390da20,South Asian English,south_asian,The third phase involves converting Hughes Hall into office space.,THAT THIRD PHASE INVOLVES CONVERTING HUGIS PALP INTO ORFA SPACE,bf53a13c1096a2636386d0f212539990bc1a42baca3bcdc51edb34b0b8c2f679
wav2vec2_large_lv60,suta,81,stage5ext_00328,f6987deb24305a72a216ab20686f51f94b6f8705775768dd535e4da88ff7117abfe923d46999a076b82dd084f2eb5ae7185de770ddb184c4e3a01d5b6390da20,South Asian English,south_asian,They used the sharks that followed the ships as a terror weapon.,THEY USED THE SHATS THAT FOLLOWED THE SHIPS AS AT ELVEVEN,bf53a13c1096a2636386d0f212539990bc1a42baca3bcdc51edb34b0b8c2f679
wav2vec2_large_lv60,suta,82,stage5ext_00329,f6987deb24305a72a216ab20686f51f94b6f8705775768dd535e4da88ff7117abfe923d46999a076b82dd084f2eb5ae7185de770ddb184c4e3a01d5b6390da20,South Asian English,south_asian,"They had eight children, five of whom survived to adulthood.",THEY HAD EIGHT CHILDREN FIVE OF O SURMIVES TO ADULTHOOD,cde29ae9ba4735b888ba571c2738c8d792193c64b2da26cf204022dac3c2992a
wav2vec2_large_lv60,suta,82,stage5ext_00330,f6987deb24305a72a216ab20686f51f94b6f8705775768dd535e4da88ff7117abfe923d46999a076b82dd084f2eb5ae7185de770ddb184c4e3a01d5b6390da20,South Asian English,south_asian,The island is now uninhabited and managed as a bird reserve.,THE ISLAND IS NO UNINHABITED AND MANS JUST A BIRD TESER,cde29ae9ba4735b888ba571c2738c8d792193c64b2da26cf204022dac3c2992a
wav2vec2_large_lv60,suta,82,stage5ext_00331,746bd7c2bd64e7fde7dda173976ca80e97a1875f7571a836827b832c1609da3c16be48a0bbf11e310ba7f262e77841dc8e70360283da6a0100631e2ac4760956,South Asian English,south_asian,Buckingham was also particularly proud of the Spanish guitar solo.,BUCKINGHAM WAS ALSO PARTICULARLY PROUD OF THE SPANISH GUITAR SOLO,cde29ae9ba4735b888ba571c2738c8d792193c64b2da26cf204022dac3c2992a
wav2vec2_large_lv60,suta,82,stage5ext_00332,746bd7c2bd64e7fde7dda173976ca80e97a1875f7571a836827b832c1609da3c16be48a0bbf11e310ba7f262e77841dc8e70360283da6a0100631e2ac4760956,South Asian English,south_asian,"Also known as Herbert, Borchardt initially studied Architecture and later Egyptology under Adolf Erman.",ALSO KNOWN AS HERBERT BEAUCHAR INITIALLY STUDIED ARCHITECTURE AND LATER EGYPTOLOGY UNDER ODOLPH EMEN,cde29ae9ba4735b888ba571c2738c8d792193c64b2da26cf204022dac3c2992a
wav2vec2_large_lv60,suta,83,stage5ext_00333,746bd7c2bd64e7fde7dda173976ca80e97a1875f7571a836827b832c1609da3c16be48a0bbf11e310ba7f262e77841dc8e70360283da6a0100631e2ac4760956,South Asian English,south_asian,"Publicised nationwide, Gladstone's message became that of the party.",UBLICIZED NATION WIDE GLADSTONE'S MESSAGE BECAME THAT OF THE PARTY,5102b9a481c21180c609c191e1bf693526b0b9f647534a85d7f085198d420b2d
wav2vec2_large_lv60,suta,83,stage5ext_00334,746bd7c2bd64e7fde7dda173976ca80e97a1875f7571a836827b832c1609da3c16be48a0bbf11e310ba7f262e77841dc8e70360283da6a0100631e2ac4760956,South Asian English,south_asian,McGrath is a friend and fan of Ralph McTell.,MAGRAT IS A FRIEND AND FAN OF RALPH MC DAU,5102b9a481c21180c609c191e1bf693526b0b9f647534a85d7f085198d420b2d
wav2vec2_large_lv60,suta,83,stage5ext_00335,746bd7c2bd64e7fde7dda173976ca80e97a1875f7571a836827b832c1609da3c16be48a0bbf11e310ba7f262e77841dc8e70360283da6a0100631e2ac4760956,South Asian English,south_asian,His family later moved to Los Angeles and he attended Fairfax High School.,HIS FAMILY LED HIM OFF TO LOS ANGELES AND HE ATTENDED FAIRFAX HIGH SCHOOL,5102b9a481c21180c609c191e1bf693526b0b9f647534a85d7f085198d420b2d
wav2vec2_large_lv60,suta,83,stage5ext_00336,746bd7c2bd64e7fde7dda173976ca80e97a1875f7571a836827b832c1609da3c16be48a0bbf11e310ba7f262e77841dc8e70360283da6a0100631e2ac4760956,South Asian English,south_asian,The grape originated as a cross of Syrah pollen germinating a Peloursin plant.,THE GRAPE ORIGINATED AS A CROSS OF CIRAL POLAN GERMINATING A PELOSEN PLANT,5102b9a481c21180c609c191e1bf693526b0b9f647534a85d7f085198d420b2d
wav2vec2_large_lv60,suta,84,stage5ext_00337,746bd7c2bd64e7fde7dda173976ca80e97a1875f7571a836827b832c1609da3c16be48a0bbf11e310ba7f262e77841dc8e70360283da6a0100631e2ac4760956,South Asian English,south_asian,The main gate is located in the center of the south curtain wall.,THE MAIN GATE IS LOCATED IN THE CENTR OF THE SOUTH GIRTEN WALL,5f2041534a4920fbdad7b01229d48042b2d90736debdb8ac30c39b36218fc00f
wav2vec2_large_lv60,suta,84,stage5ext_00338,746bd7c2bd64e7fde7dda173976ca80e97a1875f7571a836827b832c1609da3c16be48a0bbf11e310ba7f262e77841dc8e70360283da6a0100631e2ac4760956,South Asian English,south_asian,Ferrers made many contributions to mathematical literature.,PAROS MADE MANY CONTRIBUTIONS TO MATHEMATICAL LITERATURE,5f2041534a4920fbdad7b01229d48042b2d90736debdb8ac30c39b36218fc00f
wav2vec2_large_lv60,suta,84,stage5ext_00339,746bd7c2bd64e7fde7dda173976ca80e97a1875f7571a836827b832c1609da3c16be48a0bbf11e310ba7f262e77841dc8e70360283da6a0100631e2ac4760956,South Asian English,south_asian,"Prokosch was born in Madison, Wisconsin, into an intellectual family that travelled widely.",PROKOSH WAS BORN IN MADISON WISCONSIN INTO AN INTELLECTUAL FAMILY THAT TRAVELED WIDELY,5f2041534a4920fbdad7b01229d48042b2d90736debdb8ac30c39b36218fc00f
wav2vec2_large_lv60,suta,84,stage5ext_00340,746bd7c2bd64e7fde7dda173976ca80e97a1875f7571a836827b832c1609da3c16be48a0bbf11e310ba7f262e77841dc8e70360283da6a0100631e2ac4760956,South Asian English,south_asian,Britain sends three big-game hunters to kill the lions.,BRITON SENDS THREE BIG GAME HUNTERS TO KILL THE LIONS,5f2041534a4920fbdad7b01229d48042b2d90736debdb8ac30c39b36218fc00f
wav2vec2_large_lv60,suta,85,stage5ext_00341,746bd7c2bd64e7fde7dda173976ca80e97a1875f7571a836827b832c1609da3c16be48a0bbf11e310ba7f262e77841dc8e70360283da6a0100631e2ac4760956,South Asian English,south_asian,The French colonial government gave land away to soldiers and settlers.,THE FRENCH COLONIAL GOVERNMENT GAVE LAND A AY TO SOLDIERS AND SETTLERS,d6e05ce09b2365ec338cadade9f681fc8a1e82755062e54259851973064c5514
wav2vec2_large_lv60,suta,85,stage5ext_00342,746bd7c2bd64e7fde7dda173976ca80e97a1875f7571a836827b832c1609da3c16be48a0bbf11e310ba7f262e77841dc8e70360283da6a0100631e2ac4760956,South Asian English,south_asian,A Fermilab initiative to seek out cost effective computing for the Tevatron.,A FIRMELAB INITIATIVE TO SEEK OUT COS EFFEFTIVE COMPUTING WITTHE TERA DRAWN,d6e05ce09b2365ec338cadade9f681fc8a1e82755062e54259851973064c5514
wav2vec2_large_lv60,suta,85,stage5ext_00343,746bd7c2bd64e7fde7dda173976ca80e97a1875f7571a836827b832c1609da3c16be48a0bbf11e310ba7f262e77841dc8e70360283da6a0100631e2ac4760956,South Asian English,south_asian,"The Shaw collection is housed at the university's duPont-Ball library in DeLand, Florida.",THE SHORE COLLECTION IS HOUSED AT THE UNIVERSITY'S DUPON BALL LIBRARY IN TELA FLODITA,d6e05ce09b2365ec338cadade9f681fc8a1e82755062e54259851973064c5514
wav2vec2_large_lv60,suta,85,stage5ext_00344,746bd7c2bd64e7fde7dda173976ca80e97a1875f7571a836827b832c1609da3c16be48a0bbf11e310ba7f262e77841dc8e70360283da6a0100631e2ac4760956,South Asian English,south_asian,"He now lives in Toronto, Ontario.",HE NOW LIVES IN TORANTA ONTARIO,d6e05ce09b2365ec338cadade9f681fc8a1e82755062e54259851973064c5514
wav2vec2_large_lv60,suta,86,stage5ext_00345,746bd7c2bd64e7fde7dda173976ca80e97a1875f7571a836827b832c1609da3c16be48a0bbf11e310ba7f262e77841dc8e70360283da6a0100631e2ac4760956,South Asian English,south_asian,"The British called such weapons ""Pass-made rifles"".",THE BRITISH CALLED SUCH WEAPONS PASS ME TRIFLES,427d572b34f9b24819a31a44ba4d64ca56eb918f10a1a213a7f8151d72b3218b
wav2vec2_large_lv60,suta,86,stage5ext_00346,02a40eed38bf20ab1ddca1a5c60f5b2cadd5455be21c7a1ab8e87d65a6fec68495c0d24d8fecdfe3f9d132fdfa842dba33dca093df21b19f3d325519779d13d0,South Asian English,south_asian,"The women of ""Survivor"" deserved better.",THE WOMEN OF SURVIVOR DESERVE BETTER,427d572b34f9b24819a31a44ba4d64ca56eb918f10a1a213a7f8151d72b3218b
wav2vec2_large_lv60,suta,86,stage5ext_00347,02a40eed38bf20ab1ddca1a5c60f5b2cadd5455be21c7a1ab8e87d65a6fec68495c0d24d8fecdfe3f9d132fdfa842dba33dca093df21b19f3d325519779d13d0,South Asian English,south_asian,His great knowledge and immense industry are shown throughout its pages.,HIS GRAT KNOWLEDGE AND IMINT INDUSTRY ARE SHOWN THROUGHOUT ITS PAGES,427d572b34f9b24819a31a44ba4d64ca56eb918f10a1a213a7f8151d72b3218b
wav2vec2_large_lv60,suta,86,stage5ext_00348,02a40eed38bf20ab1ddca1a5c60f5b2cadd5455be21c7a1ab8e87d65a6fec68495c0d24d8fecdfe3f9d132fdfa842dba33dca093df21b19f3d325519779d13d0,South Asian English,south_asian,Other African examples may be found in Nigeria and East Africa.,OTHER AFRICAN EXAMPLES MAY BE FOUND IN AGESIA AND EAST AFRICA,427d572b34f9b24819a31a44ba4d64ca56eb918f10a1a213a7f8151d72b3218b
wav2vec2_large_lv60,suta,87,stage5ext_00349,02a40eed38bf20ab1ddca1a5c60f5b2cadd5455be21c7a1ab8e87d65a6fec68495c0d24d8fecdfe3f9d132fdfa842dba33dca093df21b19f3d325519779d13d0,South Asian English,south_asian,Enrico Ferri is the father of four children.,INDRICOFERIS FATHER OF FOUR CHILDREN,e06a597539eddcdba50bc82271a4ea22d23e6b52556759df1e634829fff324fb
wav2vec2_large_lv60,suta,87,stage5ext_00350,02a40eed38bf20ab1ddca1a5c60f5b2cadd5455be21c7a1ab8e87d65a6fec68495c0d24d8fecdfe3f9d132fdfa842dba33dca093df21b19f3d325519779d13d0,South Asian English,south_asian,It has been found in the English Channel and the Gulf of Mexico.,IT HAS BEEN FOUND IN THE ENGLISH CHANNEL AND THE GULF OF MEXICO,e06a597539eddcdba50bc82271a4ea22d23e6b52556759df1e634829fff324fb
wav2vec2_large_lv60,suta,87,stage5ext_00351,02a40eed38bf20ab1ddca1a5c60f5b2cadd5455be21c7a1ab8e87d65a6fec68495c0d24d8fecdfe3f9d132fdfa842dba33dca093df21b19f3d325519779d13d0,South Asian English,south_asian,Her work has also appeared on postage stamps produced by the Czech Republic.,HER WORK HAS ALSO APPEARED ON POSTAGE STAMPS PRODUCED BY THE SAC REPUBLIC,e06a597539eddcdba50bc82271a4ea22d23e6b52556759df1e634829fff324fb
wav2vec2_large_lv60,suta,87,stage5ext_00352,02a40eed38bf20ab1ddca1a5c60f5b2cadd5455be21c7a1ab8e87d65a6fec68495c0d24d8fecdfe3f9d132fdfa842dba33dca093df21b19f3d325519779d13d0,South Asian English,south_asian,Mathilda Ebeling,MATILDA EBLING,e06a597539eddcdba50bc82271a4ea22d23e6b52556759df1e634829fff324fb
wav2vec2_large_lv60,suta,88,stage5ext_00353,02a40eed38bf20ab1ddca1a5c60f5b2cadd5455be21c7a1ab8e87d65a6fec68495c0d24d8fecdfe3f9d132fdfa842dba33dca093df21b19f3d325519779d13d0,South Asian English,south_asian,Behra also set pole and fastest lap.,BEHADAL ALSO SET BAWLING FASTITS LAP,a9097f099803e3ef63952f06ac9280f560a50c151aa6f261a58117612e0e8e07
wav2vec2_large_lv60,suta,88,stage5ext_00354,02a40eed38bf20ab1ddca1a5c60f5b2cadd5455be21c7a1ab8e87d65a6fec68495c0d24d8fecdfe3f9d132fdfa842dba33dca093df21b19f3d325519779d13d0,South Asian English,south_asian,All of his brothers were fighters.,ALL O HIS BROTHERS WERE FIGTERS,a9097f099803e3ef63952f06ac9280f560a50c151aa6f261a58117612e0e8e07
wav2vec2_large_lv60,suta,88,stage5ext_00355,02a40eed38bf20ab1ddca1a5c60f5b2cadd5455be21c7a1ab8e87d65a6fec68495c0d24d8fecdfe3f9d132fdfa842dba33dca093df21b19f3d325519779d13d0,South Asian English,south_asian,In general they tended to rather large format.,IN GENERAL THEY TENDED A RATHER LARGE FORMAT,a9097f099803e3ef63952f06ac9280f560a50c151aa6f261a58117612e0e8e07
wav2vec2_large_lv60,suta,88,stage5ext_00356,02a40eed38bf20ab1ddca1a5c60f5b2cadd5455be21c7a1ab8e87d65a6fec68495c0d24d8fecdfe3f9d132fdfa842dba33dca093df21b19f3d325519779d13d0,South Asian English,south_asian,Downey posted the picture on Instagram and received requests for the pattern.,DONIE POSTED THE PICTURE ON INSTOKGRAM AND TESUVED REQUEST FOR THE PATTERN,a9097f099803e3ef63952f06ac9280f560a50c151aa6f261a58117612e0e8e07
wav2vec2_large_lv60,suta,89,stage5ext_00357,02a40eed38bf20ab1ddca1a5c60f5b2cadd5455be21c7a1ab8e87d65a6fec68495c0d24d8fecdfe3f9d132fdfa842dba33dca093df21b19f3d325519779d13d0,South Asian English,south_asian,She did not like children and tried to hide it.,SHE DID NOT LIKE CHILDREN N D TRY TO HIDE IT,e8fc69b8025e542f5d03b365457208f70b11f4348f9e8675550d892da2fdf983
wav2vec2_large_lv60,suta,89,stage5ext_00358,02a40eed38bf20ab1ddca1a5c60f5b2cadd5455be21c7a1ab8e87d65a6fec68495c0d24d8fecdfe3f9d132fdfa842dba33dca093df21b19f3d325519779d13d0,South Asian English,south_asian,Today the church still retains many of its historic features.,TOLY THE CHURCH STILL REGAINS MANY OF ITS ESTROTIC FEATURES,e8fc69b8025e542f5d03b365457208f70b11f4348f9e8675550d892da2fdf983
wav2vec2_large_lv60,suta,89,stage5ext_00359,02a40eed38bf20ab1ddca1a5c60f5b2cadd5455be21c7a1ab8e87d65a6fec68495c0d24d8fecdfe3f9d132fdfa842dba33dca093df21b19f3d325519779d13d0,South Asian English,south_asian,The two also had used the same choreographer.,THE TWO ALSO HAD USED THE SAME COREOGRAPHER,e8fc69b8025e542f5d03b365457208f70b11f4348f9e8675550d892da2fdf983
wav2vec2_large_lv60,suta,89,stage5ext_00360,02a40eed38bf20ab1ddca1a5c60f5b2cadd5455be21c7a1ab8e87d65a6fec68495c0d24d8fecdfe3f9d132fdfa842dba33dca093df21b19f3d325519779d13d0,South Asian English,south_asian,Murom is the nearest rural locality.,MORAM IS E NEAREST RULER LOCALITY,e8fc69b8025e542f5d03b365457208f70b11f4348f9e8675550d892da2fdf983
wav2vec2_large_lv60,suta,90,stage5ext_00361,aaf1e4c69fbd1d1faf2fcbf3500fe62c714695d030ca2f945ff72ef0c02adfc3ff3b57023bc8367965617d4ca057efc9c9a11733d05858f18602fdc792ae9d84,South Asian English,south_asian,We will not have any money left.,WE WILL NOT HAVE ANY MONEY LEFT,60c077eb854bca9ff9e2152985872d972a4e79d756d385ebc1e18046f115a1fb
wav2vec2_large_lv60,suta,90,stage5ext_00362,aaf1e4c69fbd1d1faf2fcbf3500fe62c714695d030ca2f945ff72ef0c02adfc3ff3b57023bc8367965617d4ca057efc9c9a11733d05858f18602fdc792ae9d84,South Asian English,south_asian,A magistrate.,A MAGISTRATE,60c077eb854bca9ff9e2152985872d972a4e79d756d385ebc1e18046f115a1fb
wav2vec2_large_lv60,suta,90,stage5ext_00363,aaf1e4c69fbd1d1faf2fcbf3500fe62c714695d030ca2f945ff72ef0c02adfc3ff3b57023bc8367965617d4ca057efc9c9a11733d05858f18602fdc792ae9d84,South Asian English,south_asian,I know Daniel quite well.,I KNOW DANIEL QUITE WELL,60c077eb854bca9ff9e2152985872d972a4e79d756d385ebc1e18046f115a1fb
wav2vec2_large_lv60,suta,90,stage5ext_00364,aaf1e4c69fbd1d1faf2fcbf3500fe62c714695d030ca2f945ff72ef0c02adfc3ff3b57023bc8367965617d4ca057efc9c9a11733d05858f18602fdc792ae9d84,South Asian English,south_asian,Mary found the website and showed it to Daniel.,MARY FONDEWET SIHED AND SHOWED IT TO DANIEL,60c077eb854bca9ff9e2152985872d972a4e79d756d385ebc1e18046f115a1fb
wav2vec2_large_lv60,suta,91,stage5ext_00365,aaf1e4c69fbd1d1faf2fcbf3500fe62c714695d030ca2f945ff72ef0c02adfc3ff3b57023bc8367965617d4ca057efc9c9a11733d05858f18602fdc792ae9d84,South Asian English,south_asian,"If you experience further problems, please let me know.",IF YOU EXPERIENCE FURTHER PROBLEMS PLEASE LET ME KNOW,a2cf04bb1e95ecc09504b65f27449b072ad2dbda3bca89853edbeea3d2392f16
wav2vec2_large_lv60,suta,91,stage5ext_00366,aaf1e4c69fbd1d1faf2fcbf3500fe62c714695d030ca2f945ff72ef0c02adfc3ff3b57023bc8367965617d4ca057efc9c9a11733d05858f18602fdc792ae9d84,South Asian English,south_asian,Debra is a explorer that has been all over the world.,TE BRICA EXPLORER THAT HAS BEEN ALL OVER THE WORLD,a2cf04bb1e95ecc09504b65f27449b072ad2dbda3bca89853edbeea3d2392f16
wav2vec2_large_lv60,suta,91,stage5ext_00367,aaf1e4c69fbd1d1faf2fcbf3500fe62c714695d030ca2f945ff72ef0c02adfc3ff3b57023bc8367965617d4ca057efc9c9a11733d05858f18602fdc792ae9d84,South Asian English,south_asian,Albert Einstein's famous equation E equals MC squared is one of the best known equations in physics.,ALBERTEIN STEYNS FAMOUS EQUATION E EQUALS IMSISQUIRE IS ONE OF THE BEST NOWN EQUATIONS IN PHYSICS,a2cf04bb1e95ecc09504b65f27449b072ad2dbda3bca89853edbeea3d2392f16
wav2vec2_large_lv60,suta,91,stage5ext_00368,aaf1e4c69fbd1d1faf2fcbf3500fe62c714695d030ca2f945ff72ef0c02adfc3ff3b57023bc8367965617d4ca057efc9c9a11733d05858f18602fdc792ae9d84,South Asian English,south_asian,One good turn deserves another.,ONE GOOD TURN DESERVES ANOTHER,a2cf04bb1e95ecc09504b65f27449b072ad2dbda3bca89853edbeea3d2392f16
wav2vec2_large_lv60,suta,92,stage5ext_00369,aaf1e4c69fbd1d1faf2fcbf3500fe62c714695d030ca2f945ff72ef0c02adfc3ff3b57023bc8367965617d4ca057efc9c9a11733d05858f18602fdc792ae9d84,South Asian English,south_asian,It has been so long since I have seen you!,IT HAS BEEN SO LONG SINCE I HAVE SEEN YOU,c35b69b3e55d42c932a9cdacf3c1382d4e5742418643539eaaa4a13842d058da
wav2vec2_large_lv60,suta,92,stage5ext_00370,aaf1e4c69fbd1d1faf2fcbf3500fe62c714695d030ca2f945ff72ef0c02adfc3ff3b57023bc8367965617d4ca057efc9c9a11733d05858f18602fdc792ae9d84,South Asian English,south_asian,William Shakespeare was an English poet and playwright that lived during the late sixteenth century.,WILLIAM SHAKSPEARE WAS AN ENGLISH POIT AND PLAYRATE THAT LIVED DURING THE LATE SIXTEENTH CENTURY,c35b69b3e55d42c932a9cdacf3c1382d4e5742418643539eaaa4a13842d058da
wav2vec2_large_lv60,suta,92,stage5ext_00371,aaf1e4c69fbd1d1faf2fcbf3500fe62c714695d030ca2f945ff72ef0c02adfc3ff3b57023bc8367965617d4ca057efc9c9a11733d05858f18602fdc792ae9d84,South Asian English,south_asian,The pup jerked the leash as he saw a feline shape.,THE PUB JERKED THE LEASH AS HE SAW IFILINTRE,c35b69b3e55d42c932a9cdacf3c1382d4e5742418643539eaaa4a13842d058da
wav2vec2_large_lv60,suta,92,stage5ext_00372,aaf1e4c69fbd1d1faf2fcbf3500fe62c714695d030ca2f945ff72ef0c02adfc3ff3b57023bc8367965617d4ca057efc9c9a11733d05858f18602fdc792ae9d84,South Asian English,south_asian,Forty on Thursday is the name of the event.,FORTY UNTOLSIDO IS THE NAME OF THE EVENT,c35b69b3e55d42c932a9cdacf3c1382d4e5742418643539eaaa4a13842d058da
wav2vec2_large_lv60,suta,93,stage5ext_00373,aaf1e4c69fbd1d1faf2fcbf3500fe62c714695d030ca2f945ff72ef0c02adfc3ff3b57023bc8367965617d4ca057efc9c9a11733d05858f18602fdc792ae9d84,South Asian English,south_asian,The largest town is Abergavenny.,THE LARGEST OWL IS ABEGAVENY,a4d76e70327a040f3ac2ed511724c3d76428e6568c852bbe615b588b1e26b79a
wav2vec2_large_lv60,suta,93,stage5ext_00374,aaf1e4c69fbd1d1faf2fcbf3500fe62c714695d030ca2f945ff72ef0c02adfc3ff3b57023bc8367965617d4ca057efc9c9a11733d05858f18602fdc792ae9d84,South Asian English,south_asian,No one has ever done it before.,NO ONE HAS OVERDONE IT BEFORE,a4d76e70327a040f3ac2ed511724c3d76428e6568c852bbe615b588b1e26b79a
wav2vec2_large_lv60,suta,93,stage5ext_00375,aaf1e4c69fbd1d1faf2fcbf3500fe62c714695d030ca2f945ff72ef0c02adfc3ff3b57023bc8367965617d4ca057efc9c9a11733d05858f18602fdc792ae9d84,South Asian English,south_asian,Two men spoke in Arabic while having a drink at the bar.,TWO MEN SPOK IN ARABIC WHILE HAVING A DRINK AT THE BARL,a4d76e70327a040f3ac2ed511724c3d76428e6568c852bbe615b588b1e26b79a
wav2vec2_large_lv60,suta,93,stage5ext_00376,f7e25829f749c01cdf81e5c9cba92ab80af25ba7120bdb943094d45b56be1cc3b516ca22cc0a4aed4934a1c9af35e152ecc95a58b32ce448662acabb5b87bc76,South Asian English,south_asian,But you want to know something?,BUT YOU WANT TO KNOW SOMETHING,a4d76e70327a040f3ac2ed511724c3d76428e6568c852bbe615b588b1e26b79a
wav2vec2_large_lv60,suta,94,stage5ext_00377,f7e25829f749c01cdf81e5c9cba92ab80af25ba7120bdb943094d45b56be1cc3b516ca22cc0a4aed4934a1c9af35e152ecc95a58b32ce448662acabb5b87bc76,South Asian English,south_asian,The giraffe had become fearful.,THE GIRAPH HAD BECOME FEARFUL,a55029c55598e976523c12b254b45672967dad31fb6b40a2a0cc9cdb2a0eb9d2
wav2vec2_large_lv60,suta,94,stage5ext_00378,f7e25829f749c01cdf81e5c9cba92ab80af25ba7120bdb943094d45b56be1cc3b516ca22cc0a4aed4934a1c9af35e152ecc95a58b32ce448662acabb5b87bc76,South Asian English,south_asian,Our deadline is coming up rapidly and we will need help.,OUR DEAD LINE IS COMING UP RAPIDLY AND WE WILL NEED HELP,a55029c55598e976523c12b254b45672967dad31fb6b40a2a0cc9cdb2a0eb9d2
wav2vec2_large_lv60,suta,94,stage5ext_00379,f7e25829f749c01cdf81e5c9cba92ab80af25ba7120bdb943094d45b56be1cc3b516ca22cc0a4aed4934a1c9af35e152ecc95a58b32ce448662acabb5b87bc76,South Asian English,south_asian,I found it out a little late.,I'VE FOUND IT OUT A LITTLE LATE,a55029c55598e976523c12b254b45672967dad31fb6b40a2a0cc9cdb2a0eb9d2
wav2vec2_large_lv60,suta,94,stage5ext_00380,f7e25829f749c01cdf81e5c9cba92ab80af25ba7120bdb943094d45b56be1cc3b516ca22cc0a4aed4934a1c9af35e152ecc95a58b32ce448662acabb5b87bc76,South Asian English,south_asian,Don't worry about that.,DON'T WORRY ABOUT THAT,a55029c55598e976523c12b254b45672967dad31fb6b40a2a0cc9cdb2a0eb9d2
wav2vec2_large_lv60,suta,95,stage5ext_00381,f7e25829f749c01cdf81e5c9cba92ab80af25ba7120bdb943094d45b56be1cc3b516ca22cc0a4aed4934a1c9af35e152ecc95a58b32ce448662acabb5b87bc76,South Asian English,south_asian,I shouldn't think so.,I SHOULDN'T THINK SO,8f5415a4f0a7274d00af0dbb78e6af699efc79bdf13e1225fdb4170d6baa360e
wav2vec2_large_lv60,suta,95,stage5ext_00382,f7e25829f749c01cdf81e5c9cba92ab80af25ba7120bdb943094d45b56be1cc3b516ca22cc0a4aed4934a1c9af35e152ecc95a58b32ce448662acabb5b87bc76,South Asian English,south_asian,Turning off gadgets that are not in use can save a lot of energy.,TURNING OFF GAGETS THAT ARE NOT IN USE CAN SAVE A LOT OF ENERGY,8f5415a4f0a7274d00af0dbb78e6af699efc79bdf13e1225fdb4170d6baa360e
wav2vec2_large_lv60,suta,95,stage5ext_00383,f7e25829f749c01cdf81e5c9cba92ab80af25ba7120bdb943094d45b56be1cc3b516ca22cc0a4aed4934a1c9af35e152ecc95a58b32ce448662acabb5b87bc76,South Asian English,south_asian,There is a counter on the top left of the web page.,THERE IS A COUNTER ON THE TOP LEFT OF THE WEB PAGE,8f5415a4f0a7274d00af0dbb78e6af699efc79bdf13e1225fdb4170d6baa360e
wav2vec2_large_lv60,suta,95,stage5ext_00384,f7e25829f749c01cdf81e5c9cba92ab80af25ba7120bdb943094d45b56be1cc3b516ca22cc0a4aed4934a1c9af35e152ecc95a58b32ce448662acabb5b87bc76,South Asian English,south_asian,You think you did.,YOU THINK YOU DID,8f5415a4f0a7274d00af0dbb78e6af699efc79bdf13e1225fdb4170d6baa360e
wav2vec2_large_lv60,suta,96,stage5ext_00385,f7e25829f749c01cdf81e5c9cba92ab80af25ba7120bdb943094d45b56be1cc3b516ca22cc0a4aed4934a1c9af35e152ecc95a58b32ce448662acabb5b87bc76,South Asian English,south_asian,Maybe he'll give us one.,MAYBE HE'LL GIVE US ONE,74c19a4078926b9ac7eba13c573857a6f4cca3fdbf65ac60a210b93cca588cfd
wav2vec2_large_lv60,suta,96,stage5ext_00386,f7e25829f749c01cdf81e5c9cba92ab80af25ba7120bdb943094d45b56be1cc3b516ca22cc0a4aed4934a1c9af35e152ecc95a58b32ce448662acabb5b87bc76,South Asian English,south_asian,Better let me talk to him.,BETTER LET ME TALK TO HIM,74c19a4078926b9ac7eba13c573857a6f4cca3fdbf65ac60a210b93cca588cfd
wav2vec2_large_lv60,suta,96,stage5ext_00387,f7e25829f749c01cdf81e5c9cba92ab80af25ba7120bdb943094d45b56be1cc3b516ca22cc0a4aed4934a1c9af35e152ecc95a58b32ce448662acabb5b87bc76,South Asian English,south_asian,I don't want any plastics.,I DON'T WANT ANY PLASTICS,74c19a4078926b9ac7eba13c573857a6f4cca3fdbf65ac60a210b93cca588cfd
wav2vec2_large_lv60,suta,96,stage5ext_00388,f7e25829f749c01cdf81e5c9cba92ab80af25ba7120bdb943094d45b56be1cc3b516ca22cc0a4aed4934a1c9af35e152ecc95a58b32ce448662acabb5b87bc76,South Asian English,south_asian,Without a single quiver.,WITHOUT A SINGLE QUIVER,74c19a4078926b9ac7eba13c573857a6f4cca3fdbf65ac60a210b93cca588cfd
wav2vec2_large_lv60,suta,97,stage5ext_00389,f7e25829f749c01cdf81e5c9cba92ab80af25ba7120bdb943094d45b56be1cc3b516ca22cc0a4aed4934a1c9af35e152ecc95a58b32ce448662acabb5b87bc76,South Asian English,south_asian,I never saw it before.,I NEVER SAW IT BEFORE,69eabe444354f85f0c6be80ddb79c866ccf5325af9f31b5bb870b2adad5e8e86
wav2vec2_large_lv60,suta,97,stage5ext_00390,f7e25829f749c01cdf81e5c9cba92ab80af25ba7120bdb943094d45b56be1cc3b516ca22cc0a4aed4934a1c9af35e152ecc95a58b32ce448662acabb5b87bc76,South Asian English,south_asian,"The reason for this, is to discern your strengths.",THE REASON FOR THIS IS TO DISCERN YOUR STRENGTHS,69eabe444354f85f0c6be80ddb79c866ccf5325af9f31b5bb870b2adad5e8e86
wav2vec2_large_lv60,suta,97,stage5ext_00391,3f0b866ee8d4499e4c0de09d34862acbb1ea0139f53bf7f1271a8648fb35d9a3a31272a8bc7af870e3b52bf7f4cb51ae512fa07df79663eaeafa30221c0b200b,South Asian English,south_asian,"The perpetrators were never identified, and this monument has never been rebuilt.",THE PURGATORY FISMEN NEVER IDENTIFIED AND THIS MIMENT HAS NEVER BEEN TREBAED,69eabe444354f85f0c6be80ddb79c866ccf5325af9f31b5bb870b2adad5e8e86
wav2vec2_large_lv60,suta,97,stage5ext_00392,3f0b866ee8d4499e4c0de09d34862acbb1ea0139f53bf7f1271a8648fb35d9a3a31272a8bc7af870e3b52bf7f4cb51ae512fa07df79663eaeafa30221c0b200b,South Asian English,south_asian,"These songs include ""Never End,"" ""Please Smile Again,"" and ""Cross Over.",THESE SONGS INCLUDE NEVER AN YE SMILE AGAIN AND CROSSOLE,69eabe444354f85f0c6be80ddb79c866ccf5325af9f31b5bb870b2adad5e8e86
wav2vec2_large_lv60,suta,98,stage5ext_00393,3f0b866ee8d4499e4c0de09d34862acbb1ea0139f53bf7f1271a8648fb35d9a3a31272a8bc7af870e3b52bf7f4cb51ae512fa07df79663eaeafa30221c0b200b,South Asian English,south_asian,Water in the pool is continuously circulated through a filtration system.,WATER IN THE POOL IS CONTINUOUSLY CIRCULATER TO A PILTRATION SYSTEM,b655c4efa055818c1907aeeefa567c448644b0431e024e235c8053d5ff122242
wav2vec2_large_lv60,suta,98,stage5ext_00394,3f0b866ee8d4499e4c0de09d34862acbb1ea0139f53bf7f1271a8648fb35d9a3a31272a8bc7af870e3b52bf7f4cb51ae512fa07df79663eaeafa30221c0b200b,South Asian English,south_asian,We maintain an array of roots indexed by timestamp.,WEMENTIN AN AURAY OF FRUITS INDEX BY TAMSTAMP,b655c4efa055818c1907aeeefa567c448644b0431e024e235c8053d5ff122242
wav2vec2_large_lv60,suta,98,stage5ext_00395,3f0b866ee8d4499e4c0de09d34862acbb1ea0139f53bf7f1271a8648fb35d9a3a31272a8bc7af870e3b52bf7f4cb51ae512fa07df79663eaeafa30221c0b200b,South Asian English,south_asian,"The educators lost, though commercial broadcasters were forced to air public affairs programs.",THE EDUCATORS LOST THOUGH COMMERCIAL PRODCASTS WERE FORCED TO AID PUBLIC AFFAIRS PROGRAMS,b655c4efa055818c1907aeeefa567c448644b0431e024e235c8053d5ff122242
wav2vec2_large_lv60,suta,98,stage5ext_00396,3f0b866ee8d4499e4c0de09d34862acbb1ea0139f53bf7f1271a8648fb35d9a3a31272a8bc7af870e3b52bf7f4cb51ae512fa07df79663eaeafa30221c0b200b,South Asian English,south_asian,It is also the largest school in the state by size.,IR AS ALSO THE LARGEST SCHOOL IN THE STREET BY SIT,b655c4efa055818c1907aeeefa567c448644b0431e024e235c8053d5ff122242
wav2vec2_large_lv60,suta,99,stage5ext_00397,3f0b866ee8d4499e4c0de09d34862acbb1ea0139f53bf7f1271a8648fb35d9a3a31272a8bc7af870e3b52bf7f4cb51ae512fa07df79663eaeafa30221c0b200b,South Asian English,south_asian,The band members decided to discontinue their mutual involvement.,THE BIRON WAS DECIDED FOR DISCONTINUE THE NUCHA AN WHATNOT,f104104b23d3bb0ea476c9c81394f6c501a3c7c2d305910868995a3ca3e55f10
wav2vec2_large_lv60,suta,99,stage5ext_00398,3f0b866ee8d4499e4c0de09d34862acbb1ea0139f53bf7f1271a8648fb35d9a3a31272a8bc7af870e3b52bf7f4cb51ae512fa07df79663eaeafa30221c0b200b,South Asian English,south_asian,Highlights include a Gutenberg Bible and the Romanesque Lambeth Bible.,HIDI SENT TROUG A GUDENBORG BIBLE AND THE ROMAN HAS CLAMBERED BACK,f104104b23d3bb0ea476c9c81394f6c501a3c7c2d305910868995a3ca3e55f10
wav2vec2_large_lv60,suta,99,stage5ext_00399,3f0b866ee8d4499e4c0de09d34862acbb1ea0139f53bf7f1271a8648fb35d9a3a31272a8bc7af870e3b52bf7f4cb51ae512fa07df79663eaeafa30221c0b200b,South Asian English,south_asian,"The parents return, in bandages, having survived the fire.",PARENCS ETURN IN BANDAGES HARANXER WIVED THE FIRE,f104104b23d3bb0ea476c9c81394f6c501a3c7c2d305910868995a3ca3e55f10
wav2vec2_large_lv60,suta,99,stage5ext_00400,3f0b866ee8d4499e4c0de09d34862acbb1ea0139f53bf7f1271a8648fb35d9a3a31272a8bc7af870e3b52bf7f4cb51ae512fa07df79663eaeafa30221c0b200b,South Asian English,south_asian,"After the show, Sewercap talked to Jughead about officially reuniting Screeching Weasel.",AFTER THE SHOW SUVECUP TALKED TO JUCKHEAD ABOUT OFFCILY UNETING SCREECHING WASE,f104104b23d3bb0ea476c9c81394f6c501a3c7c2d305910868995a3ca3e55f10
wav2vec2_large_lv60,suta,100,stage5ext_00401,3f0b866ee8d4499e4c0de09d34862acbb1ea0139f53bf7f1271a8648fb35d9a3a31272a8bc7af870e3b52bf7f4cb51ae512fa07df79663eaeafa30221c0b200b,South Asian English,south_asian,Harpur served in various capacities in the New York government during the American Revolution.,HOPWA SERVED IN THE GREATEST CAPACITIES IN THE NEW YORK GOVERNMENT DURING THE AMERICAN REVOLUTION,9b8f70d79bf8c0d3c24d288478590c1751ac4a874436b05d62d3e768ace03a8c
wav2vec2_large_lv60,suta,100,stage5ext_00402,3f0b866ee8d4499e4c0de09d34862acbb1ea0139f53bf7f1271a8648fb35d9a3a31272a8bc7af870e3b52bf7f4cb51ae512fa07df79663eaeafa30221c0b200b,South Asian English,south_asian,The program has won many awards for investigative journalism.,THE PROGRUMERS WON MANY AWARDS FOR INVESTIGATIVE JOURNELS,9b8f70d79bf8c0d3c24d288478590c1751ac4a874436b05d62d3e768ace03a8c
wav2vec2_large_lv60,suta,100,stage5ext_00403,3f0b866ee8d4499e4c0de09d34862acbb1ea0139f53bf7f1271a8648fb35d9a3a31272a8bc7af870e3b52bf7f4cb51ae512fa07df79663eaeafa30221c0b200b,South Asian English,south_asian,Information about Boffo and its games can still be found on the site.,INFORMATION ABOUT POFO AND ITS GAMES CAN STILL BE FOUND ON THIS ECT,9b8f70d79bf8c0d3c24d288478590c1751ac4a874436b05d62d3e768ace03a8c
wav2vec2_large_lv60,suta,100,stage5ext_00404,3f0b866ee8d4499e4c0de09d34862acbb1ea0139f53bf7f1271a8648fb35d9a3a31272a8bc7af870e3b52bf7f4cb51ae512fa07df79663eaeafa30221c0b200b,South Asian English,south_asian,"Forestkith Goblin: Nocturnal hunters, also known as kith.",FORESTED GOBLIN NOCTURNAL HUNTERS ALSO KNOWN AS KIT,9b8f70d79bf8c0d3c24d288478590c1751ac4a874436b05d62d3e768ace03a8c
wav2vec2_large_lv60,suta,101,stage5ext_00405,3f0b866ee8d4499e4c0de09d34862acbb1ea0139f53bf7f1271a8648fb35d9a3a31272a8bc7af870e3b52bf7f4cb51ae512fa07df79663eaeafa30221c0b200b,South Asian English,south_asian,"Clearing facilities, security investments, cheques and overdraft protections were introduced.",CURIO FACILITIES SECURE INVESTMENTS CHECKS AND OLDER PRODECTIONS WERE INTRODUCED,f15048d55664970dccf7660077071289995f7adc21d359a3b0b9186831fc31bb
wav2vec2_large_lv60,suta,101,stage5ext_00406,73e8a395a2162293c7b4534d24818227a71f84f9f562d54db101f6576c15907499bf892f20f243b766b2da4de010cd4b697339df0b8c453740e425875c0eac05,South Asian English,south_asian,Each family is allowed one vote per each style of debate.,EACH FAMILY IS ALLOWED ONE WORD PER EACH STYLE OF BIBBET,f15048d55664970dccf7660077071289995f7adc21d359a3b0b9186831fc31bb
wav2vec2_large_lv60,suta,101,stage5ext_00407,73e8a395a2162293c7b4534d24818227a71f84f9f562d54db101f6576c15907499bf892f20f243b766b2da4de010cd4b697339df0b8c453740e425875c0eac05,South Asian English,south_asian,Min varieties are not mutually intelligible with any other varieties of Chinese.,WIN VARIETIES ARE NOT MUTUALLY INTELLIGIBLE WITH ANY OTHER VARIETIES OF CHINESE,f15048d55664970dccf7660077071289995f7adc21d359a3b0b9186831fc31bb
wav2vec2_large_lv60,suta,101,stage5ext_00408,73e8a395a2162293c7b4534d24818227a71f84f9f562d54db101f6576c15907499bf892f20f243b766b2da4de010cd4b697339df0b8c453740e425875c0eac05,South Asian English,south_asian,The sculptures on the pillars are truly beautiful.,THE SCULPTURES ON THE PILLARS ARE TRULY BEAUTIFUL,f15048d55664970dccf7660077071289995f7adc21d359a3b0b9186831fc31bb
wav2vec2_large_lv60,suta,102,stage5ext_00409,73e8a395a2162293c7b4534d24818227a71f84f9f562d54db101f6576c15907499bf892f20f243b766b2da4de010cd4b697339df0b8c453740e425875c0eac05,South Asian English,south_asian,"Examples of non-vibrating objects are mallets, hammers, and sticks.",EXAMPLES OF NON VIBRATING OBJECTS ARE MALLETS HAMMERS AND STICKS,e89f7c2b85b55776ad330247a7b4d3217b873a4913590e7ebb7f7648213f9063
wav2vec2_large_lv60,suta,102,stage5ext_00410,73e8a395a2162293c7b4534d24818227a71f84f9f562d54db101f6576c15907499bf892f20f243b766b2da4de010cd4b697339df0b8c453740e425875c0eac05,South Asian English,south_asian,"You place your choice in a sealed envelope, which is opened after the game.",YOU PLACE YOUR CHOICE IN A SEALED ENVELOPE WHICH IS OPENED AFTER THE GAME,e89f7c2b85b55776ad330247a7b4d3217b873a4913590e7ebb7f7648213f9063
wav2vec2_large_lv60,suta,102,stage5ext_00411,73e8a395a2162293c7b4534d24818227a71f84f9f562d54db101f6576c15907499bf892f20f243b766b2da4de010cd4b697339df0b8c453740e425875c0eac05,South Asian English,south_asian,The first was Buddy Ryan.,THE FIRST PISMUDDY RAN,e89f7c2b85b55776ad330247a7b4d3217b873a4913590e7ebb7f7648213f9063
wav2vec2_large_lv60,suta,102,stage5ext_00412,73e8a395a2162293c7b4534d24818227a71f84f9f562d54db101f6576c15907499bf892f20f243b766b2da4de010cd4b697339df0b8c453740e425875c0eac05,South Asian English,south_asian,"His playing style is aggressive and he has won many ""best game"" awards.",HIS PLAYIN TAL IGRISIL AND HE HAS WON MANY BEST GAME AWARDS,e89f7c2b85b55776ad330247a7b4d3217b873a4913590e7ebb7f7648213f9063
wav2vec2_large_lv60,suta,103,stage5ext_00413,73e8a395a2162293c7b4534d24818227a71f84f9f562d54db101f6576c15907499bf892f20f243b766b2da4de010cd4b697339df0b8c453740e425875c0eac05,South Asian English,south_asian,Their flight is weak.,THE FLIGT IS WEAK,9fc21f7bacda5b0c08afcfdc6603884a0a4cebe4f45059b7a2bd05aa2b8f48c0
wav2vec2_large_lv60,suta,103,stage5ext_00414,73e8a395a2162293c7b4534d24818227a71f84f9f562d54db101f6576c15907499bf892f20f243b766b2da4de010cd4b697339df0b8c453740e425875c0eac05,South Asian English,south_asian,"In many cases however, they are quite functional.",IN MANY CASES HOWEVER THEY ARE QUITE FUNCTIONAL,9fc21f7bacda5b0c08afcfdc6603884a0a4cebe4f45059b7a2bd05aa2b8f48c0
wav2vec2_large_lv60,suta,103,stage5ext_00415,73e8a395a2162293c7b4534d24818227a71f84f9f562d54db101f6576c15907499bf892f20f243b766b2da4de010cd4b697339df0b8c453740e425875c0eac05,South Asian English,south_asian,Ward went on to win the general election.,FAUDE WENT ON TO WIN THE GENERAL ELECTION,9fc21f7bacda5b0c08afcfdc6603884a0a4cebe4f45059b7a2bd05aa2b8f48c0
wav2vec2_large_lv60,suta,103,stage5ext_00416,73e8a395a2162293c7b4534d24818227a71f84f9f562d54db101f6576c15907499bf892f20f243b766b2da4de010cd4b697339df0b8c453740e425875c0eac05,South Asian English,south_asian,He is now a Free Agent.,HE IS NOW A FREE AGENT,9fc21f7bacda5b0c08afcfdc6603884a0a4cebe4f45059b7a2bd05aa2b8f48c0
wav2vec2_large_lv60,suta,104,stage5ext_00417,73e8a395a2162293c7b4534d24818227a71f84f9f562d54db101f6576c15907499bf892f20f243b766b2da4de010cd4b697339df0b8c453740e425875c0eac05,South Asian English,south_asian,Her other sponsors include Subway and Boost Mobile.,HER OTHER SPONSES INCLUDE SAVE AND BUST MOBA,457bc96fabac0d4a7956988d3cfc17a8f296d24295e3c973261be70e6115cfcc
wav2vec2_large_lv60,suta,104,stage5ext_00418,73e8a395a2162293c7b4534d24818227a71f84f9f562d54db101f6576c15907499bf892f20f243b766b2da4de010cd4b697339df0b8c453740e425875c0eac05,South Asian English,south_asian,I've never been asked to do one.,IAVE NEVER BEEN ASKED TO DO ONE,457bc96fabac0d4a7956988d3cfc17a8f296d24295e3c973261be70e6115cfcc
wav2vec2_large_lv60,suta,104,stage5ext_00419,73e8a395a2162293c7b4534d24818227a71f84f9f562d54db101f6576c15907499bf892f20f243b766b2da4de010cd4b697339df0b8c453740e425875c0eac05,South Asian English,south_asian,"Therefore, these schools are significantly divided in terms of both abilities and career aims.",THEREFORE THESE SCHOOLS ARE SIGNIFICANTLY DIVIDED IN TERMS OF BOTH ABILITIES AND CARRIER AIMS,457bc96fabac0d4a7956988d3cfc17a8f296d24295e3c973261be70e6115cfcc
wav2vec2_large_lv60,suta,104,stage5ext_00420,73e8a395a2162293c7b4534d24818227a71f84f9f562d54db101f6576c15907499bf892f20f243b766b2da4de010cd4b697339df0b8c453740e425875c0eac05,South Asian English,south_asian,The Ottoman village of Mulebbis appears at this site on the British survey map.,THE AUTOMAN VILLAGE OF MELBIS APPEARS AT THIS SIT ON THE BRITISH SERVAY MAP,457bc96fabac0d4a7956988d3cfc17a8f296d24295e3c973261be70e6115cfcc
wav2vec2_large_lv60,suta,105,stage5ext_00421,ea49524d52bc56b865f1207ba65e9a5c30cab647b575ba84d0332c740de52bef6922ee19c49e44db615889cbabebbfa52440b31858fac8660d5e97eb4593687f,South Asian English,south_asian,Do you have Hugo's phone number?,DOE HAV HUGOTS PONUMBER,56c980a64688ff17de94d6fd07c2d0c95022bd40f435b917c8645791a8e8219e
wav2vec2_large_lv60,suta,105,stage5ext_00422,ea49524d52bc56b865f1207ba65e9a5c30cab647b575ba84d0332c740de52bef6922ee19c49e44db615889cbabebbfa52440b31858fac8660d5e97eb4593687f,South Asian English,south_asian,"In the United States, we use paper bags for shopping.",IN THE UNITED STATES WE USE PAPEBEKS POT SHOPPING,56c980a64688ff17de94d6fd07c2d0c95022bd40f435b917c8645791a8e8219e
wav2vec2_large_lv60,suta,105,stage5ext_00423,ea49524d52bc56b865f1207ba65e9a5c30cab647b575ba84d0332c740de52bef6922ee19c49e44db615889cbabebbfa52440b31858fac8660d5e97eb4593687f,South Asian English,south_asian,"Olivia, have you seen my keys?",OLVIA HAVE YOU SEEN MY KIT,56c980a64688ff17de94d6fd07c2d0c95022bd40f435b917c8645791a8e8219e
wav2vec2_large_lv60,suta,105,stage5ext_00424,ea49524d52bc56b865f1207ba65e9a5c30cab647b575ba84d0332c740de52bef6922ee19c49e44db615889cbabebbfa52440b31858fac8660d5e97eb4593687f,South Asian English,south_asian,Someone set fire to the trash.,SOMEONE SET FIRE TO THE TRESH,56c980a64688ff17de94d6fd07c2d0c95022bd40f435b917c8645791a8e8219e
wav2vec2_large_lv60,suta,106,stage5ext_00425,ea49524d52bc56b865f1207ba65e9a5c30cab647b575ba84d0332c740de52bef6922ee19c49e44db615889cbabebbfa52440b31858fac8660d5e97eb4593687f,South Asian English,south_asian,Angela wanted to copy everything he had done.,ANGELA WANTED TOCOPY EVERYTHING HE HAD DONE,de103acb172cf859fdbe3b852bc08af0bbc75dca4d490b704b8396947da01127
wav2vec2_large_lv60,suta,106,stage5ext_00426,ea49524d52bc56b865f1207ba65e9a5c30cab647b575ba84d0332c740de52bef6922ee19c49e44db615889cbabebbfa52440b31858fac8660d5e97eb4593687f,South Asian English,south_asian,Good playgrounds have much more to offer than swings and slides.,GOOD PLAYGROUNDS HAVE MUCH MORE TO OFFER THAN SWINGS AND SLIDES,de103acb172cf859fdbe3b852bc08af0bbc75dca4d490b704b8396947da01127
wav2vec2_large_lv60,suta,106,stage5ext_00427,ea49524d52bc56b865f1207ba65e9a5c30cab647b575ba84d0332c740de52bef6922ee19c49e44db615889cbabebbfa52440b31858fac8660d5e97eb4593687f,South Asian English,south_asian,What does it all mean?,WHAT DOES IT ALL MEAN,de103acb172cf859fdbe3b852bc08af0bbc75dca4d490b704b8396947da01127
wav2vec2_large_lv60,suta,106,stage5ext_00428,ea49524d52bc56b865f1207ba65e9a5c30cab647b575ba84d0332c740de52bef6922ee19c49e44db615889cbabebbfa52440b31858fac8660d5e97eb4593687f,South Asian English,south_asian,A musical composition for seven instruments,A MUSICAL COMPOSITION PARSE AN INSTRUMENT,de103acb172cf859fdbe3b852bc08af0bbc75dca4d490b704b8396947da01127
wav2vec2_large_lv60,suta,107,stage5ext_00429,ea49524d52bc56b865f1207ba65e9a5c30cab647b575ba84d0332c740de52bef6922ee19c49e44db615889cbabebbfa52440b31858fac8660d5e97eb4593687f,South Asian English,south_asian,Temper is so good a thing that we should never lose it.,TEMPER IS SO GOOD A THING THAT WE SHOULD NEVER LOSE IT,dd9c7133151057fecf397f0f0b4bdbdfbd21229cf2e219d2be62ee9d06483e42
wav2vec2_large_lv60,suta,107,stage5ext_00430,ea49524d52bc56b865f1207ba65e9a5c30cab647b575ba84d0332c740de52bef6922ee19c49e44db615889cbabebbfa52440b31858fac8660d5e97eb4593687f,South Asian English,south_asian,She has a smart way of wearing clothes.,SHE HAD A SMART WAY OF WEARING CLOTHS,dd9c7133151057fecf397f0f0b4bdbdfbd21229cf2e219d2be62ee9d06483e42
wav2vec2_large_lv60,suta,107,stage5ext_00431,ea49524d52bc56b865f1207ba65e9a5c30cab647b575ba84d0332c740de52bef6922ee19c49e44db615889cbabebbfa52440b31858fac8660d5e97eb4593687f,South Asian English,south_asian,They have prejudices against foreigners.,THEY HELD PREJUDICES AGAINST PORINASA,dd9c7133151057fecf397f0f0b4bdbdfbd21229cf2e219d2be62ee9d06483e42
wav2vec2_large_lv60,suta,107,stage5ext_00432,ea49524d52bc56b865f1207ba65e9a5c30cab647b575ba84d0332c740de52bef6922ee19c49e44db615889cbabebbfa52440b31858fac8660d5e97eb4593687f,South Asian English,south_asian,He has enough who is content.,HE HAS ENOUGH WHO IS CONTENT,dd9c7133151057fecf397f0f0b4bdbdfbd21229cf2e219d2be62ee9d06483e42
wav2vec2_large_lv60,suta,108,stage5ext_00433,ea49524d52bc56b865f1207ba65e9a5c30cab647b575ba84d0332c740de52bef6922ee19c49e44db615889cbabebbfa52440b31858fac8660d5e97eb4593687f,South Asian English,south_asian,The toilet needed cleaning.,THE TOILET NEEDED GANING,f488e5290281b1944f0cca65ca1d224c6c9ececea06f6ec91e33059947ad288f
wav2vec2_large_lv60,suta,108,stage5ext_00434,ea49524d52bc56b865f1207ba65e9a5c30cab647b575ba84d0332c740de52bef6922ee19c49e44db615889cbabebbfa52440b31858fac8660d5e97eb4593687f,South Asian English,south_asian,There's no accounting for tastes,THERE IS NO ACCOUNTING FOR TESTS,f488e5290281b1944f0cca65ca1d224c6c9ececea06f6ec91e33059947ad288f
wav2vec2_large_lv60,suta,108,stage5ext_00435,ea49524d52bc56b865f1207ba65e9a5c30cab647b575ba84d0332c740de52bef6922ee19c49e44db615889cbabebbfa52440b31858fac8660d5e97eb4593687f,South Asian English,south_asian,"Yours sincerely, Satan.",YOURS SINCERELY SATAN,f488e5290281b1944f0cca65ca1d224c6c9ececea06f6ec91e33059947ad288f
wav2vec2_large_lv60,suta,108,stage5ext_00436,6df207be7ccedf5176284312e3017cd9d7ddb990efbd395e8e8d1a4f2aca4eac93a420f82a1b88c2cc4a7728b9bfb612cdbeccdb6bb50e3f1aec155e5603f59f,South Asian English,south_asian,Ogilvy watched till one and then gave up.,OGGILBE WATCHED TILL ONE AND THEN GAVE UP,f488e5290281b1944f0cca65ca1d224c6c9ececea06f6ec91e33059947ad288f
wav2vec2_large_lv60,suta,109,stage5ext_00437,6df207be7ccedf5176284312e3017cd9d7ddb990efbd395e8e8d1a4f2aca4eac93a420f82a1b88c2cc4a7728b9bfb612cdbeccdb6bb50e3f1aec155e5603f59f,South Asian English,south_asian,The desert didn't answer him for a few moments.,HER DESERT DIDN'T ANSWER HIM FOR A FEW MOMENTS,ae7434c66ae4d9851ab9adcbae4b4d06e3db71396d8c0f4bbfed1d3e22d70fd4
wav2vec2_large_lv60,suta,109,stage5ext_00438,6df207be7ccedf5176284312e3017cd9d7ddb990efbd395e8e8d1a4f2aca4eac93a420f82a1b88c2cc4a7728b9bfb612cdbeccdb6bb50e3f1aec155e5603f59f,South Asian English,south_asian,Once again he was experiencing the language without words...,ONCE AGAIN HE WAS EXPERIENCING THE LANGUAGE WITHOUT WORDS,ae7434c66ae4d9851ab9adcbae4b4d06e3db71396d8c0f4bbfed1d3e22d70fd4
wav2vec2_large_lv60,suta,109,stage5ext_00439,6df207be7ccedf5176284312e3017cd9d7ddb990efbd395e8e8d1a4f2aca4eac93a420f82a1b88c2cc4a7728b9bfb612cdbeccdb6bb50e3f1aec155e5603f59f,South Asian English,south_asian,"The sheep will get used to my not being there, too, the boy thought.",THE SHEEP CAN GET USED TO MY NOT BEING BAD TOO THE BOY THOUGHT,ae7434c66ae4d9851ab9adcbae4b4d06e3db71396d8c0f4bbfed1d3e22d70fd4
wav2vec2_large_lv60,suta,109,stage5ext_00440,6df207be7ccedf5176284312e3017cd9d7ddb990efbd395e8e8d1a4f2aca4eac93a420f82a1b88c2cc4a7728b9bfb612cdbeccdb6bb50e3f1aec155e5603f59f,South Asian English,south_asian,Everything you need to know you have learned through your journey.,EVERYTHING YOU NEED TO KNOW YOU HAVE LEARNED THROUGH YOUR JOURNEY,ae7434c66ae4d9851ab9adcbae4b4d06e3db71396d8c0f4bbfed1d3e22d70fd4
wav2vec2_large_lv60,suta,110,stage5ext_00441,6df207be7ccedf5176284312e3017cd9d7ddb990efbd395e8e8d1a4f2aca4eac93a420f82a1b88c2cc4a7728b9bfb612cdbeccdb6bb50e3f1aec155e5603f59f,South Asian English,south_asian,"You and I aren't like Hassan, that rich merchant.",YOU AND I AREN'T LIKE HUSSAN THAT RICH MERCHANT,904101e4190b7bd139fc84a1774d6e71009cb0d56d2e43dc00c4a2565d687225
wav2vec2_large_lv60,suta,110,stage5ext_00442,6df207be7ccedf5176284312e3017cd9d7ddb990efbd395e8e8d1a4f2aca4eac93a420f82a1b88c2cc4a7728b9bfb612cdbeccdb6bb50e3f1aec155e5603f59f,South Asian English,south_asian,But they really don't know what they're saying.,BUT THEY REALLY DON'T KNOW WHAT THEY ARE SAYING,904101e4190b7bd139fc84a1774d6e71009cb0d56d2e43dc00c4a2565d687225
wav2vec2_large_lv60,suta,110,stage5ext_00443,6df207be7ccedf5176284312e3017cd9d7ddb990efbd395e8e8d1a4f2aca4eac93a420f82a1b88c2cc4a7728b9bfb612cdbeccdb6bb50e3f1aec155e5603f59f,South Asian English,south_asian,The boy remembered an old proverb from his country.,THE BOY REMEMBERED AN OLD PROVERB FROM HIS COUNTRY,904101e4190b7bd139fc84a1774d6e71009cb0d56d2e43dc00c4a2565d687225
wav2vec2_large_lv60,suta,110,stage5ext_00444,6df207be7ccedf5176284312e3017cd9d7ddb990efbd395e8e8d1a4f2aca4eac93a420f82a1b88c2cc4a7728b9bfb612cdbeccdb6bb50e3f1aec155e5603f59f,South Asian English,south_asian,Henderson stood up with a spade in his hand.,HENDERSON STOOD UP WITH A SPADE IN HIS HAND,904101e4190b7bd139fc84a1774d6e71009cb0d56d2e43dc00c4a2565d687225
wav2vec2_large_lv60,suta,111,stage5ext_00445,6df207be7ccedf5176284312e3017cd9d7ddb990efbd395e8e8d1a4f2aca4eac93a420f82a1b88c2cc4a7728b9bfb612cdbeccdb6bb50e3f1aec155e5603f59f,South Asian English,south_asian,"The alchemists spent years in their laboratories, observing the fire that purified the metals.",THE ALCHEMISTS SPENT YEARS IN THEIR LABORATORIES OBSERVING THE FILE THAT PURIFIED TEMETALS,8d931b44f0b0fa3761acbf675e5102575ea9179b19fea83130b5e76f346ba4e0
wav2vec2_large_lv60,suta,111,stage5ext_00446,6df207be7ccedf5176284312e3017cd9d7ddb990efbd395e8e8d1a4f2aca4eac93a420f82a1b88c2cc4a7728b9bfb612cdbeccdb6bb50e3f1aec155e5603f59f,South Asian English,south_asian,His eyes filled with tears as he spoke of the Prophet.,HIS EYES FILLED WITH TEARS AS HE SPOKE OF THE PROPHET,8d931b44f0b0fa3761acbf675e5102575ea9179b19fea83130b5e76f346ba4e0
wav2vec2_large_lv60,suta,111,stage5ext_00447,6df207be7ccedf5176284312e3017cd9d7ddb990efbd395e8e8d1a4f2aca4eac93a420f82a1b88c2cc4a7728b9bfb612cdbeccdb6bb50e3f1aec155e5603f59f,South Asian English,south_asian,"Maybe the alchemist has never been in love, the boy thought.",MAYBE THE ALCHEMIST HAS NEVER BEEN IN LOVE THE BOY THOUGHT,8d931b44f0b0fa3761acbf675e5102575ea9179b19fea83130b5e76f346ba4e0
wav2vec2_large_lv60,suta,111,stage5ext_00448,6df207be7ccedf5176284312e3017cd9d7ddb990efbd395e8e8d1a4f2aca4eac93a420f82a1b88c2cc4a7728b9bfb612cdbeccdb6bb50e3f1aec155e5603f59f,South Asian English,south_asian,"He dressed in his Arabian clothing of white linen, bought especially for this day.",HE DRESSED IN HIS ARABIAN CLOTHING OF WHITE LINEN BOUGHT ESPECIALLY FOR THIS DAY,8d931b44f0b0fa3761acbf675e5102575ea9179b19fea83130b5e76f346ba4e0
wav2vec2_large_lv60,suta,112,stage5ext_00449,6df207be7ccedf5176284312e3017cd9d7ddb990efbd395e8e8d1a4f2aca4eac93a420f82a1b88c2cc4a7728b9bfb612cdbeccdb6bb50e3f1aec155e5603f59f,South Asian English,south_asian,I don't want anything for myself.,I DON'T WANT ANY PEOPLE N I SIP,13595225cc06ec07d6ad497526235fef418d37d9aa783eea9b7fbbcf477960a7
wav2vec2_large_lv60,suta,112,stage5ext_00450,6df207be7ccedf5176284312e3017cd9d7ddb990efbd395e8e8d1a4f2aca4eac93a420f82a1b88c2cc4a7728b9bfb612cdbeccdb6bb50e3f1aec155e5603f59f,South Asian English,south_asian,"An hour later, he had before him a chest of Spanish gold coins.",AN HOUR LATER HE HAD BEFORE HIM A CHEST OF SPANISH GOLD COINS,13595225cc06ec07d6ad497526235fef418d37d9aa783eea9b7fbbcf477960a7
wav2vec2_large_lv60,suta,112,stage5ext_00451,0e60a578941d41849394691c611be044c19753d68b3dc6ca38dd1526016c9536219350c8aa1d6c0b974bc68c24592c39030a094ed6223399ab873f93e6a457a2,Australian English,australia,He surveyed the land near Fairbanks and started the Fairbanks Experiment Farm.,HE SURVEYED THE LAND NEAR FAIRBANKS AND STARTED THE FAIRBANKS EXPERIMENT FARM,13595225cc06ec07d6ad497526235fef418d37d9aa783eea9b7fbbcf477960a7
wav2vec2_large_lv60,suta,112,stage5ext_00452,0e60a578941d41849394691c611be044c19753d68b3dc6ca38dd1526016c9536219350c8aa1d6c0b974bc68c24592c39030a094ed6223399ab873f93e6a457a2,Australian English,australia,"These sites are equipped with firewood, pit privies, picnic tables and food storage containers.",THESE SITES ARE EQUIPPED WITH FIREWOOD PICK PRIVIES PICNIC TABLES AND FOOD STORAGE CONTAINERS,13595225cc06ec07d6ad497526235fef418d37d9aa783eea9b7fbbcf477960a7
wav2vec2_large_lv60,suta,113,stage5ext_00453,0e60a578941d41849394691c611be044c19753d68b3dc6ca38dd1526016c9536219350c8aa1d6c0b974bc68c24592c39030a094ed6223399ab873f93e6a457a2,Australian English,australia,He was second billed at the Earls Court Music festival with Jay-Z.,HE WAS SECOND BUILD AT THE EARL COURT MUSIC FESTIVAL WITH J Z,690a25233d6d3b4017d54363b6165e414865f340ddc21421fdcd0606e8aab531
wav2vec2_large_lv60,suta,113,stage5ext_00454,0e60a578941d41849394691c611be044c19753d68b3dc6ca38dd1526016c9536219350c8aa1d6c0b974bc68c24592c39030a094ed6223399ab873f93e6a457a2,Australian English,australia,"As a result, most of the buildings are older, and are often walk-up apartments.",AS A RESULT MOST OF THE BUILDINGS ARE OLDER AND ARE OFTEN WALK UP APARTMENTS,690a25233d6d3b4017d54363b6165e414865f340ddc21421fdcd0606e8aab531
wav2vec2_large_lv60,suta,113,stage5ext_00455,0e60a578941d41849394691c611be044c19753d68b3dc6ca38dd1526016c9536219350c8aa1d6c0b974bc68c24592c39030a094ed6223399ab873f93e6a457a2,Australian English,australia,"His credits include episodes of ""The Twilight Zone"" and ""The Alfred Hitchcock Hour"".",HIS CREDITS INCLUDE EPISODES OF THE TWILIGHT ZONE AND THE ALFRED HITCHCOCK HOUR,690a25233d6d3b4017d54363b6165e414865f340ddc21421fdcd0606e8aab531
wav2vec2_large_lv60,suta,113,stage5ext_00456,0e60a578941d41849394691c611be044c19753d68b3dc6ca38dd1526016c9536219350c8aa1d6c0b974bc68c24592c39030a094ed6223399ab873f93e6a457a2,Australian English,australia,The party aligned itself with the Comintern.,THE PARTY ALLINED ITSELF WITH THE COMMONTURN,690a25233d6d3b4017d54363b6165e414865f340ddc21421fdcd0606e8aab531
wav2vec2_large_lv60,suta,114,stage5ext_00457,0e60a578941d41849394691c611be044c19753d68b3dc6ca38dd1526016c9536219350c8aa1d6c0b974bc68c24592c39030a094ed6223399ab873f93e6a457a2,Australian English,australia,"On one occasion, Suetonius writes, Vespasian was pelted with turnips.",ON ONE OCCASION SEUTONIUS WRITES VESPASSIOM WAS PELTED WITH TURNIPS,7080ca39ffbd4625b24182f06c9215732bae88f328faeee47c5c27524a182ab3
wav2vec2_large_lv60,suta,114,stage5ext_00458,0e60a578941d41849394691c611be044c19753d68b3dc6ca38dd1526016c9536219350c8aa1d6c0b974bc68c24592c39030a094ed6223399ab873f93e6a457a2,Australian English,australia,"She felt that modern society had ""blunted"" children.",SHE FELT THAT MODERN SOCIETY HAD BLUNTED CHILDREN,7080ca39ffbd4625b24182f06c9215732bae88f328faeee47c5c27524a182ab3
wav2vec2_large_lv60,suta,114,stage5ext_00459,0e60a578941d41849394691c611be044c19753d68b3dc6ca38dd1526016c9536219350c8aa1d6c0b974bc68c24592c39030a094ed6223399ab873f93e6a457a2,Australian English,australia,Those in Thailand live close to the Hmong and northern Thai.,THOSE IN TYELAND LIVE CLOSE TO THE MONG AND NORTHERN TIE,7080ca39ffbd4625b24182f06c9215732bae88f328faeee47c5c27524a182ab3
wav2vec2_large_lv60,suta,114,stage5ext_00460,0e60a578941d41849394691c611be044c19753d68b3dc6ca38dd1526016c9536219350c8aa1d6c0b974bc68c24592c39030a094ed6223399ab873f93e6a457a2,Australian English,australia,His competitive debut followed a few days later.,HIS COMPETITIVE DEBIEU FOLLOWED A FEW DAYS LATER,7080ca39ffbd4625b24182f06c9215732bae88f328faeee47c5c27524a182ab3
wav2vec2_large_lv60,suta,115,stage5ext_00461,0e60a578941d41849394691c611be044c19753d68b3dc6ca38dd1526016c9536219350c8aa1d6c0b974bc68c24592c39030a094ed6223399ab873f93e6a457a2,Australian English,australia,It is headquartered in Dubna in the Moscow Oblast.,IT IS HEADQUARTERED IN DUBNER IN THE MOSCOW OBLAST,2717509b1c71db92ba9b8cbff2a47ede025c3f93ee6fa1502d453c6019d51ae0
wav2vec2_large_lv60,suta,115,stage5ext_00462,0e60a578941d41849394691c611be044c19753d68b3dc6ca38dd1526016c9536219350c8aa1d6c0b974bc68c24592c39030a094ed6223399ab873f93e6a457a2,Australian English,australia,Upon surrender the tribe was expelled.,UPON SURRENDER THE TRIBE WAS EXPELLED,2717509b1c71db92ba9b8cbff2a47ede025c3f93ee6fa1502d453c6019d51ae0
wav2vec2_large_lv60,suta,115,stage5ext_00463,0e60a578941d41849394691c611be044c19753d68b3dc6ca38dd1526016c9536219350c8aa1d6c0b974bc68c24592c39030a094ed6223399ab873f93e6a457a2,Australian English,australia,His skills in what we now characterize as guerrilla warfare were justly famous.,HIS SKILLS IN WHAT WE NOW CHARACTERIZE AS GORILLA WARFARE WERE JUSTLY FAMOUS,2717509b1c71db92ba9b8cbff2a47ede025c3f93ee6fa1502d453c6019d51ae0
wav2vec2_large_lv60,suta,115,stage5ext_00464,0e60a578941d41849394691c611be044c19753d68b3dc6ca38dd1526016c9536219350c8aa1d6c0b974bc68c24592c39030a094ed6223399ab873f93e6a457a2,Australian English,australia,Donald C. Owens.,DONALD C OENS,2717509b1c71db92ba9b8cbff2a47ede025c3f93ee6fa1502d453c6019d51ae0
wav2vec2_large_lv60,suta,116,stage5ext_00465,0e60a578941d41849394691c611be044c19753d68b3dc6ca38dd1526016c9536219350c8aa1d6c0b974bc68c24592c39030a094ed6223399ab873f93e6a457a2,Australian English,australia,Most of operating surplus will normally consist of gross profit income.,MOST OF OPERATING SURPLUS WILL NORMALLY CONSIST OF GROSS PROFIT INCOME,f1f06ed3536979ba9b9254b6b2b2fb83d4e1a6a58cb951fc847c3180636d729e
wav2vec2_large_lv60,suta,116,stage5ext_00466,6a6b32832defa516dce6922d2300294d6e7f670b8f867ed3f8f7e291df5150f55cde5ad06e44e4d126e3687b818fe5f23e70a1cd189217bc55d1f9f21ced88e0,Australian English,australia,"These delineations, however, are not definitive.",THESE DELINEATIONS HOWEVER ARE NOT DEFINITIVE,f1f06ed3536979ba9b9254b6b2b2fb83d4e1a6a58cb951fc847c3180636d729e
wav2vec2_large_lv60,suta,116,stage5ext_00467,6a6b32832defa516dce6922d2300294d6e7f670b8f867ed3f8f7e291df5150f55cde5ad06e44e4d126e3687b818fe5f23e70a1cd189217bc55d1f9f21ced88e0,Australian English,australia,"When he returned to Canada the following year, he had gained few supplies.",WHEN HE RETURNED TO CANADA THE FOLLOWING YEAR HE HAD GAINED FEW SUPPLIES,f1f06ed3536979ba9b9254b6b2b2fb83d4e1a6a58cb951fc847c3180636d729e
wav2vec2_large_lv60,suta,116,stage5ext_00468,6a6b32832defa516dce6922d2300294d6e7f670b8f867ed3f8f7e291df5150f55cde5ad06e44e4d126e3687b818fe5f23e70a1cd189217bc55d1f9f21ced88e0,Australian English,australia,Eos published the third edition of Nobilis and a supplement.,EOS PUBLISHED THE THIRD EDITION OF NOBLIS AND A SUPPLEMENT,f1f06ed3536979ba9b9254b6b2b2fb83d4e1a6a58cb951fc847c3180636d729e
wav2vec2_large_lv60,suta,117,stage5ext_00469,6a6b32832defa516dce6922d2300294d6e7f670b8f867ed3f8f7e291df5150f55cde5ad06e44e4d126e3687b818fe5f23e70a1cd189217bc55d1f9f21ced88e0,Australian English,australia,This prevents damage to the optics in the amplifier.,THIS PREVENTS DAMAGE TO THE OPTICS IN THE AMPLIFIER,de189e05b5c61e474a1bf9082cb0b8705bfb083a85f2fdfa362d8828bb586da7
wav2vec2_large_lv60,suta,117,stage5ext_00470,6a6b32832defa516dce6922d2300294d6e7f670b8f867ed3f8f7e291df5150f55cde5ad06e44e4d126e3687b818fe5f23e70a1cd189217bc55d1f9f21ced88e0,Australian English,australia,"Prince's Park also influenced its near neighbour, Sefton Park.",PRINCE'S PARK ALSO INFLUENCED ITS NEAR NEIGHBOR SIFTON PARK,de189e05b5c61e474a1bf9082cb0b8705bfb083a85f2fdfa362d8828bb586da7
wav2vec2_large_lv60,suta,117,stage5ext_00471,6a6b32832defa516dce6922d2300294d6e7f670b8f867ed3f8f7e291df5150f55cde5ad06e44e4d126e3687b818fe5f23e70a1cd189217bc55d1f9f21ced88e0,Australian English,australia,The location is a primary advantage of the faculty.,THE LOCATION IS A PRIMARY ADVANTAGE OF THE FACULTY,de189e05b5c61e474a1bf9082cb0b8705bfb083a85f2fdfa362d8828bb586da7
wav2vec2_large_lv60,suta,117,stage5ext_00472,6a6b32832defa516dce6922d2300294d6e7f670b8f867ed3f8f7e291df5150f55cde5ad06e44e4d126e3687b818fe5f23e70a1cd189217bc55d1f9f21ced88e0,Australian English,australia,The caps are placed behind the casing.,THE CUPS ARE PLACED BEHIND THE CAISI,de189e05b5c61e474a1bf9082cb0b8705bfb083a85f2fdfa362d8828bb586da7
wav2vec2_large_lv60,suta,118,stage5ext_00473,6a6b32832defa516dce6922d2300294d6e7f670b8f867ed3f8f7e291df5150f55cde5ad06e44e4d126e3687b818fe5f23e70a1cd189217bc55d1f9f21ced88e0,Australian English,australia,It falls within the old copper quarter of Landore electoral ward.,IT FALLS WITHIN THE OLD COPPER QUARTER OF LANDOR ELECTRAWARD,4fee165c931206a712e22bc84fe22ee7c84f7f2de225f79b72b88f9885473aee
wav2vec2_large_lv60,suta,118,stage5ext_00474,6a6b32832defa516dce6922d2300294d6e7f670b8f867ed3f8f7e291df5150f55cde5ad06e44e4d126e3687b818fe5f23e70a1cd189217bc55d1f9f21ced88e0,Australian English,australia,It was merged into the existing Billund municipality.,IT WAS MERGED INTO THE EXISTING BILLAND MUNICIPALITY,4fee165c931206a712e22bc84fe22ee7c84f7f2de225f79b72b88f9885473aee
wav2vec2_large_lv60,suta,118,stage5ext_00475,6a6b32832defa516dce6922d2300294d6e7f670b8f867ed3f8f7e291df5150f55cde5ad06e44e4d126e3687b818fe5f23e70a1cd189217bc55d1f9f21ced88e0,Australian English,australia,"Rossi is married, with four children, and lives in Sammamish, Washington.",RUSSY IS MARRIED WITH FOUR CHILDREN AND LIVES IN SAMAMICH WASHINGTON,4fee165c931206a712e22bc84fe22ee7c84f7f2de225f79b72b88f9885473aee
wav2vec2_large_lv60,suta,118,stage5ext_00476,6a6b32832defa516dce6922d2300294d6e7f670b8f867ed3f8f7e291df5150f55cde5ad06e44e4d126e3687b818fe5f23e70a1cd189217bc55d1f9f21ced88e0,Australian English,australia,It is a peaceful place nestled in greenery.,IT IS A PASTEFUL PLACE NESTLED IN GRANARY,4fee165c931206a712e22bc84fe22ee7c84f7f2de225f79b72b88f9885473aee
wav2vec2_large_lv60,suta,119,stage5ext_00477,6a6b32832defa516dce6922d2300294d6e7f670b8f867ed3f8f7e291df5150f55cde5ad06e44e4d126e3687b818fe5f23e70a1cd189217bc55d1f9f21ced88e0,Australian English,australia,During the fighting the Saint-Quentin collegiate church was badly damaged by fire.,DURING THE FIGHTING THE SAINT QUINTON COLEG CHURCH WAS BADLY DAMAGED BY FIRE,630c4d135dd2b16f0202f5bc36e7a241bd9a2bc0a9f9760769ea8388db4b7c71
wav2vec2_large_lv60,suta,119,stage5ext_00478,6a6b32832defa516dce6922d2300294d6e7f670b8f867ed3f8f7e291df5150f55cde5ad06e44e4d126e3687b818fe5f23e70a1cd189217bc55d1f9f21ced88e0,Australian English,australia,Further salvage effort was abandoned.,FURTHER SALVAGE EFFORT WAS ABANDONED,630c4d135dd2b16f0202f5bc36e7a241bd9a2bc0a9f9760769ea8388db4b7c71
wav2vec2_large_lv60,suta,119,stage5ext_00479,6a6b32832defa516dce6922d2300294d6e7f670b8f867ed3f8f7e291df5150f55cde5ad06e44e4d126e3687b818fe5f23e70a1cd189217bc55d1f9f21ced88e0,Australian English,australia,Its lean flesh makes for a unique flavor that differs from species to species.,ITS LEAN FLESH MAKES FOR A UNIQUE FLAVOR BUT DIFFERS FROM SPECIES TO SPECIES,630c4d135dd2b16f0202f5bc36e7a241bd9a2bc0a9f9760769ea8388db4b7c71
wav2vec2_large_lv60,suta,119,stage5ext_00480,6a6b32832defa516dce6922d2300294d6e7f670b8f867ed3f8f7e291df5150f55cde5ad06e44e4d126e3687b818fe5f23e70a1cd189217bc55d1f9f21ced88e0,Australian English,australia,"Multiplexers, decoders, state machines, and other sophisticated digital devices may use inverters.",MULTIPLEXES DECODES STATE MACHINES AND OTHER SOPHISTICATED DIGITAL DEVICES MAY USE INVERTERS,630c4d135dd2b16f0202f5bc36e7a241bd9a2bc0a9f9760769ea8388db4b7c71
wav2vec2_large_lv60,suta,120,stage5ext_00481,80e5fdd0808bbda9d695c743b5046c81739538d8398f2686fe4b36ca71f055a7cc8e5445f4ac8e41bbbe09c9f01ad6e6bf9e083ec42a8d15655c1b76825dce57,Australian English,australia,"The regiment is introduced as Britain's first ""Kamikaze Regiment"".",THE REGIMENT IS INTRODUCED AS BRITON'S FIRST COMACASE REGIMENT,c8244f214c9d04afd63c23b064b45973d98736a55a618ce413c96d92e6f1a04a
wav2vec2_large_lv60,suta,120,stage5ext_00482,80e5fdd0808bbda9d695c743b5046c81739538d8398f2686fe4b36ca71f055a7cc8e5445f4ac8e41bbbe09c9f01ad6e6bf9e083ec42a8d15655c1b76825dce57,Australian English,australia,"“Yet you always make me like it,” he said.",YET YE ALWAYS MAKE ME LIKE IT HE SAID,c8244f214c9d04afd63c23b064b45973d98736a55a618ce413c96d92e6f1a04a
wav2vec2_large_lv60,suta,120,stage5ext_00483,80e5fdd0808bbda9d695c743b5046c81739538d8398f2686fe4b36ca71f055a7cc8e5445f4ac8e41bbbe09c9f01ad6e6bf9e083ec42a8d15655c1b76825dce57,Australian English,australia,The parties were ordered to electronically submit briefs to make their case.,THE PARTIES WERE ORDERED TO ELECTRONICALLY SUMIT BRIEFS TO MAKE THEIR CASE,c8244f214c9d04afd63c23b064b45973d98736a55a618ce413c96d92e6f1a04a
wav2vec2_large_lv60,suta,120,stage5ext_00484,80e5fdd0808bbda9d695c743b5046c81739538d8398f2686fe4b36ca71f055a7cc8e5445f4ac8e41bbbe09c9f01ad6e6bf9e083ec42a8d15655c1b76825dce57,Australian English,australia,Conceptual discussions also revolve around a precise definition of action in philosophy.,CONCEPTUAL DISCUSSIONS ALSO REVOLVE AROUND A PRECISE DEFINITION OF ACTION IN PHILOSOPHY,c8244f214c9d04afd63c23b064b45973d98736a55a618ce413c96d92e6f1a04a
wav2vec2_large_lv60,suta,121,stage5ext_00485,80e5fdd0808bbda9d695c743b5046c81739538d8398f2686fe4b36ca71f055a7cc8e5445f4ac8e41bbbe09c9f01ad6e6bf9e083ec42a8d15655c1b76825dce57,Australian English,australia,John Wyndham's many short stories also appear with later variant titles or pen names.,JOHN WINHAM'S MANY SHORT STORIES ALSO APPEAR WITH LATER VARIENT TITLES OR PEN NAMES,b63be71b90c1c5bf19258ebf40e95207d43ab2e4d79298a7b1802d407d0c9aab
wav2vec2_large_lv60,suta,121,stage5ext_00486,80e5fdd0808bbda9d695c743b5046c81739538d8398f2686fe4b36ca71f055a7cc8e5445f4ac8e41bbbe09c9f01ad6e6bf9e083ec42a8d15655c1b76825dce57,Australian English,australia,"I had an apartment; Jim was, like, ""He's the Boss"".",I HAD AN APARTMENT JIM WAS LIKE HE'S TE BOSS,b63be71b90c1c5bf19258ebf40e95207d43ab2e4d79298a7b1802d407d0c9aab
wav2vec2_large_lv60,suta,121,stage5ext_00487,80e5fdd0808bbda9d695c743b5046c81739538d8398f2686fe4b36ca71f055a7cc8e5445f4ac8e41bbbe09c9f01ad6e6bf9e083ec42a8d15655c1b76825dce57,Australian English,australia,"The show theme music is a customised version of Barry Manilow's ""Copacabana"".",THE SHO THEME MUSIC IS A CUSTOMISED VERSION OF BARRY MANLOW'S CUPERCABANA,b63be71b90c1c5bf19258ebf40e95207d43ab2e4d79298a7b1802d407d0c9aab
wav2vec2_large_lv60,suta,121,stage5ext_00488,80e5fdd0808bbda9d695c743b5046c81739538d8398f2686fe4b36ca71f055a7cc8e5445f4ac8e41bbbe09c9f01ad6e6bf9e083ec42a8d15655c1b76825dce57,Australian English,australia,Especially noteworthy were the early and late paintings.,ESPECIALLY NOTEWORTHY WERE THE EARLY AND LATE PAINTINGS,b63be71b90c1c5bf19258ebf40e95207d43ab2e4d79298a7b1802d407d0c9aab
wav2vec2_large_lv60,suta,122,stage5ext_00489,80e5fdd0808bbda9d695c743b5046c81739538d8398f2686fe4b36ca71f055a7cc8e5445f4ac8e41bbbe09c9f01ad6e6bf9e083ec42a8d15655c1b76825dce57,Australian English,australia,"Gavin Smith would later join the team, making it a three-car Vauxhall effort.",GAV AND SMITH WOULD LATER JOIN THE TEAM MAKING IT A THREE CARVE OXL EFFORT,fd7163c8d5d2954291f794352a4b4a47e2f35c087ff0f4c8ba6e66727f9d1f46
wav2vec2_large_lv60,suta,122,stage5ext_00490,80e5fdd0808bbda9d695c743b5046c81739538d8398f2686fe4b36ca71f055a7cc8e5445f4ac8e41bbbe09c9f01ad6e6bf9e083ec42a8d15655c1b76825dce57,Australian English,australia,"His siblings included Key Pittman, a longtime United States Senator from Nevada.",HIS SIPLINGS INCLUDE K PITMAN A LONG TIME UNITED STATES SENATOR FROM NEVADA,fd7163c8d5d2954291f794352a4b4a47e2f35c087ff0f4c8ba6e66727f9d1f46
wav2vec2_large_lv60,suta,122,stage5ext_00491,80e5fdd0808bbda9d695c743b5046c81739538d8398f2686fe4b36ca71f055a7cc8e5445f4ac8e41bbbe09c9f01ad6e6bf9e083ec42a8d15655c1b76825dce57,Australian English,australia,"The ""Dragon Empire"" is an empire ruled by the ten houses of dragons.",THE DRAGON EMPIRE IS AN EMPIRE RULED BY THE TEN HOUSES OF DRAGONS,fd7163c8d5d2954291f794352a4b4a47e2f35c087ff0f4c8ba6e66727f9d1f46
wav2vec2_large_lv60,suta,122,stage5ext_00492,80e5fdd0808bbda9d695c743b5046c81739538d8398f2686fe4b36ca71f055a7cc8e5445f4ac8e41bbbe09c9f01ad6e6bf9e083ec42a8d15655c1b76825dce57,Australian English,australia,Gounki is played on an eight-by-eight square.,GONKEY IS PLAYED ON EIGHT BY EIGHT SQUARE,fd7163c8d5d2954291f794352a4b4a47e2f35c087ff0f4c8ba6e66727f9d1f46
wav2vec2_large_lv60,suta,123,stage5ext_00493,80e5fdd0808bbda9d695c743b5046c81739538d8398f2686fe4b36ca71f055a7cc8e5445f4ac8e41bbbe09c9f01ad6e6bf9e083ec42a8d15655c1b76825dce57,Australian English,australia,He founded a series of hospitals in Constantinople to care for the poor.,HE FOUNDED A SERIES OF HOSPITALS IN CONSTANTINOPLE TO CARE FOR THE POOR,0e90be8ec7c61b1280caf758ff2bd0358c4fb3c71a4bd49c4b9895bf09cf1404
wav2vec2_large_lv60,suta,123,stage5ext_00494,80e5fdd0808bbda9d695c743b5046c81739538d8398f2686fe4b36ca71f055a7cc8e5445f4ac8e41bbbe09c9f01ad6e6bf9e083ec42a8d15655c1b76825dce57,Australian English,australia,His guitar compositions are being recorded and performed by an ever-increasing number of guitarists.,HIS GUITAR COMPOSITIONS ARE BEING RECORDED AND PERFORMED BY AN EVER INCREASING NUMBER OF GUATARAS,0e90be8ec7c61b1280caf758ff2bd0358c4fb3c71a4bd49c4b9895bf09cf1404
wav2vec2_large_lv60,suta,123,stage5ext_00495,80e5fdd0808bbda9d695c743b5046c81739538d8398f2686fe4b36ca71f055a7cc8e5445f4ac8e41bbbe09c9f01ad6e6bf9e083ec42a8d15655c1b76825dce57,Australian English,australia,He taught at Stockport Grammar School.,HE TAUGHT A STOCKPORT GRAMMAR SCHOOL,0e90be8ec7c61b1280caf758ff2bd0358c4fb3c71a4bd49c4b9895bf09cf1404
wav2vec2_large_lv60,suta,123,stage5ext_00496,1a03eae3701811654fd562b997c8a474b9db15da01b2c3dbe82487ef0476080aff1930c0b286ebae981fe42447c3f5ef27480999934b5bbbb8e1410266aca125,Australian English,australia,"But, if you can, try to make your own decisions.",BUT IF YOU CAN TRY TO MAKE YOUR ONDECISIONS,0e90be8ec7c61b1280caf758ff2bd0358c4fb3c71a4bd49c4b9895bf09cf1404
wav2vec2_large_lv60,suta,124,stage5ext_00497,1a03eae3701811654fd562b997c8a474b9db15da01b2c3dbe82487ef0476080aff1930c0b286ebae981fe42447c3f5ef27480999934b5bbbb8e1410266aca125,Australian English,australia,There was no way to measure anything of that length.,THERE WAS NO WAY TO MEASURE ANYTHING OF THAT LENGTH,f8d25594743733414b540289700383d6ec6b3c91a43f33299f4cd3ebc9d57ab2
wav2vec2_large_lv60,suta,124,stage5ext_00498,1a03eae3701811654fd562b997c8a474b9db15da01b2c3dbe82487ef0476080aff1930c0b286ebae981fe42447c3f5ef27480999934b5bbbb8e1410266aca125,Australian English,australia,"Today, tourism is one of the major economic factors inside the city.",TO DAY TOURISM IS ONE OF THE MAJOR ECONOMIC FACTORS INSIDE THE CITY,f8d25594743733414b540289700383d6ec6b3c91a43f33299f4cd3ebc9d57ab2
wav2vec2_large_lv60,suta,124,stage5ext_00499,1a03eae3701811654fd562b997c8a474b9db15da01b2c3dbe82487ef0476080aff1930c0b286ebae981fe42447c3f5ef27480999934b5bbbb8e1410266aca125,Australian English,australia,"Last week, I went hiking in the mountains.",LAST WEEK I WENT HAWKING IN THE MOUNTAINS,f8d25594743733414b540289700383d6ec6b3c91a43f33299f4cd3ebc9d57ab2
wav2vec2_large_lv60,suta,124,stage5ext_00500,1a03eae3701811654fd562b997c8a474b9db15da01b2c3dbe82487ef0476080aff1930c0b286ebae981fe42447c3f5ef27480999934b5bbbb8e1410266aca125,Australian English,australia,The boy tried to read what was written in the sand.,THE BOY TRIED TO READ WHAT WAS WRITTEN IN THE SAND,f8d25594743733414b540289700383d6ec6b3c91a43f33299f4cd3ebc9d57ab2
wav2vec2_large_lv60,suta,125,stage5ext_00501,1a03eae3701811654fd562b997c8a474b9db15da01b2c3dbe82487ef0476080aff1930c0b286ebae981fe42447c3f5ef27480999934b5bbbb8e1410266aca125,Australian English,australia,Don't hurt my sore arm again.,DON'T HURT MY SORE ARM AGAIN,62f5ff08d67a9104999084a048661b79f891b2436cd74a2b7d156834c74cd397
wav2vec2_large_lv60,suta,125,stage5ext_00502,1a03eae3701811654fd562b997c8a474b9db15da01b2c3dbe82487ef0476080aff1930c0b286ebae981fe42447c3f5ef27480999934b5bbbb8e1410266aca125,Australian English,australia,The fluid sprayed across the foyer.,THE FLUID SPRIT ACROSS THE FOYA,62f5ff08d67a9104999084a048661b79f891b2436cd74a2b7d156834c74cd397
wav2vec2_large_lv60,suta,125,stage5ext_00503,1a03eae3701811654fd562b997c8a474b9db15da01b2c3dbe82487ef0476080aff1930c0b286ebae981fe42447c3f5ef27480999934b5bbbb8e1410266aca125,Australian English,australia,Thanks for dropping around.,THANKS FOR DROPPIN ER AN,62f5ff08d67a9104999084a048661b79f891b2436cd74a2b7d156834c74cd397
wav2vec2_large_lv60,suta,125,stage5ext_00504,1a03eae3701811654fd562b997c8a474b9db15da01b2c3dbe82487ef0476080aff1930c0b286ebae981fe42447c3f5ef27480999934b5bbbb8e1410266aca125,Australian English,australia,The frog had no chance to escape.,THE FROG HAD NO CHANCE TO ESCAPE,62f5ff08d67a9104999084a048661b79f891b2436cd74a2b7d156834c74cd397
wav2vec2_large_lv60,suta,126,stage5ext_00505,1a03eae3701811654fd562b997c8a474b9db15da01b2c3dbe82487ef0476080aff1930c0b286ebae981fe42447c3f5ef27480999934b5bbbb8e1410266aca125,Australian English,australia,She likes you well enough to stick around.,SHE LOCKS YOU WELL ENOUGH TO STICK AROUND,6a2fb6fab37601c0a38c20c0d4e87823458d80a471008f0515e98e5f0b3d80dd
wav2vec2_large_lv60,suta,126,stage5ext_00506,1a03eae3701811654fd562b997c8a474b9db15da01b2c3dbe82487ef0476080aff1930c0b286ebae981fe42447c3f5ef27480999934b5bbbb8e1410266aca125,Australian English,australia,The shower curtain is beige and white.,THE SHAR CURTAIN IS BAGE AND WHITE,6a2fb6fab37601c0a38c20c0d4e87823458d80a471008f0515e98e5f0b3d80dd
wav2vec2_large_lv60,suta,126,stage5ext_00507,1a03eae3701811654fd562b997c8a474b9db15da01b2c3dbe82487ef0476080aff1930c0b286ebae981fe42447c3f5ef27480999934b5bbbb8e1410266aca125,Australian English,australia,"Everyone, when they are young, knows what their destiny is.",EVERYONE WHEN THEY ARE YOUNG KNOWS WHAT THEIR DESTINY IS,6a2fb6fab37601c0a38c20c0d4e87823458d80a471008f0515e98e5f0b3d80dd
wav2vec2_large_lv60,suta,126,stage5ext_00508,1a03eae3701811654fd562b997c8a474b9db15da01b2c3dbe82487ef0476080aff1930c0b286ebae981fe42447c3f5ef27480999934b5bbbb8e1410266aca125,Australian English,australia,He didn't consider mending the hole — the stones could fall through any time they wanted.,HE DIDN'T CONSIDER MENDING THE HALL THE STONES COULD FALL THROUGH ANY TOM THEY WANTED,6a2fb6fab37601c0a38c20c0d4e87823458d80a471008f0515e98e5f0b3d80dd
wav2vec2_large_lv60,suta,127,stage5ext_00509,1a03eae3701811654fd562b997c8a474b9db15da01b2c3dbe82487ef0476080aff1930c0b286ebae981fe42447c3f5ef27480999934b5bbbb8e1410266aca125,Australian English,australia,Add shweta mohan to my laundry playlist,ADD SHOTER MOHAN TO MY LAUNDRY PLAYLIST,e231ada358d92edbbc8259c43e1313f4fdcab09829a6721d2e1d8e683d618316
wav2vec2_large_lv60,suta,127,stage5ext_00510,1a03eae3701811654fd562b997c8a474b9db15da01b2c3dbe82487ef0476080aff1930c0b286ebae981fe42447c3f5ef27480999934b5bbbb8e1410266aca125,Australian English,australia,I'm still having trouble with baking.,I'M STILL HAVING TROUBLE WITH BAKING,e231ada358d92edbbc8259c43e1313f4fdcab09829a6721d2e1d8e683d618316
wav2vec2_large_lv60,suta,127,stage5ext_00511,3935c83996bc79d7abc50adc36392f9a2fd97df405c02b2321332068d1f235f816f68c7b84d0c3b80073933b9f6ab6f5b2d06f204e4bacdd8623e31009f1b83c,Australian English,australia,The mantra itself is also called Simran.,THE MANTRA ITSELF IS ALSO CALLED SIMERON,e231ada358d92edbbc8259c43e1313f4fdcab09829a6721d2e1d8e683d618316
wav2vec2_large_lv60,suta,127,stage5ext_00512,3935c83996bc79d7abc50adc36392f9a2fd97df405c02b2321332068d1f235f816f68c7b84d0c3b80073933b9f6ab6f5b2d06f204e4bacdd8623e31009f1b83c,Australian English,australia,"Throughout college, Edwards moonlighted, playing jazz piano for late night radio and music shows.",THROUGHOUT COLLEGE EDWARDS MOONLIGHTED PLAYING CHESS PIANO FOR LATE NIGHT RADIO AND MUSIC SHOWS,e231ada358d92edbbc8259c43e1313f4fdcab09829a6721d2e1d8e683d618316
wav2vec2_large_lv60,suta,128,stage5ext_00513,3935c83996bc79d7abc50adc36392f9a2fd97df405c02b2321332068d1f235f816f68c7b84d0c3b80073933b9f6ab6f5b2d06f204e4bacdd8623e31009f1b83c,Australian English,australia,Over this period the paper grew and began to cover additional market sectors.,OV THIS PERIOD THE PIPER GREW AND BEGAN TO COVER ADDITIONAL MARKETS SECTORS,2e653089600b17adeb532fadc001f5f5ceb0df78771f0a15325d9d23057285cf
wav2vec2_large_lv60,suta,128,stage5ext_00514,3935c83996bc79d7abc50adc36392f9a2fd97df405c02b2321332068d1f235f816f68c7b84d0c3b80073933b9f6ab6f5b2d06f204e4bacdd8623e31009f1b83c,Australian English,australia,"His long, narrow face was dominated by a big nose.",HIS LONG NARROW FACE WAS DOMINATED BY A BIG NUT,2e653089600b17adeb532fadc001f5f5ceb0df78771f0a15325d9d23057285cf
wav2vec2_large_lv60,suta,128,stage5ext_00515,3935c83996bc79d7abc50adc36392f9a2fd97df405c02b2321332068d1f235f816f68c7b84d0c3b80073933b9f6ab6f5b2d06f204e4bacdd8623e31009f1b83c,Australian English,australia,"This has most commonly been interpreted as a rendition of ""Now Strike"".",THIS HAS MOST COMMONLY BEEN INTERPRETTED AS A RENDITION OF NAIL STRIKE,2e653089600b17adeb532fadc001f5f5ceb0df78771f0a15325d9d23057285cf
wav2vec2_large_lv60,suta,128,stage5ext_00516,3935c83996bc79d7abc50adc36392f9a2fd97df405c02b2321332068d1f235f816f68c7b84d0c3b80073933b9f6ab6f5b2d06f204e4bacdd8623e31009f1b83c,Australian English,australia,The capital of the province is Llica.,THE CAPITAL OF THE PROVINCE IS LICA,2e653089600b17adeb532fadc001f5f5ceb0df78771f0a15325d9d23057285cf
wav2vec2_large_lv60,suta,129,stage5ext_00517,3935c83996bc79d7abc50adc36392f9a2fd97df405c02b2321332068d1f235f816f68c7b84d0c3b80073933b9f6ab6f5b2d06f204e4bacdd8623e31009f1b83c,Australian English,australia,Children from this township attend schools in the Blue Mountain School District.,CHILDREN FROM THIS TOWNSHIP ATTEND SCHOOLS IN THE BLUE MOUNTAIN SCHOOL DISTRICT,4f61abbd58d4c4d6a82bac5dbf775ea6653a08be6e454be5c1c02fbd2f615e63
wav2vec2_large_lv60,suta,129,stage5ext_00518,3935c83996bc79d7abc50adc36392f9a2fd97df405c02b2321332068d1f235f816f68c7b84d0c3b80073933b9f6ab6f5b2d06f204e4bacdd8623e31009f1b83c,Australian English,australia,The band's lineup would then remain unchanged through their next two albums.,THE BANDS LINED UP WOULD THEN REMAIN UNCHANGED TO THEIR NEXT TWO ALBUMS,4f61abbd58d4c4d6a82bac5dbf775ea6653a08be6e454be5c1c02fbd2f615e63
wav2vec2_large_lv60,suta,129,stage5ext_00519,3935c83996bc79d7abc50adc36392f9a2fd97df405c02b2321332068d1f235f816f68c7b84d0c3b80073933b9f6ab6f5b2d06f204e4bacdd8623e31009f1b83c,Australian English,australia,A user application may render the image into a viewport.,A USER APPLICATION MAY RENDER THE IMAGE INTO A VIEWPOT,4f61abbd58d4c4d6a82bac5dbf775ea6653a08be6e454be5c1c02fbd2f615e63
wav2vec2_large_lv60,suta,129,stage5ext_00520,3935c83996bc79d7abc50adc36392f9a2fd97df405c02b2321332068d1f235f816f68c7b84d0c3b80073933b9f6ab6f5b2d06f204e4bacdd8623e31009f1b83c,Australian English,australia,Jimmy Fortune also sometimes tours with Dailey and Vincent.,JIMMY FORTUNE ALSO SOMETIMES TURS WITH DILY AND FAINT SCENT,4f61abbd58d4c4d6a82bac5dbf775ea6653a08be6e454be5c1c02fbd2f615e63
wav2vec2_large_lv60,suta,130,stage5ext_00521,3935c83996bc79d7abc50adc36392f9a2fd97df405c02b2321332068d1f235f816f68c7b84d0c3b80073933b9f6ab6f5b2d06f204e4bacdd8623e31009f1b83c,Australian English,australia,The play was revived in London eight times during his life.,THE PLAY WAS REVIVED IN LONDON ANTONE DURING HIS LIFE,c13f9866939399f590351d9c18bd80618a7270eb39b441b2cbac85835003048e
wav2vec2_large_lv60,suta,130,stage5ext_00522,3935c83996bc79d7abc50adc36392f9a2fd97df405c02b2321332068d1f235f816f68c7b84d0c3b80073933b9f6ab6f5b2d06f204e4bacdd8623e31009f1b83c,Australian English,australia,Following the outbreak of the Second Boer War he was posted to South Africa.,FOLLOWING THE OUTBREAK OF THE SECOND BOROGH WAR HE WAS POSTED TO SOUTH AFRICA,c13f9866939399f590351d9c18bd80618a7270eb39b441b2cbac85835003048e
wav2vec2_large_lv60,suta,130,stage5ext_00523,3935c83996bc79d7abc50adc36392f9a2fd97df405c02b2321332068d1f235f816f68c7b84d0c3b80073933b9f6ab6f5b2d06f204e4bacdd8623e31009f1b83c,Australian English,australia,It is a popular spot for surfing and swimming.,IT IS A POPULAR SPOT FOR SERVANT AND SWIMIN,c13f9866939399f590351d9c18bd80618a7270eb39b441b2cbac85835003048e
wav2vec2_large_lv60,suta,130,stage5ext_00524,3935c83996bc79d7abc50adc36392f9a2fd97df405c02b2321332068d1f235f816f68c7b84d0c3b80073933b9f6ab6f5b2d06f204e4bacdd8623e31009f1b83c,Australian English,australia,Dylan apparently disliked this.,ELEN APPARENTLY DISLIKED THIS,c13f9866939399f590351d9c18bd80618a7270eb39b441b2cbac85835003048e
wav2vec2_large_lv60,suta,131,stage5ext_00525,3935c83996bc79d7abc50adc36392f9a2fd97df405c02b2321332068d1f235f816f68c7b84d0c3b80073933b9f6ab6f5b2d06f204e4bacdd8623e31009f1b83c,Australian English,australia,Her heart-shaped gravestone is visible from the road.,HER HART SHAPED GRAVESTONE IS VISIBLE FROM THE ROAD,84cc0abf11d49341dd9feed377106623c2aced951baeeae3ef031e6ee8f4834d
wav2vec2_large_lv60,suta,131,stage5ext_00526,92fa0173d8a52067542a43504a23d6adbcf1f55271ca38e9eacfa6f751199a9bb7ed840cebadc1a745b2c605ec99dcfae954c709b8c345afbcb08ce46e100b4d,Australian English,australia,"Bushnell was born in Saint Paul, Minnesota and raised in Los Angeles, California.",BUSHNE WAS BORN IN SAINT PAUL MINNESOTA AND RAISED IN LOS ANGELES CALIFORNIA,84cc0abf11d49341dd9feed377106623c2aced951baeeae3ef031e6ee8f4834d
wav2vec2_large_lv60,suta,131,stage5ext_00527,92fa0173d8a52067542a43504a23d6adbcf1f55271ca38e9eacfa6f751199a9bb7ed840cebadc1a745b2c605ec99dcfae954c709b8c345afbcb08ce46e100b4d,Australian English,australia,The show is based on noughts and crosses.,THE SHOR IS BASED ON NOTS AND CROSSES,84cc0abf11d49341dd9feed377106623c2aced951baeeae3ef031e6ee8f4834d
wav2vec2_large_lv60,suta,131,stage5ext_00528,92fa0173d8a52067542a43504a23d6adbcf1f55271ca38e9eacfa6f751199a9bb7ed840cebadc1a745b2c605ec99dcfae954c709b8c345afbcb08ce46e100b4d,Australian English,australia,"There are also useful concepts of regular monomorphism, strong monomorphism, and extremal monomorphism.",THERE ARE ALSO USEFUL CONCERTS OF REGULAR MONOMORPHISM STRONG MONAMORPHOSM AND EXTREMAL MONOMORPHISM,84cc0abf11d49341dd9feed377106623c2aced951baeeae3ef031e6ee8f4834d
wav2vec2_large_lv60,suta,132,stage5ext_00529,92fa0173d8a52067542a43504a23d6adbcf1f55271ca38e9eacfa6f751199a9bb7ed840cebadc1a745b2c605ec99dcfae954c709b8c345afbcb08ce46e100b4d,Australian English,australia,A little glass in a transept window is older still.,A LITTLE GLASS IN A TRANCEPT WINDOW IS OLDER STILL,258ba9c947c6c45a947f039d5d70306da15c5667b8e3067b88500a559305efec
wav2vec2_large_lv60,suta,132,stage5ext_00530,92fa0173d8a52067542a43504a23d6adbcf1f55271ca38e9eacfa6f751199a9bb7ed840cebadc1a745b2c605ec99dcfae954c709b8c345afbcb08ce46e100b4d,Australian English,australia,For a small monthly fee the establishment will also wash one's mug.,FOR A SMALL MONTHLY FEED ESTABLISHMENT WILL ALSO WASH ONE'S MUG,258ba9c947c6c45a947f039d5d70306da15c5667b8e3067b88500a559305efec
wav2vec2_large_lv60,suta,132,stage5ext_00531,92fa0173d8a52067542a43504a23d6adbcf1f55271ca38e9eacfa6f751199a9bb7ed840cebadc1a745b2c605ec99dcfae954c709b8c345afbcb08ce46e100b4d,Australian English,australia,"Evidently there is no treasure, so Taran and the ruffian are soon at swordpoint.",EVIDENTLY THERE IS NO TREASURE SO TARONAN RUFFIAN IS SOON AT SWORD POINT,258ba9c947c6c45a947f039d5d70306da15c5667b8e3067b88500a559305efec
wav2vec2_large_lv60,suta,132,stage5ext_00532,92fa0173d8a52067542a43504a23d6adbcf1f55271ca38e9eacfa6f751199a9bb7ed840cebadc1a745b2c605ec99dcfae954c709b8c345afbcb08ce46e100b4d,Australian English,australia,Its user interface and functionality is similar to Microsoft Outlook.,ITS USEAT INTERFACE AN FUNCTIONALITYIS SIMILAR TO THE MACRASOFT OUTLOOK,258ba9c947c6c45a947f039d5d70306da15c5667b8e3067b88500a559305efec
wav2vec2_large_lv60,suta,133,stage5ext_00533,92fa0173d8a52067542a43504a23d6adbcf1f55271ca38e9eacfa6f751199a9bb7ed840cebadc1a745b2c605ec99dcfae954c709b8c345afbcb08ce46e100b4d,Australian English,australia,It is famous for its mudbrick-made high-rise buildings.,IT IS FAMOUS FOR ITS MUD BRICK MADE HIGH RIFE BUILDINGS,5b2b01945d8c3b5e1153ad3fda93bb58d318019b8f8225bad37d68767679eb6c
wav2vec2_large_lv60,suta,133,stage5ext_00534,92fa0173d8a52067542a43504a23d6adbcf1f55271ca38e9eacfa6f751199a9bb7ed840cebadc1a745b2c605ec99dcfae954c709b8c345afbcb08ce46e100b4d,Australian English,australia,"Not all of the ""Heritage Minutes"" episodes have actually aired.",NOT ALL O THE HERITAGE MINUTES EPISODES HAVE ACTUALLY ERRED,5b2b01945d8c3b5e1153ad3fda93bb58d318019b8f8225bad37d68767679eb6c
wav2vec2_large_lv60,suta,133,stage5ext_00535,92fa0173d8a52067542a43504a23d6adbcf1f55271ca38e9eacfa6f751199a9bb7ed840cebadc1a745b2c605ec99dcfae954c709b8c345afbcb08ce46e100b4d,Australian English,australia,He later lived in the British West Indies.,HELITA LIVED IN THE BRITISH WEST INDIES,5b2b01945d8c3b5e1153ad3fda93bb58d318019b8f8225bad37d68767679eb6c
wav2vec2_large_lv60,suta,133,stage5ext_00536,92fa0173d8a52067542a43504a23d6adbcf1f55271ca38e9eacfa6f751199a9bb7ed840cebadc1a745b2c605ec99dcfae954c709b8c345afbcb08ce46e100b4d,Australian English,australia,The two company branches issued combined trade catalogs.,THE TWO COMPANY BRANCHES ISSUED COMBINED TRADE CATALOGUES,5b2b01945d8c3b5e1153ad3fda93bb58d318019b8f8225bad37d68767679eb6c
wav2vec2_large_lv60,suta,134,stage5ext_00537,92fa0173d8a52067542a43504a23d6adbcf1f55271ca38e9eacfa6f751199a9bb7ed840cebadc1a745b2c605ec99dcfae954c709b8c345afbcb08ce46e100b4d,Australian English,australia,Whitebirk is part of the Blackburn urban area.,WHITEBERK IS PART OF THE BLACKBIN URBAN ARIA,d82da6f48e8adb3d9e3cd7dc32c11668df4b23d884c80a5968392fecbb957c31
wav2vec2_large_lv60,suta,134,stage5ext_00538,92fa0173d8a52067542a43504a23d6adbcf1f55271ca38e9eacfa6f751199a9bb7ed840cebadc1a745b2c605ec99dcfae954c709b8c345afbcb08ce46e100b4d,Australian English,australia,"One of the most famous ""novelty shows"" is the World's Ugliest Dog Contest.",ONE OF THE MOST FAMOUS NOVETY SHORS IS THE WORLD'S UGLIEST DOG CONTEST,d82da6f48e8adb3d9e3cd7dc32c11668df4b23d884c80a5968392fecbb957c31
wav2vec2_large_lv60,suta,134,stage5ext_00539,92fa0173d8a52067542a43504a23d6adbcf1f55271ca38e9eacfa6f751199a9bb7ed840cebadc1a745b2c605ec99dcfae954c709b8c345afbcb08ce46e100b4d,Australian English,australia,The town is named after the island of Elba.,THE TOWN IS NAMED AFTER THE ISLAND OF ELBA,d82da6f48e8adb3d9e3cd7dc32c11668df4b23d884c80a5968392fecbb957c31
wav2vec2_large_lv60,suta,134,stage5ext_00540,92fa0173d8a52067542a43504a23d6adbcf1f55271ca38e9eacfa6f751199a9bb7ed840cebadc1a745b2c605ec99dcfae954c709b8c345afbcb08ce46e100b4d,Australian English,australia,Later its coverage was expanded to cover political news.,LATER ITS COVERAGE WAS EXPANDED TO CUFF A POLITICAL NEWS,d82da6f48e8adb3d9e3cd7dc32c11668df4b23d884c80a5968392fecbb957c31
wav2vec2_large_lv60,suta,135,stage5ext_00541,7f29ce6531f159f514ccb46caa1535f1687740b13a60c3f3ac15d8462984c71b2c5747d5f67692081b7e7de330d1ded32b09bc1693c0a26c8189132bf2c48888,Australian English,australia,"For example, instead of editing Google Maps, consider contributing to OpenStreetMap.",FOR EXAMPLE INSTEAD OF EDITING GUGLE MAPS CONSIDER CONTRIBUTING TO OPEN STREET MAP,c9fb68f7c6e891b2868bf788f15e0136c53b0e57f15682f3a598e81a67b66bef
wav2vec2_large_lv60,suta,135,stage5ext_00542,7f29ce6531f159f514ccb46caa1535f1687740b13a60c3f3ac15d8462984c71b2c5747d5f67692081b7e7de330d1ded32b09bc1693c0a26c8189132bf2c48888,Australian English,australia,What is it you want to research?,WHAT IS IT YOU WANT TO RESEARCH,c9fb68f7c6e891b2868bf788f15e0136c53b0e57f15682f3a598e81a67b66bef
wav2vec2_large_lv60,suta,135,stage5ext_00543,7f29ce6531f159f514ccb46caa1535f1687740b13a60c3f3ac15d8462984c71b2c5747d5f67692081b7e7de330d1ded32b09bc1693c0a26c8189132bf2c48888,Australian English,australia,"Well, the merry-go-round wasn't exactly spectacular.",WELL THE MURIGO ROUND WASN'T EXACTLY SPECTACULAR,c9fb68f7c6e891b2868bf788f15e0136c53b0e57f15682f3a598e81a67b66bef
wav2vec2_large_lv60,suta,135,stage5ext_00544,7f29ce6531f159f514ccb46caa1535f1687740b13a60c3f3ac15d8462984c71b2c5747d5f67692081b7e7de330d1ded32b09bc1693c0a26c8189132bf2c48888,Australian English,australia,What is the meaning of this?,WHAT IS THE MEANING OF THIS,c9fb68f7c6e891b2868bf788f15e0136c53b0e57f15682f3a598e81a67b66bef
wav2vec2_large_lv60,suta,136,stage5ext_00545,7f29ce6531f159f514ccb46caa1535f1687740b13a60c3f3ac15d8462984c71b2c5747d5f67692081b7e7de330d1ded32b09bc1693c0a26c8189132bf2c48888,Australian English,australia,"The flag is red, blue, and yellow.",THE FLAG IS RED BLUE AND YELLOW,04356137c0b9558c28d3deabc29e940705c4f770b2136409d5a478e037bfb30a
wav2vec2_large_lv60,suta,136,stage5ext_00546,7f29ce6531f159f514ccb46caa1535f1687740b13a60c3f3ac15d8462984c71b2c5747d5f67692081b7e7de330d1ded32b09bc1693c0a26c8189132bf2c48888,Australian English,australia,What are the facts?,WHAT ARE THE FACTS,04356137c0b9558c28d3deabc29e940705c4f770b2136409d5a478e037bfb30a
wav2vec2_large_lv60,suta,136,stage5ext_00547,7f29ce6531f159f514ccb46caa1535f1687740b13a60c3f3ac15d8462984c71b2c5747d5f67692081b7e7de330d1ded32b09bc1693c0a26c8189132bf2c48888,Australian English,australia,"I've brought you some cheese, because I know you love cheese.",I'VE BROUGHT YOU SOME CHEESE BECAUSE I KNOW YOU LOVE CHEESE,04356137c0b9558c28d3deabc29e940705c4f770b2136409d5a478e037bfb30a
wav2vec2_large_lv60,suta,136,stage5ext_00548,7f29ce6531f159f514ccb46caa1535f1687740b13a60c3f3ac15d8462984c71b2c5747d5f67692081b7e7de330d1ded32b09bc1693c0a26c8189132bf2c48888,Australian English,australia,How did you get it?,HOW DID YOU GET IT,04356137c0b9558c28d3deabc29e940705c4f770b2136409d5a478e037bfb30a
wav2vec2_large_lv60,suta,137,stage5ext_00549,7f29ce6531f159f514ccb46caa1535f1687740b13a60c3f3ac15d8462984c71b2c5747d5f67692081b7e7de330d1ded32b09bc1693c0a26c8189132bf2c48888,Australian English,australia,"He was something of a sickly child by all accounts, never made it past his fourth birthday.",HE WAS SOMETHING OF A SICKLY CHILD BY ALL ACCOUNTS AND NEVER MADE IT PAST HIS FOURTH BIRTHDAY,6410b0193c3db317114b53346a07adaa7ea9336e2344d7df6eb169d995b98cdd
wav2vec2_large_lv60,suta,137,stage5ext_00550,7f29ce6531f159f514ccb46caa1535f1687740b13a60c3f3ac15d8462984c71b2c5747d5f67692081b7e7de330d1ded32b09bc1693c0a26c8189132bf2c48888,Australian English,australia,Under what circumstances might you be persuaded to provide us with passes?,UNDER WHAT CIRCUMSTANCES MIGHT YOU BE PERSUADED TO PROVIDE US WITH PASSES,6410b0193c3db317114b53346a07adaa7ea9336e2344d7df6eb169d995b98cdd
wav2vec2_large_lv60,suta,137,stage5ext_00551,7f29ce6531f159f514ccb46caa1535f1687740b13a60c3f3ac15d8462984c71b2c5747d5f67692081b7e7de330d1ded32b09bc1693c0a26c8189132bf2c48888,Australian English,australia,"They found all sorts of drugs at Howard's house: Cocaine, meth, heroine...",THEY FOUND ALL SORTS OF DRUGS AT HALWARDS HOUSE COCANE MYTH HEROINE,6410b0193c3db317114b53346a07adaa7ea9336e2344d7df6eb169d995b98cdd
wav2vec2_large_lv60,suta,137,stage5ext_00552,7f29ce6531f159f514ccb46caa1535f1687740b13a60c3f3ac15d8462984c71b2c5747d5f67692081b7e7de330d1ded32b09bc1693c0a26c8189132bf2c48888,Australian English,australia,"Kidneys are transplanted often, because every healthy person has two of them.",KIDNEYS ARE TRANSPLANTED OFTEN BECAUSE EVERY HEALTHY PERSON HAS TAUGHT THEM,6410b0193c3db317114b53346a07adaa7ea9336e2344d7df6eb169d995b98cdd
wav2vec2_large_lv60,suta,138,stage5ext_00553,7f29ce6531f159f514ccb46caa1535f1687740b13a60c3f3ac15d8462984c71b2c5747d5f67692081b7e7de330d1ded32b09bc1693c0a26c8189132bf2c48888,Australian English,australia,"A trill, or shake A triplet.",A TRILL OR SHAKE A TRIPLET,d1659df6fa339a395ff10a68c7b1f0d8d023ae7865c62d33925c08ccff30d25d
wav2vec2_large_lv60,suta,138,stage5ext_00554,7f29ce6531f159f514ccb46caa1535f1687740b13a60c3f3ac15d8462984c71b2c5747d5f67692081b7e7de330d1ded32b09bc1693c0a26c8189132bf2c48888,Australian English,australia,"Four doors lead from the landing into two bedrooms, a closet, and a small, but functional bathroom.",FOUR DOORS LEAD FROM THE LANDING INTO TWO BEDROOMS A CLOSET AND A SMALL BUT FUNCTIONAL BATHROOM,d1659df6fa339a395ff10a68c7b1f0d8d023ae7865c62d33925c08ccff30d25d
wav2vec2_large_lv60,suta,138,stage5ext_00555,7f29ce6531f159f514ccb46caa1535f1687740b13a60c3f3ac15d8462984c71b2c5747d5f67692081b7e7de330d1ded32b09bc1693c0a26c8189132bf2c48888,Australian English,australia,Why did you do it?,WHY DID YOU DO IT,d1659df6fa339a395ff10a68c7b1f0d8d023ae7865c62d33925c08ccff30d25d
wav2vec2_large_lv60,suta,138,stage5ext_00556,243c0d90f6145edce7803731bbd3baff7cb887a5290c10c1c5897e24248e249752883be23dbe58e59668ad96307fa0666e76dde82a2dd55ac2c624acbdb1d919,Australian English,australia,Perhaps she forgot all about it.,PURHAPS SHE FORGOT ALL ABOUT IT,d1659df6fa339a395ff10a68c7b1f0d8d023ae7865c62d33925c08ccff30d25d
wav2vec2_large_lv60,suta,139,stage5ext_00557,243c0d90f6145edce7803731bbd3baff7cb887a5290c10c1c5897e24248e249752883be23dbe58e59668ad96307fa0666e76dde82a2dd55ac2c624acbdb1d919,Australian English,australia,I would if I thought I'd hear anything worth listening to.,I WOULD IF I THOUGHT I HEAR ANYTHING WOT LITEATIN,2298dfd2c2291d47a9b387114a1a8ac41c84bc702d2bef17ddf6f62134786dae
wav2vec2_large_lv60,suta,139,stage5ext_00558,243c0d90f6145edce7803731bbd3baff7cb887a5290c10c1c5897e24248e249752883be23dbe58e59668ad96307fa0666e76dde82a2dd55ac2c624acbdb1d919,Australian English,australia,In that case I'll ask the two executive officers to withdraw.,IN THAT CASE I'LL ASK THE TWO EXECUTIVE OFFICERS TO WITHDRAW,2298dfd2c2291d47a9b387114a1a8ac41c84bc702d2bef17ddf6f62134786dae
wav2vec2_large_lv60,suta,139,stage5ext_00559,243c0d90f6145edce7803731bbd3baff7cb887a5290c10c1c5897e24248e249752883be23dbe58e59668ad96307fa0666e76dde82a2dd55ac2c624acbdb1d919,Australian English,australia,I'm everything the District Attorney said I was.,I'M EVERTHINK THE DISTRICT ATTORNEY SAID I WAS,2298dfd2c2291d47a9b387114a1a8ac41c84bc702d2bef17ddf6f62134786dae
wav2vec2_large_lv60,suta,139,stage5ext_00560,243c0d90f6145edce7803731bbd3baff7cb887a5290c10c1c5897e24248e249752883be23dbe58e59668ad96307fa0666e76dde82a2dd55ac2c624acbdb1d919,Australian English,australia,I don't want Mrs. Douglas.,I DON'T WANT MISSUS DOUGLAS,2298dfd2c2291d47a9b387114a1a8ac41c84bc702d2bef17ddf6f62134786dae
wav2vec2_large_lv60,suta,140,stage5ext_00561,243c0d90f6145edce7803731bbd3baff7cb887a5290c10c1c5897e24248e249752883be23dbe58e59668ad96307fa0666e76dde82a2dd55ac2c624acbdb1d919,Australian English,australia,What's the idea here?,WHAT'S THE IDEA HERE,f79218d7332b2d7919b72b9c19f33f67c6c7bcf61fe2b3cb33db41c400a5551d
wav2vec2_large_lv60,suta,140,stage5ext_00562,243c0d90f6145edce7803731bbd3baff7cb887a5290c10c1c5897e24248e249752883be23dbe58e59668ad96307fa0666e76dde82a2dd55ac2c624acbdb1d919,Australian English,australia,I've suddenly become quite important.,I SUDDENLY BECOME QUITE IMPORTANT,f79218d7332b2d7919b72b9c19f33f67c6c7bcf61fe2b3cb33db41c400a5551d
wav2vec2_large_lv60,suta,140,stage5ext_00563,243c0d90f6145edce7803731bbd3baff7cb887a5290c10c1c5897e24248e249752883be23dbe58e59668ad96307fa0666e76dde82a2dd55ac2c624acbdb1d919,Australian English,australia,There's nothing more we can do tonight.,HERE'S NOTHING MORE WE CAN DO TO NIGHT,f79218d7332b2d7919b72b9c19f33f67c6c7bcf61fe2b3cb33db41c400a5551d
wav2vec2_large_lv60,suta,140,stage5ext_00564,243c0d90f6145edce7803731bbd3baff7cb887a5290c10c1c5897e24248e249752883be23dbe58e59668ad96307fa0666e76dde82a2dd55ac2c624acbdb1d919,Australian English,australia,A sight for sore eyes.,ESIDE FOR SOR EYES,f79218d7332b2d7919b72b9c19f33f67c6c7bcf61fe2b3cb33db41c400a5551d
wav2vec2_large_lv60,suta,141,stage5ext_00565,243c0d90f6145edce7803731bbd3baff7cb887a5290c10c1c5897e24248e249752883be23dbe58e59668ad96307fa0666e76dde82a2dd55ac2c624acbdb1d919,Australian English,australia,She had pneumonia once.,SHE KEPT NEUMONIA ON,5737fa809fbf48c0372aff7d44f0421562e9b7dd26ff03a00274a02fcc3d238a
wav2vec2_large_lv60,suta,141,stage5ext_00566,243c0d90f6145edce7803731bbd3baff7cb887a5290c10c1c5897e24248e249752883be23dbe58e59668ad96307fa0666e76dde82a2dd55ac2c624acbdb1d919,Australian English,australia,We returned to the cemetery.,HE RETURN TO THE CEMETERY,5737fa809fbf48c0372aff7d44f0421562e9b7dd26ff03a00274a02fcc3d238a
wav2vec2_large_lv60,suta,141,stage5ext_00567,243c0d90f6145edce7803731bbd3baff7cb887a5290c10c1c5897e24248e249752883be23dbe58e59668ad96307fa0666e76dde82a2dd55ac2c624acbdb1d919,Australian English,australia,I'd like to think.,I LIKE TO THI,5737fa809fbf48c0372aff7d44f0421562e9b7dd26ff03a00274a02fcc3d238a
wav2vec2_large_lv60,suta,141,stage5ext_00568,243c0d90f6145edce7803731bbd3baff7cb887a5290c10c1c5897e24248e249752883be23dbe58e59668ad96307fa0666e76dde82a2dd55ac2c624acbdb1d919,Australian English,australia,Your mother and I talked it over half the night.,YOUR MOTHER AND I TALK IT OVER HALF THE NIGHT,5737fa809fbf48c0372aff7d44f0421562e9b7dd26ff03a00274a02fcc3d238a
wav2vec2_large_lv60,suta,142,stage5ext_00569,243c0d90f6145edce7803731bbd3baff7cb887a5290c10c1c5897e24248e249752883be23dbe58e59668ad96307fa0666e76dde82a2dd55ac2c624acbdb1d919,Australian English,australia,We must get some of that serum as soon as possible.,HE MUST GET SOME OF THE QUARY AS BIG AS POSSIBLE,765be6be0db6504f45f4feaacfe1aa7005881bfd573bb5d11326c3cef8d132b2
wav2vec2_large_lv60,suta,142,stage5ext_00570,243c0d90f6145edce7803731bbd3baff7cb887a5290c10c1c5897e24248e249752883be23dbe58e59668ad96307fa0666e76dde82a2dd55ac2c624acbdb1d919,Australian English,australia,She'll be waiting for you in Albany.,HE'LL BE WAITING FOR YOU IN ALBANY,765be6be0db6504f45f4feaacfe1aa7005881bfd573bb5d11326c3cef8d132b2
wav2vec2_large_lv60,suta,142,stage5ext_00571,0acf313028bfe2af57b429c11e66463848b29afaa619fcfb0eea753f8ba9c63862e2c106975c0e70bde12809fc2422731691839c34fe911de22051dd732876d2,Australian English,australia,It seemed to him that it fell to earth about one hundred miles east of here.,IT SEEMED TO HIM THAT IT FELL TO EARTH ABOUT ONE HUNDRED MILES EAST OF HERE,765be6be0db6504f45f4feaacfe1aa7005881bfd573bb5d11326c3cef8d132b2
wav2vec2_large_lv60,suta,142,stage5ext_00572,0acf313028bfe2af57b429c11e66463848b29afaa619fcfb0eea753f8ba9c63862e2c106975c0e70bde12809fc2422731691839c34fe911de22051dd732876d2,Australian English,australia,'m all about those invisible cosmic connections that transcend time and distance.,I'M ALL ABOUT THOSE INVISIBLE COSMIC CONNECIONS THAT TRANSCEND TIME AND DISTANCE,765be6be0db6504f45f4feaacfe1aa7005881bfd573bb5d11326c3cef8d132b2
wav2vec2_large_lv60,suta,143,stage5ext_00573,0acf313028bfe2af57b429c11e66463848b29afaa619fcfb0eea753f8ba9c63862e2c106975c0e70bde12809fc2422731691839c34fe911de22051dd732876d2,Australian English,australia,And one or two persons were returning.,AND ONE OR TWO PERSONS WERE RETURNING,f1957daffdfb75cf8704f80d4cfc348288f917f45ed33d9f744c9eb3d96ef101
wav2vec2_large_lv60,suta,143,stage5ext_00574,0acf313028bfe2af57b429c11e66463848b29afaa619fcfb0eea753f8ba9c63862e2c106975c0e70bde12809fc2422731691839c34fe911de22051dd732876d2,Australian English,australia,Even then he hardly understood what this meant.,EVEN THEN HE HARDLY UNDERSTOOD WHAT THIS MEANT,f1957daffdfb75cf8704f80d4cfc348288f917f45ed33d9f744c9eb3d96ef101
wav2vec2_large_lv60,suta,143,stage5ext_00575,0acf313028bfe2af57b429c11e66463848b29afaa619fcfb0eea753f8ba9c63862e2c106975c0e70bde12809fc2422731691839c34fe911de22051dd732876d2,Australian English,australia,He heard a muffled grating sound and saw the black mark jerk forward an inch or so.,HE HEARD A MUFFLED GRATING SOUND AND SAW THE BLACK MARK JERK FORWARD AN INCH OR SO,f1957daffdfb75cf8704f80d4cfc348288f917f45ed33d9f744c9eb3d96ef101
wav2vec2_large_lv60,suta,143,stage5ext_00576,0acf313028bfe2af57b429c11e66463848b29afaa619fcfb0eea753f8ba9c63862e2c106975c0e70bde12809fc2422731691839c34fe911de22051dd732876d2,Australian English,australia,Hundreds of observers saw the flame that night and the night after.,HUNDREDS OF OBSERVERS SAW THE FLAME THAT NIGHT AND THE NIGHT AFTER,f1957daffdfb75cf8704f80d4cfc348288f917f45ed33d9f744c9eb3d96ef101
wav2vec2_large_lv60,suta,144,stage5ext_00577,0acf313028bfe2af57b429c11e66463848b29afaa619fcfb0eea753f8ba9c63862e2c106975c0e70bde12809fc2422731691839c34fe911de22051dd732876d2,Australian English,australia,I was impatient to see it opened.,I WAS IMPATIENT TO SEE IT OPENED,754ec94f0de2baf33169d8f0f0619852a2e8b54b35272e1b98ab5e7641942366
wav2vec2_large_lv60,suta,144,stage5ext_00578,0acf313028bfe2af57b429c11e66463848b29afaa619fcfb0eea753f8ba9c63862e2c106975c0e70bde12809fc2422731691839c34fe911de22051dd732876d2,Australian English,australia,My mind ran on the possibilities of its content.,MY MIND RAN ON THE POSSIBILITIES OF ITS CONTENT,754ec94f0de2baf33169d8f0f0619852a2e8b54b35272e1b98ab5e7641942366
wav2vec2_large_lv60,suta,144,stage5ext_00579,0acf313028bfe2af57b429c11e66463848b29afaa619fcfb0eea753f8ba9c63862e2c106975c0e70bde12809fc2422731691839c34fe911de22051dd732876d2,Australian English,australia,Some of those who saw its flight say it travelled with a hissing sound.,SOME OF THOSE WHO SAW ITS FLIGHT SAY IT TRAVELED WITH A HISSING SOUND,754ec94f0de2baf33169d8f0f0619852a2e8b54b35272e1b98ab5e7641942366
wav2vec2_large_lv60,suta,144,stage5ext_00580,0acf313028bfe2af57b429c11e66463848b29afaa619fcfb0eea753f8ba9c63862e2c106975c0e70bde12809fc2422731691839c34fe911de22051dd732876d2,Australian English,australia,"You don't have to be rich, skinny, popular, or even own a cape to perform a random act of kindness.",YOU DON'T HAVE TO BE RICH SKINNY POPULAR OR EVEN OWN A CAPE TO PERFORM A RANDOM ACT OF KINDNESS,754ec94f0de2baf33169d8f0f0619852a2e8b54b35272e1b98ab5e7641942366
wav2vec2_large_lv60,suta,145,stage5ext_00581,0acf313028bfe2af57b429c11e66463848b29afaa619fcfb0eea753f8ba9c63862e2c106975c0e70bde12809fc2422731691839c34fe911de22051dd732876d2,Australian English,australia,I had seen all that it would presently bring me.,I HAD SEEN ALL THAT IT WOULD PRESENTLY BRING ME,8fefb163aea8ad00301fc7ed71facd870b30fbbf2889c878a8893d221391ae7f
wav2vec2_large_lv60,suta,145,stage5ext_00582,0acf313028bfe2af57b429c11e66463848b29afaa619fcfb0eea753f8ba9c63862e2c106975c0e70bde12809fc2422731691839c34fe911de22051dd732876d2,Australian English,australia,The time must have been somewhere around six o'clock.,THE TIME MUST HAVE BEEN SOMEWHERE ROUND SIX O'CLOCK,8fefb163aea8ad00301fc7ed71facd870b30fbbf2889c878a8893d221391ae7f
wav2vec2_large_lv60,suta,145,stage5ext_00583,0acf313028bfe2af57b429c11e66463848b29afaa619fcfb0eea753f8ba9c63862e2c106975c0e70bde12809fc2422731691839c34fe911de22051dd732876d2,Australian English,australia,We lit the lantern and walked over to his house.,WE LIT THE LANTERN AND WALKED OVER TO HIS HOUSE,8fefb163aea8ad00301fc7ed71facd870b30fbbf2889c878a8893d221391ae7f
wav2vec2_large_lv60,suta,145,stage5ext_00584,0acf313028bfe2af57b429c11e66463848b29afaa619fcfb0eea753f8ba9c63862e2c106975c0e70bde12809fc2422731691839c34fe911de22051dd732876d2,Australian English,australia,"If you start your emails with ""Greetings"" let me be the first to welcome you to Earth.",IF YOU START YOUR EMALES WITH GREETINGS LET ME BE THE FIRST TO WELCOME YOU TO EARTH,8fefb163aea8ad00301fc7ed71facd870b30fbbf2889c878a8893d221391ae7f
wav2vec2_large_lv60,suta,146,stage5ext_00585,0acf313028bfe2af57b429c11e66463848b29afaa619fcfb0eea753f8ba9c63862e2c106975c0e70bde12809fc2422731691839c34fe911de22051dd732876d2,Australian English,australia,Scattered groups of people were hurrying from the direction of Woking.,SCATTERED GROUPS OF PEOPLE WERE HURRYING FROM THE DIRECTION OF WORKING,679f715cd93677bccfe24374ae3e643c404be4722ecc8c75551f23923324ed9f
wav2vec2_large_lv60,suta,146,stage5ext_00586,771662210642ca9e2f17135f7a66db7f250f7f7bc6d9b3e3475b19d375389bcf6d1979c9a58a21cc866543ad80ab0e9641158290b7f6a9e1d0aad1635c730ab4,Australian English,australia,"Wakehurst asked the Treasurer, Alexander Mair, to form a government.",WAKHURST ASK THE TREASURER ALEXANDER MAYR TO FORM A GOVERNMENT,679f715cd93677bccfe24374ae3e643c404be4722ecc8c75551f23923324ed9f
wav2vec2_large_lv60,suta,146,stage5ext_00587,771662210642ca9e2f17135f7a66db7f250f7f7bc6d9b3e3475b19d375389bcf6d1979c9a58a21cc866543ad80ab0e9641158290b7f6a9e1d0aad1635c730ab4,Australian English,australia,"Translated, it means ""revolving hands"", ""rotating palms"", or ""turning palms.",TRANSLATED IT MEANS REVOLVING HANDS ROTATING PALMS OR TURNING PALMS,679f715cd93677bccfe24374ae3e643c404be4722ecc8c75551f23923324ed9f
wav2vec2_large_lv60,suta,146,stage5ext_00588,771662210642ca9e2f17135f7a66db7f250f7f7bc6d9b3e3475b19d375389bcf6d1979c9a58a21cc866543ad80ab0e9641158290b7f6a9e1d0aad1635c730ab4,Australian English,australia,It still has a working blacksmith's shop.,IT STILL HAS A WORKING BLACKSMITH'S SHOP,679f715cd93677bccfe24374ae3e643c404be4722ecc8c75551f23923324ed9f
wav2vec2_large_lv60,suta,147,stage5ext_00589,771662210642ca9e2f17135f7a66db7f250f7f7bc6d9b3e3475b19d375389bcf6d1979c9a58a21cc866543ad80ab0e9641158290b7f6a9e1d0aad1635c730ab4,Australian English,australia,"A right-handed batsman, Carlton Baugh Snr.",RIGHT HANDED BATSMAN CARLTON BORE SENIOR,6d4717eac416a1aae269269c66afc53783bb4b96487486d0b52935982c382f02
wav2vec2_large_lv60,suta,147,stage5ext_00590,771662210642ca9e2f17135f7a66db7f250f7f7bc6d9b3e3475b19d375389bcf6d1979c9a58a21cc866543ad80ab0e9641158290b7f6a9e1d0aad1635c730ab4,Australian English,australia,I couldn't see the linebackers.,I COULDN'T SEE THE LINE BECKERS,6d4717eac416a1aae269269c66afc53783bb4b96487486d0b52935982c382f02
wav2vec2_large_lv60,suta,147,stage5ext_00591,771662210642ca9e2f17135f7a66db7f250f7f7bc6d9b3e3475b19d375389bcf6d1979c9a58a21cc866543ad80ab0e9641158290b7f6a9e1d0aad1635c730ab4,Australian English,australia,Foreign titles may be utilized as a foundation for recognition of professional licensing.,FOREIGN TITLES MAY BE UTILIZED AS A FOUNDATION FOR RECOGNITION OF PROFESSIONAL LICENSING,6d4717eac416a1aae269269c66afc53783bb4b96487486d0b52935982c382f02
wav2vec2_large_lv60,suta,147,stage5ext_00592,771662210642ca9e2f17135f7a66db7f250f7f7bc6d9b3e3475b19d375389bcf6d1979c9a58a21cc866543ad80ab0e9641158290b7f6a9e1d0aad1635c730ab4,Australian English,australia,"For information on winning strategy, see ""The Schnapsen Log"" and ""Winning Schnapsen"".",FOR INFORMATION ON WINNING STRATEGY SEE THE SHNAPSEN LOG AND WINNING SHNAPSEN,6d4717eac416a1aae269269c66afc53783bb4b96487486d0b52935982c382f02
wav2vec2_large_lv60,suta,148,stage5ext_00593,771662210642ca9e2f17135f7a66db7f250f7f7bc6d9b3e3475b19d375389bcf6d1979c9a58a21cc866543ad80ab0e9641158290b7f6a9e1d0aad1635c730ab4,Australian English,australia,The Argentinian government settled the dispute diplomatically with Israel.,THE ARGENTINIAN GOVERNMENT SETTLED THE DISPUTE DIPLOMATICALLY WITH ISRAEL,2461369c1db6946945519ce939be8a92128e1738a82d7f574f922bec9c1bac00
wav2vec2_large_lv60,suta,148,stage5ext_00594,771662210642ca9e2f17135f7a66db7f250f7f7bc6d9b3e3475b19d375389bcf6d1979c9a58a21cc866543ad80ab0e9641158290b7f6a9e1d0aad1635c730ab4,Australian English,australia,So he decides to put another dog to sleep.,SO HE DECIDES TO PUT ANOTHER DOG TO SLEEP,2461369c1db6946945519ce939be8a92128e1738a82d7f574f922bec9c1bac00
wav2vec2_large_lv60,suta,148,stage5ext_00595,771662210642ca9e2f17135f7a66db7f250f7f7bc6d9b3e3475b19d375389bcf6d1979c9a58a21cc866543ad80ab0e9641158290b7f6a9e1d0aad1635c730ab4,Australian English,australia,"Since that time, the pavilion has been used for seasonal special events.",SINCE THAT TIME THE PAVILION HAS BEEN USED FOR SEASONAL SPECIAL EVENTS,2461369c1db6946945519ce939be8a92128e1738a82d7f574f922bec9c1bac00
wav2vec2_large_lv60,suta,148,stage5ext_00596,771662210642ca9e2f17135f7a66db7f250f7f7bc6d9b3e3475b19d375389bcf6d1979c9a58a21cc866543ad80ab0e9641158290b7f6a9e1d0aad1635c730ab4,Australian English,australia,"Zaxxon spawned an arcade sequel: ""Super Zaxxon"".",ZEXEN SPORNED AN ARCADE SEQUEL SUPER ZAXON,2461369c1db6946945519ce939be8a92128e1738a82d7f574f922bec9c1bac00
wav2vec2_large_lv60,suta,149,stage5ext_00597,771662210642ca9e2f17135f7a66db7f250f7f7bc6d9b3e3475b19d375389bcf6d1979c9a58a21cc866543ad80ab0e9641158290b7f6a9e1d0aad1635c730ab4,Australian English,australia,"He was a reserve officer, nervous, energetic, and enthusiastic.",HE WAS A RESERVE OFFICER NERVOUS ENERGETIC AND ENTHUSIASTIC,1c02306f2106631eb69073ad3abad947292d008250e98f5943bc883a7c38559e
wav2vec2_large_lv60,suta,149,stage5ext_00598,771662210642ca9e2f17135f7a66db7f250f7f7bc6d9b3e3475b19d375389bcf6d1979c9a58a21cc866543ad80ab0e9641158290b7f6a9e1d0aad1635c730ab4,Australian English,australia,"Welaras are used mainly in English riding, especially in hunter classes.",BILLARAS ARE USED MAINLY IN ENGLISH WRITING ESPECIALLY IN HUNTER CLASSES,1c02306f2106631eb69073ad3abad947292d008250e98f5943bc883a7c38559e
wav2vec2_large_lv60,suta,149,stage5ext_00599,771662210642ca9e2f17135f7a66db7f250f7f7bc6d9b3e3475b19d375389bcf6d1979c9a58a21cc866543ad80ab0e9641158290b7f6a9e1d0aad1635c730ab4,Australian English,australia,Tirumala will be flooded with devotes to witness this occasion.,TIRUMULLA WILL BE FLOODED WITH DEVOTEES TO WITNESS THIS OCCASION,1c02306f2106631eb69073ad3abad947292d008250e98f5943bc883a7c38559e
wav2vec2_large_lv60,suta,149,stage5ext_00600,771662210642ca9e2f17135f7a66db7f250f7f7bc6d9b3e3475b19d375389bcf6d1979c9a58a21cc866543ad80ab0e9641158290b7f6a9e1d0aad1635c730ab4,Australian English,australia,"He has also advised political organisations of various stripes, colours and nationalities.",HE HAS ALSO ADVISED POLITICAL ORGANIZATIONS OF VARIOUS STRIPES COLORS AND NATIONALITIES,1c02306f2106631eb69073ad3abad947292d008250e98f5943bc883a7c38559e
wav2vec2_large_lv60,suta,150,stage5ext_00601,3dadaf13c9f244c187466942367d1da68cf1ba3fd4c5a5b27614964bc19565e566d5daea151b505599991d84b7d5faf8db2afc26f992b1bb7b99004b1f5b36f7,Canadian English,canada,"Its main base was Moorabbin Airport, Melbourne.",ITS MAIN BASE WAS MURABIN AIRPORT MELBORN,724fdbccfa158f38b20d1697e541bb2e0bbb7ec1e663be4904a444ca68a18af8
wav2vec2_large_lv60,suta,150,stage5ext_00602,3dadaf13c9f244c187466942367d1da68cf1ba3fd4c5a5b27614964bc19565e566d5daea151b505599991d84b7d5faf8db2afc26f992b1bb7b99004b1f5b36f7,Canadian English,canada,"Pioneer Memorial Park in Norton Saint, Leichhardt, has gardens and paths for passive recreation.",PIONEER MEMORIAL PARK IN NORDEN SAINT LECHHARDS HAS GARDENS AND PATHS FOR PASSIVE RECREATION,724fdbccfa158f38b20d1697e541bb2e0bbb7ec1e663be4904a444ca68a18af8
wav2vec2_large_lv60,suta,150,stage5ext_00603,3dadaf13c9f244c187466942367d1da68cf1ba3fd4c5a5b27614964bc19565e566d5daea151b505599991d84b7d5faf8db2afc26f992b1bb7b99004b1f5b36f7,Canadian English,canada,"Later, the costs for the scholarship ballooned substantially.",LATER THE COST FOR THE SCHOLARSHIP BALLOONED SUBSTANTIALLY,724fdbccfa158f38b20d1697e541bb2e0bbb7ec1e663be4904a444ca68a18af8
wav2vec2_large_lv60,suta,150,stage5ext_00604,3dadaf13c9f244c187466942367d1da68cf1ba3fd4c5a5b27614964bc19565e566d5daea151b505599991d84b7d5faf8db2afc26f992b1bb7b99004b1f5b36f7,Canadian English,canada,"However, fourths become important later in the opera, especially in the melodic development.",HOWEVER FORCE BECOME IMPORTANT LATER IN THE OPERA ESPECIALLY IN THE MELODIC DEVELOPMENT,724fdbccfa158f38b20d1697e541bb2e0bbb7ec1e663be4904a444ca68a18af8
wav2vec2_large_lv60,suta,151,stage5ext_00605,3dadaf13c9f244c187466942367d1da68cf1ba3fd4c5a5b27614964bc19565e566d5daea151b505599991d84b7d5faf8db2afc26f992b1bb7b99004b1f5b36f7,Canadian English,canada,"If one server fails, client connections can be re-directed to another server.",IF ONE SERVER FAILS CLIENT CONNECIONS CAN BE REDIRECTED TO ANOTHER SERVER,bf0bb6a0e4a4abcd1a058c948b4074cb215a48ba3f02422992ccf435ae2577d4
wav2vec2_large_lv60,suta,151,stage5ext_00606,3dadaf13c9f244c187466942367d1da68cf1ba3fd4c5a5b27614964bc19565e566d5daea151b505599991d84b7d5faf8db2afc26f992b1bb7b99004b1f5b36f7,Canadian English,canada,Kailash taken by Martin Gray.,CALOSH TAKEN BY MARTIN GREY,bf0bb6a0e4a4abcd1a058c948b4074cb215a48ba3f02422992ccf435ae2577d4
wav2vec2_large_lv60,suta,151,stage5ext_00607,3dadaf13c9f244c187466942367d1da68cf1ba3fd4c5a5b27614964bc19565e566d5daea151b505599991d84b7d5faf8db2afc26f992b1bb7b99004b1f5b36f7,Canadian English,canada,"Geographically, it is situated in the central-most region of the state.",GEOGRAPHICALLY IT IS SITUATED IN THE CENTRALMOST REGION OF THE STATE,bf0bb6a0e4a4abcd1a058c948b4074cb215a48ba3f02422992ccf435ae2577d4
wav2vec2_large_lv60,suta,151,stage5ext_00608,3dadaf13c9f244c187466942367d1da68cf1ba3fd4c5a5b27614964bc19565e566d5daea151b505599991d84b7d5faf8db2afc26f992b1bb7b99004b1f5b36f7,Canadian English,canada,"The meaning of Pinjar is unknown, but could be ""tadpole"" or ""swampy lake"".",THE MEANING OF PINJAR IS UNKNOWN BUT COULD BE TADPOOL OR SWAMPY LAKE,bf0bb6a0e4a4abcd1a058c948b4074cb215a48ba3f02422992ccf435ae2577d4
wav2vec2_large_lv60,suta,152,stage5ext_00609,3dadaf13c9f244c187466942367d1da68cf1ba3fd4c5a5b27614964bc19565e566d5daea151b505599991d84b7d5faf8db2afc26f992b1bb7b99004b1f5b36f7,Canadian English,canada,There are also regular buses connecting from Mozarts Plads to the city centre.,THERE ARE ALSO REGULAR BUSSES CONNECTING FROM BOSARTS PLADS TO THE CITY CENTR,c7e81f150930bc35c7f2a6f96e383ce0ec33400ac909d14bebbd39f09d93458d
wav2vec2_large_lv60,suta,152,stage5ext_00610,3dadaf13c9f244c187466942367d1da68cf1ba3fd4c5a5b27614964bc19565e566d5daea151b505599991d84b7d5faf8db2afc26f992b1bb7b99004b1f5b36f7,Canadian English,canada,Protein methylation has been most studied in the histones.,PROTINE METHELATION HAS BEEN MOST STUDIED IN THE HISTONES,c7e81f150930bc35c7f2a6f96e383ce0ec33400ac909d14bebbd39f09d93458d
wav2vec2_large_lv60,suta,152,stage5ext_00611,3dadaf13c9f244c187466942367d1da68cf1ba3fd4c5a5b27614964bc19565e566d5daea151b505599991d84b7d5faf8db2afc26f992b1bb7b99004b1f5b36f7,Canadian English,canada,"The spacewalkers received assistance from their crewmates inside ""Columbia"".",THESE SPACE WALKERS RECEIVE ASSISTANCE FROM THEIR TURMATES INSIDE COLUMBIA,c7e81f150930bc35c7f2a6f96e383ce0ec33400ac909d14bebbd39f09d93458d
wav2vec2_large_lv60,suta,152,stage5ext_00612,3dadaf13c9f244c187466942367d1da68cf1ba3fd4c5a5b27614964bc19565e566d5daea151b505599991d84b7d5faf8db2afc26f992b1bb7b99004b1f5b36f7,Canadian English,canada,Early units were re-built several times by the end of the war.,EARLY UNITS WERE REBUILT SEVERAL TIMES BY THE END OF THE WAR,c7e81f150930bc35c7f2a6f96e383ce0ec33400ac909d14bebbd39f09d93458d
wav2vec2_large_lv60,suta,153,stage5ext_00613,3dadaf13c9f244c187466942367d1da68cf1ba3fd4c5a5b27614964bc19565e566d5daea151b505599991d84b7d5faf8db2afc26f992b1bb7b99004b1f5b36f7,Canadian English,canada,They are two-stroke cycle and generally carbureted.,THEY ARE TWO STROKE CYCLES AND GENERALLY CARBOO RATED,a3207134ea9eff20d7efae8af46c2668fca8679f29d711ea606b754a02669437
wav2vec2_large_lv60,suta,153,stage5ext_00614,3dadaf13c9f244c187466942367d1da68cf1ba3fd4c5a5b27614964bc19565e566d5daea151b505599991d84b7d5faf8db2afc26f992b1bb7b99004b1f5b36f7,Canadian English,canada,Murphy's clean-living habits off the diamond were frequently noted in the media.,MURPHY'S CLEAN LIVING HABITS OFF THE DIAMOND WERE FREQUENTLY NOTED IN THE MEDIA,a3207134ea9eff20d7efae8af46c2668fca8679f29d711ea606b754a02669437
wav2vec2_large_lv60,suta,153,stage5ext_00615,3dadaf13c9f244c187466942367d1da68cf1ba3fd4c5a5b27614964bc19565e566d5daea151b505599991d84b7d5faf8db2afc26f992b1bb7b99004b1f5b36f7,Canadian English,canada,Sometimes even his authorship has been challenged on the grounds of weak poetic imagination.,SOMETIMES EVEN HIS AUTHORISHIP HAS BEEN CHALLENGED ON THE GROUNDS OF WEAK POETIC IMAGINATION,a3207134ea9eff20d7efae8af46c2668fca8679f29d711ea606b754a02669437
wav2vec2_large_lv60,suta,153,stage5ext_00616,7f88fdb59ecec75df8d06d03bc7fc4361b1824c772236491ccd731fb10f14e3cf7b550aaf16a4ef48e695b440eb33ebadf6f080d1c562a2d32c0a2a52bfae9e2,Canadian English,canada,"The dead soldiers were replaced by others, and life went on.",THE DEAD SOLDIERS WERE REPLACED BY OTHERS AND LIFE WENT ON,a3207134ea9eff20d7efae8af46c2668fca8679f29d711ea606b754a02669437
wav2vec2_large_lv60,suta,154,stage5ext_00617,7f88fdb59ecec75df8d06d03bc7fc4361b1824c772236491ccd731fb10f14e3cf7b550aaf16a4ef48e695b440eb33ebadf6f080d1c562a2d32c0a2a52bfae9e2,Canadian English,canada,His Internet connection was too slow.,HIS INTERNET CONNECTION WAS TOO SLOW,97f714f2ad3c8a346036d6aede98e5205e367638f2fcc7405e8dee6b6707ddb6
wav2vec2_large_lv60,suta,154,stage5ext_00618,7f88fdb59ecec75df8d06d03bc7fc4361b1824c772236491ccd731fb10f14e3cf7b550aaf16a4ef48e695b440eb33ebadf6f080d1c562a2d32c0a2a52bfae9e2,Canadian English,canada,"Listen and listen to me very closely, we call them lifts, not elevators.",LISTEN AND LISTEN TO ME VERY CLOSELY WE CALL THEM LIFTS NOT ELEVATORS,97f714f2ad3c8a346036d6aede98e5205e367638f2fcc7405e8dee6b6707ddb6
wav2vec2_large_lv60,suta,154,stage5ext_00619,7f88fdb59ecec75df8d06d03bc7fc4361b1824c772236491ccd731fb10f14e3cf7b550aaf16a4ef48e695b440eb33ebadf6f080d1c562a2d32c0a2a52bfae9e2,Canadian English,canada,"If you want to contradict what I just said, you will have to provide footnotes.",IF YOU WANT TO CONTRADICT WHAT I JUST SAID YOU WILL HAVE TO PROVIDE FOOTNOTES,97f714f2ad3c8a346036d6aede98e5205e367638f2fcc7405e8dee6b6707ddb6
wav2vec2_large_lv60,suta,154,stage5ext_00620,7f88fdb59ecec75df8d06d03bc7fc4361b1824c772236491ccd731fb10f14e3cf7b550aaf16a4ef48e695b440eb33ebadf6f080d1c562a2d32c0a2a52bfae9e2,Canadian English,canada,Backface culling is a common trick to accelerate Three-D rendering.,BACK FACE COLLING IS A COMMON TRICK TO ACCELERATE THREE D RENDERING,97f714f2ad3c8a346036d6aede98e5205e367638f2fcc7405e8dee6b6707ddb6
wav2vec2_large_lv60,suta,155,stage5ext_00621,7f88fdb59ecec75df8d06d03bc7fc4361b1824c772236491ccd731fb10f14e3cf7b550aaf16a4ef48e695b440eb33ebadf6f080d1c562a2d32c0a2a52bfae9e2,Canadian English,canada,Fatima was more important than his treasure.,FATAMA WAS MORE IMPORTANT THAN HIS TREASURE,09e739f00c899fc051fb4ed363b4e2647d4be8655ba6766e5c5ffe69a4dbdc10
wav2vec2_large_lv60,suta,155,stage5ext_00622,7f88fdb59ecec75df8d06d03bc7fc4361b1824c772236491ccd731fb10f14e3cf7b550aaf16a4ef48e695b440eb33ebadf6f080d1c562a2d32c0a2a52bfae9e2,Canadian English,canada,But it was not to be.,BUT IT WAS NOT TO BE,09e739f00c899fc051fb4ed363b4e2647d4be8655ba6766e5c5ffe69a4dbdc10
wav2vec2_large_lv60,suta,155,stage5ext_00623,7f88fdb59ecec75df8d06d03bc7fc4361b1824c772236491ccd731fb10f14e3cf7b550aaf16a4ef48e695b440eb33ebadf6f080d1c562a2d32c0a2a52bfae9e2,Canadian English,canada,Display a list of escape characters.,DISPLAY A LIST OF ESCAPE CHARACTERS,09e739f00c899fc051fb4ed363b4e2647d4be8655ba6766e5c5ffe69a4dbdc10
wav2vec2_large_lv60,suta,155,stage5ext_00624,7f88fdb59ecec75df8d06d03bc7fc4361b1824c772236491ccd731fb10f14e3cf7b550aaf16a4ef48e695b440eb33ebadf6f080d1c562a2d32c0a2a52bfae9e2,Canadian English,canada,The Englishman had several suitcases filled with books.,THE ENGLISHMAN HAD SEVERAL SUITCASES FILLED WITH BOOKS,09e739f00c899fc051fb4ed363b4e2647d4be8655ba6766e5c5ffe69a4dbdc10
wav2vec2_large_lv60,suta,156,stage5ext_00625,7f88fdb59ecec75df8d06d03bc7fc4361b1824c772236491ccd731fb10f14e3cf7b550aaf16a4ef48e695b440eb33ebadf6f080d1c562a2d32c0a2a52bfae9e2,Canadian English,canada,He just got a new kite for his birthday.,HE JUST GOT A NEW KITE FOR HIS BIRTHDAY,3497461f786907d06396a00eed1a51905fbc1222f54d155c7f88c6f74b4d559d
wav2vec2_large_lv60,suta,156,stage5ext_00626,7f88fdb59ecec75df8d06d03bc7fc4361b1824c772236491ccd731fb10f14e3cf7b550aaf16a4ef48e695b440eb33ebadf6f080d1c562a2d32c0a2a52bfae9e2,Canadian English,canada,"Well, it's a long list.",WELL IT'S A LONG LIST,3497461f786907d06396a00eed1a51905fbc1222f54d155c7f88c6f74b4d559d
wav2vec2_large_lv60,suta,156,stage5ext_00627,7f88fdb59ecec75df8d06d03bc7fc4361b1824c772236491ccd731fb10f14e3cf7b550aaf16a4ef48e695b440eb33ebadf6f080d1c562a2d32c0a2a52bfae9e2,Canadian English,canada,"One day, the earth began to tremble, and the Nile overflowed its banks.",ONE DAY THE EARTH BEGAN TO TREMBLE AND THE NILE OVERFLOWED ITS BANKS,3497461f786907d06396a00eed1a51905fbc1222f54d155c7f88c6f74b4d559d
wav2vec2_large_lv60,suta,156,stage5ext_00628,7f88fdb59ecec75df8d06d03bc7fc4361b1824c772236491ccd731fb10f14e3cf7b550aaf16a4ef48e695b440eb33ebadf6f080d1c562a2d32c0a2a52bfae9e2,Canadian English,canada,"The waitress was carrying an impressive amount of dinnerware, but then an earthquake occurred and she dropped it all.",THE WAITRESS WAS CARRYING AN IMPRESSIVE AMOUNT OF DINNER WARE BUT THEN AN EARTHQUAKE OCCURRED AND SHE DROPPED TIT ALL,3497461f786907d06396a00eed1a51905fbc1222f54d155c7f88c6f74b4d559d
wav2vec2_large_lv60,suta,157,stage5ext_00629,7f88fdb59ecec75df8d06d03bc7fc4361b1824c772236491ccd731fb10f14e3cf7b550aaf16a4ef48e695b440eb33ebadf6f080d1c562a2d32c0a2a52bfae9e2,Canadian English,canada,Johnny Depp is reprising his role for the third time in the new film.,JOHNNY DEP IS REPRISING HIS ROL FOR THE THIRD TIME IN THE NEW FILM,54858b93798876f44598fe3dcb7ae1087709e05e91316383433c4cb25b9fde32
wav2vec2_large_lv60,suta,157,stage5ext_00630,7f88fdb59ecec75df8d06d03bc7fc4361b1824c772236491ccd731fb10f14e3cf7b550aaf16a4ef48e695b440eb33ebadf6f080d1c562a2d32c0a2a52bfae9e2,Canadian English,canada,The insurance policy will expire in twenty-twenty.,THE INSURANCE POLICY WILL EXPIRE IN TWENTY TWENTY,54858b93798876f44598fe3dcb7ae1087709e05e91316383433c4cb25b9fde32
wav2vec2_large_lv60,suta,157,stage5ext_00631,c351c258fb7f6fd98e2b6dccc6dcbad5257965c8aceac0c60ba5b390d3e326847e121870153e0c8b87504d77c2d7baab09aef2d54ecdf46d1134d28a49792650,Canadian English,canada,Who says I'm looking for a job?,WHO SAYS IM LOOKING FOR A JOB,54858b93798876f44598fe3dcb7ae1087709e05e91316383433c4cb25b9fde32
wav2vec2_large_lv60,suta,157,stage5ext_00632,c351c258fb7f6fd98e2b6dccc6dcbad5257965c8aceac0c60ba5b390d3e326847e121870153e0c8b87504d77c2d7baab09aef2d54ecdf46d1134d28a49792650,Canadian English,canada,She apparently didn't listen.,SHE APPARENTLY DIDN'T LISTEN,54858b93798876f44598fe3dcb7ae1087709e05e91316383433c4cb25b9fde32
wav2vec2_large_lv60,suta,158,stage5ext_00633,c351c258fb7f6fd98e2b6dccc6dcbad5257965c8aceac0c60ba5b390d3e326847e121870153e0c8b87504d77c2d7baab09aef2d54ecdf46d1134d28a49792650,Canadian English,canada,Do you know him?,DO YOU KNOW HIM,c24ccf87c2303bd10fb7d2d11169a621af59101e7e116193696ccadb40e8bdca
wav2vec2_large_lv60,suta,158,stage5ext_00634,c351c258fb7f6fd98e2b6dccc6dcbad5257965c8aceac0c60ba5b390d3e326847e121870153e0c8b87504d77c2d7baab09aef2d54ecdf46d1134d28a49792650,Canadian English,canada,That's what I mean.,THAT'S WHAT I MEAN,c24ccf87c2303bd10fb7d2d11169a621af59101e7e116193696ccadb40e8bdca
wav2vec2_large_lv60,suta,158,stage5ext_00635,c351c258fb7f6fd98e2b6dccc6dcbad5257965c8aceac0c60ba5b390d3e326847e121870153e0c8b87504d77c2d7baab09aef2d54ecdf46d1134d28a49792650,Canadian English,canada,The rectangle was parallel to the square.,THE RECTANGLE WAS PARALLEL TO THE SQUARE,c24ccf87c2303bd10fb7d2d11169a621af59101e7e116193696ccadb40e8bdca
wav2vec2_large_lv60,suta,158,stage5ext_00636,c351c258fb7f6fd98e2b6dccc6dcbad5257965c8aceac0c60ba5b390d3e326847e121870153e0c8b87504d77c2d7baab09aef2d54ecdf46d1134d28a49792650,Canadian English,canada,I wonder what's eating that old money grubbing buzzard anyway?,I WONDER WHAT'S EATING THAT OLD MONEY GRUBBING BUZZARD ANYWAY,c24ccf87c2303bd10fb7d2d11169a621af59101e7e116193696ccadb40e8bdca
wav2vec2_large_lv60,suta,159,stage5ext_00637,c351c258fb7f6fd98e2b6dccc6dcbad5257965c8aceac0c60ba5b390d3e326847e121870153e0c8b87504d77c2d7baab09aef2d54ecdf46d1134d28a49792650,Canadian English,canada,She's a wonderful person.,SHE IS A WONDERFUL PERSON,79d7cd9c272437cdaae213c7162e6fbd9ff56e178d14ed09319784c43819cc04
wav2vec2_large_lv60,suta,159,stage5ext_00638,c351c258fb7f6fd98e2b6dccc6dcbad5257965c8aceac0c60ba5b390d3e326847e121870153e0c8b87504d77c2d7baab09aef2d54ecdf46d1134d28a49792650,Canadian English,canada,"It was not clear who had the right of way, since the traffic lights were off.",IT WAS NOT CLEAR WHO HAD THE RIGHT OF WAY SINCE THE TRAFFIC LIGHTS WERE OFF,79d7cd9c272437cdaae213c7162e6fbd9ff56e178d14ed09319784c43819cc04
wav2vec2_large_lv60,suta,159,stage5ext_00639,c351c258fb7f6fd98e2b6dccc6dcbad5257965c8aceac0c60ba5b390d3e326847e121870153e0c8b87504d77c2d7baab09aef2d54ecdf46d1134d28a49792650,Canadian English,canada,Your government is counting on you.,YOUR GOVERNMENT IS COUNTING ON YOU,79d7cd9c272437cdaae213c7162e6fbd9ff56e178d14ed09319784c43819cc04
wav2vec2_large_lv60,suta,159,stage5ext_00640,c351c258fb7f6fd98e2b6dccc6dcbad5257965c8aceac0c60ba5b390d3e326847e121870153e0c8b87504d77c2d7baab09aef2d54ecdf46d1134d28a49792650,Canadian English,canada,Mollie did give her some kind of story.,MOLLY DID GIVE HER SOME KIND OF STORY,79d7cd9c272437cdaae213c7162e6fbd9ff56e178d14ed09319784c43819cc04
wav2vec2_large_lv60,suta,160,stage5ext_00641,c351c258fb7f6fd98e2b6dccc6dcbad5257965c8aceac0c60ba5b390d3e326847e121870153e0c8b87504d77c2d7baab09aef2d54ecdf46d1134d28a49792650,Canadian English,canada,Fresh coffee is much better than the freeze dried stuff.,FRESH COFFEE IS MUCH BETTER THAN THE FREEZE DRIED STUFF,2a0b242ce4680c4ff894ea7d7af5e384a5940a0865d20e2319179e068cd6557f
wav2vec2_large_lv60,suta,160,stage5ext_00642,c351c258fb7f6fd98e2b6dccc6dcbad5257965c8aceac0c60ba5b390d3e326847e121870153e0c8b87504d77c2d7baab09aef2d54ecdf46d1134d28a49792650,Canadian English,canada,Sandra read aloud the strange excerpt.,SANDRA READ ALOUD THE STRANGE EXERPT,2a0b242ce4680c4ff894ea7d7af5e384a5940a0865d20e2319179e068cd6557f
wav2vec2_large_lv60,suta,160,stage5ext_00643,c351c258fb7f6fd98e2b6dccc6dcbad5257965c8aceac0c60ba5b390d3e326847e121870153e0c8b87504d77c2d7baab09aef2d54ecdf46d1134d28a49792650,Canadian English,canada,Denise hoovered the rug.,DENICE HOOVERED THE RUG,2a0b242ce4680c4ff894ea7d7af5e384a5940a0865d20e2319179e068cd6557f
wav2vec2_large_lv60,suta,160,stage5ext_00644,c351c258fb7f6fd98e2b6dccc6dcbad5257965c8aceac0c60ba5b390d3e326847e121870153e0c8b87504d77c2d7baab09aef2d54ecdf46d1134d28a49792650,Canadian English,canada,He fondled his bright orange beard.,HE FONDLED HIS BRIGHT ORANGE BEARD,2a0b242ce4680c4ff894ea7d7af5e384a5940a0865d20e2319179e068cd6557f
wav2vec2_large_lv60,suta,161,stage5ext_00645,c351c258fb7f6fd98e2b6dccc6dcbad5257965c8aceac0c60ba5b390d3e326847e121870153e0c8b87504d77c2d7baab09aef2d54ecdf46d1134d28a49792650,Canadian English,canada,I knew you'd wake up sooner or later!,I KNEW YOU'D WAKE UP SOONER OR LATER,7b2aa950227788fc031994b467dedea35d2ab2694a5d1bcae883de978e28dd0c
wav2vec2_large_lv60,suta,161,stage5ext_00646,760d3165d3a07ad90ef4a2b9248bbf4ad9fb43b3d7a518ee594214a8cddc34fa81c1608244500a4e6c4c7a43bcc7aa747d4aaf12ec5ef17ace5bbaaded5a7c73,Canadian English,canada,"Washington Township was named for George Washington, first president of the United States.",WASHINGTON TOWNSHIP WAS NAMED FOR GEORGE WASHINGTON FIRST PRESIDENT OF THE UNITED STATES,7b2aa950227788fc031994b467dedea35d2ab2694a5d1bcae883de978e28dd0c
wav2vec2_large_lv60,suta,161,stage5ext_00647,760d3165d3a07ad90ef4a2b9248bbf4ad9fb43b3d7a518ee594214a8cddc34fa81c1608244500a4e6c4c7a43bcc7aa747d4aaf12ec5ef17ace5bbaaded5a7c73,Canadian English,canada,Mount Berry was named after Berry College founder Martha Berry.,MALBURY WAS NAMED AFTER BURRY COLLEGE FOUNDER MARTHA BARRY,7b2aa950227788fc031994b467dedea35d2ab2694a5d1bcae883de978e28dd0c
wav2vec2_large_lv60,suta,161,stage5ext_00648,760d3165d3a07ad90ef4a2b9248bbf4ad9fb43b3d7a518ee594214a8cddc34fa81c1608244500a4e6c4c7a43bcc7aa747d4aaf12ec5ef17ace5bbaaded5a7c73,Canadian English,canada,The boys and girls winners go to Birmingham for the Final Four tournament.,THE BOYS AND GIRLS WINNERS GO TO BIRMINGHAM FOR THE FINAL FOR TOURNAMENT,7b2aa950227788fc031994b467dedea35d2ab2694a5d1bcae883de978e28dd0c
wav2vec2_large_lv60,suta,162,stage5ext_00649,760d3165d3a07ad90ef4a2b9248bbf4ad9fb43b3d7a518ee594214a8cddc34fa81c1608244500a4e6c4c7a43bcc7aa747d4aaf12ec5ef17ace5bbaaded5a7c73,Canadian English,canada,"In the central business district, the main activities include welding, carpentry and masonry.",IN THE CENTRAL BUSINESS DISTRICT THE MAIN ACTIVITIES INCLUDE WELDING CARPENTRY AND MASONRY,dd86c0b819ecf12862f34c5a2840cf04712e4d1716e706f2d997c971ff637830
wav2vec2_large_lv60,suta,162,stage5ext_00650,760d3165d3a07ad90ef4a2b9248bbf4ad9fb43b3d7a518ee594214a8cddc34fa81c1608244500a4e6c4c7a43bcc7aa747d4aaf12ec5ef17ace5bbaaded5a7c73,Canadian English,canada,Drivers pass by Engineer Mountain and Twilight Peak before crossing Coal Bank Pass.,DRIVERS PASS BY ENGINEER MOUNTAIN AN TWILIGHT PEAK BEFORE CROSSING COAL BANK PASS,dd86c0b819ecf12862f34c5a2840cf04712e4d1716e706f2d997c971ff637830
wav2vec2_large_lv60,suta,162,stage5ext_00651,760d3165d3a07ad90ef4a2b9248bbf4ad9fb43b3d7a518ee594214a8cddc34fa81c1608244500a4e6c4c7a43bcc7aa747d4aaf12ec5ef17ace5bbaaded5a7c73,Canadian English,canada,The scope may provide direct visualization or may be attached to a video monitor.,THE SCOPE MAY PROVIDE DIRECT VISUALIZATION OR MAY BE ATTACHED TO A VIDIOMONITOR,dd86c0b819ecf12862f34c5a2840cf04712e4d1716e706f2d997c971ff637830
wav2vec2_large_lv60,suta,162,stage5ext_00652,760d3165d3a07ad90ef4a2b9248bbf4ad9fb43b3d7a518ee594214a8cddc34fa81c1608244500a4e6c4c7a43bcc7aa747d4aaf12ec5ef17ace5bbaaded5a7c73,Canadian English,canada,Other scholars refute these arguments-particularly since Josephus describes some Essenes as allowing marriage.,OTHER SCHOLARS REFUTE THESE ARGUMENTS PARTICULARLY SINCE JOSEPHUS PESCRIBES SOME ASSENS AS ALLOWING MARRIAGE,dd86c0b819ecf12862f34c5a2840cf04712e4d1716e706f2d997c971ff637830
wav2vec2_large_lv60,suta,163,stage5ext_00653,760d3165d3a07ad90ef4a2b9248bbf4ad9fb43b3d7a518ee594214a8cddc34fa81c1608244500a4e6c4c7a43bcc7aa747d4aaf12ec5ef17ace5bbaaded5a7c73,Canadian English,canada,"Violence occurs in childhood sexual abuse, date rape, intimate partner violence, and sexual harassment.",VIOLENCE OCCURS IN CHILDHOOD SEXUAL ABUSE DAT RAT INTIMATE PARTNER VIOLENCE AND SEXUAL HARASSMENT,ac07660f36db8f19ae13f7f8c20f216031c01686a4477169ca11cc74c8f8ac29
wav2vec2_large_lv60,suta,163,stage5ext_00654,760d3165d3a07ad90ef4a2b9248bbf4ad9fb43b3d7a518ee594214a8cddc34fa81c1608244500a4e6c4c7a43bcc7aa747d4aaf12ec5ef17ace5bbaaded5a7c73,Canadian English,canada,Baby later changed his stage name to Birdman after the duo was dissolved.,BABY LATER CHANGE HIS STAGE NAME TO BIRD MAN AFTER THE DUO WAS DISSOLVED,ac07660f36db8f19ae13f7f8c20f216031c01686a4477169ca11cc74c8f8ac29
wav2vec2_large_lv60,suta,163,stage5ext_00655,760d3165d3a07ad90ef4a2b9248bbf4ad9fb43b3d7a518ee594214a8cddc34fa81c1608244500a4e6c4c7a43bcc7aa747d4aaf12ec5ef17ace5bbaaded5a7c73,Canadian English,canada,Manufacturers of identification badges recognized a market and began advertising in periodicals.,MANUFACTURERS OF IDENTIFICATION BADGES RECOGNIZED A MARKET AND BEGAN ADVERTISING IN PERIODICALS,ac07660f36db8f19ae13f7f8c20f216031c01686a4477169ca11cc74c8f8ac29
wav2vec2_large_lv60,suta,163,stage5ext_00656,760d3165d3a07ad90ef4a2b9248bbf4ad9fb43b3d7a518ee594214a8cddc34fa81c1608244500a4e6c4c7a43bcc7aa747d4aaf12ec5ef17ace5bbaaded5a7c73,Canadian English,canada,Dozens of descriptions of Elizabeth on that day exist with slightly differing details.,DOZENS OF DESCRIPTIONS OF ELIZABETH ON THAT DAY EXIST WITH SLIGHTLY DEFERRING DETAILS,ac07660f36db8f19ae13f7f8c20f216031c01686a4477169ca11cc74c8f8ac29
wav2vec2_large_lv60,suta,164,stage5ext_00657,760d3165d3a07ad90ef4a2b9248bbf4ad9fb43b3d7a518ee594214a8cddc34fa81c1608244500a4e6c4c7a43bcc7aa747d4aaf12ec5ef17ace5bbaaded5a7c73,Canadian English,canada,However Victoria didn't develop any games.,HOWEVER VICTORIA DIDN'T DEVELOP ANY GAINS,5bb31e1a1755bb58479ba2155a2d7768a32ef194a2d9173e62af06af375c3906
wav2vec2_large_lv60,suta,164,stage5ext_00658,760d3165d3a07ad90ef4a2b9248bbf4ad9fb43b3d7a518ee594214a8cddc34fa81c1608244500a4e6c4c7a43bcc7aa747d4aaf12ec5ef17ace5bbaaded5a7c73,Canadian English,canada,"Following Dunkirk, ""Jackal"" returned to the routine of convoy escort and patrols.",FOLLOWING DUNKIRK JACKAL RETURNED TO THE ROUTINE OF CONVOY ESCORT AND PATROLS,5bb31e1a1755bb58479ba2155a2d7768a32ef194a2d9173e62af06af375c3906
wav2vec2_large_lv60,suta,164,stage5ext_00659,760d3165d3a07ad90ef4a2b9248bbf4ad9fb43b3d7a518ee594214a8cddc34fa81c1608244500a4e6c4c7a43bcc7aa747d4aaf12ec5ef17ace5bbaaded5a7c73,Canadian English,canada,O'Quinn held this role for all three seasons of the series.,OQUYN HELD THIS ROLL FOR ALL THREE SEASONS OF THE SERIES,5bb31e1a1755bb58479ba2155a2d7768a32ef194a2d9173e62af06af375c3906
wav2vec2_large_lv60,suta,164,stage5ext_00660,760d3165d3a07ad90ef4a2b9248bbf4ad9fb43b3d7a518ee594214a8cddc34fa81c1608244500a4e6c4c7a43bcc7aa747d4aaf12ec5ef17ace5bbaaded5a7c73,Canadian English,canada,Sartene wine is appreciated by wine connoisseurs for its good quality.,SATINE WINE IS APPRECIATED BY WINE CONNOISSEURS FOR ITS GOOD QUALITY,5bb31e1a1755bb58479ba2155a2d7768a32ef194a2d9173e62af06af375c3906
wav2vec2_large_lv60,suta,165,stage5ext_00661,591dc19ef324950dafd8ce359e9711f332297ea7ff75da4847f4653c4698cfb4a469db4e15b5ea6b6512eb8f51f1b066477920287c57ae1056528e11c1bd1976,Canadian English,canada,It was returned to Prussia at the end of the war.,IT WAS RETURNED TO PRUSSIA AT THE END OF THE WAR,c7ba1c17f583347471bd0851f4635024989b99ff882a4419582e0857484e077c
wav2vec2_large_lv60,suta,165,stage5ext_00662,591dc19ef324950dafd8ce359e9711f332297ea7ff75da4847f4653c4698cfb4a469db4e15b5ea6b6512eb8f51f1b066477920287c57ae1056528e11c1bd1976,Canadian English,canada,It is now named Longton Exchange.,IT IS NOW NAMED LONGTON EXCHANGE,c7ba1c17f583347471bd0851f4635024989b99ff882a4419582e0857484e077c
wav2vec2_large_lv60,suta,165,stage5ext_00663,591dc19ef324950dafd8ce359e9711f332297ea7ff75da4847f4653c4698cfb4a469db4e15b5ea6b6512eb8f51f1b066477920287c57ae1056528e11c1bd1976,Canadian English,canada,Eddie Antar was eventually charged with a series of crimes.,ETDE ONTAR WAS EVENTUALLY CHARGED WITH A SERIES OF CRIMES,c7ba1c17f583347471bd0851f4635024989b99ff882a4419582e0857484e077c
wav2vec2_large_lv60,suta,165,stage5ext_00664,591dc19ef324950dafd8ce359e9711f332297ea7ff75da4847f4653c4698cfb4a469db4e15b5ea6b6512eb8f51f1b066477920287c57ae1056528e11c1bd1976,Canadian English,canada,The monuments built by these Sultans were the first examples of Indo-Islamic Architecture.,THE MONUMENTS BUILT BY THESE SULTANS WERE THE FIRST EXAMPLES OF INDOISLAMIC ARCHITECTURE,c7ba1c17f583347471bd0851f4635024989b99ff882a4419582e0857484e077c
wav2vec2_large_lv60,suta,166,stage5ext_00665,591dc19ef324950dafd8ce359e9711f332297ea7ff75da4847f4653c4698cfb4a469db4e15b5ea6b6512eb8f51f1b066477920287c57ae1056528e11c1bd1976,Canadian English,canada,"She has two sisters, Laura Norris and Sarah McNeil, and a brother, Andrew McNeil.",SHE HAS TWO SISTERS LAURA NORRIS AND SARAH MCNEAL AND A BROTHER ANDREW MCNEAL,10272eaa588985613ff0e5cbe7de84943f059271336dad8cf6876a9c625fcbe7
wav2vec2_large_lv60,suta,166,stage5ext_00666,591dc19ef324950dafd8ce359e9711f332297ea7ff75da4847f4653c4698cfb4a469db4e15b5ea6b6512eb8f51f1b066477920287c57ae1056528e11c1bd1976,Canadian English,canada,"Earthquakes along the fault, and the associated earth movements, have formed the Southern Alps.",EARTHQUAKES ALONG THE FALT AND THE ASSOCIATED EARTH MOVEMENTS HAVE FORMED THE SOUTHERN ALPS,10272eaa588985613ff0e5cbe7de84943f059271336dad8cf6876a9c625fcbe7
wav2vec2_large_lv60,suta,166,stage5ext_00667,591dc19ef324950dafd8ce359e9711f332297ea7ff75da4847f4653c4698cfb4a469db4e15b5ea6b6512eb8f51f1b066477920287c57ae1056528e11c1bd1976,Canadian English,canada,Expression Encoder consists of two editions: A freeware edition and a commercial Pro edition.,EXPRESSION IN CODOR CONSIST OF TWO EDITIONS A FREEWARE EDITION AND A COMMERCIAL PROHIDITION,10272eaa588985613ff0e5cbe7de84943f059271336dad8cf6876a9c625fcbe7
wav2vec2_large_lv60,suta,166,stage5ext_00668,591dc19ef324950dafd8ce359e9711f332297ea7ff75da4847f4653c4698cfb4a469db4e15b5ea6b6512eb8f51f1b066477920287c57ae1056528e11c1bd1976,Canadian English,canada,The couple's working relationship became personal and resulted in marriage the following year.,THE COUPLES WORKING RELATIONSHIP BECAME PERSONAL AND RESULTED IN MARRIAGE THE FOLLOWING YEAR,10272eaa588985613ff0e5cbe7de84943f059271336dad8cf6876a9c625fcbe7
wav2vec2_large_lv60,suta,167,stage5ext_00669,591dc19ef324950dafd8ce359e9711f332297ea7ff75da4847f4653c4698cfb4a469db4e15b5ea6b6512eb8f51f1b066477920287c57ae1056528e11c1bd1976,Canadian English,canada,"Upon returning to the Mets, his career was reborn.",UPON RETURNING TO THE METS HIS CAREER WAS REBORN,bd4323791aa6f3fded70511579836a0fed732a223746a44b7d2111b5f39f164f
wav2vec2_large_lv60,suta,167,stage5ext_00670,591dc19ef324950dafd8ce359e9711f332297ea7ff75da4847f4653c4698cfb4a469db4e15b5ea6b6512eb8f51f1b066477920287c57ae1056528e11c1bd1976,Canadian English,canada,"She was in the award-winning musical ""Light in the Piazza"" on Broadway.",SHE WAS IN THE AWARD WINNING MUSICAL LIGHT IN THE PIAZA ON BROADWAY,bd4323791aa6f3fded70511579836a0fed732a223746a44b7d2111b5f39f164f
wav2vec2_large_lv60,suta,167,stage5ext_00671,591dc19ef324950dafd8ce359e9711f332297ea7ff75da4847f4653c4698cfb4a469db4e15b5ea6b6512eb8f51f1b066477920287c57ae1056528e11c1bd1976,Canadian English,canada,He then went on to a second career as a car racing driver.,HE THEN WENT ON TO A SECOND CAREER AS A CAR RACING DRIVER,bd4323791aa6f3fded70511579836a0fed732a223746a44b7d2111b5f39f164f
wav2vec2_large_lv60,suta,167,stage5ext_00672,591dc19ef324950dafd8ce359e9711f332297ea7ff75da4847f4653c4698cfb4a469db4e15b5ea6b6512eb8f51f1b066477920287c57ae1056528e11c1bd1976,Canadian English,canada,"For Mainz, Joseph Ludwig Colmar was soon appointed as bishop.",FOR MAINES JOSEPH LUDWIG COLMAR WAS SOON APPOINTED AS BISHOP,bd4323791aa6f3fded70511579836a0fed732a223746a44b7d2111b5f39f164f
wav2vec2_large_lv60,suta,168,stage5ext_00673,591dc19ef324950dafd8ce359e9711f332297ea7ff75da4847f4653c4698cfb4a469db4e15b5ea6b6512eb8f51f1b066477920287c57ae1056528e11c1bd1976,Canadian English,canada,"He has been nicknamed ""The Man of a Thousand Voices"".",HE HAS BEEN NICKNAMED THE MAN OF A THOUSAND VOICES,fbd49e91f5354d3421dce503f0ebaf822cba55bb6f76a6409fedb5167fa4cd7d
wav2vec2_large_lv60,suta,168,stage5ext_00674,591dc19ef324950dafd8ce359e9711f332297ea7ff75da4847f4653c4698cfb4a469db4e15b5ea6b6512eb8f51f1b066477920287c57ae1056528e11c1bd1976,Canadian English,canada,He then teamed up Martin Salkin and Milt Gabler of Decca Records.,HE THEN TEEMED UP MARTIN SALCIN IN MILT GABLER OF DECA RECORDS,fbd49e91f5354d3421dce503f0ebaf822cba55bb6f76a6409fedb5167fa4cd7d
wav2vec2_large_lv60,suta,168,stage5ext_00675,591dc19ef324950dafd8ce359e9711f332297ea7ff75da4847f4653c4698cfb4a469db4e15b5ea6b6512eb8f51f1b066477920287c57ae1056528e11c1bd1976,Canadian English,canada,"They became most prominent in the Roman Republic, and continued into the Empire.",THEY BECAME THE MOST PROMINENT IN THE ROMAN REPUBLIC AND CONTINUED INTO THE EMPIRE,fbd49e91f5354d3421dce503f0ebaf822cba55bb6f76a6409fedb5167fa4cd7d
wav2vec2_large_lv60,suta,168,stage5ext_00676,87b42e85779256f12cd8467a8790384f4d1ba3aa2c3821b798e151f94702c8fecb77a8f125195bf02e72b9c5cf01c3d6ddda5e6d3aa87b4bc525756a8c2b8807,Canadian English,canada,East-southeast of Boussingault lies the crater Neumayer.,EAST SOUTHEAST OF BOSING GULC LIES THE CRATER NUMIR,fbd49e91f5354d3421dce503f0ebaf822cba55bb6f76a6409fedb5167fa4cd7d
wav2vec2_large_lv60,suta,169,stage5ext_00677,87b42e85779256f12cd8467a8790384f4d1ba3aa2c3821b798e151f94702c8fecb77a8f125195bf02e72b9c5cf01c3d6ddda5e6d3aa87b4bc525756a8c2b8807,Canadian English,canada,Recorded at the composer's studio under his supervision.,RECORDED AT THE COMPOSERS STUDIO UNDER HIS SUPERVISION,71d2b4829015791f6353c6cc19c0fc0e490b5a31b849069335b216ec7eb33573
wav2vec2_large_lv60,suta,169,stage5ext_00678,87b42e85779256f12cd8467a8790384f4d1ba3aa2c3821b798e151f94702c8fecb77a8f125195bf02e72b9c5cf01c3d6ddda5e6d3aa87b4bc525756a8c2b8807,Canadian English,canada,Varied versions of the artwork within the album exist.,VARIED VERSIONS OF THE ARTWORK WITHIN THE ALBUM EXIST,71d2b4829015791f6353c6cc19c0fc0e490b5a31b849069335b216ec7eb33573
wav2vec2_large_lv60,suta,169,stage5ext_00679,87b42e85779256f12cd8467a8790384f4d1ba3aa2c3821b798e151f94702c8fecb77a8f125195bf02e72b9c5cf01c3d6ddda5e6d3aa87b4bc525756a8c2b8807,Canadian English,canada,"Construction was conducted by Kassel, Germany-based Henschel.",CONSTRUCTION WAS CONDUCTED BY CASTL GERMANY BASE HENSHEL,71d2b4829015791f6353c6cc19c0fc0e490b5a31b849069335b216ec7eb33573
wav2vec2_large_lv60,suta,169,stage5ext_00680,87b42e85779256f12cd8467a8790384f4d1ba3aa2c3821b798e151f94702c8fecb77a8f125195bf02e72b9c5cf01c3d6ddda5e6d3aa87b4bc525756a8c2b8807,Canadian English,canada,He started reading novels and literature since he just finished the primary school.,HE STARTED READING NOVELS AND LITERATURE SINCE HE JUST FINISHED THE PRIMARY SCHOOL,71d2b4829015791f6353c6cc19c0fc0e490b5a31b849069335b216ec7eb33573
wav2vec2_large_lv60,suta,170,stage5ext_00681,87b42e85779256f12cd8467a8790384f4d1ba3aa2c3821b798e151f94702c8fecb77a8f125195bf02e72b9c5cf01c3d6ddda5e6d3aa87b4bc525756a8c2b8807,Canadian English,canada,They won a majority of seats in every province and territory.,THEY WANT A MAJORITY OF SEATS IN EVERY PROVINCE AND TERRITORY,8c143d8b97fd76aea318bd1d64dbdc4db26d518b884ff15fca4e62394e8cf11e
wav2vec2_large_lv60,suta,170,stage5ext_00682,87b42e85779256f12cd8467a8790384f4d1ba3aa2c3821b798e151f94702c8fecb77a8f125195bf02e72b9c5cf01c3d6ddda5e6d3aa87b4bc525756a8c2b8807,Canadian English,canada,Opposed to the more moderate Parchamis were the radical Khalq faction.,OPPOSED TO THE MORE MODERATE PARTIMIS WERE THE MORE RADICAL CALCFACTION,8c143d8b97fd76aea318bd1d64dbdc4db26d518b884ff15fca4e62394e8cf11e
wav2vec2_large_lv60,suta,170,stage5ext_00683,87b42e85779256f12cd8467a8790384f4d1ba3aa2c3821b798e151f94702c8fecb77a8f125195bf02e72b9c5cf01c3d6ddda5e6d3aa87b4bc525756a8c2b8807,Canadian English,canada,Gyrich is also involved in hunting the Hulk after the events of Onslaught.,GYRICH IS ALSO INVOLVED IN HUNTING THE HULK AFTER THE EVENTS OF ONSLAUGHT,8c143d8b97fd76aea318bd1d64dbdc4db26d518b884ff15fca4e62394e8cf11e
wav2vec2_large_lv60,suta,170,stage5ext_00684,87b42e85779256f12cd8467a8790384f4d1ba3aa2c3821b798e151f94702c8fecb77a8f125195bf02e72b9c5cf01c3d6ddda5e6d3aa87b4bc525756a8c2b8807,Canadian English,canada,It was also hosted by the team of Rich Landrum and Johnny Weaver.,IT WAS ALSO HOSTED BY THE TEAM OF RICH LANDRUM AND JOHNNY WEAVER,8c143d8b97fd76aea318bd1d64dbdc4db26d518b884ff15fca4e62394e8cf11e
wav2vec2_large_lv60,suta,171,stage5ext_00685,87b42e85779256f12cd8467a8790384f4d1ba3aa2c3821b798e151f94702c8fecb77a8f125195bf02e72b9c5cf01c3d6ddda5e6d3aa87b4bc525756a8c2b8807,Canadian English,canada,"His cause for canonization was introduced by his religious order, the Basilian Alepian Order.",HIS CAUSE FOR CANONIZATION WAS INTRODUCED BY  RELIGIOUS ORDER THE BAZILIAN ALYPIAN ORDER,0622e4ea34144339e1458da520b8b305d10346d6c15ad955a70981d97657721f
wav2vec2_large_lv60,suta,171,stage5ext_00686,87b42e85779256f12cd8467a8790384f4d1ba3aa2c3821b798e151f94702c8fecb77a8f125195bf02e72b9c5cf01c3d6ddda5e6d3aa87b4bc525756a8c2b8807,Canadian English,canada,"Terminals can be attacked and disabled, but not destroyed.",TERMINALS CAN BE ATTACKED AND DISABLED BUT NOT DESTROYED,0622e4ea34144339e1458da520b8b305d10346d6c15ad955a70981d97657721f
wav2vec2_large_lv60,suta,171,stage5ext_00687,87b42e85779256f12cd8467a8790384f4d1ba3aa2c3821b798e151f94702c8fecb77a8f125195bf02e72b9c5cf01c3d6ddda5e6d3aa87b4bc525756a8c2b8807,Canadian English,canada,They're going to see this as an historic time.,THEY'RE GOING TO SEE THIS AS A HISTORIC TIME,0622e4ea34144339e1458da520b8b305d10346d6c15ad955a70981d97657721f
wav2vec2_large_lv60,suta,171,stage5ext_00688,87b42e85779256f12cd8467a8790384f4d1ba3aa2c3821b798e151f94702c8fecb77a8f125195bf02e72b9c5cf01c3d6ddda5e6d3aa87b4bc525756a8c2b8807,Canadian English,canada,"Due to his high penance, Lord murugan appeared like snake to him.",DUE TO HIS HIGH PENANCE LORD MUTIGAN APPEARED LIKE SNAPE TO HIM,0622e4ea34144339e1458da520b8b305d10346d6c15ad955a70981d97657721f
wav2vec2_large_lv60,suta,172,stage5ext_00689,87b42e85779256f12cd8467a8790384f4d1ba3aa2c3821b798e151f94702c8fecb77a8f125195bf02e72b9c5cf01c3d6ddda5e6d3aa87b4bc525756a8c2b8807,Canadian English,canada,Consumption soon returned to normal however.,CONSUMPTION SOON RETURNED TO NORMAL HOWEVER,898bc72d782a64e6833944575ccb0a70c07618338c8b73d2775840681e3e14d6
wav2vec2_large_lv60,suta,172,stage5ext_00690,87b42e85779256f12cd8467a8790384f4d1ba3aa2c3821b798e151f94702c8fecb77a8f125195bf02e72b9c5cf01c3d6ddda5e6d3aa87b4bc525756a8c2b8807,Canadian English,canada,"Alva was featured in the video game, ""Tony Hawk's American Wasteland"".",ALVA WAS FEATURED IN THE WINDOW GAT TONY HAWKS AMERICAN WASTELAND,898bc72d782a64e6833944575ccb0a70c07618338c8b73d2775840681e3e14d6
wav2vec2_large_lv60,suta,172,stage5ext_00691,1bda50a4a88d77a1bc592a14e21c501410d6db026449e39808be8fdf0a370dcc6adb09567d53480b5796f2560267441eafe3faf65ae56ae50502479cbab97242,Canadian English,canada,"They found all sorts of drugs at Howard's house: Cocaine, meth, heroine...",THEY FOUND ALL SORTS OF DRUGS AT HOWARS HOUSE COCANE MET HEROINE,898bc72d782a64e6833944575ccb0a70c07618338c8b73d2775840681e3e14d6
wav2vec2_large_lv60,suta,172,stage5ext_00692,1bda50a4a88d77a1bc592a14e21c501410d6db026449e39808be8fdf0a370dcc6adb09567d53480b5796f2560267441eafe3faf65ae56ae50502479cbab97242,Canadian English,canada,"Sure, I will be right back.",SURE I'LL BE RIPOT,898bc72d782a64e6833944575ccb0a70c07618338c8b73d2775840681e3e14d6
wav2vec2_large_lv60,suta,173,stage5ext_00693,1bda50a4a88d77a1bc592a14e21c501410d6db026449e39808be8fdf0a370dcc6adb09567d53480b5796f2560267441eafe3faf65ae56ae50502479cbab97242,Canadian English,canada,"When he got the call, Ali ran out of the store, down the street, and into the car.",WHEN HE GOT TO CALL ALI RAN OUT OF THE STORE DOWN THE STREET AND INTO THE CAR,b2f94504f6bb46add144c85fd60a0b23e4096a756f8cdbbc25817fc94c648faf
wav2vec2_large_lv60,suta,173,stage5ext_00694,1bda50a4a88d77a1bc592a14e21c501410d6db026449e39808be8fdf0a370dcc6adb09567d53480b5796f2560267441eafe3faf65ae56ae50502479cbab97242,Canadian English,canada,"As they began to decorate the hallway, a silhouette appeared in the doorway.",AS THEY BEGAN TO DECORATE THE HALLWAY A SILHOUETTE APPEARED IN THE DOORWAY,b2f94504f6bb46add144c85fd60a0b23e4096a756f8cdbbc25817fc94c648faf
wav2vec2_large_lv60,suta,173,stage5ext_00695,1bda50a4a88d77a1bc592a14e21c501410d6db026449e39808be8fdf0a370dcc6adb09567d53480b5796f2560267441eafe3faf65ae56ae50502479cbab97242,Canadian English,canada,"Roaming endlessly around the park, she wants to go home.",ROAMING ENDLESSLY AROUND THE PARK SHE WANTS TO GO HOME,b2f94504f6bb46add144c85fd60a0b23e4096a756f8cdbbc25817fc94c648faf
wav2vec2_large_lv60,suta,173,stage5ext_00696,1bda50a4a88d77a1bc592a14e21c501410d6db026449e39808be8fdf0a370dcc6adb09567d53480b5796f2560267441eafe3faf65ae56ae50502479cbab97242,Canadian English,canada,"Hooray, we're going to Alaska!",HORAY WE'RE GOIN TO ALASKA,b2f94504f6bb46add144c85fd60a0b23e4096a756f8cdbbc25817fc94c648faf
wav2vec2_large_lv60,suta,174,stage5ext_00697,1bda50a4a88d77a1bc592a14e21c501410d6db026449e39808be8fdf0a370dcc6adb09567d53480b5796f2560267441eafe3faf65ae56ae50502479cbab97242,Canadian English,canada,"In the discotheque, the DJ played progressive house music and trance.",IN THE DISCOTEQ THE D J PLAYED PROGRESSIVE HOUSE MUSIC AND TRANCE,7a04ad010528ffda529337d7b0ddf31269323f3a91397320bf15b19923ad69f3
wav2vec2_large_lv60,suta,174,stage5ext_00698,1bda50a4a88d77a1bc592a14e21c501410d6db026449e39808be8fdf0a370dcc6adb09567d53480b5796f2560267441eafe3faf65ae56ae50502479cbab97242,Canadian English,canada,Susan is an artist who lives in Vermont.,SUSAN IS AN ARTIST WHO LIVES IN VERMONT,7a04ad010528ffda529337d7b0ddf31269323f3a91397320bf15b19923ad69f3
wav2vec2_large_lv60,suta,174,stage5ext_00699,1bda50a4a88d77a1bc592a14e21c501410d6db026449e39808be8fdf0a370dcc6adb09567d53480b5796f2560267441eafe3faf65ae56ae50502479cbab97242,Canadian English,canada,What is the matter with you?,WHAT IS THE MATTER WITH YOU,7a04ad010528ffda529337d7b0ddf31269323f3a91397320bf15b19923ad69f3
wav2vec2_large_lv60,suta,174,stage5ext_00700,1bda50a4a88d77a1bc592a14e21c501410d6db026449e39808be8fdf0a370dcc6adb09567d53480b5796f2560267441eafe3faf65ae56ae50502479cbab97242,Canadian English,canada,"She is a very smart lady, and I think she can figure it out.",SHE IS A VERY SMART LADY AND I THINK SHE CAN FIGURE IT OUT,7a04ad010528ffda529337d7b0ddf31269323f3a91397320bf15b19923ad69f3
wav2vec2_large_lv60,suta,175,stage5ext_00701,1bda50a4a88d77a1bc592a14e21c501410d6db026449e39808be8fdf0a370dcc6adb09567d53480b5796f2560267441eafe3faf65ae56ae50502479cbab97242,Canadian English,canada,"Astronomy might be complicated, but it's not rocket science.",ASTRONOMY MIGHT BE COMPLICATED BUT IT'S NOT ROKET SCIENCE,a7b11af1e8aabe1caf2bfc6c9dc1dfb9541aed0c1a0026c479bef8d066e202c2
wav2vec2_large_lv60,suta,175,stage5ext_00702,1bda50a4a88d77a1bc592a14e21c501410d6db026449e39808be8fdf0a370dcc6adb09567d53480b5796f2560267441eafe3faf65ae56ae50502479cbab97242,Canadian English,canada,"Angela is pregnant, she told me.",ANGELA IS PREGNANT SHE TOLD ME,a7b11af1e8aabe1caf2bfc6c9dc1dfb9541aed0c1a0026c479bef8d066e202c2
wav2vec2_large_lv60,suta,175,stage5ext_00703,1bda50a4a88d77a1bc592a14e21c501410d6db026449e39808be8fdf0a370dcc6adb09567d53480b5796f2560267441eafe3faf65ae56ae50502479cbab97242,Canadian English,canada,"The diver forced open the oyster, revealing a shimmering pearl.",THE DIVER FORCED OPEN THE OYSTER REVEALING A SHIMMERING PEARL,a7b11af1e8aabe1caf2bfc6c9dc1dfb9541aed0c1a0026c479bef8d066e202c2
wav2vec2_large_lv60,suta,175,stage5ext_00704,1bda50a4a88d77a1bc592a14e21c501410d6db026449e39808be8fdf0a370dcc6adb09567d53480b5796f2560267441eafe3faf65ae56ae50502479cbab97242,Canadian English,canada,"Salmon is one of the most popular fish and very delicious, though usually not sustainable.",SALMON IS ONE OF THE MOST POPULAR FISH AND VERY DELICIOUS THOUGH USUALLY NOT SUSTAINABLE,a7b11af1e8aabe1caf2bfc6c9dc1dfb9541aed0c1a0026c479bef8d066e202c2
wav2vec2_large_lv60,suta,176,stage5ext_00705,1bda50a4a88d77a1bc592a14e21c501410d6db026449e39808be8fdf0a370dcc6adb09567d53480b5796f2560267441eafe3faf65ae56ae50502479cbab97242,Canadian English,canada,"This pepperoni tastes off, she said.",DOS PAPERONI TASTE OF SHE SAID,5e4aabe20bcb8effb26f00d18f5b9b9f24b211e96f5bd3dc68ee27f625717723
wav2vec2_large_lv60,suta,176,stage5ext_00706,3609f33a23ed07b4e369020bc8bfcb519c8e108d2510cda5649a103fb8e4c9a120753d04b1cfbf9d5ebca2b2674d1f16d7269aa4d619254315923f04a0e8872a,Canadian English,canada,You might as well play Russian roulette.,YOU MIGHT AS WELL PLAY RUSSAN RULET,5e4aabe20bcb8effb26f00d18f5b9b9f24b211e96f5bd3dc68ee27f625717723
wav2vec2_large_lv60,suta,176,stage5ext_00707,3609f33a23ed07b4e369020bc8bfcb519c8e108d2510cda5649a103fb8e4c9a120753d04b1cfbf9d5ebca2b2674d1f16d7269aa4d619254315923f04a0e8872a,Canadian English,canada,We are going to the football game tonight.,WE ARE GOING TO THE FOOTBALL GAME TO NIGHT,5e4aabe20bcb8effb26f00d18f5b9b9f24b211e96f5bd3dc68ee27f625717723
wav2vec2_large_lv60,suta,176,stage5ext_00708,3609f33a23ed07b4e369020bc8bfcb519c8e108d2510cda5649a103fb8e4c9a120753d04b1cfbf9d5ebca2b2674d1f16d7269aa4d619254315923f04a0e8872a,Canadian English,canada,Send the stuff in a thick paper bag.,SEND THE STUFF IN A THICK PAPER BAG,5e4aabe20bcb8effb26f00d18f5b9b9f24b211e96f5bd3dc68ee27f625717723
wav2vec2_large_lv60,suta,177,stage5ext_00709,3609f33a23ed07b4e369020bc8bfcb519c8e108d2510cda5649a103fb8e4c9a120753d04b1cfbf9d5ebca2b2674d1f16d7269aa4d619254315923f04a0e8872a,Canadian English,canada,The early bird catches the worm.,THE EARLY BIRD CATCHES THE WORM,e8c5ba6150b18a266a087881fefa2fef4727e9f594cca4aac761e97c482f2d62
wav2vec2_large_lv60,suta,177,stage5ext_00710,3609f33a23ed07b4e369020bc8bfcb519c8e108d2510cda5649a103fb8e4c9a120753d04b1cfbf9d5ebca2b2674d1f16d7269aa4d619254315923f04a0e8872a,Canadian English,canada,A toad and a frog are hard to tell apart.,A TOAD AND A FROG ARE HARD TO TELL APART,e8c5ba6150b18a266a087881fefa2fef4727e9f594cca4aac761e97c482f2d62
wav2vec2_large_lv60,suta,177,stage5ext_00711,3609f33a23ed07b4e369020bc8bfcb519c8e108d2510cda5649a103fb8e4c9a120753d04b1cfbf9d5ebca2b2674d1f16d7269aa4d619254315923f04a0e8872a,Canadian English,canada,William ran down the street.,WILLIAM RAN DOWN THE STREET,e8c5ba6150b18a266a087881fefa2fef4727e9f594cca4aac761e97c482f2d62
wav2vec2_large_lv60,suta,177,stage5ext_00712,3609f33a23ed07b4e369020bc8bfcb519c8e108d2510cda5649a103fb8e4c9a120753d04b1cfbf9d5ebca2b2674d1f16d7269aa4d619254315923f04a0e8872a,Canadian English,canada,But it was not to be.,BUT IT WAS NOT TO BE,e8c5ba6150b18a266a087881fefa2fef4727e9f594cca4aac761e97c482f2d62
wav2vec2_large_lv60,suta,178,stage5ext_00713,3609f33a23ed07b4e369020bc8bfcb519c8e108d2510cda5649a103fb8e4c9a120753d04b1cfbf9d5ebca2b2674d1f16d7269aa4d619254315923f04a0e8872a,Canadian English,canada,Add the sum to the product of these three.,ADD THE SUM TO THE PRODUCT OF THESE THREE,81503263e5838a79c9a42f207143fd9654da887d040803ddef5872a2a69a0b5b
wav2vec2_large_lv60,suta,178,stage5ext_00714,3609f33a23ed07b4e369020bc8bfcb519c8e108d2510cda5649a103fb8e4c9a120753d04b1cfbf9d5ebca2b2674d1f16d7269aa4d619254315923f04a0e8872a,Canadian English,canada,Birds of a feather flock – together.,BIRDS OF A FEATHER FLOCK TOGETHER,81503263e5838a79c9a42f207143fd9654da887d040803ddef5872a2a69a0b5b
wav2vec2_large_lv60,suta,178,stage5ext_00715,3609f33a23ed07b4e369020bc8bfcb519c8e108d2510cda5649a103fb8e4c9a120753d04b1cfbf9d5ebca2b2674d1f16d7269aa4d619254315923f04a0e8872a,Canadian English,canada,It was raised from everyone who entered the city during the celebration period.,IT WAS RAISED FROM EVERYONE WHO ENTERED THE CITY DURING THE CELEBRATION PERIOD,81503263e5838a79c9a42f207143fd9654da887d040803ddef5872a2a69a0b5b
wav2vec2_large_lv60,suta,178,stage5ext_00716,3609f33a23ed07b4e369020bc8bfcb519c8e108d2510cda5649a103fb8e4c9a120753d04b1cfbf9d5ebca2b2674d1f16d7269aa4d619254315923f04a0e8872a,Canadian English,canada,A zestful food is the hot-cross bun.,A ZESTFUL FOOD IS THE HOTCROSS BUN,81503263e5838a79c9a42f207143fd9654da887d040803ddef5872a2a69a0b5b
wav2vec2_large_lv60,suta,179,stage5ext_00717,3609f33a23ed07b4e369020bc8bfcb519c8e108d2510cda5649a103fb8e4c9a120753d04b1cfbf9d5ebca2b2674d1f16d7269aa4d619254315923f04a0e8872a,Canadian English,canada,Just as I thought!,JUST AS I THOUGHT,98fc7f97a592a3cedc4760f36e54cbf43d2a1caad1a59a783991394bce92c6af
wav2vec2_large_lv60,suta,179,stage5ext_00718,3609f33a23ed07b4e369020bc8bfcb519c8e108d2510cda5649a103fb8e4c9a120753d04b1cfbf9d5ebca2b2674d1f16d7269aa4d619254315923f04a0e8872a,Canadian English,canada,Each penny shone like new.,EACH PENNY SHONE LIKE NEW,98fc7f97a592a3cedc4760f36e54cbf43d2a1caad1a59a783991394bce92c6af
wav2vec2_large_lv60,suta,179,stage5ext_00719,3609f33a23ed07b4e369020bc8bfcb519c8e108d2510cda5649a103fb8e4c9a120753d04b1cfbf9d5ebca2b2674d1f16d7269aa4d619254315923f04a0e8872a,Canadian English,canada,Does that suit you?,DOES THAT SUIT YOU,98fc7f97a592a3cedc4760f36e54cbf43d2a1caad1a59a783991394bce92c6af
wav2vec2_large_lv60,suta,179,stage5ext_00720,3609f33a23ed07b4e369020bc8bfcb519c8e108d2510cda5649a103fb8e4c9a120753d04b1cfbf9d5ebca2b2674d1f16d7269aa4d619254315923f04a0e8872a,Canadian English,canada,You may whistle for it.,YOU MAY WHISTLE FOR IT,98fc7f97a592a3cedc4760f36e54cbf43d2a1caad1a59a783991394bce92c6af
wav2vec2_large_lv60,suta,180,stage5ext_00721,b93abbafef94b7d98a7356f6312da390c93f78376374ceb597ee3d26425dc05d7b3fe7fc290b835365c2ba77cf232a93597f059b5a2aaa5c715299a8614492e4,Canadian English,canada,"After leaving politics, Clement has held various paid and unpaid positions.",AFTER LEAVING POLITICS CLEMENT HAS HELD VARIOUS PAID AND UNPAID POSITIONS,afc8feaf30a9fd08f704ab7eeb8f82c984c1d16306efb43ee44ba83146eb552c
wav2vec2_large_lv60,suta,180,stage5ext_00722,b93abbafef94b7d98a7356f6312da390c93f78376374ceb597ee3d26425dc05d7b3fe7fc290b835365c2ba77cf232a93597f059b5a2aaa5c715299a8614492e4,Canadian English,canada,The same thing can happen to the player's bike.,THE SAME THING CAN HAPPEN TO THE PLAYER SPIKE,afc8feaf30a9fd08f704ab7eeb8f82c984c1d16306efb43ee44ba83146eb552c
wav2vec2_large_lv60,suta,180,stage5ext_00723,b93abbafef94b7d98a7356f6312da390c93f78376374ceb597ee3d26425dc05d7b3fe7fc290b835365c2ba77cf232a93597f059b5a2aaa5c715299a8614492e4,Canadian English,canada,She wanted to become a dancer but it didn't work out.,SHE WANTED TO BECOME A DANCER BUT IT DIDN'T WORK OUT,afc8feaf30a9fd08f704ab7eeb8f82c984c1d16306efb43ee44ba83146eb552c
wav2vec2_large_lv60,suta,180,stage5ext_00724,b93abbafef94b7d98a7356f6312da390c93f78376374ceb597ee3d26425dc05d7b3fe7fc290b835365c2ba77cf232a93597f059b5a2aaa5c715299a8614492e4,Canadian English,canada,At trial and appeal the claim was dismissed.,AT TRIAL AND APPEAL THE CLAIM WAS DISMISSED,afc8feaf30a9fd08f704ab7eeb8f82c984c1d16306efb43ee44ba83146eb552c
wav2vec2_large_lv60,suta,181,stage5ext_00725,b93abbafef94b7d98a7356f6312da390c93f78376374ceb597ee3d26425dc05d7b3fe7fc290b835365c2ba77cf232a93597f059b5a2aaa5c715299a8614492e4,Canadian English,canada,"Its headquarters is located in Chiyoda, Tokyo.",ITS HEADQUARTERS IS LOCATED IN CHIODA TOKYO,f62ec5688ab0433022f23bdfd1433ff4f40c543bd22ac9808d793deeee4069b7
wav2vec2_large_lv60,suta,181,stage5ext_00726,b93abbafef94b7d98a7356f6312da390c93f78376374ceb597ee3d26425dc05d7b3fe7fc290b835365c2ba77cf232a93597f059b5a2aaa5c715299a8614492e4,Canadian English,canada,He was forbidden any further writing.,HE WAS FORBIDDEN ANY FURTHER WRITING,f62ec5688ab0433022f23bdfd1433ff4f40c543bd22ac9808d793deeee4069b7
wav2vec2_large_lv60,suta,181,stage5ext_00727,b93abbafef94b7d98a7356f6312da390c93f78376374ceb597ee3d26425dc05d7b3fe7fc290b835365c2ba77cf232a93597f059b5a2aaa5c715299a8614492e4,Canadian English,canada,It offers yet another musical style change.,IT OFFERS YET ANOTHER MUSICAL STYLE CHANGE,f62ec5688ab0433022f23bdfd1433ff4f40c543bd22ac9808d793deeee4069b7
wav2vec2_large_lv60,suta,181,stage5ext_00728,b93abbafef94b7d98a7356f6312da390c93f78376374ceb597ee3d26425dc05d7b3fe7fc290b835365c2ba77cf232a93597f059b5a2aaa5c715299a8614492e4,Canadian English,canada,The measured flux is proportional to the covariance.,THE MEASURED FLUX IS PROPORTIONAL TO THE COVARIANCE,f62ec5688ab0433022f23bdfd1433ff4f40c543bd22ac9808d793deeee4069b7
wav2vec2_large_lv60,suta,182,stage5ext_00729,b93abbafef94b7d98a7356f6312da390c93f78376374ceb597ee3d26425dc05d7b3fe7fc290b835365c2ba77cf232a93597f059b5a2aaa5c715299a8614492e4,Canadian English,canada,Also on hand was the young comedian Richard Pryor.,ALSO ON HAND WAS THE YOUNG COMEDIAN RICHARD PRIER,d4f9891451f2b09333bf01f6316082207c37615754a4d29171c38d635a871ea5
wav2vec2_large_lv60,suta,182,stage5ext_00730,b93abbafef94b7d98a7356f6312da390c93f78376374ceb597ee3d26425dc05d7b3fe7fc290b835365c2ba77cf232a93597f059b5a2aaa5c715299a8614492e4,Canadian English,canada,"He is an alumnus of Saratoga High School in Saratoga, California.",HE IS AN ALUMNES OF SARATOGA HIGH SCHOOL IN SARATOGA CALIFORNIA,d4f9891451f2b09333bf01f6316082207c37615754a4d29171c38d635a871ea5
wav2vec2_large_lv60,suta,182,stage5ext_00731,b93abbafef94b7d98a7356f6312da390c93f78376374ceb597ee3d26425dc05d7b3fe7fc290b835365c2ba77cf232a93597f059b5a2aaa5c715299a8614492e4,Canadian English,canada,No cause was given and there were no immediate survivors.,NO CAUSE WAS GIVEN AND THERE WERE NO IMMEDIATE SURVIVORS,d4f9891451f2b09333bf01f6316082207c37615754a4d29171c38d635a871ea5
wav2vec2_large_lv60,suta,182,stage5ext_00732,b93abbafef94b7d98a7356f6312da390c93f78376374ceb597ee3d26425dc05d7b3fe7fc290b835365c2ba77cf232a93597f059b5a2aaa5c715299a8614492e4,Canadian English,canada,It is more applicable when there is a liquidity crunch in the market.,IT IS MORE APPLICABLE WHEN THERE IS A LIQUIDITY CRUNCH IN THE MARKET,d4f9891451f2b09333bf01f6316082207c37615754a4d29171c38d635a871ea5
wav2vec2_large_lv60,suta,183,stage5ext_00733,b93abbafef94b7d98a7356f6312da390c93f78376374ceb597ee3d26425dc05d7b3fe7fc290b835365c2ba77cf232a93597f059b5a2aaa5c715299a8614492e4,Canadian English,canada,There again he taught rhetoric for three years.,THERE AGAIN HE TAUGHT RHETORIC FOR THREE YEARS,9f1a5d5471de064f7bd50234d02f2d7c5ff960a933aa640f5365ad4bade3ef53
wav2vec2_large_lv60,suta,183,stage5ext_00734,b93abbafef94b7d98a7356f6312da390c93f78376374ceb597ee3d26425dc05d7b3fe7fc290b835365c2ba77cf232a93597f059b5a2aaa5c715299a8614492e4,Canadian English,canada,It is a potent skin irritant.,IT IS A POTENT SKIN IRRITANT,9f1a5d5471de064f7bd50234d02f2d7c5ff960a933aa640f5365ad4bade3ef53
wav2vec2_large_lv60,suta,183,stage5ext_00735,b93abbafef94b7d98a7356f6312da390c93f78376374ceb597ee3d26425dc05d7b3fe7fc290b835365c2ba77cf232a93597f059b5a2aaa5c715299a8614492e4,Canadian English,canada,Westphal is a former assistant coach on Lionel Hollins' staff on the Brooklyn Nets.,WESTFALL IS A FORMER ASSISTANT COACH ON LIONEL HOLLAND'S STAFF ON THE BRICKLAND NETS,9f1a5d5471de064f7bd50234d02f2d7c5ff960a933aa640f5365ad4bade3ef53
wav2vec2_large_lv60,suta,183,stage5ext_00736,1225019d528d47c1a589b05ca13577c68d50b27cb794f00d65a7a4be094e4f5e9f0bc35233e80e36ddfba17fa9c185dec071949ab8a2dce2a58b5d4d9b49d290,Canadian English,canada,"Perhaps, you should just grow sea monkeys.",PERHAPS YOU SHOULD JUST GROW SEA MONKEYS,9f1a5d5471de064f7bd50234d02f2d7c5ff960a933aa640f5365ad4bade3ef53
wav2vec2_large_lv60,suta,184,stage5ext_00737,1225019d528d47c1a589b05ca13577c68d50b27cb794f00d65a7a4be094e4f5e9f0bc35233e80e36ddfba17fa9c185dec071949ab8a2dce2a58b5d4d9b49d290,Canadian English,canada,"No, that was never his real plan.",NO THAT WAS NEVER HIS REAL PLAN,ea694086a261c0a049dd5687d316ccf1c9093951ac446e55c133ecd471f9c9ed
wav2vec2_large_lv60,suta,184,stage5ext_00738,1225019d528d47c1a589b05ca13577c68d50b27cb794f00d65a7a4be094e4f5e9f0bc35233e80e36ddfba17fa9c185dec071949ab8a2dce2a58b5d4d9b49d290,Canadian English,canada,Might I enquire as to whom I'm addressing?,MIGHT I INQUIRE AS TO WHOM I AM ADDRESSING,ea694086a261c0a049dd5687d316ccf1c9093951ac446e55c133ecd471f9c9ed
wav2vec2_large_lv60,suta,184,stage5ext_00739,1225019d528d47c1a589b05ca13577c68d50b27cb794f00d65a7a4be094e4f5e9f0bc35233e80e36ddfba17fa9c185dec071949ab8a2dce2a58b5d4d9b49d290,Canadian English,canada,"By increasing the salinity of the water, we alter its dew point.",BY INCREASING THE SOLINITY OF THE WATER WE ALTER ITS DUE POINT,ea694086a261c0a049dd5687d316ccf1c9093951ac446e55c133ecd471f9c9ed
wav2vec2_large_lv60,suta,184,stage5ext_00740,1225019d528d47c1a589b05ca13577c68d50b27cb794f00d65a7a4be094e4f5e9f0bc35233e80e36ddfba17fa9c185dec071949ab8a2dce2a58b5d4d9b49d290,Canadian English,canada,"Deliberate slowly, execute promptly.",DELIBERATE SLOWLY EXECUTE PROMPTLY,ea694086a261c0a049dd5687d316ccf1c9093951ac446e55c133ecd471f9c9ed
wav2vec2_large_lv60,suta,185,stage5ext_00741,1225019d528d47c1a589b05ca13577c68d50b27cb794f00d65a7a4be094e4f5e9f0bc35233e80e36ddfba17fa9c185dec071949ab8a2dce2a58b5d4d9b49d290,Canadian English,canada,What am I to do?,WHAT AM I TO DO,512d91926e148310f5ebd136c92b5051653258a11d6c1e13323344a2810b4303
wav2vec2_large_lv60,suta,185,stage5ext_00742,1225019d528d47c1a589b05ca13577c68d50b27cb794f00d65a7a4be094e4f5e9f0bc35233e80e36ddfba17fa9c185dec071949ab8a2dce2a58b5d4d9b49d290,Canadian English,canada,"I've brought you some cheese, because I know you love cheese.",I'VE BROUGHT YOU SOME CHEESE BECAUSE I KNOW YOU LOVE CHEESE,512d91926e148310f5ebd136c92b5051653258a11d6c1e13323344a2810b4303
wav2vec2_large_lv60,suta,185,stage5ext_00743,1225019d528d47c1a589b05ca13577c68d50b27cb794f00d65a7a4be094e4f5e9f0bc35233e80e36ddfba17fa9c185dec071949ab8a2dce2a58b5d4d9b49d290,Canadian English,canada,"Easy come, easy go.",EASY COME EASY GO,512d91926e148310f5ebd136c92b5051653258a11d6c1e13323344a2810b4303
wav2vec2_large_lv60,suta,185,stage5ext_00744,1225019d528d47c1a589b05ca13577c68d50b27cb794f00d65a7a4be094e4f5e9f0bc35233e80e36ddfba17fa9c185dec071949ab8a2dce2a58b5d4d9b49d290,Canadian English,canada,"The builder placed the brick onto the plank of wood, so it would bend into shape.",THE BUILDER PLACED THE BRICK ON TO THE PLANK OF WOOD SO IT WOULD BEND INTO SHAPE,512d91926e148310f5ebd136c92b5051653258a11d6c1e13323344a2810b4303
wav2vec2_large_lv60,suta,186,stage5ext_00745,1225019d528d47c1a589b05ca13577c68d50b27cb794f00d65a7a4be094e4f5e9f0bc35233e80e36ddfba17fa9c185dec071949ab8a2dce2a58b5d4d9b49d290,Canadian English,canada,How does slow cooling of the hot gaseous state result in pure crystals?,HOW DOES SLOW COOLING OF THE HOT GASEOUS STATE RESULT IN PURE CRYSTALS,fd4ce59c1b9ad0f7c43c34783ecd1a7656001567e08e986de5fef0dd9ca29955
wav2vec2_large_lv60,suta,186,stage5ext_00746,1225019d528d47c1a589b05ca13577c68d50b27cb794f00d65a7a4be094e4f5e9f0bc35233e80e36ddfba17fa9c185dec071949ab8a2dce2a58b5d4d9b49d290,Canadian English,canada,"He stood up, and by the time he went back to his seat everybody in the room was questioning the meaning of life.",HE STOOD UP AND BY THE TIME HE WENT BACK TO A SEAT EVERYBODY IN THE ROOM WAS QUESTIONING THE MEANING OF LIFE,fd4ce59c1b9ad0f7c43c34783ecd1a7656001567e08e986de5fef0dd9ca29955
wav2vec2_large_lv60,suta,186,stage5ext_00747,1225019d528d47c1a589b05ca13577c68d50b27cb794f00d65a7a4be094e4f5e9f0bc35233e80e36ddfba17fa9c185dec071949ab8a2dce2a58b5d4d9b49d290,Canadian English,canada,"This was a lie, and they all knew it.",THIS WAS A LIE AND THEY ALL KNEW IT,fd4ce59c1b9ad0f7c43c34783ecd1a7656001567e08e986de5fef0dd9ca29955
wav2vec2_large_lv60,suta,186,stage5ext_00748,1225019d528d47c1a589b05ca13577c68d50b27cb794f00d65a7a4be094e4f5e9f0bc35233e80e36ddfba17fa9c185dec071949ab8a2dce2a58b5d4d9b49d290,Canadian English,canada,"After lurking for a minute, the crocodile quickly sprang toward the young hippopotamus and ate it.",AFTER LURKING FOR A MINUTE THE CROCODILE QUICKLY SPRANG TOWARDS THE YOUNG HIPPOPOTAMUS AND ATE IT,fd4ce59c1b9ad0f7c43c34783ecd1a7656001567e08e986de5fef0dd9ca29955
wav2vec2_large_lv60,suta,187,stage5ext_00749,1225019d528d47c1a589b05ca13577c68d50b27cb794f00d65a7a4be094e4f5e9f0bc35233e80e36ddfba17fa9c185dec071949ab8a2dce2a58b5d4d9b49d290,Canadian English,canada,"When you're at a party and somebody says ""banana bread"", a sniper might be near you.",WHEN YOUE A PARTY AND SOMEONE SAYS BANANA BREAD A SNIPER MIGHT BE NEAR YOU,18e50acb4cf949f4ac19d80b670f8604e03e93ae4d9148c1e940d394697f070c
wav2vec2_large_lv60,suta,187,stage5ext_00750,1225019d528d47c1a589b05ca13577c68d50b27cb794f00d65a7a4be094e4f5e9f0bc35233e80e36ddfba17fa9c185dec071949ab8a2dce2a58b5d4d9b49d290,Canadian English,canada,Do you want me?,DO YOU WANT ME,18e50acb4cf949f4ac19d80b670f8604e03e93ae4d9148c1e940d394697f070c
wav2vec2_large_lv60,suta,187,stage5ext_00751,2365c450d92516275bba41aac73c5acf8ce75bf4896ecbd54c3eaa7f121b53488a25a234605d205f960767e2cb5f88d749e3a035ded3a2e9930f35c814bfd1f8,Irish English,ireland,Me and a friend of mine.,ME AND A FRIEND OF MINE,18e50acb4cf949f4ac19d80b670f8604e03e93ae4d9148c1e940d394697f070c
wav2vec2_large_lv60,suta,187,stage5ext_00752,2365c450d92516275bba41aac73c5acf8ce75bf4896ecbd54c3eaa7f121b53488a25a234605d205f960767e2cb5f88d749e3a035ded3a2e9930f35c814bfd1f8,Irish English,ireland,"For most owners of the car model, the issue isn't noticeable.",FOR MOST OWNERS OF THE CAR MODEL THE ISSUE ISN'T NOTICEABLE,18e50acb4cf949f4ac19d80b670f8604e03e93ae4d9148c1e940d394697f070c
wav2vec2_large_lv60,suta,188,stage5ext_00753,2365c450d92516275bba41aac73c5acf8ce75bf4896ecbd54c3eaa7f121b53488a25a234605d205f960767e2cb5f88d749e3a035ded3a2e9930f35c814bfd1f8,Irish English,ireland,I'm afraid she'd feel ashamed to think she hadn't trusted you.,I'M AFRAID SHE'D FEEL ASHAMED TO THINK SHE HADN'T TRUSTED YOU,786c6c0803e982d58c9f4cb43ec34a8d99ed707e4d6d8e818e4b4c3ec716621e
wav2vec2_large_lv60,suta,188,stage5ext_00754,2365c450d92516275bba41aac73c5acf8ce75bf4896ecbd54c3eaa7f121b53488a25a234605d205f960767e2cb5f88d749e3a035ded3a2e9930f35c814bfd1f8,Irish English,ireland,Thailand turned out to be a very satisfying holiday.,TILAND TURNED OUT TO BE A VERY SATISFYING HOLIDAY,786c6c0803e982d58c9f4cb43ec34a8d99ed707e4d6d8e818e4b4c3ec716621e
wav2vec2_large_lv60,suta,188,stage5ext_00755,2365c450d92516275bba41aac73c5acf8ce75bf4896ecbd54c3eaa7f121b53488a25a234605d205f960767e2cb5f88d749e3a035ded3a2e9930f35c814bfd1f8,Irish English,ireland,The execution was cancelled.,THE EXECUTION WAS CANSELED,786c6c0803e982d58c9f4cb43ec34a8d99ed707e4d6d8e818e4b4c3ec716621e
wav2vec2_large_lv60,suta,188,stage5ext_00756,2365c450d92516275bba41aac73c5acf8ce75bf4896ecbd54c3eaa7f121b53488a25a234605d205f960767e2cb5f88d749e3a035ded3a2e9930f35c814bfd1f8,Irish English,ireland,Sometimes I get so mad at you I can't see straight.,SOMETIMES I GET SO MADEDYE I CAN'T SEE STRAIGHT,786c6c0803e982d58c9f4cb43ec34a8d99ed707e4d6d8e818e4b4c3ec716621e
wav2vec2_large_lv60,suta,189,stage5ext_00757,2365c450d92516275bba41aac73c5acf8ce75bf4896ecbd54c3eaa7f121b53488a25a234605d205f960767e2cb5f88d749e3a035ded3a2e9930f35c814bfd1f8,Irish English,ireland,Crooks don't pay taxes.,CROKDONE PAYTAXES,be2c5efff60570b45608b62382990a349373bcb14d29e265b42de02eb728c733
wav2vec2_large_lv60,suta,189,stage5ext_00758,2365c450d92516275bba41aac73c5acf8ce75bf4896ecbd54c3eaa7f121b53488a25a234605d205f960767e2cb5f88d749e3a035ded3a2e9930f35c814bfd1f8,Irish English,ireland,Use the tool that's needed for the job.,USE THE TOOL THAT'S NEEDED FOR THE JOB,be2c5efff60570b45608b62382990a349373bcb14d29e265b42de02eb728c733
wav2vec2_large_lv60,suta,189,stage5ext_00759,2365c450d92516275bba41aac73c5acf8ce75bf4896ecbd54c3eaa7f121b53488a25a234605d205f960767e2cb5f88d749e3a035ded3a2e9930f35c814bfd1f8,Irish English,ireland,That guy is the writer of a few banned books.,THAT G IS THE WRITER OF A FEW BOUND BOOKS,be2c5efff60570b45608b62382990a349373bcb14d29e265b42de02eb728c733
wav2vec2_large_lv60,suta,189,stage5ext_00760,2365c450d92516275bba41aac73c5acf8ce75bf4896ecbd54c3eaa7f121b53488a25a234605d205f960767e2cb5f88d749e3a035ded3a2e9930f35c814bfd1f8,Irish English,ireland,My cat loves to ensconce herself in my new sofa.,MY CAT LOVES TO ENSCONCE HERSELF IN MY NEW SOFA,be2c5efff60570b45608b62382990a349373bcb14d29e265b42de02eb728c733
wav2vec2_large_lv60,suta,190,stage5ext_00761,2365c450d92516275bba41aac73c5acf8ce75bf4896ecbd54c3eaa7f121b53488a25a234605d205f960767e2cb5f88d749e3a035ded3a2e9930f35c814bfd1f8,Irish English,ireland,"I feel sick, what should I do?",I FEEL SICK WHAT SHOULD I DO,1b4fcd62db5afeec2614b4b8df5766d44d152bb8957768cdab2252f6790af524
wav2vec2_large_lv60,suta,190,stage5ext_00762,2365c450d92516275bba41aac73c5acf8ce75bf4896ecbd54c3eaa7f121b53488a25a234605d205f960767e2cb5f88d749e3a035ded3a2e9930f35c814bfd1f8,Irish English,ireland,I'm in a drugstore.,I'M IN A DRUG STORE,1b4fcd62db5afeec2614b4b8df5766d44d152bb8957768cdab2252f6790af524
wav2vec2_large_lv60,suta,190,stage5ext_00763,2365c450d92516275bba41aac73c5acf8ce75bf4896ecbd54c3eaa7f121b53488a25a234605d205f960767e2cb5f88d749e3a035ded3a2e9930f35c814bfd1f8,Irish English,ireland,You know very well why.,YOU KNOW VERY WELL WHY,1b4fcd62db5afeec2614b4b8df5766d44d152bb8957768cdab2252f6790af524
wav2vec2_large_lv60,suta,190,stage5ext_00764,2365c450d92516275bba41aac73c5acf8ce75bf4896ecbd54c3eaa7f121b53488a25a234605d205f960767e2cb5f88d749e3a035ded3a2e9930f35c814bfd1f8,Irish English,ireland,The cannibal was looking for another victim to appease his appetite.,THE CANNIBAL WAS LOOKING FOR ANOTHER VICTIM TO APPEASE HIS APPETITE,1b4fcd62db5afeec2614b4b8df5766d44d152bb8957768cdab2252f6790af524
wav2vec2_large_lv60,suta,191,stage5ext_00765,2365c450d92516275bba41aac73c5acf8ce75bf4896ecbd54c3eaa7f121b53488a25a234605d205f960767e2cb5f88d749e3a035ded3a2e9930f35c814bfd1f8,Irish English,ireland,He could see tears in her eyes.,HE COULD SEE TEARS IN HER EYES,a20b0ce1f889ce2925f6f90764f256e7d587f5cc60dc6565684d9452a71ce2b9
wav2vec2_large_lv60,suta,191,stage5ext_00766,06c53aec09bca54d5587147ee1bfcc0a9e2b4162fb75daa79b7fe286dfec0732ff4dcae7125393b19a31f66c66c4bd8cf89665b4dee7b446429efd029e225c59,Irish English,ireland,He later served as a prominent leader of the French Directory.,HE LATER SERVED AS A PROMINENT LEADER OF THE FRENCH DIRECTORY,a20b0ce1f889ce2925f6f90764f256e7d587f5cc60dc6565684d9452a71ce2b9
wav2vec2_large_lv60,suta,191,stage5ext_00767,06c53aec09bca54d5587147ee1bfcc0a9e2b4162fb75daa79b7fe286dfec0732ff4dcae7125393b19a31f66c66c4bd8cf89665b4dee7b446429efd029e225c59,Irish English,ireland,She held this position for two years before Kim Raine replaced her.,SHE HELD THIS POSITION FOR TWO YEARS BEFORE KIMRAIN REPLACED HER,a20b0ce1f889ce2925f6f90764f256e7d587f5cc60dc6565684d9452a71ce2b9
wav2vec2_large_lv60,suta,191,stage5ext_00768,06c53aec09bca54d5587147ee1bfcc0a9e2b4162fb75daa79b7fe286dfec0732ff4dcae7125393b19a31f66c66c4bd8cf89665b4dee7b446429efd029e225c59,Irish English,ireland,Fetsios competed in the two rifle events.,FETZIOS COMPETED IN THE TWO RIFLE EVENTS,a20b0ce1f889ce2925f6f90764f256e7d587f5cc60dc6565684d9452a71ce2b9
wav2vec2_large_lv60,suta,192,stage5ext_00769,06c53aec09bca54d5587147ee1bfcc0a9e2b4162fb75daa79b7fe286dfec0732ff4dcae7125393b19a31f66c66c4bd8cf89665b4dee7b446429efd029e225c59,Irish English,ireland,"Because it is widely known, ""Lumbricus"" goes under a variety of common names.",BECAUSE IT IS WIDELY KNOWN LUMBRICUS GOES UNDER A VARIETY OF COMMON NAMES,d29c2d3f7a0877ca90474cdd5a4a6d5b77461a709d7956d0c245846c223086af
wav2vec2_large_lv60,suta,192,stage5ext_00770,06c53aec09bca54d5587147ee1bfcc0a9e2b4162fb75daa79b7fe286dfec0732ff4dcae7125393b19a31f66c66c4bd8cf89665b4dee7b446429efd029e225c59,Irish English,ireland,O'Farrell is a six-time winner of the Rotary cartoons award.,OFAREL IS A SIX TIME WINNER OF THE ROSARY CARTOONS AWARD,d29c2d3f7a0877ca90474cdd5a4a6d5b77461a709d7956d0c245846c223086af
wav2vec2_large_lv60,suta,192,stage5ext_00771,06c53aec09bca54d5587147ee1bfcc0a9e2b4162fb75daa79b7fe286dfec0732ff4dcae7125393b19a31f66c66c4bd8cf89665b4dee7b446429efd029e225c59,Irish English,ireland,He was arrested and thrown in jail.,HE WAS ARRESTED AND THROWN IN JAIL,d29c2d3f7a0877ca90474cdd5a4a6d5b77461a709d7956d0c245846c223086af
wav2vec2_large_lv60,suta,192,stage5ext_00772,06c53aec09bca54d5587147ee1bfcc0a9e2b4162fb75daa79b7fe286dfec0732ff4dcae7125393b19a31f66c66c4bd8cf89665b4dee7b446429efd029e225c59,Irish English,ireland,"He was known as the leader of the ""fighting Quakers"".",HE WAS KNOWN AS THE LEADER OF THE FIGHTING QUAKERS,d29c2d3f7a0877ca90474cdd5a4a6d5b77461a709d7956d0c245846c223086af
wav2vec2_large_lv60,suta,193,stage5ext_00773,06c53aec09bca54d5587147ee1bfcc0a9e2b4162fb75daa79b7fe286dfec0732ff4dcae7125393b19a31f66c66c4bd8cf89665b4dee7b446429efd029e225c59,Irish English,ireland,He also served in both the Assembly and Senate of the California State Legislature.,HE ALSO SERVED IN BOTH THE ASSEMBLY AND SENATE OF THE CALIFORNIA STATE LEGISLATURE,89c12b4bcf3715a290976e914ee73fae35ffbe8126309c772f54c7850ae44220
wav2vec2_large_lv60,suta,193,stage5ext_00774,06c53aec09bca54d5587147ee1bfcc0a9e2b4162fb75daa79b7fe286dfec0732ff4dcae7125393b19a31f66c66c4bd8cf89665b4dee7b446429efd029e225c59,Irish English,ireland,Many of the Gretna Girls lived in group hostels which were staffed by matrons.,MANY OF THE GRETNEGIRLS LIVED IN GRUASTLS WHICH WERE STAFFED BY MATRONS,89c12b4bcf3715a290976e914ee73fae35ffbe8126309c772f54c7850ae44220
wav2vec2_large_lv60,suta,193,stage5ext_00775,06c53aec09bca54d5587147ee1bfcc0a9e2b4162fb75daa79b7fe286dfec0732ff4dcae7125393b19a31f66c66c4bd8cf89665b4dee7b446429efd029e225c59,Irish English,ireland,The next day Delfino attacked.,THE NEXT DAY DELPINO ATTACKED,89c12b4bcf3715a290976e914ee73fae35ffbe8126309c772f54c7850ae44220
wav2vec2_large_lv60,suta,193,stage5ext_00776,06c53aec09bca54d5587147ee1bfcc0a9e2b4162fb75daa79b7fe286dfec0732ff4dcae7125393b19a31f66c66c4bd8cf89665b4dee7b446429efd029e225c59,Irish English,ireland,See the article on Barnett for an outline of his ideas.,SEE THE ARTICLE ON BARNISH FOR AN OUTLINE OF HIS IDEAS,89c12b4bcf3715a290976e914ee73fae35ffbe8126309c772f54c7850ae44220
wav2vec2_large_lv60,suta,194,stage5ext_00777,06c53aec09bca54d5587147ee1bfcc0a9e2b4162fb75daa79b7fe286dfec0732ff4dcae7125393b19a31f66c66c4bd8cf89665b4dee7b446429efd029e225c59,Irish English,ireland,"In addition, after German reunification, there were several Heiligenstadts in Germany.",IN ADDITION AFTER GERMAN REUNIFICATION THERE WERE SEVERAL HIHLENGENSTATS IN GERMANY,daf6bc7a3438a7a4037c7b88658ce71e3e397b52604f6845541e19497bb56df4
wav2vec2_large_lv60,suta,194,stage5ext_00778,06c53aec09bca54d5587147ee1bfcc0a9e2b4162fb75daa79b7fe286dfec0732ff4dcae7125393b19a31f66c66c4bd8cf89665b4dee7b446429efd029e225c59,Irish English,ireland,"The Norse form of the name was ""Surkudalr"".",THE NORSE FORM OF THE NAME WAS CIRCUDELER,daf6bc7a3438a7a4037c7b88658ce71e3e397b52604f6845541e19497bb56df4
wav2vec2_large_lv60,suta,194,stage5ext_00779,06c53aec09bca54d5587147ee1bfcc0a9e2b4162fb75daa79b7fe286dfec0732ff4dcae7125393b19a31f66c66c4bd8cf89665b4dee7b446429efd029e225c59,Irish English,ireland,But all this will be useless.,BUT ALL THIS WILL BE USELESS,daf6bc7a3438a7a4037c7b88658ce71e3e397b52604f6845541e19497bb56df4
wav2vec2_large_lv60,suta,194,stage5ext_00780,06c53aec09bca54d5587147ee1bfcc0a9e2b4162fb75daa79b7fe286dfec0732ff4dcae7125393b19a31f66c66c4bd8cf89665b4dee7b446429efd029e225c59,Irish English,ireland,I'm a bit loath to say which!,I'M A BIT LOTH TO SAY WHICH,daf6bc7a3438a7a4037c7b88658ce71e3e397b52604f6845541e19497bb56df4
wav2vec2_large_lv60,suta,195,stage5ext_00781,2bf1907838353bd4ff938cb357518af5cd662218dcf4e05e91bccb5c4981619def6e13f25156c63c468ac5e938051eb89983ae095606bc1ebcbe2aba77dbcf38,Irish English,ireland,Good luck on the way.,GOOD LUCK ON THE WAY,7545099c61b1e7fcf7cd44555207af8102307ccb8ffd9294a623391bce6f8321
wav2vec2_large_lv60,suta,195,stage5ext_00782,2bf1907838353bd4ff938cb357518af5cd662218dcf4e05e91bccb5c4981619def6e13f25156c63c468ac5e938051eb89983ae095606bc1ebcbe2aba77dbcf38,Irish English,ireland,"Like her adored aunt, Paula Wessely prepared for an artistic career.",LIKE HER ADORED AUNT PAULA WESLEY PREPARED FOR AN ARTISTIC CAREER,7545099c61b1e7fcf7cd44555207af8102307ccb8ffd9294a623391bce6f8321
wav2vec2_large_lv60,suta,195,stage5ext_00783,2bf1907838353bd4ff938cb357518af5cd662218dcf4e05e91bccb5c4981619def6e13f25156c63c468ac5e938051eb89983ae095606bc1ebcbe2aba77dbcf38,Irish English,ireland,Fill your pack with bright trinkets for the poor.,FILL YOUR PACK WITH BRIGHT TRINKETS FOR THE POOR,7545099c61b1e7fcf7cd44555207af8102307ccb8ffd9294a623391bce6f8321
wav2vec2_large_lv60,suta,195,stage5ext_00784,2bf1907838353bd4ff938cb357518af5cd662218dcf4e05e91bccb5c4981619def6e13f25156c63c468ac5e938051eb89983ae095606bc1ebcbe2aba77dbcf38,Irish English,ireland,The pigs and cows ran everywhere.,THE PIGS AND COWS RAN EVERYWHERE,7545099c61b1e7fcf7cd44555207af8102307ccb8ffd9294a623391bce6f8321
wav2vec2_large_lv60,suta,196,stage5ext_00785,2bf1907838353bd4ff938cb357518af5cd662218dcf4e05e91bccb5c4981619def6e13f25156c63c468ac5e938051eb89983ae095606bc1ebcbe2aba77dbcf38,Irish English,ireland,"Mrs. McFarlane is a recent widow, versus Mr. McFarlane is alive but away.",MISSUS MCFARLIN IS A RECENT WIDOW VERSUS MISTER MC FARLIN IS ALIVE BUT AWAY,6da770da6632425c7b2b7b7ece3fb217d81994731f8527afdf35b35b5c13dfb3
wav2vec2_large_lv60,suta,196,stage5ext_00786,2bf1907838353bd4ff938cb357518af5cd662218dcf4e05e91bccb5c4981619def6e13f25156c63c468ac5e938051eb89983ae095606bc1ebcbe2aba77dbcf38,Irish English,ireland,He regretted not having made himself clearer.,HE REGRETTED NOT HAVING MADE HIMSELF CLEARER,6da770da6632425c7b2b7b7ece3fb217d81994731f8527afdf35b35b5c13dfb3
wav2vec2_large_lv60,suta,196,stage5ext_00787,2bf1907838353bd4ff938cb357518af5cd662218dcf4e05e91bccb5c4981619def6e13f25156c63c468ac5e938051eb89983ae095606bc1ebcbe2aba77dbcf38,Irish English,ireland,The omens have led me on a wild chase.,THE YOMENS HAVE LED ME ON A WILD CHASE,6da770da6632425c7b2b7b7ece3fb217d81994731f8527afdf35b35b5c13dfb3
wav2vec2_large_lv60,suta,196,stage5ext_00788,2bf1907838353bd4ff938cb357518af5cd662218dcf4e05e91bccb5c4981619def6e13f25156c63c468ac5e938051eb89983ae095606bc1ebcbe2aba77dbcf38,Irish English,ireland,Rome was not built in a day.,ROME WAS NIGHT BUILT IN ADY,6da770da6632425c7b2b7b7ece3fb217d81994731f8527afdf35b35b5c13dfb3
wav2vec2_large_lv60,suta,197,stage5ext_00789,2bf1907838353bd4ff938cb357518af5cd662218dcf4e05e91bccb5c4981619def6e13f25156c63c468ac5e938051eb89983ae095606bc1ebcbe2aba77dbcf38,Irish English,ireland,That's an inherent disadvantage.,THAT'S AN INHERENT DISADVANTAGE,0c4771cec08d43667e8ba82ab1ec50958791169260c34befb494ddef9fe4dc18
wav2vec2_large_lv60,suta,197,stage5ext_00790,2bf1907838353bd4ff938cb357518af5cd662218dcf4e05e91bccb5c4981619def6e13f25156c63c468ac5e938051eb89983ae095606bc1ebcbe2aba77dbcf38,Irish English,ireland,I wasn't certain it'd work at all yesterday.,I WASN'T CERTAIN IT UD WORK AT ALL YESTERDAY,0c4771cec08d43667e8ba82ab1ec50958791169260c34befb494ddef9fe4dc18
wav2vec2_large_lv60,suta,197,stage5ext_00791,2bf1907838353bd4ff938cb357518af5cd662218dcf4e05e91bccb5c4981619def6e13f25156c63c468ac5e938051eb89983ae095606bc1ebcbe2aba77dbcf38,Irish English,ireland,The night becomes a turning point for all five men.,THE NICE BECAME A TURNING POINT FOR ALL FIVE MEN,0c4771cec08d43667e8ba82ab1ec50958791169260c34befb494ddef9fe4dc18
wav2vec2_large_lv60,suta,197,stage5ext_00792,2bf1907838353bd4ff938cb357518af5cd662218dcf4e05e91bccb5c4981619def6e13f25156c63c468ac5e938051eb89983ae095606bc1ebcbe2aba77dbcf38,Irish English,ireland,The population size depends on the nature of the problem.,THE POPULATION SIE DEPENDS ON THE NATURE OF THE PROBLEM,0c4771cec08d43667e8ba82ab1ec50958791169260c34befb494ddef9fe4dc18
wav2vec2_large_lv60,suta,198,stage5ext_00793,2bf1907838353bd4ff938cb357518af5cd662218dcf4e05e91bccb5c4981619def6e13f25156c63c468ac5e938051eb89983ae095606bc1ebcbe2aba77dbcf38,Irish English,ireland,"Maxwell, who was killed in Wan Chai three days before the ceasefire.",MAXWELL HE WAS KILLED IN ON CHI THREE DAYS BEFORE THE SEETS FIRE,fcdb1d2294b8ff3ec454e1f18130b44e659110a6c1366ae024d0890aeabc4495
wav2vec2_large_lv60,suta,198,stage5ext_00794,2bf1907838353bd4ff938cb357518af5cd662218dcf4e05e91bccb5c4981619def6e13f25156c63c468ac5e938051eb89983ae095606bc1ebcbe2aba77dbcf38,Irish English,ireland,A new broom sweeps clean What's bred in the bone.,A NEW BROOM SWEEPS CLEAN WHIT SPREAD IN THE BONE,fcdb1d2294b8ff3ec454e1f18130b44e659110a6c1366ae024d0890aeabc4495
wav2vec2_large_lv60,suta,198,stage5ext_00795,2bf1907838353bd4ff938cb357518af5cd662218dcf4e05e91bccb5c4981619def6e13f25156c63c468ac5e938051eb89983ae095606bc1ebcbe2aba77dbcf38,Irish English,ireland,The beauty of the view stunned the young boy.,THE BEAUTY OF THIS YOUTH STUNS THE YOUNG BOY,fcdb1d2294b8ff3ec454e1f18130b44e659110a6c1366ae024d0890aeabc4495
wav2vec2_large_lv60,suta,198,stage5ext_00796,f3ea04475e301f84785710b9c56023f3c81f7abff656d40e674db8acde55c748688d0a4285eb6e8ea7f4d8b1fb6c99ab3c7f7d460878c4193256a61831e17ce7,Irish English,ireland,Reddy and his wife have two daughters.,REDDY AND HIS WIFE HAVE TWO DAUGHTERS,fcdb1d2294b8ff3ec454e1f18130b44e659110a6c1366ae024d0890aeabc4495
wav2vec2_large_lv60,suta,199,stage5ext_00797,f3ea04475e301f84785710b9c56023f3c81f7abff656d40e674db8acde55c748688d0a4285eb6e8ea7f4d8b1fb6c99ab3c7f7d460878c4193256a61831e17ce7,Irish English,ireland,The Arab executive that emerged from that conference.,THE ARAB EXECUTIVE THAT EMERGE FROM THAT CONFRENCE,df9bfce8c11fd18636e357532d4fdca6315c46fe8c53636bab1e7549331830bb
wav2vec2_large_lv60,suta,199,stage5ext_00798,f3ea04475e301f84785710b9c56023f3c81f7abff656d40e674db8acde55c748688d0a4285eb6e8ea7f4d8b1fb6c99ab3c7f7d460878c4193256a61831e17ce7,Irish English,ireland,The book goes further by examining irony and sarcasm.,THE BOOK GIS FUTER BY EXAMINING IRONY AND STAFFASM,df9bfce8c11fd18636e357532d4fdca6315c46fe8c53636bab1e7549331830bb
wav2vec2_large_lv60,suta,199,stage5ext_00799,f3ea04475e301f84785710b9c56023f3c81f7abff656d40e674db8acde55c748688d0a4285eb6e8ea7f4d8b1fb6c99ab3c7f7d460878c4193256a61831e17ce7,Irish English,ireland,He is close to the Lebanese Forces.,HE IS CLOSE TO LEBONESE VOICES,df9bfce8c11fd18636e357532d4fdca6315c46fe8c53636bab1e7549331830bb
wav2vec2_large_lv60,suta,199,stage5ext_00800,f3ea04475e301f84785710b9c56023f3c81f7abff656d40e674db8acde55c748688d0a4285eb6e8ea7f4d8b1fb6c99ab3c7f7d460878c4193256a61831e17ce7,Irish English,ireland,Deane was overpowered and forced to surrender the prizes.,DANE WAS OVERPOWERED AND FORCED TO SURRENDER THE PRIZES,df9bfce8c11fd18636e357532d4fdca6315c46fe8c53636bab1e7549331830bb
wav2vec2_large_lv60,suta,200,stage5ext_00801,f3ea04475e301f84785710b9c56023f3c81f7abff656d40e674db8acde55c748688d0a4285eb6e8ea7f4d8b1fb6c99ab3c7f7d460878c4193256a61831e17ce7,Irish English,ireland,He was her second husband and they had no children.,HE WAS HER SECOND HUSBAND AND THEY HAD NO CHILDREN,7a4d0888c10a7df528bfbc0916d1f5abf4602d2613679e3f79342f4ef26facac
wav2vec2_large_lv60,suta,200,stage5ext_00802,f3ea04475e301f84785710b9c56023f3c81f7abff656d40e674db8acde55c748688d0a4285eb6e8ea7f4d8b1fb6c99ab3c7f7d460878c4193256a61831e17ce7,Irish English,ireland,The transports were presumably carrying prisoners from the British capture of Corsica.,THETRANSPORTS WERE PRESUMABLY CARRYING PRISONERS IN THE BRITISH CAPTURE OF CORCIPER,7a4d0888c10a7df528bfbc0916d1f5abf4602d2613679e3f79342f4ef26facac
wav2vec2_large_lv60,suta,200,stage5ext_00803,f3ea04475e301f84785710b9c56023f3c81f7abff656d40e674db8acde55c748688d0a4285eb6e8ea7f4d8b1fb6c99ab3c7f7d460878c4193256a61831e17ce7,Irish English,ireland,They clear their stand that they will stand with all communities or caste.,THEY CLEAR THEIR STAND THAT THEY WILL STAND WITH ALL COMMUNITIES OF TASTE,7a4d0888c10a7df528bfbc0916d1f5abf4602d2613679e3f79342f4ef26facac
wav2vec2_large_lv60,suta,200,stage5ext_00804,f3ea04475e301f84785710b9c56023f3c81f7abff656d40e674db8acde55c748688d0a4285eb6e8ea7f4d8b1fb6c99ab3c7f7d460878c4193256a61831e17ce7,Irish English,ireland,Lieutenant Colonel Bell was awarded his second Silver Star for his leadership.,LIEUTENANT COLONEL BELL WAS AWARDED HIS SECOND SILVER STAFF OR HIS LEADERSHIP,7a4d0888c10a7df528bfbc0916d1f5abf4602d2613679e3f79342f4ef26facac
wav2vec2_large_lv60,suta,201,stage5ext_00805,f3ea04475e301f84785710b9c56023f3c81f7abff656d40e674db8acde55c748688d0a4285eb6e8ea7f4d8b1fb6c99ab3c7f7d460878c4193256a61831e17ce7,Irish English,ireland,The automobiles in the Miles Collier Collections at the Revs Institute are working vehicles.,THE AUTOMOBILES AN THE MILES HOLLIER COLLECTIONS AT THE RES TITUTE AT WORK NEFETS,b6154ca73f157704fb1a2515afa746672ffe8540e3ee3424907c4dea9528bce1
wav2vec2_large_lv60,suta,201,stage5ext_00806,f3ea04475e301f84785710b9c56023f3c81f7abff656d40e674db8acde55c748688d0a4285eb6e8ea7f4d8b1fb6c99ab3c7f7d460878c4193256a61831e17ce7,Irish English,ireland,The town is located on the French way of the Camino de Santiago.,THE TOWNIS LOCATED ON THE FRENCH WAY OF CAMONA DE SANTIAGO,b6154ca73f157704fb1a2515afa746672ffe8540e3ee3424907c4dea9528bce1
wav2vec2_large_lv60,suta,201,stage5ext_00807,f3ea04475e301f84785710b9c56023f3c81f7abff656d40e674db8acde55c748688d0a4285eb6e8ea7f4d8b1fb6c99ab3c7f7d460878c4193256a61831e17ce7,Irish English,ireland,Bejarano chose to conduct instead of pursuing her doctorate.,REGIORANO CHOSE TO CONDUCT INSTEAD OF PURSUING HER DOCTOR,b6154ca73f157704fb1a2515afa746672ffe8540e3ee3424907c4dea9528bce1
wav2vec2_large_lv60,suta,201,stage5ext_00808,f3ea04475e301f84785710b9c56023f3c81f7abff656d40e674db8acde55c748688d0a4285eb6e8ea7f4d8b1fb6c99ab3c7f7d460878c4193256a61831e17ce7,Irish English,ireland,It has not been excavated.,IT HAS NOT BEEN EXCAVATED,b6154ca73f157704fb1a2515afa746672ffe8540e3ee3424907c4dea9528bce1
wav2vec2_large_lv60,suta,202,stage5ext_00809,f3ea04475e301f84785710b9c56023f3c81f7abff656d40e674db8acde55c748688d0a4285eb6e8ea7f4d8b1fb6c99ab3c7f7d460878c4193256a61831e17ce7,Irish English,ireland,The result was much the same as St.,THE RESULT WAS MUCH THE SAME AS SATE,cc9b3eb521b8e783fe4871de4787a79ffab0ebef18002d6974a99e406f9af49c
wav2vec2_large_lv60,suta,202,stage5ext_00810,f3ea04475e301f84785710b9c56023f3c81f7abff656d40e674db8acde55c748688d0a4285eb6e8ea7f4d8b1fb6c99ab3c7f7d460878c4193256a61831e17ce7,Irish English,ireland,All four were shot in the United Kingdom.,AL FOUR WE SHUT AN THE UNITED KINDLE,cc9b3eb521b8e783fe4871de4787a79ffab0ebef18002d6974a99e406f9af49c
wav2vec2_large_lv60,suta,202,stage5ext_00811,98434a9a8b4630d9b92df639cfe24cc4aaa5f87868d474c89db46b5c64a423a9bd79967d06c7657d145d04e562a7f2a8c5293333078c2f76c2da86b6ddd14b97,Irish English,ireland,"He treats ""Greek love"" as central to Greek ""aesthetic morality.",HE TREATS GREEK LOVE AS SENTRAL TO GREEK ESTHETIC MORALITY,cc9b3eb521b8e783fe4871de4787a79ffab0ebef18002d6974a99e406f9af49c
wav2vec2_large_lv60,suta,202,stage5ext_00812,98434a9a8b4630d9b92df639cfe24cc4aaa5f87868d474c89db46b5c64a423a9bd79967d06c7657d145d04e562a7f2a8c5293333078c2f76c2da86b6ddd14b97,Irish English,ireland,"The other is ""The Five Orange Pips"", part of ""The Adventures of Sherlock Holmes"".",THE OTHER IS THE FIVE ORANGE PIPS PART OF THE ADVENTURES OF SHERLOCK HOLMES,cc9b3eb521b8e783fe4871de4787a79ffab0ebef18002d6974a99e406f9af49c
wav2vec2_large_lv60,suta,203,stage5ext_00813,98434a9a8b4630d9b92df639cfe24cc4aaa5f87868d474c89db46b5c64a423a9bd79967d06c7657d145d04e562a7f2a8c5293333078c2f76c2da86b6ddd14b97,Irish English,ireland,He used parallels and meridians to link together every place in the world.,HE USED PARALLELS AND MERIDIANS TO LINK TOGETHER EVERY PLACE IN THE WORLD,7331cc595d10972356660cca2930e8c61f5a9b2b41be9091f8b8716b84a4849e
wav2vec2_large_lv60,suta,203,stage5ext_00814,98434a9a8b4630d9b92df639cfe24cc4aaa5f87868d474c89db46b5c64a423a9bd79967d06c7657d145d04e562a7f2a8c5293333078c2f76c2da86b6ddd14b97,Irish English,ireland,"Some train sets use equipment owned by Metro-North, which are so marked.",SOME TRAINSETS USE EQUIPMENT OWNED BY METRO NORTH WHICH ARE SO MARKED,7331cc595d10972356660cca2930e8c61f5a9b2b41be9091f8b8716b84a4849e
wav2vec2_large_lv60,suta,203,stage5ext_00815,98434a9a8b4630d9b92df639cfe24cc4aaa5f87868d474c89db46b5c64a423a9bd79967d06c7657d145d04e562a7f2a8c5293333078c2f76c2da86b6ddd14b97,Irish English,ireland,Its county seat is Aspermont.,ITS COUNTY SEAT IS ASPERMONT,7331cc595d10972356660cca2930e8c61f5a9b2b41be9091f8b8716b84a4849e
wav2vec2_large_lv60,suta,203,stage5ext_00816,98434a9a8b4630d9b92df639cfe24cc4aaa5f87868d474c89db46b5c64a423a9bd79967d06c7657d145d04e562a7f2a8c5293333078c2f76c2da86b6ddd14b97,Irish English,ireland,Urquhart was rewarded with the Norwegian Order of Saint Olav.,UQWAT WAS REWARDED WITH THE NORWEGIAN ORDER OF SAINT OLAF,7331cc595d10972356660cca2930e8c61f5a9b2b41be9091f8b8716b84a4849e
wav2vec2_large_lv60,suta,204,stage5ext_00817,98434a9a8b4630d9b92df639cfe24cc4aaa5f87868d474c89db46b5c64a423a9bd79967d06c7657d145d04e562a7f2a8c5293333078c2f76c2da86b6ddd14b97,Irish English,ireland,"However, gadolinite does not contain more than trace amounts of gadolinium.",HOWEVER GATELENICE DOES NOT CONTAIN MORE THAN TRACEMENTS OF GADOLINIUM,db17763dd460202a7fb4f60d7400e90a4da14867cc08d9e40070c5ad279ae8c5
wav2vec2_large_lv60,suta,204,stage5ext_00818,98434a9a8b4630d9b92df639cfe24cc4aaa5f87868d474c89db46b5c64a423a9bd79967d06c7657d145d04e562a7f2a8c5293333078c2f76c2da86b6ddd14b97,Irish English,ireland,It is still in circulation on radio.,IT IS STILL IN CIRCULATION ON RADIO,db17763dd460202a7fb4f60d7400e90a4da14867cc08d9e40070c5ad279ae8c5
wav2vec2_large_lv60,suta,204,stage5ext_00819,98434a9a8b4630d9b92df639cfe24cc4aaa5f87868d474c89db46b5c64a423a9bd79967d06c7657d145d04e562a7f2a8c5293333078c2f76c2da86b6ddd14b97,Irish English,ireland,"Bach heard about the audition for ""The Dukes of Hazzard"" through her husband.",BAC HERD ABOUT THE ADITION FOR THE DUKES OF HAZARD THROUGH HER HUSBAND,db17763dd460202a7fb4f60d7400e90a4da14867cc08d9e40070c5ad279ae8c5
wav2vec2_large_lv60,suta,204,stage5ext_00820,98434a9a8b4630d9b92df639cfe24cc4aaa5f87868d474c89db46b5c64a423a9bd79967d06c7657d145d04e562a7f2a8c5293333078c2f76c2da86b6ddd14b97,Irish English,ireland,"Upon his appointment, he prohibited alcohol drinking among his players.",ON HIS APPOINTMENT HE PROHIBITES ALCOHOL DRINKING AMONG HIS PLAYERS,db17763dd460202a7fb4f60d7400e90a4da14867cc08d9e40070c5ad279ae8c5
wav2vec2_large_lv60,suta,205,stage5ext_00821,98434a9a8b4630d9b92df639cfe24cc4aaa5f87868d474c89db46b5c64a423a9bd79967d06c7657d145d04e562a7f2a8c5293333078c2f76c2da86b6ddd14b97,Irish English,ireland,"All the Nevada sites below are gaming-entitled, unless otherwise noted.",ALL THE NEVADA SITES BELOW ARE GAMING ENTITLED UNLESS OTHERWISE NOTED,b1d7b2bd3e33a2988581504a5ac7ea71b602c766ed64f8d0b807187ed1df226a
wav2vec2_large_lv60,suta,205,stage5ext_00822,98434a9a8b4630d9b92df639cfe24cc4aaa5f87868d474c89db46b5c64a423a9bd79967d06c7657d145d04e562a7f2a8c5293333078c2f76c2da86b6ddd14b97,Irish English,ireland,The defensive line was anchored by Pro Bowlers Tom Keating and Ben Davidson.,THE DEFENSIVE LINE WAS ANCHORED BY PAL BOWLERS TOM KEITING AND BEN DAVIDSON,b1d7b2bd3e33a2988581504a5ac7ea71b602c766ed64f8d0b807187ed1df226a
wav2vec2_large_lv60,suta,205,stage5ext_00823,98434a9a8b4630d9b92df639cfe24cc4aaa5f87868d474c89db46b5c64a423a9bd79967d06c7657d145d04e562a7f2a8c5293333078c2f76c2da86b6ddd14b97,Irish English,ireland,May is also an accomplished singer.,MAY IS ALSO AN ACCOMPLISHED SINGER,b1d7b2bd3e33a2988581504a5ac7ea71b602c766ed64f8d0b807187ed1df226a
wav2vec2_large_lv60,suta,205,stage5ext_00824,98434a9a8b4630d9b92df639cfe24cc4aaa5f87868d474c89db46b5c64a423a9bd79967d06c7657d145d04e562a7f2a8c5293333078c2f76c2da86b6ddd14b97,Irish English,ireland,Miriam appeared in the doorway.,MIRIAM APPEARED IN THE DOORWAY,b1d7b2bd3e33a2988581504a5ac7ea71b602c766ed64f8d0b807187ed1df226a
wav2vec2_large_lv60,suta,206,stage5ext_00825,98434a9a8b4630d9b92df639cfe24cc4aaa5f87868d474c89db46b5c64a423a9bd79967d06c7657d145d04e562a7f2a8c5293333078c2f76c2da86b6ddd14b97,Irish English,ireland,They were each sentenced to six months in jail.,THEY WERE EACH SENTENCED TO SIX MONTHS IN JAIL,1d6f52d9947d72e69d42a8c9f0d5ce720600bcf16798b004ce71d6afab95d039
wav2vec2_large_lv60,suta,206,stage5ext_00826,194875abc05277ec185b84e1233196c510a5057c4ac33820e8421f58778f054d7eebd2f70a62c96c79b93aa9f5cf99ec1e7e763ee45eed080dfa952fa8bdeb40,Irish English,ireland,The boy preferred wine.,THE BOY PREFERRED BON,1d6f52d9947d72e69d42a8c9f0d5ce720600bcf16798b004ce71d6afab95d039
wav2vec2_large_lv60,suta,206,stage5ext_00827,194875abc05277ec185b84e1233196c510a5057c4ac33820e8421f58778f054d7eebd2f70a62c96c79b93aa9f5cf99ec1e7e763ee45eed080dfa952fa8bdeb40,Irish English,ireland,But he knew that Salem wasn't in Andalusia.,BUT HE KNEW THAT SALEM WASN'T IN ANDELUCIA,1d6f52d9947d72e69d42a8c9f0d5ce720600bcf16798b004ce71d6afab95d039
wav2vec2_large_lv60,suta,206,stage5ext_00828,194875abc05277ec185b84e1233196c510a5057c4ac33820e8421f58778f054d7eebd2f70a62c96c79b93aa9f5cf99ec1e7e763ee45eed080dfa952fa8bdeb40,Irish English,ireland,"He had found where his treasure was, and was frightened at what might happen.",HE HAD FOUND WHERE HIS TREASURE WAS AND WAS FRIGHTENED AT WAT MIGHT HAPPEN,1d6f52d9947d72e69d42a8c9f0d5ce720600bcf16798b004ce71d6afab95d039
wav2vec2_large_lv60,suta,207,stage5ext_00829,194875abc05277ec185b84e1233196c510a5057c4ac33820e8421f58778f054d7eebd2f70a62c96c79b93aa9f5cf99ec1e7e763ee45eed080dfa952fa8bdeb40,Irish English,ireland,The boy was sad as he left her that day.,THE BOY WAS SAD AS HE LEFT HER THAT DAY,b93614a71102e8d49d3bc753df319ca41f41a1770f0ee3ab415abc4a34bf6dd4
wav2vec2_large_lv60,suta,207,stage5ext_00830,194875abc05277ec185b84e1233196c510a5057c4ac33820e8421f58778f054d7eebd2f70a62c96c79b93aa9f5cf99ec1e7e763ee45eed080dfa952fa8bdeb40,Irish English,ireland,He didn't want to cry with the other people there.,HE DIDN'T WANT TO CRY WITH THE OTHER PEOPLE THERE,b93614a71102e8d49d3bc753df319ca41f41a1770f0ee3ab415abc4a34bf6dd4
wav2vec2_large_lv60,suta,207,stage5ext_00831,194875abc05277ec185b84e1233196c510a5057c4ac33820e8421f58778f054d7eebd2f70a62c96c79b93aa9f5cf99ec1e7e763ee45eed080dfa952fa8bdeb40,Irish English,ireland,But horses tire bit by bit.,BUT HORSES TIRE BIT BY BIT,b93614a71102e8d49d3bc753df319ca41f41a1770f0ee3ab415abc4a34bf6dd4
wav2vec2_large_lv60,suta,207,stage5ext_00832,194875abc05277ec185b84e1233196c510a5057c4ac33820e8421f58778f054d7eebd2f70a62c96c79b93aa9f5cf99ec1e7e763ee45eed080dfa952fa8bdeb40,Irish English,ireland,It was such a gradual movement that he found it only by noticing the dots.,IT WAS SUCH A GRADUAL MOVEMENT THAT HE FOUND IT ONLY BY NOTICING THE DARTS,b93614a71102e8d49d3bc753df319ca41f41a1770f0ee3ab415abc4a34bf6dd4
wav2vec2_large_lv60,suta,208,stage5ext_00833,194875abc05277ec185b84e1233196c510a5057c4ac33820e8421f58778f054d7eebd2f70a62c96c79b93aa9f5cf99ec1e7e763ee45eed080dfa952fa8bdeb40,Irish English,ireland,"My seven year resume gap is marked ""Not Drugs"".",MY SEVEN YEAR RESIMEE GAP IS MARKED NOT DROGUES,0de1306305f6ddff1a22f4390cd3bc84d42633268c9638f34cdc2e0ad4dd0768
wav2vec2_large_lv60,suta,208,stage5ext_00834,194875abc05277ec185b84e1233196c510a5057c4ac33820e8421f58778f054d7eebd2f70a62c96c79b93aa9f5cf99ec1e7e763ee45eed080dfa952fa8bdeb40,Irish English,ireland,"I was scared, but wasted no time in going out and crossing the bridge to the sand pits.",I WAS SCARED BUT WASTED NO TIME IN GOING OUT AND CROSSING THE BRIDGE TO THE SANDPITS,0de1306305f6ddff1a22f4390cd3bc84d42633268c9638f34cdc2e0ad4dd0768
wav2vec2_large_lv60,suta,208,stage5ext_00835,194875abc05277ec185b84e1233196c510a5057c4ac33820e8421f58778f054d7eebd2f70a62c96c79b93aa9f5cf99ec1e7e763ee45eed080dfa952fa8bdeb40,Irish English,ireland,Several figures approached him.,SEVERAL FIGURES APPROACHED HIM,0de1306305f6ddff1a22f4390cd3bc84d42633268c9638f34cdc2e0ad4dd0768
wav2vec2_large_lv60,suta,208,stage5ext_00836,194875abc05277ec185b84e1233196c510a5057c4ac33820e8421f58778f054d7eebd2f70a62c96c79b93aa9f5cf99ec1e7e763ee45eed080dfa952fa8bdeb40,Irish English,ireland,He paused for a moment to see if the woman knew what the Egyptian pyramids were.,HE PAUSED FOR A MOMENT TO SEE IF THE WOMAN KNEW WHAT THE EGYPTIAN PYRAMIDS WERE,0de1306305f6ddff1a22f4390cd3bc84d42633268c9638f34cdc2e0ad4dd0768
wav2vec2_large_lv60,suta,209,stage5ext_00837,194875abc05277ec185b84e1233196c510a5057c4ac33820e8421f58778f054d7eebd2f70a62c96c79b93aa9f5cf99ec1e7e763ee45eed080dfa952fa8bdeb40,Irish English,ireland,"The alchemist stopped abruptly, and bent to the ground.",THE ALCHEMIST STOPPED ABRUPTLY AND BENT TO THE GROUND,d60f54ec8f5627b501ac631245a4a0058e90935c5a298cd4660253c6eb25a7ec
wav2vec2_large_lv60,suta,209,stage5ext_00838,194875abc05277ec185b84e1233196c510a5057c4ac33820e8421f58778f054d7eebd2f70a62c96c79b93aa9f5cf99ec1e7e763ee45eed080dfa952fa8bdeb40,Irish English,ireland,The two were taken to a nearby military camp.,THE TWO WERE TAKEN TO A NEARBY MILITARY CAMP,d60f54ec8f5627b501ac631245a4a0058e90935c5a298cd4660253c6eb25a7ec
wav2vec2_large_lv60,suta,209,stage5ext_00839,194875abc05277ec185b84e1233196c510a5057c4ac33820e8421f58778f054d7eebd2f70a62c96c79b93aa9f5cf99ec1e7e763ee45eed080dfa952fa8bdeb40,Irish English,ireland,That he had attended a seminary until he was sixteen.,THAT HE HAD ATTENDED THE SEMINARY UNTIL HE WAS SIXTEEN,d60f54ec8f5627b501ac631245a4a0058e90935c5a298cd4660253c6eb25a7ec
wav2vec2_large_lv60,suta,209,stage5ext_00840,194875abc05277ec185b84e1233196c510a5057c4ac33820e8421f58778f054d7eebd2f70a62c96c79b93aa9f5cf99ec1e7e763ee45eed080dfa952fa8bdeb40,Irish English,ireland,It seems old and wise.,IT SEEMS OLD AND WISE,d60f54ec8f5627b501ac631245a4a0058e90935c5a298cd4660253c6eb25a7ec
wav2vec2_large_lv60,suta,210,stage5ext_00841,672a3259269b97062367fcafac924cb6013a30f9e34c09eff5c41b6d81f8a9b8e797beba73bbe770cb6ecdcdcc0039306ffae6e7c53294f92803666e3fa86b1b,Irish English,ireland,"To be fully funded, some lending must occur.",TO BE FULLY FUNDED SOME LENDING MUST OCCUR,7585f1f89d007765129cdd077c98d5b86a8a29d2eae3c407808456c8f6e7be1c
wav2vec2_large_lv60,suta,210,stage5ext_00842,672a3259269b97062367fcafac924cb6013a30f9e34c09eff5c41b6d81f8a9b8e797beba73bbe770cb6ecdcdcc0039306ffae6e7c53294f92803666e3fa86b1b,Irish English,ireland,What'll it take till the bank reopens?,WHAT'LL IT TAKE TILL THE BANK REOPENS,7585f1f89d007765129cdd077c98d5b86a8a29d2eae3c407808456c8f6e7be1c
wav2vec2_large_lv60,suta,210,stage5ext_00843,672a3259269b97062367fcafac924cb6013a30f9e34c09eff5c41b6d81f8a9b8e797beba73bbe770cb6ecdcdcc0039306ffae6e7c53294f92803666e3fa86b1b,Irish English,ireland,I don't think this theory explains why the particles attract each other this strongly.,I DON'T THINK TISTERY EXPLAINS WHY THE PARTICLES ATTRACT EACH OTHER ASTRONGLY,7585f1f89d007765129cdd077c98d5b86a8a29d2eae3c407808456c8f6e7be1c
wav2vec2_large_lv60,suta,210,stage5ext_00844,672a3259269b97062367fcafac924cb6013a30f9e34c09eff5c41b6d81f8a9b8e797beba73bbe770cb6ecdcdcc0039306ffae6e7c53294f92803666e3fa86b1b,Irish English,ireland,Do you mean the speech you're writing?,DO YOU MEAN THE SPEECH YOU'RE WRITING,7585f1f89d007765129cdd077c98d5b86a8a29d2eae3c407808456c8f6e7be1c
wav2vec2_large_lv60,suta,211,stage5ext_00845,672a3259269b97062367fcafac924cb6013a30f9e34c09eff5c41b6d81f8a9b8e797beba73bbe770cb6ecdcdcc0039306ffae6e7c53294f92803666e3fa86b1b,Irish English,ireland,And there you were in bed.,AND THERE YOU WERE IN BED,fefd580286d6bcac187b76da233e23bbdc10c1d3fdd883912930d1393f75d16f
wav2vec2_large_lv60,suta,211,stage5ext_00846,672a3259269b97062367fcafac924cb6013a30f9e34c09eff5c41b6d81f8a9b8e797beba73bbe770cb6ecdcdcc0039306ffae6e7c53294f92803666e3fa86b1b,Irish English,ireland,I admit that I'm an alcoholic.,I ADMIT THAT IAM AN ALCOHOLIC,fefd580286d6bcac187b76da233e23bbdc10c1d3fdd883912930d1393f75d16f
wav2vec2_large_lv60,suta,211,stage5ext_00847,672a3259269b97062367fcafac924cb6013a30f9e34c09eff5c41b6d81f8a9b8e797beba73bbe770cb6ecdcdcc0039306ffae6e7c53294f92803666e3fa86b1b,Irish English,ireland,What's that got to do with it?,WHATS THAT GOT TO DO WITIS,fefd580286d6bcac187b76da233e23bbdc10c1d3fdd883912930d1393f75d16f
wav2vec2_large_lv60,suta,211,stage5ext_00848,672a3259269b97062367fcafac924cb6013a30f9e34c09eff5c41b6d81f8a9b8e797beba73bbe770cb6ecdcdcc0039306ffae6e7c53294f92803666e3fa86b1b,Irish English,ireland,This investment won't pay off.,THIS INVESTMENT WON'T PAY OFF,fefd580286d6bcac187b76da233e23bbdc10c1d3fdd883912930d1393f75d16f
wav2vec2_large_lv60,suta,212,stage5ext_00849,672a3259269b97062367fcafac924cb6013a30f9e34c09eff5c41b6d81f8a9b8e797beba73bbe770cb6ecdcdcc0039306ffae6e7c53294f92803666e3fa86b1b,Irish English,ireland,And don't forget to make him wear his raincoat in London.,AND DON'T FORGET TO MAKE HIM WEAR HIS RAINCOT IN LONDON,c33eec9f234c1fd2068bd3aef13f972da2ae0e93013c6df1850644e6b432be9a
wav2vec2_large_lv60,suta,212,stage5ext_00850,672a3259269b97062367fcafac924cb6013a30f9e34c09eff5c41b6d81f8a9b8e797beba73bbe770cb6ecdcdcc0039306ffae6e7c53294f92803666e3fa86b1b,Irish English,ireland,This peach tart is tasty.,THIS PEACH TART IS TASTY,c33eec9f234c1fd2068bd3aef13f972da2ae0e93013c6df1850644e6b432be9a
wav2vec2_large_lv60,suta,212,stage5ext_00851,672a3259269b97062367fcafac924cb6013a30f9e34c09eff5c41b6d81f8a9b8e797beba73bbe770cb6ecdcdcc0039306ffae6e7c53294f92803666e3fa86b1b,Irish English,ireland,I didn't say anything.,I DIDN'T SAY ANYHIN,c33eec9f234c1fd2068bd3aef13f972da2ae0e93013c6df1850644e6b432be9a
wav2vec2_large_lv60,suta,212,stage5ext_00852,672a3259269b97062367fcafac924cb6013a30f9e34c09eff5c41b6d81f8a9b8e797beba73bbe770cb6ecdcdcc0039306ffae6e7c53294f92803666e3fa86b1b,Irish English,ireland,I don't care what you say.,I DON'T CARE WHAT YOU SAY,c33eec9f234c1fd2068bd3aef13f972da2ae0e93013c6df1850644e6b432be9a
wav2vec2_large_lv60,suta,213,stage5ext_00853,672a3259269b97062367fcafac924cb6013a30f9e34c09eff5c41b6d81f8a9b8e797beba73bbe770cb6ecdcdcc0039306ffae6e7c53294f92803666e3fa86b1b,Irish English,ireland,I can't find it anywhere.,I CANT FIND IT ANYWHERE,f9e8cf2dd185809130a306234fd6fbeb94184160cf8b6bab42cdee7cf9c9cefb
wav2vec2_large_lv60,suta,213,stage5ext_00854,672a3259269b97062367fcafac924cb6013a30f9e34c09eff5c41b6d81f8a9b8e797beba73bbe770cb6ecdcdcc0039306ffae6e7c53294f92803666e3fa86b1b,Irish English,ireland,"If a pen has no ink, it's broken.",IF A PEN HAS NO INK IT'S BROKEN,f9e8cf2dd185809130a306234fd6fbeb94184160cf8b6bab42cdee7cf9c9cefb
wav2vec2_large_lv60,suta,213,stage5ext_00855,672a3259269b97062367fcafac924cb6013a30f9e34c09eff5c41b6d81f8a9b8e797beba73bbe770cb6ecdcdcc0039306ffae6e7c53294f92803666e3fa86b1b,Irish English,ireland,The houses were squashed together like sardines.,THE HOUSES WERE SQUASHED TOGETHER LIKE SARDINES,f9e8cf2dd185809130a306234fd6fbeb94184160cf8b6bab42cdee7cf9c9cefb
wav2vec2_large_lv60,suta,213,stage5ext_00856,02cb893287feb15b25162b42913f21d4cef7b8b96119618c39ad96f550afc59fc5cb33155d5a3142b86ea467935fa50993f69d0e0aebf5f8b22f2a05004d4165,Irish English,ireland,To nourish the falcon.,TO NOURISH THE FALCON,f9e8cf2dd185809130a306234fd6fbeb94184160cf8b6bab42cdee7cf9c9cefb
wav2vec2_large_lv60,suta,214,stage5ext_00857,02cb893287feb15b25162b42913f21d4cef7b8b96119618c39ad96f550afc59fc5cb33155d5a3142b86ea467935fa50993f69d0e0aebf5f8b22f2a05004d4165,Irish English,ireland,"There's gold here, he said.",THEREIS GOLD HERE HE SAID,8a4ded2f9a94b41413e84a245dbfe9975bba4a07d9d516333a36190cbd07a0c3
wav2vec2_large_lv60,suta,214,stage5ext_00858,02cb893287feb15b25162b42913f21d4cef7b8b96119618c39ad96f550afc59fc5cb33155d5a3142b86ea467935fa50993f69d0e0aebf5f8b22f2a05004d4165,Irish English,ireland,I had seen all that it would presently bring me.,I HAD SEEN ALL THAT IT WOULD PRESENTLY BRING ME,8a4ded2f9a94b41413e84a245dbfe9975bba4a07d9d516333a36190cbd07a0c3
wav2vec2_large_lv60,suta,214,stage5ext_00859,02cb893287feb15b25162b42913f21d4cef7b8b96119618c39ad96f550afc59fc5cb33155d5a3142b86ea467935fa50993f69d0e0aebf5f8b22f2a05004d4165,Irish English,ireland,It was my fear of failure that first kept me from attempting the Master Work.,IT WAS MY FEAR OF FAILURE THAT FIRST KEPT ME FROM ATTEMPTING THE MASTER WORK,8a4ded2f9a94b41413e84a245dbfe9975bba4a07d9d516333a36190cbd07a0c3
wav2vec2_large_lv60,suta,214,stage5ext_00860,02cb893287feb15b25162b42913f21d4cef7b8b96119618c39ad96f550afc59fc5cb33155d5a3142b86ea467935fa50993f69d0e0aebf5f8b22f2a05004d4165,Irish English,ireland,He saw the boy appear from the other side of the dunes.,HE SAW THE BOY APPEAR FROM THE OTHER SIDE OF THE DUNES,8a4ded2f9a94b41413e84a245dbfe9975bba4a07d9d516333a36190cbd07a0c3
wav2vec2_large_lv60,suta,215,stage5ext_00861,02cb893287feb15b25162b42913f21d4cef7b8b96119618c39ad96f550afc59fc5cb33155d5a3142b86ea467935fa50993f69d0e0aebf5f8b22f2a05004d4165,Irish English,ireland,"I'm a desert woman, and I'm proud of that.",I'M A DESERT WOMAN AND I'M PROUD OF THAT,61804d539e7c3413fed2e481b533045e36d20bd6b34c6a3215e6290d74abba19
wav2vec2_large_lv60,suta,215,stage5ext_00862,02cb893287feb15b25162b42913f21d4cef7b8b96119618c39ad96f550afc59fc5cb33155d5a3142b86ea467935fa50993f69d0e0aebf5f8b22f2a05004d4165,Irish English,ireland,"It's the Emerald Tablet, said the Englishman, proud that he might teach something to the boy.",IT'S THE EMERALD TABLET SAID THE ENGLISHMAN PROUD THAT HE MIGHT TEACH SOMETHING TO THE BOY,61804d539e7c3413fed2e481b533045e36d20bd6b34c6a3215e6290d74abba19
wav2vec2_large_lv60,suta,215,stage5ext_00863,02cb893287feb15b25162b42913f21d4cef7b8b96119618c39ad96f550afc59fc5cb33155d5a3142b86ea467935fa50993f69d0e0aebf5f8b22f2a05004d4165,Irish English,ireland,"He stuck his hand into the pouch, and felt around for one of the stones.",HE STUCK HIS HAND IN THE POUCH AND FELT AROUND FOR ONE OF THE STONES,61804d539e7c3413fed2e481b533045e36d20bd6b34c6a3215e6290d74abba19
wav2vec2_large_lv60,suta,215,stage5ext_00864,02cb893287feb15b25162b42913f21d4cef7b8b96119618c39ad96f550afc59fc5cb33155d5a3142b86ea467935fa50993f69d0e0aebf5f8b22f2a05004d4165,Irish English,ireland,"The heather was on fire, and you could see a thin blue smoke rising up slowly.",THE HEATHER WAS ON FIRE AND HE COULD SEE A THIN BLUE SMOKE RISING UP SLOWLY,61804d539e7c3413fed2e481b533045e36d20bd6b34c6a3215e6290d74abba19
wav2vec2_large_lv60,suta,216,stage5ext_00865,02cb893287feb15b25162b42913f21d4cef7b8b96119618c39ad96f550afc59fc5cb33155d5a3142b86ea467935fa50993f69d0e0aebf5f8b22f2a05004d4165,Irish English,ireland,where the sand was more substantial.,WHERE THE SAND WAS MORE SUBSTANTIAL,c6b4258b9e440b59affc51cdef232fe72578085f62fa8e1bed880bf8584115f5
wav2vec2_large_lv60,suta,216,stage5ext_00866,02cb893287feb15b25162b42913f21d4cef7b8b96119618c39ad96f550afc59fc5cb33155d5a3142b86ea467935fa50993f69d0e0aebf5f8b22f2a05004d4165,Irish English,ireland,The three fell silent.,THE THREE FELL SILENT,c6b4258b9e440b59affc51cdef232fe72578085f62fa8e1bed880bf8584115f5
wav2vec2_large_lv60,suta,216,stage5ext_00867,02cb893287feb15b25162b42913f21d4cef7b8b96119618c39ad96f550afc59fc5cb33155d5a3142b86ea467935fa50993f69d0e0aebf5f8b22f2a05004d4165,Irish English,ireland,But I didn’t think that it contained any living creature.,BUT I DIDN'T THINK THAT IT CONTAINED ANY LIVING CREATURE,c6b4258b9e440b59affc51cdef232fe72578085f62fa8e1bed880bf8584115f5
wav2vec2_large_lv60,suta,216,stage5ext_00868,02cb893287feb15b25162b42913f21d4cef7b8b96119618c39ad96f550afc59fc5cb33155d5a3142b86ea467935fa50993f69d0e0aebf5f8b22f2a05004d4165,Irish English,ireland,He didn't want to cry with the other people there.,HE DIDN'T WANT TO CRY WITH THE OTHER PEOPLE THERE,c6b4258b9e440b59affc51cdef232fe72578085f62fa8e1bed880bf8584115f5
wav2vec2_large_lv60,suta,217,stage5ext_00869,02cb893287feb15b25162b42913f21d4cef7b8b96119618c39ad96f550afc59fc5cb33155d5a3142b86ea467935fa50993f69d0e0aebf5f8b22f2a05004d4165,Irish English,ireland,"About eleven, I walked back to my home in Maybury because nothing seemed to be happening.",ABOUT ELEVEN I WALKED BACK TO MY HOME IN MAYBURY BECAUSE NOTHING SEEMED TO BE HAPPENING,7f179d79e739f7da9c182fce4bd345f9d4d2e28bbab06b55c416096ccf2daa67
wav2vec2_large_lv60,suta,217,stage5ext_00870,02cb893287feb15b25162b42913f21d4cef7b8b96119618c39ad96f550afc59fc5cb33155d5a3142b86ea467935fa50993f69d0e0aebf5f8b22f2a05004d4165,Irish English,ireland,That sobered him a little.,THAT SOBERED HIM A LITTLE,7f179d79e739f7da9c182fce4bd345f9d4d2e28bbab06b55c416096ccf2daa67
wav2vec2_large_lv60,suta,217,stage5ext_00871,bd50f6c0e65e80961fb044a2591721940ca6cd6836496cde2353e06259e959af9c47fa4fb6d9fa8b16cc5285e232f3543059af36f41495c786198bdfd83d4b88,Irish English,ireland,Its county seat is Red Cloud.,ITS COUNTY SEAT IS REDCLOUD,7f179d79e739f7da9c182fce4bd345f9d4d2e28bbab06b55c416096ccf2daa67
wav2vec2_large_lv60,suta,217,stage5ext_00872,bd50f6c0e65e80961fb044a2591721940ca6cd6836496cde2353e06259e959af9c47fa4fb6d9fa8b16cc5285e232f3543059af36f41495c786198bdfd83d4b88,Irish English,ireland,"After eighty-seven minutes of test football, Australia gained possession of the ball.",AFTER EIGHTY SEVEN MINUTES OF TEST FOOTBALL AUSTRALIA GAINED POSSESSION OF THE BALL,7f179d79e739f7da9c182fce4bd345f9d4d2e28bbab06b55c416096ccf2daa67
wav2vec2_large_lv60,suta,218,stage5ext_00873,bd50f6c0e65e80961fb044a2591721940ca6cd6836496cde2353e06259e959af9c47fa4fb6d9fa8b16cc5285e232f3543059af36f41495c786198bdfd83d4b88,Irish English,ireland,The ability displayed by him in this led to his rapid advancement.,THE ABILITY DISPLAYED BY HIM AN THIS LED TO HIS RAPID ADVANCEMENT,495e7eaeb43d9974fac73f6791aa4a217a4a8d7893f64d7558204ba814ba8896
wav2vec2_large_lv60,suta,218,stage5ext_00874,bd50f6c0e65e80961fb044a2591721940ca6cd6836496cde2353e06259e959af9c47fa4fb6d9fa8b16cc5285e232f3543059af36f41495c786198bdfd83d4b88,Irish English,ireland,The building resembled a typical Kirkbride model.,THE BUILDING RESEMBLED A TYPICAL CART BRIDE MODEL,495e7eaeb43d9974fac73f6791aa4a217a4a8d7893f64d7558204ba814ba8896
wav2vec2_large_lv60,suta,218,stage5ext_00875,bd50f6c0e65e80961fb044a2591721940ca6cd6836496cde2353e06259e959af9c47fa4fb6d9fa8b16cc5285e232f3543059af36f41495c786198bdfd83d4b88,Irish English,ireland,"In engineering science and in other technical aspects, the term galling is widespread.",IN ENGINEERING SCIENCE AND IN OTHER TECHNICAL ASPECTS THE TERM GALLING IS WIDESPREAD,495e7eaeb43d9974fac73f6791aa4a217a4a8d7893f64d7558204ba814ba8896
wav2vec2_large_lv60,suta,218,stage5ext_00876,bd50f6c0e65e80961fb044a2591721940ca6cd6836496cde2353e06259e959af9c47fa4fb6d9fa8b16cc5285e232f3543059af36f41495c786198bdfd83d4b88,Irish English,ireland,Zinc is a necessary nutrient for optimal yeast health and performance.,ZINC IS A NECESSARY NUTRIENT FOR OPTIMOL YEAST HEALTH AND PERFORMANCE,495e7eaeb43d9974fac73f6791aa4a217a4a8d7893f64d7558204ba814ba8896
wav2vec2_large_lv60,suta,219,stage5ext_00877,bd50f6c0e65e80961fb044a2591721940ca6cd6836496cde2353e06259e959af9c47fa4fb6d9fa8b16cc5285e232f3543059af36f41495c786198bdfd83d4b88,Irish English,ireland,Another common type of certification in modern society is product certification.,ANOTHER COMMON TYPE OF CERTIFICATION IN MODERN SOCIETY IS PRODUCT CERTIFICATION,03a69fb3db40f90df82447df282b899eac9088dc97d5fb005c8473e90fbb2566
wav2vec2_large_lv60,suta,219,stage5ext_00878,bd50f6c0e65e80961fb044a2591721940ca6cd6836496cde2353e06259e959af9c47fa4fb6d9fa8b16cc5285e232f3543059af36f41495c786198bdfd83d4b88,Irish English,ireland,Originally usage of the road was free of charge.,ORIGINALLY USAGE OF THE ROAD WAS FREE OF CHARGE,03a69fb3db40f90df82447df282b899eac9088dc97d5fb005c8473e90fbb2566
wav2vec2_large_lv60,suta,219,stage5ext_00879,bd50f6c0e65e80961fb044a2591721940ca6cd6836496cde2353e06259e959af9c47fa4fb6d9fa8b16cc5285e232f3543059af36f41495c786198bdfd83d4b88,Irish English,ireland,"In general, there are two types of scanner setups.",IN GENERAL THERE ARE TWO TYPES OF SCANERSETUPS,03a69fb3db40f90df82447df282b899eac9088dc97d5fb005c8473e90fbb2566
wav2vec2_large_lv60,suta,219,stage5ext_00880,bd50f6c0e65e80961fb044a2591721940ca6cd6836496cde2353e06259e959af9c47fa4fb6d9fa8b16cc5285e232f3543059af36f41495c786198bdfd83d4b88,Irish English,ireland,The equivalent Ukrainian-language surname is Lytvyn.,THE EQUIVALENT EUCRANIAN LANGUAGE SURNAME IS LUYTVEN,03a69fb3db40f90df82447df282b899eac9088dc97d5fb005c8473e90fbb2566
wav2vec2_large_lv60,suta,220,stage5ext_00881,bd50f6c0e65e80961fb044a2591721940ca6cd6836496cde2353e06259e959af9c47fa4fb6d9fa8b16cc5285e232f3543059af36f41495c786198bdfd83d4b88,Irish English,ireland,The first settlers in Isipingo arrived before the beginning of Apartheid.,THE FIRST SETTLERS IN ISOPINGO ARRIVE BEFORE THE BEGINNING OF A PARTITE,15f470153ad4467a12493171fd848ce5fef4ea74492859bfd725fa4aae53eaad
wav2vec2_large_lv60,suta,220,stage5ext_00882,bd50f6c0e65e80961fb044a2591721940ca6cd6836496cde2353e06259e959af9c47fa4fb6d9fa8b16cc5285e232f3543059af36f41495c786198bdfd83d4b88,Irish English,ireland,"There is an elaborate memorial to him in Saint Edward the Confessor Church, Romford.",THERE IS AN ELABORATE MEMORIAL TO HIM IN SAINT EDWARD THE CONFESSOR CHURCH RUMFORD,15f470153ad4467a12493171fd848ce5fef4ea74492859bfd725fa4aae53eaad
wav2vec2_large_lv60,suta,220,stage5ext_00883,bd50f6c0e65e80961fb044a2591721940ca6cd6836496cde2353e06259e959af9c47fa4fb6d9fa8b16cc5285e232f3543059af36f41495c786198bdfd83d4b88,Irish English,ireland,American public school system was introduced and general health and sanitation campaign was launched.,AMERICAN PUBLIC SCHOOL SYSTEM WAS INTRODUCED AND GENERAL HEALTH AND SANITATION CAMPAIGN WAS LAUNCHED,15f470153ad4467a12493171fd848ce5fef4ea74492859bfd725fa4aae53eaad
wav2vec2_large_lv60,suta,220,stage5ext_00884,bd50f6c0e65e80961fb044a2591721940ca6cd6836496cde2353e06259e959af9c47fa4fb6d9fa8b16cc5285e232f3543059af36f41495c786198bdfd83d4b88,Irish English,ireland,Mponela is primarily an agricultural town without touristic interest.,UMPANELA IS PRIMARILY AN AGRICULTURAL TOWN WITHOUT TOURISTIC INTEREST,15f470153ad4467a12493171fd848ce5fef4ea74492859bfd725fa4aae53eaad
wav2vec2_large_lv60,suta,221,stage5ext_00885,bd50f6c0e65e80961fb044a2591721940ca6cd6836496cde2353e06259e959af9c47fa4fb6d9fa8b16cc5285e232f3543059af36f41495c786198bdfd83d4b88,Irish English,ireland,The family lives in Suffolk.,THE FAMILY LIVES IN SUFFOLK,11b5b0eb7b905304eb593f73bde76f0fd7fbd5ac0c29b653fa8dd9c437cf6a46
wav2vec2_large_lv60,suta,221,stage5ext_00886,298c0f3d5e3352df02aa3a6a7a132199f93bdccf8457a134e6133cb2cf9bc435869f9e0ed6068a4152cdd933c02fc02573e8a2d6c12bcf52810d8ab52fd60a33,Irish English,ireland,A rag will soak up spilled water.,A RAG WILL SOAK UP SPILLED WATER,11b5b0eb7b905304eb593f73bde76f0fd7fbd5ac0c29b653fa8dd9c437cf6a46
wav2vec2_large_lv60,suta,221,stage5ext_00887,298c0f3d5e3352df02aa3a6a7a132199f93bdccf8457a134e6133cb2cf9bc435869f9e0ed6068a4152cdd933c02fc02573e8a2d6c12bcf52810d8ab52fd60a33,Irish English,ireland,What's it all about?,WHAT'S IT ALL ABOUT,11b5b0eb7b905304eb593f73bde76f0fd7fbd5ac0c29b653fa8dd9c437cf6a46
wav2vec2_large_lv60,suta,221,stage5ext_00888,298c0f3d5e3352df02aa3a6a7a132199f93bdccf8457a134e6133cb2cf9bc435869f9e0ed6068a4152cdd933c02fc02573e8a2d6c12bcf52810d8ab52fd60a33,Irish English,ireland,Little strokes fell great oaks.,LITTLE STROKES FOUND GREAT OAKS,11b5b0eb7b905304eb593f73bde76f0fd7fbd5ac0c29b653fa8dd9c437cf6a46
wav2vec2_large_lv60,suta,222,stage5ext_00889,298c0f3d5e3352df02aa3a6a7a132199f93bdccf8457a134e6133cb2cf9bc435869f9e0ed6068a4152cdd933c02fc02573e8a2d6c12bcf52810d8ab52fd60a33,Irish English,ireland,First impressions are the most lasting.,FIRST IMPRESSIONS ARE THE MOST LASTING,a25dbf490e22b00f73a9806c7f98bc98f335510ff60eea51c8a9ff8ec4ccdffa
wav2vec2_large_lv60,suta,222,stage5ext_00890,298c0f3d5e3352df02aa3a6a7a132199f93bdccf8457a134e6133cb2cf9bc435869f9e0ed6068a4152cdd933c02fc02573e8a2d6c12bcf52810d8ab52fd60a33,Irish English,ireland,So you are saying that overpopulation will become an issue?,SO YOU ARE SAYING THAT OVERPOPULATION WILL BECOME AN ISSUE,a25dbf490e22b00f73a9806c7f98bc98f335510ff60eea51c8a9ff8ec4ccdffa
wav2vec2_large_lv60,suta,222,stage5ext_00891,298c0f3d5e3352df02aa3a6a7a132199f93bdccf8457a134e6133cb2cf9bc435869f9e0ed6068a4152cdd933c02fc02573e8a2d6c12bcf52810d8ab52fd60a33,Irish English,ireland,Stop beating around the bush.,STOP BEATING ROUND THE BUSH,a25dbf490e22b00f73a9806c7f98bc98f335510ff60eea51c8a9ff8ec4ccdffa
wav2vec2_large_lv60,suta,222,stage5ext_00892,298c0f3d5e3352df02aa3a6a7a132199f93bdccf8457a134e6133cb2cf9bc435869f9e0ed6068a4152cdd933c02fc02573e8a2d6c12bcf52810d8ab52fd60a33,Irish English,ireland,The cat sat on the fence.,THE CATS SAT ON THE FENCE,a25dbf490e22b00f73a9806c7f98bc98f335510ff60eea51c8a9ff8ec4ccdffa
wav2vec2_large_lv60,suta,223,stage5ext_00893,298c0f3d5e3352df02aa3a6a7a132199f93bdccf8457a134e6133cb2cf9bc435869f9e0ed6068a4152cdd933c02fc02573e8a2d6c12bcf52810d8ab52fd60a33,Irish English,ireland,That is unlikely considering it has his name on it.,THAT IS UNLIKELY CONSIDERING IT HAS HIS NAME ON IT,e949a3bbf4be6baabfd260a078888cb9e672349ad000c590db72e58c1e54bbe7
wav2vec2_large_lv60,suta,223,stage5ext_00894,298c0f3d5e3352df02aa3a6a7a132199f93bdccf8457a134e6133cb2cf9bc435869f9e0ed6068a4152cdd933c02fc02573e8a2d6c12bcf52810d8ab52fd60a33,Irish English,ireland,Loop the braid to the left and then over.,LOOPS O RED TO THE LAST AND THEN OVER,e949a3bbf4be6baabfd260a078888cb9e672349ad000c590db72e58c1e54bbe7
wav2vec2_large_lv60,suta,223,stage5ext_00895,298c0f3d5e3352df02aa3a6a7a132199f93bdccf8457a134e6133cb2cf9bc435869f9e0ed6068a4152cdd933c02fc02573e8a2d6c12bcf52810d8ab52fd60a33,Irish English,ireland,Tranquillity is the first duty of citizens,TRANQUILLITY IS THE FIRST DUTY OF CITIZENS,e949a3bbf4be6baabfd260a078888cb9e672349ad000c590db72e58c1e54bbe7
wav2vec2_large_lv60,suta,223,stage5ext_00896,298c0f3d5e3352df02aa3a6a7a132199f93bdccf8457a134e6133cb2cf9bc435869f9e0ed6068a4152cdd933c02fc02573e8a2d6c12bcf52810d8ab52fd60a33,Irish English,ireland,"Forget it, there is no such thing.",FORGET IT THERE IS NO SUCH THING,e949a3bbf4be6baabfd260a078888cb9e672349ad000c590db72e58c1e54bbe7
wav2vec2_large_lv60,suta,224,stage5ext_00897,298c0f3d5e3352df02aa3a6a7a132199f93bdccf8457a134e6133cb2cf9bc435869f9e0ed6068a4152cdd933c02fc02573e8a2d6c12bcf52810d8ab52fd60a33,Irish English,ireland,The wreck occurred by the bank on Main Street.,THE WRECK OCCURRED BY THE BANK ON MAIN STREET,aa8639f3a3092aaa601963fee4fc71a78ce365a8947f8e66559df53e3a3d4385
wav2vec2_large_lv60,suta,224,stage5ext_00898,298c0f3d5e3352df02aa3a6a7a132199f93bdccf8457a134e6133cb2cf9bc435869f9e0ed6068a4152cdd933c02fc02573e8a2d6c12bcf52810d8ab52fd60a33,Irish English,ireland,It dribbled down the fridge.,IT DRIPPLED DON THE FRIDGE,aa8639f3a3092aaa601963fee4fc71a78ce365a8947f8e66559df53e3a3d4385
wav2vec2_large_lv60,suta,224,stage5ext_00899,298c0f3d5e3352df02aa3a6a7a132199f93bdccf8457a134e6133cb2cf9bc435869f9e0ed6068a4152cdd933c02fc02573e8a2d6c12bcf52810d8ab52fd60a33,Irish English,ireland,Variations on a musical air With great rapidity,VARIATIONS ON A MUSICAL AIR WITH GREAT RAPIDITY,aa8639f3a3092aaa601963fee4fc71a78ce365a8947f8e66559df53e3a3d4385
wav2vec2_large_lv60,suta,224,stage5ext_00900,298c0f3d5e3352df02aa3a6a7a132199f93bdccf8457a134e6133cb2cf9bc435869f9e0ed6068a4152cdd933c02fc02573e8a2d6c12bcf52810d8ab52fd60a33,Irish English,ireland,He could not help it.,HE COULD NOT HELP IT,aa8639f3a3092aaa601963fee4fc71a78ce365a8947f8e66559df53e3a3d4385
