model_key,method,window_id,recording_id,speaker_id,group_id,stratum_code,reference_raw,hypothesis_raw,theta_hash
wav2vec2_large_robust,suta,0,stage5ext_00001,c90b53f826ff81831f6499b9e1e98607e8b2c0f8bbaf8be1bf62bf27dc7ff887bd734b9a4cee852af2d1acda3e479781d7c5a8b1633407b705905c4b5049cb35,US English,us,I got drunk yesterday and thought I built a super computer.,I GOT DRUNK YESTERDAY AND THOUGHT I BUILT A SUPER COMPUTER,a2900e43918c3010596074c2b70d3c6e06b86c0cf445ffa407f7e97d7074667f
wav2vec2_large_robust,suta,0,stage5ext_00002,c90b53f826ff81831f6499b9e1e98607e8b2c0f8bbaf8be1bf62bf27dc7ff887bd734b9a4cee852af2d1acda3e479781d7c5a8b1633407b705905c4b5049cb35,US English,us,"Every file had the letter ""A"" printed on the front.",EVERY FILE HAD THE LETTER A PRINTED IN THE FRONT,a2900e43918c3010596074c2b70d3c6e06b86c0cf445ffa407f7e97d7074667f
wav2vec2_large_robust,suta,0,stage5ext_00003,c90b53f826ff81831f6499b9e1e98607e8b2c0f8bbaf8be1bf62bf27dc7ff887bd734b9a4cee852af2d1acda3e479781d7c5a8b1633407b705905c4b5049cb35,US English,us,I'm not familiar with the books this author wrote.,I'M NOT FAMILIAR WITH THE BOOKS THIS AUTHOR WROTE,a2900e43918c3010596074c2b70d3c6e06b86c0cf445ffa407f7e97d7074667f
wav2vec2_large_robust,suta,0,stage5ext_00004,c90b53f826ff81831f6499b9e1e98607e8b2c0f8bbaf8be1bf62bf27dc7ff887bd734b9a4cee852af2d1acda3e479781d7c5a8b1633407b705905c4b5049cb35,US English,us,Take a couple of seconds.,TAKE A COUPLE OF SECONDS,a2900e43918c3010596074c2b70d3c6e06b86c0cf445ffa407f7e97d7074667f
wav2vec2_large_robust,suta,1,stage5ext_00005,c90b53f826ff81831f6499b9e1e98607e8b2c0f8bbaf8be1bf62bf27dc7ff887bd734b9a4cee852af2d1acda3e479781d7c5a8b1633407b705905c4b5049cb35,US English,us,But I sort of like him.,BUT I SORT OF LIKE HIM,68cbcc59dc4fd542458bb73b3cb8ddac3922618bfea7ae82b2cc73e148b4eb8d
wav2vec2_large_robust,suta,1,stage5ext_00006,c90b53f826ff81831f6499b9e1e98607e8b2c0f8bbaf8be1bf62bf27dc7ff887bd734b9a4cee852af2d1acda3e479781d7c5a8b1633407b705905c4b5049cb35,US English,us,I'll be a monkey's uncle!,I'LL BE A MONKEY'S UNCLE,68cbcc59dc4fd542458bb73b3cb8ddac3922618bfea7ae82b2cc73e148b4eb8d
wav2vec2_large_robust,suta,1,stage5ext_00007,c90b53f826ff81831f6499b9e1e98607e8b2c0f8bbaf8be1bf62bf27dc7ff887bd734b9a4cee852af2d1acda3e479781d7c5a8b1633407b705905c4b5049cb35,US English,us,Is it for further automatic processing?,IS IT FOR FURTHER AUTOMATIC PROCESSING,68cbcc59dc4fd542458bb73b3cb8ddac3922618bfea7ae82b2cc73e148b4eb8d
wav2vec2_large_robust,suta,1,stage5ext_00008,c90b53f826ff81831f6499b9e1e98607e8b2c0f8bbaf8be1bf62bf27dc7ff887bd734b9a4cee852af2d1acda3e479781d7c5a8b1633407b705905c4b5049cb35,US English,us,I don't like coconuts.,I DON'T LIKE COGANUTS,68cbcc59dc4fd542458bb73b3cb8ddac3922618bfea7ae82b2cc73e148b4eb8d
wav2vec2_large_robust,suta,2,stage5ext_00009,c90b53f826ff81831f6499b9e1e98607e8b2c0f8bbaf8be1bf62bf27dc7ff887bd734b9a4cee852af2d1acda3e479781d7c5a8b1633407b705905c4b5049cb35,US English,us,He hunched his back and plodded through the heavy rain.,HE HUNCHED HIS BACK AND PLOTTED THROUGH THE HEAVY RAIN,dd04b69a3d64eda60983840ec1a593ea1ec90a99d52ea18776cb21f90e8770c1
wav2vec2_large_robust,suta,2,stage5ext_00010,c90b53f826ff81831f6499b9e1e98607e8b2c0f8bbaf8be1bf62bf27dc7ff887bd734b9a4cee852af2d1acda3e479781d7c5a8b1633407b705905c4b5049cb35,US English,us,Are you running a business or a charity ward?,ARE YOU RUNNING A BUSINESS OR A CHARITY WARD,dd04b69a3d64eda60983840ec1a593ea1ec90a99d52ea18776cb21f90e8770c1
wav2vec2_large_robust,suta,2,stage5ext_00011,c90b53f826ff81831f6499b9e1e98607e8b2c0f8bbaf8be1bf62bf27dc7ff887bd734b9a4cee852af2d1acda3e479781d7c5a8b1633407b705905c4b5049cb35,US English,us,There were lights in the upper windows of the houses when the people went to bed.,THERE WERE LIGHTS IN THE UPPER WINDOWS OF THE HOUSES WHEN THE PEOPLE WENT TO BED,dd04b69a3d64eda60983840ec1a593ea1ec90a99d52ea18776cb21f90e8770c1
wav2vec2_large_robust,suta,2,stage5ext_00012,c90b53f826ff81831f6499b9e1e98607e8b2c0f8bbaf8be1bf62bf27dc7ff887bd734b9a4cee852af2d1acda3e479781d7c5a8b1633407b705905c4b5049cb35,US English,us,On warm days and when doing sports you should drink more.,ON WARM DAYS AND WHEN DOING SPORTS YOU SHOULD DRINK MORE,dd04b69a3d64eda60983840ec1a593ea1ec90a99d52ea18776cb21f90e8770c1
wav2vec2_large_robust,suta,3,stage5ext_00013,c90b53f826ff81831f6499b9e1e98607e8b2c0f8bbaf8be1bf62bf27dc7ff887bd734b9a4cee852af2d1acda3e479781d7c5a8b1633407b705905c4b5049cb35,US English,us,"At once, he connected the two incidents.",AT ONCE HE CONNECTED THE TWO INCIDENTS,cc47942d6a4ef58196ccbf775472985475f8306aade945f0fb96fe4f8d297658
wav2vec2_large_robust,suta,3,stage5ext_00014,c90b53f826ff81831f6499b9e1e98607e8b2c0f8bbaf8be1bf62bf27dc7ff887bd734b9a4cee852af2d1acda3e479781d7c5a8b1633407b705905c4b5049cb35,US English,us,A pox upon me for a clumsy thing.,A POX UPON ME FOR A CLUMSY THING,cc47942d6a4ef58196ccbf775472985475f8306aade945f0fb96fe4f8d297658
wav2vec2_large_robust,suta,3,stage5ext_00015,c90b53f826ff81831f6499b9e1e98607e8b2c0f8bbaf8be1bf62bf27dc7ff887bd734b9a4cee852af2d1acda3e479781d7c5a8b1633407b705905c4b5049cb35,US English,us,Are you sure that Joe case is going on next week?,ARE YOU SURE THAT JOE KASE IS GOING ON NEXT WEEK,cc47942d6a4ef58196ccbf775472985475f8306aade945f0fb96fe4f8d297658
wav2vec2_large_robust,suta,3,stage5ext_00016,57d6c1695947f141cd774bb8c8435e7e20bc7b2a83cd78ef5db4e546fb137b56b44617942cb1a58e017af6161f63d53cdf17fa4f9dcb830bfc0518e94b214837,US English,us,"When you're at a party and somebody says ""banana bread"", a sniper might be near you.",WHEN YOU ARE AT A PARTY AND SOMEBODY SAYS BENANA BREAD SNIPER MIGHT BE NEAR YOU,cc47942d6a4ef58196ccbf775472985475f8306aade945f0fb96fe4f8d297658
wav2vec2_large_robust,suta,4,stage5ext_00017,57d6c1695947f141cd774bb8c8435e7e20bc7b2a83cd78ef5db4e546fb137b56b44617942cb1a58e017af6161f63d53cdf17fa4f9dcb830bfc0518e94b214837,US English,us,"It was not clear who had the right of way, since the traffic lights were off.",IT WAS NOT CLEAR WHO HAD THE RIGHT OF WAY SINCE THE TRAFFIC LIGHTS WERE OFF,90bfc6f01d9148a6c48cc904e8770fdb9b7045d419206a7fa5b5d15baa1aaad0
wav2vec2_large_robust,suta,4,stage5ext_00018,57d6c1695947f141cd774bb8c8435e7e20bc7b2a83cd78ef5db4e546fb137b56b44617942cb1a58e017af6161f63d53cdf17fa4f9dcb830bfc0518e94b214837,US English,us,What did you do it for?,WHAT DID YOU DO IT FOR,90bfc6f01d9148a6c48cc904e8770fdb9b7045d419206a7fa5b5d15baa1aaad0
wav2vec2_large_robust,suta,4,stage5ext_00019,57d6c1695947f141cd774bb8c8435e7e20bc7b2a83cd78ef5db4e546fb137b56b44617942cb1a58e017af6161f63d53cdf17fa4f9dcb830bfc0518e94b214837,US English,us,"James Watt didn't invent the steam engine, but he improved it significantly.",HAMASWAT DIDN'T INVENT A STEAM ENGINE BUT HE IMPROVED IT SIGNIFICANTLY,90bfc6f01d9148a6c48cc904e8770fdb9b7045d419206a7fa5b5d15baa1aaad0
wav2vec2_large_robust,suta,4,stage5ext_00020,57d6c1695947f141cd774bb8c8435e7e20bc7b2a83cd78ef5db4e546fb137b56b44617942cb1a58e017af6161f63d53cdf17fa4f9dcb830bfc0518e94b214837,US English,us,"When he got the call, Ali ran out of the store, down the street, and into the car.",WHEN HE GOT THE CAL ALI RAN OUT OF THE STORE DOWN THE STREET AND INTO THE CAR,90bfc6f01d9148a6c48cc904e8770fdb9b7045d419206a7fa5b5d15baa1aaad0
wav2vec2_large_robust,suta,5,stage5ext_00021,57d6c1695947f141cd774bb8c8435e7e20bc7b2a83cd78ef5db4e546fb137b56b44617942cb1a58e017af6161f63d53cdf17fa4f9dcb830bfc0518e94b214837,US English,us,What has become of him?,WHAT HAS BECOME OF HIM,15616760f81e2f279f68a5039868faa6dde9eda9236b960e7b6e75255d226707
wav2vec2_large_robust,suta,5,stage5ext_00022,57d6c1695947f141cd774bb8c8435e7e20bc7b2a83cd78ef5db4e546fb137b56b44617942cb1a58e017af6161f63d53cdf17fa4f9dcb830bfc0518e94b214837,US English,us,"After the dance, they went straight home.",AFTER THE DANCE THEY WENT STRAIGHT HOME,15616760f81e2f279f68a5039868faa6dde9eda9236b960e7b6e75255d226707
wav2vec2_large_robust,suta,5,stage5ext_00023,57d6c1695947f141cd774bb8c8435e7e20bc7b2a83cd78ef5db4e546fb137b56b44617942cb1a58e017af6161f63d53cdf17fa4f9dcb830bfc0518e94b214837,US English,us,"Jellyfish can cause serious injuries, the physician explained to the patient.",JEALOFISH CAN CAUSE SERIOUS INJURIES THE PHYSICIAN EXPLAINED TO THE PATIENT,15616760f81e2f279f68a5039868faa6dde9eda9236b960e7b6e75255d226707
wav2vec2_large_robust,suta,5,stage5ext_00024,57d6c1695947f141cd774bb8c8435e7e20bc7b2a83cd78ef5db4e546fb137b56b44617942cb1a58e017af6161f63d53cdf17fa4f9dcb830bfc0518e94b214837,US English,us,"Writing, the best memory.",WRITING THE BEST MEMORY,15616760f81e2f279f68a5039868faa6dde9eda9236b960e7b6e75255d226707
wav2vec2_large_robust,suta,6,stage5ext_00025,57d6c1695947f141cd774bb8c8435e7e20bc7b2a83cd78ef5db4e546fb137b56b44617942cb1a58e017af6161f63d53cdf17fa4f9dcb830bfc0518e94b214837,US English,us,What does she say?,WHAT DOES SHE SAY,b8cd67aa8d06150455df48410b4ca9daeaaa21313a4d35e98135a9a74b154bbc
wav2vec2_large_robust,suta,6,stage5ext_00026,57d6c1695947f141cd774bb8c8435e7e20bc7b2a83cd78ef5db4e546fb137b56b44617942cb1a58e017af6161f63d53cdf17fa4f9dcb830bfc0518e94b214837,US English,us,What do you want of me?,WHAT DO YOU WANT OF ME,b8cd67aa8d06150455df48410b4ca9daeaaa21313a4d35e98135a9a74b154bbc
wav2vec2_large_robust,suta,6,stage5ext_00027,57d6c1695947f141cd774bb8c8435e7e20bc7b2a83cd78ef5db4e546fb137b56b44617942cb1a58e017af6161f63d53cdf17fa4f9dcb830bfc0518e94b214837,US English,us,Why do people even eat peanut butter and jelly?,WHY DO PEOPLE EVEN EAT PENUT BUTTER AND JELLY,b8cd67aa8d06150455df48410b4ca9daeaaa21313a4d35e98135a9a74b154bbc
wav2vec2_large_robust,suta,6,stage5ext_00028,57d6c1695947f141cd774bb8c8435e7e20bc7b2a83cd78ef5db4e546fb137b56b44617942cb1a58e017af6161f63d53cdf17fa4f9dcb830bfc0518e94b214837,US English,us,But what can I do?,BUT WHAT CAN I DO,b8cd67aa8d06150455df48410b4ca9daeaaa21313a4d35e98135a9a74b154bbc
wav2vec2_large_robust,suta,7,stage5ext_00029,57d6c1695947f141cd774bb8c8435e7e20bc7b2a83cd78ef5db4e546fb137b56b44617942cb1a58e017af6161f63d53cdf17fa4f9dcb830bfc0518e94b214837,US English,us,What is the meaning of this?,WHAT IS THE MEANING OF THIS,80882b142cfd86c32e475e63687808a531e6fab93cae611f8de43656ff5f61fd
wav2vec2_large_robust,suta,7,stage5ext_00030,57d6c1695947f141cd774bb8c8435e7e20bc7b2a83cd78ef5db4e546fb137b56b44617942cb1a58e017af6161f63d53cdf17fa4f9dcb830bfc0518e94b214837,US English,us,What does he look like?,WHAT DOES HE LOOK LIKE,80882b142cfd86c32e475e63687808a531e6fab93cae611f8de43656ff5f61fd
wav2vec2_large_robust,suta,7,stage5ext_00031,d477a12247cce9a9c0954e6ee3ae16aed2930112fa26700f19af15658b5c71e2dc818d72e0034c8181da642cabf8f6c15f4d900b88bcab83d583944934f4c237,US English,us,Albert's rule was characterised by dissent.,ALBERT RULE WAS CHARACTERIZED BY DESSENT,80882b142cfd86c32e475e63687808a531e6fab93cae611f8de43656ff5f61fd
wav2vec2_large_robust,suta,7,stage5ext_00032,d477a12247cce9a9c0954e6ee3ae16aed2930112fa26700f19af15658b5c71e2dc818d72e0034c8181da642cabf8f6c15f4d900b88bcab83d583944934f4c237,US English,us,Because of Jesus' command to his disciples to Do this in remembrance of me.,BECAUSE OF JESUS COMMAND TO HIS DISCIPLES TO DO THIS IN REMEMBRANCE OF ME,80882b142cfd86c32e475e63687808a531e6fab93cae611f8de43656ff5f61fd
wav2vec2_large_robust,suta,8,stage5ext_00033,d477a12247cce9a9c0954e6ee3ae16aed2930112fa26700f19af15658b5c71e2dc818d72e0034c8181da642cabf8f6c15f4d900b88bcab83d583944934f4c237,US English,us,"Adkins contributed to numerous other fan publications, including ""Amra"", ""Vega"" and ""Xero"".",ATKINS CONTRIBUTED TO NUMEROUS OTHER FAN PUBLICATIONS INCLUDING AMRA VEGA AND ZERO,10bf393d17ae799dfda91737724b2794e830e48d2b46a31320f91c4781a901f2
wav2vec2_large_robust,suta,8,stage5ext_00034,d477a12247cce9a9c0954e6ee3ae16aed2930112fa26700f19af15658b5c71e2dc818d72e0034c8181da642cabf8f6c15f4d900b88bcab83d583944934f4c237,US English,us,The film image at this section of the newsreel is that of Hitler.,THE FILM IMAGE AT THIS SECTION OF THE NEWSREEL IS THAT OF HITLER,10bf393d17ae799dfda91737724b2794e830e48d2b46a31320f91c4781a901f2
wav2vec2_large_robust,suta,8,stage5ext_00035,d477a12247cce9a9c0954e6ee3ae16aed2930112fa26700f19af15658b5c71e2dc818d72e0034c8181da642cabf8f6c15f4d900b88bcab83d583944934f4c237,US English,us,One of the company's early cars was the Pittsburgher.,ONE OF THE COMPANY'S EARLY CARS WAS THE PITSBURGER,10bf393d17ae799dfda91737724b2794e830e48d2b46a31320f91c4781a901f2
wav2vec2_large_robust,suta,8,stage5ext_00036,d477a12247cce9a9c0954e6ee3ae16aed2930112fa26700f19af15658b5c71e2dc818d72e0034c8181da642cabf8f6c15f4d900b88bcab83d583944934f4c237,US English,us,"Compare also Philo, Leg.",COMPARE ALSO FILO LEG,10bf393d17ae799dfda91737724b2794e830e48d2b46a31320f91c4781a901f2
wav2vec2_large_robust,suta,9,stage5ext_00037,d477a12247cce9a9c0954e6ee3ae16aed2930112fa26700f19af15658b5c71e2dc818d72e0034c8181da642cabf8f6c15f4d900b88bcab83d583944934f4c237,US English,us,"Sir Charles Beaumont Phipps and his third, Edmund Phipps, a lawyer and author.",SIR CHARLES BOAUMONT PIPS AND HIS THIRD EDMAND PHIPS A LAWYER AND AUTHOR,8565df45af93221a43770bdecf9880ebcde8ebc4e862d04b2b8c6f1ae67a8be5
wav2vec2_large_robust,suta,9,stage5ext_00038,d477a12247cce9a9c0954e6ee3ae16aed2930112fa26700f19af15658b5c71e2dc818d72e0034c8181da642cabf8f6c15f4d900b88bcab83d583944934f4c237,US English,us,Just behind the church is the old bridge.,JUST BEHIND THE CHURCH IS THE OLD BRIDGE,8565df45af93221a43770bdecf9880ebcde8ebc4e862d04b2b8c6f1ae67a8be5
wav2vec2_large_robust,suta,9,stage5ext_00039,d477a12247cce9a9c0954e6ee3ae16aed2930112fa26700f19af15658b5c71e2dc818d72e0034c8181da642cabf8f6c15f4d900b88bcab83d583944934f4c237,US English,us,This feature forces parasitologists to use advanced biostatistical methodologies.,THIS FEATURE FORCES PARACITOLOGISTS TO USE ADVANCED BYOSTATISTICAL METHODOLOGIES,8565df45af93221a43770bdecf9880ebcde8ebc4e862d04b2b8c6f1ae67a8be5
wav2vec2_large_robust,suta,9,stage5ext_00040,d477a12247cce9a9c0954e6ee3ae16aed2930112fa26700f19af15658b5c71e2dc818d72e0034c8181da642cabf8f6c15f4d900b88bcab83d583944934f4c237,US English,us,Dairy farming is an important industry in the area.,DARRY FARMING IS AN IMPORTANT INDUSTRY IN THE AREA,8565df45af93221a43770bdecf9880ebcde8ebc4e862d04b2b8c6f1ae67a8be5
wav2vec2_large_robust,suta,10,stage5ext_00041,d477a12247cce9a9c0954e6ee3ae16aed2930112fa26700f19af15658b5c71e2dc818d72e0034c8181da642cabf8f6c15f4d900b88bcab83d583944934f4c237,US English,us,Sagan's number is the number of stars in the observable universe.,SAGAN'S NUMBER IS THE NUMBER OF STARS IN THE OBSERVABLE UNIVERSE,71b948e79f0ed4440f504c1b83242157d74a1f33fe919006861a775dbfa72a82
wav2vec2_large_robust,suta,10,stage5ext_00042,d477a12247cce9a9c0954e6ee3ae16aed2930112fa26700f19af15658b5c71e2dc818d72e0034c8181da642cabf8f6c15f4d900b88bcab83d583944934f4c237,US English,us,He went to Providence Elementary and Webster County High School.,HE WENT TO PROVIDENCE ELEMENTARY AT WEBSTER COUNTY HIGH SCHOOL,71b948e79f0ed4440f504c1b83242157d74a1f33fe919006861a775dbfa72a82
wav2vec2_large_robust,suta,10,stage5ext_00043,d477a12247cce9a9c0954e6ee3ae16aed2930112fa26700f19af15658b5c71e2dc818d72e0034c8181da642cabf8f6c15f4d900b88bcab83d583944934f4c237,US English,us,Doctor Rodd received her Ph.D. in Biology from York University in Toronto.,DOCTOR ROD RECEIVED HER P H D IN BIOLOGY FROM YORK UNIVERSITY IN TORRONTO,71b948e79f0ed4440f504c1b83242157d74a1f33fe919006861a775dbfa72a82
wav2vec2_large_robust,suta,10,stage5ext_00044,d477a12247cce9a9c0954e6ee3ae16aed2930112fa26700f19af15658b5c71e2dc818d72e0034c8181da642cabf8f6c15f4d900b88bcab83d583944934f4c237,US English,us,One of the largest was Starodubaka.,ONE OF THE LARGEST WAS STORO DUBACA,71b948e79f0ed4440f504c1b83242157d74a1f33fe919006861a775dbfa72a82
wav2vec2_large_robust,suta,11,stage5ext_00045,d477a12247cce9a9c0954e6ee3ae16aed2930112fa26700f19af15658b5c71e2dc818d72e0034c8181da642cabf8f6c15f4d900b88bcab83d583944934f4c237,US English,us,It is based on the concept of 'equivalence'.,IT IS BASED ON THE CONCEPT OF EQUIVALENCE,2c469642f9afc56fdd340254b9aaf628f7f8b338d1a45026fbd4793cc1080830
wav2vec2_large_robust,suta,11,stage5ext_00046,afd10118899991b7e4af3edddf0c749daf768b6669e68c04c2827d572d39771015c17ec7fd8143657ba077a731375c6fa34f2012588f8cb1b78d923a01178ac7,US English,us,"Excerpts were also printed in the ""Wall Street Journal"".",I SEV TO OFFER HINTED I AYOR TU SO,2c469642f9afc56fdd340254b9aaf628f7f8b338d1a45026fbd4793cc1080830
wav2vec2_large_robust,suta,11,stage5ext_00047,afd10118899991b7e4af3edddf0c749daf768b6669e68c04c2827d572d39771015c17ec7fd8143657ba077a731375c6fa34f2012588f8cb1b78d923a01178ac7,US English,us,She also sits on the Board of Directors for the Canada West Foundation.,THE OFFE GI IM A GOD O PILOSTI CO THEHENEVER TAT FOUNDATION,2c469642f9afc56fdd340254b9aaf628f7f8b338d1a45026fbd4793cc1080830
wav2vec2_large_robust,suta,11,stage5ext_00048,afd10118899991b7e4af3edddf0c749daf768b6669e68c04c2827d572d39771015c17ec7fd8143657ba077a731375c6fa34f2012588f8cb1b78d923a01178ac7,US English,us,"Like other opioid drugs, pethidine has the potential to cause physical dependence or addiction.",LIKE OTHER OBEARY DRUGS PASIIDN HAS THE POTENCAL TO CAUSE FISICAL DEPENDENCE OR EDICTION,2c469642f9afc56fdd340254b9aaf628f7f8b338d1a45026fbd4793cc1080830
wav2vec2_large_robust,suta,12,stage5ext_00049,afd10118899991b7e4af3edddf0c749daf768b6669e68c04c2827d572d39771015c17ec7fd8143657ba077a731375c6fa34f2012588f8cb1b78d923a01178ac7,US English,us,"He was interested in sciences, and had a sizable library.",THEIS INTRETED LY FIANCES OU HA A SASO A OBUR,0ac3289b932608bb59822584122dd5e4fcc5a83cc77bb00df60e204f7fd6d44f
wav2vec2_large_robust,suta,12,stage5ext_00050,afd10118899991b7e4af3edddf0c749daf768b6669e68c04c2827d572d39771015c17ec7fd8143657ba077a731375c6fa34f2012588f8cb1b78d923a01178ac7,US English,us,The addition would become known on-air as Television Park.,THE ADDITION WOULD BECOME KNOWN ON AIR AS TELEVISION PARK,0ac3289b932608bb59822584122dd5e4fcc5a83cc77bb00df60e204f7fd6d44f
wav2vec2_large_robust,suta,12,stage5ext_00051,afd10118899991b7e4af3edddf0c749daf768b6669e68c04c2827d572d39771015c17ec7fd8143657ba077a731375c6fa34f2012588f8cb1b78d923a01178ac7,US English,us,"However, molecular studies separate ""Gromia"" from the others, which must therefore be renamed.",HOWEVER MOLECULOUS THAT EACH SEPARATE ROMIA FROM THE OTHER IT MUST THEREFORE BE THE ME,0ac3289b932608bb59822584122dd5e4fcc5a83cc77bb00df60e204f7fd6d44f
wav2vec2_large_robust,suta,12,stage5ext_00052,afd10118899991b7e4af3edddf0c749daf768b6669e68c04c2827d572d39771015c17ec7fd8143657ba077a731375c6fa34f2012588f8cb1b78d923a01178ac7,US English,us,It was named for the Dakota people.,IT WAS NAMED FOR THE DECOTA PEOPLE,0ac3289b932608bb59822584122dd5e4fcc5a83cc77bb00df60e204f7fd6d44f
wav2vec2_large_robust,suta,13,stage5ext_00053,afd10118899991b7e4af3edddf0c749daf768b6669e68c04c2827d572d39771015c17ec7fd8143657ba077a731375c6fa34f2012588f8cb1b78d923a01178ac7,US English,us,"The song is featured on the live album ""Live Killers"".",THE SONG IS FEATURED ON THE LIVHE ALBUM LIVE KILLERS,928562c894c75df6365df708f3ec933fac0a5a932d18356535719d0c75293b29
wav2vec2_large_robust,suta,13,stage5ext_00054,afd10118899991b7e4af3edddf0c749daf768b6669e68c04c2827d572d39771015c17ec7fd8143657ba077a731375c6fa34f2012588f8cb1b78d923a01178ac7,US English,us,"On some folios, the differing colors of ink are arranged to form geometric patterns.",ON SOME FOLIOS THE DIFFERING COLORS OF INK ARE ARANGED TO FORM GEOMETRIC PATTERNS,928562c894c75df6365df708f3ec933fac0a5a932d18356535719d0c75293b29
wav2vec2_large_robust,suta,13,stage5ext_00055,afd10118899991b7e4af3edddf0c749daf768b6669e68c04c2827d572d39771015c17ec7fd8143657ba077a731375c6fa34f2012588f8cb1b78d923a01178ac7,US English,us,This handy percussion instrument is very similar to the pan-Indian damaru.,THIS HANDY PECUSSION INSTRUMENT IS VERY SIMILAR TO THE PAN INDIAN DAMAROO,928562c894c75df6365df708f3ec933fac0a5a932d18356535719d0c75293b29
wav2vec2_large_robust,suta,13,stage5ext_00056,afd10118899991b7e4af3edddf0c749daf768b6669e68c04c2827d572d39771015c17ec7fd8143657ba077a731375c6fa34f2012588f8cb1b78d923a01178ac7,US English,us,The Louisville Cardinal serves as an outlet and learning experience for aspiring journalists.,E LELEVE OR COTINO SETI EOMCATURONINE CI AF FIRY JOY,928562c894c75df6365df708f3ec933fac0a5a932d18356535719d0c75293b29
wav2vec2_large_robust,suta,14,stage5ext_00057,afd10118899991b7e4af3edddf0c749daf768b6669e68c04c2827d572d39771015c17ec7fd8143657ba077a731375c6fa34f2012588f8cb1b78d923a01178ac7,US English,us,A distinctive feature of the system was support for Coaching.,AT E FINTE FATURE OF THE CISTEM AS SEPORTECIO,471df2f9e0721750fc73a6e79fbf058f35066509fa1205ba7651ab8938407287
wav2vec2_large_robust,suta,14,stage5ext_00058,afd10118899991b7e4af3edddf0c749daf768b6669e68c04c2827d572d39771015c17ec7fd8143657ba077a731375c6fa34f2012588f8cb1b78d923a01178ac7,US English,us,There was no heroism and no villainy.,THERE IS NO FUETAN AN NEON,471df2f9e0721750fc73a6e79fbf058f35066509fa1205ba7651ab8938407287
wav2vec2_large_robust,suta,14,stage5ext_00059,afd10118899991b7e4af3edddf0c749daf768b6669e68c04c2827d572d39771015c17ec7fd8143657ba077a731375c6fa34f2012588f8cb1b78d923a01178ac7,US English,us,Ground was broken for Saint Ann's Church in New Galilee.,GROUND WAS BROKEN FOR SAINT ANNE'S CHURCH IN NEW GALILE,471df2f9e0721750fc73a6e79fbf058f35066509fa1205ba7651ab8938407287
wav2vec2_large_robust,suta,14,stage5ext_00060,afd10118899991b7e4af3edddf0c749daf768b6669e68c04c2827d572d39771015c17ec7fd8143657ba077a731375c6fa34f2012588f8cb1b78d923a01178ac7,US English,us,To the east is the statue of King Norodom sits on a white horse.,TO THE EAST IS THE STATUE OF KING NORADAM SITS ON A WHITE HORSE,471df2f9e0721750fc73a6e79fbf058f35066509fa1205ba7651ab8938407287
wav2vec2_large_robust,suta,15,stage5ext_00061,264ab06df2796194c32a09afcb46bc2cbad9165d564f7d08af3b830436d4b292cec680793da0f1fea42128c902e8f92ba59717fcaa074c604a2bae440800743b,US English,us,There can also be underlying medical reasons for urinary incontinence which are often treatable.,THERE CAN ALSO BE UNDERLYING MEDICAL REASONS FOR URINARY INCONTINENTS WHICH ARE OFTEN TREATABLE,2a35a9fa9e993d4da01cc9584f69d6f2438542dd9be3e311c28a8df5f1350b9d
wav2vec2_large_robust,suta,15,stage5ext_00062,264ab06df2796194c32a09afcb46bc2cbad9165d564f7d08af3b830436d4b292cec680793da0f1fea42128c902e8f92ba59717fcaa074c604a2bae440800743b,US English,us,PubChem consists of three dynamically growing primary databases.,PUBKEM CONSISTS OF THREE DYNAMICALLY GROWING PRIMARY DATA BASES,2a35a9fa9e993d4da01cc9584f69d6f2438542dd9be3e311c28a8df5f1350b9d
wav2vec2_large_robust,suta,15,stage5ext_00063,264ab06df2796194c32a09afcb46bc2cbad9165d564f7d08af3b830436d4b292cec680793da0f1fea42128c902e8f92ba59717fcaa074c604a2bae440800743b,US English,us,"Europe, in particular ancient Greece, was the birthplace of Western civilization.",EUROPE IN PARTICULAR ANCIENT GREECE WAS THE BIRTHPLACE OF WESTERN CIVILIZATION,2a35a9fa9e993d4da01cc9584f69d6f2438542dd9be3e311c28a8df5f1350b9d
wav2vec2_large_robust,suta,15,stage5ext_00064,264ab06df2796194c32a09afcb46bc2cbad9165d564f7d08af3b830436d4b292cec680793da0f1fea42128c902e8f92ba59717fcaa074c604a2bae440800743b,US English,us,It originally went through unincorporated small comminities such as Leslie and Arat.,IT ORIGINALLY WENT THROUGH UNINCORPORATED SMALL COMMUNITIES SUCH AS LESLEY AND ARAT,2a35a9fa9e993d4da01cc9584f69d6f2438542dd9be3e311c28a8df5f1350b9d
wav2vec2_large_robust,suta,16,stage5ext_00065,264ab06df2796194c32a09afcb46bc2cbad9165d564f7d08af3b830436d4b292cec680793da0f1fea42128c902e8f92ba59717fcaa074c604a2bae440800743b,US English,us,A self-homeomorphism is a homeomorphism of a topological space and itself.,A SELF HOMIOMORPHISM IS A HOMIOMORPHISM OF A TOPOLOGICAL SPACE AND ITSELF,723b771e85d18609845be400150a0f514c91ccd20a1903332f6e9fc168fe3d7f
wav2vec2_large_robust,suta,16,stage5ext_00066,264ab06df2796194c32a09afcb46bc2cbad9165d564f7d08af3b830436d4b292cec680793da0f1fea42128c902e8f92ba59717fcaa074c604a2bae440800743b,US English,us,"Since that time, additional relationships have formed under the auspices of the town connection.",SINCE THAT TIME ADDITIONAL RELATIONSHIPS HAVE FORMED UNDER THE AUSPICES OF THE TOWN CONNECTION,723b771e85d18609845be400150a0f514c91ccd20a1903332f6e9fc168fe3d7f
wav2vec2_large_robust,suta,16,stage5ext_00067,264ab06df2796194c32a09afcb46bc2cbad9165d564f7d08af3b830436d4b292cec680793da0f1fea42128c902e8f92ba59717fcaa074c604a2bae440800743b,US English,us,Local humane societies across the nation resisted.,LOCAL HUMANE SOCIETIES ACROSS THE NATION RESISTED,723b771e85d18609845be400150a0f514c91ccd20a1903332f6e9fc168fe3d7f
wav2vec2_large_robust,suta,16,stage5ext_00068,264ab06df2796194c32a09afcb46bc2cbad9165d564f7d08af3b830436d4b292cec680793da0f1fea42128c902e8f92ba59717fcaa074c604a2bae440800743b,US English,us,"It specializes in care for stroke, cardiac and amputees patients needing rehabilitation needs.",IT SPECIALIZES IN CARE FOR STROKE CARDIAC AND AMPUTEESE PATIENCE NEEDING REHABILITATION NEEDS,723b771e85d18609845be400150a0f514c91ccd20a1903332f6e9fc168fe3d7f
wav2vec2_large_robust,suta,17,stage5ext_00069,264ab06df2796194c32a09afcb46bc2cbad9165d564f7d08af3b830436d4b292cec680793da0f1fea42128c902e8f92ba59717fcaa074c604a2bae440800743b,US English,us,"“It’s extremely interesting,” Anne told Deborah.",IT'S EXTREMELY INTERESTING ANNE TOLD DEBORA,e97185865e964a36fca2959310c870e98173e30a069495649ce897669f765a87
wav2vec2_large_robust,suta,17,stage5ext_00070,264ab06df2796194c32a09afcb46bc2cbad9165d564f7d08af3b830436d4b292cec680793da0f1fea42128c902e8f92ba59717fcaa074c604a2bae440800743b,US English,us,Grangeville enjoys close access to scenic and wildlife areas.,GRANGEVILLE ENJOYS CLOSE ACCESS TO SCENIC AND WILD LIFE AREAS,e97185865e964a36fca2959310c870e98173e30a069495649ce897669f765a87
wav2vec2_large_robust,suta,17,stage5ext_00071,264ab06df2796194c32a09afcb46bc2cbad9165d564f7d08af3b830436d4b292cec680793da0f1fea42128c902e8f92ba59717fcaa074c604a2bae440800743b,US English,us,He discovered that this was not the case.,HE DISCOVERED THAT THIS WAS NOT THE CASE,e97185865e964a36fca2959310c870e98173e30a069495649ce897669f765a87
wav2vec2_large_robust,suta,17,stage5ext_00072,264ab06df2796194c32a09afcb46bc2cbad9165d564f7d08af3b830436d4b292cec680793da0f1fea42128c902e8f92ba59717fcaa074c604a2bae440800743b,US English,us,There are four communities in Denmark with the same name.,THERE ARE FOUR COMMUNITIES IN DENMARK WITH THE SAME NAME,e97185865e964a36fca2959310c870e98173e30a069495649ce897669f765a87
wav2vec2_large_robust,suta,18,stage5ext_00073,264ab06df2796194c32a09afcb46bc2cbad9165d564f7d08af3b830436d4b292cec680793da0f1fea42128c902e8f92ba59717fcaa074c604a2bae440800743b,US English,us,He plays all three outfield positions.,HE PLAYS ALL THREE OUTFIELD POSITIONS,edb8179efac49a0c6d23e3ff51488ecee15a485dd6278baa2008cb2765417cdc
wav2vec2_large_robust,suta,18,stage5ext_00074,264ab06df2796194c32a09afcb46bc2cbad9165d564f7d08af3b830436d4b292cec680793da0f1fea42128c902e8f92ba59717fcaa074c604a2bae440800743b,US English,us,But supplies are almost nonexistent at the Checkmate base.,BUT SUPPLIES ARE ALMOST NONEXISTENT AT THE CHECKMATE BASE,edb8179efac49a0c6d23e3ff51488ecee15a485dd6278baa2008cb2765417cdc
wav2vec2_large_robust,suta,18,stage5ext_00075,264ab06df2796194c32a09afcb46bc2cbad9165d564f7d08af3b830436d4b292cec680793da0f1fea42128c902e8f92ba59717fcaa074c604a2bae440800743b,US English,us,"The section ""Of the Executive Power"" declared the powers of the executive power.",THE SECTION OF THE EXECUTIVE POWER DECLARED THE POWERS OF THE EXECUTIVE POWER,edb8179efac49a0c6d23e3ff51488ecee15a485dd6278baa2008cb2765417cdc
wav2vec2_large_robust,suta,18,stage5ext_00076,77600d1ea840721bc62cd5a1444822538c380c4255c3bb966d35e4c71344e0691303c4add4223e9fe842b24d65e08ae2e99c956f4acb898bff34adad75171112,US English,us,It is exacerbating inequalities.,IT IS EXASCERBATING INEQUALITIES,edb8179efac49a0c6d23e3ff51488ecee15a485dd6278baa2008cb2765417cdc
wav2vec2_large_robust,suta,19,stage5ext_00077,77600d1ea840721bc62cd5a1444822538c380c4255c3bb966d35e4c71344e0691303c4add4223e9fe842b24d65e08ae2e99c956f4acb898bff34adad75171112,US English,us,"Large numbers came from other countries of Latin America from Mexico to Uruguay, esp.",LARGE NUMBERS CAME FROM OTHER COUNTRIES OF LATIN AMERICA FROM MEXICO TO URAGUI ESPA,76cf4373088775dcbd8524e5720911f2a8efeed04cf38938fccac1b7dd9f7f5f
wav2vec2_large_robust,suta,19,stage5ext_00078,77600d1ea840721bc62cd5a1444822538c380c4255c3bb966d35e4c71344e0691303c4add4223e9fe842b24d65e08ae2e99c956f4acb898bff34adad75171112,US English,us,A pond's condition deteriorates when the bottom environment cannot support animal life.,A POND'S CONDITION DETERIORATES WHEN THE BOTTOM ENVIRONMENT CANNOT SUPPORT ANIMAL LIFE,76cf4373088775dcbd8524e5720911f2a8efeed04cf38938fccac1b7dd9f7f5f
wav2vec2_large_robust,suta,19,stage5ext_00079,77600d1ea840721bc62cd5a1444822538c380c4255c3bb966d35e4c71344e0691303c4add4223e9fe842b24d65e08ae2e99c956f4acb898bff34adad75171112,US English,us,The Chiemsee is located in the west of the district.,THE CHIM S IS LOCATED IN THE WEST OF THE DISTRICT,76cf4373088775dcbd8524e5720911f2a8efeed04cf38938fccac1b7dd9f7f5f
wav2vec2_large_robust,suta,19,stage5ext_00080,77600d1ea840721bc62cd5a1444822538c380c4255c3bb966d35e4c71344e0691303c4add4223e9fe842b24d65e08ae2e99c956f4acb898bff34adad75171112,US English,us,She was the daughter of Timothy and Ellen Noonan.,SHE WAS THE DAUGHTER OF TIMOTHY AND ELEN NEWNAN,76cf4373088775dcbd8524e5720911f2a8efeed04cf38938fccac1b7dd9f7f5f
wav2vec2_large_robust,suta,20,stage5ext_00081,77600d1ea840721bc62cd5a1444822538c380c4255c3bb966d35e4c71344e0691303c4add4223e9fe842b24d65e08ae2e99c956f4acb898bff34adad75171112,US English,us,"Collingwood was born in Britain but grew up in Sellersville, Pennsylvania.",COLLINGWOOD WAS BORN IN BRITAIN BUT GREW UP IN CELLERSVILLE PENSYLVANIA,92ccaf5ead90f86c59aae0502787c1993130888fdeebc4681c7a410686493ad7
wav2vec2_large_robust,suta,20,stage5ext_00082,77600d1ea840721bc62cd5a1444822538c380c4255c3bb966d35e4c71344e0691303c4add4223e9fe842b24d65e08ae2e99c956f4acb898bff34adad75171112,US English,us,It is also the language of most of the manuscripts of Welsh law.,IT IS ALSO THE LANGUAGE OF MOST OF THE MANUSCRIPTS OF WELSH LAW,92ccaf5ead90f86c59aae0502787c1993130888fdeebc4681c7a410686493ad7
wav2vec2_large_robust,suta,20,stage5ext_00083,77600d1ea840721bc62cd5a1444822538c380c4255c3bb966d35e4c71344e0691303c4add4223e9fe842b24d65e08ae2e99c956f4acb898bff34adad75171112,US English,us,"He was educated at Emanuel School, the University of Southampton and University of Warwick.",HE WAS EDUCATED AT THE MANUAL SCHOOL THE UNIVERSITY OF SOUTHHAMPTON AND UNIVERSITY OF WARWICK,92ccaf5ead90f86c59aae0502787c1993130888fdeebc4681c7a410686493ad7
wav2vec2_large_robust,suta,20,stage5ext_00084,77600d1ea840721bc62cd5a1444822538c380c4255c3bb966d35e4c71344e0691303c4add4223e9fe842b24d65e08ae2e99c956f4acb898bff34adad75171112,US English,us,He introduced cushion seats in all unreserved compartments.,HE INTRODUCED CUSHION SEATS IN ALL UNRESERVED COMPARTMENTS,92ccaf5ead90f86c59aae0502787c1993130888fdeebc4681c7a410686493ad7
wav2vec2_large_robust,suta,21,stage5ext_00085,77600d1ea840721bc62cd5a1444822538c380c4255c3bb966d35e4c71344e0691303c4add4223e9fe842b24d65e08ae2e99c956f4acb898bff34adad75171112,US English,us,It developed from the Pugwash Conferences on Science and World Affairs.,IT DEVELOPED FROM THE PUGWASH CONFERENCES ON SCIENCE AND WORLD AFFAIRS,25884d08acea184d0e17750efe62ac9634b0cc36971a321551abd5fc2be54c73
wav2vec2_large_robust,suta,21,stage5ext_00086,77600d1ea840721bc62cd5a1444822538c380c4255c3bb966d35e4c71344e0691303c4add4223e9fe842b24d65e08ae2e99c956f4acb898bff34adad75171112,US English,us,"He has written seven Phillip Mercer books in the series, beginning with ""Vulcan's Forge"".",HE HAS WRITTEN SEVEN PHILIP MERCER BOOKS IN THE SERIES BEGINNING WITH VULCAN'S FORGE,25884d08acea184d0e17750efe62ac9634b0cc36971a321551abd5fc2be54c73
wav2vec2_large_robust,suta,21,stage5ext_00087,77600d1ea840721bc62cd5a1444822538c380c4255c3bb966d35e4c71344e0691303c4add4223e9fe842b24d65e08ae2e99c956f4acb898bff34adad75171112,US English,us,"Like most other light jets, the Mustang is approved for single-pilot operation.",LIKE MOST OTHER LIGHT JETS THE MUSTANG IS APPROVED FOR SINGLE PILOT OPERATION,25884d08acea184d0e17750efe62ac9634b0cc36971a321551abd5fc2be54c73
wav2vec2_large_robust,suta,21,stage5ext_00088,77600d1ea840721bc62cd5a1444822538c380c4255c3bb966d35e4c71344e0691303c4add4223e9fe842b24d65e08ae2e99c956f4acb898bff34adad75171112,US English,us,This is true for moduli of curves.,THIS IS TRUE FOR MODILI OF CURVES,25884d08acea184d0e17750efe62ac9634b0cc36971a321551abd5fc2be54c73
wav2vec2_large_robust,suta,22,stage5ext_00089,77600d1ea840721bc62cd5a1444822538c380c4255c3bb966d35e4c71344e0691303c4add4223e9fe842b24d65e08ae2e99c956f4acb898bff34adad75171112,US English,us,"They were the sons of Frederick Law Olmsted, renowned architect of Central Park.",THEY WERE THE SONS OF FREDERIC LAW ALMSTEAD RENOWNED ARCHITECT OF CENTRAL PARK,5fe740d8292745cff369966303be3c0847db594cda921bc7c01c7ccfd1139ff4
wav2vec2_large_robust,suta,22,stage5ext_00090,77600d1ea840721bc62cd5a1444822538c380c4255c3bb966d35e4c71344e0691303c4add4223e9fe842b24d65e08ae2e99c956f4acb898bff34adad75171112,US English,us,The voltage stability depends on the gas pressure.,THE VOLTAGE STABILITY DEPENDS ON THE GAS PRESSURE,5fe740d8292745cff369966303be3c0847db594cda921bc7c01c7ccfd1139ff4
wav2vec2_large_robust,suta,22,stage5ext_00091,9f2c0b36708a80b9aba1604061b45c02ab3d559f33122d380b4f16df7ee264228b8ed084cc75539159c501c042dcd878c793f3c16eaf1b5d9a110cad98fa0a9e,US English,us,Empress Elizabeth sent him to Kiev to realize Rastrelli's design of Saint Andrew Church.,EMPRESS ELIZABETH SENT HIM TO FAVE TO REALISE RASTRELE'S DESIGN OF SAINT ANDREW CHURCH,5fe740d8292745cff369966303be3c0847db594cda921bc7c01c7ccfd1139ff4
wav2vec2_large_robust,suta,22,stage5ext_00092,9f2c0b36708a80b9aba1604061b45c02ab3d559f33122d380b4f16df7ee264228b8ed084cc75539159c501c042dcd878c793f3c16eaf1b5d9a110cad98fa0a9e,US English,us,Caulfield offers students a wide range of subjects in its academic curriculum.,CALLFIELD OFFERS STUDENTS A WIDE RANGE OF SUBJECTS IN ITS ACADEMIC CHERICULUM,5fe740d8292745cff369966303be3c0847db594cda921bc7c01c7ccfd1139ff4
wav2vec2_large_robust,suta,23,stage5ext_00093,9f2c0b36708a80b9aba1604061b45c02ab3d559f33122d380b4f16df7ee264228b8ed084cc75539159c501c042dcd878c793f3c16eaf1b5d9a110cad98fa0a9e,US English,us,It is often used at the end of clauses or verses.,IT IS OFTEN USED AT THE END OF CASI EVERSES,c8fe77112f398e13bf62a2362fe99beadb1e1bbcd49fc8c02fdefda6e0330c6b
wav2vec2_large_robust,suta,23,stage5ext_00094,9f2c0b36708a80b9aba1604061b45c02ab3d559f33122d380b4f16df7ee264228b8ed084cc75539159c501c042dcd878c793f3c16eaf1b5d9a110cad98fa0a9e,US English,us,"Gardner was born in Batavia, New York.",GARDNER WAS BORN IN BATAVIA NEW YORK,c8fe77112f398e13bf62a2362fe99beadb1e1bbcd49fc8c02fdefda6e0330c6b
wav2vec2_large_robust,suta,23,stage5ext_00095,9f2c0b36708a80b9aba1604061b45c02ab3d559f33122d380b4f16df7ee264228b8ed084cc75539159c501c042dcd878c793f3c16eaf1b5d9a110cad98fa0a9e,US English,us,It is located where the Piankatank River feeds into the Chesapeake Bay.,IT IS LOCATED WHERE THE PIN KETANG RIVER FEEDS T CHESSAPAK BAY,c8fe77112f398e13bf62a2362fe99beadb1e1bbcd49fc8c02fdefda6e0330c6b
wav2vec2_large_robust,suta,23,stage5ext_00096,9f2c0b36708a80b9aba1604061b45c02ab3d559f33122d380b4f16df7ee264228b8ed084cc75539159c501c042dcd878c793f3c16eaf1b5d9a110cad98fa0a9e,US English,us,A classic example of a one-way function is multiplication of very large prime numbers.,A CLASSIC EXAMPLE OF A ONE WAY FUNCTION IS A MULTIPLICATION OF VERY LARGE TIME NUMBERS,c8fe77112f398e13bf62a2362fe99beadb1e1bbcd49fc8c02fdefda6e0330c6b
wav2vec2_large_robust,suta,24,stage5ext_00097,9f2c0b36708a80b9aba1604061b45c02ab3d559f33122d380b4f16df7ee264228b8ed084cc75539159c501c042dcd878c793f3c16eaf1b5d9a110cad98fa0a9e,US English,us,Nuclear warheads are produced and stored on the premises.,NUCLEAR WARHEADS ARE PRODUCED AND STORED ON THE PREMISES,e4a604ff0a820e89af04aa62a5dbaa03a592b7d990d075b7740acf2ec6e3986c
wav2vec2_large_robust,suta,24,stage5ext_00098,9f2c0b36708a80b9aba1604061b45c02ab3d559f33122d380b4f16df7ee264228b8ed084cc75539159c501c042dcd878c793f3c16eaf1b5d9a110cad98fa0a9e,US English,us,"The Center awards a ""Distinguished Christian Statesman Award"" annually to high-profile Christian political leaders.",THE CENTRE AWARDS A DISTINGUISHED CHRISTIAN STATE SMAN AWARD ANNUALLY HIGH PROFILE CRISTIAN POLITICAL LEADERS,e4a604ff0a820e89af04aa62a5dbaa03a592b7d990d075b7740acf2ec6e3986c
wav2vec2_large_robust,suta,24,stage5ext_00099,9f2c0b36708a80b9aba1604061b45c02ab3d559f33122d380b4f16df7ee264228b8ed084cc75539159c501c042dcd878c793f3c16eaf1b5d9a110cad98fa0a9e,US English,us,Flavors available in Germany included cherry and cola.,FLAVORS AVAILABLE IN GERMANY INWID CHERRY AND COLA,e4a604ff0a820e89af04aa62a5dbaa03a592b7d990d075b7740acf2ec6e3986c
wav2vec2_large_robust,suta,24,stage5ext_00100,9f2c0b36708a80b9aba1604061b45c02ab3d559f33122d380b4f16df7ee264228b8ed084cc75539159c501c042dcd878c793f3c16eaf1b5d9a110cad98fa0a9e,US English,us,The present chairman is Bumairam Mamaseitova.,THE PRESENT CHAIRMAN IS BAMARAN MAMASATUVA,e4a604ff0a820e89af04aa62a5dbaa03a592b7d990d075b7740acf2ec6e3986c
wav2vec2_large_robust,suta,25,stage5ext_00101,9f2c0b36708a80b9aba1604061b45c02ab3d559f33122d380b4f16df7ee264228b8ed084cc75539159c501c042dcd878c793f3c16eaf1b5d9a110cad98fa0a9e,US English,us,On the seventh day they depart.,ON THE SEVENTH DAY THEY DEPART,2e529749a9e9bdf07be01889961e40ab5d8485f9934c6d876dbe727b342ca440
wav2vec2_large_robust,suta,25,stage5ext_00102,9f2c0b36708a80b9aba1604061b45c02ab3d559f33122d380b4f16df7ee264228b8ed084cc75539159c501c042dcd878c793f3c16eaf1b5d9a110cad98fa0a9e,US English,us,Many notable Caliphs have had their share of ruling over the Kiswah.,MANY NOTABLE COUNTS HAVE HAD THEIR SHARE OFRULING OVER THE KISUA,2e529749a9e9bdf07be01889961e40ab5d8485f9934c6d876dbe727b342ca440
wav2vec2_large_robust,suta,25,stage5ext_00103,9f2c0b36708a80b9aba1604061b45c02ab3d559f33122d380b4f16df7ee264228b8ed084cc75539159c501c042dcd878c793f3c16eaf1b5d9a110cad98fa0a9e,US English,us,The river Maros formed its southern border.,THE RIVER MARROWS FORMED ITS SOUTHERN BORDER,2e529749a9e9bdf07be01889961e40ab5d8485f9934c6d876dbe727b342ca440
wav2vec2_large_robust,suta,25,stage5ext_00104,9f2c0b36708a80b9aba1604061b45c02ab3d559f33122d380b4f16df7ee264228b8ed084cc75539159c501c042dcd878c793f3c16eaf1b5d9a110cad98fa0a9e,US English,us,And that meant our fat electric album would have two songs on a side.,THATMANT OR FAT ELECTRIC ELBUM WOULD HAVE TWO SONGS ON A SIDE,2e529749a9e9bdf07be01889961e40ab5d8485f9934c6d876dbe727b342ca440
wav2vec2_large_robust,suta,26,stage5ext_00105,9f2c0b36708a80b9aba1604061b45c02ab3d559f33122d380b4f16df7ee264228b8ed084cc75539159c501c042dcd878c793f3c16eaf1b5d9a110cad98fa0a9e,US English,us,A committee was organised and the Smithsonian Institution was founded.,A COMMITTEE WAS ORGANIZED AND THE SMITHSONIAN INSTITUTION WAS FOUNDED,cc7677ad2637124243152de5229d0c4aef6ab07d2b96697a76e9083bf9c22181
wav2vec2_large_robust,suta,26,stage5ext_00106,2ce9c40fcb6948ed0bced3197b5aefb5f8585c4b80c5f627af7a750cfb445b61c96532c68b893e6c1f4cb299407c58f1504db283d1f7eca7585dfc2f88a968d4,US English,us,"You're not psychotic, you just wish you were?",YOU'RE NOT PSYCHOTIC YOU JUST WISH YOU WERE,cc7677ad2637124243152de5229d0c4aef6ab07d2b96697a76e9083bf9c22181
wav2vec2_large_robust,suta,26,stage5ext_00107,2ce9c40fcb6948ed0bced3197b5aefb5f8585c4b80c5f627af7a750cfb445b61c96532c68b893e6c1f4cb299407c58f1504db283d1f7eca7585dfc2f88a968d4,US English,us,Good evening.,GOOD EVENING,cc7677ad2637124243152de5229d0c4aef6ab07d2b96697a76e9083bf9c22181
wav2vec2_large_robust,suta,26,stage5ext_00108,2ce9c40fcb6948ed0bced3197b5aefb5f8585c4b80c5f627af7a750cfb445b61c96532c68b893e6c1f4cb299407c58f1504db283d1f7eca7585dfc2f88a968d4,US English,us,The dead have no friends.,THE DEAD HAVE NO FRIENDS,cc7677ad2637124243152de5229d0c4aef6ab07d2b96697a76e9083bf9c22181
wav2vec2_large_robust,suta,27,stage5ext_00109,2ce9c40fcb6948ed0bced3197b5aefb5f8585c4b80c5f627af7a750cfb445b61c96532c68b893e6c1f4cb299407c58f1504db283d1f7eca7585dfc2f88a968d4,US English,us,Ship technology has improved.,SHIP TECHNOLOGY HAS IMPROVED,d324117d537cb260d362b603bb8b68d07f7565e24a05f652cac3619c04d27197
wav2vec2_large_robust,suta,27,stage5ext_00110,2ce9c40fcb6948ed0bced3197b5aefb5f8585c4b80c5f627af7a750cfb445b61c96532c68b893e6c1f4cb299407c58f1504db283d1f7eca7585dfc2f88a968d4,US English,us,The shop is closed on Mondays.,THE SHOP IS CLOSED ON MONDAYS,d324117d537cb260d362b603bb8b68d07f7565e24a05f652cac3619c04d27197
wav2vec2_large_robust,suta,27,stage5ext_00111,2ce9c40fcb6948ed0bced3197b5aefb5f8585c4b80c5f627af7a750cfb445b61c96532c68b893e6c1f4cb299407c58f1504db283d1f7eca7585dfc2f88a968d4,US English,us,"Waste not, want not.",WASTE NOT WHAT NOT,d324117d537cb260d362b603bb8b68d07f7565e24a05f652cac3619c04d27197
wav2vec2_large_robust,suta,27,stage5ext_00112,2ce9c40fcb6948ed0bced3197b5aefb5f8585c4b80c5f627af7a750cfb445b61c96532c68b893e6c1f4cb299407c58f1504db283d1f7eca7585dfc2f88a968d4,US English,us,"The salesman was like the rest of them, untrustworthy.",THE SALESMAN WAS LIKE THE REST OF THEM UNTRUSTWORTHY,d324117d537cb260d362b603bb8b68d07f7565e24a05f652cac3619c04d27197
wav2vec2_large_robust,suta,28,stage5ext_00113,2ce9c40fcb6948ed0bced3197b5aefb5f8585c4b80c5f627af7a750cfb445b61c96532c68b893e6c1f4cb299407c58f1504db283d1f7eca7585dfc2f88a968d4,US English,us,"Did you know that the word ""commercial"" could mean the same as ""advertisement""?",DID YOU KNOW THAT THE WORD COMMERCIAL COULD MEAN THE SAME AS ADVERTISEMENT,20e553a3f3f0105af45aa948fe45aa5924019084efe76def4ab9923f8c2d5f96
wav2vec2_large_robust,suta,28,stage5ext_00114,2ce9c40fcb6948ed0bced3197b5aefb5f8585c4b80c5f627af7a750cfb445b61c96532c68b893e6c1f4cb299407c58f1504db283d1f7eca7585dfc2f88a968d4,US English,us,Topsy-turvy Steamboat.,TOPSY TURVY STEAMBOAT,20e553a3f3f0105af45aa948fe45aa5924019084efe76def4ab9923f8c2d5f96
wav2vec2_large_robust,suta,28,stage5ext_00115,2ce9c40fcb6948ed0bced3197b5aefb5f8585c4b80c5f627af7a750cfb445b61c96532c68b893e6c1f4cb299407c58f1504db283d1f7eca7585dfc2f88a968d4,US English,us,Save a thief from the gallows and he will cut your throat,SAVE A THIEF FROM THE GALLOWS AND HE WILL CUT YOUR THROAT,20e553a3f3f0105af45aa948fe45aa5924019084efe76def4ab9923f8c2d5f96
wav2vec2_large_robust,suta,28,stage5ext_00116,2ce9c40fcb6948ed0bced3197b5aefb5f8585c4b80c5f627af7a750cfb445b61c96532c68b893e6c1f4cb299407c58f1504db283d1f7eca7585dfc2f88a968d4,US English,us,A chip of the old block.,A CHIP OF THE OLD BLOCK,20e553a3f3f0105af45aa948fe45aa5924019084efe76def4ab9923f8c2d5f96
wav2vec2_large_robust,suta,29,stage5ext_00117,2ce9c40fcb6948ed0bced3197b5aefb5f8585c4b80c5f627af7a750cfb445b61c96532c68b893e6c1f4cb299407c58f1504db283d1f7eca7585dfc2f88a968d4,US English,us,What about from an unsafe distance?,WHAT ABOUT FROM AN UNSAFE DISTANCE,54360ee932ad95de36b8a08b7021c154ef8e0c950979efd1c4f91819d82b3282
wav2vec2_large_robust,suta,29,stage5ext_00118,2ce9c40fcb6948ed0bced3197b5aefb5f8585c4b80c5f627af7a750cfb445b61c96532c68b893e6c1f4cb299407c58f1504db283d1f7eca7585dfc2f88a968d4,US English,us,New pants lack cuffs and pockets.,NEW PANTS LACK CUFFS AND POCKETS,54360ee932ad95de36b8a08b7021c154ef8e0c950979efd1c4f91819d82b3282
wav2vec2_large_robust,suta,29,stage5ext_00119,2ce9c40fcb6948ed0bced3197b5aefb5f8585c4b80c5f627af7a750cfb445b61c96532c68b893e6c1f4cb299407c58f1504db283d1f7eca7585dfc2f88a968d4,US English,us,Is that how your niece began?,IS THAT HOW YOUR NIECE BEGAN,54360ee932ad95de36b8a08b7021c154ef8e0c950979efd1c4f91819d82b3282
wav2vec2_large_robust,suta,29,stage5ext_00120,2ce9c40fcb6948ed0bced3197b5aefb5f8585c4b80c5f627af7a750cfb445b61c96532c68b893e6c1f4cb299407c58f1504db283d1f7eca7585dfc2f88a968d4,US English,us,That is the weirdest dress I have found in this store.,THAT IS THE WEIRDEST DRESS I HAVE FOUND IN THE STORE,54360ee932ad95de36b8a08b7021c154ef8e0c950979efd1c4f91819d82b3282
wav2vec2_large_robust,suta,30,stage5ext_00121,228508a13bdcb59b6e981ab369677a052cfa1d9208ac95a44f5a910b5fb16d76e49d318b1a128dd5144453cc80734637f59383b09379191621b865980d923440,US English,us,The reasons are more political.,THE REASONS ARE MORE POLITICAL,99728e50c73c01691c7aff70d9826aae01a3afb8d41d5683ad8e3cabec1c835d
wav2vec2_large_robust,suta,30,stage5ext_00122,228508a13bdcb59b6e981ab369677a052cfa1d9208ac95a44f5a910b5fb16d76e49d318b1a128dd5144453cc80734637f59383b09379191621b865980d923440,US English,us,When he became a foreman he expected more output from the workmen.,THEN HE BECAME A FOREMAN HE EXPECTED MORE OUTPUT FROM THE WORKMAN,99728e50c73c01691c7aff70d9826aae01a3afb8d41d5683ad8e3cabec1c835d
wav2vec2_large_robust,suta,30,stage5ext_00123,228508a13bdcb59b6e981ab369677a052cfa1d9208ac95a44f5a910b5fb16d76e49d318b1a128dd5144453cc80734637f59383b09379191621b865980d923440,US English,us,"The timber was exported to Egypt, where it was in great demand.",THE TIMOR WAS EXPORTED TO EGYPT FOR IT WAS IN GREAT DEMAND,99728e50c73c01691c7aff70d9826aae01a3afb8d41d5683ad8e3cabec1c835d
wav2vec2_large_robust,suta,30,stage5ext_00124,228508a13bdcb59b6e981ab369677a052cfa1d9208ac95a44f5a910b5fb16d76e49d318b1a128dd5144453cc80734637f59383b09379191621b865980d923440,US English,us,"On farm visits, touching or feeding pigs should be prohibited.",ON FAR VISITS TOUCHING OR FITTING MIX SHOULD BE PROHIBITED,99728e50c73c01691c7aff70d9826aae01a3afb8d41d5683ad8e3cabec1c835d
wav2vec2_large_robust,suta,31,stage5ext_00125,228508a13bdcb59b6e981ab369677a052cfa1d9208ac95a44f5a910b5fb16d76e49d318b1a128dd5144453cc80734637f59383b09379191621b865980d923440,US English,us,Noah worked on the album for two years.,NOAH WORKED ON THE ALBUM FOR TWO YEARS,57f405f414aaee549319e270e492f0cd9ad98e211525c5694e5376a8753b15ba
wav2vec2_large_robust,suta,31,stage5ext_00126,228508a13bdcb59b6e981ab369677a052cfa1d9208ac95a44f5a910b5fb16d76e49d318b1a128dd5144453cc80734637f59383b09379191621b865980d923440,US English,us,"The family seat is Terling Place, near Terling, Essex.",THE FAMILIAR CITY STERLEN PLACE NEAR TELLING ESSEX,57f405f414aaee549319e270e492f0cd9ad98e211525c5694e5376a8753b15ba
wav2vec2_large_robust,suta,31,stage5ext_00127,228508a13bdcb59b6e981ab369677a052cfa1d9208ac95a44f5a910b5fb16d76e49d318b1a128dd5144453cc80734637f59383b09379191621b865980d923440,US English,us,She then got underway for Leyte.,SHE THEN GOT ON THE WAY FOR LATE,57f405f414aaee549319e270e492f0cd9ad98e211525c5694e5376a8753b15ba
wav2vec2_large_robust,suta,31,stage5ext_00128,228508a13bdcb59b6e981ab369677a052cfa1d9208ac95a44f5a910b5fb16d76e49d318b1a128dd5144453cc80734637f59383b09379191621b865980d923440,US English,us,His early work was on optical information processing.,HIS EARLY WORK WAS AN OPTICAL INFORMATION PROCESS THING,57f405f414aaee549319e270e492f0cd9ad98e211525c5694e5376a8753b15ba
wav2vec2_large_robust,suta,32,stage5ext_00129,228508a13bdcb59b6e981ab369677a052cfa1d9208ac95a44f5a910b5fb16d76e49d318b1a128dd5144453cc80734637f59383b09379191621b865980d923440,US English,us,There is much shouting and gesticulation on the appearance of a new moon.,THERE IS MUCH SHOUTING AND GESTICULATION ON THE APPEARANCE OF A NEW,e0e46ff1c3fb484050cd1b68f43550f7ad9d1ab17f655293181935da435d084c
wav2vec2_large_robust,suta,32,stage5ext_00130,228508a13bdcb59b6e981ab369677a052cfa1d9208ac95a44f5a910b5fb16d76e49d318b1a128dd5144453cc80734637f59383b09379191621b865980d923440,US English,us,Previously this variety was believed to be lost.,PREVIOUSLY THIS VARIETY WAS BELIEVED TO BE LOST,e0e46ff1c3fb484050cd1b68f43550f7ad9d1ab17f655293181935da435d084c
wav2vec2_large_robust,suta,32,stage5ext_00131,228508a13bdcb59b6e981ab369677a052cfa1d9208ac95a44f5a910b5fb16d76e49d318b1a128dd5144453cc80734637f59383b09379191621b865980d923440,US English,us,"Well, next morning, the husband was missing.",WELL NEXT MORNING THE HUSBAND WAS MISSING,e0e46ff1c3fb484050cd1b68f43550f7ad9d1ab17f655293181935da435d084c
wav2vec2_large_robust,suta,32,stage5ext_00132,228508a13bdcb59b6e981ab369677a052cfa1d9208ac95a44f5a910b5fb16d76e49d318b1a128dd5144453cc80734637f59383b09379191621b865980d923440,US English,us,The heads are then like thongs and solemn in grain and grape-colour.,THE HEADS ARE THEN LIKE TONGS AND SAW EM THIN GREN IN THE GRAT COLOR,e0e46ff1c3fb484050cd1b68f43550f7ad9d1ab17f655293181935da435d084c
wav2vec2_large_robust,suta,33,stage5ext_00133,228508a13bdcb59b6e981ab369677a052cfa1d9208ac95a44f5a910b5fb16d76e49d318b1a128dd5144453cc80734637f59383b09379191621b865980d923440,US English,us,"After retiring, Ehiogu founded his own record label, Dirty Hit.",AFTER RETIRING IHOKI FOUNDED HIS OWN RECORD LABEL DIRTIAD,3fcee72f94012893091d59e0b07066409524162b913b0d311bc6e119c3fa4a38
wav2vec2_large_robust,suta,33,stage5ext_00134,228508a13bdcb59b6e981ab369677a052cfa1d9208ac95a44f5a910b5fb16d76e49d318b1a128dd5144453cc80734637f59383b09379191621b865980d923440,US English,us,"Some credit ""earlier notions of political and juridical authority"" in Iran's Safavid period.",SOME CREDIT EARLIER NOTIONS OF POLITICAL AND JURIDICAL AUTHORITY IN ERAN'S SUFAWIT PERIOD,3fcee72f94012893091d59e0b07066409524162b913b0d311bc6e119c3fa4a38
wav2vec2_large_robust,suta,33,stage5ext_00135,228508a13bdcb59b6e981ab369677a052cfa1d9208ac95a44f5a910b5fb16d76e49d318b1a128dd5144453cc80734637f59383b09379191621b865980d923440,US English,us,"George Washington Riggs died at his home, Green Hill, in Prince George's County, Maryland.",GEORGE WASHINGTON RIKS DIED AT HIS HOME GREENHILL IN PRINCE GEORGE'S COUNTY MERYLAND,3fcee72f94012893091d59e0b07066409524162b913b0d311bc6e119c3fa4a38
wav2vec2_large_robust,suta,33,stage5ext_00136,720e559efbceae3ffa3e0df1e70d5d276564f71b02f1a3222c7dbbfa55811cbc4ad54045296d28ef121452051dd65e0253f9af4f519f65f29a0690726ba44253,US English,us,"The number of non-Muslim Sufis before the twentieth century, however, was usually relatively few.",THE NUMBER OF NON MUSLEM SUFES BEFORE THE TWENTIETH CENTURY HOWEVER WAS USUALLY RELATIVELY FEW,3fcee72f94012893091d59e0b07066409524162b913b0d311bc6e119c3fa4a38
wav2vec2_large_robust,suta,34,stage5ext_00137,720e559efbceae3ffa3e0df1e70d5d276564f71b02f1a3222c7dbbfa55811cbc4ad54045296d28ef121452051dd65e0253f9af4f519f65f29a0690726ba44253,US English,us,"At the party, Jerry meets an attractive woman named Vanessa.",AT THE PARTY JERRY MEETS AN ATTRACTIVE WOMAN NAMED FENESSA,6bb11428e98129c575ebe871b384bb4ca40406063641999ee3a25ac6f90e4f0e
wav2vec2_large_robust,suta,34,stage5ext_00138,720e559efbceae3ffa3e0df1e70d5d276564f71b02f1a3222c7dbbfa55811cbc4ad54045296d28ef121452051dd65e0253f9af4f519f65f29a0690726ba44253,US English,us,Irulan herself appears in person only near the end of the novel.,IRULAN HERSELF APPEARS IN PERSON ONLY NEAR THE END OF THE NOVEL,6bb11428e98129c575ebe871b384bb4ca40406063641999ee3a25ac6f90e4f0e
wav2vec2_large_robust,suta,34,stage5ext_00139,720e559efbceae3ffa3e0df1e70d5d276564f71b02f1a3222c7dbbfa55811cbc4ad54045296d28ef121452051dd65e0253f9af4f519f65f29a0690726ba44253,US English,us,Jump is a yellow dog with brown patches and the pet dog of Tobio.,JUMP IS A YELLOW DOG WITH BROWN PATCHES AND THE PET DOG OF TOBIO,6bb11428e98129c575ebe871b384bb4ca40406063641999ee3a25ac6f90e4f0e
wav2vec2_large_robust,suta,34,stage5ext_00140,720e559efbceae3ffa3e0df1e70d5d276564f71b02f1a3222c7dbbfa55811cbc4ad54045296d28ef121452051dd65e0253f9af4f519f65f29a0690726ba44253,US English,us,It has some popular restaurants including The New Inn.,IT HAS SOME POPULAR RESTAURANTS INCLUDING THE NEW INN,6bb11428e98129c575ebe871b384bb4ca40406063641999ee3a25ac6f90e4f0e
wav2vec2_large_robust,suta,35,stage5ext_00141,720e559efbceae3ffa3e0df1e70d5d276564f71b02f1a3222c7dbbfa55811cbc4ad54045296d28ef121452051dd65e0253f9af4f519f65f29a0690726ba44253,US English,us,The families and genera within the orders are listed in alphabetical order.,THE FAMILIES AND GENERA WITHIN THE ORDERS ARE LISTED IN ALPHABETICAL ORDER,f0bbcec7f9cf5ea0f45a009fb30b14d0c4c195c27677b51da5d91bc4e6b0dcf6
wav2vec2_large_robust,suta,35,stage5ext_00142,720e559efbceae3ffa3e0df1e70d5d276564f71b02f1a3222c7dbbfa55811cbc4ad54045296d28ef121452051dd65e0253f9af4f519f65f29a0690726ba44253,US English,us,"This practice remains an important ritual in some remote, tribal societies.",THIS PRACTICE REMAINS AN IMPORTANT RITUAL IN SOME REMOTE TRIBAL SOCIETIES,f0bbcec7f9cf5ea0f45a009fb30b14d0c4c195c27677b51da5d91bc4e6b0dcf6
wav2vec2_large_robust,suta,35,stage5ext_00143,720e559efbceae3ffa3e0df1e70d5d276564f71b02f1a3222c7dbbfa55811cbc4ad54045296d28ef121452051dd65e0253f9af4f519f65f29a0690726ba44253,US English,us,A second game also included Carshalton College.,A SECOND GAME ALSO INCLUDED CARSHELTON COLLEGE,f0bbcec7f9cf5ea0f45a009fb30b14d0c4c195c27677b51da5d91bc4e6b0dcf6
wav2vec2_large_robust,suta,35,stage5ext_00144,720e559efbceae3ffa3e0df1e70d5d276564f71b02f1a3222c7dbbfa55811cbc4ad54045296d28ef121452051dd65e0253f9af4f519f65f29a0690726ba44253,US English,us,Mareya micrantha is said to have local anaesthetic properties.,MAREA MACRANTHA IS SAID TO HAVE LOCAL ANESTHETIC PROPERTIES,f0bbcec7f9cf5ea0f45a009fb30b14d0c4c195c27677b51da5d91bc4e6b0dcf6
wav2vec2_large_robust,suta,36,stage5ext_00145,720e559efbceae3ffa3e0df1e70d5d276564f71b02f1a3222c7dbbfa55811cbc4ad54045296d28ef121452051dd65e0253f9af4f519f65f29a0690726ba44253,US English,us,The expanded section included an enlarged bar.,THE EXPANDED SECTION INCLUDED AN ENLARGED BAR,8d9dfa4b7b8efa0701bacd346b41ae6fbc8cf1a1bf886dc971f8f5ea8dc4d08c
wav2vec2_large_robust,suta,36,stage5ext_00146,720e559efbceae3ffa3e0df1e70d5d276564f71b02f1a3222c7dbbfa55811cbc4ad54045296d28ef121452051dd65e0253f9af4f519f65f29a0690726ba44253,US English,us,"This is in contrast to physiology, which deals primarily with function.",THIS IS IN CONTRAST TO PHYSIOLOGY WHICH DEALS PRIMARILY WITH FUNCTION,8d9dfa4b7b8efa0701bacd346b41ae6fbc8cf1a1bf886dc971f8f5ea8dc4d08c
wav2vec2_large_robust,suta,36,stage5ext_00147,720e559efbceae3ffa3e0df1e70d5d276564f71b02f1a3222c7dbbfa55811cbc4ad54045296d28ef121452051dd65e0253f9af4f519f65f29a0690726ba44253,US English,us,"When his wife died, Acosta retired and went to live in a hermitage.",WHEN HIS WIFE DIED ACOSTA RETIRED AND WENT TO LIVE IN A HERMITAGE,8d9dfa4b7b8efa0701bacd346b41ae6fbc8cf1a1bf886dc971f8f5ea8dc4d08c
wav2vec2_large_robust,suta,36,stage5ext_00148,720e559efbceae3ffa3e0df1e70d5d276564f71b02f1a3222c7dbbfa55811cbc4ad54045296d28ef121452051dd65e0253f9af4f519f65f29a0690726ba44253,US English,us,McNab ruled with an iron fist over the Scottish settlers.,MC NAB RULED WITH AN IRON FIST OVER THE SCOTTISH SETTLERS,8d9dfa4b7b8efa0701bacd346b41ae6fbc8cf1a1bf886dc971f8f5ea8dc4d08c
wav2vec2_large_robust,suta,37,stage5ext_00149,720e559efbceae3ffa3e0df1e70d5d276564f71b02f1a3222c7dbbfa55811cbc4ad54045296d28ef121452051dd65e0253f9af4f519f65f29a0690726ba44253,US English,us,"Ricci played a young detective who temporarily partners with Grace, played by Holly Hunter.",RICKI PLAYED A YOUNG DETECTIVE WHO TEMPORARILY PARTNERS WITH GRACE PLAYED BY HOLLY HUNTER,06b02cf85a2c65ca5b1a6d60d978c1a5be62dcc5a627e9aecdd3bb81f30b2bf3
wav2vec2_large_robust,suta,37,stage5ext_00150,720e559efbceae3ffa3e0df1e70d5d276564f71b02f1a3222c7dbbfa55811cbc4ad54045296d28ef121452051dd65e0253f9af4f519f65f29a0690726ba44253,US English,us,"It would, in effect, paralyse their co-operation.",IT WOULD IN EFFECT PARALYZE THEIR CO OPERATION,06b02cf85a2c65ca5b1a6d60d978c1a5be62dcc5a627e9aecdd3bb81f30b2bf3
wav2vec2_large_robust,suta,37,stage5ext_00151,fd0dff3b5f07ca5531d539b5a2d98730836ad0aa3e1b6526ad93f596c546212f2e9c6152141a6d6a86254fe36668b66427df0e1588645c1756157fb92705969a,England English,england,I'm playing for keeps.,I'M BERE FOR KEEPS,06b02cf85a2c65ca5b1a6d60d978c1a5be62dcc5a627e9aecdd3bb81f30b2bf3
wav2vec2_large_robust,suta,37,stage5ext_00152,fd0dff3b5f07ca5531d539b5a2d98730836ad0aa3e1b6526ad93f596c546212f2e9c6152141a6d6a86254fe36668b66427df0e1588645c1756157fb92705969a,England English,england,His old Ferrari has been compacted to a small cube of metal at the junkyard.,HIS OLD FERARI HAS BEEN COMPACTED TO A SMALL CUBE OF METAL AT THE JUNK YARD,06b02cf85a2c65ca5b1a6d60d978c1a5be62dcc5a627e9aecdd3bb81f30b2bf3
wav2vec2_large_robust,suta,38,stage5ext_00153,fd0dff3b5f07ca5531d539b5a2d98730836ad0aa3e1b6526ad93f596c546212f2e9c6152141a6d6a86254fe36668b66427df0e1588645c1756157fb92705969a,England English,england,There was no response from the elders.,THERE WAS NO RESPONSE FROM THE ODERS,f21df359ba27871b1c0d0a17a20f0e08ceb57b8cdba0dd968e1bc321b91dcfbb
wav2vec2_large_robust,suta,38,stage5ext_00154,fd0dff3b5f07ca5531d539b5a2d98730836ad0aa3e1b6526ad93f596c546212f2e9c6152141a6d6a86254fe36668b66427df0e1588645c1756157fb92705969a,England English,england,You're hurting my sore foot.,YOU ARE HURTING MY SORE FOOT,f21df359ba27871b1c0d0a17a20f0e08ceb57b8cdba0dd968e1bc321b91dcfbb
wav2vec2_large_robust,suta,38,stage5ext_00155,fd0dff3b5f07ca5531d539b5a2d98730836ad0aa3e1b6526ad93f596c546212f2e9c6152141a6d6a86254fe36668b66427df0e1588645c1756157fb92705969a,England English,england,Studying these key phrases will help you while traveling.,STUDYING THESE KEY PHRASES WILL HELP YOU WHILE TRAVELLING,f21df359ba27871b1c0d0a17a20f0e08ceb57b8cdba0dd968e1bc321b91dcfbb
wav2vec2_large_robust,suta,38,stage5ext_00156,fd0dff3b5f07ca5531d539b5a2d98730836ad0aa3e1b6526ad93f596c546212f2e9c6152141a6d6a86254fe36668b66427df0e1588645c1756157fb92705969a,England English,england,Mary told me that she got to meet up with you while she was back in San Francisco.,MARY TOLD ME SHE GOT TO MEET UP WITH YOU WHILE YOU WERE BACK IN SAN FRANCISCO,f21df359ba27871b1c0d0a17a20f0e08ceb57b8cdba0dd968e1bc321b91dcfbb
wav2vec2_large_robust,suta,39,stage5ext_00157,fd0dff3b5f07ca5531d539b5a2d98730836ad0aa3e1b6526ad93f596c546212f2e9c6152141a6d6a86254fe36668b66427df0e1588645c1756157fb92705969a,England English,england,Look on the third shelf back of the eye wash.,LOOK ON THE THIRD SHELF BACK OF THE O WOF,d7e0b7f27066096bf5d93d490d45d7622eba42c42af2057f18feb7da98541885
wav2vec2_large_robust,suta,39,stage5ext_00158,fd0dff3b5f07ca5531d539b5a2d98730836ad0aa3e1b6526ad93f596c546212f2e9c6152141a6d6a86254fe36668b66427df0e1588645c1756157fb92705969a,England English,england,It was Linda Keller!,IT WAS LINDA KELLER,d7e0b7f27066096bf5d93d490d45d7622eba42c42af2057f18feb7da98541885
wav2vec2_large_robust,suta,39,stage5ext_00159,fd0dff3b5f07ca5531d539b5a2d98730836ad0aa3e1b6526ad93f596c546212f2e9c6152141a6d6a86254fe36668b66427df0e1588645c1756157fb92705969a,England English,england,Neil Armstrong was the first man to step foot on the moon.,NAL ARMSTRONG WAS THE FIRST MAN TO STET FOOT ON THE MOON,d7e0b7f27066096bf5d93d490d45d7622eba42c42af2057f18feb7da98541885
wav2vec2_large_robust,suta,39,stage5ext_00160,fd0dff3b5f07ca5531d539b5a2d98730836ad0aa3e1b6526ad93f596c546212f2e9c6152141a6d6a86254fe36668b66427df0e1588645c1756157fb92705969a,England English,england,You go on and practice.,YOU GO ON AND PRACTICE,d7e0b7f27066096bf5d93d490d45d7622eba42c42af2057f18feb7da98541885
wav2vec2_large_robust,suta,40,stage5ext_00161,fd0dff3b5f07ca5531d539b5a2d98730836ad0aa3e1b6526ad93f596c546212f2e9c6152141a6d6a86254fe36668b66427df0e1588645c1756157fb92705969a,England English,england,Storm increasing over the Rockies.,STORM INCREASING OVER THE ROCKIES,7241ce34db51806039f2fffef37b0bf4d02e22f82c0174ca125e35c1a4465495
wav2vec2_large_robust,suta,40,stage5ext_00162,fd0dff3b5f07ca5531d539b5a2d98730836ad0aa3e1b6526ad93f596c546212f2e9c6152141a6d6a86254fe36668b66427df0e1588645c1756157fb92705969a,England English,england,Witnesses report two armed suspects and four hostages.,WITNESSES REPORT TWO ARMED SUSPECTS AND FOUR HOSTAGES,7241ce34db51806039f2fffef37b0bf4d02e22f82c0174ca125e35c1a4465495
wav2vec2_large_robust,suta,40,stage5ext_00163,fd0dff3b5f07ca5531d539b5a2d98730836ad0aa3e1b6526ad93f596c546212f2e9c6152141a6d6a86254fe36668b66427df0e1588645c1756157fb92705969a,England English,england,"If you know of other games that play well with hands-free control, please post in the comments.",IF YOU KNOW OF OTHER GAMES THAT PLAY ROLL WITH HANDS FREE CONTROL PLEASE POST IN THE COMMENT,7241ce34db51806039f2fffef37b0bf4d02e22f82c0174ca125e35c1a4465495
wav2vec2_large_robust,suta,40,stage5ext_00164,fd0dff3b5f07ca5531d539b5a2d98730836ad0aa3e1b6526ad93f596c546212f2e9c6152141a6d6a86254fe36668b66427df0e1588645c1756157fb92705969a,England English,england,"Two caribous in a queue, they didn't have a clue, that I was using their flue, to write a poem for you.",TWO CARABOOS IN A CU THEY DIDN'T HAVE A PLUT THAT I WAS USING THAT FLUE TO WRITE A POEM FOR YOU,7241ce34db51806039f2fffef37b0bf4d02e22f82c0174ca125e35c1a4465495
wav2vec2_large_robust,suta,41,stage5ext_00165,fd0dff3b5f07ca5531d539b5a2d98730836ad0aa3e1b6526ad93f596c546212f2e9c6152141a6d6a86254fe36668b66427df0e1588645c1756157fb92705969a,England English,england,With a bag of marshmallows.,WITH A BAG OF MARSH MEADOWS,a72be2289153fca025ca69a30d5c339add97a7acdd1a5a3e2ec87658189789f5
wav2vec2_large_robust,suta,41,stage5ext_00166,fdcab9861a3de8913b99470efefdd496f7500e233d7a34a4bf246ca2321426334f7206282773114305bb5b045ee084a0c9e50c6160fc40ac34ba2009e1997f8f,England English,england,"Teresa, Mildrid, Ralph, and Vonda all arrived yesterday evening.",TERESA MILDRED WALPH AND BUNDA ALL ARRIVED YESTERDAY EVENING,a72be2289153fca025ca69a30d5c339add97a7acdd1a5a3e2ec87658189789f5
wav2vec2_large_robust,suta,41,stage5ext_00167,fdcab9861a3de8913b99470efefdd496f7500e233d7a34a4bf246ca2321426334f7206282773114305bb5b045ee084a0c9e50c6160fc40ac34ba2009e1997f8f,England English,england,"Somehow, the paragraphs blurred into each other.",SOMEHOW THE PARAGRAPHS BLURRED INTO EACH OTHER,a72be2289153fca025ca69a30d5c339add97a7acdd1a5a3e2ec87658189789f5
wav2vec2_large_robust,suta,41,stage5ext_00168,fdcab9861a3de8913b99470efefdd496f7500e233d7a34a4bf246ca2321426334f7206282773114305bb5b045ee084a0c9e50c6160fc40ac34ba2009e1997f8f,England English,england,"Now, attend to me.",NOW ATTEND TO ME,a72be2289153fca025ca69a30d5c339add97a7acdd1a5a3e2ec87658189789f5
wav2vec2_large_robust,suta,42,stage5ext_00169,fdcab9861a3de8913b99470efefdd496f7500e233d7a34a4bf246ca2321426334f7206282773114305bb5b045ee084a0c9e50c6160fc40ac34ba2009e1997f8f,England English,england,"Oh man, I think I got friend-zoned once again.",OH MAN I'L THINK I'VE GOT FRIENDSOWNED ONCE AGAIN,a52a67884e10794a06e5b849dde2a1b75ce949b442259c1644ac83abb9a33c06
wav2vec2_large_robust,suta,42,stage5ext_00170,fdcab9861a3de8913b99470efefdd496f7500e233d7a34a4bf246ca2321426334f7206282773114305bb5b045ee084a0c9e50c6160fc40ac34ba2009e1997f8f,England English,england,"Hooray, we're going to Alaska!",WHOAY WE'RE GOING TO ALASKA,a52a67884e10794a06e5b849dde2a1b75ce949b442259c1644ac83abb9a33c06
wav2vec2_large_robust,suta,42,stage5ext_00171,fdcab9861a3de8913b99470efefdd496f7500e233d7a34a4bf246ca2321426334f7206282773114305bb5b045ee084a0c9e50c6160fc40ac34ba2009e1997f8f,England English,england,"The landing was dimly light by a single, bare, low-power light-bulb.",HE LANDING WAS DIMLY LIT BY A SINGLE BAR NO POWER LIGHTBOLD,a52a67884e10794a06e5b849dde2a1b75ce949b442259c1644ac83abb9a33c06
wav2vec2_large_robust,suta,42,stage5ext_00172,fdcab9861a3de8913b99470efefdd496f7500e233d7a34a4bf246ca2321426334f7206282773114305bb5b045ee084a0c9e50c6160fc40ac34ba2009e1997f8f,England English,england,Aren't we godlike?,AREN'T WE BABLIKE,a52a67884e10794a06e5b849dde2a1b75ce949b442259c1644ac83abb9a33c06
wav2vec2_large_robust,suta,43,stage5ext_00173,fdcab9861a3de8913b99470efefdd496f7500e233d7a34a4bf246ca2321426334f7206282773114305bb5b045ee084a0c9e50c6160fc40ac34ba2009e1997f8f,England English,england,Where is my dress?,WHERE IS MY DRESS,456b004f7decf661bd6ff343b22491b38d56f74a209eda67afed738952726a64
wav2vec2_large_robust,suta,43,stage5ext_00174,fdcab9861a3de8913b99470efefdd496f7500e233d7a34a4bf246ca2321426334f7206282773114305bb5b045ee084a0c9e50c6160fc40ac34ba2009e1997f8f,England English,england,Where are you going?,WHERE ARE YOU GOING,456b004f7decf661bd6ff343b22491b38d56f74a209eda67afed738952726a64
wav2vec2_large_robust,suta,43,stage5ext_00175,fdcab9861a3de8913b99470efefdd496f7500e233d7a34a4bf246ca2321426334f7206282773114305bb5b045ee084a0c9e50c6160fc40ac34ba2009e1997f8f,England English,england,"When you're at a party and somebody says ""banana bread"", a sniper might be near you.",WHEN YOU'RE AT A PARTY AND SOMEBODY SAYS BANANA BREAD A SNIPER MIGHT BE NEAR YOU,456b004f7decf661bd6ff343b22491b38d56f74a209eda67afed738952726a64
wav2vec2_large_robust,suta,43,stage5ext_00176,fdcab9861a3de8913b99470efefdd496f7500e233d7a34a4bf246ca2321426334f7206282773114305bb5b045ee084a0c9e50c6160fc40ac34ba2009e1997f8f,England English,england,"She was beautiful from behind, but he couldn't see her face yet.",SHE WAS BEAUTIFUL FROM BEHIND BUT HE COULDN'T SEE HER FACE YET,456b004f7decf661bd6ff343b22491b38d56f74a209eda67afed738952726a64
wav2vec2_large_robust,suta,44,stage5ext_00177,fdcab9861a3de8913b99470efefdd496f7500e233d7a34a4bf246ca2321426334f7206282773114305bb5b045ee084a0c9e50c6160fc40ac34ba2009e1997f8f,England English,england,Didn't you know that?,DIDN'T SHE KNOW THAT,c7a4e5e065fbbf82e89e3d7f8bc97bc03fcdd9a03344284967e7dfd755297b92
wav2vec2_large_robust,suta,44,stage5ext_00178,fdcab9861a3de8913b99470efefdd496f7500e233d7a34a4bf246ca2321426334f7206282773114305bb5b045ee084a0c9e50c6160fc40ac34ba2009e1997f8f,England English,england,What else can I do?,WHAT ELSE CAN I DO,c7a4e5e065fbbf82e89e3d7f8bc97bc03fcdd9a03344284967e7dfd755297b92
wav2vec2_large_robust,suta,44,stage5ext_00179,fdcab9861a3de8913b99470efefdd496f7500e233d7a34a4bf246ca2321426334f7206282773114305bb5b045ee084a0c9e50c6160fc40ac34ba2009e1997f8f,England English,england,May I borrow your bolster?,MAY I BORROW YOUR BOLSTER,c7a4e5e065fbbf82e89e3d7f8bc97bc03fcdd9a03344284967e7dfd755297b92
wav2vec2_large_robust,suta,44,stage5ext_00180,fdcab9861a3de8913b99470efefdd496f7500e233d7a34a4bf246ca2321426334f7206282773114305bb5b045ee084a0c9e50c6160fc40ac34ba2009e1997f8f,England English,england,"They walked in from the rain, all dishevelled and steaming.",THEY WALKED IN FROM THE RAIN ALL DISHEVELED AND STEAMING,c7a4e5e065fbbf82e89e3d7f8bc97bc03fcdd9a03344284967e7dfd755297b92
wav2vec2_large_robust,suta,45,stage5ext_00181,7485d1e4fd50cc3801883f44ba2eaca4d5d18deb062c87bb6dd533c6db6cdca2a4b53ec84620337d88bc4417c254ba46b7f21517d0bec5305dd08e43c791410c,England English,england,Both have a notably red eye.,BOTH HAVE A NOTABLY RED EYE,88c9bed54d46c8cd389037b3b78b5e6f0a1cd0c13de0fdfaa0c934b5283f5354
wav2vec2_large_robust,suta,45,stage5ext_00182,7485d1e4fd50cc3801883f44ba2eaca4d5d18deb062c87bb6dd533c6db6cdca2a4b53ec84620337d88bc4417c254ba46b7f21517d0bec5305dd08e43c791410c,England English,england,"At the conclusion of the season, Kerry and ThorSport Racing went their separate ways.",AT THE CONCLUSION OF THE SEASON CERRY AND THAUSPORT RACING WENT THEIR SEPARATE WAYS,88c9bed54d46c8cd389037b3b78b5e6f0a1cd0c13de0fdfaa0c934b5283f5354
wav2vec2_large_robust,suta,45,stage5ext_00183,7485d1e4fd50cc3801883f44ba2eaca4d5d18deb062c87bb6dd533c6db6cdca2a4b53ec84620337d88bc4417c254ba46b7f21517d0bec5305dd08e43c791410c,England English,england,Prasterone is a steroid hormone.,PRASTERON IS A STEROID HORMON,88c9bed54d46c8cd389037b3b78b5e6f0a1cd0c13de0fdfaa0c934b5283f5354
wav2vec2_large_robust,suta,45,stage5ext_00184,7485d1e4fd50cc3801883f44ba2eaca4d5d18deb062c87bb6dd533c6db6cdca2a4b53ec84620337d88bc4417c254ba46b7f21517d0bec5305dd08e43c791410c,England English,england,"A natural key is sometimes called ""domain key"".",A NATURAL KEY IS SOMETIMES CALLED DOMAIN KEY,88c9bed54d46c8cd389037b3b78b5e6f0a1cd0c13de0fdfaa0c934b5283f5354
wav2vec2_large_robust,suta,46,stage5ext_00185,7485d1e4fd50cc3801883f44ba2eaca4d5d18deb062c87bb6dd533c6db6cdca2a4b53ec84620337d88bc4417c254ba46b7f21517d0bec5305dd08e43c791410c,England English,england,In China also along with Confucianism developed the tradition of Legalism.,IN CHINA ALSO ALONG WITH CONFUCIANISM DEVELOPED THE TRADITION OF LEGALISM,ca9ec491c7680363bd56a5e985b1d56b6ca8f49270df385d1f487828ad3186b1
wav2vec2_large_robust,suta,46,stage5ext_00186,7485d1e4fd50cc3801883f44ba2eaca4d5d18deb062c87bb6dd533c6db6cdca2a4b53ec84620337d88bc4417c254ba46b7f21517d0bec5305dd08e43c791410c,England English,england,"Deeley describes her religious affiliation as Anglican, although she was not christened.",DEELY DESCRIBED HER RELIGIOUS AFFILIATIONS AS ANGLICAN ALTHOUGH SHE WAS NOT CHRISTENED,ca9ec491c7680363bd56a5e985b1d56b6ca8f49270df385d1f487828ad3186b1
wav2vec2_large_robust,suta,46,stage5ext_00187,7485d1e4fd50cc3801883f44ba2eaca4d5d18deb062c87bb6dd533c6db6cdca2a4b53ec84620337d88bc4417c254ba46b7f21517d0bec5305dd08e43c791410c,England English,england,The program highlighted Chadwick's hometown of San Diego.,THE PROGRAMME HIGH LIGHTED CHADWICK'S HOMETOWN OF SAN DIEGO,ca9ec491c7680363bd56a5e985b1d56b6ca8f49270df385d1f487828ad3186b1
wav2vec2_large_robust,suta,46,stage5ext_00188,7485d1e4fd50cc3801883f44ba2eaca4d5d18deb062c87bb6dd533c6db6cdca2a4b53ec84620337d88bc4417c254ba46b7f21517d0bec5305dd08e43c791410c,England English,england,"The township calls itself ""New Jersey's Largest Municipality"" on its stationery and its website.",THE TOWNSHIP CALLS ITSELF NEW JERSEY'S LARGEST MUNICIPALITY ON ITS STATIONARY AND ITS WEBSIGHT,ca9ec491c7680363bd56a5e985b1d56b6ca8f49270df385d1f487828ad3186b1
wav2vec2_large_robust,suta,47,stage5ext_00189,7485d1e4fd50cc3801883f44ba2eaca4d5d18deb062c87bb6dd533c6db6cdca2a4b53ec84620337d88bc4417c254ba46b7f21517d0bec5305dd08e43c791410c,England English,england,Morrow County is considered to be a part of Mid Ohio.,MORROW COUNTY IS CONSIDERED TO BE PART OF MID OHIO,474c70ad938c10e87cc9498f79d749bb66d67cdd5417e4e37e19a603a214ac95
wav2vec2_large_robust,suta,47,stage5ext_00190,7485d1e4fd50cc3801883f44ba2eaca4d5d18deb062c87bb6dd533c6db6cdca2a4b53ec84620337d88bc4417c254ba46b7f21517d0bec5305dd08e43c791410c,England English,england,Bryan disliked the Klan but never publicly attacked it.,BRYAN DISLIKED THE CLAN BUT NEVER PUBLICLY ATTACKED IT,474c70ad938c10e87cc9498f79d749bb66d67cdd5417e4e37e19a603a214ac95
wav2vec2_large_robust,suta,47,stage5ext_00191,7485d1e4fd50cc3801883f44ba2eaca4d5d18deb062c87bb6dd533c6db6cdca2a4b53ec84620337d88bc4417c254ba46b7f21517d0bec5305dd08e43c791410c,England English,england,The area around present-day Yokosuka city has been inhabited for thousands of years.,THE AREA AROUND PRESENT DAY YOKOSUKA CITY HAS BEEN INHABITED FOR THOUSANDS OF YEARS,474c70ad938c10e87cc9498f79d749bb66d67cdd5417e4e37e19a603a214ac95
wav2vec2_large_robust,suta,47,stage5ext_00192,7485d1e4fd50cc3801883f44ba2eaca4d5d18deb062c87bb6dd533c6db6cdca2a4b53ec84620337d88bc4417c254ba46b7f21517d0bec5305dd08e43c791410c,England English,england,Original music for the film was composed by Rachel Portman.,ORIGINAL MUSIC FOR THE FILM WAS COMPOSED BY RACHEL PORTMAN,474c70ad938c10e87cc9498f79d749bb66d67cdd5417e4e37e19a603a214ac95
wav2vec2_large_robust,suta,48,stage5ext_00193,7485d1e4fd50cc3801883f44ba2eaca4d5d18deb062c87bb6dd533c6db6cdca2a4b53ec84620337d88bc4417c254ba46b7f21517d0bec5305dd08e43c791410c,England English,england,It has a Rocky Top address.,IT HAS A ROCKY TOP ADDRESS,a6eda1811d34ccdf4378051e650bde3bced774147b3ee15ae7db50d0150562fa
wav2vec2_large_robust,suta,48,stage5ext_00194,7485d1e4fd50cc3801883f44ba2eaca4d5d18deb062c87bb6dd533c6db6cdca2a4b53ec84620337d88bc4417c254ba46b7f21517d0bec5305dd08e43c791410c,England English,england,He was also created the Marquess of Hedong.,HE WAS ALSO CREATED THE MARQUIS OF HENDONG,a6eda1811d34ccdf4378051e650bde3bced774147b3ee15ae7db50d0150562fa
wav2vec2_large_robust,suta,48,stage5ext_00195,7485d1e4fd50cc3801883f44ba2eaca4d5d18deb062c87bb6dd533c6db6cdca2a4b53ec84620337d88bc4417c254ba46b7f21517d0bec5305dd08e43c791410c,England English,england,"However, there are strong reasons to doubt that this is him.",HOWEVER THERE ARE STRONG REASONS TO DOUBT THAT THIS IS HIM,a6eda1811d34ccdf4378051e650bde3bced774147b3ee15ae7db50d0150562fa
wav2vec2_large_robust,suta,48,stage5ext_00196,3660ede2a2a5b5d649342a4a5c04e6b398b1247566aad9c6f059a84e8fa5405dd489100055b29dec8fa9b337b3661c001754f4f302bb85bd39eac24bee4023fe,England English,england,The old man returned the book to the boy.,THE OLD MAN RETURNED THE BOOK TO THE BOY,a6eda1811d34ccdf4378051e650bde3bced774147b3ee15ae7db50d0150562fa
wav2vec2_large_robust,suta,49,stage5ext_00197,3660ede2a2a5b5d649342a4a5c04e6b398b1247566aad9c6f059a84e8fa5405dd489100055b29dec8fa9b337b3661c001754f4f302bb85bd39eac24bee4023fe,England English,england,"From where he sat, he could observe the plaza.",FROM WHERE HE SAT HE COULD OBSERVE THE PLAZA,725cc909ee89e7c3942da550125b76292f399c16fe6a7613d21a9bbf410c4b27
wav2vec2_large_robust,suta,49,stage5ext_00198,3660ede2a2a5b5d649342a4a5c04e6b398b1247566aad9c6f059a84e8fa5405dd489100055b29dec8fa9b337b3661c001754f4f302bb85bd39eac24bee4023fe,England English,england,He could always go back to being a shepherd.,HE COULD ALWAYS GO BACK TO BEING A SHEPHERD,725cc909ee89e7c3942da550125b76292f399c16fe6a7613d21a9bbf410c4b27
wav2vec2_large_robust,suta,49,stage5ext_00199,3660ede2a2a5b5d649342a4a5c04e6b398b1247566aad9c6f059a84e8fa5405dd489100055b29dec8fa9b337b3661c001754f4f302bb85bd39eac24bee4023fe,England English,england,A large piece suddenly came off and fell with a loud and sharp noise.,A LARGE PIECE SUDDENLY CAME OFF AND FELL WITH A LOUD AND SHARP NOISE,725cc909ee89e7c3942da550125b76292f399c16fe6a7613d21a9bbf410c4b27
wav2vec2_large_robust,suta,49,stage5ext_00200,3660ede2a2a5b5d649342a4a5c04e6b398b1247566aad9c6f059a84e8fa5405dd489100055b29dec8fa9b337b3661c001754f4f302bb85bd39eac24bee4023fe,England English,england,The boy thought of Fatima.,THE BOY THOUGHT OF FATIMA,725cc909ee89e7c3942da550125b76292f399c16fe6a7613d21a9bbf410c4b27
wav2vec2_large_robust,suta,50,stage5ext_00201,3660ede2a2a5b5d649342a4a5c04e6b398b1247566aad9c6f059a84e8fa5405dd489100055b29dec8fa9b337b3661c001754f4f302bb85bd39eac24bee4023fe,England English,england,"Curse the moment I met that old man, he thought.",CURSE THE MOMENT I MEANT THAT OLD MAN HE THOUGHT,717669be289cddd466a998b111374b4865c4d56e3fd416fafdb47d45ae25bd58
wav2vec2_large_robust,suta,50,stage5ext_00202,3660ede2a2a5b5d649342a4a5c04e6b398b1247566aad9c6f059a84e8fa5405dd489100055b29dec8fa9b337b3661c001754f4f302bb85bd39eac24bee4023fe,England English,england,"Something older than humanity, more ancient than the desert.",SOMETHING OLDER THAN HUMANITY MORE ANCIENT THAN THE DESERT,717669be289cddd466a998b111374b4865c4d56e3fd416fafdb47d45ae25bd58
wav2vec2_large_robust,suta,50,stage5ext_00203,3660ede2a2a5b5d649342a4a5c04e6b398b1247566aad9c6f059a84e8fa5405dd489100055b29dec8fa9b337b3661c001754f4f302bb85bd39eac24bee4023fe,England English,england,The boy became fearful; the omens told him that something was wrong.,THE BOY BECAME FEARFUL THE OMENS TOLD HIM THAT SOMETHING WAS WRONG,717669be289cddd466a998b111374b4865c4d56e3fd416fafdb47d45ae25bd58
wav2vec2_large_robust,suta,50,stage5ext_00204,3660ede2a2a5b5d649342a4a5c04e6b398b1247566aad9c6f059a84e8fa5405dd489100055b29dec8fa9b337b3661c001754f4f302bb85bd39eac24bee4023fe,England English,england,The turf and gravel around it seemed charred as if by a sudden explosion.,THE TURF AND GRAVEL AROUND IT SEEMED CHARRED AS IF BY A SUDDEN EXPLOSION,717669be289cddd466a998b111374b4865c4d56e3fd416fafdb47d45ae25bd58
wav2vec2_large_robust,suta,51,stage5ext_00205,3660ede2a2a5b5d649342a4a5c04e6b398b1247566aad9c6f059a84e8fa5405dd489100055b29dec8fa9b337b3661c001754f4f302bb85bd39eac24bee4023fe,England English,england,"Everything in the universe evolved, he said.",EVERYTHING IN THE UNIVERSE EVOLVED HE SAID,f936ece998b5d17c229aad6ff7491e3983b07f8cf62d09c86c3bff1daa27dc02
wav2vec2_large_robust,suta,51,stage5ext_00206,3660ede2a2a5b5d649342a4a5c04e6b398b1247566aad9c6f059a84e8fa5405dd489100055b29dec8fa9b337b3661c001754f4f302bb85bd39eac24bee4023fe,England English,england,He stood irresolute for a moment and then scrambled out of the pit.,HE STOOD IRRESOLUTE FOR A MOMENT AND THEN SCRAMBLED OUT OF THE PIT,f936ece998b5d17c229aad6ff7491e3983b07f8cf62d09c86c3bff1daa27dc02
wav2vec2_large_robust,suta,51,stage5ext_00207,3660ede2a2a5b5d649342a4a5c04e6b398b1247566aad9c6f059a84e8fa5405dd489100055b29dec8fa9b337b3661c001754f4f302bb85bd39eac24bee4023fe,England English,england,They reminded him of the old man.,THEY REMINDED HIM OF THE OLD MAN,f936ece998b5d17c229aad6ff7491e3983b07f8cf62d09c86c3bff1daa27dc02
wav2vec2_large_robust,suta,51,stage5ext_00208,3660ede2a2a5b5d649342a4a5c04e6b398b1247566aad9c6f059a84e8fa5405dd489100055b29dec8fa9b337b3661c001754f4f302bb85bd39eac24bee4023fe,England English,england,It made me very depressed.,IT MADE ME VERY DEPRESSED,f936ece998b5d17c229aad6ff7491e3983b07f8cf62d09c86c3bff1daa27dc02
wav2vec2_large_robust,suta,52,stage5ext_00209,3660ede2a2a5b5d649342a4a5c04e6b398b1247566aad9c6f059a84e8fa5405dd489100055b29dec8fa9b337b3661c001754f4f302bb85bd39eac24bee4023fe,England English,england,"The desert takes our men from us, and they don't always return, she said.",THE DESERT TAKES OUR MEN FROM US AND THEY DON'T ALWAYS RETURN SHE SAID,8bf3857994d39f099ef229adfd0d12c26e41a6f33cc52612f4eed1a6ac97221a
wav2vec2_large_robust,suta,52,stage5ext_00210,3660ede2a2a5b5d649342a4a5c04e6b398b1247566aad9c6f059a84e8fa5405dd489100055b29dec8fa9b337b3661c001754f4f302bb85bd39eac24bee4023fe,England English,england,"I'm not going very far, the alchemist answered, looking straight into the eyes of the horsemen.",I'M NOT GOING VERY FAR THE ALKAIST ANSWERED LOOKING STRAIGHT INTO THE EYES OF THE HORSEMAN,8bf3857994d39f099ef229adfd0d12c26e41a6f33cc52612f4eed1a6ac97221a
wav2vec2_large_robust,suta,52,stage5ext_00211,8a8222dab0c0c42714216b9bd4c9df455639a8ab6bf3e8b9f2bfcacf53429403cad2b28435366b158f4e53f423dd2371753476ff45cef46cde7012b3f749dd14,England English,england,How can I help you madam?,HOW CAN I HELP YOU MADAME,8bf3857994d39f099ef229adfd0d12c26e41a6f33cc52612f4eed1a6ac97221a
wav2vec2_large_robust,suta,52,stage5ext_00212,8a8222dab0c0c42714216b9bd4c9df455639a8ab6bf3e8b9f2bfcacf53429403cad2b28435366b158f4e53f423dd2371753476ff45cef46cde7012b3f749dd14,England English,england,"The very next day, he woke refreshed.",THE VERY NEXT DAY HE WOKE REFRESHED,8bf3857994d39f099ef229adfd0d12c26e41a6f33cc52612f4eed1a6ac97221a
wav2vec2_large_robust,suta,53,stage5ext_00213,8a8222dab0c0c42714216b9bd4c9df455639a8ab6bf3e8b9f2bfcacf53429403cad2b28435366b158f4e53f423dd2371753476ff45cef46cde7012b3f749dd14,England English,england,"The C++ framework Qt is pronounced like ""cute"".",THE SE PLOT PLUS FRAMEWORK CU T IS PRONOUNCED LIKE CUTES,73700961e832b5fc5856bae3bc3d00971835f8c85a4c08ec2a9d289368526415
wav2vec2_large_robust,suta,53,stage5ext_00214,8a8222dab0c0c42714216b9bd4c9df455639a8ab6bf3e8b9f2bfcacf53429403cad2b28435366b158f4e53f423dd2371753476ff45cef46cde7012b3f749dd14,England English,england,"Please use normal slashes, not backslashes.",PLEASE USE NORMAL SLASHES NOT BACKSLASHES,73700961e832b5fc5856bae3bc3d00971835f8c85a4c08ec2a9d289368526415
wav2vec2_large_robust,suta,53,stage5ext_00215,8a8222dab0c0c42714216b9bd4c9df455639a8ab6bf3e8b9f2bfcacf53429403cad2b28435366b158f4e53f423dd2371753476ff45cef46cde7012b3f749dd14,England English,england,What did I tell you?,WHAT DID I TELL YOU,73700961e832b5fc5856bae3bc3d00971835f8c85a4c08ec2a9d289368526415
wav2vec2_large_robust,suta,53,stage5ext_00216,8a8222dab0c0c42714216b9bd4c9df455639a8ab6bf3e8b9f2bfcacf53429403cad2b28435366b158f4e53f423dd2371753476ff45cef46cde7012b3f749dd14,England English,england,"They are very impressive, I will admit.",THEY ARE VERY IMPRESSIVE I WILL ADMIT,73700961e832b5fc5856bae3bc3d00971835f8c85a4c08ec2a9d289368526415
wav2vec2_large_robust,suta,54,stage5ext_00217,8a8222dab0c0c42714216b9bd4c9df455639a8ab6bf3e8b9f2bfcacf53429403cad2b28435366b158f4e53f423dd2371753476ff45cef46cde7012b3f749dd14,England English,england,"On his visit in Iran, the diplomat criticized the strict censorship.",ON HIS VES AN IRON THE DIPLOMAT CRITICIZED THE STRICT CENSORSHIP,742b2669c3269a9b4d0269188a95364932c7ce9ad3fd591ce7c0b8c1cd6859b3
wav2vec2_large_robust,suta,54,stage5ext_00218,8a8222dab0c0c42714216b9bd4c9df455639a8ab6bf3e8b9f2bfcacf53429403cad2b28435366b158f4e53f423dd2371753476ff45cef46cde7012b3f749dd14,England English,england,"Roger, the backup team is on the way.",ROGER THE BACK UP TEAM IS ON THE WAY,742b2669c3269a9b4d0269188a95364932c7ce9ad3fd591ce7c0b8c1cd6859b3
wav2vec2_large_robust,suta,54,stage5ext_00219,8a8222dab0c0c42714216b9bd4c9df455639a8ab6bf3e8b9f2bfcacf53429403cad2b28435366b158f4e53f423dd2371753476ff45cef46cde7012b3f749dd14,England English,england,Do you know what kind of package it was?,DO YOU KNOW WHAT KIND OF PACKAGE IT WAS,742b2669c3269a9b4d0269188a95364932c7ce9ad3fd591ce7c0b8c1cd6859b3
wav2vec2_large_robust,suta,54,stage5ext_00220,8a8222dab0c0c42714216b9bd4c9df455639a8ab6bf3e8b9f2bfcacf53429403cad2b28435366b158f4e53f423dd2371753476ff45cef46cde7012b3f749dd14,England English,england,And what did you do then?,AND WHAT DID YOU DO THEN,742b2669c3269a9b4d0269188a95364932c7ce9ad3fd591ce7c0b8c1cd6859b3
wav2vec2_large_robust,suta,55,stage5ext_00221,8a8222dab0c0c42714216b9bd4c9df455639a8ab6bf3e8b9f2bfcacf53429403cad2b28435366b158f4e53f423dd2371753476ff45cef46cde7012b3f749dd14,England English,england,Have I offended you?,HAVE I OFFENDED YOU,e9d14f5e8536c2417ab96139e519017ff2d16c6b128bbabdce9da487ba8024ef
wav2vec2_large_robust,suta,55,stage5ext_00222,8a8222dab0c0c42714216b9bd4c9df455639a8ab6bf3e8b9f2bfcacf53429403cad2b28435366b158f4e53f423dd2371753476ff45cef46cde7012b3f749dd14,England English,england,How is Mozilla going to handle ambiguities like queue and cue?,HOW IS MASILLA GOING TO HANDLE AMBIGITIES LIKE KUE AND KU,e9d14f5e8536c2417ab96139e519017ff2d16c6b128bbabdce9da487ba8024ef
wav2vec2_large_robust,suta,55,stage5ext_00223,8a8222dab0c0c42714216b9bd4c9df455639a8ab6bf3e8b9f2bfcacf53429403cad2b28435366b158f4e53f423dd2371753476ff45cef46cde7012b3f749dd14,England English,england,"Let's start it all over again, how about that?",LETS START IT ALL OVER AGAIN HOW ABOUT THAT,e9d14f5e8536c2417ab96139e519017ff2d16c6b128bbabdce9da487ba8024ef
wav2vec2_large_robust,suta,55,stage5ext_00224,8a8222dab0c0c42714216b9bd4c9df455639a8ab6bf3e8b9f2bfcacf53429403cad2b28435366b158f4e53f423dd2371753476ff45cef46cde7012b3f749dd14,England English,england,"Glass eel is on the menu today, but it's too expensive.",GLASS ELE IS ON THE MENUE TODAY BUT IT'S TOO EXPENSIVE,e9d14f5e8536c2417ab96139e519017ff2d16c6b128bbabdce9da487ba8024ef
wav2vec2_large_robust,suta,56,stage5ext_00225,8a8222dab0c0c42714216b9bd4c9df455639a8ab6bf3e8b9f2bfcacf53429403cad2b28435366b158f4e53f423dd2371753476ff45cef46cde7012b3f749dd14,England English,england,Do you have Nina's phone number?,DO YOU HAVE NINA'S PHONE NUMBER,b7ef2650d7c0f493cd4b59c98cbdeab01bd24ec46b8abed9f801a08396641737
wav2vec2_large_robust,suta,56,stage5ext_00226,f25805de2cc32954193ecf06eea5b03b4bfdb4bfb76079cb6962fa8e301d5037ef953ff8c308458f121dfbc0f9933692b0eaee142f42a33ef6b7be7df794ed3b,England English,england,I wrote that for Tony Scott.,I WROTE THAT FOR TONNY SCOTT,b7ef2650d7c0f493cd4b59c98cbdeab01bd24ec46b8abed9f801a08396641737
wav2vec2_large_robust,suta,56,stage5ext_00227,f25805de2cc32954193ecf06eea5b03b4bfdb4bfb76079cb6962fa8e301d5037ef953ff8c308458f121dfbc0f9933692b0eaee142f42a33ef6b7be7df794ed3b,England English,england,The atoll is surrounded by a coral reef without a proper passage.,THE ATHAL IS SURROUNDED BY A COVER REEF WITHOUT A PROPER PASSAGE,b7ef2650d7c0f493cd4b59c98cbdeab01bd24ec46b8abed9f801a08396641737
wav2vec2_large_robust,suta,56,stage5ext_00228,f25805de2cc32954193ecf06eea5b03b4bfdb4bfb76079cb6962fa8e301d5037ef953ff8c308458f121dfbc0f9933692b0eaee142f42a33ef6b7be7df794ed3b,England English,england,There are conflicting reports as to why Blair was asked to resign.,THERE ARE CONFLICTING REPORTS AS TO WHY BLARE WAS ASKED TO RESIGN,b7ef2650d7c0f493cd4b59c98cbdeab01bd24ec46b8abed9f801a08396641737
wav2vec2_large_robust,suta,57,stage5ext_00229,f25805de2cc32954193ecf06eea5b03b4bfdb4bfb76079cb6962fa8e301d5037ef953ff8c308458f121dfbc0f9933692b0eaee142f42a33ef6b7be7df794ed3b,England English,england,There they visited a number of monastic foundations.,THERE THEY VISITED A NUMBER OF MONASTIC FOUNDATIONS,2e224451cd642260752c58a7ce8dad91850e03b6c5a329bb4fb364a3e1993090
wav2vec2_large_robust,suta,57,stage5ext_00230,f25805de2cc32954193ecf06eea5b03b4bfdb4bfb76079cb6962fa8e301d5037ef953ff8c308458f121dfbc0f9933692b0eaee142f42a33ef6b7be7df794ed3b,England English,england,"The information regarding Amrod's naming, especially, comes from ""The Peoples of Middle-earth"".",THE INFORMATION REGARDING AMROD'S NAMING ESPECIALLY COMES FROM THE PEOPLES OF MIDDLE EARTH,2e224451cd642260752c58a7ce8dad91850e03b6c5a329bb4fb364a3e1993090
wav2vec2_large_robust,suta,57,stage5ext_00231,f25805de2cc32954193ecf06eea5b03b4bfdb4bfb76079cb6962fa8e301d5037ef953ff8c308458f121dfbc0f9933692b0eaee142f42a33ef6b7be7df794ed3b,England English,england,"It is located within the borders of Gothenburg Municipality, hence its name.",IT IS LOCATED WITHIN THE BORDERS OF GOTTENBURG MUNICIPALITY HENCE ITS NAME,2e224451cd642260752c58a7ce8dad91850e03b6c5a329bb4fb364a3e1993090
wav2vec2_large_robust,suta,57,stage5ext_00232,f25805de2cc32954193ecf06eea5b03b4bfdb4bfb76079cb6962fa8e301d5037ef953ff8c308458f121dfbc0f9933692b0eaee142f42a33ef6b7be7df794ed3b,England English,england,Billy May won the Grammy Award for Best Arrangement.,BILLY MAY WON THE GRAMMI AWARD FOR BEST ARRANGEMENT,2e224451cd642260752c58a7ce8dad91850e03b6c5a329bb4fb364a3e1993090
wav2vec2_large_robust,suta,58,stage5ext_00233,f25805de2cc32954193ecf06eea5b03b4bfdb4bfb76079cb6962fa8e301d5037ef953ff8c308458f121dfbc0f9933692b0eaee142f42a33ef6b7be7df794ed3b,England English,england,Three additional buildings house kindergarten students.,THREE ADDITIONAL BUILDINGS HOUSE KINDERGARDEN STUDENTS,5eed445792cb4413f75b4535add30d4bf77cb17021416d1db597fec87566818b
wav2vec2_large_robust,suta,58,stage5ext_00234,f25805de2cc32954193ecf06eea5b03b4bfdb4bfb76079cb6962fa8e301d5037ef953ff8c308458f121dfbc0f9933692b0eaee142f42a33ef6b7be7df794ed3b,England English,england,Its name is derived from the historic county of Surrey in England.,ITS NAME IS DERIVED FROM THE HISTORIC COUNTY OF SURREY IN ENGLAND,5eed445792cb4413f75b4535add30d4bf77cb17021416d1db597fec87566818b
wav2vec2_large_robust,suta,58,stage5ext_00235,f25805de2cc32954193ecf06eea5b03b4bfdb4bfb76079cb6962fa8e301d5037ef953ff8c308458f121dfbc0f9933692b0eaee142f42a33ef6b7be7df794ed3b,England English,england,"Dilshan is one such rare cricketer who can bat, bowl, field and keep wickets.",DILSHAN IS ONE SUCH RARE CRICKETER WHO CAN BAT BOWL FIELD AND KEEP WICKETS,5eed445792cb4413f75b4535add30d4bf77cb17021416d1db597fec87566818b
wav2vec2_large_robust,suta,58,stage5ext_00236,f25805de2cc32954193ecf06eea5b03b4bfdb4bfb76079cb6962fa8e301d5037ef953ff8c308458f121dfbc0f9933692b0eaee142f42a33ef6b7be7df794ed3b,England English,england,"In the resulting field, these ""a"" and ""b"" are inverses.",IN THE RESULTING FIELD THESE A AND B ARE INVERSES,5eed445792cb4413f75b4535add30d4bf77cb17021416d1db597fec87566818b
wav2vec2_large_robust,suta,59,stage5ext_00237,f25805de2cc32954193ecf06eea5b03b4bfdb4bfb76079cb6962fa8e301d5037ef953ff8c308458f121dfbc0f9933692b0eaee142f42a33ef6b7be7df794ed3b,England English,england,To the Church he left little and to the pope only a souvenir.,TO THE CHURCH HE LEFT LITTLE AND TO THE POPE ON EUSUVENER,c881460845e5f08837daadcefe5de9e3b2f0d23ee17bf316edb3ff7994ffd7dc
wav2vec2_large_robust,suta,59,stage5ext_00238,f25805de2cc32954193ecf06eea5b03b4bfdb4bfb76079cb6962fa8e301d5037ef953ff8c308458f121dfbc0f9933692b0eaee142f42a33ef6b7be7df794ed3b,England English,england,There are several formats for the team pursuit.,THERE ARE SEVERAL FOREMATS FOR THE TEAM PURSUIT,c881460845e5f08837daadcefe5de9e3b2f0d23ee17bf316edb3ff7994ffd7dc
wav2vec2_large_robust,suta,59,stage5ext_00239,f25805de2cc32954193ecf06eea5b03b4bfdb4bfb76079cb6962fa8e301d5037ef953ff8c308458f121dfbc0f9933692b0eaee142f42a33ef6b7be7df794ed3b,England English,england,"In Harrison, the route enters a residential area before curving southeast toward Stephenson Avenue.",IN HARRISON THE ROOTE ENTERS A RESIDENTIAL AREA BEFORE CURVING SOUTHEAST TOWARD STEPENSON AVENUE,c881460845e5f08837daadcefe5de9e3b2f0d23ee17bf316edb3ff7994ffd7dc
wav2vec2_large_robust,suta,59,stage5ext_00240,f25805de2cc32954193ecf06eea5b03b4bfdb4bfb76079cb6962fa8e301d5037ef953ff8c308458f121dfbc0f9933692b0eaee142f42a33ef6b7be7df794ed3b,England English,england,"The other track, ""To Your Grave"", remains unreleased.",THE OTHER TRACK TO YOUR GRAVE REMAINS UNRELEASED,c881460845e5f08837daadcefe5de9e3b2f0d23ee17bf316edb3ff7994ffd7dc
wav2vec2_large_robust,suta,60,stage5ext_00241,b2366de045c2eb18ed349bee593e8f3a0c9038602bb8f13f2008fe4ff2087aaa4e5ac78379011510dc25d6a7bcd36a3a6ac86b35f0a27b886832c337d95f27d5,England English,england,The standard prescribes that address collisions must be handled gracefully.,THE STANDARD PRESCRIBES THAT ADDRESS COLLISIONS MUST BE HANDLED GRACEFULLY,e81588c3f2f95d48c547acaa189d4235edc29a2541069e5c2255340a65585516
wav2vec2_large_robust,suta,60,stage5ext_00242,b2366de045c2eb18ed349bee593e8f3a0c9038602bb8f13f2008fe4ff2087aaa4e5ac78379011510dc25d6a7bcd36a3a6ac86b35f0a27b886832c337d95f27d5,England English,england,"To this end, they offered the role to Harrison Ford who turned them down.",TO THIS END THEY OFFERED THE ROLL TO HARRISAND FORP WHO TURNED THEM DOWN,e81588c3f2f95d48c547acaa189d4235edc29a2541069e5c2255340a65585516
wav2vec2_large_robust,suta,60,stage5ext_00243,b2366de045c2eb18ed349bee593e8f3a0c9038602bb8f13f2008fe4ff2087aaa4e5ac78379011510dc25d6a7bcd36a3a6ac86b35f0a27b886832c337d95f27d5,England English,england,"The word comes from ""krievs"", which means ""Russian"".",THE WORD COMES FROM CREEFS WHICH MEANS MUSSIAN,e81588c3f2f95d48c547acaa189d4235edc29a2541069e5c2255340a65585516
wav2vec2_large_robust,suta,60,stage5ext_00244,b2366de045c2eb18ed349bee593e8f3a0c9038602bb8f13f2008fe4ff2087aaa4e5ac78379011510dc25d6a7bcd36a3a6ac86b35f0a27b886832c337d95f27d5,England English,england,"If he went before, he looked back.",IF HE WENT BEFORE HE LOOKS BACK,e81588c3f2f95d48c547acaa189d4235edc29a2541069e5c2255340a65585516
wav2vec2_large_robust,suta,61,stage5ext_00245,b2366de045c2eb18ed349bee593e8f3a0c9038602bb8f13f2008fe4ff2087aaa4e5ac78379011510dc25d6a7bcd36a3a6ac86b35f0a27b886832c337d95f27d5,England English,england,It is the Artin root number.,IT IS THE ACIN RUGE NUMBER,0aa5d80a60695a7262f645ec74918dc181c61c592fcd5af500d43169a2810550
wav2vec2_large_robust,suta,61,stage5ext_00246,b2366de045c2eb18ed349bee593e8f3a0c9038602bb8f13f2008fe4ff2087aaa4e5ac78379011510dc25d6a7bcd36a3a6ac86b35f0a27b886832c337d95f27d5,England English,england,"Yet, we will ensure that one brutal dictator is not replaced by another.",YET WE WILL INSURE THAT ONE BUC OF TUTATO IS NOT REPLACED BY ANOTHER,0aa5d80a60695a7262f645ec74918dc181c61c592fcd5af500d43169a2810550
wav2vec2_large_robust,suta,61,stage5ext_00247,b2366de045c2eb18ed349bee593e8f3a0c9038602bb8f13f2008fe4ff2087aaa4e5ac78379011510dc25d6a7bcd36a3a6ac86b35f0a27b886832c337d95f27d5,England English,england,Mythic Legions is a fantasy line of action figures from Four Horsemen Studios.,MYTHIC LEGIONS IS A FANTASY LINE OF ACTION FIGURES FROM FOUR HORSEMEN STUDIOS,0aa5d80a60695a7262f645ec74918dc181c61c592fcd5af500d43169a2810550
wav2vec2_large_robust,suta,61,stage5ext_00248,b2366de045c2eb18ed349bee593e8f3a0c9038602bb8f13f2008fe4ff2087aaa4e5ac78379011510dc25d6a7bcd36a3a6ac86b35f0a27b886832c337d95f27d5,England English,england,It is a simple scrape with no nest material used.,IT IS A SIMPLE SCRAPE WITH NO NEST MATERIAL USED,0aa5d80a60695a7262f645ec74918dc181c61c592fcd5af500d43169a2810550
wav2vec2_large_robust,suta,62,stage5ext_00249,b2366de045c2eb18ed349bee593e8f3a0c9038602bb8f13f2008fe4ff2087aaa4e5ac78379011510dc25d6a7bcd36a3a6ac86b35f0a27b886832c337d95f27d5,England English,england,"He is the one who gives the gorilla the new name of ""Ishmael"".",HE IS THE ONE WHO GIVES THE GARILLA THE NEW NAME OF ISHMAEL,455631dfb34a5ead25a127e3e6e3b9ada616cc10d930fcf320690f091b161dc0
wav2vec2_large_robust,suta,62,stage5ext_00250,b2366de045c2eb18ed349bee593e8f3a0c9038602bb8f13f2008fe4ff2087aaa4e5ac78379011510dc25d6a7bcd36a3a6ac86b35f0a27b886832c337d95f27d5,England English,england,The center was then called Smirnoff Music Centre.,THE CENTRE WAS THEN CALLED SMARNOFF MUSIC CENTR,455631dfb34a5ead25a127e3e6e3b9ada616cc10d930fcf320690f091b161dc0
wav2vec2_large_robust,suta,62,stage5ext_00251,b2366de045c2eb18ed349bee593e8f3a0c9038602bb8f13f2008fe4ff2087aaa4e5ac78379011510dc25d6a7bcd36a3a6ac86b35f0a27b886832c337d95f27d5,England English,england,"Also in these television series, Winnetou was played by Brice.",ALSO IN THESE TELIVISION SERIES WINNETO WAS PLAYED BY BRYCE,455631dfb34a5ead25a127e3e6e3b9ada616cc10d930fcf320690f091b161dc0
wav2vec2_large_robust,suta,62,stage5ext_00252,b2366de045c2eb18ed349bee593e8f3a0c9038602bb8f13f2008fe4ff2087aaa4e5ac78379011510dc25d6a7bcd36a3a6ac86b35f0a27b886832c337d95f27d5,England English,england,The event is televised around the globe.,THE EVENT IS TELEVIZED AROUND THE GLOBE,455631dfb34a5ead25a127e3e6e3b9ada616cc10d930fcf320690f091b161dc0
wav2vec2_large_robust,suta,63,stage5ext_00253,b2366de045c2eb18ed349bee593e8f3a0c9038602bb8f13f2008fe4ff2087aaa4e5ac78379011510dc25d6a7bcd36a3a6ac86b35f0a27b886832c337d95f27d5,England English,england,Matthews later started Newbridge Networks.,MATTHEWS LATER STARTED NEWBRIDGE NETWORKS,b97d8040d1ad0a1c122b3413c9d794ca2f4e51bdaf0c26ccccbf09ff54682a5c
wav2vec2_large_robust,suta,63,stage5ext_00254,b2366de045c2eb18ed349bee593e8f3a0c9038602bb8f13f2008fe4ff2087aaa4e5ac78379011510dc25d6a7bcd36a3a6ac86b35f0a27b886832c337d95f27d5,England English,england,Examples of this apparently ungrammatical usage can be found throughout the history of English.,EXAMPLES OF THIS APPARENTLY UNGRAMATICAL USAGE COULD BE FOUND THROUGHOUT THE HISTORY OF ENGLISH,b97d8040d1ad0a1c122b3413c9d794ca2f4e51bdaf0c26ccccbf09ff54682a5c
wav2vec2_large_robust,suta,63,stage5ext_00255,b2366de045c2eb18ed349bee593e8f3a0c9038602bb8f13f2008fe4ff2087aaa4e5ac78379011510dc25d6a7bcd36a3a6ac86b35f0a27b886832c337d95f27d5,England English,england,FaSinPat has been financially successful and able to expand.,FAR SIN PAT HAS BEEN FINANCIALLY SUCCESSFUL AND ABLE TO EXPAND,b97d8040d1ad0a1c122b3413c9d794ca2f4e51bdaf0c26ccccbf09ff54682a5c
wav2vec2_large_robust,suta,63,stage5ext_00256,94902b88a78c4f1863a7effcce3553303f5bb14d8d6eea7900eea1c261ebf3a2ea97f8d9ecfc4c58dbe683f2df36a1653231f495f7ad9cc38f9fe61a0b2275ac,England English,england,"Salmon is one of the most popular fish and very delicious, though usually not sustainable.",SALMON IS ONE OF THE MOST POPULAR FISH AND VERY DELICIOUS THOUGH USUALLY NOT SUSTAINABLE,b97d8040d1ad0a1c122b3413c9d794ca2f4e51bdaf0c26ccccbf09ff54682a5c
wav2vec2_large_robust,suta,64,stage5ext_00257,94902b88a78c4f1863a7effcce3553303f5bb14d8d6eea7900eea1c261ebf3a2ea97f8d9ecfc4c58dbe683f2df36a1653231f495f7ad9cc38f9fe61a0b2275ac,England English,england,"It's such an unfair world, innit?",IT'S SUCH AN UNFAIR WORLD AIN'T IT,9ff980882760da9018bae06eec8d1e826ec98d73b1f30f4b885f6fc39fb1667f
wav2vec2_large_robust,suta,64,stage5ext_00258,94902b88a78c4f1863a7effcce3553303f5bb14d8d6eea7900eea1c261ebf3a2ea97f8d9ecfc4c58dbe683f2df36a1653231f495f7ad9cc38f9fe61a0b2275ac,England English,england,"A musical note sustained to its full length, with no break between it and the next note.",A MUSICAL NOTE SUSTAINED TO ITS FULL LENGTH WITH NO BREAK BETWEEN IT AND THE NEXT NOTE,9ff980882760da9018bae06eec8d1e826ec98d73b1f30f4b885f6fc39fb1667f
wav2vec2_large_robust,suta,64,stage5ext_00259,94902b88a78c4f1863a7effcce3553303f5bb14d8d6eea7900eea1c261ebf3a2ea97f8d9ecfc4c58dbe683f2df36a1653231f495f7ad9cc38f9fe61a0b2275ac,England English,england,"After playing tennis in virtual reality, he felt dizzy.",AFTER PLAYING TENNIS IN VIRTUAL REALITY HE FELT DIZZY,9ff980882760da9018bae06eec8d1e826ec98d73b1f30f4b885f6fc39fb1667f
wav2vec2_large_robust,suta,64,stage5ext_00260,94902b88a78c4f1863a7effcce3553303f5bb14d8d6eea7900eea1c261ebf3a2ea97f8d9ecfc4c58dbe683f2df36a1653231f495f7ad9cc38f9fe61a0b2275ac,England English,england,"Take a sponge, some dish liquid and a towel, then get to work!",TAKE A SPONGE SOME DISH LIQUID AND A TOWEL THEN GET TO WORK,9ff980882760da9018bae06eec8d1e826ec98d73b1f30f4b885f6fc39fb1667f
wav2vec2_large_robust,suta,65,stage5ext_00261,94902b88a78c4f1863a7effcce3553303f5bb14d8d6eea7900eea1c261ebf3a2ea97f8d9ecfc4c58dbe683f2df36a1653231f495f7ad9cc38f9fe61a0b2275ac,England English,england,Have you seen Hollie?,HAVE YOU SEEN HOLLEY,a15de8ceb6fe88918aefd130c8130c629e8300dabf70988a500d88026a947675
wav2vec2_large_robust,suta,65,stage5ext_00262,94902b88a78c4f1863a7effcce3553303f5bb14d8d6eea7900eea1c261ebf3a2ea97f8d9ecfc4c58dbe683f2df36a1653231f495f7ad9cc38f9fe61a0b2275ac,England English,england,Do geese always fly in that formation?,DO GEESE ALWAYS FLY IN THAT FORMATION,a15de8ceb6fe88918aefd130c8130c629e8300dabf70988a500d88026a947675
wav2vec2_large_robust,suta,65,stage5ext_00263,94902b88a78c4f1863a7effcce3553303f5bb14d8d6eea7900eea1c261ebf3a2ea97f8d9ecfc4c58dbe683f2df36a1653231f495f7ad9cc38f9fe61a0b2275ac,England English,england,"No one picked up, so I went by her place on the way here.",NO ONE PICKED UP SO I WENT BY HER PLACE ON THE WAY HERE,a15de8ceb6fe88918aefd130c8130c629e8300dabf70988a500d88026a947675
wav2vec2_large_robust,suta,65,stage5ext_00264,94902b88a78c4f1863a7effcce3553303f5bb14d8d6eea7900eea1c261ebf3a2ea97f8d9ecfc4c58dbe683f2df36a1653231f495f7ad9cc38f9fe61a0b2275ac,England English,england,Have I offended you?,HAVE I OFFENDED YOU,a15de8ceb6fe88918aefd130c8130c629e8300dabf70988a500d88026a947675
wav2vec2_large_robust,suta,66,stage5ext_00265,94902b88a78c4f1863a7effcce3553303f5bb14d8d6eea7900eea1c261ebf3a2ea97f8d9ecfc4c58dbe683f2df36a1653231f495f7ad9cc38f9fe61a0b2275ac,England English,england,What does that mean?,WHAT DOES THAT MEAN,20b79ef25cc86322b7626f3b96c50a2b50f11854ab890218a407ed324b8a82e8
wav2vec2_large_robust,suta,66,stage5ext_00266,94902b88a78c4f1863a7effcce3553303f5bb14d8d6eea7900eea1c261ebf3a2ea97f8d9ecfc4c58dbe683f2df36a1653231f495f7ad9cc38f9fe61a0b2275ac,England English,england,There's just one last bug I'd like to fix before I head home.,THERE'S JUST ONE LAST BUG I'D LIKE TO FIX BEFORE I HEAD HOME,20b79ef25cc86322b7626f3b96c50a2b50f11854ab890218a407ed324b8a82e8
wav2vec2_large_robust,suta,66,stage5ext_00267,94902b88a78c4f1863a7effcce3553303f5bb14d8d6eea7900eea1c261ebf3a2ea97f8d9ecfc4c58dbe683f2df36a1653231f495f7ad9cc38f9fe61a0b2275ac,England English,england,I suspect this may be someone new making themselves known.,I SUSPECT THIS MAY BE SOMEONE NEW MAKING THEMSELVES KNOWN,20b79ef25cc86322b7626f3b96c50a2b50f11854ab890218a407ed324b8a82e8
wav2vec2_large_robust,suta,66,stage5ext_00268,94902b88a78c4f1863a7effcce3553303f5bb14d8d6eea7900eea1c261ebf3a2ea97f8d9ecfc4c58dbe683f2df36a1653231f495f7ad9cc38f9fe61a0b2275ac,England English,england,"Clams are small, round, soft, and tasty.",CLAMBS ARE SMALL ROUND SOFT AND TASTY,20b79ef25cc86322b7626f3b96c50a2b50f11854ab890218a407ed324b8a82e8
wav2vec2_large_robust,suta,67,stage5ext_00269,94902b88a78c4f1863a7effcce3553303f5bb14d8d6eea7900eea1c261ebf3a2ea97f8d9ecfc4c58dbe683f2df36a1653231f495f7ad9cc38f9fe61a0b2275ac,England English,england,Can I get the sandwich without mayonnaise?,CAN I GET A SANDWICH WITHOUT MAONES,0b303a4cb41bc8238ad39a386adb793eee580d1ef34f5c255745e38761458fe3
wav2vec2_large_robust,suta,67,stage5ext_00270,94902b88a78c4f1863a7effcce3553303f5bb14d8d6eea7900eea1c261ebf3a2ea97f8d9ecfc4c58dbe683f2df36a1653231f495f7ad9cc38f9fe61a0b2275ac,England English,england,"Here, let me show you around.",HERE LET ME SHOW YOU AROUND,0b303a4cb41bc8238ad39a386adb793eee580d1ef34f5c255745e38761458fe3
wav2vec2_large_robust,suta,67,stage5ext_00271,3742174ae31b78b11558814a7196a5eec0f489ad3e728a2a125dd1a60c809a770eeaa758499c014bf728437835b4ea9c031a3a9c838b3882b35ed28744768ef3,England English,england,It will replace the existing train station hall inside the mall.,IT WILL REPLACE THE EXISTENT TRAIN STATION HAL INSIDE THEM ALL,0b303a4cb41bc8238ad39a386adb793eee580d1ef34f5c255745e38761458fe3
wav2vec2_large_robust,suta,67,stage5ext_00272,3742174ae31b78b11558814a7196a5eec0f489ad3e728a2a125dd1a60c809a770eeaa758499c014bf728437835b4ea9c031a3a9c838b3882b35ed28744768ef3,England English,england,"Yes, it would be.",YES IT WOULD BE,0b303a4cb41bc8238ad39a386adb793eee580d1ef34f5c255745e38761458fe3
wav2vec2_large_robust,suta,68,stage5ext_00273,3742174ae31b78b11558814a7196a5eec0f489ad3e728a2a125dd1a60c809a770eeaa758499c014bf728437835b4ea9c031a3a9c838b3882b35ed28744768ef3,England English,england,"The Google search bar is for searching, not for typing URLs!",IN THE GULSERE BOROU IT IS FOR SEARCHING NOT FOR TYPE AN EURELS,c63a01b4dca261e8e6859dbdccc3204ab063b980b745c0e79d571088b8689982
wav2vec2_large_robust,suta,68,stage5ext_00274,3742174ae31b78b11558814a7196a5eec0f489ad3e728a2a125dd1a60c809a770eeaa758499c014bf728437835b4ea9c031a3a9c838b3882b35ed28744768ef3,England English,england,"C'mon, we need to turn on our GPS so we don't end up in the middle of nowhere.",COME ON WE NEED TO TURN ON OUR GBERS SO WE DON'T END UP IN THE MIDDLE OF NOWHERE,c63a01b4dca261e8e6859dbdccc3204ab063b980b745c0e79d571088b8689982
wav2vec2_large_robust,suta,68,stage5ext_00275,3742174ae31b78b11558814a7196a5eec0f489ad3e728a2a125dd1a60c809a770eeaa758499c014bf728437835b4ea9c031a3a9c838b3882b35ed28744768ef3,England English,england,"After an avalanche buried the skiing resort, it was hard to determine its exact location.",AFTER ENVALANCE BURED THE SKY AND RESERT IT WAS HARD TO DISARMINE ITS EXEGLOCATION,c63a01b4dca261e8e6859dbdccc3204ab063b980b745c0e79d571088b8689982
wav2vec2_large_robust,suta,68,stage5ext_00276,3742174ae31b78b11558814a7196a5eec0f489ad3e728a2a125dd1a60c809a770eeaa758499c014bf728437835b4ea9c031a3a9c838b3882b35ed28744768ef3,England English,england,Who has already arrived?,WHO HAS ALREADY ARRIVED,c63a01b4dca261e8e6859dbdccc3204ab063b980b745c0e79d571088b8689982
wav2vec2_large_robust,suta,69,stage5ext_00277,3742174ae31b78b11558814a7196a5eec0f489ad3e728a2a125dd1a60c809a770eeaa758499c014bf728437835b4ea9c031a3a9c838b3882b35ed28744768ef3,England English,england,"I like reading about medical mysteries, don't you?",I LIKE READING ABOUT MEDICAL MYSTERIES DON'T YOU,e9602a682097eb48e9406e43d7e2db2871a2f16d67d2be5bd1fc8ac2b6b9aba0
wav2vec2_large_robust,suta,69,stage5ext_00278,3742174ae31b78b11558814a7196a5eec0f489ad3e728a2a125dd1a60c809a770eeaa758499c014bf728437835b4ea9c031a3a9c838b3882b35ed28744768ef3,England English,england,In a cataleptic trance.,IN THE CATALEPTIC TRANSE,e9602a682097eb48e9406e43d7e2db2871a2f16d67d2be5bd1fc8ac2b6b9aba0
wav2vec2_large_robust,suta,69,stage5ext_00279,3742174ae31b78b11558814a7196a5eec0f489ad3e728a2a125dd1a60c809a770eeaa758499c014bf728437835b4ea9c031a3a9c838b3882b35ed28744768ef3,England English,england,"The thing is, nobody knew what was happening.",HETHIN ES NOBODY KNEW WHAT WAS HAPPENING,e9602a682097eb48e9406e43d7e2db2871a2f16d67d2be5bd1fc8ac2b6b9aba0
wav2vec2_large_robust,suta,69,stage5ext_00280,3742174ae31b78b11558814a7196a5eec0f489ad3e728a2a125dd1a60c809a770eeaa758499c014bf728437835b4ea9c031a3a9c838b3882b35ed28744768ef3,England English,england,"Living alone, she made solitude her best friend.",LIVING THE LAN SHE MADE SOLITUDE HER BEST FRIEND,e9602a682097eb48e9406e43d7e2db2871a2f16d67d2be5bd1fc8ac2b6b9aba0
wav2vec2_large_robust,suta,70,stage5ext_00281,3742174ae31b78b11558814a7196a5eec0f489ad3e728a2a125dd1a60c809a770eeaa758499c014bf728437835b4ea9c031a3a9c838b3882b35ed28744768ef3,England English,england,She did her first scene with Peter North.,SHE DID HER FIRST SCENE WITH BEECHERNOTH,f7d37d6977f3c8fc0a352594260f01ec9f0c3baa428b9244d11755bca71ab235
wav2vec2_large_robust,suta,70,stage5ext_00282,3742174ae31b78b11558814a7196a5eec0f489ad3e728a2a125dd1a60c809a770eeaa758499c014bf728437835b4ea9c031a3a9c838b3882b35ed28744768ef3,England English,england,"Television can make you dumb, but it can also be good education.",TELEVISION CAN MAKE YOU DAMP BUT IT CAN ALSO BE GOOD EDUCATION,f7d37d6977f3c8fc0a352594260f01ec9f0c3baa428b9244d11755bca71ab235
wav2vec2_large_robust,suta,70,stage5ext_00283,3742174ae31b78b11558814a7196a5eec0f489ad3e728a2a125dd1a60c809a770eeaa758499c014bf728437835b4ea9c031a3a9c838b3882b35ed28744768ef3,England English,england,"In a cinematic rope-down maneuver, the special forces overwhelmed the criminals.",IN THE CYNEMETRIC ROBDA MANUR THE SPECIAL FORCES OVERHAVE TECRUMINALS,f7d37d6977f3c8fc0a352594260f01ec9f0c3baa428b9244d11755bca71ab235
wav2vec2_large_robust,suta,70,stage5ext_00284,3742174ae31b78b11558814a7196a5eec0f489ad3e728a2a125dd1a60c809a770eeaa758499c014bf728437835b4ea9c031a3a9c838b3882b35ed28744768ef3,England English,england,What can have happened?,WHAT CAN HAVE HAPPENED,f7d37d6977f3c8fc0a352594260f01ec9f0c3baa428b9244d11755bca71ab235
wav2vec2_large_robust,suta,71,stage5ext_00285,3742174ae31b78b11558814a7196a5eec0f489ad3e728a2a125dd1a60c809a770eeaa758499c014bf728437835b4ea9c031a3a9c838b3882b35ed28744768ef3,England English,england,Now where could my pipe be?,NOW WHERE COULD MY PIE BE,91f2676fafea9f321ed2670b47ee5c96307d7ae7bf9e23a3ed392e7af899d395
wav2vec2_large_robust,suta,71,stage5ext_00286,e52a28d767575f4c42c09ca60e1aeaca303322a7771a484213c006ee0297bc33805e0e8dfe177da9a618d61156c387a65a6530200eb9502866cd36c88293e84f,England English,england,I'd love to hear readers sing this.,I'D LOVE TO HEAR THE READERS SING THIS,91f2676fafea9f321ed2670b47ee5c96307d7ae7bf9e23a3ed392e7af899d395
wav2vec2_large_robust,suta,71,stage5ext_00287,e52a28d767575f4c42c09ca60e1aeaca303322a7771a484213c006ee0297bc33805e0e8dfe177da9a618d61156c387a65a6530200eb9502866cd36c88293e84f,England English,england,The pup jerked the leash as he saw a feline shape.,THE PAPER JERKED A LEESH AS HE SAW A FELINE SHAPE,91f2676fafea9f321ed2670b47ee5c96307d7ae7bf9e23a3ed392e7af899d395
wav2vec2_large_robust,suta,71,stage5ext_00288,e52a28d767575f4c42c09ca60e1aeaca303322a7771a484213c006ee0297bc33805e0e8dfe177da9a618d61156c387a65a6530200eb9502866cd36c88293e84f,England English,england,"It's raining heavily, take an umbrella.",IT'S RAINING HEAVILY TAKE AN UMBRELLA,91f2676fafea9f321ed2670b47ee5c96307d7ae7bf9e23a3ed392e7af899d395
wav2vec2_large_robust,suta,72,stage5ext_00289,e52a28d767575f4c42c09ca60e1aeaca303322a7771a484213c006ee0297bc33805e0e8dfe177da9a618d61156c387a65a6530200eb9502866cd36c88293e84f,England English,england,"Oh, I don't know.",OH I DON'T KNOW,bc312b9963238146ba58441a7274b96cb0c30ac6e474d4779b5e6a9957a75009
wav2vec2_large_robust,suta,72,stage5ext_00290,e52a28d767575f4c42c09ca60e1aeaca303322a7771a484213c006ee0297bc33805e0e8dfe177da9a618d61156c387a65a6530200eb9502866cd36c88293e84f,England English,england,I have to work this Saturday.,I HAVE TO WORK THIS SATURDAY,bc312b9963238146ba58441a7274b96cb0c30ac6e474d4779b5e6a9957a75009
wav2vec2_large_robust,suta,72,stage5ext_00291,e52a28d767575f4c42c09ca60e1aeaca303322a7771a484213c006ee0297bc33805e0e8dfe177da9a618d61156c387a65a6530200eb9502866cd36c88293e84f,England English,england,By twenty-twenty-two I expect the problem will be solved.,BY TWENTY TWENTY TWO I EXPECT THE PROBLEM WILL BE SOLVED,bc312b9963238146ba58441a7274b96cb0c30ac6e474d4779b5e6a9957a75009
wav2vec2_large_robust,suta,72,stage5ext_00292,e52a28d767575f4c42c09ca60e1aeaca303322a7771a484213c006ee0297bc33805e0e8dfe177da9a618d61156c387a65a6530200eb9502866cd36c88293e84f,England English,england,The incubation period is typically about two weeks.,THE INCUBATION PERIOD IS TYPICALLY ABOUT TWO WEEKS,bc312b9963238146ba58441a7274b96cb0c30ac6e474d4779b5e6a9957a75009
wav2vec2_large_robust,suta,73,stage5ext_00293,e52a28d767575f4c42c09ca60e1aeaca303322a7771a484213c006ee0297bc33805e0e8dfe177da9a618d61156c387a65a6530200eb9502866cd36c88293e84f,England English,england,The sink is the thing in which we pile dishes.,THE SINK IS THE THING IN WHICH WE PILE DISHES,b81bc2cfb58e8dfe179964a595c96d320bf6e3c4996fc29cc5f31dae673c638a
wav2vec2_large_robust,suta,73,stage5ext_00294,e52a28d767575f4c42c09ca60e1aeaca303322a7771a484213c006ee0297bc33805e0e8dfe177da9a618d61156c387a65a6530200eb9502866cd36c88293e84f,England English,england,Rick was in the first aid club as a sixth-former.,RICK WAS IN THE FIRST AID CLUB AS A SIXTH FORMER,b81bc2cfb58e8dfe179964a595c96d320bf6e3c4996fc29cc5f31dae673c638a
wav2vec2_large_robust,suta,73,stage5ext_00295,e52a28d767575f4c42c09ca60e1aeaca303322a7771a484213c006ee0297bc33805e0e8dfe177da9a618d61156c387a65a6530200eb9502866cd36c88293e84f,England English,england,"Hello, my name is Brenda.",HULLO MY NAME IS BRENDA,b81bc2cfb58e8dfe179964a595c96d320bf6e3c4996fc29cc5f31dae673c638a
wav2vec2_large_robust,suta,73,stage5ext_00296,e52a28d767575f4c42c09ca60e1aeaca303322a7771a484213c006ee0297bc33805e0e8dfe177da9a618d61156c387a65a6530200eb9502866cd36c88293e84f,England English,england,Keep It Simple The KISS principal.,KEEP ITS SYMBOL THE KISS PRINCIPLE,b81bc2cfb58e8dfe179964a595c96d320bf6e3c4996fc29cc5f31dae673c638a
wav2vec2_large_robust,suta,74,stage5ext_00297,e52a28d767575f4c42c09ca60e1aeaca303322a7771a484213c006ee0297bc33805e0e8dfe177da9a618d61156c387a65a6530200eb9502866cd36c88293e84f,England English,england,"If you experience further problems, please let me know.",IF YOU EXPERIENCE FURTHER PROBLEMS PLEASE LET ME KNOW,e24b35fffe6d5f240433a80a0070981b18c58891b2dbacda0a210e8a4b988b72
wav2vec2_large_robust,suta,74,stage5ext_00298,e52a28d767575f4c42c09ca60e1aeaca303322a7771a484213c006ee0297bc33805e0e8dfe177da9a618d61156c387a65a6530200eb9502866cd36c88293e84f,England English,england,I did this to prevent cycling and encourage greater movement through the solution space.,I DID THIS TO PREVENT CYCLING AND ENCOURAGE GREATER MOVEMENT THROUGH THE SOLUTION SPACE,e24b35fffe6d5f240433a80a0070981b18c58891b2dbacda0a210e8a4b988b72
wav2vec2_large_robust,suta,74,stage5ext_00299,e52a28d767575f4c42c09ca60e1aeaca303322a7771a484213c006ee0297bc33805e0e8dfe177da9a618d61156c387a65a6530200eb9502866cd36c88293e84f,England English,england,The dog was wagged its tail.,THE DOG WAS WAGGED ITS TAIL,e24b35fffe6d5f240433a80a0070981b18c58891b2dbacda0a210e8a4b988b72
wav2vec2_large_robust,suta,74,stage5ext_00300,e52a28d767575f4c42c09ca60e1aeaca303322a7771a484213c006ee0297bc33805e0e8dfe177da9a618d61156c387a65a6530200eb9502866cd36c88293e84f,England English,england,The box is held by a bright red snapper.,THE BOX IS HELD BY A BRIGHT RED SNAPPER,e24b35fffe6d5f240433a80a0070981b18c58891b2dbacda0a210e8a4b988b72
wav2vec2_large_robust,suta,75,stage5ext_00301,8f7e0c1a745bde3b6375473b87b997d5f687a8a0d9c28a96b8fd9b2db97634c0c09607da808a8e8a08588137234ce63b8a9e537fd15117628bc7cfca6ae12059,South Asian English,south_asian,"Also, oil and coal have hidden costs that others have to pay.",ALSO OIL AND COAL HAVE HIDDEN COSTS THAT OTHERS HAVE TO PAY,57a6d0ff2881c1c9ffa29c7eb296a45b669d9f4630dcbc10831642ee50992ec2
wav2vec2_large_robust,suta,75,stage5ext_00302,8f7e0c1a745bde3b6375473b87b997d5f687a8a0d9c28a96b8fd9b2db97634c0c09607da808a8e8a08588137234ce63b8a9e537fd15117628bc7cfca6ae12059,South Asian English,south_asian,The rest of the site is now a gated community of up-market homes.,THE REST OF THE SIDE IS NOW A GATED COMMUNITY OF UPMARKET HOMS,57a6d0ff2881c1c9ffa29c7eb296a45b669d9f4630dcbc10831642ee50992ec2
wav2vec2_large_robust,suta,75,stage5ext_00303,8f7e0c1a745bde3b6375473b87b997d5f687a8a0d9c28a96b8fd9b2db97634c0c09607da808a8e8a08588137234ce63b8a9e537fd15117628bc7cfca6ae12059,South Asian English,south_asian,"We first met each other under the Eiffel tower, it was magical.",WE FIRST MET EACH OTHER UNDER THE IVER TABER IT WAS MAGICAL,57a6d0ff2881c1c9ffa29c7eb296a45b669d9f4630dcbc10831642ee50992ec2
wav2vec2_large_robust,suta,75,stage5ext_00304,8f7e0c1a745bde3b6375473b87b997d5f687a8a0d9c28a96b8fd9b2db97634c0c09607da808a8e8a08588137234ce63b8a9e537fd15117628bc7cfca6ae12059,South Asian English,south_asian,"You know, singing karaoke with you makes me realize how good of a singer I am.",YOU KNOW SINGING KAROKE WITH YOU MAKES ME REALIZE HOW GOOD OF A SINGE I AM,57a6d0ff2881c1c9ffa29c7eb296a45b669d9f4630dcbc10831642ee50992ec2
wav2vec2_large_robust,suta,76,stage5ext_00305,8f7e0c1a745bde3b6375473b87b997d5f687a8a0d9c28a96b8fd9b2db97634c0c09607da808a8e8a08588137234ce63b8a9e537fd15117628bc7cfca6ae12059,South Asian English,south_asian,Many rare shore birds breed here along the beaches.,MANY RAA SHORE BIRDS BREED HERE ALONG THE BEACHES,3b6094424c0b67914bd619bf1abfc41e9660cc46025b3f990105ae45762eff5a
wav2vec2_large_robust,suta,76,stage5ext_00306,8f7e0c1a745bde3b6375473b87b997d5f687a8a0d9c28a96b8fd9b2db97634c0c09607da808a8e8a08588137234ce63b8a9e537fd15117628bc7cfca6ae12059,South Asian English,south_asian,There is no legal recognition of same-sex couples explicitly in Venezuelan law.,THERE IS NO LEGAL RECOGNITION OF SAME SEX COUPLES EXPLICITLY IN VENISULIAN LAW,3b6094424c0b67914bd619bf1abfc41e9660cc46025b3f990105ae45762eff5a
wav2vec2_large_robust,suta,76,stage5ext_00307,8f7e0c1a745bde3b6375473b87b997d5f687a8a0d9c28a96b8fd9b2db97634c0c09607da808a8e8a08588137234ce63b8a9e537fd15117628bc7cfca6ae12059,South Asian English,south_asian,"It was easy to see on the radiogram, that his bones were broken.",IT WAS EASY TO SEE ON THET RADIOGRAM THAT HIS BONES WERE BROKEN,3b6094424c0b67914bd619bf1abfc41e9660cc46025b3f990105ae45762eff5a
wav2vec2_large_robust,suta,76,stage5ext_00308,8f7e0c1a745bde3b6375473b87b997d5f687a8a0d9c28a96b8fd9b2db97634c0c09607da808a8e8a08588137234ce63b8a9e537fd15117628bc7cfca6ae12059,South Asian English,south_asian,"However, ""Maggi goreng"" is cooked by stir-frying them with vegetables and eggs.",HOWEVER MAGGIE GORING IS COOKED BY SERFRYN THEN VEGETABLES AND EGGS,3b6094424c0b67914bd619bf1abfc41e9660cc46025b3f990105ae45762eff5a
wav2vec2_large_robust,suta,77,stage5ext_00309,8f7e0c1a745bde3b6375473b87b997d5f687a8a0d9c28a96b8fd9b2db97634c0c09607da808a8e8a08588137234ce63b8a9e537fd15117628bc7cfca6ae12059,South Asian English,south_asian,with the University of the Hon.,WITH THE UNIVERSITY OF TEHON,82e6f862fb18d0c700167447b13748c9db72db006856ae87fe10ec14720ed933
wav2vec2_large_robust,suta,77,stage5ext_00310,8f7e0c1a745bde3b6375473b87b997d5f687a8a0d9c28a96b8fd9b2db97634c0c09607da808a8e8a08588137234ce63b8a9e537fd15117628bc7cfca6ae12059,South Asian English,south_asian,"Bacon, pancakes and maple syrup is a hearty start to any day.",BACON PANCAKES AND MAPLE SYRUP IS A HEARTY START TO ANY DAY,82e6f862fb18d0c700167447b13748c9db72db006856ae87fe10ec14720ed933
wav2vec2_large_robust,suta,77,stage5ext_00311,8f7e0c1a745bde3b6375473b87b997d5f687a8a0d9c28a96b8fd9b2db97634c0c09607da808a8e8a08588137234ce63b8a9e537fd15117628bc7cfca6ae12059,South Asian English,south_asian,"Fortunately for us, our sun will continue to be around for a few billion years.",FORTUNATELY FOR US OUR SON WILL CONTINUE TO BE AROUND FOR A FEW BILLION YEARS,82e6f862fb18d0c700167447b13748c9db72db006856ae87fe10ec14720ed933
wav2vec2_large_robust,suta,77,stage5ext_00312,8f7e0c1a745bde3b6375473b87b997d5f687a8a0d9c28a96b8fd9b2db97634c0c09607da808a8e8a08588137234ce63b8a9e537fd15117628bc7cfca6ae12059,South Asian English,south_asian,Why can't I skip this damn intro?,WHY CAN'T I KEEP THIS DAMN INTRU,82e6f862fb18d0c700167447b13748c9db72db006856ae87fe10ec14720ed933
wav2vec2_large_robust,suta,78,stage5ext_00313,8f7e0c1a745bde3b6375473b87b997d5f687a8a0d9c28a96b8fd9b2db97634c0c09607da808a8e8a08588137234ce63b8a9e537fd15117628bc7cfca6ae12059,South Asian English,south_asian,"They, too, had been carelessly left unbolted.",THEY TOO HAD BEEN CARELESSLY LEFT UNBOLTED,97ae3b37a2f88f5ef4a7c6218a97face4024a6eb73f5a1290d79d4529d9e63dc
wav2vec2_large_robust,suta,78,stage5ext_00314,8f7e0c1a745bde3b6375473b87b997d5f687a8a0d9c28a96b8fd9b2db97634c0c09607da808a8e8a08588137234ce63b8a9e537fd15117628bc7cfca6ae12059,South Asian English,south_asian,It is located in the Parque Patricios neighborhood of Buenos Aires.,IT IS LOCATED IN THE PARK PATRISES NEIGHBORHOOD OF BUONOS ARES,97ae3b37a2f88f5ef4a7c6218a97face4024a6eb73f5a1290d79d4529d9e63dc
wav2vec2_large_robust,suta,78,stage5ext_00315,8f7e0c1a745bde3b6375473b87b997d5f687a8a0d9c28a96b8fd9b2db97634c0c09607da808a8e8a08588137234ce63b8a9e537fd15117628bc7cfca6ae12059,South Asian English,south_asian,Williams is actively engaged in public service and philanthropy.,WILLIAMS IS ACTIVALLY ENGAGED IN PUBLIC SERVICE AND PILAMTROPY,97ae3b37a2f88f5ef4a7c6218a97face4024a6eb73f5a1290d79d4529d9e63dc
wav2vec2_large_robust,suta,78,stage5ext_00316,f6987deb24305a72a216ab20686f51f94b6f8705775768dd535e4da88ff7117abfe923d46999a076b82dd084f2eb5ae7185de770ddb184c4e3a01d5b6390da20,South Asian English,south_asian,These cars were all basically retrimmed Mercurys.,THESE CARS WERE ALL BASICLY REGANT MERCURYUS,97ae3b37a2f88f5ef4a7c6218a97face4024a6eb73f5a1290d79d4529d9e63dc
wav2vec2_large_robust,suta,79,stage5ext_00317,f6987deb24305a72a216ab20686f51f94b6f8705775768dd535e4da88ff7117abfe923d46999a076b82dd084f2eb5ae7185de770ddb184c4e3a01d5b6390da20,South Asian English,south_asian,There are many small businesses throughout the small town that contribute to economic success.,THERE ARE MANY SMALL BUSINESSES THROUGHOUT THE SMAL OUT THAT CONTRIBUTE TO THE ECONOMIC SUCCESS,1d6f1f92d114a7b1bd1a78e0a907b8e782667fd88fc801797437de94306724bc
wav2vec2_large_robust,suta,79,stage5ext_00318,f6987deb24305a72a216ab20686f51f94b6f8705775768dd535e4da88ff7117abfe923d46999a076b82dd084f2eb5ae7185de770ddb184c4e3a01d5b6390da20,South Asian English,south_asian,Derivational morphology often involves the addition of a derivational suffix or other affix.,DERIVATIONAL MORPHOLOGY OFTEN INVOLVES THE ADDITION OF A DERIVATIONAL SUFECTS OR OTHER EFFECTS,1d6f1f92d114a7b1bd1a78e0a907b8e782667fd88fc801797437de94306724bc
wav2vec2_large_robust,suta,79,stage5ext_00319,f6987deb24305a72a216ab20686f51f94b6f8705775768dd535e4da88ff7117abfe923d46999a076b82dd084f2eb5ae7185de770ddb184c4e3a01d5b6390da20,South Asian English,south_asian,The school sports mascot is the Gator.,THE SCHOOLS TOOL'S MASKET IS THE GATOR,1d6f1f92d114a7b1bd1a78e0a907b8e782667fd88fc801797437de94306724bc
wav2vec2_large_robust,suta,79,stage5ext_00320,f6987deb24305a72a216ab20686f51f94b6f8705775768dd535e4da88ff7117abfe923d46999a076b82dd084f2eb5ae7185de770ddb184c4e3a01d5b6390da20,South Asian English,south_asian,The incident made him more aware of his future.,THE INCIDENT MADE HIM MORE AWARE OF HIS TEATER,1d6f1f92d114a7b1bd1a78e0a907b8e782667fd88fc801797437de94306724bc
wav2vec2_large_robust,suta,80,stage5ext_00321,f6987deb24305a72a216ab20686f51f94b6f8705775768dd535e4da88ff7117abfe923d46999a076b82dd084f2eb5ae7185de770ddb184c4e3a01d5b6390da20,South Asian English,south_asian,Toronto Netball Club plays at Westlakes Netball Association.,TOHANTONETPALL CLUB PLAYS AT BISLIK SMITHHALD ASSOCIATION,b84315125fef3d243d219b695cb86684f4fa934bdca0f2add93ef799d4fd16b9
wav2vec2_large_robust,suta,80,stage5ext_00322,f6987deb24305a72a216ab20686f51f94b6f8705775768dd535e4da88ff7117abfe923d46999a076b82dd084f2eb5ae7185de770ddb184c4e3a01d5b6390da20,South Asian English,south_asian,He returned to the field for the final three games of the season.,SHE RETURNED TO THE FED FOR THE FINAL THREE GAMES OF TE SEASON,b84315125fef3d243d219b695cb86684f4fa934bdca0f2add93ef799d4fd16b9
wav2vec2_large_robust,suta,80,stage5ext_00323,f6987deb24305a72a216ab20686f51f94b6f8705775768dd535e4da88ff7117abfe923d46999a076b82dd084f2eb5ae7185de770ddb184c4e3a01d5b6390da20,South Asian English,south_asian,"His first season numbers were unimpressive, reflecting his rookie status.",HIS FIRST SEASON NUMBERS WERE UNIMPRESSIVE REFLECTING HIS RUPISADES,b84315125fef3d243d219b695cb86684f4fa934bdca0f2add93ef799d4fd16b9
wav2vec2_large_robust,suta,80,stage5ext_00324,f6987deb24305a72a216ab20686f51f94b6f8705775768dd535e4da88ff7117abfe923d46999a076b82dd084f2eb5ae7185de770ddb184c4e3a01d5b6390da20,South Asian English,south_asian,Two thousand copies of the album were available on the band's website.,TWO THOUSAND COPIES OF THE ALBUM WERE AVAILABLE ON THE MAN'S WEBSIDE,b84315125fef3d243d219b695cb86684f4fa934bdca0f2add93ef799d4fd16b9
wav2vec2_large_robust,suta,81,stage5ext_00325,f6987deb24305a72a216ab20686f51f94b6f8705775768dd535e4da88ff7117abfe923d46999a076b82dd084f2eb5ae7185de770ddb184c4e3a01d5b6390da20,South Asian English,south_asian,"With Lajoie gone, the club needed a new name.",WITH LAJERY GONE THE PLUB NEEDED A NEW KING,6bd3b4f6d317a168e8106a1e9f67c88f23a3f2249de2c77de2bc0a8269e011b4
wav2vec2_large_robust,suta,81,stage5ext_00326,f6987deb24305a72a216ab20686f51f94b6f8705775768dd535e4da88ff7117abfe923d46999a076b82dd084f2eb5ae7185de770ddb184c4e3a01d5b6390da20,South Asian English,south_asian,Pendergrass got well-wishes from thousands of his fans during his recovery.,SPENSERGRAS CAUSE WELVISHES FROM THOUSANDS OF HIS FANS DURING HIS RECOVERY,6bd3b4f6d317a168e8106a1e9f67c88f23a3f2249de2c77de2bc0a8269e011b4
wav2vec2_large_robust,suta,81,stage5ext_00327,f6987deb24305a72a216ab20686f51f94b6f8705775768dd535e4da88ff7117abfe923d46999a076b82dd084f2eb5ae7185de770ddb184c4e3a01d5b6390da20,South Asian English,south_asian,The third phase involves converting Hughes Hall into office space.,THET THIRD PHASE INVOLVES CONVERTING HUGIS HALT INTO OFFER PACE,6bd3b4f6d317a168e8106a1e9f67c88f23a3f2249de2c77de2bc0a8269e011b4
wav2vec2_large_robust,suta,81,stage5ext_00328,f6987deb24305a72a216ab20686f51f94b6f8705775768dd535e4da88ff7117abfe923d46999a076b82dd084f2eb5ae7185de770ddb184c4e3a01d5b6390da20,South Asian English,south_asian,They used the sharks that followed the ships as a terror weapon.,THEY USED THE SHARKS THAT FOLLOWED THE SHIPS AS A ELVEPEN,6bd3b4f6d317a168e8106a1e9f67c88f23a3f2249de2c77de2bc0a8269e011b4
wav2vec2_large_robust,suta,82,stage5ext_00329,f6987deb24305a72a216ab20686f51f94b6f8705775768dd535e4da88ff7117abfe923d46999a076b82dd084f2eb5ae7185de770ddb184c4e3a01d5b6390da20,South Asian English,south_asian,"They had eight children, five of whom survived to adulthood.",THEY HAD EIGHT CHILDREN FIVE OF WHOM SURVIVED TO ADULTHOOD,5f3b183a408df1caadfae2a6b06169f1be2cb9ffe0f3f58cac0a1a1c2da40ab5
wav2vec2_large_robust,suta,82,stage5ext_00330,f6987deb24305a72a216ab20686f51f94b6f8705775768dd535e4da88ff7117abfe923d46999a076b82dd084f2eb5ae7185de770ddb184c4e3a01d5b6390da20,South Asian English,south_asian,The island is now uninhabited and managed as a bird reserve.,THE ISLAND IS NO UNINHABITATE AND MANYIS JUST A BORD RESROPE,5f3b183a408df1caadfae2a6b06169f1be2cb9ffe0f3f58cac0a1a1c2da40ab5
wav2vec2_large_robust,suta,82,stage5ext_00331,746bd7c2bd64e7fde7dda173976ca80e97a1875f7571a836827b832c1609da3c16be48a0bbf11e310ba7f262e77841dc8e70360283da6a0100631e2ac4760956,South Asian English,south_asian,Buckingham was also particularly proud of the Spanish guitar solo.,BUCKINGHAM WAS ALSO PARTICULARLY PROUD OF THE SPANISH KITAR SOLO,5f3b183a408df1caadfae2a6b06169f1be2cb9ffe0f3f58cac0a1a1c2da40ab5
wav2vec2_large_robust,suta,82,stage5ext_00332,746bd7c2bd64e7fde7dda173976ca80e97a1875f7571a836827b832c1609da3c16be48a0bbf11e310ba7f262e77841dc8e70360283da6a0100631e2ac4760956,South Asian English,south_asian,"Also known as Herbert, Borchardt initially studied Architecture and later Egyptology under Adolf Erman.",ALSO KNOWN AS HERBERT BORSHAR INITIALLY STUDIED ARCHITECTURE AND LATER EGYPTOLOGY UNDER ADOLPH ERMON,5f3b183a408df1caadfae2a6b06169f1be2cb9ffe0f3f58cac0a1a1c2da40ab5
wav2vec2_large_robust,suta,83,stage5ext_00333,746bd7c2bd64e7fde7dda173976ca80e97a1875f7571a836827b832c1609da3c16be48a0bbf11e310ba7f262e77841dc8e70360283da6a0100631e2ac4760956,South Asian English,south_asian,"Publicised nationwide, Gladstone's message became that of the party.",PUBLICIZED NATION WIDE GLADSTONE'S MESSAGE BECAME THAT OF THE PARTY,6d17388a60030ce4f01475be3939ec994ecf7f7291fb9e23671511f56a1702cb
wav2vec2_large_robust,suta,83,stage5ext_00334,746bd7c2bd64e7fde7dda173976ca80e97a1875f7571a836827b832c1609da3c16be48a0bbf11e310ba7f262e77841dc8e70360283da6a0100631e2ac4760956,South Asian English,south_asian,McGrath is a friend and fan of Ralph McTell.,MAGRET IS A FRIEND AND FAN OF RALPH MACDEL,6d17388a60030ce4f01475be3939ec994ecf7f7291fb9e23671511f56a1702cb
wav2vec2_large_robust,suta,83,stage5ext_00335,746bd7c2bd64e7fde7dda173976ca80e97a1875f7571a836827b832c1609da3c16be48a0bbf11e310ba7f262e77841dc8e70360283da6a0100631e2ac4760956,South Asian English,south_asian,His family later moved to Los Angeles and he attended Fairfax High School.,HIS FAMILY LATER MOVED TO LOS ANGELES AND HE ATTENDED FARFAX HIGHSCHOOL,6d17388a60030ce4f01475be3939ec994ecf7f7291fb9e23671511f56a1702cb
wav2vec2_large_robust,suta,83,stage5ext_00336,746bd7c2bd64e7fde7dda173976ca80e97a1875f7571a836827b832c1609da3c16be48a0bbf11e310ba7f262e77841dc8e70360283da6a0100631e2ac4760956,South Asian English,south_asian,The grape originated as a cross of Syrah pollen germinating a Peloursin plant.,THE GRAPE ORIGINATED AS A CROSS OF CYRA POLEN GERMINATING A PILOSAN PLANT,6d17388a60030ce4f01475be3939ec994ecf7f7291fb9e23671511f56a1702cb
wav2vec2_large_robust,suta,84,stage5ext_00337,746bd7c2bd64e7fde7dda173976ca80e97a1875f7571a836827b832c1609da3c16be48a0bbf11e310ba7f262e77841dc8e70360283da6a0100631e2ac4760956,South Asian English,south_asian,The main gate is located in the center of the south curtain wall.,THE MAIN GATE IS LOCATED IN THE CENTRE OF THE SOUTH GURTAN WALL,00070d2726fce055c5bd16c609aa26011397a109e75e1a102d49992d6c1107aa
wav2vec2_large_robust,suta,84,stage5ext_00338,746bd7c2bd64e7fde7dda173976ca80e97a1875f7571a836827b832c1609da3c16be48a0bbf11e310ba7f262e77841dc8e70360283da6a0100631e2ac4760956,South Asian English,south_asian,Ferrers made many contributions to mathematical literature.,FEROS MADE MANY CONTRIBUTIONS TO MATHEMATICAL LITERATURE,00070d2726fce055c5bd16c609aa26011397a109e75e1a102d49992d6c1107aa
wav2vec2_large_robust,suta,84,stage5ext_00339,746bd7c2bd64e7fde7dda173976ca80e97a1875f7571a836827b832c1609da3c16be48a0bbf11e310ba7f262e77841dc8e70360283da6a0100631e2ac4760956,South Asian English,south_asian,"Prokosch was born in Madison, Wisconsin, into an intellectual family that travelled widely.",PROKOSH WAS BORN IN MADISON WISCONSIN INTO AN INTELLECTUAL FAMILY THAT TRAVELED WIDELY,00070d2726fce055c5bd16c609aa26011397a109e75e1a102d49992d6c1107aa
wav2vec2_large_robust,suta,84,stage5ext_00340,746bd7c2bd64e7fde7dda173976ca80e97a1875f7571a836827b832c1609da3c16be48a0bbf11e310ba7f262e77841dc8e70360283da6a0100631e2ac4760956,South Asian English,south_asian,Britain sends three big-game hunters to kill the lions.,BRITAN SENDS THREE BIG GAME HUNTERS TO KILL THE LIONS,00070d2726fce055c5bd16c609aa26011397a109e75e1a102d49992d6c1107aa
wav2vec2_large_robust,suta,85,stage5ext_00341,746bd7c2bd64e7fde7dda173976ca80e97a1875f7571a836827b832c1609da3c16be48a0bbf11e310ba7f262e77841dc8e70360283da6a0100631e2ac4760956,South Asian English,south_asian,The French colonial government gave land away to soldiers and settlers.,THE FRENCH COLONIAL GOVERNMENT GAVE LAND AWAY TO SOLDIERS AND SETTLERS,2eb9bdd2334c76013b6002a1b8e65b85936c75512219141ca958c4110e42c254
wav2vec2_large_robust,suta,85,stage5ext_00342,746bd7c2bd64e7fde7dda173976ca80e97a1875f7571a836827b832c1609da3c16be48a0bbf11e310ba7f262e77841dc8e70360283da6a0100631e2ac4760956,South Asian English,south_asian,A Fermilab initiative to seek out cost effective computing for the Tevatron.,A FORMULA INITIATIVE TO SEEK OUT COST EFFECTIVE COMPUTING FOR THE TERWITDRAWN,2eb9bdd2334c76013b6002a1b8e65b85936c75512219141ca958c4110e42c254
wav2vec2_large_robust,suta,85,stage5ext_00343,746bd7c2bd64e7fde7dda173976ca80e97a1875f7571a836827b832c1609da3c16be48a0bbf11e310ba7f262e77841dc8e70360283da6a0100631e2ac4760956,South Asian English,south_asian,"The Shaw collection is housed at the university's duPont-Ball library in DeLand, Florida.",THE SHORE COLLECTION IS HOUSED AT THE UNIVERSITYS DUPONT BALL LIBRARY IN TILAN FORIDA,2eb9bdd2334c76013b6002a1b8e65b85936c75512219141ca958c4110e42c254
wav2vec2_large_robust,suta,85,stage5ext_00344,746bd7c2bd64e7fde7dda173976ca80e97a1875f7571a836827b832c1609da3c16be48a0bbf11e310ba7f262e77841dc8e70360283da6a0100631e2ac4760956,South Asian English,south_asian,"He now lives in Toronto, Ontario.",HE NOW LIVES IN TORONTO ONTARIO,2eb9bdd2334c76013b6002a1b8e65b85936c75512219141ca958c4110e42c254
wav2vec2_large_robust,suta,86,stage5ext_00345,746bd7c2bd64e7fde7dda173976ca80e97a1875f7571a836827b832c1609da3c16be48a0bbf11e310ba7f262e77841dc8e70360283da6a0100631e2ac4760956,South Asian English,south_asian,"The British called such weapons ""Pass-made rifles"".",THE BRITISH CALLED SUCH WEAPONS PAS MA RIFLES,bfca77da8fcafa8760f84c2d0ed3501460ecf5b2e526e6bdd5890bed0ca83d31
wav2vec2_large_robust,suta,86,stage5ext_00346,02a40eed38bf20ab1ddca1a5c60f5b2cadd5455be21c7a1ab8e87d65a6fec68495c0d24d8fecdfe3f9d132fdfa842dba33dca093df21b19f3d325519779d13d0,South Asian English,south_asian,"The women of ""Survivor"" deserved better.",THE WOMEN OF SURVIVOR DESERVE BETTER,bfca77da8fcafa8760f84c2d0ed3501460ecf5b2e526e6bdd5890bed0ca83d31
wav2vec2_large_robust,suta,86,stage5ext_00347,02a40eed38bf20ab1ddca1a5c60f5b2cadd5455be21c7a1ab8e87d65a6fec68495c0d24d8fecdfe3f9d132fdfa842dba33dca093df21b19f3d325519779d13d0,South Asian English,south_asian,His great knowledge and immense industry are shown throughout its pages.,HIS GREAT KNOWLEDGE AND IMMENSE INDUSTRY ARE SHOWN THROUGHOUT ITS PAGES,bfca77da8fcafa8760f84c2d0ed3501460ecf5b2e526e6bdd5890bed0ca83d31
wav2vec2_large_robust,suta,86,stage5ext_00348,02a40eed38bf20ab1ddca1a5c60f5b2cadd5455be21c7a1ab8e87d65a6fec68495c0d24d8fecdfe3f9d132fdfa842dba33dca093df21b19f3d325519779d13d0,South Asian English,south_asian,Other African examples may be found in Nigeria and East Africa.,OTHER AFRICAN EXAMPLES MAY BE FOUND IN AGERIA AND EAST AFRICA,bfca77da8fcafa8760f84c2d0ed3501460ecf5b2e526e6bdd5890bed0ca83d31
wav2vec2_large_robust,suta,87,stage5ext_00349,02a40eed38bf20ab1ddca1a5c60f5b2cadd5455be21c7a1ab8e87d65a6fec68495c0d24d8fecdfe3f9d132fdfa842dba33dca093df21b19f3d325519779d13d0,South Asian English,south_asian,Enrico Ferri is the father of four children.,ENDRIKOFERI IS FATHER OF FOUR CHILDREN,246132c3e053d1c13686e126edaafb05cd6fa83b05ce456b9784a4b8598a9f29
wav2vec2_large_robust,suta,87,stage5ext_00350,02a40eed38bf20ab1ddca1a5c60f5b2cadd5455be21c7a1ab8e87d65a6fec68495c0d24d8fecdfe3f9d132fdfa842dba33dca093df21b19f3d325519779d13d0,South Asian English,south_asian,It has been found in the English Channel and the Gulf of Mexico.,IT HAS BEEN FOUND IN THE ENGLISH CHANNEL AND THE GULF OF MEXICO,246132c3e053d1c13686e126edaafb05cd6fa83b05ce456b9784a4b8598a9f29
wav2vec2_large_robust,suta,87,stage5ext_00351,02a40eed38bf20ab1ddca1a5c60f5b2cadd5455be21c7a1ab8e87d65a6fec68495c0d24d8fecdfe3f9d132fdfa842dba33dca093df21b19f3d325519779d13d0,South Asian English,south_asian,Her work has also appeared on postage stamps produced by the Czech Republic.,HE WOK HAS ALSO APPEARED ON POSTAGE STAMPS PRODUCED BY THE SAC REPUBLIC,246132c3e053d1c13686e126edaafb05cd6fa83b05ce456b9784a4b8598a9f29
wav2vec2_large_robust,suta,87,stage5ext_00352,02a40eed38bf20ab1ddca1a5c60f5b2cadd5455be21c7a1ab8e87d65a6fec68495c0d24d8fecdfe3f9d132fdfa842dba33dca093df21b19f3d325519779d13d0,South Asian English,south_asian,Mathilda Ebeling,MATILDA EBLING,246132c3e053d1c13686e126edaafb05cd6fa83b05ce456b9784a4b8598a9f29
wav2vec2_large_robust,suta,88,stage5ext_00353,02a40eed38bf20ab1ddca1a5c60f5b2cadd5455be21c7a1ab8e87d65a6fec68495c0d24d8fecdfe3f9d132fdfa842dba33dca093df21b19f3d325519779d13d0,South Asian English,south_asian,Behra also set pole and fastest lap.,BEHEDA ALSO SAID BALLING FASTETS LAP,ddfebb17f0a17434a4ef4cfbe4a1a1fd307741f129e0e40082d46b09bae3747e
wav2vec2_large_robust,suta,88,stage5ext_00354,02a40eed38bf20ab1ddca1a5c60f5b2cadd5455be21c7a1ab8e87d65a6fec68495c0d24d8fecdfe3f9d132fdfa842dba33dca093df21b19f3d325519779d13d0,South Asian English,south_asian,All of his brothers were fighters.,ALL OF HIS BROTHERS WERE FIGHTERS,ddfebb17f0a17434a4ef4cfbe4a1a1fd307741f129e0e40082d46b09bae3747e
wav2vec2_large_robust,suta,88,stage5ext_00355,02a40eed38bf20ab1ddca1a5c60f5b2cadd5455be21c7a1ab8e87d65a6fec68495c0d24d8fecdfe3f9d132fdfa842dba33dca093df21b19f3d325519779d13d0,South Asian English,south_asian,In general they tended to rather large format.,IN GENERAL THEY TENDED TO RATHER LARGE FORMAT,ddfebb17f0a17434a4ef4cfbe4a1a1fd307741f129e0e40082d46b09bae3747e
wav2vec2_large_robust,suta,88,stage5ext_00356,02a40eed38bf20ab1ddca1a5c60f5b2cadd5455be21c7a1ab8e87d65a6fec68495c0d24d8fecdfe3f9d132fdfa842dba33dca093df21b19f3d325519779d13d0,South Asian English,south_asian,Downey posted the picture on Instagram and received requests for the pattern.,DOWNE POSTED THE PICTURE ON INSTOC RAM AND RECEIVED REQUEST FOR THE PATERN,ddfebb17f0a17434a4ef4cfbe4a1a1fd307741f129e0e40082d46b09bae3747e
wav2vec2_large_robust,suta,89,stage5ext_00357,02a40eed38bf20ab1ddca1a5c60f5b2cadd5455be21c7a1ab8e87d65a6fec68495c0d24d8fecdfe3f9d132fdfa842dba33dca093df21b19f3d325519779d13d0,South Asian English,south_asian,She did not like children and tried to hide it.,SHE DID NOT LIKE CHILDREN AND TRIED TO HIDE IT,f4ed2b7535e79676d8f8a67586f3f6b2e73febbe8c78831e0a8e72546fdc4140
wav2vec2_large_robust,suta,89,stage5ext_00358,02a40eed38bf20ab1ddca1a5c60f5b2cadd5455be21c7a1ab8e87d65a6fec68495c0d24d8fecdfe3f9d132fdfa842dba33dca093df21b19f3d325519779d13d0,South Asian English,south_asian,Today the church still retains many of its historic features.,TODAY THE CHURCH STILL RETAINS MANY OF ITS ISTRORIC FEATURES,f4ed2b7535e79676d8f8a67586f3f6b2e73febbe8c78831e0a8e72546fdc4140
wav2vec2_large_robust,suta,89,stage5ext_00359,02a40eed38bf20ab1ddca1a5c60f5b2cadd5455be21c7a1ab8e87d65a6fec68495c0d24d8fecdfe3f9d132fdfa842dba33dca093df21b19f3d325519779d13d0,South Asian English,south_asian,The two also had used the same choreographer.,THE TWO ALSO HAD USED THE SAME COREOGRAPHE,f4ed2b7535e79676d8f8a67586f3f6b2e73febbe8c78831e0a8e72546fdc4140
wav2vec2_large_robust,suta,89,stage5ext_00360,02a40eed38bf20ab1ddca1a5c60f5b2cadd5455be21c7a1ab8e87d65a6fec68495c0d24d8fecdfe3f9d132fdfa842dba33dca093df21b19f3d325519779d13d0,South Asian English,south_asian,Murom is the nearest rural locality.,MORAM IS THE NEAREST T RULAL LOCALITY,f4ed2b7535e79676d8f8a67586f3f6b2e73febbe8c78831e0a8e72546fdc4140
wav2vec2_large_robust,suta,90,stage5ext_00361,aaf1e4c69fbd1d1faf2fcbf3500fe62c714695d030ca2f945ff72ef0c02adfc3ff3b57023bc8367965617d4ca057efc9c9a11733d05858f18602fdc792ae9d84,South Asian English,south_asian,We will not have any money left.,WE WILL NOT HAVE ANY MONEY LEFT,7c101ba8fecd481a08e1e6472a687a2c5836316da5d991c1489140e651f63be4
wav2vec2_large_robust,suta,90,stage5ext_00362,aaf1e4c69fbd1d1faf2fcbf3500fe62c714695d030ca2f945ff72ef0c02adfc3ff3b57023bc8367965617d4ca057efc9c9a11733d05858f18602fdc792ae9d84,South Asian English,south_asian,A magistrate.,A MAGISTRATE,7c101ba8fecd481a08e1e6472a687a2c5836316da5d991c1489140e651f63be4
wav2vec2_large_robust,suta,90,stage5ext_00363,aaf1e4c69fbd1d1faf2fcbf3500fe62c714695d030ca2f945ff72ef0c02adfc3ff3b57023bc8367965617d4ca057efc9c9a11733d05858f18602fdc792ae9d84,South Asian English,south_asian,I know Daniel quite well.,I KNOW DANIEL QUITE WELL,7c101ba8fecd481a08e1e6472a687a2c5836316da5d991c1489140e651f63be4
wav2vec2_large_robust,suta,90,stage5ext_00364,aaf1e4c69fbd1d1faf2fcbf3500fe62c714695d030ca2f945ff72ef0c02adfc3ff3b57023bc8367965617d4ca057efc9c9a11733d05858f18602fdc792ae9d84,South Asian English,south_asian,Mary found the website and showed it to Daniel.,MARY FOUND THE WEBSIDE AND SHOWED IT TO DANIEL,7c101ba8fecd481a08e1e6472a687a2c5836316da5d991c1489140e651f63be4
wav2vec2_large_robust,suta,91,stage5ext_00365,aaf1e4c69fbd1d1faf2fcbf3500fe62c714695d030ca2f945ff72ef0c02adfc3ff3b57023bc8367965617d4ca057efc9c9a11733d05858f18602fdc792ae9d84,South Asian English,south_asian,"If you experience further problems, please let me know.",IF YOU EXPERIENCE FURTHER PROBLEMS PLEASE LET ME KNOW,930e759d5c5fb97e96ec956be2da247fbc66cc64dddc557735a7a8641ffb38bd
wav2vec2_large_robust,suta,91,stage5ext_00366,aaf1e4c69fbd1d1faf2fcbf3500fe62c714695d030ca2f945ff72ef0c02adfc3ff3b57023bc8367965617d4ca057efc9c9a11733d05858f18602fdc792ae9d84,South Asian English,south_asian,Debra is a explorer that has been all over the world.,DEBRISE EXPLORER THAT HAS BEEN ALL OVER THE WORLD,930e759d5c5fb97e96ec956be2da247fbc66cc64dddc557735a7a8641ffb38bd
wav2vec2_large_robust,suta,91,stage5ext_00367,aaf1e4c69fbd1d1faf2fcbf3500fe62c714695d030ca2f945ff72ef0c02adfc3ff3b57023bc8367965617d4ca057efc9c9a11733d05858f18602fdc792ae9d84,South Asian English,south_asian,Albert Einstein's famous equation E equals MC squared is one of the best known equations in physics.,ALBERTEINSTINE'S FAMOUS ECRETIAN  ECOSEMSYSQUIRD IS ONE OF THE BEST KNOWN ECREATIONS IN PHYSIX,930e759d5c5fb97e96ec956be2da247fbc66cc64dddc557735a7a8641ffb38bd
wav2vec2_large_robust,suta,91,stage5ext_00368,aaf1e4c69fbd1d1faf2fcbf3500fe62c714695d030ca2f945ff72ef0c02adfc3ff3b57023bc8367965617d4ca057efc9c9a11733d05858f18602fdc792ae9d84,South Asian English,south_asian,One good turn deserves another.,ONE GOOD TURN DESELVES ANOTHER,930e759d5c5fb97e96ec956be2da247fbc66cc64dddc557735a7a8641ffb38bd
wav2vec2_large_robust,suta,92,stage5ext_00369,aaf1e4c69fbd1d1faf2fcbf3500fe62c714695d030ca2f945ff72ef0c02adfc3ff3b57023bc8367965617d4ca057efc9c9a11733d05858f18602fdc792ae9d84,South Asian English,south_asian,It has been so long since I have seen you!,IT HAS BEEN SO LONG SINCE I HAVE SEEN YOU,4d13aaab4443c825add7d4828180b88c1d1f424f62452e23a516833121a0c2cc
wav2vec2_large_robust,suta,92,stage5ext_00370,aaf1e4c69fbd1d1faf2fcbf3500fe62c714695d030ca2f945ff72ef0c02adfc3ff3b57023bc8367965617d4ca057efc9c9a11733d05858f18602fdc792ae9d84,South Asian English,south_asian,William Shakespeare was an English poet and playwright that lived during the late sixteenth century.,WILLIAM SHAKESPEARE WAS AN ENGLISH BIDE AND PLAYRATE THAT LIVED DURING THE LATE SIXTEENTH CENTURY,4d13aaab4443c825add7d4828180b88c1d1f424f62452e23a516833121a0c2cc
wav2vec2_large_robust,suta,92,stage5ext_00371,aaf1e4c69fbd1d1faf2fcbf3500fe62c714695d030ca2f945ff72ef0c02adfc3ff3b57023bc8367965617d4ca057efc9c9a11733d05858f18602fdc792ae9d84,South Asian English,south_asian,The pup jerked the leash as he saw a feline shape.,THE PUB JERKED THE LECH AS HE SAW A FELYING TREE,4d13aaab4443c825add7d4828180b88c1d1f424f62452e23a516833121a0c2cc
wav2vec2_large_robust,suta,92,stage5ext_00372,aaf1e4c69fbd1d1faf2fcbf3500fe62c714695d030ca2f945ff72ef0c02adfc3ff3b57023bc8367965617d4ca057efc9c9a11733d05858f18602fdc792ae9d84,South Asian English,south_asian,Forty on Thursday is the name of the event.,FORTY ONTOLSDO IS THE NAME OF THE EVENT,4d13aaab4443c825add7d4828180b88c1d1f424f62452e23a516833121a0c2cc
wav2vec2_large_robust,suta,93,stage5ext_00373,aaf1e4c69fbd1d1faf2fcbf3500fe62c714695d030ca2f945ff72ef0c02adfc3ff3b57023bc8367965617d4ca057efc9c9a11733d05858f18602fdc792ae9d84,South Asian English,south_asian,The largest town is Abergavenny.,THE LARGEST TOWN IS ABEGAVENY,5703b3f878ed688c402048baaf9ec285c87bb51dbb7753e22581f8e2ef544d8f
wav2vec2_large_robust,suta,93,stage5ext_00374,aaf1e4c69fbd1d1faf2fcbf3500fe62c714695d030ca2f945ff72ef0c02adfc3ff3b57023bc8367965617d4ca057efc9c9a11733d05858f18602fdc792ae9d84,South Asian English,south_asian,No one has ever done it before.,NO ONE HAS OVERDONE IT BEFORE,5703b3f878ed688c402048baaf9ec285c87bb51dbb7753e22581f8e2ef544d8f
wav2vec2_large_robust,suta,93,stage5ext_00375,aaf1e4c69fbd1d1faf2fcbf3500fe62c714695d030ca2f945ff72ef0c02adfc3ff3b57023bc8367965617d4ca057efc9c9a11733d05858f18602fdc792ae9d84,South Asian English,south_asian,Two men spoke in Arabic while having a drink at the bar.,TWO MEN SPOK IN ARABIC WHILE HAVING A DRINK AT THE BALL,5703b3f878ed688c402048baaf9ec285c87bb51dbb7753e22581f8e2ef544d8f
wav2vec2_large_robust,suta,93,stage5ext_00376,f7e25829f749c01cdf81e5c9cba92ab80af25ba7120bdb943094d45b56be1cc3b516ca22cc0a4aed4934a1c9af35e152ecc95a58b32ce448662acabb5b87bc76,South Asian English,south_asian,But you want to know something?,BUT YOU WANT TO KNOW SOMETHING,5703b3f878ed688c402048baaf9ec285c87bb51dbb7753e22581f8e2ef544d8f
wav2vec2_large_robust,suta,94,stage5ext_00377,f7e25829f749c01cdf81e5c9cba92ab80af25ba7120bdb943094d45b56be1cc3b516ca22cc0a4aed4934a1c9af35e152ecc95a58b32ce448662acabb5b87bc76,South Asian English,south_asian,The giraffe had become fearful.,THE GERAF HAD BECOME FEARFUL,c754b874b9c003bdbe38e1cee63aaf24c8c377a6b86a2d9da46c86760bfc413c
wav2vec2_large_robust,suta,94,stage5ext_00378,f7e25829f749c01cdf81e5c9cba92ab80af25ba7120bdb943094d45b56be1cc3b516ca22cc0a4aed4934a1c9af35e152ecc95a58b32ce448662acabb5b87bc76,South Asian English,south_asian,Our deadline is coming up rapidly and we will need help.,OUR DEAD LINE IS COMING UP RAPIDLY AND WE WILL NEED HELP,c754b874b9c003bdbe38e1cee63aaf24c8c377a6b86a2d9da46c86760bfc413c
wav2vec2_large_robust,suta,94,stage5ext_00379,f7e25829f749c01cdf81e5c9cba92ab80af25ba7120bdb943094d45b56be1cc3b516ca22cc0a4aed4934a1c9af35e152ecc95a58b32ce448662acabb5b87bc76,South Asian English,south_asian,I found it out a little late.,I FOUND IT OUT A LITTLE LATE,c754b874b9c003bdbe38e1cee63aaf24c8c377a6b86a2d9da46c86760bfc413c
wav2vec2_large_robust,suta,94,stage5ext_00380,f7e25829f749c01cdf81e5c9cba92ab80af25ba7120bdb943094d45b56be1cc3b516ca22cc0a4aed4934a1c9af35e152ecc95a58b32ce448662acabb5b87bc76,South Asian English,south_asian,Don't worry about that.,DON'T WORRY ABOUT THAT,c754b874b9c003bdbe38e1cee63aaf24c8c377a6b86a2d9da46c86760bfc413c
wav2vec2_large_robust,suta,95,stage5ext_00381,f7e25829f749c01cdf81e5c9cba92ab80af25ba7120bdb943094d45b56be1cc3b516ca22cc0a4aed4934a1c9af35e152ecc95a58b32ce448662acabb5b87bc76,South Asian English,south_asian,I shouldn't think so.,I SHOULDN'T THINK SO,4c0d021020040cf7bc05118333a1d2b226dd4cec1f2145a262c8a969d2ef2889
wav2vec2_large_robust,suta,95,stage5ext_00382,f7e25829f749c01cdf81e5c9cba92ab80af25ba7120bdb943094d45b56be1cc3b516ca22cc0a4aed4934a1c9af35e152ecc95a58b32ce448662acabb5b87bc76,South Asian English,south_asian,Turning off gadgets that are not in use can save a lot of energy.,TURNING OFF GAGETS THAT ARE NOT IN USE CAN SAVE A LOT OF ENERGY,4c0d021020040cf7bc05118333a1d2b226dd4cec1f2145a262c8a969d2ef2889
wav2vec2_large_robust,suta,95,stage5ext_00383,f7e25829f749c01cdf81e5c9cba92ab80af25ba7120bdb943094d45b56be1cc3b516ca22cc0a4aed4934a1c9af35e152ecc95a58b32ce448662acabb5b87bc76,South Asian English,south_asian,There is a counter on the top left of the web page.,THERE IS A COUNTER ON THE TOP LEFT OF THE WEB PAGE,4c0d021020040cf7bc05118333a1d2b226dd4cec1f2145a262c8a969d2ef2889
wav2vec2_large_robust,suta,95,stage5ext_00384,f7e25829f749c01cdf81e5c9cba92ab80af25ba7120bdb943094d45b56be1cc3b516ca22cc0a4aed4934a1c9af35e152ecc95a58b32ce448662acabb5b87bc76,South Asian English,south_asian,You think you did.,YOU THINK YOU DID,4c0d021020040cf7bc05118333a1d2b226dd4cec1f2145a262c8a969d2ef2889
wav2vec2_large_robust,suta,96,stage5ext_00385,f7e25829f749c01cdf81e5c9cba92ab80af25ba7120bdb943094d45b56be1cc3b516ca22cc0a4aed4934a1c9af35e152ecc95a58b32ce448662acabb5b87bc76,South Asian English,south_asian,Maybe he'll give us one.,MAYBE HE'LL GIVE US ONE,5eda6e44bc8ec79217c984d55d1028e0656db8cb023c08da523815dfa72f52fe
wav2vec2_large_robust,suta,96,stage5ext_00386,f7e25829f749c01cdf81e5c9cba92ab80af25ba7120bdb943094d45b56be1cc3b516ca22cc0a4aed4934a1c9af35e152ecc95a58b32ce448662acabb5b87bc76,South Asian English,south_asian,Better let me talk to him.,BETTER LET ME TALK TO HIM,5eda6e44bc8ec79217c984d55d1028e0656db8cb023c08da523815dfa72f52fe
wav2vec2_large_robust,suta,96,stage5ext_00387,f7e25829f749c01cdf81e5c9cba92ab80af25ba7120bdb943094d45b56be1cc3b516ca22cc0a4aed4934a1c9af35e152ecc95a58b32ce448662acabb5b87bc76,South Asian English,south_asian,I don't want any plastics.,I DON'T WANT ANY PLASTICS,5eda6e44bc8ec79217c984d55d1028e0656db8cb023c08da523815dfa72f52fe
wav2vec2_large_robust,suta,96,stage5ext_00388,f7e25829f749c01cdf81e5c9cba92ab80af25ba7120bdb943094d45b56be1cc3b516ca22cc0a4aed4934a1c9af35e152ecc95a58b32ce448662acabb5b87bc76,South Asian English,south_asian,Without a single quiver.,WITHOUT A SINGLE QUIVER,5eda6e44bc8ec79217c984d55d1028e0656db8cb023c08da523815dfa72f52fe
wav2vec2_large_robust,suta,97,stage5ext_00389,f7e25829f749c01cdf81e5c9cba92ab80af25ba7120bdb943094d45b56be1cc3b516ca22cc0a4aed4934a1c9af35e152ecc95a58b32ce448662acabb5b87bc76,South Asian English,south_asian,I never saw it before.,I NEVER SAW IT BEFORE,20e57732fe9e08f8841b42154e8c9e4e8555f1c3a69acdbf6899c3671e41f6e8
wav2vec2_large_robust,suta,97,stage5ext_00390,f7e25829f749c01cdf81e5c9cba92ab80af25ba7120bdb943094d45b56be1cc3b516ca22cc0a4aed4934a1c9af35e152ecc95a58b32ce448662acabb5b87bc76,South Asian English,south_asian,"The reason for this, is to discern your strengths.",THE REASON FOR THIS IS TO DISCERN YOUR STRENGTH,20e57732fe9e08f8841b42154e8c9e4e8555f1c3a69acdbf6899c3671e41f6e8
wav2vec2_large_robust,suta,97,stage5ext_00391,3f0b866ee8d4499e4c0de09d34862acbb1ea0139f53bf7f1271a8648fb35d9a3a31272a8bc7af870e3b52bf7f4cb51ae512fa07df79663eaeafa30221c0b200b,South Asian English,south_asian,"The perpetrators were never identified, and this monument has never been rebuilt.",THE BURGUTREFEES WEM NEVER IDENTIFIED AND THIS MONNUMENT HAS NEVER BEEN TRIBUCED,20e57732fe9e08f8841b42154e8c9e4e8555f1c3a69acdbf6899c3671e41f6e8
wav2vec2_large_robust,suta,97,stage5ext_00392,3f0b866ee8d4499e4c0de09d34862acbb1ea0139f53bf7f1271a8648fb35d9a3a31272a8bc7af870e3b52bf7f4cb51ae512fa07df79663eaeafa30221c0b200b,South Asian English,south_asian,"These songs include ""Never End,"" ""Please Smile Again,"" and ""Cross Over.",THESE SONGS INCLUDE NEVER END YE SMILE AGAIN AND CROSSO,20e57732fe9e08f8841b42154e8c9e4e8555f1c3a69acdbf6899c3671e41f6e8
wav2vec2_large_robust,suta,98,stage5ext_00393,3f0b866ee8d4499e4c0de09d34862acbb1ea0139f53bf7f1271a8648fb35d9a3a31272a8bc7af870e3b52bf7f4cb51ae512fa07df79663eaeafa30221c0b200b,South Asian English,south_asian,Water in the pool is continuously circulated through a filtration system.,WHAT IN THE POOL IS CONTINUOUSLY CIRCULATED TO A FILTRATION SYSTEM,0c69e5573e4cf00603f26db343665f519ce4c281aa223f1a44158e3bd62a0e17
wav2vec2_large_robust,suta,98,stage5ext_00394,3f0b866ee8d4499e4c0de09d34862acbb1ea0139f53bf7f1271a8648fb35d9a3a31272a8bc7af870e3b52bf7f4cb51ae512fa07df79663eaeafa30221c0b200b,South Asian English,south_asian,We maintain an array of roots indexed by timestamp.,FIMANTIN AND ORIO FRUITS INDEXED BY TIME STAMP,0c69e5573e4cf00603f26db343665f519ce4c281aa223f1a44158e3bd62a0e17
wav2vec2_large_robust,suta,98,stage5ext_00395,3f0b866ee8d4499e4c0de09d34862acbb1ea0139f53bf7f1271a8648fb35d9a3a31272a8bc7af870e3b52bf7f4cb51ae512fa07df79663eaeafa30221c0b200b,South Asian English,south_asian,"The educators lost, though commercial broadcasters were forced to air public affairs programs.",THE EDUCATORS LOST THOUGH COMMERCIAL BROADCASTERS WERE FORCED TO AD PUBLIC AFFAIRS PROGRAMES,0c69e5573e4cf00603f26db343665f519ce4c281aa223f1a44158e3bd62a0e17
wav2vec2_large_robust,suta,98,stage5ext_00396,3f0b866ee8d4499e4c0de09d34862acbb1ea0139f53bf7f1271a8648fb35d9a3a31272a8bc7af870e3b52bf7f4cb51ae512fa07df79663eaeafa30221c0b200b,South Asian English,south_asian,It is also the largest school in the state by size.,ER IS ALSO THE LARGEST SCHOOL IN THE STATE BY SITE,0c69e5573e4cf00603f26db343665f519ce4c281aa223f1a44158e3bd62a0e17
wav2vec2_large_robust,suta,99,stage5ext_00397,3f0b866ee8d4499e4c0de09d34862acbb1ea0139f53bf7f1271a8648fb35d9a3a31272a8bc7af870e3b52bf7f4cb51ae512fa07df79663eaeafa30221c0b200b,South Asian English,south_asian,The band members decided to discontinue their mutual involvement.,THE BYRON MOST DECIDED TO DISCONTINUE THE MUTUE AND WHAT NOT,e7e3b34d250c802e5ce6368a4987c79a769f1d2d359eb8d124d298deb4a634fe
wav2vec2_large_robust,suta,99,stage5ext_00398,3f0b866ee8d4499e4c0de09d34862acbb1ea0139f53bf7f1271a8648fb35d9a3a31272a8bc7af870e3b52bf7f4cb51ae512fa07df79663eaeafa30221c0b200b,South Asian English,south_asian,Highlights include a Gutenberg Bible and the Romanesque Lambeth Bible.,HILISTEN THOUG A GUODINFU BIBLE AND THE ROMANAS CLAMBERED BACK,e7e3b34d250c802e5ce6368a4987c79a769f1d2d359eb8d124d298deb4a634fe
wav2vec2_large_robust,suta,99,stage5ext_00399,3f0b866ee8d4499e4c0de09d34862acbb1ea0139f53bf7f1271a8648fb35d9a3a31272a8bc7af870e3b52bf7f4cb51ae512fa07df79663eaeafa30221c0b200b,South Asian English,south_asian,"The parents return, in bandages, having survived the fire.",PADINS RETURN IN MAGAGES HAVING SURVIVED THE FIRE,e7e3b34d250c802e5ce6368a4987c79a769f1d2d359eb8d124d298deb4a634fe
wav2vec2_large_robust,suta,99,stage5ext_00400,3f0b866ee8d4499e4c0de09d34862acbb1ea0139f53bf7f1271a8648fb35d9a3a31272a8bc7af870e3b52bf7f4cb51ae512fa07df79663eaeafa30221c0b200b,South Asian English,south_asian,"After the show, Sewercap talked to Jughead about officially reuniting Screeching Weasel.",AFTER THE SHOW SUWOKUP TALK TO JACKHEAD ABOUT OFFICILLERY UNITING SCREECHING WASBLE,e7e3b34d250c802e5ce6368a4987c79a769f1d2d359eb8d124d298deb4a634fe
wav2vec2_large_robust,suta,100,stage5ext_00401,3f0b866ee8d4499e4c0de09d34862acbb1ea0139f53bf7f1271a8648fb35d9a3a31272a8bc7af870e3b52bf7f4cb51ae512fa07df79663eaeafa30221c0b200b,South Asian English,south_asian,Harpur served in various capacities in the New York government during the American Revolution.,HOPPE SERVED IN THE GREATEST CAPACITIES IN THE NEW YORK GOVERNMENT DURING THE AMERICAN REVOLUTION,f5392f905acd0b10acbe572a822d1f9397bb09c6e741fe2ff2c13139f8ab40cc
wav2vec2_large_robust,suta,100,stage5ext_00402,3f0b866ee8d4499e4c0de09d34862acbb1ea0139f53bf7f1271a8648fb35d9a3a31272a8bc7af870e3b52bf7f4cb51ae512fa07df79663eaeafa30221c0b200b,South Asian English,south_asian,The program has won many awards for investigative journalism.,THE PROGRAMHS WON MANY AWARDS FOR INVESTIGATIVE JOURNALS,f5392f905acd0b10acbe572a822d1f9397bb09c6e741fe2ff2c13139f8ab40cc
wav2vec2_large_robust,suta,100,stage5ext_00403,3f0b866ee8d4499e4c0de09d34862acbb1ea0139f53bf7f1271a8648fb35d9a3a31272a8bc7af870e3b52bf7f4cb51ae512fa07df79663eaeafa30221c0b200b,South Asian English,south_asian,Information about Boffo and its games can still be found on the site.,INFORMATION ABOUT POPHO AND ITS GAMES CAN STILL BE FOUND ON HIS ECT,f5392f905acd0b10acbe572a822d1f9397bb09c6e741fe2ff2c13139f8ab40cc
wav2vec2_large_robust,suta,100,stage5ext_00404,3f0b866ee8d4499e4c0de09d34862acbb1ea0139f53bf7f1271a8648fb35d9a3a31272a8bc7af870e3b52bf7f4cb51ae512fa07df79663eaeafa30221c0b200b,South Asian English,south_asian,"Forestkith Goblin: Nocturnal hunters, also known as kith.",FORESTED COBLIN NOCTURNAL HUNTERS ALSO KNOWN AS KIT,f5392f905acd0b10acbe572a822d1f9397bb09c6e741fe2ff2c13139f8ab40cc
wav2vec2_large_robust,suta,101,stage5ext_00405,3f0b866ee8d4499e4c0de09d34862acbb1ea0139f53bf7f1271a8648fb35d9a3a31272a8bc7af870e3b52bf7f4cb51ae512fa07df79663eaeafa30221c0b200b,South Asian English,south_asian,"Clearing facilities, security investments, cheques and overdraft protections were introduced.",PARING FACILITIES SECURITY INVESTMENTS CHECKS AND OVERDUN PROTECTIONS WERE INTRODUCED,a3af4c40387000aa50b02a5043667b5aff416f8da457fd1a0e822e5ae8fe3eea
wav2vec2_large_robust,suta,101,stage5ext_00406,73e8a395a2162293c7b4534d24818227a71f84f9f562d54db101f6576c15907499bf892f20f243b766b2da4de010cd4b697339df0b8c453740e425875c0eac05,South Asian English,south_asian,Each family is allowed one vote per each style of debate.,EACH FAMILY IS ALLOWED ONE WARD PER EACH STYLE OF BIBBET,a3af4c40387000aa50b02a5043667b5aff416f8da457fd1a0e822e5ae8fe3eea
wav2vec2_large_robust,suta,101,stage5ext_00407,73e8a395a2162293c7b4534d24818227a71f84f9f562d54db101f6576c15907499bf892f20f243b766b2da4de010cd4b697339df0b8c453740e425875c0eac05,South Asian English,south_asian,Min varieties are not mutually intelligible with any other varieties of Chinese.,WIN VARIETIES ARE NOT MUTUALLY INTELLIGIBLE WITH ANY OTHER VARIETIES OF CHINESE,a3af4c40387000aa50b02a5043667b5aff416f8da457fd1a0e822e5ae8fe3eea
wav2vec2_large_robust,suta,101,stage5ext_00408,73e8a395a2162293c7b4534d24818227a71f84f9f562d54db101f6576c15907499bf892f20f243b766b2da4de010cd4b697339df0b8c453740e425875c0eac05,South Asian English,south_asian,The sculptures on the pillars are truly beautiful.,THE SCULPTURES ON THE PILLARS ARE TRULY BEAUTIFUL,a3af4c40387000aa50b02a5043667b5aff416f8da457fd1a0e822e5ae8fe3eea
wav2vec2_large_robust,suta,102,stage5ext_00409,73e8a395a2162293c7b4534d24818227a71f84f9f562d54db101f6576c15907499bf892f20f243b766b2da4de010cd4b697339df0b8c453740e425875c0eac05,South Asian English,south_asian,"Examples of non-vibrating objects are mallets, hammers, and sticks.",EXAMPLES OF NONVIBRATING OBJECTS ARE MALOTS HAMMERS AND STICKS,e0d8f4b1fdce84a2ca81b3fe9a3d3098f7eb5695e9ca8d31b2a942ec50df4adf
wav2vec2_large_robust,suta,102,stage5ext_00410,73e8a395a2162293c7b4534d24818227a71f84f9f562d54db101f6576c15907499bf892f20f243b766b2da4de010cd4b697339df0b8c453740e425875c0eac05,South Asian English,south_asian,"You place your choice in a sealed envelope, which is opened after the game.",YOU PLACE YOUR CHOICE IN A SEALED ENVELOPE WHICH IS OPENED AFTER THE GAME,e0d8f4b1fdce84a2ca81b3fe9a3d3098f7eb5695e9ca8d31b2a942ec50df4adf
wav2vec2_large_robust,suta,102,stage5ext_00411,73e8a395a2162293c7b4534d24818227a71f84f9f562d54db101f6576c15907499bf892f20f243b766b2da4de010cd4b697339df0b8c453740e425875c0eac05,South Asian English,south_asian,The first was Buddy Ryan.,THE FIRST FIRS BODY RAN,e0d8f4b1fdce84a2ca81b3fe9a3d3098f7eb5695e9ca8d31b2a942ec50df4adf
wav2vec2_large_robust,suta,102,stage5ext_00412,73e8a395a2162293c7b4534d24818227a71f84f9f562d54db101f6576c15907499bf892f20f243b766b2da4de010cd4b697339df0b8c453740e425875c0eac05,South Asian English,south_asian,"His playing style is aggressive and he has won many ""best game"" awards.",HIS PLAYING STIDLE IS AGGRESSIVE AND HE HAS WON MANY BEST GAME AWARDS,e0d8f4b1fdce84a2ca81b3fe9a3d3098f7eb5695e9ca8d31b2a942ec50df4adf
wav2vec2_large_robust,suta,103,stage5ext_00413,73e8a395a2162293c7b4534d24818227a71f84f9f562d54db101f6576c15907499bf892f20f243b766b2da4de010cd4b697339df0b8c453740e425875c0eac05,South Asian English,south_asian,Their flight is weak.,THE FLIGHT IS WEAK,eebf58b04ffdf51f527c3eca8ce720b14ce18273a56991c4be3a2cd9b7797893
wav2vec2_large_robust,suta,103,stage5ext_00414,73e8a395a2162293c7b4534d24818227a71f84f9f562d54db101f6576c15907499bf892f20f243b766b2da4de010cd4b697339df0b8c453740e425875c0eac05,South Asian English,south_asian,"In many cases however, they are quite functional.",IN MANY CASES HOWEVER THEY ARE QUITE FUNCTIONAL,eebf58b04ffdf51f527c3eca8ce720b14ce18273a56991c4be3a2cd9b7797893
wav2vec2_large_robust,suta,103,stage5ext_00415,73e8a395a2162293c7b4534d24818227a71f84f9f562d54db101f6576c15907499bf892f20f243b766b2da4de010cd4b697339df0b8c453740e425875c0eac05,South Asian English,south_asian,Ward went on to win the general election.,FAD WENT ON TO WIN THE GENERAL ELECTION,eebf58b04ffdf51f527c3eca8ce720b14ce18273a56991c4be3a2cd9b7797893
wav2vec2_large_robust,suta,103,stage5ext_00416,73e8a395a2162293c7b4534d24818227a71f84f9f562d54db101f6576c15907499bf892f20f243b766b2da4de010cd4b697339df0b8c453740e425875c0eac05,South Asian English,south_asian,He is now a Free Agent.,HE IS NOW A FREE AGENT,eebf58b04ffdf51f527c3eca8ce720b14ce18273a56991c4be3a2cd9b7797893
wav2vec2_large_robust,suta,104,stage5ext_00417,73e8a395a2162293c7b4534d24818227a71f84f9f562d54db101f6576c15907499bf892f20f243b766b2da4de010cd4b697339df0b8c453740e425875c0eac05,South Asian English,south_asian,Her other sponsors include Subway and Boost Mobile.,HER OTHER SPONSERS INCLUDE SUBVEY AND BUST MOBILE,6baf92c8c27302b5e0af51c9e2823e7344a7ec702f7f5c38acad246c53744f86
wav2vec2_large_robust,suta,104,stage5ext_00418,73e8a395a2162293c7b4534d24818227a71f84f9f562d54db101f6576c15907499bf892f20f243b766b2da4de010cd4b697339df0b8c453740e425875c0eac05,South Asian English,south_asian,I've never been asked to do one.,I'VE NEVER BEEN ASKED TO DO ONE,6baf92c8c27302b5e0af51c9e2823e7344a7ec702f7f5c38acad246c53744f86
wav2vec2_large_robust,suta,104,stage5ext_00419,73e8a395a2162293c7b4534d24818227a71f84f9f562d54db101f6576c15907499bf892f20f243b766b2da4de010cd4b697339df0b8c453740e425875c0eac05,South Asian English,south_asian,"Therefore, these schools are significantly divided in terms of both abilities and career aims.",THEREFORE THESE SCHOOLS ARE SIGNIFICANTLY DIVIDED IN TERMS OF BOTH ABILITIES AND CARRIER AIMS,6baf92c8c27302b5e0af51c9e2823e7344a7ec702f7f5c38acad246c53744f86
wav2vec2_large_robust,suta,104,stage5ext_00420,73e8a395a2162293c7b4534d24818227a71f84f9f562d54db101f6576c15907499bf892f20f243b766b2da4de010cd4b697339df0b8c453740e425875c0eac05,South Asian English,south_asian,The Ottoman village of Mulebbis appears at this site on the British survey map.,THE AUTOMON VILLAGE OF MURBIS APPEARS AT THIS SIT ON THE BRITISH SERVEY MAP,6baf92c8c27302b5e0af51c9e2823e7344a7ec702f7f5c38acad246c53744f86
wav2vec2_large_robust,suta,105,stage5ext_00421,ea49524d52bc56b865f1207ba65e9a5c30cab647b575ba84d0332c740de52bef6922ee19c49e44db615889cbabebbfa52440b31858fac8660d5e97eb4593687f,South Asian English,south_asian,Do you have Hugo's phone number?,DO YOU HAVE HUGOTS PON NUMBER,42fdd78d5d074de39c2ae53083d72e1a7823e4add19844c5683f38dc2550aac4
wav2vec2_large_robust,suta,105,stage5ext_00422,ea49524d52bc56b865f1207ba65e9a5c30cab647b575ba84d0332c740de52bef6922ee19c49e44db615889cbabebbfa52440b31858fac8660d5e97eb4593687f,South Asian English,south_asian,"In the United States, we use paper bags for shopping.",IN THE UNITED STATES WE USE PAPER BAGS POT SHOPPING,42fdd78d5d074de39c2ae53083d72e1a7823e4add19844c5683f38dc2550aac4
wav2vec2_large_robust,suta,105,stage5ext_00423,ea49524d52bc56b865f1207ba65e9a5c30cab647b575ba84d0332c740de52bef6922ee19c49e44db615889cbabebbfa52440b31858fac8660d5e97eb4593687f,South Asian English,south_asian,"Olivia, have you seen my keys?",OLUWIA HAVE YOU SEEN MY KIDS,42fdd78d5d074de39c2ae53083d72e1a7823e4add19844c5683f38dc2550aac4
wav2vec2_large_robust,suta,105,stage5ext_00424,ea49524d52bc56b865f1207ba65e9a5c30cab647b575ba84d0332c740de52bef6922ee19c49e44db615889cbabebbfa52440b31858fac8660d5e97eb4593687f,South Asian English,south_asian,Someone set fire to the trash.,SOMEONE SET FIRE TO THE TRASH,42fdd78d5d074de39c2ae53083d72e1a7823e4add19844c5683f38dc2550aac4
wav2vec2_large_robust,suta,106,stage5ext_00425,ea49524d52bc56b865f1207ba65e9a5c30cab647b575ba84d0332c740de52bef6922ee19c49e44db615889cbabebbfa52440b31858fac8660d5e97eb4593687f,South Asian English,south_asian,Angela wanted to copy everything he had done.,ANGELA WANTED TO COPY EVERYTHING HE HAD DONE,491e144f529a0956f612ef981c0d6918180a4f7195773b0f2a670eb184d504f5
wav2vec2_large_robust,suta,106,stage5ext_00426,ea49524d52bc56b865f1207ba65e9a5c30cab647b575ba84d0332c740de52bef6922ee19c49e44db615889cbabebbfa52440b31858fac8660d5e97eb4593687f,South Asian English,south_asian,Good playgrounds have much more to offer than swings and slides.,GOOD PLAYGROUNDS HAVE MUCH MORE TO OFFER THAN SWINGS AND SLIGTS,491e144f529a0956f612ef981c0d6918180a4f7195773b0f2a670eb184d504f5
wav2vec2_large_robust,suta,106,stage5ext_00427,ea49524d52bc56b865f1207ba65e9a5c30cab647b575ba84d0332c740de52bef6922ee19c49e44db615889cbabebbfa52440b31858fac8660d5e97eb4593687f,South Asian English,south_asian,What does it all mean?,WHAT DOES IT ALL MEAN,491e144f529a0956f612ef981c0d6918180a4f7195773b0f2a670eb184d504f5
wav2vec2_large_robust,suta,106,stage5ext_00428,ea49524d52bc56b865f1207ba65e9a5c30cab647b575ba84d0332c740de52bef6922ee19c49e44db615889cbabebbfa52440b31858fac8660d5e97eb4593687f,South Asian English,south_asian,A musical composition for seven instruments,A MUSICAL COMPOSITION PARTS E AN INSTRUMENT,491e144f529a0956f612ef981c0d6918180a4f7195773b0f2a670eb184d504f5
wav2vec2_large_robust,suta,107,stage5ext_00429,ea49524d52bc56b865f1207ba65e9a5c30cab647b575ba84d0332c740de52bef6922ee19c49e44db615889cbabebbfa52440b31858fac8660d5e97eb4593687f,South Asian English,south_asian,Temper is so good a thing that we should never lose it.,TEMPER IT SO GOOD A THING THAT WE SHOULD NEVER LOSE IT,27e2886b9cbfe8a2eccb7fab3c90f1a482559097a4020cb72443da4d2442f4cb
wav2vec2_large_robust,suta,107,stage5ext_00430,ea49524d52bc56b865f1207ba65e9a5c30cab647b575ba84d0332c740de52bef6922ee19c49e44db615889cbabebbfa52440b31858fac8660d5e97eb4593687f,South Asian English,south_asian,She has a smart way of wearing clothes.,SHE HAD A SMART WAY OF WEARING CLOTHS,27e2886b9cbfe8a2eccb7fab3c90f1a482559097a4020cb72443da4d2442f4cb
wav2vec2_large_robust,suta,107,stage5ext_00431,ea49524d52bc56b865f1207ba65e9a5c30cab647b575ba84d0332c740de52bef6922ee19c49e44db615889cbabebbfa52440b31858fac8660d5e97eb4593687f,South Asian English,south_asian,They have prejudices against foreigners.,THEY HELP ACUDYSES AGAINST FORINERS,27e2886b9cbfe8a2eccb7fab3c90f1a482559097a4020cb72443da4d2442f4cb
wav2vec2_large_robust,suta,107,stage5ext_00432,ea49524d52bc56b865f1207ba65e9a5c30cab647b575ba84d0332c740de52bef6922ee19c49e44db615889cbabebbfa52440b31858fac8660d5e97eb4593687f,South Asian English,south_asian,He has enough who is content.,HE HAS ENOUGH WHO IS CONTENT,27e2886b9cbfe8a2eccb7fab3c90f1a482559097a4020cb72443da4d2442f4cb
wav2vec2_large_robust,suta,108,stage5ext_00433,ea49524d52bc56b865f1207ba65e9a5c30cab647b575ba84d0332c740de52bef6922ee19c49e44db615889cbabebbfa52440b31858fac8660d5e97eb4593687f,South Asian English,south_asian,The toilet needed cleaning.,THE TOILET NEEDED CLEANING,bc09ba30d3eda0e3a646d2d58da56acf86f3de42a7180f488b355f5027a92e9c
wav2vec2_large_robust,suta,108,stage5ext_00434,ea49524d52bc56b865f1207ba65e9a5c30cab647b575ba84d0332c740de52bef6922ee19c49e44db615889cbabebbfa52440b31858fac8660d5e97eb4593687f,South Asian English,south_asian,There's no accounting for tastes,THERE IS NO ACCOUNTING FOR TESTS,bc09ba30d3eda0e3a646d2d58da56acf86f3de42a7180f488b355f5027a92e9c
wav2vec2_large_robust,suta,108,stage5ext_00435,ea49524d52bc56b865f1207ba65e9a5c30cab647b575ba84d0332c740de52bef6922ee19c49e44db615889cbabebbfa52440b31858fac8660d5e97eb4593687f,South Asian English,south_asian,"Yours sincerely, Satan.",YOURS SINCERELY SATAN,bc09ba30d3eda0e3a646d2d58da56acf86f3de42a7180f488b355f5027a92e9c
wav2vec2_large_robust,suta,108,stage5ext_00436,6df207be7ccedf5176284312e3017cd9d7ddb990efbd395e8e8d1a4f2aca4eac93a420f82a1b88c2cc4a7728b9bfb612cdbeccdb6bb50e3f1aec155e5603f59f,South Asian English,south_asian,Ogilvy watched till one and then gave up.,OGILBE WATCHED TILL ONE AND THEN GAVE UP,bc09ba30d3eda0e3a646d2d58da56acf86f3de42a7180f488b355f5027a92e9c
wav2vec2_large_robust,suta,109,stage5ext_00437,6df207be7ccedf5176284312e3017cd9d7ddb990efbd395e8e8d1a4f2aca4eac93a420f82a1b88c2cc4a7728b9bfb612cdbeccdb6bb50e3f1aec155e5603f59f,South Asian English,south_asian,The desert didn't answer him for a few moments.,THE DESERT DIDN'T ANSWER HIM FOR A FEW MOMENTS,e9c5d02c821676a4f05e56a437c1c826c4bde17bb88f53b2572280bb4d45bb22
wav2vec2_large_robust,suta,109,stage5ext_00438,6df207be7ccedf5176284312e3017cd9d7ddb990efbd395e8e8d1a4f2aca4eac93a420f82a1b88c2cc4a7728b9bfb612cdbeccdb6bb50e3f1aec155e5603f59f,South Asian English,south_asian,Once again he was experiencing the language without words...,ONCE AGAIN HE WAS EXPERIENCING THE LANGUAGE WITHOUT WORDS,e9c5d02c821676a4f05e56a437c1c826c4bde17bb88f53b2572280bb4d45bb22
wav2vec2_large_robust,suta,109,stage5ext_00439,6df207be7ccedf5176284312e3017cd9d7ddb990efbd395e8e8d1a4f2aca4eac93a420f82a1b88c2cc4a7728b9bfb612cdbeccdb6bb50e3f1aec155e5603f59f,South Asian English,south_asian,"The sheep will get used to my not being there, too, the boy thought.",THE SHEEP WILL GET USED TO MY NOT BEING THERE TOO THE BOY THOUGHT,e9c5d02c821676a4f05e56a437c1c826c4bde17bb88f53b2572280bb4d45bb22
wav2vec2_large_robust,suta,109,stage5ext_00440,6df207be7ccedf5176284312e3017cd9d7ddb990efbd395e8e8d1a4f2aca4eac93a420f82a1b88c2cc4a7728b9bfb612cdbeccdb6bb50e3f1aec155e5603f59f,South Asian English,south_asian,Everything you need to know you have learned through your journey.,EVERYTHING YOU NEED TO KNOW YOU HAVE LEARNED THROUGH YOUR JOURNEY,e9c5d02c821676a4f05e56a437c1c826c4bde17bb88f53b2572280bb4d45bb22
wav2vec2_large_robust,suta,110,stage5ext_00441,6df207be7ccedf5176284312e3017cd9d7ddb990efbd395e8e8d1a4f2aca4eac93a420f82a1b88c2cc4a7728b9bfb612cdbeccdb6bb50e3f1aec155e5603f59f,South Asian English,south_asian,"You and I aren't like Hassan, that rich merchant.",YOU AND I AREN'T LIKE HUSSON THAT RICH MERCHANT,fc49965a26478027de555e2c7ab31e76395079ea536319e509e564a26ec77e0b
wav2vec2_large_robust,suta,110,stage5ext_00442,6df207be7ccedf5176284312e3017cd9d7ddb990efbd395e8e8d1a4f2aca4eac93a420f82a1b88c2cc4a7728b9bfb612cdbeccdb6bb50e3f1aec155e5603f59f,South Asian English,south_asian,But they really don't know what they're saying.,BUT THEY REALLY DON'T KNOW WHAT THEY'RE SAYING,fc49965a26478027de555e2c7ab31e76395079ea536319e509e564a26ec77e0b
wav2vec2_large_robust,suta,110,stage5ext_00443,6df207be7ccedf5176284312e3017cd9d7ddb990efbd395e8e8d1a4f2aca4eac93a420f82a1b88c2cc4a7728b9bfb612cdbeccdb6bb50e3f1aec155e5603f59f,South Asian English,south_asian,The boy remembered an old proverb from his country.,THE BOY REMEMBERED A NEWOL PROVERB FROM HIS COUNTRY,fc49965a26478027de555e2c7ab31e76395079ea536319e509e564a26ec77e0b
wav2vec2_large_robust,suta,110,stage5ext_00444,6df207be7ccedf5176284312e3017cd9d7ddb990efbd395e8e8d1a4f2aca4eac93a420f82a1b88c2cc4a7728b9bfb612cdbeccdb6bb50e3f1aec155e5603f59f,South Asian English,south_asian,Henderson stood up with a spade in his hand.,HENDERSON STOOD UP WITH A SPADE IN HIS HAND,fc49965a26478027de555e2c7ab31e76395079ea536319e509e564a26ec77e0b
wav2vec2_large_robust,suta,111,stage5ext_00445,6df207be7ccedf5176284312e3017cd9d7ddb990efbd395e8e8d1a4f2aca4eac93a420f82a1b88c2cc4a7728b9bfb612cdbeccdb6bb50e3f1aec155e5603f59f,South Asian English,south_asian,"The alchemists spent years in their laboratories, observing the fire that purified the metals.",THE ALCHEMISTS SPENT YEARS IN THEIR LABORATORIES OBSERVING THE FIRE THAT PURIFIED THE METALS,9872a62539175899998418ff1efd2deff59d03bb83a47c7cd829f44a0dbd0e4b
wav2vec2_large_robust,suta,111,stage5ext_00446,6df207be7ccedf5176284312e3017cd9d7ddb990efbd395e8e8d1a4f2aca4eac93a420f82a1b88c2cc4a7728b9bfb612cdbeccdb6bb50e3f1aec155e5603f59f,South Asian English,south_asian,His eyes filled with tears as he spoke of the Prophet.,HIS EYES FILLED WITH TEARS AS HE SPOKE OF THE PROPHET,9872a62539175899998418ff1efd2deff59d03bb83a47c7cd829f44a0dbd0e4b
wav2vec2_large_robust,suta,111,stage5ext_00447,6df207be7ccedf5176284312e3017cd9d7ddb990efbd395e8e8d1a4f2aca4eac93a420f82a1b88c2cc4a7728b9bfb612cdbeccdb6bb50e3f1aec155e5603f59f,South Asian English,south_asian,"Maybe the alchemist has never been in love, the boy thought.",MAYBE THE ALCHEMIST HAS NEVER BEEN IN LOVE THE BOY THOUGHT,9872a62539175899998418ff1efd2deff59d03bb83a47c7cd829f44a0dbd0e4b
wav2vec2_large_robust,suta,111,stage5ext_00448,6df207be7ccedf5176284312e3017cd9d7ddb990efbd395e8e8d1a4f2aca4eac93a420f82a1b88c2cc4a7728b9bfb612cdbeccdb6bb50e3f1aec155e5603f59f,South Asian English,south_asian,"He dressed in his Arabian clothing of white linen, bought especially for this day.",HE DRESSED IN HIS ARABIAN CLOTHING OF WHITE LINEN BOUGHT ESPECIALLY FOR THISDAY,9872a62539175899998418ff1efd2deff59d03bb83a47c7cd829f44a0dbd0e4b
wav2vec2_large_robust,suta,112,stage5ext_00449,6df207be7ccedf5176284312e3017cd9d7ddb990efbd395e8e8d1a4f2aca4eac93a420f82a1b88c2cc4a7728b9bfb612cdbeccdb6bb50e3f1aec155e5603f59f,South Asian English,south_asian,I don't want anything for myself.,I DON'T WANT ANY PEOPLE MISED,c890736673bfd6d37dffa356648f8b306b344d6388f8e12e1e679cb60ab2bf3c
wav2vec2_large_robust,suta,112,stage5ext_00450,6df207be7ccedf5176284312e3017cd9d7ddb990efbd395e8e8d1a4f2aca4eac93a420f82a1b88c2cc4a7728b9bfb612cdbeccdb6bb50e3f1aec155e5603f59f,South Asian English,south_asian,"An hour later, he had before him a chest of Spanish gold coins.",AN HOUR LATER HE HAD BEFORE HIM A CHEST OF SPANISH GOD COINS,c890736673bfd6d37dffa356648f8b306b344d6388f8e12e1e679cb60ab2bf3c
wav2vec2_large_robust,suta,112,stage5ext_00451,0e60a578941d41849394691c611be044c19753d68b3dc6ca38dd1526016c9536219350c8aa1d6c0b974bc68c24592c39030a094ed6223399ab873f93e6a457a2,Australian English,australia,He surveyed the land near Fairbanks and started the Fairbanks Experiment Farm.,HE SURVEYED THE LAND NEAR FARBANKS AND STARTED THE FARBANKS EXPERIMENT FARM,c890736673bfd6d37dffa356648f8b306b344d6388f8e12e1e679cb60ab2bf3c
wav2vec2_large_robust,suta,112,stage5ext_00452,0e60a578941d41849394691c611be044c19753d68b3dc6ca38dd1526016c9536219350c8aa1d6c0b974bc68c24592c39030a094ed6223399ab873f93e6a457a2,Australian English,australia,"These sites are equipped with firewood, pit privies, picnic tables and food storage containers.",THESE SITS ARE EQUIPPED WITH FIREWOOD PICK PRIVIES PICNIC TABLES AND FOOD STORAGE CONTAINERS,c890736673bfd6d37dffa356648f8b306b344d6388f8e12e1e679cb60ab2bf3c
wav2vec2_large_robust,suta,113,stage5ext_00453,0e60a578941d41849394691c611be044c19753d68b3dc6ca38dd1526016c9536219350c8aa1d6c0b974bc68c24592c39030a094ed6223399ab873f93e6a457a2,Australian English,australia,He was second billed at the Earls Court Music festival with Jay-Z.,HE WAS SECOND BUILD AT THE EARLCOURT MUSIC FESTIVAL WITH J Z,6479bf4e7a64baf7eba222fbd27fa35e3d7e56e53aaab48c558f8e8889a430ff
wav2vec2_large_robust,suta,113,stage5ext_00454,0e60a578941d41849394691c611be044c19753d68b3dc6ca38dd1526016c9536219350c8aa1d6c0b974bc68c24592c39030a094ed6223399ab873f93e6a457a2,Australian English,australia,"As a result, most of the buildings are older, and are often walk-up apartments.",AS A RESULT MOST OF THE BUILDINGS ARE OLDER AND ARE OFTEN WALK UP APARTMENTS,6479bf4e7a64baf7eba222fbd27fa35e3d7e56e53aaab48c558f8e8889a430ff
wav2vec2_large_robust,suta,113,stage5ext_00455,0e60a578941d41849394691c611be044c19753d68b3dc6ca38dd1526016c9536219350c8aa1d6c0b974bc68c24592c39030a094ed6223399ab873f93e6a457a2,Australian English,australia,"His credits include episodes of ""The Twilight Zone"" and ""The Alfred Hitchcock Hour"".",HIS CREDITS INCLUDE EPISODES OF THE TWILIGHT ZONE AND THE ALFRED HITCHCOCK HOUR,6479bf4e7a64baf7eba222fbd27fa35e3d7e56e53aaab48c558f8e8889a430ff
wav2vec2_large_robust,suta,113,stage5ext_00456,0e60a578941d41849394691c611be044c19753d68b3dc6ca38dd1526016c9536219350c8aa1d6c0b974bc68c24592c39030a094ed6223399ab873f93e6a457a2,Australian English,australia,The party aligned itself with the Comintern.,THE PARTY ALINED ITSELF WITH THE COMMENTUN,6479bf4e7a64baf7eba222fbd27fa35e3d7e56e53aaab48c558f8e8889a430ff
wav2vec2_large_robust,suta,114,stage5ext_00457,0e60a578941d41849394691c611be044c19753d68b3dc6ca38dd1526016c9536219350c8aa1d6c0b974bc68c24592c39030a094ed6223399ab873f93e6a457a2,Australian English,australia,"On one occasion, Suetonius writes, Vespasian was pelted with turnips.",ON ONE OCCASION CUTONIUS WRITES VESPASIUM WAS PELTED WITH TURNIPS,fc258d3340ef27617e285a7afefc9e32c5c91358b713f0449d87d5f8f6090dc3
wav2vec2_large_robust,suta,114,stage5ext_00458,0e60a578941d41849394691c611be044c19753d68b3dc6ca38dd1526016c9536219350c8aa1d6c0b974bc68c24592c39030a094ed6223399ab873f93e6a457a2,Australian English,australia,"She felt that modern society had ""blunted"" children.",SHE FELT THAT MODERN SOCIETY HAD BLUNTED CHILDREN,fc258d3340ef27617e285a7afefc9e32c5c91358b713f0449d87d5f8f6090dc3
wav2vec2_large_robust,suta,114,stage5ext_00459,0e60a578941d41849394691c611be044c19753d68b3dc6ca38dd1526016c9536219350c8aa1d6c0b974bc68c24592c39030a094ed6223399ab873f93e6a457a2,Australian English,australia,Those in Thailand live close to the Hmong and northern Thai.,THOSE IN TYLAND LIVE CLOSE TO THE MONG AND NORTHERN TI,fc258d3340ef27617e285a7afefc9e32c5c91358b713f0449d87d5f8f6090dc3
wav2vec2_large_robust,suta,114,stage5ext_00460,0e60a578941d41849394691c611be044c19753d68b3dc6ca38dd1526016c9536219350c8aa1d6c0b974bc68c24592c39030a094ed6223399ab873f93e6a457a2,Australian English,australia,His competitive debut followed a few days later.,HIS COMPETITIVE DEBEU FOLLOWED A FEW DAYS LATER,fc258d3340ef27617e285a7afefc9e32c5c91358b713f0449d87d5f8f6090dc3
wav2vec2_large_robust,suta,115,stage5ext_00461,0e60a578941d41849394691c611be044c19753d68b3dc6ca38dd1526016c9536219350c8aa1d6c0b974bc68c24592c39030a094ed6223399ab873f93e6a457a2,Australian English,australia,It is headquartered in Dubna in the Moscow Oblast.,IT IS HEADQUARTERED IN DUBNAR IN THE MOSCOW OBLAST,646a9089f5c78029ff473c694900aef6333a5c846fea66738f2bab93f1f545d4
wav2vec2_large_robust,suta,115,stage5ext_00462,0e60a578941d41849394691c611be044c19753d68b3dc6ca38dd1526016c9536219350c8aa1d6c0b974bc68c24592c39030a094ed6223399ab873f93e6a457a2,Australian English,australia,Upon surrender the tribe was expelled.,UPON SURRENDER THE TRIBE WAS EXPELLED,646a9089f5c78029ff473c694900aef6333a5c846fea66738f2bab93f1f545d4
wav2vec2_large_robust,suta,115,stage5ext_00463,0e60a578941d41849394691c611be044c19753d68b3dc6ca38dd1526016c9536219350c8aa1d6c0b974bc68c24592c39030a094ed6223399ab873f93e6a457a2,Australian English,australia,His skills in what we now characterize as guerrilla warfare were justly famous.,HIS SKILLS IN WHAT WE NOW CHARACTERIZE AS GARILLA WARFARE WERE JUSTLY FAMOUS,646a9089f5c78029ff473c694900aef6333a5c846fea66738f2bab93f1f545d4
wav2vec2_large_robust,suta,115,stage5ext_00464,0e60a578941d41849394691c611be044c19753d68b3dc6ca38dd1526016c9536219350c8aa1d6c0b974bc68c24592c39030a094ed6223399ab873f93e6a457a2,Australian English,australia,Donald C. Owens.,DONALD C OWENS,646a9089f5c78029ff473c694900aef6333a5c846fea66738f2bab93f1f545d4
wav2vec2_large_robust,suta,116,stage5ext_00465,0e60a578941d41849394691c611be044c19753d68b3dc6ca38dd1526016c9536219350c8aa1d6c0b974bc68c24592c39030a094ed6223399ab873f93e6a457a2,Australian English,australia,Most of operating surplus will normally consist of gross profit income.,MOST OF OPERATING SURPLUS WILL NORMALLY CONSIST OF GROSS PROFIT INCOME,2c42ce6564be608e51a1c66145a7afc4436c32cf4183061c7b486997b97ed585
wav2vec2_large_robust,suta,116,stage5ext_00466,6a6b32832defa516dce6922d2300294d6e7f670b8f867ed3f8f7e291df5150f55cde5ad06e44e4d126e3687b818fe5f23e70a1cd189217bc55d1f9f21ced88e0,Australian English,australia,"These delineations, however, are not definitive.",THESE DELINEATIONS HOWEVER ARE NOT DEFINITIVE,2c42ce6564be608e51a1c66145a7afc4436c32cf4183061c7b486997b97ed585
wav2vec2_large_robust,suta,116,stage5ext_00467,6a6b32832defa516dce6922d2300294d6e7f670b8f867ed3f8f7e291df5150f55cde5ad06e44e4d126e3687b818fe5f23e70a1cd189217bc55d1f9f21ced88e0,Australian English,australia,"When he returned to Canada the following year, he had gained few supplies.",WHEN HE RETURNED TO CANADA THE FOLLOWING YEAR HE HAD GAINED FEW SUPPLIES,2c42ce6564be608e51a1c66145a7afc4436c32cf4183061c7b486997b97ed585
wav2vec2_large_robust,suta,116,stage5ext_00468,6a6b32832defa516dce6922d2300294d6e7f670b8f867ed3f8f7e291df5150f55cde5ad06e44e4d126e3687b818fe5f23e70a1cd189217bc55d1f9f21ced88e0,Australian English,australia,Eos published the third edition of Nobilis and a supplement.,EOS PUBLISHED THE THIRD EDITION OF NOBELUS AND A SUPPLEMENT,2c42ce6564be608e51a1c66145a7afc4436c32cf4183061c7b486997b97ed585
wav2vec2_large_robust,suta,117,stage5ext_00469,6a6b32832defa516dce6922d2300294d6e7f670b8f867ed3f8f7e291df5150f55cde5ad06e44e4d126e3687b818fe5f23e70a1cd189217bc55d1f9f21ced88e0,Australian English,australia,This prevents damage to the optics in the amplifier.,THIS PREVENTS DAMAGE TO THE OPTICS IN THE AMPLIFIR,6c7d79ebc2520d39049f7f285d97835a328882e0a4dba92ba318adddf42e5c52
wav2vec2_large_robust,suta,117,stage5ext_00470,6a6b32832defa516dce6922d2300294d6e7f670b8f867ed3f8f7e291df5150f55cde5ad06e44e4d126e3687b818fe5f23e70a1cd189217bc55d1f9f21ced88e0,Australian English,australia,"Prince's Park also influenced its near neighbour, Sefton Park.",PRINCE'S PARK ALSO INFLUENCED ITS NEAR NEIGHBOR SEFTON PARK,6c7d79ebc2520d39049f7f285d97835a328882e0a4dba92ba318adddf42e5c52
wav2vec2_large_robust,suta,117,stage5ext_00471,6a6b32832defa516dce6922d2300294d6e7f670b8f867ed3f8f7e291df5150f55cde5ad06e44e4d126e3687b818fe5f23e70a1cd189217bc55d1f9f21ced88e0,Australian English,australia,The location is a primary advantage of the faculty.,THE LOCATION IS A PRIMARY ADVANTAGE OF THE FACULTY,6c7d79ebc2520d39049f7f285d97835a328882e0a4dba92ba318adddf42e5c52
wav2vec2_large_robust,suta,117,stage5ext_00472,6a6b32832defa516dce6922d2300294d6e7f670b8f867ed3f8f7e291df5150f55cde5ad06e44e4d126e3687b818fe5f23e70a1cd189217bc55d1f9f21ced88e0,Australian English,australia,The caps are placed behind the casing.,THE CAPS ARE PLACED BEHIND THE CASING,6c7d79ebc2520d39049f7f285d97835a328882e0a4dba92ba318adddf42e5c52
wav2vec2_large_robust,suta,118,stage5ext_00473,6a6b32832defa516dce6922d2300294d6e7f670b8f867ed3f8f7e291df5150f55cde5ad06e44e4d126e3687b818fe5f23e70a1cd189217bc55d1f9f21ced88e0,Australian English,australia,It falls within the old copper quarter of Landore electoral ward.,IT FALLS WITHIN THE OLD COPPER QUARTER OF LANDOR ELECTROWAD,6fa8ed4e535e5998ceee541405890dd87c001754bfa07897b245c3eedb4b3390
wav2vec2_large_robust,suta,118,stage5ext_00474,6a6b32832defa516dce6922d2300294d6e7f670b8f867ed3f8f7e291df5150f55cde5ad06e44e4d126e3687b818fe5f23e70a1cd189217bc55d1f9f21ced88e0,Australian English,australia,It was merged into the existing Billund municipality.,IT WAS MERGED INTO THE EXISTING BILLAND MUNICIPALITY,6fa8ed4e535e5998ceee541405890dd87c001754bfa07897b245c3eedb4b3390
wav2vec2_large_robust,suta,118,stage5ext_00475,6a6b32832defa516dce6922d2300294d6e7f670b8f867ed3f8f7e291df5150f55cde5ad06e44e4d126e3687b818fe5f23e70a1cd189217bc55d1f9f21ced88e0,Australian English,australia,"Rossi is married, with four children, and lives in Sammamish, Washington.",ROSSIE IS MARRIED WITH FOUR CHILDREN AND LIVES IN SAMAMISH WASHINGTON,6fa8ed4e535e5998ceee541405890dd87c001754bfa07897b245c3eedb4b3390
wav2vec2_large_robust,suta,118,stage5ext_00476,6a6b32832defa516dce6922d2300294d6e7f670b8f867ed3f8f7e291df5150f55cde5ad06e44e4d126e3687b818fe5f23e70a1cd189217bc55d1f9f21ced88e0,Australian English,australia,It is a peaceful place nestled in greenery.,IT IS A PEACEFUL PLACE NESTLED IN GREENERY,6fa8ed4e535e5998ceee541405890dd87c001754bfa07897b245c3eedb4b3390
wav2vec2_large_robust,suta,119,stage5ext_00477,6a6b32832defa516dce6922d2300294d6e7f670b8f867ed3f8f7e291df5150f55cde5ad06e44e4d126e3687b818fe5f23e70a1cd189217bc55d1f9f21ced88e0,Australian English,australia,During the fighting the Saint-Quentin collegiate church was badly damaged by fire.,DURING THE FIGHTING THE SAINT QUINTON COLLEGIT CHURCH WAS BADLY DAMAGED BY FIRE,d337ab75e61d420220590853ca763a7b4c8f10156f5406253068138299062a7c
wav2vec2_large_robust,suta,119,stage5ext_00478,6a6b32832defa516dce6922d2300294d6e7f670b8f867ed3f8f7e291df5150f55cde5ad06e44e4d126e3687b818fe5f23e70a1cd189217bc55d1f9f21ced88e0,Australian English,australia,Further salvage effort was abandoned.,FURTHER SALVAGE EFFORT WAS ABANDONED,d337ab75e61d420220590853ca763a7b4c8f10156f5406253068138299062a7c
wav2vec2_large_robust,suta,119,stage5ext_00479,6a6b32832defa516dce6922d2300294d6e7f670b8f867ed3f8f7e291df5150f55cde5ad06e44e4d126e3687b818fe5f23e70a1cd189217bc55d1f9f21ced88e0,Australian English,australia,Its lean flesh makes for a unique flavor that differs from species to species.,ITS LEAN FLESH MAKES FOR A UNIQUE FLAVOR THAT DIFFERS FROM SPECIES TO SPECIES,d337ab75e61d420220590853ca763a7b4c8f10156f5406253068138299062a7c
wav2vec2_large_robust,suta,119,stage5ext_00480,6a6b32832defa516dce6922d2300294d6e7f670b8f867ed3f8f7e291df5150f55cde5ad06e44e4d126e3687b818fe5f23e70a1cd189217bc55d1f9f21ced88e0,Australian English,australia,"Multiplexers, decoders, state machines, and other sophisticated digital devices may use inverters.",MULTIPLEXES DECODAS STATE MACHINES AND OTHER SOPHISTICATED DIGITAL DEVICES MAY USE INVERTORS,d337ab75e61d420220590853ca763a7b4c8f10156f5406253068138299062a7c
wav2vec2_large_robust,suta,120,stage5ext_00481,80e5fdd0808bbda9d695c743b5046c81739538d8398f2686fe4b36ca71f055a7cc8e5445f4ac8e41bbbe09c9f01ad6e6bf9e083ec42a8d15655c1b76825dce57,Australian English,australia,"The regiment is introduced as Britain's first ""Kamikaze Regiment"".",THE REGIMENT IS INTRODUCED AS BRITON'S FIRST COMACAZI REGIMENT,d80abd27fe8b128230a6cbf3d354547d6c800f53d865865df3f452108d78f2b3
wav2vec2_large_robust,suta,120,stage5ext_00482,80e5fdd0808bbda9d695c743b5046c81739538d8398f2686fe4b36ca71f055a7cc8e5445f4ac8e41bbbe09c9f01ad6e6bf9e083ec42a8d15655c1b76825dce57,Australian English,australia,"“Yet you always make me like it,” he said.",YET YOU ALWAYS MAKE ME LIKE IT HE SAID,d80abd27fe8b128230a6cbf3d354547d6c800f53d865865df3f452108d78f2b3
wav2vec2_large_robust,suta,120,stage5ext_00483,80e5fdd0808bbda9d695c743b5046c81739538d8398f2686fe4b36ca71f055a7cc8e5445f4ac8e41bbbe09c9f01ad6e6bf9e083ec42a8d15655c1b76825dce57,Australian English,australia,The parties were ordered to electronically submit briefs to make their case.,THE PARTIES WERE ORDERED TO ELECTRONICALLY SUMIT BRIEFS TO MAKE THEIR CASE,d80abd27fe8b128230a6cbf3d354547d6c800f53d865865df3f452108d78f2b3
wav2vec2_large_robust,suta,120,stage5ext_00484,80e5fdd0808bbda9d695c743b5046c81739538d8398f2686fe4b36ca71f055a7cc8e5445f4ac8e41bbbe09c9f01ad6e6bf9e083ec42a8d15655c1b76825dce57,Australian English,australia,Conceptual discussions also revolve around a precise definition of action in philosophy.,CONCEPTUAL DISCUSSIONS ALSO REVOLVE AROUND A PRECISE DEFINITION OF ACTION IN PHILOSOPHY,d80abd27fe8b128230a6cbf3d354547d6c800f53d865865df3f452108d78f2b3
wav2vec2_large_robust,suta,121,stage5ext_00485,80e5fdd0808bbda9d695c743b5046c81739538d8398f2686fe4b36ca71f055a7cc8e5445f4ac8e41bbbe09c9f01ad6e6bf9e083ec42a8d15655c1b76825dce57,Australian English,australia,John Wyndham's many short stories also appear with later variant titles or pen names.,JOHN WINEHAM'S MANY SHORT STORIES ALSO APPEAR WITH LATER VARIENT TITLES OR PENNAMES,05492fdf48098b011c62e8a8374b6c369e064d74593a08ffe17ef977fe4e341c
wav2vec2_large_robust,suta,121,stage5ext_00486,80e5fdd0808bbda9d695c743b5046c81739538d8398f2686fe4b36ca71f055a7cc8e5445f4ac8e41bbbe09c9f01ad6e6bf9e083ec42a8d15655c1b76825dce57,Australian English,australia,"I had an apartment; Jim was, like, ""He's the Boss"".",I HAD AN APARTMENT JIM WAS LIKE HE'S A BOSS,05492fdf48098b011c62e8a8374b6c369e064d74593a08ffe17ef977fe4e341c
wav2vec2_large_robust,suta,121,stage5ext_00487,80e5fdd0808bbda9d695c743b5046c81739538d8398f2686fe4b36ca71f055a7cc8e5445f4ac8e41bbbe09c9f01ad6e6bf9e083ec42a8d15655c1b76825dce57,Australian English,australia,"The show theme music is a customised version of Barry Manilow's ""Copacabana"".",THE SHOWTHEME MUSIC IS A CUSTOMISE VERSION OF BARRY MANLOWS COOPERCABANA,05492fdf48098b011c62e8a8374b6c369e064d74593a08ffe17ef977fe4e341c
wav2vec2_large_robust,suta,121,stage5ext_00488,80e5fdd0808bbda9d695c743b5046c81739538d8398f2686fe4b36ca71f055a7cc8e5445f4ac8e41bbbe09c9f01ad6e6bf9e083ec42a8d15655c1b76825dce57,Australian English,australia,Especially noteworthy were the early and late paintings.,ESPECIALLY NOTEWORTHY WERE THE EARLIR AND LATE PAINTINGS,05492fdf48098b011c62e8a8374b6c369e064d74593a08ffe17ef977fe4e341c
wav2vec2_large_robust,suta,122,stage5ext_00489,80e5fdd0808bbda9d695c743b5046c81739538d8398f2686fe4b36ca71f055a7cc8e5445f4ac8e41bbbe09c9f01ad6e6bf9e083ec42a8d15655c1b76825dce57,Australian English,australia,"Gavin Smith would later join the team, making it a three-car Vauxhall effort.",GAVEN SMITH WOULD LATER JOIN THE TEAM MAKING IT A THREE CARVE OXEL EFFORT,89064ef18b433ff0d4f6c5ed17bc7285736f253cc353f2469108a544602e84d7
wav2vec2_large_robust,suta,122,stage5ext_00490,80e5fdd0808bbda9d695c743b5046c81739538d8398f2686fe4b36ca71f055a7cc8e5445f4ac8e41bbbe09c9f01ad6e6bf9e083ec42a8d15655c1b76825dce57,Australian English,australia,"His siblings included Key Pittman, a longtime United States Senator from Nevada.",HIS SIPLINGS INCLUDE D KY PITMAN A LONGTIME UNITED STATES SENATOR FROM NEVADA,89064ef18b433ff0d4f6c5ed17bc7285736f253cc353f2469108a544602e84d7
wav2vec2_large_robust,suta,122,stage5ext_00491,80e5fdd0808bbda9d695c743b5046c81739538d8398f2686fe4b36ca71f055a7cc8e5445f4ac8e41bbbe09c9f01ad6e6bf9e083ec42a8d15655c1b76825dce57,Australian English,australia,"The ""Dragon Empire"" is an empire ruled by the ten houses of dragons.",THE DRAGON EMPIRE IS AN EMPIRE RULED BY THE TEN HOUSES OF DRAGONS,89064ef18b433ff0d4f6c5ed17bc7285736f253cc353f2469108a544602e84d7
wav2vec2_large_robust,suta,122,stage5ext_00492,80e5fdd0808bbda9d695c743b5046c81739538d8398f2686fe4b36ca71f055a7cc8e5445f4ac8e41bbbe09c9f01ad6e6bf9e083ec42a8d15655c1b76825dce57,Australian English,australia,Gounki is played on an eight-by-eight square.,GURNKY IS PLAYED ON EIGHT BY EIGHT SQUARE,89064ef18b433ff0d4f6c5ed17bc7285736f253cc353f2469108a544602e84d7
wav2vec2_large_robust,suta,123,stage5ext_00493,80e5fdd0808bbda9d695c743b5046c81739538d8398f2686fe4b36ca71f055a7cc8e5445f4ac8e41bbbe09c9f01ad6e6bf9e083ec42a8d15655c1b76825dce57,Australian English,australia,He founded a series of hospitals in Constantinople to care for the poor.,HE FOUNDED A SERIES OF HOSPITALS IN CONSTANTINOPLE TO CARE FOR THE POOR,d1d083852a6b07eeee455d0fe43bb085b4836061769d8a48f8dd11fdca55a29d
wav2vec2_large_robust,suta,123,stage5ext_00494,80e5fdd0808bbda9d695c743b5046c81739538d8398f2686fe4b36ca71f055a7cc8e5445f4ac8e41bbbe09c9f01ad6e6bf9e083ec42a8d15655c1b76825dce57,Australian English,australia,His guitar compositions are being recorded and performed by an ever-increasing number of guitarists.,HIS GATAR COMPOSITIONS ARE BEING RECORDED AND PERFORMED BY AN EVER INCREASING NUMBER OF GATARIS,d1d083852a6b07eeee455d0fe43bb085b4836061769d8a48f8dd11fdca55a29d
wav2vec2_large_robust,suta,123,stage5ext_00495,80e5fdd0808bbda9d695c743b5046c81739538d8398f2686fe4b36ca71f055a7cc8e5445f4ac8e41bbbe09c9f01ad6e6bf9e083ec42a8d15655c1b76825dce57,Australian English,australia,He taught at Stockport Grammar School.,HE TAUGHT AT STOCKPORT GRAMMAR SCHOOL,d1d083852a6b07eeee455d0fe43bb085b4836061769d8a48f8dd11fdca55a29d
wav2vec2_large_robust,suta,123,stage5ext_00496,1a03eae3701811654fd562b997c8a474b9db15da01b2c3dbe82487ef0476080aff1930c0b286ebae981fe42447c3f5ef27480999934b5bbbb8e1410266aca125,Australian English,australia,"But, if you can, try to make your own decisions.",BUT IF YOU CAN TRY TO MAKE YOUR OWN DECISIONS,d1d083852a6b07eeee455d0fe43bb085b4836061769d8a48f8dd11fdca55a29d
wav2vec2_large_robust,suta,124,stage5ext_00497,1a03eae3701811654fd562b997c8a474b9db15da01b2c3dbe82487ef0476080aff1930c0b286ebae981fe42447c3f5ef27480999934b5bbbb8e1410266aca125,Australian English,australia,There was no way to measure anything of that length.,THERE WAS NO WAY TO MEASURE ANYTHING OF THAT LENGTH,99ae0f211234fcf83eff26a11e6db2e4e3f5fd5a3255aa5ac6d43f9d87f10f56
wav2vec2_large_robust,suta,124,stage5ext_00498,1a03eae3701811654fd562b997c8a474b9db15da01b2c3dbe82487ef0476080aff1930c0b286ebae981fe42447c3f5ef27480999934b5bbbb8e1410266aca125,Australian English,australia,"Today, tourism is one of the major economic factors inside the city.",TODAY TURISM IS ONE OF THE MAJOR ECONOMIC FACTORS INSIDE THE CITY,99ae0f211234fcf83eff26a11e6db2e4e3f5fd5a3255aa5ac6d43f9d87f10f56
wav2vec2_large_robust,suta,124,stage5ext_00499,1a03eae3701811654fd562b997c8a474b9db15da01b2c3dbe82487ef0476080aff1930c0b286ebae981fe42447c3f5ef27480999934b5bbbb8e1410266aca125,Australian English,australia,"Last week, I went hiking in the mountains.",LAST WEEK I WENT HIKING IN THE MOUNTAINS,99ae0f211234fcf83eff26a11e6db2e4e3f5fd5a3255aa5ac6d43f9d87f10f56
wav2vec2_large_robust,suta,124,stage5ext_00500,1a03eae3701811654fd562b997c8a474b9db15da01b2c3dbe82487ef0476080aff1930c0b286ebae981fe42447c3f5ef27480999934b5bbbb8e1410266aca125,Australian English,australia,The boy tried to read what was written in the sand.,THE BOY TRIED TO READ WHAT WAS WRITTEN IN THE SAND,99ae0f211234fcf83eff26a11e6db2e4e3f5fd5a3255aa5ac6d43f9d87f10f56
wav2vec2_large_robust,suta,125,stage5ext_00501,1a03eae3701811654fd562b997c8a474b9db15da01b2c3dbe82487ef0476080aff1930c0b286ebae981fe42447c3f5ef27480999934b5bbbb8e1410266aca125,Australian English,australia,Don't hurt my sore arm again.,DON'T HURT MY SORE ARM AGAIN,5835d401f4a9051078b2216f4639fe2aa3d3fe09e39c919c8f4bd42ffb114bea
wav2vec2_large_robust,suta,125,stage5ext_00502,1a03eae3701811654fd562b997c8a474b9db15da01b2c3dbe82487ef0476080aff1930c0b286ebae981fe42447c3f5ef27480999934b5bbbb8e1410266aca125,Australian English,australia,The fluid sprayed across the foyer.,THE FLUID SPRAD ACROSS THE FOYA,5835d401f4a9051078b2216f4639fe2aa3d3fe09e39c919c8f4bd42ffb114bea
wav2vec2_large_robust,suta,125,stage5ext_00503,1a03eae3701811654fd562b997c8a474b9db15da01b2c3dbe82487ef0476080aff1930c0b286ebae981fe42447c3f5ef27480999934b5bbbb8e1410266aca125,Australian English,australia,Thanks for dropping around.,THANKS FOR DROPPING AROUND,5835d401f4a9051078b2216f4639fe2aa3d3fe09e39c919c8f4bd42ffb114bea
wav2vec2_large_robust,suta,125,stage5ext_00504,1a03eae3701811654fd562b997c8a474b9db15da01b2c3dbe82487ef0476080aff1930c0b286ebae981fe42447c3f5ef27480999934b5bbbb8e1410266aca125,Australian English,australia,The frog had no chance to escape.,THE FROG HAD NO CHANCE TO ESCAPE,5835d401f4a9051078b2216f4639fe2aa3d3fe09e39c919c8f4bd42ffb114bea
wav2vec2_large_robust,suta,126,stage5ext_00505,1a03eae3701811654fd562b997c8a474b9db15da01b2c3dbe82487ef0476080aff1930c0b286ebae981fe42447c3f5ef27480999934b5bbbb8e1410266aca125,Australian English,australia,She likes you well enough to stick around.,SHE LOKS YOU WELL ENOUGH TO STICK AROUND,e7ceb927b8e4f632afb6562ef737b72e3e5e618b7f5045d27526f6e2e3791ed2
wav2vec2_large_robust,suta,126,stage5ext_00506,1a03eae3701811654fd562b997c8a474b9db15da01b2c3dbe82487ef0476080aff1930c0b286ebae981fe42447c3f5ef27480999934b5bbbb8e1410266aca125,Australian English,australia,The shower curtain is beige and white.,THE SHOWER CURTAIN IS BAGAN WHITE,e7ceb927b8e4f632afb6562ef737b72e3e5e618b7f5045d27526f6e2e3791ed2
wav2vec2_large_robust,suta,126,stage5ext_00507,1a03eae3701811654fd562b997c8a474b9db15da01b2c3dbe82487ef0476080aff1930c0b286ebae981fe42447c3f5ef27480999934b5bbbb8e1410266aca125,Australian English,australia,"Everyone, when they are young, knows what their destiny is.",EVERYONE WHEN THEY ARE YOUNG KNOWS WHAT THEIR DESTINY IS,e7ceb927b8e4f632afb6562ef737b72e3e5e618b7f5045d27526f6e2e3791ed2
wav2vec2_large_robust,suta,126,stage5ext_00508,1a03eae3701811654fd562b997c8a474b9db15da01b2c3dbe82487ef0476080aff1930c0b286ebae981fe42447c3f5ef27480999934b5bbbb8e1410266aca125,Australian English,australia,He didn't consider mending the hole — the stones could fall through any time they wanted.,HE DIDN'T CONSIDER MENDING THE HOLE THE STONES COULD FALL THROUGH ANY TIME THEY WANTED,e7ceb927b8e4f632afb6562ef737b72e3e5e618b7f5045d27526f6e2e3791ed2
wav2vec2_large_robust,suta,127,stage5ext_00509,1a03eae3701811654fd562b997c8a474b9db15da01b2c3dbe82487ef0476080aff1930c0b286ebae981fe42447c3f5ef27480999934b5bbbb8e1410266aca125,Australian English,australia,Add shweta mohan to my laundry playlist,ADD CHUTER MOHAN TO MY LAUNDRY PLAYLIST,42585442e16fd162e6ac48fd8adcfa25054258b84fefbcc322676cfdfd832642
wav2vec2_large_robust,suta,127,stage5ext_00510,1a03eae3701811654fd562b997c8a474b9db15da01b2c3dbe82487ef0476080aff1930c0b286ebae981fe42447c3f5ef27480999934b5bbbb8e1410266aca125,Australian English,australia,I'm still having trouble with baking.,I'M STILL HAVING TROUBLE WITH BAKING,42585442e16fd162e6ac48fd8adcfa25054258b84fefbcc322676cfdfd832642
wav2vec2_large_robust,suta,127,stage5ext_00511,3935c83996bc79d7abc50adc36392f9a2fd97df405c02b2321332068d1f235f816f68c7b84d0c3b80073933b9f6ab6f5b2d06f204e4bacdd8623e31009f1b83c,Australian English,australia,The mantra itself is also called Simran.,THE MANTRA ITSELF IS ALSO CALLED SIMRON,42585442e16fd162e6ac48fd8adcfa25054258b84fefbcc322676cfdfd832642
wav2vec2_large_robust,suta,127,stage5ext_00512,3935c83996bc79d7abc50adc36392f9a2fd97df405c02b2321332068d1f235f816f68c7b84d0c3b80073933b9f6ab6f5b2d06f204e4bacdd8623e31009f1b83c,Australian English,australia,"Throughout college, Edwards moonlighted, playing jazz piano for late night radio and music shows.",THROUGHOUT COLLEGE EDWARDS MOONLIGHTED PLAYING CHES PIANO FOR LATE NIGHT RADIO AND MUSIC SHOWS,42585442e16fd162e6ac48fd8adcfa25054258b84fefbcc322676cfdfd832642
wav2vec2_large_robust,suta,128,stage5ext_00513,3935c83996bc79d7abc50adc36392f9a2fd97df405c02b2321332068d1f235f816f68c7b84d0c3b80073933b9f6ab6f5b2d06f204e4bacdd8623e31009f1b83c,Australian English,australia,Over this period the paper grew and began to cover additional market sectors.,UPE THIS PERIOD THE PIPER GREW AND BEGAN TO COVER ADITIONAL MARKETS SECTORES,7c5623484e456a0da2ddce6f157c56cc9f469ebfb5ca8c550defb5ab631fb406
wav2vec2_large_robust,suta,128,stage5ext_00514,3935c83996bc79d7abc50adc36392f9a2fd97df405c02b2321332068d1f235f816f68c7b84d0c3b80073933b9f6ab6f5b2d06f204e4bacdd8623e31009f1b83c,Australian English,australia,"His long, narrow face was dominated by a big nose.",HIS LONG NARROW FACE WAS DOMINATED BY A BIG NOSE,7c5623484e456a0da2ddce6f157c56cc9f469ebfb5ca8c550defb5ab631fb406
wav2vec2_large_robust,suta,128,stage5ext_00515,3935c83996bc79d7abc50adc36392f9a2fd97df405c02b2321332068d1f235f816f68c7b84d0c3b80073933b9f6ab6f5b2d06f204e4bacdd8623e31009f1b83c,Australian English,australia,"This has most commonly been interpreted as a rendition of ""Now Strike"".",THIS HAS MOST COMMONLY BEEN INTERPRETED AS A RENDITION OF NAL STRIKE,7c5623484e456a0da2ddce6f157c56cc9f469ebfb5ca8c550defb5ab631fb406
wav2vec2_large_robust,suta,128,stage5ext_00516,3935c83996bc79d7abc50adc36392f9a2fd97df405c02b2321332068d1f235f816f68c7b84d0c3b80073933b9f6ab6f5b2d06f204e4bacdd8623e31009f1b83c,Australian English,australia,The capital of the province is Llica.,THE CAPITAL OF THE PROVINCE IS LIKA,7c5623484e456a0da2ddce6f157c56cc9f469ebfb5ca8c550defb5ab631fb406
wav2vec2_large_robust,suta,129,stage5ext_00517,3935c83996bc79d7abc50adc36392f9a2fd97df405c02b2321332068d1f235f816f68c7b84d0c3b80073933b9f6ab6f5b2d06f204e4bacdd8623e31009f1b83c,Australian English,australia,Children from this township attend schools in the Blue Mountain School District.,CHILDREN FROM THIS TOWNSHIP ATTEND SCHOOLS IN THE BLUE MOUNTAIN SCHOOL DISTRICT,6cbc60ed59be9222b3f0cf5ed29cf8cc9a97f1fb4de32bc235065d7d5ec276ef
wav2vec2_large_robust,suta,129,stage5ext_00518,3935c83996bc79d7abc50adc36392f9a2fd97df405c02b2321332068d1f235f816f68c7b84d0c3b80073933b9f6ab6f5b2d06f204e4bacdd8623e31009f1b83c,Australian English,australia,The band's lineup would then remain unchanged through their next two albums.,THE BANDS LINE UP WOULD THEN REMAIN UNCHANGED THROUGH THEIR NEXT TWO ALBUMS,6cbc60ed59be9222b3f0cf5ed29cf8cc9a97f1fb4de32bc235065d7d5ec276ef
wav2vec2_large_robust,suta,129,stage5ext_00519,3935c83996bc79d7abc50adc36392f9a2fd97df405c02b2321332068d1f235f816f68c7b84d0c3b80073933b9f6ab6f5b2d06f204e4bacdd8623e31009f1b83c,Australian English,australia,A user application may render the image into a viewport.,A USURE APPLICATION MAY RENDER THE IMAGE INTO A VIEWPOT,6cbc60ed59be9222b3f0cf5ed29cf8cc9a97f1fb4de32bc235065d7d5ec276ef
wav2vec2_large_robust,suta,129,stage5ext_00520,3935c83996bc79d7abc50adc36392f9a2fd97df405c02b2321332068d1f235f816f68c7b84d0c3b80073933b9f6ab6f5b2d06f204e4bacdd8623e31009f1b83c,Australian English,australia,Jimmy Fortune also sometimes tours with Dailey and Vincent.,JIMMY FORTUNE ALSO SOMETIMES TERS WITH DAILY AND VINCENT,6cbc60ed59be9222b3f0cf5ed29cf8cc9a97f1fb4de32bc235065d7d5ec276ef
wav2vec2_large_robust,suta,130,stage5ext_00521,3935c83996bc79d7abc50adc36392f9a2fd97df405c02b2321332068d1f235f816f68c7b84d0c3b80073933b9f6ab6f5b2d06f204e4bacdd8623e31009f1b83c,Australian English,australia,The play was revived in London eight times during his life.,THE PLAY WAS REVIVED IN LONDON EIGHT TIMES DURING HIS LIFE,4c303bb9362922e298002a91dce484be1c5d4624aa0965b133c866c5eff1ec31
wav2vec2_large_robust,suta,130,stage5ext_00522,3935c83996bc79d7abc50adc36392f9a2fd97df405c02b2321332068d1f235f816f68c7b84d0c3b80073933b9f6ab6f5b2d06f204e4bacdd8623e31009f1b83c,Australian English,australia,Following the outbreak of the Second Boer War he was posted to South Africa.,FOLLOWING THE OUTBREAK OF THE SECOND BUR WAR HE WAS POSTED TO SOUTH AFRICA,4c303bb9362922e298002a91dce484be1c5d4624aa0965b133c866c5eff1ec31
wav2vec2_large_robust,suta,130,stage5ext_00523,3935c83996bc79d7abc50adc36392f9a2fd97df405c02b2321332068d1f235f816f68c7b84d0c3b80073933b9f6ab6f5b2d06f204e4bacdd8623e31009f1b83c,Australian English,australia,It is a popular spot for surfing and swimming.,IT IS A POPULAR SPOT FOR SERVANT AND SWOMEN,4c303bb9362922e298002a91dce484be1c5d4624aa0965b133c866c5eff1ec31
wav2vec2_large_robust,suta,130,stage5ext_00524,3935c83996bc79d7abc50adc36392f9a2fd97df405c02b2321332068d1f235f816f68c7b84d0c3b80073933b9f6ab6f5b2d06f204e4bacdd8623e31009f1b83c,Australian English,australia,Dylan apparently disliked this.,ELAN APPARENTLY DISLIKED THIS,4c303bb9362922e298002a91dce484be1c5d4624aa0965b133c866c5eff1ec31
wav2vec2_large_robust,suta,131,stage5ext_00525,3935c83996bc79d7abc50adc36392f9a2fd97df405c02b2321332068d1f235f816f68c7b84d0c3b80073933b9f6ab6f5b2d06f204e4bacdd8623e31009f1b83c,Australian English,australia,Her heart-shaped gravestone is visible from the road.,HER HART SHAPED GRAVESTONE IS VISIBLE FROM THE ROAD,bacb7c3ce08f787d4456ff7dc917f8a3346deccf242d6e8596876a972bb209c4
wav2vec2_large_robust,suta,131,stage5ext_00526,92fa0173d8a52067542a43504a23d6adbcf1f55271ca38e9eacfa6f751199a9bb7ed840cebadc1a745b2c605ec99dcfae954c709b8c345afbcb08ce46e100b4d,Australian English,australia,"Bushnell was born in Saint Paul, Minnesota and raised in Los Angeles, California.",BUSHNEL WAS BORN IN SAINT PAUL MINESOTA AND RAISED IN LOSANGELES CALIFORNIA,bacb7c3ce08f787d4456ff7dc917f8a3346deccf242d6e8596876a972bb209c4
wav2vec2_large_robust,suta,131,stage5ext_00527,92fa0173d8a52067542a43504a23d6adbcf1f55271ca38e9eacfa6f751199a9bb7ed840cebadc1a745b2c605ec99dcfae954c709b8c345afbcb08ce46e100b4d,Australian English,australia,The show is based on noughts and crosses.,THE SHOW IS BASED ON GNAUTS AND CROSSES,bacb7c3ce08f787d4456ff7dc917f8a3346deccf242d6e8596876a972bb209c4
wav2vec2_large_robust,suta,131,stage5ext_00528,92fa0173d8a52067542a43504a23d6adbcf1f55271ca38e9eacfa6f751199a9bb7ed840cebadc1a745b2c605ec99dcfae954c709b8c345afbcb08ce46e100b4d,Australian English,australia,"There are also useful concepts of regular monomorphism, strong monomorphism, and extremal monomorphism.",THERE ARE ALSO USEFUL CONCEPTS OF REGULAR MONOMORPHYSM STRONG MONAMORPHYSM AND EXTREMAL MONOMORPHISM,bacb7c3ce08f787d4456ff7dc917f8a3346deccf242d6e8596876a972bb209c4
wav2vec2_large_robust,suta,132,stage5ext_00529,92fa0173d8a52067542a43504a23d6adbcf1f55271ca38e9eacfa6f751199a9bb7ed840cebadc1a745b2c605ec99dcfae954c709b8c345afbcb08ce46e100b4d,Australian English,australia,A little glass in a transept window is older still.,A LITTLE GLASS IN A TRANCEPT WINDOW IS OLDER STILL,2c633bff88ec96631b582ed47ee20dc3e8a76b1744ed667b5772977fe45753c2
wav2vec2_large_robust,suta,132,stage5ext_00530,92fa0173d8a52067542a43504a23d6adbcf1f55271ca38e9eacfa6f751199a9bb7ed840cebadc1a745b2c605ec99dcfae954c709b8c345afbcb08ce46e100b4d,Australian English,australia,For a small monthly fee the establishment will also wash one's mug.,FOR SMALL MONTHLY FEED ESTABLISHMENT WILL ALSO WASH ONE'S MUG,2c633bff88ec96631b582ed47ee20dc3e8a76b1744ed667b5772977fe45753c2
wav2vec2_large_robust,suta,132,stage5ext_00531,92fa0173d8a52067542a43504a23d6adbcf1f55271ca38e9eacfa6f751199a9bb7ed840cebadc1a745b2c605ec99dcfae954c709b8c345afbcb08ce46e100b4d,Australian English,australia,"Evidently there is no treasure, so Taran and the ruffian are soon at swordpoint.",EVIDENTLY THERE IS NO TREASURE SO TARANIN RUFFIAN A SOON AT SWORDPOINT,2c633bff88ec96631b582ed47ee20dc3e8a76b1744ed667b5772977fe45753c2
wav2vec2_large_robust,suta,132,stage5ext_00532,92fa0173d8a52067542a43504a23d6adbcf1f55271ca38e9eacfa6f751199a9bb7ed840cebadc1a745b2c605ec99dcfae954c709b8c345afbcb08ce46e100b4d,Australian English,australia,Its user interface and functionality is similar to Microsoft Outlook.,ITS USER INTERFACE AND FUNCTIONALITY IS SIMILAR TO THE MICROSOFT OUTLOOK,2c633bff88ec96631b582ed47ee20dc3e8a76b1744ed667b5772977fe45753c2
wav2vec2_large_robust,suta,133,stage5ext_00533,92fa0173d8a52067542a43504a23d6adbcf1f55271ca38e9eacfa6f751199a9bb7ed840cebadc1a745b2c605ec99dcfae954c709b8c345afbcb08ce46e100b4d,Australian English,australia,It is famous for its mudbrick-made high-rise buildings.,IT IS FAMOUS FOR ITS MUDBRICK MADE HIGH RIZE BUILDINGS,b4dc69614e6ab0d9952228c7784a1a457d2ff81c1a91c1fcaa95e18574fe8bff
wav2vec2_large_robust,suta,133,stage5ext_00534,92fa0173d8a52067542a43504a23d6adbcf1f55271ca38e9eacfa6f751199a9bb7ed840cebadc1a745b2c605ec99dcfae954c709b8c345afbcb08ce46e100b4d,Australian English,australia,"Not all of the ""Heritage Minutes"" episodes have actually aired.",NOT ALL OF THE HERITAGE MINUTES EPISODES HAVE ACTUALLY ERRED,b4dc69614e6ab0d9952228c7784a1a457d2ff81c1a91c1fcaa95e18574fe8bff
wav2vec2_large_robust,suta,133,stage5ext_00535,92fa0173d8a52067542a43504a23d6adbcf1f55271ca38e9eacfa6f751199a9bb7ed840cebadc1a745b2c605ec99dcfae954c709b8c345afbcb08ce46e100b4d,Australian English,australia,He later lived in the British West Indies.,HILITA LIVED IN THE BRITISH WEST INDIES,b4dc69614e6ab0d9952228c7784a1a457d2ff81c1a91c1fcaa95e18574fe8bff
wav2vec2_large_robust,suta,133,stage5ext_00536,92fa0173d8a52067542a43504a23d6adbcf1f55271ca38e9eacfa6f751199a9bb7ed840cebadc1a745b2c605ec99dcfae954c709b8c345afbcb08ce46e100b4d,Australian English,australia,The two company branches issued combined trade catalogs.,THE TWO COMPANY BRANCHES ISSUED COMBINED TRADE CATALOGUES,b4dc69614e6ab0d9952228c7784a1a457d2ff81c1a91c1fcaa95e18574fe8bff
wav2vec2_large_robust,suta,134,stage5ext_00537,92fa0173d8a52067542a43504a23d6adbcf1f55271ca38e9eacfa6f751199a9bb7ed840cebadc1a745b2c605ec99dcfae954c709b8c345afbcb08ce46e100b4d,Australian English,australia,Whitebirk is part of the Blackburn urban area.,WHITE BERK IS PART OF THE BLACKBONE URBAN AREA,7e029e9cb3a50793a01a327c266ff3dca8bb2cb6b2e4dcbc7b5a1932d275251b
wav2vec2_large_robust,suta,134,stage5ext_00538,92fa0173d8a52067542a43504a23d6adbcf1f55271ca38e9eacfa6f751199a9bb7ed840cebadc1a745b2c605ec99dcfae954c709b8c345afbcb08ce46e100b4d,Australian English,australia,"One of the most famous ""novelty shows"" is the World's Ugliest Dog Contest.",ONE OF THE MOST FAMOUS NOVEDY SHOWS IS THE WORLD'S UGLIEST DOG CONTEST,7e029e9cb3a50793a01a327c266ff3dca8bb2cb6b2e4dcbc7b5a1932d275251b
wav2vec2_large_robust,suta,134,stage5ext_00539,92fa0173d8a52067542a43504a23d6adbcf1f55271ca38e9eacfa6f751199a9bb7ed840cebadc1a745b2c605ec99dcfae954c709b8c345afbcb08ce46e100b4d,Australian English,australia,The town is named after the island of Elba.,THE TOWN IS NAMED AFTER THE ISLAND OF ELBA,7e029e9cb3a50793a01a327c266ff3dca8bb2cb6b2e4dcbc7b5a1932d275251b
wav2vec2_large_robust,suta,134,stage5ext_00540,92fa0173d8a52067542a43504a23d6adbcf1f55271ca38e9eacfa6f751199a9bb7ed840cebadc1a745b2c605ec99dcfae954c709b8c345afbcb08ce46e100b4d,Australian English,australia,Later its coverage was expanded to cover political news.,LATER ITS COVERAGE WERE EXPANDED TO COVER POLITICAL NEWS,7e029e9cb3a50793a01a327c266ff3dca8bb2cb6b2e4dcbc7b5a1932d275251b
wav2vec2_large_robust,suta,135,stage5ext_00541,7f29ce6531f159f514ccb46caa1535f1687740b13a60c3f3ac15d8462984c71b2c5747d5f67692081b7e7de330d1ded32b09bc1693c0a26c8189132bf2c48888,Australian English,australia,"For example, instead of editing Google Maps, consider contributing to OpenStreetMap.",FOR EXAMPLE INSTEAD OF EDITING GOOGLE MAPS CONSIDER CONTRIBUTING TO OPEN STREET MAP,02b72507983b5978afe86710582140ad35d7b6c517431274d707ed402862ef67
wav2vec2_large_robust,suta,135,stage5ext_00542,7f29ce6531f159f514ccb46caa1535f1687740b13a60c3f3ac15d8462984c71b2c5747d5f67692081b7e7de330d1ded32b09bc1693c0a26c8189132bf2c48888,Australian English,australia,What is it you want to research?,WHAT IS IT YOU WANT TO RESEARCH,02b72507983b5978afe86710582140ad35d7b6c517431274d707ed402862ef67
wav2vec2_large_robust,suta,135,stage5ext_00543,7f29ce6531f159f514ccb46caa1535f1687740b13a60c3f3ac15d8462984c71b2c5747d5f67692081b7e7de330d1ded32b09bc1693c0a26c8189132bf2c48888,Australian English,australia,"Well, the merry-go-round wasn't exactly spectacular.",WELL THE MURIGO ROUND WASN'T EXACTLY SPECTAULAR,02b72507983b5978afe86710582140ad35d7b6c517431274d707ed402862ef67
wav2vec2_large_robust,suta,135,stage5ext_00544,7f29ce6531f159f514ccb46caa1535f1687740b13a60c3f3ac15d8462984c71b2c5747d5f67692081b7e7de330d1ded32b09bc1693c0a26c8189132bf2c48888,Australian English,australia,What is the meaning of this?,WHAT IS THE MEANING OF THIS,02b72507983b5978afe86710582140ad35d7b6c517431274d707ed402862ef67
wav2vec2_large_robust,suta,136,stage5ext_00545,7f29ce6531f159f514ccb46caa1535f1687740b13a60c3f3ac15d8462984c71b2c5747d5f67692081b7e7de330d1ded32b09bc1693c0a26c8189132bf2c48888,Australian English,australia,"The flag is red, blue, and yellow.",THE FLAG IS RED BLUE AND YELLOW,0df000adcfb0831c7f28bafeae4a6c3fc3c0a69c76302f04b8c22c8252e15738
wav2vec2_large_robust,suta,136,stage5ext_00546,7f29ce6531f159f514ccb46caa1535f1687740b13a60c3f3ac15d8462984c71b2c5747d5f67692081b7e7de330d1ded32b09bc1693c0a26c8189132bf2c48888,Australian English,australia,What are the facts?,WHAT ARE THE FACTS,0df000adcfb0831c7f28bafeae4a6c3fc3c0a69c76302f04b8c22c8252e15738
wav2vec2_large_robust,suta,136,stage5ext_00547,7f29ce6531f159f514ccb46caa1535f1687740b13a60c3f3ac15d8462984c71b2c5747d5f67692081b7e7de330d1ded32b09bc1693c0a26c8189132bf2c48888,Australian English,australia,"I've brought you some cheese, because I know you love cheese.",I'VE BROUGHT YOU SOME CHEESE CAUSE I KNOW YOU LOVE CHEESE,0df000adcfb0831c7f28bafeae4a6c3fc3c0a69c76302f04b8c22c8252e15738
wav2vec2_large_robust,suta,136,stage5ext_00548,7f29ce6531f159f514ccb46caa1535f1687740b13a60c3f3ac15d8462984c71b2c5747d5f67692081b7e7de330d1ded32b09bc1693c0a26c8189132bf2c48888,Australian English,australia,How did you get it?,HOW DID YOU GET IT,0df000adcfb0831c7f28bafeae4a6c3fc3c0a69c76302f04b8c22c8252e15738
wav2vec2_large_robust,suta,137,stage5ext_00549,7f29ce6531f159f514ccb46caa1535f1687740b13a60c3f3ac15d8462984c71b2c5747d5f67692081b7e7de330d1ded32b09bc1693c0a26c8189132bf2c48888,Australian English,australia,"He was something of a sickly child by all accounts, never made it past his fourth birthday.",HE WAS SOMETHING OF A SICKLY CHILD BY ALL ACCOUNTS NEVER MADE IT PAST HIS FOURTH BIRTHDAY,cbdf86c167a9e2f69dc76ea2a5f79e7a34d110f6cf706742fd1df357b39f6587
wav2vec2_large_robust,suta,137,stage5ext_00550,7f29ce6531f159f514ccb46caa1535f1687740b13a60c3f3ac15d8462984c71b2c5747d5f67692081b7e7de330d1ded32b09bc1693c0a26c8189132bf2c48888,Australian English,australia,Under what circumstances might you be persuaded to provide us with passes?,UNDER WHAT CIRCUMSTANCES MIGHT YOU BE PERSUADED TO PROVIDE US WITH PASSES,cbdf86c167a9e2f69dc76ea2a5f79e7a34d110f6cf706742fd1df357b39f6587
wav2vec2_large_robust,suta,137,stage5ext_00551,7f29ce6531f159f514ccb46caa1535f1687740b13a60c3f3ac15d8462984c71b2c5747d5f67692081b7e7de330d1ded32b09bc1693c0a26c8189132bf2c48888,Australian English,australia,"They found all sorts of drugs at Howard's house: Cocaine, meth, heroine...",THEY FOUND ALL SORTS OF DRUGS AT HOWARDS HOUSE COCANE MYTH HEROINE,cbdf86c167a9e2f69dc76ea2a5f79e7a34d110f6cf706742fd1df357b39f6587
wav2vec2_large_robust,suta,137,stage5ext_00552,7f29ce6531f159f514ccb46caa1535f1687740b13a60c3f3ac15d8462984c71b2c5747d5f67692081b7e7de330d1ded32b09bc1693c0a26c8189132bf2c48888,Australian English,australia,"Kidneys are transplanted often, because every healthy person has two of them.",KIDNEYS ARE TRANSPLANTED OFTEN BECAUSE EVERY HEALTHY PERSON AS TOD THEM,cbdf86c167a9e2f69dc76ea2a5f79e7a34d110f6cf706742fd1df357b39f6587
wav2vec2_large_robust,suta,138,stage5ext_00553,7f29ce6531f159f514ccb46caa1535f1687740b13a60c3f3ac15d8462984c71b2c5747d5f67692081b7e7de330d1ded32b09bc1693c0a26c8189132bf2c48888,Australian English,australia,"A trill, or shake A triplet.",A TRILL OR SACE TRIPLET,7aa4b4bd7a9f1ce2d0a4d3db1acbde89a57e61b10c2e58ad6249d3988648d124
wav2vec2_large_robust,suta,138,stage5ext_00554,7f29ce6531f159f514ccb46caa1535f1687740b13a60c3f3ac15d8462984c71b2c5747d5f67692081b7e7de330d1ded32b09bc1693c0a26c8189132bf2c48888,Australian English,australia,"Four doors lead from the landing into two bedrooms, a closet, and a small, but functional bathroom.",FOUR DOORS LEAD FROM THE LANDING INTO TWO BEDROOMS A CLOSET AND A SMALL BUT FUNCTIONAL BATHROOM,7aa4b4bd7a9f1ce2d0a4d3db1acbde89a57e61b10c2e58ad6249d3988648d124
wav2vec2_large_robust,suta,138,stage5ext_00555,7f29ce6531f159f514ccb46caa1535f1687740b13a60c3f3ac15d8462984c71b2c5747d5f67692081b7e7de330d1ded32b09bc1693c0a26c8189132bf2c48888,Australian English,australia,Why did you do it?,WHY DID YOU DO IT,7aa4b4bd7a9f1ce2d0a4d3db1acbde89a57e61b10c2e58ad6249d3988648d124
wav2vec2_large_robust,suta,138,stage5ext_00556,243c0d90f6145edce7803731bbd3baff7cb887a5290c10c1c5897e24248e249752883be23dbe58e59668ad96307fa0666e76dde82a2dd55ac2c624acbdb1d919,Australian English,australia,Perhaps she forgot all about it.,PERHAPS SHE FORGOT ALL ABOUT IT,7aa4b4bd7a9f1ce2d0a4d3db1acbde89a57e61b10c2e58ad6249d3988648d124
wav2vec2_large_robust,suta,139,stage5ext_00557,243c0d90f6145edce7803731bbd3baff7cb887a5290c10c1c5897e24248e249752883be23dbe58e59668ad96307fa0666e76dde82a2dd55ac2c624acbdb1d919,Australian English,australia,I would if I thought I'd hear anything worth listening to.,I WOD IF I THOUGHT I'D HEAR ANYTHING BOT LITEITI,702789b3facb2a696574172068d441450058f942aac5e0668e6ab88c15c3a339
wav2vec2_large_robust,suta,139,stage5ext_00558,243c0d90f6145edce7803731bbd3baff7cb887a5290c10c1c5897e24248e249752883be23dbe58e59668ad96307fa0666e76dde82a2dd55ac2c624acbdb1d919,Australian English,australia,In that case I'll ask the two executive officers to withdraw.,IN THAT CASE I'LL ASK THE TWO EXECUTIVE OFFICERS TO WITHDRAW,702789b3facb2a696574172068d441450058f942aac5e0668e6ab88c15c3a339
wav2vec2_large_robust,suta,139,stage5ext_00559,243c0d90f6145edce7803731bbd3baff7cb887a5290c10c1c5897e24248e249752883be23dbe58e59668ad96307fa0666e76dde82a2dd55ac2c624acbdb1d919,Australian English,australia,I'm everything the District Attorney said I was.,I'M EVERYTHING THE DISTRICT ATTORNEY SAID I WAS,702789b3facb2a696574172068d441450058f942aac5e0668e6ab88c15c3a339
wav2vec2_large_robust,suta,139,stage5ext_00560,243c0d90f6145edce7803731bbd3baff7cb887a5290c10c1c5897e24248e249752883be23dbe58e59668ad96307fa0666e76dde82a2dd55ac2c624acbdb1d919,Australian English,australia,I don't want Mrs. Douglas.,I DON'T WANT MISSUS DOUGLAS,702789b3facb2a696574172068d441450058f942aac5e0668e6ab88c15c3a339
wav2vec2_large_robust,suta,140,stage5ext_00561,243c0d90f6145edce7803731bbd3baff7cb887a5290c10c1c5897e24248e249752883be23dbe58e59668ad96307fa0666e76dde82a2dd55ac2c624acbdb1d919,Australian English,australia,What's the idea here?,WHATS THE IDEA HERE,2dbef8a8f16080a572a1efba6ede180cc9937a3aa533f2b18e515d2fe4e12611
wav2vec2_large_robust,suta,140,stage5ext_00562,243c0d90f6145edce7803731bbd3baff7cb887a5290c10c1c5897e24248e249752883be23dbe58e59668ad96307fa0666e76dde82a2dd55ac2c624acbdb1d919,Australian English,australia,I've suddenly become quite important.,I SUDDENLY BECOME QUITE IMPORTANT,2dbef8a8f16080a572a1efba6ede180cc9937a3aa533f2b18e515d2fe4e12611
wav2vec2_large_robust,suta,140,stage5ext_00563,243c0d90f6145edce7803731bbd3baff7cb887a5290c10c1c5897e24248e249752883be23dbe58e59668ad96307fa0666e76dde82a2dd55ac2c624acbdb1d919,Australian English,australia,There's nothing more we can do tonight.,THERE'S NOTHING MORE WE CAN DO TONIGHT,2dbef8a8f16080a572a1efba6ede180cc9937a3aa533f2b18e515d2fe4e12611
wav2vec2_large_robust,suta,140,stage5ext_00564,243c0d90f6145edce7803731bbd3baff7cb887a5290c10c1c5897e24248e249752883be23dbe58e59668ad96307fa0666e76dde82a2dd55ac2c624acbdb1d919,Australian English,australia,A sight for sore eyes.,ASIGT FOR SAL EYES,2dbef8a8f16080a572a1efba6ede180cc9937a3aa533f2b18e515d2fe4e12611
wav2vec2_large_robust,suta,141,stage5ext_00565,243c0d90f6145edce7803731bbd3baff7cb887a5290c10c1c5897e24248e249752883be23dbe58e59668ad96307fa0666e76dde82a2dd55ac2c624acbdb1d919,Australian English,australia,She had pneumonia once.,SHE HIT NUMONIA ONCE,703e2fe4bcd4a1c4dcde4f189beda3330180e5be61cf66653906af85a029d92c
wav2vec2_large_robust,suta,141,stage5ext_00566,243c0d90f6145edce7803731bbd3baff7cb887a5290c10c1c5897e24248e249752883be23dbe58e59668ad96307fa0666e76dde82a2dd55ac2c624acbdb1d919,Australian English,australia,We returned to the cemetery.,HE RETURNED TO THE CEMETERY,703e2fe4bcd4a1c4dcde4f189beda3330180e5be61cf66653906af85a029d92c
wav2vec2_large_robust,suta,141,stage5ext_00567,243c0d90f6145edce7803731bbd3baff7cb887a5290c10c1c5897e24248e249752883be23dbe58e59668ad96307fa0666e76dde82a2dd55ac2c624acbdb1d919,Australian English,australia,I'd like to think.,ID LIKE TO THINK,703e2fe4bcd4a1c4dcde4f189beda3330180e5be61cf66653906af85a029d92c
wav2vec2_large_robust,suta,141,stage5ext_00568,243c0d90f6145edce7803731bbd3baff7cb887a5290c10c1c5897e24248e249752883be23dbe58e59668ad96307fa0666e76dde82a2dd55ac2c624acbdb1d919,Australian English,australia,Your mother and I talked it over half the night.,YOUR MOTHER AND I TALK IT OVER HALF THE NIGHT,703e2fe4bcd4a1c4dcde4f189beda3330180e5be61cf66653906af85a029d92c
wav2vec2_large_robust,suta,142,stage5ext_00569,243c0d90f6145edce7803731bbd3baff7cb887a5290c10c1c5897e24248e249752883be23dbe58e59668ad96307fa0666e76dde82a2dd55ac2c624acbdb1d919,Australian English,australia,We must get some of that serum as soon as possible.,HE MUST GET SOME OF THE CARO AS DEEP AS POSSIBLE,b333916f8a4ad555480a98a0e5767e6cd20d91d601976ebb32cd24393a4c79b8
wav2vec2_large_robust,suta,142,stage5ext_00570,243c0d90f6145edce7803731bbd3baff7cb887a5290c10c1c5897e24248e249752883be23dbe58e59668ad96307fa0666e76dde82a2dd55ac2c624acbdb1d919,Australian English,australia,She'll be waiting for you in Albany.,SHALL BE WAITING FOR YOU IN ALBANY,b333916f8a4ad555480a98a0e5767e6cd20d91d601976ebb32cd24393a4c79b8
wav2vec2_large_robust,suta,142,stage5ext_00571,0acf313028bfe2af57b429c11e66463848b29afaa619fcfb0eea753f8ba9c63862e2c106975c0e70bde12809fc2422731691839c34fe911de22051dd732876d2,Australian English,australia,It seemed to him that it fell to earth about one hundred miles east of here.,IT SEEMED TO HIM THAT IT FELL TO EARTH ABOUT ONE HUNDRED MILES EAST OF HERE,b333916f8a4ad555480a98a0e5767e6cd20d91d601976ebb32cd24393a4c79b8
wav2vec2_large_robust,suta,142,stage5ext_00572,0acf313028bfe2af57b429c11e66463848b29afaa619fcfb0eea753f8ba9c63862e2c106975c0e70bde12809fc2422731691839c34fe911de22051dd732876d2,Australian English,australia,'m all about those invisible cosmic connections that transcend time and distance.,I'M ALL ABOUT THOSE INVISIBLE COSMIC CONNEXIONS THAT TRANSCEND TIME AND DISTANCE,b333916f8a4ad555480a98a0e5767e6cd20d91d601976ebb32cd24393a4c79b8
wav2vec2_large_robust,suta,143,stage5ext_00573,0acf313028bfe2af57b429c11e66463848b29afaa619fcfb0eea753f8ba9c63862e2c106975c0e70bde12809fc2422731691839c34fe911de22051dd732876d2,Australian English,australia,And one or two persons were returning.,AND ONE OR TWO PERSONS WERE RETURNING,991843365eec6d7926501f5712e024692b550b93b41fec55278e09b5dce84ddf
wav2vec2_large_robust,suta,143,stage5ext_00574,0acf313028bfe2af57b429c11e66463848b29afaa619fcfb0eea753f8ba9c63862e2c106975c0e70bde12809fc2422731691839c34fe911de22051dd732876d2,Australian English,australia,Even then he hardly understood what this meant.,EVEN THEN HE HARDLY UNDERSTOOD WHAT THIS MEANT,991843365eec6d7926501f5712e024692b550b93b41fec55278e09b5dce84ddf
wav2vec2_large_robust,suta,143,stage5ext_00575,0acf313028bfe2af57b429c11e66463848b29afaa619fcfb0eea753f8ba9c63862e2c106975c0e70bde12809fc2422731691839c34fe911de22051dd732876d2,Australian English,australia,He heard a muffled grating sound and saw the black mark jerk forward an inch or so.,HE HEARD A MUFFLED GRATING SOUND AND SAW THE BLACK MARK JERK FORWARD AN INCH OR SO,991843365eec6d7926501f5712e024692b550b93b41fec55278e09b5dce84ddf
wav2vec2_large_robust,suta,143,stage5ext_00576,0acf313028bfe2af57b429c11e66463848b29afaa619fcfb0eea753f8ba9c63862e2c106975c0e70bde12809fc2422731691839c34fe911de22051dd732876d2,Australian English,australia,Hundreds of observers saw the flame that night and the night after.,HUNDREDS OF OBSERVERS SAW THE FLAME THAT NIGHT AND THE NIGHT AFTER,991843365eec6d7926501f5712e024692b550b93b41fec55278e09b5dce84ddf
wav2vec2_large_robust,suta,144,stage5ext_00577,0acf313028bfe2af57b429c11e66463848b29afaa619fcfb0eea753f8ba9c63862e2c106975c0e70bde12809fc2422731691839c34fe911de22051dd732876d2,Australian English,australia,I was impatient to see it opened.,I WAS IMPATIENT TO SEE IT OPENED,c21f780859ea026b3f722cc26348d4231bfff458950f9afae61b5ef1e7c3bc49
wav2vec2_large_robust,suta,144,stage5ext_00578,0acf313028bfe2af57b429c11e66463848b29afaa619fcfb0eea753f8ba9c63862e2c106975c0e70bde12809fc2422731691839c34fe911de22051dd732876d2,Australian English,australia,My mind ran on the possibilities of its content.,MY MIND RAN ON THE POSSIBILITIES OF ITS CONTENT,c21f780859ea026b3f722cc26348d4231bfff458950f9afae61b5ef1e7c3bc49
wav2vec2_large_robust,suta,144,stage5ext_00579,0acf313028bfe2af57b429c11e66463848b29afaa619fcfb0eea753f8ba9c63862e2c106975c0e70bde12809fc2422731691839c34fe911de22051dd732876d2,Australian English,australia,Some of those who saw its flight say it travelled with a hissing sound.,SOME OF THOSE WHO SAW ITS FLIGHT SAY IT TROVELLED WITH A HISSING SOUND,c21f780859ea026b3f722cc26348d4231bfff458950f9afae61b5ef1e7c3bc49
wav2vec2_large_robust,suta,144,stage5ext_00580,0acf313028bfe2af57b429c11e66463848b29afaa619fcfb0eea753f8ba9c63862e2c106975c0e70bde12809fc2422731691839c34fe911de22051dd732876d2,Australian English,australia,"You don't have to be rich, skinny, popular, or even own a cape to perform a random act of kindness.",YOU DON'T HAVE TO BE RICH SKINNY POPULAR OR EVEN OWN A CAPE TO PERFORM A RANDOM ACT OF KINDNESS,c21f780859ea026b3f722cc26348d4231bfff458950f9afae61b5ef1e7c3bc49
wav2vec2_large_robust,suta,145,stage5ext_00581,0acf313028bfe2af57b429c11e66463848b29afaa619fcfb0eea753f8ba9c63862e2c106975c0e70bde12809fc2422731691839c34fe911de22051dd732876d2,Australian English,australia,I had seen all that it would presently bring me.,I HAD SEEN ALL THAT IT WOULD PRESENTLY BRING ME,5501cfbfcdce1b012071289b8364f511168817d575ee0d54f79f51f10ec70ee7
wav2vec2_large_robust,suta,145,stage5ext_00582,0acf313028bfe2af57b429c11e66463848b29afaa619fcfb0eea753f8ba9c63862e2c106975c0e70bde12809fc2422731691839c34fe911de22051dd732876d2,Australian English,australia,The time must have been somewhere around six o'clock.,THE TIME MUST HAVE BEEN SOMEWHERE ROUND SIX O'CLOCK,5501cfbfcdce1b012071289b8364f511168817d575ee0d54f79f51f10ec70ee7
wav2vec2_large_robust,suta,145,stage5ext_00583,0acf313028bfe2af57b429c11e66463848b29afaa619fcfb0eea753f8ba9c63862e2c106975c0e70bde12809fc2422731691839c34fe911de22051dd732876d2,Australian English,australia,We lit the lantern and walked over to his house.,WE LIT THE LANTERN AND WALKED OVER TO HIS HOUSE,5501cfbfcdce1b012071289b8364f511168817d575ee0d54f79f51f10ec70ee7
wav2vec2_large_robust,suta,145,stage5ext_00584,0acf313028bfe2af57b429c11e66463848b29afaa619fcfb0eea753f8ba9c63862e2c106975c0e70bde12809fc2422731691839c34fe911de22051dd732876d2,Australian English,australia,"If you start your emails with ""Greetings"" let me be the first to welcome you to Earth.",IF YOU START YOUR EMALES WITH GREETINGS LET ME BE THE FIRST TO WELCOME YOU TO EARTH,5501cfbfcdce1b012071289b8364f511168817d575ee0d54f79f51f10ec70ee7
wav2vec2_large_robust,suta,146,stage5ext_00585,0acf313028bfe2af57b429c11e66463848b29afaa619fcfb0eea753f8ba9c63862e2c106975c0e70bde12809fc2422731691839c34fe911de22051dd732876d2,Australian English,australia,Scattered groups of people were hurrying from the direction of Woking.,SCATTERED GROUPS OF PEOPLE WERE HURRYING FROM THE DIRECTION OF WORKING,5c71be4669b39b0f7af27957c4a4bb6dda9b5d0cf3a2e3c0b66af408fbe1f5c7
wav2vec2_large_robust,suta,146,stage5ext_00586,771662210642ca9e2f17135f7a66db7f250f7f7bc6d9b3e3475b19d375389bcf6d1979c9a58a21cc866543ad80ab0e9641158290b7f6a9e1d0aad1635c730ab4,Australian English,australia,"Wakehurst asked the Treasurer, Alexander Mair, to form a government.",WAKEHURST ASKED THE TREASURER ALEXANDER MAYR TO FORM A GOVERNMENT,5c71be4669b39b0f7af27957c4a4bb6dda9b5d0cf3a2e3c0b66af408fbe1f5c7
wav2vec2_large_robust,suta,146,stage5ext_00587,771662210642ca9e2f17135f7a66db7f250f7f7bc6d9b3e3475b19d375389bcf6d1979c9a58a21cc866543ad80ab0e9641158290b7f6a9e1d0aad1635c730ab4,Australian English,australia,"Translated, it means ""revolving hands"", ""rotating palms"", or ""turning palms.",TRANSLATED IT MEANS REVOLVING HANDS ROTATING PALMS OR TURNING PALMS,5c71be4669b39b0f7af27957c4a4bb6dda9b5d0cf3a2e3c0b66af408fbe1f5c7
wav2vec2_large_robust,suta,146,stage5ext_00588,771662210642ca9e2f17135f7a66db7f250f7f7bc6d9b3e3475b19d375389bcf6d1979c9a58a21cc866543ad80ab0e9641158290b7f6a9e1d0aad1635c730ab4,Australian English,australia,It still has a working blacksmith's shop.,IT STILL HAS A WORKING BLACKSMITHS SHOP,5c71be4669b39b0f7af27957c4a4bb6dda9b5d0cf3a2e3c0b66af408fbe1f5c7
wav2vec2_large_robust,suta,147,stage5ext_00589,771662210642ca9e2f17135f7a66db7f250f7f7bc6d9b3e3475b19d375389bcf6d1979c9a58a21cc866543ad80ab0e9641158290b7f6a9e1d0aad1635c730ab4,Australian English,australia,"A right-handed batsman, Carlton Baugh Snr.",RIGHT HANDED BATSMAN CALTON BORE SENIOR,c3c55fe61d469b457dfa8b0cde9f09b920de21478f8fd35851cedaa248db11fa
wav2vec2_large_robust,suta,147,stage5ext_00590,771662210642ca9e2f17135f7a66db7f250f7f7bc6d9b3e3475b19d375389bcf6d1979c9a58a21cc866543ad80ab0e9641158290b7f6a9e1d0aad1635c730ab4,Australian English,australia,I couldn't see the linebackers.,I COULDN'T SEE THE LINE BACKERS,c3c55fe61d469b457dfa8b0cde9f09b920de21478f8fd35851cedaa248db11fa
wav2vec2_large_robust,suta,147,stage5ext_00591,771662210642ca9e2f17135f7a66db7f250f7f7bc6d9b3e3475b19d375389bcf6d1979c9a58a21cc866543ad80ab0e9641158290b7f6a9e1d0aad1635c730ab4,Australian English,australia,Foreign titles may be utilized as a foundation for recognition of professional licensing.,FOREIGN TITLES MAY BE UTILIZED AS A FOUNDATION FOR RECOGNITION OF PROFESSIONAL LICENSING,c3c55fe61d469b457dfa8b0cde9f09b920de21478f8fd35851cedaa248db11fa
wav2vec2_large_robust,suta,147,stage5ext_00592,771662210642ca9e2f17135f7a66db7f250f7f7bc6d9b3e3475b19d375389bcf6d1979c9a58a21cc866543ad80ab0e9641158290b7f6a9e1d0aad1635c730ab4,Australian English,australia,"For information on winning strategy, see ""The Schnapsen Log"" and ""Winning Schnapsen"".",FOR INFORMATION ON WINNING STRATEGY SEE THE SHNAPSEN LOG AND WINNING SCHNAPSEN,c3c55fe61d469b457dfa8b0cde9f09b920de21478f8fd35851cedaa248db11fa
wav2vec2_large_robust,suta,148,stage5ext_00593,771662210642ca9e2f17135f7a66db7f250f7f7bc6d9b3e3475b19d375389bcf6d1979c9a58a21cc866543ad80ab0e9641158290b7f6a9e1d0aad1635c730ab4,Australian English,australia,The Argentinian government settled the dispute diplomatically with Israel.,THE ARGENTINIAN GOVERNMENT SETTLED THE DISPUTE DIPLOMATICALLY WITH ISRAEL,48060bd15c5395c57618ab23412f419e8f67456ec5562a272b4bda5db7925591
wav2vec2_large_robust,suta,148,stage5ext_00594,771662210642ca9e2f17135f7a66db7f250f7f7bc6d9b3e3475b19d375389bcf6d1979c9a58a21cc866543ad80ab0e9641158290b7f6a9e1d0aad1635c730ab4,Australian English,australia,So he decides to put another dog to sleep.,SO HE DECIDES TO PUT ANOTHER DOG TO SLEEP,48060bd15c5395c57618ab23412f419e8f67456ec5562a272b4bda5db7925591
wav2vec2_large_robust,suta,148,stage5ext_00595,771662210642ca9e2f17135f7a66db7f250f7f7bc6d9b3e3475b19d375389bcf6d1979c9a58a21cc866543ad80ab0e9641158290b7f6a9e1d0aad1635c730ab4,Australian English,australia,"Since that time, the pavilion has been used for seasonal special events.",SINCE THAT TIME THE PAVILION HAS BEEN USED FOR SEASONAL SPECIAL EVENTS,48060bd15c5395c57618ab23412f419e8f67456ec5562a272b4bda5db7925591
wav2vec2_large_robust,suta,148,stage5ext_00596,771662210642ca9e2f17135f7a66db7f250f7f7bc6d9b3e3475b19d375389bcf6d1979c9a58a21cc866543ad80ab0e9641158290b7f6a9e1d0aad1635c730ab4,Australian English,australia,"Zaxxon spawned an arcade sequel: ""Super Zaxxon"".",ZAKON SPAWNED AN ARCADE SEQUAL SUPERZAXON,48060bd15c5395c57618ab23412f419e8f67456ec5562a272b4bda5db7925591
wav2vec2_large_robust,suta,149,stage5ext_00597,771662210642ca9e2f17135f7a66db7f250f7f7bc6d9b3e3475b19d375389bcf6d1979c9a58a21cc866543ad80ab0e9641158290b7f6a9e1d0aad1635c730ab4,Australian English,australia,"He was a reserve officer, nervous, energetic, and enthusiastic.",HE WAS A RESERVE OFFICER NERVOUS ENERGETIC AND ENTHUSIASTIC,366b8985ad88b271cea22fe267d5715c0ee6887d0269e971f5eb6cd5be5772c8
wav2vec2_large_robust,suta,149,stage5ext_00598,771662210642ca9e2f17135f7a66db7f250f7f7bc6d9b3e3475b19d375389bcf6d1979c9a58a21cc866543ad80ab0e9641158290b7f6a9e1d0aad1635c730ab4,Australian English,australia,"Welaras are used mainly in English riding, especially in hunter classes.",BELARUS ARE USED MAINLY IN ENGLISH RIDING ESPECIALLY IN HUNTER CLASSES,366b8985ad88b271cea22fe267d5715c0ee6887d0269e971f5eb6cd5be5772c8
wav2vec2_large_robust,suta,149,stage5ext_00599,771662210642ca9e2f17135f7a66db7f250f7f7bc6d9b3e3475b19d375389bcf6d1979c9a58a21cc866543ad80ab0e9641158290b7f6a9e1d0aad1635c730ab4,Australian English,australia,Tirumala will be flooded with devotes to witness this occasion.,TIRIMOLA WILL BE FLOODED WITH DEVOTEES TO WITNESS THIS OCCASION,366b8985ad88b271cea22fe267d5715c0ee6887d0269e971f5eb6cd5be5772c8
wav2vec2_large_robust,suta,149,stage5ext_00600,771662210642ca9e2f17135f7a66db7f250f7f7bc6d9b3e3475b19d375389bcf6d1979c9a58a21cc866543ad80ab0e9641158290b7f6a9e1d0aad1635c730ab4,Australian English,australia,"He has also advised political organisations of various stripes, colours and nationalities.",HE HAS ALSO ADVISED POLITICAL ORGANIZATIONS OF VARIOUS STRIPES COLORS AND NATIONALITIES,366b8985ad88b271cea22fe267d5715c0ee6887d0269e971f5eb6cd5be5772c8
wav2vec2_large_robust,suta,150,stage5ext_00601,3dadaf13c9f244c187466942367d1da68cf1ba3fd4c5a5b27614964bc19565e566d5daea151b505599991d84b7d5faf8db2afc26f992b1bb7b99004b1f5b36f7,Canadian English,canada,"Its main base was Moorabbin Airport, Melbourne.",ITS MAIN BASE WAS MURADIN AIRPORT MELBURN,1e680000a670e7149b32a8b4028e51b680e1e34f805528b2595b761777c329ab
wav2vec2_large_robust,suta,150,stage5ext_00602,3dadaf13c9f244c187466942367d1da68cf1ba3fd4c5a5b27614964bc19565e566d5daea151b505599991d84b7d5faf8db2afc26f992b1bb7b99004b1f5b36f7,Canadian English,canada,"Pioneer Memorial Park in Norton Saint, Leichhardt, has gardens and paths for passive recreation.",PIONEER MEMORIAL PARK IN NORTEN SAINT LETCHHARDN HAS GARDENS AND PATHS FOR PASSIVE RECREATION,1e680000a670e7149b32a8b4028e51b680e1e34f805528b2595b761777c329ab
wav2vec2_large_robust,suta,150,stage5ext_00603,3dadaf13c9f244c187466942367d1da68cf1ba3fd4c5a5b27614964bc19565e566d5daea151b505599991d84b7d5faf8db2afc26f992b1bb7b99004b1f5b36f7,Canadian English,canada,"Later, the costs for the scholarship ballooned substantially.",LATER THE COST FOR THE SCHOLARSHIP BALLOONED SUBSTANTIALLY,1e680000a670e7149b32a8b4028e51b680e1e34f805528b2595b761777c329ab
wav2vec2_large_robust,suta,150,stage5ext_00604,3dadaf13c9f244c187466942367d1da68cf1ba3fd4c5a5b27614964bc19565e566d5daea151b505599991d84b7d5faf8db2afc26f992b1bb7b99004b1f5b36f7,Canadian English,canada,"However, fourths become important later in the opera, especially in the melodic development.",HOWEVER FORCE BECOME IMPORTANT LATER IN THE OPERA ESPECIALLY IN THE MELODIC DEVELOPMENT,1e680000a670e7149b32a8b4028e51b680e1e34f805528b2595b761777c329ab
wav2vec2_large_robust,suta,151,stage5ext_00605,3dadaf13c9f244c187466942367d1da68cf1ba3fd4c5a5b27614964bc19565e566d5daea151b505599991d84b7d5faf8db2afc26f992b1bb7b99004b1f5b36f7,Canadian English,canada,"If one server fails, client connections can be re-directed to another server.",IF ONE SERVER FAILS CLIENT CONNECTIONS CAN BE REDIRECTED TO ANOTHER SERVER,daaa0ca3c8fc2122045237f318a40fc47670e0dd62825deb370664af1a892d83
wav2vec2_large_robust,suta,151,stage5ext_00606,3dadaf13c9f244c187466942367d1da68cf1ba3fd4c5a5b27614964bc19565e566d5daea151b505599991d84b7d5faf8db2afc26f992b1bb7b99004b1f5b36f7,Canadian English,canada,Kailash taken by Martin Gray.,KAYLOSH TAKEN BY MARTIN GREY,daaa0ca3c8fc2122045237f318a40fc47670e0dd62825deb370664af1a892d83
wav2vec2_large_robust,suta,151,stage5ext_00607,3dadaf13c9f244c187466942367d1da68cf1ba3fd4c5a5b27614964bc19565e566d5daea151b505599991d84b7d5faf8db2afc26f992b1bb7b99004b1f5b36f7,Canadian English,canada,"Geographically, it is situated in the central-most region of the state.",GEOGRAPHICALLY IT IS SITUATED IN THE CENTRALMOST REGION OF THE STATE,daaa0ca3c8fc2122045237f318a40fc47670e0dd62825deb370664af1a892d83
wav2vec2_large_robust,suta,151,stage5ext_00608,3dadaf13c9f244c187466942367d1da68cf1ba3fd4c5a5b27614964bc19565e566d5daea151b505599991d84b7d5faf8db2afc26f992b1bb7b99004b1f5b36f7,Canadian English,canada,"The meaning of Pinjar is unknown, but could be ""tadpole"" or ""swampy lake"".",THE MEANING OF PINJAR IS UNKNOWN BUT COULD BE TADPOOL OR SWAMPY LAKE,daaa0ca3c8fc2122045237f318a40fc47670e0dd62825deb370664af1a892d83
wav2vec2_large_robust,suta,152,stage5ext_00609,3dadaf13c9f244c187466942367d1da68cf1ba3fd4c5a5b27614964bc19565e566d5daea151b505599991d84b7d5faf8db2afc26f992b1bb7b99004b1f5b36f7,Canadian English,canada,There are also regular buses connecting from Mozarts Plads to the city centre.,THERE ARE ALSO REGULAR BUSSES CONNECTING FROM BOSARTS PLADS TO THE CITY CENTRE,e59e420c69c6161366cebcc7a7e2be38f0fa5318b8e15e2b8b6ba9e199438509
wav2vec2_large_robust,suta,152,stage5ext_00610,3dadaf13c9f244c187466942367d1da68cf1ba3fd4c5a5b27614964bc19565e566d5daea151b505599991d84b7d5faf8db2afc26f992b1bb7b99004b1f5b36f7,Canadian English,canada,Protein methylation has been most studied in the histones.,PROTINE METHOLATION HAS BEEN MOST STUDIED IN THE HISTONES,e59e420c69c6161366cebcc7a7e2be38f0fa5318b8e15e2b8b6ba9e199438509
wav2vec2_large_robust,suta,152,stage5ext_00611,3dadaf13c9f244c187466942367d1da68cf1ba3fd4c5a5b27614964bc19565e566d5daea151b505599991d84b7d5faf8db2afc26f992b1bb7b99004b1f5b36f7,Canadian English,canada,"The spacewalkers received assistance from their crewmates inside ""Columbia"".",THESE SPACEWALKERS RECEIVE ASSISTANCE FROM THEIR TREMATES INSIDE COLUMBIA,e59e420c69c6161366cebcc7a7e2be38f0fa5318b8e15e2b8b6ba9e199438509
wav2vec2_large_robust,suta,152,stage5ext_00612,3dadaf13c9f244c187466942367d1da68cf1ba3fd4c5a5b27614964bc19565e566d5daea151b505599991d84b7d5faf8db2afc26f992b1bb7b99004b1f5b36f7,Canadian English,canada,Early units were re-built several times by the end of the war.,EARLY UNITS WERE REBUILT SEVERAL TIMES BY THE END OF THE WAR,e59e420c69c6161366cebcc7a7e2be38f0fa5318b8e15e2b8b6ba9e199438509
wav2vec2_large_robust,suta,153,stage5ext_00613,3dadaf13c9f244c187466942367d1da68cf1ba3fd4c5a5b27614964bc19565e566d5daea151b505599991d84b7d5faf8db2afc26f992b1bb7b99004b1f5b36f7,Canadian English,canada,They are two-stroke cycle and generally carbureted.,THEY ARE TWO STROKE CYCLES AND GENERALLY CARBURATED,98240919954a59460473b7bcdccd86a8acb5cc4350c8133caf77e71f61be6870
wav2vec2_large_robust,suta,153,stage5ext_00614,3dadaf13c9f244c187466942367d1da68cf1ba3fd4c5a5b27614964bc19565e566d5daea151b505599991d84b7d5faf8db2afc26f992b1bb7b99004b1f5b36f7,Canadian English,canada,Murphy's clean-living habits off the diamond were frequently noted in the media.,MURPHYS CLEAN LIVING HABITS OF THE DIAMOND WERE FREQUENTLY NOTED IN THE MEDIA,98240919954a59460473b7bcdccd86a8acb5cc4350c8133caf77e71f61be6870
wav2vec2_large_robust,suta,153,stage5ext_00615,3dadaf13c9f244c187466942367d1da68cf1ba3fd4c5a5b27614964bc19565e566d5daea151b505599991d84b7d5faf8db2afc26f992b1bb7b99004b1f5b36f7,Canadian English,canada,Sometimes even his authorship has been challenged on the grounds of weak poetic imagination.,SOMETIMES EVEN HIS AUTHORISHIP HAS BEEN CHALLENGED ON THE GROUNDS OF WEAK POETIC IMAGINATION,98240919954a59460473b7bcdccd86a8acb5cc4350c8133caf77e71f61be6870
wav2vec2_large_robust,suta,153,stage5ext_00616,7f88fdb59ecec75df8d06d03bc7fc4361b1824c772236491ccd731fb10f14e3cf7b550aaf16a4ef48e695b440eb33ebadf6f080d1c562a2d32c0a2a52bfae9e2,Canadian English,canada,"The dead soldiers were replaced by others, and life went on.",THE DEAD SOLDIERS WERE REPLACED BY OTHERS AND LIFE WENT ON,98240919954a59460473b7bcdccd86a8acb5cc4350c8133caf77e71f61be6870
wav2vec2_large_robust,suta,154,stage5ext_00617,7f88fdb59ecec75df8d06d03bc7fc4361b1824c772236491ccd731fb10f14e3cf7b550aaf16a4ef48e695b440eb33ebadf6f080d1c562a2d32c0a2a52bfae9e2,Canadian English,canada,His Internet connection was too slow.,HIS INTERNET CONNECTION WAS TOO SLOW,380a66e0a6a193dbe4cd74ac52525d3c34ca709922a931051b3439ce1ed73e57
wav2vec2_large_robust,suta,154,stage5ext_00618,7f88fdb59ecec75df8d06d03bc7fc4361b1824c772236491ccd731fb10f14e3cf7b550aaf16a4ef48e695b440eb33ebadf6f080d1c562a2d32c0a2a52bfae9e2,Canadian English,canada,"Listen and listen to me very closely, we call them lifts, not elevators.",LISTEN AND LISTEN TO ME VERY CLOSELY WE CALL THEM LIFTS NOT ELEVATORS,380a66e0a6a193dbe4cd74ac52525d3c34ca709922a931051b3439ce1ed73e57
wav2vec2_large_robust,suta,154,stage5ext_00619,7f88fdb59ecec75df8d06d03bc7fc4361b1824c772236491ccd731fb10f14e3cf7b550aaf16a4ef48e695b440eb33ebadf6f080d1c562a2d32c0a2a52bfae9e2,Canadian English,canada,"If you want to contradict what I just said, you will have to provide footnotes.",IF YOU WANT TO CONTRADICT WHAT I JUST SAID YOU WILL HAVE TO PROVIDE FOOTNOTES,380a66e0a6a193dbe4cd74ac52525d3c34ca709922a931051b3439ce1ed73e57
wav2vec2_large_robust,suta,154,stage5ext_00620,7f88fdb59ecec75df8d06d03bc7fc4361b1824c772236491ccd731fb10f14e3cf7b550aaf16a4ef48e695b440eb33ebadf6f080d1c562a2d32c0a2a52bfae9e2,Canadian English,canada,Backface culling is a common trick to accelerate Three-D rendering.,BACKFACE COLING IS A COMMON TRICK TO ACCELERATE THREEDE RENDERING,380a66e0a6a193dbe4cd74ac52525d3c34ca709922a931051b3439ce1ed73e57
wav2vec2_large_robust,suta,155,stage5ext_00621,7f88fdb59ecec75df8d06d03bc7fc4361b1824c772236491ccd731fb10f14e3cf7b550aaf16a4ef48e695b440eb33ebadf6f080d1c562a2d32c0a2a52bfae9e2,Canadian English,canada,Fatima was more important than his treasure.,FADIMA WAS MORE IMPORTANT THAN HIS TREASURE,df6d8b7851be159e26972d5d12447aca3d0928836bff86fa54a420007fa0500e
wav2vec2_large_robust,suta,155,stage5ext_00622,7f88fdb59ecec75df8d06d03bc7fc4361b1824c772236491ccd731fb10f14e3cf7b550aaf16a4ef48e695b440eb33ebadf6f080d1c562a2d32c0a2a52bfae9e2,Canadian English,canada,But it was not to be.,BUT IT WAS NOT TO BE,df6d8b7851be159e26972d5d12447aca3d0928836bff86fa54a420007fa0500e
wav2vec2_large_robust,suta,155,stage5ext_00623,7f88fdb59ecec75df8d06d03bc7fc4361b1824c772236491ccd731fb10f14e3cf7b550aaf16a4ef48e695b440eb33ebadf6f080d1c562a2d32c0a2a52bfae9e2,Canadian English,canada,Display a list of escape characters.,DISPLAY A LIST OF ESCAPE CHARACTERS,df6d8b7851be159e26972d5d12447aca3d0928836bff86fa54a420007fa0500e
wav2vec2_large_robust,suta,155,stage5ext_00624,7f88fdb59ecec75df8d06d03bc7fc4361b1824c772236491ccd731fb10f14e3cf7b550aaf16a4ef48e695b440eb33ebadf6f080d1c562a2d32c0a2a52bfae9e2,Canadian English,canada,The Englishman had several suitcases filled with books.,THE ENGLISHMAN HAD SEVERAL SUITCASES FILLED WITH BOOKS,df6d8b7851be159e26972d5d12447aca3d0928836bff86fa54a420007fa0500e
wav2vec2_large_robust,suta,156,stage5ext_00625,7f88fdb59ecec75df8d06d03bc7fc4361b1824c772236491ccd731fb10f14e3cf7b550aaf16a4ef48e695b440eb33ebadf6f080d1c562a2d32c0a2a52bfae9e2,Canadian English,canada,He just got a new kite for his birthday.,HE JUST GOT A NEW COAT FOR HIS BIRTHDAY,c4f40ce0697bd6933194fc471f609d22eec58a977a1400f1f07c502d7a563aed
wav2vec2_large_robust,suta,156,stage5ext_00626,7f88fdb59ecec75df8d06d03bc7fc4361b1824c772236491ccd731fb10f14e3cf7b550aaf16a4ef48e695b440eb33ebadf6f080d1c562a2d32c0a2a52bfae9e2,Canadian English,canada,"Well, it's a long list.",WELL IT'S A LONG LIST,c4f40ce0697bd6933194fc471f609d22eec58a977a1400f1f07c502d7a563aed
wav2vec2_large_robust,suta,156,stage5ext_00627,7f88fdb59ecec75df8d06d03bc7fc4361b1824c772236491ccd731fb10f14e3cf7b550aaf16a4ef48e695b440eb33ebadf6f080d1c562a2d32c0a2a52bfae9e2,Canadian English,canada,"One day, the earth began to tremble, and the Nile overflowed its banks.",ONE DAY THE EARTH BEGAN TO TREMBLE AND THE NILE OVERFLOWED ITS BANKS,c4f40ce0697bd6933194fc471f609d22eec58a977a1400f1f07c502d7a563aed
wav2vec2_large_robust,suta,156,stage5ext_00628,7f88fdb59ecec75df8d06d03bc7fc4361b1824c772236491ccd731fb10f14e3cf7b550aaf16a4ef48e695b440eb33ebadf6f080d1c562a2d32c0a2a52bfae9e2,Canadian English,canada,"The waitress was carrying an impressive amount of dinnerware, but then an earthquake occurred and she dropped it all.",THE WAITRESS WAS CARRYING AN IMPRESSIVE AMOUNT OF DINNERWARE BUT THEN AN EARTHQUAKE OCCURRED AND SHE DROPPED IT ALL,c4f40ce0697bd6933194fc471f609d22eec58a977a1400f1f07c502d7a563aed
wav2vec2_large_robust,suta,157,stage5ext_00629,7f88fdb59ecec75df8d06d03bc7fc4361b1824c772236491ccd731fb10f14e3cf7b550aaf16a4ef48e695b440eb33ebadf6f080d1c562a2d32c0a2a52bfae9e2,Canadian English,canada,Johnny Depp is reprising his role for the third time in the new film.,JOHNNI DEP IS REPRISING HIS ROL FOR THE THIRD TIME IN THE NEW FILM,2d6149a74642c63286b7daf20c9e3a44618e8691a088098c0f89866f2a7efd9d
wav2vec2_large_robust,suta,157,stage5ext_00630,7f88fdb59ecec75df8d06d03bc7fc4361b1824c772236491ccd731fb10f14e3cf7b550aaf16a4ef48e695b440eb33ebadf6f080d1c562a2d32c0a2a52bfae9e2,Canadian English,canada,The insurance policy will expire in twenty-twenty.,THE INSURANCE POLICY WILL EXPIRE IN TWENTY TWENTY,2d6149a74642c63286b7daf20c9e3a44618e8691a088098c0f89866f2a7efd9d
wav2vec2_large_robust,suta,157,stage5ext_00631,c351c258fb7f6fd98e2b6dccc6dcbad5257965c8aceac0c60ba5b390d3e326847e121870153e0c8b87504d77c2d7baab09aef2d54ecdf46d1134d28a49792650,Canadian English,canada,Who says I'm looking for a job?,WHO SAYS I'M LOOKING FOR A JOB,2d6149a74642c63286b7daf20c9e3a44618e8691a088098c0f89866f2a7efd9d
wav2vec2_large_robust,suta,157,stage5ext_00632,c351c258fb7f6fd98e2b6dccc6dcbad5257965c8aceac0c60ba5b390d3e326847e121870153e0c8b87504d77c2d7baab09aef2d54ecdf46d1134d28a49792650,Canadian English,canada,She apparently didn't listen.,SHE APPARENTLY DIDN'T LISTEN,2d6149a74642c63286b7daf20c9e3a44618e8691a088098c0f89866f2a7efd9d
wav2vec2_large_robust,suta,158,stage5ext_00633,c351c258fb7f6fd98e2b6dccc6dcbad5257965c8aceac0c60ba5b390d3e326847e121870153e0c8b87504d77c2d7baab09aef2d54ecdf46d1134d28a49792650,Canadian English,canada,Do you know him?,DO YOU KNOW HIM,996609570264804150c6134dd3fa02211f1a996752570e9ecd2ae55e3aa19eee
wav2vec2_large_robust,suta,158,stage5ext_00634,c351c258fb7f6fd98e2b6dccc6dcbad5257965c8aceac0c60ba5b390d3e326847e121870153e0c8b87504d77c2d7baab09aef2d54ecdf46d1134d28a49792650,Canadian English,canada,That's what I mean.,THAT'S WHAT I MEAN,996609570264804150c6134dd3fa02211f1a996752570e9ecd2ae55e3aa19eee
wav2vec2_large_robust,suta,158,stage5ext_00635,c351c258fb7f6fd98e2b6dccc6dcbad5257965c8aceac0c60ba5b390d3e326847e121870153e0c8b87504d77c2d7baab09aef2d54ecdf46d1134d28a49792650,Canadian English,canada,The rectangle was parallel to the square.,THE RECTANGLE WAS PARALEL TO THE SQUARE,996609570264804150c6134dd3fa02211f1a996752570e9ecd2ae55e3aa19eee
wav2vec2_large_robust,suta,158,stage5ext_00636,c351c258fb7f6fd98e2b6dccc6dcbad5257965c8aceac0c60ba5b390d3e326847e121870153e0c8b87504d77c2d7baab09aef2d54ecdf46d1134d28a49792650,Canadian English,canada,I wonder what's eating that old money grubbing buzzard anyway?,I WONDER WHAT'S EATING THAT OLD MONEY GRUBBING BUZZARD ANYWAY,996609570264804150c6134dd3fa02211f1a996752570e9ecd2ae55e3aa19eee
wav2vec2_large_robust,suta,159,stage5ext_00637,c351c258fb7f6fd98e2b6dccc6dcbad5257965c8aceac0c60ba5b390d3e326847e121870153e0c8b87504d77c2d7baab09aef2d54ecdf46d1134d28a49792650,Canadian English,canada,She's a wonderful person.,SHE IS A WONDERFUL PERSON,03241f31a9d4da034aa8febaa795a759e1b218963e29288bb8f84157489aa587
wav2vec2_large_robust,suta,159,stage5ext_00638,c351c258fb7f6fd98e2b6dccc6dcbad5257965c8aceac0c60ba5b390d3e326847e121870153e0c8b87504d77c2d7baab09aef2d54ecdf46d1134d28a49792650,Canadian English,canada,"It was not clear who had the right of way, since the traffic lights were off.",IT WAS NOT CLEAR WHO HAD THE RIGHT OF WAY SINCE THE TRAFIC LIGHTS WERE OFF,03241f31a9d4da034aa8febaa795a759e1b218963e29288bb8f84157489aa587
wav2vec2_large_robust,suta,159,stage5ext_00639,c351c258fb7f6fd98e2b6dccc6dcbad5257965c8aceac0c60ba5b390d3e326847e121870153e0c8b87504d77c2d7baab09aef2d54ecdf46d1134d28a49792650,Canadian English,canada,Your government is counting on you.,YOUR GOVERNMENT IS COUNTING ON YOU,03241f31a9d4da034aa8febaa795a759e1b218963e29288bb8f84157489aa587
wav2vec2_large_robust,suta,159,stage5ext_00640,c351c258fb7f6fd98e2b6dccc6dcbad5257965c8aceac0c60ba5b390d3e326847e121870153e0c8b87504d77c2d7baab09aef2d54ecdf46d1134d28a49792650,Canadian English,canada,Mollie did give her some kind of story.,MOLLI DID GIVE HER SOME KIND OF STORY,03241f31a9d4da034aa8febaa795a759e1b218963e29288bb8f84157489aa587
wav2vec2_large_robust,suta,160,stage5ext_00641,c351c258fb7f6fd98e2b6dccc6dcbad5257965c8aceac0c60ba5b390d3e326847e121870153e0c8b87504d77c2d7baab09aef2d54ecdf46d1134d28a49792650,Canadian English,canada,Fresh coffee is much better than the freeze dried stuff.,FRESH COFFEE IS MUCH BETTER THAN THE FREEZE DRIED STUFF,80c26ee978f4df2c38af57d6a6c9511cd35a670f94e963e0684cb95a44d8900f
wav2vec2_large_robust,suta,160,stage5ext_00642,c351c258fb7f6fd98e2b6dccc6dcbad5257965c8aceac0c60ba5b390d3e326847e121870153e0c8b87504d77c2d7baab09aef2d54ecdf46d1134d28a49792650,Canadian English,canada,Sandra read aloud the strange excerpt.,SANDRA READ ALOUD THE STRANGE EXERPT,80c26ee978f4df2c38af57d6a6c9511cd35a670f94e963e0684cb95a44d8900f
wav2vec2_large_robust,suta,160,stage5ext_00643,c351c258fb7f6fd98e2b6dccc6dcbad5257965c8aceac0c60ba5b390d3e326847e121870153e0c8b87504d77c2d7baab09aef2d54ecdf46d1134d28a49792650,Canadian English,canada,Denise hoovered the rug.,DENICE HOOVERED THE RUG,80c26ee978f4df2c38af57d6a6c9511cd35a670f94e963e0684cb95a44d8900f
wav2vec2_large_robust,suta,160,stage5ext_00644,c351c258fb7f6fd98e2b6dccc6dcbad5257965c8aceac0c60ba5b390d3e326847e121870153e0c8b87504d77c2d7baab09aef2d54ecdf46d1134d28a49792650,Canadian English,canada,He fondled his bright orange beard.,HE FONDLED HIS BRIGHT ORANGE BEARD,80c26ee978f4df2c38af57d6a6c9511cd35a670f94e963e0684cb95a44d8900f
wav2vec2_large_robust,suta,161,stage5ext_00645,c351c258fb7f6fd98e2b6dccc6dcbad5257965c8aceac0c60ba5b390d3e326847e121870153e0c8b87504d77c2d7baab09aef2d54ecdf46d1134d28a49792650,Canadian English,canada,I knew you'd wake up sooner or later!,I KNEW YOU'D WAKE UP SOONER OR LATER,34c699e82f14131492c0951f78d324a67b26f4c281c313414dc1fd2874adfe79
wav2vec2_large_robust,suta,161,stage5ext_00646,760d3165d3a07ad90ef4a2b9248bbf4ad9fb43b3d7a518ee594214a8cddc34fa81c1608244500a4e6c4c7a43bcc7aa747d4aaf12ec5ef17ace5bbaaded5a7c73,Canadian English,canada,"Washington Township was named for George Washington, first president of the United States.",WASHINGTON TOWNSHIP WAS NAMED FOR GEORGE WASHINGTON FIRST PRESIDENT OF THE UNITED STATES,34c699e82f14131492c0951f78d324a67b26f4c281c313414dc1fd2874adfe79
wav2vec2_large_robust,suta,161,stage5ext_00647,760d3165d3a07ad90ef4a2b9248bbf4ad9fb43b3d7a518ee594214a8cddc34fa81c1608244500a4e6c4c7a43bcc7aa747d4aaf12ec5ef17ace5bbaaded5a7c73,Canadian English,canada,Mount Berry was named after Berry College founder Martha Berry.,MALBURY WAS NAMED AFTER BERRY COLLEGE FOUNDER MARTHA BERRY,34c699e82f14131492c0951f78d324a67b26f4c281c313414dc1fd2874adfe79
wav2vec2_large_robust,suta,161,stage5ext_00648,760d3165d3a07ad90ef4a2b9248bbf4ad9fb43b3d7a518ee594214a8cddc34fa81c1608244500a4e6c4c7a43bcc7aa747d4aaf12ec5ef17ace5bbaaded5a7c73,Canadian English,canada,The boys and girls winners go to Birmingham for the Final Four tournament.,THE BOYS AND GIRLS WINNERS GO TO BIRMINGHAM FOR THE FINAL FOUR TOURNAMENT,34c699e82f14131492c0951f78d324a67b26f4c281c313414dc1fd2874adfe79
wav2vec2_large_robust,suta,162,stage5ext_00649,760d3165d3a07ad90ef4a2b9248bbf4ad9fb43b3d7a518ee594214a8cddc34fa81c1608244500a4e6c4c7a43bcc7aa747d4aaf12ec5ef17ace5bbaaded5a7c73,Canadian English,canada,"In the central business district, the main activities include welding, carpentry and masonry.",IN THE CENTRAL BUSINESS DISTRICT THE MAIN ACTIVITIES INCLUDE WILDING CARPENTRY AND MAZONRY,d5ad1e99ec0014e9c6191066f3af86362a23aaade793ce9d08761ecfc61f1dc1
wav2vec2_large_robust,suta,162,stage5ext_00650,760d3165d3a07ad90ef4a2b9248bbf4ad9fb43b3d7a518ee594214a8cddc34fa81c1608244500a4e6c4c7a43bcc7aa747d4aaf12ec5ef17ace5bbaaded5a7c73,Canadian English,canada,Drivers pass by Engineer Mountain and Twilight Peak before crossing Coal Bank Pass.,DRAVERS PASSE BY ENGINEER MOUNTAIN IN TWILIGHT PEAK BEFORE CROSSING COAL BANK PASS,d5ad1e99ec0014e9c6191066f3af86362a23aaade793ce9d08761ecfc61f1dc1
wav2vec2_large_robust,suta,162,stage5ext_00651,760d3165d3a07ad90ef4a2b9248bbf4ad9fb43b3d7a518ee594214a8cddc34fa81c1608244500a4e6c4c7a43bcc7aa747d4aaf12ec5ef17ace5bbaaded5a7c73,Canadian English,canada,The scope may provide direct visualization or may be attached to a video monitor.,THE SCOPE MAY PROVIDE DIRECT VISUALIZATION OR MAY BE ATTACHED TO A VIDIOMONITOR,d5ad1e99ec0014e9c6191066f3af86362a23aaade793ce9d08761ecfc61f1dc1
wav2vec2_large_robust,suta,162,stage5ext_00652,760d3165d3a07ad90ef4a2b9248bbf4ad9fb43b3d7a518ee594214a8cddc34fa81c1608244500a4e6c4c7a43bcc7aa747d4aaf12ec5ef17ace5bbaaded5a7c73,Canadian English,canada,Other scholars refute these arguments-particularly since Josephus describes some Essenes as allowing marriage.,OTHER SCHOLARS REFUTE THESE ARGUMENTS PARTICULARLY SINCE JOSEPHUS DESCRIBES SEME ASCENDS AS ALLOWING MARRIAGE,d5ad1e99ec0014e9c6191066f3af86362a23aaade793ce9d08761ecfc61f1dc1
wav2vec2_large_robust,suta,163,stage5ext_00653,760d3165d3a07ad90ef4a2b9248bbf4ad9fb43b3d7a518ee594214a8cddc34fa81c1608244500a4e6c4c7a43bcc7aa747d4aaf12ec5ef17ace5bbaaded5a7c73,Canadian English,canada,"Violence occurs in childhood sexual abuse, date rape, intimate partner violence, and sexual harassment.",VIOLENCE OCCURS IN CHILDHOOD SEXUAL ABUSE DATERATE INTIMATE PARTNER VIOLENCE AND SEXUAL HARASSMENT,e3fe051262f073526d0780c7d4813386050a8eb28a05fe38d1e54d708799c2dd
wav2vec2_large_robust,suta,163,stage5ext_00654,760d3165d3a07ad90ef4a2b9248bbf4ad9fb43b3d7a518ee594214a8cddc34fa81c1608244500a4e6c4c7a43bcc7aa747d4aaf12ec5ef17ace5bbaaded5a7c73,Canadian English,canada,Baby later changed his stage name to Birdman after the duo was dissolved.,BABY LATER CHANGE HIS STAGE NAME TO BIRDMAN AFTER THE DUO WAS DISSOLVED,e3fe051262f073526d0780c7d4813386050a8eb28a05fe38d1e54d708799c2dd
wav2vec2_large_robust,suta,163,stage5ext_00655,760d3165d3a07ad90ef4a2b9248bbf4ad9fb43b3d7a518ee594214a8cddc34fa81c1608244500a4e6c4c7a43bcc7aa747d4aaf12ec5ef17ace5bbaaded5a7c73,Canadian English,canada,Manufacturers of identification badges recognized a market and began advertising in periodicals.,MANUFACTURES OF IDENTIFICATION BADGES RECOGNIZED A MARKET AND BEGAN ADVERTISING IN PERIODICALS,e3fe051262f073526d0780c7d4813386050a8eb28a05fe38d1e54d708799c2dd
wav2vec2_large_robust,suta,163,stage5ext_00656,760d3165d3a07ad90ef4a2b9248bbf4ad9fb43b3d7a518ee594214a8cddc34fa81c1608244500a4e6c4c7a43bcc7aa747d4aaf12ec5ef17ace5bbaaded5a7c73,Canadian English,canada,Dozens of descriptions of Elizabeth on that day exist with slightly differing details.,DOZENS OF DESCRIPTIONS OF ELIZABETH ON THAT DAY EXIST WITH SLIGHTLY DIFFERRING DETAILS,e3fe051262f073526d0780c7d4813386050a8eb28a05fe38d1e54d708799c2dd
wav2vec2_large_robust,suta,164,stage5ext_00657,760d3165d3a07ad90ef4a2b9248bbf4ad9fb43b3d7a518ee594214a8cddc34fa81c1608244500a4e6c4c7a43bcc7aa747d4aaf12ec5ef17ace5bbaaded5a7c73,Canadian English,canada,However Victoria didn't develop any games.,HOWEVER VICTORIA DIDN'T DEVELOP ANY GAINS,f14b38c47f734bb1aedf9acda2edad333f1c7258fc2bd7550ed3945e6c652e77
wav2vec2_large_robust,suta,164,stage5ext_00658,760d3165d3a07ad90ef4a2b9248bbf4ad9fb43b3d7a518ee594214a8cddc34fa81c1608244500a4e6c4c7a43bcc7aa747d4aaf12ec5ef17ace5bbaaded5a7c73,Canadian English,canada,"Following Dunkirk, ""Jackal"" returned to the routine of convoy escort and patrols.",FOLLOWING DUNKIRK JACKAL RETURNED TO THE ROUTINE OF CONVOY ESCORT AND PATROLS,f14b38c47f734bb1aedf9acda2edad333f1c7258fc2bd7550ed3945e6c652e77
wav2vec2_large_robust,suta,164,stage5ext_00659,760d3165d3a07ad90ef4a2b9248bbf4ad9fb43b3d7a518ee594214a8cddc34fa81c1608244500a4e6c4c7a43bcc7aa747d4aaf12ec5ef17ace5bbaaded5a7c73,Canadian English,canada,O'Quinn held this role for all three seasons of the series.,OQUIN HELD THIS ROL FOR ALL THREE SEASONS OF THE SERIES,f14b38c47f734bb1aedf9acda2edad333f1c7258fc2bd7550ed3945e6c652e77
wav2vec2_large_robust,suta,164,stage5ext_00660,760d3165d3a07ad90ef4a2b9248bbf4ad9fb43b3d7a518ee594214a8cddc34fa81c1608244500a4e6c4c7a43bcc7aa747d4aaf12ec5ef17ace5bbaaded5a7c73,Canadian English,canada,Sartene wine is appreciated by wine connoisseurs for its good quality.,SACIN WINE IS APPRECIATED BY WINE CONISERS FOR ITS GOOD QUALITY,f14b38c47f734bb1aedf9acda2edad333f1c7258fc2bd7550ed3945e6c652e77
wav2vec2_large_robust,suta,165,stage5ext_00661,591dc19ef324950dafd8ce359e9711f332297ea7ff75da4847f4653c4698cfb4a469db4e15b5ea6b6512eb8f51f1b066477920287c57ae1056528e11c1bd1976,Canadian English,canada,It was returned to Prussia at the end of the war.,IT WAS RETURNED TO PRUSSIA AT THE END OF THE WAR,2a6fb6a6c535ca37b06c1835810b4a0956849af5db6e72679026568148122b0c
wav2vec2_large_robust,suta,165,stage5ext_00662,591dc19ef324950dafd8ce359e9711f332297ea7ff75da4847f4653c4698cfb4a469db4e15b5ea6b6512eb8f51f1b066477920287c57ae1056528e11c1bd1976,Canadian English,canada,It is now named Longton Exchange.,IT IS NOW NAMED LONGTON EXCHANGE,2a6fb6a6c535ca37b06c1835810b4a0956849af5db6e72679026568148122b0c
wav2vec2_large_robust,suta,165,stage5ext_00663,591dc19ef324950dafd8ce359e9711f332297ea7ff75da4847f4653c4698cfb4a469db4e15b5ea6b6512eb8f51f1b066477920287c57ae1056528e11c1bd1976,Canadian English,canada,Eddie Antar was eventually charged with a series of crimes.,EDI ANTAR WAS EVENTUALLY CHARGED WITH A SERIES OF CRIMES,2a6fb6a6c535ca37b06c1835810b4a0956849af5db6e72679026568148122b0c
wav2vec2_large_robust,suta,165,stage5ext_00664,591dc19ef324950dafd8ce359e9711f332297ea7ff75da4847f4653c4698cfb4a469db4e15b5ea6b6512eb8f51f1b066477920287c57ae1056528e11c1bd1976,Canadian English,canada,The monuments built by these Sultans were the first examples of Indo-Islamic Architecture.,THE MONUMENTS BUILT BY THESE SULTANS WERE THE FIRST EXAMPLES OF INDOISLAMIC ARCHITECTURE,2a6fb6a6c535ca37b06c1835810b4a0956849af5db6e72679026568148122b0c
wav2vec2_large_robust,suta,166,stage5ext_00665,591dc19ef324950dafd8ce359e9711f332297ea7ff75da4847f4653c4698cfb4a469db4e15b5ea6b6512eb8f51f1b066477920287c57ae1056528e11c1bd1976,Canadian English,canada,"She has two sisters, Laura Norris and Sarah McNeil, and a brother, Andrew McNeil.",SHE HAS TWO SISTERS LARA NORIS AND SARA MCNEEL AND A BROTHER ANDREW MCNEEL,8b69aece38a531ad56938bfe20000bcc2145a805b620db034f0800ec280e5f92
wav2vec2_large_robust,suta,166,stage5ext_00666,591dc19ef324950dafd8ce359e9711f332297ea7ff75da4847f4653c4698cfb4a469db4e15b5ea6b6512eb8f51f1b066477920287c57ae1056528e11c1bd1976,Canadian English,canada,"Earthquakes along the fault, and the associated earth movements, have formed the Southern Alps.",EARTHQUAKES ALONG THE FAULT AND THE ASSOCIATED EARTH MOVEMENTS HAVE FORMED THE SOUTHERN ALPS,8b69aece38a531ad56938bfe20000bcc2145a805b620db034f0800ec280e5f92
wav2vec2_large_robust,suta,166,stage5ext_00667,591dc19ef324950dafd8ce359e9711f332297ea7ff75da4847f4653c4698cfb4a469db4e15b5ea6b6512eb8f51f1b066477920287c57ae1056528e11c1bd1976,Canadian English,canada,Expression Encoder consists of two editions: A freeware edition and a commercial Pro edition.,EXPRESSION IN CODER CONSISTS OF TWO ADITIONS A FREEWARE EDITION AND A COMMERCIAL PRO EDITION,8b69aece38a531ad56938bfe20000bcc2145a805b620db034f0800ec280e5f92
wav2vec2_large_robust,suta,166,stage5ext_00668,591dc19ef324950dafd8ce359e9711f332297ea7ff75da4847f4653c4698cfb4a469db4e15b5ea6b6512eb8f51f1b066477920287c57ae1056528e11c1bd1976,Canadian English,canada,The couple's working relationship became personal and resulted in marriage the following year.,THE COUPLES WORKING RELATIONSHIP BECAME PERSONAL AND RESULTED IN MARRIAGE THE FOLLOWING YEAR,8b69aece38a531ad56938bfe20000bcc2145a805b620db034f0800ec280e5f92
wav2vec2_large_robust,suta,167,stage5ext_00669,591dc19ef324950dafd8ce359e9711f332297ea7ff75da4847f4653c4698cfb4a469db4e15b5ea6b6512eb8f51f1b066477920287c57ae1056528e11c1bd1976,Canadian English,canada,"Upon returning to the Mets, his career was reborn.",UPON RETURNING TO THE METS HIS CAREER WAS REBORN,3eac4a20e6937a5c256604ad948cee6366ebba6ea570294f7cfd3cb9b7adb82a
wav2vec2_large_robust,suta,167,stage5ext_00670,591dc19ef324950dafd8ce359e9711f332297ea7ff75da4847f4653c4698cfb4a469db4e15b5ea6b6512eb8f51f1b066477920287c57ae1056528e11c1bd1976,Canadian English,canada,"She was in the award-winning musical ""Light in the Piazza"" on Broadway.",SHE WAS IN THE AWARD WINNING MUSICAL LIGHT IN THE PIAZA ON BROADWAY,3eac4a20e6937a5c256604ad948cee6366ebba6ea570294f7cfd3cb9b7adb82a
wav2vec2_large_robust,suta,167,stage5ext_00671,591dc19ef324950dafd8ce359e9711f332297ea7ff75da4847f4653c4698cfb4a469db4e15b5ea6b6512eb8f51f1b066477920287c57ae1056528e11c1bd1976,Canadian English,canada,He then went on to a second career as a car racing driver.,HE THEN WENT ON TO A SECOND CAREER AS A CAR RACING DRIVER,3eac4a20e6937a5c256604ad948cee6366ebba6ea570294f7cfd3cb9b7adb82a
wav2vec2_large_robust,suta,167,stage5ext_00672,591dc19ef324950dafd8ce359e9711f332297ea7ff75da4847f4653c4698cfb4a469db4e15b5ea6b6512eb8f51f1b066477920287c57ae1056528e11c1bd1976,Canadian English,canada,"For Mainz, Joseph Ludwig Colmar was soon appointed as bishop.",FOR MEANS JOSEPH LUDWIG COMAR WAS SOON APPOINTED AS BISHOP,3eac4a20e6937a5c256604ad948cee6366ebba6ea570294f7cfd3cb9b7adb82a
wav2vec2_large_robust,suta,168,stage5ext_00673,591dc19ef324950dafd8ce359e9711f332297ea7ff75da4847f4653c4698cfb4a469db4e15b5ea6b6512eb8f51f1b066477920287c57ae1056528e11c1bd1976,Canadian English,canada,"He has been nicknamed ""The Man of a Thousand Voices"".",HE HAS BEEN NICKNAMED THE MAN OF A THOUSAND VOICES,a62b73d5f0ee4b4246bbc9787cfab280d1c68af17656792e161208ac3af2f93b
wav2vec2_large_robust,suta,168,stage5ext_00674,591dc19ef324950dafd8ce359e9711f332297ea7ff75da4847f4653c4698cfb4a469db4e15b5ea6b6512eb8f51f1b066477920287c57ae1056528e11c1bd1976,Canadian English,canada,He then teamed up Martin Salkin and Milt Gabler of Decca Records.,HE THEN TEAMED UP MARTIN SALCIN AND MILTGABLER OF DECO RECORDS,a62b73d5f0ee4b4246bbc9787cfab280d1c68af17656792e161208ac3af2f93b
wav2vec2_large_robust,suta,168,stage5ext_00675,591dc19ef324950dafd8ce359e9711f332297ea7ff75da4847f4653c4698cfb4a469db4e15b5ea6b6512eb8f51f1b066477920287c57ae1056528e11c1bd1976,Canadian English,canada,"They became most prominent in the Roman Republic, and continued into the Empire.",THEY BECAME THE MOST PROMINENT IN THE ROMAN REPUBLIC AND CONTINUED INTO THE EMPIRE,a62b73d5f0ee4b4246bbc9787cfab280d1c68af17656792e161208ac3af2f93b
wav2vec2_large_robust,suta,168,stage5ext_00676,87b42e85779256f12cd8467a8790384f4d1ba3aa2c3821b798e151f94702c8fecb77a8f125195bf02e72b9c5cf01c3d6ddda5e6d3aa87b4bc525756a8c2b8807,Canadian English,canada,East-southeast of Boussingault lies the crater Neumayer.,EAST SOUTHEAST OF BUSINGULT LIES THE CRATER NUMIR,a62b73d5f0ee4b4246bbc9787cfab280d1c68af17656792e161208ac3af2f93b
wav2vec2_large_robust,suta,169,stage5ext_00677,87b42e85779256f12cd8467a8790384f4d1ba3aa2c3821b798e151f94702c8fecb77a8f125195bf02e72b9c5cf01c3d6ddda5e6d3aa87b4bc525756a8c2b8807,Canadian English,canada,Recorded at the composer's studio under his supervision.,RECORDED AT THE COMPOSERS STUDIO UNDER HIS SUPERVISION,214b51407d09a449c2dcd6edb233460c92bb50c5fc578b7b1b3dae88c39188ff
wav2vec2_large_robust,suta,169,stage5ext_00678,87b42e85779256f12cd8467a8790384f4d1ba3aa2c3821b798e151f94702c8fecb77a8f125195bf02e72b9c5cf01c3d6ddda5e6d3aa87b4bc525756a8c2b8807,Canadian English,canada,Varied versions of the artwork within the album exist.,VARIED VERSIONS OF THE ARTWORK WITHIN THE ALBUM EXIST,214b51407d09a449c2dcd6edb233460c92bb50c5fc578b7b1b3dae88c39188ff
wav2vec2_large_robust,suta,169,stage5ext_00679,87b42e85779256f12cd8467a8790384f4d1ba3aa2c3821b798e151f94702c8fecb77a8f125195bf02e72b9c5cf01c3d6ddda5e6d3aa87b4bc525756a8c2b8807,Canadian English,canada,"Construction was conducted by Kassel, Germany-based Henschel.",CONSTRUCTION WAS CONDUCTED BY CASTLE GERMANY BASED HENCHEL,214b51407d09a449c2dcd6edb233460c92bb50c5fc578b7b1b3dae88c39188ff
wav2vec2_large_robust,suta,169,stage5ext_00680,87b42e85779256f12cd8467a8790384f4d1ba3aa2c3821b798e151f94702c8fecb77a8f125195bf02e72b9c5cf01c3d6ddda5e6d3aa87b4bc525756a8c2b8807,Canadian English,canada,He started reading novels and literature since he just finished the primary school.,HE STARTED READING NOVELS AND LITERATURE SINCE HE JUST FINISHED THE PRIMARY SCHOOL,214b51407d09a449c2dcd6edb233460c92bb50c5fc578b7b1b3dae88c39188ff
wav2vec2_large_robust,suta,170,stage5ext_00681,87b42e85779256f12cd8467a8790384f4d1ba3aa2c3821b798e151f94702c8fecb77a8f125195bf02e72b9c5cf01c3d6ddda5e6d3aa87b4bc525756a8c2b8807,Canadian English,canada,They won a majority of seats in every province and territory.,THEY WAN A MAJORITY OF SEATS IN EVERY PROVINCE AND TERRITORY,1bea99ca3504a236f957be13c64884644ac0b582c37b3abb8e7f01a2889fda65
wav2vec2_large_robust,suta,170,stage5ext_00682,87b42e85779256f12cd8467a8790384f4d1ba3aa2c3821b798e151f94702c8fecb77a8f125195bf02e72b9c5cf01c3d6ddda5e6d3aa87b4bc525756a8c2b8807,Canadian English,canada,Opposed to the more moderate Parchamis were the radical Khalq faction.,OPPOSED TO THE MORE MODERATE PARCHMETS WERE THE MORE RADICAL CALCFACTION,1bea99ca3504a236f957be13c64884644ac0b582c37b3abb8e7f01a2889fda65
wav2vec2_large_robust,suta,170,stage5ext_00683,87b42e85779256f12cd8467a8790384f4d1ba3aa2c3821b798e151f94702c8fecb77a8f125195bf02e72b9c5cf01c3d6ddda5e6d3aa87b4bc525756a8c2b8807,Canadian English,canada,Gyrich is also involved in hunting the Hulk after the events of Onslaught.,GYRICH IS ALSO INVOLVED IN HUNTING THE HULK AFTER THE EVENTS OF ONSLAUGHT,1bea99ca3504a236f957be13c64884644ac0b582c37b3abb8e7f01a2889fda65
wav2vec2_large_robust,suta,170,stage5ext_00684,87b42e85779256f12cd8467a8790384f4d1ba3aa2c3821b798e151f94702c8fecb77a8f125195bf02e72b9c5cf01c3d6ddda5e6d3aa87b4bc525756a8c2b8807,Canadian English,canada,It was also hosted by the team of Rich Landrum and Johnny Weaver.,IT WAS ALSO HOSTED BY THE TEAM OF RICH LANDRUM AND JOHNNY WEAVER,1bea99ca3504a236f957be13c64884644ac0b582c37b3abb8e7f01a2889fda65
wav2vec2_large_robust,suta,171,stage5ext_00685,87b42e85779256f12cd8467a8790384f4d1ba3aa2c3821b798e151f94702c8fecb77a8f125195bf02e72b9c5cf01c3d6ddda5e6d3aa87b4bc525756a8c2b8807,Canadian English,canada,"His cause for canonization was introduced by his religious order, the Basilian Alepian Order.",HIS CAUSE FOR CANONIZATION WAS INTRODUCED BY HIS RELIGIOUS ORDER THE BASILIAN ELYPIAN ORDER,0060ccc21bf5721794ec9b090e21923d87662c1a30632a6f73800bcf21c35c9b
wav2vec2_large_robust,suta,171,stage5ext_00686,87b42e85779256f12cd8467a8790384f4d1ba3aa2c3821b798e151f94702c8fecb77a8f125195bf02e72b9c5cf01c3d6ddda5e6d3aa87b4bc525756a8c2b8807,Canadian English,canada,"Terminals can be attacked and disabled, but not destroyed.",TERMINALS CAN BE ATTACKED AND DISABLED BUT NOT DESTROYED,0060ccc21bf5721794ec9b090e21923d87662c1a30632a6f73800bcf21c35c9b
wav2vec2_large_robust,suta,171,stage5ext_00687,87b42e85779256f12cd8467a8790384f4d1ba3aa2c3821b798e151f94702c8fecb77a8f125195bf02e72b9c5cf01c3d6ddda5e6d3aa87b4bc525756a8c2b8807,Canadian English,canada,They're going to see this as an historic time.,THEY'RE GOING TO SEE THIS AS A HISTORIC TIME,0060ccc21bf5721794ec9b090e21923d87662c1a30632a6f73800bcf21c35c9b
wav2vec2_large_robust,suta,171,stage5ext_00688,87b42e85779256f12cd8467a8790384f4d1ba3aa2c3821b798e151f94702c8fecb77a8f125195bf02e72b9c5cf01c3d6ddda5e6d3aa87b4bc525756a8c2b8807,Canadian English,canada,"Due to his high penance, Lord murugan appeared like snake to him.",DUE TO HIS HIGH PENANCE LORD MURAGAN APEARED LIKE SNAPE TO HIM,0060ccc21bf5721794ec9b090e21923d87662c1a30632a6f73800bcf21c35c9b
wav2vec2_large_robust,suta,172,stage5ext_00689,87b42e85779256f12cd8467a8790384f4d1ba3aa2c3821b798e151f94702c8fecb77a8f125195bf02e72b9c5cf01c3d6ddda5e6d3aa87b4bc525756a8c2b8807,Canadian English,canada,Consumption soon returned to normal however.,CONSUMPTION SOON RETURNED TO NORMAL HOWEVER,9cf98fdc6658888b16c761653ed83e3ca8db4ca1a5f8fb2cbef8315adb45fa40
wav2vec2_large_robust,suta,172,stage5ext_00690,87b42e85779256f12cd8467a8790384f4d1ba3aa2c3821b798e151f94702c8fecb77a8f125195bf02e72b9c5cf01c3d6ddda5e6d3aa87b4bc525756a8c2b8807,Canadian English,canada,"Alva was featured in the video game, ""Tony Hawk's American Wasteland"".",ALVA WAS FEATURED IN THE WINDOW GATE TONY HAWKS AMERICAN WASTELAND,9cf98fdc6658888b16c761653ed83e3ca8db4ca1a5f8fb2cbef8315adb45fa40
wav2vec2_large_robust,suta,172,stage5ext_00691,1bda50a4a88d77a1bc592a14e21c501410d6db026449e39808be8fdf0a370dcc6adb09567d53480b5796f2560267441eafe3faf65ae56ae50502479cbab97242,Canadian English,canada,"They found all sorts of drugs at Howard's house: Cocaine, meth, heroine...",THEY FOUND ALL SORTS OF DRUGS AT HOWARD'S HOUSE COCANE MF HEROINE,9cf98fdc6658888b16c761653ed83e3ca8db4ca1a5f8fb2cbef8315adb45fa40
wav2vec2_large_robust,suta,172,stage5ext_00692,1bda50a4a88d77a1bc592a14e21c501410d6db026449e39808be8fdf0a370dcc6adb09567d53480b5796f2560267441eafe3faf65ae56ae50502479cbab97242,Canadian English,canada,"Sure, I will be right back.",SURE I'LL BE RIGHT BAT,9cf98fdc6658888b16c761653ed83e3ca8db4ca1a5f8fb2cbef8315adb45fa40
wav2vec2_large_robust,suta,173,stage5ext_00693,1bda50a4a88d77a1bc592a14e21c501410d6db026449e39808be8fdf0a370dcc6adb09567d53480b5796f2560267441eafe3faf65ae56ae50502479cbab97242,Canadian English,canada,"When he got the call, Ali ran out of the store, down the street, and into the car.",WHEN HE GOT TO CALL ALI RAN OUT OF THE STORE DOWN THE STREET AND INTO THE CAR,5d5add619295ad4cdbdee7d72145042e2e5f8efff624ff8899c3adbbf9653958
wav2vec2_large_robust,suta,173,stage5ext_00694,1bda50a4a88d77a1bc592a14e21c501410d6db026449e39808be8fdf0a370dcc6adb09567d53480b5796f2560267441eafe3faf65ae56ae50502479cbab97242,Canadian English,canada,"As they began to decorate the hallway, a silhouette appeared in the doorway.",AS THEY BEGAN TO DECORATE THE HALWAY A SILOET APPEARED IN THE DOORWAY,5d5add619295ad4cdbdee7d72145042e2e5f8efff624ff8899c3adbbf9653958
wav2vec2_large_robust,suta,173,stage5ext_00695,1bda50a4a88d77a1bc592a14e21c501410d6db026449e39808be8fdf0a370dcc6adb09567d53480b5796f2560267441eafe3faf65ae56ae50502479cbab97242,Canadian English,canada,"Roaming endlessly around the park, she wants to go home.",ROAMING ENDLESSLY AROUND THE PARK SHE WANTS TO GO HOME,5d5add619295ad4cdbdee7d72145042e2e5f8efff624ff8899c3adbbf9653958
wav2vec2_large_robust,suta,173,stage5ext_00696,1bda50a4a88d77a1bc592a14e21c501410d6db026449e39808be8fdf0a370dcc6adb09567d53480b5796f2560267441eafe3faf65ae56ae50502479cbab97242,Canadian English,canada,"Hooray, we're going to Alaska!",HURE WE'RE GOING TO ALASKA,5d5add619295ad4cdbdee7d72145042e2e5f8efff624ff8899c3adbbf9653958
wav2vec2_large_robust,suta,174,stage5ext_00697,1bda50a4a88d77a1bc592a14e21c501410d6db026449e39808be8fdf0a370dcc6adb09567d53480b5796f2560267441eafe3faf65ae56ae50502479cbab97242,Canadian English,canada,"In the discotheque, the DJ played progressive house music and trance.",IN THE DISCOTEC THE D J PLAYED PROGRESSIVE HOUSE MUSIC AND TRANCE,a5670f981dfb44be8c6dc5851fbc64ee51a1749055ffbdda7065dcea6d54f1fa
wav2vec2_large_robust,suta,174,stage5ext_00698,1bda50a4a88d77a1bc592a14e21c501410d6db026449e39808be8fdf0a370dcc6adb09567d53480b5796f2560267441eafe3faf65ae56ae50502479cbab97242,Canadian English,canada,Susan is an artist who lives in Vermont.,SUSAN IS AN ARTIST WHO LIVES IN VERMONT,a5670f981dfb44be8c6dc5851fbc64ee51a1749055ffbdda7065dcea6d54f1fa
wav2vec2_large_robust,suta,174,stage5ext_00699,1bda50a4a88d77a1bc592a14e21c501410d6db026449e39808be8fdf0a370dcc6adb09567d53480b5796f2560267441eafe3faf65ae56ae50502479cbab97242,Canadian English,canada,What is the matter with you?,WHAT IS THE MATTER WITH YOU,a5670f981dfb44be8c6dc5851fbc64ee51a1749055ffbdda7065dcea6d54f1fa
wav2vec2_large_robust,suta,174,stage5ext_00700,1bda50a4a88d77a1bc592a14e21c501410d6db026449e39808be8fdf0a370dcc6adb09567d53480b5796f2560267441eafe3faf65ae56ae50502479cbab97242,Canadian English,canada,"She is a very smart lady, and I think she can figure it out.",SHE IS A VERY SMART LADY AND I THINK SHE CAN FIGURE IT OUT,a5670f981dfb44be8c6dc5851fbc64ee51a1749055ffbdda7065dcea6d54f1fa
wav2vec2_large_robust,suta,175,stage5ext_00701,1bda50a4a88d77a1bc592a14e21c501410d6db026449e39808be8fdf0a370dcc6adb09567d53480b5796f2560267441eafe3faf65ae56ae50502479cbab97242,Canadian English,canada,"Astronomy might be complicated, but it's not rocket science.",ASTRONOMY MIGHT BE COMPLICATED BUT ITS NOT ROCKET SCIENCE,161758bf0520315124b59b63c1da217b3ece5c497bb91474b7cca64785754615
wav2vec2_large_robust,suta,175,stage5ext_00702,1bda50a4a88d77a1bc592a14e21c501410d6db026449e39808be8fdf0a370dcc6adb09567d53480b5796f2560267441eafe3faf65ae56ae50502479cbab97242,Canadian English,canada,"Angela is pregnant, she told me.",ANGELA IS PREGNANT SHE TOLD ME,161758bf0520315124b59b63c1da217b3ece5c497bb91474b7cca64785754615
wav2vec2_large_robust,suta,175,stage5ext_00703,1bda50a4a88d77a1bc592a14e21c501410d6db026449e39808be8fdf0a370dcc6adb09567d53480b5796f2560267441eafe3faf65ae56ae50502479cbab97242,Canadian English,canada,"The diver forced open the oyster, revealing a shimmering pearl.",THE DIVER FORCED OPEN THE OYSTER REVEALING A SHIMMERING PEARL,161758bf0520315124b59b63c1da217b3ece5c497bb91474b7cca64785754615
wav2vec2_large_robust,suta,175,stage5ext_00704,1bda50a4a88d77a1bc592a14e21c501410d6db026449e39808be8fdf0a370dcc6adb09567d53480b5796f2560267441eafe3faf65ae56ae50502479cbab97242,Canadian English,canada,"Salmon is one of the most popular fish and very delicious, though usually not sustainable.",SAMON IS ONE OF THE MOST POPULAR FISH AND VERY DELICIOUS THOUGH USUALLY NOT SUSTAINABLE,161758bf0520315124b59b63c1da217b3ece5c497bb91474b7cca64785754615
wav2vec2_large_robust,suta,176,stage5ext_00705,1bda50a4a88d77a1bc592a14e21c501410d6db026449e39808be8fdf0a370dcc6adb09567d53480b5796f2560267441eafe3faf65ae56ae50502479cbab97242,Canadian English,canada,"This pepperoni tastes off, she said.",TES PAPARONE TASTES OF SHE SAID,f16dcd03e1fa6216a1b2ba8a1a056dd791716af3131feac86410f5030bc72efa
wav2vec2_large_robust,suta,176,stage5ext_00706,3609f33a23ed07b4e369020bc8bfcb519c8e108d2510cda5649a103fb8e4c9a120753d04b1cfbf9d5ebca2b2674d1f16d7269aa4d619254315923f04a0e8872a,Canadian English,canada,You might as well play Russian roulette.,YOU MIGHT AS WELL PLAY RUSSIAN RULET,f16dcd03e1fa6216a1b2ba8a1a056dd791716af3131feac86410f5030bc72efa
wav2vec2_large_robust,suta,176,stage5ext_00707,3609f33a23ed07b4e369020bc8bfcb519c8e108d2510cda5649a103fb8e4c9a120753d04b1cfbf9d5ebca2b2674d1f16d7269aa4d619254315923f04a0e8872a,Canadian English,canada,We are going to the football game tonight.,WE ARE GOING TO THE FOOTBALL GAME TONIGHT,f16dcd03e1fa6216a1b2ba8a1a056dd791716af3131feac86410f5030bc72efa
wav2vec2_large_robust,suta,176,stage5ext_00708,3609f33a23ed07b4e369020bc8bfcb519c8e108d2510cda5649a103fb8e4c9a120753d04b1cfbf9d5ebca2b2674d1f16d7269aa4d619254315923f04a0e8872a,Canadian English,canada,Send the stuff in a thick paper bag.,SEND THE STUFF IN A THICK PAPER BAG,f16dcd03e1fa6216a1b2ba8a1a056dd791716af3131feac86410f5030bc72efa
wav2vec2_large_robust,suta,177,stage5ext_00709,3609f33a23ed07b4e369020bc8bfcb519c8e108d2510cda5649a103fb8e4c9a120753d04b1cfbf9d5ebca2b2674d1f16d7269aa4d619254315923f04a0e8872a,Canadian English,canada,The early bird catches the worm.,THE EARLY BIRD CATCHES THE WORM,8f70e62704a898fa685db714b31342084387cacc011ca1c5e9452a4ac2313dfd
wav2vec2_large_robust,suta,177,stage5ext_00710,3609f33a23ed07b4e369020bc8bfcb519c8e108d2510cda5649a103fb8e4c9a120753d04b1cfbf9d5ebca2b2674d1f16d7269aa4d619254315923f04a0e8872a,Canadian English,canada,A toad and a frog are hard to tell apart.,A TOAD AND A FROG ARE HARD TO TELL APART,8f70e62704a898fa685db714b31342084387cacc011ca1c5e9452a4ac2313dfd
wav2vec2_large_robust,suta,177,stage5ext_00711,3609f33a23ed07b4e369020bc8bfcb519c8e108d2510cda5649a103fb8e4c9a120753d04b1cfbf9d5ebca2b2674d1f16d7269aa4d619254315923f04a0e8872a,Canadian English,canada,William ran down the street.,WILIAM RAN DOWN THE STREET,8f70e62704a898fa685db714b31342084387cacc011ca1c5e9452a4ac2313dfd
wav2vec2_large_robust,suta,177,stage5ext_00712,3609f33a23ed07b4e369020bc8bfcb519c8e108d2510cda5649a103fb8e4c9a120753d04b1cfbf9d5ebca2b2674d1f16d7269aa4d619254315923f04a0e8872a,Canadian English,canada,But it was not to be.,BUT IT WAS NOT TO BE,8f70e62704a898fa685db714b31342084387cacc011ca1c5e9452a4ac2313dfd
wav2vec2_large_robust,suta,178,stage5ext_00713,3609f33a23ed07b4e369020bc8bfcb519c8e108d2510cda5649a103fb8e4c9a120753d04b1cfbf9d5ebca2b2674d1f16d7269aa4d619254315923f04a0e8872a,Canadian English,canada,Add the sum to the product of these three.,ADD THE SUM TO THE PRODUCT OF THESE THREE,e7e5fdf04036c0fc61578ce0d2f17898364718aef59980007cf6157efc4010f2
wav2vec2_large_robust,suta,178,stage5ext_00714,3609f33a23ed07b4e369020bc8bfcb519c8e108d2510cda5649a103fb8e4c9a120753d04b1cfbf9d5ebca2b2674d1f16d7269aa4d619254315923f04a0e8872a,Canadian English,canada,Birds of a feather flock – together.,BIRDS OF A FEATHER FLOCK TOGETHER,e7e5fdf04036c0fc61578ce0d2f17898364718aef59980007cf6157efc4010f2
wav2vec2_large_robust,suta,178,stage5ext_00715,3609f33a23ed07b4e369020bc8bfcb519c8e108d2510cda5649a103fb8e4c9a120753d04b1cfbf9d5ebca2b2674d1f16d7269aa4d619254315923f04a0e8872a,Canadian English,canada,It was raised from everyone who entered the city during the celebration period.,IT WAS RAISED FROM EVERYONE WHO ENTERED THE CITY DURING THE CELEBRATION PERIOD,e7e5fdf04036c0fc61578ce0d2f17898364718aef59980007cf6157efc4010f2
wav2vec2_large_robust,suta,178,stage5ext_00716,3609f33a23ed07b4e369020bc8bfcb519c8e108d2510cda5649a103fb8e4c9a120753d04b1cfbf9d5ebca2b2674d1f16d7269aa4d619254315923f04a0e8872a,Canadian English,canada,A zestful food is the hot-cross bun.,A ZESTFUL FOOD IS THE HO CROSS BON,e7e5fdf04036c0fc61578ce0d2f17898364718aef59980007cf6157efc4010f2
wav2vec2_large_robust,suta,179,stage5ext_00717,3609f33a23ed07b4e369020bc8bfcb519c8e108d2510cda5649a103fb8e4c9a120753d04b1cfbf9d5ebca2b2674d1f16d7269aa4d619254315923f04a0e8872a,Canadian English,canada,Just as I thought!,JUST AS I THOUGHT,f0efc259713a07710541296a1f4f8178ef6bbd94c743dec47987fc1995b94612
wav2vec2_large_robust,suta,179,stage5ext_00718,3609f33a23ed07b4e369020bc8bfcb519c8e108d2510cda5649a103fb8e4c9a120753d04b1cfbf9d5ebca2b2674d1f16d7269aa4d619254315923f04a0e8872a,Canadian English,canada,Each penny shone like new.,EACH PENNY SHONE LIKE NEW,f0efc259713a07710541296a1f4f8178ef6bbd94c743dec47987fc1995b94612
wav2vec2_large_robust,suta,179,stage5ext_00719,3609f33a23ed07b4e369020bc8bfcb519c8e108d2510cda5649a103fb8e4c9a120753d04b1cfbf9d5ebca2b2674d1f16d7269aa4d619254315923f04a0e8872a,Canadian English,canada,Does that suit you?,DOES THAT SUIT YOU,f0efc259713a07710541296a1f4f8178ef6bbd94c743dec47987fc1995b94612
wav2vec2_large_robust,suta,179,stage5ext_00720,3609f33a23ed07b4e369020bc8bfcb519c8e108d2510cda5649a103fb8e4c9a120753d04b1cfbf9d5ebca2b2674d1f16d7269aa4d619254315923f04a0e8872a,Canadian English,canada,You may whistle for it.,YOU MAY WHISTLE FOR IT,f0efc259713a07710541296a1f4f8178ef6bbd94c743dec47987fc1995b94612
wav2vec2_large_robust,suta,180,stage5ext_00721,b93abbafef94b7d98a7356f6312da390c93f78376374ceb597ee3d26425dc05d7b3fe7fc290b835365c2ba77cf232a93597f059b5a2aaa5c715299a8614492e4,Canadian English,canada,"After leaving politics, Clement has held various paid and unpaid positions.",AFTER LEAVING POLITICS CLEMENT HAS HELD VARIOUS PAID AND UNPAID POSITIONS,6fb14e28d6c274e212a259d7e1e2936a369a3e6b7395c2f357fb4771ee9c8caa
wav2vec2_large_robust,suta,180,stage5ext_00722,b93abbafef94b7d98a7356f6312da390c93f78376374ceb597ee3d26425dc05d7b3fe7fc290b835365c2ba77cf232a93597f059b5a2aaa5c715299a8614492e4,Canadian English,canada,The same thing can happen to the player's bike.,THE SAME THING CAN HAPPEN TO THE PLAYER SPIKE,6fb14e28d6c274e212a259d7e1e2936a369a3e6b7395c2f357fb4771ee9c8caa
wav2vec2_large_robust,suta,180,stage5ext_00723,b93abbafef94b7d98a7356f6312da390c93f78376374ceb597ee3d26425dc05d7b3fe7fc290b835365c2ba77cf232a93597f059b5a2aaa5c715299a8614492e4,Canadian English,canada,She wanted to become a dancer but it didn't work out.,SHE WANTED TO BECOME A DANCER BUT IT DIDN'T WORK OUT,6fb14e28d6c274e212a259d7e1e2936a369a3e6b7395c2f357fb4771ee9c8caa
wav2vec2_large_robust,suta,180,stage5ext_00724,b93abbafef94b7d98a7356f6312da390c93f78376374ceb597ee3d26425dc05d7b3fe7fc290b835365c2ba77cf232a93597f059b5a2aaa5c715299a8614492e4,Canadian English,canada,At trial and appeal the claim was dismissed.,AT TRIAL AND APPEAL THE CLAIM WAS DISMISSED,6fb14e28d6c274e212a259d7e1e2936a369a3e6b7395c2f357fb4771ee9c8caa
wav2vec2_large_robust,suta,181,stage5ext_00725,b93abbafef94b7d98a7356f6312da390c93f78376374ceb597ee3d26425dc05d7b3fe7fc290b835365c2ba77cf232a93597f059b5a2aaa5c715299a8614492e4,Canadian English,canada,"Its headquarters is located in Chiyoda, Tokyo.",ITS HEADQUARTERS IS LOCATED IN CHIODA TOCIO,95046ae16bd4e06735dd4c1666d316cd7759ad962247f464b2269e3bba74ebde
wav2vec2_large_robust,suta,181,stage5ext_00726,b93abbafef94b7d98a7356f6312da390c93f78376374ceb597ee3d26425dc05d7b3fe7fc290b835365c2ba77cf232a93597f059b5a2aaa5c715299a8614492e4,Canadian English,canada,He was forbidden any further writing.,HE WAS FORBIDDEN ANY FURTHER WRITING,95046ae16bd4e06735dd4c1666d316cd7759ad962247f464b2269e3bba74ebde
wav2vec2_large_robust,suta,181,stage5ext_00727,b93abbafef94b7d98a7356f6312da390c93f78376374ceb597ee3d26425dc05d7b3fe7fc290b835365c2ba77cf232a93597f059b5a2aaa5c715299a8614492e4,Canadian English,canada,It offers yet another musical style change.,IT OFFERS YET ANOTHER MUSICAL STYLE CHANGE,95046ae16bd4e06735dd4c1666d316cd7759ad962247f464b2269e3bba74ebde
wav2vec2_large_robust,suta,181,stage5ext_00728,b93abbafef94b7d98a7356f6312da390c93f78376374ceb597ee3d26425dc05d7b3fe7fc290b835365c2ba77cf232a93597f059b5a2aaa5c715299a8614492e4,Canadian English,canada,The measured flux is proportional to the covariance.,THE MEASURED FLUX IS PROPORTIONAL TO THE COVARIENCE,95046ae16bd4e06735dd4c1666d316cd7759ad962247f464b2269e3bba74ebde
wav2vec2_large_robust,suta,182,stage5ext_00729,b93abbafef94b7d98a7356f6312da390c93f78376374ceb597ee3d26425dc05d7b3fe7fc290b835365c2ba77cf232a93597f059b5a2aaa5c715299a8614492e4,Canadian English,canada,Also on hand was the young comedian Richard Pryor.,ALSO ON HAND WAS THE YOUNG COMEDIAN RICHARD PRIOR,9639e21d28bc6a7ebd37e37351359a75da646efedd556791c156f3b881aa2e4f
wav2vec2_large_robust,suta,182,stage5ext_00730,b93abbafef94b7d98a7356f6312da390c93f78376374ceb597ee3d26425dc05d7b3fe7fc290b835365c2ba77cf232a93597f059b5a2aaa5c715299a8614492e4,Canadian English,canada,"He is an alumnus of Saratoga High School in Saratoga, California.",HE IS AN ALUMNUS OF SARATOGA HIGHSCHOOL IN SARATOGA CALIFORNIA,9639e21d28bc6a7ebd37e37351359a75da646efedd556791c156f3b881aa2e4f
wav2vec2_large_robust,suta,182,stage5ext_00731,b93abbafef94b7d98a7356f6312da390c93f78376374ceb597ee3d26425dc05d7b3fe7fc290b835365c2ba77cf232a93597f059b5a2aaa5c715299a8614492e4,Canadian English,canada,No cause was given and there were no immediate survivors.,NO CAUSE WAS GIVEN AND THERE WERE NO IMMEDIATE SURVIVORS,9639e21d28bc6a7ebd37e37351359a75da646efedd556791c156f3b881aa2e4f
wav2vec2_large_robust,suta,182,stage5ext_00732,b93abbafef94b7d98a7356f6312da390c93f78376374ceb597ee3d26425dc05d7b3fe7fc290b835365c2ba77cf232a93597f059b5a2aaa5c715299a8614492e4,Canadian English,canada,It is more applicable when there is a liquidity crunch in the market.,IT IS MORE APPLICABLE WHEN THERE IS A LIQUIDITY CRUNCH IN THE MARKET,9639e21d28bc6a7ebd37e37351359a75da646efedd556791c156f3b881aa2e4f
wav2vec2_large_robust,suta,183,stage5ext_00733,b93abbafef94b7d98a7356f6312da390c93f78376374ceb597ee3d26425dc05d7b3fe7fc290b835365c2ba77cf232a93597f059b5a2aaa5c715299a8614492e4,Canadian English,canada,There again he taught rhetoric for three years.,THERE AGAIN HE TAUGHT RETERIC FOR THREE YEARS,bf34d521d6ebb897a1e0c25d47131ef7d247fc6364362c5a28ea9a94d6fe00ce
wav2vec2_large_robust,suta,183,stage5ext_00734,b93abbafef94b7d98a7356f6312da390c93f78376374ceb597ee3d26425dc05d7b3fe7fc290b835365c2ba77cf232a93597f059b5a2aaa5c715299a8614492e4,Canadian English,canada,It is a potent skin irritant.,IT IS A POTENT SKIN IRRITANT,bf34d521d6ebb897a1e0c25d47131ef7d247fc6364362c5a28ea9a94d6fe00ce
wav2vec2_large_robust,suta,183,stage5ext_00735,b93abbafef94b7d98a7356f6312da390c93f78376374ceb597ee3d26425dc05d7b3fe7fc290b835365c2ba77cf232a93597f059b5a2aaa5c715299a8614492e4,Canadian English,canada,Westphal is a former assistant coach on Lionel Hollins' staff on the Brooklyn Nets.,WESTFALL IS A FORMER ASSISTANT COACH ON LIONEL HOLLANDS STAFF ON THE BRICKLIN NETS,bf34d521d6ebb897a1e0c25d47131ef7d247fc6364362c5a28ea9a94d6fe00ce
wav2vec2_large_robust,suta,183,stage5ext_00736,1225019d528d47c1a589b05ca13577c68d50b27cb794f00d65a7a4be094e4f5e9f0bc35233e80e36ddfba17fa9c185dec071949ab8a2dce2a58b5d4d9b49d290,Canadian English,canada,"Perhaps, you should just grow sea monkeys.",PERHAPS YOU SHOULD JUST GROW SEA MONKEYS,bf34d521d6ebb897a1e0c25d47131ef7d247fc6364362c5a28ea9a94d6fe00ce
wav2vec2_large_robust,suta,184,stage5ext_00737,1225019d528d47c1a589b05ca13577c68d50b27cb794f00d65a7a4be094e4f5e9f0bc35233e80e36ddfba17fa9c185dec071949ab8a2dce2a58b5d4d9b49d290,Canadian English,canada,"No, that was never his real plan.",NO THAT WAS NEVER HIS REAL PLAN,ce116815d5d1a7c3942a7a37843ff078acaa594738fe501ccbe3cd61f23eae56
wav2vec2_large_robust,suta,184,stage5ext_00738,1225019d528d47c1a589b05ca13577c68d50b27cb794f00d65a7a4be094e4f5e9f0bc35233e80e36ddfba17fa9c185dec071949ab8a2dce2a58b5d4d9b49d290,Canadian English,canada,Might I enquire as to whom I'm addressing?,MIGHT I INQUIRE AS TO WHOM IAM ADDRESSING,ce116815d5d1a7c3942a7a37843ff078acaa594738fe501ccbe3cd61f23eae56
wav2vec2_large_robust,suta,184,stage5ext_00739,1225019d528d47c1a589b05ca13577c68d50b27cb794f00d65a7a4be094e4f5e9f0bc35233e80e36ddfba17fa9c185dec071949ab8a2dce2a58b5d4d9b49d290,Canadian English,canada,"By increasing the salinity of the water, we alter its dew point.",BY INCREASING THE SALINITY OF THE WATER WE ALTER ITS DUE POINT,ce116815d5d1a7c3942a7a37843ff078acaa594738fe501ccbe3cd61f23eae56
wav2vec2_large_robust,suta,184,stage5ext_00740,1225019d528d47c1a589b05ca13577c68d50b27cb794f00d65a7a4be094e4f5e9f0bc35233e80e36ddfba17fa9c185dec071949ab8a2dce2a58b5d4d9b49d290,Canadian English,canada,"Deliberate slowly, execute promptly.",DELIBERATE SLOWLY EXECUTE PROMPTLY,ce116815d5d1a7c3942a7a37843ff078acaa594738fe501ccbe3cd61f23eae56
wav2vec2_large_robust,suta,185,stage5ext_00741,1225019d528d47c1a589b05ca13577c68d50b27cb794f00d65a7a4be094e4f5e9f0bc35233e80e36ddfba17fa9c185dec071949ab8a2dce2a58b5d4d9b49d290,Canadian English,canada,What am I to do?,WHAT AM I TO DO,79f131cec3c39cde56f5491ed8102a979105ec04a3f257188ae1605467f52676
wav2vec2_large_robust,suta,185,stage5ext_00742,1225019d528d47c1a589b05ca13577c68d50b27cb794f00d65a7a4be094e4f5e9f0bc35233e80e36ddfba17fa9c185dec071949ab8a2dce2a58b5d4d9b49d290,Canadian English,canada,"I've brought you some cheese, because I know you love cheese.",I'VE BROUGHT YOU SOME CHEESE BECAUSE I KNOW YOU LOVE CHEESE,79f131cec3c39cde56f5491ed8102a979105ec04a3f257188ae1605467f52676
wav2vec2_large_robust,suta,185,stage5ext_00743,1225019d528d47c1a589b05ca13577c68d50b27cb794f00d65a7a4be094e4f5e9f0bc35233e80e36ddfba17fa9c185dec071949ab8a2dce2a58b5d4d9b49d290,Canadian English,canada,"Easy come, easy go.",ISI COME EASY GO,79f131cec3c39cde56f5491ed8102a979105ec04a3f257188ae1605467f52676
wav2vec2_large_robust,suta,185,stage5ext_00744,1225019d528d47c1a589b05ca13577c68d50b27cb794f00d65a7a4be094e4f5e9f0bc35233e80e36ddfba17fa9c185dec071949ab8a2dce2a58b5d4d9b49d290,Canadian English,canada,"The builder placed the brick onto the plank of wood, so it would bend into shape.",THE BUILDER PLACED THE BRICK ONTO THE PLANK OF WOOD SO IT WOULD BEND INTO SHAPE,79f131cec3c39cde56f5491ed8102a979105ec04a3f257188ae1605467f52676
wav2vec2_large_robust,suta,186,stage5ext_00745,1225019d528d47c1a589b05ca13577c68d50b27cb794f00d65a7a4be094e4f5e9f0bc35233e80e36ddfba17fa9c185dec071949ab8a2dce2a58b5d4d9b49d290,Canadian English,canada,How does slow cooling of the hot gaseous state result in pure crystals?,HOW DE SLOW COOLING OF THE HOT GASEOUS STATE RESULT IN PURE CRYSTALS,5c64012fd1ef4b11a03ab510707e4712fd23e0e3523915e1b87b2deaa10c13ed
wav2vec2_large_robust,suta,186,stage5ext_00746,1225019d528d47c1a589b05ca13577c68d50b27cb794f00d65a7a4be094e4f5e9f0bc35233e80e36ddfba17fa9c185dec071949ab8a2dce2a58b5d4d9b49d290,Canadian English,canada,"He stood up, and by the time he went back to his seat everybody in the room was questioning the meaning of life.",HE STOOD UP AND BY THE TIME HE WENT BACK TO HIS SEAT EVERYBODY IN THE ROOM WAS QUESTIONING THE MEANING OF LIFE,5c64012fd1ef4b11a03ab510707e4712fd23e0e3523915e1b87b2deaa10c13ed
wav2vec2_large_robust,suta,186,stage5ext_00747,1225019d528d47c1a589b05ca13577c68d50b27cb794f00d65a7a4be094e4f5e9f0bc35233e80e36ddfba17fa9c185dec071949ab8a2dce2a58b5d4d9b49d290,Canadian English,canada,"This was a lie, and they all knew it.",THIS WAS A LIE AND THEY ALL KNEW IT,5c64012fd1ef4b11a03ab510707e4712fd23e0e3523915e1b87b2deaa10c13ed
wav2vec2_large_robust,suta,186,stage5ext_00748,1225019d528d47c1a589b05ca13577c68d50b27cb794f00d65a7a4be094e4f5e9f0bc35233e80e36ddfba17fa9c185dec071949ab8a2dce2a58b5d4d9b49d290,Canadian English,canada,"After lurking for a minute, the crocodile quickly sprang toward the young hippopotamus and ate it.",AFTER LURKING FOR A MINUTE THE CROCODILE QUICKLY SPRANG TOWARDS THE YOUNG HYPOPOTOMUS AND AT IT,5c64012fd1ef4b11a03ab510707e4712fd23e0e3523915e1b87b2deaa10c13ed
wav2vec2_large_robust,suta,187,stage5ext_00749,1225019d528d47c1a589b05ca13577c68d50b27cb794f00d65a7a4be094e4f5e9f0bc35233e80e36ddfba17fa9c185dec071949ab8a2dce2a58b5d4d9b49d290,Canadian English,canada,"When you're at a party and somebody says ""banana bread"", a sniper might be near you.",WHEN YOU'RE A PARTY AND SOMEONE SAYS BANANA BREAD A SNIPER MIGHT BE NEAR YOU,7fc9db33a6e58199dd167f656511c565c5bd086f30f3024308a393514aa871fc
wav2vec2_large_robust,suta,187,stage5ext_00750,1225019d528d47c1a589b05ca13577c68d50b27cb794f00d65a7a4be094e4f5e9f0bc35233e80e36ddfba17fa9c185dec071949ab8a2dce2a58b5d4d9b49d290,Canadian English,canada,Do you want me?,DO YOU WANT ME,7fc9db33a6e58199dd167f656511c565c5bd086f30f3024308a393514aa871fc
wav2vec2_large_robust,suta,187,stage5ext_00751,2365c450d92516275bba41aac73c5acf8ce75bf4896ecbd54c3eaa7f121b53488a25a234605d205f960767e2cb5f88d749e3a035ded3a2e9930f35c814bfd1f8,Irish English,ireland,Me and a friend of mine.,ME AND A FRIEND OF MINE,7fc9db33a6e58199dd167f656511c565c5bd086f30f3024308a393514aa871fc
wav2vec2_large_robust,suta,187,stage5ext_00752,2365c450d92516275bba41aac73c5acf8ce75bf4896ecbd54c3eaa7f121b53488a25a234605d205f960767e2cb5f88d749e3a035ded3a2e9930f35c814bfd1f8,Irish English,ireland,"For most owners of the car model, the issue isn't noticeable.",FOR MOST OWNERS OF THE CAR MODEL THE ISSUE ISNT NOTICEABLE,7fc9db33a6e58199dd167f656511c565c5bd086f30f3024308a393514aa871fc
wav2vec2_large_robust,suta,188,stage5ext_00753,2365c450d92516275bba41aac73c5acf8ce75bf4896ecbd54c3eaa7f121b53488a25a234605d205f960767e2cb5f88d749e3a035ded3a2e9930f35c814bfd1f8,Irish English,ireland,I'm afraid she'd feel ashamed to think she hadn't trusted you.,IAM AFRAID SHE'D FEEL ASHAMED TO THINK SHE HADN'T TRUSTED YOU,a425209a00d1217e9a81236934ff890148e130fb3a43fc29c61f74e8c727878e
wav2vec2_large_robust,suta,188,stage5ext_00754,2365c450d92516275bba41aac73c5acf8ce75bf4896ecbd54c3eaa7f121b53488a25a234605d205f960767e2cb5f88d749e3a035ded3a2e9930f35c814bfd1f8,Irish English,ireland,Thailand turned out to be a very satisfying holiday.,TYLAND TURNED OUT TO BE A VERY SATISFYING HOLIDAY,a425209a00d1217e9a81236934ff890148e130fb3a43fc29c61f74e8c727878e
wav2vec2_large_robust,suta,188,stage5ext_00755,2365c450d92516275bba41aac73c5acf8ce75bf4896ecbd54c3eaa7f121b53488a25a234605d205f960767e2cb5f88d749e3a035ded3a2e9930f35c814bfd1f8,Irish English,ireland,The execution was cancelled.,THE EXECUTION WAS CANCELLED,a425209a00d1217e9a81236934ff890148e130fb3a43fc29c61f74e8c727878e
wav2vec2_large_robust,suta,188,stage5ext_00756,2365c450d92516275bba41aac73c5acf8ce75bf4896ecbd54c3eaa7f121b53488a25a234605d205f960767e2cb5f88d749e3a035ded3a2e9930f35c814bfd1f8,Irish English,ireland,Sometimes I get so mad at you I can't see straight.,SOMETIMES I GET SO MAD AT YOU I CANT SEE STRAIT,a425209a00d1217e9a81236934ff890148e130fb3a43fc29c61f74e8c727878e
wav2vec2_large_robust,suta,189,stage5ext_00757,2365c450d92516275bba41aac73c5acf8ce75bf4896ecbd54c3eaa7f121b53488a25a234605d205f960767e2cb5f88d749e3a035ded3a2e9930f35c814bfd1f8,Irish English,ireland,Crooks don't pay taxes.,CROOKS DON'T PAY TAXES,6d14097363c1a2476b62cba1b04e70c296f15333c6a073dfcb09db2f9f6cce08
wav2vec2_large_robust,suta,189,stage5ext_00758,2365c450d92516275bba41aac73c5acf8ce75bf4896ecbd54c3eaa7f121b53488a25a234605d205f960767e2cb5f88d749e3a035ded3a2e9930f35c814bfd1f8,Irish English,ireland,Use the tool that's needed for the job.,USE THE TOOL THAT'S NEEDED FOR THE JOB,6d14097363c1a2476b62cba1b04e70c296f15333c6a073dfcb09db2f9f6cce08
wav2vec2_large_robust,suta,189,stage5ext_00759,2365c450d92516275bba41aac73c5acf8ce75bf4896ecbd54c3eaa7f121b53488a25a234605d205f960767e2cb5f88d749e3a035ded3a2e9930f35c814bfd1f8,Irish English,ireland,That guy is the writer of a few banned books.,THAT GY IS THE WRITER OF A FEW BOUND BOOKS,6d14097363c1a2476b62cba1b04e70c296f15333c6a073dfcb09db2f9f6cce08
wav2vec2_large_robust,suta,189,stage5ext_00760,2365c450d92516275bba41aac73c5acf8ce75bf4896ecbd54c3eaa7f121b53488a25a234605d205f960767e2cb5f88d749e3a035ded3a2e9930f35c814bfd1f8,Irish English,ireland,My cat loves to ensconce herself in my new sofa.,MY CAT LOVES TO ENSCONCE HERSELF IN MY NEW SOFA,6d14097363c1a2476b62cba1b04e70c296f15333c6a073dfcb09db2f9f6cce08
wav2vec2_large_robust,suta,190,stage5ext_00761,2365c450d92516275bba41aac73c5acf8ce75bf4896ecbd54c3eaa7f121b53488a25a234605d205f960767e2cb5f88d749e3a035ded3a2e9930f35c814bfd1f8,Irish English,ireland,"I feel sick, what should I do?",I FEEL SICK WHAT SHOULD I DO,16ea8a36ca10bebbf0dd00be8ca4130b06661dc7e62362e4cdceedca02c1878a
wav2vec2_large_robust,suta,190,stage5ext_00762,2365c450d92516275bba41aac73c5acf8ce75bf4896ecbd54c3eaa7f121b53488a25a234605d205f960767e2cb5f88d749e3a035ded3a2e9930f35c814bfd1f8,Irish English,ireland,I'm in a drugstore.,IM IN A DRUGSTORE,16ea8a36ca10bebbf0dd00be8ca4130b06661dc7e62362e4cdceedca02c1878a
wav2vec2_large_robust,suta,190,stage5ext_00763,2365c450d92516275bba41aac73c5acf8ce75bf4896ecbd54c3eaa7f121b53488a25a234605d205f960767e2cb5f88d749e3a035ded3a2e9930f35c814bfd1f8,Irish English,ireland,You know very well why.,YOU KNOW VERY WELL WHY,16ea8a36ca10bebbf0dd00be8ca4130b06661dc7e62362e4cdceedca02c1878a
wav2vec2_large_robust,suta,190,stage5ext_00764,2365c450d92516275bba41aac73c5acf8ce75bf4896ecbd54c3eaa7f121b53488a25a234605d205f960767e2cb5f88d749e3a035ded3a2e9930f35c814bfd1f8,Irish English,ireland,The cannibal was looking for another victim to appease his appetite.,THE CANNIBAL WAS LOOKING FOR ANOTHER VICTIM TO APPEASE HIS APPETITE,16ea8a36ca10bebbf0dd00be8ca4130b06661dc7e62362e4cdceedca02c1878a
wav2vec2_large_robust,suta,191,stage5ext_00765,2365c450d92516275bba41aac73c5acf8ce75bf4896ecbd54c3eaa7f121b53488a25a234605d205f960767e2cb5f88d749e3a035ded3a2e9930f35c814bfd1f8,Irish English,ireland,He could see tears in her eyes.,HE COULD SEE TEARS IN HER EYES,40b9ca09f99a12b46353b1c382dbc853273afc5e8d0f052197c2a928d5405694
wav2vec2_large_robust,suta,191,stage5ext_00766,06c53aec09bca54d5587147ee1bfcc0a9e2b4162fb75daa79b7fe286dfec0732ff4dcae7125393b19a31f66c66c4bd8cf89665b4dee7b446429efd029e225c59,Irish English,ireland,He later served as a prominent leader of the French Directory.,HE LATER SERVED AS A PROMINENT LEADER OF THE FRENCH DIRECTORY,40b9ca09f99a12b46353b1c382dbc853273afc5e8d0f052197c2a928d5405694
wav2vec2_large_robust,suta,191,stage5ext_00767,06c53aec09bca54d5587147ee1bfcc0a9e2b4162fb75daa79b7fe286dfec0732ff4dcae7125393b19a31f66c66c4bd8cf89665b4dee7b446429efd029e225c59,Irish English,ireland,She held this position for two years before Kim Raine replaced her.,SHE HELD THIS POSITION FOR TWO YEARS BEFORE KIMRAIN REPLACED HER,40b9ca09f99a12b46353b1c382dbc853273afc5e8d0f052197c2a928d5405694
wav2vec2_large_robust,suta,191,stage5ext_00768,06c53aec09bca54d5587147ee1bfcc0a9e2b4162fb75daa79b7fe286dfec0732ff4dcae7125393b19a31f66c66c4bd8cf89665b4dee7b446429efd029e225c59,Irish English,ireland,Fetsios competed in the two rifle events.,FETSIOS COMPETED IN THE TWO RIFLE EVENTS,40b9ca09f99a12b46353b1c382dbc853273afc5e8d0f052197c2a928d5405694
wav2vec2_large_robust,suta,192,stage5ext_00769,06c53aec09bca54d5587147ee1bfcc0a9e2b4162fb75daa79b7fe286dfec0732ff4dcae7125393b19a31f66c66c4bd8cf89665b4dee7b446429efd029e225c59,Irish English,ireland,"Because it is widely known, ""Lumbricus"" goes under a variety of common names.",BECAUSE IT IS WIDELY KNOWN LUMBRECUS GOES UNDER AVARIETY OF COMMON NAMES,5524bd3b94ce2e200764ce78a6ef1878e41097d3eb30380a98ab5d0230971d3b
wav2vec2_large_robust,suta,192,stage5ext_00770,06c53aec09bca54d5587147ee1bfcc0a9e2b4162fb75daa79b7fe286dfec0732ff4dcae7125393b19a31f66c66c4bd8cf89665b4dee7b446429efd029e225c59,Irish English,ireland,O'Farrell is a six-time winner of the Rotary cartoons award.,OFARO IS A SIX TIME WINNER OF THE ROSARY CARTOONS AWARD,5524bd3b94ce2e200764ce78a6ef1878e41097d3eb30380a98ab5d0230971d3b
wav2vec2_large_robust,suta,192,stage5ext_00771,06c53aec09bca54d5587147ee1bfcc0a9e2b4162fb75daa79b7fe286dfec0732ff4dcae7125393b19a31f66c66c4bd8cf89665b4dee7b446429efd029e225c59,Irish English,ireland,He was arrested and thrown in jail.,HE WAS ARRESTED AND THROWN IN JAIL,5524bd3b94ce2e200764ce78a6ef1878e41097d3eb30380a98ab5d0230971d3b
wav2vec2_large_robust,suta,192,stage5ext_00772,06c53aec09bca54d5587147ee1bfcc0a9e2b4162fb75daa79b7fe286dfec0732ff4dcae7125393b19a31f66c66c4bd8cf89665b4dee7b446429efd029e225c59,Irish English,ireland,"He was known as the leader of the ""fighting Quakers"".",HE WAS KNOWN AS THE LEADER OF THE FIGHTING QUAKERS,5524bd3b94ce2e200764ce78a6ef1878e41097d3eb30380a98ab5d0230971d3b
wav2vec2_large_robust,suta,193,stage5ext_00773,06c53aec09bca54d5587147ee1bfcc0a9e2b4162fb75daa79b7fe286dfec0732ff4dcae7125393b19a31f66c66c4bd8cf89665b4dee7b446429efd029e225c59,Irish English,ireland,He also served in both the Assembly and Senate of the California State Legislature.,HE ALSO SERVED IN BOTH THE ASSEMBLY AND SENATE OF THE CALIFORNIA STATE LEGISLATURE,b7826504dc4b5e44b23ec1ef14246a918e30be06a20f4c9a2facd4c6296fe0cc
wav2vec2_large_robust,suta,193,stage5ext_00774,06c53aec09bca54d5587147ee1bfcc0a9e2b4162fb75daa79b7fe286dfec0732ff4dcae7125393b19a31f66c66c4bd8cf89665b4dee7b446429efd029e225c59,Irish English,ireland,Many of the Gretna Girls lived in group hostels which were staffed by matrons.,MANY OF THE GRETNA GIRLS LIVED IN GROUP HOSTLES WHICH WERE STAFFED BY MATRONS,b7826504dc4b5e44b23ec1ef14246a918e30be06a20f4c9a2facd4c6296fe0cc
wav2vec2_large_robust,suta,193,stage5ext_00775,06c53aec09bca54d5587147ee1bfcc0a9e2b4162fb75daa79b7fe286dfec0732ff4dcae7125393b19a31f66c66c4bd8cf89665b4dee7b446429efd029e225c59,Irish English,ireland,The next day Delfino attacked.,THE NEXT DAY DELPINO ATTACKED,b7826504dc4b5e44b23ec1ef14246a918e30be06a20f4c9a2facd4c6296fe0cc
wav2vec2_large_robust,suta,193,stage5ext_00776,06c53aec09bca54d5587147ee1bfcc0a9e2b4162fb75daa79b7fe286dfec0732ff4dcae7125393b19a31f66c66c4bd8cf89665b4dee7b446429efd029e225c59,Irish English,ireland,See the article on Barnett for an outline of his ideas.,SEE THE ARTICLE ON BARNESH FOR AN OUTLINE OF HIS IDEAS,b7826504dc4b5e44b23ec1ef14246a918e30be06a20f4c9a2facd4c6296fe0cc
wav2vec2_large_robust,suta,194,stage5ext_00777,06c53aec09bca54d5587147ee1bfcc0a9e2b4162fb75daa79b7fe286dfec0732ff4dcae7125393b19a31f66c66c4bd8cf89665b4dee7b446429efd029e225c59,Irish English,ireland,"In addition, after German reunification, there were several Heiligenstadts in Germany.",IN ADDITION AFTER GERMAN REUNIFICATION THERE WERE SEVERAL HILENGENSTATS IN GERMANY,ecf4d73899fe6544aca71dadba1c2c82154c4c3ad90493e2cd843e9c59b33ed4
wav2vec2_large_robust,suta,194,stage5ext_00778,06c53aec09bca54d5587147ee1bfcc0a9e2b4162fb75daa79b7fe286dfec0732ff4dcae7125393b19a31f66c66c4bd8cf89665b4dee7b446429efd029e225c59,Irish English,ireland,"The Norse form of the name was ""Surkudalr"".",THE NORTH FORM OF THE NAME WAS CIRCUDELER,ecf4d73899fe6544aca71dadba1c2c82154c4c3ad90493e2cd843e9c59b33ed4
wav2vec2_large_robust,suta,194,stage5ext_00779,06c53aec09bca54d5587147ee1bfcc0a9e2b4162fb75daa79b7fe286dfec0732ff4dcae7125393b19a31f66c66c4bd8cf89665b4dee7b446429efd029e225c59,Irish English,ireland,But all this will be useless.,BUT ALL THIS WILL BE USELESS,ecf4d73899fe6544aca71dadba1c2c82154c4c3ad90493e2cd843e9c59b33ed4
wav2vec2_large_robust,suta,194,stage5ext_00780,06c53aec09bca54d5587147ee1bfcc0a9e2b4162fb75daa79b7fe286dfec0732ff4dcae7125393b19a31f66c66c4bd8cf89665b4dee7b446429efd029e225c59,Irish English,ireland,I'm a bit loath to say which!,I'M A BIT LOTH TO SAY WHICH,ecf4d73899fe6544aca71dadba1c2c82154c4c3ad90493e2cd843e9c59b33ed4
wav2vec2_large_robust,suta,195,stage5ext_00781,2bf1907838353bd4ff938cb357518af5cd662218dcf4e05e91bccb5c4981619def6e13f25156c63c468ac5e938051eb89983ae095606bc1ebcbe2aba77dbcf38,Irish English,ireland,Good luck on the way.,GOOD LUCK ON THE WAY,cd2bde96e616a03145459e71b2d03e87a5789a8a393601748911e1dc89061edb
wav2vec2_large_robust,suta,195,stage5ext_00782,2bf1907838353bd4ff938cb357518af5cd662218dcf4e05e91bccb5c4981619def6e13f25156c63c468ac5e938051eb89983ae095606bc1ebcbe2aba77dbcf38,Irish English,ireland,"Like her adored aunt, Paula Wessely prepared for an artistic career.",LIKE HER ADORED AUNT PAULA WESTLEY PREPARED FOR AN ARTISTIC CAREER,cd2bde96e616a03145459e71b2d03e87a5789a8a393601748911e1dc89061edb
wav2vec2_large_robust,suta,195,stage5ext_00783,2bf1907838353bd4ff938cb357518af5cd662218dcf4e05e91bccb5c4981619def6e13f25156c63c468ac5e938051eb89983ae095606bc1ebcbe2aba77dbcf38,Irish English,ireland,Fill your pack with bright trinkets for the poor.,FILL YOUR PACK WITH BRIGHT TRINKETS FOR THE POOR,cd2bde96e616a03145459e71b2d03e87a5789a8a393601748911e1dc89061edb
wav2vec2_large_robust,suta,195,stage5ext_00784,2bf1907838353bd4ff938cb357518af5cd662218dcf4e05e91bccb5c4981619def6e13f25156c63c468ac5e938051eb89983ae095606bc1ebcbe2aba77dbcf38,Irish English,ireland,The pigs and cows ran everywhere.,THE PIGS AND COWS RUN EVERYWHERE,cd2bde96e616a03145459e71b2d03e87a5789a8a393601748911e1dc89061edb
wav2vec2_large_robust,suta,196,stage5ext_00785,2bf1907838353bd4ff938cb357518af5cd662218dcf4e05e91bccb5c4981619def6e13f25156c63c468ac5e938051eb89983ae095606bc1ebcbe2aba77dbcf38,Irish English,ireland,"Mrs. McFarlane is a recent widow, versus Mr. McFarlane is alive but away.",MISSUS MCFARLEAN IS A RECENT WIDOW VERSAS MISTER MCFARLEAN IS ALIVE BUT AWAY,c64f391f66dc2ea2f5f85c08b9484dbe652ca313203e4e675bce2650401bc581
wav2vec2_large_robust,suta,196,stage5ext_00786,2bf1907838353bd4ff938cb357518af5cd662218dcf4e05e91bccb5c4981619def6e13f25156c63c468ac5e938051eb89983ae095606bc1ebcbe2aba77dbcf38,Irish English,ireland,He regretted not having made himself clearer.,HE REGRETTED NOT HAVING MADE HIMSELF CLEARER,c64f391f66dc2ea2f5f85c08b9484dbe652ca313203e4e675bce2650401bc581
wav2vec2_large_robust,suta,196,stage5ext_00787,2bf1907838353bd4ff938cb357518af5cd662218dcf4e05e91bccb5c4981619def6e13f25156c63c468ac5e938051eb89983ae095606bc1ebcbe2aba77dbcf38,Irish English,ireland,The omens have led me on a wild chase.,THE OMENS HAVE LED ME ON A WILD CHASE,c64f391f66dc2ea2f5f85c08b9484dbe652ca313203e4e675bce2650401bc581
wav2vec2_large_robust,suta,196,stage5ext_00788,2bf1907838353bd4ff938cb357518af5cd662218dcf4e05e91bccb5c4981619def6e13f25156c63c468ac5e938051eb89983ae095606bc1ebcbe2aba77dbcf38,Irish English,ireland,Rome was not built in a day.,ROME WAS NOT BUILT IN A DAY,c64f391f66dc2ea2f5f85c08b9484dbe652ca313203e4e675bce2650401bc581
wav2vec2_large_robust,suta,197,stage5ext_00789,2bf1907838353bd4ff938cb357518af5cd662218dcf4e05e91bccb5c4981619def6e13f25156c63c468ac5e938051eb89983ae095606bc1ebcbe2aba77dbcf38,Irish English,ireland,That's an inherent disadvantage.,THAT'S AN INHERENT DISADVANTAGE,cb73f490f7d5e65c16064a562c681d9a4ebaad2c22f21a125df5c4d5c7671712
wav2vec2_large_robust,suta,197,stage5ext_00790,2bf1907838353bd4ff938cb357518af5cd662218dcf4e05e91bccb5c4981619def6e13f25156c63c468ac5e938051eb89983ae095606bc1ebcbe2aba77dbcf38,Irish English,ireland,I wasn't certain it'd work at all yesterday.,I WASN'T CERTAIN IT OUD WORK AT ALL YESTERDAY,cb73f490f7d5e65c16064a562c681d9a4ebaad2c22f21a125df5c4d5c7671712
wav2vec2_large_robust,suta,197,stage5ext_00791,2bf1907838353bd4ff938cb357518af5cd662218dcf4e05e91bccb5c4981619def6e13f25156c63c468ac5e938051eb89983ae095606bc1ebcbe2aba77dbcf38,Irish English,ireland,The night becomes a turning point for all five men.,THE NICE BECAME A TURNING POINT FOR ALL FIVE MEN,cb73f490f7d5e65c16064a562c681d9a4ebaad2c22f21a125df5c4d5c7671712
wav2vec2_large_robust,suta,197,stage5ext_00792,2bf1907838353bd4ff938cb357518af5cd662218dcf4e05e91bccb5c4981619def6e13f25156c63c468ac5e938051eb89983ae095606bc1ebcbe2aba77dbcf38,Irish English,ireland,The population size depends on the nature of the problem.,THE POPULATION SLIES DEPENDS ON THE NATURE OF THE PROBLEM,cb73f490f7d5e65c16064a562c681d9a4ebaad2c22f21a125df5c4d5c7671712
wav2vec2_large_robust,suta,198,stage5ext_00793,2bf1907838353bd4ff938cb357518af5cd662218dcf4e05e91bccb5c4981619def6e13f25156c63c468ac5e938051eb89983ae095606bc1ebcbe2aba77dbcf38,Irish English,ireland,"Maxwell, who was killed in Wan Chai three days before the ceasefire.",MAXWELL HE WAS KILLED IN ONE CHY THREE DAYS BEFORE THE SET FIRE,6453d31afd73365339104a4557b0d0e2f0d5e73f2eeba477f91baacdf3ecf634
wav2vec2_large_robust,suta,198,stage5ext_00794,2bf1907838353bd4ff938cb357518af5cd662218dcf4e05e91bccb5c4981619def6e13f25156c63c468ac5e938051eb89983ae095606bc1ebcbe2aba77dbcf38,Irish English,ireland,A new broom sweeps clean What's bred in the bone.,A NEW BROOM SWEEPS CLEAN WHILE SPREADS IN THE BONE,6453d31afd73365339104a4557b0d0e2f0d5e73f2eeba477f91baacdf3ecf634
wav2vec2_large_robust,suta,198,stage5ext_00795,2bf1907838353bd4ff938cb357518af5cd662218dcf4e05e91bccb5c4981619def6e13f25156c63c468ac5e938051eb89983ae095606bc1ebcbe2aba77dbcf38,Irish English,ireland,The beauty of the view stunned the young boy.,THE BEAUTY OF THIS YOUTH STUNS THE YOUNG BOY,6453d31afd73365339104a4557b0d0e2f0d5e73f2eeba477f91baacdf3ecf634
wav2vec2_large_robust,suta,198,stage5ext_00796,f3ea04475e301f84785710b9c56023f3c81f7abff656d40e674db8acde55c748688d0a4285eb6e8ea7f4d8b1fb6c99ab3c7f7d460878c4193256a61831e17ce7,Irish English,ireland,Reddy and his wife have two daughters.,REDDY AND HIS WIFE HAVE TWO DAUGHTERS,6453d31afd73365339104a4557b0d0e2f0d5e73f2eeba477f91baacdf3ecf634
wav2vec2_large_robust,suta,199,stage5ext_00797,f3ea04475e301f84785710b9c56023f3c81f7abff656d40e674db8acde55c748688d0a4285eb6e8ea7f4d8b1fb6c99ab3c7f7d460878c4193256a61831e17ce7,Irish English,ireland,The Arab executive that emerged from that conference.,THE ARALD EXECUTIVE THAT EMERGED FROM THA CONFIRENCE,3f6ab5c621ca42d952673deb460040064b6e73e16c37ec98f33355909e81ca4a
wav2vec2_large_robust,suta,199,stage5ext_00798,f3ea04475e301f84785710b9c56023f3c81f7abff656d40e674db8acde55c748688d0a4285eb6e8ea7f4d8b1fb6c99ab3c7f7d460878c4193256a61831e17ce7,Irish English,ireland,The book goes further by examining irony and sarcasm.,THE BOOK GOES FURTHER BY EXAMINING IRONY AND SAPASN,3f6ab5c621ca42d952673deb460040064b6e73e16c37ec98f33355909e81ca4a
wav2vec2_large_robust,suta,199,stage5ext_00799,f3ea04475e301f84785710b9c56023f3c81f7abff656d40e674db8acde55c748688d0a4285eb6e8ea7f4d8b1fb6c99ab3c7f7d460878c4193256a61831e17ce7,Irish English,ireland,He is close to the Lebanese Forces.,HE IS CLOSE TO LEBONES FORCES,3f6ab5c621ca42d952673deb460040064b6e73e16c37ec98f33355909e81ca4a
wav2vec2_large_robust,suta,199,stage5ext_00800,f3ea04475e301f84785710b9c56023f3c81f7abff656d40e674db8acde55c748688d0a4285eb6e8ea7f4d8b1fb6c99ab3c7f7d460878c4193256a61831e17ce7,Irish English,ireland,Deane was overpowered and forced to surrender the prizes.,DEAS OVERPOWERED AND FORCED TO SURRENDER THE PRIZES,3f6ab5c621ca42d952673deb460040064b6e73e16c37ec98f33355909e81ca4a
wav2vec2_large_robust,suta,200,stage5ext_00801,f3ea04475e301f84785710b9c56023f3c81f7abff656d40e674db8acde55c748688d0a4285eb6e8ea7f4d8b1fb6c99ab3c7f7d460878c4193256a61831e17ce7,Irish English,ireland,He was her second husband and they had no children.,HE WAS HER SECOND HUSBAND AND THEY HAD NO CHILDREN,8a707ef34084d1339d72a377c88fb271e92ce0b9e018e6eb8512b4ec049307f3
wav2vec2_large_robust,suta,200,stage5ext_00802,f3ea04475e301f84785710b9c56023f3c81f7abff656d40e674db8acde55c748688d0a4285eb6e8ea7f4d8b1fb6c99ab3c7f7d460878c4193256a61831e17ce7,Irish English,ireland,The transports were presumably carrying prisoners from the British capture of Corsica.,THE TRANSPORTS WELE PRESUMABLY CARRYING PRISONERS ON THE BRITISH CAPTURE OF COSEVER,8a707ef34084d1339d72a377c88fb271e92ce0b9e018e6eb8512b4ec049307f3
wav2vec2_large_robust,suta,200,stage5ext_00803,f3ea04475e301f84785710b9c56023f3c81f7abff656d40e674db8acde55c748688d0a4285eb6e8ea7f4d8b1fb6c99ab3c7f7d460878c4193256a61831e17ce7,Irish English,ireland,They clear their stand that they will stand with all communities or caste.,THEY CLEAR THEIR STAND THAT THEY WILL STAND WITH ALL COMUNITIES OCASTE,8a707ef34084d1339d72a377c88fb271e92ce0b9e018e6eb8512b4ec049307f3
wav2vec2_large_robust,suta,200,stage5ext_00804,f3ea04475e301f84785710b9c56023f3c81f7abff656d40e674db8acde55c748688d0a4285eb6e8ea7f4d8b1fb6c99ab3c7f7d460878c4193256a61831e17ce7,Irish English,ireland,Lieutenant Colonel Bell was awarded his second Silver Star for his leadership.,LIEUTENANT COLONEL BELL WAS AWARDED HIS SECOND SILVER STAR FOR HIS LEADERSHIP,8a707ef34084d1339d72a377c88fb271e92ce0b9e018e6eb8512b4ec049307f3
wav2vec2_large_robust,suta,201,stage5ext_00805,f3ea04475e301f84785710b9c56023f3c81f7abff656d40e674db8acde55c748688d0a4285eb6e8ea7f4d8b1fb6c99ab3c7f7d460878c4193256a61831e17ce7,Irish English,ireland,The automobiles in the Miles Collier Collections at the Revs Institute are working vehicles.,THE AUTOMOBILES AND THE MILS CORIOR COLLECTIONS AF THE ROS INE CITI ARE WORKING VEHACLES,1d45388fbacffb44112655b2348edddbaeb610f6997e29777a418e526e74d42f
wav2vec2_large_robust,suta,201,stage5ext_00806,f3ea04475e301f84785710b9c56023f3c81f7abff656d40e674db8acde55c748688d0a4285eb6e8ea7f4d8b1fb6c99ab3c7f7d460878c4193256a61831e17ce7,Irish English,ireland,The town is located on the French way of the Camino de Santiago.,THE TOWNIS LOCATED ON THE FRENCH WAY OF CAMOO DE SANTIAGO,1d45388fbacffb44112655b2348edddbaeb610f6997e29777a418e526e74d42f
wav2vec2_large_robust,suta,201,stage5ext_00807,f3ea04475e301f84785710b9c56023f3c81f7abff656d40e674db8acde55c748688d0a4285eb6e8ea7f4d8b1fb6c99ab3c7f7d460878c4193256a61831e17ce7,Irish English,ireland,Bejarano chose to conduct instead of pursuing her doctorate.,BEGOANO CHOSE TO CONDUCT INSTEAD OF PURSUING HER DOCTOR,1d45388fbacffb44112655b2348edddbaeb610f6997e29777a418e526e74d42f
wav2vec2_large_robust,suta,201,stage5ext_00808,f3ea04475e301f84785710b9c56023f3c81f7abff656d40e674db8acde55c748688d0a4285eb6e8ea7f4d8b1fb6c99ab3c7f7d460878c4193256a61831e17ce7,Irish English,ireland,It has not been excavated.,IT HAS NOT BEEN EXCAVATED,1d45388fbacffb44112655b2348edddbaeb610f6997e29777a418e526e74d42f
wav2vec2_large_robust,suta,202,stage5ext_00809,f3ea04475e301f84785710b9c56023f3c81f7abff656d40e674db8acde55c748688d0a4285eb6e8ea7f4d8b1fb6c99ab3c7f7d460878c4193256a61831e17ce7,Irish English,ireland,The result was much the same as St.,THE RESULT WAS MUCH THE SAME AS SAT,580063e6fe445599e185c811fe77baa1c9a4ef8b748a6a805dede806eb8f668b
wav2vec2_large_robust,suta,202,stage5ext_00810,f3ea04475e301f84785710b9c56023f3c81f7abff656d40e674db8acde55c748688d0a4285eb6e8ea7f4d8b1fb6c99ab3c7f7d460878c4193256a61831e17ce7,Irish English,ireland,All four were shot in the United Kingdom.,ALL FOUR WERE SHUT IN THE UNITED KINGDOM,580063e6fe445599e185c811fe77baa1c9a4ef8b748a6a805dede806eb8f668b
wav2vec2_large_robust,suta,202,stage5ext_00811,98434a9a8b4630d9b92df639cfe24cc4aaa5f87868d474c89db46b5c64a423a9bd79967d06c7657d145d04e562a7f2a8c5293333078c2f76c2da86b6ddd14b97,Irish English,ireland,"He treats ""Greek love"" as central to Greek ""aesthetic morality.",HE TREATS GREEK LOVE AS CENTRAL TO GREEK ESTHETIC MORALITY,580063e6fe445599e185c811fe77baa1c9a4ef8b748a6a805dede806eb8f668b
wav2vec2_large_robust,suta,202,stage5ext_00812,98434a9a8b4630d9b92df639cfe24cc4aaa5f87868d474c89db46b5c64a423a9bd79967d06c7657d145d04e562a7f2a8c5293333078c2f76c2da86b6ddd14b97,Irish English,ireland,"The other is ""The Five Orange Pips"", part of ""The Adventures of Sherlock Holmes"".",THE OTHER IS THE FIVE ORANGE PIPS PART OF THE ADVENTURES OF CHERLOCK HOLMES,580063e6fe445599e185c811fe77baa1c9a4ef8b748a6a805dede806eb8f668b
wav2vec2_large_robust,suta,203,stage5ext_00813,98434a9a8b4630d9b92df639cfe24cc4aaa5f87868d474c89db46b5c64a423a9bd79967d06c7657d145d04e562a7f2a8c5293333078c2f76c2da86b6ddd14b97,Irish English,ireland,He used parallels and meridians to link together every place in the world.,HE USED PARALELS AND MIRIDIANS TO LINK TOGETHER EVERY PLACE IN THE WORLD,7946a7f21ba6c2339f46dc49c6fcf0d908ffb40e9ffdaca9a206e7331b8cc2ec
wav2vec2_large_robust,suta,203,stage5ext_00814,98434a9a8b4630d9b92df639cfe24cc4aaa5f87868d474c89db46b5c64a423a9bd79967d06c7657d145d04e562a7f2a8c5293333078c2f76c2da86b6ddd14b97,Irish English,ireland,"Some train sets use equipment owned by Metro-North, which are so marked.",SOME TRAINSETS USE EQUIPMENT OWNED BY METRO NORTH WHICH ARE SO MARKED,7946a7f21ba6c2339f46dc49c6fcf0d908ffb40e9ffdaca9a206e7331b8cc2ec
wav2vec2_large_robust,suta,203,stage5ext_00815,98434a9a8b4630d9b92df639cfe24cc4aaa5f87868d474c89db46b5c64a423a9bd79967d06c7657d145d04e562a7f2a8c5293333078c2f76c2da86b6ddd14b97,Irish English,ireland,Its county seat is Aspermont.,ITS COUNTY SEAT IS ASPIRMONT,7946a7f21ba6c2339f46dc49c6fcf0d908ffb40e9ffdaca9a206e7331b8cc2ec
wav2vec2_large_robust,suta,203,stage5ext_00816,98434a9a8b4630d9b92df639cfe24cc4aaa5f87868d474c89db46b5c64a423a9bd79967d06c7657d145d04e562a7f2a8c5293333078c2f76c2da86b6ddd14b97,Irish English,ireland,Urquhart was rewarded with the Norwegian Order of Saint Olav.,OKART WAS REWARDED WITH THE NORWEGIAN ORDER OF SAINT OLAF,7946a7f21ba6c2339f46dc49c6fcf0d908ffb40e9ffdaca9a206e7331b8cc2ec
wav2vec2_large_robust,suta,204,stage5ext_00817,98434a9a8b4630d9b92df639cfe24cc4aaa5f87868d474c89db46b5c64a423a9bd79967d06c7657d145d04e562a7f2a8c5293333078c2f76c2da86b6ddd14b97,Irish English,ireland,"However, gadolinite does not contain more than trace amounts of gadolinium.",HOWEVER GATALENICE DOES NOT CONTAIN MORE THAN TRACEMENTS OF GADOLINIUM,d0572366ff147a404a480919633bc646b20e641b57f98768d4d13c5e55f87f46
wav2vec2_large_robust,suta,204,stage5ext_00818,98434a9a8b4630d9b92df639cfe24cc4aaa5f87868d474c89db46b5c64a423a9bd79967d06c7657d145d04e562a7f2a8c5293333078c2f76c2da86b6ddd14b97,Irish English,ireland,It is still in circulation on radio.,IT IS STILL IN CIRCULATION ON RADIO,d0572366ff147a404a480919633bc646b20e641b57f98768d4d13c5e55f87f46
wav2vec2_large_robust,suta,204,stage5ext_00819,98434a9a8b4630d9b92df639cfe24cc4aaa5f87868d474c89db46b5c64a423a9bd79967d06c7657d145d04e562a7f2a8c5293333078c2f76c2da86b6ddd14b97,Irish English,ireland,"Bach heard about the audition for ""The Dukes of Hazzard"" through her husband.",BARK HURRIED ABOUT THE AUDITION FOR THE DUKES OF HAZARD THROUGH HER HUSBAND,d0572366ff147a404a480919633bc646b20e641b57f98768d4d13c5e55f87f46
wav2vec2_large_robust,suta,204,stage5ext_00820,98434a9a8b4630d9b92df639cfe24cc4aaa5f87868d474c89db46b5c64a423a9bd79967d06c7657d145d04e562a7f2a8c5293333078c2f76c2da86b6ddd14b97,Irish English,ireland,"Upon his appointment, he prohibited alcohol drinking among his players.",ON HIS APPOINTMENT HE PROHIBITES ALCAOL DRINKING AMONG HIS PLAYERS,d0572366ff147a404a480919633bc646b20e641b57f98768d4d13c5e55f87f46
wav2vec2_large_robust,suta,205,stage5ext_00821,98434a9a8b4630d9b92df639cfe24cc4aaa5f87868d474c89db46b5c64a423a9bd79967d06c7657d145d04e562a7f2a8c5293333078c2f76c2da86b6ddd14b97,Irish English,ireland,"All the Nevada sites below are gaming-entitled, unless otherwise noted.",ALL THE NEVADA SITS BELOW ARE GAMING ENTITLED UNLESS OTHERWISE NOTED,f5bb239c61178f257cf305c6d3bfc129b6475706189b36e8543c0a42821a2eed
wav2vec2_large_robust,suta,205,stage5ext_00822,98434a9a8b4630d9b92df639cfe24cc4aaa5f87868d474c89db46b5c64a423a9bd79967d06c7657d145d04e562a7f2a8c5293333078c2f76c2da86b6ddd14b97,Irish English,ireland,The defensive line was anchored by Pro Bowlers Tom Keating and Ben Davidson.,THE DEFENSIVE LINE WAS ANCHORED BY PERL BOWLERS TOM KEETING AND BEN DAVIDSON,f5bb239c61178f257cf305c6d3bfc129b6475706189b36e8543c0a42821a2eed
wav2vec2_large_robust,suta,205,stage5ext_00823,98434a9a8b4630d9b92df639cfe24cc4aaa5f87868d474c89db46b5c64a423a9bd79967d06c7657d145d04e562a7f2a8c5293333078c2f76c2da86b6ddd14b97,Irish English,ireland,May is also an accomplished singer.,MAY IS ALSO AN ACCOMPLISHED SINGER,f5bb239c61178f257cf305c6d3bfc129b6475706189b36e8543c0a42821a2eed
wav2vec2_large_robust,suta,205,stage5ext_00824,98434a9a8b4630d9b92df639cfe24cc4aaa5f87868d474c89db46b5c64a423a9bd79967d06c7657d145d04e562a7f2a8c5293333078c2f76c2da86b6ddd14b97,Irish English,ireland,Miriam appeared in the doorway.,MRIAM APPEARED IN THE DOORWAY,f5bb239c61178f257cf305c6d3bfc129b6475706189b36e8543c0a42821a2eed
wav2vec2_large_robust,suta,206,stage5ext_00825,98434a9a8b4630d9b92df639cfe24cc4aaa5f87868d474c89db46b5c64a423a9bd79967d06c7657d145d04e562a7f2a8c5293333078c2f76c2da86b6ddd14b97,Irish English,ireland,They were each sentenced to six months in jail.,THEY WERE EACH SENTENCED TO SIX MONTHS IN JAIL,f0fb3dcf983277d8ebc4116fad29d45bd88e9bfbf28f82273684757b8082b476
wav2vec2_large_robust,suta,206,stage5ext_00826,194875abc05277ec185b84e1233196c510a5057c4ac33820e8421f58778f054d7eebd2f70a62c96c79b93aa9f5cf99ec1e7e763ee45eed080dfa952fa8bdeb40,Irish English,ireland,The boy preferred wine.,THE BOY PREFERRED WINE,f0fb3dcf983277d8ebc4116fad29d45bd88e9bfbf28f82273684757b8082b476
wav2vec2_large_robust,suta,206,stage5ext_00827,194875abc05277ec185b84e1233196c510a5057c4ac33820e8421f58778f054d7eebd2f70a62c96c79b93aa9f5cf99ec1e7e763ee45eed080dfa952fa8bdeb40,Irish English,ireland,But he knew that Salem wasn't in Andalusia.,BUT HE KNEW THAT SALEM WASN'T IN ANDELUCIA,f0fb3dcf983277d8ebc4116fad29d45bd88e9bfbf28f82273684757b8082b476
wav2vec2_large_robust,suta,206,stage5ext_00828,194875abc05277ec185b84e1233196c510a5057c4ac33820e8421f58778f054d7eebd2f70a62c96c79b93aa9f5cf99ec1e7e763ee45eed080dfa952fa8bdeb40,Irish English,ireland,"He had found where his treasure was, and was frightened at what might happen.",HE HAD FOUND WHERE HIS TREASURE WAS AND WAS FRIGHTENED AT WHAT MIGHT HAPPEN,f0fb3dcf983277d8ebc4116fad29d45bd88e9bfbf28f82273684757b8082b476
wav2vec2_large_robust,suta,207,stage5ext_00829,194875abc05277ec185b84e1233196c510a5057c4ac33820e8421f58778f054d7eebd2f70a62c96c79b93aa9f5cf99ec1e7e763ee45eed080dfa952fa8bdeb40,Irish English,ireland,The boy was sad as he left her that day.,THE BOY WAS SAD AS HE LEFT HER THAT DAY,d1604084a5fb0d4f36a6382fbed10949a86ca9e6e80c94337747b8f2fa498bc1
wav2vec2_large_robust,suta,207,stage5ext_00830,194875abc05277ec185b84e1233196c510a5057c4ac33820e8421f58778f054d7eebd2f70a62c96c79b93aa9f5cf99ec1e7e763ee45eed080dfa952fa8bdeb40,Irish English,ireland,He didn't want to cry with the other people there.,HE DIDN'T WANT TO CRY WITH THE OTHER PEOPLE THERE,d1604084a5fb0d4f36a6382fbed10949a86ca9e6e80c94337747b8f2fa498bc1
wav2vec2_large_robust,suta,207,stage5ext_00831,194875abc05277ec185b84e1233196c510a5057c4ac33820e8421f58778f054d7eebd2f70a62c96c79b93aa9f5cf99ec1e7e763ee45eed080dfa952fa8bdeb40,Irish English,ireland,But horses tire bit by bit.,BUT HORSES TIRE BIT BY BIT,d1604084a5fb0d4f36a6382fbed10949a86ca9e6e80c94337747b8f2fa498bc1
wav2vec2_large_robust,suta,207,stage5ext_00832,194875abc05277ec185b84e1233196c510a5057c4ac33820e8421f58778f054d7eebd2f70a62c96c79b93aa9f5cf99ec1e7e763ee45eed080dfa952fa8bdeb40,Irish English,ireland,It was such a gradual movement that he found it only by noticing the dots.,IT WAS SUCH A GRADUAL MOVEMENT THAT HE FOUND IT ONLY BY NOTICING THE DARTS,d1604084a5fb0d4f36a6382fbed10949a86ca9e6e80c94337747b8f2fa498bc1
wav2vec2_large_robust,suta,208,stage5ext_00833,194875abc05277ec185b84e1233196c510a5057c4ac33820e8421f58778f054d7eebd2f70a62c96c79b93aa9f5cf99ec1e7e763ee45eed080dfa952fa8bdeb40,Irish English,ireland,"My seven year resume gap is marked ""Not Drugs"".",MY SEVEN YEAR RESEMAKE UP IS MARKED NOT DROKES,f2d71b8432e42145c2d24f75a40338c1a789dc4e111ae630161ccb60af45cc8c
wav2vec2_large_robust,suta,208,stage5ext_00834,194875abc05277ec185b84e1233196c510a5057c4ac33820e8421f58778f054d7eebd2f70a62c96c79b93aa9f5cf99ec1e7e763ee45eed080dfa952fa8bdeb40,Irish English,ireland,"I was scared, but wasted no time in going out and crossing the bridge to the sand pits.",I WAS SCARED BUT WASTED NO TIME IN GOING OUT AND CROSSING THE BRIDGE TO THE SANPITS,f2d71b8432e42145c2d24f75a40338c1a789dc4e111ae630161ccb60af45cc8c
wav2vec2_large_robust,suta,208,stage5ext_00835,194875abc05277ec185b84e1233196c510a5057c4ac33820e8421f58778f054d7eebd2f70a62c96c79b93aa9f5cf99ec1e7e763ee45eed080dfa952fa8bdeb40,Irish English,ireland,Several figures approached him.,SEVERAL FIGURES APPROACHED HIM,f2d71b8432e42145c2d24f75a40338c1a789dc4e111ae630161ccb60af45cc8c
wav2vec2_large_robust,suta,208,stage5ext_00836,194875abc05277ec185b84e1233196c510a5057c4ac33820e8421f58778f054d7eebd2f70a62c96c79b93aa9f5cf99ec1e7e763ee45eed080dfa952fa8bdeb40,Irish English,ireland,He paused for a moment to see if the woman knew what the Egyptian pyramids were.,HE PAUSED FOR A MOMENT TO SEE IF THE WOMAN KNEW WHAT THE EGYPTIAN PYRAMIDS WERE,f2d71b8432e42145c2d24f75a40338c1a789dc4e111ae630161ccb60af45cc8c
wav2vec2_large_robust,suta,209,stage5ext_00837,194875abc05277ec185b84e1233196c510a5057c4ac33820e8421f58778f054d7eebd2f70a62c96c79b93aa9f5cf99ec1e7e763ee45eed080dfa952fa8bdeb40,Irish English,ireland,"The alchemist stopped abruptly, and bent to the ground.",THE ALCHEMIST STOPPED ABRUPTLY AND BENT TO THE GROUND,dc66d4f39669913729e8d2ec6b3f6e2e4b50065d2f06b10b2871f519ec86892b
wav2vec2_large_robust,suta,209,stage5ext_00838,194875abc05277ec185b84e1233196c510a5057c4ac33820e8421f58778f054d7eebd2f70a62c96c79b93aa9f5cf99ec1e7e763ee45eed080dfa952fa8bdeb40,Irish English,ireland,The two were taken to a nearby military camp.,THE TWO WERE TAKEN TO A NEARBY MILITARY CAMP,dc66d4f39669913729e8d2ec6b3f6e2e4b50065d2f06b10b2871f519ec86892b
wav2vec2_large_robust,suta,209,stage5ext_00839,194875abc05277ec185b84e1233196c510a5057c4ac33820e8421f58778f054d7eebd2f70a62c96c79b93aa9f5cf99ec1e7e763ee45eed080dfa952fa8bdeb40,Irish English,ireland,That he had attended a seminary until he was sixteen.,THAT HE HAD ATTENDED THE SEMINARY UNTIL HE WAS SIXTEEN,dc66d4f39669913729e8d2ec6b3f6e2e4b50065d2f06b10b2871f519ec86892b
wav2vec2_large_robust,suta,209,stage5ext_00840,194875abc05277ec185b84e1233196c510a5057c4ac33820e8421f58778f054d7eebd2f70a62c96c79b93aa9f5cf99ec1e7e763ee45eed080dfa952fa8bdeb40,Irish English,ireland,It seems old and wise.,IT SEEMS OLD AND WISE,dc66d4f39669913729e8d2ec6b3f6e2e4b50065d2f06b10b2871f519ec86892b
wav2vec2_large_robust,suta,210,stage5ext_00841,672a3259269b97062367fcafac924cb6013a30f9e34c09eff5c41b6d81f8a9b8e797beba73bbe770cb6ecdcdcc0039306ffae6e7c53294f92803666e3fa86b1b,Irish English,ireland,"To be fully funded, some lending must occur.",TO BE FULLY FUNDED SOME LENDING MUST OCUR,5773e7d8c3b531df3dd0dce3319521c803172424c992173bb916a68bf1f6dbca
wav2vec2_large_robust,suta,210,stage5ext_00842,672a3259269b97062367fcafac924cb6013a30f9e34c09eff5c41b6d81f8a9b8e797beba73bbe770cb6ecdcdcc0039306ffae6e7c53294f92803666e3fa86b1b,Irish English,ireland,What'll it take till the bank reopens?,WHATILL IT TAKE TILL THE BANK REOPENS,5773e7d8c3b531df3dd0dce3319521c803172424c992173bb916a68bf1f6dbca
wav2vec2_large_robust,suta,210,stage5ext_00843,672a3259269b97062367fcafac924cb6013a30f9e34c09eff5c41b6d81f8a9b8e797beba73bbe770cb6ecdcdcc0039306ffae6e7c53294f92803666e3fa86b1b,Irish English,ireland,I don't think this theory explains why the particles attract each other this strongly.,I DON'T THINK THIS THEORY EXPLAINS WHY THE PARTICLES ATTRACT EACH OTHER THIS STRONGLY,5773e7d8c3b531df3dd0dce3319521c803172424c992173bb916a68bf1f6dbca
wav2vec2_large_robust,suta,210,stage5ext_00844,672a3259269b97062367fcafac924cb6013a30f9e34c09eff5c41b6d81f8a9b8e797beba73bbe770cb6ecdcdcc0039306ffae6e7c53294f92803666e3fa86b1b,Irish English,ireland,Do you mean the speech you're writing?,DO YOU MEAN THE SPEECH YOUR WRITING,5773e7d8c3b531df3dd0dce3319521c803172424c992173bb916a68bf1f6dbca
wav2vec2_large_robust,suta,211,stage5ext_00845,672a3259269b97062367fcafac924cb6013a30f9e34c09eff5c41b6d81f8a9b8e797beba73bbe770cb6ecdcdcc0039306ffae6e7c53294f92803666e3fa86b1b,Irish English,ireland,And there you were in bed.,AND TERE YOU WERE IN BED,c43bb3d5dde466e1c800542e82f6e7744fa7e50e8817cfc392503ff56a23b921
wav2vec2_large_robust,suta,211,stage5ext_00846,672a3259269b97062367fcafac924cb6013a30f9e34c09eff5c41b6d81f8a9b8e797beba73bbe770cb6ecdcdcc0039306ffae6e7c53294f92803666e3fa86b1b,Irish English,ireland,I admit that I'm an alcoholic.,I ADMIT THAT I'M AN ALCOLIC,c43bb3d5dde466e1c800542e82f6e7744fa7e50e8817cfc392503ff56a23b921
wav2vec2_large_robust,suta,211,stage5ext_00847,672a3259269b97062367fcafac924cb6013a30f9e34c09eff5c41b6d81f8a9b8e797beba73bbe770cb6ecdcdcc0039306ffae6e7c53294f92803666e3fa86b1b,Irish English,ireland,What's that got to do with it?,WHATS THAT GOT TO DO WITH IT,c43bb3d5dde466e1c800542e82f6e7744fa7e50e8817cfc392503ff56a23b921
wav2vec2_large_robust,suta,211,stage5ext_00848,672a3259269b97062367fcafac924cb6013a30f9e34c09eff5c41b6d81f8a9b8e797beba73bbe770cb6ecdcdcc0039306ffae6e7c53294f92803666e3fa86b1b,Irish English,ireland,This investment won't pay off.,THIS INVESTMENT WONT PAY OFF,c43bb3d5dde466e1c800542e82f6e7744fa7e50e8817cfc392503ff56a23b921
wav2vec2_large_robust,suta,212,stage5ext_00849,672a3259269b97062367fcafac924cb6013a30f9e34c09eff5c41b6d81f8a9b8e797beba73bbe770cb6ecdcdcc0039306ffae6e7c53294f92803666e3fa86b1b,Irish English,ireland,And don't forget to make him wear his raincoat in London.,AND DON'T FORGET TO MAKE HIM WEAR HIS REINCOAT IN LONDON,21868e01b8fa14a66398b044e1f654706a12cb1d117709e841fe66e4dd94be60
wav2vec2_large_robust,suta,212,stage5ext_00850,672a3259269b97062367fcafac924cb6013a30f9e34c09eff5c41b6d81f8a9b8e797beba73bbe770cb6ecdcdcc0039306ffae6e7c53294f92803666e3fa86b1b,Irish English,ireland,This peach tart is tasty.,THIS PEACH TART IS TASTY,21868e01b8fa14a66398b044e1f654706a12cb1d117709e841fe66e4dd94be60
wav2vec2_large_robust,suta,212,stage5ext_00851,672a3259269b97062367fcafac924cb6013a30f9e34c09eff5c41b6d81f8a9b8e797beba73bbe770cb6ecdcdcc0039306ffae6e7c53294f92803666e3fa86b1b,Irish English,ireland,I didn't say anything.,I DIDN'T SAY ANYTHING,21868e01b8fa14a66398b044e1f654706a12cb1d117709e841fe66e4dd94be60
wav2vec2_large_robust,suta,212,stage5ext_00852,672a3259269b97062367fcafac924cb6013a30f9e34c09eff5c41b6d81f8a9b8e797beba73bbe770cb6ecdcdcc0039306ffae6e7c53294f92803666e3fa86b1b,Irish English,ireland,I don't care what you say.,I DON'T CARE WHAT YOU SAY,21868e01b8fa14a66398b044e1f654706a12cb1d117709e841fe66e4dd94be60
wav2vec2_large_robust,suta,213,stage5ext_00853,672a3259269b97062367fcafac924cb6013a30f9e34c09eff5c41b6d81f8a9b8e797beba73bbe770cb6ecdcdcc0039306ffae6e7c53294f92803666e3fa86b1b,Irish English,ireland,I can't find it anywhere.,I CAN'T FIND IT ANYWHERE,6345af7c5d426e2a9b0480f789e7839c5220c80c78e2741dca6c4ada6763c6c3
wav2vec2_large_robust,suta,213,stage5ext_00854,672a3259269b97062367fcafac924cb6013a30f9e34c09eff5c41b6d81f8a9b8e797beba73bbe770cb6ecdcdcc0039306ffae6e7c53294f92803666e3fa86b1b,Irish English,ireland,"If a pen has no ink, it's broken.",IF A PEN HAS NO INK ITS BROKEN,6345af7c5d426e2a9b0480f789e7839c5220c80c78e2741dca6c4ada6763c6c3
wav2vec2_large_robust,suta,213,stage5ext_00855,672a3259269b97062367fcafac924cb6013a30f9e34c09eff5c41b6d81f8a9b8e797beba73bbe770cb6ecdcdcc0039306ffae6e7c53294f92803666e3fa86b1b,Irish English,ireland,The houses were squashed together like sardines.,THE HOUSES WERE SQUASHED TOGETHER LIKE SARDINES,6345af7c5d426e2a9b0480f789e7839c5220c80c78e2741dca6c4ada6763c6c3
wav2vec2_large_robust,suta,213,stage5ext_00856,02cb893287feb15b25162b42913f21d4cef7b8b96119618c39ad96f550afc59fc5cb33155d5a3142b86ea467935fa50993f69d0e0aebf5f8b22f2a05004d4165,Irish English,ireland,To nourish the falcon.,TO NOURISH THE FALCON,6345af7c5d426e2a9b0480f789e7839c5220c80c78e2741dca6c4ada6763c6c3
wav2vec2_large_robust,suta,214,stage5ext_00857,02cb893287feb15b25162b42913f21d4cef7b8b96119618c39ad96f550afc59fc5cb33155d5a3142b86ea467935fa50993f69d0e0aebf5f8b22f2a05004d4165,Irish English,ireland,"There's gold here, he said.",THEREIS GOLD HERE HE SAID,5edd6a08e477df919fe9ab0a896e0f066318ef3fb0a8f81737224031e2b58949
wav2vec2_large_robust,suta,214,stage5ext_00858,02cb893287feb15b25162b42913f21d4cef7b8b96119618c39ad96f550afc59fc5cb33155d5a3142b86ea467935fa50993f69d0e0aebf5f8b22f2a05004d4165,Irish English,ireland,I had seen all that it would presently bring me.,I HAD SEEN ALL THAT IT WOULD PRESENTLY BRING ME,5edd6a08e477df919fe9ab0a896e0f066318ef3fb0a8f81737224031e2b58949
wav2vec2_large_robust,suta,214,stage5ext_00859,02cb893287feb15b25162b42913f21d4cef7b8b96119618c39ad96f550afc59fc5cb33155d5a3142b86ea467935fa50993f69d0e0aebf5f8b22f2a05004d4165,Irish English,ireland,It was my fear of failure that first kept me from attempting the Master Work.,IT WAS MY FEAR OF FAILURE THAT FIRST KEPT ME FROM ATTEMPTING THE MASTERWORK,5edd6a08e477df919fe9ab0a896e0f066318ef3fb0a8f81737224031e2b58949
wav2vec2_large_robust,suta,214,stage5ext_00860,02cb893287feb15b25162b42913f21d4cef7b8b96119618c39ad96f550afc59fc5cb33155d5a3142b86ea467935fa50993f69d0e0aebf5f8b22f2a05004d4165,Irish English,ireland,He saw the boy appear from the other side of the dunes.,HE SAW THE BOY APPEAR FROM THE OTHER SIDE OF THE DONES,5edd6a08e477df919fe9ab0a896e0f066318ef3fb0a8f81737224031e2b58949
wav2vec2_large_robust,suta,215,stage5ext_00861,02cb893287feb15b25162b42913f21d4cef7b8b96119618c39ad96f550afc59fc5cb33155d5a3142b86ea467935fa50993f69d0e0aebf5f8b22f2a05004d4165,Irish English,ireland,"I'm a desert woman, and I'm proud of that.",I'M A DESERT WOMAN AND I'M PROUD OF THAT,929fe7ad2559c43948d3ab9b0d1e49f4fd10630cfc9f4476ff2cb028c51f35f8
wav2vec2_large_robust,suta,215,stage5ext_00862,02cb893287feb15b25162b42913f21d4cef7b8b96119618c39ad96f550afc59fc5cb33155d5a3142b86ea467935fa50993f69d0e0aebf5f8b22f2a05004d4165,Irish English,ireland,"It's the Emerald Tablet, said the Englishman, proud that he might teach something to the boy.",ITS THE EMERALD TABLET SAID THE ENGLISHMAN PROUD THAT HE MIGHT TEACH SOMETHING TO THE BOY,929fe7ad2559c43948d3ab9b0d1e49f4fd10630cfc9f4476ff2cb028c51f35f8
wav2vec2_large_robust,suta,215,stage5ext_00863,02cb893287feb15b25162b42913f21d4cef7b8b96119618c39ad96f550afc59fc5cb33155d5a3142b86ea467935fa50993f69d0e0aebf5f8b22f2a05004d4165,Irish English,ireland,"He stuck his hand into the pouch, and felt around for one of the stones.",HE STUCK HIS HAND IN THE POUCH AND FELT AROUND FOR ONE OF THE STONES,929fe7ad2559c43948d3ab9b0d1e49f4fd10630cfc9f4476ff2cb028c51f35f8
wav2vec2_large_robust,suta,215,stage5ext_00864,02cb893287feb15b25162b42913f21d4cef7b8b96119618c39ad96f550afc59fc5cb33155d5a3142b86ea467935fa50993f69d0e0aebf5f8b22f2a05004d4165,Irish English,ireland,"The heather was on fire, and you could see a thin blue smoke rising up slowly.",THE HEATHER WAS ON FIRE AND HE COULD SEE A THIN BLUE SMOKE RISING UP SLOWLY,929fe7ad2559c43948d3ab9b0d1e49f4fd10630cfc9f4476ff2cb028c51f35f8
wav2vec2_large_robust,suta,216,stage5ext_00865,02cb893287feb15b25162b42913f21d4cef7b8b96119618c39ad96f550afc59fc5cb33155d5a3142b86ea467935fa50993f69d0e0aebf5f8b22f2a05004d4165,Irish English,ireland,where the sand was more substantial.,WHERE THE SAND WAS MORE SUBSTANTIAL,3c753d0ded41876573fe2ba0a2c7906c0e39564f1cf11ba933b40052b7746469
wav2vec2_large_robust,suta,216,stage5ext_00866,02cb893287feb15b25162b42913f21d4cef7b8b96119618c39ad96f550afc59fc5cb33155d5a3142b86ea467935fa50993f69d0e0aebf5f8b22f2a05004d4165,Irish English,ireland,The three fell silent.,THE THREE FEL SILENT,3c753d0ded41876573fe2ba0a2c7906c0e39564f1cf11ba933b40052b7746469
wav2vec2_large_robust,suta,216,stage5ext_00867,02cb893287feb15b25162b42913f21d4cef7b8b96119618c39ad96f550afc59fc5cb33155d5a3142b86ea467935fa50993f69d0e0aebf5f8b22f2a05004d4165,Irish English,ireland,But I didn’t think that it contained any living creature.,BUT I DIDN'T THINK THAT IT CONTAINED ANY LIVING CREATURE,3c753d0ded41876573fe2ba0a2c7906c0e39564f1cf11ba933b40052b7746469
wav2vec2_large_robust,suta,216,stage5ext_00868,02cb893287feb15b25162b42913f21d4cef7b8b96119618c39ad96f550afc59fc5cb33155d5a3142b86ea467935fa50993f69d0e0aebf5f8b22f2a05004d4165,Irish English,ireland,He didn't want to cry with the other people there.,HE DIDN'T WANT TO CRY WITH THE OTHER PEOPLE THERE,3c753d0ded41876573fe2ba0a2c7906c0e39564f1cf11ba933b40052b7746469
wav2vec2_large_robust,suta,217,stage5ext_00869,02cb893287feb15b25162b42913f21d4cef7b8b96119618c39ad96f550afc59fc5cb33155d5a3142b86ea467935fa50993f69d0e0aebf5f8b22f2a05004d4165,Irish English,ireland,"About eleven, I walked back to my home in Maybury because nothing seemed to be happening.",ABOUT ELEVEN I WALKED BACK TO MY HOME IN MAYBURY BECAUSE NOTHING SEEMED TO BE HAPPENING,61d97051d20977c50d689809afc7b51f9bc859a15b32315032e78515eab7f473
wav2vec2_large_robust,suta,217,stage5ext_00870,02cb893287feb15b25162b42913f21d4cef7b8b96119618c39ad96f550afc59fc5cb33155d5a3142b86ea467935fa50993f69d0e0aebf5f8b22f2a05004d4165,Irish English,ireland,That sobered him a little.,THAT SOBERED HIM A LITTLE,61d97051d20977c50d689809afc7b51f9bc859a15b32315032e78515eab7f473
wav2vec2_large_robust,suta,217,stage5ext_00871,bd50f6c0e65e80961fb044a2591721940ca6cd6836496cde2353e06259e959af9c47fa4fb6d9fa8b16cc5285e232f3543059af36f41495c786198bdfd83d4b88,Irish English,ireland,Its county seat is Red Cloud.,ITS COUNTY SEAT IS REDCLOUD,61d97051d20977c50d689809afc7b51f9bc859a15b32315032e78515eab7f473
wav2vec2_large_robust,suta,217,stage5ext_00872,bd50f6c0e65e80961fb044a2591721940ca6cd6836496cde2353e06259e959af9c47fa4fb6d9fa8b16cc5285e232f3543059af36f41495c786198bdfd83d4b88,Irish English,ireland,"After eighty-seven minutes of test football, Australia gained possession of the ball.",AFTER EIGHTY SEVEN MINUTES OF TEST FOOTBALL AUSTRALIA GAINED POSSESSION OF THE BALL,61d97051d20977c50d689809afc7b51f9bc859a15b32315032e78515eab7f473
wav2vec2_large_robust,suta,218,stage5ext_00873,bd50f6c0e65e80961fb044a2591721940ca6cd6836496cde2353e06259e959af9c47fa4fb6d9fa8b16cc5285e232f3543059af36f41495c786198bdfd83d4b88,Irish English,ireland,The ability displayed by him in this led to his rapid advancement.,THE ABILITY DISPLAYED BY HIM IN THIS LED TO HIS RAPID ADVANCEMENT,b706d459c0c05fd36277622f8bd7ddf176fe128db62e3e55677e9da537d77707
wav2vec2_large_robust,suta,218,stage5ext_00874,bd50f6c0e65e80961fb044a2591721940ca6cd6836496cde2353e06259e959af9c47fa4fb6d9fa8b16cc5285e232f3543059af36f41495c786198bdfd83d4b88,Irish English,ireland,The building resembled a typical Kirkbride model.,THE BUILDING RESEMBLED A TYPICAL CARTBRIDE MODEL,b706d459c0c05fd36277622f8bd7ddf176fe128db62e3e55677e9da537d77707
wav2vec2_large_robust,suta,218,stage5ext_00875,bd50f6c0e65e80961fb044a2591721940ca6cd6836496cde2353e06259e959af9c47fa4fb6d9fa8b16cc5285e232f3543059af36f41495c786198bdfd83d4b88,Irish English,ireland,"In engineering science and in other technical aspects, the term galling is widespread.",IN ENGINEERING SCIENCE AND IN OTHER TECHNICAL ASPECTS THE TERM GALLING IS WIDESPREAD,b706d459c0c05fd36277622f8bd7ddf176fe128db62e3e55677e9da537d77707
wav2vec2_large_robust,suta,218,stage5ext_00876,bd50f6c0e65e80961fb044a2591721940ca6cd6836496cde2353e06259e959af9c47fa4fb6d9fa8b16cc5285e232f3543059af36f41495c786198bdfd83d4b88,Irish English,ireland,Zinc is a necessary nutrient for optimal yeast health and performance.,ZINK IS A NECESSARY NUTRIENT FOR OPTIMAL YEAST HEALTH AND PERFORMANCE,b706d459c0c05fd36277622f8bd7ddf176fe128db62e3e55677e9da537d77707
wav2vec2_large_robust,suta,219,stage5ext_00877,bd50f6c0e65e80961fb044a2591721940ca6cd6836496cde2353e06259e959af9c47fa4fb6d9fa8b16cc5285e232f3543059af36f41495c786198bdfd83d4b88,Irish English,ireland,Another common type of certification in modern society is product certification.,ANOTHER COMMON TYPE OF CERTIFICATION IN MODERN SOCIETY IS PRODUCT CERTIFICATION,33f09286dcb3870482afd9efef055c88496d7fb9d168461cf1239f2708dafe5e
wav2vec2_large_robust,suta,219,stage5ext_00878,bd50f6c0e65e80961fb044a2591721940ca6cd6836496cde2353e06259e959af9c47fa4fb6d9fa8b16cc5285e232f3543059af36f41495c786198bdfd83d4b88,Irish English,ireland,Originally usage of the road was free of charge.,ORIINALLY USAGE OF THE ROAD WAS FREE OF CHARGE,33f09286dcb3870482afd9efef055c88496d7fb9d168461cf1239f2708dafe5e
wav2vec2_large_robust,suta,219,stage5ext_00879,bd50f6c0e65e80961fb044a2591721940ca6cd6836496cde2353e06259e959af9c47fa4fb6d9fa8b16cc5285e232f3543059af36f41495c786198bdfd83d4b88,Irish English,ireland,"In general, there are two types of scanner setups.",IN GENERAL THERE ARE TWO TYPES OF SCANER SETUMS,33f09286dcb3870482afd9efef055c88496d7fb9d168461cf1239f2708dafe5e
wav2vec2_large_robust,suta,219,stage5ext_00880,bd50f6c0e65e80961fb044a2591721940ca6cd6836496cde2353e06259e959af9c47fa4fb6d9fa8b16cc5285e232f3543059af36f41495c786198bdfd83d4b88,Irish English,ireland,The equivalent Ukrainian-language surname is Lytvyn.,THE EQUIVALENT EUCRANIAN LANGUAGE SURNAME IS LOYTVEN,33f09286dcb3870482afd9efef055c88496d7fb9d168461cf1239f2708dafe5e
wav2vec2_large_robust,suta,220,stage5ext_00881,bd50f6c0e65e80961fb044a2591721940ca6cd6836496cde2353e06259e959af9c47fa4fb6d9fa8b16cc5285e232f3543059af36f41495c786198bdfd83d4b88,Irish English,ireland,The first settlers in Isipingo arrived before the beginning of Apartheid.,THE FIRST SETTLERS IN ISAPINGO ARRIVE BEFORE THE BEGINNING OF A PARTITE,01eb6fe2800bfec182ad116f854e122faa8778e10ac251a010bc7b21fa8bc55c
wav2vec2_large_robust,suta,220,stage5ext_00882,bd50f6c0e65e80961fb044a2591721940ca6cd6836496cde2353e06259e959af9c47fa4fb6d9fa8b16cc5285e232f3543059af36f41495c786198bdfd83d4b88,Irish English,ireland,"There is an elaborate memorial to him in Saint Edward the Confessor Church, Romford.",THERE IS AN ELABORATE MEMORIAL TO HIM IN SAINT EDWARD THE CONFESSOR CHURCH RUMFORD,01eb6fe2800bfec182ad116f854e122faa8778e10ac251a010bc7b21fa8bc55c
wav2vec2_large_robust,suta,220,stage5ext_00883,bd50f6c0e65e80961fb044a2591721940ca6cd6836496cde2353e06259e959af9c47fa4fb6d9fa8b16cc5285e232f3543059af36f41495c786198bdfd83d4b88,Irish English,ireland,American public school system was introduced and general health and sanitation campaign was launched.,AMERICAN PUBLIC SCHOOLSYSTEM WAS INTRODUCED AND GENERAL HEALTH AND SANITATION CAMPAIGN WAS LAUNCHED,01eb6fe2800bfec182ad116f854e122faa8778e10ac251a010bc7b21fa8bc55c
wav2vec2_large_robust,suta,220,stage5ext_00884,bd50f6c0e65e80961fb044a2591721940ca6cd6836496cde2353e06259e959af9c47fa4fb6d9fa8b16cc5285e232f3543059af36f41495c786198bdfd83d4b88,Irish English,ireland,Mponela is primarily an agricultural town without touristic interest.,UMPANELA IS PRIMARILY AN AGRICULTURAL TOWN WITHOUT TOURISTIC INTEREST,01eb6fe2800bfec182ad116f854e122faa8778e10ac251a010bc7b21fa8bc55c
wav2vec2_large_robust,suta,221,stage5ext_00885,bd50f6c0e65e80961fb044a2591721940ca6cd6836496cde2353e06259e959af9c47fa4fb6d9fa8b16cc5285e232f3543059af36f41495c786198bdfd83d4b88,Irish English,ireland,The family lives in Suffolk.,THE FAMILY LIVES IN SUFFOLK,b980f58fa82cf8b98eaa555c696c225a39c79442238cbbdae8c44443e99c5272
wav2vec2_large_robust,suta,221,stage5ext_00886,298c0f3d5e3352df02aa3a6a7a132199f93bdccf8457a134e6133cb2cf9bc435869f9e0ed6068a4152cdd933c02fc02573e8a2d6c12bcf52810d8ab52fd60a33,Irish English,ireland,A rag will soak up spilled water.,A RAG WILL SOAK UP SPILLED WATER,b980f58fa82cf8b98eaa555c696c225a39c79442238cbbdae8c44443e99c5272
wav2vec2_large_robust,suta,221,stage5ext_00887,298c0f3d5e3352df02aa3a6a7a132199f93bdccf8457a134e6133cb2cf9bc435869f9e0ed6068a4152cdd933c02fc02573e8a2d6c12bcf52810d8ab52fd60a33,Irish English,ireland,What's it all about?,WHAT'S IT ALL ABOUT,b980f58fa82cf8b98eaa555c696c225a39c79442238cbbdae8c44443e99c5272
wav2vec2_large_robust,suta,221,stage5ext_00888,298c0f3d5e3352df02aa3a6a7a132199f93bdccf8457a134e6133cb2cf9bc435869f9e0ed6068a4152cdd933c02fc02573e8a2d6c12bcf52810d8ab52fd60a33,Irish English,ireland,Little strokes fell great oaks.,LITTLE STROKES FOUND GREAT OAKS,b980f58fa82cf8b98eaa555c696c225a39c79442238cbbdae8c44443e99c5272
wav2vec2_large_robust,suta,222,stage5ext_00889,298c0f3d5e3352df02aa3a6a7a132199f93bdccf8457a134e6133cb2cf9bc435869f9e0ed6068a4152cdd933c02fc02573e8a2d6c12bcf52810d8ab52fd60a33,Irish English,ireland,First impressions are the most lasting.,FIRST IMPRESSIONS ARE THE MOST LASTING,b0fe79a6121811f5aa14b3b91c16c5047862d598d06a37ba13dba25119f6a45a
wav2vec2_large_robust,suta,222,stage5ext_00890,298c0f3d5e3352df02aa3a6a7a132199f93bdccf8457a134e6133cb2cf9bc435869f9e0ed6068a4152cdd933c02fc02573e8a2d6c12bcf52810d8ab52fd60a33,Irish English,ireland,So you are saying that overpopulation will become an issue?,SO YOU ARE SAYING THAT OVERPOPULATION WILL BECOME AN ISSUE,b0fe79a6121811f5aa14b3b91c16c5047862d598d06a37ba13dba25119f6a45a
wav2vec2_large_robust,suta,222,stage5ext_00891,298c0f3d5e3352df02aa3a6a7a132199f93bdccf8457a134e6133cb2cf9bc435869f9e0ed6068a4152cdd933c02fc02573e8a2d6c12bcf52810d8ab52fd60a33,Irish English,ireland,Stop beating around the bush.,STOP BEATING ROUND THE BUSH,b0fe79a6121811f5aa14b3b91c16c5047862d598d06a37ba13dba25119f6a45a
wav2vec2_large_robust,suta,222,stage5ext_00892,298c0f3d5e3352df02aa3a6a7a132199f93bdccf8457a134e6133cb2cf9bc435869f9e0ed6068a4152cdd933c02fc02573e8a2d6c12bcf52810d8ab52fd60a33,Irish English,ireland,The cat sat on the fence.,THE CAT SAT ON THE FENCE,b0fe79a6121811f5aa14b3b91c16c5047862d598d06a37ba13dba25119f6a45a
wav2vec2_large_robust,suta,223,stage5ext_00893,298c0f3d5e3352df02aa3a6a7a132199f93bdccf8457a134e6133cb2cf9bc435869f9e0ed6068a4152cdd933c02fc02573e8a2d6c12bcf52810d8ab52fd60a33,Irish English,ireland,That is unlikely considering it has his name on it.,THAT IS UNLIKELY CONSIDERING IT HAS HIS NAME ON IT,2b663604639444e62a250c8ed374696479fa677680d26ef85a1bec2ab9de93f2
wav2vec2_large_robust,suta,223,stage5ext_00894,298c0f3d5e3352df02aa3a6a7a132199f93bdccf8457a134e6133cb2cf9bc435869f9e0ed6068a4152cdd933c02fc02573e8a2d6c12bcf52810d8ab52fd60a33,Irish English,ireland,Loop the braid to the left and then over.,LOOP E BRAD TO THE LEFT AND THEN OVER,2b663604639444e62a250c8ed374696479fa677680d26ef85a1bec2ab9de93f2
wav2vec2_large_robust,suta,223,stage5ext_00895,298c0f3d5e3352df02aa3a6a7a132199f93bdccf8457a134e6133cb2cf9bc435869f9e0ed6068a4152cdd933c02fc02573e8a2d6c12bcf52810d8ab52fd60a33,Irish English,ireland,Tranquillity is the first duty of citizens,TRANQUILITY IS THE FIRST DUTY OF CITIENS,2b663604639444e62a250c8ed374696479fa677680d26ef85a1bec2ab9de93f2
wav2vec2_large_robust,suta,223,stage5ext_00896,298c0f3d5e3352df02aa3a6a7a132199f93bdccf8457a134e6133cb2cf9bc435869f9e0ed6068a4152cdd933c02fc02573e8a2d6c12bcf52810d8ab52fd60a33,Irish English,ireland,"Forget it, there is no such thing.",FORGET IT THERE IS NO SUCH THING,2b663604639444e62a250c8ed374696479fa677680d26ef85a1bec2ab9de93f2
wav2vec2_large_robust,suta,224,stage5ext_00897,298c0f3d5e3352df02aa3a6a7a132199f93bdccf8457a134e6133cb2cf9bc435869f9e0ed6068a4152cdd933c02fc02573e8a2d6c12bcf52810d8ab52fd60a33,Irish English,ireland,The wreck occurred by the bank on Main Street.,THE RECK OCCURRED BY THE BANK ON MAIN STREET,68015480fd6a3dd69c07c6cb8292fb0bfd0a732bf58eeaf4e8cda728ea39a533
wav2vec2_large_robust,suta,224,stage5ext_00898,298c0f3d5e3352df02aa3a6a7a132199f93bdccf8457a134e6133cb2cf9bc435869f9e0ed6068a4152cdd933c02fc02573e8a2d6c12bcf52810d8ab52fd60a33,Irish English,ireland,It dribbled down the fridge.,IT DRIPPLED DOWN THE FRGE,68015480fd6a3dd69c07c6cb8292fb0bfd0a732bf58eeaf4e8cda728ea39a533
wav2vec2_large_robust,suta,224,stage5ext_00899,298c0f3d5e3352df02aa3a6a7a132199f93bdccf8457a134e6133cb2cf9bc435869f9e0ed6068a4152cdd933c02fc02573e8a2d6c12bcf52810d8ab52fd60a33,Irish English,ireland,Variations on a musical air With great rapidity,VARIATIONS ON A MUSICAL AIR WITH GREAT RAPIDITY,68015480fd6a3dd69c07c6cb8292fb0bfd0a732bf58eeaf4e8cda728ea39a533
wav2vec2_large_robust,suta,224,stage5ext_00900,298c0f3d5e3352df02aa3a6a7a132199f93bdccf8457a134e6133cb2cf9bc435869f9e0ed6068a4152cdd933c02fc02573e8a2d6c12bcf52810d8ab52fd60a33,Irish English,ireland,He could not help it.,HE COULD NOT HELP IT,68015480fd6a3dd69c07c6cb8292fb0bfd0a732bf58eeaf4e8cda728ea39a533
