model_key,method,window_id,recording_id,speaker_id,group_id,stratum_code,reference_raw,hypothesis_raw,theta_hash
xlsr_english,suta,0,stage5ext_00001,c90b53f826ff81831f6499b9e1e98607e8b2c0f8bbaf8be1bf62bf27dc7ff887bd734b9a4cee852af2d1acda3e479781d7c5a8b1633407b705905c4b5049cb35,US English,us,I got drunk yesterday and thought I built a super computer.,i got drunk yesterday and thought i built a supercomputer,7f09ef4ced098049caf32d54ef5b6c2571f88228fbf40fc45a9e6db29bd4bba8
xlsr_english,suta,0,stage5ext_00002,c90b53f826ff81831f6499b9e1e98607e8b2c0f8bbaf8be1bf62bf27dc7ff887bd734b9a4cee852af2d1acda3e479781d7c5a8b1633407b705905c4b5049cb35,US English,us,"Every file had the letter ""A"" printed on the front.",every file had the letter a printed in the front,7f09ef4ced098049caf32d54ef5b6c2571f88228fbf40fc45a9e6db29bd4bba8
xlsr_english,suta,0,stage5ext_00003,c90b53f826ff81831f6499b9e1e98607e8b2c0f8bbaf8be1bf62bf27dc7ff887bd734b9a4cee852af2d1acda3e479781d7c5a8b1633407b705905c4b5049cb35,US English,us,I'm not familiar with the books this author wrote.,i'm not familiar with the books this arthur wrote,7f09ef4ced098049caf32d54ef5b6c2571f88228fbf40fc45a9e6db29bd4bba8
xlsr_english,suta,0,stage5ext_00004,c90b53f826ff81831f6499b9e1e98607e8b2c0f8bbaf8be1bf62bf27dc7ff887bd734b9a4cee852af2d1acda3e479781d7c5a8b1633407b705905c4b5049cb35,US English,us,Take a couple of seconds.,take a couple of seconds,7f09ef4ced098049caf32d54ef5b6c2571f88228fbf40fc45a9e6db29bd4bba8
xlsr_english,suta,1,stage5ext_00005,c90b53f826ff81831f6499b9e1e98607e8b2c0f8bbaf8be1bf62bf27dc7ff887bd734b9a4cee852af2d1acda3e479781d7c5a8b1633407b705905c4b5049cb35,US English,us,But I sort of like him.,but i sort of like him,d2caae4ed128a0e703ac41d162dfcb0a7c9b4061488347051c074b3685f485d0
xlsr_english,suta,1,stage5ext_00006,c90b53f826ff81831f6499b9e1e98607e8b2c0f8bbaf8be1bf62bf27dc7ff887bd734b9a4cee852af2d1acda3e479781d7c5a8b1633407b705905c4b5049cb35,US English,us,I'll be a monkey's uncle!,i'll be a monkey's uncle,d2caae4ed128a0e703ac41d162dfcb0a7c9b4061488347051c074b3685f485d0
xlsr_english,suta,1,stage5ext_00007,c90b53f826ff81831f6499b9e1e98607e8b2c0f8bbaf8be1bf62bf27dc7ff887bd734b9a4cee852af2d1acda3e479781d7c5a8b1633407b705905c4b5049cb35,US English,us,Is it for further automatic processing?,is it for furser automatic processing,d2caae4ed128a0e703ac41d162dfcb0a7c9b4061488347051c074b3685f485d0
xlsr_english,suta,1,stage5ext_00008,c90b53f826ff81831f6499b9e1e98607e8b2c0f8bbaf8be1bf62bf27dc7ff887bd734b9a4cee852af2d1acda3e479781d7c5a8b1633407b705905c4b5049cb35,US English,us,I don't like coconuts.,i don't like coconuts,d2caae4ed128a0e703ac41d162dfcb0a7c9b4061488347051c074b3685f485d0
xlsr_english,suta,2,stage5ext_00009,c90b53f826ff81831f6499b9e1e98607e8b2c0f8bbaf8be1bf62bf27dc7ff887bd734b9a4cee852af2d1acda3e479781d7c5a8b1633407b705905c4b5049cb35,US English,us,He hunched his back and plodded through the heavy rain.,he launched his back and plotted through the heavy rain,dc78101b407117970dd28de1f230028957c56349152d4aea4b3ffd4aee0e3780
xlsr_english,suta,2,stage5ext_00010,c90b53f826ff81831f6499b9e1e98607e8b2c0f8bbaf8be1bf62bf27dc7ff887bd734b9a4cee852af2d1acda3e479781d7c5a8b1633407b705905c4b5049cb35,US English,us,Are you running a business or a charity ward?,are you running a business or a charity ward,dc78101b407117970dd28de1f230028957c56349152d4aea4b3ffd4aee0e3780
xlsr_english,suta,2,stage5ext_00011,c90b53f826ff81831f6499b9e1e98607e8b2c0f8bbaf8be1bf62bf27dc7ff887bd734b9a4cee852af2d1acda3e479781d7c5a8b1633407b705905c4b5049cb35,US English,us,There were lights in the upper windows of the houses when the people went to bed.,there were lights in the upper windows of the houses when the people went to bed,dc78101b407117970dd28de1f230028957c56349152d4aea4b3ffd4aee0e3780
xlsr_english,suta,2,stage5ext_00012,c90b53f826ff81831f6499b9e1e98607e8b2c0f8bbaf8be1bf62bf27dc7ff887bd734b9a4cee852af2d1acda3e479781d7c5a8b1633407b705905c4b5049cb35,US English,us,On warm days and when doing sports you should drink more.,on warm days and when doing sports you should drink more,dc78101b407117970dd28de1f230028957c56349152d4aea4b3ffd4aee0e3780
xlsr_english,suta,3,stage5ext_00013,c90b53f826ff81831f6499b9e1e98607e8b2c0f8bbaf8be1bf62bf27dc7ff887bd734b9a4cee852af2d1acda3e479781d7c5a8b1633407b705905c4b5049cb35,US English,us,"At once, he connected the two incidents.",at once he connected the two incidents,26cda82b2775d49404d7851aa79ae16bbe39023e1247b67dc22e234bb11bb71d
xlsr_english,suta,3,stage5ext_00014,c90b53f826ff81831f6499b9e1e98607e8b2c0f8bbaf8be1bf62bf27dc7ff887bd734b9a4cee852af2d1acda3e479781d7c5a8b1633407b705905c4b5049cb35,US English,us,A pox upon me for a clumsy thing.,a pux upon me for a clumsy thing,26cda82b2775d49404d7851aa79ae16bbe39023e1247b67dc22e234bb11bb71d
xlsr_english,suta,3,stage5ext_00015,c90b53f826ff81831f6499b9e1e98607e8b2c0f8bbaf8be1bf62bf27dc7ff887bd734b9a4cee852af2d1acda3e479781d7c5a8b1633407b705905c4b5049cb35,US English,us,Are you sure that Joe case is going on next week?,are you sure that joe case is going on next week,26cda82b2775d49404d7851aa79ae16bbe39023e1247b67dc22e234bb11bb71d
xlsr_english,suta,3,stage5ext_00016,57d6c1695947f141cd774bb8c8435e7e20bc7b2a83cd78ef5db4e546fb137b56b44617942cb1a58e017af6161f63d53cdf17fa4f9dcb830bfc0518e94b214837,US English,us,"When you're at a party and somebody says ""banana bread"", a sniper might be near you.",when you're at a party and somebody's hs banana bred sneiper might be near you,26cda82b2775d49404d7851aa79ae16bbe39023e1247b67dc22e234bb11bb71d
xlsr_english,suta,4,stage5ext_00017,57d6c1695947f141cd774bb8c8435e7e20bc7b2a83cd78ef5db4e546fb137b56b44617942cb1a58e017af6161f63d53cdf17fa4f9dcb830bfc0518e94b214837,US English,us,"It was not clear who had the right of way, since the traffic lights were off.",it was not clear who had the right of way since the traffic lights were off,77693837557d33f9e5b68bd53540864fde50868c5c67ea4f76775658e51e7b7a
xlsr_english,suta,4,stage5ext_00018,57d6c1695947f141cd774bb8c8435e7e20bc7b2a83cd78ef5db4e546fb137b56b44617942cb1a58e017af6161f63d53cdf17fa4f9dcb830bfc0518e94b214837,US English,us,What did you do it for?,what did you do it for,77693837557d33f9e5b68bd53540864fde50868c5c67ea4f76775658e51e7b7a
xlsr_english,suta,4,stage5ext_00019,57d6c1695947f141cd774bb8c8435e7e20bc7b2a83cd78ef5db4e546fb137b56b44617942cb1a58e017af6161f63d53cdf17fa4f9dcb830bfc0518e94b214837,US English,us,"James Watt didn't invent the steam engine, but he improved it significantly.",hamuswot didn't invant the steam engine potty improved it significantly,77693837557d33f9e5b68bd53540864fde50868c5c67ea4f76775658e51e7b7a
xlsr_english,suta,4,stage5ext_00020,57d6c1695947f141cd774bb8c8435e7e20bc7b2a83cd78ef5db4e546fb137b56b44617942cb1a58e017af6161f63d53cdf17fa4f9dcb830bfc0518e94b214837,US English,us,"When he got the call, Ali ran out of the store, down the street, and into the car.",when he got the call allier ran out of the store down the street and into the car,77693837557d33f9e5b68bd53540864fde50868c5c67ea4f76775658e51e7b7a
xlsr_english,suta,5,stage5ext_00021,57d6c1695947f141cd774bb8c8435e7e20bc7b2a83cd78ef5db4e546fb137b56b44617942cb1a58e017af6161f63d53cdf17fa4f9dcb830bfc0518e94b214837,US English,us,What has become of him?,what has become of him,e3229b18aa60752f9b0c5902168de5a4b678068246ef4750989903d48409a0c3
xlsr_english,suta,5,stage5ext_00022,57d6c1695947f141cd774bb8c8435e7e20bc7b2a83cd78ef5db4e546fb137b56b44617942cb1a58e017af6161f63d53cdf17fa4f9dcb830bfc0518e94b214837,US English,us,"After the dance, they went straight home.",after the dance they went straight home,e3229b18aa60752f9b0c5902168de5a4b678068246ef4750989903d48409a0c3
xlsr_english,suta,5,stage5ext_00023,57d6c1695947f141cd774bb8c8435e7e20bc7b2a83cd78ef5db4e546fb137b56b44617942cb1a58e017af6161f63d53cdf17fa4f9dcb830bfc0518e94b214837,US English,us,"Jellyfish can cause serious injuries, the physician explained to the patient.",jellyfish can cost serious injuries the physician explain to the patient,e3229b18aa60752f9b0c5902168de5a4b678068246ef4750989903d48409a0c3
xlsr_english,suta,5,stage5ext_00024,57d6c1695947f141cd774bb8c8435e7e20bc7b2a83cd78ef5db4e546fb137b56b44617942cb1a58e017af6161f63d53cdf17fa4f9dcb830bfc0518e94b214837,US English,us,"Writing, the best memory.",writing the best memory,e3229b18aa60752f9b0c5902168de5a4b678068246ef4750989903d48409a0c3
xlsr_english,suta,6,stage5ext_00025,57d6c1695947f141cd774bb8c8435e7e20bc7b2a83cd78ef5db4e546fb137b56b44617942cb1a58e017af6161f63d53cdf17fa4f9dcb830bfc0518e94b214837,US English,us,What does she say?,what does she say,84ea486e7c7ad8c71b98144d1ca918a2503f0d02f3932627fdb0f95a95cead38
xlsr_english,suta,6,stage5ext_00026,57d6c1695947f141cd774bb8c8435e7e20bc7b2a83cd78ef5db4e546fb137b56b44617942cb1a58e017af6161f63d53cdf17fa4f9dcb830bfc0518e94b214837,US English,us,What do you want of me?,what do you want of me,84ea486e7c7ad8c71b98144d1ca918a2503f0d02f3932627fdb0f95a95cead38
xlsr_english,suta,6,stage5ext_00027,57d6c1695947f141cd774bb8c8435e7e20bc7b2a83cd78ef5db4e546fb137b56b44617942cb1a58e017af6161f63d53cdf17fa4f9dcb830bfc0518e94b214837,US English,us,Why do people even eat peanut butter and jelly?,why do people live an eat peanut butter and jelly,84ea486e7c7ad8c71b98144d1ca918a2503f0d02f3932627fdb0f95a95cead38
xlsr_english,suta,6,stage5ext_00028,57d6c1695947f141cd774bb8c8435e7e20bc7b2a83cd78ef5db4e546fb137b56b44617942cb1a58e017af6161f63d53cdf17fa4f9dcb830bfc0518e94b214837,US English,us,But what can I do?,but what can i do,84ea486e7c7ad8c71b98144d1ca918a2503f0d02f3932627fdb0f95a95cead38
xlsr_english,suta,7,stage5ext_00029,57d6c1695947f141cd774bb8c8435e7e20bc7b2a83cd78ef5db4e546fb137b56b44617942cb1a58e017af6161f63d53cdf17fa4f9dcb830bfc0518e94b214837,US English,us,What is the meaning of this?,what is the meaning of this,c08bb7767806d292d8830c8f86777d072ab3545a16e782e2d37ac72be18c1e3f
xlsr_english,suta,7,stage5ext_00030,57d6c1695947f141cd774bb8c8435e7e20bc7b2a83cd78ef5db4e546fb137b56b44617942cb1a58e017af6161f63d53cdf17fa4f9dcb830bfc0518e94b214837,US English,us,What does he look like?,what does he look like,c08bb7767806d292d8830c8f86777d072ab3545a16e782e2d37ac72be18c1e3f
xlsr_english,suta,7,stage5ext_00031,d477a12247cce9a9c0954e6ee3ae16aed2930112fa26700f19af15658b5c71e2dc818d72e0034c8181da642cabf8f6c15f4d900b88bcab83d583944934f4c237,US English,us,Albert's rule was characterised by dissent.,albert rule was characterized by descent,c08bb7767806d292d8830c8f86777d072ab3545a16e782e2d37ac72be18c1e3f
xlsr_english,suta,7,stage5ext_00032,d477a12247cce9a9c0954e6ee3ae16aed2930112fa26700f19af15658b5c71e2dc818d72e0034c8181da642cabf8f6c15f4d900b88bcab83d583944934f4c237,US English,us,Because of Jesus' command to his disciples to Do this in remembrance of me.,because of jesus's command to his disciples to do this in remembrance of me,c08bb7767806d292d8830c8f86777d072ab3545a16e782e2d37ac72be18c1e3f
xlsr_english,suta,8,stage5ext_00033,d477a12247cce9a9c0954e6ee3ae16aed2930112fa26700f19af15658b5c71e2dc818d72e0034c8181da642cabf8f6c15f4d900b88bcab83d583944934f4c237,US English,us,"Adkins contributed to numerous other fan publications, including ""Amra"", ""Vega"" and ""Xero"".",adkins contributed to numerous other fan publications including amera vega and zero,035867936ed34ced6d8cf9b9720f0dfc48731c31aad4908150f192b6c9ea5a23
xlsr_english,suta,8,stage5ext_00034,d477a12247cce9a9c0954e6ee3ae16aed2930112fa26700f19af15658b5c71e2dc818d72e0034c8181da642cabf8f6c15f4d900b88bcab83d583944934f4c237,US English,us,The film image at this section of the newsreel is that of Hitler.,the film image at this section of the newsreel is that of hitler,035867936ed34ced6d8cf9b9720f0dfc48731c31aad4908150f192b6c9ea5a23
xlsr_english,suta,8,stage5ext_00035,d477a12247cce9a9c0954e6ee3ae16aed2930112fa26700f19af15658b5c71e2dc818d72e0034c8181da642cabf8f6c15f4d900b88bcab83d583944934f4c237,US English,us,One of the company's early cars was the Pittsburgher.,one of the company's early cars was the pittsburger,035867936ed34ced6d8cf9b9720f0dfc48731c31aad4908150f192b6c9ea5a23
xlsr_english,suta,8,stage5ext_00036,d477a12247cce9a9c0954e6ee3ae16aed2930112fa26700f19af15658b5c71e2dc818d72e0034c8181da642cabf8f6c15f4d900b88bcab83d583944934f4c237,US English,us,"Compare also Philo, Leg.",compare also phylo lage,035867936ed34ced6d8cf9b9720f0dfc48731c31aad4908150f192b6c9ea5a23
xlsr_english,suta,9,stage5ext_00037,d477a12247cce9a9c0954e6ee3ae16aed2930112fa26700f19af15658b5c71e2dc818d72e0034c8181da642cabf8f6c15f4d900b88bcab83d583944934f4c237,US English,us,"Sir Charles Beaumont Phipps and his third, Edmund Phipps, a lawyer and author.",sir charles bewmont phipps and his third edmund phipps a lawyer and author,d697824e9d4243039aca4bc7dbd2d12285be6c2ee32bee4a32178bf4c7010408
xlsr_english,suta,9,stage5ext_00038,d477a12247cce9a9c0954e6ee3ae16aed2930112fa26700f19af15658b5c71e2dc818d72e0034c8181da642cabf8f6c15f4d900b88bcab83d583944934f4c237,US English,us,Just behind the church is the old bridge.,just behind the church is the old bridge,d697824e9d4243039aca4bc7dbd2d12285be6c2ee32bee4a32178bf4c7010408
xlsr_english,suta,9,stage5ext_00039,d477a12247cce9a9c0954e6ee3ae16aed2930112fa26700f19af15658b5c71e2dc818d72e0034c8181da642cabf8f6c15f4d900b88bcab83d583944934f4c237,US English,us,This feature forces parasitologists to use advanced biostatistical methodologies.,this feature forces parasytologists to use advanced biostatistical methodologies,d697824e9d4243039aca4bc7dbd2d12285be6c2ee32bee4a32178bf4c7010408
xlsr_english,suta,9,stage5ext_00040,d477a12247cce9a9c0954e6ee3ae16aed2930112fa26700f19af15658b5c71e2dc818d72e0034c8181da642cabf8f6c15f4d900b88bcab83d583944934f4c237,US English,us,Dairy farming is an important industry in the area.,dairy farming is an important industry in the area,d697824e9d4243039aca4bc7dbd2d12285be6c2ee32bee4a32178bf4c7010408
xlsr_english,suta,10,stage5ext_00041,d477a12247cce9a9c0954e6ee3ae16aed2930112fa26700f19af15658b5c71e2dc818d72e0034c8181da642cabf8f6c15f4d900b88bcab83d583944934f4c237,US English,us,Sagan's number is the number of stars in the observable universe.,sagan's number is the number of stars in the observable universe,f00e0f1bcbde32dac526ef1a54565300fbc6c5cb2e7c362514d67f533df53a99
xlsr_english,suta,10,stage5ext_00042,d477a12247cce9a9c0954e6ee3ae16aed2930112fa26700f19af15658b5c71e2dc818d72e0034c8181da642cabf8f6c15f4d900b88bcab83d583944934f4c237,US English,us,He went to Providence Elementary and Webster County High School.,he went to providence elementary at webster county high school,f00e0f1bcbde32dac526ef1a54565300fbc6c5cb2e7c362514d67f533df53a99
xlsr_english,suta,10,stage5ext_00043,d477a12247cce9a9c0954e6ee3ae16aed2930112fa26700f19af15658b5c71e2dc818d72e0034c8181da642cabf8f6c15f4d900b88bcab83d583944934f4c237,US English,us,Doctor Rodd received her Ph.D. in Biology from York University in Toronto.,doctor rodd received her phd in biology from york university in toronto,f00e0f1bcbde32dac526ef1a54565300fbc6c5cb2e7c362514d67f533df53a99
xlsr_english,suta,10,stage5ext_00044,d477a12247cce9a9c0954e6ee3ae16aed2930112fa26700f19af15658b5c71e2dc818d72e0034c8181da642cabf8f6c15f4d900b88bcab83d583944934f4c237,US English,us,One of the largest was Starodubaka.,one of the largest was staro dubaka,f00e0f1bcbde32dac526ef1a54565300fbc6c5cb2e7c362514d67f533df53a99
xlsr_english,suta,11,stage5ext_00045,d477a12247cce9a9c0954e6ee3ae16aed2930112fa26700f19af15658b5c71e2dc818d72e0034c8181da642cabf8f6c15f4d900b88bcab83d583944934f4c237,US English,us,It is based on the concept of 'equivalence'.,it is based on the concept of equivalents,953871fbff0f447adf0d592af70bbd27b22797d8a5042a70565f1c6dc3203014
xlsr_english,suta,11,stage5ext_00046,afd10118899991b7e4af3edddf0c749daf768b6669e68c04c2827d572d39771015c17ec7fd8143657ba077a731375c6fa34f2012588f8cb1b78d923a01178ac7,US English,us,"Excerpts were also printed in the ""Wall Street Journal"".",hexcherts were also trinteed in the wasvir journal,953871fbff0f447adf0d592af70bbd27b22797d8a5042a70565f1c6dc3203014
xlsr_english,suta,11,stage5ext_00047,afd10118899991b7e4af3edddf0c749daf768b6669e68c04c2827d572d39771015c17ec7fd8143657ba077a731375c6fa34f2012588f8cb1b78d923a01178ac7,US English,us,She also sits on the Board of Directors for the Canada West Foundation.,he also sis from the board of derectors for tismineta rest foundation,953871fbff0f447adf0d592af70bbd27b22797d8a5042a70565f1c6dc3203014
xlsr_english,suta,11,stage5ext_00048,afd10118899991b7e4af3edddf0c749daf768b6669e68c04c2827d572d39771015c17ec7fd8143657ba077a731375c6fa34f2012588f8cb1b78d923a01178ac7,US English,us,"Like other opioid drugs, pethidine has the potential to cause physical dependence or addiction.",like other ogeage dlugs hestydian has the potential to cause bysical dependence or diction,953871fbff0f447adf0d592af70bbd27b22797d8a5042a70565f1c6dc3203014
xlsr_english,suta,12,stage5ext_00049,afd10118899991b7e4af3edddf0c749daf768b6669e68c04c2827d572d39771015c17ec7fd8143657ba077a731375c6fa34f2012588f8cb1b78d923a01178ac7,US English,us,"He was interested in sciences, and had a sizable library.",i was intlisid in silencers who had do sib te the library,d00aef5713efbb15d42cedc3a47923502134a03df1f526eb2be2c1688b091490
xlsr_english,suta,12,stage5ext_00050,afd10118899991b7e4af3edddf0c749daf768b6669e68c04c2827d572d39771015c17ec7fd8143657ba077a731375c6fa34f2012588f8cb1b78d923a01178ac7,US English,us,The addition would become known on-air as Television Park.,the adition would become known on-air as television park,d00aef5713efbb15d42cedc3a47923502134a03df1f526eb2be2c1688b091490
xlsr_english,suta,12,stage5ext_00051,afd10118899991b7e4af3edddf0c749daf768b6669e68c04c2827d572d39771015c17ec7fd8143657ba077a731375c6fa34f2012588f8cb1b78d923a01178ac7,US English,us,"However, molecular studies separate ""Gromia"" from the others, which must therefore be renamed.",however moleculus studies separate gromia from the others hich must therefore be remained,d00aef5713efbb15d42cedc3a47923502134a03df1f526eb2be2c1688b091490
xlsr_english,suta,12,stage5ext_00052,afd10118899991b7e4af3edddf0c749daf768b6669e68c04c2827d572d39771015c17ec7fd8143657ba077a731375c6fa34f2012588f8cb1b78d923a01178ac7,US English,us,It was named for the Dakota people.,it was named for the dakota people,d00aef5713efbb15d42cedc3a47923502134a03df1f526eb2be2c1688b091490
xlsr_english,suta,13,stage5ext_00053,afd10118899991b7e4af3edddf0c749daf768b6669e68c04c2827d572d39771015c17ec7fd8143657ba077a731375c6fa34f2012588f8cb1b78d923a01178ac7,US English,us,"The song is featured on the live album ""Live Killers"".",the song is featured on the live album live killers,21b9b144e01665ecdfa0ef12bbe3c2c16094bf41a5bb812b3c2c5473ac62bd78
xlsr_english,suta,13,stage5ext_00054,afd10118899991b7e4af3edddf0c749daf768b6669e68c04c2827d572d39771015c17ec7fd8143657ba077a731375c6fa34f2012588f8cb1b78d923a01178ac7,US English,us,"On some folios, the differing colors of ink are arranged to form geometric patterns.",on some folios the differing colors of inc are arranged to form geometric patterns,21b9b144e01665ecdfa0ef12bbe3c2c16094bf41a5bb812b3c2c5473ac62bd78
xlsr_english,suta,13,stage5ext_00055,afd10118899991b7e4af3edddf0c749daf768b6669e68c04c2827d572d39771015c17ec7fd8143657ba077a731375c6fa34f2012588f8cb1b78d923a01178ac7,US English,us,This handy percussion instrument is very similar to the pan-Indian damaru.,this handy percussion instrument is very similar to the pan-indian damaru,21b9b144e01665ecdfa0ef12bbe3c2c16094bf41a5bb812b3c2c5473ac62bd78
xlsr_english,suta,13,stage5ext_00056,afd10118899991b7e4af3edddf0c749daf768b6669e68c04c2827d572d39771015c17ec7fd8143657ba077a731375c6fa34f2012588f8cb1b78d923a01178ac7,US English,us,The Louisville Cardinal serves as an outlet and learning experience for aspiring journalists.,etenisal cardinal shares vis outlit and lonin experience was fire injurious,21b9b144e01665ecdfa0ef12bbe3c2c16094bf41a5bb812b3c2c5473ac62bd78
xlsr_english,suta,14,stage5ext_00057,afd10118899991b7e4af3edddf0c749daf768b6669e68c04c2827d572d39771015c17ec7fd8143657ba077a731375c6fa34f2012588f8cb1b78d923a01178ac7,US English,us,A distinctive feature of the system was support for Coaching.,te distinctest meture of the custemer supports sixistence,564eb55c27c9a1d396417a48225433dae17ea9b0b33fca803be91a1fbaf6a276
xlsr_english,suta,14,stage5ext_00058,afd10118899991b7e4af3edddf0c749daf768b6669e68c04c2827d572d39771015c17ec7fd8143657ba077a731375c6fa34f2012588f8cb1b78d923a01178ac7,US English,us,There was no heroism and no villainy.,there is no teurism in naighbourland,564eb55c27c9a1d396417a48225433dae17ea9b0b33fca803be91a1fbaf6a276
xlsr_english,suta,14,stage5ext_00059,afd10118899991b7e4af3edddf0c749daf768b6669e68c04c2827d572d39771015c17ec7fd8143657ba077a731375c6fa34f2012588f8cb1b78d923a01178ac7,US English,us,Ground was broken for Saint Ann's Church in New Galilee.,ground was broken for saint anne's church in new gallelie,564eb55c27c9a1d396417a48225433dae17ea9b0b33fca803be91a1fbaf6a276
xlsr_english,suta,14,stage5ext_00060,afd10118899991b7e4af3edddf0c749daf768b6669e68c04c2827d572d39771015c17ec7fd8143657ba077a731375c6fa34f2012588f8cb1b78d923a01178ac7,US English,us,To the east is the statue of King Norodom sits on a white horse.,to the east is the statue of king norodam sits on a white horse,564eb55c27c9a1d396417a48225433dae17ea9b0b33fca803be91a1fbaf6a276
xlsr_english,suta,15,stage5ext_00061,264ab06df2796194c32a09afcb46bc2cbad9165d564f7d08af3b830436d4b292cec680793da0f1fea42128c902e8f92ba59717fcaa074c604a2bae440800743b,US English,us,There can also be underlying medical reasons for urinary incontinence which are often treatable.,there can also be underlying medical reasons for urinary incontinents which are often treatable,1fb9bbcd7c1168bc67ee0ab7409e51b15a89975580ee8399d14b1f47b37eb7f0
xlsr_english,suta,15,stage5ext_00062,264ab06df2796194c32a09afcb46bc2cbad9165d564f7d08af3b830436d4b292cec680793da0f1fea42128c902e8f92ba59717fcaa074c604a2bae440800743b,US English,us,PubChem consists of three dynamically growing primary databases.,pubkem consists of three dynamically growing primary databases,1fb9bbcd7c1168bc67ee0ab7409e51b15a89975580ee8399d14b1f47b37eb7f0
xlsr_english,suta,15,stage5ext_00063,264ab06df2796194c32a09afcb46bc2cbad9165d564f7d08af3b830436d4b292cec680793da0f1fea42128c902e8f92ba59717fcaa074c604a2bae440800743b,US English,us,"Europe, in particular ancient Greece, was the birthplace of Western civilization.",europe in particular ancient greece was the birthplace of western civilization,1fb9bbcd7c1168bc67ee0ab7409e51b15a89975580ee8399d14b1f47b37eb7f0
xlsr_english,suta,15,stage5ext_00064,264ab06df2796194c32a09afcb46bc2cbad9165d564f7d08af3b830436d4b292cec680793da0f1fea42128c902e8f92ba59717fcaa074c604a2bae440800743b,US English,us,It originally went through unincorporated small comminities such as Leslie and Arat.,it originally went through unincorporated small communities such as lesley and arad,1fb9bbcd7c1168bc67ee0ab7409e51b15a89975580ee8399d14b1f47b37eb7f0
xlsr_english,suta,16,stage5ext_00065,264ab06df2796194c32a09afcb46bc2cbad9165d564f7d08af3b830436d4b292cec680793da0f1fea42128c902e8f92ba59717fcaa074c604a2bae440800743b,US English,us,A self-homeomorphism is a homeomorphism of a topological space and itself.,a self-homeomorphism is a homeomorphism of a topological space and itself,995a9f48ed6759001bb1a3f564729da22baa3dc50de9bfb809990a2151a7bc40
xlsr_english,suta,16,stage5ext_00066,264ab06df2796194c32a09afcb46bc2cbad9165d564f7d08af3b830436d4b292cec680793da0f1fea42128c902e8f92ba59717fcaa074c604a2bae440800743b,US English,us,"Since that time, additional relationships have formed under the auspices of the town connection.",since that time additional relationships have formed under the auspices of the town connection,995a9f48ed6759001bb1a3f564729da22baa3dc50de9bfb809990a2151a7bc40
xlsr_english,suta,16,stage5ext_00067,264ab06df2796194c32a09afcb46bc2cbad9165d564f7d08af3b830436d4b292cec680793da0f1fea42128c902e8f92ba59717fcaa074c604a2bae440800743b,US English,us,Local humane societies across the nation resisted.,local humane societies across the nation resisted,995a9f48ed6759001bb1a3f564729da22baa3dc50de9bfb809990a2151a7bc40
xlsr_english,suta,16,stage5ext_00068,264ab06df2796194c32a09afcb46bc2cbad9165d564f7d08af3b830436d4b292cec680793da0f1fea42128c902e8f92ba59717fcaa074c604a2bae440800743b,US English,us,"It specializes in care for stroke, cardiac and amputees patients needing rehabilitation needs.",it specializes in care for stroke cardiac and ambutees patients needing rehabilitation needs,995a9f48ed6759001bb1a3f564729da22baa3dc50de9bfb809990a2151a7bc40
xlsr_english,suta,17,stage5ext_00069,264ab06df2796194c32a09afcb46bc2cbad9165d564f7d08af3b830436d4b292cec680793da0f1fea42128c902e8f92ba59717fcaa074c604a2bae440800743b,US English,us,"“It’s extremely interesting,” Anne told Deborah.",it's extremely interesting an told debora,3f4c159c161157b8c2f157b03c51c07cde219afb4f3c2116c6f45b3fbb3c0af3
xlsr_english,suta,17,stage5ext_00070,264ab06df2796194c32a09afcb46bc2cbad9165d564f7d08af3b830436d4b292cec680793da0f1fea42128c902e8f92ba59717fcaa074c604a2bae440800743b,US English,us,Grangeville enjoys close access to scenic and wildlife areas.,grangeville enjoys close access to scenic and wildlife areas,3f4c159c161157b8c2f157b03c51c07cde219afb4f3c2116c6f45b3fbb3c0af3
xlsr_english,suta,17,stage5ext_00071,264ab06df2796194c32a09afcb46bc2cbad9165d564f7d08af3b830436d4b292cec680793da0f1fea42128c902e8f92ba59717fcaa074c604a2bae440800743b,US English,us,He discovered that this was not the case.,he discovered that this was not the case,3f4c159c161157b8c2f157b03c51c07cde219afb4f3c2116c6f45b3fbb3c0af3
xlsr_english,suta,17,stage5ext_00072,264ab06df2796194c32a09afcb46bc2cbad9165d564f7d08af3b830436d4b292cec680793da0f1fea42128c902e8f92ba59717fcaa074c604a2bae440800743b,US English,us,There are four communities in Denmark with the same name.,there are four communities in denmark with the same name,3f4c159c161157b8c2f157b03c51c07cde219afb4f3c2116c6f45b3fbb3c0af3
xlsr_english,suta,18,stage5ext_00073,264ab06df2796194c32a09afcb46bc2cbad9165d564f7d08af3b830436d4b292cec680793da0f1fea42128c902e8f92ba59717fcaa074c604a2bae440800743b,US English,us,He plays all three outfield positions.,he plays all three outfield positions,9ae0628d371ae6ede0beb7ec5cc298e506f7177112b0b0502fab7b24bbda7125
xlsr_english,suta,18,stage5ext_00074,264ab06df2796194c32a09afcb46bc2cbad9165d564f7d08af3b830436d4b292cec680793da0f1fea42128c902e8f92ba59717fcaa074c604a2bae440800743b,US English,us,But supplies are almost nonexistent at the Checkmate base.,but supplies are almost not-existent at the checkmate base,9ae0628d371ae6ede0beb7ec5cc298e506f7177112b0b0502fab7b24bbda7125
xlsr_english,suta,18,stage5ext_00075,264ab06df2796194c32a09afcb46bc2cbad9165d564f7d08af3b830436d4b292cec680793da0f1fea42128c902e8f92ba59717fcaa074c604a2bae440800743b,US English,us,"The section ""Of the Executive Power"" declared the powers of the executive power.",the section of the executive power declared the powers of the executive power,9ae0628d371ae6ede0beb7ec5cc298e506f7177112b0b0502fab7b24bbda7125
xlsr_english,suta,18,stage5ext_00076,77600d1ea840721bc62cd5a1444822538c380c4255c3bb966d35e4c71344e0691303c4add4223e9fe842b24d65e08ae2e99c956f4acb898bff34adad75171112,US English,us,It is exacerbating inequalities.,it is exacerbating in equalities,9ae0628d371ae6ede0beb7ec5cc298e506f7177112b0b0502fab7b24bbda7125
xlsr_english,suta,19,stage5ext_00077,77600d1ea840721bc62cd5a1444822538c380c4255c3bb966d35e4c71344e0691303c4add4223e9fe842b24d65e08ae2e99c956f4acb898bff34adad75171112,US English,us,"Large numbers came from other countries of Latin America from Mexico to Uruguay, esp.",large numbers came from other countries of latin america from mexico to urguy espa,1f6eec4d9eb3347492ecd38ac4bf107e921f488697d7945bf6f27fd7900c9281
xlsr_english,suta,19,stage5ext_00078,77600d1ea840721bc62cd5a1444822538c380c4255c3bb966d35e4c71344e0691303c4add4223e9fe842b24d65e08ae2e99c956f4acb898bff34adad75171112,US English,us,A pond's condition deteriorates when the bottom environment cannot support animal life.,a ponds condition deteriorates when the bottom environment cannot support animal life,1f6eec4d9eb3347492ecd38ac4bf107e921f488697d7945bf6f27fd7900c9281
xlsr_english,suta,19,stage5ext_00079,77600d1ea840721bc62cd5a1444822538c380c4255c3bb966d35e4c71344e0691303c4add4223e9fe842b24d65e08ae2e99c956f4acb898bff34adad75171112,US English,us,The Chiemsee is located in the west of the district.,the chim si is located in the west of the district,1f6eec4d9eb3347492ecd38ac4bf107e921f488697d7945bf6f27fd7900c9281
xlsr_english,suta,19,stage5ext_00080,77600d1ea840721bc62cd5a1444822538c380c4255c3bb966d35e4c71344e0691303c4add4223e9fe842b24d65e08ae2e99c956f4acb898bff34adad75171112,US English,us,She was the daughter of Timothy and Ellen Noonan.,she was the daughter of timothy and ellen nonon,1f6eec4d9eb3347492ecd38ac4bf107e921f488697d7945bf6f27fd7900c9281
xlsr_english,suta,20,stage5ext_00081,77600d1ea840721bc62cd5a1444822538c380c4255c3bb966d35e4c71344e0691303c4add4223e9fe842b24d65e08ae2e99c956f4acb898bff34adad75171112,US English,us,"Collingwood was born in Britain but grew up in Sellersville, Pennsylvania.",collingwood was born in britain but grew up in sellarsville pennsylvania,0441b8e4cd6993ad2c25e662b4d34c9fddf6e81723030cdf386d3d3fa4f1d8c9
xlsr_english,suta,20,stage5ext_00082,77600d1ea840721bc62cd5a1444822538c380c4255c3bb966d35e4c71344e0691303c4add4223e9fe842b24d65e08ae2e99c956f4acb898bff34adad75171112,US English,us,It is also the language of most of the manuscripts of Welsh law.,it is also the language of most of the manuscripts of welsh law,0441b8e4cd6993ad2c25e662b4d34c9fddf6e81723030cdf386d3d3fa4f1d8c9
xlsr_english,suta,20,stage5ext_00083,77600d1ea840721bc62cd5a1444822538c380c4255c3bb966d35e4c71344e0691303c4add4223e9fe842b24d65e08ae2e99c956f4acb898bff34adad75171112,US English,us,"He was educated at Emanuel School, the University of Southampton and University of Warwick.",he was educated at emanuel school the university of southampton and university of warwick,0441b8e4cd6993ad2c25e662b4d34c9fddf6e81723030cdf386d3d3fa4f1d8c9
xlsr_english,suta,20,stage5ext_00084,77600d1ea840721bc62cd5a1444822538c380c4255c3bb966d35e4c71344e0691303c4add4223e9fe842b24d65e08ae2e99c956f4acb898bff34adad75171112,US English,us,He introduced cushion seats in all unreserved compartments.,he introduced cushion seats in all unreserved compartments,0441b8e4cd6993ad2c25e662b4d34c9fddf6e81723030cdf386d3d3fa4f1d8c9
xlsr_english,suta,21,stage5ext_00085,77600d1ea840721bc62cd5a1444822538c380c4255c3bb966d35e4c71344e0691303c4add4223e9fe842b24d65e08ae2e99c956f4acb898bff34adad75171112,US English,us,It developed from the Pugwash Conferences on Science and World Affairs.,it developed from the pugwash conferences on science and world affairs,c2e58d05ed4c25dbea3fedd6be377b8fdb7a0eedff2168a7f666087944d91ec8
xlsr_english,suta,21,stage5ext_00086,77600d1ea840721bc62cd5a1444822538c380c4255c3bb966d35e4c71344e0691303c4add4223e9fe842b24d65e08ae2e99c956f4acb898bff34adad75171112,US English,us,"He has written seven Phillip Mercer books in the series, beginning with ""Vulcan's Forge"".",he has written seven philip mercer books in the series beginning with vulcans forge,c2e58d05ed4c25dbea3fedd6be377b8fdb7a0eedff2168a7f666087944d91ec8
xlsr_english,suta,21,stage5ext_00087,77600d1ea840721bc62cd5a1444822538c380c4255c3bb966d35e4c71344e0691303c4add4223e9fe842b24d65e08ae2e99c956f4acb898bff34adad75171112,US English,us,"Like most other light jets, the Mustang is approved for single-pilot operation.",like most other light jets the mustang is approved for single pilot operation,c2e58d05ed4c25dbea3fedd6be377b8fdb7a0eedff2168a7f666087944d91ec8
xlsr_english,suta,21,stage5ext_00088,77600d1ea840721bc62cd5a1444822538c380c4255c3bb966d35e4c71344e0691303c4add4223e9fe842b24d65e08ae2e99c956f4acb898bff34adad75171112,US English,us,This is true for moduli of curves.,this is true for modeley of curves,c2e58d05ed4c25dbea3fedd6be377b8fdb7a0eedff2168a7f666087944d91ec8
xlsr_english,suta,22,stage5ext_00089,77600d1ea840721bc62cd5a1444822538c380c4255c3bb966d35e4c71344e0691303c4add4223e9fe842b24d65e08ae2e99c956f4acb898bff34adad75171112,US English,us,"They were the sons of Frederick Law Olmsted, renowned architect of Central Park.",they were the sons of frederick-law almstead renowned architect of central park,489e2c133b394ba106f424f76a8540319dde34c261d09e2c2ba23a5484fecda0
xlsr_english,suta,22,stage5ext_00090,77600d1ea840721bc62cd5a1444822538c380c4255c3bb966d35e4c71344e0691303c4add4223e9fe842b24d65e08ae2e99c956f4acb898bff34adad75171112,US English,us,The voltage stability depends on the gas pressure.,the voltage stability depends on the gas pressure,489e2c133b394ba106f424f76a8540319dde34c261d09e2c2ba23a5484fecda0
xlsr_english,suta,22,stage5ext_00091,9f2c0b36708a80b9aba1604061b45c02ab3d559f33122d380b4f16df7ee264228b8ed084cc75539159c501c042dcd878c793f3c16eaf1b5d9a110cad98fa0a9e,US English,us,Empress Elizabeth sent him to Kiev to realize Rastrelli's design of Saint Andrew Church.,empress elizabeth sent him to keeve to realized rest prelley's design of saint andrew church,489e2c133b394ba106f424f76a8540319dde34c261d09e2c2ba23a5484fecda0
xlsr_english,suta,22,stage5ext_00092,9f2c0b36708a80b9aba1604061b45c02ab3d559f33122d380b4f16df7ee264228b8ed084cc75539159c501c042dcd878c793f3c16eaf1b5d9a110cad98fa0a9e,US English,us,Caulfield offers students a wide range of subjects in its academic curriculum.,collfield offers students a wide range of subjects in its academic curriculum,489e2c133b394ba106f424f76a8540319dde34c261d09e2c2ba23a5484fecda0
xlsr_english,suta,23,stage5ext_00093,9f2c0b36708a80b9aba1604061b45c02ab3d559f33122d380b4f16df7ee264228b8ed084cc75539159c501c042dcd878c793f3c16eaf1b5d9a110cad98fa0a9e,US English,us,It is often used at the end of clauses or verses.,it is often used at the end of pauses reverses,72ff613b78b9e782091d22d2ea56ac09229f99df2b139055cbadd6bdbdcdbb54
xlsr_english,suta,23,stage5ext_00094,9f2c0b36708a80b9aba1604061b45c02ab3d559f33122d380b4f16df7ee264228b8ed084cc75539159c501c042dcd878c793f3c16eaf1b5d9a110cad98fa0a9e,US English,us,"Gardner was born in Batavia, New York.",gardner was born in batavia new york,72ff613b78b9e782091d22d2ea56ac09229f99df2b139055cbadd6bdbdcdbb54
xlsr_english,suta,23,stage5ext_00095,9f2c0b36708a80b9aba1604061b45c02ab3d559f33122d380b4f16df7ee264228b8ed084cc75539159c501c042dcd878c793f3c16eaf1b5d9a110cad98fa0a9e,US English,us,It is located where the Piankatank River feeds into the Chesapeake Bay.,it is located where the tankatang river feeds the chesabeake bay,72ff613b78b9e782091d22d2ea56ac09229f99df2b139055cbadd6bdbdcdbb54
xlsr_english,suta,23,stage5ext_00096,9f2c0b36708a80b9aba1604061b45c02ab3d559f33122d380b4f16df7ee264228b8ed084cc75539159c501c042dcd878c793f3c16eaf1b5d9a110cad98fa0a9e,US English,us,A classic example of a one-way function is multiplication of very large prime numbers.,a classic example of a one-way function is a multiplication of very large time numbers,72ff613b78b9e782091d22d2ea56ac09229f99df2b139055cbadd6bdbdcdbb54
xlsr_english,suta,24,stage5ext_00097,9f2c0b36708a80b9aba1604061b45c02ab3d559f33122d380b4f16df7ee264228b8ed084cc75539159c501c042dcd878c793f3c16eaf1b5d9a110cad98fa0a9e,US English,us,Nuclear warheads are produced and stored on the premises.,nuclear warheads are produced and stored on the premises,462d32ddcde918f19421044bd7be629575e559144620b933092a5f377a4a7f04
xlsr_english,suta,24,stage5ext_00098,9f2c0b36708a80b9aba1604061b45c02ab3d559f33122d380b4f16df7ee264228b8ed084cc75539159c501c042dcd878c793f3c16eaf1b5d9a110cad98fa0a9e,US English,us,"The Center awards a ""Distinguished Christian Statesman Award"" annually to high-profile Christian political leaders.",the centre awards a distinguished christian statesman award annually high-profile christian political leaders,462d32ddcde918f19421044bd7be629575e559144620b933092a5f377a4a7f04
xlsr_english,suta,24,stage5ext_00099,9f2c0b36708a80b9aba1604061b45c02ab3d559f33122d380b4f16df7ee264228b8ed084cc75539159c501c042dcd878c793f3c16eaf1b5d9a110cad98fa0a9e,US English,us,Flavors available in Germany included cherry and cola.,flavoris available in germany with cherry and cola,462d32ddcde918f19421044bd7be629575e559144620b933092a5f377a4a7f04
xlsr_english,suta,24,stage5ext_00100,9f2c0b36708a80b9aba1604061b45c02ab3d559f33122d380b4f16df7ee264228b8ed084cc75539159c501c042dcd878c793f3c16eaf1b5d9a110cad98fa0a9e,US English,us,The present chairman is Bumairam Mamaseitova.,the present chairman is bamaran mamasaitoga,462d32ddcde918f19421044bd7be629575e559144620b933092a5f377a4a7f04
xlsr_english,suta,25,stage5ext_00101,9f2c0b36708a80b9aba1604061b45c02ab3d559f33122d380b4f16df7ee264228b8ed084cc75539159c501c042dcd878c793f3c16eaf1b5d9a110cad98fa0a9e,US English,us,On the seventh day they depart.,on the seventh day they depart,017f7cff0c4fccd2aac435812dbd2b219edf80005140fcd44bf76f23df2a2c13
xlsr_english,suta,25,stage5ext_00102,9f2c0b36708a80b9aba1604061b45c02ab3d559f33122d380b4f16df7ee264228b8ed084cc75539159c501c042dcd878c793f3c16eaf1b5d9a110cad98fa0a9e,US English,us,Many notable Caliphs have had their share of ruling over the Kiswah.,many notable cout have had their share ruling over the kisua,017f7cff0c4fccd2aac435812dbd2b219edf80005140fcd44bf76f23df2a2c13
xlsr_english,suta,25,stage5ext_00103,9f2c0b36708a80b9aba1604061b45c02ab3d559f33122d380b4f16df7ee264228b8ed084cc75539159c501c042dcd878c793f3c16eaf1b5d9a110cad98fa0a9e,US English,us,The river Maros formed its southern border.,the river marrows formed its southern border,017f7cff0c4fccd2aac435812dbd2b219edf80005140fcd44bf76f23df2a2c13
xlsr_english,suta,25,stage5ext_00104,9f2c0b36708a80b9aba1604061b45c02ab3d559f33122d380b4f16df7ee264228b8ed084cc75539159c501c042dcd878c793f3c16eaf1b5d9a110cad98fa0a9e,US English,us,And that meant our fat electric album would have two songs on a side.,madmen or fat-electric album would have two songs on a side,017f7cff0c4fccd2aac435812dbd2b219edf80005140fcd44bf76f23df2a2c13
xlsr_english,suta,26,stage5ext_00105,9f2c0b36708a80b9aba1604061b45c02ab3d559f33122d380b4f16df7ee264228b8ed084cc75539159c501c042dcd878c793f3c16eaf1b5d9a110cad98fa0a9e,US English,us,A committee was organised and the Smithsonian Institution was founded.,a committee was organized and the smithsonian institution was founded,47960654862751a20ecaf24d9aeeeea3e2d4520be90de820f9aa688e485a3f22
xlsr_english,suta,26,stage5ext_00106,2ce9c40fcb6948ed0bced3197b5aefb5f8585c4b80c5f627af7a750cfb445b61c96532c68b893e6c1f4cb299407c58f1504db283d1f7eca7585dfc2f88a968d4,US English,us,"You're not psychotic, you just wish you were?",you're not psychotic you just wish you were,47960654862751a20ecaf24d9aeeeea3e2d4520be90de820f9aa688e485a3f22
xlsr_english,suta,26,stage5ext_00107,2ce9c40fcb6948ed0bced3197b5aefb5f8585c4b80c5f627af7a750cfb445b61c96532c68b893e6c1f4cb299407c58f1504db283d1f7eca7585dfc2f88a968d4,US English,us,Good evening.,good-evening,47960654862751a20ecaf24d9aeeeea3e2d4520be90de820f9aa688e485a3f22
xlsr_english,suta,26,stage5ext_00108,2ce9c40fcb6948ed0bced3197b5aefb5f8585c4b80c5f627af7a750cfb445b61c96532c68b893e6c1f4cb299407c58f1504db283d1f7eca7585dfc2f88a968d4,US English,us,The dead have no friends.,the dead have no friends,47960654862751a20ecaf24d9aeeeea3e2d4520be90de820f9aa688e485a3f22
xlsr_english,suta,27,stage5ext_00109,2ce9c40fcb6948ed0bced3197b5aefb5f8585c4b80c5f627af7a750cfb445b61c96532c68b893e6c1f4cb299407c58f1504db283d1f7eca7585dfc2f88a968d4,US English,us,Ship technology has improved.,ship technology has improved,d0b2122dac46595317d1dc3763876d642a291974751a6f7a4a48d75adb51cc45
xlsr_english,suta,27,stage5ext_00110,2ce9c40fcb6948ed0bced3197b5aefb5f8585c4b80c5f627af7a750cfb445b61c96532c68b893e6c1f4cb299407c58f1504db283d1f7eca7585dfc2f88a968d4,US English,us,The shop is closed on Mondays.,the shop is closed on mondays,d0b2122dac46595317d1dc3763876d642a291974751a6f7a4a48d75adb51cc45
xlsr_english,suta,27,stage5ext_00111,2ce9c40fcb6948ed0bced3197b5aefb5f8585c4b80c5f627af7a750cfb445b61c96532c68b893e6c1f4cb299407c58f1504db283d1f7eca7585dfc2f88a968d4,US English,us,"Waste not, want not.",wastnot what not,d0b2122dac46595317d1dc3763876d642a291974751a6f7a4a48d75adb51cc45
xlsr_english,suta,27,stage5ext_00112,2ce9c40fcb6948ed0bced3197b5aefb5f8585c4b80c5f627af7a750cfb445b61c96532c68b893e6c1f4cb299407c58f1504db283d1f7eca7585dfc2f88a968d4,US English,us,"The salesman was like the rest of them, untrustworthy.",the salesman is like the rest of him untrustworthy,d0b2122dac46595317d1dc3763876d642a291974751a6f7a4a48d75adb51cc45
xlsr_english,suta,28,stage5ext_00113,2ce9c40fcb6948ed0bced3197b5aefb5f8585c4b80c5f627af7a750cfb445b61c96532c68b893e6c1f4cb299407c58f1504db283d1f7eca7585dfc2f88a968d4,US English,us,"Did you know that the word ""commercial"" could mean the same as ""advertisement""?",did you know that the word commercial could mean the same as advertisement,ca8298d3f8d58943cdf9f40f5a235157d8cd14fbe09f1030f2122d2e712a5621
xlsr_english,suta,28,stage5ext_00114,2ce9c40fcb6948ed0bced3197b5aefb5f8585c4b80c5f627af7a750cfb445b61c96532c68b893e6c1f4cb299407c58f1504db283d1f7eca7585dfc2f88a968d4,US English,us,Topsy-turvy Steamboat.,topsy turvy steamboat,ca8298d3f8d58943cdf9f40f5a235157d8cd14fbe09f1030f2122d2e712a5621
xlsr_english,suta,28,stage5ext_00115,2ce9c40fcb6948ed0bced3197b5aefb5f8585c4b80c5f627af7a750cfb445b61c96532c68b893e6c1f4cb299407c58f1504db283d1f7eca7585dfc2f88a968d4,US English,us,Save a thief from the gallows and he will cut your throat,save a thief from the gallows and he will cut your throat,ca8298d3f8d58943cdf9f40f5a235157d8cd14fbe09f1030f2122d2e712a5621
xlsr_english,suta,28,stage5ext_00116,2ce9c40fcb6948ed0bced3197b5aefb5f8585c4b80c5f627af7a750cfb445b61c96532c68b893e6c1f4cb299407c58f1504db283d1f7eca7585dfc2f88a968d4,US English,us,A chip of the old block.,a chip of the old block,ca8298d3f8d58943cdf9f40f5a235157d8cd14fbe09f1030f2122d2e712a5621
xlsr_english,suta,29,stage5ext_00117,2ce9c40fcb6948ed0bced3197b5aefb5f8585c4b80c5f627af7a750cfb445b61c96532c68b893e6c1f4cb299407c58f1504db283d1f7eca7585dfc2f88a968d4,US English,us,What about from an unsafe distance?,what about from an unsafe distance,0f2f119c870e4ea9389454bdf11122bd002d544788da32d68a8afbff5ea77e28
xlsr_english,suta,29,stage5ext_00118,2ce9c40fcb6948ed0bced3197b5aefb5f8585c4b80c5f627af7a750cfb445b61c96532c68b893e6c1f4cb299407c58f1504db283d1f7eca7585dfc2f88a968d4,US English,us,New pants lack cuffs and pockets.,newpants lack cuffs and pockets,0f2f119c870e4ea9389454bdf11122bd002d544788da32d68a8afbff5ea77e28
xlsr_english,suta,29,stage5ext_00119,2ce9c40fcb6948ed0bced3197b5aefb5f8585c4b80c5f627af7a750cfb445b61c96532c68b893e6c1f4cb299407c58f1504db283d1f7eca7585dfc2f88a968d4,US English,us,Is that how your niece began?,is that how your niece began,0f2f119c870e4ea9389454bdf11122bd002d544788da32d68a8afbff5ea77e28
xlsr_english,suta,29,stage5ext_00120,2ce9c40fcb6948ed0bced3197b5aefb5f8585c4b80c5f627af7a750cfb445b61c96532c68b893e6c1f4cb299407c58f1504db283d1f7eca7585dfc2f88a968d4,US English,us,That is the weirdest dress I have found in this store.,that is the weirdest dress i have found in this store,0f2f119c870e4ea9389454bdf11122bd002d544788da32d68a8afbff5ea77e28
xlsr_english,suta,30,stage5ext_00121,228508a13bdcb59b6e981ab369677a052cfa1d9208ac95a44f5a910b5fb16d76e49d318b1a128dd5144453cc80734637f59383b09379191621b865980d923440,US English,us,The reasons are more political.,the reasons are more political,aa3ff9fc37ca90d8b3463eeac9407cc58cfa67ae9e66e0287aa47a61edaf77d3
xlsr_english,suta,30,stage5ext_00122,228508a13bdcb59b6e981ab369677a052cfa1d9208ac95a44f5a910b5fb16d76e49d318b1a128dd5144453cc80734637f59383b09379191621b865980d923440,US English,us,When he became a foreman he expected more output from the workmen.,when he became a foreman he expected more output from the werkman,aa3ff9fc37ca90d8b3463eeac9407cc58cfa67ae9e66e0287aa47a61edaf77d3
xlsr_english,suta,30,stage5ext_00123,228508a13bdcb59b6e981ab369677a052cfa1d9208ac95a44f5a910b5fb16d76e49d318b1a128dd5144453cc80734637f59383b09379191621b865980d923440,US English,us,"The timber was exported to Egypt, where it was in great demand.",the timber was exported to egypt but it was in great demand,aa3ff9fc37ca90d8b3463eeac9407cc58cfa67ae9e66e0287aa47a61edaf77d3
xlsr_english,suta,30,stage5ext_00124,228508a13bdcb59b6e981ab369677a052cfa1d9208ac95a44f5a910b5fb16d76e49d318b1a128dd5144453cc80734637f59383b09379191621b865980d923440,US English,us,"On farm visits, touching or feeding pigs should be prohibited.",on farmisets touching or feeding mixs should be prohibited,aa3ff9fc37ca90d8b3463eeac9407cc58cfa67ae9e66e0287aa47a61edaf77d3
xlsr_english,suta,31,stage5ext_00125,228508a13bdcb59b6e981ab369677a052cfa1d9208ac95a44f5a910b5fb16d76e49d318b1a128dd5144453cc80734637f59383b09379191621b865980d923440,US English,us,Noah worked on the album for two years.,noa worked on the album for two years,a10517eb4822fe40016c8f2fda5bb74fddc5953bea0a40bb0d7a5c0c2d2e64a8
xlsr_english,suta,31,stage5ext_00126,228508a13bdcb59b6e981ab369677a052cfa1d9208ac95a44f5a910b5fb16d76e49d318b1a128dd5144453cc80734637f59383b09379191621b865980d923440,US English,us,"The family seat is Terling Place, near Terling, Essex.",the family cit is terling place near terling essex,a10517eb4822fe40016c8f2fda5bb74fddc5953bea0a40bb0d7a5c0c2d2e64a8
xlsr_english,suta,31,stage5ext_00127,228508a13bdcb59b6e981ab369677a052cfa1d9208ac95a44f5a910b5fb16d76e49d318b1a128dd5144453cc80734637f59383b09379191621b865980d923440,US English,us,She then got underway for Leyte.,she then got on dhe way for late,a10517eb4822fe40016c8f2fda5bb74fddc5953bea0a40bb0d7a5c0c2d2e64a8
xlsr_english,suta,31,stage5ext_00128,228508a13bdcb59b6e981ab369677a052cfa1d9208ac95a44f5a910b5fb16d76e49d318b1a128dd5144453cc80734637f59383b09379191621b865980d923440,US English,us,His early work was on optical information processing.,his early work was an optical information procesting,a10517eb4822fe40016c8f2fda5bb74fddc5953bea0a40bb0d7a5c0c2d2e64a8
xlsr_english,suta,32,stage5ext_00129,228508a13bdcb59b6e981ab369677a052cfa1d9208ac95a44f5a910b5fb16d76e49d318b1a128dd5144453cc80734637f59383b09379191621b865980d923440,US English,us,There is much shouting and gesticulation on the appearance of a new moon.,there is much shouting an gesticulation on the appearance of a nu,f8dc4ce7fabac5c71e4abb0e513260e69609c70ddcff95dce56a73158fc70e37
xlsr_english,suta,32,stage5ext_00130,228508a13bdcb59b6e981ab369677a052cfa1d9208ac95a44f5a910b5fb16d76e49d318b1a128dd5144453cc80734637f59383b09379191621b865980d923440,US English,us,Previously this variety was believed to be lost.,previously this variety was believed to be lost,f8dc4ce7fabac5c71e4abb0e513260e69609c70ddcff95dce56a73158fc70e37
xlsr_english,suta,32,stage5ext_00131,228508a13bdcb59b6e981ab369677a052cfa1d9208ac95a44f5a910b5fb16d76e49d318b1a128dd5144453cc80734637f59383b09379191621b865980d923440,US English,us,"Well, next morning, the husband was missing.",lo next morning the husband was missing,f8dc4ce7fabac5c71e4abb0e513260e69609c70ddcff95dce56a73158fc70e37
xlsr_english,suta,32,stage5ext_00132,228508a13bdcb59b6e981ab369677a052cfa1d9208ac95a44f5a910b5fb16d76e49d318b1a128dd5144453cc80734637f59383b09379191621b865980d923440,US English,us,The heads are then like thongs and solemn in grain and grape-colour.,the heads are then like tongues and some on the green and gray color,f8dc4ce7fabac5c71e4abb0e513260e69609c70ddcff95dce56a73158fc70e37
xlsr_english,suta,33,stage5ext_00133,228508a13bdcb59b6e981ab369677a052cfa1d9208ac95a44f5a910b5fb16d76e49d318b1a128dd5144453cc80734637f59383b09379191621b865980d923440,US English,us,"After retiring, Ehiogu founded his own record label, Dirty Hit.",after retiring ihoky founded his own record label dirt hit,f57de6158cc247a179958f0b9cf493aee2690f0f6dbfd6c293268390fbedd94f
xlsr_english,suta,33,stage5ext_00134,228508a13bdcb59b6e981ab369677a052cfa1d9208ac95a44f5a910b5fb16d76e49d318b1a128dd5144453cc80734637f59383b09379191621b865980d923440,US English,us,"Some credit ""earlier notions of political and juridical authority"" in Iran's Safavid period.",some credit earlier notions of political and juridical authority in irang's sephawit period,f57de6158cc247a179958f0b9cf493aee2690f0f6dbfd6c293268390fbedd94f
xlsr_english,suta,33,stage5ext_00135,228508a13bdcb59b6e981ab369677a052cfa1d9208ac95a44f5a910b5fb16d76e49d318b1a128dd5144453cc80734637f59383b09379191621b865980d923440,US English,us,"George Washington Riggs died at his home, Green Hill, in Prince George's County, Maryland.",george washington ricks died at his home greenhill in prince george county maryland,f57de6158cc247a179958f0b9cf493aee2690f0f6dbfd6c293268390fbedd94f
xlsr_english,suta,33,stage5ext_00136,720e559efbceae3ffa3e0df1e70d5d276564f71b02f1a3222c7dbbfa55811cbc4ad54045296d28ef121452051dd65e0253f9af4f519f65f29a0690726ba44253,US English,us,"The number of non-Muslim Sufis before the twentieth century, however, was usually relatively few.",the number of non-muslim sufies before the twentieth century however was usually relatively few,f57de6158cc247a179958f0b9cf493aee2690f0f6dbfd6c293268390fbedd94f
xlsr_english,suta,34,stage5ext_00137,720e559efbceae3ffa3e0df1e70d5d276564f71b02f1a3222c7dbbfa55811cbc4ad54045296d28ef121452051dd65e0253f9af4f519f65f29a0690726ba44253,US English,us,"At the party, Jerry meets an attractive woman named Vanessa.",at the party jerry meets an attractive woman named venessa,3db1a9d19c28603f306faacefd2a044e05e697fa882076a21acb0ad30785202b
xlsr_english,suta,34,stage5ext_00138,720e559efbceae3ffa3e0df1e70d5d276564f71b02f1a3222c7dbbfa55811cbc4ad54045296d28ef121452051dd65e0253f9af4f519f65f29a0690726ba44253,US English,us,Irulan herself appears in person only near the end of the novel.,irlon herself appears in person only near the end of the novel,3db1a9d19c28603f306faacefd2a044e05e697fa882076a21acb0ad30785202b
xlsr_english,suta,34,stage5ext_00139,720e559efbceae3ffa3e0df1e70d5d276564f71b02f1a3222c7dbbfa55811cbc4ad54045296d28ef121452051dd65e0253f9af4f519f65f29a0690726ba44253,US English,us,Jump is a yellow dog with brown patches and the pet dog of Tobio.,jump is a yellow dog with brown patches and the pet dog of tobio,3db1a9d19c28603f306faacefd2a044e05e697fa882076a21acb0ad30785202b
xlsr_english,suta,34,stage5ext_00140,720e559efbceae3ffa3e0df1e70d5d276564f71b02f1a3222c7dbbfa55811cbc4ad54045296d28ef121452051dd65e0253f9af4f519f65f29a0690726ba44253,US English,us,It has some popular restaurants including The New Inn.,it has some popular restaurants including the new inn,3db1a9d19c28603f306faacefd2a044e05e697fa882076a21acb0ad30785202b
xlsr_english,suta,35,stage5ext_00141,720e559efbceae3ffa3e0df1e70d5d276564f71b02f1a3222c7dbbfa55811cbc4ad54045296d28ef121452051dd65e0253f9af4f519f65f29a0690726ba44253,US English,us,The families and genera within the orders are listed in alphabetical order.,the families and genera within the orders are listed in alphabetical order,ae98aa5db96a24575531b628a5f85b5a92e9965486167f568a72f113d3828ab3
xlsr_english,suta,35,stage5ext_00142,720e559efbceae3ffa3e0df1e70d5d276564f71b02f1a3222c7dbbfa55811cbc4ad54045296d28ef121452051dd65e0253f9af4f519f65f29a0690726ba44253,US English,us,"This practice remains an important ritual in some remote, tribal societies.",this practice remains an important ritual in some remote tribal societies,ae98aa5db96a24575531b628a5f85b5a92e9965486167f568a72f113d3828ab3
xlsr_english,suta,35,stage5ext_00143,720e559efbceae3ffa3e0df1e70d5d276564f71b02f1a3222c7dbbfa55811cbc4ad54045296d28ef121452051dd65e0253f9af4f519f65f29a0690726ba44253,US English,us,A second game also included Carshalton College.,a second game also included carshalton college,ae98aa5db96a24575531b628a5f85b5a92e9965486167f568a72f113d3828ab3
xlsr_english,suta,35,stage5ext_00144,720e559efbceae3ffa3e0df1e70d5d276564f71b02f1a3222c7dbbfa55811cbc4ad54045296d28ef121452051dd65e0253f9af4f519f65f29a0690726ba44253,US English,us,Mareya micrantha is said to have local anaesthetic properties.,marea macrantha is said to have local anaesthetic properties,ae98aa5db96a24575531b628a5f85b5a92e9965486167f568a72f113d3828ab3
xlsr_english,suta,36,stage5ext_00145,720e559efbceae3ffa3e0df1e70d5d276564f71b02f1a3222c7dbbfa55811cbc4ad54045296d28ef121452051dd65e0253f9af4f519f65f29a0690726ba44253,US English,us,The expanded section included an enlarged bar.,the expanded section included an enlarged bar,5669dcc5169161197075fe7924700e8a3307303e5cd536e751fafce5a0313c97
xlsr_english,suta,36,stage5ext_00146,720e559efbceae3ffa3e0df1e70d5d276564f71b02f1a3222c7dbbfa55811cbc4ad54045296d28ef121452051dd65e0253f9af4f519f65f29a0690726ba44253,US English,us,"This is in contrast to physiology, which deals primarily with function.",this is in contrast to physiology which deals primarily with function,5669dcc5169161197075fe7924700e8a3307303e5cd536e751fafce5a0313c97
xlsr_english,suta,36,stage5ext_00147,720e559efbceae3ffa3e0df1e70d5d276564f71b02f1a3222c7dbbfa55811cbc4ad54045296d28ef121452051dd65e0253f9af4f519f65f29a0690726ba44253,US English,us,"When his wife died, Acosta retired and went to live in a hermitage.",when his wife died akasta retired and went to live in a hermitage,5669dcc5169161197075fe7924700e8a3307303e5cd536e751fafce5a0313c97
xlsr_english,suta,36,stage5ext_00148,720e559efbceae3ffa3e0df1e70d5d276564f71b02f1a3222c7dbbfa55811cbc4ad54045296d28ef121452051dd65e0253f9af4f519f65f29a0690726ba44253,US English,us,McNab ruled with an iron fist over the Scottish settlers.,mcnabb ruled with an iron fist over the scottish settlers,5669dcc5169161197075fe7924700e8a3307303e5cd536e751fafce5a0313c97
xlsr_english,suta,37,stage5ext_00149,720e559efbceae3ffa3e0df1e70d5d276564f71b02f1a3222c7dbbfa55811cbc4ad54045296d28ef121452051dd65e0253f9af4f519f65f29a0690726ba44253,US English,us,"Ricci played a young detective who temporarily partners with Grace, played by Holly Hunter.",ricki played a young detective who temporarily partners with grace played by holly hunter,f57d757d0dbd17247c493799cbc3fa3aed707501e0dbb6701582a8c2733d6cd5
xlsr_english,suta,37,stage5ext_00150,720e559efbceae3ffa3e0df1e70d5d276564f71b02f1a3222c7dbbfa55811cbc4ad54045296d28ef121452051dd65e0253f9af4f519f65f29a0690726ba44253,US English,us,"It would, in effect, paralyse their co-operation.",it would in effect paralyse their cooperation,f57d757d0dbd17247c493799cbc3fa3aed707501e0dbb6701582a8c2733d6cd5
xlsr_english,suta,37,stage5ext_00151,fd0dff3b5f07ca5531d539b5a2d98730836ad0aa3e1b6526ad93f596c546212f2e9c6152141a6d6a86254fe36668b66427df0e1588645c1756157fb92705969a,England English,england,I'm playing for keeps.,im blay f it keeps,f57d757d0dbd17247c493799cbc3fa3aed707501e0dbb6701582a8c2733d6cd5
xlsr_english,suta,37,stage5ext_00152,fd0dff3b5f07ca5531d539b5a2d98730836ad0aa3e1b6526ad93f596c546212f2e9c6152141a6d6a86254fe36668b66427df0e1588645c1756157fb92705969a,England English,england,His old Ferrari has been compacted to a small cube of metal at the junkyard.,his old ferrari has been compacted to a small kyb of metal at the junkyard,f57d757d0dbd17247c493799cbc3fa3aed707501e0dbb6701582a8c2733d6cd5
xlsr_english,suta,38,stage5ext_00153,fd0dff3b5f07ca5531d539b5a2d98730836ad0aa3e1b6526ad93f596c546212f2e9c6152141a6d6a86254fe36668b66427df0e1588645c1756157fb92705969a,England English,england,There was no response from the elders.,there as ner response from the others,5c4f4f2aeb9157d33621e541e68288c430f626bfa6a5debdce6aa08209e494ae
xlsr_english,suta,38,stage5ext_00154,fd0dff3b5f07ca5531d539b5a2d98730836ad0aa3e1b6526ad93f596c546212f2e9c6152141a6d6a86254fe36668b66427df0e1588645c1756157fb92705969a,England English,england,You're hurting my sore foot.,you're hurting my sore foot,5c4f4f2aeb9157d33621e541e68288c430f626bfa6a5debdce6aa08209e494ae
xlsr_english,suta,38,stage5ext_00155,fd0dff3b5f07ca5531d539b5a2d98730836ad0aa3e1b6526ad93f596c546212f2e9c6152141a6d6a86254fe36668b66427df0e1588645c1756157fb92705969a,England English,england,Studying these key phrases will help you while traveling.,studying these key phrases will help peowhile traveling,5c4f4f2aeb9157d33621e541e68288c430f626bfa6a5debdce6aa08209e494ae
xlsr_english,suta,38,stage5ext_00156,fd0dff3b5f07ca5531d539b5a2d98730836ad0aa3e1b6526ad93f596c546212f2e9c6152141a6d6a86254fe36668b66427df0e1588645c1756157fb92705969a,England English,england,Mary told me that she got to meet up with you while she was back in San Francisco.,mary told me she got to meet up with you while you were back in san francisco,5c4f4f2aeb9157d33621e541e68288c430f626bfa6a5debdce6aa08209e494ae
xlsr_english,suta,39,stage5ext_00157,fd0dff3b5f07ca5531d539b5a2d98730836ad0aa3e1b6526ad93f596c546212f2e9c6152141a6d6a86254fe36668b66427df0e1588645c1756157fb92705969a,England English,england,Look on the third shelf back of the eye wash.,look on the third shelf back of the eyewash,256990ddce8d74e9a7dc5f10e4a182deb62e0b14a4d2adf0974d355d8ce892ed
xlsr_english,suta,39,stage5ext_00158,fd0dff3b5f07ca5531d539b5a2d98730836ad0aa3e1b6526ad93f596c546212f2e9c6152141a6d6a86254fe36668b66427df0e1588645c1756157fb92705969a,England English,england,It was Linda Keller!,it was linda keller,256990ddce8d74e9a7dc5f10e4a182deb62e0b14a4d2adf0974d355d8ce892ed
xlsr_english,suta,39,stage5ext_00159,fd0dff3b5f07ca5531d539b5a2d98730836ad0aa3e1b6526ad93f596c546212f2e9c6152141a6d6a86254fe36668b66427df0e1588645c1756157fb92705969a,England English,england,Neil Armstrong was the first man to step foot on the moon.,new l armstrong was the first man to step foot on the loon,256990ddce8d74e9a7dc5f10e4a182deb62e0b14a4d2adf0974d355d8ce892ed
xlsr_english,suta,39,stage5ext_00160,fd0dff3b5f07ca5531d539b5a2d98730836ad0aa3e1b6526ad93f596c546212f2e9c6152141a6d6a86254fe36668b66427df0e1588645c1756157fb92705969a,England English,england,You go on and practice.,you go on and practice,256990ddce8d74e9a7dc5f10e4a182deb62e0b14a4d2adf0974d355d8ce892ed
xlsr_english,suta,40,stage5ext_00161,fd0dff3b5f07ca5531d539b5a2d98730836ad0aa3e1b6526ad93f596c546212f2e9c6152141a6d6a86254fe36668b66427df0e1588645c1756157fb92705969a,England English,england,Storm increasing over the Rockies.,storm increasing over the rockies,b8285ab644ea50dbe0ecb9c93623eaff9d52dcfedf5757a0fd34556eee280643
xlsr_english,suta,40,stage5ext_00162,fd0dff3b5f07ca5531d539b5a2d98730836ad0aa3e1b6526ad93f596c546212f2e9c6152141a6d6a86254fe36668b66427df0e1588645c1756157fb92705969a,England English,england,Witnesses report two armed suspects and four hostages.,witnesses report two armd suspects an four hostages,b8285ab644ea50dbe0ecb9c93623eaff9d52dcfedf5757a0fd34556eee280643
xlsr_english,suta,40,stage5ext_00163,fd0dff3b5f07ca5531d539b5a2d98730836ad0aa3e1b6526ad93f596c546212f2e9c6152141a6d6a86254fe36668b66427df0e1588645c1756157fb92705969a,England English,england,"If you know of other games that play well with hands-free control, please post in the comments.",if you know of other games that play role with hands free control please post in the comments,b8285ab644ea50dbe0ecb9c93623eaff9d52dcfedf5757a0fd34556eee280643
xlsr_english,suta,40,stage5ext_00164,fd0dff3b5f07ca5531d539b5a2d98730836ad0aa3e1b6526ad93f596c546212f2e9c6152141a6d6a86254fe36668b66427df0e1588645c1756157fb92705969a,England English,england,"Two caribous in a queue, they didn't have a clue, that I was using their flue, to write a poem for you.",two cariboos in a q they didn't have a clue that i was using their flu to write a perm for you,b8285ab644ea50dbe0ecb9c93623eaff9d52dcfedf5757a0fd34556eee280643
xlsr_english,suta,41,stage5ext_00165,fd0dff3b5f07ca5531d539b5a2d98730836ad0aa3e1b6526ad93f596c546212f2e9c6152141a6d6a86254fe36668b66427df0e1588645c1756157fb92705969a,England English,england,With a bag of marshmallows.,with a bag of malshmealows,054d589747d9ee9b221e9848843a8f7f2cea3cea599d183cd51359c2ae289e74
xlsr_english,suta,41,stage5ext_00166,fdcab9861a3de8913b99470efefdd496f7500e233d7a34a4bf246ca2321426334f7206282773114305bb5b045ee084a0c9e50c6160fc40ac34ba2009e1997f8f,England English,england,"Teresa, Mildrid, Ralph, and Vonda all arrived yesterday evening.",teresa mildrid ralph and bonda all arrive yesterday evening,054d589747d9ee9b221e9848843a8f7f2cea3cea599d183cd51359c2ae289e74
xlsr_english,suta,41,stage5ext_00167,fdcab9861a3de8913b99470efefdd496f7500e233d7a34a4bf246ca2321426334f7206282773114305bb5b045ee084a0c9e50c6160fc40ac34ba2009e1997f8f,England English,england,"Somehow, the paragraphs blurred into each other.",somehow the paragraphs blurred into each other,054d589747d9ee9b221e9848843a8f7f2cea3cea599d183cd51359c2ae289e74
xlsr_english,suta,41,stage5ext_00168,fdcab9861a3de8913b99470efefdd496f7500e233d7a34a4bf246ca2321426334f7206282773114305bb5b045ee084a0c9e50c6160fc40ac34ba2009e1997f8f,England English,england,"Now, attend to me.",now ittend to me,054d589747d9ee9b221e9848843a8f7f2cea3cea599d183cd51359c2ae289e74
xlsr_english,suta,42,stage5ext_00169,fdcab9861a3de8913b99470efefdd496f7500e233d7a34a4bf246ca2321426334f7206282773114305bb5b045ee084a0c9e50c6160fc40ac34ba2009e1997f8f,England English,england,"Oh man, I think I got friend-zoned once again.",o man i think i've got friends oned once again,35a40a4857d9451b5fd390ea8f003295ca6896d2a7cef7deed440eb65b5192bc
xlsr_english,suta,42,stage5ext_00170,fdcab9861a3de8913b99470efefdd496f7500e233d7a34a4bf246ca2321426334f7206282773114305bb5b045ee084a0c9e50c6160fc40ac34ba2009e1997f8f,England English,england,"Hooray, we're going to Alaska!",ho way we're going to alaska,35a40a4857d9451b5fd390ea8f003295ca6896d2a7cef7deed440eb65b5192bc
xlsr_english,suta,42,stage5ext_00171,fdcab9861a3de8913b99470efefdd496f7500e233d7a34a4bf246ca2321426334f7206282773114305bb5b045ee084a0c9e50c6160fc40ac34ba2009e1997f8f,England English,england,"The landing was dimly light by a single, bare, low-power light-bulb.",the landing was dimly lit by a single bear no-power lightbult,35a40a4857d9451b5fd390ea8f003295ca6896d2a7cef7deed440eb65b5192bc
xlsr_english,suta,42,stage5ext_00172,fdcab9861a3de8913b99470efefdd496f7500e233d7a34a4bf246ca2321426334f7206282773114305bb5b045ee084a0c9e50c6160fc40ac34ba2009e1997f8f,England English,england,Aren't we godlike?,arent we god like,35a40a4857d9451b5fd390ea8f003295ca6896d2a7cef7deed440eb65b5192bc
xlsr_english,suta,43,stage5ext_00173,fdcab9861a3de8913b99470efefdd496f7500e233d7a34a4bf246ca2321426334f7206282773114305bb5b045ee084a0c9e50c6160fc40ac34ba2009e1997f8f,England English,england,Where is my dress?,there is my dress,c78399dba37f63316e5fbbf720ab201867c13ab6f538e453b605a791f03343b6
xlsr_english,suta,43,stage5ext_00174,fdcab9861a3de8913b99470efefdd496f7500e233d7a34a4bf246ca2321426334f7206282773114305bb5b045ee084a0c9e50c6160fc40ac34ba2009e1997f8f,England English,england,Where are you going?,where are you going,c78399dba37f63316e5fbbf720ab201867c13ab6f538e453b605a791f03343b6
xlsr_english,suta,43,stage5ext_00175,fdcab9861a3de8913b99470efefdd496f7500e233d7a34a4bf246ca2321426334f7206282773114305bb5b045ee084a0c9e50c6160fc40ac34ba2009e1997f8f,England English,england,"When you're at a party and somebody says ""banana bread"", a sniper might be near you.",when ho et a party and somebody says balanabred a sniper might be near you,c78399dba37f63316e5fbbf720ab201867c13ab6f538e453b605a791f03343b6
xlsr_english,suta,43,stage5ext_00176,fdcab9861a3de8913b99470efefdd496f7500e233d7a34a4bf246ca2321426334f7206282773114305bb5b045ee084a0c9e50c6160fc40ac34ba2009e1997f8f,England English,england,"She was beautiful from behind, but he couldn't see her face yet.",she was beautiful from behind but he couldnt see her face yet,c78399dba37f63316e5fbbf720ab201867c13ab6f538e453b605a791f03343b6
xlsr_english,suta,44,stage5ext_00177,fdcab9861a3de8913b99470efefdd496f7500e233d7a34a4bf246ca2321426334f7206282773114305bb5b045ee084a0c9e50c6160fc40ac34ba2009e1997f8f,England English,england,Didn't you know that?,didn't ye know that,0afbf2330d60eab6f110dfff140c395b0459c25d73a527c89c767a1c72c310ff
xlsr_english,suta,44,stage5ext_00178,fdcab9861a3de8913b99470efefdd496f7500e233d7a34a4bf246ca2321426334f7206282773114305bb5b045ee084a0c9e50c6160fc40ac34ba2009e1997f8f,England English,england,What else can I do?,what else can i do,0afbf2330d60eab6f110dfff140c395b0459c25d73a527c89c767a1c72c310ff
xlsr_english,suta,44,stage5ext_00179,fdcab9861a3de8913b99470efefdd496f7500e233d7a34a4bf246ca2321426334f7206282773114305bb5b045ee084a0c9e50c6160fc40ac34ba2009e1997f8f,England English,england,May I borrow your bolster?,may i borrow your bolster,0afbf2330d60eab6f110dfff140c395b0459c25d73a527c89c767a1c72c310ff
xlsr_english,suta,44,stage5ext_00180,fdcab9861a3de8913b99470efefdd496f7500e233d7a34a4bf246ca2321426334f7206282773114305bb5b045ee084a0c9e50c6160fc40ac34ba2009e1997f8f,England English,england,"They walked in from the rain, all dishevelled and steaming.",they rolped in from te rain all disheveled and steaming,0afbf2330d60eab6f110dfff140c395b0459c25d73a527c89c767a1c72c310ff
xlsr_english,suta,45,stage5ext_00181,7485d1e4fd50cc3801883f44ba2eaca4d5d18deb062c87bb6dd533c6db6cdca2a4b53ec84620337d88bc4417c254ba46b7f21517d0bec5305dd08e43c791410c,England English,england,Both have a notably red eye.,both have a notably red eye,c423668321358ac0868f81ae57f253f6078e355150409b1af1484f48ba35c7c9
xlsr_english,suta,45,stage5ext_00182,7485d1e4fd50cc3801883f44ba2eaca4d5d18deb062c87bb6dd533c6db6cdca2a4b53ec84620337d88bc4417c254ba46b7f21517d0bec5305dd08e43c791410c,England English,england,"At the conclusion of the season, Kerry and ThorSport Racing went their separate ways.",at the conclusion of the season kerry and thoresport racing went their separate ways,c423668321358ac0868f81ae57f253f6078e355150409b1af1484f48ba35c7c9
xlsr_english,suta,45,stage5ext_00183,7485d1e4fd50cc3801883f44ba2eaca4d5d18deb062c87bb6dd533c6db6cdca2a4b53ec84620337d88bc4417c254ba46b7f21517d0bec5305dd08e43c791410c,England English,england,Prasterone is a steroid hormone.,prasterone is a steroid hormon,c423668321358ac0868f81ae57f253f6078e355150409b1af1484f48ba35c7c9
xlsr_english,suta,45,stage5ext_00184,7485d1e4fd50cc3801883f44ba2eaca4d5d18deb062c87bb6dd533c6db6cdca2a4b53ec84620337d88bc4417c254ba46b7f21517d0bec5305dd08e43c791410c,England English,england,"A natural key is sometimes called ""domain key"".",a natural key is sometimes called demain key,c423668321358ac0868f81ae57f253f6078e355150409b1af1484f48ba35c7c9
xlsr_english,suta,46,stage5ext_00185,7485d1e4fd50cc3801883f44ba2eaca4d5d18deb062c87bb6dd533c6db6cdca2a4b53ec84620337d88bc4417c254ba46b7f21517d0bec5305dd08e43c791410c,England English,england,In China also along with Confucianism developed the tradition of Legalism.,in china also along with confusianism develop the tradition of legalism,7f7b7787348a099cd3d43bf3f5562cdb18d191bff0e48f0ad090edd81487d841
xlsr_english,suta,46,stage5ext_00186,7485d1e4fd50cc3801883f44ba2eaca4d5d18deb062c87bb6dd533c6db6cdca2a4b53ec84620337d88bc4417c254ba46b7f21517d0bec5305dd08e43c791410c,England English,england,"Deeley describes her religious affiliation as Anglican, although she was not christened.",deeley described her religious affiliations as anglican although she was not christened,7f7b7787348a099cd3d43bf3f5562cdb18d191bff0e48f0ad090edd81487d841
xlsr_english,suta,46,stage5ext_00187,7485d1e4fd50cc3801883f44ba2eaca4d5d18deb062c87bb6dd533c6db6cdca2a4b53ec84620337d88bc4417c254ba46b7f21517d0bec5305dd08e43c791410c,England English,england,The program highlighted Chadwick's hometown of San Diego.,the program highlighted chadwicks hometown of san diego,7f7b7787348a099cd3d43bf3f5562cdb18d191bff0e48f0ad090edd81487d841
xlsr_english,suta,46,stage5ext_00188,7485d1e4fd50cc3801883f44ba2eaca4d5d18deb062c87bb6dd533c6db6cdca2a4b53ec84620337d88bc4417c254ba46b7f21517d0bec5305dd08e43c791410c,England English,england,"The township calls itself ""New Jersey's Largest Municipality"" on its stationery and its website.",the township calls itself new jersey's largest municipality on its stationary and its website,7f7b7787348a099cd3d43bf3f5562cdb18d191bff0e48f0ad090edd81487d841
xlsr_english,suta,47,stage5ext_00189,7485d1e4fd50cc3801883f44ba2eaca4d5d18deb062c87bb6dd533c6db6cdca2a4b53ec84620337d88bc4417c254ba46b7f21517d0bec5305dd08e43c791410c,England English,england,Morrow County is considered to be a part of Mid Ohio.,morrow county is considered to be part of mid ohio,1e5f1710b66465b75edc620210063b29885acc0bfff56a39f9d3e65755714b67
xlsr_english,suta,47,stage5ext_00190,7485d1e4fd50cc3801883f44ba2eaca4d5d18deb062c87bb6dd533c6db6cdca2a4b53ec84620337d88bc4417c254ba46b7f21517d0bec5305dd08e43c791410c,England English,england,Bryan disliked the Klan but never publicly attacked it.,brian disliked the clan but never publicly attacked it,1e5f1710b66465b75edc620210063b29885acc0bfff56a39f9d3e65755714b67
xlsr_english,suta,47,stage5ext_00191,7485d1e4fd50cc3801883f44ba2eaca4d5d18deb062c87bb6dd533c6db6cdca2a4b53ec84620337d88bc4417c254ba46b7f21517d0bec5305dd08e43c791410c,England English,england,The area around present-day Yokosuka city has been inhabited for thousands of years.,the area around present day yokosuka city has been inhabited for thousands of years,1e5f1710b66465b75edc620210063b29885acc0bfff56a39f9d3e65755714b67
xlsr_english,suta,47,stage5ext_00192,7485d1e4fd50cc3801883f44ba2eaca4d5d18deb062c87bb6dd533c6db6cdca2a4b53ec84620337d88bc4417c254ba46b7f21517d0bec5305dd08e43c791410c,England English,england,Original music for the film was composed by Rachel Portman.,original music for the film was composed by rachel portman,1e5f1710b66465b75edc620210063b29885acc0bfff56a39f9d3e65755714b67
xlsr_english,suta,48,stage5ext_00193,7485d1e4fd50cc3801883f44ba2eaca4d5d18deb062c87bb6dd533c6db6cdca2a4b53ec84620337d88bc4417c254ba46b7f21517d0bec5305dd08e43c791410c,England English,england,It has a Rocky Top address.,it has a rocky top adress,edb441f5790303625120372f4ab1a85ebaad77e0ed17f59b1a1a7cb9ff4c883f
xlsr_english,suta,48,stage5ext_00194,7485d1e4fd50cc3801883f44ba2eaca4d5d18deb062c87bb6dd533c6db6cdca2a4b53ec84620337d88bc4417c254ba46b7f21517d0bec5305dd08e43c791410c,England English,england,He was also created the Marquess of Hedong.,he was also created the marquee of hendong,edb441f5790303625120372f4ab1a85ebaad77e0ed17f59b1a1a7cb9ff4c883f
xlsr_english,suta,48,stage5ext_00195,7485d1e4fd50cc3801883f44ba2eaca4d5d18deb062c87bb6dd533c6db6cdca2a4b53ec84620337d88bc4417c254ba46b7f21517d0bec5305dd08e43c791410c,England English,england,"However, there are strong reasons to doubt that this is him.",however there are strong reasons to doubt that this is him,edb441f5790303625120372f4ab1a85ebaad77e0ed17f59b1a1a7cb9ff4c883f
xlsr_english,suta,48,stage5ext_00196,3660ede2a2a5b5d649342a4a5c04e6b398b1247566aad9c6f059a84e8fa5405dd489100055b29dec8fa9b337b3661c001754f4f302bb85bd39eac24bee4023fe,England English,england,The old man returned the book to the boy.,the old man returned the book to the boy,edb441f5790303625120372f4ab1a85ebaad77e0ed17f59b1a1a7cb9ff4c883f
xlsr_english,suta,49,stage5ext_00197,3660ede2a2a5b5d649342a4a5c04e6b398b1247566aad9c6f059a84e8fa5405dd489100055b29dec8fa9b337b3661c001754f4f302bb85bd39eac24bee4023fe,England English,england,"From where he sat, he could observe the plaza.",from where he sat he could observe the plaza,cce86b4d4d894370a1ddb38778c0725ede7cac4ae5eb203cf91253bef01fcc5d
xlsr_english,suta,49,stage5ext_00198,3660ede2a2a5b5d649342a4a5c04e6b398b1247566aad9c6f059a84e8fa5405dd489100055b29dec8fa9b337b3661c001754f4f302bb85bd39eac24bee4023fe,England English,england,He could always go back to being a shepherd.,he could always go back to being a shepherd,cce86b4d4d894370a1ddb38778c0725ede7cac4ae5eb203cf91253bef01fcc5d
xlsr_english,suta,49,stage5ext_00199,3660ede2a2a5b5d649342a4a5c04e6b398b1247566aad9c6f059a84e8fa5405dd489100055b29dec8fa9b337b3661c001754f4f302bb85bd39eac24bee4023fe,England English,england,A large piece suddenly came off and fell with a loud and sharp noise.,a large piece suddenly came off and fell with a loud and sharp noise,cce86b4d4d894370a1ddb38778c0725ede7cac4ae5eb203cf91253bef01fcc5d
xlsr_english,suta,49,stage5ext_00200,3660ede2a2a5b5d649342a4a5c04e6b398b1247566aad9c6f059a84e8fa5405dd489100055b29dec8fa9b337b3661c001754f4f302bb85bd39eac24bee4023fe,England English,england,The boy thought of Fatima.,the boy thought of fatima,cce86b4d4d894370a1ddb38778c0725ede7cac4ae5eb203cf91253bef01fcc5d
xlsr_english,suta,50,stage5ext_00201,3660ede2a2a5b5d649342a4a5c04e6b398b1247566aad9c6f059a84e8fa5405dd489100055b29dec8fa9b337b3661c001754f4f302bb85bd39eac24bee4023fe,England English,england,"Curse the moment I met that old man, he thought.",curse the moment i met that old man he thought,10e68a4b377e8512a0b0669a6064eab51374cfee3816fb04131aa20ce2de58f5
xlsr_english,suta,50,stage5ext_00202,3660ede2a2a5b5d649342a4a5c04e6b398b1247566aad9c6f059a84e8fa5405dd489100055b29dec8fa9b337b3661c001754f4f302bb85bd39eac24bee4023fe,England English,england,"Something older than humanity, more ancient than the desert.",something older than humanity more ancient than the desert,10e68a4b377e8512a0b0669a6064eab51374cfee3816fb04131aa20ce2de58f5
xlsr_english,suta,50,stage5ext_00203,3660ede2a2a5b5d649342a4a5c04e6b398b1247566aad9c6f059a84e8fa5405dd489100055b29dec8fa9b337b3661c001754f4f302bb85bd39eac24bee4023fe,England English,england,The boy became fearful; the omens told him that something was wrong.,the boy became fearful the omans told him that something was wrong,10e68a4b377e8512a0b0669a6064eab51374cfee3816fb04131aa20ce2de58f5
xlsr_english,suta,50,stage5ext_00204,3660ede2a2a5b5d649342a4a5c04e6b398b1247566aad9c6f059a84e8fa5405dd489100055b29dec8fa9b337b3661c001754f4f302bb85bd39eac24bee4023fe,England English,england,The turf and gravel around it seemed charred as if by a sudden explosion.,the turf and gravel around it seeme charred as if by a sudden explosion,10e68a4b377e8512a0b0669a6064eab51374cfee3816fb04131aa20ce2de58f5
xlsr_english,suta,51,stage5ext_00205,3660ede2a2a5b5d649342a4a5c04e6b398b1247566aad9c6f059a84e8fa5405dd489100055b29dec8fa9b337b3661c001754f4f302bb85bd39eac24bee4023fe,England English,england,"Everything in the universe evolved, he said.",everything the universe evolved he said,d95cbb4e2fd3495c7614060f1b74f49933006d928a35ce27b85b86da63bf3950
xlsr_english,suta,51,stage5ext_00206,3660ede2a2a5b5d649342a4a5c04e6b398b1247566aad9c6f059a84e8fa5405dd489100055b29dec8fa9b337b3661c001754f4f302bb85bd39eac24bee4023fe,England English,england,He stood irresolute for a moment and then scrambled out of the pit.,he stood irresolute for a moment and then scrambled out of the pit,d95cbb4e2fd3495c7614060f1b74f49933006d928a35ce27b85b86da63bf3950
xlsr_english,suta,51,stage5ext_00207,3660ede2a2a5b5d649342a4a5c04e6b398b1247566aad9c6f059a84e8fa5405dd489100055b29dec8fa9b337b3661c001754f4f302bb85bd39eac24bee4023fe,England English,england,They reminded him of the old man.,they reminded him of the old man,d95cbb4e2fd3495c7614060f1b74f49933006d928a35ce27b85b86da63bf3950
xlsr_english,suta,51,stage5ext_00208,3660ede2a2a5b5d649342a4a5c04e6b398b1247566aad9c6f059a84e8fa5405dd489100055b29dec8fa9b337b3661c001754f4f302bb85bd39eac24bee4023fe,England English,england,It made me very depressed.,it made me very depressed,d95cbb4e2fd3495c7614060f1b74f49933006d928a35ce27b85b86da63bf3950
xlsr_english,suta,52,stage5ext_00209,3660ede2a2a5b5d649342a4a5c04e6b398b1247566aad9c6f059a84e8fa5405dd489100055b29dec8fa9b337b3661c001754f4f302bb85bd39eac24bee4023fe,England English,england,"The desert takes our men from us, and they don't always return, she said.",the desert takes our men from us and they dont always return she said,ffa0b327b0f7fda0f2a0c91d6478f5224b6f4ad9c62e961e4cab531154657bde
xlsr_english,suta,52,stage5ext_00210,3660ede2a2a5b5d649342a4a5c04e6b398b1247566aad9c6f059a84e8fa5405dd489100055b29dec8fa9b337b3661c001754f4f302bb85bd39eac24bee4023fe,England English,england,"I'm not going very far, the alchemist answered, looking straight into the eyes of the horsemen.",i'm not going very far the alchemist answered looking straight into the eyes of the horseman,ffa0b327b0f7fda0f2a0c91d6478f5224b6f4ad9c62e961e4cab531154657bde
xlsr_english,suta,52,stage5ext_00211,8a8222dab0c0c42714216b9bd4c9df455639a8ab6bf3e8b9f2bfcacf53429403cad2b28435366b158f4e53f423dd2371753476ff45cef46cde7012b3f749dd14,England English,england,How can I help you madam?,how can i help you madam,ffa0b327b0f7fda0f2a0c91d6478f5224b6f4ad9c62e961e4cab531154657bde
xlsr_english,suta,52,stage5ext_00212,8a8222dab0c0c42714216b9bd4c9df455639a8ab6bf3e8b9f2bfcacf53429403cad2b28435366b158f4e53f423dd2371753476ff45cef46cde7012b3f749dd14,England English,england,"The very next day, he woke refreshed.",the very next day he works refreshed,ffa0b327b0f7fda0f2a0c91d6478f5224b6f4ad9c62e961e4cab531154657bde
xlsr_english,suta,53,stage5ext_00213,8a8222dab0c0c42714216b9bd4c9df455639a8ab6bf3e8b9f2bfcacf53429403cad2b28435366b158f4e53f423dd2371753476ff45cef46cde7012b3f749dd14,England English,england,"The C++ framework Qt is pronounced like ""cute"".",the ce-plus plus framework quti is pronounced like cutes,ee51f7b3f43f4c4e325a81adfbabbbd10ba17ad30b86cdb3c0b8ec760c247687
xlsr_english,suta,53,stage5ext_00214,8a8222dab0c0c42714216b9bd4c9df455639a8ab6bf3e8b9f2bfcacf53429403cad2b28435366b158f4e53f423dd2371753476ff45cef46cde7012b3f749dd14,England English,england,"Please use normal slashes, not backslashes.",please use normal slashes not backslashes,ee51f7b3f43f4c4e325a81adfbabbbd10ba17ad30b86cdb3c0b8ec760c247687
xlsr_english,suta,53,stage5ext_00215,8a8222dab0c0c42714216b9bd4c9df455639a8ab6bf3e8b9f2bfcacf53429403cad2b28435366b158f4e53f423dd2371753476ff45cef46cde7012b3f749dd14,England English,england,What did I tell you?,what did i tell you,ee51f7b3f43f4c4e325a81adfbabbbd10ba17ad30b86cdb3c0b8ec760c247687
xlsr_english,suta,53,stage5ext_00216,8a8222dab0c0c42714216b9bd4c9df455639a8ab6bf3e8b9f2bfcacf53429403cad2b28435366b158f4e53f423dd2371753476ff45cef46cde7012b3f749dd14,England English,england,"They are very impressive, I will admit.",they are very impressive i will admit,ee51f7b3f43f4c4e325a81adfbabbbd10ba17ad30b86cdb3c0b8ec760c247687
xlsr_english,suta,54,stage5ext_00217,8a8222dab0c0c42714216b9bd4c9df455639a8ab6bf3e8b9f2bfcacf53429403cad2b28435366b158f4e53f423dd2371753476ff45cef46cde7012b3f749dd14,England English,england,"On his visit in Iran, the diplomat criticized the strict censorship.",on his vies an iran the diplomat criticized the strict censorship,2cf61eb373653eb5685ef0291f8ea8379fe2f30c95c70d663734d15ceb398467
xlsr_english,suta,54,stage5ext_00218,8a8222dab0c0c42714216b9bd4c9df455639a8ab6bf3e8b9f2bfcacf53429403cad2b28435366b158f4e53f423dd2371753476ff45cef46cde7012b3f749dd14,England English,england,"Roger, the backup team is on the way.",roger the backup team is on the way,2cf61eb373653eb5685ef0291f8ea8379fe2f30c95c70d663734d15ceb398467
xlsr_english,suta,54,stage5ext_00219,8a8222dab0c0c42714216b9bd4c9df455639a8ab6bf3e8b9f2bfcacf53429403cad2b28435366b158f4e53f423dd2371753476ff45cef46cde7012b3f749dd14,England English,england,Do you know what kind of package it was?,do you know what kind of package it was,2cf61eb373653eb5685ef0291f8ea8379fe2f30c95c70d663734d15ceb398467
xlsr_english,suta,54,stage5ext_00220,8a8222dab0c0c42714216b9bd4c9df455639a8ab6bf3e8b9f2bfcacf53429403cad2b28435366b158f4e53f423dd2371753476ff45cef46cde7012b3f749dd14,England English,england,And what did you do then?,and what did you do then,2cf61eb373653eb5685ef0291f8ea8379fe2f30c95c70d663734d15ceb398467
xlsr_english,suta,55,stage5ext_00221,8a8222dab0c0c42714216b9bd4c9df455639a8ab6bf3e8b9f2bfcacf53429403cad2b28435366b158f4e53f423dd2371753476ff45cef46cde7012b3f749dd14,England English,england,Have I offended you?,have i offended you,8d0b5e91858fd46c2a3748120d76b0dc3fb79767db2d979b7194b0ea2c2a06c4
xlsr_english,suta,55,stage5ext_00222,8a8222dab0c0c42714216b9bd4c9df455639a8ab6bf3e8b9f2bfcacf53429403cad2b28435366b158f4e53f423dd2371753476ff45cef46cde7012b3f749dd14,England English,england,How is Mozilla going to handle ambiguities like queue and cue?,how is mazilla going to handle ambiguities like k and q,8d0b5e91858fd46c2a3748120d76b0dc3fb79767db2d979b7194b0ea2c2a06c4
xlsr_english,suta,55,stage5ext_00223,8a8222dab0c0c42714216b9bd4c9df455639a8ab6bf3e8b9f2bfcacf53429403cad2b28435366b158f4e53f423dd2371753476ff45cef46cde7012b3f749dd14,England English,england,"Let's start it all over again, how about that?",lets start it all over again how about that,8d0b5e91858fd46c2a3748120d76b0dc3fb79767db2d979b7194b0ea2c2a06c4
xlsr_english,suta,55,stage5ext_00224,8a8222dab0c0c42714216b9bd4c9df455639a8ab6bf3e8b9f2bfcacf53429403cad2b28435366b158f4e53f423dd2371753476ff45cef46cde7012b3f749dd14,England English,england,"Glass eel is on the menu today, but it's too expensive.",glass eel is on the menue today but it's too expensive,8d0b5e91858fd46c2a3748120d76b0dc3fb79767db2d979b7194b0ea2c2a06c4
xlsr_english,suta,56,stage5ext_00225,8a8222dab0c0c42714216b9bd4c9df455639a8ab6bf3e8b9f2bfcacf53429403cad2b28435366b158f4e53f423dd2371753476ff45cef46cde7012b3f749dd14,England English,england,Do you have Nina's phone number?,do you have nee inis phone number,1c09d2f0f7ac185daf08ad3f79b1ed1d6f170b8cdf51747a79e10446346ca85a
xlsr_english,suta,56,stage5ext_00226,f25805de2cc32954193ecf06eea5b03b4bfdb4bfb76079cb6962fa8e301d5037ef953ff8c308458f121dfbc0f9933692b0eaee142f42a33ef6b7be7df794ed3b,England English,england,I wrote that for Tony Scott.,i wrote that for tony scott,1c09d2f0f7ac185daf08ad3f79b1ed1d6f170b8cdf51747a79e10446346ca85a
xlsr_english,suta,56,stage5ext_00227,f25805de2cc32954193ecf06eea5b03b4bfdb4bfb76079cb6962fa8e301d5037ef953ff8c308458f121dfbc0f9933692b0eaee142f42a33ef6b7be7df794ed3b,England English,england,The atoll is surrounded by a coral reef without a proper passage.,the atol is surrounded by a corer reef without a proper passage,1c09d2f0f7ac185daf08ad3f79b1ed1d6f170b8cdf51747a79e10446346ca85a
xlsr_english,suta,56,stage5ext_00228,f25805de2cc32954193ecf06eea5b03b4bfdb4bfb76079cb6962fa8e301d5037ef953ff8c308458f121dfbc0f9933692b0eaee142f42a33ef6b7be7df794ed3b,England English,england,There are conflicting reports as to why Blair was asked to resign.,there are conflicting reports as to why blair was asked to resign,1c09d2f0f7ac185daf08ad3f79b1ed1d6f170b8cdf51747a79e10446346ca85a
xlsr_english,suta,57,stage5ext_00229,f25805de2cc32954193ecf06eea5b03b4bfdb4bfb76079cb6962fa8e301d5037ef953ff8c308458f121dfbc0f9933692b0eaee142f42a33ef6b7be7df794ed3b,England English,england,There they visited a number of monastic foundations.,there they visited a number of monastic foundations,462f2ebef5b6bfe2b82ce30596188a28261c0ca42516995fe60a3c4df490bb63
xlsr_english,suta,57,stage5ext_00230,f25805de2cc32954193ecf06eea5b03b4bfdb4bfb76079cb6962fa8e301d5037ef953ff8c308458f121dfbc0f9933692b0eaee142f42a33ef6b7be7df794ed3b,England English,england,"The information regarding Amrod's naming, especially, comes from ""The Peoples of Middle-earth"".",the information regarding amarod's naming especially comes from the peoples of middle earth,462f2ebef5b6bfe2b82ce30596188a28261c0ca42516995fe60a3c4df490bb63
xlsr_english,suta,57,stage5ext_00231,f25805de2cc32954193ecf06eea5b03b4bfdb4bfb76079cb6962fa8e301d5037ef953ff8c308458f121dfbc0f9933692b0eaee142f42a33ef6b7be7df794ed3b,England English,england,"It is located within the borders of Gothenburg Municipality, hence its name.",it is located within the borders of gottenburg municipality hence its name,462f2ebef5b6bfe2b82ce30596188a28261c0ca42516995fe60a3c4df490bb63
xlsr_english,suta,57,stage5ext_00232,f25805de2cc32954193ecf06eea5b03b4bfdb4bfb76079cb6962fa8e301d5037ef953ff8c308458f121dfbc0f9933692b0eaee142f42a33ef6b7be7df794ed3b,England English,england,Billy May won the Grammy Award for Best Arrangement.,billy may won the grammy award for best arrangement,462f2ebef5b6bfe2b82ce30596188a28261c0ca42516995fe60a3c4df490bb63
xlsr_english,suta,58,stage5ext_00233,f25805de2cc32954193ecf06eea5b03b4bfdb4bfb76079cb6962fa8e301d5037ef953ff8c308458f121dfbc0f9933692b0eaee142f42a33ef6b7be7df794ed3b,England English,england,Three additional buildings house kindergarten students.,three additional buildings house kindergarten students,a66a1d46cc9d304a87eba6be60f63d8798ad560227c68f5039e2b24d7aa106c3
xlsr_english,suta,58,stage5ext_00234,f25805de2cc32954193ecf06eea5b03b4bfdb4bfb76079cb6962fa8e301d5037ef953ff8c308458f121dfbc0f9933692b0eaee142f42a33ef6b7be7df794ed3b,England English,england,Its name is derived from the historic county of Surrey in England.,its name is derived from the historic county of surrey in england,a66a1d46cc9d304a87eba6be60f63d8798ad560227c68f5039e2b24d7aa106c3
xlsr_english,suta,58,stage5ext_00235,f25805de2cc32954193ecf06eea5b03b4bfdb4bfb76079cb6962fa8e301d5037ef953ff8c308458f121dfbc0f9933692b0eaee142f42a33ef6b7be7df794ed3b,England English,england,"Dilshan is one such rare cricketer who can bat, bowl, field and keep wickets.",bilshan is one such rare cricketer who can bat bowl field and keep wickets,a66a1d46cc9d304a87eba6be60f63d8798ad560227c68f5039e2b24d7aa106c3
xlsr_english,suta,58,stage5ext_00236,f25805de2cc32954193ecf06eea5b03b4bfdb4bfb76079cb6962fa8e301d5037ef953ff8c308458f121dfbc0f9933692b0eaee142f42a33ef6b7be7df794ed3b,England English,england,"In the resulting field, these ""a"" and ""b"" are inverses.",in the resulting field these a and b are inversers,a66a1d46cc9d304a87eba6be60f63d8798ad560227c68f5039e2b24d7aa106c3
xlsr_english,suta,59,stage5ext_00237,f25805de2cc32954193ecf06eea5b03b4bfdb4bfb76079cb6962fa8e301d5037ef953ff8c308458f121dfbc0f9933692b0eaee142f42a33ef6b7be7df794ed3b,England English,england,To the Church he left little and to the pope only a souvenir.,to the church he left little and to the pope on new souvenire,19b5d3932b6c843e0b328c28ed0179e7effda1d260cbe47012e708e987633605
xlsr_english,suta,59,stage5ext_00238,f25805de2cc32954193ecf06eea5b03b4bfdb4bfb76079cb6962fa8e301d5037ef953ff8c308458f121dfbc0f9933692b0eaee142f42a33ef6b7be7df794ed3b,England English,england,There are several formats for the team pursuit.,there are several formats for the team pursuit,19b5d3932b6c843e0b328c28ed0179e7effda1d260cbe47012e708e987633605
xlsr_english,suta,59,stage5ext_00239,f25805de2cc32954193ecf06eea5b03b4bfdb4bfb76079cb6962fa8e301d5037ef953ff8c308458f121dfbc0f9933692b0eaee142f42a33ef6b7be7df794ed3b,England English,england,"In Harrison, the route enters a residential area before curving southeast toward Stephenson Avenue.",in harrison the route enters the residential area before curving southeast toward stevenson avenue,19b5d3932b6c843e0b328c28ed0179e7effda1d260cbe47012e708e987633605
xlsr_english,suta,59,stage5ext_00240,f25805de2cc32954193ecf06eea5b03b4bfdb4bfb76079cb6962fa8e301d5037ef953ff8c308458f121dfbc0f9933692b0eaee142f42a33ef6b7be7df794ed3b,England English,england,"The other track, ""To Your Grave"", remains unreleased.",the other truck to your grave remains unreleased,19b5d3932b6c843e0b328c28ed0179e7effda1d260cbe47012e708e987633605
xlsr_english,suta,60,stage5ext_00241,b2366de045c2eb18ed349bee593e8f3a0c9038602bb8f13f2008fe4ff2087aaa4e5ac78379011510dc25d6a7bcd36a3a6ac86b35f0a27b886832c337d95f27d5,England English,england,The standard prescribes that address collisions must be handled gracefully.,the standard prescribes that addressed collisions must be handled gracefully,378406d75a1f47195e7e99a0f67070832ad84d171bd2266aeb4c05ee8e8e2fe0
xlsr_english,suta,60,stage5ext_00242,b2366de045c2eb18ed349bee593e8f3a0c9038602bb8f13f2008fe4ff2087aaa4e5ac78379011510dc25d6a7bcd36a3a6ac86b35f0a27b886832c337d95f27d5,England English,england,"To this end, they offered the role to Harrison Ford who turned them down.",to this end they offered the role to harrison forpe who turned them down,378406d75a1f47195e7e99a0f67070832ad84d171bd2266aeb4c05ee8e8e2fe0
xlsr_english,suta,60,stage5ext_00243,b2366de045c2eb18ed349bee593e8f3a0c9038602bb8f13f2008fe4ff2087aaa4e5ac78379011510dc25d6a7bcd36a3a6ac86b35f0a27b886832c337d95f27d5,England English,england,"The word comes from ""krievs"", which means ""Russian"".",the word comes from krifs which means russian,378406d75a1f47195e7e99a0f67070832ad84d171bd2266aeb4c05ee8e8e2fe0
xlsr_english,suta,60,stage5ext_00244,b2366de045c2eb18ed349bee593e8f3a0c9038602bb8f13f2008fe4ff2087aaa4e5ac78379011510dc25d6a7bcd36a3a6ac86b35f0a27b886832c337d95f27d5,England English,england,"If he went before, he looked back.",if he went before he looked back,378406d75a1f47195e7e99a0f67070832ad84d171bd2266aeb4c05ee8e8e2fe0
xlsr_english,suta,61,stage5ext_00245,b2366de045c2eb18ed349bee593e8f3a0c9038602bb8f13f2008fe4ff2087aaa4e5ac78379011510dc25d6a7bcd36a3a6ac86b35f0a27b886832c337d95f27d5,England English,england,It is the Artin root number.,it is the artin roge number,2d9892e38bfedb469397d0caa9985e0359af8f5e93037c6f91a27d0695868393
xlsr_english,suta,61,stage5ext_00246,b2366de045c2eb18ed349bee593e8f3a0c9038602bb8f13f2008fe4ff2087aaa4e5ac78379011510dc25d6a7bcd36a3a6ac86b35f0a27b886832c337d95f27d5,England English,england,"Yet, we will ensure that one brutal dictator is not replaced by another.",yet we will ensure that one bootleto tata is not replaced by another,2d9892e38bfedb469397d0caa9985e0359af8f5e93037c6f91a27d0695868393
xlsr_english,suta,61,stage5ext_00247,b2366de045c2eb18ed349bee593e8f3a0c9038602bb8f13f2008fe4ff2087aaa4e5ac78379011510dc25d6a7bcd36a3a6ac86b35f0a27b886832c337d95f27d5,England English,england,Mythic Legions is a fantasy line of action figures from Four Horsemen Studios.,mythic legions is a fantasy line of action figures from four horseman studios,2d9892e38bfedb469397d0caa9985e0359af8f5e93037c6f91a27d0695868393
xlsr_english,suta,61,stage5ext_00248,b2366de045c2eb18ed349bee593e8f3a0c9038602bb8f13f2008fe4ff2087aaa4e5ac78379011510dc25d6a7bcd36a3a6ac86b35f0a27b886832c337d95f27d5,England English,england,It is a simple scrape with no nest material used.,it is a simple scrape with no nest material used,2d9892e38bfedb469397d0caa9985e0359af8f5e93037c6f91a27d0695868393
xlsr_english,suta,62,stage5ext_00249,b2366de045c2eb18ed349bee593e8f3a0c9038602bb8f13f2008fe4ff2087aaa4e5ac78379011510dc25d6a7bcd36a3a6ac86b35f0a27b886832c337d95f27d5,England English,england,"He is the one who gives the gorilla the new name of ""Ishmael"".",he is the one who gives the guilla the new name of ishmail,0a9b9094ffe9bd8e28ce5355a3e09c4b4662cfa09a71912d588f92294131cbe2
xlsr_english,suta,62,stage5ext_00250,b2366de045c2eb18ed349bee593e8f3a0c9038602bb8f13f2008fe4ff2087aaa4e5ac78379011510dc25d6a7bcd36a3a6ac86b35f0a27b886832c337d95f27d5,England English,england,The center was then called Smirnoff Music Centre.,the center was then called smernoff music center,0a9b9094ffe9bd8e28ce5355a3e09c4b4662cfa09a71912d588f92294131cbe2
xlsr_english,suta,62,stage5ext_00251,b2366de045c2eb18ed349bee593e8f3a0c9038602bb8f13f2008fe4ff2087aaa4e5ac78379011510dc25d6a7bcd36a3a6ac86b35f0a27b886832c337d95f27d5,England English,england,"Also in these television series, Winnetou was played by Brice.",also in thes television series winnesu was played by brice,0a9b9094ffe9bd8e28ce5355a3e09c4b4662cfa09a71912d588f92294131cbe2
xlsr_english,suta,62,stage5ext_00252,b2366de045c2eb18ed349bee593e8f3a0c9038602bb8f13f2008fe4ff2087aaa4e5ac78379011510dc25d6a7bcd36a3a6ac86b35f0a27b886832c337d95f27d5,England English,england,The event is televised around the globe.,the event is televised around the globe,0a9b9094ffe9bd8e28ce5355a3e09c4b4662cfa09a71912d588f92294131cbe2
xlsr_english,suta,63,stage5ext_00253,b2366de045c2eb18ed349bee593e8f3a0c9038602bb8f13f2008fe4ff2087aaa4e5ac78379011510dc25d6a7bcd36a3a6ac86b35f0a27b886832c337d95f27d5,England English,england,Matthews later started Newbridge Networks.,matthews later started newbridge networks,2131ca8ee7e8fe278eb83c4d9159e1d838f3137fb362640c5093598e869a9309
xlsr_english,suta,63,stage5ext_00254,b2366de045c2eb18ed349bee593e8f3a0c9038602bb8f13f2008fe4ff2087aaa4e5ac78379011510dc25d6a7bcd36a3a6ac86b35f0a27b886832c337d95f27d5,England English,england,Examples of this apparently ungrammatical usage can be found throughout the history of English.,examples of this apparently ungrammatical usage can be found throughout the history of english,2131ca8ee7e8fe278eb83c4d9159e1d838f3137fb362640c5093598e869a9309
xlsr_english,suta,63,stage5ext_00255,b2366de045c2eb18ed349bee593e8f3a0c9038602bb8f13f2008fe4ff2087aaa4e5ac78379011510dc25d6a7bcd36a3a6ac86b35f0a27b886832c337d95f27d5,England English,england,FaSinPat has been financially successful and able to expand.,far sin pat has been financially successful and able to expand,2131ca8ee7e8fe278eb83c4d9159e1d838f3137fb362640c5093598e869a9309
xlsr_english,suta,63,stage5ext_00256,94902b88a78c4f1863a7effcce3553303f5bb14d8d6eea7900eea1c261ebf3a2ea97f8d9ecfc4c58dbe683f2df36a1653231f495f7ad9cc38f9fe61a0b2275ac,England English,england,"Salmon is one of the most popular fish and very delicious, though usually not sustainable.",salmon is one of the most popular fish and very delicious though usually not sustainable,2131ca8ee7e8fe278eb83c4d9159e1d838f3137fb362640c5093598e869a9309
xlsr_english,suta,64,stage5ext_00257,94902b88a78c4f1863a7effcce3553303f5bb14d8d6eea7900eea1c261ebf3a2ea97f8d9ecfc4c58dbe683f2df36a1653231f495f7ad9cc38f9fe61a0b2275ac,England English,england,"It's such an unfair world, innit?",its such an unfar world in it,c33a09dfc218d1f272140cad2a16f48760ed1f9bc6b3ff00c41e7cd29c0dc6d2
xlsr_english,suta,64,stage5ext_00258,94902b88a78c4f1863a7effcce3553303f5bb14d8d6eea7900eea1c261ebf3a2ea97f8d9ecfc4c58dbe683f2df36a1653231f495f7ad9cc38f9fe61a0b2275ac,England English,england,"A musical note sustained to its full length, with no break between it and the next note.",a musical note sustained to its full length with no break between it and the next note,c33a09dfc218d1f272140cad2a16f48760ed1f9bc6b3ff00c41e7cd29c0dc6d2
xlsr_english,suta,64,stage5ext_00259,94902b88a78c4f1863a7effcce3553303f5bb14d8d6eea7900eea1c261ebf3a2ea97f8d9ecfc4c58dbe683f2df36a1653231f495f7ad9cc38f9fe61a0b2275ac,England English,england,"After playing tennis in virtual reality, he felt dizzy.",after playing tennis in virtual reality he felt dizsy,c33a09dfc218d1f272140cad2a16f48760ed1f9bc6b3ff00c41e7cd29c0dc6d2
xlsr_english,suta,64,stage5ext_00260,94902b88a78c4f1863a7effcce3553303f5bb14d8d6eea7900eea1c261ebf3a2ea97f8d9ecfc4c58dbe683f2df36a1653231f495f7ad9cc38f9fe61a0b2275ac,England English,england,"Take a sponge, some dish liquid and a towel, then get to work!",take a sponge some dish liquid in a towl then get to work,c33a09dfc218d1f272140cad2a16f48760ed1f9bc6b3ff00c41e7cd29c0dc6d2
xlsr_english,suta,65,stage5ext_00261,94902b88a78c4f1863a7effcce3553303f5bb14d8d6eea7900eea1c261ebf3a2ea97f8d9ecfc4c58dbe683f2df36a1653231f495f7ad9cc38f9fe61a0b2275ac,England English,england,Have you seen Hollie?,have you seen holly,16ec2b17d961ba9952ebb8ca94293361d71a255f1cbaf38342d3289d2f693d6e
xlsr_english,suta,65,stage5ext_00262,94902b88a78c4f1863a7effcce3553303f5bb14d8d6eea7900eea1c261ebf3a2ea97f8d9ecfc4c58dbe683f2df36a1653231f495f7ad9cc38f9fe61a0b2275ac,England English,england,Do geese always fly in that formation?,do gees always fly in that formation,16ec2b17d961ba9952ebb8ca94293361d71a255f1cbaf38342d3289d2f693d6e
xlsr_english,suta,65,stage5ext_00263,94902b88a78c4f1863a7effcce3553303f5bb14d8d6eea7900eea1c261ebf3a2ea97f8d9ecfc4c58dbe683f2df36a1653231f495f7ad9cc38f9fe61a0b2275ac,England English,england,"No one picked up, so I went by her place on the way here.",no one picked up so i went by her place on the way here,16ec2b17d961ba9952ebb8ca94293361d71a255f1cbaf38342d3289d2f693d6e
xlsr_english,suta,65,stage5ext_00264,94902b88a78c4f1863a7effcce3553303f5bb14d8d6eea7900eea1c261ebf3a2ea97f8d9ecfc4c58dbe683f2df36a1653231f495f7ad9cc38f9fe61a0b2275ac,England English,england,Have I offended you?,have i offended you,16ec2b17d961ba9952ebb8ca94293361d71a255f1cbaf38342d3289d2f693d6e
xlsr_english,suta,66,stage5ext_00265,94902b88a78c4f1863a7effcce3553303f5bb14d8d6eea7900eea1c261ebf3a2ea97f8d9ecfc4c58dbe683f2df36a1653231f495f7ad9cc38f9fe61a0b2275ac,England English,england,What does that mean?,what does that mean,18e883a1d5d2c0a4e56a58bd94ee8130d3a69cd4b487592401e36882bc7cf308
xlsr_english,suta,66,stage5ext_00266,94902b88a78c4f1863a7effcce3553303f5bb14d8d6eea7900eea1c261ebf3a2ea97f8d9ecfc4c58dbe683f2df36a1653231f495f7ad9cc38f9fe61a0b2275ac,England English,england,There's just one last bug I'd like to fix before I head home.,there's just one last bug i'd like to fix before i head home,18e883a1d5d2c0a4e56a58bd94ee8130d3a69cd4b487592401e36882bc7cf308
xlsr_english,suta,66,stage5ext_00267,94902b88a78c4f1863a7effcce3553303f5bb14d8d6eea7900eea1c261ebf3a2ea97f8d9ecfc4c58dbe683f2df36a1653231f495f7ad9cc38f9fe61a0b2275ac,England English,england,I suspect this may be someone new making themselves known.,i suspect this may be someone new making themselves known,18e883a1d5d2c0a4e56a58bd94ee8130d3a69cd4b487592401e36882bc7cf308
xlsr_english,suta,66,stage5ext_00268,94902b88a78c4f1863a7effcce3553303f5bb14d8d6eea7900eea1c261ebf3a2ea97f8d9ecfc4c58dbe683f2df36a1653231f495f7ad9cc38f9fe61a0b2275ac,England English,england,"Clams are small, round, soft, and tasty.",clams are small round soft and tasty,18e883a1d5d2c0a4e56a58bd94ee8130d3a69cd4b487592401e36882bc7cf308
xlsr_english,suta,67,stage5ext_00269,94902b88a78c4f1863a7effcce3553303f5bb14d8d6eea7900eea1c261ebf3a2ea97f8d9ecfc4c58dbe683f2df36a1653231f495f7ad9cc38f9fe61a0b2275ac,England English,england,Can I get the sandwich without mayonnaise?,can i get a sandwich without mayonase,1e14c8c6be3f8632a6a81f034674f3442a544a5e345f4fe252b9dbd45b3f6fb6
xlsr_english,suta,67,stage5ext_00270,94902b88a78c4f1863a7effcce3553303f5bb14d8d6eea7900eea1c261ebf3a2ea97f8d9ecfc4c58dbe683f2df36a1653231f495f7ad9cc38f9fe61a0b2275ac,England English,england,"Here, let me show you around.",here let me show you around,1e14c8c6be3f8632a6a81f034674f3442a544a5e345f4fe252b9dbd45b3f6fb6
xlsr_english,suta,67,stage5ext_00271,3742174ae31b78b11558814a7196a5eec0f489ad3e728a2a125dd1a60c809a770eeaa758499c014bf728437835b4ea9c031a3a9c838b3882b35ed28744768ef3,England English,england,It will replace the existing train station hall inside the mall.,it will replace the existing train station hall inside the mall,1e14c8c6be3f8632a6a81f034674f3442a544a5e345f4fe252b9dbd45b3f6fb6
xlsr_english,suta,67,stage5ext_00272,3742174ae31b78b11558814a7196a5eec0f489ad3e728a2a125dd1a60c809a770eeaa758499c014bf728437835b4ea9c031a3a9c838b3882b35ed28744768ef3,England English,england,"Yes, it would be.",yes it would be,1e14c8c6be3f8632a6a81f034674f3442a544a5e345f4fe252b9dbd45b3f6fb6
xlsr_english,suta,68,stage5ext_00273,3742174ae31b78b11558814a7196a5eec0f489ad3e728a2a125dd1a60c809a770eeaa758499c014bf728437835b4ea9c031a3a9c838b3882b35ed28744768ef3,England English,england,"The Google search bar is for searching, not for typing URLs!",the gool servboro is for searching not for type in euraels,6699706f1791252edb4bf9d9b6d1ad8b3eec4cb4276f3bf60a4275b7c0e12a0e
xlsr_english,suta,68,stage5ext_00274,3742174ae31b78b11558814a7196a5eec0f489ad3e728a2a125dd1a60c809a770eeaa758499c014bf728437835b4ea9c031a3a9c838b3882b35ed28744768ef3,England English,england,"C'mon, we need to turn on our GPS so we don't end up in the middle of nowhere.",come ond winting to turn on ougpies so we don't end up in the middle of noware,6699706f1791252edb4bf9d9b6d1ad8b3eec4cb4276f3bf60a4275b7c0e12a0e
xlsr_english,suta,68,stage5ext_00275,3742174ae31b78b11558814a7196a5eec0f489ad3e728a2a125dd1a60c809a770eeaa758499c014bf728437835b4ea9c031a3a9c838b3882b35ed28744768ef3,England English,england,"After an avalanche buried the skiing resort, it was hard to determine its exact location.",after envalance buret skine resort it was hard to determine its xelication,6699706f1791252edb4bf9d9b6d1ad8b3eec4cb4276f3bf60a4275b7c0e12a0e
xlsr_english,suta,68,stage5ext_00276,3742174ae31b78b11558814a7196a5eec0f489ad3e728a2a125dd1a60c809a770eeaa758499c014bf728437835b4ea9c031a3a9c838b3882b35ed28744768ef3,England English,england,Who has already arrived?,who has already arrived,6699706f1791252edb4bf9d9b6d1ad8b3eec4cb4276f3bf60a4275b7c0e12a0e
xlsr_english,suta,69,stage5ext_00277,3742174ae31b78b11558814a7196a5eec0f489ad3e728a2a125dd1a60c809a770eeaa758499c014bf728437835b4ea9c031a3a9c838b3882b35ed28744768ef3,England English,england,"I like reading about medical mysteries, don't you?",i like reading about medical mysteries dont you,082d0014a1bce0929cc4f85765a151ddec4e740ba64abd6307b9667f22adf433
xlsr_english,suta,69,stage5ext_00278,3742174ae31b78b11558814a7196a5eec0f489ad3e728a2a125dd1a60c809a770eeaa758499c014bf728437835b4ea9c031a3a9c838b3882b35ed28744768ef3,England English,england,In a cataleptic trance.,in the cataleptic trends,082d0014a1bce0929cc4f85765a151ddec4e740ba64abd6307b9667f22adf433
xlsr_english,suta,69,stage5ext_00279,3742174ae31b78b11558814a7196a5eec0f489ad3e728a2a125dd1a60c809a770eeaa758499c014bf728437835b4ea9c031a3a9c838b3882b35ed28744768ef3,England English,england,"The thing is, nobody knew what was happening.",the thing is nobody new what was happening,082d0014a1bce0929cc4f85765a151ddec4e740ba64abd6307b9667f22adf433
xlsr_english,suta,69,stage5ext_00280,3742174ae31b78b11558814a7196a5eec0f489ad3e728a2a125dd1a60c809a770eeaa758499c014bf728437835b4ea9c031a3a9c838b3882b35ed28744768ef3,England English,england,"Living alone, she made solitude her best friend.",living in lon she made solitude her best friend,082d0014a1bce0929cc4f85765a151ddec4e740ba64abd6307b9667f22adf433
xlsr_english,suta,70,stage5ext_00281,3742174ae31b78b11558814a7196a5eec0f489ad3e728a2a125dd1a60c809a770eeaa758499c014bf728437835b4ea9c031a3a9c838b3882b35ed28744768ef3,England English,england,She did her first scene with Peter North.,she did her first scene with pitcher noth,0061ef392fc6f85b9c6f568567accc7a3f160d91f51ce02416fcbc8b12eba6bb
xlsr_english,suta,70,stage5ext_00282,3742174ae31b78b11558814a7196a5eec0f489ad3e728a2a125dd1a60c809a770eeaa758499c014bf728437835b4ea9c031a3a9c838b3882b35ed28744768ef3,England English,england,"Television can make you dumb, but it can also be good education.",television can make o damp but it can also be good education,0061ef392fc6f85b9c6f568567accc7a3f160d91f51ce02416fcbc8b12eba6bb
xlsr_english,suta,70,stage5ext_00283,3742174ae31b78b11558814a7196a5eec0f489ad3e728a2a125dd1a60c809a770eeaa758499c014bf728437835b4ea9c031a3a9c838b3882b35ed28744768ef3,England English,england,"In a cinematic rope-down maneuver, the special forces overwhelmed the criminals.",in the cinemetic rope damoneur the specialy forces overhand the criminals,0061ef392fc6f85b9c6f568567accc7a3f160d91f51ce02416fcbc8b12eba6bb
xlsr_english,suta,70,stage5ext_00284,3742174ae31b78b11558814a7196a5eec0f489ad3e728a2a125dd1a60c809a770eeaa758499c014bf728437835b4ea9c031a3a9c838b3882b35ed28744768ef3,England English,england,What can have happened?,what can have happened,0061ef392fc6f85b9c6f568567accc7a3f160d91f51ce02416fcbc8b12eba6bb
xlsr_english,suta,71,stage5ext_00285,3742174ae31b78b11558814a7196a5eec0f489ad3e728a2a125dd1a60c809a770eeaa758499c014bf728437835b4ea9c031a3a9c838b3882b35ed28744768ef3,England English,england,Now where could my pipe be?,now where could my pipe be,b2a5e90933d159fb7164bc2fd43fabda99e248afbf50f47596c15b6431a8a267
xlsr_english,suta,71,stage5ext_00286,e52a28d767575f4c42c09ca60e1aeaca303322a7771a484213c006ee0297bc33805e0e8dfe177da9a618d61156c387a65a6530200eb9502866cd36c88293e84f,England English,england,I'd love to hear readers sing this.,i'd love to hear the readers sing this,b2a5e90933d159fb7164bc2fd43fabda99e248afbf50f47596c15b6431a8a267
xlsr_english,suta,71,stage5ext_00287,e52a28d767575f4c42c09ca60e1aeaca303322a7771a484213c006ee0297bc33805e0e8dfe177da9a618d61156c387a65a6530200eb9502866cd36c88293e84f,England English,england,The pup jerked the leash as he saw a feline shape.,the pup jerked the leash as he saw a feeline shade,b2a5e90933d159fb7164bc2fd43fabda99e248afbf50f47596c15b6431a8a267
xlsr_english,suta,71,stage5ext_00288,e52a28d767575f4c42c09ca60e1aeaca303322a7771a484213c006ee0297bc33805e0e8dfe177da9a618d61156c387a65a6530200eb9502866cd36c88293e84f,England English,england,"It's raining heavily, take an umbrella.",it's raining heavily takian umbrella,b2a5e90933d159fb7164bc2fd43fabda99e248afbf50f47596c15b6431a8a267
xlsr_english,suta,72,stage5ext_00289,e52a28d767575f4c42c09ca60e1aeaca303322a7771a484213c006ee0297bc33805e0e8dfe177da9a618d61156c387a65a6530200eb9502866cd36c88293e84f,England English,england,"Oh, I don't know.",o i dont know,55fabb153fe919b2a9f035d0f003afa1f2ca47f96467adee92a3aa3ca972410b
xlsr_english,suta,72,stage5ext_00290,e52a28d767575f4c42c09ca60e1aeaca303322a7771a484213c006ee0297bc33805e0e8dfe177da9a618d61156c387a65a6530200eb9502866cd36c88293e84f,England English,england,I have to work this Saturday.,i have to work this saturday,55fabb153fe919b2a9f035d0f003afa1f2ca47f96467adee92a3aa3ca972410b
xlsr_english,suta,72,stage5ext_00291,e52a28d767575f4c42c09ca60e1aeaca303322a7771a484213c006ee0297bc33805e0e8dfe177da9a618d61156c387a65a6530200eb9502866cd36c88293e84f,England English,england,By twenty-twenty-two I expect the problem will be solved.,by twenty-twenty-two i expect the problem will be solved,55fabb153fe919b2a9f035d0f003afa1f2ca47f96467adee92a3aa3ca972410b
xlsr_english,suta,72,stage5ext_00292,e52a28d767575f4c42c09ca60e1aeaca303322a7771a484213c006ee0297bc33805e0e8dfe177da9a618d61156c387a65a6530200eb9502866cd36c88293e84f,England English,england,The incubation period is typically about two weeks.,the incubation period is typically about two weeks,55fabb153fe919b2a9f035d0f003afa1f2ca47f96467adee92a3aa3ca972410b
xlsr_english,suta,73,stage5ext_00293,e52a28d767575f4c42c09ca60e1aeaca303322a7771a484213c006ee0297bc33805e0e8dfe177da9a618d61156c387a65a6530200eb9502866cd36c88293e84f,England English,england,The sink is the thing in which we pile dishes.,the sink is the thing in which we pile dishes,64c4cb4880f5417fa9d78d904dfbd8f1a6a1f7877182fceb317a5872590c1175
xlsr_english,suta,73,stage5ext_00294,e52a28d767575f4c42c09ca60e1aeaca303322a7771a484213c006ee0297bc33805e0e8dfe177da9a618d61156c387a65a6530200eb9502866cd36c88293e84f,England English,england,Rick was in the first aid club as a sixth-former.,rick was in the first aide club as a sixth former,64c4cb4880f5417fa9d78d904dfbd8f1a6a1f7877182fceb317a5872590c1175
xlsr_english,suta,73,stage5ext_00295,e52a28d767575f4c42c09ca60e1aeaca303322a7771a484213c006ee0297bc33805e0e8dfe177da9a618d61156c387a65a6530200eb9502866cd36c88293e84f,England English,england,"Hello, my name is Brenda.",hello my name is brenda,64c4cb4880f5417fa9d78d904dfbd8f1a6a1f7877182fceb317a5872590c1175
xlsr_english,suta,73,stage5ext_00296,e52a28d767575f4c42c09ca60e1aeaca303322a7771a484213c006ee0297bc33805e0e8dfe177da9a618d61156c387a65a6530200eb9502866cd36c88293e84f,England English,england,Keep It Simple The KISS principal.,keep it simple the kiss principl,64c4cb4880f5417fa9d78d904dfbd8f1a6a1f7877182fceb317a5872590c1175
xlsr_english,suta,74,stage5ext_00297,e52a28d767575f4c42c09ca60e1aeaca303322a7771a484213c006ee0297bc33805e0e8dfe177da9a618d61156c387a65a6530200eb9502866cd36c88293e84f,England English,england,"If you experience further problems, please let me know.",if you experience further problems please let me know,717c9bd84d9bd4b02bf4e3072b3f7bdf0941a4178157ef1bab91b6571a107b95
xlsr_english,suta,74,stage5ext_00298,e52a28d767575f4c42c09ca60e1aeaca303322a7771a484213c006ee0297bc33805e0e8dfe177da9a618d61156c387a65a6530200eb9502866cd36c88293e84f,England English,england,I did this to prevent cycling and encourage greater movement through the solution space.,i did this to prevent cycling and encourage greater movement through the solution space,717c9bd84d9bd4b02bf4e3072b3f7bdf0941a4178157ef1bab91b6571a107b95
xlsr_english,suta,74,stage5ext_00299,e52a28d767575f4c42c09ca60e1aeaca303322a7771a484213c006ee0297bc33805e0e8dfe177da9a618d61156c387a65a6530200eb9502866cd36c88293e84f,England English,england,The dog was wagged its tail.,the dog was wagged its tail,717c9bd84d9bd4b02bf4e3072b3f7bdf0941a4178157ef1bab91b6571a107b95
xlsr_english,suta,74,stage5ext_00300,e52a28d767575f4c42c09ca60e1aeaca303322a7771a484213c006ee0297bc33805e0e8dfe177da9a618d61156c387a65a6530200eb9502866cd36c88293e84f,England English,england,The box is held by a bright red snapper.,the box is held by a bright red snapper,717c9bd84d9bd4b02bf4e3072b3f7bdf0941a4178157ef1bab91b6571a107b95
xlsr_english,suta,75,stage5ext_00301,8f7e0c1a745bde3b6375473b87b997d5f687a8a0d9c28a96b8fd9b2db97634c0c09607da808a8e8a08588137234ce63b8a9e537fd15117628bc7cfca6ae12059,South Asian English,south_asian,"Also, oil and coal have hidden costs that others have to pay.",also oil and coal have hidden costs that others have to pay,15474a23c28185c368a34d67552cb3f416134e9fcf68fcb2245230d0359d4098
xlsr_english,suta,75,stage5ext_00302,8f7e0c1a745bde3b6375473b87b997d5f687a8a0d9c28a96b8fd9b2db97634c0c09607da808a8e8a08588137234ce63b8a9e537fd15117628bc7cfca6ae12059,South Asian English,south_asian,The rest of the site is now a gated community of up-market homes.,the rest of the site is now a gated community of upmarket omes,15474a23c28185c368a34d67552cb3f416134e9fcf68fcb2245230d0359d4098
xlsr_english,suta,75,stage5ext_00303,8f7e0c1a745bde3b6375473b87b997d5f687a8a0d9c28a96b8fd9b2db97634c0c09607da808a8e8a08588137234ce63b8a9e537fd15117628bc7cfca6ae12059,South Asian English,south_asian,"We first met each other under the Eiffel tower, it was magical.",we first met each other under the ifoltower it was magical,15474a23c28185c368a34d67552cb3f416134e9fcf68fcb2245230d0359d4098
xlsr_english,suta,75,stage5ext_00304,8f7e0c1a745bde3b6375473b87b997d5f687a8a0d9c28a96b8fd9b2db97634c0c09607da808a8e8a08588137234ce63b8a9e537fd15117628bc7cfca6ae12059,South Asian English,south_asian,"You know, singing karaoke with you makes me realize how good of a singer I am.",you know singing caroke with tu makes me realize how good of a singer i am,15474a23c28185c368a34d67552cb3f416134e9fcf68fcb2245230d0359d4098
xlsr_english,suta,76,stage5ext_00305,8f7e0c1a745bde3b6375473b87b997d5f687a8a0d9c28a96b8fd9b2db97634c0c09607da808a8e8a08588137234ce63b8a9e537fd15117628bc7cfca6ae12059,South Asian English,south_asian,Many rare shore birds breed here along the beaches.,many rare showbirds breed here along the beaches,e820e2259bd926bafea487d1731a4a0906645e60e0cfbc590366546e81529948
xlsr_english,suta,76,stage5ext_00306,8f7e0c1a745bde3b6375473b87b997d5f687a8a0d9c28a96b8fd9b2db97634c0c09607da808a8e8a08588137234ce63b8a9e537fd15117628bc7cfca6ae12059,South Asian English,south_asian,There is no legal recognition of same-sex couples explicitly in Venezuelan law.,there is no legal recognition of samesex couples explicitly in venezualian law,e820e2259bd926bafea487d1731a4a0906645e60e0cfbc590366546e81529948
xlsr_english,suta,76,stage5ext_00307,8f7e0c1a745bde3b6375473b87b997d5f687a8a0d9c28a96b8fd9b2db97634c0c09607da808a8e8a08588137234ce63b8a9e537fd15117628bc7cfca6ae12059,South Asian English,south_asian,"It was easy to see on the radiogram, that his bones were broken.",it was easy to see on the radiogram that his bones were broken,e820e2259bd926bafea487d1731a4a0906645e60e0cfbc590366546e81529948
xlsr_english,suta,76,stage5ext_00308,8f7e0c1a745bde3b6375473b87b997d5f687a8a0d9c28a96b8fd9b2db97634c0c09607da808a8e8a08588137234ce63b8a9e537fd15117628bc7cfca6ae12059,South Asian English,south_asian,"However, ""Maggi goreng"" is cooked by stir-frying them with vegetables and eggs.",however maggie goring is cooked by surfrying them bigetables and eggs,e820e2259bd926bafea487d1731a4a0906645e60e0cfbc590366546e81529948
xlsr_english,suta,77,stage5ext_00309,8f7e0c1a745bde3b6375473b87b997d5f687a8a0d9c28a96b8fd9b2db97634c0c09607da808a8e8a08588137234ce63b8a9e537fd15117628bc7cfca6ae12059,South Asian English,south_asian,with the University of the Hon.,with the university of tehon,1c4b4ce348f83f90271c20a8e556c12410df78d9533a65d6ef4bc7a7b7c581ec
xlsr_english,suta,77,stage5ext_00310,8f7e0c1a745bde3b6375473b87b997d5f687a8a0d9c28a96b8fd9b2db97634c0c09607da808a8e8a08588137234ce63b8a9e537fd15117628bc7cfca6ae12059,South Asian English,south_asian,"Bacon, pancakes and maple syrup is a hearty start to any day.",bacon pancakes and maple syrup is a harty start to anyday,1c4b4ce348f83f90271c20a8e556c12410df78d9533a65d6ef4bc7a7b7c581ec
xlsr_english,suta,77,stage5ext_00311,8f7e0c1a745bde3b6375473b87b997d5f687a8a0d9c28a96b8fd9b2db97634c0c09607da808a8e8a08588137234ce63b8a9e537fd15117628bc7cfca6ae12059,South Asian English,south_asian,"Fortunately for us, our sun will continue to be around for a few billion years.",fortunately for us our son will continue to be around for a few million years,1c4b4ce348f83f90271c20a8e556c12410df78d9533a65d6ef4bc7a7b7c581ec
xlsr_english,suta,77,stage5ext_00312,8f7e0c1a745bde3b6375473b87b997d5f687a8a0d9c28a96b8fd9b2db97634c0c09607da808a8e8a08588137234ce63b8a9e537fd15117628bc7cfca6ae12059,South Asian English,south_asian,Why can't I skip this damn intro?,why could i skeep this damn intro,1c4b4ce348f83f90271c20a8e556c12410df78d9533a65d6ef4bc7a7b7c581ec
xlsr_english,suta,78,stage5ext_00313,8f7e0c1a745bde3b6375473b87b997d5f687a8a0d9c28a96b8fd9b2db97634c0c09607da808a8e8a08588137234ce63b8a9e537fd15117628bc7cfca6ae12059,South Asian English,south_asian,"They, too, had been carelessly left unbolted.",they too had been carelessly left unvolted,860ee5bb323cdc657c45f18822dbe0f319a3a56c38ebacb562f9d60c37e5e25a
xlsr_english,suta,78,stage5ext_00314,8f7e0c1a745bde3b6375473b87b997d5f687a8a0d9c28a96b8fd9b2db97634c0c09607da808a8e8a08588137234ce63b8a9e537fd15117628bc7cfca6ae12059,South Asian English,south_asian,It is located in the Parque Patricios neighborhood of Buenos Aires.,it is located in the park patrices neighborhood of buonus arees,860ee5bb323cdc657c45f18822dbe0f319a3a56c38ebacb562f9d60c37e5e25a
xlsr_english,suta,78,stage5ext_00315,8f7e0c1a745bde3b6375473b87b997d5f687a8a0d9c28a96b8fd9b2db97634c0c09607da808a8e8a08588137234ce63b8a9e537fd15117628bc7cfca6ae12059,South Asian English,south_asian,Williams is actively engaged in public service and philanthropy.,williams is actively engaged in public service and pilamtropy,860ee5bb323cdc657c45f18822dbe0f319a3a56c38ebacb562f9d60c37e5e25a
xlsr_english,suta,78,stage5ext_00316,f6987deb24305a72a216ab20686f51f94b6f8705775768dd535e4da88ff7117abfe923d46999a076b82dd084f2eb5ae7185de770ddb184c4e3a01d5b6390da20,South Asian English,south_asian,These cars were all basically retrimmed Mercurys.,these cars were all basically rech and morcuries,860ee5bb323cdc657c45f18822dbe0f319a3a56c38ebacb562f9d60c37e5e25a
xlsr_english,suta,79,stage5ext_00317,f6987deb24305a72a216ab20686f51f94b6f8705775768dd535e4da88ff7117abfe923d46999a076b82dd084f2eb5ae7185de770ddb184c4e3a01d5b6390da20,South Asian English,south_asian,There are many small businesses throughout the small town that contribute to economic success.,there are many small businesses throughout the small town that contribute to the economic success,30f03d3bfb6e894974dff81290aa4ed97d7903d890b4363c3007740d02b0eee7
xlsr_english,suta,79,stage5ext_00318,f6987deb24305a72a216ab20686f51f94b6f8705775768dd535e4da88ff7117abfe923d46999a076b82dd084f2eb5ae7185de770ddb184c4e3a01d5b6390da20,South Asian English,south_asian,Derivational morphology often involves the addition of a derivational suffix or other affix.,derivational morphology often involves the addition of derivational suffects or other efficts,30f03d3bfb6e894974dff81290aa4ed97d7903d890b4363c3007740d02b0eee7
xlsr_english,suta,79,stage5ext_00319,f6987deb24305a72a216ab20686f51f94b6f8705775768dd535e4da88ff7117abfe923d46999a076b82dd084f2eb5ae7185de770ddb184c4e3a01d5b6390da20,South Asian English,south_asian,The school sports mascot is the Gator.,the school sportsmascot is the gater,30f03d3bfb6e894974dff81290aa4ed97d7903d890b4363c3007740d02b0eee7
xlsr_english,suta,79,stage5ext_00320,f6987deb24305a72a216ab20686f51f94b6f8705775768dd535e4da88ff7117abfe923d46999a076b82dd084f2eb5ae7185de770ddb184c4e3a01d5b6390da20,South Asian English,south_asian,The incident made him more aware of his future.,the incident made him more aware of his teacher,30f03d3bfb6e894974dff81290aa4ed97d7903d890b4363c3007740d02b0eee7
xlsr_english,suta,80,stage5ext_00321,f6987deb24305a72a216ab20686f51f94b6f8705775768dd535e4da88ff7117abfe923d46999a076b82dd084f2eb5ae7185de770ddb184c4e3a01d5b6390da20,South Asian English,south_asian,Toronto Netball Club plays at Westlakes Netball Association.,toronto netpall club plays at brisliks netpall association,67a7febc8f98daf2b76430f3ac6c4483ba8d348cb26e2937145823b2f656322b
xlsr_english,suta,80,stage5ext_00322,f6987deb24305a72a216ab20686f51f94b6f8705775768dd535e4da88ff7117abfe923d46999a076b82dd084f2eb5ae7185de770ddb184c4e3a01d5b6390da20,South Asian English,south_asian,He returned to the field for the final three games of the season.,she returned to the fleet for the final three games of the season,67a7febc8f98daf2b76430f3ac6c4483ba8d348cb26e2937145823b2f656322b
xlsr_english,suta,80,stage5ext_00323,f6987deb24305a72a216ab20686f51f94b6f8705775768dd535e4da88ff7117abfe923d46999a076b82dd084f2eb5ae7185de770ddb184c4e3a01d5b6390da20,South Asian English,south_asian,"His first season numbers were unimpressive, reflecting his rookie status.",his first season numbers were unimpressive reflecting is rouki status,67a7febc8f98daf2b76430f3ac6c4483ba8d348cb26e2937145823b2f656322b
xlsr_english,suta,80,stage5ext_00324,f6987deb24305a72a216ab20686f51f94b6f8705775768dd535e4da88ff7117abfe923d46999a076b82dd084f2eb5ae7185de770ddb184c4e3a01d5b6390da20,South Asian English,south_asian,Two thousand copies of the album were available on the band's website.,two thousand copies of the album were available on the man's website,67a7febc8f98daf2b76430f3ac6c4483ba8d348cb26e2937145823b2f656322b
xlsr_english,suta,81,stage5ext_00325,f6987deb24305a72a216ab20686f51f94b6f8705775768dd535e4da88ff7117abfe923d46999a076b82dd084f2eb5ae7185de770ddb184c4e3a01d5b6390da20,South Asian English,south_asian,"With Lajoie gone, the club needed a new name.",with lajei gon the club needed a new ging,bbbb355f2c3c0d41e0d44a6935eeac105a11193832e2228a7a9c61bd5df30d65
xlsr_english,suta,81,stage5ext_00326,f6987deb24305a72a216ab20686f51f94b6f8705775768dd535e4da88ff7117abfe923d46999a076b82dd084f2eb5ae7185de770ddb184c4e3a01d5b6390da20,South Asian English,south_asian,Pendergrass got well-wishes from thousands of his fans during his recovery.,spentergrass caught wellvishes from thousands of his fans during his recovery,bbbb355f2c3c0d41e0d44a6935eeac105a11193832e2228a7a9c61bd5df30d65
xlsr_english,suta,81,stage5ext_00327,f6987deb24305a72a216ab20686f51f94b6f8705775768dd535e4da88ff7117abfe923d46999a076b82dd084f2eb5ae7185de770ddb184c4e3a01d5b6390da20,South Asian English,south_asian,The third phase involves converting Hughes Hall into office space.,the third phase involves converting hugies fall into offer space,bbbb355f2c3c0d41e0d44a6935eeac105a11193832e2228a7a9c61bd5df30d65
xlsr_english,suta,81,stage5ext_00328,f6987deb24305a72a216ab20686f51f94b6f8705775768dd535e4da88ff7117abfe923d46999a076b82dd084f2eb5ae7185de770ddb184c4e3a01d5b6390da20,South Asian English,south_asian,They used the sharks that followed the ships as a terror weapon.,they used the sharts that followed the ships as a elvepen,bbbb355f2c3c0d41e0d44a6935eeac105a11193832e2228a7a9c61bd5df30d65
xlsr_english,suta,82,stage5ext_00329,f6987deb24305a72a216ab20686f51f94b6f8705775768dd535e4da88ff7117abfe923d46999a076b82dd084f2eb5ae7185de770ddb184c4e3a01d5b6390da20,South Asian English,south_asian,"They had eight children, five of whom survived to adulthood.",they had eight children five of whom survived to adulthood,a395c3b50875bfce22e75e5c53a3ae8307039a13bc594797b9b453598611e590
xlsr_english,suta,82,stage5ext_00330,f6987deb24305a72a216ab20686f51f94b6f8705775768dd535e4da88ff7117abfe923d46999a076b82dd084f2eb5ae7185de770ddb184c4e3a01d5b6390da20,South Asian English,south_asian,The island is now uninhabited and managed as a bird reserve.,the island is now uninhabited and managed ust abod reserve,a395c3b50875bfce22e75e5c53a3ae8307039a13bc594797b9b453598611e590
xlsr_english,suta,82,stage5ext_00331,746bd7c2bd64e7fde7dda173976ca80e97a1875f7571a836827b832c1609da3c16be48a0bbf11e310ba7f262e77841dc8e70360283da6a0100631e2ac4760956,South Asian English,south_asian,Buckingham was also particularly proud of the Spanish guitar solo.,buckingham was also particularly proud of the spanish guitar solo,a395c3b50875bfce22e75e5c53a3ae8307039a13bc594797b9b453598611e590
xlsr_english,suta,82,stage5ext_00332,746bd7c2bd64e7fde7dda173976ca80e97a1875f7571a836827b832c1609da3c16be48a0bbf11e310ba7f262e77841dc8e70360283da6a0100631e2ac4760956,South Asian English,south_asian,"Also known as Herbert, Borchardt initially studied Architecture and later Egyptology under Adolf Erman.",also known as herbert boshar initially studied architecture and lator egyptology under adolf erman,a395c3b50875bfce22e75e5c53a3ae8307039a13bc594797b9b453598611e590
xlsr_english,suta,83,stage5ext_00333,746bd7c2bd64e7fde7dda173976ca80e97a1875f7571a836827b832c1609da3c16be48a0bbf11e310ba7f262e77841dc8e70360283da6a0100631e2ac4760956,South Asian English,south_asian,"Publicised nationwide, Gladstone's message became that of the party.",publicized nationwide gladston's message became that of the party,5e65db0fcf2935b2b543b93a83580362e4cff319f72e34ea7b7de1947881324a
xlsr_english,suta,83,stage5ext_00334,746bd7c2bd64e7fde7dda173976ca80e97a1875f7571a836827b832c1609da3c16be48a0bbf11e310ba7f262e77841dc8e70360283da6a0100631e2ac4760956,South Asian English,south_asian,McGrath is a friend and fan of Ralph McTell.,mcgrat is a friend and fan of ralph mcdell,5e65db0fcf2935b2b543b93a83580362e4cff319f72e34ea7b7de1947881324a
xlsr_english,suta,83,stage5ext_00335,746bd7c2bd64e7fde7dda173976ca80e97a1875f7571a836827b832c1609da3c16be48a0bbf11e310ba7f262e77841dc8e70360283da6a0100631e2ac4760956,South Asian English,south_asian,His family later moved to Los Angeles and he attended Fairfax High School.,his family later moved to los angeles and he attended faifax high school,5e65db0fcf2935b2b543b93a83580362e4cff319f72e34ea7b7de1947881324a
xlsr_english,suta,83,stage5ext_00336,746bd7c2bd64e7fde7dda173976ca80e97a1875f7571a836827b832c1609da3c16be48a0bbf11e310ba7f262e77841dc8e70360283da6a0100631e2ac4760956,South Asian English,south_asian,The grape originated as a cross of Syrah pollen germinating a Peloursin plant.,the grape originated as a cross of syra poland germinating a peloursin plant,5e65db0fcf2935b2b543b93a83580362e4cff319f72e34ea7b7de1947881324a
xlsr_english,suta,84,stage5ext_00337,746bd7c2bd64e7fde7dda173976ca80e97a1875f7571a836827b832c1609da3c16be48a0bbf11e310ba7f262e77841dc8e70360283da6a0100631e2ac4760956,South Asian English,south_asian,The main gate is located in the center of the south curtain wall.,the main gate is located in the center of the south gurton wall,a4705bb72b4cdf14f863d0a608893cf76ddcb3a68898eafced04716933918c54
xlsr_english,suta,84,stage5ext_00338,746bd7c2bd64e7fde7dda173976ca80e97a1875f7571a836827b832c1609da3c16be48a0bbf11e310ba7f262e77841dc8e70360283da6a0100631e2ac4760956,South Asian English,south_asian,Ferrers made many contributions to mathematical literature.,ferros made many contributions to mathematical literature,a4705bb72b4cdf14f863d0a608893cf76ddcb3a68898eafced04716933918c54
xlsr_english,suta,84,stage5ext_00339,746bd7c2bd64e7fde7dda173976ca80e97a1875f7571a836827b832c1609da3c16be48a0bbf11e310ba7f262e77841dc8e70360283da6a0100631e2ac4760956,South Asian English,south_asian,"Prokosch was born in Madison, Wisconsin, into an intellectual family that travelled widely.",rokosh was born in madisone wisconsin into an intellectual family that traveled widely,a4705bb72b4cdf14f863d0a608893cf76ddcb3a68898eafced04716933918c54
xlsr_english,suta,84,stage5ext_00340,746bd7c2bd64e7fde7dda173976ca80e97a1875f7571a836827b832c1609da3c16be48a0bbf11e310ba7f262e77841dc8e70360283da6a0100631e2ac4760956,South Asian English,south_asian,Britain sends three big-game hunters to kill the lions.,briton sends three big game hunters to kill the lions,a4705bb72b4cdf14f863d0a608893cf76ddcb3a68898eafced04716933918c54
xlsr_english,suta,85,stage5ext_00341,746bd7c2bd64e7fde7dda173976ca80e97a1875f7571a836827b832c1609da3c16be48a0bbf11e310ba7f262e77841dc8e70360283da6a0100631e2ac4760956,South Asian English,south_asian,The French colonial government gave land away to soldiers and settlers.,the french colonial government gave land away to soldiers and settlers,5bd0cb25b16425eff99dc956a93d95c3c207832f3545aaeed707bb94febb6bb3
xlsr_english,suta,85,stage5ext_00342,746bd7c2bd64e7fde7dda173976ca80e97a1875f7571a836827b832c1609da3c16be48a0bbf11e310ba7f262e77841dc8e70360283da6a0100631e2ac4760956,South Asian English,south_asian,A Fermilab initiative to seek out cost effective computing for the Tevatron.,a formula initiative to seekout cost effective computing for the tavertron,5bd0cb25b16425eff99dc956a93d95c3c207832f3545aaeed707bb94febb6bb3
xlsr_english,suta,85,stage5ext_00343,746bd7c2bd64e7fde7dda173976ca80e97a1875f7571a836827b832c1609da3c16be48a0bbf11e310ba7f262e77841dc8e70360283da6a0100631e2ac4760956,South Asian English,south_asian,"The Shaw collection is housed at the university's duPont-Ball library in DeLand, Florida.",the show collection is housed at the university's dupaut ball library in delan florida,5bd0cb25b16425eff99dc956a93d95c3c207832f3545aaeed707bb94febb6bb3
xlsr_english,suta,85,stage5ext_00344,746bd7c2bd64e7fde7dda173976ca80e97a1875f7571a836827b832c1609da3c16be48a0bbf11e310ba7f262e77841dc8e70360283da6a0100631e2ac4760956,South Asian English,south_asian,"He now lives in Toronto, Ontario.",he now lives in toronto ontario,5bd0cb25b16425eff99dc956a93d95c3c207832f3545aaeed707bb94febb6bb3
xlsr_english,suta,86,stage5ext_00345,746bd7c2bd64e7fde7dda173976ca80e97a1875f7571a836827b832c1609da3c16be48a0bbf11e310ba7f262e77841dc8e70360283da6a0100631e2ac4760956,South Asian English,south_asian,"The British called such weapons ""Pass-made rifles"".",the british called such weapons pass made rifles,5c0eae5bc02471b354f198c4eddb42f75521dbf556bbfd056c1f2c562f528b16
xlsr_english,suta,86,stage5ext_00346,02a40eed38bf20ab1ddca1a5c60f5b2cadd5455be21c7a1ab8e87d65a6fec68495c0d24d8fecdfe3f9d132fdfa842dba33dca093df21b19f3d325519779d13d0,South Asian English,south_asian,"The women of ""Survivor"" deserved better.",the women of survivor deserved better,5c0eae5bc02471b354f198c4eddb42f75521dbf556bbfd056c1f2c562f528b16
xlsr_english,suta,86,stage5ext_00347,02a40eed38bf20ab1ddca1a5c60f5b2cadd5455be21c7a1ab8e87d65a6fec68495c0d24d8fecdfe3f9d132fdfa842dba33dca093df21b19f3d325519779d13d0,South Asian English,south_asian,His great knowledge and immense industry are shown throughout its pages.,his great knowledge and ement industry are shown throughout its pages,5c0eae5bc02471b354f198c4eddb42f75521dbf556bbfd056c1f2c562f528b16
xlsr_english,suta,86,stage5ext_00348,02a40eed38bf20ab1ddca1a5c60f5b2cadd5455be21c7a1ab8e87d65a6fec68495c0d24d8fecdfe3f9d132fdfa842dba33dca093df21b19f3d325519779d13d0,South Asian English,south_asian,Other African examples may be found in Nigeria and East Africa.,other african examples may be found in ageria and east africa,5c0eae5bc02471b354f198c4eddb42f75521dbf556bbfd056c1f2c562f528b16
xlsr_english,suta,87,stage5ext_00349,02a40eed38bf20ab1ddca1a5c60f5b2cadd5455be21c7a1ab8e87d65a6fec68495c0d24d8fecdfe3f9d132fdfa842dba33dca093df21b19f3d325519779d13d0,South Asian English,south_asian,Enrico Ferri is the father of four children.,endricoferi is father of four children,1af2a0251f11eb143f05ec91858585c00b3a37bb72bc51a4d12a22f98e4cccd1
xlsr_english,suta,87,stage5ext_00350,02a40eed38bf20ab1ddca1a5c60f5b2cadd5455be21c7a1ab8e87d65a6fec68495c0d24d8fecdfe3f9d132fdfa842dba33dca093df21b19f3d325519779d13d0,South Asian English,south_asian,It has been found in the English Channel and the Gulf of Mexico.,it has been found in the english cinon and the gulf of mexico,1af2a0251f11eb143f05ec91858585c00b3a37bb72bc51a4d12a22f98e4cccd1
xlsr_english,suta,87,stage5ext_00351,02a40eed38bf20ab1ddca1a5c60f5b2cadd5455be21c7a1ab8e87d65a6fec68495c0d24d8fecdfe3f9d132fdfa842dba33dca093df21b19f3d325519779d13d0,South Asian English,south_asian,Her work has also appeared on postage stamps produced by the Czech Republic.,hobark has also appeared on postage stamps produced by the zac republic,1af2a0251f11eb143f05ec91858585c00b3a37bb72bc51a4d12a22f98e4cccd1
xlsr_english,suta,87,stage5ext_00352,02a40eed38bf20ab1ddca1a5c60f5b2cadd5455be21c7a1ab8e87d65a6fec68495c0d24d8fecdfe3f9d132fdfa842dba33dca093df21b19f3d325519779d13d0,South Asian English,south_asian,Mathilda Ebeling,matilda ebling,1af2a0251f11eb143f05ec91858585c00b3a37bb72bc51a4d12a22f98e4cccd1
xlsr_english,suta,88,stage5ext_00353,02a40eed38bf20ab1ddca1a5c60f5b2cadd5455be21c7a1ab8e87d65a6fec68495c0d24d8fecdfe3f9d132fdfa842dba33dca093df21b19f3d325519779d13d0,South Asian English,south_asian,Behra also set pole and fastest lap.,the headau also set bawlind fast its lap,1e8e70d3ab48485dfec3241dff7cd62bf0a6f81b8e2a120860c7b92e1b63925b
xlsr_english,suta,88,stage5ext_00354,02a40eed38bf20ab1ddca1a5c60f5b2cadd5455be21c7a1ab8e87d65a6fec68495c0d24d8fecdfe3f9d132fdfa842dba33dca093df21b19f3d325519779d13d0,South Asian English,south_asian,All of his brothers were fighters.,all of his brothers were fighters,1e8e70d3ab48485dfec3241dff7cd62bf0a6f81b8e2a120860c7b92e1b63925b
xlsr_english,suta,88,stage5ext_00355,02a40eed38bf20ab1ddca1a5c60f5b2cadd5455be21c7a1ab8e87d65a6fec68495c0d24d8fecdfe3f9d132fdfa842dba33dca093df21b19f3d325519779d13d0,South Asian English,south_asian,In general they tended to rather large format.,in general they tended to rather large format,1e8e70d3ab48485dfec3241dff7cd62bf0a6f81b8e2a120860c7b92e1b63925b
xlsr_english,suta,88,stage5ext_00356,02a40eed38bf20ab1ddca1a5c60f5b2cadd5455be21c7a1ab8e87d65a6fec68495c0d24d8fecdfe3f9d132fdfa842dba33dca093df21b19f3d325519779d13d0,South Asian English,south_asian,Downey posted the picture on Instagram and received requests for the pattern.,downey posted the picture on instoctram and received request for the pattern,1e8e70d3ab48485dfec3241dff7cd62bf0a6f81b8e2a120860c7b92e1b63925b
xlsr_english,suta,89,stage5ext_00357,02a40eed38bf20ab1ddca1a5c60f5b2cadd5455be21c7a1ab8e87d65a6fec68495c0d24d8fecdfe3f9d132fdfa842dba33dca093df21b19f3d325519779d13d0,South Asian English,south_asian,She did not like children and tried to hide it.,she did not like children and tried to hide it,e6f29cb745cdec01a0e00900630ab96c398f4039935a0ae7a2885b15d964bce1
xlsr_english,suta,89,stage5ext_00358,02a40eed38bf20ab1ddca1a5c60f5b2cadd5455be21c7a1ab8e87d65a6fec68495c0d24d8fecdfe3f9d132fdfa842dba33dca093df21b19f3d325519779d13d0,South Asian English,south_asian,Today the church still retains many of its historic features.,today the church still retains many of its historic features,e6f29cb745cdec01a0e00900630ab96c398f4039935a0ae7a2885b15d964bce1
xlsr_english,suta,89,stage5ext_00359,02a40eed38bf20ab1ddca1a5c60f5b2cadd5455be21c7a1ab8e87d65a6fec68495c0d24d8fecdfe3f9d132fdfa842dba33dca093df21b19f3d325519779d13d0,South Asian English,south_asian,The two also had used the same choreographer.,the two also had used the same coreographer,e6f29cb745cdec01a0e00900630ab96c398f4039935a0ae7a2885b15d964bce1
xlsr_english,suta,89,stage5ext_00360,02a40eed38bf20ab1ddca1a5c60f5b2cadd5455be21c7a1ab8e87d65a6fec68495c0d24d8fecdfe3f9d132fdfa842dba33dca093df21b19f3d325519779d13d0,South Asian English,south_asian,Murom is the nearest rural locality.,morem is the nearest rural locality,e6f29cb745cdec01a0e00900630ab96c398f4039935a0ae7a2885b15d964bce1
xlsr_english,suta,90,stage5ext_00361,aaf1e4c69fbd1d1faf2fcbf3500fe62c714695d030ca2f945ff72ef0c02adfc3ff3b57023bc8367965617d4ca057efc9c9a11733d05858f18602fdc792ae9d84,South Asian English,south_asian,We will not have any money left.,we will not have any money left,b9a5a2b208051e4d7767b5707bb5d7d3630144ad6477d41a0d40e9c863326f16
xlsr_english,suta,90,stage5ext_00362,aaf1e4c69fbd1d1faf2fcbf3500fe62c714695d030ca2f945ff72ef0c02adfc3ff3b57023bc8367965617d4ca057efc9c9a11733d05858f18602fdc792ae9d84,South Asian English,south_asian,A magistrate.,a magistrate,b9a5a2b208051e4d7767b5707bb5d7d3630144ad6477d41a0d40e9c863326f16
xlsr_english,suta,90,stage5ext_00363,aaf1e4c69fbd1d1faf2fcbf3500fe62c714695d030ca2f945ff72ef0c02adfc3ff3b57023bc8367965617d4ca057efc9c9a11733d05858f18602fdc792ae9d84,South Asian English,south_asian,I know Daniel quite well.,i know daniel quite well,b9a5a2b208051e4d7767b5707bb5d7d3630144ad6477d41a0d40e9c863326f16
xlsr_english,suta,90,stage5ext_00364,aaf1e4c69fbd1d1faf2fcbf3500fe62c714695d030ca2f945ff72ef0c02adfc3ff3b57023bc8367965617d4ca057efc9c9a11733d05858f18602fdc792ae9d84,South Asian English,south_asian,Mary found the website and showed it to Daniel.,mary fond the website and showed it to daniel,b9a5a2b208051e4d7767b5707bb5d7d3630144ad6477d41a0d40e9c863326f16
xlsr_english,suta,91,stage5ext_00365,aaf1e4c69fbd1d1faf2fcbf3500fe62c714695d030ca2f945ff72ef0c02adfc3ff3b57023bc8367965617d4ca057efc9c9a11733d05858f18602fdc792ae9d84,South Asian English,south_asian,"If you experience further problems, please let me know.",if you experience furthe problems please let me know,77b174a92e8146be29414b3e98d361808999066b2ea1852e428e7a4a85928beb
xlsr_english,suta,91,stage5ext_00366,aaf1e4c69fbd1d1faf2fcbf3500fe62c714695d030ca2f945ff72ef0c02adfc3ff3b57023bc8367965617d4ca057efc9c9a11733d05858f18602fdc792ae9d84,South Asian English,south_asian,Debra is a explorer that has been all over the world.,the brs a explorer that has been all over the world,77b174a92e8146be29414b3e98d361808999066b2ea1852e428e7a4a85928beb
xlsr_english,suta,91,stage5ext_00367,aaf1e4c69fbd1d1faf2fcbf3500fe62c714695d030ca2f945ff72ef0c02adfc3ff3b57023bc8367965617d4ca057efc9c9a11733d05858f18602fdc792ae9d84,South Asian English,south_asian,Albert Einstein's famous equation E equals MC squared is one of the best known equations in physics.,albertinsteins famous ecuation e ecosymsy squire is one of the best known ecruations in physics,77b174a92e8146be29414b3e98d361808999066b2ea1852e428e7a4a85928beb
xlsr_english,suta,91,stage5ext_00368,aaf1e4c69fbd1d1faf2fcbf3500fe62c714695d030ca2f945ff72ef0c02adfc3ff3b57023bc8367965617d4ca057efc9c9a11733d05858f18602fdc792ae9d84,South Asian English,south_asian,One good turn deserves another.,one good turn diserves another,77b174a92e8146be29414b3e98d361808999066b2ea1852e428e7a4a85928beb
xlsr_english,suta,92,stage5ext_00369,aaf1e4c69fbd1d1faf2fcbf3500fe62c714695d030ca2f945ff72ef0c02adfc3ff3b57023bc8367965617d4ca057efc9c9a11733d05858f18602fdc792ae9d84,South Asian English,south_asian,It has been so long since I have seen you!,it has been so long since i have seen you,fe28a9ff64b36a6ad24490186451c69f9202be32a471d93c633f836f4935c2d2
xlsr_english,suta,92,stage5ext_00370,aaf1e4c69fbd1d1faf2fcbf3500fe62c714695d030ca2f945ff72ef0c02adfc3ff3b57023bc8367965617d4ca057efc9c9a11733d05858f18602fdc792ae9d84,South Asian English,south_asian,William Shakespeare was an English poet and playwright that lived during the late sixteenth century.,william shakespeare was an english biet and plairy that lived during the late sixteenth century,fe28a9ff64b36a6ad24490186451c69f9202be32a471d93c633f836f4935c2d2
xlsr_english,suta,92,stage5ext_00371,aaf1e4c69fbd1d1faf2fcbf3500fe62c714695d030ca2f945ff72ef0c02adfc3ff3b57023bc8367965617d4ca057efc9c9a11733d05858f18602fdc792ae9d84,South Asian English,south_asian,The pup jerked the leash as he saw a feline shape.,the pub jerged the leash as he saw a falin trake,fe28a9ff64b36a6ad24490186451c69f9202be32a471d93c633f836f4935c2d2
xlsr_english,suta,92,stage5ext_00372,aaf1e4c69fbd1d1faf2fcbf3500fe62c714695d030ca2f945ff72ef0c02adfc3ff3b57023bc8367965617d4ca057efc9c9a11733d05858f18602fdc792ae9d84,South Asian English,south_asian,Forty on Thursday is the name of the event.,forty on torsda is the name of the event,fe28a9ff64b36a6ad24490186451c69f9202be32a471d93c633f836f4935c2d2
xlsr_english,suta,93,stage5ext_00373,aaf1e4c69fbd1d1faf2fcbf3500fe62c714695d030ca2f945ff72ef0c02adfc3ff3b57023bc8367965617d4ca057efc9c9a11733d05858f18602fdc792ae9d84,South Asian English,south_asian,The largest town is Abergavenny.,the largest to is abagavani,1a86f0f6c36ab09efa4a0af008de8e8797c2b05bf2223827493a52d2e6e9c60e
xlsr_english,suta,93,stage5ext_00374,aaf1e4c69fbd1d1faf2fcbf3500fe62c714695d030ca2f945ff72ef0c02adfc3ff3b57023bc8367965617d4ca057efc9c9a11733d05858f18602fdc792ae9d84,South Asian English,south_asian,No one has ever done it before.,no one has ever done it before,1a86f0f6c36ab09efa4a0af008de8e8797c2b05bf2223827493a52d2e6e9c60e
xlsr_english,suta,93,stage5ext_00375,aaf1e4c69fbd1d1faf2fcbf3500fe62c714695d030ca2f945ff72ef0c02adfc3ff3b57023bc8367965617d4ca057efc9c9a11733d05858f18602fdc792ae9d84,South Asian English,south_asian,Two men spoke in Arabic while having a drink at the bar.,two men spok in arabic while having a drink at the ball,1a86f0f6c36ab09efa4a0af008de8e8797c2b05bf2223827493a52d2e6e9c60e
xlsr_english,suta,93,stage5ext_00376,f7e25829f749c01cdf81e5c9cba92ab80af25ba7120bdb943094d45b56be1cc3b516ca22cc0a4aed4934a1c9af35e152ecc95a58b32ce448662acabb5b87bc76,South Asian English,south_asian,But you want to know something?,but you want to know something,1a86f0f6c36ab09efa4a0af008de8e8797c2b05bf2223827493a52d2e6e9c60e
xlsr_english,suta,94,stage5ext_00377,f7e25829f749c01cdf81e5c9cba92ab80af25ba7120bdb943094d45b56be1cc3b516ca22cc0a4aed4934a1c9af35e152ecc95a58b32ce448662acabb5b87bc76,South Asian English,south_asian,The giraffe had become fearful.,the giraff had become fearful,f146be730de2ec257798f2154df526b8ea2fe8179d560f9d29611f5e2d037686
xlsr_english,suta,94,stage5ext_00378,f7e25829f749c01cdf81e5c9cba92ab80af25ba7120bdb943094d45b56be1cc3b516ca22cc0a4aed4934a1c9af35e152ecc95a58b32ce448662acabb5b87bc76,South Asian English,south_asian,Our deadline is coming up rapidly and we will need help.,our deadline is coming up rapidly and we will need help,f146be730de2ec257798f2154df526b8ea2fe8179d560f9d29611f5e2d037686
xlsr_english,suta,94,stage5ext_00379,f7e25829f749c01cdf81e5c9cba92ab80af25ba7120bdb943094d45b56be1cc3b516ca22cc0a4aed4934a1c9af35e152ecc95a58b32ce448662acabb5b87bc76,South Asian English,south_asian,I found it out a little late.,i found it out a little late,f146be730de2ec257798f2154df526b8ea2fe8179d560f9d29611f5e2d037686
xlsr_english,suta,94,stage5ext_00380,f7e25829f749c01cdf81e5c9cba92ab80af25ba7120bdb943094d45b56be1cc3b516ca22cc0a4aed4934a1c9af35e152ecc95a58b32ce448662acabb5b87bc76,South Asian English,south_asian,Don't worry about that.,dont worry about that,f146be730de2ec257798f2154df526b8ea2fe8179d560f9d29611f5e2d037686
xlsr_english,suta,95,stage5ext_00381,f7e25829f749c01cdf81e5c9cba92ab80af25ba7120bdb943094d45b56be1cc3b516ca22cc0a4aed4934a1c9af35e152ecc95a58b32ce448662acabb5b87bc76,South Asian English,south_asian,I shouldn't think so.,i shouldnt think so,22197d19e02d13cc9a31aeaff835e1f6fdf28dec0850d3655ea6bbadc03e01f7
xlsr_english,suta,95,stage5ext_00382,f7e25829f749c01cdf81e5c9cba92ab80af25ba7120bdb943094d45b56be1cc3b516ca22cc0a4aed4934a1c9af35e152ecc95a58b32ce448662acabb5b87bc76,South Asian English,south_asian,Turning off gadgets that are not in use can save a lot of energy.,turning off gadgets that are not in use can save a lot of energy,22197d19e02d13cc9a31aeaff835e1f6fdf28dec0850d3655ea6bbadc03e01f7
xlsr_english,suta,95,stage5ext_00383,f7e25829f749c01cdf81e5c9cba92ab80af25ba7120bdb943094d45b56be1cc3b516ca22cc0a4aed4934a1c9af35e152ecc95a58b32ce448662acabb5b87bc76,South Asian English,south_asian,There is a counter on the top left of the web page.,there is a counter on the top left of the web page,22197d19e02d13cc9a31aeaff835e1f6fdf28dec0850d3655ea6bbadc03e01f7
xlsr_english,suta,95,stage5ext_00384,f7e25829f749c01cdf81e5c9cba92ab80af25ba7120bdb943094d45b56be1cc3b516ca22cc0a4aed4934a1c9af35e152ecc95a58b32ce448662acabb5b87bc76,South Asian English,south_asian,You think you did.,you think you did,22197d19e02d13cc9a31aeaff835e1f6fdf28dec0850d3655ea6bbadc03e01f7
xlsr_english,suta,96,stage5ext_00385,f7e25829f749c01cdf81e5c9cba92ab80af25ba7120bdb943094d45b56be1cc3b516ca22cc0a4aed4934a1c9af35e152ecc95a58b32ce448662acabb5b87bc76,South Asian English,south_asian,Maybe he'll give us one.,maybe he'll give us one,83a02370f6ccde94d9a7579bcf0b979184eb3c2d2923c2d58a71cea7068c159e
xlsr_english,suta,96,stage5ext_00386,f7e25829f749c01cdf81e5c9cba92ab80af25ba7120bdb943094d45b56be1cc3b516ca22cc0a4aed4934a1c9af35e152ecc95a58b32ce448662acabb5b87bc76,South Asian English,south_asian,Better let me talk to him.,better let me talk to him,83a02370f6ccde94d9a7579bcf0b979184eb3c2d2923c2d58a71cea7068c159e
xlsr_english,suta,96,stage5ext_00387,f7e25829f749c01cdf81e5c9cba92ab80af25ba7120bdb943094d45b56be1cc3b516ca22cc0a4aed4934a1c9af35e152ecc95a58b32ce448662acabb5b87bc76,South Asian English,south_asian,I don't want any plastics.,i dont want any plastics,83a02370f6ccde94d9a7579bcf0b979184eb3c2d2923c2d58a71cea7068c159e
xlsr_english,suta,96,stage5ext_00388,f7e25829f749c01cdf81e5c9cba92ab80af25ba7120bdb943094d45b56be1cc3b516ca22cc0a4aed4934a1c9af35e152ecc95a58b32ce448662acabb5b87bc76,South Asian English,south_asian,Without a single quiver.,without a single quiver,83a02370f6ccde94d9a7579bcf0b979184eb3c2d2923c2d58a71cea7068c159e
xlsr_english,suta,97,stage5ext_00389,f7e25829f749c01cdf81e5c9cba92ab80af25ba7120bdb943094d45b56be1cc3b516ca22cc0a4aed4934a1c9af35e152ecc95a58b32ce448662acabb5b87bc76,South Asian English,south_asian,I never saw it before.,i never saw it before,bd4c7525fdf5c3a70b25e14dfb8c0a5fee118687c8100ff0d658f37470ce3235
xlsr_english,suta,97,stage5ext_00390,f7e25829f749c01cdf81e5c9cba92ab80af25ba7120bdb943094d45b56be1cc3b516ca22cc0a4aed4934a1c9af35e152ecc95a58b32ce448662acabb5b87bc76,South Asian English,south_asian,"The reason for this, is to discern your strengths.",the reason for this is to dissern your strengths,bd4c7525fdf5c3a70b25e14dfb8c0a5fee118687c8100ff0d658f37470ce3235
xlsr_english,suta,97,stage5ext_00391,3f0b866ee8d4499e4c0de09d34862acbb1ea0139f53bf7f1271a8648fb35d9a3a31272a8bc7af870e3b52bf7f4cb51ae512fa07df79663eaeafa30221c0b200b,South Asian English,south_asian,"The perpetrators were never identified, and this monument has never been rebuilt.",the purpotrytls were never identified and this mioment has never been rebuilt,bd4c7525fdf5c3a70b25e14dfb8c0a5fee118687c8100ff0d658f37470ce3235
xlsr_english,suta,97,stage5ext_00392,3f0b866ee8d4499e4c0de09d34862acbb1ea0139f53bf7f1271a8648fb35d9a3a31272a8bc7af870e3b52bf7f4cb51ae512fa07df79663eaeafa30221c0b200b,South Asian English,south_asian,"These songs include ""Never End,"" ""Please Smile Again,"" and ""Cross Over.",these songs include never an he smile again and crosso,bd4c7525fdf5c3a70b25e14dfb8c0a5fee118687c8100ff0d658f37470ce3235
xlsr_english,suta,98,stage5ext_00393,3f0b866ee8d4499e4c0de09d34862acbb1ea0139f53bf7f1271a8648fb35d9a3a31272a8bc7af870e3b52bf7f4cb51ae512fa07df79663eaeafa30221c0b200b,South Asian English,south_asian,Water in the pool is continuously circulated through a filtration system.,watin the pool is continuously circulated through a filtration system,2be025980db0375e16e05f31c5e4b7958aa0656514fc9c2aa0eb9157da1ca33f
xlsr_english,suta,98,stage5ext_00394,3f0b866ee8d4499e4c0de09d34862acbb1ea0139f53bf7f1271a8648fb35d9a3a31272a8bc7af870e3b52bf7f4cb51ae512fa07df79663eaeafa30221c0b200b,South Asian English,south_asian,We maintain an array of roots indexed by timestamp.,fee maintein and orelo fruits index by timeslamp,2be025980db0375e16e05f31c5e4b7958aa0656514fc9c2aa0eb9157da1ca33f
xlsr_english,suta,98,stage5ext_00395,3f0b866ee8d4499e4c0de09d34862acbb1ea0139f53bf7f1271a8648fb35d9a3a31272a8bc7af870e3b52bf7f4cb51ae512fa07df79663eaeafa30221c0b200b,South Asian English,south_asian,"The educators lost, though commercial broadcasters were forced to air public affairs programs.",the educators lost though commercial broadcasters were forced to air public affairs programs,2be025980db0375e16e05f31c5e4b7958aa0656514fc9c2aa0eb9157da1ca33f
xlsr_english,suta,98,stage5ext_00396,3f0b866ee8d4499e4c0de09d34862acbb1ea0139f53bf7f1271a8648fb35d9a3a31272a8bc7af870e3b52bf7f4cb51ae512fa07df79663eaeafa30221c0b200b,South Asian English,south_asian,It is also the largest school in the state by size.,it is also the largest school in the state bysites,2be025980db0375e16e05f31c5e4b7958aa0656514fc9c2aa0eb9157da1ca33f
xlsr_english,suta,99,stage5ext_00397,3f0b866ee8d4499e4c0de09d34862acbb1ea0139f53bf7f1271a8648fb35d9a3a31272a8bc7af870e3b52bf7f4cb51ae512fa07df79663eaeafa30221c0b200b,South Asian English,south_asian,The band members decided to discontinue their mutual involvement.,the baron was decided to discontinue the nutual involloment,183001b764e741a43088c7cd3e15f6828ed0367ea763c2c99517d024a9f53279
xlsr_english,suta,99,stage5ext_00398,3f0b866ee8d4499e4c0de09d34862acbb1ea0139f53bf7f1271a8648fb35d9a3a31272a8bc7af870e3b52bf7f4cb51ae512fa07df79663eaeafa30221c0b200b,South Asian English,south_asian,Highlights include a Gutenberg Bible and the Romanesque Lambeth Bible.,highlighten throup a gouden workbirton and the romanus klambert watl,183001b764e741a43088c7cd3e15f6828ed0367ea763c2c99517d024a9f53279
xlsr_english,suta,99,stage5ext_00399,3f0b866ee8d4499e4c0de09d34862acbb1ea0139f53bf7f1271a8648fb35d9a3a31272a8bc7af870e3b52bf7f4cb51ae512fa07df79663eaeafa30221c0b200b,South Asian English,south_asian,"The parents return, in bandages, having survived the fire.",peytan suton in bandages having survived tho file,183001b764e741a43088c7cd3e15f6828ed0367ea763c2c99517d024a9f53279
xlsr_english,suta,99,stage5ext_00400,3f0b866ee8d4499e4c0de09d34862acbb1ea0139f53bf7f1271a8648fb35d9a3a31272a8bc7af870e3b52bf7f4cb51ae512fa07df79663eaeafa30221c0b200b,South Asian English,south_asian,"After the show, Sewercap talked to Jughead about officially reuniting Screeching Weasel.",after the show so look up talkd to jackhead about offichlereuinacting screaching whisd,183001b764e741a43088c7cd3e15f6828ed0367ea763c2c99517d024a9f53279
xlsr_english,suta,100,stage5ext_00401,3f0b866ee8d4499e4c0de09d34862acbb1ea0139f53bf7f1271a8648fb35d9a3a31272a8bc7af870e3b52bf7f4cb51ae512fa07df79663eaeafa30221c0b200b,South Asian English,south_asian,Harpur served in various capacities in the New York government during the American Revolution.,hopper served in various capacities in the new york government during the american revolution,9768bd3607de5369b0c25b872f97bf4e8358b393087a6e92a38b78679ecc2c70
xlsr_english,suta,100,stage5ext_00402,3f0b866ee8d4499e4c0de09d34862acbb1ea0139f53bf7f1271a8648fb35d9a3a31272a8bc7af870e3b52bf7f4cb51ae512fa07df79663eaeafa30221c0b200b,South Asian English,south_asian,The program has won many awards for investigative journalism.,the programmers won many awards for investigative journalism,9768bd3607de5369b0c25b872f97bf4e8358b393087a6e92a38b78679ecc2c70
xlsr_english,suta,100,stage5ext_00403,3f0b866ee8d4499e4c0de09d34862acbb1ea0139f53bf7f1271a8648fb35d9a3a31272a8bc7af870e3b52bf7f4cb51ae512fa07df79663eaeafa30221c0b200b,South Asian English,south_asian,Information about Boffo and its games can still be found on the site.,information about pofor and its games can still be found on the sete,9768bd3607de5369b0c25b872f97bf4e8358b393087a6e92a38b78679ecc2c70
xlsr_english,suta,100,stage5ext_00404,3f0b866ee8d4499e4c0de09d34862acbb1ea0139f53bf7f1271a8648fb35d9a3a31272a8bc7af870e3b52bf7f4cb51ae512fa07df79663eaeafa30221c0b200b,South Asian English,south_asian,"Forestkith Goblin: Nocturnal hunters, also known as kith.",forested coblon nocturnal hunters also known as kit,9768bd3607de5369b0c25b872f97bf4e8358b393087a6e92a38b78679ecc2c70
xlsr_english,suta,101,stage5ext_00405,3f0b866ee8d4499e4c0de09d34862acbb1ea0139f53bf7f1271a8648fb35d9a3a31272a8bc7af870e3b52bf7f4cb51ae512fa07df79663eaeafa30221c0b200b,South Asian English,south_asian,"Clearing facilities, security investments, cheques and overdraft protections were introduced.",clearyng facilities security investments checks and overda protections were introduced,0f2641751929393da1bb0d933fc3db0bfbc4a181f6d68ab5a3f2b57b34068a59
xlsr_english,suta,101,stage5ext_00406,73e8a395a2162293c7b4534d24818227a71f84f9f562d54db101f6576c15907499bf892f20f243b766b2da4de010cd4b697339df0b8c453740e425875c0eac05,South Asian English,south_asian,Each family is allowed one vote per each style of debate.,each family is allowed one word por each style of dibet,0f2641751929393da1bb0d933fc3db0bfbc4a181f6d68ab5a3f2b57b34068a59
xlsr_english,suta,101,stage5ext_00407,73e8a395a2162293c7b4534d24818227a71f84f9f562d54db101f6576c15907499bf892f20f243b766b2da4de010cd4b697339df0b8c453740e425875c0eac05,South Asian English,south_asian,Min varieties are not mutually intelligible with any other varieties of Chinese.,mean varieties are not mutually intelligible with any other varieties of chinese,0f2641751929393da1bb0d933fc3db0bfbc4a181f6d68ab5a3f2b57b34068a59
xlsr_english,suta,101,stage5ext_00408,73e8a395a2162293c7b4534d24818227a71f84f9f562d54db101f6576c15907499bf892f20f243b766b2da4de010cd4b697339df0b8c453740e425875c0eac05,South Asian English,south_asian,The sculptures on the pillars are truly beautiful.,the sculptures on the pillars are truly mbeautiful,0f2641751929393da1bb0d933fc3db0bfbc4a181f6d68ab5a3f2b57b34068a59
xlsr_english,suta,102,stage5ext_00409,73e8a395a2162293c7b4534d24818227a71f84f9f562d54db101f6576c15907499bf892f20f243b766b2da4de010cd4b697339df0b8c453740e425875c0eac05,South Asian English,south_asian,"Examples of non-vibrating objects are mallets, hammers, and sticks.",examples of nonvibrating objects are mallets hammers and sticks,3905448570e28ce615af3a3ce274360126fa0d232128b7abca5117d0f7c761ff
xlsr_english,suta,102,stage5ext_00410,73e8a395a2162293c7b4534d24818227a71f84f9f562d54db101f6576c15907499bf892f20f243b766b2da4de010cd4b697339df0b8c453740e425875c0eac05,South Asian English,south_asian,"You place your choice in a sealed envelope, which is opened after the game.",you place your choice in a sealed envelop which is opened after the game,3905448570e28ce615af3a3ce274360126fa0d232128b7abca5117d0f7c761ff
xlsr_english,suta,102,stage5ext_00411,73e8a395a2162293c7b4534d24818227a71f84f9f562d54db101f6576c15907499bf892f20f243b766b2da4de010cd4b697339df0b8c453740e425875c0eac05,South Asian English,south_asian,The first was Buddy Ryan.,the first pus body ran,3905448570e28ce615af3a3ce274360126fa0d232128b7abca5117d0f7c761ff
xlsr_english,suta,102,stage5ext_00412,73e8a395a2162293c7b4534d24818227a71f84f9f562d54db101f6576c15907499bf892f20f243b766b2da4de010cd4b697339df0b8c453740e425875c0eac05,South Asian English,south_asian,"His playing style is aggressive and he has won many ""best game"" awards.",his playing style is aggressive and he has won many best game awards,3905448570e28ce615af3a3ce274360126fa0d232128b7abca5117d0f7c761ff
xlsr_english,suta,103,stage5ext_00413,73e8a395a2162293c7b4534d24818227a71f84f9f562d54db101f6576c15907499bf892f20f243b766b2da4de010cd4b697339df0b8c453740e425875c0eac05,South Asian English,south_asian,Their flight is weak.,their flight is weak,270b4a3cbf52b6d007fd7391f949b3da07fbdd2c94178877f72943b0b0f5a34e
xlsr_english,suta,103,stage5ext_00414,73e8a395a2162293c7b4534d24818227a71f84f9f562d54db101f6576c15907499bf892f20f243b766b2da4de010cd4b697339df0b8c453740e425875c0eac05,South Asian English,south_asian,"In many cases however, they are quite functional.",in many cases however they are quite functional,270b4a3cbf52b6d007fd7391f949b3da07fbdd2c94178877f72943b0b0f5a34e
xlsr_english,suta,103,stage5ext_00415,73e8a395a2162293c7b4534d24818227a71f84f9f562d54db101f6576c15907499bf892f20f243b766b2da4de010cd4b697339df0b8c453740e425875c0eac05,South Asian English,south_asian,Ward went on to win the general election.,ward went on to win the general election,270b4a3cbf52b6d007fd7391f949b3da07fbdd2c94178877f72943b0b0f5a34e
xlsr_english,suta,103,stage5ext_00416,73e8a395a2162293c7b4534d24818227a71f84f9f562d54db101f6576c15907499bf892f20f243b766b2da4de010cd4b697339df0b8c453740e425875c0eac05,South Asian English,south_asian,He is now a Free Agent.,he is now a free agent,270b4a3cbf52b6d007fd7391f949b3da07fbdd2c94178877f72943b0b0f5a34e
xlsr_english,suta,104,stage5ext_00417,73e8a395a2162293c7b4534d24818227a71f84f9f562d54db101f6576c15907499bf892f20f243b766b2da4de010cd4b697339df0b8c453740e425875c0eac05,South Asian English,south_asian,Her other sponsors include Subway and Boost Mobile.,her other sponsors include subway and boast mobile,6034cd16d7cca5cff230a548e510ce15acf47415286709fbbda1c265cfed7523
xlsr_english,suta,104,stage5ext_00418,73e8a395a2162293c7b4534d24818227a71f84f9f562d54db101f6576c15907499bf892f20f243b766b2da4de010cd4b697339df0b8c453740e425875c0eac05,South Asian English,south_asian,I've never been asked to do one.,ive never been asked to do one,6034cd16d7cca5cff230a548e510ce15acf47415286709fbbda1c265cfed7523
xlsr_english,suta,104,stage5ext_00419,73e8a395a2162293c7b4534d24818227a71f84f9f562d54db101f6576c15907499bf892f20f243b766b2da4de010cd4b697339df0b8c453740e425875c0eac05,South Asian English,south_asian,"Therefore, these schools are significantly divided in terms of both abilities and career aims.",therefore these coles are significantly divided in terms of both abilities and carier aims,6034cd16d7cca5cff230a548e510ce15acf47415286709fbbda1c265cfed7523
xlsr_english,suta,104,stage5ext_00420,73e8a395a2162293c7b4534d24818227a71f84f9f562d54db101f6576c15907499bf892f20f243b766b2da4de010cd4b697339df0b8c453740e425875c0eac05,South Asian English,south_asian,The Ottoman village of Mulebbis appears at this site on the British survey map.,the ottoman village of melebis appears at this site on the british hurway map,6034cd16d7cca5cff230a548e510ce15acf47415286709fbbda1c265cfed7523
xlsr_english,suta,105,stage5ext_00421,ea49524d52bc56b865f1207ba65e9a5c30cab647b575ba84d0332c740de52bef6922ee19c49e44db615889cbabebbfa52440b31858fac8660d5e97eb4593687f,South Asian English,south_asian,Do you have Hugo's phone number?,do you have hou got spon number,24cadf63bb59e4d53ae9f121938eff98cd73b38ea94de4e5bdeeb58879a50c60
xlsr_english,suta,105,stage5ext_00422,ea49524d52bc56b865f1207ba65e9a5c30cab647b575ba84d0332c740de52bef6922ee19c49e44db615889cbabebbfa52440b31858fac8660d5e97eb4593687f,South Asian English,south_asian,"In the United States, we use paper bags for shopping.",in the united states we use paperback por shopping,24cadf63bb59e4d53ae9f121938eff98cd73b38ea94de4e5bdeeb58879a50c60
xlsr_english,suta,105,stage5ext_00423,ea49524d52bc56b865f1207ba65e9a5c30cab647b575ba84d0332c740de52bef6922ee19c49e44db615889cbabebbfa52440b31858fac8660d5e97eb4593687f,South Asian English,south_asian,"Olivia, have you seen my keys?",olivia have you seen my keids,24cadf63bb59e4d53ae9f121938eff98cd73b38ea94de4e5bdeeb58879a50c60
xlsr_english,suta,105,stage5ext_00424,ea49524d52bc56b865f1207ba65e9a5c30cab647b575ba84d0332c740de52bef6922ee19c49e44db615889cbabebbfa52440b31858fac8660d5e97eb4593687f,South Asian English,south_asian,Someone set fire to the trash.,someone set fire to the trash,24cadf63bb59e4d53ae9f121938eff98cd73b38ea94de4e5bdeeb58879a50c60
xlsr_english,suta,106,stage5ext_00425,ea49524d52bc56b865f1207ba65e9a5c30cab647b575ba84d0332c740de52bef6922ee19c49e44db615889cbabebbfa52440b31858fac8660d5e97eb4593687f,South Asian English,south_asian,Angela wanted to copy everything he had done.,angela wanted to copy verything he had done,43e959d60409c91850d7d2fbfc4bb576b8eb4c8d9966518ff43382f9d5831ca9
xlsr_english,suta,106,stage5ext_00426,ea49524d52bc56b865f1207ba65e9a5c30cab647b575ba84d0332c740de52bef6922ee19c49e44db615889cbabebbfa52440b31858fac8660d5e97eb4593687f,South Asian English,south_asian,Good playgrounds have much more to offer than swings and slides.,good playgrounds have much more to offer than swings and slides,43e959d60409c91850d7d2fbfc4bb576b8eb4c8d9966518ff43382f9d5831ca9
xlsr_english,suta,106,stage5ext_00427,ea49524d52bc56b865f1207ba65e9a5c30cab647b575ba84d0332c740de52bef6922ee19c49e44db615889cbabebbfa52440b31858fac8660d5e97eb4593687f,South Asian English,south_asian,What does it all mean?,what does it all mean,43e959d60409c91850d7d2fbfc4bb576b8eb4c8d9966518ff43382f9d5831ca9
xlsr_english,suta,106,stage5ext_00428,ea49524d52bc56b865f1207ba65e9a5c30cab647b575ba84d0332c740de52bef6922ee19c49e44db615889cbabebbfa52440b31858fac8660d5e97eb4593687f,South Asian English,south_asian,A musical composition for seven instruments,a musical composition for seven instruments,43e959d60409c91850d7d2fbfc4bb576b8eb4c8d9966518ff43382f9d5831ca9
xlsr_english,suta,107,stage5ext_00429,ea49524d52bc56b865f1207ba65e9a5c30cab647b575ba84d0332c740de52bef6922ee19c49e44db615889cbabebbfa52440b31858fac8660d5e97eb4593687f,South Asian English,south_asian,Temper is so good a thing that we should never lose it.,temper is so good a thing that we should never lose it,7ad007055ea8b4c99f82916004d85f7cbeaa05ddd18fdebbf46bae7dd626623d
xlsr_english,suta,107,stage5ext_00430,ea49524d52bc56b865f1207ba65e9a5c30cab647b575ba84d0332c740de52bef6922ee19c49e44db615889cbabebbfa52440b31858fac8660d5e97eb4593687f,South Asian English,south_asian,She has a smart way of wearing clothes.,she has a smart way op wearing cloths,7ad007055ea8b4c99f82916004d85f7cbeaa05ddd18fdebbf46bae7dd626623d
xlsr_english,suta,107,stage5ext_00431,ea49524d52bc56b865f1207ba65e9a5c30cab647b575ba84d0332c740de52bef6922ee19c49e44db615889cbabebbfa52440b31858fac8660d5e97eb4593687f,South Asian English,south_asian,They have prejudices against foreigners.,they help rejudices against foreigners,7ad007055ea8b4c99f82916004d85f7cbeaa05ddd18fdebbf46bae7dd626623d
xlsr_english,suta,107,stage5ext_00432,ea49524d52bc56b865f1207ba65e9a5c30cab647b575ba84d0332c740de52bef6922ee19c49e44db615889cbabebbfa52440b31858fac8660d5e97eb4593687f,South Asian English,south_asian,He has enough who is content.,he has enough who is content,7ad007055ea8b4c99f82916004d85f7cbeaa05ddd18fdebbf46bae7dd626623d
xlsr_english,suta,108,stage5ext_00433,ea49524d52bc56b865f1207ba65e9a5c30cab647b575ba84d0332c740de52bef6922ee19c49e44db615889cbabebbfa52440b31858fac8660d5e97eb4593687f,South Asian English,south_asian,The toilet needed cleaning.,the toilet needed cleaning,e97c78d9f8ad67de77d7b7a84ec44bb86702394bb07b090395f1395da12d0387
xlsr_english,suta,108,stage5ext_00434,ea49524d52bc56b865f1207ba65e9a5c30cab647b575ba84d0332c740de52bef6922ee19c49e44db615889cbabebbfa52440b31858fac8660d5e97eb4593687f,South Asian English,south_asian,There's no accounting for tastes,there is no accounting for tests,e97c78d9f8ad67de77d7b7a84ec44bb86702394bb07b090395f1395da12d0387
xlsr_english,suta,108,stage5ext_00435,ea49524d52bc56b865f1207ba65e9a5c30cab647b575ba84d0332c740de52bef6922ee19c49e44db615889cbabebbfa52440b31858fac8660d5e97eb4593687f,South Asian English,south_asian,"Yours sincerely, Satan.",yours sicerely set on,e97c78d9f8ad67de77d7b7a84ec44bb86702394bb07b090395f1395da12d0387
xlsr_english,suta,108,stage5ext_00436,6df207be7ccedf5176284312e3017cd9d7ddb990efbd395e8e8d1a4f2aca4eac93a420f82a1b88c2cc4a7728b9bfb612cdbeccdb6bb50e3f1aec155e5603f59f,South Asian English,south_asian,Ogilvy watched till one and then gave up.,ow ill be watch till one and then geara,e97c78d9f8ad67de77d7b7a84ec44bb86702394bb07b090395f1395da12d0387
xlsr_english,suta,109,stage5ext_00437,6df207be7ccedf5176284312e3017cd9d7ddb990efbd395e8e8d1a4f2aca4eac93a420f82a1b88c2cc4a7728b9bfb612cdbeccdb6bb50e3f1aec155e5603f59f,South Asian English,south_asian,The desert didn't answer him for a few moments.,the desert didn't anser him for a few moments,a7d0364d7d499a624656731765e4702a8380780325a00a939328925e979f32e6
xlsr_english,suta,109,stage5ext_00438,6df207be7ccedf5176284312e3017cd9d7ddb990efbd395e8e8d1a4f2aca4eac93a420f82a1b88c2cc4a7728b9bfb612cdbeccdb6bb50e3f1aec155e5603f59f,South Asian English,south_asian,Once again he was experiencing the language without words...,once again he was experiencing the language witult words,a7d0364d7d499a624656731765e4702a8380780325a00a939328925e979f32e6
xlsr_english,suta,109,stage5ext_00439,6df207be7ccedf5176284312e3017cd9d7ddb990efbd395e8e8d1a4f2aca4eac93a420f82a1b88c2cc4a7728b9bfb612cdbeccdb6bb50e3f1aec155e5603f59f,South Asian English,south_asian,"The sheep will get used to my not being there, too, the boy thought.",the sheep would get use to my nock being there too the boy thought,a7d0364d7d499a624656731765e4702a8380780325a00a939328925e979f32e6
xlsr_english,suta,109,stage5ext_00440,6df207be7ccedf5176284312e3017cd9d7ddb990efbd395e8e8d1a4f2aca4eac93a420f82a1b88c2cc4a7728b9bfb612cdbeccdb6bb50e3f1aec155e5603f59f,South Asian English,south_asian,Everything you need to know you have learned through your journey.,everything you need to now you have learned for your journey,a7d0364d7d499a624656731765e4702a8380780325a00a939328925e979f32e6
xlsr_english,suta,110,stage5ext_00441,6df207be7ccedf5176284312e3017cd9d7ddb990efbd395e8e8d1a4f2aca4eac93a420f82a1b88c2cc4a7728b9bfb612cdbeccdb6bb50e3f1aec155e5603f59f,South Asian English,south_asian,"You and I aren't like Hassan, that rich merchant.",you and i arent like husson that rich mercent,a7458695b61003290e5f2f3ad497b85ee6eb08f75e029795580064e285c8b037
xlsr_english,suta,110,stage5ext_00442,6df207be7ccedf5176284312e3017cd9d7ddb990efbd395e8e8d1a4f2aca4eac93a420f82a1b88c2cc4a7728b9bfb612cdbeccdb6bb50e3f1aec155e5603f59f,South Asian English,south_asian,But they really don't know what they're saying.,but they really dont know what theyare saying,a7458695b61003290e5f2f3ad497b85ee6eb08f75e029795580064e285c8b037
xlsr_english,suta,110,stage5ext_00443,6df207be7ccedf5176284312e3017cd9d7ddb990efbd395e8e8d1a4f2aca4eac93a420f82a1b88c2cc4a7728b9bfb612cdbeccdb6bb50e3f1aec155e5603f59f,South Asian English,south_asian,The boy remembered an old proverb from his country.,the boy remembered an old provem from his country,a7458695b61003290e5f2f3ad497b85ee6eb08f75e029795580064e285c8b037
xlsr_english,suta,110,stage5ext_00444,6df207be7ccedf5176284312e3017cd9d7ddb990efbd395e8e8d1a4f2aca4eac93a420f82a1b88c2cc4a7728b9bfb612cdbeccdb6bb50e3f1aec155e5603f59f,South Asian English,south_asian,Henderson stood up with a spade in his hand.,henderson stood up with a spede in his hand,a7458695b61003290e5f2f3ad497b85ee6eb08f75e029795580064e285c8b037
xlsr_english,suta,111,stage5ext_00445,6df207be7ccedf5176284312e3017cd9d7ddb990efbd395e8e8d1a4f2aca4eac93a420f82a1b88c2cc4a7728b9bfb612cdbeccdb6bb50e3f1aec155e5603f59f,South Asian English,south_asian,"The alchemists spent years in their laboratories, observing the fire that purified the metals.",the alchemists spent years in their laboratories observing the fire that purified the metals,f4c91ff36a402e17db3509bdb2bbf89fe2c86677f9301eaecc06065aadd39b3c
xlsr_english,suta,111,stage5ext_00446,6df207be7ccedf5176284312e3017cd9d7ddb990efbd395e8e8d1a4f2aca4eac93a420f82a1b88c2cc4a7728b9bfb612cdbeccdb6bb50e3f1aec155e5603f59f,South Asian English,south_asian,His eyes filled with tears as he spoke of the Prophet.,his eyes filled with tears as he spoke of the prophet,f4c91ff36a402e17db3509bdb2bbf89fe2c86677f9301eaecc06065aadd39b3c
xlsr_english,suta,111,stage5ext_00447,6df207be7ccedf5176284312e3017cd9d7ddb990efbd395e8e8d1a4f2aca4eac93a420f82a1b88c2cc4a7728b9bfb612cdbeccdb6bb50e3f1aec155e5603f59f,South Asian English,south_asian,"Maybe the alchemist has never been in love, the boy thought.",maybe the alchemist has never been in love the boy thought,f4c91ff36a402e17db3509bdb2bbf89fe2c86677f9301eaecc06065aadd39b3c
xlsr_english,suta,111,stage5ext_00448,6df207be7ccedf5176284312e3017cd9d7ddb990efbd395e8e8d1a4f2aca4eac93a420f82a1b88c2cc4a7728b9bfb612cdbeccdb6bb50e3f1aec155e5603f59f,South Asian English,south_asian,"He dressed in his Arabian clothing of white linen, bought especially for this day.",he dressed in his arabian clothing of white linen bought especially photesty,f4c91ff36a402e17db3509bdb2bbf89fe2c86677f9301eaecc06065aadd39b3c
xlsr_english,suta,112,stage5ext_00449,6df207be7ccedf5176284312e3017cd9d7ddb990efbd395e8e8d1a4f2aca4eac93a420f82a1b88c2cc4a7728b9bfb612cdbeccdb6bb50e3f1aec155e5603f59f,South Asian English,south_asian,I don't want anything for myself.,i don't want anything for my selling,e7c5122a62bfb20b562289a0166e95dcce2089e57a35c6b2d61380d25cf6fe43
xlsr_english,suta,112,stage5ext_00450,6df207be7ccedf5176284312e3017cd9d7ddb990efbd395e8e8d1a4f2aca4eac93a420f82a1b88c2cc4a7728b9bfb612cdbeccdb6bb50e3f1aec155e5603f59f,South Asian English,south_asian,"An hour later, he had before him a chest of Spanish gold coins.",an hour later he had before hem a chest of spanish cot coins,e7c5122a62bfb20b562289a0166e95dcce2089e57a35c6b2d61380d25cf6fe43
xlsr_english,suta,112,stage5ext_00451,0e60a578941d41849394691c611be044c19753d68b3dc6ca38dd1526016c9536219350c8aa1d6c0b974bc68c24592c39030a094ed6223399ab873f93e6a457a2,Australian English,australia,He surveyed the land near Fairbanks and started the Fairbanks Experiment Farm.,he surveyed the land near fairbanks and started the fairbanks experiment farm,e7c5122a62bfb20b562289a0166e95dcce2089e57a35c6b2d61380d25cf6fe43
xlsr_english,suta,112,stage5ext_00452,0e60a578941d41849394691c611be044c19753d68b3dc6ca38dd1526016c9536219350c8aa1d6c0b974bc68c24592c39030a094ed6223399ab873f93e6a457a2,Australian English,australia,"These sites are equipped with firewood, pit privies, picnic tables and food storage containers.",these sites are equipped with firewood pit privies picnic tables and food storage containers,e7c5122a62bfb20b562289a0166e95dcce2089e57a35c6b2d61380d25cf6fe43
xlsr_english,suta,113,stage5ext_00453,0e60a578941d41849394691c611be044c19753d68b3dc6ca38dd1526016c9536219350c8aa1d6c0b974bc68c24592c39030a094ed6223399ab873f93e6a457a2,Australian English,australia,He was second billed at the Earls Court Music festival with Jay-Z.,he was second billed at the earl court music festival with jyz,3a891824dcc33010d03dbd497197c03ebe312a32493a5e062e78256b4b5ebb1e
xlsr_english,suta,113,stage5ext_00454,0e60a578941d41849394691c611be044c19753d68b3dc6ca38dd1526016c9536219350c8aa1d6c0b974bc68c24592c39030a094ed6223399ab873f93e6a457a2,Australian English,australia,"As a result, most of the buildings are older, and are often walk-up apartments.",as a result most of the buildings are older and are often walkup apartments,3a891824dcc33010d03dbd497197c03ebe312a32493a5e062e78256b4b5ebb1e
xlsr_english,suta,113,stage5ext_00455,0e60a578941d41849394691c611be044c19753d68b3dc6ca38dd1526016c9536219350c8aa1d6c0b974bc68c24592c39030a094ed6223399ab873f93e6a457a2,Australian English,australia,"His credits include episodes of ""The Twilight Zone"" and ""The Alfred Hitchcock Hour"".",his credits include episodes of the twilight zone and the alfred hitchcock hour,3a891824dcc33010d03dbd497197c03ebe312a32493a5e062e78256b4b5ebb1e
xlsr_english,suta,113,stage5ext_00456,0e60a578941d41849394691c611be044c19753d68b3dc6ca38dd1526016c9536219350c8aa1d6c0b974bc68c24592c39030a094ed6223399ab873f93e6a457a2,Australian English,australia,The party aligned itself with the Comintern.,the party aligned itself with the comintern,3a891824dcc33010d03dbd497197c03ebe312a32493a5e062e78256b4b5ebb1e
xlsr_english,suta,114,stage5ext_00457,0e60a578941d41849394691c611be044c19753d68b3dc6ca38dd1526016c9536219350c8aa1d6c0b974bc68c24592c39030a094ed6223399ab873f93e6a457a2,Australian English,australia,"On one occasion, Suetonius writes, Vespasian was pelted with turnips.",on one occasion sutonius writes vespasion was pelted with turnips,ef7d5f0058b85341017d652c4e39acb9777ad54f5e5689ab136d3c965d58cd74
xlsr_english,suta,114,stage5ext_00458,0e60a578941d41849394691c611be044c19753d68b3dc6ca38dd1526016c9536219350c8aa1d6c0b974bc68c24592c39030a094ed6223399ab873f93e6a457a2,Australian English,australia,"She felt that modern society had ""blunted"" children.",she felt that modern society had blunted children,ef7d5f0058b85341017d652c4e39acb9777ad54f5e5689ab136d3c965d58cd74
xlsr_english,suta,114,stage5ext_00459,0e60a578941d41849394691c611be044c19753d68b3dc6ca38dd1526016c9536219350c8aa1d6c0b974bc68c24592c39030a094ed6223399ab873f93e6a457a2,Australian English,australia,Those in Thailand live close to the Hmong and northern Thai.,those in thiland live close to the mong and northern thai,ef7d5f0058b85341017d652c4e39acb9777ad54f5e5689ab136d3c965d58cd74
xlsr_english,suta,114,stage5ext_00460,0e60a578941d41849394691c611be044c19753d68b3dc6ca38dd1526016c9536219350c8aa1d6c0b974bc68c24592c39030a094ed6223399ab873f93e6a457a2,Australian English,australia,His competitive debut followed a few days later.,his competitive debut followed a few days later,ef7d5f0058b85341017d652c4e39acb9777ad54f5e5689ab136d3c965d58cd74
xlsr_english,suta,115,stage5ext_00461,0e60a578941d41849394691c611be044c19753d68b3dc6ca38dd1526016c9536219350c8aa1d6c0b974bc68c24592c39030a094ed6223399ab873f93e6a457a2,Australian English,australia,It is headquartered in Dubna in the Moscow Oblast.,it is headquartered in dubna in the moscow oblast,627ff676c49a6be9dc825769c8af839fde31ec1fed786f05612fb41bcf7eea17
xlsr_english,suta,115,stage5ext_00462,0e60a578941d41849394691c611be044c19753d68b3dc6ca38dd1526016c9536219350c8aa1d6c0b974bc68c24592c39030a094ed6223399ab873f93e6a457a2,Australian English,australia,Upon surrender the tribe was expelled.,upon surrender the tribe was expelled,627ff676c49a6be9dc825769c8af839fde31ec1fed786f05612fb41bcf7eea17
xlsr_english,suta,115,stage5ext_00463,0e60a578941d41849394691c611be044c19753d68b3dc6ca38dd1526016c9536219350c8aa1d6c0b974bc68c24592c39030a094ed6223399ab873f93e6a457a2,Australian English,australia,His skills in what we now characterize as guerrilla warfare were justly famous.,his skills in what we now characterize as gerilla warfare were justly famous,627ff676c49a6be9dc825769c8af839fde31ec1fed786f05612fb41bcf7eea17
xlsr_english,suta,115,stage5ext_00464,0e60a578941d41849394691c611be044c19753d68b3dc6ca38dd1526016c9536219350c8aa1d6c0b974bc68c24592c39030a094ed6223399ab873f93e6a457a2,Australian English,australia,Donald C. Owens.,donald c owens,627ff676c49a6be9dc825769c8af839fde31ec1fed786f05612fb41bcf7eea17
xlsr_english,suta,116,stage5ext_00465,0e60a578941d41849394691c611be044c19753d68b3dc6ca38dd1526016c9536219350c8aa1d6c0b974bc68c24592c39030a094ed6223399ab873f93e6a457a2,Australian English,australia,Most of operating surplus will normally consist of gross profit income.,most of operating surplus will normally consist of growth profit income,f728efd356602c711f660066cbb3702c6d3f58c5ab1486e7e2571300fdf9526e
xlsr_english,suta,116,stage5ext_00466,6a6b32832defa516dce6922d2300294d6e7f670b8f867ed3f8f7e291df5150f55cde5ad06e44e4d126e3687b818fe5f23e70a1cd189217bc55d1f9f21ced88e0,Australian English,australia,"These delineations, however, are not definitive.",these delineations however are not definitive,f728efd356602c711f660066cbb3702c6d3f58c5ab1486e7e2571300fdf9526e
xlsr_english,suta,116,stage5ext_00467,6a6b32832defa516dce6922d2300294d6e7f670b8f867ed3f8f7e291df5150f55cde5ad06e44e4d126e3687b818fe5f23e70a1cd189217bc55d1f9f21ced88e0,Australian English,australia,"When he returned to Canada the following year, he had gained few supplies.",when he returned to canada the following year he had gained few supplies,f728efd356602c711f660066cbb3702c6d3f58c5ab1486e7e2571300fdf9526e
xlsr_english,suta,116,stage5ext_00468,6a6b32832defa516dce6922d2300294d6e7f670b8f867ed3f8f7e291df5150f55cde5ad06e44e4d126e3687b818fe5f23e70a1cd189217bc55d1f9f21ced88e0,Australian English,australia,Eos published the third edition of Nobilis and a supplement.,eos published the third edition of nobilis and a supplement,f728efd356602c711f660066cbb3702c6d3f58c5ab1486e7e2571300fdf9526e
xlsr_english,suta,117,stage5ext_00469,6a6b32832defa516dce6922d2300294d6e7f670b8f867ed3f8f7e291df5150f55cde5ad06e44e4d126e3687b818fe5f23e70a1cd189217bc55d1f9f21ced88e0,Australian English,australia,This prevents damage to the optics in the amplifier.,this prevents damage to the optics an the amplifi,a3e3d141deb1b17c897b4b825fe7046c897e6033bf1b10073595090ddf26a74f
xlsr_english,suta,117,stage5ext_00470,6a6b32832defa516dce6922d2300294d6e7f670b8f867ed3f8f7e291df5150f55cde5ad06e44e4d126e3687b818fe5f23e70a1cd189217bc55d1f9f21ced88e0,Australian English,australia,"Prince's Park also influenced its near neighbour, Sefton Park.",princes park also influenced its near neighbour secton park,a3e3d141deb1b17c897b4b825fe7046c897e6033bf1b10073595090ddf26a74f
xlsr_english,suta,117,stage5ext_00471,6a6b32832defa516dce6922d2300294d6e7f670b8f867ed3f8f7e291df5150f55cde5ad06e44e4d126e3687b818fe5f23e70a1cd189217bc55d1f9f21ced88e0,Australian English,australia,The location is a primary advantage of the faculty.,the location is a primary advantage of the faculty,a3e3d141deb1b17c897b4b825fe7046c897e6033bf1b10073595090ddf26a74f
xlsr_english,suta,117,stage5ext_00472,6a6b32832defa516dce6922d2300294d6e7f670b8f867ed3f8f7e291df5150f55cde5ad06e44e4d126e3687b818fe5f23e70a1cd189217bc55d1f9f21ced88e0,Australian English,australia,The caps are placed behind the casing.,the caps are placed behind the casing,a3e3d141deb1b17c897b4b825fe7046c897e6033bf1b10073595090ddf26a74f
xlsr_english,suta,118,stage5ext_00473,6a6b32832defa516dce6922d2300294d6e7f670b8f867ed3f8f7e291df5150f55cde5ad06e44e4d126e3687b818fe5f23e70a1cd189217bc55d1f9f21ced88e0,Australian English,australia,It falls within the old copper quarter of Landore electoral ward.,it falls within the old copper quarter of landor elector ward,55041133051bc6821f5f85a2e9c2db8e129aa6d79aa29cfd7ed1eff44a54ef47
xlsr_english,suta,118,stage5ext_00474,6a6b32832defa516dce6922d2300294d6e7f670b8f867ed3f8f7e291df5150f55cde5ad06e44e4d126e3687b818fe5f23e70a1cd189217bc55d1f9f21ced88e0,Australian English,australia,It was merged into the existing Billund municipality.,it was merged into the existing billand muncipality,55041133051bc6821f5f85a2e9c2db8e129aa6d79aa29cfd7ed1eff44a54ef47
xlsr_english,suta,118,stage5ext_00475,6a6b32832defa516dce6922d2300294d6e7f670b8f867ed3f8f7e291df5150f55cde5ad06e44e4d126e3687b818fe5f23e70a1cd189217bc55d1f9f21ced88e0,Australian English,australia,"Rossi is married, with four children, and lives in Sammamish, Washington.",rossi is married with four children and lives in samamich washington,55041133051bc6821f5f85a2e9c2db8e129aa6d79aa29cfd7ed1eff44a54ef47
xlsr_english,suta,118,stage5ext_00476,6a6b32832defa516dce6922d2300294d6e7f670b8f867ed3f8f7e291df5150f55cde5ad06e44e4d126e3687b818fe5f23e70a1cd189217bc55d1f9f21ced88e0,Australian English,australia,It is a peaceful place nestled in greenery.,it is a peaceful place nestled in greenery,55041133051bc6821f5f85a2e9c2db8e129aa6d79aa29cfd7ed1eff44a54ef47
xlsr_english,suta,119,stage5ext_00477,6a6b32832defa516dce6922d2300294d6e7f670b8f867ed3f8f7e291df5150f55cde5ad06e44e4d126e3687b818fe5f23e70a1cd189217bc55d1f9f21ced88e0,Australian English,australia,During the fighting the Saint-Quentin collegiate church was badly damaged by fire.,during the fighting the saint quenton collegichurch was badly damaged by fire,2a7379bc68e299cf1134f5bb3d0d8c22a8c1ed3dfcb0425a1f2b211c1370a1e9
xlsr_english,suta,119,stage5ext_00478,6a6b32832defa516dce6922d2300294d6e7f670b8f867ed3f8f7e291df5150f55cde5ad06e44e4d126e3687b818fe5f23e70a1cd189217bc55d1f9f21ced88e0,Australian English,australia,Further salvage effort was abandoned.,further sovage effort was abandoned,2a7379bc68e299cf1134f5bb3d0d8c22a8c1ed3dfcb0425a1f2b211c1370a1e9
xlsr_english,suta,119,stage5ext_00479,6a6b32832defa516dce6922d2300294d6e7f670b8f867ed3f8f7e291df5150f55cde5ad06e44e4d126e3687b818fe5f23e70a1cd189217bc55d1f9f21ced88e0,Australian English,australia,Its lean flesh makes for a unique flavor that differs from species to species.,its lane flesh makes for unique flavor that differs from species to species,2a7379bc68e299cf1134f5bb3d0d8c22a8c1ed3dfcb0425a1f2b211c1370a1e9
xlsr_english,suta,119,stage5ext_00480,6a6b32832defa516dce6922d2300294d6e7f670b8f867ed3f8f7e291df5150f55cde5ad06e44e4d126e3687b818fe5f23e70a1cd189217bc55d1f9f21ced88e0,Australian English,australia,"Multiplexers, decoders, state machines, and other sophisticated digital devices may use inverters.",multiplexes decoders state machines and other sophisticated digital devices may use invertes,2a7379bc68e299cf1134f5bb3d0d8c22a8c1ed3dfcb0425a1f2b211c1370a1e9
xlsr_english,suta,120,stage5ext_00481,80e5fdd0808bbda9d695c743b5046c81739538d8398f2686fe4b36ca71f055a7cc8e5445f4ac8e41bbbe09c9f01ad6e6bf9e083ec42a8d15655c1b76825dce57,Australian English,australia,"The regiment is introduced as Britain's first ""Kamikaze Regiment"".",the regiment is introduced as britain's first kamacazi regimen,92d0e9476e129fd1f65bdbaf02760c0b315295777ed8a32a86b3daf7d1824164
xlsr_english,suta,120,stage5ext_00482,80e5fdd0808bbda9d695c743b5046c81739538d8398f2686fe4b36ca71f055a7cc8e5445f4ac8e41bbbe09c9f01ad6e6bf9e083ec42a8d15655c1b76825dce57,Australian English,australia,"“Yet you always make me like it,” he said.",yet you always make me like it he said,92d0e9476e129fd1f65bdbaf02760c0b315295777ed8a32a86b3daf7d1824164
xlsr_english,suta,120,stage5ext_00483,80e5fdd0808bbda9d695c743b5046c81739538d8398f2686fe4b36ca71f055a7cc8e5445f4ac8e41bbbe09c9f01ad6e6bf9e083ec42a8d15655c1b76825dce57,Australian English,australia,The parties were ordered to electronically submit briefs to make their case.,the parties were ordered to electronically submit briefs to make their case,92d0e9476e129fd1f65bdbaf02760c0b315295777ed8a32a86b3daf7d1824164
xlsr_english,suta,120,stage5ext_00484,80e5fdd0808bbda9d695c743b5046c81739538d8398f2686fe4b36ca71f055a7cc8e5445f4ac8e41bbbe09c9f01ad6e6bf9e083ec42a8d15655c1b76825dce57,Australian English,australia,Conceptual discussions also revolve around a precise definition of action in philosophy.,conceptual discussions also evolve around a precise definition of action in philosophy,92d0e9476e129fd1f65bdbaf02760c0b315295777ed8a32a86b3daf7d1824164
xlsr_english,suta,121,stage5ext_00485,80e5fdd0808bbda9d695c743b5046c81739538d8398f2686fe4b36ca71f055a7cc8e5445f4ac8e41bbbe09c9f01ad6e6bf9e083ec42a8d15655c1b76825dce57,Australian English,australia,John Wyndham's many short stories also appear with later variant titles or pen names.,john winhems many short stories also appear with later varant titles or pinnames,973b06a600356a1bb49ffec7348af2b7a0cddec5b2f2eadadb02211007c8394d
xlsr_english,suta,121,stage5ext_00486,80e5fdd0808bbda9d695c743b5046c81739538d8398f2686fe4b36ca71f055a7cc8e5445f4ac8e41bbbe09c9f01ad6e6bf9e083ec42a8d15655c1b76825dce57,Australian English,australia,"I had an apartment; Jim was, like, ""He's the Boss"".",i had an apartment jim was like hes a bos,973b06a600356a1bb49ffec7348af2b7a0cddec5b2f2eadadb02211007c8394d
xlsr_english,suta,121,stage5ext_00487,80e5fdd0808bbda9d695c743b5046c81739538d8398f2686fe4b36ca71f055a7cc8e5445f4ac8e41bbbe09c9f01ad6e6bf9e083ec42a8d15655c1b76825dce57,Australian English,australia,"The show theme music is a customised version of Barry Manilow's ""Copacabana"".",the showtheme music is a customised version of barry manlos coper cabana,973b06a600356a1bb49ffec7348af2b7a0cddec5b2f2eadadb02211007c8394d
xlsr_english,suta,121,stage5ext_00488,80e5fdd0808bbda9d695c743b5046c81739538d8398f2686fe4b36ca71f055a7cc8e5445f4ac8e41bbbe09c9f01ad6e6bf9e083ec42a8d15655c1b76825dce57,Australian English,australia,Especially noteworthy were the early and late paintings.,especially noteworthy were the early in latepaintings,973b06a600356a1bb49ffec7348af2b7a0cddec5b2f2eadadb02211007c8394d
xlsr_english,suta,122,stage5ext_00489,80e5fdd0808bbda9d695c743b5046c81739538d8398f2686fe4b36ca71f055a7cc8e5445f4ac8e41bbbe09c9f01ad6e6bf9e083ec42a8d15655c1b76825dce57,Australian English,australia,"Gavin Smith would later join the team, making it a three-car Vauxhall effort.",gavin smith would later join the team making it a three-car voxel effort,894aac0cfa9b3f25c70570640444a19128f5f9cecdb9f1234d90a53cc77fe0dc
xlsr_english,suta,122,stage5ext_00490,80e5fdd0808bbda9d695c743b5046c81739538d8398f2686fe4b36ca71f055a7cc8e5445f4ac8e41bbbe09c9f01ad6e6bf9e083ec42a8d15655c1b76825dce57,Australian English,australia,"His siblings included Key Pittman, a longtime United States Senator from Nevada.",his siblings included key pitman a longtime united states senator from nevada,894aac0cfa9b3f25c70570640444a19128f5f9cecdb9f1234d90a53cc77fe0dc
xlsr_english,suta,122,stage5ext_00491,80e5fdd0808bbda9d695c743b5046c81739538d8398f2686fe4b36ca71f055a7cc8e5445f4ac8e41bbbe09c9f01ad6e6bf9e083ec42a8d15655c1b76825dce57,Australian English,australia,"The ""Dragon Empire"" is an empire ruled by the ten houses of dragons.",the dragon empire is an empire rolle by the ten houses of dragons,894aac0cfa9b3f25c70570640444a19128f5f9cecdb9f1234d90a53cc77fe0dc
xlsr_english,suta,122,stage5ext_00492,80e5fdd0808bbda9d695c743b5046c81739538d8398f2686fe4b36ca71f055a7cc8e5445f4ac8e41bbbe09c9f01ad6e6bf9e083ec42a8d15655c1b76825dce57,Australian English,australia,Gounki is played on an eight-by-eight square.,genky is played on eight by eight square,894aac0cfa9b3f25c70570640444a19128f5f9cecdb9f1234d90a53cc77fe0dc
xlsr_english,suta,123,stage5ext_00493,80e5fdd0808bbda9d695c743b5046c81739538d8398f2686fe4b36ca71f055a7cc8e5445f4ac8e41bbbe09c9f01ad6e6bf9e083ec42a8d15655c1b76825dce57,Australian English,australia,He founded a series of hospitals in Constantinople to care for the poor.,he founded a series of hospitals in constantinople to care for the poor,c31ace0d563a5b07c216b7757add3b9146290aeeed469b9b854d2db03bc2cd3f
xlsr_english,suta,123,stage5ext_00494,80e5fdd0808bbda9d695c743b5046c81739538d8398f2686fe4b36ca71f055a7cc8e5445f4ac8e41bbbe09c9f01ad6e6bf9e083ec42a8d15655c1b76825dce57,Australian English,australia,His guitar compositions are being recorded and performed by an ever-increasing number of guitarists.,his guitar compositions are being recorded and performed by an ever increasing number of guitarists,c31ace0d563a5b07c216b7757add3b9146290aeeed469b9b854d2db03bc2cd3f
xlsr_english,suta,123,stage5ext_00495,80e5fdd0808bbda9d695c743b5046c81739538d8398f2686fe4b36ca71f055a7cc8e5445f4ac8e41bbbe09c9f01ad6e6bf9e083ec42a8d15655c1b76825dce57,Australian English,australia,He taught at Stockport Grammar School.,he taught at stockport grammar school,c31ace0d563a5b07c216b7757add3b9146290aeeed469b9b854d2db03bc2cd3f
xlsr_english,suta,123,stage5ext_00496,1a03eae3701811654fd562b997c8a474b9db15da01b2c3dbe82487ef0476080aff1930c0b286ebae981fe42447c3f5ef27480999934b5bbbb8e1410266aca125,Australian English,australia,"But, if you can, try to make your own decisions.",but if you can try to make your own decisions,c31ace0d563a5b07c216b7757add3b9146290aeeed469b9b854d2db03bc2cd3f
xlsr_english,suta,124,stage5ext_00497,1a03eae3701811654fd562b997c8a474b9db15da01b2c3dbe82487ef0476080aff1930c0b286ebae981fe42447c3f5ef27480999934b5bbbb8e1410266aca125,Australian English,australia,There was no way to measure anything of that length.,there was no way to measure anything of that length,c1568d2b6e4618a42b5cf3ec919561d76c6fcc5f563898962d31e330ff95ee9e
xlsr_english,suta,124,stage5ext_00498,1a03eae3701811654fd562b997c8a474b9db15da01b2c3dbe82487ef0476080aff1930c0b286ebae981fe42447c3f5ef27480999934b5bbbb8e1410266aca125,Australian English,australia,"Today, tourism is one of the major economic factors inside the city.",today tourism is one of the major economic factors inside the city,c1568d2b6e4618a42b5cf3ec919561d76c6fcc5f563898962d31e330ff95ee9e
xlsr_english,suta,124,stage5ext_00499,1a03eae3701811654fd562b997c8a474b9db15da01b2c3dbe82487ef0476080aff1930c0b286ebae981fe42447c3f5ef27480999934b5bbbb8e1410266aca125,Australian English,australia,"Last week, I went hiking in the mountains.",last week i went halking in the mounains,c1568d2b6e4618a42b5cf3ec919561d76c6fcc5f563898962d31e330ff95ee9e
xlsr_english,suta,124,stage5ext_00500,1a03eae3701811654fd562b997c8a474b9db15da01b2c3dbe82487ef0476080aff1930c0b286ebae981fe42447c3f5ef27480999934b5bbbb8e1410266aca125,Australian English,australia,The boy tried to read what was written in the sand.,the boy tried to ray but was written in the sand,c1568d2b6e4618a42b5cf3ec919561d76c6fcc5f563898962d31e330ff95ee9e
xlsr_english,suta,125,stage5ext_00501,1a03eae3701811654fd562b997c8a474b9db15da01b2c3dbe82487ef0476080aff1930c0b286ebae981fe42447c3f5ef27480999934b5bbbb8e1410266aca125,Australian English,australia,Don't hurt my sore arm again.,that hurt my sore arm again,57471aaf55f7e340d9ead5d74b11f2eb6a893c99e888f3212670bb3cc761c59d
xlsr_english,suta,125,stage5ext_00502,1a03eae3701811654fd562b997c8a474b9db15da01b2c3dbe82487ef0476080aff1930c0b286ebae981fe42447c3f5ef27480999934b5bbbb8e1410266aca125,Australian English,australia,The fluid sprayed across the foyer.,the floid sprid across the foir,57471aaf55f7e340d9ead5d74b11f2eb6a893c99e888f3212670bb3cc761c59d
xlsr_english,suta,125,stage5ext_00503,1a03eae3701811654fd562b997c8a474b9db15da01b2c3dbe82487ef0476080aff1930c0b286ebae981fe42447c3f5ef27480999934b5bbbb8e1410266aca125,Australian English,australia,Thanks for dropping around.,thanks for drop and ran,57471aaf55f7e340d9ead5d74b11f2eb6a893c99e888f3212670bb3cc761c59d
xlsr_english,suta,125,stage5ext_00504,1a03eae3701811654fd562b997c8a474b9db15da01b2c3dbe82487ef0476080aff1930c0b286ebae981fe42447c3f5ef27480999934b5bbbb8e1410266aca125,Australian English,australia,The frog had no chance to escape.,the frog had no chance to escape,57471aaf55f7e340d9ead5d74b11f2eb6a893c99e888f3212670bb3cc761c59d
xlsr_english,suta,126,stage5ext_00505,1a03eae3701811654fd562b997c8a474b9db15da01b2c3dbe82487ef0476080aff1930c0b286ebae981fe42447c3f5ef27480999934b5bbbb8e1410266aca125,Australian English,australia,She likes you well enough to stick around.,she locks you well enough to stick around,b1e4e5873e172bedca6522ccca7282a4fa77fe73679aed7210e0046b4ea6e952
xlsr_english,suta,126,stage5ext_00506,1a03eae3701811654fd562b997c8a474b9db15da01b2c3dbe82487ef0476080aff1930c0b286ebae981fe42447c3f5ef27480999934b5bbbb8e1410266aca125,Australian English,australia,The shower curtain is beige and white.,the shercon is bage and white,b1e4e5873e172bedca6522ccca7282a4fa77fe73679aed7210e0046b4ea6e952
xlsr_english,suta,126,stage5ext_00507,1a03eae3701811654fd562b997c8a474b9db15da01b2c3dbe82487ef0476080aff1930c0b286ebae981fe42447c3f5ef27480999934b5bbbb8e1410266aca125,Australian English,australia,"Everyone, when they are young, knows what their destiny is.",everyone when they are young knows what their destiny es,b1e4e5873e172bedca6522ccca7282a4fa77fe73679aed7210e0046b4ea6e952
xlsr_english,suta,126,stage5ext_00508,1a03eae3701811654fd562b997c8a474b9db15da01b2c3dbe82487ef0476080aff1930c0b286ebae981fe42447c3f5ef27480999934b5bbbb8e1410266aca125,Australian English,australia,He didn't consider mending the hole — the stones could fall through any time they wanted.,he didnt consider mending the hole the stones could fall through any time they wanted,b1e4e5873e172bedca6522ccca7282a4fa77fe73679aed7210e0046b4ea6e952
xlsr_english,suta,127,stage5ext_00509,1a03eae3701811654fd562b997c8a474b9db15da01b2c3dbe82487ef0476080aff1930c0b286ebae981fe42447c3f5ef27480999934b5bbbb8e1410266aca125,Australian English,australia,Add shweta mohan to my laundry playlist,add shooter mohan to my laundry playlist,e502d742e4fa5c443bb665dac658b4d285c99160c102140995c22c058fd68961
xlsr_english,suta,127,stage5ext_00510,1a03eae3701811654fd562b997c8a474b9db15da01b2c3dbe82487ef0476080aff1930c0b286ebae981fe42447c3f5ef27480999934b5bbbb8e1410266aca125,Australian English,australia,I'm still having trouble with baking.,im still having trouble with biking,e502d742e4fa5c443bb665dac658b4d285c99160c102140995c22c058fd68961
xlsr_english,suta,127,stage5ext_00511,3935c83996bc79d7abc50adc36392f9a2fd97df405c02b2321332068d1f235f816f68c7b84d0c3b80073933b9f6ab6f5b2d06f204e4bacdd8623e31009f1b83c,Australian English,australia,The mantra itself is also called Simran.,the mentra itself is also called simron,e502d742e4fa5c443bb665dac658b4d285c99160c102140995c22c058fd68961
xlsr_english,suta,127,stage5ext_00512,3935c83996bc79d7abc50adc36392f9a2fd97df405c02b2321332068d1f235f816f68c7b84d0c3b80073933b9f6ab6f5b2d06f204e4bacdd8623e31009f1b83c,Australian English,australia,"Throughout college, Edwards moonlighted, playing jazz piano for late night radio and music shows.",throughout college edwards moonlighted playing jass piano for latenight radio and music shows,e502d742e4fa5c443bb665dac658b4d285c99160c102140995c22c058fd68961
xlsr_english,suta,128,stage5ext_00513,3935c83996bc79d7abc50adc36392f9a2fd97df405c02b2321332068d1f235f816f68c7b84d0c3b80073933b9f6ab6f5b2d06f204e4bacdd8623e31009f1b83c,Australian English,australia,Over this period the paper grew and began to cover additional market sectors.,over this period the paper grew and began to cover additional markets sectors,b73047fcd60f0f9427048c96c0eb319d6fa820ef80a615d236418e554c970e05
xlsr_english,suta,128,stage5ext_00514,3935c83996bc79d7abc50adc36392f9a2fd97df405c02b2321332068d1f235f816f68c7b84d0c3b80073933b9f6ab6f5b2d06f204e4bacdd8623e31009f1b83c,Australian English,australia,"His long, narrow face was dominated by a big nose.",his lan narrow face was dominated by a big nuze,b73047fcd60f0f9427048c96c0eb319d6fa820ef80a615d236418e554c970e05
xlsr_english,suta,128,stage5ext_00515,3935c83996bc79d7abc50adc36392f9a2fd97df405c02b2321332068d1f235f816f68c7b84d0c3b80073933b9f6ab6f5b2d06f204e4bacdd8623e31009f1b83c,Australian English,australia,"This has most commonly been interpreted as a rendition of ""Now Strike"".",this has most commonly been interpreted as a rendetion of nelstrike,b73047fcd60f0f9427048c96c0eb319d6fa820ef80a615d236418e554c970e05
xlsr_english,suta,128,stage5ext_00516,3935c83996bc79d7abc50adc36392f9a2fd97df405c02b2321332068d1f235f816f68c7b84d0c3b80073933b9f6ab6f5b2d06f204e4bacdd8623e31009f1b83c,Australian English,australia,The capital of the province is Llica.,the capital of the province is lirka,b73047fcd60f0f9427048c96c0eb319d6fa820ef80a615d236418e554c970e05
xlsr_english,suta,129,stage5ext_00517,3935c83996bc79d7abc50adc36392f9a2fd97df405c02b2321332068d1f235f816f68c7b84d0c3b80073933b9f6ab6f5b2d06f204e4bacdd8623e31009f1b83c,Australian English,australia,Children from this township attend schools in the Blue Mountain School District.,children from this township attend schools in the blue mountain school district,12e284b1cba748b3246e0ed0497a9e4673197464f298027379d5827a76de3295
xlsr_english,suta,129,stage5ext_00518,3935c83996bc79d7abc50adc36392f9a2fd97df405c02b2321332068d1f235f816f68c7b84d0c3b80073933b9f6ab6f5b2d06f204e4bacdd8623e31009f1b83c,Australian English,australia,The band's lineup would then remain unchanged through their next two albums.,the band's lineup would then remain untraned to their next two albums,12e284b1cba748b3246e0ed0497a9e4673197464f298027379d5827a76de3295
xlsr_english,suta,129,stage5ext_00519,3935c83996bc79d7abc50adc36392f9a2fd97df405c02b2321332068d1f235f816f68c7b84d0c3b80073933b9f6ab6f5b2d06f204e4bacdd8623e31009f1b83c,Australian English,australia,A user application may render the image into a viewport.,a usual application may render the image into a viewpot,12e284b1cba748b3246e0ed0497a9e4673197464f298027379d5827a76de3295
xlsr_english,suta,129,stage5ext_00520,3935c83996bc79d7abc50adc36392f9a2fd97df405c02b2321332068d1f235f816f68c7b84d0c3b80073933b9f6ab6f5b2d06f204e4bacdd8623e31009f1b83c,Australian English,australia,Jimmy Fortune also sometimes tours with Dailey and Vincent.,jimmy fortune also sometimes turs with daly and vincent,12e284b1cba748b3246e0ed0497a9e4673197464f298027379d5827a76de3295
xlsr_english,suta,130,stage5ext_00521,3935c83996bc79d7abc50adc36392f9a2fd97df405c02b2321332068d1f235f816f68c7b84d0c3b80073933b9f6ab6f5b2d06f204e4bacdd8623e31009f1b83c,Australian English,australia,The play was revived in London eight times during his life.,the play was revived in london eight times during his life,3eb8a305dff400ae412f148adf49d66b94d91a743d1f6db2b4307f4dace05673
xlsr_english,suta,130,stage5ext_00522,3935c83996bc79d7abc50adc36392f9a2fd97df405c02b2321332068d1f235f816f68c7b84d0c3b80073933b9f6ab6f5b2d06f204e4bacdd8623e31009f1b83c,Australian English,australia,Following the outbreak of the Second Boer War he was posted to South Africa.,following the outbreak of the second borl war he was posted to south africa,3eb8a305dff400ae412f148adf49d66b94d91a743d1f6db2b4307f4dace05673
xlsr_english,suta,130,stage5ext_00523,3935c83996bc79d7abc50adc36392f9a2fd97df405c02b2321332068d1f235f816f68c7b84d0c3b80073933b9f6ab6f5b2d06f204e4bacdd8623e31009f1b83c,Australian English,australia,It is a popular spot for surfing and swimming.,it is a popular spot for surfing and swomen,3eb8a305dff400ae412f148adf49d66b94d91a743d1f6db2b4307f4dace05673
xlsr_english,suta,130,stage5ext_00524,3935c83996bc79d7abc50adc36392f9a2fd97df405c02b2321332068d1f235f816f68c7b84d0c3b80073933b9f6ab6f5b2d06f204e4bacdd8623e31009f1b83c,Australian English,australia,Dylan apparently disliked this.,gillen apparently disliked this,3eb8a305dff400ae412f148adf49d66b94d91a743d1f6db2b4307f4dace05673
xlsr_english,suta,131,stage5ext_00525,3935c83996bc79d7abc50adc36392f9a2fd97df405c02b2321332068d1f235f816f68c7b84d0c3b80073933b9f6ab6f5b2d06f204e4bacdd8623e31009f1b83c,Australian English,australia,Her heart-shaped gravestone is visible from the road.,her hard-shaped gravestone is visible from the road,d21d4a39e5bea3660adc850994b755e672895f4f53de9beb462fc6bfb80662ab
xlsr_english,suta,131,stage5ext_00526,92fa0173d8a52067542a43504a23d6adbcf1f55271ca38e9eacfa6f751199a9bb7ed840cebadc1a745b2c605ec99dcfae954c709b8c345afbcb08ce46e100b4d,Australian English,australia,"Bushnell was born in Saint Paul, Minnesota and raised in Los Angeles, California.",bushnel was born in saint paul minnesota and raised in los angeles california,d21d4a39e5bea3660adc850994b755e672895f4f53de9beb462fc6bfb80662ab
xlsr_english,suta,131,stage5ext_00527,92fa0173d8a52067542a43504a23d6adbcf1f55271ca38e9eacfa6f751199a9bb7ed840cebadc1a745b2c605ec99dcfae954c709b8c345afbcb08ce46e100b4d,Australian English,australia,The show is based on noughts and crosses.,the show is based on norts and crosses,d21d4a39e5bea3660adc850994b755e672895f4f53de9beb462fc6bfb80662ab
xlsr_english,suta,131,stage5ext_00528,92fa0173d8a52067542a43504a23d6adbcf1f55271ca38e9eacfa6f751199a9bb7ed840cebadc1a745b2c605ec99dcfae954c709b8c345afbcb08ce46e100b4d,Australian English,australia,"There are also useful concepts of regular monomorphism, strong monomorphism, and extremal monomorphism.",there are also useful concepts of regular onomorphism strong monomorphism and extremomonomorphism,d21d4a39e5bea3660adc850994b755e672895f4f53de9beb462fc6bfb80662ab
xlsr_english,suta,132,stage5ext_00529,92fa0173d8a52067542a43504a23d6adbcf1f55271ca38e9eacfa6f751199a9bb7ed840cebadc1a745b2c605ec99dcfae954c709b8c345afbcb08ce46e100b4d,Australian English,australia,A little glass in a transept window is older still.,a little glass in a transcipt window is older still,5088991cc44169f749a9f332d0d0e295b2a05cb42c90f05035bf62f9470cd717
xlsr_english,suta,132,stage5ext_00530,92fa0173d8a52067542a43504a23d6adbcf1f55271ca38e9eacfa6f751199a9bb7ed840cebadc1a745b2c605ec99dcfae954c709b8c345afbcb08ce46e100b4d,Australian English,australia,For a small monthly fee the establishment will also wash one's mug.,for small monthly feed establishment will also wash ones mug,5088991cc44169f749a9f332d0d0e295b2a05cb42c90f05035bf62f9470cd717
xlsr_english,suta,132,stage5ext_00531,92fa0173d8a52067542a43504a23d6adbcf1f55271ca38e9eacfa6f751199a9bb7ed840cebadc1a745b2c605ec99dcfae954c709b8c345afbcb08ce46e100b4d,Australian English,australia,"Evidently there is no treasure, so Taran and the ruffian are soon at swordpoint.",evidently there is no treasure sir taran in ruffian ar soon at soald point,5088991cc44169f749a9f332d0d0e295b2a05cb42c90f05035bf62f9470cd717
xlsr_english,suta,132,stage5ext_00532,92fa0173d8a52067542a43504a23d6adbcf1f55271ca38e9eacfa6f751199a9bb7ed840cebadc1a745b2c605ec99dcfae954c709b8c345afbcb08ce46e100b4d,Australian English,australia,Its user interface and functionality is similar to Microsoft Outlook.,its user interface an functionality is similar to the microsoft outlook,5088991cc44169f749a9f332d0d0e295b2a05cb42c90f05035bf62f9470cd717
xlsr_english,suta,133,stage5ext_00533,92fa0173d8a52067542a43504a23d6adbcf1f55271ca38e9eacfa6f751199a9bb7ed840cebadc1a745b2c605ec99dcfae954c709b8c345afbcb08ce46e100b4d,Australian English,australia,It is famous for its mudbrick-made high-rise buildings.,it is famous for ids muntbrick maide highrive buildings,5416208f1cc2971d6aed348b1f005e97520ac9153ead40f61b959765edafa2fc
xlsr_english,suta,133,stage5ext_00534,92fa0173d8a52067542a43504a23d6adbcf1f55271ca38e9eacfa6f751199a9bb7ed840cebadc1a745b2c605ec99dcfae954c709b8c345afbcb08ce46e100b4d,Australian English,australia,"Not all of the ""Heritage Minutes"" episodes have actually aired.",not all of the heritage minutes episodes have actually aired,5416208f1cc2971d6aed348b1f005e97520ac9153ead40f61b959765edafa2fc
xlsr_english,suta,133,stage5ext_00535,92fa0173d8a52067542a43504a23d6adbcf1f55271ca38e9eacfa6f751199a9bb7ed840cebadc1a745b2c605ec99dcfae954c709b8c345afbcb08ce46e100b4d,Australian English,australia,He later lived in the British West Indies.,he later lived in the british west indies,5416208f1cc2971d6aed348b1f005e97520ac9153ead40f61b959765edafa2fc
xlsr_english,suta,133,stage5ext_00536,92fa0173d8a52067542a43504a23d6adbcf1f55271ca38e9eacfa6f751199a9bb7ed840cebadc1a745b2c605ec99dcfae954c709b8c345afbcb08ce46e100b4d,Australian English,australia,The two company branches issued combined trade catalogs.,the two company branches issued combined trade catalogs,5416208f1cc2971d6aed348b1f005e97520ac9153ead40f61b959765edafa2fc
xlsr_english,suta,134,stage5ext_00537,92fa0173d8a52067542a43504a23d6adbcf1f55271ca38e9eacfa6f751199a9bb7ed840cebadc1a745b2c605ec99dcfae954c709b8c345afbcb08ce46e100b4d,Australian English,australia,Whitebirk is part of the Blackburn urban area.,whiteberk is part of the blackburn urban area,b1110ddf69212c9ddd81edaf73fcfdb9729a29ed21e8ae1fb4e3f0c189307fce
xlsr_english,suta,134,stage5ext_00538,92fa0173d8a52067542a43504a23d6adbcf1f55271ca38e9eacfa6f751199a9bb7ed840cebadc1a745b2c605ec99dcfae954c709b8c345afbcb08ce46e100b4d,Australian English,australia,"One of the most famous ""novelty shows"" is the World's Ugliest Dog Contest.",one of thei most famous novety shows is the world's uccleastok contest,b1110ddf69212c9ddd81edaf73fcfdb9729a29ed21e8ae1fb4e3f0c189307fce
xlsr_english,suta,134,stage5ext_00539,92fa0173d8a52067542a43504a23d6adbcf1f55271ca38e9eacfa6f751199a9bb7ed840cebadc1a745b2c605ec99dcfae954c709b8c345afbcb08ce46e100b4d,Australian English,australia,The town is named after the island of Elba.,the town is named after the island of elba,b1110ddf69212c9ddd81edaf73fcfdb9729a29ed21e8ae1fb4e3f0c189307fce
xlsr_english,suta,134,stage5ext_00540,92fa0173d8a52067542a43504a23d6adbcf1f55271ca38e9eacfa6f751199a9bb7ed840cebadc1a745b2c605ec99dcfae954c709b8c345afbcb08ce46e100b4d,Australian English,australia,Later its coverage was expanded to cover political news.,later its coverage were expanded to cover political news,b1110ddf69212c9ddd81edaf73fcfdb9729a29ed21e8ae1fb4e3f0c189307fce
xlsr_english,suta,135,stage5ext_00541,7f29ce6531f159f514ccb46caa1535f1687740b13a60c3f3ac15d8462984c71b2c5747d5f67692081b7e7de330d1ded32b09bc1693c0a26c8189132bf2c48888,Australian English,australia,"For example, instead of editing Google Maps, consider contributing to OpenStreetMap.",for example instead of editing gogle maps consider contributing to open street map,d9c23e013d63281720034d3267874dae1915d0fc142e858fb36b0d8c037cb25a
xlsr_english,suta,135,stage5ext_00542,7f29ce6531f159f514ccb46caa1535f1687740b13a60c3f3ac15d8462984c71b2c5747d5f67692081b7e7de330d1ded32b09bc1693c0a26c8189132bf2c48888,Australian English,australia,What is it you want to research?,what is it you want to research,d9c23e013d63281720034d3267874dae1915d0fc142e858fb36b0d8c037cb25a
xlsr_english,suta,135,stage5ext_00543,7f29ce6531f159f514ccb46caa1535f1687740b13a60c3f3ac15d8462984c71b2c5747d5f67692081b7e7de330d1ded32b09bc1693c0a26c8189132bf2c48888,Australian English,australia,"Well, the merry-go-round wasn't exactly spectacular.",well the murgo round wasn't exactly spectacular,d9c23e013d63281720034d3267874dae1915d0fc142e858fb36b0d8c037cb25a
xlsr_english,suta,135,stage5ext_00544,7f29ce6531f159f514ccb46caa1535f1687740b13a60c3f3ac15d8462984c71b2c5747d5f67692081b7e7de330d1ded32b09bc1693c0a26c8189132bf2c48888,Australian English,australia,What is the meaning of this?,what is the meaning of this,d9c23e013d63281720034d3267874dae1915d0fc142e858fb36b0d8c037cb25a
xlsr_english,suta,136,stage5ext_00545,7f29ce6531f159f514ccb46caa1535f1687740b13a60c3f3ac15d8462984c71b2c5747d5f67692081b7e7de330d1ded32b09bc1693c0a26c8189132bf2c48888,Australian English,australia,"The flag is red, blue, and yellow.",the flag is red blue and yellow,2f93f8b79688c5d04242c580e7f7bb01cc5ad4c82378cb4139d95f2d7cae358e
xlsr_english,suta,136,stage5ext_00546,7f29ce6531f159f514ccb46caa1535f1687740b13a60c3f3ac15d8462984c71b2c5747d5f67692081b7e7de330d1ded32b09bc1693c0a26c8189132bf2c48888,Australian English,australia,What are the facts?,what are the fats,2f93f8b79688c5d04242c580e7f7bb01cc5ad4c82378cb4139d95f2d7cae358e
xlsr_english,suta,136,stage5ext_00547,7f29ce6531f159f514ccb46caa1535f1687740b13a60c3f3ac15d8462984c71b2c5747d5f67692081b7e7de330d1ded32b09bc1693c0a26c8189132bf2c48888,Australian English,australia,"I've brought you some cheese, because I know you love cheese.",iv brought you some chees cas i know you love chees,2f93f8b79688c5d04242c580e7f7bb01cc5ad4c82378cb4139d95f2d7cae358e
xlsr_english,suta,136,stage5ext_00548,7f29ce6531f159f514ccb46caa1535f1687740b13a60c3f3ac15d8462984c71b2c5747d5f67692081b7e7de330d1ded32b09bc1693c0a26c8189132bf2c48888,Australian English,australia,How did you get it?,how did you get it,2f93f8b79688c5d04242c580e7f7bb01cc5ad4c82378cb4139d95f2d7cae358e
xlsr_english,suta,137,stage5ext_00549,7f29ce6531f159f514ccb46caa1535f1687740b13a60c3f3ac15d8462984c71b2c5747d5f67692081b7e7de330d1ded32b09bc1693c0a26c8189132bf2c48888,Australian English,australia,"He was something of a sickly child by all accounts, never made it past his fourth birthday.",he was something of a sickly child by ortlecount never made it past his fourth birthday,6d10d13af9a791fac1a40a8bd57482ac5d397ef1f132c8e56ba6f01abd42d41b
xlsr_english,suta,137,stage5ext_00550,7f29ce6531f159f514ccb46caa1535f1687740b13a60c3f3ac15d8462984c71b2c5747d5f67692081b7e7de330d1ded32b09bc1693c0a26c8189132bf2c48888,Australian English,australia,Under what circumstances might you be persuaded to provide us with passes?,under what circumstances might you be persuaded to provide us with passes,6d10d13af9a791fac1a40a8bd57482ac5d397ef1f132c8e56ba6f01abd42d41b
xlsr_english,suta,137,stage5ext_00551,7f29ce6531f159f514ccb46caa1535f1687740b13a60c3f3ac15d8462984c71b2c5747d5f67692081b7e7de330d1ded32b09bc1693c0a26c8189132bf2c48888,Australian English,australia,"They found all sorts of drugs at Howard's house: Cocaine, meth, heroine...",they found all sorts of drugs at howards house cocane meth heroin,6d10d13af9a791fac1a40a8bd57482ac5d397ef1f132c8e56ba6f01abd42d41b
xlsr_english,suta,137,stage5ext_00552,7f29ce6531f159f514ccb46caa1535f1687740b13a60c3f3ac15d8462984c71b2c5747d5f67692081b7e7de330d1ded32b09bc1693c0a26c8189132bf2c48888,Australian English,australia,"Kidneys are transplanted often, because every healthy person has two of them.",kidneys are transplanted often because every healthy person is tourd them,6d10d13af9a791fac1a40a8bd57482ac5d397ef1f132c8e56ba6f01abd42d41b
xlsr_english,suta,138,stage5ext_00553,7f29ce6531f159f514ccb46caa1535f1687740b13a60c3f3ac15d8462984c71b2c5747d5f67692081b7e7de330d1ded32b09bc1693c0a26c8189132bf2c48888,Australian English,australia,"A trill, or shake A triplet.",a trill or sacred frip plod,c9559fede0d57af0bccd98d2bf5022c9b300f265143852e4343a526bee0c96c2
xlsr_english,suta,138,stage5ext_00554,7f29ce6531f159f514ccb46caa1535f1687740b13a60c3f3ac15d8462984c71b2c5747d5f67692081b7e7de330d1ded32b09bc1693c0a26c8189132bf2c48888,Australian English,australia,"Four doors lead from the landing into two bedrooms, a closet, and a small, but functional bathroom.",four doors lead from the landing into two bedrooms a closet and a small but functional bathroom,c9559fede0d57af0bccd98d2bf5022c9b300f265143852e4343a526bee0c96c2
xlsr_english,suta,138,stage5ext_00555,7f29ce6531f159f514ccb46caa1535f1687740b13a60c3f3ac15d8462984c71b2c5747d5f67692081b7e7de330d1ded32b09bc1693c0a26c8189132bf2c48888,Australian English,australia,Why did you do it?,why did you do it,c9559fede0d57af0bccd98d2bf5022c9b300f265143852e4343a526bee0c96c2
xlsr_english,suta,138,stage5ext_00556,243c0d90f6145edce7803731bbd3baff7cb887a5290c10c1c5897e24248e249752883be23dbe58e59668ad96307fa0666e76dde82a2dd55ac2c624acbdb1d919,Australian English,australia,Perhaps she forgot all about it.,perhaps she forgot all about it,c9559fede0d57af0bccd98d2bf5022c9b300f265143852e4343a526bee0c96c2
xlsr_english,suta,139,stage5ext_00557,243c0d90f6145edce7803731bbd3baff7cb887a5290c10c1c5897e24248e249752883be23dbe58e59668ad96307fa0666e76dde82a2dd55ac2c624acbdb1d919,Australian English,australia,I would if I thought I'd hear anything worth listening to.,i would if it thought i sear anything voce litenarystom,b9903cddf9163bd79031d22fe3e82ca86f1e92e12bd47dfd9a937c2a74672b04
xlsr_english,suta,139,stage5ext_00558,243c0d90f6145edce7803731bbd3baff7cb887a5290c10c1c5897e24248e249752883be23dbe58e59668ad96307fa0666e76dde82a2dd55ac2c624acbdb1d919,Australian English,australia,In that case I'll ask the two executive officers to withdraw.,in that case ill ask the two executive officers to withdraw,b9903cddf9163bd79031d22fe3e82ca86f1e92e12bd47dfd9a937c2a74672b04
xlsr_english,suta,139,stage5ext_00559,243c0d90f6145edce7803731bbd3baff7cb887a5290c10c1c5897e24248e249752883be23dbe58e59668ad96307fa0666e76dde82a2dd55ac2c624acbdb1d919,Australian English,australia,I'm everything the District Attorney said I was.,im everything the district attorney said i was,b9903cddf9163bd79031d22fe3e82ca86f1e92e12bd47dfd9a937c2a74672b04
xlsr_english,suta,139,stage5ext_00560,243c0d90f6145edce7803731bbd3baff7cb887a5290c10c1c5897e24248e249752883be23dbe58e59668ad96307fa0666e76dde82a2dd55ac2c624acbdb1d919,Australian English,australia,I don't want Mrs. Douglas.,i dont want ms douglas,b9903cddf9163bd79031d22fe3e82ca86f1e92e12bd47dfd9a937c2a74672b04
xlsr_english,suta,140,stage5ext_00561,243c0d90f6145edce7803731bbd3baff7cb887a5290c10c1c5897e24248e249752883be23dbe58e59668ad96307fa0666e76dde82a2dd55ac2c624acbdb1d919,Australian English,australia,What's the idea here?,whats the idea here,59d4dbe60e0fdfb92be71ea732ed2cdfe73272c4ab4e67534dfe485baf3e2798
xlsr_english,suta,140,stage5ext_00562,243c0d90f6145edce7803731bbd3baff7cb887a5290c10c1c5897e24248e249752883be23dbe58e59668ad96307fa0666e76dde82a2dd55ac2c624acbdb1d919,Australian English,australia,I've suddenly become quite important.,i surdenly become quite important,59d4dbe60e0fdfb92be71ea732ed2cdfe73272c4ab4e67534dfe485baf3e2798
xlsr_english,suta,140,stage5ext_00563,243c0d90f6145edce7803731bbd3baff7cb887a5290c10c1c5897e24248e249752883be23dbe58e59668ad96307fa0666e76dde82a2dd55ac2c624acbdb1d919,Australian English,australia,There's nothing more we can do tonight.,ete's nothing more we can do tonight,59d4dbe60e0fdfb92be71ea732ed2cdfe73272c4ab4e67534dfe485baf3e2798
xlsr_english,suta,140,stage5ext_00564,243c0d90f6145edce7803731bbd3baff7cb887a5290c10c1c5897e24248e249752883be23dbe58e59668ad96307fa0666e76dde82a2dd55ac2c624acbdb1d919,Australian English,australia,A sight for sore eyes.,the site for flear eyes,59d4dbe60e0fdfb92be71ea732ed2cdfe73272c4ab4e67534dfe485baf3e2798
xlsr_english,suta,141,stage5ext_00565,243c0d90f6145edce7803731bbd3baff7cb887a5290c10c1c5897e24248e249752883be23dbe58e59668ad96307fa0666e76dde82a2dd55ac2c624acbdb1d919,Australian English,australia,She had pneumonia once.,she kept no mon yo ont,2ab5aa01497520a05dad114ea4b169b940aed5df0c5b096df3983fbae8b5e031
xlsr_english,suta,141,stage5ext_00566,243c0d90f6145edce7803731bbd3baff7cb887a5290c10c1c5897e24248e249752883be23dbe58e59668ad96307fa0666e76dde82a2dd55ac2c624acbdb1d919,Australian English,australia,We returned to the cemetery.,he returned to the cemetery,2ab5aa01497520a05dad114ea4b169b940aed5df0c5b096df3983fbae8b5e031
xlsr_english,suta,141,stage5ext_00567,243c0d90f6145edce7803731bbd3baff7cb887a5290c10c1c5897e24248e249752883be23dbe58e59668ad96307fa0666e76dde82a2dd55ac2c624acbdb1d919,Australian English,australia,I'd like to think.,id like to think,2ab5aa01497520a05dad114ea4b169b940aed5df0c5b096df3983fbae8b5e031
xlsr_english,suta,141,stage5ext_00568,243c0d90f6145edce7803731bbd3baff7cb887a5290c10c1c5897e24248e249752883be23dbe58e59668ad96307fa0666e76dde82a2dd55ac2c624acbdb1d919,Australian English,australia,Your mother and I talked it over half the night.,your mother and i talk it over half to night,2ab5aa01497520a05dad114ea4b169b940aed5df0c5b096df3983fbae8b5e031
xlsr_english,suta,142,stage5ext_00569,243c0d90f6145edce7803731bbd3baff7cb887a5290c10c1c5897e24248e249752883be23dbe58e59668ad96307fa0666e76dde82a2dd55ac2c624acbdb1d919,Australian English,australia,We must get some of that serum as soon as possible.,do must get some of declaring as beag as possible,58aa8d573decd61574b4de295cb59f2394aa94d0dfe7acffe371164c0cc57541
xlsr_english,suta,142,stage5ext_00570,243c0d90f6145edce7803731bbd3baff7cb887a5290c10c1c5897e24248e249752883be23dbe58e59668ad96307fa0666e76dde82a2dd55ac2c624acbdb1d919,Australian English,australia,She'll be waiting for you in Albany.,toull be rating for you in albany,58aa8d573decd61574b4de295cb59f2394aa94d0dfe7acffe371164c0cc57541
xlsr_english,suta,142,stage5ext_00571,0acf313028bfe2af57b429c11e66463848b29afaa619fcfb0eea753f8ba9c63862e2c106975c0e70bde12809fc2422731691839c34fe911de22051dd732876d2,Australian English,australia,It seemed to him that it fell to earth about one hundred miles east of here.,it seemed to him that it fell to earth about one hundred miles east of here,58aa8d573decd61574b4de295cb59f2394aa94d0dfe7acffe371164c0cc57541
xlsr_english,suta,142,stage5ext_00572,0acf313028bfe2af57b429c11e66463848b29afaa619fcfb0eea753f8ba9c63862e2c106975c0e70bde12809fc2422731691839c34fe911de22051dd732876d2,Australian English,australia,'m all about those invisible cosmic connections that transcend time and distance.,im all about those invisible cosmic connections that transcend time and distance,58aa8d573decd61574b4de295cb59f2394aa94d0dfe7acffe371164c0cc57541
xlsr_english,suta,143,stage5ext_00573,0acf313028bfe2af57b429c11e66463848b29afaa619fcfb0eea753f8ba9c63862e2c106975c0e70bde12809fc2422731691839c34fe911de22051dd732876d2,Australian English,australia,And one or two persons were returning.,and one or two persons were returning,c1e361a976e5353e4d3b1dbf5ed252f2cc10a8c3aca824a86ac38a09ea8c559b
xlsr_english,suta,143,stage5ext_00574,0acf313028bfe2af57b429c11e66463848b29afaa619fcfb0eea753f8ba9c63862e2c106975c0e70bde12809fc2422731691839c34fe911de22051dd732876d2,Australian English,australia,Even then he hardly understood what this meant.,even then he hardly understood what this meant,c1e361a976e5353e4d3b1dbf5ed252f2cc10a8c3aca824a86ac38a09ea8c559b
xlsr_english,suta,143,stage5ext_00575,0acf313028bfe2af57b429c11e66463848b29afaa619fcfb0eea753f8ba9c63862e2c106975c0e70bde12809fc2422731691839c34fe911de22051dd732876d2,Australian English,australia,He heard a muffled grating sound and saw the black mark jerk forward an inch or so.,he heard a muffled grating sound and saw the blackmark jerk forward an inch or sow,c1e361a976e5353e4d3b1dbf5ed252f2cc10a8c3aca824a86ac38a09ea8c559b
xlsr_english,suta,143,stage5ext_00576,0acf313028bfe2af57b429c11e66463848b29afaa619fcfb0eea753f8ba9c63862e2c106975c0e70bde12809fc2422731691839c34fe911de22051dd732876d2,Australian English,australia,Hundreds of observers saw the flame that night and the night after.,hundreds of observers saw the flame that night and the night after,c1e361a976e5353e4d3b1dbf5ed252f2cc10a8c3aca824a86ac38a09ea8c559b
xlsr_english,suta,144,stage5ext_00577,0acf313028bfe2af57b429c11e66463848b29afaa619fcfb0eea753f8ba9c63862e2c106975c0e70bde12809fc2422731691839c34fe911de22051dd732876d2,Australian English,australia,I was impatient to see it opened.,i was impatient to see it opened,f616c76f2750db66c6720067f3849a52c99888d89ff686031715084e9ba9ffaa
xlsr_english,suta,144,stage5ext_00578,0acf313028bfe2af57b429c11e66463848b29afaa619fcfb0eea753f8ba9c63862e2c106975c0e70bde12809fc2422731691839c34fe911de22051dd732876d2,Australian English,australia,My mind ran on the possibilities of its content.,my mind ran on the possibilities of its content,f616c76f2750db66c6720067f3849a52c99888d89ff686031715084e9ba9ffaa
xlsr_english,suta,144,stage5ext_00579,0acf313028bfe2af57b429c11e66463848b29afaa619fcfb0eea753f8ba9c63862e2c106975c0e70bde12809fc2422731691839c34fe911de22051dd732876d2,Australian English,australia,Some of those who saw its flight say it travelled with a hissing sound.,some of those who saw its flight say it traveled with a hissing sound,f616c76f2750db66c6720067f3849a52c99888d89ff686031715084e9ba9ffaa
xlsr_english,suta,144,stage5ext_00580,0acf313028bfe2af57b429c11e66463848b29afaa619fcfb0eea753f8ba9c63862e2c106975c0e70bde12809fc2422731691839c34fe911de22051dd732876d2,Australian English,australia,"You don't have to be rich, skinny, popular, or even own a cape to perform a random act of kindness.",you dont have to be rich skiny popular even own a cape to perform random active kindness,f616c76f2750db66c6720067f3849a52c99888d89ff686031715084e9ba9ffaa
xlsr_english,suta,145,stage5ext_00581,0acf313028bfe2af57b429c11e66463848b29afaa619fcfb0eea753f8ba9c63862e2c106975c0e70bde12809fc2422731691839c34fe911de22051dd732876d2,Australian English,australia,I had seen all that it would presently bring me.,i had seen all that it would presently bring me,626b604d4345b0077431472b936686e8634a89dddc5214afac754b4592554679
xlsr_english,suta,145,stage5ext_00582,0acf313028bfe2af57b429c11e66463848b29afaa619fcfb0eea753f8ba9c63862e2c106975c0e70bde12809fc2422731691839c34fe911de22051dd732876d2,Australian English,australia,The time must have been somewhere around six o'clock.,the time must have been somewhere around six oclock,626b604d4345b0077431472b936686e8634a89dddc5214afac754b4592554679
xlsr_english,suta,145,stage5ext_00583,0acf313028bfe2af57b429c11e66463848b29afaa619fcfb0eea753f8ba9c63862e2c106975c0e70bde12809fc2422731691839c34fe911de22051dd732876d2,Australian English,australia,We lit the lantern and walked over to his house.,we lit the lantern and walked over to his house,626b604d4345b0077431472b936686e8634a89dddc5214afac754b4592554679
xlsr_english,suta,145,stage5ext_00584,0acf313028bfe2af57b429c11e66463848b29afaa619fcfb0eea753f8ba9c63862e2c106975c0e70bde12809fc2422731691839c34fe911de22051dd732876d2,Australian English,australia,"If you start your emails with ""Greetings"" let me be the first to welcome you to Earth.",if you start your emails with greetings let me be the first to welcome you to earth,626b604d4345b0077431472b936686e8634a89dddc5214afac754b4592554679
xlsr_english,suta,146,stage5ext_00585,0acf313028bfe2af57b429c11e66463848b29afaa619fcfb0eea753f8ba9c63862e2c106975c0e70bde12809fc2422731691839c34fe911de22051dd732876d2,Australian English,australia,Scattered groups of people were hurrying from the direction of Woking.,scattered groups of people were hurrying from the direction of walking,b7d81870d074910bfc122f66484c328ed7681b25d2eed0601d6f10856b9b15df
xlsr_english,suta,146,stage5ext_00586,771662210642ca9e2f17135f7a66db7f250f7f7bc6d9b3e3475b19d375389bcf6d1979c9a58a21cc866543ad80ab0e9641158290b7f6a9e1d0aad1635c730ab4,Australian English,australia,"Wakehurst asked the Treasurer, Alexander Mair, to form a government.",waurst asked the treasurer alexander may to form a government,b7d81870d074910bfc122f66484c328ed7681b25d2eed0601d6f10856b9b15df
xlsr_english,suta,146,stage5ext_00587,771662210642ca9e2f17135f7a66db7f250f7f7bc6d9b3e3475b19d375389bcf6d1979c9a58a21cc866543ad80ab0e9641158290b7f6a9e1d0aad1635c730ab4,Australian English,australia,"Translated, it means ""revolving hands"", ""rotating palms"", or ""turning palms.",translated it means revolving hands rotating palms or turning palms,b7d81870d074910bfc122f66484c328ed7681b25d2eed0601d6f10856b9b15df
xlsr_english,suta,146,stage5ext_00588,771662210642ca9e2f17135f7a66db7f250f7f7bc6d9b3e3475b19d375389bcf6d1979c9a58a21cc866543ad80ab0e9641158290b7f6a9e1d0aad1635c730ab4,Australian English,australia,It still has a working blacksmith's shop.,it still has a working blacksmiths shop,b7d81870d074910bfc122f66484c328ed7681b25d2eed0601d6f10856b9b15df
xlsr_english,suta,147,stage5ext_00589,771662210642ca9e2f17135f7a66db7f250f7f7bc6d9b3e3475b19d375389bcf6d1979c9a58a21cc866543ad80ab0e9641158290b7f6a9e1d0aad1635c730ab4,Australian English,australia,"A right-handed batsman, Carlton Baugh Snr.",right handed batsman carlton bore senior,66f1c2157db619d35e27e3d416cc3a79936cd07d404ce8c034b2b5c503e767c1
xlsr_english,suta,147,stage5ext_00590,771662210642ca9e2f17135f7a66db7f250f7f7bc6d9b3e3475b19d375389bcf6d1979c9a58a21cc866543ad80ab0e9641158290b7f6a9e1d0aad1635c730ab4,Australian English,australia,I couldn't see the linebackers.,i couldnt see the linebackers,66f1c2157db619d35e27e3d416cc3a79936cd07d404ce8c034b2b5c503e767c1
xlsr_english,suta,147,stage5ext_00591,771662210642ca9e2f17135f7a66db7f250f7f7bc6d9b3e3475b19d375389bcf6d1979c9a58a21cc866543ad80ab0e9641158290b7f6a9e1d0aad1635c730ab4,Australian English,australia,Foreign titles may be utilized as a foundation for recognition of professional licensing.,foreign titles may be utilized as a foundation for recognition of professional licensing,66f1c2157db619d35e27e3d416cc3a79936cd07d404ce8c034b2b5c503e767c1
xlsr_english,suta,147,stage5ext_00592,771662210642ca9e2f17135f7a66db7f250f7f7bc6d9b3e3475b19d375389bcf6d1979c9a58a21cc866543ad80ab0e9641158290b7f6a9e1d0aad1635c730ab4,Australian English,australia,"For information on winning strategy, see ""The Schnapsen Log"" and ""Winning Schnapsen"".",for informationon winning strategy see the shnepson log and winning schnepson,66f1c2157db619d35e27e3d416cc3a79936cd07d404ce8c034b2b5c503e767c1
xlsr_english,suta,148,stage5ext_00593,771662210642ca9e2f17135f7a66db7f250f7f7bc6d9b3e3475b19d375389bcf6d1979c9a58a21cc866543ad80ab0e9641158290b7f6a9e1d0aad1635c730ab4,Australian English,australia,The Argentinian government settled the dispute diplomatically with Israel.,the argentinian government settled the dispute diplomatically with israel,83da47df354acd51f4ce9640ddb531f0990ffd0265a2d3920f2f6b750e663d6f
xlsr_english,suta,148,stage5ext_00594,771662210642ca9e2f17135f7a66db7f250f7f7bc6d9b3e3475b19d375389bcf6d1979c9a58a21cc866543ad80ab0e9641158290b7f6a9e1d0aad1635c730ab4,Australian English,australia,So he decides to put another dog to sleep.,so he decides to put another dog to sleep,83da47df354acd51f4ce9640ddb531f0990ffd0265a2d3920f2f6b750e663d6f
xlsr_english,suta,148,stage5ext_00595,771662210642ca9e2f17135f7a66db7f250f7f7bc6d9b3e3475b19d375389bcf6d1979c9a58a21cc866543ad80ab0e9641158290b7f6a9e1d0aad1635c730ab4,Australian English,australia,"Since that time, the pavilion has been used for seasonal special events.",since that time the pavilion has been used for seasonal special events,83da47df354acd51f4ce9640ddb531f0990ffd0265a2d3920f2f6b750e663d6f
xlsr_english,suta,148,stage5ext_00596,771662210642ca9e2f17135f7a66db7f250f7f7bc6d9b3e3475b19d375389bcf6d1979c9a58a21cc866543ad80ab0e9641158290b7f6a9e1d0aad1635c730ab4,Australian English,australia,"Zaxxon spawned an arcade sequel: ""Super Zaxxon"".",zakon spawned an arcade sequel super zakon,83da47df354acd51f4ce9640ddb531f0990ffd0265a2d3920f2f6b750e663d6f
xlsr_english,suta,149,stage5ext_00597,771662210642ca9e2f17135f7a66db7f250f7f7bc6d9b3e3475b19d375389bcf6d1979c9a58a21cc866543ad80ab0e9641158290b7f6a9e1d0aad1635c730ab4,Australian English,australia,"He was a reserve officer, nervous, energetic, and enthusiastic.",he was a reserve officer nervous energetic and enthusiastic,ffe66f3a4d7acaa0be4ca535e48f5f66b500b54cc2b4c03bb30a71efc8882ca2
xlsr_english,suta,149,stage5ext_00598,771662210642ca9e2f17135f7a66db7f250f7f7bc6d9b3e3475b19d375389bcf6d1979c9a58a21cc866543ad80ab0e9641158290b7f6a9e1d0aad1635c730ab4,Australian English,australia,"Welaras are used mainly in English riding, especially in hunter classes.",gelaras are used mainly in english writing especially in hunter classes,ffe66f3a4d7acaa0be4ca535e48f5f66b500b54cc2b4c03bb30a71efc8882ca2
xlsr_english,suta,149,stage5ext_00599,771662210642ca9e2f17135f7a66db7f250f7f7bc6d9b3e3475b19d375389bcf6d1979c9a58a21cc866543ad80ab0e9641158290b7f6a9e1d0aad1635c730ab4,Australian English,australia,Tirumala will be flooded with devotes to witness this occasion.,tirimalla will be flooded with devotees to witness this occasion,ffe66f3a4d7acaa0be4ca535e48f5f66b500b54cc2b4c03bb30a71efc8882ca2
xlsr_english,suta,149,stage5ext_00600,771662210642ca9e2f17135f7a66db7f250f7f7bc6d9b3e3475b19d375389bcf6d1979c9a58a21cc866543ad80ab0e9641158290b7f6a9e1d0aad1635c730ab4,Australian English,australia,"He has also advised political organisations of various stripes, colours and nationalities.",he has also advised political organisations of various stripes colors and nationalities,ffe66f3a4d7acaa0be4ca535e48f5f66b500b54cc2b4c03bb30a71efc8882ca2
xlsr_english,suta,150,stage5ext_00601,3dadaf13c9f244c187466942367d1da68cf1ba3fd4c5a5b27614964bc19565e566d5daea151b505599991d84b7d5faf8db2afc26f992b1bb7b99004b1f5b36f7,Canadian English,canada,"Its main base was Moorabbin Airport, Melbourne.",itsmain base was murabin airport melburne,85cbdf878f4df12739546bdafb933c4918256977c4faed172a3684ec0e65fe2a
xlsr_english,suta,150,stage5ext_00602,3dadaf13c9f244c187466942367d1da68cf1ba3fd4c5a5b27614964bc19565e566d5daea151b505599991d84b7d5faf8db2afc26f992b1bb7b99004b1f5b36f7,Canadian English,canada,"Pioneer Memorial Park in Norton Saint, Leichhardt, has gardens and paths for passive recreation.",pioneer memorial park in nortern saint lechars has gardens and pasts for passive recreation,85cbdf878f4df12739546bdafb933c4918256977c4faed172a3684ec0e65fe2a
xlsr_english,suta,150,stage5ext_00603,3dadaf13c9f244c187466942367d1da68cf1ba3fd4c5a5b27614964bc19565e566d5daea151b505599991d84b7d5faf8db2afc26f992b1bb7b99004b1f5b36f7,Canadian English,canada,"Later, the costs for the scholarship ballooned substantially.",later the cost for the scholarship ballooned substantially,85cbdf878f4df12739546bdafb933c4918256977c4faed172a3684ec0e65fe2a
xlsr_english,suta,150,stage5ext_00604,3dadaf13c9f244c187466942367d1da68cf1ba3fd4c5a5b27614964bc19565e566d5daea151b505599991d84b7d5faf8db2afc26f992b1bb7b99004b1f5b36f7,Canadian English,canada,"However, fourths become important later in the opera, especially in the melodic development.",however force become important later in the opera especially in the melodic development,85cbdf878f4df12739546bdafb933c4918256977c4faed172a3684ec0e65fe2a
xlsr_english,suta,151,stage5ext_00605,3dadaf13c9f244c187466942367d1da68cf1ba3fd4c5a5b27614964bc19565e566d5daea151b505599991d84b7d5faf8db2afc26f992b1bb7b99004b1f5b36f7,Canadian English,canada,"If one server fails, client connections can be re-directed to another server.",if one server fails client connections can be redirected to another server,52f81cbe10bb0a710f9c792b164938384bc7806b0242704f14365d7784373a6d
xlsr_english,suta,151,stage5ext_00606,3dadaf13c9f244c187466942367d1da68cf1ba3fd4c5a5b27614964bc19565e566d5daea151b505599991d84b7d5faf8db2afc26f992b1bb7b99004b1f5b36f7,Canadian English,canada,Kailash taken by Martin Gray.,calosh taken by martingray,52f81cbe10bb0a710f9c792b164938384bc7806b0242704f14365d7784373a6d
xlsr_english,suta,151,stage5ext_00607,3dadaf13c9f244c187466942367d1da68cf1ba3fd4c5a5b27614964bc19565e566d5daea151b505599991d84b7d5faf8db2afc26f992b1bb7b99004b1f5b36f7,Canadian English,canada,"Geographically, it is situated in the central-most region of the state.",geographically it is situated in the centralmost region of the state,52f81cbe10bb0a710f9c792b164938384bc7806b0242704f14365d7784373a6d
xlsr_english,suta,151,stage5ext_00608,3dadaf13c9f244c187466942367d1da68cf1ba3fd4c5a5b27614964bc19565e566d5daea151b505599991d84b7d5faf8db2afc26f992b1bb7b99004b1f5b36f7,Canadian English,canada,"The meaning of Pinjar is unknown, but could be ""tadpole"" or ""swampy lake"".",the meaning of pinjar is unknown but could be tadpool or swampy lake,52f81cbe10bb0a710f9c792b164938384bc7806b0242704f14365d7784373a6d
xlsr_english,suta,152,stage5ext_00609,3dadaf13c9f244c187466942367d1da68cf1ba3fd4c5a5b27614964bc19565e566d5daea151b505599991d84b7d5faf8db2afc26f992b1bb7b99004b1f5b36f7,Canadian English,canada,There are also regular buses connecting from Mozarts Plads to the city centre.,there are also regular buses connecting from bozarts plats to the city centr,33a659fb8cfaa88bb4a5738fbeab800840f05c8290242321dd34c7ba8bc659d5
xlsr_english,suta,152,stage5ext_00610,3dadaf13c9f244c187466942367d1da68cf1ba3fd4c5a5b27614964bc19565e566d5daea151b505599991d84b7d5faf8db2afc26f992b1bb7b99004b1f5b36f7,Canadian English,canada,Protein methylation has been most studied in the histones.,protein metallasean has been most studied in the histones,33a659fb8cfaa88bb4a5738fbeab800840f05c8290242321dd34c7ba8bc659d5
xlsr_english,suta,152,stage5ext_00611,3dadaf13c9f244c187466942367d1da68cf1ba3fd4c5a5b27614964bc19565e566d5daea151b505599991d84b7d5faf8db2afc26f992b1bb7b99004b1f5b36f7,Canadian English,canada,"The spacewalkers received assistance from their crewmates inside ""Columbia"".",the spacewalkers receive assistance from their turmates inside columbia,33a659fb8cfaa88bb4a5738fbeab800840f05c8290242321dd34c7ba8bc659d5
xlsr_english,suta,152,stage5ext_00612,3dadaf13c9f244c187466942367d1da68cf1ba3fd4c5a5b27614964bc19565e566d5daea151b505599991d84b7d5faf8db2afc26f992b1bb7b99004b1f5b36f7,Canadian English,canada,Early units were re-built several times by the end of the war.,early units were rebuilt several times by the end of the war,33a659fb8cfaa88bb4a5738fbeab800840f05c8290242321dd34c7ba8bc659d5
xlsr_english,suta,153,stage5ext_00613,3dadaf13c9f244c187466942367d1da68cf1ba3fd4c5a5b27614964bc19565e566d5daea151b505599991d84b7d5faf8db2afc26f992b1bb7b99004b1f5b36f7,Canadian English,canada,They are two-stroke cycle and generally carbureted.,they are two stroke cycles and generally carburated,103336a769596a6e266db29f2c154a79744b098f5cae0a83d2d8576c92dbf292
xlsr_english,suta,153,stage5ext_00614,3dadaf13c9f244c187466942367d1da68cf1ba3fd4c5a5b27614964bc19565e566d5daea151b505599991d84b7d5faf8db2afc26f992b1bb7b99004b1f5b36f7,Canadian English,canada,Murphy's clean-living habits off the diamond were frequently noted in the media.,murphes clean living habits of the diamond were frequently noted in the media,103336a769596a6e266db29f2c154a79744b098f5cae0a83d2d8576c92dbf292
xlsr_english,suta,153,stage5ext_00615,3dadaf13c9f244c187466942367d1da68cf1ba3fd4c5a5b27614964bc19565e566d5daea151b505599991d84b7d5faf8db2afc26f992b1bb7b99004b1f5b36f7,Canadian English,canada,Sometimes even his authorship has been challenged on the grounds of weak poetic imagination.,sometimes even his athoraship has been challenged on the grounds of weak poetic imagination,103336a769596a6e266db29f2c154a79744b098f5cae0a83d2d8576c92dbf292
xlsr_english,suta,153,stage5ext_00616,7f88fdb59ecec75df8d06d03bc7fc4361b1824c772236491ccd731fb10f14e3cf7b550aaf16a4ef48e695b440eb33ebadf6f080d1c562a2d32c0a2a52bfae9e2,Canadian English,canada,"The dead soldiers were replaced by others, and life went on.",the dead soldiers were replaced by others and life went on,103336a769596a6e266db29f2c154a79744b098f5cae0a83d2d8576c92dbf292
xlsr_english,suta,154,stage5ext_00617,7f88fdb59ecec75df8d06d03bc7fc4361b1824c772236491ccd731fb10f14e3cf7b550aaf16a4ef48e695b440eb33ebadf6f080d1c562a2d32c0a2a52bfae9e2,Canadian English,canada,His Internet connection was too slow.,his internet connection was too slow,7cac58fcc715dd5149fc5e66562ae43259cdf2af5cedf1a53f8f8854ac551bd9
xlsr_english,suta,154,stage5ext_00618,7f88fdb59ecec75df8d06d03bc7fc4361b1824c772236491ccd731fb10f14e3cf7b550aaf16a4ef48e695b440eb33ebadf6f080d1c562a2d32c0a2a52bfae9e2,Canadian English,canada,"Listen and listen to me very closely, we call them lifts, not elevators.",listen and liten to me very closly we call them lifts not elevators,7cac58fcc715dd5149fc5e66562ae43259cdf2af5cedf1a53f8f8854ac551bd9
xlsr_english,suta,154,stage5ext_00619,7f88fdb59ecec75df8d06d03bc7fc4361b1824c772236491ccd731fb10f14e3cf7b550aaf16a4ef48e695b440eb33ebadf6f080d1c562a2d32c0a2a52bfae9e2,Canadian English,canada,"If you want to contradict what I just said, you will have to provide footnotes.",if you want to contradict what i just said you will have to provide footnotes,7cac58fcc715dd5149fc5e66562ae43259cdf2af5cedf1a53f8f8854ac551bd9
xlsr_english,suta,154,stage5ext_00620,7f88fdb59ecec75df8d06d03bc7fc4361b1824c772236491ccd731fb10f14e3cf7b550aaf16a4ef48e695b440eb33ebadf6f080d1c562a2d32c0a2a52bfae9e2,Canadian English,canada,Backface culling is a common trick to accelerate Three-D rendering.,backface culling is a common trick to accelerate threede rendering,7cac58fcc715dd5149fc5e66562ae43259cdf2af5cedf1a53f8f8854ac551bd9
xlsr_english,suta,155,stage5ext_00621,7f88fdb59ecec75df8d06d03bc7fc4361b1824c772236491ccd731fb10f14e3cf7b550aaf16a4ef48e695b440eb33ebadf6f080d1c562a2d32c0a2a52bfae9e2,Canadian English,canada,Fatima was more important than his treasure.,fatima was more important than his treasure,46f0361b3aa0604441dc3685531fa35374cc6e6eae77d1a6e5d90ee48cda33e4
xlsr_english,suta,155,stage5ext_00622,7f88fdb59ecec75df8d06d03bc7fc4361b1824c772236491ccd731fb10f14e3cf7b550aaf16a4ef48e695b440eb33ebadf6f080d1c562a2d32c0a2a52bfae9e2,Canadian English,canada,But it was not to be.,but it was not to be,46f0361b3aa0604441dc3685531fa35374cc6e6eae77d1a6e5d90ee48cda33e4
xlsr_english,suta,155,stage5ext_00623,7f88fdb59ecec75df8d06d03bc7fc4361b1824c772236491ccd731fb10f14e3cf7b550aaf16a4ef48e695b440eb33ebadf6f080d1c562a2d32c0a2a52bfae9e2,Canadian English,canada,Display a list of escape characters.,display a list of escape characters,46f0361b3aa0604441dc3685531fa35374cc6e6eae77d1a6e5d90ee48cda33e4
xlsr_english,suta,155,stage5ext_00624,7f88fdb59ecec75df8d06d03bc7fc4361b1824c772236491ccd731fb10f14e3cf7b550aaf16a4ef48e695b440eb33ebadf6f080d1c562a2d32c0a2a52bfae9e2,Canadian English,canada,The Englishman had several suitcases filled with books.,the englishman had several suitcases filled with books,46f0361b3aa0604441dc3685531fa35374cc6e6eae77d1a6e5d90ee48cda33e4
xlsr_english,suta,156,stage5ext_00625,7f88fdb59ecec75df8d06d03bc7fc4361b1824c772236491ccd731fb10f14e3cf7b550aaf16a4ef48e695b440eb33ebadf6f080d1c562a2d32c0a2a52bfae9e2,Canadian English,canada,He just got a new kite for his birthday.,he just got a new kite for his birthday,ac64c19aef2e305a27a0f451aa2c36ff60ac9261173d5355a59ad643788b6833
xlsr_english,suta,156,stage5ext_00626,7f88fdb59ecec75df8d06d03bc7fc4361b1824c772236491ccd731fb10f14e3cf7b550aaf16a4ef48e695b440eb33ebadf6f080d1c562a2d32c0a2a52bfae9e2,Canadian English,canada,"Well, it's a long list.",well it's a long list,ac64c19aef2e305a27a0f451aa2c36ff60ac9261173d5355a59ad643788b6833
xlsr_english,suta,156,stage5ext_00627,7f88fdb59ecec75df8d06d03bc7fc4361b1824c772236491ccd731fb10f14e3cf7b550aaf16a4ef48e695b440eb33ebadf6f080d1c562a2d32c0a2a52bfae9e2,Canadian English,canada,"One day, the earth began to tremble, and the Nile overflowed its banks.",one day the earth began to tremble and the nile overflowed its banks,ac64c19aef2e305a27a0f451aa2c36ff60ac9261173d5355a59ad643788b6833
xlsr_english,suta,156,stage5ext_00628,7f88fdb59ecec75df8d06d03bc7fc4361b1824c772236491ccd731fb10f14e3cf7b550aaf16a4ef48e695b440eb33ebadf6f080d1c562a2d32c0a2a52bfae9e2,Canadian English,canada,"The waitress was carrying an impressive amount of dinnerware, but then an earthquake occurred and she dropped it all.",the watress was carrying an impressive amount of dinnerwear but then an earthquake occurred and she dropped it all,ac64c19aef2e305a27a0f451aa2c36ff60ac9261173d5355a59ad643788b6833
xlsr_english,suta,157,stage5ext_00629,7f88fdb59ecec75df8d06d03bc7fc4361b1824c772236491ccd731fb10f14e3cf7b550aaf16a4ef48e695b440eb33ebadf6f080d1c562a2d32c0a2a52bfae9e2,Canadian English,canada,Johnny Depp is reprising his role for the third time in the new film.,jonny dep is reprising his role for the third time in the new film,26a84e0d3072a857cd990f9ee41e8aac3252196ad4fe8fe665e7ca56dcd7f018
xlsr_english,suta,157,stage5ext_00630,7f88fdb59ecec75df8d06d03bc7fc4361b1824c772236491ccd731fb10f14e3cf7b550aaf16a4ef48e695b440eb33ebadf6f080d1c562a2d32c0a2a52bfae9e2,Canadian English,canada,The insurance policy will expire in twenty-twenty.,the insurance policy will expire in twenty twenty,26a84e0d3072a857cd990f9ee41e8aac3252196ad4fe8fe665e7ca56dcd7f018
xlsr_english,suta,157,stage5ext_00631,c351c258fb7f6fd98e2b6dccc6dcbad5257965c8aceac0c60ba5b390d3e326847e121870153e0c8b87504d77c2d7baab09aef2d54ecdf46d1134d28a49792650,Canadian English,canada,Who says I'm looking for a job?,who says im looking for a job,26a84e0d3072a857cd990f9ee41e8aac3252196ad4fe8fe665e7ca56dcd7f018
xlsr_english,suta,157,stage5ext_00632,c351c258fb7f6fd98e2b6dccc6dcbad5257965c8aceac0c60ba5b390d3e326847e121870153e0c8b87504d77c2d7baab09aef2d54ecdf46d1134d28a49792650,Canadian English,canada,She apparently didn't listen.,she apparently didnt lissen,26a84e0d3072a857cd990f9ee41e8aac3252196ad4fe8fe665e7ca56dcd7f018
xlsr_english,suta,158,stage5ext_00633,c351c258fb7f6fd98e2b6dccc6dcbad5257965c8aceac0c60ba5b390d3e326847e121870153e0c8b87504d77c2d7baab09aef2d54ecdf46d1134d28a49792650,Canadian English,canada,Do you know him?,do you know him,4e0e63c17f171173e5a669228f948fe8e1fa9157269336ba5e590ebaad1e1d4e
xlsr_english,suta,158,stage5ext_00634,c351c258fb7f6fd98e2b6dccc6dcbad5257965c8aceac0c60ba5b390d3e326847e121870153e0c8b87504d77c2d7baab09aef2d54ecdf46d1134d28a49792650,Canadian English,canada,That's what I mean.,thats what i mean,4e0e63c17f171173e5a669228f948fe8e1fa9157269336ba5e590ebaad1e1d4e
xlsr_english,suta,158,stage5ext_00635,c351c258fb7f6fd98e2b6dccc6dcbad5257965c8aceac0c60ba5b390d3e326847e121870153e0c8b87504d77c2d7baab09aef2d54ecdf46d1134d28a49792650,Canadian English,canada,The rectangle was parallel to the square.,the rectangle was parallel to the square,4e0e63c17f171173e5a669228f948fe8e1fa9157269336ba5e590ebaad1e1d4e
xlsr_english,suta,158,stage5ext_00636,c351c258fb7f6fd98e2b6dccc6dcbad5257965c8aceac0c60ba5b390d3e326847e121870153e0c8b87504d77c2d7baab09aef2d54ecdf46d1134d28a49792650,Canadian English,canada,I wonder what's eating that old money grubbing buzzard anyway?,i wonder whats eating that old money grubbing buzzard anyway,4e0e63c17f171173e5a669228f948fe8e1fa9157269336ba5e590ebaad1e1d4e
xlsr_english,suta,159,stage5ext_00637,c351c258fb7f6fd98e2b6dccc6dcbad5257965c8aceac0c60ba5b390d3e326847e121870153e0c8b87504d77c2d7baab09aef2d54ecdf46d1134d28a49792650,Canadian English,canada,She's a wonderful person.,shes a wonderful person,86efee9f83259e4c1d79cb76496e6cc79778bddbde1a7c19f187ee4df2aa3902
xlsr_english,suta,159,stage5ext_00638,c351c258fb7f6fd98e2b6dccc6dcbad5257965c8aceac0c60ba5b390d3e326847e121870153e0c8b87504d77c2d7baab09aef2d54ecdf46d1134d28a49792650,Canadian English,canada,"It was not clear who had the right of way, since the traffic lights were off.",it was not clear who had the right of way since the troffic lights were off,86efee9f83259e4c1d79cb76496e6cc79778bddbde1a7c19f187ee4df2aa3902
xlsr_english,suta,159,stage5ext_00639,c351c258fb7f6fd98e2b6dccc6dcbad5257965c8aceac0c60ba5b390d3e326847e121870153e0c8b87504d77c2d7baab09aef2d54ecdf46d1134d28a49792650,Canadian English,canada,Your government is counting on you.,your government is counting on you,86efee9f83259e4c1d79cb76496e6cc79778bddbde1a7c19f187ee4df2aa3902
xlsr_english,suta,159,stage5ext_00640,c351c258fb7f6fd98e2b6dccc6dcbad5257965c8aceac0c60ba5b390d3e326847e121870153e0c8b87504d77c2d7baab09aef2d54ecdf46d1134d28a49792650,Canadian English,canada,Mollie did give her some kind of story.,molly did give her some kind of story,86efee9f83259e4c1d79cb76496e6cc79778bddbde1a7c19f187ee4df2aa3902
xlsr_english,suta,160,stage5ext_00641,c351c258fb7f6fd98e2b6dccc6dcbad5257965c8aceac0c60ba5b390d3e326847e121870153e0c8b87504d77c2d7baab09aef2d54ecdf46d1134d28a49792650,Canadian English,canada,Fresh coffee is much better than the freeze dried stuff.,fresh coffee is much better than the freez dried stuff,edd6dbfb58c20e9dd9fd62b5b32c3ebd9a460600afb66e348ac86f1bef8f4402
xlsr_english,suta,160,stage5ext_00642,c351c258fb7f6fd98e2b6dccc6dcbad5257965c8aceac0c60ba5b390d3e326847e121870153e0c8b87504d77c2d7baab09aef2d54ecdf46d1134d28a49792650,Canadian English,canada,Sandra read aloud the strange excerpt.,sandra read aloud the strange exorpt,edd6dbfb58c20e9dd9fd62b5b32c3ebd9a460600afb66e348ac86f1bef8f4402
xlsr_english,suta,160,stage5ext_00643,c351c258fb7f6fd98e2b6dccc6dcbad5257965c8aceac0c60ba5b390d3e326847e121870153e0c8b87504d77c2d7baab09aef2d54ecdf46d1134d28a49792650,Canadian English,canada,Denise hoovered the rug.,danise hovered the rug,edd6dbfb58c20e9dd9fd62b5b32c3ebd9a460600afb66e348ac86f1bef8f4402
xlsr_english,suta,160,stage5ext_00644,c351c258fb7f6fd98e2b6dccc6dcbad5257965c8aceac0c60ba5b390d3e326847e121870153e0c8b87504d77c2d7baab09aef2d54ecdf46d1134d28a49792650,Canadian English,canada,He fondled his bright orange beard.,he fondled his bright orange beard,edd6dbfb58c20e9dd9fd62b5b32c3ebd9a460600afb66e348ac86f1bef8f4402
xlsr_english,suta,161,stage5ext_00645,c351c258fb7f6fd98e2b6dccc6dcbad5257965c8aceac0c60ba5b390d3e326847e121870153e0c8b87504d77c2d7baab09aef2d54ecdf46d1134d28a49792650,Canadian English,canada,I knew you'd wake up sooner or later!,i knew you'd wake up sooner or later,1096703173fb805e53020032ecc80a82ec4cae6c062f444c4d29cd08632aae4a
xlsr_english,suta,161,stage5ext_00646,760d3165d3a07ad90ef4a2b9248bbf4ad9fb43b3d7a518ee594214a8cddc34fa81c1608244500a4e6c4c7a43bcc7aa747d4aaf12ec5ef17ace5bbaaded5a7c73,Canadian English,canada,"Washington Township was named for George Washington, first president of the United States.",washington township was named for george washington first president of the united states,1096703173fb805e53020032ecc80a82ec4cae6c062f444c4d29cd08632aae4a
xlsr_english,suta,161,stage5ext_00647,760d3165d3a07ad90ef4a2b9248bbf4ad9fb43b3d7a518ee594214a8cddc34fa81c1608244500a4e6c4c7a43bcc7aa747d4aaf12ec5ef17ace5bbaaded5a7c73,Canadian English,canada,Mount Berry was named after Berry College founder Martha Berry.,melberry was named after barry college founder martha berry,1096703173fb805e53020032ecc80a82ec4cae6c062f444c4d29cd08632aae4a
xlsr_english,suta,161,stage5ext_00648,760d3165d3a07ad90ef4a2b9248bbf4ad9fb43b3d7a518ee594214a8cddc34fa81c1608244500a4e6c4c7a43bcc7aa747d4aaf12ec5ef17ace5bbaaded5a7c73,Canadian English,canada,The boys and girls winners go to Birmingham for the Final Four tournament.,the boys and girls winners go to birmingham for the final four tournament,1096703173fb805e53020032ecc80a82ec4cae6c062f444c4d29cd08632aae4a
xlsr_english,suta,162,stage5ext_00649,760d3165d3a07ad90ef4a2b9248bbf4ad9fb43b3d7a518ee594214a8cddc34fa81c1608244500a4e6c4c7a43bcc7aa747d4aaf12ec5ef17ace5bbaaded5a7c73,Canadian English,canada,"In the central business district, the main activities include welding, carpentry and masonry.",in the central business district the main activities include welding carpentree and maisonry,55838ea44d982e01eb717510e4710477e7062039018b6091e05cb5b75a5d1715
xlsr_english,suta,162,stage5ext_00650,760d3165d3a07ad90ef4a2b9248bbf4ad9fb43b3d7a518ee594214a8cddc34fa81c1608244500a4e6c4c7a43bcc7aa747d4aaf12ec5ef17ace5bbaaded5a7c73,Canadian English,canada,Drivers pass by Engineer Mountain and Twilight Peak before crossing Coal Bank Pass.,drivers pass by engineer mountain an twilight peak before crossing coalbank pass,55838ea44d982e01eb717510e4710477e7062039018b6091e05cb5b75a5d1715
xlsr_english,suta,162,stage5ext_00651,760d3165d3a07ad90ef4a2b9248bbf4ad9fb43b3d7a518ee594214a8cddc34fa81c1608244500a4e6c4c7a43bcc7aa747d4aaf12ec5ef17ace5bbaaded5a7c73,Canadian English,canada,The scope may provide direct visualization or may be attached to a video monitor.,the scope may provide direct visualization or may be attached to a videomonitor,55838ea44d982e01eb717510e4710477e7062039018b6091e05cb5b75a5d1715
xlsr_english,suta,162,stage5ext_00652,760d3165d3a07ad90ef4a2b9248bbf4ad9fb43b3d7a518ee594214a8cddc34fa81c1608244500a4e6c4c7a43bcc7aa747d4aaf12ec5ef17ace5bbaaded5a7c73,Canadian English,canada,Other scholars refute these arguments-particularly since Josephus describes some Essenes as allowing marriage.,other scholars refute these arguments particularly since josaphus describes some assents as allowing marriage,55838ea44d982e01eb717510e4710477e7062039018b6091e05cb5b75a5d1715
xlsr_english,suta,163,stage5ext_00653,760d3165d3a07ad90ef4a2b9248bbf4ad9fb43b3d7a518ee594214a8cddc34fa81c1608244500a4e6c4c7a43bcc7aa747d4aaf12ec5ef17ace5bbaaded5a7c73,Canadian English,canada,"Violence occurs in childhood sexual abuse, date rape, intimate partner violence, and sexual harassment.",vilence occurs in childhood sexial abuse daterate intimate partner violence and sexial harassment,5f9350cf818ebc8a0c418bc1e6a643ac374840c22963c0ef35c9eb42da53dbe6
xlsr_english,suta,163,stage5ext_00654,760d3165d3a07ad90ef4a2b9248bbf4ad9fb43b3d7a518ee594214a8cddc34fa81c1608244500a4e6c4c7a43bcc7aa747d4aaf12ec5ef17ace5bbaaded5a7c73,Canadian English,canada,Baby later changed his stage name to Birdman after the duo was dissolved.,baby later changed his stage name to birdman after the duo was dissolved,5f9350cf818ebc8a0c418bc1e6a643ac374840c22963c0ef35c9eb42da53dbe6
xlsr_english,suta,163,stage5ext_00655,760d3165d3a07ad90ef4a2b9248bbf4ad9fb43b3d7a518ee594214a8cddc34fa81c1608244500a4e6c4c7a43bcc7aa747d4aaf12ec5ef17ace5bbaaded5a7c73,Canadian English,canada,Manufacturers of identification badges recognized a market and began advertising in periodicals.,manufactures of identification badges recognised a market and began advertising in periodicals,5f9350cf818ebc8a0c418bc1e6a643ac374840c22963c0ef35c9eb42da53dbe6
xlsr_english,suta,163,stage5ext_00656,760d3165d3a07ad90ef4a2b9248bbf4ad9fb43b3d7a518ee594214a8cddc34fa81c1608244500a4e6c4c7a43bcc7aa747d4aaf12ec5ef17ace5bbaaded5a7c73,Canadian English,canada,Dozens of descriptions of Elizabeth on that day exist with slightly differing details.,dozens of descriptions of elizabeth on that day exist with slightly differing details,5f9350cf818ebc8a0c418bc1e6a643ac374840c22963c0ef35c9eb42da53dbe6
xlsr_english,suta,164,stage5ext_00657,760d3165d3a07ad90ef4a2b9248bbf4ad9fb43b3d7a518ee594214a8cddc34fa81c1608244500a4e6c4c7a43bcc7aa747d4aaf12ec5ef17ace5bbaaded5a7c73,Canadian English,canada,However Victoria didn't develop any games.,however victoria didnt develop any games,531d8a3101ad3ef30fe5ab6be3f9ed46e2614e437bad41a3d44d3ace81ae7508
xlsr_english,suta,164,stage5ext_00658,760d3165d3a07ad90ef4a2b9248bbf4ad9fb43b3d7a518ee594214a8cddc34fa81c1608244500a4e6c4c7a43bcc7aa747d4aaf12ec5ef17ace5bbaaded5a7c73,Canadian English,canada,"Following Dunkirk, ""Jackal"" returned to the routine of convoy escort and patrols.",following dunkirk jacqel returned to the routine of convoy escort and patrols,531d8a3101ad3ef30fe5ab6be3f9ed46e2614e437bad41a3d44d3ace81ae7508
xlsr_english,suta,164,stage5ext_00659,760d3165d3a07ad90ef4a2b9248bbf4ad9fb43b3d7a518ee594214a8cddc34fa81c1608244500a4e6c4c7a43bcc7aa747d4aaf12ec5ef17ace5bbaaded5a7c73,Canadian English,canada,O'Quinn held this role for all three seasons of the series.,oquin held this role for all three seasons of the series,531d8a3101ad3ef30fe5ab6be3f9ed46e2614e437bad41a3d44d3ace81ae7508
xlsr_english,suta,164,stage5ext_00660,760d3165d3a07ad90ef4a2b9248bbf4ad9fb43b3d7a518ee594214a8cddc34fa81c1608244500a4e6c4c7a43bcc7aa747d4aaf12ec5ef17ace5bbaaded5a7c73,Canadian English,canada,Sartene wine is appreciated by wine connoisseurs for its good quality.,sertin wine is appreciated by wine conissers for its good quality,531d8a3101ad3ef30fe5ab6be3f9ed46e2614e437bad41a3d44d3ace81ae7508
xlsr_english,suta,165,stage5ext_00661,591dc19ef324950dafd8ce359e9711f332297ea7ff75da4847f4653c4698cfb4a469db4e15b5ea6b6512eb8f51f1b066477920287c57ae1056528e11c1bd1976,Canadian English,canada,It was returned to Prussia at the end of the war.,it was returned to prussia at the end of the war,13ecfea59f6f65c275fb3ace6aa13673929093f4cfa7d7015f3bda82933046bd
xlsr_english,suta,165,stage5ext_00662,591dc19ef324950dafd8ce359e9711f332297ea7ff75da4847f4653c4698cfb4a469db4e15b5ea6b6512eb8f51f1b066477920287c57ae1056528e11c1bd1976,Canadian English,canada,It is now named Longton Exchange.,it is now named longton exchange,13ecfea59f6f65c275fb3ace6aa13673929093f4cfa7d7015f3bda82933046bd
xlsr_english,suta,165,stage5ext_00663,591dc19ef324950dafd8ce359e9711f332297ea7ff75da4847f4653c4698cfb4a469db4e15b5ea6b6512eb8f51f1b066477920287c57ae1056528e11c1bd1976,Canadian English,canada,Eddie Antar was eventually charged with a series of crimes.,eddi unter was eventually charged with a series of crimes,13ecfea59f6f65c275fb3ace6aa13673929093f4cfa7d7015f3bda82933046bd
xlsr_english,suta,165,stage5ext_00664,591dc19ef324950dafd8ce359e9711f332297ea7ff75da4847f4653c4698cfb4a469db4e15b5ea6b6512eb8f51f1b066477920287c57ae1056528e11c1bd1976,Canadian English,canada,The monuments built by these Sultans were the first examples of Indo-Islamic Architecture.,the monuments built by these sultans were the first examples of indoislamic architecture,13ecfea59f6f65c275fb3ace6aa13673929093f4cfa7d7015f3bda82933046bd
xlsr_english,suta,166,stage5ext_00665,591dc19ef324950dafd8ce359e9711f332297ea7ff75da4847f4653c4698cfb4a469db4e15b5ea6b6512eb8f51f1b066477920287c57ae1056528e11c1bd1976,Canadian English,canada,"She has two sisters, Laura Norris and Sarah McNeil, and a brother, Andrew McNeil.",she has two sisters lara noris and sara mcneil and a brother andrew mcneil,0e1a731f130c2d6b9ab0619226bf262e6004924116322eb371059280aa98fc10
xlsr_english,suta,166,stage5ext_00666,591dc19ef324950dafd8ce359e9711f332297ea7ff75da4847f4653c4698cfb4a469db4e15b5ea6b6512eb8f51f1b066477920287c57ae1056528e11c1bd1976,Canadian English,canada,"Earthquakes along the fault, and the associated earth movements, have formed the Southern Alps.",earthquakes along the fault and the associated earth movements have formed the southern alps,0e1a731f130c2d6b9ab0619226bf262e6004924116322eb371059280aa98fc10
xlsr_english,suta,166,stage5ext_00667,591dc19ef324950dafd8ce359e9711f332297ea7ff75da4847f4653c4698cfb4a469db4e15b5ea6b6512eb8f51f1b066477920287c57ae1056528e11c1bd1976,Canadian English,canada,Expression Encoder consists of two editions: A freeware edition and a commercial Pro edition.,expression an coder consists of two editions a freeware edition and a commercial pro edition,0e1a731f130c2d6b9ab0619226bf262e6004924116322eb371059280aa98fc10
xlsr_english,suta,166,stage5ext_00668,591dc19ef324950dafd8ce359e9711f332297ea7ff75da4847f4653c4698cfb4a469db4e15b5ea6b6512eb8f51f1b066477920287c57ae1056528e11c1bd1976,Canadian English,canada,The couple's working relationship became personal and resulted in marriage the following year.,the couples working relationship became personal and resulted in marriage the following year,0e1a731f130c2d6b9ab0619226bf262e6004924116322eb371059280aa98fc10
xlsr_english,suta,167,stage5ext_00669,591dc19ef324950dafd8ce359e9711f332297ea7ff75da4847f4653c4698cfb4a469db4e15b5ea6b6512eb8f51f1b066477920287c57ae1056528e11c1bd1976,Canadian English,canada,"Upon returning to the Mets, his career was reborn.",upon returning to the mets his career was reborn,c3f260cc9e73cc495d67b2041b35e386b7ed98891040570d3be827e4e07a5ce6
xlsr_english,suta,167,stage5ext_00670,591dc19ef324950dafd8ce359e9711f332297ea7ff75da4847f4653c4698cfb4a469db4e15b5ea6b6512eb8f51f1b066477920287c57ae1056528e11c1bd1976,Canadian English,canada,"She was in the award-winning musical ""Light in the Piazza"" on Broadway.",she was in the award winning musical light in the piaza on broadway,c3f260cc9e73cc495d67b2041b35e386b7ed98891040570d3be827e4e07a5ce6
xlsr_english,suta,167,stage5ext_00671,591dc19ef324950dafd8ce359e9711f332297ea7ff75da4847f4653c4698cfb4a469db4e15b5ea6b6512eb8f51f1b066477920287c57ae1056528e11c1bd1976,Canadian English,canada,He then went on to a second career as a car racing driver.,he then went on to a second career as a car racing driver,c3f260cc9e73cc495d67b2041b35e386b7ed98891040570d3be827e4e07a5ce6
xlsr_english,suta,167,stage5ext_00672,591dc19ef324950dafd8ce359e9711f332297ea7ff75da4847f4653c4698cfb4a469db4e15b5ea6b6512eb8f51f1b066477920287c57ae1056528e11c1bd1976,Canadian English,canada,"For Mainz, Joseph Ludwig Colmar was soon appointed as bishop.",for mains joseph ludwig colmar was soon appointed as bishop,c3f260cc9e73cc495d67b2041b35e386b7ed98891040570d3be827e4e07a5ce6
xlsr_english,suta,168,stage5ext_00673,591dc19ef324950dafd8ce359e9711f332297ea7ff75da4847f4653c4698cfb4a469db4e15b5ea6b6512eb8f51f1b066477920287c57ae1056528e11c1bd1976,Canadian English,canada,"He has been nicknamed ""The Man of a Thousand Voices"".",he has been nicknamed the man of a thousand voices,9fa88989102a2c1a99d40e57a2ed4c5a548409abf771b3a93899c6ba4060ec9f
xlsr_english,suta,168,stage5ext_00674,591dc19ef324950dafd8ce359e9711f332297ea7ff75da4847f4653c4698cfb4a469db4e15b5ea6b6512eb8f51f1b066477920287c57ae1056528e11c1bd1976,Canadian English,canada,He then teamed up Martin Salkin and Milt Gabler of Decca Records.,he then teamed up martin salcon and milt gabler of decca records,9fa88989102a2c1a99d40e57a2ed4c5a548409abf771b3a93899c6ba4060ec9f
xlsr_english,suta,168,stage5ext_00675,591dc19ef324950dafd8ce359e9711f332297ea7ff75da4847f4653c4698cfb4a469db4e15b5ea6b6512eb8f51f1b066477920287c57ae1056528e11c1bd1976,Canadian English,canada,"They became most prominent in the Roman Republic, and continued into the Empire.",they became the most prominent in the roman republic and continued into the empire,9fa88989102a2c1a99d40e57a2ed4c5a548409abf771b3a93899c6ba4060ec9f
xlsr_english,suta,168,stage5ext_00676,87b42e85779256f12cd8467a8790384f4d1ba3aa2c3821b798e151f94702c8fecb77a8f125195bf02e72b9c5cf01c3d6ddda5e6d3aa87b4bc525756a8c2b8807,Canadian English,canada,East-southeast of Boussingault lies the crater Neumayer.,east southeast of busingal lies the crater noulmayer,9fa88989102a2c1a99d40e57a2ed4c5a548409abf771b3a93899c6ba4060ec9f
xlsr_english,suta,169,stage5ext_00677,87b42e85779256f12cd8467a8790384f4d1ba3aa2c3821b798e151f94702c8fecb77a8f125195bf02e72b9c5cf01c3d6ddda5e6d3aa87b4bc525756a8c2b8807,Canadian English,canada,Recorded at the composer's studio under his supervision.,recorded at the composers studio under his supervision,86317f7891b6605223ea9ff7185b41d00fe6c48f8b591d10554feafea3788437
xlsr_english,suta,169,stage5ext_00678,87b42e85779256f12cd8467a8790384f4d1ba3aa2c3821b798e151f94702c8fecb77a8f125195bf02e72b9c5cf01c3d6ddda5e6d3aa87b4bc525756a8c2b8807,Canadian English,canada,Varied versions of the artwork within the album exist.,varied versions of the artwork within the album exist,86317f7891b6605223ea9ff7185b41d00fe6c48f8b591d10554feafea3788437
xlsr_english,suta,169,stage5ext_00679,87b42e85779256f12cd8467a8790384f4d1ba3aa2c3821b798e151f94702c8fecb77a8f125195bf02e72b9c5cf01c3d6ddda5e6d3aa87b4bc525756a8c2b8807,Canadian English,canada,"Construction was conducted by Kassel, Germany-based Henschel.",construction was conducted by castle germanybased henshell,86317f7891b6605223ea9ff7185b41d00fe6c48f8b591d10554feafea3788437
xlsr_english,suta,169,stage5ext_00680,87b42e85779256f12cd8467a8790384f4d1ba3aa2c3821b798e151f94702c8fecb77a8f125195bf02e72b9c5cf01c3d6ddda5e6d3aa87b4bc525756a8c2b8807,Canadian English,canada,He started reading novels and literature since he just finished the primary school.,he started reading novels and literature since he just finished the primary school,86317f7891b6605223ea9ff7185b41d00fe6c48f8b591d10554feafea3788437
xlsr_english,suta,170,stage5ext_00681,87b42e85779256f12cd8467a8790384f4d1ba3aa2c3821b798e151f94702c8fecb77a8f125195bf02e72b9c5cf01c3d6ddda5e6d3aa87b4bc525756a8c2b8807,Canadian English,canada,They won a majority of seats in every province and territory.,they won a majority of seats in every province an territory,570a749436096e0ef1c7c1f5e7bee3af7323e1353cce97cb6c9dc059377aa860
xlsr_english,suta,170,stage5ext_00682,87b42e85779256f12cd8467a8790384f4d1ba3aa2c3821b798e151f94702c8fecb77a8f125195bf02e72b9c5cf01c3d6ddda5e6d3aa87b4bc525756a8c2b8807,Canadian English,canada,Opposed to the more moderate Parchamis were the radical Khalq faction.,oppose to the more moderate parchimus were the more rodical calcfaction,570a749436096e0ef1c7c1f5e7bee3af7323e1353cce97cb6c9dc059377aa860
xlsr_english,suta,170,stage5ext_00683,87b42e85779256f12cd8467a8790384f4d1ba3aa2c3821b798e151f94702c8fecb77a8f125195bf02e72b9c5cf01c3d6ddda5e6d3aa87b4bc525756a8c2b8807,Canadian English,canada,Gyrich is also involved in hunting the Hulk after the events of Onslaught.,gyrich is also involved in hunting the hulk after the events of onslot,570a749436096e0ef1c7c1f5e7bee3af7323e1353cce97cb6c9dc059377aa860
xlsr_english,suta,170,stage5ext_00684,87b42e85779256f12cd8467a8790384f4d1ba3aa2c3821b798e151f94702c8fecb77a8f125195bf02e72b9c5cf01c3d6ddda5e6d3aa87b4bc525756a8c2b8807,Canadian English,canada,It was also hosted by the team of Rich Landrum and Johnny Weaver.,it was also hosted by the team of rich landrum and jonny weaver,570a749436096e0ef1c7c1f5e7bee3af7323e1353cce97cb6c9dc059377aa860
xlsr_english,suta,171,stage5ext_00685,87b42e85779256f12cd8467a8790384f4d1ba3aa2c3821b798e151f94702c8fecb77a8f125195bf02e72b9c5cf01c3d6ddda5e6d3aa87b4bc525756a8c2b8807,Canadian English,canada,"His cause for canonization was introduced by his religious order, the Basilian Alepian Order.",his cause for canonisation was introduced by his religious order the bazilian elympian order,3df0f93631194cc0a149aa165ab87e3e10984a829d0a53cff9358cfae6eec97a
xlsr_english,suta,171,stage5ext_00686,87b42e85779256f12cd8467a8790384f4d1ba3aa2c3821b798e151f94702c8fecb77a8f125195bf02e72b9c5cf01c3d6ddda5e6d3aa87b4bc525756a8c2b8807,Canadian English,canada,"Terminals can be attacked and disabled, but not destroyed.",terminals can be attacked and disabled but not destroyed,3df0f93631194cc0a149aa165ab87e3e10984a829d0a53cff9358cfae6eec97a
xlsr_english,suta,171,stage5ext_00687,87b42e85779256f12cd8467a8790384f4d1ba3aa2c3821b798e151f94702c8fecb77a8f125195bf02e72b9c5cf01c3d6ddda5e6d3aa87b4bc525756a8c2b8807,Canadian English,canada,They're going to see this as an historic time.,they're going to see this as a historic time,3df0f93631194cc0a149aa165ab87e3e10984a829d0a53cff9358cfae6eec97a
xlsr_english,suta,171,stage5ext_00688,87b42e85779256f12cd8467a8790384f4d1ba3aa2c3821b798e151f94702c8fecb77a8f125195bf02e72b9c5cf01c3d6ddda5e6d3aa87b4bc525756a8c2b8807,Canadian English,canada,"Due to his high penance, Lord murugan appeared like snake to him.",due to his high penants lord mutigan appeared like snake to him,3df0f93631194cc0a149aa165ab87e3e10984a829d0a53cff9358cfae6eec97a
xlsr_english,suta,172,stage5ext_00689,87b42e85779256f12cd8467a8790384f4d1ba3aa2c3821b798e151f94702c8fecb77a8f125195bf02e72b9c5cf01c3d6ddda5e6d3aa87b4bc525756a8c2b8807,Canadian English,canada,Consumption soon returned to normal however.,consumptio soon returned to normal however,5fdd5cc3dddbde783cd17e9acd260b2bce06a4881983474b372a45a75bae509a
xlsr_english,suta,172,stage5ext_00690,87b42e85779256f12cd8467a8790384f4d1ba3aa2c3821b798e151f94702c8fecb77a8f125195bf02e72b9c5cf01c3d6ddda5e6d3aa87b4bc525756a8c2b8807,Canadian English,canada,"Alva was featured in the video game, ""Tony Hawk's American Wasteland"".",alva was featured in the window game tony hawks american wasteland,5fdd5cc3dddbde783cd17e9acd260b2bce06a4881983474b372a45a75bae509a
xlsr_english,suta,172,stage5ext_00691,1bda50a4a88d77a1bc592a14e21c501410d6db026449e39808be8fdf0a370dcc6adb09567d53480b5796f2560267441eafe3faf65ae56ae50502479cbab97242,Canadian English,canada,"They found all sorts of drugs at Howard's house: Cocaine, meth, heroine...",they found all sorts of drugs at howars house coca muthharoin,5fdd5cc3dddbde783cd17e9acd260b2bce06a4881983474b372a45a75bae509a
xlsr_english,suta,172,stage5ext_00692,1bda50a4a88d77a1bc592a14e21c501410d6db026449e39808be8fdf0a370dcc6adb09567d53480b5796f2560267441eafe3faf65ae56ae50502479cbab97242,Canadian English,canada,"Sure, I will be right back.",sure i'll be right back,5fdd5cc3dddbde783cd17e9acd260b2bce06a4881983474b372a45a75bae509a
xlsr_english,suta,173,stage5ext_00693,1bda50a4a88d77a1bc592a14e21c501410d6db026449e39808be8fdf0a370dcc6adb09567d53480b5796f2560267441eafe3faf65ae56ae50502479cbab97242,Canadian English,canada,"When he got the call, Ali ran out of the store, down the street, and into the car.",when he got the call ali ran out of the store down the street and entered the car,c4afb6919b34d72258977b51aba8aa2bc8f22d30f48e16e5be3b9a448b5144cd
xlsr_english,suta,173,stage5ext_00694,1bda50a4a88d77a1bc592a14e21c501410d6db026449e39808be8fdf0a370dcc6adb09567d53480b5796f2560267441eafe3faf65ae56ae50502479cbab97242,Canadian English,canada,"As they began to decorate the hallway, a silhouette appeared in the doorway.",as they began to decorate the hallway a siluetta appeared in the doorway,c4afb6919b34d72258977b51aba8aa2bc8f22d30f48e16e5be3b9a448b5144cd
xlsr_english,suta,173,stage5ext_00695,1bda50a4a88d77a1bc592a14e21c501410d6db026449e39808be8fdf0a370dcc6adb09567d53480b5796f2560267441eafe3faf65ae56ae50502479cbab97242,Canadian English,canada,"Roaming endlessly around the park, she wants to go home.",roming endlessly around the park she wants to go home,c4afb6919b34d72258977b51aba8aa2bc8f22d30f48e16e5be3b9a448b5144cd
xlsr_english,suta,173,stage5ext_00696,1bda50a4a88d77a1bc592a14e21c501410d6db026449e39808be8fdf0a370dcc6adb09567d53480b5796f2560267441eafe3faf65ae56ae50502479cbab97242,Canadian English,canada,"Hooray, we're going to Alaska!",haray were going to alaska,c4afb6919b34d72258977b51aba8aa2bc8f22d30f48e16e5be3b9a448b5144cd
xlsr_english,suta,174,stage5ext_00697,1bda50a4a88d77a1bc592a14e21c501410d6db026449e39808be8fdf0a370dcc6adb09567d53480b5796f2560267441eafe3faf65ae56ae50502479cbab97242,Canadian English,canada,"In the discotheque, the DJ played progressive house music and trance.",in the discotec the dj played progressive house music and trance,0657ba9b364f2b91f48fc6a26f5100a6b5a87dfb8f9160a5b489df29040b6cb7
xlsr_english,suta,174,stage5ext_00698,1bda50a4a88d77a1bc592a14e21c501410d6db026449e39808be8fdf0a370dcc6adb09567d53480b5796f2560267441eafe3faf65ae56ae50502479cbab97242,Canadian English,canada,Susan is an artist who lives in Vermont.,susan is an artist who lives in vermont,0657ba9b364f2b91f48fc6a26f5100a6b5a87dfb8f9160a5b489df29040b6cb7
xlsr_english,suta,174,stage5ext_00699,1bda50a4a88d77a1bc592a14e21c501410d6db026449e39808be8fdf0a370dcc6adb09567d53480b5796f2560267441eafe3faf65ae56ae50502479cbab97242,Canadian English,canada,What is the matter with you?,what is the matter with you,0657ba9b364f2b91f48fc6a26f5100a6b5a87dfb8f9160a5b489df29040b6cb7
xlsr_english,suta,174,stage5ext_00700,1bda50a4a88d77a1bc592a14e21c501410d6db026449e39808be8fdf0a370dcc6adb09567d53480b5796f2560267441eafe3faf65ae56ae50502479cbab97242,Canadian English,canada,"She is a very smart lady, and I think she can figure it out.",she is a very smart lady and i think she can figure it out,0657ba9b364f2b91f48fc6a26f5100a6b5a87dfb8f9160a5b489df29040b6cb7
xlsr_english,suta,175,stage5ext_00701,1bda50a4a88d77a1bc592a14e21c501410d6db026449e39808be8fdf0a370dcc6adb09567d53480b5796f2560267441eafe3faf65ae56ae50502479cbab97242,Canadian English,canada,"Astronomy might be complicated, but it's not rocket science.",astronomy might be complicated but is not rocket science,2b77510fa1012a1fa4c3bfb4f4d769eb26e27b0f040c2aca5b66f45a6eeb937b
xlsr_english,suta,175,stage5ext_00702,1bda50a4a88d77a1bc592a14e21c501410d6db026449e39808be8fdf0a370dcc6adb09567d53480b5796f2560267441eafe3faf65ae56ae50502479cbab97242,Canadian English,canada,"Angela is pregnant, she told me.",angela is pregnant she told me,2b77510fa1012a1fa4c3bfb4f4d769eb26e27b0f040c2aca5b66f45a6eeb937b
xlsr_english,suta,175,stage5ext_00703,1bda50a4a88d77a1bc592a14e21c501410d6db026449e39808be8fdf0a370dcc6adb09567d53480b5796f2560267441eafe3faf65ae56ae50502479cbab97242,Canadian English,canada,"The diver forced open the oyster, revealing a shimmering pearl.",the diver forced open the oyster revealing ashimering pearl,2b77510fa1012a1fa4c3bfb4f4d769eb26e27b0f040c2aca5b66f45a6eeb937b
xlsr_english,suta,175,stage5ext_00704,1bda50a4a88d77a1bc592a14e21c501410d6db026449e39808be8fdf0a370dcc6adb09567d53480b5796f2560267441eafe3faf65ae56ae50502479cbab97242,Canadian English,canada,"Salmon is one of the most popular fish and very delicious, though usually not sustainable.",samon is one of the most popular fish and very delicious though usually not sustainable,2b77510fa1012a1fa4c3bfb4f4d769eb26e27b0f040c2aca5b66f45a6eeb937b
xlsr_english,suta,176,stage5ext_00705,1bda50a4a88d77a1bc592a14e21c501410d6db026449e39808be8fdf0a370dcc6adb09567d53480b5796f2560267441eafe3faf65ae56ae50502479cbab97242,Canadian English,canada,"This pepperoni tastes off, she said.",thes paperoni tastes off she said,ebba92557eefb1d3283645b643391cca7f83eba90e06d6fe4a6abe80e272dc06
xlsr_english,suta,176,stage5ext_00706,3609f33a23ed07b4e369020bc8bfcb519c8e108d2510cda5649a103fb8e4c9a120753d04b1cfbf9d5ebca2b2674d1f16d7269aa4d619254315923f04a0e8872a,Canadian English,canada,You might as well play Russian roulette.,you might as well play russian rulete,ebba92557eefb1d3283645b643391cca7f83eba90e06d6fe4a6abe80e272dc06
xlsr_english,suta,176,stage5ext_00707,3609f33a23ed07b4e369020bc8bfcb519c8e108d2510cda5649a103fb8e4c9a120753d04b1cfbf9d5ebca2b2674d1f16d7269aa4d619254315923f04a0e8872a,Canadian English,canada,We are going to the football game tonight.,we are going to the football game tonight,ebba92557eefb1d3283645b643391cca7f83eba90e06d6fe4a6abe80e272dc06
xlsr_english,suta,176,stage5ext_00708,3609f33a23ed07b4e369020bc8bfcb519c8e108d2510cda5649a103fb8e4c9a120753d04b1cfbf9d5ebca2b2674d1f16d7269aa4d619254315923f04a0e8872a,Canadian English,canada,Send the stuff in a thick paper bag.,send the stuff in a thick paper bag,ebba92557eefb1d3283645b643391cca7f83eba90e06d6fe4a6abe80e272dc06
xlsr_english,suta,177,stage5ext_00709,3609f33a23ed07b4e369020bc8bfcb519c8e108d2510cda5649a103fb8e4c9a120753d04b1cfbf9d5ebca2b2674d1f16d7269aa4d619254315923f04a0e8872a,Canadian English,canada,The early bird catches the worm.,the early bird catches the worm,62896ab45654aabe72d0972b662af9c607f3a218e441a545aed5459b673fc143
xlsr_english,suta,177,stage5ext_00710,3609f33a23ed07b4e369020bc8bfcb519c8e108d2510cda5649a103fb8e4c9a120753d04b1cfbf9d5ebca2b2674d1f16d7269aa4d619254315923f04a0e8872a,Canadian English,canada,A toad and a frog are hard to tell apart.,a tod and a frog are hard to tell apart,62896ab45654aabe72d0972b662af9c607f3a218e441a545aed5459b673fc143
xlsr_english,suta,177,stage5ext_00711,3609f33a23ed07b4e369020bc8bfcb519c8e108d2510cda5649a103fb8e4c9a120753d04b1cfbf9d5ebca2b2674d1f16d7269aa4d619254315923f04a0e8872a,Canadian English,canada,William ran down the street.,william ran down the street,62896ab45654aabe72d0972b662af9c607f3a218e441a545aed5459b673fc143
xlsr_english,suta,177,stage5ext_00712,3609f33a23ed07b4e369020bc8bfcb519c8e108d2510cda5649a103fb8e4c9a120753d04b1cfbf9d5ebca2b2674d1f16d7269aa4d619254315923f04a0e8872a,Canadian English,canada,But it was not to be.,but it was not to be,62896ab45654aabe72d0972b662af9c607f3a218e441a545aed5459b673fc143
xlsr_english,suta,178,stage5ext_00713,3609f33a23ed07b4e369020bc8bfcb519c8e108d2510cda5649a103fb8e4c9a120753d04b1cfbf9d5ebca2b2674d1f16d7269aa4d619254315923f04a0e8872a,Canadian English,canada,Add the sum to the product of these three.,add the sum to the product of these three,ef5e80652acce5c7e2813225d0d3badf89bc1ae0966cd2658a93a069a946508d
xlsr_english,suta,178,stage5ext_00714,3609f33a23ed07b4e369020bc8bfcb519c8e108d2510cda5649a103fb8e4c9a120753d04b1cfbf9d5ebca2b2674d1f16d7269aa4d619254315923f04a0e8872a,Canadian English,canada,Birds of a feather flock – together.,birds of a feather flock together,ef5e80652acce5c7e2813225d0d3badf89bc1ae0966cd2658a93a069a946508d
xlsr_english,suta,178,stage5ext_00715,3609f33a23ed07b4e369020bc8bfcb519c8e108d2510cda5649a103fb8e4c9a120753d04b1cfbf9d5ebca2b2674d1f16d7269aa4d619254315923f04a0e8872a,Canadian English,canada,It was raised from everyone who entered the city during the celebration period.,it was raised from everyone who entered the city during the celebration period,ef5e80652acce5c7e2813225d0d3badf89bc1ae0966cd2658a93a069a946508d
xlsr_english,suta,178,stage5ext_00716,3609f33a23ed07b4e369020bc8bfcb519c8e108d2510cda5649a103fb8e4c9a120753d04b1cfbf9d5ebca2b2674d1f16d7269aa4d619254315923f04a0e8872a,Canadian English,canada,A zestful food is the hot-cross bun.,azzessful food is the hotcross bun,ef5e80652acce5c7e2813225d0d3badf89bc1ae0966cd2658a93a069a946508d
xlsr_english,suta,179,stage5ext_00717,3609f33a23ed07b4e369020bc8bfcb519c8e108d2510cda5649a103fb8e4c9a120753d04b1cfbf9d5ebca2b2674d1f16d7269aa4d619254315923f04a0e8872a,Canadian English,canada,Just as I thought!,just as i thought,f8e67343662f59f42fdab7b7f777b46d970bc653f7fc9e39e454baf3141a8542
xlsr_english,suta,179,stage5ext_00718,3609f33a23ed07b4e369020bc8bfcb519c8e108d2510cda5649a103fb8e4c9a120753d04b1cfbf9d5ebca2b2674d1f16d7269aa4d619254315923f04a0e8872a,Canadian English,canada,Each penny shone like new.,each penny shone like new,f8e67343662f59f42fdab7b7f777b46d970bc653f7fc9e39e454baf3141a8542
xlsr_english,suta,179,stage5ext_00719,3609f33a23ed07b4e369020bc8bfcb519c8e108d2510cda5649a103fb8e4c9a120753d04b1cfbf9d5ebca2b2674d1f16d7269aa4d619254315923f04a0e8872a,Canadian English,canada,Does that suit you?,does that suit you,f8e67343662f59f42fdab7b7f777b46d970bc653f7fc9e39e454baf3141a8542
xlsr_english,suta,179,stage5ext_00720,3609f33a23ed07b4e369020bc8bfcb519c8e108d2510cda5649a103fb8e4c9a120753d04b1cfbf9d5ebca2b2674d1f16d7269aa4d619254315923f04a0e8872a,Canadian English,canada,You may whistle for it.,you may whistle for it,f8e67343662f59f42fdab7b7f777b46d970bc653f7fc9e39e454baf3141a8542
xlsr_english,suta,180,stage5ext_00721,b93abbafef94b7d98a7356f6312da390c93f78376374ceb597ee3d26425dc05d7b3fe7fc290b835365c2ba77cf232a93597f059b5a2aaa5c715299a8614492e4,Canadian English,canada,"After leaving politics, Clement has held various paid and unpaid positions.",after leaving politics clement has held various paid and unpaid positions,864010753ba06c22a5c7696761d91083365f954df167c2cde3f2576df29fcaa0
xlsr_english,suta,180,stage5ext_00722,b93abbafef94b7d98a7356f6312da390c93f78376374ceb597ee3d26425dc05d7b3fe7fc290b835365c2ba77cf232a93597f059b5a2aaa5c715299a8614492e4,Canadian English,canada,The same thing can happen to the player's bike.,the same thing can happen to the players bike,864010753ba06c22a5c7696761d91083365f954df167c2cde3f2576df29fcaa0
xlsr_english,suta,180,stage5ext_00723,b93abbafef94b7d98a7356f6312da390c93f78376374ceb597ee3d26425dc05d7b3fe7fc290b835365c2ba77cf232a93597f059b5a2aaa5c715299a8614492e4,Canadian English,canada,She wanted to become a dancer but it didn't work out.,she wanted to become a dancer but it didnt work out,864010753ba06c22a5c7696761d91083365f954df167c2cde3f2576df29fcaa0
xlsr_english,suta,180,stage5ext_00724,b93abbafef94b7d98a7356f6312da390c93f78376374ceb597ee3d26425dc05d7b3fe7fc290b835365c2ba77cf232a93597f059b5a2aaa5c715299a8614492e4,Canadian English,canada,At trial and appeal the claim was dismissed.,at trial and appeal the claim was dismissed,864010753ba06c22a5c7696761d91083365f954df167c2cde3f2576df29fcaa0
xlsr_english,suta,181,stage5ext_00725,b93abbafef94b7d98a7356f6312da390c93f78376374ceb597ee3d26425dc05d7b3fe7fc290b835365c2ba77cf232a93597f059b5a2aaa5c715299a8614492e4,Canadian English,canada,"Its headquarters is located in Chiyoda, Tokyo.",its headquarters is located in shiota tokyo,6b21e3424f624f35ca600f9b798f8afc87f91b53dcbad44afaf995120feaeb9a
xlsr_english,suta,181,stage5ext_00726,b93abbafef94b7d98a7356f6312da390c93f78376374ceb597ee3d26425dc05d7b3fe7fc290b835365c2ba77cf232a93597f059b5a2aaa5c715299a8614492e4,Canadian English,canada,He was forbidden any further writing.,he was forbidden any further writing,6b21e3424f624f35ca600f9b798f8afc87f91b53dcbad44afaf995120feaeb9a
xlsr_english,suta,181,stage5ext_00727,b93abbafef94b7d98a7356f6312da390c93f78376374ceb597ee3d26425dc05d7b3fe7fc290b835365c2ba77cf232a93597f059b5a2aaa5c715299a8614492e4,Canadian English,canada,It offers yet another musical style change.,it offers yet another musical style change,6b21e3424f624f35ca600f9b798f8afc87f91b53dcbad44afaf995120feaeb9a
xlsr_english,suta,181,stage5ext_00728,b93abbafef94b7d98a7356f6312da390c93f78376374ceb597ee3d26425dc05d7b3fe7fc290b835365c2ba77cf232a93597f059b5a2aaa5c715299a8614492e4,Canadian English,canada,The measured flux is proportional to the covariance.,the measured flux is proportional to the covariance,6b21e3424f624f35ca600f9b798f8afc87f91b53dcbad44afaf995120feaeb9a
xlsr_english,suta,182,stage5ext_00729,b93abbafef94b7d98a7356f6312da390c93f78376374ceb597ee3d26425dc05d7b3fe7fc290b835365c2ba77cf232a93597f059b5a2aaa5c715299a8614492e4,Canadian English,canada,Also on hand was the young comedian Richard Pryor.,also on hand was the young comedian richard pror,36099e55a753138838987108cfaf25ac3843d1e806e33f929c24e711f343751c
xlsr_english,suta,182,stage5ext_00730,b93abbafef94b7d98a7356f6312da390c93f78376374ceb597ee3d26425dc05d7b3fe7fc290b835365c2ba77cf232a93597f059b5a2aaa5c715299a8614492e4,Canadian English,canada,"He is an alumnus of Saratoga High School in Saratoga, California.",he is an alumnus of saratoga high school in saratoga california,36099e55a753138838987108cfaf25ac3843d1e806e33f929c24e711f343751c
xlsr_english,suta,182,stage5ext_00731,b93abbafef94b7d98a7356f6312da390c93f78376374ceb597ee3d26425dc05d7b3fe7fc290b835365c2ba77cf232a93597f059b5a2aaa5c715299a8614492e4,Canadian English,canada,No cause was given and there were no immediate survivors.,no cause was given and there were no immediate survivors,36099e55a753138838987108cfaf25ac3843d1e806e33f929c24e711f343751c
xlsr_english,suta,182,stage5ext_00732,b93abbafef94b7d98a7356f6312da390c93f78376374ceb597ee3d26425dc05d7b3fe7fc290b835365c2ba77cf232a93597f059b5a2aaa5c715299a8614492e4,Canadian English,canada,It is more applicable when there is a liquidity crunch in the market.,it is more applicable when there is a liquidity crunch in the market,36099e55a753138838987108cfaf25ac3843d1e806e33f929c24e711f343751c
xlsr_english,suta,183,stage5ext_00733,b93abbafef94b7d98a7356f6312da390c93f78376374ceb597ee3d26425dc05d7b3fe7fc290b835365c2ba77cf232a93597f059b5a2aaa5c715299a8614492e4,Canadian English,canada,There again he taught rhetoric for three years.,there again he taught retorick for three years,d81db8018b7b9db7800dc6e8841ea56c386868809042d69a2244971bf9e15db0
xlsr_english,suta,183,stage5ext_00734,b93abbafef94b7d98a7356f6312da390c93f78376374ceb597ee3d26425dc05d7b3fe7fc290b835365c2ba77cf232a93597f059b5a2aaa5c715299a8614492e4,Canadian English,canada,It is a potent skin irritant.,it is a potent skin irritant,d81db8018b7b9db7800dc6e8841ea56c386868809042d69a2244971bf9e15db0
xlsr_english,suta,183,stage5ext_00735,b93abbafef94b7d98a7356f6312da390c93f78376374ceb597ee3d26425dc05d7b3fe7fc290b835365c2ba77cf232a93597f059b5a2aaa5c715299a8614492e4,Canadian English,canada,Westphal is a former assistant coach on Lionel Hollins' staff on the Brooklyn Nets.,westfall is a former assistant coach on lionel hollands staff on the broklyn nets,d81db8018b7b9db7800dc6e8841ea56c386868809042d69a2244971bf9e15db0
xlsr_english,suta,183,stage5ext_00736,1225019d528d47c1a589b05ca13577c68d50b27cb794f00d65a7a4be094e4f5e9f0bc35233e80e36ddfba17fa9c185dec071949ab8a2dce2a58b5d4d9b49d290,Canadian English,canada,"Perhaps, you should just grow sea monkeys.",perhaps you should just grow sea monkeys,d81db8018b7b9db7800dc6e8841ea56c386868809042d69a2244971bf9e15db0
xlsr_english,suta,184,stage5ext_00737,1225019d528d47c1a589b05ca13577c68d50b27cb794f00d65a7a4be094e4f5e9f0bc35233e80e36ddfba17fa9c185dec071949ab8a2dce2a58b5d4d9b49d290,Canadian English,canada,"No, that was never his real plan.",no that was never his real plan,2e7262800f6525836024edfff5a19cc91b760af0af42ea793aec6381f9abb262
xlsr_english,suta,184,stage5ext_00738,1225019d528d47c1a589b05ca13577c68d50b27cb794f00d65a7a4be094e4f5e9f0bc35233e80e36ddfba17fa9c185dec071949ab8a2dce2a58b5d4d9b49d290,Canadian English,canada,Might I enquire as to whom I'm addressing?,might i enquire as to whom im addressing,2e7262800f6525836024edfff5a19cc91b760af0af42ea793aec6381f9abb262
xlsr_english,suta,184,stage5ext_00739,1225019d528d47c1a589b05ca13577c68d50b27cb794f00d65a7a4be094e4f5e9f0bc35233e80e36ddfba17fa9c185dec071949ab8a2dce2a58b5d4d9b49d290,Canadian English,canada,"By increasing the salinity of the water, we alter its dew point.",by increasing the salinity of the water we alter its duepoint,2e7262800f6525836024edfff5a19cc91b760af0af42ea793aec6381f9abb262
xlsr_english,suta,184,stage5ext_00740,1225019d528d47c1a589b05ca13577c68d50b27cb794f00d65a7a4be094e4f5e9f0bc35233e80e36ddfba17fa9c185dec071949ab8a2dce2a58b5d4d9b49d290,Canadian English,canada,"Deliberate slowly, execute promptly.",deliberate slowly execute promtly,2e7262800f6525836024edfff5a19cc91b760af0af42ea793aec6381f9abb262
xlsr_english,suta,185,stage5ext_00741,1225019d528d47c1a589b05ca13577c68d50b27cb794f00d65a7a4be094e4f5e9f0bc35233e80e36ddfba17fa9c185dec071949ab8a2dce2a58b5d4d9b49d290,Canadian English,canada,What am I to do?,what am i todo,e2e2d4e355bb7f0376b0d5eac7a102b851e9a307c8f4d13fc7400f59ee8fb2e2
xlsr_english,suta,185,stage5ext_00742,1225019d528d47c1a589b05ca13577c68d50b27cb794f00d65a7a4be094e4f5e9f0bc35233e80e36ddfba17fa9c185dec071949ab8a2dce2a58b5d4d9b49d290,Canadian English,canada,"I've brought you some cheese, because I know you love cheese.",ive brought you some chees because i know you love chees,e2e2d4e355bb7f0376b0d5eac7a102b851e9a307c8f4d13fc7400f59ee8fb2e2
xlsr_english,suta,185,stage5ext_00743,1225019d528d47c1a589b05ca13577c68d50b27cb794f00d65a7a4be094e4f5e9f0bc35233e80e36ddfba17fa9c185dec071949ab8a2dce2a58b5d4d9b49d290,Canadian English,canada,"Easy come, easy go.",easycome easy go,e2e2d4e355bb7f0376b0d5eac7a102b851e9a307c8f4d13fc7400f59ee8fb2e2
xlsr_english,suta,185,stage5ext_00744,1225019d528d47c1a589b05ca13577c68d50b27cb794f00d65a7a4be094e4f5e9f0bc35233e80e36ddfba17fa9c185dec071949ab8a2dce2a58b5d4d9b49d290,Canadian English,canada,"The builder placed the brick onto the plank of wood, so it would bend into shape.",the builder placed the brick onto the pank of wood so it would bend into shape,e2e2d4e355bb7f0376b0d5eac7a102b851e9a307c8f4d13fc7400f59ee8fb2e2
xlsr_english,suta,186,stage5ext_00745,1225019d528d47c1a589b05ca13577c68d50b27cb794f00d65a7a4be094e4f5e9f0bc35233e80e36ddfba17fa9c185dec071949ab8a2dce2a58b5d4d9b49d290,Canadian English,canada,How does slow cooling of the hot gaseous state result in pure crystals?,how to slow cooling of the hot gacius state result in pure crystals,8b284325ddc387a8bb8e09bca0b46afbd9937767423458983bf79d735eec7837
xlsr_english,suta,186,stage5ext_00746,1225019d528d47c1a589b05ca13577c68d50b27cb794f00d65a7a4be094e4f5e9f0bc35233e80e36ddfba17fa9c185dec071949ab8a2dce2a58b5d4d9b49d290,Canadian English,canada,"He stood up, and by the time he went back to his seat everybody in the room was questioning the meaning of life.",he stood up and by the time he went back to a seat everybody in the room was questioning the meaning of life,8b284325ddc387a8bb8e09bca0b46afbd9937767423458983bf79d735eec7837
xlsr_english,suta,186,stage5ext_00747,1225019d528d47c1a589b05ca13577c68d50b27cb794f00d65a7a4be094e4f5e9f0bc35233e80e36ddfba17fa9c185dec071949ab8a2dce2a58b5d4d9b49d290,Canadian English,canada,"This was a lie, and they all knew it.",this was a ly and they all new it,8b284325ddc387a8bb8e09bca0b46afbd9937767423458983bf79d735eec7837
xlsr_english,suta,186,stage5ext_00748,1225019d528d47c1a589b05ca13577c68d50b27cb794f00d65a7a4be094e4f5e9f0bc35233e80e36ddfba17fa9c185dec071949ab8a2dce2a58b5d4d9b49d290,Canadian English,canada,"After lurking for a minute, the crocodile quickly sprang toward the young hippopotamus and ate it.",after lorking for a minute the crocodile quickly sprang towards the young hippopotomus and aid it,8b284325ddc387a8bb8e09bca0b46afbd9937767423458983bf79d735eec7837
xlsr_english,suta,187,stage5ext_00749,1225019d528d47c1a589b05ca13577c68d50b27cb794f00d65a7a4be094e4f5e9f0bc35233e80e36ddfba17fa9c185dec071949ab8a2dce2a58b5d4d9b49d290,Canadian English,canada,"When you're at a party and somebody says ""banana bread"", a sniper might be near you.",when yure a party and someone says bananabred a sniper might be near you,3e8e19784fef6fc421114fdaa8fa8543ab4de9dce61fe217a2547ff922eda2c2
xlsr_english,suta,187,stage5ext_00750,1225019d528d47c1a589b05ca13577c68d50b27cb794f00d65a7a4be094e4f5e9f0bc35233e80e36ddfba17fa9c185dec071949ab8a2dce2a58b5d4d9b49d290,Canadian English,canada,Do you want me?,do you want me,3e8e19784fef6fc421114fdaa8fa8543ab4de9dce61fe217a2547ff922eda2c2
xlsr_english,suta,187,stage5ext_00751,2365c450d92516275bba41aac73c5acf8ce75bf4896ecbd54c3eaa7f121b53488a25a234605d205f960767e2cb5f88d749e3a035ded3a2e9930f35c814bfd1f8,Irish English,ireland,Me and a friend of mine.,me and a friend of mine,3e8e19784fef6fc421114fdaa8fa8543ab4de9dce61fe217a2547ff922eda2c2
xlsr_english,suta,187,stage5ext_00752,2365c450d92516275bba41aac73c5acf8ce75bf4896ecbd54c3eaa7f121b53488a25a234605d205f960767e2cb5f88d749e3a035ded3a2e9930f35c814bfd1f8,Irish English,ireland,"For most owners of the car model, the issue isn't noticeable.",for most owners of the car model the issue isnt noticeable,3e8e19784fef6fc421114fdaa8fa8543ab4de9dce61fe217a2547ff922eda2c2
xlsr_english,suta,188,stage5ext_00753,2365c450d92516275bba41aac73c5acf8ce75bf4896ecbd54c3eaa7f121b53488a25a234605d205f960767e2cb5f88d749e3a035ded3a2e9930f35c814bfd1f8,Irish English,ireland,I'm afraid she'd feel ashamed to think she hadn't trusted you.,im afraid shed feel ashamed to think she hadnt trusted you,2b30b9b6287221b2aa9d06585a701b9ad3877d142defe42aa2cc97f0b3e71912
xlsr_english,suta,188,stage5ext_00754,2365c450d92516275bba41aac73c5acf8ce75bf4896ecbd54c3eaa7f121b53488a25a234605d205f960767e2cb5f88d749e3a035ded3a2e9930f35c814bfd1f8,Irish English,ireland,Thailand turned out to be a very satisfying holiday.,tilan turned out to be a very satisfying holiday,2b30b9b6287221b2aa9d06585a701b9ad3877d142defe42aa2cc97f0b3e71912
xlsr_english,suta,188,stage5ext_00755,2365c450d92516275bba41aac73c5acf8ce75bf4896ecbd54c3eaa7f121b53488a25a234605d205f960767e2cb5f88d749e3a035ded3a2e9930f35c814bfd1f8,Irish English,ireland,The execution was cancelled.,the execution was cancelled,2b30b9b6287221b2aa9d06585a701b9ad3877d142defe42aa2cc97f0b3e71912
xlsr_english,suta,188,stage5ext_00756,2365c450d92516275bba41aac73c5acf8ce75bf4896ecbd54c3eaa7f121b53488a25a234605d205f960767e2cb5f88d749e3a035ded3a2e9930f35c814bfd1f8,Irish English,ireland,Sometimes I get so mad at you I can't see straight.,sometimes i get so mad od you i can't see strait,2b30b9b6287221b2aa9d06585a701b9ad3877d142defe42aa2cc97f0b3e71912
xlsr_english,suta,189,stage5ext_00757,2365c450d92516275bba41aac73c5acf8ce75bf4896ecbd54c3eaa7f121b53488a25a234605d205f960767e2cb5f88d749e3a035ded3a2e9930f35c814bfd1f8,Irish English,ireland,Crooks don't pay taxes.,criks dont pay taxes,6dfa2b35819a50c0f5c60ae678ba871318fa2844c61793ad2c90ee3d4f91f5e2
xlsr_english,suta,189,stage5ext_00758,2365c450d92516275bba41aac73c5acf8ce75bf4896ecbd54c3eaa7f121b53488a25a234605d205f960767e2cb5f88d749e3a035ded3a2e9930f35c814bfd1f8,Irish English,ireland,Use the tool that's needed for the job.,use the tool thats needed for the job,6dfa2b35819a50c0f5c60ae678ba871318fa2844c61793ad2c90ee3d4f91f5e2
xlsr_english,suta,189,stage5ext_00759,2365c450d92516275bba41aac73c5acf8ce75bf4896ecbd54c3eaa7f121b53488a25a234605d205f960767e2cb5f88d749e3a035ded3a2e9930f35c814bfd1f8,Irish English,ireland,That guy is the writer of a few banned books.,that guy is the writer of a few bind books,6dfa2b35819a50c0f5c60ae678ba871318fa2844c61793ad2c90ee3d4f91f5e2
xlsr_english,suta,189,stage5ext_00760,2365c450d92516275bba41aac73c5acf8ce75bf4896ecbd54c3eaa7f121b53488a25a234605d205f960767e2cb5f88d749e3a035ded3a2e9930f35c814bfd1f8,Irish English,ireland,My cat loves to ensconce herself in my new sofa.,my cat loves to enscalse herself in my new sofa,6dfa2b35819a50c0f5c60ae678ba871318fa2844c61793ad2c90ee3d4f91f5e2
xlsr_english,suta,190,stage5ext_00761,2365c450d92516275bba41aac73c5acf8ce75bf4896ecbd54c3eaa7f121b53488a25a234605d205f960767e2cb5f88d749e3a035ded3a2e9930f35c814bfd1f8,Irish English,ireland,"I feel sick, what should I do?",i feel sick what should i do,3e0d763c1c6190a595763e71bb882770da5ce80526203f97e64d5883500bbc92
xlsr_english,suta,190,stage5ext_00762,2365c450d92516275bba41aac73c5acf8ce75bf4896ecbd54c3eaa7f121b53488a25a234605d205f960767e2cb5f88d749e3a035ded3a2e9930f35c814bfd1f8,Irish English,ireland,I'm in a drugstore.,im in a drugstore,3e0d763c1c6190a595763e71bb882770da5ce80526203f97e64d5883500bbc92
xlsr_english,suta,190,stage5ext_00763,2365c450d92516275bba41aac73c5acf8ce75bf4896ecbd54c3eaa7f121b53488a25a234605d205f960767e2cb5f88d749e3a035ded3a2e9930f35c814bfd1f8,Irish English,ireland,You know very well why.,you know very well why,3e0d763c1c6190a595763e71bb882770da5ce80526203f97e64d5883500bbc92
xlsr_english,suta,190,stage5ext_00764,2365c450d92516275bba41aac73c5acf8ce75bf4896ecbd54c3eaa7f121b53488a25a234605d205f960767e2cb5f88d749e3a035ded3a2e9930f35c814bfd1f8,Irish English,ireland,The cannibal was looking for another victim to appease his appetite.,the cannibal was looking for another victim to apease his appetite,3e0d763c1c6190a595763e71bb882770da5ce80526203f97e64d5883500bbc92
xlsr_english,suta,191,stage5ext_00765,2365c450d92516275bba41aac73c5acf8ce75bf4896ecbd54c3eaa7f121b53488a25a234605d205f960767e2cb5f88d749e3a035ded3a2e9930f35c814bfd1f8,Irish English,ireland,He could see tears in her eyes.,he could see tears in her eyes,3f1092823d95987a2b5024f1ea4034166ed12c6a32a5b95acc376f1f0375cba6
xlsr_english,suta,191,stage5ext_00766,06c53aec09bca54d5587147ee1bfcc0a9e2b4162fb75daa79b7fe286dfec0732ff4dcae7125393b19a31f66c66c4bd8cf89665b4dee7b446429efd029e225c59,Irish English,ireland,He later served as a prominent leader of the French Directory.,he later served as prominent leader of the french directory,3f1092823d95987a2b5024f1ea4034166ed12c6a32a5b95acc376f1f0375cba6
xlsr_english,suta,191,stage5ext_00767,06c53aec09bca54d5587147ee1bfcc0a9e2b4162fb75daa79b7fe286dfec0732ff4dcae7125393b19a31f66c66c4bd8cf89665b4dee7b446429efd029e225c59,Irish English,ireland,She held this position for two years before Kim Raine replaced her.,she held this position for two years before kim rayn replaced her,3f1092823d95987a2b5024f1ea4034166ed12c6a32a5b95acc376f1f0375cba6
xlsr_english,suta,191,stage5ext_00768,06c53aec09bca54d5587147ee1bfcc0a9e2b4162fb75daa79b7fe286dfec0732ff4dcae7125393b19a31f66c66c4bd8cf89665b4dee7b446429efd029e225c59,Irish English,ireland,Fetsios competed in the two rifle events.,fetzios competed in two rifle events,3f1092823d95987a2b5024f1ea4034166ed12c6a32a5b95acc376f1f0375cba6
xlsr_english,suta,192,stage5ext_00769,06c53aec09bca54d5587147ee1bfcc0a9e2b4162fb75daa79b7fe286dfec0732ff4dcae7125393b19a31f66c66c4bd8cf89665b4dee7b446429efd029e225c59,Irish English,ireland,"Because it is widely known, ""Lumbricus"" goes under a variety of common names.",because it is widely known lumbricus goes under a variety of common names,782a5d53a4679ff74496e6c96d2d2bcee2ecd13f3cfe340857971ccdfde59c49
xlsr_english,suta,192,stage5ext_00770,06c53aec09bca54d5587147ee1bfcc0a9e2b4162fb75daa79b7fe286dfec0732ff4dcae7125393b19a31f66c66c4bd8cf89665b4dee7b446429efd029e225c59,Irish English,ireland,O'Farrell is a six-time winner of the Rotary cartoons award.,ofarel is a sixtime winner of the rosary cartoons award,782a5d53a4679ff74496e6c96d2d2bcee2ecd13f3cfe340857971ccdfde59c49
xlsr_english,suta,192,stage5ext_00771,06c53aec09bca54d5587147ee1bfcc0a9e2b4162fb75daa79b7fe286dfec0732ff4dcae7125393b19a31f66c66c4bd8cf89665b4dee7b446429efd029e225c59,Irish English,ireland,He was arrested and thrown in jail.,he was arrested and thron in jail,782a5d53a4679ff74496e6c96d2d2bcee2ecd13f3cfe340857971ccdfde59c49
xlsr_english,suta,192,stage5ext_00772,06c53aec09bca54d5587147ee1bfcc0a9e2b4162fb75daa79b7fe286dfec0732ff4dcae7125393b19a31f66c66c4bd8cf89665b4dee7b446429efd029e225c59,Irish English,ireland,"He was known as the leader of the ""fighting Quakers"".",he was known as the leader of the fighting quakers,782a5d53a4679ff74496e6c96d2d2bcee2ecd13f3cfe340857971ccdfde59c49
xlsr_english,suta,193,stage5ext_00773,06c53aec09bca54d5587147ee1bfcc0a9e2b4162fb75daa79b7fe286dfec0732ff4dcae7125393b19a31f66c66c4bd8cf89665b4dee7b446429efd029e225c59,Irish English,ireland,He also served in both the Assembly and Senate of the California State Legislature.,he also served in both the assembly and senate of the california state legislature,76b9e3d0192656085be7bd370453a48a2c0bc322f696eba2b715a88166609d7e
xlsr_english,suta,193,stage5ext_00774,06c53aec09bca54d5587147ee1bfcc0a9e2b4162fb75daa79b7fe286dfec0732ff4dcae7125393b19a31f66c66c4bd8cf89665b4dee7b446429efd029e225c59,Irish English,ireland,Many of the Gretna Girls lived in group hostels which were staffed by matrons.,many of the gretne girls lived in group hostles which were staffed by matrons,76b9e3d0192656085be7bd370453a48a2c0bc322f696eba2b715a88166609d7e
xlsr_english,suta,193,stage5ext_00775,06c53aec09bca54d5587147ee1bfcc0a9e2b4162fb75daa79b7fe286dfec0732ff4dcae7125393b19a31f66c66c4bd8cf89665b4dee7b446429efd029e225c59,Irish English,ireland,The next day Delfino attacked.,the next day delfino attacked,76b9e3d0192656085be7bd370453a48a2c0bc322f696eba2b715a88166609d7e
xlsr_english,suta,193,stage5ext_00776,06c53aec09bca54d5587147ee1bfcc0a9e2b4162fb75daa79b7fe286dfec0732ff4dcae7125393b19a31f66c66c4bd8cf89665b4dee7b446429efd029e225c59,Irish English,ireland,See the article on Barnett for an outline of his ideas.,see the article on barnis for an outline of his ideas,76b9e3d0192656085be7bd370453a48a2c0bc322f696eba2b715a88166609d7e
xlsr_english,suta,194,stage5ext_00777,06c53aec09bca54d5587147ee1bfcc0a9e2b4162fb75daa79b7fe286dfec0732ff4dcae7125393b19a31f66c66c4bd8cf89665b4dee7b446429efd029e225c59,Irish English,ireland,"In addition, after German reunification, there were several Heiligenstadts in Germany.",inaddition after german reunification there were several heilingen stats in germany,fcc8f1690a259a5458fc6755dd37da73bd1439c70a30ba9c00d0cd3e606970c1
xlsr_english,suta,194,stage5ext_00778,06c53aec09bca54d5587147ee1bfcc0a9e2b4162fb75daa79b7fe286dfec0732ff4dcae7125393b19a31f66c66c4bd8cf89665b4dee7b446429efd029e225c59,Irish English,ireland,"The Norse form of the name was ""Surkudalr"".",the norse form of the name was sircudeller,fcc8f1690a259a5458fc6755dd37da73bd1439c70a30ba9c00d0cd3e606970c1
xlsr_english,suta,194,stage5ext_00779,06c53aec09bca54d5587147ee1bfcc0a9e2b4162fb75daa79b7fe286dfec0732ff4dcae7125393b19a31f66c66c4bd8cf89665b4dee7b446429efd029e225c59,Irish English,ireland,But all this will be useless.,but all this will be useless,fcc8f1690a259a5458fc6755dd37da73bd1439c70a30ba9c00d0cd3e606970c1
xlsr_english,suta,194,stage5ext_00780,06c53aec09bca54d5587147ee1bfcc0a9e2b4162fb75daa79b7fe286dfec0732ff4dcae7125393b19a31f66c66c4bd8cf89665b4dee7b446429efd029e225c59,Irish English,ireland,I'm a bit loath to say which!,im a bit loathed to say which,fcc8f1690a259a5458fc6755dd37da73bd1439c70a30ba9c00d0cd3e606970c1
xlsr_english,suta,195,stage5ext_00781,2bf1907838353bd4ff938cb357518af5cd662218dcf4e05e91bccb5c4981619def6e13f25156c63c468ac5e938051eb89983ae095606bc1ebcbe2aba77dbcf38,Irish English,ireland,Good luck on the way.,good lok on the way,4f7588e31c786d5b462dafb696c63def03fe07cf1c85fe09c522da44ab90977c
xlsr_english,suta,195,stage5ext_00782,2bf1907838353bd4ff938cb357518af5cd662218dcf4e05e91bccb5c4981619def6e13f25156c63c468ac5e938051eb89983ae095606bc1ebcbe2aba77dbcf38,Irish English,ireland,"Like her adored aunt, Paula Wessely prepared for an artistic career.",like her adored ant paula wesley prepared for an artistic career,4f7588e31c786d5b462dafb696c63def03fe07cf1c85fe09c522da44ab90977c
xlsr_english,suta,195,stage5ext_00783,2bf1907838353bd4ff938cb357518af5cd662218dcf4e05e91bccb5c4981619def6e13f25156c63c468ac5e938051eb89983ae095606bc1ebcbe2aba77dbcf38,Irish English,ireland,Fill your pack with bright trinkets for the poor.,filure pack with bright trinkets for the poor,4f7588e31c786d5b462dafb696c63def03fe07cf1c85fe09c522da44ab90977c
xlsr_english,suta,195,stage5ext_00784,2bf1907838353bd4ff938cb357518af5cd662218dcf4e05e91bccb5c4981619def6e13f25156c63c468ac5e938051eb89983ae095606bc1ebcbe2aba77dbcf38,Irish English,ireland,The pigs and cows ran everywhere.,the pigs and cows ran everywhere,4f7588e31c786d5b462dafb696c63def03fe07cf1c85fe09c522da44ab90977c
xlsr_english,suta,196,stage5ext_00785,2bf1907838353bd4ff938cb357518af5cd662218dcf4e05e91bccb5c4981619def6e13f25156c63c468ac5e938051eb89983ae095606bc1ebcbe2aba77dbcf38,Irish English,ireland,"Mrs. McFarlane is a recent widow, versus Mr. McFarlane is alive but away.",mrs mcfarlein is a recent widow versus mr mcfarlein is alive but away,f10e4712b4616d907c193de4ac419add233cad5a304bce4e250ee5ead4471f55
xlsr_english,suta,196,stage5ext_00786,2bf1907838353bd4ff938cb357518af5cd662218dcf4e05e91bccb5c4981619def6e13f25156c63c468ac5e938051eb89983ae095606bc1ebcbe2aba77dbcf38,Irish English,ireland,He regretted not having made himself clearer.,he regretted not having made himself clearer,f10e4712b4616d907c193de4ac419add233cad5a304bce4e250ee5ead4471f55
xlsr_english,suta,196,stage5ext_00787,2bf1907838353bd4ff938cb357518af5cd662218dcf4e05e91bccb5c4981619def6e13f25156c63c468ac5e938051eb89983ae095606bc1ebcbe2aba77dbcf38,Irish English,ireland,The omens have led me on a wild chase.,the omans have led me on a wild chase,f10e4712b4616d907c193de4ac419add233cad5a304bce4e250ee5ead4471f55
xlsr_english,suta,196,stage5ext_00788,2bf1907838353bd4ff938cb357518af5cd662218dcf4e05e91bccb5c4981619def6e13f25156c63c468ac5e938051eb89983ae095606bc1ebcbe2aba77dbcf38,Irish English,ireland,Rome was not built in a day.,rome wasnot built in a day,f10e4712b4616d907c193de4ac419add233cad5a304bce4e250ee5ead4471f55
xlsr_english,suta,197,stage5ext_00789,2bf1907838353bd4ff938cb357518af5cd662218dcf4e05e91bccb5c4981619def6e13f25156c63c468ac5e938051eb89983ae095606bc1ebcbe2aba77dbcf38,Irish English,ireland,That's an inherent disadvantage.,thats an inherent disadvantage,15f31e519d5d7e0d208fb09aaaa79a0d9c9adb05befba1013751ae93f8f789a4
xlsr_english,suta,197,stage5ext_00790,2bf1907838353bd4ff938cb357518af5cd662218dcf4e05e91bccb5c4981619def6e13f25156c63c468ac5e938051eb89983ae095606bc1ebcbe2aba77dbcf38,Irish English,ireland,I wasn't certain it'd work at all yesterday.,i wasnt certain it'd work at all yesterday,15f31e519d5d7e0d208fb09aaaa79a0d9c9adb05befba1013751ae93f8f789a4
xlsr_english,suta,197,stage5ext_00791,2bf1907838353bd4ff938cb357518af5cd662218dcf4e05e91bccb5c4981619def6e13f25156c63c468ac5e938051eb89983ae095606bc1ebcbe2aba77dbcf38,Irish English,ireland,The night becomes a turning point for all five men.,the nice became a turning point for all five men,15f31e519d5d7e0d208fb09aaaa79a0d9c9adb05befba1013751ae93f8f789a4
xlsr_english,suta,197,stage5ext_00792,2bf1907838353bd4ff938cb357518af5cd662218dcf4e05e91bccb5c4981619def6e13f25156c63c468ac5e938051eb89983ae095606bc1ebcbe2aba77dbcf38,Irish English,ireland,The population size depends on the nature of the problem.,the population size depends on the nature of the problem,15f31e519d5d7e0d208fb09aaaa79a0d9c9adb05befba1013751ae93f8f789a4
xlsr_english,suta,198,stage5ext_00793,2bf1907838353bd4ff938cb357518af5cd662218dcf4e05e91bccb5c4981619def6e13f25156c63c468ac5e938051eb89983ae095606bc1ebcbe2aba77dbcf38,Irish English,ireland,"Maxwell, who was killed in Wan Chai three days before the ceasefire.",motwell he was killed in one chy three days before the sig fire,2c22f8d8a6f247892128706406977ed0468066e6a3234ad9c1fe66e30a0534ec
xlsr_english,suta,198,stage5ext_00794,2bf1907838353bd4ff938cb357518af5cd662218dcf4e05e91bccb5c4981619def6e13f25156c63c468ac5e938051eb89983ae095606bc1ebcbe2aba77dbcf38,Irish English,ireland,A new broom sweeps clean What's bred in the bone.,a new broom sweets clean white spread in the bone,2c22f8d8a6f247892128706406977ed0468066e6a3234ad9c1fe66e30a0534ec
xlsr_english,suta,198,stage5ext_00795,2bf1907838353bd4ff938cb357518af5cd662218dcf4e05e91bccb5c4981619def6e13f25156c63c468ac5e938051eb89983ae095606bc1ebcbe2aba77dbcf38,Irish English,ireland,The beauty of the view stunned the young boy.,the beauty of the view stuns the young boy,2c22f8d8a6f247892128706406977ed0468066e6a3234ad9c1fe66e30a0534ec
xlsr_english,suta,198,stage5ext_00796,f3ea04475e301f84785710b9c56023f3c81f7abff656d40e674db8acde55c748688d0a4285eb6e8ea7f4d8b1fb6c99ab3c7f7d460878c4193256a61831e17ce7,Irish English,ireland,Reddy and his wife have two daughters.,reddy and his wife have two daughters,2c22f8d8a6f247892128706406977ed0468066e6a3234ad9c1fe66e30a0534ec
xlsr_english,suta,199,stage5ext_00797,f3ea04475e301f84785710b9c56023f3c81f7abff656d40e674db8acde55c748688d0a4285eb6e8ea7f4d8b1fb6c99ab3c7f7d460878c4193256a61831e17ce7,Irish English,ireland,The Arab executive that emerged from that conference.,the alab executive that emerged from that conference,0af3ad1f10a8b2bf98ec6af5ceb4f7892db1b5c063ed2b5657657ed18d1cd2c7
xlsr_english,suta,199,stage5ext_00798,f3ea04475e301f84785710b9c56023f3c81f7abff656d40e674db8acde55c748688d0a4285eb6e8ea7f4d8b1fb6c99ab3c7f7d460878c4193256a61831e17ce7,Irish English,ireland,The book goes further by examining irony and sarcasm.,the bokgos fogo by examining irony and saf hesen,0af3ad1f10a8b2bf98ec6af5ceb4f7892db1b5c063ed2b5657657ed18d1cd2c7
xlsr_english,suta,199,stage5ext_00799,f3ea04475e301f84785710b9c56023f3c81f7abff656d40e674db8acde55c748688d0a4285eb6e8ea7f4d8b1fb6c99ab3c7f7d460878c4193256a61831e17ce7,Irish English,ireland,He is close to the Lebanese Forces.,he is close to lethanese forces,0af3ad1f10a8b2bf98ec6af5ceb4f7892db1b5c063ed2b5657657ed18d1cd2c7
xlsr_english,suta,199,stage5ext_00800,f3ea04475e301f84785710b9c56023f3c81f7abff656d40e674db8acde55c748688d0a4285eb6e8ea7f4d8b1fb6c99ab3c7f7d460878c4193256a61831e17ce7,Irish English,ireland,Deane was overpowered and forced to surrender the prizes.,team was overpowered and forced to surrender the prizes,0af3ad1f10a8b2bf98ec6af5ceb4f7892db1b5c063ed2b5657657ed18d1cd2c7
xlsr_english,suta,200,stage5ext_00801,f3ea04475e301f84785710b9c56023f3c81f7abff656d40e674db8acde55c748688d0a4285eb6e8ea7f4d8b1fb6c99ab3c7f7d460878c4193256a61831e17ce7,Irish English,ireland,He was her second husband and they had no children.,he was her second husband and they had no children,4b8528c941c00ff8410ca622a144241905563c916af17ff26e6ed05731b9a478
xlsr_english,suta,200,stage5ext_00802,f3ea04475e301f84785710b9c56023f3c81f7abff656d40e674db8acde55c748688d0a4285eb6e8ea7f4d8b1fb6c99ab3c7f7d460878c4193256a61831e17ce7,Irish English,ireland,The transports were presumably carrying prisoners from the British capture of Corsica.,the transports were presumably carrying prisoners and the british capture coisabeth,4b8528c941c00ff8410ca622a144241905563c916af17ff26e6ed05731b9a478
xlsr_english,suta,200,stage5ext_00803,f3ea04475e301f84785710b9c56023f3c81f7abff656d40e674db8acde55c748688d0a4285eb6e8ea7f4d8b1fb6c99ab3c7f7d460878c4193256a61831e17ce7,Irish English,ireland,They clear their stand that they will stand with all communities or caste.,they clearly stand e balstand with all communities or paste,4b8528c941c00ff8410ca622a144241905563c916af17ff26e6ed05731b9a478
xlsr_english,suta,200,stage5ext_00804,f3ea04475e301f84785710b9c56023f3c81f7abff656d40e674db8acde55c748688d0a4285eb6e8ea7f4d8b1fb6c99ab3c7f7d460878c4193256a61831e17ce7,Irish English,ireland,Lieutenant Colonel Bell was awarded his second Silver Star for his leadership.,lieutenant colonel bell was awarded his second ilverstar for his leadership,4b8528c941c00ff8410ca622a144241905563c916af17ff26e6ed05731b9a478
xlsr_english,suta,201,stage5ext_00805,f3ea04475e301f84785710b9c56023f3c81f7abff656d40e674db8acde55c748688d0a4285eb6e8ea7f4d8b1fb6c99ab3c7f7d460878c4193256a61831e17ce7,Irish English,ireland,The automobiles in the Miles Collier Collections at the Revs Institute are working vehicles.,the automobiles in the miles collier collections at the reris intitita working vehicles,c726f0712cdb5839e2e0df6df7528209e605f48dbb993c0c532dbbbc07a0b8b2
xlsr_english,suta,201,stage5ext_00806,f3ea04475e301f84785710b9c56023f3c81f7abff656d40e674db8acde55c748688d0a4285eb6e8ea7f4d8b1fb6c99ab3c7f7d460878c4193256a61831e17ce7,Irish English,ireland,The town is located on the French way of the Camino de Santiago.,the taz located on the frenchway of canine do santiago,c726f0712cdb5839e2e0df6df7528209e605f48dbb993c0c532dbbbc07a0b8b2
xlsr_english,suta,201,stage5ext_00807,f3ea04475e301f84785710b9c56023f3c81f7abff656d40e674db8acde55c748688d0a4285eb6e8ea7f4d8b1fb6c99ab3c7f7d460878c4193256a61831e17ce7,Irish English,ireland,Bejarano chose to conduct instead of pursuing her doctorate.,bejoano chose to conduct and sedled porsue her doctor,c726f0712cdb5839e2e0df6df7528209e605f48dbb993c0c532dbbbc07a0b8b2
xlsr_english,suta,201,stage5ext_00808,f3ea04475e301f84785710b9c56023f3c81f7abff656d40e674db8acde55c748688d0a4285eb6e8ea7f4d8b1fb6c99ab3c7f7d460878c4193256a61831e17ce7,Irish English,ireland,It has not been excavated.,it has not been excavated,c726f0712cdb5839e2e0df6df7528209e605f48dbb993c0c532dbbbc07a0b8b2
xlsr_english,suta,202,stage5ext_00809,f3ea04475e301f84785710b9c56023f3c81f7abff656d40e674db8acde55c748688d0a4285eb6e8ea7f4d8b1fb6c99ab3c7f7d460878c4193256a61831e17ce7,Irish English,ireland,The result was much the same as St.,the result was much the same as sait,6db84225562c7df96e30cbd57310b12b332a27ab39a7f6ee8cd812f0f58e9675
xlsr_english,suta,202,stage5ext_00810,f3ea04475e301f84785710b9c56023f3c81f7abff656d40e674db8acde55c748688d0a4285eb6e8ea7f4d8b1fb6c99ab3c7f7d460878c4193256a61831e17ce7,Irish English,ireland,All four were shot in the United Kingdom.,all four were shot in the united kindom,6db84225562c7df96e30cbd57310b12b332a27ab39a7f6ee8cd812f0f58e9675
xlsr_english,suta,202,stage5ext_00811,98434a9a8b4630d9b92df639cfe24cc4aaa5f87868d474c89db46b5c64a423a9bd79967d06c7657d145d04e562a7f2a8c5293333078c2f76c2da86b6ddd14b97,Irish English,ireland,"He treats ""Greek love"" as central to Greek ""aesthetic morality.",he treats greek love as central to greek aesthetic morality,6db84225562c7df96e30cbd57310b12b332a27ab39a7f6ee8cd812f0f58e9675
xlsr_english,suta,202,stage5ext_00812,98434a9a8b4630d9b92df639cfe24cc4aaa5f87868d474c89db46b5c64a423a9bd79967d06c7657d145d04e562a7f2a8c5293333078c2f76c2da86b6ddd14b97,Irish English,ireland,"The other is ""The Five Orange Pips"", part of ""The Adventures of Sherlock Holmes"".",the other is the five orange pips part of the adventures of sherlock holmes,6db84225562c7df96e30cbd57310b12b332a27ab39a7f6ee8cd812f0f58e9675
xlsr_english,suta,203,stage5ext_00813,98434a9a8b4630d9b92df639cfe24cc4aaa5f87868d474c89db46b5c64a423a9bd79967d06c7657d145d04e562a7f2a8c5293333078c2f76c2da86b6ddd14b97,Irish English,ireland,He used parallels and meridians to link together every place in the world.,he used parallels and meridians to link together every place in the world,30505378522007dd96a23831a37dd7dde0a2846595e0000d99bd95f91fd89b0e
xlsr_english,suta,203,stage5ext_00814,98434a9a8b4630d9b92df639cfe24cc4aaa5f87868d474c89db46b5c64a423a9bd79967d06c7657d145d04e562a7f2a8c5293333078c2f76c2da86b6ddd14b97,Irish English,ireland,"Some train sets use equipment owned by Metro-North, which are so marked.",some train setese equipment owned by metro north which are so marked,30505378522007dd96a23831a37dd7dde0a2846595e0000d99bd95f91fd89b0e
xlsr_english,suta,203,stage5ext_00815,98434a9a8b4630d9b92df639cfe24cc4aaa5f87868d474c89db46b5c64a423a9bd79967d06c7657d145d04e562a7f2a8c5293333078c2f76c2da86b6ddd14b97,Irish English,ireland,Its county seat is Aspermont.,its county seat is aspermont,30505378522007dd96a23831a37dd7dde0a2846595e0000d99bd95f91fd89b0e
xlsr_english,suta,203,stage5ext_00816,98434a9a8b4630d9b92df639cfe24cc4aaa5f87868d474c89db46b5c64a423a9bd79967d06c7657d145d04e562a7f2a8c5293333078c2f76c2da86b6ddd14b97,Irish English,ireland,Urquhart was rewarded with the Norwegian Order of Saint Olav.,ukuart was rewarded with the norwegian order of saint olaf,30505378522007dd96a23831a37dd7dde0a2846595e0000d99bd95f91fd89b0e
xlsr_english,suta,204,stage5ext_00817,98434a9a8b4630d9b92df639cfe24cc4aaa5f87868d474c89db46b5c64a423a9bd79967d06c7657d145d04e562a7f2a8c5293333078c2f76c2da86b6ddd14b97,Irish English,ireland,"However, gadolinite does not contain more than trace amounts of gadolinium.",however gatilanise doesnot contain more than tracemans of gadolineum,45e43f4734488b5fb011d80eddb03a87d7744e20936aeeee08ec3f6f2e5836bd
xlsr_english,suta,204,stage5ext_00818,98434a9a8b4630d9b92df639cfe24cc4aaa5f87868d474c89db46b5c64a423a9bd79967d06c7657d145d04e562a7f2a8c5293333078c2f76c2da86b6ddd14b97,Irish English,ireland,It is still in circulation on radio.,it is still in circulation on radio,45e43f4734488b5fb011d80eddb03a87d7744e20936aeeee08ec3f6f2e5836bd
xlsr_english,suta,204,stage5ext_00819,98434a9a8b4630d9b92df639cfe24cc4aaa5f87868d474c89db46b5c64a423a9bd79967d06c7657d145d04e562a7f2a8c5293333078c2f76c2da86b6ddd14b97,Irish English,ireland,"Bach heard about the audition for ""The Dukes of Hazzard"" through her husband.",bach heard about the audition for the dukes of hazard throw her husband,45e43f4734488b5fb011d80eddb03a87d7744e20936aeeee08ec3f6f2e5836bd
xlsr_english,suta,204,stage5ext_00820,98434a9a8b4630d9b92df639cfe24cc4aaa5f87868d474c89db46b5c64a423a9bd79967d06c7657d145d04e562a7f2a8c5293333078c2f76c2da86b6ddd14b97,Irish English,ireland,"Upon his appointment, he prohibited alcohol drinking among his players.",on his appointment he prohibites alcohol drinking among his players,45e43f4734488b5fb011d80eddb03a87d7744e20936aeeee08ec3f6f2e5836bd
xlsr_english,suta,205,stage5ext_00821,98434a9a8b4630d9b92df639cfe24cc4aaa5f87868d474c89db46b5c64a423a9bd79967d06c7657d145d04e562a7f2a8c5293333078c2f76c2da86b6ddd14b97,Irish English,ireland,"All the Nevada sites below are gaming-entitled, unless otherwise noted.",all the navada sites below are gaming entitled unless otherwise noted,71219c8fa074a169e1babcb5a398b0929bf49b5f3c2000943c0ba1951db986b9
xlsr_english,suta,205,stage5ext_00822,98434a9a8b4630d9b92df639cfe24cc4aaa5f87868d474c89db46b5c64a423a9bd79967d06c7657d145d04e562a7f2a8c5293333078c2f76c2da86b6ddd14b97,Irish English,ireland,The defensive line was anchored by Pro Bowlers Tom Keating and Ben Davidson.,the defensive line was anchored by pro bowlers tom keating and ben davidson,71219c8fa074a169e1babcb5a398b0929bf49b5f3c2000943c0ba1951db986b9
xlsr_english,suta,205,stage5ext_00823,98434a9a8b4630d9b92df639cfe24cc4aaa5f87868d474c89db46b5c64a423a9bd79967d06c7657d145d04e562a7f2a8c5293333078c2f76c2da86b6ddd14b97,Irish English,ireland,May is also an accomplished singer.,may is also an accomplished singer,71219c8fa074a169e1babcb5a398b0929bf49b5f3c2000943c0ba1951db986b9
xlsr_english,suta,205,stage5ext_00824,98434a9a8b4630d9b92df639cfe24cc4aaa5f87868d474c89db46b5c64a423a9bd79967d06c7657d145d04e562a7f2a8c5293333078c2f76c2da86b6ddd14b97,Irish English,ireland,Miriam appeared in the doorway.,miriam appeared in the doorway,71219c8fa074a169e1babcb5a398b0929bf49b5f3c2000943c0ba1951db986b9
xlsr_english,suta,206,stage5ext_00825,98434a9a8b4630d9b92df639cfe24cc4aaa5f87868d474c89db46b5c64a423a9bd79967d06c7657d145d04e562a7f2a8c5293333078c2f76c2da86b6ddd14b97,Irish English,ireland,They were each sentenced to six months in jail.,they were each sentenced to six months in jail,4bd79174e6c0f5aafc105a83df4ba0d319e853b13da0dbf9aa24442460bc251e
xlsr_english,suta,206,stage5ext_00826,194875abc05277ec185b84e1233196c510a5057c4ac33820e8421f58778f054d7eebd2f70a62c96c79b93aa9f5cf99ec1e7e763ee45eed080dfa952fa8bdeb40,Irish English,ireland,The boy preferred wine.,the boy preferred whine,4bd79174e6c0f5aafc105a83df4ba0d319e853b13da0dbf9aa24442460bc251e
xlsr_english,suta,206,stage5ext_00827,194875abc05277ec185b84e1233196c510a5057c4ac33820e8421f58778f054d7eebd2f70a62c96c79b93aa9f5cf99ec1e7e763ee45eed080dfa952fa8bdeb40,Irish English,ireland,But he knew that Salem wasn't in Andalusia.,but he new that salem wasnt in andalusia,4bd79174e6c0f5aafc105a83df4ba0d319e853b13da0dbf9aa24442460bc251e
xlsr_english,suta,206,stage5ext_00828,194875abc05277ec185b84e1233196c510a5057c4ac33820e8421f58778f054d7eebd2f70a62c96c79b93aa9f5cf99ec1e7e763ee45eed080dfa952fa8bdeb40,Irish English,ireland,"He had found where his treasure was, and was frightened at what might happen.",he had found where his treasure was and was frightened at what might happen,4bd79174e6c0f5aafc105a83df4ba0d319e853b13da0dbf9aa24442460bc251e
xlsr_english,suta,207,stage5ext_00829,194875abc05277ec185b84e1233196c510a5057c4ac33820e8421f58778f054d7eebd2f70a62c96c79b93aa9f5cf99ec1e7e763ee45eed080dfa952fa8bdeb40,Irish English,ireland,The boy was sad as he left her that day.,the boy was sadas he left her that day,949134e6a1286f77db9d801855bb8d2a7f7b6e003fd4f00c2ec99f412b1d63d5
xlsr_english,suta,207,stage5ext_00830,194875abc05277ec185b84e1233196c510a5057c4ac33820e8421f58778f054d7eebd2f70a62c96c79b93aa9f5cf99ec1e7e763ee45eed080dfa952fa8bdeb40,Irish English,ireland,He didn't want to cry with the other people there.,he didnt want to cry with the other people there,949134e6a1286f77db9d801855bb8d2a7f7b6e003fd4f00c2ec99f412b1d63d5
xlsr_english,suta,207,stage5ext_00831,194875abc05277ec185b84e1233196c510a5057c4ac33820e8421f58778f054d7eebd2f70a62c96c79b93aa9f5cf99ec1e7e763ee45eed080dfa952fa8bdeb40,Irish English,ireland,But horses tire bit by bit.,bot horses tire bit by bit,949134e6a1286f77db9d801855bb8d2a7f7b6e003fd4f00c2ec99f412b1d63d5
xlsr_english,suta,207,stage5ext_00832,194875abc05277ec185b84e1233196c510a5057c4ac33820e8421f58778f054d7eebd2f70a62c96c79b93aa9f5cf99ec1e7e763ee45eed080dfa952fa8bdeb40,Irish English,ireland,It was such a gradual movement that he found it only by noticing the dots.,it was such a gradual movement that he found it only by noticing the dats,949134e6a1286f77db9d801855bb8d2a7f7b6e003fd4f00c2ec99f412b1d63d5
xlsr_english,suta,208,stage5ext_00833,194875abc05277ec185b84e1233196c510a5057c4ac33820e8421f58778f054d7eebd2f70a62c96c79b93aa9f5cf99ec1e7e763ee45eed080dfa952fa8bdeb40,Irish English,ireland,"My seven year resume gap is marked ""Not Drugs"".",my seven year resoma up is marked not drogs,e8f70306c06474086822ea70ffe2e8597e9b5eba003a2824bb0edcfa8f68ab3e
xlsr_english,suta,208,stage5ext_00834,194875abc05277ec185b84e1233196c510a5057c4ac33820e8421f58778f054d7eebd2f70a62c96c79b93aa9f5cf99ec1e7e763ee45eed080dfa952fa8bdeb40,Irish English,ireland,"I was scared, but wasted no time in going out and crossing the bridge to the sand pits.",i was scared but wasted no time in going out and crossing the bridge to the sandpits,e8f70306c06474086822ea70ffe2e8597e9b5eba003a2824bb0edcfa8f68ab3e
xlsr_english,suta,208,stage5ext_00835,194875abc05277ec185b84e1233196c510a5057c4ac33820e8421f58778f054d7eebd2f70a62c96c79b93aa9f5cf99ec1e7e763ee45eed080dfa952fa8bdeb40,Irish English,ireland,Several figures approached him.,several figures approached him,e8f70306c06474086822ea70ffe2e8597e9b5eba003a2824bb0edcfa8f68ab3e
xlsr_english,suta,208,stage5ext_00836,194875abc05277ec185b84e1233196c510a5057c4ac33820e8421f58778f054d7eebd2f70a62c96c79b93aa9f5cf99ec1e7e763ee45eed080dfa952fa8bdeb40,Irish English,ireland,He paused for a moment to see if the woman knew what the Egyptian pyramids were.,he paused for a moment to see if the woman knew what the egyptian pyramids were,e8f70306c06474086822ea70ffe2e8597e9b5eba003a2824bb0edcfa8f68ab3e
xlsr_english,suta,209,stage5ext_00837,194875abc05277ec185b84e1233196c510a5057c4ac33820e8421f58778f054d7eebd2f70a62c96c79b93aa9f5cf99ec1e7e763ee45eed080dfa952fa8bdeb40,Irish English,ireland,"The alchemist stopped abruptly, and bent to the ground.",the alchemist stopped abruptly and bent to the grand,c38ea96ea563717e88956bcca83cbcf6c4682aed434507be4f8e321bf43709f5
xlsr_english,suta,209,stage5ext_00838,194875abc05277ec185b84e1233196c510a5057c4ac33820e8421f58778f054d7eebd2f70a62c96c79b93aa9f5cf99ec1e7e763ee45eed080dfa952fa8bdeb40,Irish English,ireland,The two were taken to a nearby military camp.,the two were taken to a nearby military camp,c38ea96ea563717e88956bcca83cbcf6c4682aed434507be4f8e321bf43709f5
xlsr_english,suta,209,stage5ext_00839,194875abc05277ec185b84e1233196c510a5057c4ac33820e8421f58778f054d7eebd2f70a62c96c79b93aa9f5cf99ec1e7e763ee45eed080dfa952fa8bdeb40,Irish English,ireland,That he had attended a seminary until he was sixteen.,that he had attended a seminary until he was sixteen,c38ea96ea563717e88956bcca83cbcf6c4682aed434507be4f8e321bf43709f5
xlsr_english,suta,209,stage5ext_00840,194875abc05277ec185b84e1233196c510a5057c4ac33820e8421f58778f054d7eebd2f70a62c96c79b93aa9f5cf99ec1e7e763ee45eed080dfa952fa8bdeb40,Irish English,ireland,It seems old and wise.,it seems old and wse,c38ea96ea563717e88956bcca83cbcf6c4682aed434507be4f8e321bf43709f5
xlsr_english,suta,210,stage5ext_00841,672a3259269b97062367fcafac924cb6013a30f9e34c09eff5c41b6d81f8a9b8e797beba73bbe770cb6ecdcdcc0039306ffae6e7c53294f92803666e3fa86b1b,Irish English,ireland,"To be fully funded, some lending must occur.",to be fully funded some lending must occur,cae91dce80e98ccdb34518e616e3d860ded5c1f95ec5c1c2138163264b367abf
xlsr_english,suta,210,stage5ext_00842,672a3259269b97062367fcafac924cb6013a30f9e34c09eff5c41b6d81f8a9b8e797beba73bbe770cb6ecdcdcc0039306ffae6e7c53294f92803666e3fa86b1b,Irish English,ireland,What'll it take till the bank reopens?,what will it take till the bank reopens,cae91dce80e98ccdb34518e616e3d860ded5c1f95ec5c1c2138163264b367abf
xlsr_english,suta,210,stage5ext_00843,672a3259269b97062367fcafac924cb6013a30f9e34c09eff5c41b6d81f8a9b8e797beba73bbe770cb6ecdcdcc0039306ffae6e7c53294f92803666e3fa86b1b,Irish English,ireland,I don't think this theory explains why the particles attract each other this strongly.,i dont think this theory explains why the particles attract each other this strongly,cae91dce80e98ccdb34518e616e3d860ded5c1f95ec5c1c2138163264b367abf
xlsr_english,suta,210,stage5ext_00844,672a3259269b97062367fcafac924cb6013a30f9e34c09eff5c41b6d81f8a9b8e797beba73bbe770cb6ecdcdcc0039306ffae6e7c53294f92803666e3fa86b1b,Irish English,ireland,Do you mean the speech you're writing?,do you mean the speech or writing,cae91dce80e98ccdb34518e616e3d860ded5c1f95ec5c1c2138163264b367abf
xlsr_english,suta,211,stage5ext_00845,672a3259269b97062367fcafac924cb6013a30f9e34c09eff5c41b6d81f8a9b8e797beba73bbe770cb6ecdcdcc0039306ffae6e7c53294f92803666e3fa86b1b,Irish English,ireland,And there you were in bed.,and there you were in bed,aef9ee322c1b0f0fcc9c7a64d51492ae7c7b8af58b9914db2083da92c10e3cdf
xlsr_english,suta,211,stage5ext_00846,672a3259269b97062367fcafac924cb6013a30f9e34c09eff5c41b6d81f8a9b8e797beba73bbe770cb6ecdcdcc0039306ffae6e7c53294f92803666e3fa86b1b,Irish English,ireland,I admit that I'm an alcoholic.,i admit tharam an alcoholic,aef9ee322c1b0f0fcc9c7a64d51492ae7c7b8af58b9914db2083da92c10e3cdf
xlsr_english,suta,211,stage5ext_00847,672a3259269b97062367fcafac924cb6013a30f9e34c09eff5c41b6d81f8a9b8e797beba73bbe770cb6ecdcdcc0039306ffae6e7c53294f92803666e3fa86b1b,Irish English,ireland,What's that got to do with it?,whats tackot to do with it,aef9ee322c1b0f0fcc9c7a64d51492ae7c7b8af58b9914db2083da92c10e3cdf
xlsr_english,suta,211,stage5ext_00848,672a3259269b97062367fcafac924cb6013a30f9e34c09eff5c41b6d81f8a9b8e797beba73bbe770cb6ecdcdcc0039306ffae6e7c53294f92803666e3fa86b1b,Irish English,ireland,This investment won't pay off.,this investment wont pay off,aef9ee322c1b0f0fcc9c7a64d51492ae7c7b8af58b9914db2083da92c10e3cdf
xlsr_english,suta,212,stage5ext_00849,672a3259269b97062367fcafac924cb6013a30f9e34c09eff5c41b6d81f8a9b8e797beba73bbe770cb6ecdcdcc0039306ffae6e7c53294f92803666e3fa86b1b,Irish English,ireland,And don't forget to make him wear his raincoat in London.,and dont forget to make him wear his raincoat in london,eb4b0687efbde2cc2deea3f08c1c0d69fbb877f817e590b3eff25b6f0a120742
xlsr_english,suta,212,stage5ext_00850,672a3259269b97062367fcafac924cb6013a30f9e34c09eff5c41b6d81f8a9b8e797beba73bbe770cb6ecdcdcc0039306ffae6e7c53294f92803666e3fa86b1b,Irish English,ireland,This peach tart is tasty.,this peach tart is tasty,eb4b0687efbde2cc2deea3f08c1c0d69fbb877f817e590b3eff25b6f0a120742
xlsr_english,suta,212,stage5ext_00851,672a3259269b97062367fcafac924cb6013a30f9e34c09eff5c41b6d81f8a9b8e797beba73bbe770cb6ecdcdcc0039306ffae6e7c53294f92803666e3fa86b1b,Irish English,ireland,I didn't say anything.,i didnt say anything,eb4b0687efbde2cc2deea3f08c1c0d69fbb877f817e590b3eff25b6f0a120742
xlsr_english,suta,212,stage5ext_00852,672a3259269b97062367fcafac924cb6013a30f9e34c09eff5c41b6d81f8a9b8e797beba73bbe770cb6ecdcdcc0039306ffae6e7c53294f92803666e3fa86b1b,Irish English,ireland,I don't care what you say.,i dont care what you say,eb4b0687efbde2cc2deea3f08c1c0d69fbb877f817e590b3eff25b6f0a120742
xlsr_english,suta,213,stage5ext_00853,672a3259269b97062367fcafac924cb6013a30f9e34c09eff5c41b6d81f8a9b8e797beba73bbe770cb6ecdcdcc0039306ffae6e7c53294f92803666e3fa86b1b,Irish English,ireland,I can't find it anywhere.,i cant find it anywhere,0270bfadfb46d0708d703ac330c7abfa7680b022e39be3c57882f707e5cb9d43
xlsr_english,suta,213,stage5ext_00854,672a3259269b97062367fcafac924cb6013a30f9e34c09eff5c41b6d81f8a9b8e797beba73bbe770cb6ecdcdcc0039306ffae6e7c53294f92803666e3fa86b1b,Irish English,ireland,"If a pen has no ink, it's broken.",if a pen has no ink its broken,0270bfadfb46d0708d703ac330c7abfa7680b022e39be3c57882f707e5cb9d43
xlsr_english,suta,213,stage5ext_00855,672a3259269b97062367fcafac924cb6013a30f9e34c09eff5c41b6d81f8a9b8e797beba73bbe770cb6ecdcdcc0039306ffae6e7c53294f92803666e3fa86b1b,Irish English,ireland,The houses were squashed together like sardines.,the houses were squashed together like sardins,0270bfadfb46d0708d703ac330c7abfa7680b022e39be3c57882f707e5cb9d43
xlsr_english,suta,213,stage5ext_00856,02cb893287feb15b25162b42913f21d4cef7b8b96119618c39ad96f550afc59fc5cb33155d5a3142b86ea467935fa50993f69d0e0aebf5f8b22f2a05004d4165,Irish English,ireland,To nourish the falcon.,to norish the falcon,0270bfadfb46d0708d703ac330c7abfa7680b022e39be3c57882f707e5cb9d43
xlsr_english,suta,214,stage5ext_00857,02cb893287feb15b25162b42913f21d4cef7b8b96119618c39ad96f550afc59fc5cb33155d5a3142b86ea467935fa50993f69d0e0aebf5f8b22f2a05004d4165,Irish English,ireland,"There's gold here, he said.",theres gold here he said,b2e60d786fc5c3833672a3ad0262e22c04897a48e0b8643410c48c33df6f9e65
xlsr_english,suta,214,stage5ext_00858,02cb893287feb15b25162b42913f21d4cef7b8b96119618c39ad96f550afc59fc5cb33155d5a3142b86ea467935fa50993f69d0e0aebf5f8b22f2a05004d4165,Irish English,ireland,I had seen all that it would presently bring me.,i had seen all that it would presently bring me,b2e60d786fc5c3833672a3ad0262e22c04897a48e0b8643410c48c33df6f9e65
xlsr_english,suta,214,stage5ext_00859,02cb893287feb15b25162b42913f21d4cef7b8b96119618c39ad96f550afc59fc5cb33155d5a3142b86ea467935fa50993f69d0e0aebf5f8b22f2a05004d4165,Irish English,ireland,It was my fear of failure that first kept me from attempting the Master Work.,it was my fear of failure that first kept me from attempting the master work,b2e60d786fc5c3833672a3ad0262e22c04897a48e0b8643410c48c33df6f9e65
xlsr_english,suta,214,stage5ext_00860,02cb893287feb15b25162b42913f21d4cef7b8b96119618c39ad96f550afc59fc5cb33155d5a3142b86ea467935fa50993f69d0e0aebf5f8b22f2a05004d4165,Irish English,ireland,He saw the boy appear from the other side of the dunes.,he saw the boy appear from the other side of the dunes,b2e60d786fc5c3833672a3ad0262e22c04897a48e0b8643410c48c33df6f9e65
xlsr_english,suta,215,stage5ext_00861,02cb893287feb15b25162b42913f21d4cef7b8b96119618c39ad96f550afc59fc5cb33155d5a3142b86ea467935fa50993f69d0e0aebf5f8b22f2a05004d4165,Irish English,ireland,"I'm a desert woman, and I'm proud of that.",im a desert woman and im proud of that,3733b51404bf47578686f31eb287fb977c886ccbbd362a512de09c9da6f9900b
xlsr_english,suta,215,stage5ext_00862,02cb893287feb15b25162b42913f21d4cef7b8b96119618c39ad96f550afc59fc5cb33155d5a3142b86ea467935fa50993f69d0e0aebf5f8b22f2a05004d4165,Irish English,ireland,"It's the Emerald Tablet, said the Englishman, proud that he might teach something to the boy.",its the emerald tablet said the englishman proud that he might teach something to the boy,3733b51404bf47578686f31eb287fb977c886ccbbd362a512de09c9da6f9900b
xlsr_english,suta,215,stage5ext_00863,02cb893287feb15b25162b42913f21d4cef7b8b96119618c39ad96f550afc59fc5cb33155d5a3142b86ea467935fa50993f69d0e0aebf5f8b22f2a05004d4165,Irish English,ireland,"He stuck his hand into the pouch, and felt around for one of the stones.",he stuk his hand in the pouch and felt around for one of the stones,3733b51404bf47578686f31eb287fb977c886ccbbd362a512de09c9da6f9900b
xlsr_english,suta,215,stage5ext_00864,02cb893287feb15b25162b42913f21d4cef7b8b96119618c39ad96f550afc59fc5cb33155d5a3142b86ea467935fa50993f69d0e0aebf5f8b22f2a05004d4165,Irish English,ireland,"The heather was on fire, and you could see a thin blue smoke rising up slowly.",the heather was on fire and you could see thin blue smoke rising up slowly,3733b51404bf47578686f31eb287fb977c886ccbbd362a512de09c9da6f9900b
xlsr_english,suta,216,stage5ext_00865,02cb893287feb15b25162b42913f21d4cef7b8b96119618c39ad96f550afc59fc5cb33155d5a3142b86ea467935fa50993f69d0e0aebf5f8b22f2a05004d4165,Irish English,ireland,where the sand was more substantial.,where the sand was more substantial,e7932b62113fa99a7c962b388ffb0d3063bb83d98d4ea6da1cf4a7f9e9cf6e7a
xlsr_english,suta,216,stage5ext_00866,02cb893287feb15b25162b42913f21d4cef7b8b96119618c39ad96f550afc59fc5cb33155d5a3142b86ea467935fa50993f69d0e0aebf5f8b22f2a05004d4165,Irish English,ireland,The three fell silent.,the three fell silent,e7932b62113fa99a7c962b388ffb0d3063bb83d98d4ea6da1cf4a7f9e9cf6e7a
xlsr_english,suta,216,stage5ext_00867,02cb893287feb15b25162b42913f21d4cef7b8b96119618c39ad96f550afc59fc5cb33155d5a3142b86ea467935fa50993f69d0e0aebf5f8b22f2a05004d4165,Irish English,ireland,But I didn’t think that it contained any living creature.,but i didnt think that it contained any living creature,e7932b62113fa99a7c962b388ffb0d3063bb83d98d4ea6da1cf4a7f9e9cf6e7a
xlsr_english,suta,216,stage5ext_00868,02cb893287feb15b25162b42913f21d4cef7b8b96119618c39ad96f550afc59fc5cb33155d5a3142b86ea467935fa50993f69d0e0aebf5f8b22f2a05004d4165,Irish English,ireland,He didn't want to cry with the other people there.,you didnt want to cry with the other people there,e7932b62113fa99a7c962b388ffb0d3063bb83d98d4ea6da1cf4a7f9e9cf6e7a
xlsr_english,suta,217,stage5ext_00869,02cb893287feb15b25162b42913f21d4cef7b8b96119618c39ad96f550afc59fc5cb33155d5a3142b86ea467935fa50993f69d0e0aebf5f8b22f2a05004d4165,Irish English,ireland,"About eleven, I walked back to my home in Maybury because nothing seemed to be happening.",about eleven i walked back to my home in maybury because nothing seemed to be happening,4c68e6b979679453dc56adecd244b0e3f0cd189d224be62603aacf7c064b6b25
xlsr_english,suta,217,stage5ext_00870,02cb893287feb15b25162b42913f21d4cef7b8b96119618c39ad96f550afc59fc5cb33155d5a3142b86ea467935fa50993f69d0e0aebf5f8b22f2a05004d4165,Irish English,ireland,That sobered him a little.,thats over him a little,4c68e6b979679453dc56adecd244b0e3f0cd189d224be62603aacf7c064b6b25
xlsr_english,suta,217,stage5ext_00871,bd50f6c0e65e80961fb044a2591721940ca6cd6836496cde2353e06259e959af9c47fa4fb6d9fa8b16cc5285e232f3543059af36f41495c786198bdfd83d4b88,Irish English,ireland,Its county seat is Red Cloud.,its county seat is redcloud,4c68e6b979679453dc56adecd244b0e3f0cd189d224be62603aacf7c064b6b25
xlsr_english,suta,217,stage5ext_00872,bd50f6c0e65e80961fb044a2591721940ca6cd6836496cde2353e06259e959af9c47fa4fb6d9fa8b16cc5285e232f3543059af36f41495c786198bdfd83d4b88,Irish English,ireland,"After eighty-seven minutes of test football, Australia gained possession of the ball.",after eighty-seven minutes of test football australia gained possession of the ball,4c68e6b979679453dc56adecd244b0e3f0cd189d224be62603aacf7c064b6b25
xlsr_english,suta,218,stage5ext_00873,bd50f6c0e65e80961fb044a2591721940ca6cd6836496cde2353e06259e959af9c47fa4fb6d9fa8b16cc5285e232f3543059af36f41495c786198bdfd83d4b88,Irish English,ireland,The ability displayed by him in this led to his rapid advancement.,the ability displayed by him in this led to his rapidadvancement,01e43fd6c151a9bb958901c13a7c4772a904d2f2f6e3b47b5dee3c08a9b65da4
xlsr_english,suta,218,stage5ext_00874,bd50f6c0e65e80961fb044a2591721940ca6cd6836496cde2353e06259e959af9c47fa4fb6d9fa8b16cc5285e232f3543059af36f41495c786198bdfd83d4b88,Irish English,ireland,The building resembled a typical Kirkbride model.,the building resembled a typical kirkbride model,01e43fd6c151a9bb958901c13a7c4772a904d2f2f6e3b47b5dee3c08a9b65da4
xlsr_english,suta,218,stage5ext_00875,bd50f6c0e65e80961fb044a2591721940ca6cd6836496cde2353e06259e959af9c47fa4fb6d9fa8b16cc5285e232f3543059af36f41495c786198bdfd83d4b88,Irish English,ireland,"In engineering science and in other technical aspects, the term galling is widespread.",in engineering science and in other technical aspects the term gaaling is widespread,01e43fd6c151a9bb958901c13a7c4772a904d2f2f6e3b47b5dee3c08a9b65da4
xlsr_english,suta,218,stage5ext_00876,bd50f6c0e65e80961fb044a2591721940ca6cd6836496cde2353e06259e959af9c47fa4fb6d9fa8b16cc5285e232f3543059af36f41495c786198bdfd83d4b88,Irish English,ireland,Zinc is a necessary nutrient for optimal yeast health and performance.,zinc is a necessary nutrient for optimal yeast health and performance,01e43fd6c151a9bb958901c13a7c4772a904d2f2f6e3b47b5dee3c08a9b65da4
xlsr_english,suta,219,stage5ext_00877,bd50f6c0e65e80961fb044a2591721940ca6cd6836496cde2353e06259e959af9c47fa4fb6d9fa8b16cc5285e232f3543059af36f41495c786198bdfd83d4b88,Irish English,ireland,Another common type of certification in modern society is product certification.,another common type of certification in modern society is product certification,3bbfb8ad42168744043eb4d65090f97676e5969578cfc6bebd121703c8b31451
xlsr_english,suta,219,stage5ext_00878,bd50f6c0e65e80961fb044a2591721940ca6cd6836496cde2353e06259e959af9c47fa4fb6d9fa8b16cc5285e232f3543059af36f41495c786198bdfd83d4b88,Irish English,ireland,Originally usage of the road was free of charge.,originally usage of the road was free of charge,3bbfb8ad42168744043eb4d65090f97676e5969578cfc6bebd121703c8b31451
xlsr_english,suta,219,stage5ext_00879,bd50f6c0e65e80961fb044a2591721940ca6cd6836496cde2353e06259e959af9c47fa4fb6d9fa8b16cc5285e232f3543059af36f41495c786198bdfd83d4b88,Irish English,ireland,"In general, there are two types of scanner setups.",in general there are two types of scanner setups,3bbfb8ad42168744043eb4d65090f97676e5969578cfc6bebd121703c8b31451
xlsr_english,suta,219,stage5ext_00880,bd50f6c0e65e80961fb044a2591721940ca6cd6836496cde2353e06259e959af9c47fa4fb6d9fa8b16cc5285e232f3543059af36f41495c786198bdfd83d4b88,Irish English,ireland,The equivalent Ukrainian-language surname is Lytvyn.,the equivalent ukrainian language surname is loyvin,3bbfb8ad42168744043eb4d65090f97676e5969578cfc6bebd121703c8b31451
xlsr_english,suta,220,stage5ext_00881,bd50f6c0e65e80961fb044a2591721940ca6cd6836496cde2353e06259e959af9c47fa4fb6d9fa8b16cc5285e232f3543059af36f41495c786198bdfd83d4b88,Irish English,ireland,The first settlers in Isipingo arrived before the beginning of Apartheid.,the first settlers in isepingo arrive before the beginning of a partite,60ec6c9fac0522f1894fd9f83a1114adb9df1bdae3bc0a233790f499187e205d
xlsr_english,suta,220,stage5ext_00882,bd50f6c0e65e80961fb044a2591721940ca6cd6836496cde2353e06259e959af9c47fa4fb6d9fa8b16cc5285e232f3543059af36f41495c786198bdfd83d4b88,Irish English,ireland,"There is an elaborate memorial to him in Saint Edward the Confessor Church, Romford.",there is an elaborate memorial to him in saint edward the confessor church romford,60ec6c9fac0522f1894fd9f83a1114adb9df1bdae3bc0a233790f499187e205d
xlsr_english,suta,220,stage5ext_00883,bd50f6c0e65e80961fb044a2591721940ca6cd6836496cde2353e06259e959af9c47fa4fb6d9fa8b16cc5285e232f3543059af36f41495c786198bdfd83d4b88,Irish English,ireland,American public school system was introduced and general health and sanitation campaign was launched.,american public school system was introduced and general health and sanitation campaign was launched,60ec6c9fac0522f1894fd9f83a1114adb9df1bdae3bc0a233790f499187e205d
xlsr_english,suta,220,stage5ext_00884,bd50f6c0e65e80961fb044a2591721940ca6cd6836496cde2353e06259e959af9c47fa4fb6d9fa8b16cc5285e232f3543059af36f41495c786198bdfd83d4b88,Irish English,ireland,Mponela is primarily an agricultural town without touristic interest.,umpanella is primarily an agricultural town without touristic interest,60ec6c9fac0522f1894fd9f83a1114adb9df1bdae3bc0a233790f499187e205d
xlsr_english,suta,221,stage5ext_00885,bd50f6c0e65e80961fb044a2591721940ca6cd6836496cde2353e06259e959af9c47fa4fb6d9fa8b16cc5285e232f3543059af36f41495c786198bdfd83d4b88,Irish English,ireland,The family lives in Suffolk.,the family lives in suffolk,67097cae93ef80ad467c8aeb1411633d4f7effae2a0a9f8ca519179fb1e8c330
xlsr_english,suta,221,stage5ext_00886,298c0f3d5e3352df02aa3a6a7a132199f93bdccf8457a134e6133cb2cf9bc435869f9e0ed6068a4152cdd933c02fc02573e8a2d6c12bcf52810d8ab52fd60a33,Irish English,ireland,A rag will soak up spilled water.,a rag will soak up spilled water,67097cae93ef80ad467c8aeb1411633d4f7effae2a0a9f8ca519179fb1e8c330
xlsr_english,suta,221,stage5ext_00887,298c0f3d5e3352df02aa3a6a7a132199f93bdccf8457a134e6133cb2cf9bc435869f9e0ed6068a4152cdd933c02fc02573e8a2d6c12bcf52810d8ab52fd60a33,Irish English,ireland,What's it all about?,whats it all about,67097cae93ef80ad467c8aeb1411633d4f7effae2a0a9f8ca519179fb1e8c330
xlsr_english,suta,221,stage5ext_00888,298c0f3d5e3352df02aa3a6a7a132199f93bdccf8457a134e6133cb2cf9bc435869f9e0ed6068a4152cdd933c02fc02573e8a2d6c12bcf52810d8ab52fd60a33,Irish English,ireland,Little strokes fell great oaks.,little strokes fell great oaks,67097cae93ef80ad467c8aeb1411633d4f7effae2a0a9f8ca519179fb1e8c330
xlsr_english,suta,222,stage5ext_00889,298c0f3d5e3352df02aa3a6a7a132199f93bdccf8457a134e6133cb2cf9bc435869f9e0ed6068a4152cdd933c02fc02573e8a2d6c12bcf52810d8ab52fd60a33,Irish English,ireland,First impressions are the most lasting.,first impressions are the most lasting,3c09cce863a10bfbeecec94d8c05c8c2dd2d6e9ae1354bfe25b238bf5d1ae443
xlsr_english,suta,222,stage5ext_00890,298c0f3d5e3352df02aa3a6a7a132199f93bdccf8457a134e6133cb2cf9bc435869f9e0ed6068a4152cdd933c02fc02573e8a2d6c12bcf52810d8ab52fd60a33,Irish English,ireland,So you are saying that overpopulation will become an issue?,so youare saying that overpopulation will become an issue,3c09cce863a10bfbeecec94d8c05c8c2dd2d6e9ae1354bfe25b238bf5d1ae443
xlsr_english,suta,222,stage5ext_00891,298c0f3d5e3352df02aa3a6a7a132199f93bdccf8457a134e6133cb2cf9bc435869f9e0ed6068a4152cdd933c02fc02573e8a2d6c12bcf52810d8ab52fd60a33,Irish English,ireland,Stop beating around the bush.,stop beating around the bush,3c09cce863a10bfbeecec94d8c05c8c2dd2d6e9ae1354bfe25b238bf5d1ae443
xlsr_english,suta,222,stage5ext_00892,298c0f3d5e3352df02aa3a6a7a132199f93bdccf8457a134e6133cb2cf9bc435869f9e0ed6068a4152cdd933c02fc02573e8a2d6c12bcf52810d8ab52fd60a33,Irish English,ireland,The cat sat on the fence.,the cat sat on the fence,3c09cce863a10bfbeecec94d8c05c8c2dd2d6e9ae1354bfe25b238bf5d1ae443
xlsr_english,suta,223,stage5ext_00893,298c0f3d5e3352df02aa3a6a7a132199f93bdccf8457a134e6133cb2cf9bc435869f9e0ed6068a4152cdd933c02fc02573e8a2d6c12bcf52810d8ab52fd60a33,Irish English,ireland,That is unlikely considering it has his name on it.,that is unlikely considering it has his name on it,52288539c65ab5baacc661af9200b01179119bfbe8097f95e8b55e6f6639ae33
xlsr_english,suta,223,stage5ext_00894,298c0f3d5e3352df02aa3a6a7a132199f93bdccf8457a134e6133cb2cf9bc435869f9e0ed6068a4152cdd933c02fc02573e8a2d6c12bcf52810d8ab52fd60a33,Irish English,ireland,Loop the braid to the left and then over.,loop the brid to the left a man over,52288539c65ab5baacc661af9200b01179119bfbe8097f95e8b55e6f6639ae33
xlsr_english,suta,223,stage5ext_00895,298c0f3d5e3352df02aa3a6a7a132199f93bdccf8457a134e6133cb2cf9bc435869f9e0ed6068a4152cdd933c02fc02573e8a2d6c12bcf52810d8ab52fd60a33,Irish English,ireland,Tranquillity is the first duty of citizens,tranquillity is the first duty of citizens,52288539c65ab5baacc661af9200b01179119bfbe8097f95e8b55e6f6639ae33
xlsr_english,suta,223,stage5ext_00896,298c0f3d5e3352df02aa3a6a7a132199f93bdccf8457a134e6133cb2cf9bc435869f9e0ed6068a4152cdd933c02fc02573e8a2d6c12bcf52810d8ab52fd60a33,Irish English,ireland,"Forget it, there is no such thing.",forget it there is no such thing,52288539c65ab5baacc661af9200b01179119bfbe8097f95e8b55e6f6639ae33
xlsr_english,suta,224,stage5ext_00897,298c0f3d5e3352df02aa3a6a7a132199f93bdccf8457a134e6133cb2cf9bc435869f9e0ed6068a4152cdd933c02fc02573e8a2d6c12bcf52810d8ab52fd60a33,Irish English,ireland,The wreck occurred by the bank on Main Street.,the rek occurred by the bank on main street,e745b2f299a31abbf324df1dced44d43d6e2f49a059305367f8237f14786f090
xlsr_english,suta,224,stage5ext_00898,298c0f3d5e3352df02aa3a6a7a132199f93bdccf8457a134e6133cb2cf9bc435869f9e0ed6068a4152cdd933c02fc02573e8a2d6c12bcf52810d8ab52fd60a33,Irish English,ireland,It dribbled down the fridge.,it drippled on the fridge,e745b2f299a31abbf324df1dced44d43d6e2f49a059305367f8237f14786f090
xlsr_english,suta,224,stage5ext_00899,298c0f3d5e3352df02aa3a6a7a132199f93bdccf8457a134e6133cb2cf9bc435869f9e0ed6068a4152cdd933c02fc02573e8a2d6c12bcf52810d8ab52fd60a33,Irish English,ireland,Variations on a musical air With great rapidity,variations on musical air with great rapidity,e745b2f299a31abbf324df1dced44d43d6e2f49a059305367f8237f14786f090
xlsr_english,suta,224,stage5ext_00900,298c0f3d5e3352df02aa3a6a7a132199f93bdccf8457a134e6133cb2cf9bc435869f9e0ed6068a4152cdd933c02fc02573e8a2d6c12bcf52810d8ab52fd60a33,Irish English,ireland,He could not help it.,he could not help it,e745b2f299a31abbf324df1dced44d43d6e2f49a059305367f8237f14786f090
