model_key,method,window_id,recording_id,speaker_id,group_id,stratum_code,reference_raw,hypothesis_raw,theta_hash
xlsr_english,dsuta,0,stage5ext_00001,c90b53f826ff81831f6499b9e1e98607e8b2c0f8bbaf8be1bf62bf27dc7ff887bd734b9a4cee852af2d1acda3e479781d7c5a8b1633407b705905c4b5049cb35,US English,us,I got drunk yesterday and thought I built a super computer.,i got drunk yesterday and thought i built a supercomputer,7f09ef4ced098049caf32d54ef5b6c2571f88228fbf40fc45a9e6db29bd4bba8
xlsr_english,dsuta,0,stage5ext_00002,c90b53f826ff81831f6499b9e1e98607e8b2c0f8bbaf8be1bf62bf27dc7ff887bd734b9a4cee852af2d1acda3e479781d7c5a8b1633407b705905c4b5049cb35,US English,us,"Every file had the letter ""A"" printed on the front.",every file had the letter a printed in the front,7f09ef4ced098049caf32d54ef5b6c2571f88228fbf40fc45a9e6db29bd4bba8
xlsr_english,dsuta,0,stage5ext_00003,c90b53f826ff81831f6499b9e1e98607e8b2c0f8bbaf8be1bf62bf27dc7ff887bd734b9a4cee852af2d1acda3e479781d7c5a8b1633407b705905c4b5049cb35,US English,us,I'm not familiar with the books this author wrote.,i'm not familiar with the books this arthur wrote,7f09ef4ced098049caf32d54ef5b6c2571f88228fbf40fc45a9e6db29bd4bba8
xlsr_english,dsuta,0,stage5ext_00004,c90b53f826ff81831f6499b9e1e98607e8b2c0f8bbaf8be1bf62bf27dc7ff887bd734b9a4cee852af2d1acda3e479781d7c5a8b1633407b705905c4b5049cb35,US English,us,Take a couple of seconds.,take a couple of seconds,7f09ef4ced098049caf32d54ef5b6c2571f88228fbf40fc45a9e6db29bd4bba8
xlsr_english,dsuta,1,stage5ext_00005,c90b53f826ff81831f6499b9e1e98607e8b2c0f8bbaf8be1bf62bf27dc7ff887bd734b9a4cee852af2d1acda3e479781d7c5a8b1633407b705905c4b5049cb35,US English,us,But I sort of like him.,but i sort of like him,ed6421ccea73a176bf95a84d5d9f2a0b2395041d3d8656d168cd5ce3efb779c4
xlsr_english,dsuta,1,stage5ext_00006,c90b53f826ff81831f6499b9e1e98607e8b2c0f8bbaf8be1bf62bf27dc7ff887bd734b9a4cee852af2d1acda3e479781d7c5a8b1633407b705905c4b5049cb35,US English,us,I'll be a monkey's uncle!,i'll be a monkey's uncle,ed6421ccea73a176bf95a84d5d9f2a0b2395041d3d8656d168cd5ce3efb779c4
xlsr_english,dsuta,1,stage5ext_00007,c90b53f826ff81831f6499b9e1e98607e8b2c0f8bbaf8be1bf62bf27dc7ff887bd734b9a4cee852af2d1acda3e479781d7c5a8b1633407b705905c4b5049cb35,US English,us,Is it for further automatic processing?,is it for furser automatic processing,ed6421ccea73a176bf95a84d5d9f2a0b2395041d3d8656d168cd5ce3efb779c4
xlsr_english,dsuta,1,stage5ext_00008,c90b53f826ff81831f6499b9e1e98607e8b2c0f8bbaf8be1bf62bf27dc7ff887bd734b9a4cee852af2d1acda3e479781d7c5a8b1633407b705905c4b5049cb35,US English,us,I don't like coconuts.,i don't like coconuts,ed6421ccea73a176bf95a84d5d9f2a0b2395041d3d8656d168cd5ce3efb779c4
xlsr_english,dsuta,2,stage5ext_00009,c90b53f826ff81831f6499b9e1e98607e8b2c0f8bbaf8be1bf62bf27dc7ff887bd734b9a4cee852af2d1acda3e479781d7c5a8b1633407b705905c4b5049cb35,US English,us,He hunched his back and plodded through the heavy rain.,he lunched his back and plotted through the heavy rain,ced9c4cfaae5d74486b8f48ffd13d1e3dcde34ee000f42686ccb4f4806ae7276
xlsr_english,dsuta,2,stage5ext_00010,c90b53f826ff81831f6499b9e1e98607e8b2c0f8bbaf8be1bf62bf27dc7ff887bd734b9a4cee852af2d1acda3e479781d7c5a8b1633407b705905c4b5049cb35,US English,us,Are you running a business or a charity ward?,are you running a business or a charity ward,ced9c4cfaae5d74486b8f48ffd13d1e3dcde34ee000f42686ccb4f4806ae7276
xlsr_english,dsuta,2,stage5ext_00011,c90b53f826ff81831f6499b9e1e98607e8b2c0f8bbaf8be1bf62bf27dc7ff887bd734b9a4cee852af2d1acda3e479781d7c5a8b1633407b705905c4b5049cb35,US English,us,There were lights in the upper windows of the houses when the people went to bed.,there were lights in the upper windows of the houses when the people went to bed,ced9c4cfaae5d74486b8f48ffd13d1e3dcde34ee000f42686ccb4f4806ae7276
xlsr_english,dsuta,2,stage5ext_00012,c90b53f826ff81831f6499b9e1e98607e8b2c0f8bbaf8be1bf62bf27dc7ff887bd734b9a4cee852af2d1acda3e479781d7c5a8b1633407b705905c4b5049cb35,US English,us,On warm days and when doing sports you should drink more.,on warm days and when doing sports you should drink more,ced9c4cfaae5d74486b8f48ffd13d1e3dcde34ee000f42686ccb4f4806ae7276
xlsr_english,dsuta,3,stage5ext_00013,c90b53f826ff81831f6499b9e1e98607e8b2c0f8bbaf8be1bf62bf27dc7ff887bd734b9a4cee852af2d1acda3e479781d7c5a8b1633407b705905c4b5049cb35,US English,us,"At once, he connected the two incidents.",at once he connected the two incidents,e7a7f7513ab43ca5fb1444f5159572a5041799afcc7431d8481b3007eb179cd8
xlsr_english,dsuta,3,stage5ext_00014,c90b53f826ff81831f6499b9e1e98607e8b2c0f8bbaf8be1bf62bf27dc7ff887bd734b9a4cee852af2d1acda3e479781d7c5a8b1633407b705905c4b5049cb35,US English,us,A pox upon me for a clumsy thing.,a pux upon me for a clumsy thing,e7a7f7513ab43ca5fb1444f5159572a5041799afcc7431d8481b3007eb179cd8
xlsr_english,dsuta,3,stage5ext_00015,c90b53f826ff81831f6499b9e1e98607e8b2c0f8bbaf8be1bf62bf27dc7ff887bd734b9a4cee852af2d1acda3e479781d7c5a8b1633407b705905c4b5049cb35,US English,us,Are you sure that Joe case is going on next week?,are you sure that joe case is going on next week,e7a7f7513ab43ca5fb1444f5159572a5041799afcc7431d8481b3007eb179cd8
xlsr_english,dsuta,3,stage5ext_00016,57d6c1695947f141cd774bb8c8435e7e20bc7b2a83cd78ef5db4e546fb137b56b44617942cb1a58e017af6161f63d53cdf17fa4f9dcb830bfc0518e94b214837,US English,us,"When you're at a party and somebody says ""banana bread"", a sniper might be near you.",when you're at a party and somebody's hs bnana bred sneiper might be near you,e7a7f7513ab43ca5fb1444f5159572a5041799afcc7431d8481b3007eb179cd8
xlsr_english,dsuta,4,stage5ext_00017,57d6c1695947f141cd774bb8c8435e7e20bc7b2a83cd78ef5db4e546fb137b56b44617942cb1a58e017af6161f63d53cdf17fa4f9dcb830bfc0518e94b214837,US English,us,"It was not clear who had the right of way, since the traffic lights were off.",it was not clear who had the right of way since the traffic lights were off,19c2f08dff2abb0eaee45de4619d6745cbdfbd9067533d1254ac76c3f69fb624
xlsr_english,dsuta,4,stage5ext_00018,57d6c1695947f141cd774bb8c8435e7e20bc7b2a83cd78ef5db4e546fb137b56b44617942cb1a58e017af6161f63d53cdf17fa4f9dcb830bfc0518e94b214837,US English,us,What did you do it for?,what did you do it for,19c2f08dff2abb0eaee45de4619d6745cbdfbd9067533d1254ac76c3f69fb624
xlsr_english,dsuta,4,stage5ext_00019,57d6c1695947f141cd774bb8c8435e7e20bc7b2a83cd78ef5db4e546fb137b56b44617942cb1a58e017af6161f63d53cdf17fa4f9dcb830bfc0518e94b214837,US English,us,"James Watt didn't invent the steam engine, but he improved it significantly.",hamuswot didn't invant the steam engine potty improved it significantly,19c2f08dff2abb0eaee45de4619d6745cbdfbd9067533d1254ac76c3f69fb624
xlsr_english,dsuta,4,stage5ext_00020,57d6c1695947f141cd774bb8c8435e7e20bc7b2a83cd78ef5db4e546fb137b56b44617942cb1a58e017af6161f63d53cdf17fa4f9dcb830bfc0518e94b214837,US English,us,"When he got the call, Ali ran out of the store, down the street, and into the car.",when he got the call allier ran out of the store down the street and into the car,19c2f08dff2abb0eaee45de4619d6745cbdfbd9067533d1254ac76c3f69fb624
xlsr_english,dsuta,5,stage5ext_00021,57d6c1695947f141cd774bb8c8435e7e20bc7b2a83cd78ef5db4e546fb137b56b44617942cb1a58e017af6161f63d53cdf17fa4f9dcb830bfc0518e94b214837,US English,us,What has become of him?,what has become of him,fd1cf6d62352a1869b2ff3351258648db2d95784834ea4e8eeaed528a23b21b9
xlsr_english,dsuta,5,stage5ext_00022,57d6c1695947f141cd774bb8c8435e7e20bc7b2a83cd78ef5db4e546fb137b56b44617942cb1a58e017af6161f63d53cdf17fa4f9dcb830bfc0518e94b214837,US English,us,"After the dance, they went straight home.",after the dance they went straight home,fd1cf6d62352a1869b2ff3351258648db2d95784834ea4e8eeaed528a23b21b9
xlsr_english,dsuta,5,stage5ext_00023,57d6c1695947f141cd774bb8c8435e7e20bc7b2a83cd78ef5db4e546fb137b56b44617942cb1a58e017af6161f63d53cdf17fa4f9dcb830bfc0518e94b214837,US English,us,"Jellyfish can cause serious injuries, the physician explained to the patient.",jellyfish can cost serious injuries the physician explain to the patient,fd1cf6d62352a1869b2ff3351258648db2d95784834ea4e8eeaed528a23b21b9
xlsr_english,dsuta,5,stage5ext_00024,57d6c1695947f141cd774bb8c8435e7e20bc7b2a83cd78ef5db4e546fb137b56b44617942cb1a58e017af6161f63d53cdf17fa4f9dcb830bfc0518e94b214837,US English,us,"Writing, the best memory.",writing the best memory,fd1cf6d62352a1869b2ff3351258648db2d95784834ea4e8eeaed528a23b21b9
xlsr_english,dsuta,6,stage5ext_00025,57d6c1695947f141cd774bb8c8435e7e20bc7b2a83cd78ef5db4e546fb137b56b44617942cb1a58e017af6161f63d53cdf17fa4f9dcb830bfc0518e94b214837,US English,us,What does she say?,what does she say,f5435ba4c5201df8be1c4478cad81c8b9bee4390a69abc6f47a2b187b7ac345f
xlsr_english,dsuta,6,stage5ext_00026,57d6c1695947f141cd774bb8c8435e7e20bc7b2a83cd78ef5db4e546fb137b56b44617942cb1a58e017af6161f63d53cdf17fa4f9dcb830bfc0518e94b214837,US English,us,What do you want of me?,what do you want of me,f5435ba4c5201df8be1c4478cad81c8b9bee4390a69abc6f47a2b187b7ac345f
xlsr_english,dsuta,6,stage5ext_00027,57d6c1695947f141cd774bb8c8435e7e20bc7b2a83cd78ef5db4e546fb137b56b44617942cb1a58e017af6161f63d53cdf17fa4f9dcb830bfc0518e94b214837,US English,us,Why do people even eat peanut butter and jelly?,why do people live an eat peanut butter and jelly,f5435ba4c5201df8be1c4478cad81c8b9bee4390a69abc6f47a2b187b7ac345f
xlsr_english,dsuta,6,stage5ext_00028,57d6c1695947f141cd774bb8c8435e7e20bc7b2a83cd78ef5db4e546fb137b56b44617942cb1a58e017af6161f63d53cdf17fa4f9dcb830bfc0518e94b214837,US English,us,But what can I do?,but what can i do,f5435ba4c5201df8be1c4478cad81c8b9bee4390a69abc6f47a2b187b7ac345f
xlsr_english,dsuta,7,stage5ext_00029,57d6c1695947f141cd774bb8c8435e7e20bc7b2a83cd78ef5db4e546fb137b56b44617942cb1a58e017af6161f63d53cdf17fa4f9dcb830bfc0518e94b214837,US English,us,What is the meaning of this?,what is the meaning of this,f506109fb5cbcc156604243badfd53983da80842144984a8ec2be8d2b139a0da
xlsr_english,dsuta,7,stage5ext_00030,57d6c1695947f141cd774bb8c8435e7e20bc7b2a83cd78ef5db4e546fb137b56b44617942cb1a58e017af6161f63d53cdf17fa4f9dcb830bfc0518e94b214837,US English,us,What does he look like?,what does he look like,f506109fb5cbcc156604243badfd53983da80842144984a8ec2be8d2b139a0da
xlsr_english,dsuta,7,stage5ext_00031,d477a12247cce9a9c0954e6ee3ae16aed2930112fa26700f19af15658b5c71e2dc818d72e0034c8181da642cabf8f6c15f4d900b88bcab83d583944934f4c237,US English,us,Albert's rule was characterised by dissent.,albert rule was characterized by descent,f506109fb5cbcc156604243badfd53983da80842144984a8ec2be8d2b139a0da
xlsr_english,dsuta,7,stage5ext_00032,d477a12247cce9a9c0954e6ee3ae16aed2930112fa26700f19af15658b5c71e2dc818d72e0034c8181da642cabf8f6c15f4d900b88bcab83d583944934f4c237,US English,us,Because of Jesus' command to his disciples to Do this in remembrance of me.,because of jesus's command to his disciples to do this in remembrance of me,f506109fb5cbcc156604243badfd53983da80842144984a8ec2be8d2b139a0da
xlsr_english,dsuta,8,stage5ext_00033,d477a12247cce9a9c0954e6ee3ae16aed2930112fa26700f19af15658b5c71e2dc818d72e0034c8181da642cabf8f6c15f4d900b88bcab83d583944934f4c237,US English,us,"Adkins contributed to numerous other fan publications, including ""Amra"", ""Vega"" and ""Xero"".",adkins contributed to numerous other fan publications including amera vega and zero,7fd7ebe07009a897837ceef621e722bec756be4902ef3f58d8db9225df81f32d
xlsr_english,dsuta,8,stage5ext_00034,d477a12247cce9a9c0954e6ee3ae16aed2930112fa26700f19af15658b5c71e2dc818d72e0034c8181da642cabf8f6c15f4d900b88bcab83d583944934f4c237,US English,us,The film image at this section of the newsreel is that of Hitler.,the film image at this section of the newsreel is that of hitler,7fd7ebe07009a897837ceef621e722bec756be4902ef3f58d8db9225df81f32d
xlsr_english,dsuta,8,stage5ext_00035,d477a12247cce9a9c0954e6ee3ae16aed2930112fa26700f19af15658b5c71e2dc818d72e0034c8181da642cabf8f6c15f4d900b88bcab83d583944934f4c237,US English,us,One of the company's early cars was the Pittsburgher.,one of the company's early cars was the pittsburger,7fd7ebe07009a897837ceef621e722bec756be4902ef3f58d8db9225df81f32d
xlsr_english,dsuta,8,stage5ext_00036,d477a12247cce9a9c0954e6ee3ae16aed2930112fa26700f19af15658b5c71e2dc818d72e0034c8181da642cabf8f6c15f4d900b88bcab83d583944934f4c237,US English,us,"Compare also Philo, Leg.",compare also phylo lage,7fd7ebe07009a897837ceef621e722bec756be4902ef3f58d8db9225df81f32d
xlsr_english,dsuta,9,stage5ext_00037,d477a12247cce9a9c0954e6ee3ae16aed2930112fa26700f19af15658b5c71e2dc818d72e0034c8181da642cabf8f6c15f4d900b88bcab83d583944934f4c237,US English,us,"Sir Charles Beaumont Phipps and his third, Edmund Phipps, a lawyer and author.",sir charles bewmont phipps and his third edmund phipps a lawyer and author,56cf77cffe9eaf24c43f90d291f0126e939586543863ae794dd5b2703184bab2
xlsr_english,dsuta,9,stage5ext_00038,d477a12247cce9a9c0954e6ee3ae16aed2930112fa26700f19af15658b5c71e2dc818d72e0034c8181da642cabf8f6c15f4d900b88bcab83d583944934f4c237,US English,us,Just behind the church is the old bridge.,just behind the church is the old bridge,56cf77cffe9eaf24c43f90d291f0126e939586543863ae794dd5b2703184bab2
xlsr_english,dsuta,9,stage5ext_00039,d477a12247cce9a9c0954e6ee3ae16aed2930112fa26700f19af15658b5c71e2dc818d72e0034c8181da642cabf8f6c15f4d900b88bcab83d583944934f4c237,US English,us,This feature forces parasitologists to use advanced biostatistical methodologies.,this feature forces parasytologists to use advanced biostatistical methodologies,56cf77cffe9eaf24c43f90d291f0126e939586543863ae794dd5b2703184bab2
xlsr_english,dsuta,9,stage5ext_00040,d477a12247cce9a9c0954e6ee3ae16aed2930112fa26700f19af15658b5c71e2dc818d72e0034c8181da642cabf8f6c15f4d900b88bcab83d583944934f4c237,US English,us,Dairy farming is an important industry in the area.,dairy farming is an important industry in the area,56cf77cffe9eaf24c43f90d291f0126e939586543863ae794dd5b2703184bab2
xlsr_english,dsuta,10,stage5ext_00041,d477a12247cce9a9c0954e6ee3ae16aed2930112fa26700f19af15658b5c71e2dc818d72e0034c8181da642cabf8f6c15f4d900b88bcab83d583944934f4c237,US English,us,Sagan's number is the number of stars in the observable universe.,sagan's number is the number of stars in the observable universe,b26e6001948f4ba7e989cb2f92044d294c8b547dba99446ec0b641b111866d15
xlsr_english,dsuta,10,stage5ext_00042,d477a12247cce9a9c0954e6ee3ae16aed2930112fa26700f19af15658b5c71e2dc818d72e0034c8181da642cabf8f6c15f4d900b88bcab83d583944934f4c237,US English,us,He went to Providence Elementary and Webster County High School.,he went to providence elementary at webster county high school,b26e6001948f4ba7e989cb2f92044d294c8b547dba99446ec0b641b111866d15
xlsr_english,dsuta,10,stage5ext_00043,d477a12247cce9a9c0954e6ee3ae16aed2930112fa26700f19af15658b5c71e2dc818d72e0034c8181da642cabf8f6c15f4d900b88bcab83d583944934f4c237,US English,us,Doctor Rodd received her Ph.D. in Biology from York University in Toronto.,doctor rodd received her phd in biology from york university in toronto,b26e6001948f4ba7e989cb2f92044d294c8b547dba99446ec0b641b111866d15
xlsr_english,dsuta,10,stage5ext_00044,d477a12247cce9a9c0954e6ee3ae16aed2930112fa26700f19af15658b5c71e2dc818d72e0034c8181da642cabf8f6c15f4d900b88bcab83d583944934f4c237,US English,us,One of the largest was Starodubaka.,one of the largest was staro dubaka,b26e6001948f4ba7e989cb2f92044d294c8b547dba99446ec0b641b111866d15
xlsr_english,dsuta,11,stage5ext_00045,d477a12247cce9a9c0954e6ee3ae16aed2930112fa26700f19af15658b5c71e2dc818d72e0034c8181da642cabf8f6c15f4d900b88bcab83d583944934f4c237,US English,us,It is based on the concept of 'equivalence'.,it is based on the concept of equivalents,c0f0dd23601a686497cd1e30feaf99bc5a8d9d45af660fe4f411db09205c306c
xlsr_english,dsuta,11,stage5ext_00046,afd10118899991b7e4af3edddf0c749daf768b6669e68c04c2827d572d39771015c17ec7fd8143657ba077a731375c6fa34f2012588f8cb1b78d923a01178ac7,US English,us,"Excerpts were also printed in the ""Wall Street Journal"".",hexcherts were also trinted in the warsvor journal,c0f0dd23601a686497cd1e30feaf99bc5a8d9d45af660fe4f411db09205c306c
xlsr_english,dsuta,11,stage5ext_00047,afd10118899991b7e4af3edddf0c749daf768b6669e68c04c2827d572d39771015c17ec7fd8143657ba077a731375c6fa34f2012588f8cb1b78d923a01178ac7,US English,us,She also sits on the Board of Directors for the Canada West Foundation.,he also so from the board of derectors for tismineta rest foundation,c0f0dd23601a686497cd1e30feaf99bc5a8d9d45af660fe4f411db09205c306c
xlsr_english,dsuta,11,stage5ext_00048,afd10118899991b7e4af3edddf0c749daf768b6669e68c04c2827d572d39771015c17ec7fd8143657ba077a731375c6fa34f2012588f8cb1b78d923a01178ac7,US English,us,"Like other opioid drugs, pethidine has the potential to cause physical dependence or addiction.",like other ogeode dlugs hestydian has the potential to cause bysical dependence or diction,c0f0dd23601a686497cd1e30feaf99bc5a8d9d45af660fe4f411db09205c306c
xlsr_english,dsuta,12,stage5ext_00049,afd10118899991b7e4af3edddf0c749daf768b6669e68c04c2827d572d39771015c17ec7fd8143657ba077a731375c6fa34f2012588f8cb1b78d923a01178ac7,US English,us,"He was interested in sciences, and had a sizable library.",i was intlistid in silenc us who had do sib te the library,87f0c01d16542a1d2122e7ee890a22de44df1fb39ed775997f4db89927493e78
xlsr_english,dsuta,12,stage5ext_00050,afd10118899991b7e4af3edddf0c749daf768b6669e68c04c2827d572d39771015c17ec7fd8143657ba077a731375c6fa34f2012588f8cb1b78d923a01178ac7,US English,us,The addition would become known on-air as Television Park.,the adition would become known on-air as television park,87f0c01d16542a1d2122e7ee890a22de44df1fb39ed775997f4db89927493e78
xlsr_english,dsuta,12,stage5ext_00051,afd10118899991b7e4af3edddf0c749daf768b6669e68c04c2827d572d39771015c17ec7fd8143657ba077a731375c6fa34f2012588f8cb1b78d923a01178ac7,US English,us,"However, molecular studies separate ""Gromia"" from the others, which must therefore be renamed.",however moleculus studies separate gromia from the others which must therefore be remained,87f0c01d16542a1d2122e7ee890a22de44df1fb39ed775997f4db89927493e78
xlsr_english,dsuta,12,stage5ext_00052,afd10118899991b7e4af3edddf0c749daf768b6669e68c04c2827d572d39771015c17ec7fd8143657ba077a731375c6fa34f2012588f8cb1b78d923a01178ac7,US English,us,It was named for the Dakota people.,it was named for the dakota people,87f0c01d16542a1d2122e7ee890a22de44df1fb39ed775997f4db89927493e78
xlsr_english,dsuta,13,stage5ext_00053,afd10118899991b7e4af3edddf0c749daf768b6669e68c04c2827d572d39771015c17ec7fd8143657ba077a731375c6fa34f2012588f8cb1b78d923a01178ac7,US English,us,"The song is featured on the live album ""Live Killers"".",the song is featured on the live album live killers,a7f8e5d07b1d6730fdca15f2e6d8dc6af13964807ed51cb46858ce261f13c104
xlsr_english,dsuta,13,stage5ext_00054,afd10118899991b7e4af3edddf0c749daf768b6669e68c04c2827d572d39771015c17ec7fd8143657ba077a731375c6fa34f2012588f8cb1b78d923a01178ac7,US English,us,"On some folios, the differing colors of ink are arranged to form geometric patterns.",on some folios the differing colors of inc are arranged to form geometric patterns,a7f8e5d07b1d6730fdca15f2e6d8dc6af13964807ed51cb46858ce261f13c104
xlsr_english,dsuta,13,stage5ext_00055,afd10118899991b7e4af3edddf0c749daf768b6669e68c04c2827d572d39771015c17ec7fd8143657ba077a731375c6fa34f2012588f8cb1b78d923a01178ac7,US English,us,This handy percussion instrument is very similar to the pan-Indian damaru.,this handy percussion instrument is very similar to the pan-indian damaru,a7f8e5d07b1d6730fdca15f2e6d8dc6af13964807ed51cb46858ce261f13c104
xlsr_english,dsuta,13,stage5ext_00056,afd10118899991b7e4af3edddf0c749daf768b6669e68c04c2827d572d39771015c17ec7fd8143657ba077a731375c6fa34f2012588f8cb1b78d923a01178ac7,US English,us,The Louisville Cardinal serves as an outlet and learning experience for aspiring journalists.,etenisal cardinal shares evis outlet and lonin experience as fire injurious,a7f8e5d07b1d6730fdca15f2e6d8dc6af13964807ed51cb46858ce261f13c104
xlsr_english,dsuta,14,stage5ext_00057,afd10118899991b7e4af3edddf0c749daf768b6669e68c04c2827d572d39771015c17ec7fd8143657ba077a731375c6fa34f2012588f8cb1b78d923a01178ac7,US English,us,A distinctive feature of the system was support for Coaching.,te distinctest meture of the custemer supports sixisten,1c4df953f8d8290a7b456be10166023ff1cc763905ccb4bb70a83a4473157d40
xlsr_english,dsuta,14,stage5ext_00058,afd10118899991b7e4af3edddf0c749daf768b6669e68c04c2827d572d39771015c17ec7fd8143657ba077a731375c6fa34f2012588f8cb1b78d923a01178ac7,US English,us,There was no heroism and no villainy.,there is no zeurism in neighbourland,1c4df953f8d8290a7b456be10166023ff1cc763905ccb4bb70a83a4473157d40
xlsr_english,dsuta,14,stage5ext_00059,afd10118899991b7e4af3edddf0c749daf768b6669e68c04c2827d572d39771015c17ec7fd8143657ba077a731375c6fa34f2012588f8cb1b78d923a01178ac7,US English,us,Ground was broken for Saint Ann's Church in New Galilee.,ground was broken for saint anne's church in new gallelie,1c4df953f8d8290a7b456be10166023ff1cc763905ccb4bb70a83a4473157d40
xlsr_english,dsuta,14,stage5ext_00060,afd10118899991b7e4af3edddf0c749daf768b6669e68c04c2827d572d39771015c17ec7fd8143657ba077a731375c6fa34f2012588f8cb1b78d923a01178ac7,US English,us,To the east is the statue of King Norodom sits on a white horse.,to the east is the statue of king norodam sits on a white horse,1c4df953f8d8290a7b456be10166023ff1cc763905ccb4bb70a83a4473157d40
xlsr_english,dsuta,15,stage5ext_00061,264ab06df2796194c32a09afcb46bc2cbad9165d564f7d08af3b830436d4b292cec680793da0f1fea42128c902e8f92ba59717fcaa074c604a2bae440800743b,US English,us,There can also be underlying medical reasons for urinary incontinence which are often treatable.,there can also be underlying medical reasons for urinary incontinents which are often treatable,980eba0ddb4dea988355596d6bf0aa9f378f428fefdef42a63b46fc72e8513d4
xlsr_english,dsuta,15,stage5ext_00062,264ab06df2796194c32a09afcb46bc2cbad9165d564f7d08af3b830436d4b292cec680793da0f1fea42128c902e8f92ba59717fcaa074c604a2bae440800743b,US English,us,PubChem consists of three dynamically growing primary databases.,pubkem consists of three dynamically growing primary databases,980eba0ddb4dea988355596d6bf0aa9f378f428fefdef42a63b46fc72e8513d4
xlsr_english,dsuta,15,stage5ext_00063,264ab06df2796194c32a09afcb46bc2cbad9165d564f7d08af3b830436d4b292cec680793da0f1fea42128c902e8f92ba59717fcaa074c604a2bae440800743b,US English,us,"Europe, in particular ancient Greece, was the birthplace of Western civilization.",europe in particular ancient greece was the birthplace of western civilization,980eba0ddb4dea988355596d6bf0aa9f378f428fefdef42a63b46fc72e8513d4
xlsr_english,dsuta,15,stage5ext_00064,264ab06df2796194c32a09afcb46bc2cbad9165d564f7d08af3b830436d4b292cec680793da0f1fea42128c902e8f92ba59717fcaa074c604a2bae440800743b,US English,us,It originally went through unincorporated small comminities such as Leslie and Arat.,it originally went through unincorporated small communities such as lesley and arad,980eba0ddb4dea988355596d6bf0aa9f378f428fefdef42a63b46fc72e8513d4
xlsr_english,dsuta,16,stage5ext_00065,264ab06df2796194c32a09afcb46bc2cbad9165d564f7d08af3b830436d4b292cec680793da0f1fea42128c902e8f92ba59717fcaa074c604a2bae440800743b,US English,us,A self-homeomorphism is a homeomorphism of a topological space and itself.,a self-homeomorphism is a homeomorphism of a topological space and itself,341af3fedfa9ab89e926604e7671f101cceda223c9d2b8fe0dd1cce3f6b91030
xlsr_english,dsuta,16,stage5ext_00066,264ab06df2796194c32a09afcb46bc2cbad9165d564f7d08af3b830436d4b292cec680793da0f1fea42128c902e8f92ba59717fcaa074c604a2bae440800743b,US English,us,"Since that time, additional relationships have formed under the auspices of the town connection.",since that time additional relationships have formed under the auspices of the town connection,341af3fedfa9ab89e926604e7671f101cceda223c9d2b8fe0dd1cce3f6b91030
xlsr_english,dsuta,16,stage5ext_00067,264ab06df2796194c32a09afcb46bc2cbad9165d564f7d08af3b830436d4b292cec680793da0f1fea42128c902e8f92ba59717fcaa074c604a2bae440800743b,US English,us,Local humane societies across the nation resisted.,local humane societies across the nation resisted,341af3fedfa9ab89e926604e7671f101cceda223c9d2b8fe0dd1cce3f6b91030
xlsr_english,dsuta,16,stage5ext_00068,264ab06df2796194c32a09afcb46bc2cbad9165d564f7d08af3b830436d4b292cec680793da0f1fea42128c902e8f92ba59717fcaa074c604a2bae440800743b,US English,us,"It specializes in care for stroke, cardiac and amputees patients needing rehabilitation needs.",it specializes in care for stroke kardiac and ambutees patients needing rehabilitation needs,341af3fedfa9ab89e926604e7671f101cceda223c9d2b8fe0dd1cce3f6b91030
xlsr_english,dsuta,17,stage5ext_00069,264ab06df2796194c32a09afcb46bc2cbad9165d564f7d08af3b830436d4b292cec680793da0f1fea42128c902e8f92ba59717fcaa074c604a2bae440800743b,US English,us,"“It’s extremely interesting,” Anne told Deborah.",it's extremely interesting an told debora,d6ab301f353d0d86f0e4ef2f39d7a3a0e3d942137498eac498591f0cba4b3266
xlsr_english,dsuta,17,stage5ext_00070,264ab06df2796194c32a09afcb46bc2cbad9165d564f7d08af3b830436d4b292cec680793da0f1fea42128c902e8f92ba59717fcaa074c604a2bae440800743b,US English,us,Grangeville enjoys close access to scenic and wildlife areas.,grangeville enjoys close access to scenic and wildlife areas,d6ab301f353d0d86f0e4ef2f39d7a3a0e3d942137498eac498591f0cba4b3266
xlsr_english,dsuta,17,stage5ext_00071,264ab06df2796194c32a09afcb46bc2cbad9165d564f7d08af3b830436d4b292cec680793da0f1fea42128c902e8f92ba59717fcaa074c604a2bae440800743b,US English,us,He discovered that this was not the case.,he discovered that this was not the case,d6ab301f353d0d86f0e4ef2f39d7a3a0e3d942137498eac498591f0cba4b3266
xlsr_english,dsuta,17,stage5ext_00072,264ab06df2796194c32a09afcb46bc2cbad9165d564f7d08af3b830436d4b292cec680793da0f1fea42128c902e8f92ba59717fcaa074c604a2bae440800743b,US English,us,There are four communities in Denmark with the same name.,there are four communities in denmark with the same name,d6ab301f353d0d86f0e4ef2f39d7a3a0e3d942137498eac498591f0cba4b3266
xlsr_english,dsuta,18,stage5ext_00073,264ab06df2796194c32a09afcb46bc2cbad9165d564f7d08af3b830436d4b292cec680793da0f1fea42128c902e8f92ba59717fcaa074c604a2bae440800743b,US English,us,He plays all three outfield positions.,he plays all three outfield positions,ad4977febd751478257a9a72f6ca5c19235a03bb834283ee1a1e2c5117d79163
xlsr_english,dsuta,18,stage5ext_00074,264ab06df2796194c32a09afcb46bc2cbad9165d564f7d08af3b830436d4b292cec680793da0f1fea42128c902e8f92ba59717fcaa074c604a2bae440800743b,US English,us,But supplies are almost nonexistent at the Checkmate base.,but supplies are almost not-existent at the chechmate base,ad4977febd751478257a9a72f6ca5c19235a03bb834283ee1a1e2c5117d79163
xlsr_english,dsuta,18,stage5ext_00075,264ab06df2796194c32a09afcb46bc2cbad9165d564f7d08af3b830436d4b292cec680793da0f1fea42128c902e8f92ba59717fcaa074c604a2bae440800743b,US English,us,"The section ""Of the Executive Power"" declared the powers of the executive power.",the section of the executive power declared the powers of the executive power,ad4977febd751478257a9a72f6ca5c19235a03bb834283ee1a1e2c5117d79163
xlsr_english,dsuta,18,stage5ext_00076,77600d1ea840721bc62cd5a1444822538c380c4255c3bb966d35e4c71344e0691303c4add4223e9fe842b24d65e08ae2e99c956f4acb898bff34adad75171112,US English,us,It is exacerbating inequalities.,it is exacerbating in equalities,ad4977febd751478257a9a72f6ca5c19235a03bb834283ee1a1e2c5117d79163
xlsr_english,dsuta,19,stage5ext_00077,77600d1ea840721bc62cd5a1444822538c380c4255c3bb966d35e4c71344e0691303c4add4223e9fe842b24d65e08ae2e99c956f4acb898bff34adad75171112,US English,us,"Large numbers came from other countries of Latin America from Mexico to Uruguay, esp.",large numbers came from other countries of latin america from mexico to urguy espa,676e1f2e03265ac6617bde7d3e7fa294dc49fcda7e2bbda8851b307f82416ccf
xlsr_english,dsuta,19,stage5ext_00078,77600d1ea840721bc62cd5a1444822538c380c4255c3bb966d35e4c71344e0691303c4add4223e9fe842b24d65e08ae2e99c956f4acb898bff34adad75171112,US English,us,A pond's condition deteriorates when the bottom environment cannot support animal life.,a pons condition deteriorates when the bottom environment cannot support animal life,676e1f2e03265ac6617bde7d3e7fa294dc49fcda7e2bbda8851b307f82416ccf
xlsr_english,dsuta,19,stage5ext_00079,77600d1ea840721bc62cd5a1444822538c380c4255c3bb966d35e4c71344e0691303c4add4223e9fe842b24d65e08ae2e99c956f4acb898bff34adad75171112,US English,us,The Chiemsee is located in the west of the district.,the chim si is located in the west of the district,676e1f2e03265ac6617bde7d3e7fa294dc49fcda7e2bbda8851b307f82416ccf
xlsr_english,dsuta,19,stage5ext_00080,77600d1ea840721bc62cd5a1444822538c380c4255c3bb966d35e4c71344e0691303c4add4223e9fe842b24d65e08ae2e99c956f4acb898bff34adad75171112,US English,us,She was the daughter of Timothy and Ellen Noonan.,she was the daughter of timothy and ellen nonon,676e1f2e03265ac6617bde7d3e7fa294dc49fcda7e2bbda8851b307f82416ccf
xlsr_english,dsuta,20,stage5ext_00081,77600d1ea840721bc62cd5a1444822538c380c4255c3bb966d35e4c71344e0691303c4add4223e9fe842b24d65e08ae2e99c956f4acb898bff34adad75171112,US English,us,"Collingwood was born in Britain but grew up in Sellersville, Pennsylvania.",collingwood was born in britain but grew up in sellarsville pennsylvania,5cb23cb6514682efc7aa50c2d5b4727e13cb3806c4e91d0d2d6821f98b2aa3df
xlsr_english,dsuta,20,stage5ext_00082,77600d1ea840721bc62cd5a1444822538c380c4255c3bb966d35e4c71344e0691303c4add4223e9fe842b24d65e08ae2e99c956f4acb898bff34adad75171112,US English,us,It is also the language of most of the manuscripts of Welsh law.,it is also the language of most of the manuscripts of welsh law,5cb23cb6514682efc7aa50c2d5b4727e13cb3806c4e91d0d2d6821f98b2aa3df
xlsr_english,dsuta,20,stage5ext_00083,77600d1ea840721bc62cd5a1444822538c380c4255c3bb966d35e4c71344e0691303c4add4223e9fe842b24d65e08ae2e99c956f4acb898bff34adad75171112,US English,us,"He was educated at Emanuel School, the University of Southampton and University of Warwick.",he was educated at emanuel school the university of southampton and university of warwick,5cb23cb6514682efc7aa50c2d5b4727e13cb3806c4e91d0d2d6821f98b2aa3df
xlsr_english,dsuta,20,stage5ext_00084,77600d1ea840721bc62cd5a1444822538c380c4255c3bb966d35e4c71344e0691303c4add4223e9fe842b24d65e08ae2e99c956f4acb898bff34adad75171112,US English,us,He introduced cushion seats in all unreserved compartments.,he introduced cushion seats in all unreserved compartments,5cb23cb6514682efc7aa50c2d5b4727e13cb3806c4e91d0d2d6821f98b2aa3df
xlsr_english,dsuta,21,stage5ext_00085,77600d1ea840721bc62cd5a1444822538c380c4255c3bb966d35e4c71344e0691303c4add4223e9fe842b24d65e08ae2e99c956f4acb898bff34adad75171112,US English,us,It developed from the Pugwash Conferences on Science and World Affairs.,it developed from the pugwash conferences on science and world affairs,b4b0c074d447ecb61551c9fb3a840a0305d6d537c2a140507a55b3bc7df79a61
xlsr_english,dsuta,21,stage5ext_00086,77600d1ea840721bc62cd5a1444822538c380c4255c3bb966d35e4c71344e0691303c4add4223e9fe842b24d65e08ae2e99c956f4acb898bff34adad75171112,US English,us,"He has written seven Phillip Mercer books in the series, beginning with ""Vulcan's Forge"".",he has written seven philip mercer books in the series beginning with vulcans forge,b4b0c074d447ecb61551c9fb3a840a0305d6d537c2a140507a55b3bc7df79a61
xlsr_english,dsuta,21,stage5ext_00087,77600d1ea840721bc62cd5a1444822538c380c4255c3bb966d35e4c71344e0691303c4add4223e9fe842b24d65e08ae2e99c956f4acb898bff34adad75171112,US English,us,"Like most other light jets, the Mustang is approved for single-pilot operation.",like most other light jets the mustang is approved for single pilot operation,b4b0c074d447ecb61551c9fb3a840a0305d6d537c2a140507a55b3bc7df79a61
xlsr_english,dsuta,21,stage5ext_00088,77600d1ea840721bc62cd5a1444822538c380c4255c3bb966d35e4c71344e0691303c4add4223e9fe842b24d65e08ae2e99c956f4acb898bff34adad75171112,US English,us,This is true for moduli of curves.,this is true for modeley of curves,b4b0c074d447ecb61551c9fb3a840a0305d6d537c2a140507a55b3bc7df79a61
xlsr_english,dsuta,22,stage5ext_00089,77600d1ea840721bc62cd5a1444822538c380c4255c3bb966d35e4c71344e0691303c4add4223e9fe842b24d65e08ae2e99c956f4acb898bff34adad75171112,US English,us,"They were the sons of Frederick Law Olmsted, renowned architect of Central Park.",they were the sons of frederick-law almstead renowned architect of central park,d72cdd7f327e2974b9e5013035c2b753ad79fd38c15f5b15c693b4440ae13370
xlsr_english,dsuta,22,stage5ext_00090,77600d1ea840721bc62cd5a1444822538c380c4255c3bb966d35e4c71344e0691303c4add4223e9fe842b24d65e08ae2e99c956f4acb898bff34adad75171112,US English,us,The voltage stability depends on the gas pressure.,the voltage stability depends on the gas pressure,d72cdd7f327e2974b9e5013035c2b753ad79fd38c15f5b15c693b4440ae13370
xlsr_english,dsuta,22,stage5ext_00091,9f2c0b36708a80b9aba1604061b45c02ab3d559f33122d380b4f16df7ee264228b8ed084cc75539159c501c042dcd878c793f3c16eaf1b5d9a110cad98fa0a9e,US English,us,Empress Elizabeth sent him to Kiev to realize Rastrelli's design of Saint Andrew Church.,empress elizabeth sent him to keeve to realized rest trelley's design of saint andrew church,d72cdd7f327e2974b9e5013035c2b753ad79fd38c15f5b15c693b4440ae13370
xlsr_english,dsuta,22,stage5ext_00092,9f2c0b36708a80b9aba1604061b45c02ab3d559f33122d380b4f16df7ee264228b8ed084cc75539159c501c042dcd878c793f3c16eaf1b5d9a110cad98fa0a9e,US English,us,Caulfield offers students a wide range of subjects in its academic curriculum.,collfield offers students a wide range of subjects in its academic curriculum,d72cdd7f327e2974b9e5013035c2b753ad79fd38c15f5b15c693b4440ae13370
xlsr_english,dsuta,23,stage5ext_00093,9f2c0b36708a80b9aba1604061b45c02ab3d559f33122d380b4f16df7ee264228b8ed084cc75539159c501c042dcd878c793f3c16eaf1b5d9a110cad98fa0a9e,US English,us,It is often used at the end of clauses or verses.,it is often used at the end of plauses reverses,5c936952ed48be101cfdc8cfe6d27c7f1ca9ae503338bcc63e84fde056f92285
xlsr_english,dsuta,23,stage5ext_00094,9f2c0b36708a80b9aba1604061b45c02ab3d559f33122d380b4f16df7ee264228b8ed084cc75539159c501c042dcd878c793f3c16eaf1b5d9a110cad98fa0a9e,US English,us,"Gardner was born in Batavia, New York.",gardner was born in batavia new york,5c936952ed48be101cfdc8cfe6d27c7f1ca9ae503338bcc63e84fde056f92285
xlsr_english,dsuta,23,stage5ext_00095,9f2c0b36708a80b9aba1604061b45c02ab3d559f33122d380b4f16df7ee264228b8ed084cc75539159c501c042dcd878c793f3c16eaf1b5d9a110cad98fa0a9e,US English,us,It is located where the Piankatank River feeds into the Chesapeake Bay.,it is located where the tenkatang river feeds the chesabeake bay,5c936952ed48be101cfdc8cfe6d27c7f1ca9ae503338bcc63e84fde056f92285
xlsr_english,dsuta,23,stage5ext_00096,9f2c0b36708a80b9aba1604061b45c02ab3d559f33122d380b4f16df7ee264228b8ed084cc75539159c501c042dcd878c793f3c16eaf1b5d9a110cad98fa0a9e,US English,us,A classic example of a one-way function is multiplication of very large prime numbers.,a classic example of a one-way function is a multiplication of very large time numbers,5c936952ed48be101cfdc8cfe6d27c7f1ca9ae503338bcc63e84fde056f92285
xlsr_english,dsuta,24,stage5ext_00097,9f2c0b36708a80b9aba1604061b45c02ab3d559f33122d380b4f16df7ee264228b8ed084cc75539159c501c042dcd878c793f3c16eaf1b5d9a110cad98fa0a9e,US English,us,Nuclear warheads are produced and stored on the premises.,nuclear warheads are produced and stored on the premises,5ca4395272247448b3ca93f3b35e1c262a5217afc654d06d2db0cd46c67ed3fa
xlsr_english,dsuta,24,stage5ext_00098,9f2c0b36708a80b9aba1604061b45c02ab3d559f33122d380b4f16df7ee264228b8ed084cc75539159c501c042dcd878c793f3c16eaf1b5d9a110cad98fa0a9e,US English,us,"The Center awards a ""Distinguished Christian Statesman Award"" annually to high-profile Christian political leaders.",the centre awards a distinguished christian statesman award annually high-profile christian political leaders,5ca4395272247448b3ca93f3b35e1c262a5217afc654d06d2db0cd46c67ed3fa
xlsr_english,dsuta,24,stage5ext_00099,9f2c0b36708a80b9aba1604061b45c02ab3d559f33122d380b4f16df7ee264228b8ed084cc75539159c501c042dcd878c793f3c16eaf1b5d9a110cad98fa0a9e,US English,us,Flavors available in Germany included cherry and cola.,flaboris available in germany lith cherry and cola,5ca4395272247448b3ca93f3b35e1c262a5217afc654d06d2db0cd46c67ed3fa
xlsr_english,dsuta,24,stage5ext_00100,9f2c0b36708a80b9aba1604061b45c02ab3d559f33122d380b4f16df7ee264228b8ed084cc75539159c501c042dcd878c793f3c16eaf1b5d9a110cad98fa0a9e,US English,us,The present chairman is Bumairam Mamaseitova.,the present chairman is bamaran mamasaitoga,5ca4395272247448b3ca93f3b35e1c262a5217afc654d06d2db0cd46c67ed3fa
xlsr_english,dsuta,25,stage5ext_00101,9f2c0b36708a80b9aba1604061b45c02ab3d559f33122d380b4f16df7ee264228b8ed084cc75539159c501c042dcd878c793f3c16eaf1b5d9a110cad98fa0a9e,US English,us,On the seventh day they depart.,on the seventh day they depart,59147e3e74ff5f0985c3e18c17dc8855974d39232d51b736222fe0ffcacef392
xlsr_english,dsuta,25,stage5ext_00102,9f2c0b36708a80b9aba1604061b45c02ab3d559f33122d380b4f16df7ee264228b8ed084cc75539159c501c042dcd878c793f3c16eaf1b5d9a110cad98fa0a9e,US English,us,Many notable Caliphs have had their share of ruling over the Kiswah.,many notable cout have had their share ruling over the kisua,59147e3e74ff5f0985c3e18c17dc8855974d39232d51b736222fe0ffcacef392
xlsr_english,dsuta,25,stage5ext_00103,9f2c0b36708a80b9aba1604061b45c02ab3d559f33122d380b4f16df7ee264228b8ed084cc75539159c501c042dcd878c793f3c16eaf1b5d9a110cad98fa0a9e,US English,us,The river Maros formed its southern border.,the river marrows formed its southern border,59147e3e74ff5f0985c3e18c17dc8855974d39232d51b736222fe0ffcacef392
xlsr_english,dsuta,25,stage5ext_00104,9f2c0b36708a80b9aba1604061b45c02ab3d559f33122d380b4f16df7ee264228b8ed084cc75539159c501c042dcd878c793f3c16eaf1b5d9a110cad98fa0a9e,US English,us,And that meant our fat electric album would have two songs on a side.,amadmen or fat-electric album would have two songs on a side,59147e3e74ff5f0985c3e18c17dc8855974d39232d51b736222fe0ffcacef392
xlsr_english,dsuta,26,stage5ext_00105,9f2c0b36708a80b9aba1604061b45c02ab3d559f33122d380b4f16df7ee264228b8ed084cc75539159c501c042dcd878c793f3c16eaf1b5d9a110cad98fa0a9e,US English,us,A committee was organised and the Smithsonian Institution was founded.,a committee was organized and the smithsonian institution was founded,cc21b056368a520a2e4d6a0b2cb2fbc753aa1e738e517c3c19c5a84cdfd1f9a5
xlsr_english,dsuta,26,stage5ext_00106,2ce9c40fcb6948ed0bced3197b5aefb5f8585c4b80c5f627af7a750cfb445b61c96532c68b893e6c1f4cb299407c58f1504db283d1f7eca7585dfc2f88a968d4,US English,us,"You're not psychotic, you just wish you were?",you're not psychiotic you just wish you were,cc21b056368a520a2e4d6a0b2cb2fbc753aa1e738e517c3c19c5a84cdfd1f9a5
xlsr_english,dsuta,26,stage5ext_00107,2ce9c40fcb6948ed0bced3197b5aefb5f8585c4b80c5f627af7a750cfb445b61c96532c68b893e6c1f4cb299407c58f1504db283d1f7eca7585dfc2f88a968d4,US English,us,Good evening.,good-evening,cc21b056368a520a2e4d6a0b2cb2fbc753aa1e738e517c3c19c5a84cdfd1f9a5
xlsr_english,dsuta,26,stage5ext_00108,2ce9c40fcb6948ed0bced3197b5aefb5f8585c4b80c5f627af7a750cfb445b61c96532c68b893e6c1f4cb299407c58f1504db283d1f7eca7585dfc2f88a968d4,US English,us,The dead have no friends.,the dead have no friends,cc21b056368a520a2e4d6a0b2cb2fbc753aa1e738e517c3c19c5a84cdfd1f9a5
xlsr_english,dsuta,27,stage5ext_00109,2ce9c40fcb6948ed0bced3197b5aefb5f8585c4b80c5f627af7a750cfb445b61c96532c68b893e6c1f4cb299407c58f1504db283d1f7eca7585dfc2f88a968d4,US English,us,Ship technology has improved.,ship technology has improved,1d05d58622ba43c7ebd15d2cc02e32b4af21180796b54caf741510cc1503c40f
xlsr_english,dsuta,27,stage5ext_00110,2ce9c40fcb6948ed0bced3197b5aefb5f8585c4b80c5f627af7a750cfb445b61c96532c68b893e6c1f4cb299407c58f1504db283d1f7eca7585dfc2f88a968d4,US English,us,The shop is closed on Mondays.,the shop is closed on mondays,1d05d58622ba43c7ebd15d2cc02e32b4af21180796b54caf741510cc1503c40f
xlsr_english,dsuta,27,stage5ext_00111,2ce9c40fcb6948ed0bced3197b5aefb5f8585c4b80c5f627af7a750cfb445b61c96532c68b893e6c1f4cb299407c58f1504db283d1f7eca7585dfc2f88a968d4,US English,us,"Waste not, want not.",wastnot what not,1d05d58622ba43c7ebd15d2cc02e32b4af21180796b54caf741510cc1503c40f
xlsr_english,dsuta,27,stage5ext_00112,2ce9c40fcb6948ed0bced3197b5aefb5f8585c4b80c5f627af7a750cfb445b61c96532c68b893e6c1f4cb299407c58f1504db283d1f7eca7585dfc2f88a968d4,US English,us,"The salesman was like the rest of them, untrustworthy.",the salesman is like the rest of him untrustworthy,1d05d58622ba43c7ebd15d2cc02e32b4af21180796b54caf741510cc1503c40f
xlsr_english,dsuta,28,stage5ext_00113,2ce9c40fcb6948ed0bced3197b5aefb5f8585c4b80c5f627af7a750cfb445b61c96532c68b893e6c1f4cb299407c58f1504db283d1f7eca7585dfc2f88a968d4,US English,us,"Did you know that the word ""commercial"" could mean the same as ""advertisement""?",did you know that the word commercial could mean the same as advertisement,8f390ed16045b21814e489fb666d1be1c278176e5ff109094237c348ea0c401b
xlsr_english,dsuta,28,stage5ext_00114,2ce9c40fcb6948ed0bced3197b5aefb5f8585c4b80c5f627af7a750cfb445b61c96532c68b893e6c1f4cb299407c58f1504db283d1f7eca7585dfc2f88a968d4,US English,us,Topsy-turvy Steamboat.,topsy turvy steamboat,8f390ed16045b21814e489fb666d1be1c278176e5ff109094237c348ea0c401b
xlsr_english,dsuta,28,stage5ext_00115,2ce9c40fcb6948ed0bced3197b5aefb5f8585c4b80c5f627af7a750cfb445b61c96532c68b893e6c1f4cb299407c58f1504db283d1f7eca7585dfc2f88a968d4,US English,us,Save a thief from the gallows and he will cut your throat,save a thief from the gallows and he will cut your throat,8f390ed16045b21814e489fb666d1be1c278176e5ff109094237c348ea0c401b
xlsr_english,dsuta,28,stage5ext_00116,2ce9c40fcb6948ed0bced3197b5aefb5f8585c4b80c5f627af7a750cfb445b61c96532c68b893e6c1f4cb299407c58f1504db283d1f7eca7585dfc2f88a968d4,US English,us,A chip of the old block.,a chip of the old block,8f390ed16045b21814e489fb666d1be1c278176e5ff109094237c348ea0c401b
xlsr_english,dsuta,29,stage5ext_00117,2ce9c40fcb6948ed0bced3197b5aefb5f8585c4b80c5f627af7a750cfb445b61c96532c68b893e6c1f4cb299407c58f1504db283d1f7eca7585dfc2f88a968d4,US English,us,What about from an unsafe distance?,what about from an unsafe distance,f96a4f5fa52f9e12fe92dd79a03fc867efc1def10fb59c440f55c6210cc1104f
xlsr_english,dsuta,29,stage5ext_00118,2ce9c40fcb6948ed0bced3197b5aefb5f8585c4b80c5f627af7a750cfb445b61c96532c68b893e6c1f4cb299407c58f1504db283d1f7eca7585dfc2f88a968d4,US English,us,New pants lack cuffs and pockets.,newpants lack cuffs and pockets,f96a4f5fa52f9e12fe92dd79a03fc867efc1def10fb59c440f55c6210cc1104f
xlsr_english,dsuta,29,stage5ext_00119,2ce9c40fcb6948ed0bced3197b5aefb5f8585c4b80c5f627af7a750cfb445b61c96532c68b893e6c1f4cb299407c58f1504db283d1f7eca7585dfc2f88a968d4,US English,us,Is that how your niece began?,is that how your niece began,f96a4f5fa52f9e12fe92dd79a03fc867efc1def10fb59c440f55c6210cc1104f
xlsr_english,dsuta,29,stage5ext_00120,2ce9c40fcb6948ed0bced3197b5aefb5f8585c4b80c5f627af7a750cfb445b61c96532c68b893e6c1f4cb299407c58f1504db283d1f7eca7585dfc2f88a968d4,US English,us,That is the weirdest dress I have found in this store.,that is the weirdest dress i have found in this store,f96a4f5fa52f9e12fe92dd79a03fc867efc1def10fb59c440f55c6210cc1104f
xlsr_english,dsuta,30,stage5ext_00121,228508a13bdcb59b6e981ab369677a052cfa1d9208ac95a44f5a910b5fb16d76e49d318b1a128dd5144453cc80734637f59383b09379191621b865980d923440,US English,us,The reasons are more political.,the reasons are more political,50e5f89195cdded5488d52b48698298c6ffb232edc634c4a7f0744bd822996f2
xlsr_english,dsuta,30,stage5ext_00122,228508a13bdcb59b6e981ab369677a052cfa1d9208ac95a44f5a910b5fb16d76e49d318b1a128dd5144453cc80734637f59383b09379191621b865980d923440,US English,us,When he became a foreman he expected more output from the workmen.,when he became a foreman he expected more output from the werkman,50e5f89195cdded5488d52b48698298c6ffb232edc634c4a7f0744bd822996f2
xlsr_english,dsuta,30,stage5ext_00123,228508a13bdcb59b6e981ab369677a052cfa1d9208ac95a44f5a910b5fb16d76e49d318b1a128dd5144453cc80734637f59383b09379191621b865980d923440,US English,us,"The timber was exported to Egypt, where it was in great demand.",the timber was exported to egypt but it was in great demand,50e5f89195cdded5488d52b48698298c6ffb232edc634c4a7f0744bd822996f2
xlsr_english,dsuta,30,stage5ext_00124,228508a13bdcb59b6e981ab369677a052cfa1d9208ac95a44f5a910b5fb16d76e49d318b1a128dd5144453cc80734637f59383b09379191621b865980d923440,US English,us,"On farm visits, touching or feeding pigs should be prohibited.",on farmisets touching or feeding mixs should be prohibited,50e5f89195cdded5488d52b48698298c6ffb232edc634c4a7f0744bd822996f2
xlsr_english,dsuta,31,stage5ext_00125,228508a13bdcb59b6e981ab369677a052cfa1d9208ac95a44f5a910b5fb16d76e49d318b1a128dd5144453cc80734637f59383b09379191621b865980d923440,US English,us,Noah worked on the album for two years.,noa worked on the album for two years,c4c8667f95c8e1b764c547201ddaafdb8f2c91be330666362b58e3aabde102d2
xlsr_english,dsuta,31,stage5ext_00126,228508a13bdcb59b6e981ab369677a052cfa1d9208ac95a44f5a910b5fb16d76e49d318b1a128dd5144453cc80734637f59383b09379191621b865980d923440,US English,us,"The family seat is Terling Place, near Terling, Essex.",the family cit is terling place near terling essex,c4c8667f95c8e1b764c547201ddaafdb8f2c91be330666362b58e3aabde102d2
xlsr_english,dsuta,31,stage5ext_00127,228508a13bdcb59b6e981ab369677a052cfa1d9208ac95a44f5a910b5fb16d76e49d318b1a128dd5144453cc80734637f59383b09379191621b865980d923440,US English,us,She then got underway for Leyte.,she then got on dhe way for late,c4c8667f95c8e1b764c547201ddaafdb8f2c91be330666362b58e3aabde102d2
xlsr_english,dsuta,31,stage5ext_00128,228508a13bdcb59b6e981ab369677a052cfa1d9208ac95a44f5a910b5fb16d76e49d318b1a128dd5144453cc80734637f59383b09379191621b865980d923440,US English,us,His early work was on optical information processing.,his early work was an optical information procesting,c4c8667f95c8e1b764c547201ddaafdb8f2c91be330666362b58e3aabde102d2
xlsr_english,dsuta,32,stage5ext_00129,228508a13bdcb59b6e981ab369677a052cfa1d9208ac95a44f5a910b5fb16d76e49d318b1a128dd5144453cc80734637f59383b09379191621b865980d923440,US English,us,There is much shouting and gesticulation on the appearance of a new moon.,there is much shouting and gesticulation on the appearance of a nu,27ca612563923e7a6e1dec38622baa99c47e88960ca9ff727b02e4325dc381a0
xlsr_english,dsuta,32,stage5ext_00130,228508a13bdcb59b6e981ab369677a052cfa1d9208ac95a44f5a910b5fb16d76e49d318b1a128dd5144453cc80734637f59383b09379191621b865980d923440,US English,us,Previously this variety was believed to be lost.,previously this variety was believed to be lost,27ca612563923e7a6e1dec38622baa99c47e88960ca9ff727b02e4325dc381a0
xlsr_english,dsuta,32,stage5ext_00131,228508a13bdcb59b6e981ab369677a052cfa1d9208ac95a44f5a910b5fb16d76e49d318b1a128dd5144453cc80734637f59383b09379191621b865980d923440,US English,us,"Well, next morning, the husband was missing.",lo next morning the husband was missing,27ca612563923e7a6e1dec38622baa99c47e88960ca9ff727b02e4325dc381a0
xlsr_english,dsuta,32,stage5ext_00132,228508a13bdcb59b6e981ab369677a052cfa1d9208ac95a44f5a910b5fb16d76e49d318b1a128dd5144453cc80734637f59383b09379191621b865980d923440,US English,us,The heads are then like thongs and solemn in grain and grape-colour.,the heads are then like tongues and some on them green and gray color,27ca612563923e7a6e1dec38622baa99c47e88960ca9ff727b02e4325dc381a0
xlsr_english,dsuta,33,stage5ext_00133,228508a13bdcb59b6e981ab369677a052cfa1d9208ac95a44f5a910b5fb16d76e49d318b1a128dd5144453cc80734637f59383b09379191621b865980d923440,US English,us,"After retiring, Ehiogu founded his own record label, Dirty Hit.",after retiring ihoky founded his own record label dirt hit,d71d53532f6a7899fbb0ab980bcdb6a4892db2bab7dfdc103593357bdf046a9a
xlsr_english,dsuta,33,stage5ext_00134,228508a13bdcb59b6e981ab369677a052cfa1d9208ac95a44f5a910b5fb16d76e49d318b1a128dd5144453cc80734637f59383b09379191621b865980d923440,US English,us,"Some credit ""earlier notions of political and juridical authority"" in Iran's Safavid period.",some credit earlier notions of political and juridical authority in irang's sephawit period,d71d53532f6a7899fbb0ab980bcdb6a4892db2bab7dfdc103593357bdf046a9a
xlsr_english,dsuta,33,stage5ext_00135,228508a13bdcb59b6e981ab369677a052cfa1d9208ac95a44f5a910b5fb16d76e49d318b1a128dd5144453cc80734637f59383b09379191621b865980d923440,US English,us,"George Washington Riggs died at his home, Green Hill, in Prince George's County, Maryland.",george washington ricks died at his home greenhill in prince george county maryland,d71d53532f6a7899fbb0ab980bcdb6a4892db2bab7dfdc103593357bdf046a9a
xlsr_english,dsuta,33,stage5ext_00136,720e559efbceae3ffa3e0df1e70d5d276564f71b02f1a3222c7dbbfa55811cbc4ad54045296d28ef121452051dd65e0253f9af4f519f65f29a0690726ba44253,US English,us,"The number of non-Muslim Sufis before the twentieth century, however, was usually relatively few.",the number of non-muslim sufies before the twentieth century however was usually relatively few,d71d53532f6a7899fbb0ab980bcdb6a4892db2bab7dfdc103593357bdf046a9a
xlsr_english,dsuta,34,stage5ext_00137,720e559efbceae3ffa3e0df1e70d5d276564f71b02f1a3222c7dbbfa55811cbc4ad54045296d28ef121452051dd65e0253f9af4f519f65f29a0690726ba44253,US English,us,"At the party, Jerry meets an attractive woman named Vanessa.",at the party jerry meets an attractive woman named venessa,00f735052ade4717e0eaf906e8774ce2eadf982f8944f8f106fd72fa32916485
xlsr_english,dsuta,34,stage5ext_00138,720e559efbceae3ffa3e0df1e70d5d276564f71b02f1a3222c7dbbfa55811cbc4ad54045296d28ef121452051dd65e0253f9af4f519f65f29a0690726ba44253,US English,us,Irulan herself appears in person only near the end of the novel.,irlon herself appears in person only near the end of the novel,00f735052ade4717e0eaf906e8774ce2eadf982f8944f8f106fd72fa32916485
xlsr_english,dsuta,34,stage5ext_00139,720e559efbceae3ffa3e0df1e70d5d276564f71b02f1a3222c7dbbfa55811cbc4ad54045296d28ef121452051dd65e0253f9af4f519f65f29a0690726ba44253,US English,us,Jump is a yellow dog with brown patches and the pet dog of Tobio.,jump is a yellow dog with brown patches and the pet dog of tobio,00f735052ade4717e0eaf906e8774ce2eadf982f8944f8f106fd72fa32916485
xlsr_english,dsuta,34,stage5ext_00140,720e559efbceae3ffa3e0df1e70d5d276564f71b02f1a3222c7dbbfa55811cbc4ad54045296d28ef121452051dd65e0253f9af4f519f65f29a0690726ba44253,US English,us,It has some popular restaurants including The New Inn.,it has some popular restaurants including the new inn,00f735052ade4717e0eaf906e8774ce2eadf982f8944f8f106fd72fa32916485
xlsr_english,dsuta,35,stage5ext_00141,720e559efbceae3ffa3e0df1e70d5d276564f71b02f1a3222c7dbbfa55811cbc4ad54045296d28ef121452051dd65e0253f9af4f519f65f29a0690726ba44253,US English,us,The families and genera within the orders are listed in alphabetical order.,the families and genera within the orders are listed in alphabetical order,b8ded71d7fb40a33d21f8fb5d6499df77afc4b7047450382f9cc08f1b657a8d0
xlsr_english,dsuta,35,stage5ext_00142,720e559efbceae3ffa3e0df1e70d5d276564f71b02f1a3222c7dbbfa55811cbc4ad54045296d28ef121452051dd65e0253f9af4f519f65f29a0690726ba44253,US English,us,"This practice remains an important ritual in some remote, tribal societies.",this practice remains an important ritual in some remote tribal societies,b8ded71d7fb40a33d21f8fb5d6499df77afc4b7047450382f9cc08f1b657a8d0
xlsr_english,dsuta,35,stage5ext_00143,720e559efbceae3ffa3e0df1e70d5d276564f71b02f1a3222c7dbbfa55811cbc4ad54045296d28ef121452051dd65e0253f9af4f519f65f29a0690726ba44253,US English,us,A second game also included Carshalton College.,a second game also included carshalton college,b8ded71d7fb40a33d21f8fb5d6499df77afc4b7047450382f9cc08f1b657a8d0
xlsr_english,dsuta,35,stage5ext_00144,720e559efbceae3ffa3e0df1e70d5d276564f71b02f1a3222c7dbbfa55811cbc4ad54045296d28ef121452051dd65e0253f9af4f519f65f29a0690726ba44253,US English,us,Mareya micrantha is said to have local anaesthetic properties.,marea macrantha is said to have local anaesthetic properties,b8ded71d7fb40a33d21f8fb5d6499df77afc4b7047450382f9cc08f1b657a8d0
xlsr_english,dsuta,36,stage5ext_00145,720e559efbceae3ffa3e0df1e70d5d276564f71b02f1a3222c7dbbfa55811cbc4ad54045296d28ef121452051dd65e0253f9af4f519f65f29a0690726ba44253,US English,us,The expanded section included an enlarged bar.,the expanded section included an enlarged bar,c53616ba43014d8e8eae21e3f8449cd2668cd3e0851ebeda04336c8ee643faf0
xlsr_english,dsuta,36,stage5ext_00146,720e559efbceae3ffa3e0df1e70d5d276564f71b02f1a3222c7dbbfa55811cbc4ad54045296d28ef121452051dd65e0253f9af4f519f65f29a0690726ba44253,US English,us,"This is in contrast to physiology, which deals primarily with function.",this is in contrast to physiology which deals primarily with function,c53616ba43014d8e8eae21e3f8449cd2668cd3e0851ebeda04336c8ee643faf0
xlsr_english,dsuta,36,stage5ext_00147,720e559efbceae3ffa3e0df1e70d5d276564f71b02f1a3222c7dbbfa55811cbc4ad54045296d28ef121452051dd65e0253f9af4f519f65f29a0690726ba44253,US English,us,"When his wife died, Acosta retired and went to live in a hermitage.",when his wife died akasta retired and went to live in a hermitage,c53616ba43014d8e8eae21e3f8449cd2668cd3e0851ebeda04336c8ee643faf0
xlsr_english,dsuta,36,stage5ext_00148,720e559efbceae3ffa3e0df1e70d5d276564f71b02f1a3222c7dbbfa55811cbc4ad54045296d28ef121452051dd65e0253f9af4f519f65f29a0690726ba44253,US English,us,McNab ruled with an iron fist over the Scottish settlers.,macnabb ruled with an iron fist over the scottish settlers,c53616ba43014d8e8eae21e3f8449cd2668cd3e0851ebeda04336c8ee643faf0
xlsr_english,dsuta,37,stage5ext_00149,720e559efbceae3ffa3e0df1e70d5d276564f71b02f1a3222c7dbbfa55811cbc4ad54045296d28ef121452051dd65e0253f9af4f519f65f29a0690726ba44253,US English,us,"Ricci played a young detective who temporarily partners with Grace, played by Holly Hunter.",ricki played a young detective who temporarily partners with grace played by holly hunter,9afc971167ccb4c0274c587afc051e4110dd567b91694fb6ada2d0016606e981
xlsr_english,dsuta,37,stage5ext_00150,720e559efbceae3ffa3e0df1e70d5d276564f71b02f1a3222c7dbbfa55811cbc4ad54045296d28ef121452051dd65e0253f9af4f519f65f29a0690726ba44253,US English,us,"It would, in effect, paralyse their co-operation.",it would in effect paralyse their cooperation,9afc971167ccb4c0274c587afc051e4110dd567b91694fb6ada2d0016606e981
xlsr_english,dsuta,37,stage5ext_00151,fd0dff3b5f07ca5531d539b5a2d98730836ad0aa3e1b6526ad93f596c546212f2e9c6152141a6d6a86254fe36668b66427df0e1588645c1756157fb92705969a,England English,england,I'm playing for keeps.,i'm blay f it keeps,9afc971167ccb4c0274c587afc051e4110dd567b91694fb6ada2d0016606e981
xlsr_english,dsuta,37,stage5ext_00152,fd0dff3b5f07ca5531d539b5a2d98730836ad0aa3e1b6526ad93f596c546212f2e9c6152141a6d6a86254fe36668b66427df0e1588645c1756157fb92705969a,England English,england,His old Ferrari has been compacted to a small cube of metal at the junkyard.,his old ferrari has been compacted to a small kyb of metal at the junkyard,9afc971167ccb4c0274c587afc051e4110dd567b91694fb6ada2d0016606e981
xlsr_english,dsuta,38,stage5ext_00153,fd0dff3b5f07ca5531d539b5a2d98730836ad0aa3e1b6526ad93f596c546212f2e9c6152141a6d6a86254fe36668b66427df0e1588645c1756157fb92705969a,England English,england,There was no response from the elders.,there 's ne response from the others,e187d804d285f31aaee65d0b90cb53d2d6636d857eb7bb5ed9951bad91f49819
xlsr_english,dsuta,38,stage5ext_00154,fd0dff3b5f07ca5531d539b5a2d98730836ad0aa3e1b6526ad93f596c546212f2e9c6152141a6d6a86254fe36668b66427df0e1588645c1756157fb92705969a,England English,england,You're hurting my sore foot.,you're hurting my sore foot,e187d804d285f31aaee65d0b90cb53d2d6636d857eb7bb5ed9951bad91f49819
xlsr_english,dsuta,38,stage5ext_00155,fd0dff3b5f07ca5531d539b5a2d98730836ad0aa3e1b6526ad93f596c546212f2e9c6152141a6d6a86254fe36668b66427df0e1588645c1756157fb92705969a,England English,england,Studying these key phrases will help you while traveling.,studying these key phrases will help peowhile traveling,e187d804d285f31aaee65d0b90cb53d2d6636d857eb7bb5ed9951bad91f49819
xlsr_english,dsuta,38,stage5ext_00156,fd0dff3b5f07ca5531d539b5a2d98730836ad0aa3e1b6526ad93f596c546212f2e9c6152141a6d6a86254fe36668b66427df0e1588645c1756157fb92705969a,England English,england,Mary told me that she got to meet up with you while she was back in San Francisco.,mary told me she got to meet up with you while you were back in san francisco,e187d804d285f31aaee65d0b90cb53d2d6636d857eb7bb5ed9951bad91f49819
xlsr_english,dsuta,39,stage5ext_00157,fd0dff3b5f07ca5531d539b5a2d98730836ad0aa3e1b6526ad93f596c546212f2e9c6152141a6d6a86254fe36668b66427df0e1588645c1756157fb92705969a,England English,england,Look on the third shelf back of the eye wash.,look on the third shelf back of the eyewash,9a8c74dae125fcc7e8775739e1a0ffa891968227dc886890dcb4f59efa8d7de8
xlsr_english,dsuta,39,stage5ext_00158,fd0dff3b5f07ca5531d539b5a2d98730836ad0aa3e1b6526ad93f596c546212f2e9c6152141a6d6a86254fe36668b66427df0e1588645c1756157fb92705969a,England English,england,It was Linda Keller!,it was linda keller,9a8c74dae125fcc7e8775739e1a0ffa891968227dc886890dcb4f59efa8d7de8
xlsr_english,dsuta,39,stage5ext_00159,fd0dff3b5f07ca5531d539b5a2d98730836ad0aa3e1b6526ad93f596c546212f2e9c6152141a6d6a86254fe36668b66427df0e1588645c1756157fb92705969a,England English,england,Neil Armstrong was the first man to step foot on the moon.,new l armstrong was the first man to step foot on the loon,9a8c74dae125fcc7e8775739e1a0ffa891968227dc886890dcb4f59efa8d7de8
xlsr_english,dsuta,39,stage5ext_00160,fd0dff3b5f07ca5531d539b5a2d98730836ad0aa3e1b6526ad93f596c546212f2e9c6152141a6d6a86254fe36668b66427df0e1588645c1756157fb92705969a,England English,england,You go on and practice.,you go on and practice,9a8c74dae125fcc7e8775739e1a0ffa891968227dc886890dcb4f59efa8d7de8
xlsr_english,dsuta,40,stage5ext_00161,fd0dff3b5f07ca5531d539b5a2d98730836ad0aa3e1b6526ad93f596c546212f2e9c6152141a6d6a86254fe36668b66427df0e1588645c1756157fb92705969a,England English,england,Storm increasing over the Rockies.,storm increasing over the rockies,2073404ecadd97f91a3410e0839298a3759d571679a3c72297f399326d6687f2
xlsr_english,dsuta,40,stage5ext_00162,fd0dff3b5f07ca5531d539b5a2d98730836ad0aa3e1b6526ad93f596c546212f2e9c6152141a6d6a86254fe36668b66427df0e1588645c1756157fb92705969a,England English,england,Witnesses report two armed suspects and four hostages.,witnesses report two armed suspects am four hostages,2073404ecadd97f91a3410e0839298a3759d571679a3c72297f399326d6687f2
xlsr_english,dsuta,40,stage5ext_00163,fd0dff3b5f07ca5531d539b5a2d98730836ad0aa3e1b6526ad93f596c546212f2e9c6152141a6d6a86254fe36668b66427df0e1588645c1756157fb92705969a,England English,england,"If you know of other games that play well with hands-free control, please post in the comments.",if you know of other games that play role with hands-free control please post in the comments,2073404ecadd97f91a3410e0839298a3759d571679a3c72297f399326d6687f2
xlsr_english,dsuta,40,stage5ext_00164,fd0dff3b5f07ca5531d539b5a2d98730836ad0aa3e1b6526ad93f596c546212f2e9c6152141a6d6a86254fe36668b66427df0e1588645c1756157fb92705969a,England English,england,"Two caribous in a queue, they didn't have a clue, that I was using their flue, to write a poem for you.",two cariboos in a q they didn't have a clue that i was using their flu to write a perm for you,2073404ecadd97f91a3410e0839298a3759d571679a3c72297f399326d6687f2
xlsr_english,dsuta,41,stage5ext_00165,fd0dff3b5f07ca5531d539b5a2d98730836ad0aa3e1b6526ad93f596c546212f2e9c6152141a6d6a86254fe36668b66427df0e1588645c1756157fb92705969a,England English,england,With a bag of marshmallows.,with a bag of marshmealows,9802359a8fc542b7d7ceda05f5188d9808d0ae7c3a5ebd2fcaa9927d45eb87ae
xlsr_english,dsuta,41,stage5ext_00166,fdcab9861a3de8913b99470efefdd496f7500e233d7a34a4bf246ca2321426334f7206282773114305bb5b045ee084a0c9e50c6160fc40ac34ba2009e1997f8f,England English,england,"Teresa, Mildrid, Ralph, and Vonda all arrived yesterday evening.",teresa maldrid ralph and bonda all arrive yesterday evening,9802359a8fc542b7d7ceda05f5188d9808d0ae7c3a5ebd2fcaa9927d45eb87ae
xlsr_english,dsuta,41,stage5ext_00167,fdcab9861a3de8913b99470efefdd496f7500e233d7a34a4bf246ca2321426334f7206282773114305bb5b045ee084a0c9e50c6160fc40ac34ba2009e1997f8f,England English,england,"Somehow, the paragraphs blurred into each other.",somehow the paragraphs blurred into each other,9802359a8fc542b7d7ceda05f5188d9808d0ae7c3a5ebd2fcaa9927d45eb87ae
xlsr_english,dsuta,41,stage5ext_00168,fdcab9861a3de8913b99470efefdd496f7500e233d7a34a4bf246ca2321426334f7206282773114305bb5b045ee084a0c9e50c6160fc40ac34ba2009e1997f8f,England English,england,"Now, attend to me.",now ittend to be,9802359a8fc542b7d7ceda05f5188d9808d0ae7c3a5ebd2fcaa9927d45eb87ae
xlsr_english,dsuta,42,stage5ext_00169,fdcab9861a3de8913b99470efefdd496f7500e233d7a34a4bf246ca2321426334f7206282773114305bb5b045ee084a0c9e50c6160fc40ac34ba2009e1997f8f,England English,england,"Oh man, I think I got friend-zoned once again.",o man i think i've got friends oned once again,fed3c70721e6311da2fcb66c77491e4ff1028e8895a1d7a4f0180f60137aa66c
xlsr_english,dsuta,42,stage5ext_00170,fdcab9861a3de8913b99470efefdd496f7500e233d7a34a4bf246ca2321426334f7206282773114305bb5b045ee084a0c9e50c6160fc40ac34ba2009e1997f8f,England English,england,"Hooray, we're going to Alaska!",ho way we're going to alaska,fed3c70721e6311da2fcb66c77491e4ff1028e8895a1d7a4f0180f60137aa66c
xlsr_english,dsuta,42,stage5ext_00171,fdcab9861a3de8913b99470efefdd496f7500e233d7a34a4bf246ca2321426334f7206282773114305bb5b045ee084a0c9e50c6160fc40ac34ba2009e1997f8f,England English,england,"The landing was dimly light by a single, bare, low-power light-bulb.",the landing was dimly lit by a single bear no-power lightbult,fed3c70721e6311da2fcb66c77491e4ff1028e8895a1d7a4f0180f60137aa66c
xlsr_english,dsuta,42,stage5ext_00172,fdcab9861a3de8913b99470efefdd496f7500e233d7a34a4bf246ca2321426334f7206282773114305bb5b045ee084a0c9e50c6160fc40ac34ba2009e1997f8f,England English,england,Aren't we godlike?,aren't we god-like,fed3c70721e6311da2fcb66c77491e4ff1028e8895a1d7a4f0180f60137aa66c
xlsr_english,dsuta,43,stage5ext_00173,fdcab9861a3de8913b99470efefdd496f7500e233d7a34a4bf246ca2321426334f7206282773114305bb5b045ee084a0c9e50c6160fc40ac34ba2009e1997f8f,England English,england,Where is my dress?,there is my dress,1d09e18f8305edab2a3a75efce577ea2a575a71f120bfb0285ce9592475b0525
xlsr_english,dsuta,43,stage5ext_00174,fdcab9861a3de8913b99470efefdd496f7500e233d7a34a4bf246ca2321426334f7206282773114305bb5b045ee084a0c9e50c6160fc40ac34ba2009e1997f8f,England English,england,Where are you going?,where are you going,1d09e18f8305edab2a3a75efce577ea2a575a71f120bfb0285ce9592475b0525
xlsr_english,dsuta,43,stage5ext_00175,fdcab9861a3de8913b99470efefdd496f7500e233d7a34a4bf246ca2321426334f7206282773114305bb5b045ee084a0c9e50c6160fc40ac34ba2009e1997f8f,England English,england,"When you're at a party and somebody says ""banana bread"", a sniper might be near you.",when ho at a party and somebody says balanabred a sniper might be near you,1d09e18f8305edab2a3a75efce577ea2a575a71f120bfb0285ce9592475b0525
xlsr_english,dsuta,43,stage5ext_00176,fdcab9861a3de8913b99470efefdd496f7500e233d7a34a4bf246ca2321426334f7206282773114305bb5b045ee084a0c9e50c6160fc40ac34ba2009e1997f8f,England English,england,"She was beautiful from behind, but he couldn't see her face yet.",she was beautiful from behind but he couldnt see her face yet,1d09e18f8305edab2a3a75efce577ea2a575a71f120bfb0285ce9592475b0525
xlsr_english,dsuta,44,stage5ext_00177,fdcab9861a3de8913b99470efefdd496f7500e233d7a34a4bf246ca2321426334f7206282773114305bb5b045ee084a0c9e50c6160fc40ac34ba2009e1997f8f,England English,england,Didn't you know that?,didn't ye know that,56e9f2a84f594806bd1cdcb7a172c9e8acf09849c4015be9af77f27c50ddb80d
xlsr_english,dsuta,44,stage5ext_00178,fdcab9861a3de8913b99470efefdd496f7500e233d7a34a4bf246ca2321426334f7206282773114305bb5b045ee084a0c9e50c6160fc40ac34ba2009e1997f8f,England English,england,What else can I do?,what else can i do,56e9f2a84f594806bd1cdcb7a172c9e8acf09849c4015be9af77f27c50ddb80d
xlsr_english,dsuta,44,stage5ext_00179,fdcab9861a3de8913b99470efefdd496f7500e233d7a34a4bf246ca2321426334f7206282773114305bb5b045ee084a0c9e50c6160fc40ac34ba2009e1997f8f,England English,england,May I borrow your bolster?,may i borrow your bolster,56e9f2a84f594806bd1cdcb7a172c9e8acf09849c4015be9af77f27c50ddb80d
xlsr_english,dsuta,44,stage5ext_00180,fdcab9861a3de8913b99470efefdd496f7500e233d7a34a4bf246ca2321426334f7206282773114305bb5b045ee084a0c9e50c6160fc40ac34ba2009e1997f8f,England English,england,"They walked in from the rain, all dishevelled and steaming.",they ralked in from me rain all disheveled and steaming,56e9f2a84f594806bd1cdcb7a172c9e8acf09849c4015be9af77f27c50ddb80d
xlsr_english,dsuta,45,stage5ext_00181,7485d1e4fd50cc3801883f44ba2eaca4d5d18deb062c87bb6dd533c6db6cdca2a4b53ec84620337d88bc4417c254ba46b7f21517d0bec5305dd08e43c791410c,England English,england,Both have a notably red eye.,both have a notably red eye,e5f161ea5f5f5d29110a05c5ee8af71ff1f8608d554999781b47310775a49beb
xlsr_english,dsuta,45,stage5ext_00182,7485d1e4fd50cc3801883f44ba2eaca4d5d18deb062c87bb6dd533c6db6cdca2a4b53ec84620337d88bc4417c254ba46b7f21517d0bec5305dd08e43c791410c,England English,england,"At the conclusion of the season, Kerry and ThorSport Racing went their separate ways.",at the conclusion of the season kerry and thoresport racing went their separate ways,e5f161ea5f5f5d29110a05c5ee8af71ff1f8608d554999781b47310775a49beb
xlsr_english,dsuta,45,stage5ext_00183,7485d1e4fd50cc3801883f44ba2eaca4d5d18deb062c87bb6dd533c6db6cdca2a4b53ec84620337d88bc4417c254ba46b7f21517d0bec5305dd08e43c791410c,England English,england,Prasterone is a steroid hormone.,prasterone is a steroid hormon,e5f161ea5f5f5d29110a05c5ee8af71ff1f8608d554999781b47310775a49beb
xlsr_english,dsuta,45,stage5ext_00184,7485d1e4fd50cc3801883f44ba2eaca4d5d18deb062c87bb6dd533c6db6cdca2a4b53ec84620337d88bc4417c254ba46b7f21517d0bec5305dd08e43c791410c,England English,england,"A natural key is sometimes called ""domain key"".",a natural key is sometimes called demaine key,e5f161ea5f5f5d29110a05c5ee8af71ff1f8608d554999781b47310775a49beb
xlsr_english,dsuta,46,stage5ext_00185,7485d1e4fd50cc3801883f44ba2eaca4d5d18deb062c87bb6dd533c6db6cdca2a4b53ec84620337d88bc4417c254ba46b7f21517d0bec5305dd08e43c791410c,England English,england,In China also along with Confucianism developed the tradition of Legalism.,in china also along with confusianism developd the tradition of legalism,f1a239293b1be3ae32f7d300119623b51f0579708a2a342da8148c43e238d08e
xlsr_english,dsuta,46,stage5ext_00186,7485d1e4fd50cc3801883f44ba2eaca4d5d18deb062c87bb6dd533c6db6cdca2a4b53ec84620337d88bc4417c254ba46b7f21517d0bec5305dd08e43c791410c,England English,england,"Deeley describes her religious affiliation as Anglican, although she was not christened.",deeley described her religious affiliations as anglican although she was not christened,f1a239293b1be3ae32f7d300119623b51f0579708a2a342da8148c43e238d08e
xlsr_english,dsuta,46,stage5ext_00187,7485d1e4fd50cc3801883f44ba2eaca4d5d18deb062c87bb6dd533c6db6cdca2a4b53ec84620337d88bc4417c254ba46b7f21517d0bec5305dd08e43c791410c,England English,england,The program highlighted Chadwick's hometown of San Diego.,the program highlighted chadwick's hometown of san diego,f1a239293b1be3ae32f7d300119623b51f0579708a2a342da8148c43e238d08e
xlsr_english,dsuta,46,stage5ext_00188,7485d1e4fd50cc3801883f44ba2eaca4d5d18deb062c87bb6dd533c6db6cdca2a4b53ec84620337d88bc4417c254ba46b7f21517d0bec5305dd08e43c791410c,England English,england,"The township calls itself ""New Jersey's Largest Municipality"" on its stationery and its website.",the township calls itself new jersey's largest municipality on its stationary and its website,f1a239293b1be3ae32f7d300119623b51f0579708a2a342da8148c43e238d08e
xlsr_english,dsuta,47,stage5ext_00189,7485d1e4fd50cc3801883f44ba2eaca4d5d18deb062c87bb6dd533c6db6cdca2a4b53ec84620337d88bc4417c254ba46b7f21517d0bec5305dd08e43c791410c,England English,england,Morrow County is considered to be a part of Mid Ohio.,morrow county is considered to be part of mid-ohio,ed43d8f5928b9a19fd74bd3ccac7e1da186bc68974dd95793237e0ef003004ab
xlsr_english,dsuta,47,stage5ext_00190,7485d1e4fd50cc3801883f44ba2eaca4d5d18deb062c87bb6dd533c6db6cdca2a4b53ec84620337d88bc4417c254ba46b7f21517d0bec5305dd08e43c791410c,England English,england,Bryan disliked the Klan but never publicly attacked it.,brian disliked the clan but never publicly attacked it,ed43d8f5928b9a19fd74bd3ccac7e1da186bc68974dd95793237e0ef003004ab
xlsr_english,dsuta,47,stage5ext_00191,7485d1e4fd50cc3801883f44ba2eaca4d5d18deb062c87bb6dd533c6db6cdca2a4b53ec84620337d88bc4417c254ba46b7f21517d0bec5305dd08e43c791410c,England English,england,The area around present-day Yokosuka city has been inhabited for thousands of years.,the area around present-day yokosuka city has been inhabited for thousands of years,ed43d8f5928b9a19fd74bd3ccac7e1da186bc68974dd95793237e0ef003004ab
xlsr_english,dsuta,47,stage5ext_00192,7485d1e4fd50cc3801883f44ba2eaca4d5d18deb062c87bb6dd533c6db6cdca2a4b53ec84620337d88bc4417c254ba46b7f21517d0bec5305dd08e43c791410c,England English,england,Original music for the film was composed by Rachel Portman.,original music for the film was composed by rachel portman,ed43d8f5928b9a19fd74bd3ccac7e1da186bc68974dd95793237e0ef003004ab
xlsr_english,dsuta,48,stage5ext_00193,7485d1e4fd50cc3801883f44ba2eaca4d5d18deb062c87bb6dd533c6db6cdca2a4b53ec84620337d88bc4417c254ba46b7f21517d0bec5305dd08e43c791410c,England English,england,It has a Rocky Top address.,it has a rocky top adress,776421fbc0513fae038d64da9ab1c852484c8d141493bedccb134818d27fc2be
xlsr_english,dsuta,48,stage5ext_00194,7485d1e4fd50cc3801883f44ba2eaca4d5d18deb062c87bb6dd533c6db6cdca2a4b53ec84620337d88bc4417c254ba46b7f21517d0bec5305dd08e43c791410c,England English,england,He was also created the Marquess of Hedong.,he was also created the marquee of hendong,776421fbc0513fae038d64da9ab1c852484c8d141493bedccb134818d27fc2be
xlsr_english,dsuta,48,stage5ext_00195,7485d1e4fd50cc3801883f44ba2eaca4d5d18deb062c87bb6dd533c6db6cdca2a4b53ec84620337d88bc4417c254ba46b7f21517d0bec5305dd08e43c791410c,England English,england,"However, there are strong reasons to doubt that this is him.",however there are strong reasons to doubt that this is him,776421fbc0513fae038d64da9ab1c852484c8d141493bedccb134818d27fc2be
xlsr_english,dsuta,48,stage5ext_00196,3660ede2a2a5b5d649342a4a5c04e6b398b1247566aad9c6f059a84e8fa5405dd489100055b29dec8fa9b337b3661c001754f4f302bb85bd39eac24bee4023fe,England English,england,The old man returned the book to the boy.,the old man returned the book to the boy,776421fbc0513fae038d64da9ab1c852484c8d141493bedccb134818d27fc2be
xlsr_english,dsuta,49,stage5ext_00197,3660ede2a2a5b5d649342a4a5c04e6b398b1247566aad9c6f059a84e8fa5405dd489100055b29dec8fa9b337b3661c001754f4f302bb85bd39eac24bee4023fe,England English,england,"From where he sat, he could observe the plaza.",from where he sat he could observe the plaza,7f801ec614c87f0216a81921a0b868a880a77656028dd80011a653d6c721428a
xlsr_english,dsuta,49,stage5ext_00198,3660ede2a2a5b5d649342a4a5c04e6b398b1247566aad9c6f059a84e8fa5405dd489100055b29dec8fa9b337b3661c001754f4f302bb85bd39eac24bee4023fe,England English,england,He could always go back to being a shepherd.,he could always go back to being a shepherd,7f801ec614c87f0216a81921a0b868a880a77656028dd80011a653d6c721428a
xlsr_english,dsuta,49,stage5ext_00199,3660ede2a2a5b5d649342a4a5c04e6b398b1247566aad9c6f059a84e8fa5405dd489100055b29dec8fa9b337b3661c001754f4f302bb85bd39eac24bee4023fe,England English,england,A large piece suddenly came off and fell with a loud and sharp noise.,a large piece suddenly came off and fell with a loud and sharp noise,7f801ec614c87f0216a81921a0b868a880a77656028dd80011a653d6c721428a
xlsr_english,dsuta,49,stage5ext_00200,3660ede2a2a5b5d649342a4a5c04e6b398b1247566aad9c6f059a84e8fa5405dd489100055b29dec8fa9b337b3661c001754f4f302bb85bd39eac24bee4023fe,England English,england,The boy thought of Fatima.,the boy thought of fatima,7f801ec614c87f0216a81921a0b868a880a77656028dd80011a653d6c721428a
xlsr_english,dsuta,50,stage5ext_00201,3660ede2a2a5b5d649342a4a5c04e6b398b1247566aad9c6f059a84e8fa5405dd489100055b29dec8fa9b337b3661c001754f4f302bb85bd39eac24bee4023fe,England English,england,"Curse the moment I met that old man, he thought.",curse the moment i met that old man he thought,310ddaa11436dbce452a8f8e5f69e117a2a030064d596acbbec144f525421751
xlsr_english,dsuta,50,stage5ext_00202,3660ede2a2a5b5d649342a4a5c04e6b398b1247566aad9c6f059a84e8fa5405dd489100055b29dec8fa9b337b3661c001754f4f302bb85bd39eac24bee4023fe,England English,england,"Something older than humanity, more ancient than the desert.",something older than humanity more ancient than the desert,310ddaa11436dbce452a8f8e5f69e117a2a030064d596acbbec144f525421751
xlsr_english,dsuta,50,stage5ext_00203,3660ede2a2a5b5d649342a4a5c04e6b398b1247566aad9c6f059a84e8fa5405dd489100055b29dec8fa9b337b3661c001754f4f302bb85bd39eac24bee4023fe,England English,england,The boy became fearful; the omens told him that something was wrong.,the boy became fearful the omans told him that something was wrong,310ddaa11436dbce452a8f8e5f69e117a2a030064d596acbbec144f525421751
xlsr_english,dsuta,50,stage5ext_00204,3660ede2a2a5b5d649342a4a5c04e6b398b1247566aad9c6f059a84e8fa5405dd489100055b29dec8fa9b337b3661c001754f4f302bb85bd39eac24bee4023fe,England English,england,The turf and gravel around it seemed charred as if by a sudden explosion.,the turf and gravel around it seemed charred as if by a sudden explosion,310ddaa11436dbce452a8f8e5f69e117a2a030064d596acbbec144f525421751
xlsr_english,dsuta,51,stage5ext_00205,3660ede2a2a5b5d649342a4a5c04e6b398b1247566aad9c6f059a84e8fa5405dd489100055b29dec8fa9b337b3661c001754f4f302bb85bd39eac24bee4023fe,England English,england,"Everything in the universe evolved, he said.",everything i the universe evolved he said,9ad8bbdb7344a0abb30fc52158a419511b119bc148f922bfb158e79a59eb0421
xlsr_english,dsuta,51,stage5ext_00206,3660ede2a2a5b5d649342a4a5c04e6b398b1247566aad9c6f059a84e8fa5405dd489100055b29dec8fa9b337b3661c001754f4f302bb85bd39eac24bee4023fe,England English,england,He stood irresolute for a moment and then scrambled out of the pit.,he stood irresolute for a moment and then scrambled out of the pit,9ad8bbdb7344a0abb30fc52158a419511b119bc148f922bfb158e79a59eb0421
xlsr_english,dsuta,51,stage5ext_00207,3660ede2a2a5b5d649342a4a5c04e6b398b1247566aad9c6f059a84e8fa5405dd489100055b29dec8fa9b337b3661c001754f4f302bb85bd39eac24bee4023fe,England English,england,They reminded him of the old man.,they reminded him of the old man,9ad8bbdb7344a0abb30fc52158a419511b119bc148f922bfb158e79a59eb0421
xlsr_english,dsuta,51,stage5ext_00208,3660ede2a2a5b5d649342a4a5c04e6b398b1247566aad9c6f059a84e8fa5405dd489100055b29dec8fa9b337b3661c001754f4f302bb85bd39eac24bee4023fe,England English,england,It made me very depressed.,it made me very depressed,9ad8bbdb7344a0abb30fc52158a419511b119bc148f922bfb158e79a59eb0421
xlsr_english,dsuta,52,stage5ext_00209,3660ede2a2a5b5d649342a4a5c04e6b398b1247566aad9c6f059a84e8fa5405dd489100055b29dec8fa9b337b3661c001754f4f302bb85bd39eac24bee4023fe,England English,england,"The desert takes our men from us, and they don't always return, she said.",the desert takes our men from us and they dont always return she said,c986cb3c7028a5fd1ef06ea529fe6b7b52912dc20b9a66ef00dd40d0ea669654
xlsr_english,dsuta,52,stage5ext_00210,3660ede2a2a5b5d649342a4a5c04e6b398b1247566aad9c6f059a84e8fa5405dd489100055b29dec8fa9b337b3661c001754f4f302bb85bd39eac24bee4023fe,England English,england,"I'm not going very far, the alchemist answered, looking straight into the eyes of the horsemen.",i'm not going very far the alchemist answered looking straight into the eyes of the horseman,c986cb3c7028a5fd1ef06ea529fe6b7b52912dc20b9a66ef00dd40d0ea669654
xlsr_english,dsuta,52,stage5ext_00211,8a8222dab0c0c42714216b9bd4c9df455639a8ab6bf3e8b9f2bfcacf53429403cad2b28435366b158f4e53f423dd2371753476ff45cef46cde7012b3f749dd14,England English,england,How can I help you madam?,how can i help you madame,c986cb3c7028a5fd1ef06ea529fe6b7b52912dc20b9a66ef00dd40d0ea669654
xlsr_english,dsuta,52,stage5ext_00212,8a8222dab0c0c42714216b9bd4c9df455639a8ab6bf3e8b9f2bfcacf53429403cad2b28435366b158f4e53f423dd2371753476ff45cef46cde7012b3f749dd14,England English,england,"The very next day, he woke refreshed.",the very next day he works refreshed,c986cb3c7028a5fd1ef06ea529fe6b7b52912dc20b9a66ef00dd40d0ea669654
xlsr_english,dsuta,53,stage5ext_00213,8a8222dab0c0c42714216b9bd4c9df455639a8ab6bf3e8b9f2bfcacf53429403cad2b28435366b158f4e53f423dd2371753476ff45cef46cde7012b3f749dd14,England English,england,"The C++ framework Qt is pronounced like ""cute"".",the ce-plus plus framework quti is pronounced like qutes,9a106344799eeec279c28fcd8ad8c6d6022cd2647fa59c32c77764cb01f28050
xlsr_english,dsuta,53,stage5ext_00214,8a8222dab0c0c42714216b9bd4c9df455639a8ab6bf3e8b9f2bfcacf53429403cad2b28435366b158f4e53f423dd2371753476ff45cef46cde7012b3f749dd14,England English,england,"Please use normal slashes, not backslashes.",please use normal slashes not backslashes,9a106344799eeec279c28fcd8ad8c6d6022cd2647fa59c32c77764cb01f28050
xlsr_english,dsuta,53,stage5ext_00215,8a8222dab0c0c42714216b9bd4c9df455639a8ab6bf3e8b9f2bfcacf53429403cad2b28435366b158f4e53f423dd2371753476ff45cef46cde7012b3f749dd14,England English,england,What did I tell you?,what did i tell you,9a106344799eeec279c28fcd8ad8c6d6022cd2647fa59c32c77764cb01f28050
xlsr_english,dsuta,53,stage5ext_00216,8a8222dab0c0c42714216b9bd4c9df455639a8ab6bf3e8b9f2bfcacf53429403cad2b28435366b158f4e53f423dd2371753476ff45cef46cde7012b3f749dd14,England English,england,"They are very impressive, I will admit.",they are very impressive i will admit,9a106344799eeec279c28fcd8ad8c6d6022cd2647fa59c32c77764cb01f28050
xlsr_english,dsuta,54,stage5ext_00217,8a8222dab0c0c42714216b9bd4c9df455639a8ab6bf3e8b9f2bfcacf53429403cad2b28435366b158f4e53f423dd2371753476ff45cef46cde7012b3f749dd14,England English,england,"On his visit in Iran, the diplomat criticized the strict censorship.",on his visan iran the diplomat criticized the strict censorship,f937783aef81e02140cfee4a062292b5aedc61949317062e21d8c595acd3c54c
xlsr_english,dsuta,54,stage5ext_00218,8a8222dab0c0c42714216b9bd4c9df455639a8ab6bf3e8b9f2bfcacf53429403cad2b28435366b158f4e53f423dd2371753476ff45cef46cde7012b3f749dd14,England English,england,"Roger, the backup team is on the way.",roger the backup team is on the way,f937783aef81e02140cfee4a062292b5aedc61949317062e21d8c595acd3c54c
xlsr_english,dsuta,54,stage5ext_00219,8a8222dab0c0c42714216b9bd4c9df455639a8ab6bf3e8b9f2bfcacf53429403cad2b28435366b158f4e53f423dd2371753476ff45cef46cde7012b3f749dd14,England English,england,Do you know what kind of package it was?,do you know what kind of package it was,f937783aef81e02140cfee4a062292b5aedc61949317062e21d8c595acd3c54c
xlsr_english,dsuta,54,stage5ext_00220,8a8222dab0c0c42714216b9bd4c9df455639a8ab6bf3e8b9f2bfcacf53429403cad2b28435366b158f4e53f423dd2371753476ff45cef46cde7012b3f749dd14,England English,england,And what did you do then?,and what did you do then,f937783aef81e02140cfee4a062292b5aedc61949317062e21d8c595acd3c54c
xlsr_english,dsuta,55,stage5ext_00221,8a8222dab0c0c42714216b9bd4c9df455639a8ab6bf3e8b9f2bfcacf53429403cad2b28435366b158f4e53f423dd2371753476ff45cef46cde7012b3f749dd14,England English,england,Have I offended you?,have i offended you,abbaba18cabce394601f7f39c7b8f6d620a2f5537831e11d40fb473573540b8a
xlsr_english,dsuta,55,stage5ext_00222,8a8222dab0c0c42714216b9bd4c9df455639a8ab6bf3e8b9f2bfcacf53429403cad2b28435366b158f4e53f423dd2371753476ff45cef46cde7012b3f749dd14,England English,england,How is Mozilla going to handle ambiguities like queue and cue?,how is mazilla going to handle ambiguities like q and q,abbaba18cabce394601f7f39c7b8f6d620a2f5537831e11d40fb473573540b8a
xlsr_english,dsuta,55,stage5ext_00223,8a8222dab0c0c42714216b9bd4c9df455639a8ab6bf3e8b9f2bfcacf53429403cad2b28435366b158f4e53f423dd2371753476ff45cef46cde7012b3f749dd14,England English,england,"Let's start it all over again, how about that?",lets start it all over again how about that,abbaba18cabce394601f7f39c7b8f6d620a2f5537831e11d40fb473573540b8a
xlsr_english,dsuta,55,stage5ext_00224,8a8222dab0c0c42714216b9bd4c9df455639a8ab6bf3e8b9f2bfcacf53429403cad2b28435366b158f4e53f423dd2371753476ff45cef46cde7012b3f749dd14,England English,england,"Glass eel is on the menu today, but it's too expensive.",glass eel is on the menue today but it's too expensive,abbaba18cabce394601f7f39c7b8f6d620a2f5537831e11d40fb473573540b8a
xlsr_english,dsuta,56,stage5ext_00225,8a8222dab0c0c42714216b9bd4c9df455639a8ab6bf3e8b9f2bfcacf53429403cad2b28435366b158f4e53f423dd2371753476ff45cef46cde7012b3f749dd14,England English,england,Do you have Nina's phone number?,do you have nee inis phone number,2661a84148387ca2d95c37740ee989d2f3f046b1b460cd2e8253d9f41bc87275
xlsr_english,dsuta,56,stage5ext_00226,f25805de2cc32954193ecf06eea5b03b4bfdb4bfb76079cb6962fa8e301d5037ef953ff8c308458f121dfbc0f9933692b0eaee142f42a33ef6b7be7df794ed3b,England English,england,I wrote that for Tony Scott.,i wrote that for tony scott,2661a84148387ca2d95c37740ee989d2f3f046b1b460cd2e8253d9f41bc87275
xlsr_english,dsuta,56,stage5ext_00227,f25805de2cc32954193ecf06eea5b03b4bfdb4bfb76079cb6962fa8e301d5037ef953ff8c308458f121dfbc0f9933692b0eaee142f42a33ef6b7be7df794ed3b,England English,england,The atoll is surrounded by a coral reef without a proper passage.,the atol is surrounded by a coral reef without a proper passage,2661a84148387ca2d95c37740ee989d2f3f046b1b460cd2e8253d9f41bc87275
xlsr_english,dsuta,56,stage5ext_00228,f25805de2cc32954193ecf06eea5b03b4bfdb4bfb76079cb6962fa8e301d5037ef953ff8c308458f121dfbc0f9933692b0eaee142f42a33ef6b7be7df794ed3b,England English,england,There are conflicting reports as to why Blair was asked to resign.,there are conflicting reports as to why blair was asked to resign,2661a84148387ca2d95c37740ee989d2f3f046b1b460cd2e8253d9f41bc87275
xlsr_english,dsuta,57,stage5ext_00229,f25805de2cc32954193ecf06eea5b03b4bfdb4bfb76079cb6962fa8e301d5037ef953ff8c308458f121dfbc0f9933692b0eaee142f42a33ef6b7be7df794ed3b,England English,england,There they visited a number of monastic foundations.,there they visited a number of monastic foundations,e7d73d6a1d8626c34a81f3a9b0d6c179536829f1aac10082369e11e1d03acd18
xlsr_english,dsuta,57,stage5ext_00230,f25805de2cc32954193ecf06eea5b03b4bfdb4bfb76079cb6962fa8e301d5037ef953ff8c308458f121dfbc0f9933692b0eaee142f42a33ef6b7be7df794ed3b,England English,england,"The information regarding Amrod's naming, especially, comes from ""The Peoples of Middle-earth"".",the information regarding amarod's naming especially comes from the peoples of middle earth,e7d73d6a1d8626c34a81f3a9b0d6c179536829f1aac10082369e11e1d03acd18
xlsr_english,dsuta,57,stage5ext_00231,f25805de2cc32954193ecf06eea5b03b4bfdb4bfb76079cb6962fa8e301d5037ef953ff8c308458f121dfbc0f9933692b0eaee142f42a33ef6b7be7df794ed3b,England English,england,"It is located within the borders of Gothenburg Municipality, hence its name.",it is located within the borders of gottenburg municipality hence its name,e7d73d6a1d8626c34a81f3a9b0d6c179536829f1aac10082369e11e1d03acd18
xlsr_english,dsuta,57,stage5ext_00232,f25805de2cc32954193ecf06eea5b03b4bfdb4bfb76079cb6962fa8e301d5037ef953ff8c308458f121dfbc0f9933692b0eaee142f42a33ef6b7be7df794ed3b,England English,england,Billy May won the Grammy Award for Best Arrangement.,billy may won the grammy award for best arrangements,e7d73d6a1d8626c34a81f3a9b0d6c179536829f1aac10082369e11e1d03acd18
xlsr_english,dsuta,58,stage5ext_00233,f25805de2cc32954193ecf06eea5b03b4bfdb4bfb76079cb6962fa8e301d5037ef953ff8c308458f121dfbc0f9933692b0eaee142f42a33ef6b7be7df794ed3b,England English,england,Three additional buildings house kindergarten students.,three additional buildings house kindergarten students,03deb8620aee91df171b2ee0de8fcb15f9af3cb0ce7ef52d3c6a27d91844fe8c
xlsr_english,dsuta,58,stage5ext_00234,f25805de2cc32954193ecf06eea5b03b4bfdb4bfb76079cb6962fa8e301d5037ef953ff8c308458f121dfbc0f9933692b0eaee142f42a33ef6b7be7df794ed3b,England English,england,Its name is derived from the historic county of Surrey in England.,its name is derived from the historic county of surrey in england,03deb8620aee91df171b2ee0de8fcb15f9af3cb0ce7ef52d3c6a27d91844fe8c
xlsr_english,dsuta,58,stage5ext_00235,f25805de2cc32954193ecf06eea5b03b4bfdb4bfb76079cb6962fa8e301d5037ef953ff8c308458f121dfbc0f9933692b0eaee142f42a33ef6b7be7df794ed3b,England English,england,"Dilshan is one such rare cricketer who can bat, bowl, field and keep wickets.",bilshan is one such rare cricketer who can bat bowl field and keep wickets,03deb8620aee91df171b2ee0de8fcb15f9af3cb0ce7ef52d3c6a27d91844fe8c
xlsr_english,dsuta,58,stage5ext_00236,f25805de2cc32954193ecf06eea5b03b4bfdb4bfb76079cb6962fa8e301d5037ef953ff8c308458f121dfbc0f9933692b0eaee142f42a33ef6b7be7df794ed3b,England English,england,"In the resulting field, these ""a"" and ""b"" are inverses.",in the resulting field these a and b are in versers,03deb8620aee91df171b2ee0de8fcb15f9af3cb0ce7ef52d3c6a27d91844fe8c
xlsr_english,dsuta,59,stage5ext_00237,f25805de2cc32954193ecf06eea5b03b4bfdb4bfb76079cb6962fa8e301d5037ef953ff8c308458f121dfbc0f9933692b0eaee142f42a33ef6b7be7df794ed3b,England English,england,To the Church he left little and to the pope only a souvenir.,to the church he left little and to the pope on new souvenire,712e307cfb332da03a7c5609f60069dbbe21d5d6732f91fff93ec777677eb737
xlsr_english,dsuta,59,stage5ext_00238,f25805de2cc32954193ecf06eea5b03b4bfdb4bfb76079cb6962fa8e301d5037ef953ff8c308458f121dfbc0f9933692b0eaee142f42a33ef6b7be7df794ed3b,England English,england,There are several formats for the team pursuit.,there are several formats for the team pursuit,712e307cfb332da03a7c5609f60069dbbe21d5d6732f91fff93ec777677eb737
xlsr_english,dsuta,59,stage5ext_00239,f25805de2cc32954193ecf06eea5b03b4bfdb4bfb76079cb6962fa8e301d5037ef953ff8c308458f121dfbc0f9933692b0eaee142f42a33ef6b7be7df794ed3b,England English,england,"In Harrison, the route enters a residential area before curving southeast toward Stephenson Avenue.",in harrison the route enters the residential area before curving southeast toward stevenson avenue,712e307cfb332da03a7c5609f60069dbbe21d5d6732f91fff93ec777677eb737
xlsr_english,dsuta,59,stage5ext_00240,f25805de2cc32954193ecf06eea5b03b4bfdb4bfb76079cb6962fa8e301d5037ef953ff8c308458f121dfbc0f9933692b0eaee142f42a33ef6b7be7df794ed3b,England English,england,"The other track, ""To Your Grave"", remains unreleased.",the other truck to your grave remains unreleased,712e307cfb332da03a7c5609f60069dbbe21d5d6732f91fff93ec777677eb737
xlsr_english,dsuta,60,stage5ext_00241,b2366de045c2eb18ed349bee593e8f3a0c9038602bb8f13f2008fe4ff2087aaa4e5ac78379011510dc25d6a7bcd36a3a6ac86b35f0a27b886832c337d95f27d5,England English,england,The standard prescribes that address collisions must be handled gracefully.,the standard prescribes that addressed collisions must be handled gracefully,1ce383691b344e91888cdcaddf095dc5f102fb93a1f2b214e5f1db3fe5228553
xlsr_english,dsuta,60,stage5ext_00242,b2366de045c2eb18ed349bee593e8f3a0c9038602bb8f13f2008fe4ff2087aaa4e5ac78379011510dc25d6a7bcd36a3a6ac86b35f0a27b886832c337d95f27d5,England English,england,"To this end, they offered the role to Harrison Ford who turned them down.",to this end they offered the role to harrison forpe who turned them down,1ce383691b344e91888cdcaddf095dc5f102fb93a1f2b214e5f1db3fe5228553
xlsr_english,dsuta,60,stage5ext_00243,b2366de045c2eb18ed349bee593e8f3a0c9038602bb8f13f2008fe4ff2087aaa4e5ac78379011510dc25d6a7bcd36a3a6ac86b35f0a27b886832c337d95f27d5,England English,england,"The word comes from ""krievs"", which means ""Russian"".",the word comes from krifs which means russian,1ce383691b344e91888cdcaddf095dc5f102fb93a1f2b214e5f1db3fe5228553
xlsr_english,dsuta,60,stage5ext_00244,b2366de045c2eb18ed349bee593e8f3a0c9038602bb8f13f2008fe4ff2087aaa4e5ac78379011510dc25d6a7bcd36a3a6ac86b35f0a27b886832c337d95f27d5,England English,england,"If he went before, he looked back.",if he went before he looked back,1ce383691b344e91888cdcaddf095dc5f102fb93a1f2b214e5f1db3fe5228553
xlsr_english,dsuta,61,stage5ext_00245,b2366de045c2eb18ed349bee593e8f3a0c9038602bb8f13f2008fe4ff2087aaa4e5ac78379011510dc25d6a7bcd36a3a6ac86b35f0a27b886832c337d95f27d5,England English,england,It is the Artin root number.,it is the artin rooge number,8345a79d82e3ed43e77fd187722a513f2a0e7c568b3078f37cd2b12d218427e7
xlsr_english,dsuta,61,stage5ext_00246,b2366de045c2eb18ed349bee593e8f3a0c9038602bb8f13f2008fe4ff2087aaa4e5ac78379011510dc25d6a7bcd36a3a6ac86b35f0a27b886832c337d95f27d5,England English,england,"Yet, we will ensure that one brutal dictator is not replaced by another.",yet we will ensure that one bootle to tata is not replaced by another,8345a79d82e3ed43e77fd187722a513f2a0e7c568b3078f37cd2b12d218427e7
xlsr_english,dsuta,61,stage5ext_00247,b2366de045c2eb18ed349bee593e8f3a0c9038602bb8f13f2008fe4ff2087aaa4e5ac78379011510dc25d6a7bcd36a3a6ac86b35f0a27b886832c337d95f27d5,England English,england,Mythic Legions is a fantasy line of action figures from Four Horsemen Studios.,mythic legions is a fantasy line of action figures from four horseman studios,8345a79d82e3ed43e77fd187722a513f2a0e7c568b3078f37cd2b12d218427e7
xlsr_english,dsuta,61,stage5ext_00248,b2366de045c2eb18ed349bee593e8f3a0c9038602bb8f13f2008fe4ff2087aaa4e5ac78379011510dc25d6a7bcd36a3a6ac86b35f0a27b886832c337d95f27d5,England English,england,It is a simple scrape with no nest material used.,it is a simple scrape with no nest material used,8345a79d82e3ed43e77fd187722a513f2a0e7c568b3078f37cd2b12d218427e7
xlsr_english,dsuta,62,stage5ext_00249,b2366de045c2eb18ed349bee593e8f3a0c9038602bb8f13f2008fe4ff2087aaa4e5ac78379011510dc25d6a7bcd36a3a6ac86b35f0a27b886832c337d95f27d5,England English,england,"He is the one who gives the gorilla the new name of ""Ishmael"".",he is the one who gives the guilna the new name of ishmail,85c13a2b0a29fc9fccdfc8b164cc5ff85b75d2c4e6ac278d93921747a419d747
xlsr_english,dsuta,62,stage5ext_00250,b2366de045c2eb18ed349bee593e8f3a0c9038602bb8f13f2008fe4ff2087aaa4e5ac78379011510dc25d6a7bcd36a3a6ac86b35f0a27b886832c337d95f27d5,England English,england,The center was then called Smirnoff Music Centre.,the center was then called smernoff music center,85c13a2b0a29fc9fccdfc8b164cc5ff85b75d2c4e6ac278d93921747a419d747
xlsr_english,dsuta,62,stage5ext_00251,b2366de045c2eb18ed349bee593e8f3a0c9038602bb8f13f2008fe4ff2087aaa4e5ac78379011510dc25d6a7bcd36a3a6ac86b35f0a27b886832c337d95f27d5,England English,england,"Also in these television series, Winnetou was played by Brice.",also in thes television series winnesu was played by brice,85c13a2b0a29fc9fccdfc8b164cc5ff85b75d2c4e6ac278d93921747a419d747
xlsr_english,dsuta,62,stage5ext_00252,b2366de045c2eb18ed349bee593e8f3a0c9038602bb8f13f2008fe4ff2087aaa4e5ac78379011510dc25d6a7bcd36a3a6ac86b35f0a27b886832c337d95f27d5,England English,england,The event is televised around the globe.,the event is televised around the globe,85c13a2b0a29fc9fccdfc8b164cc5ff85b75d2c4e6ac278d93921747a419d747
xlsr_english,dsuta,63,stage5ext_00253,b2366de045c2eb18ed349bee593e8f3a0c9038602bb8f13f2008fe4ff2087aaa4e5ac78379011510dc25d6a7bcd36a3a6ac86b35f0a27b886832c337d95f27d5,England English,england,Matthews later started Newbridge Networks.,matthews later started newbridge networks,1575e916019f6c5d15115cd0d3e98a808cbe3efcb32edf29db074beb476c65d7
xlsr_english,dsuta,63,stage5ext_00254,b2366de045c2eb18ed349bee593e8f3a0c9038602bb8f13f2008fe4ff2087aaa4e5ac78379011510dc25d6a7bcd36a3a6ac86b35f0a27b886832c337d95f27d5,England English,england,Examples of this apparently ungrammatical usage can be found throughout the history of English.,examples of this apparently ungrammatical usage can be found throughout the history of english,1575e916019f6c5d15115cd0d3e98a808cbe3efcb32edf29db074beb476c65d7
xlsr_english,dsuta,63,stage5ext_00255,b2366de045c2eb18ed349bee593e8f3a0c9038602bb8f13f2008fe4ff2087aaa4e5ac78379011510dc25d6a7bcd36a3a6ac86b35f0a27b886832c337d95f27d5,England English,england,FaSinPat has been financially successful and able to expand.,far sin pat has been financially successful and able to expand,1575e916019f6c5d15115cd0d3e98a808cbe3efcb32edf29db074beb476c65d7
xlsr_english,dsuta,63,stage5ext_00256,94902b88a78c4f1863a7effcce3553303f5bb14d8d6eea7900eea1c261ebf3a2ea97f8d9ecfc4c58dbe683f2df36a1653231f495f7ad9cc38f9fe61a0b2275ac,England English,england,"Salmon is one of the most popular fish and very delicious, though usually not sustainable.",salmon is one of the most popular fish and very delicious though usually not sustainable,1575e916019f6c5d15115cd0d3e98a808cbe3efcb32edf29db074beb476c65d7
xlsr_english,dsuta,64,stage5ext_00257,94902b88a78c4f1863a7effcce3553303f5bb14d8d6eea7900eea1c261ebf3a2ea97f8d9ecfc4c58dbe683f2df36a1653231f495f7ad9cc38f9fe61a0b2275ac,England English,england,"It's such an unfair world, innit?",it's such an unfar world in it,4d00cb76e5894939d87a1aa3e313821b512b3e9d1e42eda58ef6e83f1f268cee
xlsr_english,dsuta,64,stage5ext_00258,94902b88a78c4f1863a7effcce3553303f5bb14d8d6eea7900eea1c261ebf3a2ea97f8d9ecfc4c58dbe683f2df36a1653231f495f7ad9cc38f9fe61a0b2275ac,England English,england,"A musical note sustained to its full length, with no break between it and the next note.",a musical note sustained to its full length with no break between it and the next note,4d00cb76e5894939d87a1aa3e313821b512b3e9d1e42eda58ef6e83f1f268cee
xlsr_english,dsuta,64,stage5ext_00259,94902b88a78c4f1863a7effcce3553303f5bb14d8d6eea7900eea1c261ebf3a2ea97f8d9ecfc4c58dbe683f2df36a1653231f495f7ad9cc38f9fe61a0b2275ac,England English,england,"After playing tennis in virtual reality, he felt dizzy.",after playing tennis in virtual reality he felt dizsy,4d00cb76e5894939d87a1aa3e313821b512b3e9d1e42eda58ef6e83f1f268cee
xlsr_english,dsuta,64,stage5ext_00260,94902b88a78c4f1863a7effcce3553303f5bb14d8d6eea7900eea1c261ebf3a2ea97f8d9ecfc4c58dbe683f2df36a1653231f495f7ad9cc38f9fe61a0b2275ac,England English,england,"Take a sponge, some dish liquid and a towel, then get to work!",take a sponge some dish liquid in a towl then get to work,4d00cb76e5894939d87a1aa3e313821b512b3e9d1e42eda58ef6e83f1f268cee
xlsr_english,dsuta,65,stage5ext_00261,94902b88a78c4f1863a7effcce3553303f5bb14d8d6eea7900eea1c261ebf3a2ea97f8d9ecfc4c58dbe683f2df36a1653231f495f7ad9cc38f9fe61a0b2275ac,England English,england,Have you seen Hollie?,have you seen holly,bfec51677862ffe1c6ec83fbe3021ede940a681e21aeb8fccf30aea1ec227538
xlsr_english,dsuta,65,stage5ext_00262,94902b88a78c4f1863a7effcce3553303f5bb14d8d6eea7900eea1c261ebf3a2ea97f8d9ecfc4c58dbe683f2df36a1653231f495f7ad9cc38f9fe61a0b2275ac,England English,england,Do geese always fly in that formation?,do geese always fly in that formation,bfec51677862ffe1c6ec83fbe3021ede940a681e21aeb8fccf30aea1ec227538
xlsr_english,dsuta,65,stage5ext_00263,94902b88a78c4f1863a7effcce3553303f5bb14d8d6eea7900eea1c261ebf3a2ea97f8d9ecfc4c58dbe683f2df36a1653231f495f7ad9cc38f9fe61a0b2275ac,England English,england,"No one picked up, so I went by her place on the way here.",no one picked up so i went by her place on the way here,bfec51677862ffe1c6ec83fbe3021ede940a681e21aeb8fccf30aea1ec227538
xlsr_english,dsuta,65,stage5ext_00264,94902b88a78c4f1863a7effcce3553303f5bb14d8d6eea7900eea1c261ebf3a2ea97f8d9ecfc4c58dbe683f2df36a1653231f495f7ad9cc38f9fe61a0b2275ac,England English,england,Have I offended you?,have i offended you,bfec51677862ffe1c6ec83fbe3021ede940a681e21aeb8fccf30aea1ec227538
xlsr_english,dsuta,66,stage5ext_00265,94902b88a78c4f1863a7effcce3553303f5bb14d8d6eea7900eea1c261ebf3a2ea97f8d9ecfc4c58dbe683f2df36a1653231f495f7ad9cc38f9fe61a0b2275ac,England English,england,What does that mean?,what does that mean,b928cf8aab68ff82c8283a27a60eb63ed84faab441bcb5c62f45377720c159ff
xlsr_english,dsuta,66,stage5ext_00266,94902b88a78c4f1863a7effcce3553303f5bb14d8d6eea7900eea1c261ebf3a2ea97f8d9ecfc4c58dbe683f2df36a1653231f495f7ad9cc38f9fe61a0b2275ac,England English,england,There's just one last bug I'd like to fix before I head home.,there's just one last bug i'd like to fix before i head home,b928cf8aab68ff82c8283a27a60eb63ed84faab441bcb5c62f45377720c159ff
xlsr_english,dsuta,66,stage5ext_00267,94902b88a78c4f1863a7effcce3553303f5bb14d8d6eea7900eea1c261ebf3a2ea97f8d9ecfc4c58dbe683f2df36a1653231f495f7ad9cc38f9fe61a0b2275ac,England English,england,I suspect this may be someone new making themselves known.,i suspect this may be someone new making themselves known,b928cf8aab68ff82c8283a27a60eb63ed84faab441bcb5c62f45377720c159ff
xlsr_english,dsuta,66,stage5ext_00268,94902b88a78c4f1863a7effcce3553303f5bb14d8d6eea7900eea1c261ebf3a2ea97f8d9ecfc4c58dbe683f2df36a1653231f495f7ad9cc38f9fe61a0b2275ac,England English,england,"Clams are small, round, soft, and tasty.",clams are small round soft and tasty,b928cf8aab68ff82c8283a27a60eb63ed84faab441bcb5c62f45377720c159ff
xlsr_english,dsuta,67,stage5ext_00269,94902b88a78c4f1863a7effcce3553303f5bb14d8d6eea7900eea1c261ebf3a2ea97f8d9ecfc4c58dbe683f2df36a1653231f495f7ad9cc38f9fe61a0b2275ac,England English,england,Can I get the sandwich without mayonnaise?,can i get a sandwich without mayonase,2e3865203301cf357a5b205e6355e9e9e427a5bc196d5ddc3e01b2f30207804e
xlsr_english,dsuta,67,stage5ext_00270,94902b88a78c4f1863a7effcce3553303f5bb14d8d6eea7900eea1c261ebf3a2ea97f8d9ecfc4c58dbe683f2df36a1653231f495f7ad9cc38f9fe61a0b2275ac,England English,england,"Here, let me show you around.",here let me show you around,2e3865203301cf357a5b205e6355e9e9e427a5bc196d5ddc3e01b2f30207804e
xlsr_english,dsuta,67,stage5ext_00271,3742174ae31b78b11558814a7196a5eec0f489ad3e728a2a125dd1a60c809a770eeaa758499c014bf728437835b4ea9c031a3a9c838b3882b35ed28744768ef3,England English,england,It will replace the existing train station hall inside the mall.,it will replace the existing train station hall inside the mall,2e3865203301cf357a5b205e6355e9e9e427a5bc196d5ddc3e01b2f30207804e
xlsr_english,dsuta,67,stage5ext_00272,3742174ae31b78b11558814a7196a5eec0f489ad3e728a2a125dd1a60c809a770eeaa758499c014bf728437835b4ea9c031a3a9c838b3882b35ed28744768ef3,England English,england,"Yes, it would be.",yes it would be,2e3865203301cf357a5b205e6355e9e9e427a5bc196d5ddc3e01b2f30207804e
xlsr_english,dsuta,68,stage5ext_00273,3742174ae31b78b11558814a7196a5eec0f489ad3e728a2a125dd1a60c809a770eeaa758499c014bf728437835b4ea9c031a3a9c838b3882b35ed28744768ef3,England English,england,"The Google search bar is for searching, not for typing URLs!",the gool servboro is for searching not for type in euraels,5ef30c15dd2b4ebb80a5994e6278f6521d53d7a11ceade84a97f514b1295f328
xlsr_english,dsuta,68,stage5ext_00274,3742174ae31b78b11558814a7196a5eec0f489ad3e728a2a125dd1a60c809a770eeaa758499c014bf728437835b4ea9c031a3a9c838b3882b35ed28744768ef3,England English,england,"C'mon, we need to turn on our GPS so we don't end up in the middle of nowhere.",come ond winting to turn on ourgpies so we don't end up in the middle of nowere,5ef30c15dd2b4ebb80a5994e6278f6521d53d7a11ceade84a97f514b1295f328
xlsr_english,dsuta,68,stage5ext_00275,3742174ae31b78b11558814a7196a5eec0f489ad3e728a2a125dd1a60c809a770eeaa758499c014bf728437835b4ea9c031a3a9c838b3882b35ed28744768ef3,England English,england,"After an avalanche buried the skiing resort, it was hard to determine its exact location.",after envalance buretyskyne resort it was hard to determine its xelication,5ef30c15dd2b4ebb80a5994e6278f6521d53d7a11ceade84a97f514b1295f328
xlsr_english,dsuta,68,stage5ext_00276,3742174ae31b78b11558814a7196a5eec0f489ad3e728a2a125dd1a60c809a770eeaa758499c014bf728437835b4ea9c031a3a9c838b3882b35ed28744768ef3,England English,england,Who has already arrived?,who has already arrived,5ef30c15dd2b4ebb80a5994e6278f6521d53d7a11ceade84a97f514b1295f328
xlsr_english,dsuta,69,stage5ext_00277,3742174ae31b78b11558814a7196a5eec0f489ad3e728a2a125dd1a60c809a770eeaa758499c014bf728437835b4ea9c031a3a9c838b3882b35ed28744768ef3,England English,england,"I like reading about medical mysteries, don't you?",i like reading about medical mysteries don't you,aa35599e6a045003def486a96e38af7655014e75729bbf48186e078c716d8e81
xlsr_english,dsuta,69,stage5ext_00278,3742174ae31b78b11558814a7196a5eec0f489ad3e728a2a125dd1a60c809a770eeaa758499c014bf728437835b4ea9c031a3a9c838b3882b35ed28744768ef3,England English,england,In a cataleptic trance.,in the catalyptic trends,aa35599e6a045003def486a96e38af7655014e75729bbf48186e078c716d8e81
xlsr_english,dsuta,69,stage5ext_00279,3742174ae31b78b11558814a7196a5eec0f489ad3e728a2a125dd1a60c809a770eeaa758499c014bf728437835b4ea9c031a3a9c838b3882b35ed28744768ef3,England English,england,"The thing is, nobody knew what was happening.",the thing is nobody knew what was happening,aa35599e6a045003def486a96e38af7655014e75729bbf48186e078c716d8e81
xlsr_english,dsuta,69,stage5ext_00280,3742174ae31b78b11558814a7196a5eec0f489ad3e728a2a125dd1a60c809a770eeaa758499c014bf728437835b4ea9c031a3a9c838b3882b35ed28744768ef3,England English,england,"Living alone, she made solitude her best friend.",living in lon she made solitude her best friend,aa35599e6a045003def486a96e38af7655014e75729bbf48186e078c716d8e81
xlsr_english,dsuta,70,stage5ext_00281,3742174ae31b78b11558814a7196a5eec0f489ad3e728a2a125dd1a60c809a770eeaa758499c014bf728437835b4ea9c031a3a9c838b3882b35ed28744768ef3,England English,england,She did her first scene with Peter North.,she did her first scene with pitcher noth,2878f1e9aab8e65e8d7704d6a08bb9a9139f7aea94f62dd6bf6197c16c5ff995
xlsr_english,dsuta,70,stage5ext_00282,3742174ae31b78b11558814a7196a5eec0f489ad3e728a2a125dd1a60c809a770eeaa758499c014bf728437835b4ea9c031a3a9c838b3882b35ed28744768ef3,England English,england,"Television can make you dumb, but it can also be good education.",television can make you damp but it can also be good education,2878f1e9aab8e65e8d7704d6a08bb9a9139f7aea94f62dd6bf6197c16c5ff995
xlsr_english,dsuta,70,stage5ext_00283,3742174ae31b78b11558814a7196a5eec0f489ad3e728a2a125dd1a60c809a770eeaa758499c014bf728437835b4ea9c031a3a9c838b3882b35ed28744768ef3,England English,england,"In a cinematic rope-down maneuver, the special forces overwhelmed the criminals.",in the cinemetic ropdamoneur the specialy forces overhand the criminals,2878f1e9aab8e65e8d7704d6a08bb9a9139f7aea94f62dd6bf6197c16c5ff995
xlsr_english,dsuta,70,stage5ext_00284,3742174ae31b78b11558814a7196a5eec0f489ad3e728a2a125dd1a60c809a770eeaa758499c014bf728437835b4ea9c031a3a9c838b3882b35ed28744768ef3,England English,england,What can have happened?,what can have happened,2878f1e9aab8e65e8d7704d6a08bb9a9139f7aea94f62dd6bf6197c16c5ff995
xlsr_english,dsuta,71,stage5ext_00285,3742174ae31b78b11558814a7196a5eec0f489ad3e728a2a125dd1a60c809a770eeaa758499c014bf728437835b4ea9c031a3a9c838b3882b35ed28744768ef3,England English,england,Now where could my pipe be?,now where could my pipe be,98f60c372c346e5eb66b642fe0f9e9b579aa010f61bf4973ae17572229047f42
xlsr_english,dsuta,71,stage5ext_00286,e52a28d767575f4c42c09ca60e1aeaca303322a7771a484213c006ee0297bc33805e0e8dfe177da9a618d61156c387a65a6530200eb9502866cd36c88293e84f,England English,england,I'd love to hear readers sing this.,i'd love to hear the readers sing this,98f60c372c346e5eb66b642fe0f9e9b579aa010f61bf4973ae17572229047f42
xlsr_english,dsuta,71,stage5ext_00287,e52a28d767575f4c42c09ca60e1aeaca303322a7771a484213c006ee0297bc33805e0e8dfe177da9a618d61156c387a65a6530200eb9502866cd36c88293e84f,England English,england,The pup jerked the leash as he saw a feline shape.,the pup jerked the leash as he saw her feeline shade,98f60c372c346e5eb66b642fe0f9e9b579aa010f61bf4973ae17572229047f42
xlsr_english,dsuta,71,stage5ext_00288,e52a28d767575f4c42c09ca60e1aeaca303322a7771a484213c006ee0297bc33805e0e8dfe177da9a618d61156c387a65a6530200eb9502866cd36c88293e84f,England English,england,"It's raining heavily, take an umbrella.",it's raining heavily take an umbrella,98f60c372c346e5eb66b642fe0f9e9b579aa010f61bf4973ae17572229047f42
xlsr_english,dsuta,72,stage5ext_00289,e52a28d767575f4c42c09ca60e1aeaca303322a7771a484213c006ee0297bc33805e0e8dfe177da9a618d61156c387a65a6530200eb9502866cd36c88293e84f,England English,england,"Oh, I don't know.",o i don't know,0e66d1cba8844fac22ce0af2e2b1e53134d0ef809fd68f4414a32bdb1a766dc0
xlsr_english,dsuta,72,stage5ext_00290,e52a28d767575f4c42c09ca60e1aeaca303322a7771a484213c006ee0297bc33805e0e8dfe177da9a618d61156c387a65a6530200eb9502866cd36c88293e84f,England English,england,I have to work this Saturday.,i have to work this saturday,0e66d1cba8844fac22ce0af2e2b1e53134d0ef809fd68f4414a32bdb1a766dc0
xlsr_english,dsuta,72,stage5ext_00291,e52a28d767575f4c42c09ca60e1aeaca303322a7771a484213c006ee0297bc33805e0e8dfe177da9a618d61156c387a65a6530200eb9502866cd36c88293e84f,England English,england,By twenty-twenty-two I expect the problem will be solved.,by twenty-twenty-two i expect the problem will be solved,0e66d1cba8844fac22ce0af2e2b1e53134d0ef809fd68f4414a32bdb1a766dc0
xlsr_english,dsuta,72,stage5ext_00292,e52a28d767575f4c42c09ca60e1aeaca303322a7771a484213c006ee0297bc33805e0e8dfe177da9a618d61156c387a65a6530200eb9502866cd36c88293e84f,England English,england,The incubation period is typically about two weeks.,the incubation period is typically about two weeks,0e66d1cba8844fac22ce0af2e2b1e53134d0ef809fd68f4414a32bdb1a766dc0
xlsr_english,dsuta,73,stage5ext_00293,e52a28d767575f4c42c09ca60e1aeaca303322a7771a484213c006ee0297bc33805e0e8dfe177da9a618d61156c387a65a6530200eb9502866cd36c88293e84f,England English,england,The sink is the thing in which we pile dishes.,the sink is the thing in which we pile dishes,1655e8d444eb9d1c9a17c2a278e69adbbe78830cf5c75c16fb2933a6f1befcbe
xlsr_english,dsuta,73,stage5ext_00294,e52a28d767575f4c42c09ca60e1aeaca303322a7771a484213c006ee0297bc33805e0e8dfe177da9a618d61156c387a65a6530200eb9502866cd36c88293e84f,England English,england,Rick was in the first aid club as a sixth-former.,rick was in the first aide club as a sixth former,1655e8d444eb9d1c9a17c2a278e69adbbe78830cf5c75c16fb2933a6f1befcbe
xlsr_english,dsuta,73,stage5ext_00295,e52a28d767575f4c42c09ca60e1aeaca303322a7771a484213c006ee0297bc33805e0e8dfe177da9a618d61156c387a65a6530200eb9502866cd36c88293e84f,England English,england,"Hello, my name is Brenda.",hellow my name is brenda,1655e8d444eb9d1c9a17c2a278e69adbbe78830cf5c75c16fb2933a6f1befcbe
xlsr_english,dsuta,73,stage5ext_00296,e52a28d767575f4c42c09ca60e1aeaca303322a7771a484213c006ee0297bc33805e0e8dfe177da9a618d61156c387a65a6530200eb9502866cd36c88293e84f,England English,england,Keep It Simple The KISS principal.,keep it simple the kiss principal,1655e8d444eb9d1c9a17c2a278e69adbbe78830cf5c75c16fb2933a6f1befcbe
xlsr_english,dsuta,74,stage5ext_00297,e52a28d767575f4c42c09ca60e1aeaca303322a7771a484213c006ee0297bc33805e0e8dfe177da9a618d61156c387a65a6530200eb9502866cd36c88293e84f,England English,england,"If you experience further problems, please let me know.",if you experience further problems please let me know,fec7c70f98a59e670b49d02518eb0e3fa3154df54e17b9f03e09ed2051f7083d
xlsr_english,dsuta,74,stage5ext_00298,e52a28d767575f4c42c09ca60e1aeaca303322a7771a484213c006ee0297bc33805e0e8dfe177da9a618d61156c387a65a6530200eb9502866cd36c88293e84f,England English,england,I did this to prevent cycling and encourage greater movement through the solution space.,i did this to prevent cycling and encourage greater movement through the solution space,fec7c70f98a59e670b49d02518eb0e3fa3154df54e17b9f03e09ed2051f7083d
xlsr_english,dsuta,74,stage5ext_00299,e52a28d767575f4c42c09ca60e1aeaca303322a7771a484213c006ee0297bc33805e0e8dfe177da9a618d61156c387a65a6530200eb9502866cd36c88293e84f,England English,england,The dog was wagged its tail.,the dog was wagged its tail,fec7c70f98a59e670b49d02518eb0e3fa3154df54e17b9f03e09ed2051f7083d
xlsr_english,dsuta,74,stage5ext_00300,e52a28d767575f4c42c09ca60e1aeaca303322a7771a484213c006ee0297bc33805e0e8dfe177da9a618d61156c387a65a6530200eb9502866cd36c88293e84f,England English,england,The box is held by a bright red snapper.,the box is held by a bright red snapper,fec7c70f98a59e670b49d02518eb0e3fa3154df54e17b9f03e09ed2051f7083d
xlsr_english,dsuta,75,stage5ext_00301,8f7e0c1a745bde3b6375473b87b997d5f687a8a0d9c28a96b8fd9b2db97634c0c09607da808a8e8a08588137234ce63b8a9e537fd15117628bc7cfca6ae12059,South Asian English,south_asian,"Also, oil and coal have hidden costs that others have to pay.",also oisl and coal have hidden costs that others have to pay,2c7c3dd9840e1c63ba89ed482f713ea17f9e4b8996c7c786bfc1baef617fdb91
xlsr_english,dsuta,75,stage5ext_00302,8f7e0c1a745bde3b6375473b87b997d5f687a8a0d9c28a96b8fd9b2db97634c0c09607da808a8e8a08588137234ce63b8a9e537fd15117628bc7cfca6ae12059,South Asian English,south_asian,The rest of the site is now a gated community of up-market homes.,the rest of the site is now a gateed community of upmarket omes,2c7c3dd9840e1c63ba89ed482f713ea17f9e4b8996c7c786bfc1baef617fdb91
xlsr_english,dsuta,75,stage5ext_00303,8f7e0c1a745bde3b6375473b87b997d5f687a8a0d9c28a96b8fd9b2db97634c0c09607da808a8e8a08588137234ce63b8a9e537fd15117628bc7cfca6ae12059,South Asian English,south_asian,"We first met each other under the Eiffel tower, it was magical.",we first met each other under the eye foltower it was magical,2c7c3dd9840e1c63ba89ed482f713ea17f9e4b8996c7c786bfc1baef617fdb91
xlsr_english,dsuta,75,stage5ext_00304,8f7e0c1a745bde3b6375473b87b997d5f687a8a0d9c28a96b8fd9b2db97634c0c09607da808a8e8a08588137234ce63b8a9e537fd15117628bc7cfca6ae12059,South Asian English,south_asian,"You know, singing karaoke with you makes me realize how good of a singer I am.",you know singing karoke with tu makes me realize how good of a singer i am,2c7c3dd9840e1c63ba89ed482f713ea17f9e4b8996c7c786bfc1baef617fdb91
xlsr_english,dsuta,76,stage5ext_00305,8f7e0c1a745bde3b6375473b87b997d5f687a8a0d9c28a96b8fd9b2db97634c0c09607da808a8e8a08588137234ce63b8a9e537fd15117628bc7cfca6ae12059,South Asian English,south_asian,Many rare shore birds breed here along the beaches.,many rare showbirds breed here along the beaches,a1fbf45c51e976becc07d73d7b7c503e4ca2738203d5242867e9189d2f5651b1
xlsr_english,dsuta,76,stage5ext_00306,8f7e0c1a745bde3b6375473b87b997d5f687a8a0d9c28a96b8fd9b2db97634c0c09607da808a8e8a08588137234ce63b8a9e537fd15117628bc7cfca6ae12059,South Asian English,south_asian,There is no legal recognition of same-sex couples explicitly in Venezuelan law.,there is no legal recognition of same-sex couples explicitly in venezualian law,a1fbf45c51e976becc07d73d7b7c503e4ca2738203d5242867e9189d2f5651b1
xlsr_english,dsuta,76,stage5ext_00307,8f7e0c1a745bde3b6375473b87b997d5f687a8a0d9c28a96b8fd9b2db97634c0c09607da808a8e8a08588137234ce63b8a9e537fd15117628bc7cfca6ae12059,South Asian English,south_asian,"It was easy to see on the radiogram, that his bones were broken.",it was easy to see on the radiogram that his bones were broken,a1fbf45c51e976becc07d73d7b7c503e4ca2738203d5242867e9189d2f5651b1
xlsr_english,dsuta,76,stage5ext_00308,8f7e0c1a745bde3b6375473b87b997d5f687a8a0d9c28a96b8fd9b2db97634c0c09607da808a8e8a08588137234ce63b8a9e537fd15117628bc7cfca6ae12059,South Asian English,south_asian,"However, ""Maggi goreng"" is cooked by stir-frying them with vegetables and eggs.",however maggie goring is cooked by surfrying them bigetabuls and eggs,a1fbf45c51e976becc07d73d7b7c503e4ca2738203d5242867e9189d2f5651b1
xlsr_english,dsuta,77,stage5ext_00309,8f7e0c1a745bde3b6375473b87b997d5f687a8a0d9c28a96b8fd9b2db97634c0c09607da808a8e8a08588137234ce63b8a9e537fd15117628bc7cfca6ae12059,South Asian English,south_asian,with the University of the Hon.,with the university of thehon,585316b104a04f23ecef82c8741f4f3b274afce0b00585173cdb7cbf28e6e30a
xlsr_english,dsuta,77,stage5ext_00310,8f7e0c1a745bde3b6375473b87b997d5f687a8a0d9c28a96b8fd9b2db97634c0c09607da808a8e8a08588137234ce63b8a9e537fd15117628bc7cfca6ae12059,South Asian English,south_asian,"Bacon, pancakes and maple syrup is a hearty start to any day.",bacon pancakes and maple syrup is a hearty start to anyday,585316b104a04f23ecef82c8741f4f3b274afce0b00585173cdb7cbf28e6e30a
xlsr_english,dsuta,77,stage5ext_00311,8f7e0c1a745bde3b6375473b87b997d5f687a8a0d9c28a96b8fd9b2db97634c0c09607da808a8e8a08588137234ce63b8a9e537fd15117628bc7cfca6ae12059,South Asian English,south_asian,"Fortunately for us, our sun will continue to be around for a few billion years.",fortunately for us our son will continue to be around for a few million years,585316b104a04f23ecef82c8741f4f3b274afce0b00585173cdb7cbf28e6e30a
xlsr_english,dsuta,77,stage5ext_00312,8f7e0c1a745bde3b6375473b87b997d5f687a8a0d9c28a96b8fd9b2db97634c0c09607da808a8e8a08588137234ce63b8a9e537fd15117628bc7cfca6ae12059,South Asian English,south_asian,Why can't I skip this damn intro?,why cound i skeep this damn intro,585316b104a04f23ecef82c8741f4f3b274afce0b00585173cdb7cbf28e6e30a
xlsr_english,dsuta,78,stage5ext_00313,8f7e0c1a745bde3b6375473b87b997d5f687a8a0d9c28a96b8fd9b2db97634c0c09607da808a8e8a08588137234ce63b8a9e537fd15117628bc7cfca6ae12059,South Asian English,south_asian,"They, too, had been carelessly left unbolted.",they too had been carelessly left unvolted,b0206e4eb3c4da0f1e8f21ce6e4b0b4113bccebe1944ff13817f3c181b5a1952
xlsr_english,dsuta,78,stage5ext_00314,8f7e0c1a745bde3b6375473b87b997d5f687a8a0d9c28a96b8fd9b2db97634c0c09607da808a8e8a08588137234ce63b8a9e537fd15117628bc7cfca6ae12059,South Asian English,south_asian,It is located in the Parque Patricios neighborhood of Buenos Aires.,it is located in the park patrices neighborhood of buonus arees,b0206e4eb3c4da0f1e8f21ce6e4b0b4113bccebe1944ff13817f3c181b5a1952
xlsr_english,dsuta,78,stage5ext_00315,8f7e0c1a745bde3b6375473b87b997d5f687a8a0d9c28a96b8fd9b2db97634c0c09607da808a8e8a08588137234ce63b8a9e537fd15117628bc7cfca6ae12059,South Asian English,south_asian,Williams is actively engaged in public service and philanthropy.,williams is actively engaged in public service and pilamtropy,b0206e4eb3c4da0f1e8f21ce6e4b0b4113bccebe1944ff13817f3c181b5a1952
xlsr_english,dsuta,78,stage5ext_00316,f6987deb24305a72a216ab20686f51f94b6f8705775768dd535e4da88ff7117abfe923d46999a076b82dd084f2eb5ae7185de770ddb184c4e3a01d5b6390da20,South Asian English,south_asian,These cars were all basically retrimmed Mercurys.,these cars were all basically rech and morqries,b0206e4eb3c4da0f1e8f21ce6e4b0b4113bccebe1944ff13817f3c181b5a1952
xlsr_english,dsuta,79,stage5ext_00317,f6987deb24305a72a216ab20686f51f94b6f8705775768dd535e4da88ff7117abfe923d46999a076b82dd084f2eb5ae7185de770ddb184c4e3a01d5b6390da20,South Asian English,south_asian,There are many small businesses throughout the small town that contribute to economic success.,there are many small businesses throughout the small town that contribute to the economic success,c86ceef3c0be1141218e7670727492c3256e75289835629677f3cddf476c3fe2
xlsr_english,dsuta,79,stage5ext_00318,f6987deb24305a72a216ab20686f51f94b6f8705775768dd535e4da88ff7117abfe923d46999a076b82dd084f2eb5ae7185de770ddb184c4e3a01d5b6390da20,South Asian English,south_asian,Derivational morphology often involves the addition of a derivational suffix or other affix.,derivational morphology often involves the addition of a derivational subjects or other efficts,c86ceef3c0be1141218e7670727492c3256e75289835629677f3cddf476c3fe2
xlsr_english,dsuta,79,stage5ext_00319,f6987deb24305a72a216ab20686f51f94b6f8705775768dd535e4da88ff7117abfe923d46999a076b82dd084f2eb5ae7185de770ddb184c4e3a01d5b6390da20,South Asian English,south_asian,The school sports mascot is the Gator.,the school sports mascot is the gater,c86ceef3c0be1141218e7670727492c3256e75289835629677f3cddf476c3fe2
xlsr_english,dsuta,79,stage5ext_00320,f6987deb24305a72a216ab20686f51f94b6f8705775768dd535e4da88ff7117abfe923d46999a076b82dd084f2eb5ae7185de770ddb184c4e3a01d5b6390da20,South Asian English,south_asian,The incident made him more aware of his future.,the incident made him more aware of his teacher,c86ceef3c0be1141218e7670727492c3256e75289835629677f3cddf476c3fe2
xlsr_english,dsuta,80,stage5ext_00321,f6987deb24305a72a216ab20686f51f94b6f8705775768dd535e4da88ff7117abfe923d46999a076b82dd084f2eb5ae7185de770ddb184c4e3a01d5b6390da20,South Asian English,south_asian,Toronto Netball Club plays at Westlakes Netball Association.,toronto netpall club plays at brislick's netpall association,00fcee741bc0bfc9362ccca321304a7f36194b63f19f10a59f3547e7091e70ad
xlsr_english,dsuta,80,stage5ext_00322,f6987deb24305a72a216ab20686f51f94b6f8705775768dd535e4da88ff7117abfe923d46999a076b82dd084f2eb5ae7185de770ddb184c4e3a01d5b6390da20,South Asian English,south_asian,He returned to the field for the final three games of the season.,she returned to the sfriet for the final three games of the season,00fcee741bc0bfc9362ccca321304a7f36194b63f19f10a59f3547e7091e70ad
xlsr_english,dsuta,80,stage5ext_00323,f6987deb24305a72a216ab20686f51f94b6f8705775768dd535e4da88ff7117abfe923d46999a076b82dd084f2eb5ae7185de770ddb184c4e3a01d5b6390da20,South Asian English,south_asian,"His first season numbers were unimpressive, reflecting his rookie status.",his first season numbers were unimpressive reflecting is rouky status,00fcee741bc0bfc9362ccca321304a7f36194b63f19f10a59f3547e7091e70ad
xlsr_english,dsuta,80,stage5ext_00324,f6987deb24305a72a216ab20686f51f94b6f8705775768dd535e4da88ff7117abfe923d46999a076b82dd084f2eb5ae7185de770ddb184c4e3a01d5b6390da20,South Asian English,south_asian,Two thousand copies of the album were available on the band's website.,two thousand copies of the album were available on the mann's website,00fcee741bc0bfc9362ccca321304a7f36194b63f19f10a59f3547e7091e70ad
xlsr_english,dsuta,81,stage5ext_00325,f6987deb24305a72a216ab20686f51f94b6f8705775768dd535e4da88ff7117abfe923d46999a076b82dd084f2eb5ae7185de770ddb184c4e3a01d5b6390da20,South Asian English,south_asian,"With Lajoie gone, the club needed a new name.",with lajui gon the club needed a new ging,2efd2ccb89abd5deac334f7cfa5fa742e0df2c04de59c19fc1858a1e4e41fa69
xlsr_english,dsuta,81,stage5ext_00326,f6987deb24305a72a216ab20686f51f94b6f8705775768dd535e4da88ff7117abfe923d46999a076b82dd084f2eb5ae7185de770ddb184c4e3a01d5b6390da20,South Asian English,south_asian,Pendergrass got well-wishes from thousands of his fans during his recovery.,spentergrasz caught wellvishes from thousands of his fans during his recovery,2efd2ccb89abd5deac334f7cfa5fa742e0df2c04de59c19fc1858a1e4e41fa69
xlsr_english,dsuta,81,stage5ext_00327,f6987deb24305a72a216ab20686f51f94b6f8705775768dd535e4da88ff7117abfe923d46999a076b82dd084f2eb5ae7185de770ddb184c4e3a01d5b6390da20,South Asian English,south_asian,The third phase involves converting Hughes Hall into office space.,thet third phase involves converting hugies falp into ofer space,2efd2ccb89abd5deac334f7cfa5fa742e0df2c04de59c19fc1858a1e4e41fa69
xlsr_english,dsuta,81,stage5ext_00328,f6987deb24305a72a216ab20686f51f94b6f8705775768dd535e4da88ff7117abfe923d46999a076b82dd084f2eb5ae7185de770ddb184c4e3a01d5b6390da20,South Asian English,south_asian,They used the sharks that followed the ships as a terror weapon.,they used the sharts that followed the ships as a lbepen,2efd2ccb89abd5deac334f7cfa5fa742e0df2c04de59c19fc1858a1e4e41fa69
xlsr_english,dsuta,82,stage5ext_00329,f6987deb24305a72a216ab20686f51f94b6f8705775768dd535e4da88ff7117abfe923d46999a076b82dd084f2eb5ae7185de770ddb184c4e3a01d5b6390da20,South Asian English,south_asian,"They had eight children, five of whom survived to adulthood.",they had eight children five of whom survived to adulthood,f6c88c3902fb4e9e6715355c8fd492b353a15856cffeb721398276fb12bdffab
xlsr_english,dsuta,82,stage5ext_00330,f6987deb24305a72a216ab20686f51f94b6f8705775768dd535e4da88ff7117abfe923d46999a076b82dd084f2eb5ae7185de770ddb184c4e3a01d5b6390da20,South Asian English,south_asian,The island is now uninhabited and managed as a bird reserve.,the island is now uninhabited and managed ust abod reserve,f6c88c3902fb4e9e6715355c8fd492b353a15856cffeb721398276fb12bdffab
xlsr_english,dsuta,82,stage5ext_00331,746bd7c2bd64e7fde7dda173976ca80e97a1875f7571a836827b832c1609da3c16be48a0bbf11e310ba7f262e77841dc8e70360283da6a0100631e2ac4760956,South Asian English,south_asian,Buckingham was also particularly proud of the Spanish guitar solo.,buckingham was also particularly proud of the spanish guitar solo,f6c88c3902fb4e9e6715355c8fd492b353a15856cffeb721398276fb12bdffab
xlsr_english,dsuta,82,stage5ext_00332,746bd7c2bd64e7fde7dda173976ca80e97a1875f7571a836827b832c1609da3c16be48a0bbf11e310ba7f262e77841dc8e70360283da6a0100631e2ac4760956,South Asian English,south_asian,"Also known as Herbert, Borchardt initially studied Architecture and later Egyptology under Adolf Erman.",also known as herbert borchar initially studied architecture and lator edyptology under adolf erman,f6c88c3902fb4e9e6715355c8fd492b353a15856cffeb721398276fb12bdffab
xlsr_english,dsuta,83,stage5ext_00333,746bd7c2bd64e7fde7dda173976ca80e97a1875f7571a836827b832c1609da3c16be48a0bbf11e310ba7f262e77841dc8e70360283da6a0100631e2ac4760956,South Asian English,south_asian,"Publicised nationwide, Gladstone's message became that of the party.",publicized nationwide gladston's message became that of the partye,47f98d737845433b919f6eb66a9c9c14ecd469a8bb02beea88f640e520b44e55
xlsr_english,dsuta,83,stage5ext_00334,746bd7c2bd64e7fde7dda173976ca80e97a1875f7571a836827b832c1609da3c16be48a0bbf11e310ba7f262e77841dc8e70360283da6a0100631e2ac4760956,South Asian English,south_asian,McGrath is a friend and fan of Ralph McTell.,mcgrat is a friend and fan of ralph mcdell,47f98d737845433b919f6eb66a9c9c14ecd469a8bb02beea88f640e520b44e55
xlsr_english,dsuta,83,stage5ext_00335,746bd7c2bd64e7fde7dda173976ca80e97a1875f7571a836827b832c1609da3c16be48a0bbf11e310ba7f262e77841dc8e70360283da6a0100631e2ac4760956,South Asian English,south_asian,His family later moved to Los Angeles and he attended Fairfax High School.,his family later moved to los angeles and he attended fairfax high school,47f98d737845433b919f6eb66a9c9c14ecd469a8bb02beea88f640e520b44e55
xlsr_english,dsuta,83,stage5ext_00336,746bd7c2bd64e7fde7dda173976ca80e97a1875f7571a836827b832c1609da3c16be48a0bbf11e310ba7f262e77841dc8e70360283da6a0100631e2ac4760956,South Asian English,south_asian,The grape originated as a cross of Syrah pollen germinating a Peloursin plant.,the grape originated as a cross of syra poland germinating a peloursin plant,47f98d737845433b919f6eb66a9c9c14ecd469a8bb02beea88f640e520b44e55
xlsr_english,dsuta,84,stage5ext_00337,746bd7c2bd64e7fde7dda173976ca80e97a1875f7571a836827b832c1609da3c16be48a0bbf11e310ba7f262e77841dc8e70360283da6a0100631e2ac4760956,South Asian English,south_asian,The main gate is located in the center of the south curtain wall.,the main gate is located in the center of the south gurton wall,d60539a38704fe8d64a22829b6a8b8d6798d07c6fdfa153c1bbf4ac8072b9a54
xlsr_english,dsuta,84,stage5ext_00338,746bd7c2bd64e7fde7dda173976ca80e97a1875f7571a836827b832c1609da3c16be48a0bbf11e310ba7f262e77841dc8e70360283da6a0100631e2ac4760956,South Asian English,south_asian,Ferrers made many contributions to mathematical literature.,ferrows made many contributions to mathematical literature,d60539a38704fe8d64a22829b6a8b8d6798d07c6fdfa153c1bbf4ac8072b9a54
xlsr_english,dsuta,84,stage5ext_00339,746bd7c2bd64e7fde7dda173976ca80e97a1875f7571a836827b832c1609da3c16be48a0bbf11e310ba7f262e77841dc8e70360283da6a0100631e2ac4760956,South Asian English,south_asian,"Prokosch was born in Madison, Wisconsin, into an intellectual family that travelled widely.",rokoch was born in madisone wisconsin into an intellectual family that traveled widely,d60539a38704fe8d64a22829b6a8b8d6798d07c6fdfa153c1bbf4ac8072b9a54
xlsr_english,dsuta,84,stage5ext_00340,746bd7c2bd64e7fde7dda173976ca80e97a1875f7571a836827b832c1609da3c16be48a0bbf11e310ba7f262e77841dc8e70360283da6a0100631e2ac4760956,South Asian English,south_asian,Britain sends three big-game hunters to kill the lions.,britan sends three big game hunters to kill the lions,d60539a38704fe8d64a22829b6a8b8d6798d07c6fdfa153c1bbf4ac8072b9a54
xlsr_english,dsuta,85,stage5ext_00341,746bd7c2bd64e7fde7dda173976ca80e97a1875f7571a836827b832c1609da3c16be48a0bbf11e310ba7f262e77841dc8e70360283da6a0100631e2ac4760956,South Asian English,south_asian,The French colonial government gave land away to soldiers and settlers.,the french colonial government gave land away to soldiers and settlers,318d14886e534619befc8a8056276ebd9cda95bee4f1d131b6164ab733568956
xlsr_english,dsuta,85,stage5ext_00342,746bd7c2bd64e7fde7dda173976ca80e97a1875f7571a836827b832c1609da3c16be48a0bbf11e310ba7f262e77841dc8e70360283da6a0100631e2ac4760956,South Asian English,south_asian,A Fermilab initiative to seek out cost effective computing for the Tevatron.,a formula abinitiative to seek out cost effective computing for the tavertron,318d14886e534619befc8a8056276ebd9cda95bee4f1d131b6164ab733568956
xlsr_english,dsuta,85,stage5ext_00343,746bd7c2bd64e7fde7dda173976ca80e97a1875f7571a836827b832c1609da3c16be48a0bbf11e310ba7f262e77841dc8e70360283da6a0100631e2ac4760956,South Asian English,south_asian,"The Shaw collection is housed at the university's duPont-Ball library in DeLand, Florida.",the show collection is housed at the university's dupeut ball library in delain florida,318d14886e534619befc8a8056276ebd9cda95bee4f1d131b6164ab733568956
xlsr_english,dsuta,85,stage5ext_00344,746bd7c2bd64e7fde7dda173976ca80e97a1875f7571a836827b832c1609da3c16be48a0bbf11e310ba7f262e77841dc8e70360283da6a0100631e2ac4760956,South Asian English,south_asian,"He now lives in Toronto, Ontario.",he now lives in toronto ontario,318d14886e534619befc8a8056276ebd9cda95bee4f1d131b6164ab733568956
xlsr_english,dsuta,86,stage5ext_00345,746bd7c2bd64e7fde7dda173976ca80e97a1875f7571a836827b832c1609da3c16be48a0bbf11e310ba7f262e77841dc8e70360283da6a0100631e2ac4760956,South Asian English,south_asian,"The British called such weapons ""Pass-made rifles"".",the british called such weapons passmade rifls,6c1799bfecfe3f4868f8ddc76439e63affdcabb0582ddd916fb7ad6f32b25982
xlsr_english,dsuta,86,stage5ext_00346,02a40eed38bf20ab1ddca1a5c60f5b2cadd5455be21c7a1ab8e87d65a6fec68495c0d24d8fecdfe3f9d132fdfa842dba33dca093df21b19f3d325519779d13d0,South Asian English,south_asian,"The women of ""Survivor"" deserved better.",the women of survivor deserved better,6c1799bfecfe3f4868f8ddc76439e63affdcabb0582ddd916fb7ad6f32b25982
xlsr_english,dsuta,86,stage5ext_00347,02a40eed38bf20ab1ddca1a5c60f5b2cadd5455be21c7a1ab8e87d65a6fec68495c0d24d8fecdfe3f9d132fdfa842dba33dca093df21b19f3d325519779d13d0,South Asian English,south_asian,His great knowledge and immense industry are shown throughout its pages.,his great knowledge and emence industry are shown throughout its pages,6c1799bfecfe3f4868f8ddc76439e63affdcabb0582ddd916fb7ad6f32b25982
xlsr_english,dsuta,86,stage5ext_00348,02a40eed38bf20ab1ddca1a5c60f5b2cadd5455be21c7a1ab8e87d65a6fec68495c0d24d8fecdfe3f9d132fdfa842dba33dca093df21b19f3d325519779d13d0,South Asian English,south_asian,Other African examples may be found in Nigeria and East Africa.,other african examples may be found in ageria and east africa,6c1799bfecfe3f4868f8ddc76439e63affdcabb0582ddd916fb7ad6f32b25982
xlsr_english,dsuta,87,stage5ext_00349,02a40eed38bf20ab1ddca1a5c60f5b2cadd5455be21c7a1ab8e87d65a6fec68495c0d24d8fecdfe3f9d132fdfa842dba33dca093df21b19f3d325519779d13d0,South Asian English,south_asian,Enrico Ferri is the father of four children.,endricoferi is the father of four children,e98a569fec8797bc82e3a3fe363cb1a466e93380835c1cd7d647601e4975f791
xlsr_english,dsuta,87,stage5ext_00350,02a40eed38bf20ab1ddca1a5c60f5b2cadd5455be21c7a1ab8e87d65a6fec68495c0d24d8fecdfe3f9d132fdfa842dba33dca093df21b19f3d325519779d13d0,South Asian English,south_asian,It has been found in the English Channel and the Gulf of Mexico.,it has been found in the english chinon and the gulf of mexico,e98a569fec8797bc82e3a3fe363cb1a466e93380835c1cd7d647601e4975f791
xlsr_english,dsuta,87,stage5ext_00351,02a40eed38bf20ab1ddca1a5c60f5b2cadd5455be21c7a1ab8e87d65a6fec68495c0d24d8fecdfe3f9d132fdfa842dba33dca093df21b19f3d325519779d13d0,South Asian English,south_asian,Her work has also appeared on postage stamps produced by the Czech Republic.,hobark has also appeared on postage stamps produced by the zac republic,e98a569fec8797bc82e3a3fe363cb1a466e93380835c1cd7d647601e4975f791
xlsr_english,dsuta,87,stage5ext_00352,02a40eed38bf20ab1ddca1a5c60f5b2cadd5455be21c7a1ab8e87d65a6fec68495c0d24d8fecdfe3f9d132fdfa842dba33dca093df21b19f3d325519779d13d0,South Asian English,south_asian,Mathilda Ebeling,matilda ebling,e98a569fec8797bc82e3a3fe363cb1a466e93380835c1cd7d647601e4975f791
xlsr_english,dsuta,88,stage5ext_00353,02a40eed38bf20ab1ddca1a5c60f5b2cadd5455be21c7a1ab8e87d65a6fec68495c0d24d8fecdfe3f9d132fdfa842dba33dca093df21b19f3d325519779d13d0,South Asian English,south_asian,Behra also set pole and fastest lap.,the headau also set bawlind fast its lap,013ea0b5aa74ce3658a2883c7cfcc1557bd2dddf9f194e4fbc95ceb7f73f1a17
xlsr_english,dsuta,88,stage5ext_00354,02a40eed38bf20ab1ddca1a5c60f5b2cadd5455be21c7a1ab8e87d65a6fec68495c0d24d8fecdfe3f9d132fdfa842dba33dca093df21b19f3d325519779d13d0,South Asian English,south_asian,All of his brothers were fighters.,all of his brothers were fighters,013ea0b5aa74ce3658a2883c7cfcc1557bd2dddf9f194e4fbc95ceb7f73f1a17
xlsr_english,dsuta,88,stage5ext_00355,02a40eed38bf20ab1ddca1a5c60f5b2cadd5455be21c7a1ab8e87d65a6fec68495c0d24d8fecdfe3f9d132fdfa842dba33dca093df21b19f3d325519779d13d0,South Asian English,south_asian,In general they tended to rather large format.,in general they tended to rather large format,013ea0b5aa74ce3658a2883c7cfcc1557bd2dddf9f194e4fbc95ceb7f73f1a17
xlsr_english,dsuta,88,stage5ext_00356,02a40eed38bf20ab1ddca1a5c60f5b2cadd5455be21c7a1ab8e87d65a6fec68495c0d24d8fecdfe3f9d132fdfa842dba33dca093df21b19f3d325519779d13d0,South Asian English,south_asian,Downey posted the picture on Instagram and received requests for the pattern.,downey posted the picture on an instoctram and received request for the pattern,013ea0b5aa74ce3658a2883c7cfcc1557bd2dddf9f194e4fbc95ceb7f73f1a17
xlsr_english,dsuta,89,stage5ext_00357,02a40eed38bf20ab1ddca1a5c60f5b2cadd5455be21c7a1ab8e87d65a6fec68495c0d24d8fecdfe3f9d132fdfa842dba33dca093df21b19f3d325519779d13d0,South Asian English,south_asian,She did not like children and tried to hide it.,she did not like children and tried to hide it,a1e55db0cdef88fae8afb2c38cb675057866eaaf0b339927a4eaf2e8c2296e6d
xlsr_english,dsuta,89,stage5ext_00358,02a40eed38bf20ab1ddca1a5c60f5b2cadd5455be21c7a1ab8e87d65a6fec68495c0d24d8fecdfe3f9d132fdfa842dba33dca093df21b19f3d325519779d13d0,South Asian English,south_asian,Today the church still retains many of its historic features.,today the church still retains many of its historic features,a1e55db0cdef88fae8afb2c38cb675057866eaaf0b339927a4eaf2e8c2296e6d
xlsr_english,dsuta,89,stage5ext_00359,02a40eed38bf20ab1ddca1a5c60f5b2cadd5455be21c7a1ab8e87d65a6fec68495c0d24d8fecdfe3f9d132fdfa842dba33dca093df21b19f3d325519779d13d0,South Asian English,south_asian,The two also had used the same choreographer.,the two also had used the same choreographer,a1e55db0cdef88fae8afb2c38cb675057866eaaf0b339927a4eaf2e8c2296e6d
xlsr_english,dsuta,89,stage5ext_00360,02a40eed38bf20ab1ddca1a5c60f5b2cadd5455be21c7a1ab8e87d65a6fec68495c0d24d8fecdfe3f9d132fdfa842dba33dca093df21b19f3d325519779d13d0,South Asian English,south_asian,Murom is the nearest rural locality.,morem is the nearest rural locality,a1e55db0cdef88fae8afb2c38cb675057866eaaf0b339927a4eaf2e8c2296e6d
xlsr_english,dsuta,90,stage5ext_00361,aaf1e4c69fbd1d1faf2fcbf3500fe62c714695d030ca2f945ff72ef0c02adfc3ff3b57023bc8367965617d4ca057efc9c9a11733d05858f18602fdc792ae9d84,South Asian English,south_asian,We will not have any money left.,we will not have any money left,4b8124cd0bab217f8bd7b49dd1bd4bc527bac1f858f64484ae722561ff07a79b
xlsr_english,dsuta,90,stage5ext_00362,aaf1e4c69fbd1d1faf2fcbf3500fe62c714695d030ca2f945ff72ef0c02adfc3ff3b57023bc8367965617d4ca057efc9c9a11733d05858f18602fdc792ae9d84,South Asian English,south_asian,A magistrate.,a magistrate,4b8124cd0bab217f8bd7b49dd1bd4bc527bac1f858f64484ae722561ff07a79b
xlsr_english,dsuta,90,stage5ext_00363,aaf1e4c69fbd1d1faf2fcbf3500fe62c714695d030ca2f945ff72ef0c02adfc3ff3b57023bc8367965617d4ca057efc9c9a11733d05858f18602fdc792ae9d84,South Asian English,south_asian,I know Daniel quite well.,i know daniel quite well,4b8124cd0bab217f8bd7b49dd1bd4bc527bac1f858f64484ae722561ff07a79b
xlsr_english,dsuta,90,stage5ext_00364,aaf1e4c69fbd1d1faf2fcbf3500fe62c714695d030ca2f945ff72ef0c02adfc3ff3b57023bc8367965617d4ca057efc9c9a11733d05858f18602fdc792ae9d84,South Asian English,south_asian,Mary found the website and showed it to Daniel.,mary fond the website and showed it to daniel,4b8124cd0bab217f8bd7b49dd1bd4bc527bac1f858f64484ae722561ff07a79b
xlsr_english,dsuta,91,stage5ext_00365,aaf1e4c69fbd1d1faf2fcbf3500fe62c714695d030ca2f945ff72ef0c02adfc3ff3b57023bc8367965617d4ca057efc9c9a11733d05858f18602fdc792ae9d84,South Asian English,south_asian,"If you experience further problems, please let me know.",if you experience further problems please let me know,78e0aad025a38f0f1fb3bb015f9644b39fec5878e37b3d3c8119f5a44adde09b
xlsr_english,dsuta,91,stage5ext_00366,aaf1e4c69fbd1d1faf2fcbf3500fe62c714695d030ca2f945ff72ef0c02adfc3ff3b57023bc8367965617d4ca057efc9c9a11733d05858f18602fdc792ae9d84,South Asian English,south_asian,Debra is a explorer that has been all over the world.,the brais a explorer that has been all over the world,78e0aad025a38f0f1fb3bb015f9644b39fec5878e37b3d3c8119f5a44adde09b
xlsr_english,dsuta,91,stage5ext_00367,aaf1e4c69fbd1d1faf2fcbf3500fe62c714695d030ca2f945ff72ef0c02adfc3ff3b57023bc8367965617d4ca057efc9c9a11733d05858f18602fdc792ae9d84,South Asian English,south_asian,Albert Einstein's famous equation E equals MC squared is one of the best known equations in physics.,albert einstein's famous ecuation e ecosymsy sqoire is one of the best-known ecruations in physics,78e0aad025a38f0f1fb3bb015f9644b39fec5878e37b3d3c8119f5a44adde09b
xlsr_english,dsuta,91,stage5ext_00368,aaf1e4c69fbd1d1faf2fcbf3500fe62c714695d030ca2f945ff72ef0c02adfc3ff3b57023bc8367965617d4ca057efc9c9a11733d05858f18602fdc792ae9d84,South Asian English,south_asian,One good turn deserves another.,one good turn deserves another,78e0aad025a38f0f1fb3bb015f9644b39fec5878e37b3d3c8119f5a44adde09b
xlsr_english,dsuta,92,stage5ext_00369,aaf1e4c69fbd1d1faf2fcbf3500fe62c714695d030ca2f945ff72ef0c02adfc3ff3b57023bc8367965617d4ca057efc9c9a11733d05858f18602fdc792ae9d84,South Asian English,south_asian,It has been so long since I have seen you!,it has been so long since i have seen you,d32b53dc0742d16d9fb202e2c1a581bd3a231896010b493c91896243153db44e
xlsr_english,dsuta,92,stage5ext_00370,aaf1e4c69fbd1d1faf2fcbf3500fe62c714695d030ca2f945ff72ef0c02adfc3ff3b57023bc8367965617d4ca057efc9c9a11733d05858f18602fdc792ae9d84,South Asian English,south_asian,William Shakespeare was an English poet and playwright that lived during the late sixteenth century.,william shakespeare was an english biet and plairy that lived during the late sixteenth century,d32b53dc0742d16d9fb202e2c1a581bd3a231896010b493c91896243153db44e
xlsr_english,dsuta,92,stage5ext_00371,aaf1e4c69fbd1d1faf2fcbf3500fe62c714695d030ca2f945ff72ef0c02adfc3ff3b57023bc8367965617d4ca057efc9c9a11733d05858f18602fdc792ae9d84,South Asian English,south_asian,The pup jerked the leash as he saw a feline shape.,the pub jerged the leash as he saw a falin traye,d32b53dc0742d16d9fb202e2c1a581bd3a231896010b493c91896243153db44e
xlsr_english,dsuta,92,stage5ext_00372,aaf1e4c69fbd1d1faf2fcbf3500fe62c714695d030ca2f945ff72ef0c02adfc3ff3b57023bc8367965617d4ca057efc9c9a11733d05858f18602fdc792ae9d84,South Asian English,south_asian,Forty on Thursday is the name of the event.,forty on thorsday is the name of the event,d32b53dc0742d16d9fb202e2c1a581bd3a231896010b493c91896243153db44e
xlsr_english,dsuta,93,stage5ext_00373,aaf1e4c69fbd1d1faf2fcbf3500fe62c714695d030ca2f945ff72ef0c02adfc3ff3b57023bc8367965617d4ca057efc9c9a11733d05858f18602fdc792ae9d84,South Asian English,south_asian,The largest town is Abergavenny.,the largest towl is abagavani,2135ed2a092a6c9a4034fd41571a66af0d5761b8bc52a54d3fc9a63b1073372c
xlsr_english,dsuta,93,stage5ext_00374,aaf1e4c69fbd1d1faf2fcbf3500fe62c714695d030ca2f945ff72ef0c02adfc3ff3b57023bc8367965617d4ca057efc9c9a11733d05858f18602fdc792ae9d84,South Asian English,south_asian,No one has ever done it before.,no one has ever done it before,2135ed2a092a6c9a4034fd41571a66af0d5761b8bc52a54d3fc9a63b1073372c
xlsr_english,dsuta,93,stage5ext_00375,aaf1e4c69fbd1d1faf2fcbf3500fe62c714695d030ca2f945ff72ef0c02adfc3ff3b57023bc8367965617d4ca057efc9c9a11733d05858f18602fdc792ae9d84,South Asian English,south_asian,Two men spoke in Arabic while having a drink at the bar.,two men spak in arabic while having a drink at the ball,2135ed2a092a6c9a4034fd41571a66af0d5761b8bc52a54d3fc9a63b1073372c
xlsr_english,dsuta,93,stage5ext_00376,f7e25829f749c01cdf81e5c9cba92ab80af25ba7120bdb943094d45b56be1cc3b516ca22cc0a4aed4934a1c9af35e152ecc95a58b32ce448662acabb5b87bc76,South Asian English,south_asian,But you want to know something?,but you want to know something,2135ed2a092a6c9a4034fd41571a66af0d5761b8bc52a54d3fc9a63b1073372c
xlsr_english,dsuta,94,stage5ext_00377,f7e25829f749c01cdf81e5c9cba92ab80af25ba7120bdb943094d45b56be1cc3b516ca22cc0a4aed4934a1c9af35e152ecc95a58b32ce448662acabb5b87bc76,South Asian English,south_asian,The giraffe had become fearful.,the giraff had become fearful,ddc392f26e9253dc0f58ae8cc218e06718b4cd7b393acd04509c33e9d0438c91
xlsr_english,dsuta,94,stage5ext_00378,f7e25829f749c01cdf81e5c9cba92ab80af25ba7120bdb943094d45b56be1cc3b516ca22cc0a4aed4934a1c9af35e152ecc95a58b32ce448662acabb5b87bc76,South Asian English,south_asian,Our deadline is coming up rapidly and we will need help.,our deadline is coming up rapidly and we will need help,ddc392f26e9253dc0f58ae8cc218e06718b4cd7b393acd04509c33e9d0438c91
xlsr_english,dsuta,94,stage5ext_00379,f7e25829f749c01cdf81e5c9cba92ab80af25ba7120bdb943094d45b56be1cc3b516ca22cc0a4aed4934a1c9af35e152ecc95a58b32ce448662acabb5b87bc76,South Asian English,south_asian,I found it out a little late.,i found it out a little late,ddc392f26e9253dc0f58ae8cc218e06718b4cd7b393acd04509c33e9d0438c91
xlsr_english,dsuta,94,stage5ext_00380,f7e25829f749c01cdf81e5c9cba92ab80af25ba7120bdb943094d45b56be1cc3b516ca22cc0a4aed4934a1c9af35e152ecc95a58b32ce448662acabb5b87bc76,South Asian English,south_asian,Don't worry about that.,don't worry about that,ddc392f26e9253dc0f58ae8cc218e06718b4cd7b393acd04509c33e9d0438c91
xlsr_english,dsuta,95,stage5ext_00381,f7e25829f749c01cdf81e5c9cba92ab80af25ba7120bdb943094d45b56be1cc3b516ca22cc0a4aed4934a1c9af35e152ecc95a58b32ce448662acabb5b87bc76,South Asian English,south_asian,I shouldn't think so.,i shouldnt think so,2d09fbe070d4833eac28fc3608caeb94ddbbb687ee857de32af7f75c543bfc85
xlsr_english,dsuta,95,stage5ext_00382,f7e25829f749c01cdf81e5c9cba92ab80af25ba7120bdb943094d45b56be1cc3b516ca22cc0a4aed4934a1c9af35e152ecc95a58b32ce448662acabb5b87bc76,South Asian English,south_asian,Turning off gadgets that are not in use can save a lot of energy.,turning off gadgets that are not in use can save a lot of energy,2d09fbe070d4833eac28fc3608caeb94ddbbb687ee857de32af7f75c543bfc85
xlsr_english,dsuta,95,stage5ext_00383,f7e25829f749c01cdf81e5c9cba92ab80af25ba7120bdb943094d45b56be1cc3b516ca22cc0a4aed4934a1c9af35e152ecc95a58b32ce448662acabb5b87bc76,South Asian English,south_asian,There is a counter on the top left of the web page.,there is a counter on the top left of the web page,2d09fbe070d4833eac28fc3608caeb94ddbbb687ee857de32af7f75c543bfc85
xlsr_english,dsuta,95,stage5ext_00384,f7e25829f749c01cdf81e5c9cba92ab80af25ba7120bdb943094d45b56be1cc3b516ca22cc0a4aed4934a1c9af35e152ecc95a58b32ce448662acabb5b87bc76,South Asian English,south_asian,You think you did.,you think you did,2d09fbe070d4833eac28fc3608caeb94ddbbb687ee857de32af7f75c543bfc85
xlsr_english,dsuta,96,stage5ext_00385,f7e25829f749c01cdf81e5c9cba92ab80af25ba7120bdb943094d45b56be1cc3b516ca22cc0a4aed4934a1c9af35e152ecc95a58b32ce448662acabb5b87bc76,South Asian English,south_asian,Maybe he'll give us one.,maybe he'll give us one,a24a2ebad65b90d6a08b6f5e5e183907316295b807ab054367db52f47b7abb55
xlsr_english,dsuta,96,stage5ext_00386,f7e25829f749c01cdf81e5c9cba92ab80af25ba7120bdb943094d45b56be1cc3b516ca22cc0a4aed4934a1c9af35e152ecc95a58b32ce448662acabb5b87bc76,South Asian English,south_asian,Better let me talk to him.,better let me talk to him,a24a2ebad65b90d6a08b6f5e5e183907316295b807ab054367db52f47b7abb55
xlsr_english,dsuta,96,stage5ext_00387,f7e25829f749c01cdf81e5c9cba92ab80af25ba7120bdb943094d45b56be1cc3b516ca22cc0a4aed4934a1c9af35e152ecc95a58b32ce448662acabb5b87bc76,South Asian English,south_asian,I don't want any plastics.,i don't want any plastics,a24a2ebad65b90d6a08b6f5e5e183907316295b807ab054367db52f47b7abb55
xlsr_english,dsuta,96,stage5ext_00388,f7e25829f749c01cdf81e5c9cba92ab80af25ba7120bdb943094d45b56be1cc3b516ca22cc0a4aed4934a1c9af35e152ecc95a58b32ce448662acabb5b87bc76,South Asian English,south_asian,Without a single quiver.,without a single quiver,a24a2ebad65b90d6a08b6f5e5e183907316295b807ab054367db52f47b7abb55
xlsr_english,dsuta,97,stage5ext_00389,f7e25829f749c01cdf81e5c9cba92ab80af25ba7120bdb943094d45b56be1cc3b516ca22cc0a4aed4934a1c9af35e152ecc95a58b32ce448662acabb5b87bc76,South Asian English,south_asian,I never saw it before.,i never saw it before,e1f7284d3aa180b546f546166231b009c4feafc9dba92c45fe3a4aaaa23aa339
xlsr_english,dsuta,97,stage5ext_00390,f7e25829f749c01cdf81e5c9cba92ab80af25ba7120bdb943094d45b56be1cc3b516ca22cc0a4aed4934a1c9af35e152ecc95a58b32ce448662acabb5b87bc76,South Asian English,south_asian,"The reason for this, is to discern your strengths.",the reason for this is to dissern your strengths,e1f7284d3aa180b546f546166231b009c4feafc9dba92c45fe3a4aaaa23aa339
xlsr_english,dsuta,97,stage5ext_00391,3f0b866ee8d4499e4c0de09d34862acbb1ea0139f53bf7f1271a8648fb35d9a3a31272a8bc7af870e3b52bf7f4cb51ae512fa07df79663eaeafa30221c0b200b,South Asian English,south_asian,"The perpetrators were never identified, and this monument has never been rebuilt.",the purpotritles were never identified and this mioment has never been rebuilt,e1f7284d3aa180b546f546166231b009c4feafc9dba92c45fe3a4aaaa23aa339
xlsr_english,dsuta,97,stage5ext_00392,3f0b866ee8d4499e4c0de09d34862acbb1ea0139f53bf7f1271a8648fb35d9a3a31272a8bc7af870e3b52bf7f4cb51ae512fa07df79663eaeafa30221c0b200b,South Asian English,south_asian,"These songs include ""Never End,"" ""Please Smile Again,"" and ""Cross Over.",these songs include never an he smile again and grosso,e1f7284d3aa180b546f546166231b009c4feafc9dba92c45fe3a4aaaa23aa339
xlsr_english,dsuta,98,stage5ext_00393,3f0b866ee8d4499e4c0de09d34862acbb1ea0139f53bf7f1271a8648fb35d9a3a31272a8bc7af870e3b52bf7f4cb51ae512fa07df79663eaeafa30221c0b200b,South Asian English,south_asian,Water in the pool is continuously circulated through a filtration system.,watin the pool is continuously circulated through a filtration system,1c946ec7df32be112fc9765959090a9e6b05e964779901a45f7e0e638db30f55
xlsr_english,dsuta,98,stage5ext_00394,3f0b866ee8d4499e4c0de09d34862acbb1ea0139f53bf7f1271a8648fb35d9a3a31272a8bc7af870e3b52bf7f4cb51ae512fa07df79663eaeafa30221c0b200b,South Asian English,south_asian,We maintain an array of roots indexed by timestamp.,fee maintein and orilo fruits index by timeslamp,1c946ec7df32be112fc9765959090a9e6b05e964779901a45f7e0e638db30f55
xlsr_english,dsuta,98,stage5ext_00395,3f0b866ee8d4499e4c0de09d34862acbb1ea0139f53bf7f1271a8648fb35d9a3a31272a8bc7af870e3b52bf7f4cb51ae512fa07df79663eaeafa30221c0b200b,South Asian English,south_asian,"The educators lost, though commercial broadcasters were forced to air public affairs programs.",the educators lost though commercial broadcasters were forced to air public affairs programs,1c946ec7df32be112fc9765959090a9e6b05e964779901a45f7e0e638db30f55
xlsr_english,dsuta,98,stage5ext_00396,3f0b866ee8d4499e4c0de09d34862acbb1ea0139f53bf7f1271a8648fb35d9a3a31272a8bc7af870e3b52bf7f4cb51ae512fa07df79663eaeafa30221c0b200b,South Asian English,south_asian,It is also the largest school in the state by size.,it is also the largest school in the state bysites,1c946ec7df32be112fc9765959090a9e6b05e964779901a45f7e0e638db30f55
xlsr_english,dsuta,99,stage5ext_00397,3f0b866ee8d4499e4c0de09d34862acbb1ea0139f53bf7f1271a8648fb35d9a3a31272a8bc7af870e3b52bf7f4cb51ae512fa07df79663eaeafa30221c0b200b,South Asian English,south_asian,The band members decided to discontinue their mutual involvement.,the baron was decided to discontinue the nutual involloment,fc181378e2d531795841c46e7bb2e4ef81d612762ece751658a170a014f5ff17
xlsr_english,dsuta,99,stage5ext_00398,3f0b866ee8d4499e4c0de09d34862acbb1ea0139f53bf7f1271a8648fb35d9a3a31272a8bc7af870e3b52bf7f4cb51ae512fa07df79663eaeafa30221c0b200b,South Asian English,south_asian,Highlights include a Gutenberg Bible and the Romanesque Lambeth Bible.,highlighten throup a guten workbirtn and the romanus klambert watl,fc181378e2d531795841c46e7bb2e4ef81d612762ece751658a170a014f5ff17
xlsr_english,dsuta,99,stage5ext_00399,3f0b866ee8d4499e4c0de09d34862acbb1ea0139f53bf7f1271a8648fb35d9a3a31272a8bc7af870e3b52bf7f4cb51ae512fa07df79663eaeafa30221c0b200b,South Asian English,south_asian,"The parents return, in bandages, having survived the fire.",peytant suton in bandages having survived tho file,fc181378e2d531795841c46e7bb2e4ef81d612762ece751658a170a014f5ff17
xlsr_english,dsuta,99,stage5ext_00400,3f0b866ee8d4499e4c0de09d34862acbb1ea0139f53bf7f1271a8648fb35d9a3a31272a8bc7af870e3b52bf7f4cb51ae512fa07df79663eaeafa30221c0b200b,South Asian English,south_asian,"After the show, Sewercap talked to Jughead about officially reuniting Screeching Weasel.",after the show so wook up talked to jackhead about offichle reuinacting screaching whisd,fc181378e2d531795841c46e7bb2e4ef81d612762ece751658a170a014f5ff17
xlsr_english,dsuta,100,stage5ext_00401,3f0b866ee8d4499e4c0de09d34862acbb1ea0139f53bf7f1271a8648fb35d9a3a31272a8bc7af870e3b52bf7f4cb51ae512fa07df79663eaeafa30221c0b200b,South Asian English,south_asian,Harpur served in various capacities in the New York government during the American Revolution.,hopper served in various capacities in the new york government during the american revolution,4c943e1ec24cacfe0266b7b14fb6043db9e7a70114fd7ecf542c2ee58096cb0c
xlsr_english,dsuta,100,stage5ext_00402,3f0b866ee8d4499e4c0de09d34862acbb1ea0139f53bf7f1271a8648fb35d9a3a31272a8bc7af870e3b52bf7f4cb51ae512fa07df79663eaeafa30221c0b200b,South Asian English,south_asian,The program has won many awards for investigative journalism.,the programmers won many awards for investigative journalism,4c943e1ec24cacfe0266b7b14fb6043db9e7a70114fd7ecf542c2ee58096cb0c
xlsr_english,dsuta,100,stage5ext_00403,3f0b866ee8d4499e4c0de09d34862acbb1ea0139f53bf7f1271a8648fb35d9a3a31272a8bc7af870e3b52bf7f4cb51ae512fa07df79663eaeafa30221c0b200b,South Asian English,south_asian,Information about Boffo and its games can still be found on the site.,information about pofor and its games can still be found on the site,4c943e1ec24cacfe0266b7b14fb6043db9e7a70114fd7ecf542c2ee58096cb0c
xlsr_english,dsuta,100,stage5ext_00404,3f0b866ee8d4499e4c0de09d34862acbb1ea0139f53bf7f1271a8648fb35d9a3a31272a8bc7af870e3b52bf7f4cb51ae512fa07df79663eaeafa30221c0b200b,South Asian English,south_asian,"Forestkith Goblin: Nocturnal hunters, also known as kith.",forrested coplon nocturnal hunters are also known as kit,4c943e1ec24cacfe0266b7b14fb6043db9e7a70114fd7ecf542c2ee58096cb0c
xlsr_english,dsuta,101,stage5ext_00405,3f0b866ee8d4499e4c0de09d34862acbb1ea0139f53bf7f1271a8648fb35d9a3a31272a8bc7af870e3b52bf7f4cb51ae512fa07df79663eaeafa30221c0b200b,South Asian English,south_asian,"Clearing facilities, security investments, cheques and overdraft protections were introduced.",clearing facilities security investments checks and overdal protections were introduced,b57f32cc0cc4bf0daebf86684538ffd3a84900f48cfff4bbd046fd819e32ace3
xlsr_english,dsuta,101,stage5ext_00406,73e8a395a2162293c7b4534d24818227a71f84f9f562d54db101f6576c15907499bf892f20f243b766b2da4de010cd4b697339df0b8c453740e425875c0eac05,South Asian English,south_asian,Each family is allowed one vote per each style of debate.,each family is allowed one word por each style of tebet,b57f32cc0cc4bf0daebf86684538ffd3a84900f48cfff4bbd046fd819e32ace3
xlsr_english,dsuta,101,stage5ext_00407,73e8a395a2162293c7b4534d24818227a71f84f9f562d54db101f6576c15907499bf892f20f243b766b2da4de010cd4b697339df0b8c453740e425875c0eac05,South Asian English,south_asian,Min varieties are not mutually intelligible with any other varieties of Chinese.,mean varieties are not mutually intelligible with any other varieties of chinese,b57f32cc0cc4bf0daebf86684538ffd3a84900f48cfff4bbd046fd819e32ace3
xlsr_english,dsuta,101,stage5ext_00408,73e8a395a2162293c7b4534d24818227a71f84f9f562d54db101f6576c15907499bf892f20f243b766b2da4de010cd4b697339df0b8c453740e425875c0eac05,South Asian English,south_asian,The sculptures on the pillars are truly beautiful.,the sculptures on the pillars are truly beautiful,b57f32cc0cc4bf0daebf86684538ffd3a84900f48cfff4bbd046fd819e32ace3
xlsr_english,dsuta,102,stage5ext_00409,73e8a395a2162293c7b4534d24818227a71f84f9f562d54db101f6576c15907499bf892f20f243b766b2da4de010cd4b697339df0b8c453740e425875c0eac05,South Asian English,south_asian,"Examples of non-vibrating objects are mallets, hammers, and sticks.",examples of non-vibrating objects are mallets hammers and sticks,26f425a22e19386843c6ee5231c8bba720cfb09f014a37233a2c200299472cbc
xlsr_english,dsuta,102,stage5ext_00410,73e8a395a2162293c7b4534d24818227a71f84f9f562d54db101f6576c15907499bf892f20f243b766b2da4de010cd4b697339df0b8c453740e425875c0eac05,South Asian English,south_asian,"You place your choice in a sealed envelope, which is opened after the game.",you place your choice in a sealed envelope which is opened after the game,26f425a22e19386843c6ee5231c8bba720cfb09f014a37233a2c200299472cbc
xlsr_english,dsuta,102,stage5ext_00411,73e8a395a2162293c7b4534d24818227a71f84f9f562d54db101f6576c15907499bf892f20f243b766b2da4de010cd4b697339df0b8c453740e425875c0eac05,South Asian English,south_asian,The first was Buddy Ryan.,the first bus-body ran,26f425a22e19386843c6ee5231c8bba720cfb09f014a37233a2c200299472cbc
xlsr_english,dsuta,102,stage5ext_00412,73e8a395a2162293c7b4534d24818227a71f84f9f562d54db101f6576c15907499bf892f20f243b766b2da4de010cd4b697339df0b8c453740e425875c0eac05,South Asian English,south_asian,"His playing style is aggressive and he has won many ""best game"" awards.",his playing style is aggressive and he has won many best game awards,26f425a22e19386843c6ee5231c8bba720cfb09f014a37233a2c200299472cbc
xlsr_english,dsuta,103,stage5ext_00413,73e8a395a2162293c7b4534d24818227a71f84f9f562d54db101f6576c15907499bf892f20f243b766b2da4de010cd4b697339df0b8c453740e425875c0eac05,South Asian English,south_asian,Their flight is weak.,their flight is weak,5506db6648e8a29a3a6e44af76ec0f8c3a116b6bbbcf7c54b3045b21507ed95f
xlsr_english,dsuta,103,stage5ext_00414,73e8a395a2162293c7b4534d24818227a71f84f9f562d54db101f6576c15907499bf892f20f243b766b2da4de010cd4b697339df0b8c453740e425875c0eac05,South Asian English,south_asian,"In many cases however, they are quite functional.",in many cases however they are quite functional,5506db6648e8a29a3a6e44af76ec0f8c3a116b6bbbcf7c54b3045b21507ed95f
xlsr_english,dsuta,103,stage5ext_00415,73e8a395a2162293c7b4534d24818227a71f84f9f562d54db101f6576c15907499bf892f20f243b766b2da4de010cd4b697339df0b8c453740e425875c0eac05,South Asian English,south_asian,Ward went on to win the general election.,ward went on to win the general election,5506db6648e8a29a3a6e44af76ec0f8c3a116b6bbbcf7c54b3045b21507ed95f
xlsr_english,dsuta,103,stage5ext_00416,73e8a395a2162293c7b4534d24818227a71f84f9f562d54db101f6576c15907499bf892f20f243b766b2da4de010cd4b697339df0b8c453740e425875c0eac05,South Asian English,south_asian,He is now a Free Agent.,he is now a free agent,5506db6648e8a29a3a6e44af76ec0f8c3a116b6bbbcf7c54b3045b21507ed95f
xlsr_english,dsuta,104,stage5ext_00417,73e8a395a2162293c7b4534d24818227a71f84f9f562d54db101f6576c15907499bf892f20f243b766b2da4de010cd4b697339df0b8c453740e425875c0eac05,South Asian English,south_asian,Her other sponsors include Subway and Boost Mobile.,her other sponsors include subway and boast mobile,df5f48d36e916e8ab3ec8aafa737abfcae15d2ec70154b537e42f8922b30da7c
xlsr_english,dsuta,104,stage5ext_00418,73e8a395a2162293c7b4534d24818227a71f84f9f562d54db101f6576c15907499bf892f20f243b766b2da4de010cd4b697339df0b8c453740e425875c0eac05,South Asian English,south_asian,I've never been asked to do one.,i've never been asked to do one,df5f48d36e916e8ab3ec8aafa737abfcae15d2ec70154b537e42f8922b30da7c
xlsr_english,dsuta,104,stage5ext_00419,73e8a395a2162293c7b4534d24818227a71f84f9f562d54db101f6576c15907499bf892f20f243b766b2da4de010cd4b697339df0b8c453740e425875c0eac05,South Asian English,south_asian,"Therefore, these schools are significantly divided in terms of both abilities and career aims.",therefore these coles are significantly divided in terms of both abilities and carier aims,df5f48d36e916e8ab3ec8aafa737abfcae15d2ec70154b537e42f8922b30da7c
xlsr_english,dsuta,104,stage5ext_00420,73e8a395a2162293c7b4534d24818227a71f84f9f562d54db101f6576c15907499bf892f20f243b766b2da4de010cd4b697339df0b8c453740e425875c0eac05,South Asian English,south_asian,The Ottoman village of Mulebbis appears at this site on the British survey map.,the ottoman village of mulebys appears at this site on the british herway map,df5f48d36e916e8ab3ec8aafa737abfcae15d2ec70154b537e42f8922b30da7c
xlsr_english,dsuta,105,stage5ext_00421,ea49524d52bc56b865f1207ba65e9a5c30cab647b575ba84d0332c740de52bef6922ee19c49e44db615889cbabebbfa52440b31858fac8660d5e97eb4593687f,South Asian English,south_asian,Do you have Hugo's phone number?,do you have hou got spon number,329ab3e449255e14287fa1f3ebabb33618f24ac4fa71510f89fc2ddbb3e28aac
xlsr_english,dsuta,105,stage5ext_00422,ea49524d52bc56b865f1207ba65e9a5c30cab647b575ba84d0332c740de52bef6922ee19c49e44db615889cbabebbfa52440b31858fac8660d5e97eb4593687f,South Asian English,south_asian,"In the United States, we use paper bags for shopping.",in the united states we use paper-back por shopping,329ab3e449255e14287fa1f3ebabb33618f24ac4fa71510f89fc2ddbb3e28aac
xlsr_english,dsuta,105,stage5ext_00423,ea49524d52bc56b865f1207ba65e9a5c30cab647b575ba84d0332c740de52bef6922ee19c49e44db615889cbabebbfa52440b31858fac8660d5e97eb4593687f,South Asian English,south_asian,"Olivia, have you seen my keys?",olivia have you seen my keids,329ab3e449255e14287fa1f3ebabb33618f24ac4fa71510f89fc2ddbb3e28aac
xlsr_english,dsuta,105,stage5ext_00424,ea49524d52bc56b865f1207ba65e9a5c30cab647b575ba84d0332c740de52bef6922ee19c49e44db615889cbabebbfa52440b31858fac8660d5e97eb4593687f,South Asian English,south_asian,Someone set fire to the trash.,some one set fire to the trash,329ab3e449255e14287fa1f3ebabb33618f24ac4fa71510f89fc2ddbb3e28aac
xlsr_english,dsuta,106,stage5ext_00425,ea49524d52bc56b865f1207ba65e9a5c30cab647b575ba84d0332c740de52bef6922ee19c49e44db615889cbabebbfa52440b31858fac8660d5e97eb4593687f,South Asian English,south_asian,Angela wanted to copy everything he had done.,angela wanted to copy everything he had done,59395fb4da1542ff62447469eec4eb50e8d9afdca8dd85548797f00ef0803f44
xlsr_english,dsuta,106,stage5ext_00426,ea49524d52bc56b865f1207ba65e9a5c30cab647b575ba84d0332c740de52bef6922ee19c49e44db615889cbabebbfa52440b31858fac8660d5e97eb4593687f,South Asian English,south_asian,Good playgrounds have much more to offer than swings and slides.,good playgrounds have much more to offer than swings and slides,59395fb4da1542ff62447469eec4eb50e8d9afdca8dd85548797f00ef0803f44
xlsr_english,dsuta,106,stage5ext_00427,ea49524d52bc56b865f1207ba65e9a5c30cab647b575ba84d0332c740de52bef6922ee19c49e44db615889cbabebbfa52440b31858fac8660d5e97eb4593687f,South Asian English,south_asian,What does it all mean?,what does it all mean,59395fb4da1542ff62447469eec4eb50e8d9afdca8dd85548797f00ef0803f44
xlsr_english,dsuta,106,stage5ext_00428,ea49524d52bc56b865f1207ba65e9a5c30cab647b575ba84d0332c740de52bef6922ee19c49e44db615889cbabebbfa52440b31858fac8660d5e97eb4593687f,South Asian English,south_asian,A musical composition for seven instruments,a musical composition for seven instruments,59395fb4da1542ff62447469eec4eb50e8d9afdca8dd85548797f00ef0803f44
xlsr_english,dsuta,107,stage5ext_00429,ea49524d52bc56b865f1207ba65e9a5c30cab647b575ba84d0332c740de52bef6922ee19c49e44db615889cbabebbfa52440b31858fac8660d5e97eb4593687f,South Asian English,south_asian,Temper is so good a thing that we should never lose it.,temper is so good a think that we should never lose it,45e3109fefd4742f38273e70c4a547c3e48614828cafa25c0288f51ee187cfe6
xlsr_english,dsuta,107,stage5ext_00430,ea49524d52bc56b865f1207ba65e9a5c30cab647b575ba84d0332c740de52bef6922ee19c49e44db615889cbabebbfa52440b31858fac8660d5e97eb4593687f,South Asian English,south_asian,She has a smart way of wearing clothes.,she has a smart way op wearing clothes,45e3109fefd4742f38273e70c4a547c3e48614828cafa25c0288f51ee187cfe6
xlsr_english,dsuta,107,stage5ext_00431,ea49524d52bc56b865f1207ba65e9a5c30cab647b575ba84d0332c740de52bef6922ee19c49e44db615889cbabebbfa52440b31858fac8660d5e97eb4593687f,South Asian English,south_asian,They have prejudices against foreigners.,they help re-judices against foreignars,45e3109fefd4742f38273e70c4a547c3e48614828cafa25c0288f51ee187cfe6
xlsr_english,dsuta,107,stage5ext_00432,ea49524d52bc56b865f1207ba65e9a5c30cab647b575ba84d0332c740de52bef6922ee19c49e44db615889cbabebbfa52440b31858fac8660d5e97eb4593687f,South Asian English,south_asian,He has enough who is content.,he has enough who is content,45e3109fefd4742f38273e70c4a547c3e48614828cafa25c0288f51ee187cfe6
xlsr_english,dsuta,108,stage5ext_00433,ea49524d52bc56b865f1207ba65e9a5c30cab647b575ba84d0332c740de52bef6922ee19c49e44db615889cbabebbfa52440b31858fac8660d5e97eb4593687f,South Asian English,south_asian,The toilet needed cleaning.,the toilet needed cleaning,df4e41044d8951378c05f6878f3ba8215ade90b7422da7b72ab13610ce81d41d
xlsr_english,dsuta,108,stage5ext_00434,ea49524d52bc56b865f1207ba65e9a5c30cab647b575ba84d0332c740de52bef6922ee19c49e44db615889cbabebbfa52440b31858fac8660d5e97eb4593687f,South Asian English,south_asian,There's no accounting for tastes,there is no accounting for tests,df4e41044d8951378c05f6878f3ba8215ade90b7422da7b72ab13610ce81d41d
xlsr_english,dsuta,108,stage5ext_00435,ea49524d52bc56b865f1207ba65e9a5c30cab647b575ba84d0332c740de52bef6922ee19c49e44db615889cbabebbfa52440b31858fac8660d5e97eb4593687f,South Asian English,south_asian,"Yours sincerely, Satan.",yours sincerely set on,df4e41044d8951378c05f6878f3ba8215ade90b7422da7b72ab13610ce81d41d
xlsr_english,dsuta,108,stage5ext_00436,6df207be7ccedf5176284312e3017cd9d7ddb990efbd395e8e8d1a4f2aca4eac93a420f82a1b88c2cc4a7728b9bfb612cdbeccdb6bb50e3f1aec155e5603f59f,South Asian English,south_asian,Ogilvy watched till one and then gave up.,ow will we watch till one and then geara,df4e41044d8951378c05f6878f3ba8215ade90b7422da7b72ab13610ce81d41d
xlsr_english,dsuta,109,stage5ext_00437,6df207be7ccedf5176284312e3017cd9d7ddb990efbd395e8e8d1a4f2aca4eac93a420f82a1b88c2cc4a7728b9bfb612cdbeccdb6bb50e3f1aec155e5603f59f,South Asian English,south_asian,The desert didn't answer him for a few moments.,the desert didn't answer him for a few moments,0caaf310b9f63d62f083a3ec41e00fb670650cb4b675359354c4236386643c4a
xlsr_english,dsuta,109,stage5ext_00438,6df207be7ccedf5176284312e3017cd9d7ddb990efbd395e8e8d1a4f2aca4eac93a420f82a1b88c2cc4a7728b9bfb612cdbeccdb6bb50e3f1aec155e5603f59f,South Asian English,south_asian,Once again he was experiencing the language without words...,once again he was experiencing the language withult words,0caaf310b9f63d62f083a3ec41e00fb670650cb4b675359354c4236386643c4a
xlsr_english,dsuta,109,stage5ext_00439,6df207be7ccedf5176284312e3017cd9d7ddb990efbd395e8e8d1a4f2aca4eac93a420f82a1b88c2cc4a7728b9bfb612cdbeccdb6bb50e3f1aec155e5603f59f,South Asian English,south_asian,"The sheep will get used to my not being there, too, the boy thought.",the sheep would get use to my knock being there too the boy thought,0caaf310b9f63d62f083a3ec41e00fb670650cb4b675359354c4236386643c4a
xlsr_english,dsuta,109,stage5ext_00440,6df207be7ccedf5176284312e3017cd9d7ddb990efbd395e8e8d1a4f2aca4eac93a420f82a1b88c2cc4a7728b9bfb612cdbeccdb6bb50e3f1aec155e5603f59f,South Asian English,south_asian,Everything you need to know you have learned through your journey.,everything you need to know you have learned fror your journey,0caaf310b9f63d62f083a3ec41e00fb670650cb4b675359354c4236386643c4a
xlsr_english,dsuta,110,stage5ext_00441,6df207be7ccedf5176284312e3017cd9d7ddb990efbd395e8e8d1a4f2aca4eac93a420f82a1b88c2cc4a7728b9bfb612cdbeccdb6bb50e3f1aec155e5603f59f,South Asian English,south_asian,"You and I aren't like Hassan, that rich merchant.",you and i aren't like husson that rich merchent,9f1616c7f3c30f7fc23bc47114399b369b503d928f2ffbc3e8fd988365136ee5
xlsr_english,dsuta,110,stage5ext_00442,6df207be7ccedf5176284312e3017cd9d7ddb990efbd395e8e8d1a4f2aca4eac93a420f82a1b88c2cc4a7728b9bfb612cdbeccdb6bb50e3f1aec155e5603f59f,South Asian English,south_asian,But they really don't know what they're saying.,but they really don't know what theyare saying,9f1616c7f3c30f7fc23bc47114399b369b503d928f2ffbc3e8fd988365136ee5
xlsr_english,dsuta,110,stage5ext_00443,6df207be7ccedf5176284312e3017cd9d7ddb990efbd395e8e8d1a4f2aca4eac93a420f82a1b88c2cc4a7728b9bfb612cdbeccdb6bb50e3f1aec155e5603f59f,South Asian English,south_asian,The boy remembered an old proverb from his country.,the boy remembered an old problem from his country,9f1616c7f3c30f7fc23bc47114399b369b503d928f2ffbc3e8fd988365136ee5
xlsr_english,dsuta,110,stage5ext_00444,6df207be7ccedf5176284312e3017cd9d7ddb990efbd395e8e8d1a4f2aca4eac93a420f82a1b88c2cc4a7728b9bfb612cdbeccdb6bb50e3f1aec155e5603f59f,South Asian English,south_asian,Henderson stood up with a spade in his hand.,henderson stood up with a spede in his hand,9f1616c7f3c30f7fc23bc47114399b369b503d928f2ffbc3e8fd988365136ee5
xlsr_english,dsuta,111,stage5ext_00445,6df207be7ccedf5176284312e3017cd9d7ddb990efbd395e8e8d1a4f2aca4eac93a420f82a1b88c2cc4a7728b9bfb612cdbeccdb6bb50e3f1aec155e5603f59f,South Asian English,south_asian,"The alchemists spent years in their laboratories, observing the fire that purified the metals.",the alchemists spent years in their laboratories observing the fire that purified the metals,646ab062e56270682a00bc21da4e9c899302d44bb18e7499a9d5a1e906dc2069
xlsr_english,dsuta,111,stage5ext_00446,6df207be7ccedf5176284312e3017cd9d7ddb990efbd395e8e8d1a4f2aca4eac93a420f82a1b88c2cc4a7728b9bfb612cdbeccdb6bb50e3f1aec155e5603f59f,South Asian English,south_asian,His eyes filled with tears as he spoke of the Prophet.,his eyes filled with tears as he spoke of the prophet,646ab062e56270682a00bc21da4e9c899302d44bb18e7499a9d5a1e906dc2069
xlsr_english,dsuta,111,stage5ext_00447,6df207be7ccedf5176284312e3017cd9d7ddb990efbd395e8e8d1a4f2aca4eac93a420f82a1b88c2cc4a7728b9bfb612cdbeccdb6bb50e3f1aec155e5603f59f,South Asian English,south_asian,"Maybe the alchemist has never been in love, the boy thought.",maybe the alchemist has never been in love the boy thought,646ab062e56270682a00bc21da4e9c899302d44bb18e7499a9d5a1e906dc2069
xlsr_english,dsuta,111,stage5ext_00448,6df207be7ccedf5176284312e3017cd9d7ddb990efbd395e8e8d1a4f2aca4eac93a420f82a1b88c2cc4a7728b9bfb612cdbeccdb6bb50e3f1aec155e5603f59f,South Asian English,south_asian,"He dressed in his Arabian clothing of white linen, bought especially for this day.",he dressed in his arabean clothing on white linen bought especially photesty,646ab062e56270682a00bc21da4e9c899302d44bb18e7499a9d5a1e906dc2069
xlsr_english,dsuta,112,stage5ext_00449,6df207be7ccedf5176284312e3017cd9d7ddb990efbd395e8e8d1a4f2aca4eac93a420f82a1b88c2cc4a7728b9bfb612cdbeccdb6bb50e3f1aec155e5603f59f,South Asian English,south_asian,I don't want anything for myself.,i don't want anything for myselling,ad12a4a55294d2869eda5a82122b912c31b2da154aa6b10d706b8d351f7daf5a
xlsr_english,dsuta,112,stage5ext_00450,6df207be7ccedf5176284312e3017cd9d7ddb990efbd395e8e8d1a4f2aca4eac93a420f82a1b88c2cc4a7728b9bfb612cdbeccdb6bb50e3f1aec155e5603f59f,South Asian English,south_asian,"An hour later, he had before him a chest of Spanish gold coins.",an hour later he had before hem a chest of spanish cot coins,ad12a4a55294d2869eda5a82122b912c31b2da154aa6b10d706b8d351f7daf5a
xlsr_english,dsuta,112,stage5ext_00451,0e60a578941d41849394691c611be044c19753d68b3dc6ca38dd1526016c9536219350c8aa1d6c0b974bc68c24592c39030a094ed6223399ab873f93e6a457a2,Australian English,australia,He surveyed the land near Fairbanks and started the Fairbanks Experiment Farm.,he surveyed the land near fairbanks and started the fairbanks experiment farm,ad12a4a55294d2869eda5a82122b912c31b2da154aa6b10d706b8d351f7daf5a
xlsr_english,dsuta,112,stage5ext_00452,0e60a578941d41849394691c611be044c19753d68b3dc6ca38dd1526016c9536219350c8aa1d6c0b974bc68c24592c39030a094ed6223399ab873f93e6a457a2,Australian English,australia,"These sites are equipped with firewood, pit privies, picnic tables and food storage containers.",these sites are equipped with firewood pit privies picnic tables and food storage containers,ad12a4a55294d2869eda5a82122b912c31b2da154aa6b10d706b8d351f7daf5a
xlsr_english,dsuta,113,stage5ext_00453,0e60a578941d41849394691c611be044c19753d68b3dc6ca38dd1526016c9536219350c8aa1d6c0b974bc68c24592c39030a094ed6223399ab873f93e6a457a2,Australian English,australia,He was second billed at the Earls Court Music festival with Jay-Z.,he was second billed at the earl court music festival with jayz,a0ca5d85421dac4abe3002f03ca02253b7e8a97d8a1bdb73eddae1ca32b4f0bf
xlsr_english,dsuta,113,stage5ext_00454,0e60a578941d41849394691c611be044c19753d68b3dc6ca38dd1526016c9536219350c8aa1d6c0b974bc68c24592c39030a094ed6223399ab873f93e6a457a2,Australian English,australia,"As a result, most of the buildings are older, and are often walk-up apartments.",as a result most of the buildings are older and are often walk-up apartments,a0ca5d85421dac4abe3002f03ca02253b7e8a97d8a1bdb73eddae1ca32b4f0bf
xlsr_english,dsuta,113,stage5ext_00455,0e60a578941d41849394691c611be044c19753d68b3dc6ca38dd1526016c9536219350c8aa1d6c0b974bc68c24592c39030a094ed6223399ab873f93e6a457a2,Australian English,australia,"His credits include episodes of ""The Twilight Zone"" and ""The Alfred Hitchcock Hour"".",his credits include episodes of the twilight zone and the alfred hitchcock hour,a0ca5d85421dac4abe3002f03ca02253b7e8a97d8a1bdb73eddae1ca32b4f0bf
xlsr_english,dsuta,113,stage5ext_00456,0e60a578941d41849394691c611be044c19753d68b3dc6ca38dd1526016c9536219350c8aa1d6c0b974bc68c24592c39030a094ed6223399ab873f93e6a457a2,Australian English,australia,The party aligned itself with the Comintern.,the party aligned itself with the comintern,a0ca5d85421dac4abe3002f03ca02253b7e8a97d8a1bdb73eddae1ca32b4f0bf
xlsr_english,dsuta,114,stage5ext_00457,0e60a578941d41849394691c611be044c19753d68b3dc6ca38dd1526016c9536219350c8aa1d6c0b974bc68c24592c39030a094ed6223399ab873f93e6a457a2,Australian English,australia,"On one occasion, Suetonius writes, Vespasian was pelted with turnips.",on one occasion sutonius writes vespasian was pelted with turnips,ba4c334966c7f476147434ea3d78e85130a2f1fb86c50051853173dbd4386999
xlsr_english,dsuta,114,stage5ext_00458,0e60a578941d41849394691c611be044c19753d68b3dc6ca38dd1526016c9536219350c8aa1d6c0b974bc68c24592c39030a094ed6223399ab873f93e6a457a2,Australian English,australia,"She felt that modern society had ""blunted"" children.",she felt that modern society had blunted children,ba4c334966c7f476147434ea3d78e85130a2f1fb86c50051853173dbd4386999
xlsr_english,dsuta,114,stage5ext_00459,0e60a578941d41849394691c611be044c19753d68b3dc6ca38dd1526016c9536219350c8aa1d6c0b974bc68c24592c39030a094ed6223399ab873f93e6a457a2,Australian English,australia,Those in Thailand live close to the Hmong and northern Thai.,those in thailand live close to the hmong and northern thai,ba4c334966c7f476147434ea3d78e85130a2f1fb86c50051853173dbd4386999
xlsr_english,dsuta,114,stage5ext_00460,0e60a578941d41849394691c611be044c19753d68b3dc6ca38dd1526016c9536219350c8aa1d6c0b974bc68c24592c39030a094ed6223399ab873f93e6a457a2,Australian English,australia,His competitive debut followed a few days later.,his competitive debut followed a few days later,ba4c334966c7f476147434ea3d78e85130a2f1fb86c50051853173dbd4386999
xlsr_english,dsuta,115,stage5ext_00461,0e60a578941d41849394691c611be044c19753d68b3dc6ca38dd1526016c9536219350c8aa1d6c0b974bc68c24592c39030a094ed6223399ab873f93e6a457a2,Australian English,australia,It is headquartered in Dubna in the Moscow Oblast.,it is headquartered in dubna in the moscow oblast,1bea02a66cd330e9a4740e785613cb378f6b74ab413ca0f73abbeca14ce9b2d5
xlsr_english,dsuta,115,stage5ext_00462,0e60a578941d41849394691c611be044c19753d68b3dc6ca38dd1526016c9536219350c8aa1d6c0b974bc68c24592c39030a094ed6223399ab873f93e6a457a2,Australian English,australia,Upon surrender the tribe was expelled.,upon surrender the tribe was expelled,1bea02a66cd330e9a4740e785613cb378f6b74ab413ca0f73abbeca14ce9b2d5
xlsr_english,dsuta,115,stage5ext_00463,0e60a578941d41849394691c611be044c19753d68b3dc6ca38dd1526016c9536219350c8aa1d6c0b974bc68c24592c39030a094ed6223399ab873f93e6a457a2,Australian English,australia,His skills in what we now characterize as guerrilla warfare were justly famous.,his skills in what we now characterize as guerrilla warfare were justly famous,1bea02a66cd330e9a4740e785613cb378f6b74ab413ca0f73abbeca14ce9b2d5
xlsr_english,dsuta,115,stage5ext_00464,0e60a578941d41849394691c611be044c19753d68b3dc6ca38dd1526016c9536219350c8aa1d6c0b974bc68c24592c39030a094ed6223399ab873f93e6a457a2,Australian English,australia,Donald C. Owens.,donald c owens,1bea02a66cd330e9a4740e785613cb378f6b74ab413ca0f73abbeca14ce9b2d5
xlsr_english,dsuta,116,stage5ext_00465,0e60a578941d41849394691c611be044c19753d68b3dc6ca38dd1526016c9536219350c8aa1d6c0b974bc68c24592c39030a094ed6223399ab873f93e6a457a2,Australian English,australia,Most of operating surplus will normally consist of gross profit income.,most of operating surplus will normally consist of growth profit income,582a8bdc551d00d0ed8083558a8529373b58147f2854143c40691991d33ae4e3
xlsr_english,dsuta,116,stage5ext_00466,6a6b32832defa516dce6922d2300294d6e7f670b8f867ed3f8f7e291df5150f55cde5ad06e44e4d126e3687b818fe5f23e70a1cd189217bc55d1f9f21ced88e0,Australian English,australia,"These delineations, however, are not definitive.",these delineations however are not definitive,582a8bdc551d00d0ed8083558a8529373b58147f2854143c40691991d33ae4e3
xlsr_english,dsuta,116,stage5ext_00467,6a6b32832defa516dce6922d2300294d6e7f670b8f867ed3f8f7e291df5150f55cde5ad06e44e4d126e3687b818fe5f23e70a1cd189217bc55d1f9f21ced88e0,Australian English,australia,"When he returned to Canada the following year, he had gained few supplies.",when he returned to canada the following year he had gained few supplies,582a8bdc551d00d0ed8083558a8529373b58147f2854143c40691991d33ae4e3
xlsr_english,dsuta,116,stage5ext_00468,6a6b32832defa516dce6922d2300294d6e7f670b8f867ed3f8f7e291df5150f55cde5ad06e44e4d126e3687b818fe5f23e70a1cd189217bc55d1f9f21ced88e0,Australian English,australia,Eos published the third edition of Nobilis and a supplement.,eos published the third edition of nobilus and a supplement,582a8bdc551d00d0ed8083558a8529373b58147f2854143c40691991d33ae4e3
xlsr_english,dsuta,117,stage5ext_00469,6a6b32832defa516dce6922d2300294d6e7f670b8f867ed3f8f7e291df5150f55cde5ad06e44e4d126e3687b818fe5f23e70a1cd189217bc55d1f9f21ced88e0,Australian English,australia,This prevents damage to the optics in the amplifier.,this prevents damage to the optics and the amplifhi,d566a0dbb132ab6d35de68696e8bcbe8a6e24f6e000f2a10302c5cb6f9830d3c
xlsr_english,dsuta,117,stage5ext_00470,6a6b32832defa516dce6922d2300294d6e7f670b8f867ed3f8f7e291df5150f55cde5ad06e44e4d126e3687b818fe5f23e70a1cd189217bc55d1f9f21ced88e0,Australian English,australia,"Prince's Park also influenced its near neighbour, Sefton Park.",princes park also influenced its near neighbour secton park,d566a0dbb132ab6d35de68696e8bcbe8a6e24f6e000f2a10302c5cb6f9830d3c
xlsr_english,dsuta,117,stage5ext_00471,6a6b32832defa516dce6922d2300294d6e7f670b8f867ed3f8f7e291df5150f55cde5ad06e44e4d126e3687b818fe5f23e70a1cd189217bc55d1f9f21ced88e0,Australian English,australia,The location is a primary advantage of the faculty.,the location is a primary advantage of the faculty,d566a0dbb132ab6d35de68696e8bcbe8a6e24f6e000f2a10302c5cb6f9830d3c
xlsr_english,dsuta,117,stage5ext_00472,6a6b32832defa516dce6922d2300294d6e7f670b8f867ed3f8f7e291df5150f55cde5ad06e44e4d126e3687b818fe5f23e70a1cd189217bc55d1f9f21ced88e0,Australian English,australia,The caps are placed behind the casing.,the caps are placed behind the casing,d566a0dbb132ab6d35de68696e8bcbe8a6e24f6e000f2a10302c5cb6f9830d3c
xlsr_english,dsuta,118,stage5ext_00473,6a6b32832defa516dce6922d2300294d6e7f670b8f867ed3f8f7e291df5150f55cde5ad06e44e4d126e3687b818fe5f23e70a1cd189217bc55d1f9f21ced88e0,Australian English,australia,It falls within the old copper quarter of Landore electoral ward.,it falls within the old copper quarter of landor elector award,47087f65619db25003d22da6fe198e8eea4922cffa8dc2ffa6ae628067d2da02
xlsr_english,dsuta,118,stage5ext_00474,6a6b32832defa516dce6922d2300294d6e7f670b8f867ed3f8f7e291df5150f55cde5ad06e44e4d126e3687b818fe5f23e70a1cd189217bc55d1f9f21ced88e0,Australian English,australia,It was merged into the existing Billund municipality.,it was merged into the existing billand municipality,47087f65619db25003d22da6fe198e8eea4922cffa8dc2ffa6ae628067d2da02
xlsr_english,dsuta,118,stage5ext_00475,6a6b32832defa516dce6922d2300294d6e7f670b8f867ed3f8f7e291df5150f55cde5ad06e44e4d126e3687b818fe5f23e70a1cd189217bc55d1f9f21ced88e0,Australian English,australia,"Rossi is married, with four children, and lives in Sammamish, Washington.",rossie is married with four children and lives in samamich washington,47087f65619db25003d22da6fe198e8eea4922cffa8dc2ffa6ae628067d2da02
xlsr_english,dsuta,118,stage5ext_00476,6a6b32832defa516dce6922d2300294d6e7f670b8f867ed3f8f7e291df5150f55cde5ad06e44e4d126e3687b818fe5f23e70a1cd189217bc55d1f9f21ced88e0,Australian English,australia,It is a peaceful place nestled in greenery.,it is a peaceful place nestled in greenery,47087f65619db25003d22da6fe198e8eea4922cffa8dc2ffa6ae628067d2da02
xlsr_english,dsuta,119,stage5ext_00477,6a6b32832defa516dce6922d2300294d6e7f670b8f867ed3f8f7e291df5150f55cde5ad06e44e4d126e3687b818fe5f23e70a1cd189217bc55d1f9f21ced88e0,Australian English,australia,During the fighting the Saint-Quentin collegiate church was badly damaged by fire.,during the fighting the saint quenton collegiachurch was badly damaged by fire,40d5ae7359094a0e16c837a94483def3104c9febe80e0fe9d2ccd6723128f812
xlsr_english,dsuta,119,stage5ext_00478,6a6b32832defa516dce6922d2300294d6e7f670b8f867ed3f8f7e291df5150f55cde5ad06e44e4d126e3687b818fe5f23e70a1cd189217bc55d1f9f21ced88e0,Australian English,australia,Further salvage effort was abandoned.,further salvage effort was abandoned,40d5ae7359094a0e16c837a94483def3104c9febe80e0fe9d2ccd6723128f812
xlsr_english,dsuta,119,stage5ext_00479,6a6b32832defa516dce6922d2300294d6e7f670b8f867ed3f8f7e291df5150f55cde5ad06e44e4d126e3687b818fe5f23e70a1cd189217bc55d1f9f21ced88e0,Australian English,australia,Its lean flesh makes for a unique flavor that differs from species to species.,its lane flesh makes for unique flavor that differs from species to species,40d5ae7359094a0e16c837a94483def3104c9febe80e0fe9d2ccd6723128f812
xlsr_english,dsuta,119,stage5ext_00480,6a6b32832defa516dce6922d2300294d6e7f670b8f867ed3f8f7e291df5150f55cde5ad06e44e4d126e3687b818fe5f23e70a1cd189217bc55d1f9f21ced88e0,Australian English,australia,"Multiplexers, decoders, state machines, and other sophisticated digital devices may use inverters.",multiplexes decoders state machines and other sophisticated digital devices may use in verters,40d5ae7359094a0e16c837a94483def3104c9febe80e0fe9d2ccd6723128f812
xlsr_english,dsuta,120,stage5ext_00481,80e5fdd0808bbda9d695c743b5046c81739538d8398f2686fe4b36ca71f055a7cc8e5445f4ac8e41bbbe09c9f01ad6e6bf9e083ec42a8d15655c1b76825dce57,Australian English,australia,"The regiment is introduced as Britain's first ""Kamikaze Regiment"".",the regiment is introduced as britain's first kamakazi regimen,c9d1e5f9433fc21a6ddb84b0c6e89e433b33e2a3ea37d3283920402b36a1b93a
xlsr_english,dsuta,120,stage5ext_00482,80e5fdd0808bbda9d695c743b5046c81739538d8398f2686fe4b36ca71f055a7cc8e5445f4ac8e41bbbe09c9f01ad6e6bf9e083ec42a8d15655c1b76825dce57,Australian English,australia,"“Yet you always make me like it,” he said.",yet you always make me like it he said,c9d1e5f9433fc21a6ddb84b0c6e89e433b33e2a3ea37d3283920402b36a1b93a
xlsr_english,dsuta,120,stage5ext_00483,80e5fdd0808bbda9d695c743b5046c81739538d8398f2686fe4b36ca71f055a7cc8e5445f4ac8e41bbbe09c9f01ad6e6bf9e083ec42a8d15655c1b76825dce57,Australian English,australia,The parties were ordered to electronically submit briefs to make their case.,the parties were ordered to electronically submit briefs to make their case,c9d1e5f9433fc21a6ddb84b0c6e89e433b33e2a3ea37d3283920402b36a1b93a
xlsr_english,dsuta,120,stage5ext_00484,80e5fdd0808bbda9d695c743b5046c81739538d8398f2686fe4b36ca71f055a7cc8e5445f4ac8e41bbbe09c9f01ad6e6bf9e083ec42a8d15655c1b76825dce57,Australian English,australia,Conceptual discussions also revolve around a precise definition of action in philosophy.,conceptual discussions also evolve around a precise definition of action in philosophy,c9d1e5f9433fc21a6ddb84b0c6e89e433b33e2a3ea37d3283920402b36a1b93a
xlsr_english,dsuta,121,stage5ext_00485,80e5fdd0808bbda9d695c743b5046c81739538d8398f2686fe4b36ca71f055a7cc8e5445f4ac8e41bbbe09c9f01ad6e6bf9e083ec42a8d15655c1b76825dce57,Australian English,australia,John Wyndham's many short stories also appear with later variant titles or pen names.,john weinhem's many short stories also appear with later varant titles or pin names,0a6e895da47e9d5cf3deb822efb4aca8590a5d334e06c281073b0d3977df51f1
xlsr_english,dsuta,121,stage5ext_00486,80e5fdd0808bbda9d695c743b5046c81739538d8398f2686fe4b36ca71f055a7cc8e5445f4ac8e41bbbe09c9f01ad6e6bf9e083ec42a8d15655c1b76825dce57,Australian English,australia,"I had an apartment; Jim was, like, ""He's the Boss"".",i had an apartment jim was like he's a boss,0a6e895da47e9d5cf3deb822efb4aca8590a5d334e06c281073b0d3977df51f1
xlsr_english,dsuta,121,stage5ext_00487,80e5fdd0808bbda9d695c743b5046c81739538d8398f2686fe4b36ca71f055a7cc8e5445f4ac8e41bbbe09c9f01ad6e6bf9e083ec42a8d15655c1b76825dce57,Australian English,australia,"The show theme music is a customised version of Barry Manilow's ""Copacabana"".",the showtheme music is a customized version of barry manlo's cuper cabana,0a6e895da47e9d5cf3deb822efb4aca8590a5d334e06c281073b0d3977df51f1
xlsr_english,dsuta,121,stage5ext_00488,80e5fdd0808bbda9d695c743b5046c81739538d8398f2686fe4b36ca71f055a7cc8e5445f4ac8e41bbbe09c9f01ad6e6bf9e083ec42a8d15655c1b76825dce57,Australian English,australia,Especially noteworthy were the early and late paintings.,especially noteworthy were the early and late paintings,0a6e895da47e9d5cf3deb822efb4aca8590a5d334e06c281073b0d3977df51f1
xlsr_english,dsuta,122,stage5ext_00489,80e5fdd0808bbda9d695c743b5046c81739538d8398f2686fe4b36ca71f055a7cc8e5445f4ac8e41bbbe09c9f01ad6e6bf9e083ec42a8d15655c1b76825dce57,Australian English,australia,"Gavin Smith would later join the team, making it a three-car Vauxhall effort.",gavin smith would later join the team making it a three-car voxel effort,965385397f40b6427b825bd24197cae837092381a91a1b62d7716d7e42230df4
xlsr_english,dsuta,122,stage5ext_00490,80e5fdd0808bbda9d695c743b5046c81739538d8398f2686fe4b36ca71f055a7cc8e5445f4ac8e41bbbe09c9f01ad6e6bf9e083ec42a8d15655c1b76825dce57,Australian English,australia,"His siblings included Key Pittman, a longtime United States Senator from Nevada.",his siblings included key pitman a longtime united states senator from nevada,965385397f40b6427b825bd24197cae837092381a91a1b62d7716d7e42230df4
xlsr_english,dsuta,122,stage5ext_00491,80e5fdd0808bbda9d695c743b5046c81739538d8398f2686fe4b36ca71f055a7cc8e5445f4ac8e41bbbe09c9f01ad6e6bf9e083ec42a8d15655c1b76825dce57,Australian English,australia,"The ""Dragon Empire"" is an empire ruled by the ten houses of dragons.",the dragon empire is an empire rolled by the ten houses of dragons,965385397f40b6427b825bd24197cae837092381a91a1b62d7716d7e42230df4
xlsr_english,dsuta,122,stage5ext_00492,80e5fdd0808bbda9d695c743b5046c81739538d8398f2686fe4b36ca71f055a7cc8e5445f4ac8e41bbbe09c9f01ad6e6bf9e083ec42a8d15655c1b76825dce57,Australian English,australia,Gounki is played on an eight-by-eight square.,genky is played on eight by eight square,965385397f40b6427b825bd24197cae837092381a91a1b62d7716d7e42230df4
xlsr_english,dsuta,123,stage5ext_00493,80e5fdd0808bbda9d695c743b5046c81739538d8398f2686fe4b36ca71f055a7cc8e5445f4ac8e41bbbe09c9f01ad6e6bf9e083ec42a8d15655c1b76825dce57,Australian English,australia,He founded a series of hospitals in Constantinople to care for the poor.,he founded a series of hospitals in constantinople to care for the poor,b168f8a8033a874364dfa7d777072badea0b61d2ee2b597dd1e72befa57a5705
xlsr_english,dsuta,123,stage5ext_00494,80e5fdd0808bbda9d695c743b5046c81739538d8398f2686fe4b36ca71f055a7cc8e5445f4ac8e41bbbe09c9f01ad6e6bf9e083ec42a8d15655c1b76825dce57,Australian English,australia,His guitar compositions are being recorded and performed by an ever-increasing number of guitarists.,his guitar compositions are being recorded and performed by an ever increasing number of guitarists,b168f8a8033a874364dfa7d777072badea0b61d2ee2b597dd1e72befa57a5705
xlsr_english,dsuta,123,stage5ext_00495,80e5fdd0808bbda9d695c743b5046c81739538d8398f2686fe4b36ca71f055a7cc8e5445f4ac8e41bbbe09c9f01ad6e6bf9e083ec42a8d15655c1b76825dce57,Australian English,australia,He taught at Stockport Grammar School.,he taught at stockport grammar school,b168f8a8033a874364dfa7d777072badea0b61d2ee2b597dd1e72befa57a5705
xlsr_english,dsuta,123,stage5ext_00496,1a03eae3701811654fd562b997c8a474b9db15da01b2c3dbe82487ef0476080aff1930c0b286ebae981fe42447c3f5ef27480999934b5bbbb8e1410266aca125,Australian English,australia,"But, if you can, try to make your own decisions.",but if you can try to make your own decisions,b168f8a8033a874364dfa7d777072badea0b61d2ee2b597dd1e72befa57a5705
xlsr_english,dsuta,124,stage5ext_00497,1a03eae3701811654fd562b997c8a474b9db15da01b2c3dbe82487ef0476080aff1930c0b286ebae981fe42447c3f5ef27480999934b5bbbb8e1410266aca125,Australian English,australia,There was no way to measure anything of that length.,there was no way to measure anything of that length,5aaa3cf8a9db0361ee75a734e3d7d292fda27f7f9f7943519654bbe0896d5ec2
xlsr_english,dsuta,124,stage5ext_00498,1a03eae3701811654fd562b997c8a474b9db15da01b2c3dbe82487ef0476080aff1930c0b286ebae981fe42447c3f5ef27480999934b5bbbb8e1410266aca125,Australian English,australia,"Today, tourism is one of the major economic factors inside the city.",today tourism is one of the major economic factors inside the city,5aaa3cf8a9db0361ee75a734e3d7d292fda27f7f9f7943519654bbe0896d5ec2
xlsr_english,dsuta,124,stage5ext_00499,1a03eae3701811654fd562b997c8a474b9db15da01b2c3dbe82487ef0476080aff1930c0b286ebae981fe42447c3f5ef27480999934b5bbbb8e1410266aca125,Australian English,australia,"Last week, I went hiking in the mountains.",last week i went halking in the mountains,5aaa3cf8a9db0361ee75a734e3d7d292fda27f7f9f7943519654bbe0896d5ec2
xlsr_english,dsuta,124,stage5ext_00500,1a03eae3701811654fd562b997c8a474b9db15da01b2c3dbe82487ef0476080aff1930c0b286ebae981fe42447c3f5ef27480999934b5bbbb8e1410266aca125,Australian English,australia,The boy tried to read what was written in the sand.,the boy tried to ray wat was written in the sand,5aaa3cf8a9db0361ee75a734e3d7d292fda27f7f9f7943519654bbe0896d5ec2
xlsr_english,dsuta,125,stage5ext_00501,1a03eae3701811654fd562b997c8a474b9db15da01b2c3dbe82487ef0476080aff1930c0b286ebae981fe42447c3f5ef27480999934b5bbbb8e1410266aca125,Australian English,australia,Don't hurt my sore arm again.,that hurt my sore arm again,7d6595bcdfc3648f9c4cdb190b1a46bcdf9a990e98b9defa9980de0c931d2138
xlsr_english,dsuta,125,stage5ext_00502,1a03eae3701811654fd562b997c8a474b9db15da01b2c3dbe82487ef0476080aff1930c0b286ebae981fe42447c3f5ef27480999934b5bbbb8e1410266aca125,Australian English,australia,The fluid sprayed across the foyer.,the fluid sprid across the foira,7d6595bcdfc3648f9c4cdb190b1a46bcdf9a990e98b9defa9980de0c931d2138
xlsr_english,dsuta,125,stage5ext_00503,1a03eae3701811654fd562b997c8a474b9db15da01b2c3dbe82487ef0476080aff1930c0b286ebae981fe42447c3f5ef27480999934b5bbbb8e1410266aca125,Australian English,australia,Thanks for dropping around.,thanks for drop and ran,7d6595bcdfc3648f9c4cdb190b1a46bcdf9a990e98b9defa9980de0c931d2138
xlsr_english,dsuta,125,stage5ext_00504,1a03eae3701811654fd562b997c8a474b9db15da01b2c3dbe82487ef0476080aff1930c0b286ebae981fe42447c3f5ef27480999934b5bbbb8e1410266aca125,Australian English,australia,The frog had no chance to escape.,the frog had no chance to escape,7d6595bcdfc3648f9c4cdb190b1a46bcdf9a990e98b9defa9980de0c931d2138
xlsr_english,dsuta,126,stage5ext_00505,1a03eae3701811654fd562b997c8a474b9db15da01b2c3dbe82487ef0476080aff1930c0b286ebae981fe42447c3f5ef27480999934b5bbbb8e1410266aca125,Australian English,australia,She likes you well enough to stick around.,she locks you well enough to stick around,28d87633d45e54b17b793696f5a84a2759e84b6cd4c0528ff58df9b655adcf59
xlsr_english,dsuta,126,stage5ext_00506,1a03eae3701811654fd562b997c8a474b9db15da01b2c3dbe82487ef0476080aff1930c0b286ebae981fe42447c3f5ef27480999934b5bbbb8e1410266aca125,Australian English,australia,The shower curtain is beige and white.,the sharkirn is bage and white,28d87633d45e54b17b793696f5a84a2759e84b6cd4c0528ff58df9b655adcf59
xlsr_english,dsuta,126,stage5ext_00507,1a03eae3701811654fd562b997c8a474b9db15da01b2c3dbe82487ef0476080aff1930c0b286ebae981fe42447c3f5ef27480999934b5bbbb8e1410266aca125,Australian English,australia,"Everyone, when they are young, knows what their destiny is.",everyone when they are young knows what their destiny is,28d87633d45e54b17b793696f5a84a2759e84b6cd4c0528ff58df9b655adcf59
xlsr_english,dsuta,126,stage5ext_00508,1a03eae3701811654fd562b997c8a474b9db15da01b2c3dbe82487ef0476080aff1930c0b286ebae981fe42447c3f5ef27480999934b5bbbb8e1410266aca125,Australian English,australia,He didn't consider mending the hole — the stones could fall through any time they wanted.,he didn't consider mending the hole the stones could fall through any time they wanted,28d87633d45e54b17b793696f5a84a2759e84b6cd4c0528ff58df9b655adcf59
xlsr_english,dsuta,127,stage5ext_00509,1a03eae3701811654fd562b997c8a474b9db15da01b2c3dbe82487ef0476080aff1930c0b286ebae981fe42447c3f5ef27480999934b5bbbb8e1410266aca125,Australian English,australia,Add shweta mohan to my laundry playlist,add shooter mohan to my laundry playlist,9ec4bcb44dd5f313e6aaafbe244f7f91b3ddd4485659580c64a719768855f757
xlsr_english,dsuta,127,stage5ext_00510,1a03eae3701811654fd562b997c8a474b9db15da01b2c3dbe82487ef0476080aff1930c0b286ebae981fe42447c3f5ef27480999934b5bbbb8e1410266aca125,Australian English,australia,I'm still having trouble with baking.,i'm still having trouble with biking,9ec4bcb44dd5f313e6aaafbe244f7f91b3ddd4485659580c64a719768855f757
xlsr_english,dsuta,127,stage5ext_00511,3935c83996bc79d7abc50adc36392f9a2fd97df405c02b2321332068d1f235f816f68c7b84d0c3b80073933b9f6ab6f5b2d06f204e4bacdd8623e31009f1b83c,Australian English,australia,The mantra itself is also called Simran.,the mentra itself is also called simron,9ec4bcb44dd5f313e6aaafbe244f7f91b3ddd4485659580c64a719768855f757
xlsr_english,dsuta,127,stage5ext_00512,3935c83996bc79d7abc50adc36392f9a2fd97df405c02b2321332068d1f235f816f68c7b84d0c3b80073933b9f6ab6f5b2d06f204e4bacdd8623e31009f1b83c,Australian English,australia,"Throughout college, Edwards moonlighted, playing jazz piano for late night radio and music shows.",throughout college edwards moonlighted playing jazz piano for latenight radio and music shows,9ec4bcb44dd5f313e6aaafbe244f7f91b3ddd4485659580c64a719768855f757
xlsr_english,dsuta,128,stage5ext_00513,3935c83996bc79d7abc50adc36392f9a2fd97df405c02b2321332068d1f235f816f68c7b84d0c3b80073933b9f6ab6f5b2d06f204e4bacdd8623e31009f1b83c,Australian English,australia,Over this period the paper grew and began to cover additional market sectors.,over t this period the paper grew and began to cover additional markets sectors,080e81486ed70b7be112abf4d417021eaea5155afd0ce9c450c6f7af619e5186
xlsr_english,dsuta,128,stage5ext_00514,3935c83996bc79d7abc50adc36392f9a2fd97df405c02b2321332068d1f235f816f68c7b84d0c3b80073933b9f6ab6f5b2d06f204e4bacdd8623e31009f1b83c,Australian English,australia,"His long, narrow face was dominated by a big nose.",his lan narrow face was dominated by a big nurze,080e81486ed70b7be112abf4d417021eaea5155afd0ce9c450c6f7af619e5186
xlsr_english,dsuta,128,stage5ext_00515,3935c83996bc79d7abc50adc36392f9a2fd97df405c02b2321332068d1f235f816f68c7b84d0c3b80073933b9f6ab6f5b2d06f204e4bacdd8623e31009f1b83c,Australian English,australia,"This has most commonly been interpreted as a rendition of ""Now Strike"".",this has most commonly been interpreted as a rendetion of nailstrike,080e81486ed70b7be112abf4d417021eaea5155afd0ce9c450c6f7af619e5186
xlsr_english,dsuta,128,stage5ext_00516,3935c83996bc79d7abc50adc36392f9a2fd97df405c02b2321332068d1f235f816f68c7b84d0c3b80073933b9f6ab6f5b2d06f204e4bacdd8623e31009f1b83c,Australian English,australia,The capital of the province is Llica.,the capital of the province is lirka,080e81486ed70b7be112abf4d417021eaea5155afd0ce9c450c6f7af619e5186
xlsr_english,dsuta,129,stage5ext_00517,3935c83996bc79d7abc50adc36392f9a2fd97df405c02b2321332068d1f235f816f68c7b84d0c3b80073933b9f6ab6f5b2d06f204e4bacdd8623e31009f1b83c,Australian English,australia,Children from this township attend schools in the Blue Mountain School District.,children from this township attend schools in the blue mountain school district,6d4bea32a1a37fc17074afc102164aa376338713ab5ba329ce24d96e65c24701
xlsr_english,dsuta,129,stage5ext_00518,3935c83996bc79d7abc50adc36392f9a2fd97df405c02b2321332068d1f235f816f68c7b84d0c3b80073933b9f6ab6f5b2d06f204e4bacdd8623e31009f1b83c,Australian English,australia,The band's lineup would then remain unchanged through their next two albums.,the band's lineup would then remain untraned to their next two albums,6d4bea32a1a37fc17074afc102164aa376338713ab5ba329ce24d96e65c24701
xlsr_english,dsuta,129,stage5ext_00519,3935c83996bc79d7abc50adc36392f9a2fd97df405c02b2321332068d1f235f816f68c7b84d0c3b80073933b9f6ab6f5b2d06f204e4bacdd8623e31009f1b83c,Australian English,australia,A user application may render the image into a viewport.,unusual application may render the image into a viewpot,6d4bea32a1a37fc17074afc102164aa376338713ab5ba329ce24d96e65c24701
xlsr_english,dsuta,129,stage5ext_00520,3935c83996bc79d7abc50adc36392f9a2fd97df405c02b2321332068d1f235f816f68c7b84d0c3b80073933b9f6ab6f5b2d06f204e4bacdd8623e31009f1b83c,Australian English,australia,Jimmy Fortune also sometimes tours with Dailey and Vincent.,jimmy fortune also sometimes turs with daley and vincent,6d4bea32a1a37fc17074afc102164aa376338713ab5ba329ce24d96e65c24701
xlsr_english,dsuta,130,stage5ext_00521,3935c83996bc79d7abc50adc36392f9a2fd97df405c02b2321332068d1f235f816f68c7b84d0c3b80073933b9f6ab6f5b2d06f204e4bacdd8623e31009f1b83c,Australian English,australia,The play was revived in London eight times during his life.,the play was revived in london eight times during his life,147299ce2cccd71cba85688994621f7d15280f1ba6f907ca231c3718649e4879
xlsr_english,dsuta,130,stage5ext_00522,3935c83996bc79d7abc50adc36392f9a2fd97df405c02b2321332068d1f235f816f68c7b84d0c3b80073933b9f6ab6f5b2d06f204e4bacdd8623e31009f1b83c,Australian English,australia,Following the outbreak of the Second Boer War he was posted to South Africa.,following the outbreak of the second borl war he was posted to south africa,147299ce2cccd71cba85688994621f7d15280f1ba6f907ca231c3718649e4879
xlsr_english,dsuta,130,stage5ext_00523,3935c83996bc79d7abc50adc36392f9a2fd97df405c02b2321332068d1f235f816f68c7b84d0c3b80073933b9f6ab6f5b2d06f204e4bacdd8623e31009f1b83c,Australian English,australia,It is a popular spot for surfing and swimming.,it is a popular spot for surfing and swomen,147299ce2cccd71cba85688994621f7d15280f1ba6f907ca231c3718649e4879
xlsr_english,dsuta,130,stage5ext_00524,3935c83996bc79d7abc50adc36392f9a2fd97df405c02b2321332068d1f235f816f68c7b84d0c3b80073933b9f6ab6f5b2d06f204e4bacdd8623e31009f1b83c,Australian English,australia,Dylan apparently disliked this.,gillen apparently disliked this,147299ce2cccd71cba85688994621f7d15280f1ba6f907ca231c3718649e4879
xlsr_english,dsuta,131,stage5ext_00525,3935c83996bc79d7abc50adc36392f9a2fd97df405c02b2321332068d1f235f816f68c7b84d0c3b80073933b9f6ab6f5b2d06f204e4bacdd8623e31009f1b83c,Australian English,australia,Her heart-shaped gravestone is visible from the road.,her hard-shaped gravestone is visible from the road,1f109e1b43f2a1e43ad0e52cef71cb2e0bb0260b6af74f7e81ca8b26085b453d
xlsr_english,dsuta,131,stage5ext_00526,92fa0173d8a52067542a43504a23d6adbcf1f55271ca38e9eacfa6f751199a9bb7ed840cebadc1a745b2c605ec99dcfae954c709b8c345afbcb08ce46e100b4d,Australian English,australia,"Bushnell was born in Saint Paul, Minnesota and raised in Los Angeles, California.",buschnel was born in saint paul minnesota and raised in los angeles california,1f109e1b43f2a1e43ad0e52cef71cb2e0bb0260b6af74f7e81ca8b26085b453d
xlsr_english,dsuta,131,stage5ext_00527,92fa0173d8a52067542a43504a23d6adbcf1f55271ca38e9eacfa6f751199a9bb7ed840cebadc1a745b2c605ec99dcfae954c709b8c345afbcb08ce46e100b4d,Australian English,australia,The show is based on noughts and crosses.,the show is based on norts and crosses,1f109e1b43f2a1e43ad0e52cef71cb2e0bb0260b6af74f7e81ca8b26085b453d
xlsr_english,dsuta,131,stage5ext_00528,92fa0173d8a52067542a43504a23d6adbcf1f55271ca38e9eacfa6f751199a9bb7ed840cebadc1a745b2c605ec99dcfae954c709b8c345afbcb08ce46e100b4d,Australian English,australia,"There are also useful concepts of regular monomorphism, strong monomorphism, and extremal monomorphism.",there are also useful concepts of regular monomorphism strong monomorphism and extremo monomorphism,1f109e1b43f2a1e43ad0e52cef71cb2e0bb0260b6af74f7e81ca8b26085b453d
xlsr_english,dsuta,132,stage5ext_00529,92fa0173d8a52067542a43504a23d6adbcf1f55271ca38e9eacfa6f751199a9bb7ed840cebadc1a745b2c605ec99dcfae954c709b8c345afbcb08ce46e100b4d,Australian English,australia,A little glass in a transept window is older still.,a little glass in a transcipt window is older still,e4bbd9c7d9ab5aab37568f74c7758b930435d5b8b86c3f147c8c713d73d25d61
xlsr_english,dsuta,132,stage5ext_00530,92fa0173d8a52067542a43504a23d6adbcf1f55271ca38e9eacfa6f751199a9bb7ed840cebadc1a745b2c605ec99dcfae954c709b8c345afbcb08ce46e100b4d,Australian English,australia,For a small monthly fee the establishment will also wash one's mug.,for small monthly feed e establishment will also wash one's mug,e4bbd9c7d9ab5aab37568f74c7758b930435d5b8b86c3f147c8c713d73d25d61
xlsr_english,dsuta,132,stage5ext_00531,92fa0173d8a52067542a43504a23d6adbcf1f55271ca38e9eacfa6f751199a9bb7ed840cebadc1a745b2c605ec99dcfae954c709b8c345afbcb08ce46e100b4d,Australian English,australia,"Evidently there is no treasure, so Taran and the ruffian are soon at swordpoint.",evidently there is no treasure sir taran in ruffian are soon at soald point,e4bbd9c7d9ab5aab37568f74c7758b930435d5b8b86c3f147c8c713d73d25d61
xlsr_english,dsuta,132,stage5ext_00532,92fa0173d8a52067542a43504a23d6adbcf1f55271ca38e9eacfa6f751199a9bb7ed840cebadc1a745b2c605ec99dcfae954c709b8c345afbcb08ce46e100b4d,Australian English,australia,Its user interface and functionality is similar to Microsoft Outlook.,its user interface an functionality is similar to the microsoft outlook,e4bbd9c7d9ab5aab37568f74c7758b930435d5b8b86c3f147c8c713d73d25d61
xlsr_english,dsuta,133,stage5ext_00533,92fa0173d8a52067542a43504a23d6adbcf1f55271ca38e9eacfa6f751199a9bb7ed840cebadc1a745b2c605ec99dcfae954c709b8c345afbcb08ce46e100b4d,Australian English,australia,It is famous for its mudbrick-made high-rise buildings.,it is famous for its muntbrick maide high rise buildings,58f15dedfd2baaa2a5776279239fcf1aaf7b64314d6f87c05fb6a4b82704b5d6
xlsr_english,dsuta,133,stage5ext_00534,92fa0173d8a52067542a43504a23d6adbcf1f55271ca38e9eacfa6f751199a9bb7ed840cebadc1a745b2c605ec99dcfae954c709b8c345afbcb08ce46e100b4d,Australian English,australia,"Not all of the ""Heritage Minutes"" episodes have actually aired.",not all of the heritage minutes episodes have actually aired,58f15dedfd2baaa2a5776279239fcf1aaf7b64314d6f87c05fb6a4b82704b5d6
xlsr_english,dsuta,133,stage5ext_00535,92fa0173d8a52067542a43504a23d6adbcf1f55271ca38e9eacfa6f751199a9bb7ed840cebadc1a745b2c605ec99dcfae954c709b8c345afbcb08ce46e100b4d,Australian English,australia,He later lived in the British West Indies.,he later lived in the british west indies,58f15dedfd2baaa2a5776279239fcf1aaf7b64314d6f87c05fb6a4b82704b5d6
xlsr_english,dsuta,133,stage5ext_00536,92fa0173d8a52067542a43504a23d6adbcf1f55271ca38e9eacfa6f751199a9bb7ed840cebadc1a745b2c605ec99dcfae954c709b8c345afbcb08ce46e100b4d,Australian English,australia,The two company branches issued combined trade catalogs.,the two company branches issued combined trade catalogs,58f15dedfd2baaa2a5776279239fcf1aaf7b64314d6f87c05fb6a4b82704b5d6
xlsr_english,dsuta,134,stage5ext_00537,92fa0173d8a52067542a43504a23d6adbcf1f55271ca38e9eacfa6f751199a9bb7ed840cebadc1a745b2c605ec99dcfae954c709b8c345afbcb08ce46e100b4d,Australian English,australia,Whitebirk is part of the Blackburn urban area.,whiteberk is part of the blackburn urban area,fb406548b07fc450e8f10567a6268198a898b106dd4c04abae5e066943cf8bb8
xlsr_english,dsuta,134,stage5ext_00538,92fa0173d8a52067542a43504a23d6adbcf1f55271ca38e9eacfa6f751199a9bb7ed840cebadc1a745b2c605ec99dcfae954c709b8c345afbcb08ce46e100b4d,Australian English,australia,"One of the most famous ""novelty shows"" is the World's Ugliest Dog Contest.",one of their most famous novety shows is the world's accliasdok contest,fb406548b07fc450e8f10567a6268198a898b106dd4c04abae5e066943cf8bb8
xlsr_english,dsuta,134,stage5ext_00539,92fa0173d8a52067542a43504a23d6adbcf1f55271ca38e9eacfa6f751199a9bb7ed840cebadc1a745b2c605ec99dcfae954c709b8c345afbcb08ce46e100b4d,Australian English,australia,The town is named after the island of Elba.,the town is named after the island of elbah,fb406548b07fc450e8f10567a6268198a898b106dd4c04abae5e066943cf8bb8
xlsr_english,dsuta,134,stage5ext_00540,92fa0173d8a52067542a43504a23d6adbcf1f55271ca38e9eacfa6f751199a9bb7ed840cebadc1a745b2c605ec99dcfae954c709b8c345afbcb08ce46e100b4d,Australian English,australia,Later its coverage was expanded to cover political news.,later its coverage were expanded to cover political news,fb406548b07fc450e8f10567a6268198a898b106dd4c04abae5e066943cf8bb8
xlsr_english,dsuta,135,stage5ext_00541,7f29ce6531f159f514ccb46caa1535f1687740b13a60c3f3ac15d8462984c71b2c5747d5f67692081b7e7de330d1ded32b09bc1693c0a26c8189132bf2c48888,Australian English,australia,"For example, instead of editing Google Maps, consider contributing to OpenStreetMap.",for example instead of editing google maps consider contributing to open street map,e49da6d3a34d449aef4e1d4760024514482703b28d95d9c6bdacb6906323477b
xlsr_english,dsuta,135,stage5ext_00542,7f29ce6531f159f514ccb46caa1535f1687740b13a60c3f3ac15d8462984c71b2c5747d5f67692081b7e7de330d1ded32b09bc1693c0a26c8189132bf2c48888,Australian English,australia,What is it you want to research?,what is it you want to research,e49da6d3a34d449aef4e1d4760024514482703b28d95d9c6bdacb6906323477b
xlsr_english,dsuta,135,stage5ext_00543,7f29ce6531f159f514ccb46caa1535f1687740b13a60c3f3ac15d8462984c71b2c5747d5f67692081b7e7de330d1ded32b09bc1693c0a26c8189132bf2c48888,Australian English,australia,"Well, the merry-go-round wasn't exactly spectacular.",well the murgo round wasn't exactly spectacular,e49da6d3a34d449aef4e1d4760024514482703b28d95d9c6bdacb6906323477b
xlsr_english,dsuta,135,stage5ext_00544,7f29ce6531f159f514ccb46caa1535f1687740b13a60c3f3ac15d8462984c71b2c5747d5f67692081b7e7de330d1ded32b09bc1693c0a26c8189132bf2c48888,Australian English,australia,What is the meaning of this?,what is the meaning of this,e49da6d3a34d449aef4e1d4760024514482703b28d95d9c6bdacb6906323477b
xlsr_english,dsuta,136,stage5ext_00545,7f29ce6531f159f514ccb46caa1535f1687740b13a60c3f3ac15d8462984c71b2c5747d5f67692081b7e7de330d1ded32b09bc1693c0a26c8189132bf2c48888,Australian English,australia,"The flag is red, blue, and yellow.",the flag is red blue and yellow,619c636def2bb4ff82572d9f0b931bf161d6bebbdeb15393eadd52c9fc9fe9ce
xlsr_english,dsuta,136,stage5ext_00546,7f29ce6531f159f514ccb46caa1535f1687740b13a60c3f3ac15d8462984c71b2c5747d5f67692081b7e7de330d1ded32b09bc1693c0a26c8189132bf2c48888,Australian English,australia,What are the facts?,what are the facts,619c636def2bb4ff82572d9f0b931bf161d6bebbdeb15393eadd52c9fc9fe9ce
xlsr_english,dsuta,136,stage5ext_00547,7f29ce6531f159f514ccb46caa1535f1687740b13a60c3f3ac15d8462984c71b2c5747d5f67692081b7e7de330d1ded32b09bc1693c0a26c8189132bf2c48888,Australian English,australia,"I've brought you some cheese, because I know you love cheese.",ive brought you some cheese becas i know you love cheese,619c636def2bb4ff82572d9f0b931bf161d6bebbdeb15393eadd52c9fc9fe9ce
xlsr_english,dsuta,136,stage5ext_00548,7f29ce6531f159f514ccb46caa1535f1687740b13a60c3f3ac15d8462984c71b2c5747d5f67692081b7e7de330d1ded32b09bc1693c0a26c8189132bf2c48888,Australian English,australia,How did you get it?,how did you get it,619c636def2bb4ff82572d9f0b931bf161d6bebbdeb15393eadd52c9fc9fe9ce
xlsr_english,dsuta,137,stage5ext_00549,7f29ce6531f159f514ccb46caa1535f1687740b13a60c3f3ac15d8462984c71b2c5747d5f67692081b7e7de330d1ded32b09bc1693c0a26c8189132bf2c48888,Australian English,australia,"He was something of a sickly child by all accounts, never made it past his fourth birthday.",he was something of a sickly child by ort lecount never made it past his fourth birthday,d63c00618dfeeea12311d4dfb8b21731c96b8158e08833b4e6d9c0f1e4d0ff30
xlsr_english,dsuta,137,stage5ext_00550,7f29ce6531f159f514ccb46caa1535f1687740b13a60c3f3ac15d8462984c71b2c5747d5f67692081b7e7de330d1ded32b09bc1693c0a26c8189132bf2c48888,Australian English,australia,Under what circumstances might you be persuaded to provide us with passes?,under what circumstances might you be persuaded to provide us with passes,d63c00618dfeeea12311d4dfb8b21731c96b8158e08833b4e6d9c0f1e4d0ff30
xlsr_english,dsuta,137,stage5ext_00551,7f29ce6531f159f514ccb46caa1535f1687740b13a60c3f3ac15d8462984c71b2c5747d5f67692081b7e7de330d1ded32b09bc1693c0a26c8189132bf2c48888,Australian English,australia,"They found all sorts of drugs at Howard's house: Cocaine, meth, heroine...",they found all sorts of drugs at howard's house cocane meth heroin,d63c00618dfeeea12311d4dfb8b21731c96b8158e08833b4e6d9c0f1e4d0ff30
xlsr_english,dsuta,137,stage5ext_00552,7f29ce6531f159f514ccb46caa1535f1687740b13a60c3f3ac15d8462984c71b2c5747d5f67692081b7e7de330d1ded32b09bc1693c0a26c8189132bf2c48888,Australian English,australia,"Kidneys are transplanted often, because every healthy person has two of them.",kidneys are transplanted often because every healthy person is tour of them,d63c00618dfeeea12311d4dfb8b21731c96b8158e08833b4e6d9c0f1e4d0ff30
xlsr_english,dsuta,138,stage5ext_00553,7f29ce6531f159f514ccb46caa1535f1687740b13a60c3f3ac15d8462984c71b2c5747d5f67692081b7e7de330d1ded32b09bc1693c0a26c8189132bf2c48888,Australian English,australia,"A trill, or shake A triplet.",a trill or sacred frip plod,89520f845126d97ea9945e75c3490f91a1c4eb19f52988bfbd84371a6fd52236
xlsr_english,dsuta,138,stage5ext_00554,7f29ce6531f159f514ccb46caa1535f1687740b13a60c3f3ac15d8462984c71b2c5747d5f67692081b7e7de330d1ded32b09bc1693c0a26c8189132bf2c48888,Australian English,australia,"Four doors lead from the landing into two bedrooms, a closet, and a small, but functional bathroom.",four doors lead from the landing into two bedrooms a closet and a small but functional bathroom,89520f845126d97ea9945e75c3490f91a1c4eb19f52988bfbd84371a6fd52236
xlsr_english,dsuta,138,stage5ext_00555,7f29ce6531f159f514ccb46caa1535f1687740b13a60c3f3ac15d8462984c71b2c5747d5f67692081b7e7de330d1ded32b09bc1693c0a26c8189132bf2c48888,Australian English,australia,Why did you do it?,why did you do it,89520f845126d97ea9945e75c3490f91a1c4eb19f52988bfbd84371a6fd52236
xlsr_english,dsuta,138,stage5ext_00556,243c0d90f6145edce7803731bbd3baff7cb887a5290c10c1c5897e24248e249752883be23dbe58e59668ad96307fa0666e76dde82a2dd55ac2c624acbdb1d919,Australian English,australia,Perhaps she forgot all about it.,perhaps she forgot all about it,89520f845126d97ea9945e75c3490f91a1c4eb19f52988bfbd84371a6fd52236
xlsr_english,dsuta,139,stage5ext_00557,243c0d90f6145edce7803731bbd3baff7cb887a5290c10c1c5897e24248e249752883be23dbe58e59668ad96307fa0666e76dde82a2dd55ac2c624acbdb1d919,Australian English,australia,I would if I thought I'd hear anything worth listening to.,i would if it thought i'd hear anything voce literary stoo,0b41cb3fdef9ca59f6f96b829d72007b971b3292aca3be74f1de5b3f7b250279
xlsr_english,dsuta,139,stage5ext_00558,243c0d90f6145edce7803731bbd3baff7cb887a5290c10c1c5897e24248e249752883be23dbe58e59668ad96307fa0666e76dde82a2dd55ac2c624acbdb1d919,Australian English,australia,In that case I'll ask the two executive officers to withdraw.,in that case i'll ask the two executive officers to withdraw,0b41cb3fdef9ca59f6f96b829d72007b971b3292aca3be74f1de5b3f7b250279
xlsr_english,dsuta,139,stage5ext_00559,243c0d90f6145edce7803731bbd3baff7cb887a5290c10c1c5897e24248e249752883be23dbe58e59668ad96307fa0666e76dde82a2dd55ac2c624acbdb1d919,Australian English,australia,I'm everything the District Attorney said I was.,i'm everything the district attorney said i was,0b41cb3fdef9ca59f6f96b829d72007b971b3292aca3be74f1de5b3f7b250279
xlsr_english,dsuta,139,stage5ext_00560,243c0d90f6145edce7803731bbd3baff7cb887a5290c10c1c5897e24248e249752883be23dbe58e59668ad96307fa0666e76dde82a2dd55ac2c624acbdb1d919,Australian English,australia,I don't want Mrs. Douglas.,i don't want mrs douglas,0b41cb3fdef9ca59f6f96b829d72007b971b3292aca3be74f1de5b3f7b250279
xlsr_english,dsuta,140,stage5ext_00561,243c0d90f6145edce7803731bbd3baff7cb887a5290c10c1c5897e24248e249752883be23dbe58e59668ad96307fa0666e76dde82a2dd55ac2c624acbdb1d919,Australian English,australia,What's the idea here?,what's the idea here,3dee6a21b9ddc16208f6b1c513035539f5d10f48db1843c01f0d179d558e6f37
xlsr_english,dsuta,140,stage5ext_00562,243c0d90f6145edce7803731bbd3baff7cb887a5290c10c1c5897e24248e249752883be23dbe58e59668ad96307fa0666e76dde82a2dd55ac2c624acbdb1d919,Australian English,australia,I've suddenly become quite important.,i suddenly become quite important,3dee6a21b9ddc16208f6b1c513035539f5d10f48db1843c01f0d179d558e6f37
xlsr_english,dsuta,140,stage5ext_00563,243c0d90f6145edce7803731bbd3baff7cb887a5290c10c1c5897e24248e249752883be23dbe58e59668ad96307fa0666e76dde82a2dd55ac2c624acbdb1d919,Australian English,australia,There's nothing more we can do tonight.,there's nothing more we can do tonight,3dee6a21b9ddc16208f6b1c513035539f5d10f48db1843c01f0d179d558e6f37
xlsr_english,dsuta,140,stage5ext_00564,243c0d90f6145edce7803731bbd3baff7cb887a5290c10c1c5897e24248e249752883be23dbe58e59668ad96307fa0666e76dde82a2dd55ac2c624acbdb1d919,Australian English,australia,A sight for sore eyes.,the site for flear eyes,3dee6a21b9ddc16208f6b1c513035539f5d10f48db1843c01f0d179d558e6f37
xlsr_english,dsuta,141,stage5ext_00565,243c0d90f6145edce7803731bbd3baff7cb887a5290c10c1c5897e24248e249752883be23dbe58e59668ad96307fa0666e76dde82a2dd55ac2c624acbdb1d919,Australian English,australia,She had pneumonia once.,she kept no mon you want,b5e34430491ee10456fe94da16e53215997290767bd0962f489f0fffc7355eb3
xlsr_english,dsuta,141,stage5ext_00566,243c0d90f6145edce7803731bbd3baff7cb887a5290c10c1c5897e24248e249752883be23dbe58e59668ad96307fa0666e76dde82a2dd55ac2c624acbdb1d919,Australian English,australia,We returned to the cemetery.,he returned to the cemetery,b5e34430491ee10456fe94da16e53215997290767bd0962f489f0fffc7355eb3
xlsr_english,dsuta,141,stage5ext_00567,243c0d90f6145edce7803731bbd3baff7cb887a5290c10c1c5897e24248e249752883be23dbe58e59668ad96307fa0666e76dde82a2dd55ac2c624acbdb1d919,Australian English,australia,I'd like to think.,i'd like to think,b5e34430491ee10456fe94da16e53215997290767bd0962f489f0fffc7355eb3
xlsr_english,dsuta,141,stage5ext_00568,243c0d90f6145edce7803731bbd3baff7cb887a5290c10c1c5897e24248e249752883be23dbe58e59668ad96307fa0666e76dde82a2dd55ac2c624acbdb1d919,Australian English,australia,Your mother and I talked it over half the night.,your mother and i talk it over half to night,b5e34430491ee10456fe94da16e53215997290767bd0962f489f0fffc7355eb3
xlsr_english,dsuta,142,stage5ext_00569,243c0d90f6145edce7803731bbd3baff7cb887a5290c10c1c5897e24248e249752883be23dbe58e59668ad96307fa0666e76dde82a2dd55ac2c624acbdb1d919,Australian English,australia,We must get some of that serum as soon as possible.,do must get some of declaring as beig as possible,1a55861f27f062ad9ed9596c6734acd111469a13edcfed72131b082ae26afe60
xlsr_english,dsuta,142,stage5ext_00570,243c0d90f6145edce7803731bbd3baff7cb887a5290c10c1c5897e24248e249752883be23dbe58e59668ad96307fa0666e76dde82a2dd55ac2c624acbdb1d919,Australian English,australia,She'll be waiting for you in Albany.,t'll be waiting for you in albany,1a55861f27f062ad9ed9596c6734acd111469a13edcfed72131b082ae26afe60
xlsr_english,dsuta,142,stage5ext_00571,0acf313028bfe2af57b429c11e66463848b29afaa619fcfb0eea753f8ba9c63862e2c106975c0e70bde12809fc2422731691839c34fe911de22051dd732876d2,Australian English,australia,It seemed to him that it fell to earth about one hundred miles east of here.,it seemed to him that it fell to earth about one hundred miles east of here,1a55861f27f062ad9ed9596c6734acd111469a13edcfed72131b082ae26afe60
xlsr_english,dsuta,142,stage5ext_00572,0acf313028bfe2af57b429c11e66463848b29afaa619fcfb0eea753f8ba9c63862e2c106975c0e70bde12809fc2422731691839c34fe911de22051dd732876d2,Australian English,australia,'m all about those invisible cosmic connections that transcend time and distance.,im all about those invisible cosmic connections that transcend time and distance,1a55861f27f062ad9ed9596c6734acd111469a13edcfed72131b082ae26afe60
xlsr_english,dsuta,143,stage5ext_00573,0acf313028bfe2af57b429c11e66463848b29afaa619fcfb0eea753f8ba9c63862e2c106975c0e70bde12809fc2422731691839c34fe911de22051dd732876d2,Australian English,australia,And one or two persons were returning.,and one or two persons were returning,1f84d439bae432342ddbd9d118c7928bdead9e54e9e5cb92e31cdd319561c955
xlsr_english,dsuta,143,stage5ext_00574,0acf313028bfe2af57b429c11e66463848b29afaa619fcfb0eea753f8ba9c63862e2c106975c0e70bde12809fc2422731691839c34fe911de22051dd732876d2,Australian English,australia,Even then he hardly understood what this meant.,even then he hardly understood what this meant,1f84d439bae432342ddbd9d118c7928bdead9e54e9e5cb92e31cdd319561c955
xlsr_english,dsuta,143,stage5ext_00575,0acf313028bfe2af57b429c11e66463848b29afaa619fcfb0eea753f8ba9c63862e2c106975c0e70bde12809fc2422731691839c34fe911de22051dd732876d2,Australian English,australia,He heard a muffled grating sound and saw the black mark jerk forward an inch or so.,he heard a muffled grating sound and saw the blackmark jerk forward an inch or sow,1f84d439bae432342ddbd9d118c7928bdead9e54e9e5cb92e31cdd319561c955
xlsr_english,dsuta,143,stage5ext_00576,0acf313028bfe2af57b429c11e66463848b29afaa619fcfb0eea753f8ba9c63862e2c106975c0e70bde12809fc2422731691839c34fe911de22051dd732876d2,Australian English,australia,Hundreds of observers saw the flame that night and the night after.,hundreds of observers saw the flame that night and the night after,1f84d439bae432342ddbd9d118c7928bdead9e54e9e5cb92e31cdd319561c955
xlsr_english,dsuta,144,stage5ext_00577,0acf313028bfe2af57b429c11e66463848b29afaa619fcfb0eea753f8ba9c63862e2c106975c0e70bde12809fc2422731691839c34fe911de22051dd732876d2,Australian English,australia,I was impatient to see it opened.,i was impatient to see it opened,bea0f23004dd6cc3174b3cfe3c2ac089ebceb5e7b5d935b84690348d99c95960
xlsr_english,dsuta,144,stage5ext_00578,0acf313028bfe2af57b429c11e66463848b29afaa619fcfb0eea753f8ba9c63862e2c106975c0e70bde12809fc2422731691839c34fe911de22051dd732876d2,Australian English,australia,My mind ran on the possibilities of its content.,my mind ran on the possibilities of its content,bea0f23004dd6cc3174b3cfe3c2ac089ebceb5e7b5d935b84690348d99c95960
xlsr_english,dsuta,144,stage5ext_00579,0acf313028bfe2af57b429c11e66463848b29afaa619fcfb0eea753f8ba9c63862e2c106975c0e70bde12809fc2422731691839c34fe911de22051dd732876d2,Australian English,australia,Some of those who saw its flight say it travelled with a hissing sound.,some of those who saw its flight say it traveled with a hissing sound,bea0f23004dd6cc3174b3cfe3c2ac089ebceb5e7b5d935b84690348d99c95960
xlsr_english,dsuta,144,stage5ext_00580,0acf313028bfe2af57b429c11e66463848b29afaa619fcfb0eea753f8ba9c63862e2c106975c0e70bde12809fc2422731691839c34fe911de22051dd732876d2,Australian English,australia,"You don't have to be rich, skinny, popular, or even own a cape to perform a random act of kindness.",you don't have to be rich skinny popular or even owin a cape to perform a random active kindness,bea0f23004dd6cc3174b3cfe3c2ac089ebceb5e7b5d935b84690348d99c95960
xlsr_english,dsuta,145,stage5ext_00581,0acf313028bfe2af57b429c11e66463848b29afaa619fcfb0eea753f8ba9c63862e2c106975c0e70bde12809fc2422731691839c34fe911de22051dd732876d2,Australian English,australia,I had seen all that it would presently bring me.,i had seen all that it would presently bring me,21b17d9055891f59262fc8738d53f85c4bd7ec36f1df2660b02670c50ad03e6d
xlsr_english,dsuta,145,stage5ext_00582,0acf313028bfe2af57b429c11e66463848b29afaa619fcfb0eea753f8ba9c63862e2c106975c0e70bde12809fc2422731691839c34fe911de22051dd732876d2,Australian English,australia,The time must have been somewhere around six o'clock.,the time must have been somewhere around six o'clock,21b17d9055891f59262fc8738d53f85c4bd7ec36f1df2660b02670c50ad03e6d
xlsr_english,dsuta,145,stage5ext_00583,0acf313028bfe2af57b429c11e66463848b29afaa619fcfb0eea753f8ba9c63862e2c106975c0e70bde12809fc2422731691839c34fe911de22051dd732876d2,Australian English,australia,We lit the lantern and walked over to his house.,we lit the lantern and walked over to his house,21b17d9055891f59262fc8738d53f85c4bd7ec36f1df2660b02670c50ad03e6d
xlsr_english,dsuta,145,stage5ext_00584,0acf313028bfe2af57b429c11e66463848b29afaa619fcfb0eea753f8ba9c63862e2c106975c0e70bde12809fc2422731691839c34fe911de22051dd732876d2,Australian English,australia,"If you start your emails with ""Greetings"" let me be the first to welcome you to Earth.",if you start your emails with greetings let me be the first to welcome you to earth,21b17d9055891f59262fc8738d53f85c4bd7ec36f1df2660b02670c50ad03e6d
xlsr_english,dsuta,146,stage5ext_00585,0acf313028bfe2af57b429c11e66463848b29afaa619fcfb0eea753f8ba9c63862e2c106975c0e70bde12809fc2422731691839c34fe911de22051dd732876d2,Australian English,australia,Scattered groups of people were hurrying from the direction of Woking.,scattered groups of people were hurrying from the direction of walking,36f58a7cb9c8eb4ea0f97db79cabc366a279e6f46206380fcaecd00d75038b88
xlsr_english,dsuta,146,stage5ext_00586,771662210642ca9e2f17135f7a66db7f250f7f7bc6d9b3e3475b19d375389bcf6d1979c9a58a21cc866543ad80ab0e9641158290b7f6a9e1d0aad1635c730ab4,Australian English,australia,"Wakehurst asked the Treasurer, Alexander Mair, to form a government.",waykhurst asked the treasurer alexander mayer to form a government,36f58a7cb9c8eb4ea0f97db79cabc366a279e6f46206380fcaecd00d75038b88
xlsr_english,dsuta,146,stage5ext_00587,771662210642ca9e2f17135f7a66db7f250f7f7bc6d9b3e3475b19d375389bcf6d1979c9a58a21cc866543ad80ab0e9641158290b7f6a9e1d0aad1635c730ab4,Australian English,australia,"Translated, it means ""revolving hands"", ""rotating palms"", or ""turning palms.",translated it means revolving hands rotating palms or turning palms,36f58a7cb9c8eb4ea0f97db79cabc366a279e6f46206380fcaecd00d75038b88
xlsr_english,dsuta,146,stage5ext_00588,771662210642ca9e2f17135f7a66db7f250f7f7bc6d9b3e3475b19d375389bcf6d1979c9a58a21cc866543ad80ab0e9641158290b7f6a9e1d0aad1635c730ab4,Australian English,australia,It still has a working blacksmith's shop.,it still has a working blacksmiths shop,36f58a7cb9c8eb4ea0f97db79cabc366a279e6f46206380fcaecd00d75038b88
xlsr_english,dsuta,147,stage5ext_00589,771662210642ca9e2f17135f7a66db7f250f7f7bc6d9b3e3475b19d375389bcf6d1979c9a58a21cc866543ad80ab0e9641158290b7f6a9e1d0aad1635c730ab4,Australian English,australia,"A right-handed batsman, Carlton Baugh Snr.",right-handed batsman carleton bore senior,d63c3ce8191b6c4874f6b07195faaf82739ba799d1c4f4e684896652aacb56db
xlsr_english,dsuta,147,stage5ext_00590,771662210642ca9e2f17135f7a66db7f250f7f7bc6d9b3e3475b19d375389bcf6d1979c9a58a21cc866543ad80ab0e9641158290b7f6a9e1d0aad1635c730ab4,Australian English,australia,I couldn't see the linebackers.,i couldn't see the linebackers,d63c3ce8191b6c4874f6b07195faaf82739ba799d1c4f4e684896652aacb56db
xlsr_english,dsuta,147,stage5ext_00591,771662210642ca9e2f17135f7a66db7f250f7f7bc6d9b3e3475b19d375389bcf6d1979c9a58a21cc866543ad80ab0e9641158290b7f6a9e1d0aad1635c730ab4,Australian English,australia,Foreign titles may be utilized as a foundation for recognition of professional licensing.,foreign titles may be utilized as a foundation for recognition of professional licensing,d63c3ce8191b6c4874f6b07195faaf82739ba799d1c4f4e684896652aacb56db
xlsr_english,dsuta,147,stage5ext_00592,771662210642ca9e2f17135f7a66db7f250f7f7bc6d9b3e3475b19d375389bcf6d1979c9a58a21cc866543ad80ab0e9641158290b7f6a9e1d0aad1635c730ab4,Australian English,australia,"For information on winning strategy, see ""The Schnapsen Log"" and ""Winning Schnapsen"".",for information on winning strategy see the schnepsen log and winning schnepson,d63c3ce8191b6c4874f6b07195faaf82739ba799d1c4f4e684896652aacb56db
xlsr_english,dsuta,148,stage5ext_00593,771662210642ca9e2f17135f7a66db7f250f7f7bc6d9b3e3475b19d375389bcf6d1979c9a58a21cc866543ad80ab0e9641158290b7f6a9e1d0aad1635c730ab4,Australian English,australia,The Argentinian government settled the dispute diplomatically with Israel.,the argentinian government settled the dispute diplomatically with israel,57d55cba5bb630ebdf764d1ec550b9f5e27b9a092dbcc26e80008cce03c414cf
xlsr_english,dsuta,148,stage5ext_00594,771662210642ca9e2f17135f7a66db7f250f7f7bc6d9b3e3475b19d375389bcf6d1979c9a58a21cc866543ad80ab0e9641158290b7f6a9e1d0aad1635c730ab4,Australian English,australia,So he decides to put another dog to sleep.,so he decides to put another dog to sleep,57d55cba5bb630ebdf764d1ec550b9f5e27b9a092dbcc26e80008cce03c414cf
xlsr_english,dsuta,148,stage5ext_00595,771662210642ca9e2f17135f7a66db7f250f7f7bc6d9b3e3475b19d375389bcf6d1979c9a58a21cc866543ad80ab0e9641158290b7f6a9e1d0aad1635c730ab4,Australian English,australia,"Since that time, the pavilion has been used for seasonal special events.",since that time the pavilion has been used for seasonal special events,57d55cba5bb630ebdf764d1ec550b9f5e27b9a092dbcc26e80008cce03c414cf
xlsr_english,dsuta,148,stage5ext_00596,771662210642ca9e2f17135f7a66db7f250f7f7bc6d9b3e3475b19d375389bcf6d1979c9a58a21cc866543ad80ab0e9641158290b7f6a9e1d0aad1635c730ab4,Australian English,australia,"Zaxxon spawned an arcade sequel: ""Super Zaxxon"".",zakon spawned an arcade sequel super zaxon,57d55cba5bb630ebdf764d1ec550b9f5e27b9a092dbcc26e80008cce03c414cf
xlsr_english,dsuta,149,stage5ext_00597,771662210642ca9e2f17135f7a66db7f250f7f7bc6d9b3e3475b19d375389bcf6d1979c9a58a21cc866543ad80ab0e9641158290b7f6a9e1d0aad1635c730ab4,Australian English,australia,"He was a reserve officer, nervous, energetic, and enthusiastic.",he was a reserve officer nervous energetic and enthusiastic,253f5756136c255679c34cf55e743294922dcba7c5cabc55dcdf52a64f915765
xlsr_english,dsuta,149,stage5ext_00598,771662210642ca9e2f17135f7a66db7f250f7f7bc6d9b3e3475b19d375389bcf6d1979c9a58a21cc866543ad80ab0e9641158290b7f6a9e1d0aad1635c730ab4,Australian English,australia,"Welaras are used mainly in English riding, especially in hunter classes.",gelaras are used mainly in english writing especially in hunter classes,253f5756136c255679c34cf55e743294922dcba7c5cabc55dcdf52a64f915765
xlsr_english,dsuta,149,stage5ext_00599,771662210642ca9e2f17135f7a66db7f250f7f7bc6d9b3e3475b19d375389bcf6d1979c9a58a21cc866543ad80ab0e9641158290b7f6a9e1d0aad1635c730ab4,Australian English,australia,Tirumala will be flooded with devotes to witness this occasion.,tirumalla will be flooded with devotees to witness this occasion,253f5756136c255679c34cf55e743294922dcba7c5cabc55dcdf52a64f915765
xlsr_english,dsuta,149,stage5ext_00600,771662210642ca9e2f17135f7a66db7f250f7f7bc6d9b3e3475b19d375389bcf6d1979c9a58a21cc866543ad80ab0e9641158290b7f6a9e1d0aad1635c730ab4,Australian English,australia,"He has also advised political organisations of various stripes, colours and nationalities.",he has also advised political organizations of various stripes colors and nationalities,253f5756136c255679c34cf55e743294922dcba7c5cabc55dcdf52a64f915765
xlsr_english,dsuta,150,stage5ext_00601,3dadaf13c9f244c187466942367d1da68cf1ba3fd4c5a5b27614964bc19565e566d5daea151b505599991d84b7d5faf8db2afc26f992b1bb7b99004b1f5b36f7,Canadian English,canada,"Its main base was Moorabbin Airport, Melbourne.",its main base was mourabin airport melbourne,47e90df793795ceb84a4152a24c3cb46fa241ff39786f3966867d19a4c6d9adb
xlsr_english,dsuta,150,stage5ext_00602,3dadaf13c9f244c187466942367d1da68cf1ba3fd4c5a5b27614964bc19565e566d5daea151b505599991d84b7d5faf8db2afc26f992b1bb7b99004b1f5b36f7,Canadian English,canada,"Pioneer Memorial Park in Norton Saint, Leichhardt, has gardens and paths for passive recreation.",pioneer memorial park in northern saint lechhards has gardens and pasts for passive recreation,47e90df793795ceb84a4152a24c3cb46fa241ff39786f3966867d19a4c6d9adb
xlsr_english,dsuta,150,stage5ext_00603,3dadaf13c9f244c187466942367d1da68cf1ba3fd4c5a5b27614964bc19565e566d5daea151b505599991d84b7d5faf8db2afc26f992b1bb7b99004b1f5b36f7,Canadian English,canada,"Later, the costs for the scholarship ballooned substantially.",later the cost for the scholarship ballooned substantially,47e90df793795ceb84a4152a24c3cb46fa241ff39786f3966867d19a4c6d9adb
xlsr_english,dsuta,150,stage5ext_00604,3dadaf13c9f244c187466942367d1da68cf1ba3fd4c5a5b27614964bc19565e566d5daea151b505599991d84b7d5faf8db2afc26f992b1bb7b99004b1f5b36f7,Canadian English,canada,"However, fourths become important later in the opera, especially in the melodic development.",however forcs become important later in the opera especially in the melodic development,47e90df793795ceb84a4152a24c3cb46fa241ff39786f3966867d19a4c6d9adb
xlsr_english,dsuta,151,stage5ext_00605,3dadaf13c9f244c187466942367d1da68cf1ba3fd4c5a5b27614964bc19565e566d5daea151b505599991d84b7d5faf8db2afc26f992b1bb7b99004b1f5b36f7,Canadian English,canada,"If one server fails, client connections can be re-directed to another server.",if one server fails client connections can be redirected to another server,45e14d623f630893211df6e4870185d64534b47f5afb9463d3a1c749893dae26
xlsr_english,dsuta,151,stage5ext_00606,3dadaf13c9f244c187466942367d1da68cf1ba3fd4c5a5b27614964bc19565e566d5daea151b505599991d84b7d5faf8db2afc26f992b1bb7b99004b1f5b36f7,Canadian English,canada,Kailash taken by Martin Gray.,cay losh taken by martin gray,45e14d623f630893211df6e4870185d64534b47f5afb9463d3a1c749893dae26
xlsr_english,dsuta,151,stage5ext_00607,3dadaf13c9f244c187466942367d1da68cf1ba3fd4c5a5b27614964bc19565e566d5daea151b505599991d84b7d5faf8db2afc26f992b1bb7b99004b1f5b36f7,Canadian English,canada,"Geographically, it is situated in the central-most region of the state.",geographically it is situated in the central most region of the state,45e14d623f630893211df6e4870185d64534b47f5afb9463d3a1c749893dae26
xlsr_english,dsuta,151,stage5ext_00608,3dadaf13c9f244c187466942367d1da68cf1ba3fd4c5a5b27614964bc19565e566d5daea151b505599991d84b7d5faf8db2afc26f992b1bb7b99004b1f5b36f7,Canadian English,canada,"The meaning of Pinjar is unknown, but could be ""tadpole"" or ""swampy lake"".",the meaning of pinjar is unknown but could be tadpool or swampy lake,45e14d623f630893211df6e4870185d64534b47f5afb9463d3a1c749893dae26
xlsr_english,dsuta,152,stage5ext_00609,3dadaf13c9f244c187466942367d1da68cf1ba3fd4c5a5b27614964bc19565e566d5daea151b505599991d84b7d5faf8db2afc26f992b1bb7b99004b1f5b36f7,Canadian English,canada,There are also regular buses connecting from Mozarts Plads to the city centre.,there are also regular buses connecting from bozarts plats to the city centr,e1bce1d23c7e146474d76132c50e7ce5913c725fdbfc419edfc6c9932456fdaf
xlsr_english,dsuta,152,stage5ext_00610,3dadaf13c9f244c187466942367d1da68cf1ba3fd4c5a5b27614964bc19565e566d5daea151b505599991d84b7d5faf8db2afc26f992b1bb7b99004b1f5b36f7,Canadian English,canada,Protein methylation has been most studied in the histones.,protein metallasean has been most studied in the histones,e1bce1d23c7e146474d76132c50e7ce5913c725fdbfc419edfc6c9932456fdaf
xlsr_english,dsuta,152,stage5ext_00611,3dadaf13c9f244c187466942367d1da68cf1ba3fd4c5a5b27614964bc19565e566d5daea151b505599991d84b7d5faf8db2afc26f992b1bb7b99004b1f5b36f7,Canadian English,canada,"The spacewalkers received assistance from their crewmates inside ""Columbia"".",the spacewalkers receive assistance from their tourmates inside columbia,e1bce1d23c7e146474d76132c50e7ce5913c725fdbfc419edfc6c9932456fdaf
xlsr_english,dsuta,152,stage5ext_00612,3dadaf13c9f244c187466942367d1da68cf1ba3fd4c5a5b27614964bc19565e566d5daea151b505599991d84b7d5faf8db2afc26f992b1bb7b99004b1f5b36f7,Canadian English,canada,Early units were re-built several times by the end of the war.,early units were rebuilt several times by the end of the war,e1bce1d23c7e146474d76132c50e7ce5913c725fdbfc419edfc6c9932456fdaf
xlsr_english,dsuta,153,stage5ext_00613,3dadaf13c9f244c187466942367d1da68cf1ba3fd4c5a5b27614964bc19565e566d5daea151b505599991d84b7d5faf8db2afc26f992b1bb7b99004b1f5b36f7,Canadian English,canada,They are two-stroke cycle and generally carbureted.,they are two stroked cycles and generally carburated,5347afa51d8429e72d2413c8c2d9fefc8c7c9249cc111e9b44f561b6395d5a65
xlsr_english,dsuta,153,stage5ext_00614,3dadaf13c9f244c187466942367d1da68cf1ba3fd4c5a5b27614964bc19565e566d5daea151b505599991d84b7d5faf8db2afc26f992b1bb7b99004b1f5b36f7,Canadian English,canada,Murphy's clean-living habits off the diamond were frequently noted in the media.,murphes clean living habits of the diamond were frequently noted in the media,5347afa51d8429e72d2413c8c2d9fefc8c7c9249cc111e9b44f561b6395d5a65
xlsr_english,dsuta,153,stage5ext_00615,3dadaf13c9f244c187466942367d1da68cf1ba3fd4c5a5b27614964bc19565e566d5daea151b505599991d84b7d5faf8db2afc26f992b1bb7b99004b1f5b36f7,Canadian English,canada,Sometimes even his authorship has been challenged on the grounds of weak poetic imagination.,sometimes even his authoraship has been challenged on the grounds of weak poetic imagination,5347afa51d8429e72d2413c8c2d9fefc8c7c9249cc111e9b44f561b6395d5a65
xlsr_english,dsuta,153,stage5ext_00616,7f88fdb59ecec75df8d06d03bc7fc4361b1824c772236491ccd731fb10f14e3cf7b550aaf16a4ef48e695b440eb33ebadf6f080d1c562a2d32c0a2a52bfae9e2,Canadian English,canada,"The dead soldiers were replaced by others, and life went on.",the dead soldiers were replaced by others and life went on,5347afa51d8429e72d2413c8c2d9fefc8c7c9249cc111e9b44f561b6395d5a65
xlsr_english,dsuta,154,stage5ext_00617,7f88fdb59ecec75df8d06d03bc7fc4361b1824c772236491ccd731fb10f14e3cf7b550aaf16a4ef48e695b440eb33ebadf6f080d1c562a2d32c0a2a52bfae9e2,Canadian English,canada,His Internet connection was too slow.,his internet connection was too slow,315edc34ebee8b49e4f65757ba081c701e3dbd348106fbe89571eccc30e3d004
xlsr_english,dsuta,154,stage5ext_00618,7f88fdb59ecec75df8d06d03bc7fc4361b1824c772236491ccd731fb10f14e3cf7b550aaf16a4ef48e695b440eb33ebadf6f080d1c562a2d32c0a2a52bfae9e2,Canadian English,canada,"Listen and listen to me very closely, we call them lifts, not elevators.",listen and listen to me very closely we call them lifts not elevators,315edc34ebee8b49e4f65757ba081c701e3dbd348106fbe89571eccc30e3d004
xlsr_english,dsuta,154,stage5ext_00619,7f88fdb59ecec75df8d06d03bc7fc4361b1824c772236491ccd731fb10f14e3cf7b550aaf16a4ef48e695b440eb33ebadf6f080d1c562a2d32c0a2a52bfae9e2,Canadian English,canada,"If you want to contradict what I just said, you will have to provide footnotes.",if you want to contradict what i just said you will have to provide footnotes,315edc34ebee8b49e4f65757ba081c701e3dbd348106fbe89571eccc30e3d004
xlsr_english,dsuta,154,stage5ext_00620,7f88fdb59ecec75df8d06d03bc7fc4361b1824c772236491ccd731fb10f14e3cf7b550aaf16a4ef48e695b440eb33ebadf6f080d1c562a2d32c0a2a52bfae9e2,Canadian English,canada,Backface culling is a common trick to accelerate Three-D rendering.,backface culling is a common trick to accelerate three-d rendering,315edc34ebee8b49e4f65757ba081c701e3dbd348106fbe89571eccc30e3d004
xlsr_english,dsuta,155,stage5ext_00621,7f88fdb59ecec75df8d06d03bc7fc4361b1824c772236491ccd731fb10f14e3cf7b550aaf16a4ef48e695b440eb33ebadf6f080d1c562a2d32c0a2a52bfae9e2,Canadian English,canada,Fatima was more important than his treasure.,fatima was more important than his treasure,8481bbd0d8e8ead17efc54030e6d0563d0b637b85e436b1489a6049ec14e58e2
xlsr_english,dsuta,155,stage5ext_00622,7f88fdb59ecec75df8d06d03bc7fc4361b1824c772236491ccd731fb10f14e3cf7b550aaf16a4ef48e695b440eb33ebadf6f080d1c562a2d32c0a2a52bfae9e2,Canadian English,canada,But it was not to be.,but it was not to be,8481bbd0d8e8ead17efc54030e6d0563d0b637b85e436b1489a6049ec14e58e2
xlsr_english,dsuta,155,stage5ext_00623,7f88fdb59ecec75df8d06d03bc7fc4361b1824c772236491ccd731fb10f14e3cf7b550aaf16a4ef48e695b440eb33ebadf6f080d1c562a2d32c0a2a52bfae9e2,Canadian English,canada,Display a list of escape characters.,display a list of escape characters,8481bbd0d8e8ead17efc54030e6d0563d0b637b85e436b1489a6049ec14e58e2
xlsr_english,dsuta,155,stage5ext_00624,7f88fdb59ecec75df8d06d03bc7fc4361b1824c772236491ccd731fb10f14e3cf7b550aaf16a4ef48e695b440eb33ebadf6f080d1c562a2d32c0a2a52bfae9e2,Canadian English,canada,The Englishman had several suitcases filled with books.,the englishman had several suitcases filled with books,8481bbd0d8e8ead17efc54030e6d0563d0b637b85e436b1489a6049ec14e58e2
xlsr_english,dsuta,156,stage5ext_00625,7f88fdb59ecec75df8d06d03bc7fc4361b1824c772236491ccd731fb10f14e3cf7b550aaf16a4ef48e695b440eb33ebadf6f080d1c562a2d32c0a2a52bfae9e2,Canadian English,canada,He just got a new kite for his birthday.,he just got a new kite for his birthday,b3ff51c68085f6b9b20fcb6518aa7ea78e617dd71c31e15347076060248031cd
xlsr_english,dsuta,156,stage5ext_00626,7f88fdb59ecec75df8d06d03bc7fc4361b1824c772236491ccd731fb10f14e3cf7b550aaf16a4ef48e695b440eb33ebadf6f080d1c562a2d32c0a2a52bfae9e2,Canadian English,canada,"Well, it's a long list.",well it's a long list,b3ff51c68085f6b9b20fcb6518aa7ea78e617dd71c31e15347076060248031cd
xlsr_english,dsuta,156,stage5ext_00627,7f88fdb59ecec75df8d06d03bc7fc4361b1824c772236491ccd731fb10f14e3cf7b550aaf16a4ef48e695b440eb33ebadf6f080d1c562a2d32c0a2a52bfae9e2,Canadian English,canada,"One day, the earth began to tremble, and the Nile overflowed its banks.",one day the earth began to tremble and the nile overflowed its banks,b3ff51c68085f6b9b20fcb6518aa7ea78e617dd71c31e15347076060248031cd
xlsr_english,dsuta,156,stage5ext_00628,7f88fdb59ecec75df8d06d03bc7fc4361b1824c772236491ccd731fb10f14e3cf7b550aaf16a4ef48e695b440eb33ebadf6f080d1c562a2d32c0a2a52bfae9e2,Canadian English,canada,"The waitress was carrying an impressive amount of dinnerware, but then an earthquake occurred and she dropped it all.",the watress was carrying an impressive amount of dinnerwear but then an earthquake occurred and she dropped it all,b3ff51c68085f6b9b20fcb6518aa7ea78e617dd71c31e15347076060248031cd
xlsr_english,dsuta,157,stage5ext_00629,7f88fdb59ecec75df8d06d03bc7fc4361b1824c772236491ccd731fb10f14e3cf7b550aaf16a4ef48e695b440eb33ebadf6f080d1c562a2d32c0a2a52bfae9e2,Canadian English,canada,Johnny Depp is reprising his role for the third time in the new film.,johnny dep is reprising his role for the third time in the new film,ebf976623a194ad07a0abf30d88aed90de8b667c5cee4a49487a458b86e8bca4
xlsr_english,dsuta,157,stage5ext_00630,7f88fdb59ecec75df8d06d03bc7fc4361b1824c772236491ccd731fb10f14e3cf7b550aaf16a4ef48e695b440eb33ebadf6f080d1c562a2d32c0a2a52bfae9e2,Canadian English,canada,The insurance policy will expire in twenty-twenty.,the insurance policy will expire in twenty-twenty,ebf976623a194ad07a0abf30d88aed90de8b667c5cee4a49487a458b86e8bca4
xlsr_english,dsuta,157,stage5ext_00631,c351c258fb7f6fd98e2b6dccc6dcbad5257965c8aceac0c60ba5b390d3e326847e121870153e0c8b87504d77c2d7baab09aef2d54ecdf46d1134d28a49792650,Canadian English,canada,Who says I'm looking for a job?,who says i'm looking for a job,ebf976623a194ad07a0abf30d88aed90de8b667c5cee4a49487a458b86e8bca4
xlsr_english,dsuta,157,stage5ext_00632,c351c258fb7f6fd98e2b6dccc6dcbad5257965c8aceac0c60ba5b390d3e326847e121870153e0c8b87504d77c2d7baab09aef2d54ecdf46d1134d28a49792650,Canadian English,canada,She apparently didn't listen.,she apparently didn't lissen,ebf976623a194ad07a0abf30d88aed90de8b667c5cee4a49487a458b86e8bca4
xlsr_english,dsuta,158,stage5ext_00633,c351c258fb7f6fd98e2b6dccc6dcbad5257965c8aceac0c60ba5b390d3e326847e121870153e0c8b87504d77c2d7baab09aef2d54ecdf46d1134d28a49792650,Canadian English,canada,Do you know him?,do you know him,f08a53ff743d73a0f9ac7e655b09c5a7242f42acf99c6401e7c56494901e7085
xlsr_english,dsuta,158,stage5ext_00634,c351c258fb7f6fd98e2b6dccc6dcbad5257965c8aceac0c60ba5b390d3e326847e121870153e0c8b87504d77c2d7baab09aef2d54ecdf46d1134d28a49792650,Canadian English,canada,That's what I mean.,that's what i mean,f08a53ff743d73a0f9ac7e655b09c5a7242f42acf99c6401e7c56494901e7085
xlsr_english,dsuta,158,stage5ext_00635,c351c258fb7f6fd98e2b6dccc6dcbad5257965c8aceac0c60ba5b390d3e326847e121870153e0c8b87504d77c2d7baab09aef2d54ecdf46d1134d28a49792650,Canadian English,canada,The rectangle was parallel to the square.,the rectangle was parallel to the square,f08a53ff743d73a0f9ac7e655b09c5a7242f42acf99c6401e7c56494901e7085
xlsr_english,dsuta,158,stage5ext_00636,c351c258fb7f6fd98e2b6dccc6dcbad5257965c8aceac0c60ba5b390d3e326847e121870153e0c8b87504d77c2d7baab09aef2d54ecdf46d1134d28a49792650,Canadian English,canada,I wonder what's eating that old money grubbing buzzard anyway?,i wonder what's eating that old money grubbing buzzard anyway,f08a53ff743d73a0f9ac7e655b09c5a7242f42acf99c6401e7c56494901e7085
xlsr_english,dsuta,159,stage5ext_00637,c351c258fb7f6fd98e2b6dccc6dcbad5257965c8aceac0c60ba5b390d3e326847e121870153e0c8b87504d77c2d7baab09aef2d54ecdf46d1134d28a49792650,Canadian English,canada,She's a wonderful person.,she'is a wonderful person,4c15e562a18ce51349fea056e314f266a11ca3f1c5e62b21a9581667579f7d19
xlsr_english,dsuta,159,stage5ext_00638,c351c258fb7f6fd98e2b6dccc6dcbad5257965c8aceac0c60ba5b390d3e326847e121870153e0c8b87504d77c2d7baab09aef2d54ecdf46d1134d28a49792650,Canadian English,canada,"It was not clear who had the right of way, since the traffic lights were off.",it was not clear who had the right of way since the troffic lights were off,4c15e562a18ce51349fea056e314f266a11ca3f1c5e62b21a9581667579f7d19
xlsr_english,dsuta,159,stage5ext_00639,c351c258fb7f6fd98e2b6dccc6dcbad5257965c8aceac0c60ba5b390d3e326847e121870153e0c8b87504d77c2d7baab09aef2d54ecdf46d1134d28a49792650,Canadian English,canada,Your government is counting on you.,your government is counting on you,4c15e562a18ce51349fea056e314f266a11ca3f1c5e62b21a9581667579f7d19
xlsr_english,dsuta,159,stage5ext_00640,c351c258fb7f6fd98e2b6dccc6dcbad5257965c8aceac0c60ba5b390d3e326847e121870153e0c8b87504d77c2d7baab09aef2d54ecdf46d1134d28a49792650,Canadian English,canada,Mollie did give her some kind of story.,molly did give her some kind of story,4c15e562a18ce51349fea056e314f266a11ca3f1c5e62b21a9581667579f7d19
xlsr_english,dsuta,160,stage5ext_00641,c351c258fb7f6fd98e2b6dccc6dcbad5257965c8aceac0c60ba5b390d3e326847e121870153e0c8b87504d77c2d7baab09aef2d54ecdf46d1134d28a49792650,Canadian English,canada,Fresh coffee is much better than the freeze dried stuff.,fresh coffee is much better than the freeze-dried stuff,88872582e69bf1aebe44e1990a64f33478785f5bfb6a797ac0a86e100175d4df
xlsr_english,dsuta,160,stage5ext_00642,c351c258fb7f6fd98e2b6dccc6dcbad5257965c8aceac0c60ba5b390d3e326847e121870153e0c8b87504d77c2d7baab09aef2d54ecdf46d1134d28a49792650,Canadian English,canada,Sandra read aloud the strange excerpt.,sandra read aloud the strange exorpt,88872582e69bf1aebe44e1990a64f33478785f5bfb6a797ac0a86e100175d4df
xlsr_english,dsuta,160,stage5ext_00643,c351c258fb7f6fd98e2b6dccc6dcbad5257965c8aceac0c60ba5b390d3e326847e121870153e0c8b87504d77c2d7baab09aef2d54ecdf46d1134d28a49792650,Canadian English,canada,Denise hoovered the rug.,denise hoovered the rug,88872582e69bf1aebe44e1990a64f33478785f5bfb6a797ac0a86e100175d4df
xlsr_english,dsuta,160,stage5ext_00644,c351c258fb7f6fd98e2b6dccc6dcbad5257965c8aceac0c60ba5b390d3e326847e121870153e0c8b87504d77c2d7baab09aef2d54ecdf46d1134d28a49792650,Canadian English,canada,He fondled his bright orange beard.,he fondled his bright orange beard,88872582e69bf1aebe44e1990a64f33478785f5bfb6a797ac0a86e100175d4df
xlsr_english,dsuta,161,stage5ext_00645,c351c258fb7f6fd98e2b6dccc6dcbad5257965c8aceac0c60ba5b390d3e326847e121870153e0c8b87504d77c2d7baab09aef2d54ecdf46d1134d28a49792650,Canadian English,canada,I knew you'd wake up sooner or later!,i knew you'd wake up sooner or later,0895bd30da346d3961fe07afadc240a171c21951322647085f080b98a614b658
xlsr_english,dsuta,161,stage5ext_00646,760d3165d3a07ad90ef4a2b9248bbf4ad9fb43b3d7a518ee594214a8cddc34fa81c1608244500a4e6c4c7a43bcc7aa747d4aaf12ec5ef17ace5bbaaded5a7c73,Canadian English,canada,"Washington Township was named for George Washington, first president of the United States.",washington township was named for george washington first president of the united states,0895bd30da346d3961fe07afadc240a171c21951322647085f080b98a614b658
xlsr_english,dsuta,161,stage5ext_00647,760d3165d3a07ad90ef4a2b9248bbf4ad9fb43b3d7a518ee594214a8cddc34fa81c1608244500a4e6c4c7a43bcc7aa747d4aaf12ec5ef17ace5bbaaded5a7c73,Canadian English,canada,Mount Berry was named after Berry College founder Martha Berry.,malberry was named after barry college founder martha berry,0895bd30da346d3961fe07afadc240a171c21951322647085f080b98a614b658
xlsr_english,dsuta,161,stage5ext_00648,760d3165d3a07ad90ef4a2b9248bbf4ad9fb43b3d7a518ee594214a8cddc34fa81c1608244500a4e6c4c7a43bcc7aa747d4aaf12ec5ef17ace5bbaaded5a7c73,Canadian English,canada,The boys and girls winners go to Birmingham for the Final Four tournament.,the boys and girls winners go to birmingham for the final four tournament,0895bd30da346d3961fe07afadc240a171c21951322647085f080b98a614b658
xlsr_english,dsuta,162,stage5ext_00649,760d3165d3a07ad90ef4a2b9248bbf4ad9fb43b3d7a518ee594214a8cddc34fa81c1608244500a4e6c4c7a43bcc7aa747d4aaf12ec5ef17ace5bbaaded5a7c73,Canadian English,canada,"In the central business district, the main activities include welding, carpentry and masonry.",in the central business district the main activities include welding carpentree and maisonry,b91feec0a98be088e72f0de962ade3081348f4ad18b5c9b84042e955127d7663
xlsr_english,dsuta,162,stage5ext_00650,760d3165d3a07ad90ef4a2b9248bbf4ad9fb43b3d7a518ee594214a8cddc34fa81c1608244500a4e6c4c7a43bcc7aa747d4aaf12ec5ef17ace5bbaaded5a7c73,Canadian English,canada,Drivers pass by Engineer Mountain and Twilight Peak before crossing Coal Bank Pass.,drivers pass by engineer mountain and twilight peak before crossing coalbank pass,b91feec0a98be088e72f0de962ade3081348f4ad18b5c9b84042e955127d7663
xlsr_english,dsuta,162,stage5ext_00651,760d3165d3a07ad90ef4a2b9248bbf4ad9fb43b3d7a518ee594214a8cddc34fa81c1608244500a4e6c4c7a43bcc7aa747d4aaf12ec5ef17ace5bbaaded5a7c73,Canadian English,canada,The scope may provide direct visualization or may be attached to a video monitor.,the scope may provide direct visualization or may be attached to a video monitor,b91feec0a98be088e72f0de962ade3081348f4ad18b5c9b84042e955127d7663
xlsr_english,dsuta,162,stage5ext_00652,760d3165d3a07ad90ef4a2b9248bbf4ad9fb43b3d7a518ee594214a8cddc34fa81c1608244500a4e6c4c7a43bcc7aa747d4aaf12ec5ef17ace5bbaaded5a7c73,Canadian English,canada,Other scholars refute these arguments-particularly since Josephus describes some Essenes as allowing marriage.,other scholars refute these arguments particularly since drosaphus describes some ascents as allowing marriage,b91feec0a98be088e72f0de962ade3081348f4ad18b5c9b84042e955127d7663
xlsr_english,dsuta,163,stage5ext_00653,760d3165d3a07ad90ef4a2b9248bbf4ad9fb43b3d7a518ee594214a8cddc34fa81c1608244500a4e6c4c7a43bcc7aa747d4aaf12ec5ef17ace5bbaaded5a7c73,Canadian English,canada,"Violence occurs in childhood sexual abuse, date rape, intimate partner violence, and sexual harassment.",vilence occurs in childhood sexial abuse daterate intimate partner violence and sexial harassment,ff457f2c205b08b3b755a0d5fc38d32984341389c8e10be277010eee75c367b6
xlsr_english,dsuta,163,stage5ext_00654,760d3165d3a07ad90ef4a2b9248bbf4ad9fb43b3d7a518ee594214a8cddc34fa81c1608244500a4e6c4c7a43bcc7aa747d4aaf12ec5ef17ace5bbaaded5a7c73,Canadian English,canada,Baby later changed his stage name to Birdman after the duo was dissolved.,baby later changed his stage name to birdman after the duo was dissolved,ff457f2c205b08b3b755a0d5fc38d32984341389c8e10be277010eee75c367b6
xlsr_english,dsuta,163,stage5ext_00655,760d3165d3a07ad90ef4a2b9248bbf4ad9fb43b3d7a518ee594214a8cddc34fa81c1608244500a4e6c4c7a43bcc7aa747d4aaf12ec5ef17ace5bbaaded5a7c73,Canadian English,canada,Manufacturers of identification badges recognized a market and began advertising in periodicals.,manufacturers of identification badges recognized a market and began advertising in periodicals,ff457f2c205b08b3b755a0d5fc38d32984341389c8e10be277010eee75c367b6
xlsr_english,dsuta,163,stage5ext_00656,760d3165d3a07ad90ef4a2b9248bbf4ad9fb43b3d7a518ee594214a8cddc34fa81c1608244500a4e6c4c7a43bcc7aa747d4aaf12ec5ef17ace5bbaaded5a7c73,Canadian English,canada,Dozens of descriptions of Elizabeth on that day exist with slightly differing details.,dozens of descriptions of elizabeth on that day exist with slightly differing details,ff457f2c205b08b3b755a0d5fc38d32984341389c8e10be277010eee75c367b6
xlsr_english,dsuta,164,stage5ext_00657,760d3165d3a07ad90ef4a2b9248bbf4ad9fb43b3d7a518ee594214a8cddc34fa81c1608244500a4e6c4c7a43bcc7aa747d4aaf12ec5ef17ace5bbaaded5a7c73,Canadian English,canada,However Victoria didn't develop any games.,however victoria didn't develop any games,45ca9ae0ded98a4340b2cba56179ec160baaa16fa09bb319d3e92aa98c776d97
xlsr_english,dsuta,164,stage5ext_00658,760d3165d3a07ad90ef4a2b9248bbf4ad9fb43b3d7a518ee594214a8cddc34fa81c1608244500a4e6c4c7a43bcc7aa747d4aaf12ec5ef17ace5bbaaded5a7c73,Canadian English,canada,"Following Dunkirk, ""Jackal"" returned to the routine of convoy escort and patrols.",following dunkirk jacquel returned to the routine of convoy escort and patrols,45ca9ae0ded98a4340b2cba56179ec160baaa16fa09bb319d3e92aa98c776d97
xlsr_english,dsuta,164,stage5ext_00659,760d3165d3a07ad90ef4a2b9248bbf4ad9fb43b3d7a518ee594214a8cddc34fa81c1608244500a4e6c4c7a43bcc7aa747d4aaf12ec5ef17ace5bbaaded5a7c73,Canadian English,canada,O'Quinn held this role for all three seasons of the series.,o'quin held this role for all three seasons of the series,45ca9ae0ded98a4340b2cba56179ec160baaa16fa09bb319d3e92aa98c776d97
xlsr_english,dsuta,164,stage5ext_00660,760d3165d3a07ad90ef4a2b9248bbf4ad9fb43b3d7a518ee594214a8cddc34fa81c1608244500a4e6c4c7a43bcc7aa747d4aaf12ec5ef17ace5bbaaded5a7c73,Canadian English,canada,Sartene wine is appreciated by wine connoisseurs for its good quality.,sartin wine is appreciated by wine conissers for its good quality,45ca9ae0ded98a4340b2cba56179ec160baaa16fa09bb319d3e92aa98c776d97
xlsr_english,dsuta,165,stage5ext_00661,591dc19ef324950dafd8ce359e9711f332297ea7ff75da4847f4653c4698cfb4a469db4e15b5ea6b6512eb8f51f1b066477920287c57ae1056528e11c1bd1976,Canadian English,canada,It was returned to Prussia at the end of the war.,it was returned to prussia at the end of the war,2d5cd4de08defd75034e9f5d975886f8d4dc11f0f1360781d44406c80b20eb2a
xlsr_english,dsuta,165,stage5ext_00662,591dc19ef324950dafd8ce359e9711f332297ea7ff75da4847f4653c4698cfb4a469db4e15b5ea6b6512eb8f51f1b066477920287c57ae1056528e11c1bd1976,Canadian English,canada,It is now named Longton Exchange.,it is now named longton exchange,2d5cd4de08defd75034e9f5d975886f8d4dc11f0f1360781d44406c80b20eb2a
xlsr_english,dsuta,165,stage5ext_00663,591dc19ef324950dafd8ce359e9711f332297ea7ff75da4847f4653c4698cfb4a469db4e15b5ea6b6512eb8f51f1b066477920287c57ae1056528e11c1bd1976,Canadian English,canada,Eddie Antar was eventually charged with a series of crimes.,eddie unter was eventually charged with a series of crimes,2d5cd4de08defd75034e9f5d975886f8d4dc11f0f1360781d44406c80b20eb2a
xlsr_english,dsuta,165,stage5ext_00664,591dc19ef324950dafd8ce359e9711f332297ea7ff75da4847f4653c4698cfb4a469db4e15b5ea6b6512eb8f51f1b066477920287c57ae1056528e11c1bd1976,Canadian English,canada,The monuments built by these Sultans were the first examples of Indo-Islamic Architecture.,the monuments built by these sultans were the first examples of indoislamic architecture,2d5cd4de08defd75034e9f5d975886f8d4dc11f0f1360781d44406c80b20eb2a
xlsr_english,dsuta,166,stage5ext_00665,591dc19ef324950dafd8ce359e9711f332297ea7ff75da4847f4653c4698cfb4a469db4e15b5ea6b6512eb8f51f1b066477920287c57ae1056528e11c1bd1976,Canadian English,canada,"She has two sisters, Laura Norris and Sarah McNeil, and a brother, Andrew McNeil.",she has two sisters laura noris and sara mcneil and a brother andrew mcneil,f738dd6c25c1040029cfe65f4a9052a33a0dcfcf4ddc58788f4685859bc94f7b
xlsr_english,dsuta,166,stage5ext_00666,591dc19ef324950dafd8ce359e9711f332297ea7ff75da4847f4653c4698cfb4a469db4e15b5ea6b6512eb8f51f1b066477920287c57ae1056528e11c1bd1976,Canadian English,canada,"Earthquakes along the fault, and the associated earth movements, have formed the Southern Alps.",earthquakes along the fault and the associated earth movements have formed the southern alps,f738dd6c25c1040029cfe65f4a9052a33a0dcfcf4ddc58788f4685859bc94f7b
xlsr_english,dsuta,166,stage5ext_00667,591dc19ef324950dafd8ce359e9711f332297ea7ff75da4847f4653c4698cfb4a469db4e15b5ea6b6512eb8f51f1b066477920287c57ae1056528e11c1bd1976,Canadian English,canada,Expression Encoder consists of two editions: A freeware edition and a commercial Pro edition.,expression an coder consists of two editions a freeware edition and a commercial pro-edition,f738dd6c25c1040029cfe65f4a9052a33a0dcfcf4ddc58788f4685859bc94f7b
xlsr_english,dsuta,166,stage5ext_00668,591dc19ef324950dafd8ce359e9711f332297ea7ff75da4847f4653c4698cfb4a469db4e15b5ea6b6512eb8f51f1b066477920287c57ae1056528e11c1bd1976,Canadian English,canada,The couple's working relationship became personal and resulted in marriage the following year.,the couple's working relationship became personal and resulted in marriage the following year,f738dd6c25c1040029cfe65f4a9052a33a0dcfcf4ddc58788f4685859bc94f7b
xlsr_english,dsuta,167,stage5ext_00669,591dc19ef324950dafd8ce359e9711f332297ea7ff75da4847f4653c4698cfb4a469db4e15b5ea6b6512eb8f51f1b066477920287c57ae1056528e11c1bd1976,Canadian English,canada,"Upon returning to the Mets, his career was reborn.",upon returning to the mets his career was reborn,d6ff1a7de626db534d5868970e31df2982d6e94a34b213adb1cbe0ea4ae6ba2a
xlsr_english,dsuta,167,stage5ext_00670,591dc19ef324950dafd8ce359e9711f332297ea7ff75da4847f4653c4698cfb4a469db4e15b5ea6b6512eb8f51f1b066477920287c57ae1056528e11c1bd1976,Canadian English,canada,"She was in the award-winning musical ""Light in the Piazza"" on Broadway.",she was in the award winning musical light in the piaza on broadway,d6ff1a7de626db534d5868970e31df2982d6e94a34b213adb1cbe0ea4ae6ba2a
xlsr_english,dsuta,167,stage5ext_00671,591dc19ef324950dafd8ce359e9711f332297ea7ff75da4847f4653c4698cfb4a469db4e15b5ea6b6512eb8f51f1b066477920287c57ae1056528e11c1bd1976,Canadian English,canada,He then went on to a second career as a car racing driver.,he then went on to a second career as a car racing driver,d6ff1a7de626db534d5868970e31df2982d6e94a34b213adb1cbe0ea4ae6ba2a
xlsr_english,dsuta,167,stage5ext_00672,591dc19ef324950dafd8ce359e9711f332297ea7ff75da4847f4653c4698cfb4a469db4e15b5ea6b6512eb8f51f1b066477920287c57ae1056528e11c1bd1976,Canadian English,canada,"For Mainz, Joseph Ludwig Colmar was soon appointed as bishop.",for mains joseph ludwig colmar was soon appointed as bishop,d6ff1a7de626db534d5868970e31df2982d6e94a34b213adb1cbe0ea4ae6ba2a
xlsr_english,dsuta,168,stage5ext_00673,591dc19ef324950dafd8ce359e9711f332297ea7ff75da4847f4653c4698cfb4a469db4e15b5ea6b6512eb8f51f1b066477920287c57ae1056528e11c1bd1976,Canadian English,canada,"He has been nicknamed ""The Man of a Thousand Voices"".",he has been nicknamed the man of a thousand voices,3220402ebbb12cd19a46586ba39ac0bc8daf96cd47d7c31b3a87d0f1cc3a88cd
xlsr_english,dsuta,168,stage5ext_00674,591dc19ef324950dafd8ce359e9711f332297ea7ff75da4847f4653c4698cfb4a469db4e15b5ea6b6512eb8f51f1b066477920287c57ae1056528e11c1bd1976,Canadian English,canada,He then teamed up Martin Salkin and Milt Gabler of Decca Records.,he then teamed up martin salcon and milt gabbler of decca records,3220402ebbb12cd19a46586ba39ac0bc8daf96cd47d7c31b3a87d0f1cc3a88cd
xlsr_english,dsuta,168,stage5ext_00675,591dc19ef324950dafd8ce359e9711f332297ea7ff75da4847f4653c4698cfb4a469db4e15b5ea6b6512eb8f51f1b066477920287c57ae1056528e11c1bd1976,Canadian English,canada,"They became most prominent in the Roman Republic, and continued into the Empire.",they became the most prominent in the roman republic and continued into the empire,3220402ebbb12cd19a46586ba39ac0bc8daf96cd47d7c31b3a87d0f1cc3a88cd
xlsr_english,dsuta,168,stage5ext_00676,87b42e85779256f12cd8467a8790384f4d1ba3aa2c3821b798e151f94702c8fecb77a8f125195bf02e72b9c5cf01c3d6ddda5e6d3aa87b4bc525756a8c2b8807,Canadian English,canada,East-southeast of Boussingault lies the crater Neumayer.,east-southeast of busingol lies the crater noulmeyer,3220402ebbb12cd19a46586ba39ac0bc8daf96cd47d7c31b3a87d0f1cc3a88cd
xlsr_english,dsuta,169,stage5ext_00677,87b42e85779256f12cd8467a8790384f4d1ba3aa2c3821b798e151f94702c8fecb77a8f125195bf02e72b9c5cf01c3d6ddda5e6d3aa87b4bc525756a8c2b8807,Canadian English,canada,Recorded at the composer's studio under his supervision.,recorded at the composer's studio under his supervision,1792ffbe1173b39f37697fe1173bf7fba8e4c2083f8214c3af270afa6040bf69
xlsr_english,dsuta,169,stage5ext_00678,87b42e85779256f12cd8467a8790384f4d1ba3aa2c3821b798e151f94702c8fecb77a8f125195bf02e72b9c5cf01c3d6ddda5e6d3aa87b4bc525756a8c2b8807,Canadian English,canada,Varied versions of the artwork within the album exist.,varied versions of the artwork within the album exist,1792ffbe1173b39f37697fe1173bf7fba8e4c2083f8214c3af270afa6040bf69
xlsr_english,dsuta,169,stage5ext_00679,87b42e85779256f12cd8467a8790384f4d1ba3aa2c3821b798e151f94702c8fecb77a8f125195bf02e72b9c5cf01c3d6ddda5e6d3aa87b4bc525756a8c2b8807,Canadian English,canada,"Construction was conducted by Kassel, Germany-based Henschel.",construction was conducted by castle germany-based henshell,1792ffbe1173b39f37697fe1173bf7fba8e4c2083f8214c3af270afa6040bf69
xlsr_english,dsuta,169,stage5ext_00680,87b42e85779256f12cd8467a8790384f4d1ba3aa2c3821b798e151f94702c8fecb77a8f125195bf02e72b9c5cf01c3d6ddda5e6d3aa87b4bc525756a8c2b8807,Canadian English,canada,He started reading novels and literature since he just finished the primary school.,he started reading novels and literature since he just finished the primary school,1792ffbe1173b39f37697fe1173bf7fba8e4c2083f8214c3af270afa6040bf69
xlsr_english,dsuta,170,stage5ext_00681,87b42e85779256f12cd8467a8790384f4d1ba3aa2c3821b798e151f94702c8fecb77a8f125195bf02e72b9c5cf01c3d6ddda5e6d3aa87b4bc525756a8c2b8807,Canadian English,canada,They won a majority of seats in every province and territory.,they won a majority of seats in every province and territory,5fec130847f795a8e81d1a7eb7881eddbdb19e60565b9e49f96986f7cc315dd5
xlsr_english,dsuta,170,stage5ext_00682,87b42e85779256f12cd8467a8790384f4d1ba3aa2c3821b798e151f94702c8fecb77a8f125195bf02e72b9c5cf01c3d6ddda5e6d3aa87b4bc525756a8c2b8807,Canadian English,canada,Opposed to the more moderate Parchamis were the radical Khalq faction.,opposed to the more moderate parchemus were the more rodical calcfaction,5fec130847f795a8e81d1a7eb7881eddbdb19e60565b9e49f96986f7cc315dd5
xlsr_english,dsuta,170,stage5ext_00683,87b42e85779256f12cd8467a8790384f4d1ba3aa2c3821b798e151f94702c8fecb77a8f125195bf02e72b9c5cf01c3d6ddda5e6d3aa87b4bc525756a8c2b8807,Canadian English,canada,Gyrich is also involved in hunting the Hulk after the events of Onslaught.,gyrich is also involved in hunting the hulk after the events of onslout,5fec130847f795a8e81d1a7eb7881eddbdb19e60565b9e49f96986f7cc315dd5
xlsr_english,dsuta,170,stage5ext_00684,87b42e85779256f12cd8467a8790384f4d1ba3aa2c3821b798e151f94702c8fecb77a8f125195bf02e72b9c5cf01c3d6ddda5e6d3aa87b4bc525756a8c2b8807,Canadian English,canada,It was also hosted by the team of Rich Landrum and Johnny Weaver.,it was also hosted by the team of rich landrum and johnny weaver,5fec130847f795a8e81d1a7eb7881eddbdb19e60565b9e49f96986f7cc315dd5
xlsr_english,dsuta,171,stage5ext_00685,87b42e85779256f12cd8467a8790384f4d1ba3aa2c3821b798e151f94702c8fecb77a8f125195bf02e72b9c5cf01c3d6ddda5e6d3aa87b4bc525756a8c2b8807,Canadian English,canada,"His cause for canonization was introduced by his religious order, the Basilian Alepian Order.",his cause for canonization was introduced by his religious order the bazilian elympian order,d0ba22b44dd2d56e2fedcd1d81a18e307c7a18590136a4a68649906f793d5a40
xlsr_english,dsuta,171,stage5ext_00686,87b42e85779256f12cd8467a8790384f4d1ba3aa2c3821b798e151f94702c8fecb77a8f125195bf02e72b9c5cf01c3d6ddda5e6d3aa87b4bc525756a8c2b8807,Canadian English,canada,"Terminals can be attacked and disabled, but not destroyed.",terminals can be attacked and disabled but not destroyed,d0ba22b44dd2d56e2fedcd1d81a18e307c7a18590136a4a68649906f793d5a40
xlsr_english,dsuta,171,stage5ext_00687,87b42e85779256f12cd8467a8790384f4d1ba3aa2c3821b798e151f94702c8fecb77a8f125195bf02e72b9c5cf01c3d6ddda5e6d3aa87b4bc525756a8c2b8807,Canadian English,canada,They're going to see this as an historic time.,they're going to see this as a historic time,d0ba22b44dd2d56e2fedcd1d81a18e307c7a18590136a4a68649906f793d5a40
xlsr_english,dsuta,171,stage5ext_00688,87b42e85779256f12cd8467a8790384f4d1ba3aa2c3821b798e151f94702c8fecb77a8f125195bf02e72b9c5cf01c3d6ddda5e6d3aa87b4bc525756a8c2b8807,Canadian English,canada,"Due to his high penance, Lord murugan appeared like snake to him.",due to his high penants lord mutigan appeared like snake to him,d0ba22b44dd2d56e2fedcd1d81a18e307c7a18590136a4a68649906f793d5a40
xlsr_english,dsuta,172,stage5ext_00689,87b42e85779256f12cd8467a8790384f4d1ba3aa2c3821b798e151f94702c8fecb77a8f125195bf02e72b9c5cf01c3d6ddda5e6d3aa87b4bc525756a8c2b8807,Canadian English,canada,Consumption soon returned to normal however.,consumption soon returned to normal however,330883ed0f5164cdc8f1ed74ed2f92240b4c4e60dbb45d3b154acbb68faa514b
xlsr_english,dsuta,172,stage5ext_00690,87b42e85779256f12cd8467a8790384f4d1ba3aa2c3821b798e151f94702c8fecb77a8f125195bf02e72b9c5cf01c3d6ddda5e6d3aa87b4bc525756a8c2b8807,Canadian English,canada,"Alva was featured in the video game, ""Tony Hawk's American Wasteland"".",alva was featured in the window game tony hawks american wasteland,330883ed0f5164cdc8f1ed74ed2f92240b4c4e60dbb45d3b154acbb68faa514b
xlsr_english,dsuta,172,stage5ext_00691,1bda50a4a88d77a1bc592a14e21c501410d6db026449e39808be8fdf0a370dcc6adb09567d53480b5796f2560267441eafe3faf65ae56ae50502479cbab97242,Canadian English,canada,"They found all sorts of drugs at Howard's house: Cocaine, meth, heroine...",they found all sorts of drugs at howards house cocane muthheroin,330883ed0f5164cdc8f1ed74ed2f92240b4c4e60dbb45d3b154acbb68faa514b
xlsr_english,dsuta,172,stage5ext_00692,1bda50a4a88d77a1bc592a14e21c501410d6db026449e39808be8fdf0a370dcc6adb09567d53480b5796f2560267441eafe3faf65ae56ae50502479cbab97242,Canadian English,canada,"Sure, I will be right back.",sure i'll be right back,330883ed0f5164cdc8f1ed74ed2f92240b4c4e60dbb45d3b154acbb68faa514b
xlsr_english,dsuta,173,stage5ext_00693,1bda50a4a88d77a1bc592a14e21c501410d6db026449e39808be8fdf0a370dcc6adb09567d53480b5796f2560267441eafe3faf65ae56ae50502479cbab97242,Canadian English,canada,"When he got the call, Ali ran out of the store, down the street, and into the car.",when he got the call ali ran out of the store down the street and entered the car,e94ec0dc94bda9b98a30a93999b2155cd9b686189b692a13ae560bde43bff38d
xlsr_english,dsuta,173,stage5ext_00694,1bda50a4a88d77a1bc592a14e21c501410d6db026449e39808be8fdf0a370dcc6adb09567d53480b5796f2560267441eafe3faf65ae56ae50502479cbab97242,Canadian English,canada,"As they began to decorate the hallway, a silhouette appeared in the doorway.",as they began to decorate the hallway a silhouetta appeared in the doorway,e94ec0dc94bda9b98a30a93999b2155cd9b686189b692a13ae560bde43bff38d
xlsr_english,dsuta,173,stage5ext_00695,1bda50a4a88d77a1bc592a14e21c501410d6db026449e39808be8fdf0a370dcc6adb09567d53480b5796f2560267441eafe3faf65ae56ae50502479cbab97242,Canadian English,canada,"Roaming endlessly around the park, she wants to go home.",roming endlessly around the park she wants to go home,e94ec0dc94bda9b98a30a93999b2155cd9b686189b692a13ae560bde43bff38d
xlsr_english,dsuta,173,stage5ext_00696,1bda50a4a88d77a1bc592a14e21c501410d6db026449e39808be8fdf0a370dcc6adb09567d53480b5796f2560267441eafe3faf65ae56ae50502479cbab97242,Canadian English,canada,"Hooray, we're going to Alaska!",haray we're going to alaska,e94ec0dc94bda9b98a30a93999b2155cd9b686189b692a13ae560bde43bff38d
xlsr_english,dsuta,174,stage5ext_00697,1bda50a4a88d77a1bc592a14e21c501410d6db026449e39808be8fdf0a370dcc6adb09567d53480b5796f2560267441eafe3faf65ae56ae50502479cbab97242,Canadian English,canada,"In the discotheque, the DJ played progressive house music and trance.",in the discoteck the dj played progressive house music and trance,6a93f55a2dd10665522edf19e59b04ffb90e776913f4a57e9a9b2cdb3555873f
xlsr_english,dsuta,174,stage5ext_00698,1bda50a4a88d77a1bc592a14e21c501410d6db026449e39808be8fdf0a370dcc6adb09567d53480b5796f2560267441eafe3faf65ae56ae50502479cbab97242,Canadian English,canada,Susan is an artist who lives in Vermont.,susan is an artist who lives in vermont,6a93f55a2dd10665522edf19e59b04ffb90e776913f4a57e9a9b2cdb3555873f
xlsr_english,dsuta,174,stage5ext_00699,1bda50a4a88d77a1bc592a14e21c501410d6db026449e39808be8fdf0a370dcc6adb09567d53480b5796f2560267441eafe3faf65ae56ae50502479cbab97242,Canadian English,canada,What is the matter with you?,what is the matter with you,6a93f55a2dd10665522edf19e59b04ffb90e776913f4a57e9a9b2cdb3555873f
xlsr_english,dsuta,174,stage5ext_00700,1bda50a4a88d77a1bc592a14e21c501410d6db026449e39808be8fdf0a370dcc6adb09567d53480b5796f2560267441eafe3faf65ae56ae50502479cbab97242,Canadian English,canada,"She is a very smart lady, and I think she can figure it out.",she is a very smart lady and i think she can figure it out,6a93f55a2dd10665522edf19e59b04ffb90e776913f4a57e9a9b2cdb3555873f
xlsr_english,dsuta,175,stage5ext_00701,1bda50a4a88d77a1bc592a14e21c501410d6db026449e39808be8fdf0a370dcc6adb09567d53480b5796f2560267441eafe3faf65ae56ae50502479cbab97242,Canadian English,canada,"Astronomy might be complicated, but it's not rocket science.",astronomy might be complicated but its not rocket science,44df71206d4e8ca4d7342140d69a01cdaf2c771068519b9a55a0466d1fff4b92
xlsr_english,dsuta,175,stage5ext_00702,1bda50a4a88d77a1bc592a14e21c501410d6db026449e39808be8fdf0a370dcc6adb09567d53480b5796f2560267441eafe3faf65ae56ae50502479cbab97242,Canadian English,canada,"Angela is pregnant, she told me.",angela is pregnant she told me,44df71206d4e8ca4d7342140d69a01cdaf2c771068519b9a55a0466d1fff4b92
xlsr_english,dsuta,175,stage5ext_00703,1bda50a4a88d77a1bc592a14e21c501410d6db026449e39808be8fdf0a370dcc6adb09567d53480b5796f2560267441eafe3faf65ae56ae50502479cbab97242,Canadian English,canada,"The diver forced open the oyster, revealing a shimmering pearl.",the diver forced open the oyster revealing a shimering pearl,44df71206d4e8ca4d7342140d69a01cdaf2c771068519b9a55a0466d1fff4b92
xlsr_english,dsuta,175,stage5ext_00704,1bda50a4a88d77a1bc592a14e21c501410d6db026449e39808be8fdf0a370dcc6adb09567d53480b5796f2560267441eafe3faf65ae56ae50502479cbab97242,Canadian English,canada,"Salmon is one of the most popular fish and very delicious, though usually not sustainable.",salmon is one of the most popular fish and very delicious though usually not sustainable,44df71206d4e8ca4d7342140d69a01cdaf2c771068519b9a55a0466d1fff4b92
xlsr_english,dsuta,176,stage5ext_00705,1bda50a4a88d77a1bc592a14e21c501410d6db026449e39808be8fdf0a370dcc6adb09567d53480b5796f2560267441eafe3faf65ae56ae50502479cbab97242,Canadian English,canada,"This pepperoni tastes off, she said.",thes paperony tastes off she said,680ebb2ec306265c78445ec67d941464387a55ad414648a41f039b9005256c80
xlsr_english,dsuta,176,stage5ext_00706,3609f33a23ed07b4e369020bc8bfcb519c8e108d2510cda5649a103fb8e4c9a120753d04b1cfbf9d5ebca2b2674d1f16d7269aa4d619254315923f04a0e8872a,Canadian English,canada,You might as well play Russian roulette.,you might as well play russian roulete,680ebb2ec306265c78445ec67d941464387a55ad414648a41f039b9005256c80
xlsr_english,dsuta,176,stage5ext_00707,3609f33a23ed07b4e369020bc8bfcb519c8e108d2510cda5649a103fb8e4c9a120753d04b1cfbf9d5ebca2b2674d1f16d7269aa4d619254315923f04a0e8872a,Canadian English,canada,We are going to the football game tonight.,we are going to the football game tonight,680ebb2ec306265c78445ec67d941464387a55ad414648a41f039b9005256c80
xlsr_english,dsuta,176,stage5ext_00708,3609f33a23ed07b4e369020bc8bfcb519c8e108d2510cda5649a103fb8e4c9a120753d04b1cfbf9d5ebca2b2674d1f16d7269aa4d619254315923f04a0e8872a,Canadian English,canada,Send the stuff in a thick paper bag.,send the stuff in a thick paper bag,680ebb2ec306265c78445ec67d941464387a55ad414648a41f039b9005256c80
xlsr_english,dsuta,177,stage5ext_00709,3609f33a23ed07b4e369020bc8bfcb519c8e108d2510cda5649a103fb8e4c9a120753d04b1cfbf9d5ebca2b2674d1f16d7269aa4d619254315923f04a0e8872a,Canadian English,canada,The early bird catches the worm.,the early bird catches the worm,177c6a922333447c121265242b82ac07ff0a87cea11af00b48e1f5ac503da612
xlsr_english,dsuta,177,stage5ext_00710,3609f33a23ed07b4e369020bc8bfcb519c8e108d2510cda5649a103fb8e4c9a120753d04b1cfbf9d5ebca2b2674d1f16d7269aa4d619254315923f04a0e8872a,Canadian English,canada,A toad and a frog are hard to tell apart.,a tod and a frog are hard to tell apart,177c6a922333447c121265242b82ac07ff0a87cea11af00b48e1f5ac503da612
xlsr_english,dsuta,177,stage5ext_00711,3609f33a23ed07b4e369020bc8bfcb519c8e108d2510cda5649a103fb8e4c9a120753d04b1cfbf9d5ebca2b2674d1f16d7269aa4d619254315923f04a0e8872a,Canadian English,canada,William ran down the street.,william ran down the street,177c6a922333447c121265242b82ac07ff0a87cea11af00b48e1f5ac503da612
xlsr_english,dsuta,177,stage5ext_00712,3609f33a23ed07b4e369020bc8bfcb519c8e108d2510cda5649a103fb8e4c9a120753d04b1cfbf9d5ebca2b2674d1f16d7269aa4d619254315923f04a0e8872a,Canadian English,canada,But it was not to be.,but it was not to be,177c6a922333447c121265242b82ac07ff0a87cea11af00b48e1f5ac503da612
xlsr_english,dsuta,178,stage5ext_00713,3609f33a23ed07b4e369020bc8bfcb519c8e108d2510cda5649a103fb8e4c9a120753d04b1cfbf9d5ebca2b2674d1f16d7269aa4d619254315923f04a0e8872a,Canadian English,canada,Add the sum to the product of these three.,add the sum to the product of these three,e56e8725064b2d569a2142a6200e16b3fc36a4c481d6c874872a161a5260d9b5
xlsr_english,dsuta,178,stage5ext_00714,3609f33a23ed07b4e369020bc8bfcb519c8e108d2510cda5649a103fb8e4c9a120753d04b1cfbf9d5ebca2b2674d1f16d7269aa4d619254315923f04a0e8872a,Canadian English,canada,Birds of a feather flock – together.,birds of a feather flock together,e56e8725064b2d569a2142a6200e16b3fc36a4c481d6c874872a161a5260d9b5
xlsr_english,dsuta,178,stage5ext_00715,3609f33a23ed07b4e369020bc8bfcb519c8e108d2510cda5649a103fb8e4c9a120753d04b1cfbf9d5ebca2b2674d1f16d7269aa4d619254315923f04a0e8872a,Canadian English,canada,It was raised from everyone who entered the city during the celebration period.,it was raised from everyone who entered the city during the celebration period,e56e8725064b2d569a2142a6200e16b3fc36a4c481d6c874872a161a5260d9b5
xlsr_english,dsuta,178,stage5ext_00716,3609f33a23ed07b4e369020bc8bfcb519c8e108d2510cda5649a103fb8e4c9a120753d04b1cfbf9d5ebca2b2674d1f16d7269aa4d619254315923f04a0e8872a,Canadian English,canada,A zestful food is the hot-cross bun.,azzessful food is the hot cross bun,e56e8725064b2d569a2142a6200e16b3fc36a4c481d6c874872a161a5260d9b5
xlsr_english,dsuta,179,stage5ext_00717,3609f33a23ed07b4e369020bc8bfcb519c8e108d2510cda5649a103fb8e4c9a120753d04b1cfbf9d5ebca2b2674d1f16d7269aa4d619254315923f04a0e8872a,Canadian English,canada,Just as I thought!,just as i thought,3950be8eecffb59de08ca14cd551056f11bfeaeb97a0cf7b41cbd891826b7b7a
xlsr_english,dsuta,179,stage5ext_00718,3609f33a23ed07b4e369020bc8bfcb519c8e108d2510cda5649a103fb8e4c9a120753d04b1cfbf9d5ebca2b2674d1f16d7269aa4d619254315923f04a0e8872a,Canadian English,canada,Each penny shone like new.,each penny shone like new,3950be8eecffb59de08ca14cd551056f11bfeaeb97a0cf7b41cbd891826b7b7a
xlsr_english,dsuta,179,stage5ext_00719,3609f33a23ed07b4e369020bc8bfcb519c8e108d2510cda5649a103fb8e4c9a120753d04b1cfbf9d5ebca2b2674d1f16d7269aa4d619254315923f04a0e8872a,Canadian English,canada,Does that suit you?,does that suit you,3950be8eecffb59de08ca14cd551056f11bfeaeb97a0cf7b41cbd891826b7b7a
xlsr_english,dsuta,179,stage5ext_00720,3609f33a23ed07b4e369020bc8bfcb519c8e108d2510cda5649a103fb8e4c9a120753d04b1cfbf9d5ebca2b2674d1f16d7269aa4d619254315923f04a0e8872a,Canadian English,canada,You may whistle for it.,you may whistle for it,3950be8eecffb59de08ca14cd551056f11bfeaeb97a0cf7b41cbd891826b7b7a
xlsr_english,dsuta,180,stage5ext_00721,b93abbafef94b7d98a7356f6312da390c93f78376374ceb597ee3d26425dc05d7b3fe7fc290b835365c2ba77cf232a93597f059b5a2aaa5c715299a8614492e4,Canadian English,canada,"After leaving politics, Clement has held various paid and unpaid positions.",after leaving politics clement has held various paid and unpaid positions,ddf4b15be3076b090163f38a9559bad35eaddf2ecaff6ced712e526f5363fb0b
xlsr_english,dsuta,180,stage5ext_00722,b93abbafef94b7d98a7356f6312da390c93f78376374ceb597ee3d26425dc05d7b3fe7fc290b835365c2ba77cf232a93597f059b5a2aaa5c715299a8614492e4,Canadian English,canada,The same thing can happen to the player's bike.,the same thing can happen to the players bike,ddf4b15be3076b090163f38a9559bad35eaddf2ecaff6ced712e526f5363fb0b
xlsr_english,dsuta,180,stage5ext_00723,b93abbafef94b7d98a7356f6312da390c93f78376374ceb597ee3d26425dc05d7b3fe7fc290b835365c2ba77cf232a93597f059b5a2aaa5c715299a8614492e4,Canadian English,canada,She wanted to become a dancer but it didn't work out.,she wanted to become a dancer but it didn't work out,ddf4b15be3076b090163f38a9559bad35eaddf2ecaff6ced712e526f5363fb0b
xlsr_english,dsuta,180,stage5ext_00724,b93abbafef94b7d98a7356f6312da390c93f78376374ceb597ee3d26425dc05d7b3fe7fc290b835365c2ba77cf232a93597f059b5a2aaa5c715299a8614492e4,Canadian English,canada,At trial and appeal the claim was dismissed.,at trial and appeal the claim was dismissed,ddf4b15be3076b090163f38a9559bad35eaddf2ecaff6ced712e526f5363fb0b
xlsr_english,dsuta,181,stage5ext_00725,b93abbafef94b7d98a7356f6312da390c93f78376374ceb597ee3d26425dc05d7b3fe7fc290b835365c2ba77cf232a93597f059b5a2aaa5c715299a8614492e4,Canadian English,canada,"Its headquarters is located in Chiyoda, Tokyo.",its headquarters is located in shiota tokyo,848c132c35e415b79d2627c46650e14104a3385bc006d2de8ce6b367741903e7
xlsr_english,dsuta,181,stage5ext_00726,b93abbafef94b7d98a7356f6312da390c93f78376374ceb597ee3d26425dc05d7b3fe7fc290b835365c2ba77cf232a93597f059b5a2aaa5c715299a8614492e4,Canadian English,canada,He was forbidden any further writing.,he was forbidden any further writing,848c132c35e415b79d2627c46650e14104a3385bc006d2de8ce6b367741903e7
xlsr_english,dsuta,181,stage5ext_00727,b93abbafef94b7d98a7356f6312da390c93f78376374ceb597ee3d26425dc05d7b3fe7fc290b835365c2ba77cf232a93597f059b5a2aaa5c715299a8614492e4,Canadian English,canada,It offers yet another musical style change.,it offers yet another musical style change,848c132c35e415b79d2627c46650e14104a3385bc006d2de8ce6b367741903e7
xlsr_english,dsuta,181,stage5ext_00728,b93abbafef94b7d98a7356f6312da390c93f78376374ceb597ee3d26425dc05d7b3fe7fc290b835365c2ba77cf232a93597f059b5a2aaa5c715299a8614492e4,Canadian English,canada,The measured flux is proportional to the covariance.,the measured flux is proportional to the covariance,848c132c35e415b79d2627c46650e14104a3385bc006d2de8ce6b367741903e7
xlsr_english,dsuta,182,stage5ext_00729,b93abbafef94b7d98a7356f6312da390c93f78376374ceb597ee3d26425dc05d7b3fe7fc290b835365c2ba77cf232a93597f059b5a2aaa5c715299a8614492e4,Canadian English,canada,Also on hand was the young comedian Richard Pryor.,also on hand was the young comedian richard pryor,a2756d1ad06f616111e27ee0b2b820f342be55c6d3339163ff9e03ff2d13cd92
xlsr_english,dsuta,182,stage5ext_00730,b93abbafef94b7d98a7356f6312da390c93f78376374ceb597ee3d26425dc05d7b3fe7fc290b835365c2ba77cf232a93597f059b5a2aaa5c715299a8614492e4,Canadian English,canada,"He is an alumnus of Saratoga High School in Saratoga, California.",he is an alumnus of saratoga high school in saratoga california,a2756d1ad06f616111e27ee0b2b820f342be55c6d3339163ff9e03ff2d13cd92
xlsr_english,dsuta,182,stage5ext_00731,b93abbafef94b7d98a7356f6312da390c93f78376374ceb597ee3d26425dc05d7b3fe7fc290b835365c2ba77cf232a93597f059b5a2aaa5c715299a8614492e4,Canadian English,canada,No cause was given and there were no immediate survivors.,no cause was given and there were no immediate survivors,a2756d1ad06f616111e27ee0b2b820f342be55c6d3339163ff9e03ff2d13cd92
xlsr_english,dsuta,182,stage5ext_00732,b93abbafef94b7d98a7356f6312da390c93f78376374ceb597ee3d26425dc05d7b3fe7fc290b835365c2ba77cf232a93597f059b5a2aaa5c715299a8614492e4,Canadian English,canada,It is more applicable when there is a liquidity crunch in the market.,it is more applicable when there is a liquidity crunch in the market,a2756d1ad06f616111e27ee0b2b820f342be55c6d3339163ff9e03ff2d13cd92
xlsr_english,dsuta,183,stage5ext_00733,b93abbafef94b7d98a7356f6312da390c93f78376374ceb597ee3d26425dc05d7b3fe7fc290b835365c2ba77cf232a93597f059b5a2aaa5c715299a8614492e4,Canadian English,canada,There again he taught rhetoric for three years.,there again he taught retorick for three years,e9ee8dc14fe28fdcd3ddbddca7017788949ff4b5d9473c127e6a2c530892530f
xlsr_english,dsuta,183,stage5ext_00734,b93abbafef94b7d98a7356f6312da390c93f78376374ceb597ee3d26425dc05d7b3fe7fc290b835365c2ba77cf232a93597f059b5a2aaa5c715299a8614492e4,Canadian English,canada,It is a potent skin irritant.,it is a potent skin irritant,e9ee8dc14fe28fdcd3ddbddca7017788949ff4b5d9473c127e6a2c530892530f
xlsr_english,dsuta,183,stage5ext_00735,b93abbafef94b7d98a7356f6312da390c93f78376374ceb597ee3d26425dc05d7b3fe7fc290b835365c2ba77cf232a93597f059b5a2aaa5c715299a8614492e4,Canadian English,canada,Westphal is a former assistant coach on Lionel Hollins' staff on the Brooklyn Nets.,westfall is a former assistant coach on lionel holland's staff on the broklyn nets,e9ee8dc14fe28fdcd3ddbddca7017788949ff4b5d9473c127e6a2c530892530f
xlsr_english,dsuta,183,stage5ext_00736,1225019d528d47c1a589b05ca13577c68d50b27cb794f00d65a7a4be094e4f5e9f0bc35233e80e36ddfba17fa9c185dec071949ab8a2dce2a58b5d4d9b49d290,Canadian English,canada,"Perhaps, you should just grow sea monkeys.",perhaps you should just grow sea monkeys,e9ee8dc14fe28fdcd3ddbddca7017788949ff4b5d9473c127e6a2c530892530f
xlsr_english,dsuta,184,stage5ext_00737,1225019d528d47c1a589b05ca13577c68d50b27cb794f00d65a7a4be094e4f5e9f0bc35233e80e36ddfba17fa9c185dec071949ab8a2dce2a58b5d4d9b49d290,Canadian English,canada,"No, that was never his real plan.",no that was never his real plan,e7a7360f32538dc66c2b5ced1ec313319bcdbb8355d8996afa6f73f379df4011
xlsr_english,dsuta,184,stage5ext_00738,1225019d528d47c1a589b05ca13577c68d50b27cb794f00d65a7a4be094e4f5e9f0bc35233e80e36ddfba17fa9c185dec071949ab8a2dce2a58b5d4d9b49d290,Canadian English,canada,Might I enquire as to whom I'm addressing?,might i enquire as to whom i'm addressing,e7a7360f32538dc66c2b5ced1ec313319bcdbb8355d8996afa6f73f379df4011
xlsr_english,dsuta,184,stage5ext_00739,1225019d528d47c1a589b05ca13577c68d50b27cb794f00d65a7a4be094e4f5e9f0bc35233e80e36ddfba17fa9c185dec071949ab8a2dce2a58b5d4d9b49d290,Canadian English,canada,"By increasing the salinity of the water, we alter its dew point.",by increasing the salinity of the water we alter its duepoint,e7a7360f32538dc66c2b5ced1ec313319bcdbb8355d8996afa6f73f379df4011
xlsr_english,dsuta,184,stage5ext_00740,1225019d528d47c1a589b05ca13577c68d50b27cb794f00d65a7a4be094e4f5e9f0bc35233e80e36ddfba17fa9c185dec071949ab8a2dce2a58b5d4d9b49d290,Canadian English,canada,"Deliberate slowly, execute promptly.",deliberate slowly execute promptly,e7a7360f32538dc66c2b5ced1ec313319bcdbb8355d8996afa6f73f379df4011
xlsr_english,dsuta,185,stage5ext_00741,1225019d528d47c1a589b05ca13577c68d50b27cb794f00d65a7a4be094e4f5e9f0bc35233e80e36ddfba17fa9c185dec071949ab8a2dce2a58b5d4d9b49d290,Canadian English,canada,What am I to do?,what am i to do,b3461356e25816b9d59d2c4b82686025a8ca373a4d5aa88594e0a40edd275cd6
xlsr_english,dsuta,185,stage5ext_00742,1225019d528d47c1a589b05ca13577c68d50b27cb794f00d65a7a4be094e4f5e9f0bc35233e80e36ddfba17fa9c185dec071949ab8a2dce2a58b5d4d9b49d290,Canadian English,canada,"I've brought you some cheese, because I know you love cheese.",i've brought you some chees because i know you love cheese,b3461356e25816b9d59d2c4b82686025a8ca373a4d5aa88594e0a40edd275cd6
xlsr_english,dsuta,185,stage5ext_00743,1225019d528d47c1a589b05ca13577c68d50b27cb794f00d65a7a4be094e4f5e9f0bc35233e80e36ddfba17fa9c185dec071949ab8a2dce2a58b5d4d9b49d290,Canadian English,canada,"Easy come, easy go.",easy come easy go,b3461356e25816b9d59d2c4b82686025a8ca373a4d5aa88594e0a40edd275cd6
xlsr_english,dsuta,185,stage5ext_00744,1225019d528d47c1a589b05ca13577c68d50b27cb794f00d65a7a4be094e4f5e9f0bc35233e80e36ddfba17fa9c185dec071949ab8a2dce2a58b5d4d9b49d290,Canadian English,canada,"The builder placed the brick onto the plank of wood, so it would bend into shape.",the builder placed the brick onto the pank of wood so it would bend into shape,b3461356e25816b9d59d2c4b82686025a8ca373a4d5aa88594e0a40edd275cd6
xlsr_english,dsuta,186,stage5ext_00745,1225019d528d47c1a589b05ca13577c68d50b27cb794f00d65a7a4be094e4f5e9f0bc35233e80e36ddfba17fa9c185dec071949ab8a2dce2a58b5d4d9b49d290,Canadian English,canada,How does slow cooling of the hot gaseous state result in pure crystals?,how to slow cooling of the hot gacius state result in pure crystals,3032c8d8d7b6f8d19aee1e3158742191f87e415250e4de249e66650b6ec57480
xlsr_english,dsuta,186,stage5ext_00746,1225019d528d47c1a589b05ca13577c68d50b27cb794f00d65a7a4be094e4f5e9f0bc35233e80e36ddfba17fa9c185dec071949ab8a2dce2a58b5d4d9b49d290,Canadian English,canada,"He stood up, and by the time he went back to his seat everybody in the room was questioning the meaning of life.",he stood up and by the time he went back to a seat everybody in the room was questioning the meaning of life,3032c8d8d7b6f8d19aee1e3158742191f87e415250e4de249e66650b6ec57480
xlsr_english,dsuta,186,stage5ext_00747,1225019d528d47c1a589b05ca13577c68d50b27cb794f00d65a7a4be094e4f5e9f0bc35233e80e36ddfba17fa9c185dec071949ab8a2dce2a58b5d4d9b49d290,Canadian English,canada,"This was a lie, and they all knew it.",this was a ly and they all knew it,3032c8d8d7b6f8d19aee1e3158742191f87e415250e4de249e66650b6ec57480
xlsr_english,dsuta,186,stage5ext_00748,1225019d528d47c1a589b05ca13577c68d50b27cb794f00d65a7a4be094e4f5e9f0bc35233e80e36ddfba17fa9c185dec071949ab8a2dce2a58b5d4d9b49d290,Canadian English,canada,"After lurking for a minute, the crocodile quickly sprang toward the young hippopotamus and ate it.",after lorking for a minute the crocodile quickly sprang towards the young hippopotomus and aid it,3032c8d8d7b6f8d19aee1e3158742191f87e415250e4de249e66650b6ec57480
xlsr_english,dsuta,187,stage5ext_00749,1225019d528d47c1a589b05ca13577c68d50b27cb794f00d65a7a4be094e4f5e9f0bc35233e80e36ddfba17fa9c185dec071949ab8a2dce2a58b5d4d9b49d290,Canadian English,canada,"When you're at a party and somebody says ""banana bread"", a sniper might be near you.",when you're a party and someone says banana bred a sniper might be near you,1d8035f44360ee38b686c70afff832d02d449003f9c6144589d2ec5517d64da1
xlsr_english,dsuta,187,stage5ext_00750,1225019d528d47c1a589b05ca13577c68d50b27cb794f00d65a7a4be094e4f5e9f0bc35233e80e36ddfba17fa9c185dec071949ab8a2dce2a58b5d4d9b49d290,Canadian English,canada,Do you want me?,do you want me,1d8035f44360ee38b686c70afff832d02d449003f9c6144589d2ec5517d64da1
xlsr_english,dsuta,187,stage5ext_00751,2365c450d92516275bba41aac73c5acf8ce75bf4896ecbd54c3eaa7f121b53488a25a234605d205f960767e2cb5f88d749e3a035ded3a2e9930f35c814bfd1f8,Irish English,ireland,Me and a friend of mine.,me and a friend of mine,1d8035f44360ee38b686c70afff832d02d449003f9c6144589d2ec5517d64da1
xlsr_english,dsuta,187,stage5ext_00752,2365c450d92516275bba41aac73c5acf8ce75bf4896ecbd54c3eaa7f121b53488a25a234605d205f960767e2cb5f88d749e3a035ded3a2e9930f35c814bfd1f8,Irish English,ireland,"For most owners of the car model, the issue isn't noticeable.",for most owners of the car model the issue isn't noticeable,1d8035f44360ee38b686c70afff832d02d449003f9c6144589d2ec5517d64da1
xlsr_english,dsuta,188,stage5ext_00753,2365c450d92516275bba41aac73c5acf8ce75bf4896ecbd54c3eaa7f121b53488a25a234605d205f960767e2cb5f88d749e3a035ded3a2e9930f35c814bfd1f8,Irish English,ireland,I'm afraid she'd feel ashamed to think she hadn't trusted you.,i'm afraid she'd feel ashamed to think she hadn't trusted you,90e845d31262c9d00bb10e65594305c9452c25d52a91ad42030df19b6b75697a
xlsr_english,dsuta,188,stage5ext_00754,2365c450d92516275bba41aac73c5acf8ce75bf4896ecbd54c3eaa7f121b53488a25a234605d205f960767e2cb5f88d749e3a035ded3a2e9930f35c814bfd1f8,Irish English,ireland,Thailand turned out to be a very satisfying holiday.,thailan turned out to be a very satisfying holiday,90e845d31262c9d00bb10e65594305c9452c25d52a91ad42030df19b6b75697a
xlsr_english,dsuta,188,stage5ext_00755,2365c450d92516275bba41aac73c5acf8ce75bf4896ecbd54c3eaa7f121b53488a25a234605d205f960767e2cb5f88d749e3a035ded3a2e9930f35c814bfd1f8,Irish English,ireland,The execution was cancelled.,the execution was cancelled,90e845d31262c9d00bb10e65594305c9452c25d52a91ad42030df19b6b75697a
xlsr_english,dsuta,188,stage5ext_00756,2365c450d92516275bba41aac73c5acf8ce75bf4896ecbd54c3eaa7f121b53488a25a234605d205f960767e2cb5f88d749e3a035ded3a2e9930f35c814bfd1f8,Irish English,ireland,Sometimes I get so mad at you I can't see straight.,sometimes i get so mad of you i can't sea strait,90e845d31262c9d00bb10e65594305c9452c25d52a91ad42030df19b6b75697a
xlsr_english,dsuta,189,stage5ext_00757,2365c450d92516275bba41aac73c5acf8ce75bf4896ecbd54c3eaa7f121b53488a25a234605d205f960767e2cb5f88d749e3a035ded3a2e9930f35c814bfd1f8,Irish English,ireland,Crooks don't pay taxes.,cruiks don't pay taxes,5f1b58a958eca171f2dd328f49058d5718f674f950ad8c5e5376228e5bec1eee
xlsr_english,dsuta,189,stage5ext_00758,2365c450d92516275bba41aac73c5acf8ce75bf4896ecbd54c3eaa7f121b53488a25a234605d205f960767e2cb5f88d749e3a035ded3a2e9930f35c814bfd1f8,Irish English,ireland,Use the tool that's needed for the job.,use the tool that's needed for the job,5f1b58a958eca171f2dd328f49058d5718f674f950ad8c5e5376228e5bec1eee
xlsr_english,dsuta,189,stage5ext_00759,2365c450d92516275bba41aac73c5acf8ce75bf4896ecbd54c3eaa7f121b53488a25a234605d205f960767e2cb5f88d749e3a035ded3a2e9930f35c814bfd1f8,Irish English,ireland,That guy is the writer of a few banned books.,that guy is the writer of a few bind books,5f1b58a958eca171f2dd328f49058d5718f674f950ad8c5e5376228e5bec1eee
xlsr_english,dsuta,189,stage5ext_00760,2365c450d92516275bba41aac73c5acf8ce75bf4896ecbd54c3eaa7f121b53488a25a234605d205f960767e2cb5f88d749e3a035ded3a2e9930f35c814bfd1f8,Irish English,ireland,My cat loves to ensconce herself in my new sofa.,my cat loves to enscalce herself in my new sofa,5f1b58a958eca171f2dd328f49058d5718f674f950ad8c5e5376228e5bec1eee
xlsr_english,dsuta,190,stage5ext_00761,2365c450d92516275bba41aac73c5acf8ce75bf4896ecbd54c3eaa7f121b53488a25a234605d205f960767e2cb5f88d749e3a035ded3a2e9930f35c814bfd1f8,Irish English,ireland,"I feel sick, what should I do?",i feel sick what should i do,e3e097989ecaba89dc90af6ffd973ce9c194abe26b3744cebea3646d3b3a48f2
xlsr_english,dsuta,190,stage5ext_00762,2365c450d92516275bba41aac73c5acf8ce75bf4896ecbd54c3eaa7f121b53488a25a234605d205f960767e2cb5f88d749e3a035ded3a2e9930f35c814bfd1f8,Irish English,ireland,I'm in a drugstore.,i'm in a drugstore,e3e097989ecaba89dc90af6ffd973ce9c194abe26b3744cebea3646d3b3a48f2
xlsr_english,dsuta,190,stage5ext_00763,2365c450d92516275bba41aac73c5acf8ce75bf4896ecbd54c3eaa7f121b53488a25a234605d205f960767e2cb5f88d749e3a035ded3a2e9930f35c814bfd1f8,Irish English,ireland,You know very well why.,you know very well why,e3e097989ecaba89dc90af6ffd973ce9c194abe26b3744cebea3646d3b3a48f2
xlsr_english,dsuta,190,stage5ext_00764,2365c450d92516275bba41aac73c5acf8ce75bf4896ecbd54c3eaa7f121b53488a25a234605d205f960767e2cb5f88d749e3a035ded3a2e9930f35c814bfd1f8,Irish English,ireland,The cannibal was looking for another victim to appease his appetite.,the canniball was looking for another victim to appease his appetite,e3e097989ecaba89dc90af6ffd973ce9c194abe26b3744cebea3646d3b3a48f2
xlsr_english,dsuta,191,stage5ext_00765,2365c450d92516275bba41aac73c5acf8ce75bf4896ecbd54c3eaa7f121b53488a25a234605d205f960767e2cb5f88d749e3a035ded3a2e9930f35c814bfd1f8,Irish English,ireland,He could see tears in her eyes.,he could see tears in her eyes,1032113340d8fc87c36b79b3c640c2a4b27bd353cb6d039dcfc6375a14423c16
xlsr_english,dsuta,191,stage5ext_00766,06c53aec09bca54d5587147ee1bfcc0a9e2b4162fb75daa79b7fe286dfec0732ff4dcae7125393b19a31f66c66c4bd8cf89665b4dee7b446429efd029e225c59,Irish English,ireland,He later served as a prominent leader of the French Directory.,he later served as a prominent leader of the french directory,1032113340d8fc87c36b79b3c640c2a4b27bd353cb6d039dcfc6375a14423c16
xlsr_english,dsuta,191,stage5ext_00767,06c53aec09bca54d5587147ee1bfcc0a9e2b4162fb75daa79b7fe286dfec0732ff4dcae7125393b19a31f66c66c4bd8cf89665b4dee7b446429efd029e225c59,Irish English,ireland,She held this position for two years before Kim Raine replaced her.,she held this position for two years before kim rayne replaced her,1032113340d8fc87c36b79b3c640c2a4b27bd353cb6d039dcfc6375a14423c16
xlsr_english,dsuta,191,stage5ext_00768,06c53aec09bca54d5587147ee1bfcc0a9e2b4162fb75daa79b7fe286dfec0732ff4dcae7125393b19a31f66c66c4bd8cf89665b4dee7b446429efd029e225c59,Irish English,ireland,Fetsios competed in the two rifle events.,fetzios competed in two rifle events,1032113340d8fc87c36b79b3c640c2a4b27bd353cb6d039dcfc6375a14423c16
xlsr_english,dsuta,192,stage5ext_00769,06c53aec09bca54d5587147ee1bfcc0a9e2b4162fb75daa79b7fe286dfec0732ff4dcae7125393b19a31f66c66c4bd8cf89665b4dee7b446429efd029e225c59,Irish English,ireland,"Because it is widely known, ""Lumbricus"" goes under a variety of common names.",because it is widely known lumbricus goes under a variety of common names,d5cd7348a34a84c2b2346406d800d43defaf2590819ea7c55834e51709097afc
xlsr_english,dsuta,192,stage5ext_00770,06c53aec09bca54d5587147ee1bfcc0a9e2b4162fb75daa79b7fe286dfec0732ff4dcae7125393b19a31f66c66c4bd8cf89665b4dee7b446429efd029e225c59,Irish English,ireland,O'Farrell is a six-time winner of the Rotary cartoons award.,hofarel is a six-time winner of the rosary cartoons award,d5cd7348a34a84c2b2346406d800d43defaf2590819ea7c55834e51709097afc
xlsr_english,dsuta,192,stage5ext_00771,06c53aec09bca54d5587147ee1bfcc0a9e2b4162fb75daa79b7fe286dfec0732ff4dcae7125393b19a31f66c66c4bd8cf89665b4dee7b446429efd029e225c59,Irish English,ireland,He was arrested and thrown in jail.,he was arrested and thrown in jail,d5cd7348a34a84c2b2346406d800d43defaf2590819ea7c55834e51709097afc
xlsr_english,dsuta,192,stage5ext_00772,06c53aec09bca54d5587147ee1bfcc0a9e2b4162fb75daa79b7fe286dfec0732ff4dcae7125393b19a31f66c66c4bd8cf89665b4dee7b446429efd029e225c59,Irish English,ireland,"He was known as the leader of the ""fighting Quakers"".",he was known as the leader of the flighting quakers,d5cd7348a34a84c2b2346406d800d43defaf2590819ea7c55834e51709097afc
xlsr_english,dsuta,193,stage5ext_00773,06c53aec09bca54d5587147ee1bfcc0a9e2b4162fb75daa79b7fe286dfec0732ff4dcae7125393b19a31f66c66c4bd8cf89665b4dee7b446429efd029e225c59,Irish English,ireland,He also served in both the Assembly and Senate of the California State Legislature.,he also served in both the assembly and senate of the california state legislature,936cffdf56d04ac907adef0287212dcc4512839791c297a5d113711d95dcf395
xlsr_english,dsuta,193,stage5ext_00774,06c53aec09bca54d5587147ee1bfcc0a9e2b4162fb75daa79b7fe286dfec0732ff4dcae7125393b19a31f66c66c4bd8cf89665b4dee7b446429efd029e225c59,Irish English,ireland,Many of the Gretna Girls lived in group hostels which were staffed by matrons.,many of the gretner girls lived in group hostles which were staffed by matrons,936cffdf56d04ac907adef0287212dcc4512839791c297a5d113711d95dcf395
xlsr_english,dsuta,193,stage5ext_00775,06c53aec09bca54d5587147ee1bfcc0a9e2b4162fb75daa79b7fe286dfec0732ff4dcae7125393b19a31f66c66c4bd8cf89665b4dee7b446429efd029e225c59,Irish English,ireland,The next day Delfino attacked.,the next day delfino attacked,936cffdf56d04ac907adef0287212dcc4512839791c297a5d113711d95dcf395
xlsr_english,dsuta,193,stage5ext_00776,06c53aec09bca54d5587147ee1bfcc0a9e2b4162fb75daa79b7fe286dfec0732ff4dcae7125393b19a31f66c66c4bd8cf89665b4dee7b446429efd029e225c59,Irish English,ireland,See the article on Barnett for an outline of his ideas.,see the article on barnish for an outline of his ideas,936cffdf56d04ac907adef0287212dcc4512839791c297a5d113711d95dcf395
xlsr_english,dsuta,194,stage5ext_00777,06c53aec09bca54d5587147ee1bfcc0a9e2b4162fb75daa79b7fe286dfec0732ff4dcae7125393b19a31f66c66c4bd8cf89665b4dee7b446429efd029e225c59,Irish English,ireland,"In addition, after German reunification, there were several Heiligenstadts in Germany.",in addition after german reunification there were several heilingen stats in germany,d2465ba9f4a5957645d7e7d8b6d5818a1a6167b47744d9638bc4f15fc43ac66b
xlsr_english,dsuta,194,stage5ext_00778,06c53aec09bca54d5587147ee1bfcc0a9e2b4162fb75daa79b7fe286dfec0732ff4dcae7125393b19a31f66c66c4bd8cf89665b4dee7b446429efd029e225c59,Irish English,ireland,"The Norse form of the name was ""Surkudalr"".",the norse form of the name was sircudeller,d2465ba9f4a5957645d7e7d8b6d5818a1a6167b47744d9638bc4f15fc43ac66b
xlsr_english,dsuta,194,stage5ext_00779,06c53aec09bca54d5587147ee1bfcc0a9e2b4162fb75daa79b7fe286dfec0732ff4dcae7125393b19a31f66c66c4bd8cf89665b4dee7b446429efd029e225c59,Irish English,ireland,But all this will be useless.,but all this will be useless,d2465ba9f4a5957645d7e7d8b6d5818a1a6167b47744d9638bc4f15fc43ac66b
xlsr_english,dsuta,194,stage5ext_00780,06c53aec09bca54d5587147ee1bfcc0a9e2b4162fb75daa79b7fe286dfec0732ff4dcae7125393b19a31f66c66c4bd8cf89665b4dee7b446429efd029e225c59,Irish English,ireland,I'm a bit loath to say which!,i'm a bit loathed to say which,d2465ba9f4a5957645d7e7d8b6d5818a1a6167b47744d9638bc4f15fc43ac66b
xlsr_english,dsuta,195,stage5ext_00781,2bf1907838353bd4ff938cb357518af5cd662218dcf4e05e91bccb5c4981619def6e13f25156c63c468ac5e938051eb89983ae095606bc1ebcbe2aba77dbcf38,Irish English,ireland,Good luck on the way.,good look on the way,20d83328dd15402325292c0ee1bf12c324284610d8213427017900af4bf5acf8
xlsr_english,dsuta,195,stage5ext_00782,2bf1907838353bd4ff938cb357518af5cd662218dcf4e05e91bccb5c4981619def6e13f25156c63c468ac5e938051eb89983ae095606bc1ebcbe2aba77dbcf38,Irish English,ireland,"Like her adored aunt, Paula Wessely prepared for an artistic career.",like her adored aunt paula wesley prepared for an artistic career,20d83328dd15402325292c0ee1bf12c324284610d8213427017900af4bf5acf8
xlsr_english,dsuta,195,stage5ext_00783,2bf1907838353bd4ff938cb357518af5cd662218dcf4e05e91bccb5c4981619def6e13f25156c63c468ac5e938051eb89983ae095606bc1ebcbe2aba77dbcf38,Irish English,ireland,Fill your pack with bright trinkets for the poor.,failure pack with bright trinkets for the poor,20d83328dd15402325292c0ee1bf12c324284610d8213427017900af4bf5acf8
xlsr_english,dsuta,195,stage5ext_00784,2bf1907838353bd4ff938cb357518af5cd662218dcf4e05e91bccb5c4981619def6e13f25156c63c468ac5e938051eb89983ae095606bc1ebcbe2aba77dbcf38,Irish English,ireland,The pigs and cows ran everywhere.,the pigs and cows ran everywhere,20d83328dd15402325292c0ee1bf12c324284610d8213427017900af4bf5acf8
xlsr_english,dsuta,196,stage5ext_00785,2bf1907838353bd4ff938cb357518af5cd662218dcf4e05e91bccb5c4981619def6e13f25156c63c468ac5e938051eb89983ae095606bc1ebcbe2aba77dbcf38,Irish English,ireland,"Mrs. McFarlane is a recent widow, versus Mr. McFarlane is alive but away.",mrs mcfarlein is a recent widow versus mr mcfarlein is alive but away,dc92dccb1ce0fd906f593f27dfd19437d75f504bd78fa51950e7beb6e587939c
xlsr_english,dsuta,196,stage5ext_00786,2bf1907838353bd4ff938cb357518af5cd662218dcf4e05e91bccb5c4981619def6e13f25156c63c468ac5e938051eb89983ae095606bc1ebcbe2aba77dbcf38,Irish English,ireland,He regretted not having made himself clearer.,he regretted not having made himself clearer,dc92dccb1ce0fd906f593f27dfd19437d75f504bd78fa51950e7beb6e587939c
xlsr_english,dsuta,196,stage5ext_00787,2bf1907838353bd4ff938cb357518af5cd662218dcf4e05e91bccb5c4981619def6e13f25156c63c468ac5e938051eb89983ae095606bc1ebcbe2aba77dbcf38,Irish English,ireland,The omens have led me on a wild chase.,the omans have led me on a wild chase,dc92dccb1ce0fd906f593f27dfd19437d75f504bd78fa51950e7beb6e587939c
xlsr_english,dsuta,196,stage5ext_00788,2bf1907838353bd4ff938cb357518af5cd662218dcf4e05e91bccb5c4981619def6e13f25156c63c468ac5e938051eb89983ae095606bc1ebcbe2aba77dbcf38,Irish English,ireland,Rome was not built in a day.,rome was not built in a day,dc92dccb1ce0fd906f593f27dfd19437d75f504bd78fa51950e7beb6e587939c
xlsr_english,dsuta,197,stage5ext_00789,2bf1907838353bd4ff938cb357518af5cd662218dcf4e05e91bccb5c4981619def6e13f25156c63c468ac5e938051eb89983ae095606bc1ebcbe2aba77dbcf38,Irish English,ireland,That's an inherent disadvantage.,that's an inherent disadvantage,4bc51429744ff3b0c0d850b69eef0a4fc4034fe1683d3d8ae6c8a6fab3625def
xlsr_english,dsuta,197,stage5ext_00790,2bf1907838353bd4ff938cb357518af5cd662218dcf4e05e91bccb5c4981619def6e13f25156c63c468ac5e938051eb89983ae095606bc1ebcbe2aba77dbcf38,Irish English,ireland,I wasn't certain it'd work at all yesterday.,i wasn't certain it'd work at all yesterday,4bc51429744ff3b0c0d850b69eef0a4fc4034fe1683d3d8ae6c8a6fab3625def
xlsr_english,dsuta,197,stage5ext_00791,2bf1907838353bd4ff938cb357518af5cd662218dcf4e05e91bccb5c4981619def6e13f25156c63c468ac5e938051eb89983ae095606bc1ebcbe2aba77dbcf38,Irish English,ireland,The night becomes a turning point for all five men.,the knice became a turning point for all five men,4bc51429744ff3b0c0d850b69eef0a4fc4034fe1683d3d8ae6c8a6fab3625def
xlsr_english,dsuta,197,stage5ext_00792,2bf1907838353bd4ff938cb357518af5cd662218dcf4e05e91bccb5c4981619def6e13f25156c63c468ac5e938051eb89983ae095606bc1ebcbe2aba77dbcf38,Irish English,ireland,The population size depends on the nature of the problem.,the population size depends on the nature of the problem,4bc51429744ff3b0c0d850b69eef0a4fc4034fe1683d3d8ae6c8a6fab3625def
xlsr_english,dsuta,198,stage5ext_00793,2bf1907838353bd4ff938cb357518af5cd662218dcf4e05e91bccb5c4981619def6e13f25156c63c468ac5e938051eb89983ae095606bc1ebcbe2aba77dbcf38,Irish English,ireland,"Maxwell, who was killed in Wan Chai three days before the ceasefire.",mothswell he was killed in ane chi three days before the sigs fire,0fede2eeb79a7afc99778dc3f673105009e045c963dcc85cbed68a4e7d21cd78
xlsr_english,dsuta,198,stage5ext_00794,2bf1907838353bd4ff938cb357518af5cd662218dcf4e05e91bccb5c4981619def6e13f25156c63c468ac5e938051eb89983ae095606bc1ebcbe2aba77dbcf38,Irish English,ireland,A new broom sweeps clean What's bred in the bone.,a new broom sweets clean white spreads in the bone,0fede2eeb79a7afc99778dc3f673105009e045c963dcc85cbed68a4e7d21cd78
xlsr_english,dsuta,198,stage5ext_00795,2bf1907838353bd4ff938cb357518af5cd662218dcf4e05e91bccb5c4981619def6e13f25156c63c468ac5e938051eb89983ae095606bc1ebcbe2aba77dbcf38,Irish English,ireland,The beauty of the view stunned the young boy.,the beauty of the view stuns the young boy,0fede2eeb79a7afc99778dc3f673105009e045c963dcc85cbed68a4e7d21cd78
xlsr_english,dsuta,198,stage5ext_00796,f3ea04475e301f84785710b9c56023f3c81f7abff656d40e674db8acde55c748688d0a4285eb6e8ea7f4d8b1fb6c99ab3c7f7d460878c4193256a61831e17ce7,Irish English,ireland,Reddy and his wife have two daughters.,reddy and his wife have two daughters,0fede2eeb79a7afc99778dc3f673105009e045c963dcc85cbed68a4e7d21cd78
xlsr_english,dsuta,199,stage5ext_00797,f3ea04475e301f84785710b9c56023f3c81f7abff656d40e674db8acde55c748688d0a4285eb6e8ea7f4d8b1fb6c99ab3c7f7d460878c4193256a61831e17ce7,Irish English,ireland,The Arab executive that emerged from that conference.,the alabed executive that emerged from that conference,05485abe96f485ccbe8ef092c3ce2859b8ccadb478ae7f79d26e74360c43a355
xlsr_english,dsuta,199,stage5ext_00798,f3ea04475e301f84785710b9c56023f3c81f7abff656d40e674db8acde55c748688d0a4285eb6e8ea7f4d8b1fb6c99ab3c7f7d460878c4193256a61831e17ce7,Irish English,ireland,The book goes further by examining irony and sarcasm.,the bokdoors fogo by examining irony and stafhesen,05485abe96f485ccbe8ef092c3ce2859b8ccadb478ae7f79d26e74360c43a355
xlsr_english,dsuta,199,stage5ext_00799,f3ea04475e301f84785710b9c56023f3c81f7abff656d40e674db8acde55c748688d0a4285eb6e8ea7f4d8b1fb6c99ab3c7f7d460878c4193256a61831e17ce7,Irish English,ireland,He is close to the Lebanese Forces.,he is close to lethanese forces,05485abe96f485ccbe8ef092c3ce2859b8ccadb478ae7f79d26e74360c43a355
xlsr_english,dsuta,199,stage5ext_00800,f3ea04475e301f84785710b9c56023f3c81f7abff656d40e674db8acde55c748688d0a4285eb6e8ea7f4d8b1fb6c99ab3c7f7d460878c4193256a61831e17ce7,Irish English,ireland,Deane was overpowered and forced to surrender the prizes.,team was overpowered and forced to surrender the prizes,05485abe96f485ccbe8ef092c3ce2859b8ccadb478ae7f79d26e74360c43a355
xlsr_english,dsuta,200,stage5ext_00801,f3ea04475e301f84785710b9c56023f3c81f7abff656d40e674db8acde55c748688d0a4285eb6e8ea7f4d8b1fb6c99ab3c7f7d460878c4193256a61831e17ce7,Irish English,ireland,He was her second husband and they had no children.,he was her second husband and they had no children,55e70c0bf6cae12344a29142a8e9dc2c4ef00149509cbda1ed5048ed628660aa
xlsr_english,dsuta,200,stage5ext_00802,f3ea04475e301f84785710b9c56023f3c81f7abff656d40e674db8acde55c748688d0a4285eb6e8ea7f4d8b1fb6c99ab3c7f7d460878c4193256a61831e17ce7,Irish English,ireland,The transports were presumably carrying prisoners from the British capture of Corsica.,the transports were presumably carrying prisoners and the british capture coisabeth,55e70c0bf6cae12344a29142a8e9dc2c4ef00149509cbda1ed5048ed628660aa
xlsr_english,dsuta,200,stage5ext_00803,f3ea04475e301f84785710b9c56023f3c81f7abff656d40e674db8acde55c748688d0a4285eb6e8ea7f4d8b1fb6c99ab3c7f7d460878c4193256a61831e17ce7,Irish English,ireland,They clear their stand that they will stand with all communities or caste.,they clearly stand that tay wilstand with all communities or taste,55e70c0bf6cae12344a29142a8e9dc2c4ef00149509cbda1ed5048ed628660aa
xlsr_english,dsuta,200,stage5ext_00804,f3ea04475e301f84785710b9c56023f3c81f7abff656d40e674db8acde55c748688d0a4285eb6e8ea7f4d8b1fb6c99ab3c7f7d460878c4193256a61831e17ce7,Irish English,ireland,Lieutenant Colonel Bell was awarded his second Silver Star for his leadership.,lieutenant colonel bell was awarded his second silver star for his leadership,55e70c0bf6cae12344a29142a8e9dc2c4ef00149509cbda1ed5048ed628660aa
xlsr_english,dsuta,201,stage5ext_00805,f3ea04475e301f84785710b9c56023f3c81f7abff656d40e674db8acde55c748688d0a4285eb6e8ea7f4d8b1fb6c99ab3c7f7d460878c4193256a61831e17ce7,Irish English,ireland,The automobiles in the Miles Collier Collections at the Revs Institute are working vehicles.,the automobiles in the miles collie r collections at the rervis institute ar working vehicles,77eec220293d8fe72b5cc9f1409c1a065dcb8003c4a6e815c3d693a0510d8be7
xlsr_english,dsuta,201,stage5ext_00806,f3ea04475e301f84785710b9c56023f3c81f7abff656d40e674db8acde55c748688d0a4285eb6e8ea7f4d8b1fb6c99ab3c7f7d460878c4193256a61831e17ce7,Irish English,ireland,The town is located on the French way of the Camino de Santiago.,the taws located on the french way of camana do santiago,77eec220293d8fe72b5cc9f1409c1a065dcb8003c4a6e815c3d693a0510d8be7
xlsr_english,dsuta,201,stage5ext_00807,f3ea04475e301f84785710b9c56023f3c81f7abff656d40e674db8acde55c748688d0a4285eb6e8ea7f4d8b1fb6c99ab3c7f7d460878c4193256a61831e17ce7,Irish English,ireland,Bejarano chose to conduct instead of pursuing her doctorate.,bejoano chose to conduct and stead of t pursue her doctorat,77eec220293d8fe72b5cc9f1409c1a065dcb8003c4a6e815c3d693a0510d8be7
xlsr_english,dsuta,201,stage5ext_00808,f3ea04475e301f84785710b9c56023f3c81f7abff656d40e674db8acde55c748688d0a4285eb6e8ea7f4d8b1fb6c99ab3c7f7d460878c4193256a61831e17ce7,Irish English,ireland,It has not been excavated.,it has not been excabated,77eec220293d8fe72b5cc9f1409c1a065dcb8003c4a6e815c3d693a0510d8be7
xlsr_english,dsuta,202,stage5ext_00809,f3ea04475e301f84785710b9c56023f3c81f7abff656d40e674db8acde55c748688d0a4285eb6e8ea7f4d8b1fb6c99ab3c7f7d460878c4193256a61831e17ce7,Irish English,ireland,The result was much the same as St.,the result was much the same as sait,69eda6d2d63c2d3f708dd5c5c471e2ec985cf9afd1219ffebe4aab1d5dd9c2ea
xlsr_english,dsuta,202,stage5ext_00810,f3ea04475e301f84785710b9c56023f3c81f7abff656d40e674db8acde55c748688d0a4285eb6e8ea7f4d8b1fb6c99ab3c7f7d460878c4193256a61831e17ce7,Irish English,ireland,All four were shot in the United Kingdom.,all four were shot in the united kingdom,69eda6d2d63c2d3f708dd5c5c471e2ec985cf9afd1219ffebe4aab1d5dd9c2ea
xlsr_english,dsuta,202,stage5ext_00811,98434a9a8b4630d9b92df639cfe24cc4aaa5f87868d474c89db46b5c64a423a9bd79967d06c7657d145d04e562a7f2a8c5293333078c2f76c2da86b6ddd14b97,Irish English,ireland,"He treats ""Greek love"" as central to Greek ""aesthetic morality.",he treats greek love as central to greek aesthetic morality,69eda6d2d63c2d3f708dd5c5c471e2ec985cf9afd1219ffebe4aab1d5dd9c2ea
xlsr_english,dsuta,202,stage5ext_00812,98434a9a8b4630d9b92df639cfe24cc4aaa5f87868d474c89db46b5c64a423a9bd79967d06c7657d145d04e562a7f2a8c5293333078c2f76c2da86b6ddd14b97,Irish English,ireland,"The other is ""The Five Orange Pips"", part of ""The Adventures of Sherlock Holmes"".",the other is the five orange pips part of the adventures of sherlock holmes,69eda6d2d63c2d3f708dd5c5c471e2ec985cf9afd1219ffebe4aab1d5dd9c2ea
xlsr_english,dsuta,203,stage5ext_00813,98434a9a8b4630d9b92df639cfe24cc4aaa5f87868d474c89db46b5c64a423a9bd79967d06c7657d145d04e562a7f2a8c5293333078c2f76c2da86b6ddd14b97,Irish English,ireland,He used parallels and meridians to link together every place in the world.,he used parallels and meridians to link together every place in the world,1e02384eeb673387522fe49f9f5df818a6f20f9690c0810e63dc1c97a12dc529
xlsr_english,dsuta,203,stage5ext_00814,98434a9a8b4630d9b92df639cfe24cc4aaa5f87868d474c89db46b5c64a423a9bd79967d06c7657d145d04e562a7f2a8c5293333078c2f76c2da86b6ddd14b97,Irish English,ireland,"Some train sets use equipment owned by Metro-North, which are so marked.",some train setese equipment owned by metro north which are so marked,1e02384eeb673387522fe49f9f5df818a6f20f9690c0810e63dc1c97a12dc529
xlsr_english,dsuta,203,stage5ext_00815,98434a9a8b4630d9b92df639cfe24cc4aaa5f87868d474c89db46b5c64a423a9bd79967d06c7657d145d04e562a7f2a8c5293333078c2f76c2da86b6ddd14b97,Irish English,ireland,Its county seat is Aspermont.,its county seat is aspermont,1e02384eeb673387522fe49f9f5df818a6f20f9690c0810e63dc1c97a12dc529
xlsr_english,dsuta,203,stage5ext_00816,98434a9a8b4630d9b92df639cfe24cc4aaa5f87868d474c89db46b5c64a423a9bd79967d06c7657d145d04e562a7f2a8c5293333078c2f76c2da86b6ddd14b97,Irish English,ireland,Urquhart was rewarded with the Norwegian Order of Saint Olav.,ukuart was rewarded with the norwegian order of saint olaf,1e02384eeb673387522fe49f9f5df818a6f20f9690c0810e63dc1c97a12dc529
xlsr_english,dsuta,204,stage5ext_00817,98434a9a8b4630d9b92df639cfe24cc4aaa5f87868d474c89db46b5c64a423a9bd79967d06c7657d145d04e562a7f2a8c5293333078c2f76c2da86b6ddd14b97,Irish English,ireland,"However, gadolinite does not contain more than trace amounts of gadolinium.",however gatilanise does not contain more than tracemans of gadolineum,15c75eae9167961c0f3c9f3a89a546d185a6e7757e043531250f09ed214a4851
xlsr_english,dsuta,204,stage5ext_00818,98434a9a8b4630d9b92df639cfe24cc4aaa5f87868d474c89db46b5c64a423a9bd79967d06c7657d145d04e562a7f2a8c5293333078c2f76c2da86b6ddd14b97,Irish English,ireland,It is still in circulation on radio.,it is still in circulation on radio,15c75eae9167961c0f3c9f3a89a546d185a6e7757e043531250f09ed214a4851
xlsr_english,dsuta,204,stage5ext_00819,98434a9a8b4630d9b92df639cfe24cc4aaa5f87868d474c89db46b5c64a423a9bd79967d06c7657d145d04e562a7f2a8c5293333078c2f76c2da86b6ddd14b97,Irish English,ireland,"Bach heard about the audition for ""The Dukes of Hazzard"" through her husband.",bach heard about the audition for the dukes of hazard through her husband,15c75eae9167961c0f3c9f3a89a546d185a6e7757e043531250f09ed214a4851
xlsr_english,dsuta,204,stage5ext_00820,98434a9a8b4630d9b92df639cfe24cc4aaa5f87868d474c89db46b5c64a423a9bd79967d06c7657d145d04e562a7f2a8c5293333078c2f76c2da86b6ddd14b97,Irish English,ireland,"Upon his appointment, he prohibited alcohol drinking among his players.",on his appointment he prohibites alcohol drinking among his players,15c75eae9167961c0f3c9f3a89a546d185a6e7757e043531250f09ed214a4851
xlsr_english,dsuta,205,stage5ext_00821,98434a9a8b4630d9b92df639cfe24cc4aaa5f87868d474c89db46b5c64a423a9bd79967d06c7657d145d04e562a7f2a8c5293333078c2f76c2da86b6ddd14b97,Irish English,ireland,"All the Nevada sites below are gaming-entitled, unless otherwise noted.",all the navada sites below are gaming entitled unless otherwise noted,e314637c43c7c37eaabb4d469f2eba11b6eb302df18940d75146c7c3566e11d2
xlsr_english,dsuta,205,stage5ext_00822,98434a9a8b4630d9b92df639cfe24cc4aaa5f87868d474c89db46b5c64a423a9bd79967d06c7657d145d04e562a7f2a8c5293333078c2f76c2da86b6ddd14b97,Irish English,ireland,The defensive line was anchored by Pro Bowlers Tom Keating and Ben Davidson.,the defensive line was anchored by pro bowlers tom keating and ben davidson,e314637c43c7c37eaabb4d469f2eba11b6eb302df18940d75146c7c3566e11d2
xlsr_english,dsuta,205,stage5ext_00823,98434a9a8b4630d9b92df639cfe24cc4aaa5f87868d474c89db46b5c64a423a9bd79967d06c7657d145d04e562a7f2a8c5293333078c2f76c2da86b6ddd14b97,Irish English,ireland,May is also an accomplished singer.,may is also an accomplished singer,e314637c43c7c37eaabb4d469f2eba11b6eb302df18940d75146c7c3566e11d2
xlsr_english,dsuta,205,stage5ext_00824,98434a9a8b4630d9b92df639cfe24cc4aaa5f87868d474c89db46b5c64a423a9bd79967d06c7657d145d04e562a7f2a8c5293333078c2f76c2da86b6ddd14b97,Irish English,ireland,Miriam appeared in the doorway.,miriam appeared in the doorway,e314637c43c7c37eaabb4d469f2eba11b6eb302df18940d75146c7c3566e11d2
xlsr_english,dsuta,206,stage5ext_00825,98434a9a8b4630d9b92df639cfe24cc4aaa5f87868d474c89db46b5c64a423a9bd79967d06c7657d145d04e562a7f2a8c5293333078c2f76c2da86b6ddd14b97,Irish English,ireland,They were each sentenced to six months in jail.,they were each sentenced to six months in jail,1bc38a8c136426282b9095f528c4283dfd5a1f8c0ff0d81346c966e5c96ddf67
xlsr_english,dsuta,206,stage5ext_00826,194875abc05277ec185b84e1233196c510a5057c4ac33820e8421f58778f054d7eebd2f70a62c96c79b93aa9f5cf99ec1e7e763ee45eed080dfa952fa8bdeb40,Irish English,ireland,The boy preferred wine.,the boy preferred woine,1bc38a8c136426282b9095f528c4283dfd5a1f8c0ff0d81346c966e5c96ddf67
xlsr_english,dsuta,206,stage5ext_00827,194875abc05277ec185b84e1233196c510a5057c4ac33820e8421f58778f054d7eebd2f70a62c96c79b93aa9f5cf99ec1e7e763ee45eed080dfa952fa8bdeb40,Irish English,ireland,But he knew that Salem wasn't in Andalusia.,but he knew that salem wasn't in andalusia,1bc38a8c136426282b9095f528c4283dfd5a1f8c0ff0d81346c966e5c96ddf67
xlsr_english,dsuta,206,stage5ext_00828,194875abc05277ec185b84e1233196c510a5057c4ac33820e8421f58778f054d7eebd2f70a62c96c79b93aa9f5cf99ec1e7e763ee45eed080dfa952fa8bdeb40,Irish English,ireland,"He had found where his treasure was, and was frightened at what might happen.",he had found where his treasure was and was frightened at what might happim,1bc38a8c136426282b9095f528c4283dfd5a1f8c0ff0d81346c966e5c96ddf67
xlsr_english,dsuta,207,stage5ext_00829,194875abc05277ec185b84e1233196c510a5057c4ac33820e8421f58778f054d7eebd2f70a62c96c79b93aa9f5cf99ec1e7e763ee45eed080dfa952fa8bdeb40,Irish English,ireland,The boy was sad as he left her that day.,the boy was sad as he left her that day,8cf8e11c1e2eac25e8e1dd6dfc0a17216877fcef4bcf20e34cf64190ef48b172
xlsr_english,dsuta,207,stage5ext_00830,194875abc05277ec185b84e1233196c510a5057c4ac33820e8421f58778f054d7eebd2f70a62c96c79b93aa9f5cf99ec1e7e763ee45eed080dfa952fa8bdeb40,Irish English,ireland,He didn't want to cry with the other people there.,he didn't want to cry with the other people there,8cf8e11c1e2eac25e8e1dd6dfc0a17216877fcef4bcf20e34cf64190ef48b172
xlsr_english,dsuta,207,stage5ext_00831,194875abc05277ec185b84e1233196c510a5057c4ac33820e8421f58778f054d7eebd2f70a62c96c79b93aa9f5cf99ec1e7e763ee45eed080dfa952fa8bdeb40,Irish English,ireland,But horses tire bit by bit.,bot horses tire bit by bit,8cf8e11c1e2eac25e8e1dd6dfc0a17216877fcef4bcf20e34cf64190ef48b172
xlsr_english,dsuta,207,stage5ext_00832,194875abc05277ec185b84e1233196c510a5057c4ac33820e8421f58778f054d7eebd2f70a62c96c79b93aa9f5cf99ec1e7e763ee45eed080dfa952fa8bdeb40,Irish English,ireland,It was such a gradual movement that he found it only by noticing the dots.,it was such a gradual movement that he found it only by noticing the dats,8cf8e11c1e2eac25e8e1dd6dfc0a17216877fcef4bcf20e34cf64190ef48b172
xlsr_english,dsuta,208,stage5ext_00833,194875abc05277ec185b84e1233196c510a5057c4ac33820e8421f58778f054d7eebd2f70a62c96c79b93aa9f5cf99ec1e7e763ee45eed080dfa952fa8bdeb40,Irish English,ireland,"My seven year resume gap is marked ""Not Drugs"".",my seven-year resomac up is marked not droges,63a6d5a091e0c27fc134d7c9103a15beb4186bba8963c20dff0720682160c801
xlsr_english,dsuta,208,stage5ext_00834,194875abc05277ec185b84e1233196c510a5057c4ac33820e8421f58778f054d7eebd2f70a62c96c79b93aa9f5cf99ec1e7e763ee45eed080dfa952fa8bdeb40,Irish English,ireland,"I was scared, but wasted no time in going out and crossing the bridge to the sand pits.",i was scared but wasted no time in going out and crossing the bridge to the sandpits,63a6d5a091e0c27fc134d7c9103a15beb4186bba8963c20dff0720682160c801
xlsr_english,dsuta,208,stage5ext_00835,194875abc05277ec185b84e1233196c510a5057c4ac33820e8421f58778f054d7eebd2f70a62c96c79b93aa9f5cf99ec1e7e763ee45eed080dfa952fa8bdeb40,Irish English,ireland,Several figures approached him.,several figures approached him,63a6d5a091e0c27fc134d7c9103a15beb4186bba8963c20dff0720682160c801
xlsr_english,dsuta,208,stage5ext_00836,194875abc05277ec185b84e1233196c510a5057c4ac33820e8421f58778f054d7eebd2f70a62c96c79b93aa9f5cf99ec1e7e763ee45eed080dfa952fa8bdeb40,Irish English,ireland,He paused for a moment to see if the woman knew what the Egyptian pyramids were.,he paused for a moment to see if the woman knew what the egyptian pyramids were,63a6d5a091e0c27fc134d7c9103a15beb4186bba8963c20dff0720682160c801
xlsr_english,dsuta,209,stage5ext_00837,194875abc05277ec185b84e1233196c510a5057c4ac33820e8421f58778f054d7eebd2f70a62c96c79b93aa9f5cf99ec1e7e763ee45eed080dfa952fa8bdeb40,Irish English,ireland,"The alchemist stopped abruptly, and bent to the ground.",the alchemist stopped abruptly and bent to the grarnd,07edfae3705620da04472cd2e9d23fb5d72c59ca73ef919f0fd3db28b12e665c
xlsr_english,dsuta,209,stage5ext_00838,194875abc05277ec185b84e1233196c510a5057c4ac33820e8421f58778f054d7eebd2f70a62c96c79b93aa9f5cf99ec1e7e763ee45eed080dfa952fa8bdeb40,Irish English,ireland,The two were taken to a nearby military camp.,the two were taken to a nearby military camp,07edfae3705620da04472cd2e9d23fb5d72c59ca73ef919f0fd3db28b12e665c
xlsr_english,dsuta,209,stage5ext_00839,194875abc05277ec185b84e1233196c510a5057c4ac33820e8421f58778f054d7eebd2f70a62c96c79b93aa9f5cf99ec1e7e763ee45eed080dfa952fa8bdeb40,Irish English,ireland,That he had attended a seminary until he was sixteen.,thaught he had attended a seminary until he was sixteen,07edfae3705620da04472cd2e9d23fb5d72c59ca73ef919f0fd3db28b12e665c
xlsr_english,dsuta,209,stage5ext_00840,194875abc05277ec185b84e1233196c510a5057c4ac33820e8421f58778f054d7eebd2f70a62c96c79b93aa9f5cf99ec1e7e763ee45eed080dfa952fa8bdeb40,Irish English,ireland,It seems old and wise.,it seems old and wise,07edfae3705620da04472cd2e9d23fb5d72c59ca73ef919f0fd3db28b12e665c
xlsr_english,dsuta,210,stage5ext_00841,672a3259269b97062367fcafac924cb6013a30f9e34c09eff5c41b6d81f8a9b8e797beba73bbe770cb6ecdcdcc0039306ffae6e7c53294f92803666e3fa86b1b,Irish English,ireland,"To be fully funded, some lending must occur.",to be fully funded some lending must occur,7eff0cec6c75d6ac35350ee835362e0f7e8cf6ba89402572bc9e014814919388
xlsr_english,dsuta,210,stage5ext_00842,672a3259269b97062367fcafac924cb6013a30f9e34c09eff5c41b6d81f8a9b8e797beba73bbe770cb6ecdcdcc0039306ffae6e7c53294f92803666e3fa86b1b,Irish English,ireland,What'll it take till the bank reopens?,what will it take till the bank reopens,7eff0cec6c75d6ac35350ee835362e0f7e8cf6ba89402572bc9e014814919388
xlsr_english,dsuta,210,stage5ext_00843,672a3259269b97062367fcafac924cb6013a30f9e34c09eff5c41b6d81f8a9b8e797beba73bbe770cb6ecdcdcc0039306ffae6e7c53294f92803666e3fa86b1b,Irish English,ireland,I don't think this theory explains why the particles attract each other this strongly.,i don't think this theory explains why the particles attract each other thes strongly,7eff0cec6c75d6ac35350ee835362e0f7e8cf6ba89402572bc9e014814919388
xlsr_english,dsuta,210,stage5ext_00844,672a3259269b97062367fcafac924cb6013a30f9e34c09eff5c41b6d81f8a9b8e797beba73bbe770cb6ecdcdcc0039306ffae6e7c53294f92803666e3fa86b1b,Irish English,ireland,Do you mean the speech you're writing?,do you mean the speech you'r writing,7eff0cec6c75d6ac35350ee835362e0f7e8cf6ba89402572bc9e014814919388
xlsr_english,dsuta,211,stage5ext_00845,672a3259269b97062367fcafac924cb6013a30f9e34c09eff5c41b6d81f8a9b8e797beba73bbe770cb6ecdcdcc0039306ffae6e7c53294f92803666e3fa86b1b,Irish English,ireland,And there you were in bed.,and there you were in bed,4388499dc96e586215c213aa5861b34ee45bfcb45a521f1bb520598a02a0e18c
xlsr_english,dsuta,211,stage5ext_00846,672a3259269b97062367fcafac924cb6013a30f9e34c09eff5c41b6d81f8a9b8e797beba73bbe770cb6ecdcdcc0039306ffae6e7c53294f92803666e3fa86b1b,Irish English,ireland,I admit that I'm an alcoholic.,i admit that a'm an alcoholic,4388499dc96e586215c213aa5861b34ee45bfcb45a521f1bb520598a02a0e18c
xlsr_english,dsuta,211,stage5ext_00847,672a3259269b97062367fcafac924cb6013a30f9e34c09eff5c41b6d81f8a9b8e797beba73bbe770cb6ecdcdcc0039306ffae6e7c53294f92803666e3fa86b1b,Irish English,ireland,What's that got to do with it?,what's tackot to do with it,4388499dc96e586215c213aa5861b34ee45bfcb45a521f1bb520598a02a0e18c
xlsr_english,dsuta,211,stage5ext_00848,672a3259269b97062367fcafac924cb6013a30f9e34c09eff5c41b6d81f8a9b8e797beba73bbe770cb6ecdcdcc0039306ffae6e7c53294f92803666e3fa86b1b,Irish English,ireland,This investment won't pay off.,this investment won't pay off,4388499dc96e586215c213aa5861b34ee45bfcb45a521f1bb520598a02a0e18c
xlsr_english,dsuta,212,stage5ext_00849,672a3259269b97062367fcafac924cb6013a30f9e34c09eff5c41b6d81f8a9b8e797beba73bbe770cb6ecdcdcc0039306ffae6e7c53294f92803666e3fa86b1b,Irish English,ireland,And don't forget to make him wear his raincoat in London.,and don't forget to make him wear his raincoat in london,367b4ef6a1e5d4cafc0ffe5e6473abba15f438952e3c256c8f2dce1f224e3682
xlsr_english,dsuta,212,stage5ext_00850,672a3259269b97062367fcafac924cb6013a30f9e34c09eff5c41b6d81f8a9b8e797beba73bbe770cb6ecdcdcc0039306ffae6e7c53294f92803666e3fa86b1b,Irish English,ireland,This peach tart is tasty.,this peach tart is tasty,367b4ef6a1e5d4cafc0ffe5e6473abba15f438952e3c256c8f2dce1f224e3682
xlsr_english,dsuta,212,stage5ext_00851,672a3259269b97062367fcafac924cb6013a30f9e34c09eff5c41b6d81f8a9b8e797beba73bbe770cb6ecdcdcc0039306ffae6e7c53294f92803666e3fa86b1b,Irish English,ireland,I didn't say anything.,i didn't say anything,367b4ef6a1e5d4cafc0ffe5e6473abba15f438952e3c256c8f2dce1f224e3682
xlsr_english,dsuta,212,stage5ext_00852,672a3259269b97062367fcafac924cb6013a30f9e34c09eff5c41b6d81f8a9b8e797beba73bbe770cb6ecdcdcc0039306ffae6e7c53294f92803666e3fa86b1b,Irish English,ireland,I don't care what you say.,i dont care what you say,367b4ef6a1e5d4cafc0ffe5e6473abba15f438952e3c256c8f2dce1f224e3682
xlsr_english,dsuta,213,stage5ext_00853,672a3259269b97062367fcafac924cb6013a30f9e34c09eff5c41b6d81f8a9b8e797beba73bbe770cb6ecdcdcc0039306ffae6e7c53294f92803666e3fa86b1b,Irish English,ireland,I can't find it anywhere.,i can't find it anywhere,ef0139af85a27a6e7269c77cfb83aa9a4dee1d7e0028e83a1537b31236063b84
xlsr_english,dsuta,213,stage5ext_00854,672a3259269b97062367fcafac924cb6013a30f9e34c09eff5c41b6d81f8a9b8e797beba73bbe770cb6ecdcdcc0039306ffae6e7c53294f92803666e3fa86b1b,Irish English,ireland,"If a pen has no ink, it's broken.",if a pen has no ink it's broken,ef0139af85a27a6e7269c77cfb83aa9a4dee1d7e0028e83a1537b31236063b84
xlsr_english,dsuta,213,stage5ext_00855,672a3259269b97062367fcafac924cb6013a30f9e34c09eff5c41b6d81f8a9b8e797beba73bbe770cb6ecdcdcc0039306ffae6e7c53294f92803666e3fa86b1b,Irish English,ireland,The houses were squashed together like sardines.,the houses were squashed together like sardines,ef0139af85a27a6e7269c77cfb83aa9a4dee1d7e0028e83a1537b31236063b84
xlsr_english,dsuta,213,stage5ext_00856,02cb893287feb15b25162b42913f21d4cef7b8b96119618c39ad96f550afc59fc5cb33155d5a3142b86ea467935fa50993f69d0e0aebf5f8b22f2a05004d4165,Irish English,ireland,To nourish the falcon.,to nourish the falcon,ef0139af85a27a6e7269c77cfb83aa9a4dee1d7e0028e83a1537b31236063b84
xlsr_english,dsuta,214,stage5ext_00857,02cb893287feb15b25162b42913f21d4cef7b8b96119618c39ad96f550afc59fc5cb33155d5a3142b86ea467935fa50993f69d0e0aebf5f8b22f2a05004d4165,Irish English,ireland,"There's gold here, he said.",thereis gold here he said,f65b9d6d3dbd0bbcdf44622f148be634094218033c819f4406c74bfdc2294013
xlsr_english,dsuta,214,stage5ext_00858,02cb893287feb15b25162b42913f21d4cef7b8b96119618c39ad96f550afc59fc5cb33155d5a3142b86ea467935fa50993f69d0e0aebf5f8b22f2a05004d4165,Irish English,ireland,I had seen all that it would presently bring me.,i had seen all that it would presently bring me,f65b9d6d3dbd0bbcdf44622f148be634094218033c819f4406c74bfdc2294013
xlsr_english,dsuta,214,stage5ext_00859,02cb893287feb15b25162b42913f21d4cef7b8b96119618c39ad96f550afc59fc5cb33155d5a3142b86ea467935fa50993f69d0e0aebf5f8b22f2a05004d4165,Irish English,ireland,It was my fear of failure that first kept me from attempting the Master Work.,it was my fear of failure that first kept me from attempting the master work,f65b9d6d3dbd0bbcdf44622f148be634094218033c819f4406c74bfdc2294013
xlsr_english,dsuta,214,stage5ext_00860,02cb893287feb15b25162b42913f21d4cef7b8b96119618c39ad96f550afc59fc5cb33155d5a3142b86ea467935fa50993f69d0e0aebf5f8b22f2a05004d4165,Irish English,ireland,He saw the boy appear from the other side of the dunes.,he saw the boy appear from the other side of the dunes,f65b9d6d3dbd0bbcdf44622f148be634094218033c819f4406c74bfdc2294013
xlsr_english,dsuta,215,stage5ext_00861,02cb893287feb15b25162b42913f21d4cef7b8b96119618c39ad96f550afc59fc5cb33155d5a3142b86ea467935fa50993f69d0e0aebf5f8b22f2a05004d4165,Irish English,ireland,"I'm a desert woman, and I'm proud of that.",i'm a desert woman and i'm proud of that,6166f1d7e912b269db7e93d3a1640a940b211f6107f4892de2ff5a2de5e7030f
xlsr_english,dsuta,215,stage5ext_00862,02cb893287feb15b25162b42913f21d4cef7b8b96119618c39ad96f550afc59fc5cb33155d5a3142b86ea467935fa50993f69d0e0aebf5f8b22f2a05004d4165,Irish English,ireland,"It's the Emerald Tablet, said the Englishman, proud that he might teach something to the boy.",it's the emerald tablet said the englishman proud that he might teach something to the boy,6166f1d7e912b269db7e93d3a1640a940b211f6107f4892de2ff5a2de5e7030f
xlsr_english,dsuta,215,stage5ext_00863,02cb893287feb15b25162b42913f21d4cef7b8b96119618c39ad96f550afc59fc5cb33155d5a3142b86ea467935fa50993f69d0e0aebf5f8b22f2a05004d4165,Irish English,ireland,"He stuck his hand into the pouch, and felt around for one of the stones.",he stuck his hand in the pouch and felt around for one of the stones,6166f1d7e912b269db7e93d3a1640a940b211f6107f4892de2ff5a2de5e7030f
xlsr_english,dsuta,215,stage5ext_00864,02cb893287feb15b25162b42913f21d4cef7b8b96119618c39ad96f550afc59fc5cb33155d5a3142b86ea467935fa50993f69d0e0aebf5f8b22f2a05004d4165,Irish English,ireland,"The heather was on fire, and you could see a thin blue smoke rising up slowly.",the heather was on fire and you could see a thin blue smoke rising up slowly,6166f1d7e912b269db7e93d3a1640a940b211f6107f4892de2ff5a2de5e7030f
xlsr_english,dsuta,216,stage5ext_00865,02cb893287feb15b25162b42913f21d4cef7b8b96119618c39ad96f550afc59fc5cb33155d5a3142b86ea467935fa50993f69d0e0aebf5f8b22f2a05004d4165,Irish English,ireland,where the sand was more substantial.,where the sand was more substantial,1a05e374f9623dc255af748d9a5d7a456e82f674ae0bdba3451e125d68a61e08
xlsr_english,dsuta,216,stage5ext_00866,02cb893287feb15b25162b42913f21d4cef7b8b96119618c39ad96f550afc59fc5cb33155d5a3142b86ea467935fa50993f69d0e0aebf5f8b22f2a05004d4165,Irish English,ireland,The three fell silent.,the three fell silent,1a05e374f9623dc255af748d9a5d7a456e82f674ae0bdba3451e125d68a61e08
xlsr_english,dsuta,216,stage5ext_00867,02cb893287feb15b25162b42913f21d4cef7b8b96119618c39ad96f550afc59fc5cb33155d5a3142b86ea467935fa50993f69d0e0aebf5f8b22f2a05004d4165,Irish English,ireland,But I didn’t think that it contained any living creature.,but i didn't think that it contained any living creature,1a05e374f9623dc255af748d9a5d7a456e82f674ae0bdba3451e125d68a61e08
xlsr_english,dsuta,216,stage5ext_00868,02cb893287feb15b25162b42913f21d4cef7b8b96119618c39ad96f550afc59fc5cb33155d5a3142b86ea467935fa50993f69d0e0aebf5f8b22f2a05004d4165,Irish English,ireland,He didn't want to cry with the other people there.,you didn't want to cry with the other people there,1a05e374f9623dc255af748d9a5d7a456e82f674ae0bdba3451e125d68a61e08
xlsr_english,dsuta,217,stage5ext_00869,02cb893287feb15b25162b42913f21d4cef7b8b96119618c39ad96f550afc59fc5cb33155d5a3142b86ea467935fa50993f69d0e0aebf5f8b22f2a05004d4165,Irish English,ireland,"About eleven, I walked back to my home in Maybury because nothing seemed to be happening.",about eleven i walked back to my home in maybury because nothing seemed to be happening,6bd7bcbbc680c884bd7265b950cc7e388974f0457c6c329b09daa3d29a627374
xlsr_english,dsuta,217,stage5ext_00870,02cb893287feb15b25162b42913f21d4cef7b8b96119618c39ad96f550afc59fc5cb33155d5a3142b86ea467935fa50993f69d0e0aebf5f8b22f2a05004d4165,Irish English,ireland,That sobered him a little.,that's over him a little,6bd7bcbbc680c884bd7265b950cc7e388974f0457c6c329b09daa3d29a627374
xlsr_english,dsuta,217,stage5ext_00871,bd50f6c0e65e80961fb044a2591721940ca6cd6836496cde2353e06259e959af9c47fa4fb6d9fa8b16cc5285e232f3543059af36f41495c786198bdfd83d4b88,Irish English,ireland,Its county seat is Red Cloud.,its county seat is red cloud,6bd7bcbbc680c884bd7265b950cc7e388974f0457c6c329b09daa3d29a627374
xlsr_english,dsuta,217,stage5ext_00872,bd50f6c0e65e80961fb044a2591721940ca6cd6836496cde2353e06259e959af9c47fa4fb6d9fa8b16cc5285e232f3543059af36f41495c786198bdfd83d4b88,Irish English,ireland,"After eighty-seven minutes of test football, Australia gained possession of the ball.",after eighty-seven minutes of test football australia gained possession of the ball,6bd7bcbbc680c884bd7265b950cc7e388974f0457c6c329b09daa3d29a627374
xlsr_english,dsuta,218,stage5ext_00873,bd50f6c0e65e80961fb044a2591721940ca6cd6836496cde2353e06259e959af9c47fa4fb6d9fa8b16cc5285e232f3543059af36f41495c786198bdfd83d4b88,Irish English,ireland,The ability displayed by him in this led to his rapid advancement.,the ability displayed by him in this led to his rapid advancement,7053d1dc8aed7e730bd7fc7f4a8cee85022871b9252b37c22b0fc90e2fdf0927
xlsr_english,dsuta,218,stage5ext_00874,bd50f6c0e65e80961fb044a2591721940ca6cd6836496cde2353e06259e959af9c47fa4fb6d9fa8b16cc5285e232f3543059af36f41495c786198bdfd83d4b88,Irish English,ireland,The building resembled a typical Kirkbride model.,the building resembled a typical kirkbride model,7053d1dc8aed7e730bd7fc7f4a8cee85022871b9252b37c22b0fc90e2fdf0927
xlsr_english,dsuta,218,stage5ext_00875,bd50f6c0e65e80961fb044a2591721940ca6cd6836496cde2353e06259e959af9c47fa4fb6d9fa8b16cc5285e232f3543059af36f41495c786198bdfd83d4b88,Irish English,ireland,"In engineering science and in other technical aspects, the term galling is widespread.",in engineering science and in other technical aspects the term gaaling is widespread,7053d1dc8aed7e730bd7fc7f4a8cee85022871b9252b37c22b0fc90e2fdf0927
xlsr_english,dsuta,218,stage5ext_00876,bd50f6c0e65e80961fb044a2591721940ca6cd6836496cde2353e06259e959af9c47fa4fb6d9fa8b16cc5285e232f3543059af36f41495c786198bdfd83d4b88,Irish English,ireland,Zinc is a necessary nutrient for optimal yeast health and performance.,zink is a necessary nutrient for optimal yeast health and performance,7053d1dc8aed7e730bd7fc7f4a8cee85022871b9252b37c22b0fc90e2fdf0927
xlsr_english,dsuta,219,stage5ext_00877,bd50f6c0e65e80961fb044a2591721940ca6cd6836496cde2353e06259e959af9c47fa4fb6d9fa8b16cc5285e232f3543059af36f41495c786198bdfd83d4b88,Irish English,ireland,Another common type of certification in modern society is product certification.,another common type of certification in modern society is product certification,ada30c964f603fbbd05fa15c8f5d5fdaa38e9f90975ded10897f15718b6f99ff
xlsr_english,dsuta,219,stage5ext_00878,bd50f6c0e65e80961fb044a2591721940ca6cd6836496cde2353e06259e959af9c47fa4fb6d9fa8b16cc5285e232f3543059af36f41495c786198bdfd83d4b88,Irish English,ireland,Originally usage of the road was free of charge.,originally usage of the road was free of charge,ada30c964f603fbbd05fa15c8f5d5fdaa38e9f90975ded10897f15718b6f99ff
xlsr_english,dsuta,219,stage5ext_00879,bd50f6c0e65e80961fb044a2591721940ca6cd6836496cde2353e06259e959af9c47fa4fb6d9fa8b16cc5285e232f3543059af36f41495c786198bdfd83d4b88,Irish English,ireland,"In general, there are two types of scanner setups.",in general there are two types of scanner setups,ada30c964f603fbbd05fa15c8f5d5fdaa38e9f90975ded10897f15718b6f99ff
xlsr_english,dsuta,219,stage5ext_00880,bd50f6c0e65e80961fb044a2591721940ca6cd6836496cde2353e06259e959af9c47fa4fb6d9fa8b16cc5285e232f3543059af36f41495c786198bdfd83d4b88,Irish English,ireland,The equivalent Ukrainian-language surname is Lytvyn.,the equivalent ukrainian-language surname is lytvin,ada30c964f603fbbd05fa15c8f5d5fdaa38e9f90975ded10897f15718b6f99ff
xlsr_english,dsuta,220,stage5ext_00881,bd50f6c0e65e80961fb044a2591721940ca6cd6836496cde2353e06259e959af9c47fa4fb6d9fa8b16cc5285e232f3543059af36f41495c786198bdfd83d4b88,Irish English,ireland,The first settlers in Isipingo arrived before the beginning of Apartheid.,the first settlers in isepingo arrive before the beginning of a partite,57b3a7e44066022d1624a2d2c426d0708299215181b24944d3ea730fcb4ef213
xlsr_english,dsuta,220,stage5ext_00882,bd50f6c0e65e80961fb044a2591721940ca6cd6836496cde2353e06259e959af9c47fa4fb6d9fa8b16cc5285e232f3543059af36f41495c786198bdfd83d4b88,Irish English,ireland,"There is an elaborate memorial to him in Saint Edward the Confessor Church, Romford.",there is an elaborate memorial to him in saint edward the confessor church romford,57b3a7e44066022d1624a2d2c426d0708299215181b24944d3ea730fcb4ef213
xlsr_english,dsuta,220,stage5ext_00883,bd50f6c0e65e80961fb044a2591721940ca6cd6836496cde2353e06259e959af9c47fa4fb6d9fa8b16cc5285e232f3543059af36f41495c786198bdfd83d4b88,Irish English,ireland,American public school system was introduced and general health and sanitation campaign was launched.,american public school system was introduced and general health and sanitation campaign was launched,57b3a7e44066022d1624a2d2c426d0708299215181b24944d3ea730fcb4ef213
xlsr_english,dsuta,220,stage5ext_00884,bd50f6c0e65e80961fb044a2591721940ca6cd6836496cde2353e06259e959af9c47fa4fb6d9fa8b16cc5285e232f3543059af36f41495c786198bdfd83d4b88,Irish English,ireland,Mponela is primarily an agricultural town without touristic interest.,umpanella is primarily an agricultural town without touristic interest,57b3a7e44066022d1624a2d2c426d0708299215181b24944d3ea730fcb4ef213
xlsr_english,dsuta,221,stage5ext_00885,bd50f6c0e65e80961fb044a2591721940ca6cd6836496cde2353e06259e959af9c47fa4fb6d9fa8b16cc5285e232f3543059af36f41495c786198bdfd83d4b88,Irish English,ireland,The family lives in Suffolk.,the family lives in suffolk,778992289b295250a4016148c0032f242574037001783dc4881179396738f38b
xlsr_english,dsuta,221,stage5ext_00886,298c0f3d5e3352df02aa3a6a7a132199f93bdccf8457a134e6133cb2cf9bc435869f9e0ed6068a4152cdd933c02fc02573e8a2d6c12bcf52810d8ab52fd60a33,Irish English,ireland,A rag will soak up spilled water.,a rag will soak up spilled water,778992289b295250a4016148c0032f242574037001783dc4881179396738f38b
xlsr_english,dsuta,221,stage5ext_00887,298c0f3d5e3352df02aa3a6a7a132199f93bdccf8457a134e6133cb2cf9bc435869f9e0ed6068a4152cdd933c02fc02573e8a2d6c12bcf52810d8ab52fd60a33,Irish English,ireland,What's it all about?,what's it all about,778992289b295250a4016148c0032f242574037001783dc4881179396738f38b
xlsr_english,dsuta,221,stage5ext_00888,298c0f3d5e3352df02aa3a6a7a132199f93bdccf8457a134e6133cb2cf9bc435869f9e0ed6068a4152cdd933c02fc02573e8a2d6c12bcf52810d8ab52fd60a33,Irish English,ireland,Little strokes fell great oaks.,little strokes fell great oaks,778992289b295250a4016148c0032f242574037001783dc4881179396738f38b
xlsr_english,dsuta,222,stage5ext_00889,298c0f3d5e3352df02aa3a6a7a132199f93bdccf8457a134e6133cb2cf9bc435869f9e0ed6068a4152cdd933c02fc02573e8a2d6c12bcf52810d8ab52fd60a33,Irish English,ireland,First impressions are the most lasting.,first impressions are the most lasting,1c6f3499ad9833b4d7c3a142e4d4e15147418977495785358837af34218d701d
xlsr_english,dsuta,222,stage5ext_00890,298c0f3d5e3352df02aa3a6a7a132199f93bdccf8457a134e6133cb2cf9bc435869f9e0ed6068a4152cdd933c02fc02573e8a2d6c12bcf52810d8ab52fd60a33,Irish English,ireland,So you are saying that overpopulation will become an issue?,so you are saying that overpopulation will become an issue,1c6f3499ad9833b4d7c3a142e4d4e15147418977495785358837af34218d701d
xlsr_english,dsuta,222,stage5ext_00891,298c0f3d5e3352df02aa3a6a7a132199f93bdccf8457a134e6133cb2cf9bc435869f9e0ed6068a4152cdd933c02fc02573e8a2d6c12bcf52810d8ab52fd60a33,Irish English,ireland,Stop beating around the bush.,stop beating around the bush,1c6f3499ad9833b4d7c3a142e4d4e15147418977495785358837af34218d701d
xlsr_english,dsuta,222,stage5ext_00892,298c0f3d5e3352df02aa3a6a7a132199f93bdccf8457a134e6133cb2cf9bc435869f9e0ed6068a4152cdd933c02fc02573e8a2d6c12bcf52810d8ab52fd60a33,Irish English,ireland,The cat sat on the fence.,the cat sat on the fence,1c6f3499ad9833b4d7c3a142e4d4e15147418977495785358837af34218d701d
xlsr_english,dsuta,223,stage5ext_00893,298c0f3d5e3352df02aa3a6a7a132199f93bdccf8457a134e6133cb2cf9bc435869f9e0ed6068a4152cdd933c02fc02573e8a2d6c12bcf52810d8ab52fd60a33,Irish English,ireland,That is unlikely considering it has his name on it.,that is unlikely considering it has his name on it,1a002f1eff55baf36936db2477f29e38019ff6fa385f117b6306a4114efb6d0b
xlsr_english,dsuta,223,stage5ext_00894,298c0f3d5e3352df02aa3a6a7a132199f93bdccf8457a134e6133cb2cf9bc435869f9e0ed6068a4152cdd933c02fc02573e8a2d6c12bcf52810d8ab52fd60a33,Irish English,ireland,Loop the braid to the left and then over.,loop the brid to the left a men over,1a002f1eff55baf36936db2477f29e38019ff6fa385f117b6306a4114efb6d0b
xlsr_english,dsuta,223,stage5ext_00895,298c0f3d5e3352df02aa3a6a7a132199f93bdccf8457a134e6133cb2cf9bc435869f9e0ed6068a4152cdd933c02fc02573e8a2d6c12bcf52810d8ab52fd60a33,Irish English,ireland,Tranquillity is the first duty of citizens,tranquillity is the first duty of citizens,1a002f1eff55baf36936db2477f29e38019ff6fa385f117b6306a4114efb6d0b
xlsr_english,dsuta,223,stage5ext_00896,298c0f3d5e3352df02aa3a6a7a132199f93bdccf8457a134e6133cb2cf9bc435869f9e0ed6068a4152cdd933c02fc02573e8a2d6c12bcf52810d8ab52fd60a33,Irish English,ireland,"Forget it, there is no such thing.",forget it there is no such thing,1a002f1eff55baf36936db2477f29e38019ff6fa385f117b6306a4114efb6d0b
xlsr_english,dsuta,224,stage5ext_00897,298c0f3d5e3352df02aa3a6a7a132199f93bdccf8457a134e6133cb2cf9bc435869f9e0ed6068a4152cdd933c02fc02573e8a2d6c12bcf52810d8ab52fd60a33,Irish English,ireland,The wreck occurred by the bank on Main Street.,the wreck occurred by the bank on main street,5053b9d9dc60506991017c6b2e61bacbfd8e849d4ac7898342481b384e574135
xlsr_english,dsuta,224,stage5ext_00898,298c0f3d5e3352df02aa3a6a7a132199f93bdccf8457a134e6133cb2cf9bc435869f9e0ed6068a4152cdd933c02fc02573e8a2d6c12bcf52810d8ab52fd60a33,Irish English,ireland,It dribbled down the fridge.,it drippled own the fridge,5053b9d9dc60506991017c6b2e61bacbfd8e849d4ac7898342481b384e574135
xlsr_english,dsuta,224,stage5ext_00899,298c0f3d5e3352df02aa3a6a7a132199f93bdccf8457a134e6133cb2cf9bc435869f9e0ed6068a4152cdd933c02fc02573e8a2d6c12bcf52810d8ab52fd60a33,Irish English,ireland,Variations on a musical air With great rapidity,variations on a musical air with great rapidity,5053b9d9dc60506991017c6b2e61bacbfd8e849d4ac7898342481b384e574135
xlsr_english,dsuta,224,stage5ext_00900,298c0f3d5e3352df02aa3a6a7a132199f93bdccf8457a134e6133cb2cf9bc435869f9e0ed6068a4152cdd933c02fc02573e8a2d6c12bcf52810d8ab52fd60a33,Irish English,ireland,He could not help it.,he could not help it,5053b9d9dc60506991017c6b2e61bacbfd8e849d4ac7898342481b384e574135
