model_key,method,window_id,recording_id,speaker_id,group_id,stratum_code,reference_raw,hypothesis_raw,theta_hash
xlsr_english,dmsuta,0,stage5ext_00001,c90b53f826ff81831f6499b9e1e98607e8b2c0f8bbaf8be1bf62bf27dc7ff887bd734b9a4cee852af2d1acda3e479781d7c5a8b1633407b705905c4b5049cb35,US English,us,I got drunk yesterday and thought I built a super computer.,i got drunk yesterday and thought i built a supercomputer,7f09ef4ced098049caf32d54ef5b6c2571f88228fbf40fc45a9e6db29bd4bba8
xlsr_english,dmsuta,0,stage5ext_00002,c90b53f826ff81831f6499b9e1e98607e8b2c0f8bbaf8be1bf62bf27dc7ff887bd734b9a4cee852af2d1acda3e479781d7c5a8b1633407b705905c4b5049cb35,US English,us,"Every file had the letter ""A"" printed on the front.",every file had the letter a printed in the front,7f09ef4ced098049caf32d54ef5b6c2571f88228fbf40fc45a9e6db29bd4bba8
xlsr_english,dmsuta,0,stage5ext_00003,c90b53f826ff81831f6499b9e1e98607e8b2c0f8bbaf8be1bf62bf27dc7ff887bd734b9a4cee852af2d1acda3e479781d7c5a8b1633407b705905c4b5049cb35,US English,us,I'm not familiar with the books this author wrote.,i'm not familiar with the books this arthur wrote,7f09ef4ced098049caf32d54ef5b6c2571f88228fbf40fc45a9e6db29bd4bba8
xlsr_english,dmsuta,0,stage5ext_00004,c90b53f826ff81831f6499b9e1e98607e8b2c0f8bbaf8be1bf62bf27dc7ff887bd734b9a4cee852af2d1acda3e479781d7c5a8b1633407b705905c4b5049cb35,US English,us,Take a couple of seconds.,take a couple of seconds,7f09ef4ced098049caf32d54ef5b6c2571f88228fbf40fc45a9e6db29bd4bba8
xlsr_english,dmsuta,1,stage5ext_00005,c90b53f826ff81831f6499b9e1e98607e8b2c0f8bbaf8be1bf62bf27dc7ff887bd734b9a4cee852af2d1acda3e479781d7c5a8b1633407b705905c4b5049cb35,US English,us,But I sort of like him.,but i sort of like him,c3fe60df9dc3560c35994e3ab10ab481d65aac0ce325ef0913953d6f315e95af
xlsr_english,dmsuta,1,stage5ext_00006,c90b53f826ff81831f6499b9e1e98607e8b2c0f8bbaf8be1bf62bf27dc7ff887bd734b9a4cee852af2d1acda3e479781d7c5a8b1633407b705905c4b5049cb35,US English,us,I'll be a monkey's uncle!,i'll be a monkey's uncle,c3fe60df9dc3560c35994e3ab10ab481d65aac0ce325ef0913953d6f315e95af
xlsr_english,dmsuta,1,stage5ext_00007,c90b53f826ff81831f6499b9e1e98607e8b2c0f8bbaf8be1bf62bf27dc7ff887bd734b9a4cee852af2d1acda3e479781d7c5a8b1633407b705905c4b5049cb35,US English,us,Is it for further automatic processing?,is it for furser automatic processing,c3fe60df9dc3560c35994e3ab10ab481d65aac0ce325ef0913953d6f315e95af
xlsr_english,dmsuta,1,stage5ext_00008,c90b53f826ff81831f6499b9e1e98607e8b2c0f8bbaf8be1bf62bf27dc7ff887bd734b9a4cee852af2d1acda3e479781d7c5a8b1633407b705905c4b5049cb35,US English,us,I don't like coconuts.,i don't like coconuts,c3fe60df9dc3560c35994e3ab10ab481d65aac0ce325ef0913953d6f315e95af
xlsr_english,dmsuta,2,stage5ext_00009,c90b53f826ff81831f6499b9e1e98607e8b2c0f8bbaf8be1bf62bf27dc7ff887bd734b9a4cee852af2d1acda3e479781d7c5a8b1633407b705905c4b5049cb35,US English,us,He hunched his back and plodded through the heavy rain.,he lunched his back and plotted through the heavy rain,94e25bfa54f86ef5bb4700d2fd9dd1ffc4afd259e032812ba0d939fb25471f79
xlsr_english,dmsuta,2,stage5ext_00010,c90b53f826ff81831f6499b9e1e98607e8b2c0f8bbaf8be1bf62bf27dc7ff887bd734b9a4cee852af2d1acda3e479781d7c5a8b1633407b705905c4b5049cb35,US English,us,Are you running a business or a charity ward?,are you running a business or a charity ward,94e25bfa54f86ef5bb4700d2fd9dd1ffc4afd259e032812ba0d939fb25471f79
xlsr_english,dmsuta,2,stage5ext_00011,c90b53f826ff81831f6499b9e1e98607e8b2c0f8bbaf8be1bf62bf27dc7ff887bd734b9a4cee852af2d1acda3e479781d7c5a8b1633407b705905c4b5049cb35,US English,us,There were lights in the upper windows of the houses when the people went to bed.,there were lights in the upper windows of the houses when the people went to bed,94e25bfa54f86ef5bb4700d2fd9dd1ffc4afd259e032812ba0d939fb25471f79
xlsr_english,dmsuta,2,stage5ext_00012,c90b53f826ff81831f6499b9e1e98607e8b2c0f8bbaf8be1bf62bf27dc7ff887bd734b9a4cee852af2d1acda3e479781d7c5a8b1633407b705905c4b5049cb35,US English,us,On warm days and when doing sports you should drink more.,on warm days and when doing sports you should drink more,94e25bfa54f86ef5bb4700d2fd9dd1ffc4afd259e032812ba0d939fb25471f79
xlsr_english,dmsuta,3,stage5ext_00013,c90b53f826ff81831f6499b9e1e98607e8b2c0f8bbaf8be1bf62bf27dc7ff887bd734b9a4cee852af2d1acda3e479781d7c5a8b1633407b705905c4b5049cb35,US English,us,"At once, he connected the two incidents.",at once he connected the two incidents,a92f8ee19ae8412c1e65ea5793ff31440c81b50b644a8555d56bd65f3173abbc
xlsr_english,dmsuta,3,stage5ext_00014,c90b53f826ff81831f6499b9e1e98607e8b2c0f8bbaf8be1bf62bf27dc7ff887bd734b9a4cee852af2d1acda3e479781d7c5a8b1633407b705905c4b5049cb35,US English,us,A pox upon me for a clumsy thing.,a pux upon me for a clumsy thing,a92f8ee19ae8412c1e65ea5793ff31440c81b50b644a8555d56bd65f3173abbc
xlsr_english,dmsuta,3,stage5ext_00015,c90b53f826ff81831f6499b9e1e98607e8b2c0f8bbaf8be1bf62bf27dc7ff887bd734b9a4cee852af2d1acda3e479781d7c5a8b1633407b705905c4b5049cb35,US English,us,Are you sure that Joe case is going on next week?,are you sure that joe case is going on next week,a92f8ee19ae8412c1e65ea5793ff31440c81b50b644a8555d56bd65f3173abbc
xlsr_english,dmsuta,3,stage5ext_00016,57d6c1695947f141cd774bb8c8435e7e20bc7b2a83cd78ef5db4e546fb137b56b44617942cb1a58e017af6161f63d53cdf17fa4f9dcb830bfc0518e94b214837,US English,us,"When you're at a party and somebody says ""banana bread"", a sniper might be near you.",when you're at a party and somebody's hs benana bred sneiper might be near you,a92f8ee19ae8412c1e65ea5793ff31440c81b50b644a8555d56bd65f3173abbc
xlsr_english,dmsuta,4,stage5ext_00017,57d6c1695947f141cd774bb8c8435e7e20bc7b2a83cd78ef5db4e546fb137b56b44617942cb1a58e017af6161f63d53cdf17fa4f9dcb830bfc0518e94b214837,US English,us,"It was not clear who had the right of way, since the traffic lights were off.",it was not clear who had the right of way since the traffic lights were off,dee1948d8e350f26df5764e2494449d047b3c0623ea63cd2f208f41c4b6faf91
xlsr_english,dmsuta,4,stage5ext_00018,57d6c1695947f141cd774bb8c8435e7e20bc7b2a83cd78ef5db4e546fb137b56b44617942cb1a58e017af6161f63d53cdf17fa4f9dcb830bfc0518e94b214837,US English,us,What did you do it for?,what did you do it for,dee1948d8e350f26df5764e2494449d047b3c0623ea63cd2f208f41c4b6faf91
xlsr_english,dmsuta,4,stage5ext_00019,57d6c1695947f141cd774bb8c8435e7e20bc7b2a83cd78ef5db4e546fb137b56b44617942cb1a58e017af6161f63d53cdf17fa4f9dcb830bfc0518e94b214837,US English,us,"James Watt didn't invent the steam engine, but he improved it significantly.",hamuswot didn't invant the steam engine potty improved it significantly,dee1948d8e350f26df5764e2494449d047b3c0623ea63cd2f208f41c4b6faf91
xlsr_english,dmsuta,4,stage5ext_00020,57d6c1695947f141cd774bb8c8435e7e20bc7b2a83cd78ef5db4e546fb137b56b44617942cb1a58e017af6161f63d53cdf17fa4f9dcb830bfc0518e94b214837,US English,us,"When he got the call, Ali ran out of the store, down the street, and into the car.",when he got the call allier ran out of the store down the street and into the car,dee1948d8e350f26df5764e2494449d047b3c0623ea63cd2f208f41c4b6faf91
xlsr_english,dmsuta,5,stage5ext_00021,57d6c1695947f141cd774bb8c8435e7e20bc7b2a83cd78ef5db4e546fb137b56b44617942cb1a58e017af6161f63d53cdf17fa4f9dcb830bfc0518e94b214837,US English,us,What has become of him?,what has become of him,12b543814f005c76664248e2da2f335e0b2050451f3bbf6646cef0ffe940a499
xlsr_english,dmsuta,5,stage5ext_00022,57d6c1695947f141cd774bb8c8435e7e20bc7b2a83cd78ef5db4e546fb137b56b44617942cb1a58e017af6161f63d53cdf17fa4f9dcb830bfc0518e94b214837,US English,us,"After the dance, they went straight home.",after the dance they went straight home,12b543814f005c76664248e2da2f335e0b2050451f3bbf6646cef0ffe940a499
xlsr_english,dmsuta,5,stage5ext_00023,57d6c1695947f141cd774bb8c8435e7e20bc7b2a83cd78ef5db4e546fb137b56b44617942cb1a58e017af6161f63d53cdf17fa4f9dcb830bfc0518e94b214837,US English,us,"Jellyfish can cause serious injuries, the physician explained to the patient.",jellyfish can cost serious injuries the physician explain to the patient,12b543814f005c76664248e2da2f335e0b2050451f3bbf6646cef0ffe940a499
xlsr_english,dmsuta,5,stage5ext_00024,57d6c1695947f141cd774bb8c8435e7e20bc7b2a83cd78ef5db4e546fb137b56b44617942cb1a58e017af6161f63d53cdf17fa4f9dcb830bfc0518e94b214837,US English,us,"Writing, the best memory.",writing the best memory,12b543814f005c76664248e2da2f335e0b2050451f3bbf6646cef0ffe940a499
xlsr_english,dmsuta,6,stage5ext_00025,57d6c1695947f141cd774bb8c8435e7e20bc7b2a83cd78ef5db4e546fb137b56b44617942cb1a58e017af6161f63d53cdf17fa4f9dcb830bfc0518e94b214837,US English,us,What does she say?,what does she say,5e93ea18504752f1b60a663342cf105b8364ea93a18f2bfb233846fb91bcb1d7
xlsr_english,dmsuta,6,stage5ext_00026,57d6c1695947f141cd774bb8c8435e7e20bc7b2a83cd78ef5db4e546fb137b56b44617942cb1a58e017af6161f63d53cdf17fa4f9dcb830bfc0518e94b214837,US English,us,What do you want of me?,what do you want of me,5e93ea18504752f1b60a663342cf105b8364ea93a18f2bfb233846fb91bcb1d7
xlsr_english,dmsuta,6,stage5ext_00027,57d6c1695947f141cd774bb8c8435e7e20bc7b2a83cd78ef5db4e546fb137b56b44617942cb1a58e017af6161f63d53cdf17fa4f9dcb830bfc0518e94b214837,US English,us,Why do people even eat peanut butter and jelly?,why do people live an eat peanut botter and jelly,5e93ea18504752f1b60a663342cf105b8364ea93a18f2bfb233846fb91bcb1d7
xlsr_english,dmsuta,6,stage5ext_00028,57d6c1695947f141cd774bb8c8435e7e20bc7b2a83cd78ef5db4e546fb137b56b44617942cb1a58e017af6161f63d53cdf17fa4f9dcb830bfc0518e94b214837,US English,us,But what can I do?,but what can i do,5e93ea18504752f1b60a663342cf105b8364ea93a18f2bfb233846fb91bcb1d7
xlsr_english,dmsuta,7,stage5ext_00029,57d6c1695947f141cd774bb8c8435e7e20bc7b2a83cd78ef5db4e546fb137b56b44617942cb1a58e017af6161f63d53cdf17fa4f9dcb830bfc0518e94b214837,US English,us,What is the meaning of this?,what is the meaning of this,9a169ff276cdb4c272cc0cf3eab77dd57ae47c2097beccccbf828b47daf8ac02
xlsr_english,dmsuta,7,stage5ext_00030,57d6c1695947f141cd774bb8c8435e7e20bc7b2a83cd78ef5db4e546fb137b56b44617942cb1a58e017af6161f63d53cdf17fa4f9dcb830bfc0518e94b214837,US English,us,What does he look like?,what does he look like,9a169ff276cdb4c272cc0cf3eab77dd57ae47c2097beccccbf828b47daf8ac02
xlsr_english,dmsuta,7,stage5ext_00031,d477a12247cce9a9c0954e6ee3ae16aed2930112fa26700f19af15658b5c71e2dc818d72e0034c8181da642cabf8f6c15f4d900b88bcab83d583944934f4c237,US English,us,Albert's rule was characterised by dissent.,albert rule was characterized by descent,9a169ff276cdb4c272cc0cf3eab77dd57ae47c2097beccccbf828b47daf8ac02
xlsr_english,dmsuta,7,stage5ext_00032,d477a12247cce9a9c0954e6ee3ae16aed2930112fa26700f19af15658b5c71e2dc818d72e0034c8181da642cabf8f6c15f4d900b88bcab83d583944934f4c237,US English,us,Because of Jesus' command to his disciples to Do this in remembrance of me.,because of jesus's command to his disciples to do this in remembrance of me,9a169ff276cdb4c272cc0cf3eab77dd57ae47c2097beccccbf828b47daf8ac02
xlsr_english,dmsuta,8,stage5ext_00033,d477a12247cce9a9c0954e6ee3ae16aed2930112fa26700f19af15658b5c71e2dc818d72e0034c8181da642cabf8f6c15f4d900b88bcab83d583944934f4c237,US English,us,"Adkins contributed to numerous other fan publications, including ""Amra"", ""Vega"" and ""Xero"".",adkins contributed to numerous other fan publications including amera vega and zero,90522960da0d3e3abd8d176deeeda043c941bd3f2a9b2b5d25ddfca45571ee16
xlsr_english,dmsuta,8,stage5ext_00034,d477a12247cce9a9c0954e6ee3ae16aed2930112fa26700f19af15658b5c71e2dc818d72e0034c8181da642cabf8f6c15f4d900b88bcab83d583944934f4c237,US English,us,The film image at this section of the newsreel is that of Hitler.,the film image at this section of the newsreel is that of hitler,90522960da0d3e3abd8d176deeeda043c941bd3f2a9b2b5d25ddfca45571ee16
xlsr_english,dmsuta,8,stage5ext_00035,d477a12247cce9a9c0954e6ee3ae16aed2930112fa26700f19af15658b5c71e2dc818d72e0034c8181da642cabf8f6c15f4d900b88bcab83d583944934f4c237,US English,us,One of the company's early cars was the Pittsburgher.,one of the company's early cars was the pittsburger,90522960da0d3e3abd8d176deeeda043c941bd3f2a9b2b5d25ddfca45571ee16
xlsr_english,dmsuta,8,stage5ext_00036,d477a12247cce9a9c0954e6ee3ae16aed2930112fa26700f19af15658b5c71e2dc818d72e0034c8181da642cabf8f6c15f4d900b88bcab83d583944934f4c237,US English,us,"Compare also Philo, Leg.",compare also phylo lage,90522960da0d3e3abd8d176deeeda043c941bd3f2a9b2b5d25ddfca45571ee16
xlsr_english,dmsuta,9,stage5ext_00037,d477a12247cce9a9c0954e6ee3ae16aed2930112fa26700f19af15658b5c71e2dc818d72e0034c8181da642cabf8f6c15f4d900b88bcab83d583944934f4c237,US English,us,"Sir Charles Beaumont Phipps and his third, Edmund Phipps, a lawyer and author.",sir charles bewmont phipps and his third edmund phipps a lawyer and author,5b4907665b9216e87eeef96b0fffe940dea521c5b019cc1a8778adf56196ddaa
xlsr_english,dmsuta,9,stage5ext_00038,d477a12247cce9a9c0954e6ee3ae16aed2930112fa26700f19af15658b5c71e2dc818d72e0034c8181da642cabf8f6c15f4d900b88bcab83d583944934f4c237,US English,us,Just behind the church is the old bridge.,just behind the church is the old bridge,5b4907665b9216e87eeef96b0fffe940dea521c5b019cc1a8778adf56196ddaa
xlsr_english,dmsuta,9,stage5ext_00039,d477a12247cce9a9c0954e6ee3ae16aed2930112fa26700f19af15658b5c71e2dc818d72e0034c8181da642cabf8f6c15f4d900b88bcab83d583944934f4c237,US English,us,This feature forces parasitologists to use advanced biostatistical methodologies.,this feature forces parasytologists to use advanced biostatistical methodologies,5b4907665b9216e87eeef96b0fffe940dea521c5b019cc1a8778adf56196ddaa
xlsr_english,dmsuta,9,stage5ext_00040,d477a12247cce9a9c0954e6ee3ae16aed2930112fa26700f19af15658b5c71e2dc818d72e0034c8181da642cabf8f6c15f4d900b88bcab83d583944934f4c237,US English,us,Dairy farming is an important industry in the area.,dairy farming is an important industry in the area,5b4907665b9216e87eeef96b0fffe940dea521c5b019cc1a8778adf56196ddaa
xlsr_english,dmsuta,10,stage5ext_00041,d477a12247cce9a9c0954e6ee3ae16aed2930112fa26700f19af15658b5c71e2dc818d72e0034c8181da642cabf8f6c15f4d900b88bcab83d583944934f4c237,US English,us,Sagan's number is the number of stars in the observable universe.,sagan's number is the number of stars in the observable universe,073d1d75646035b511497a5c022ad23b25e7def87899513746541148211ec01c
xlsr_english,dmsuta,10,stage5ext_00042,d477a12247cce9a9c0954e6ee3ae16aed2930112fa26700f19af15658b5c71e2dc818d72e0034c8181da642cabf8f6c15f4d900b88bcab83d583944934f4c237,US English,us,He went to Providence Elementary and Webster County High School.,he went to providence elementary at webster county high school,073d1d75646035b511497a5c022ad23b25e7def87899513746541148211ec01c
xlsr_english,dmsuta,10,stage5ext_00043,d477a12247cce9a9c0954e6ee3ae16aed2930112fa26700f19af15658b5c71e2dc818d72e0034c8181da642cabf8f6c15f4d900b88bcab83d583944934f4c237,US English,us,Doctor Rodd received her Ph.D. in Biology from York University in Toronto.,doctor rodd received her phd in biology from york university in toronto,073d1d75646035b511497a5c022ad23b25e7def87899513746541148211ec01c
xlsr_english,dmsuta,10,stage5ext_00044,d477a12247cce9a9c0954e6ee3ae16aed2930112fa26700f19af15658b5c71e2dc818d72e0034c8181da642cabf8f6c15f4d900b88bcab83d583944934f4c237,US English,us,One of the largest was Starodubaka.,one of the largest was staro dubaka,073d1d75646035b511497a5c022ad23b25e7def87899513746541148211ec01c
xlsr_english,dmsuta,11,stage5ext_00045,d477a12247cce9a9c0954e6ee3ae16aed2930112fa26700f19af15658b5c71e2dc818d72e0034c8181da642cabf8f6c15f4d900b88bcab83d583944934f4c237,US English,us,It is based on the concept of 'equivalence'.,it is based on the concept of equivalents,b4f972c2a3e1b2d23dd110ac7d44d687fce9f6566f263beef55c0bb8a42e0659
xlsr_english,dmsuta,11,stage5ext_00046,afd10118899991b7e4af3edddf0c749daf768b6669e68c04c2827d572d39771015c17ec7fd8143657ba077a731375c6fa34f2012588f8cb1b78d923a01178ac7,US English,us,"Excerpts were also printed in the ""Wall Street Journal"".",hexcherks were also trinteed in the warstir journal,b4f972c2a3e1b2d23dd110ac7d44d687fce9f6566f263beef55c0bb8a42e0659
xlsr_english,dmsuta,11,stage5ext_00047,afd10118899991b7e4af3edddf0c749daf768b6669e68c04c2827d572d39771015c17ec7fd8143657ba077a731375c6fa34f2012588f8cb1b78d923a01178ac7,US English,us,She also sits on the Board of Directors for the Canada West Foundation.,he also sis from the board of derectors for tismaneva rest foundation,b4f972c2a3e1b2d23dd110ac7d44d687fce9f6566f263beef55c0bb8a42e0659
xlsr_english,dmsuta,11,stage5ext_00048,afd10118899991b7e4af3edddf0c749daf768b6669e68c04c2827d572d39771015c17ec7fd8143657ba077a731375c6fa34f2012588f8cb1b78d923a01178ac7,US English,us,"Like other opioid drugs, pethidine has the potential to cause physical dependence or addiction.",like other ogeage dlugs hestydian has the potential to cause bysical dependence or diction,b4f972c2a3e1b2d23dd110ac7d44d687fce9f6566f263beef55c0bb8a42e0659
xlsr_english,dmsuta,12,stage5ext_00049,afd10118899991b7e4af3edddf0c749daf768b6669e68c04c2827d572d39771015c17ec7fd8143657ba077a731375c6fa34f2012588f8cb1b78d923a01178ac7,US English,us,"He was interested in sciences, and had a sizable library.",i was intlistid in silenc urs who had do sib te the library,717ca884ae001b60ec7d2f1f43406cb59614ae9a8602b950aa0bbfca7d4e5105
xlsr_english,dmsuta,12,stage5ext_00050,afd10118899991b7e4af3edddf0c749daf768b6669e68c04c2827d572d39771015c17ec7fd8143657ba077a731375c6fa34f2012588f8cb1b78d923a01178ac7,US English,us,The addition would become known on-air as Television Park.,the adition would become known on-air as television park,717ca884ae001b60ec7d2f1f43406cb59614ae9a8602b950aa0bbfca7d4e5105
xlsr_english,dmsuta,12,stage5ext_00051,afd10118899991b7e4af3edddf0c749daf768b6669e68c04c2827d572d39771015c17ec7fd8143657ba077a731375c6fa34f2012588f8cb1b78d923a01178ac7,US English,us,"However, molecular studies separate ""Gromia"" from the others, which must therefore be renamed.",however moleculus studies separate gromia from the others which must therefore be remained,717ca884ae001b60ec7d2f1f43406cb59614ae9a8602b950aa0bbfca7d4e5105
xlsr_english,dmsuta,12,stage5ext_00052,afd10118899991b7e4af3edddf0c749daf768b6669e68c04c2827d572d39771015c17ec7fd8143657ba077a731375c6fa34f2012588f8cb1b78d923a01178ac7,US English,us,It was named for the Dakota people.,it was named for the dakota people,717ca884ae001b60ec7d2f1f43406cb59614ae9a8602b950aa0bbfca7d4e5105
xlsr_english,dmsuta,13,stage5ext_00053,afd10118899991b7e4af3edddf0c749daf768b6669e68c04c2827d572d39771015c17ec7fd8143657ba077a731375c6fa34f2012588f8cb1b78d923a01178ac7,US English,us,"The song is featured on the live album ""Live Killers"".",the song is featured on the live album live killers,5f674bbe1a82c1ec12804773df92827052204c08bc755b0af51cb1ee28b2928e
xlsr_english,dmsuta,13,stage5ext_00054,afd10118899991b7e4af3edddf0c749daf768b6669e68c04c2827d572d39771015c17ec7fd8143657ba077a731375c6fa34f2012588f8cb1b78d923a01178ac7,US English,us,"On some folios, the differing colors of ink are arranged to form geometric patterns.",on some folios the differing colors of inc are arranged to form geometric patterns,5f674bbe1a82c1ec12804773df92827052204c08bc755b0af51cb1ee28b2928e
xlsr_english,dmsuta,13,stage5ext_00055,afd10118899991b7e4af3edddf0c749daf768b6669e68c04c2827d572d39771015c17ec7fd8143657ba077a731375c6fa34f2012588f8cb1b78d923a01178ac7,US English,us,This handy percussion instrument is very similar to the pan-Indian damaru.,this handy percussion instrument is very similar to the pan-indian damaru,5f674bbe1a82c1ec12804773df92827052204c08bc755b0af51cb1ee28b2928e
xlsr_english,dmsuta,13,stage5ext_00056,afd10118899991b7e4af3edddf0c749daf768b6669e68c04c2827d572d39771015c17ec7fd8143657ba077a731375c6fa34f2012588f8cb1b78d923a01178ac7,US English,us,The Louisville Cardinal serves as an outlet and learning experience for aspiring journalists.,tenisal cardinal shares vis outlit and lonin experience as fire injurious,5f674bbe1a82c1ec12804773df92827052204c08bc755b0af51cb1ee28b2928e
xlsr_english,dmsuta,14,stage5ext_00057,afd10118899991b7e4af3edddf0c749daf768b6669e68c04c2827d572d39771015c17ec7fd8143657ba077a731375c6fa34f2012588f8cb1b78d923a01178ac7,US English,us,A distinctive feature of the system was support for Coaching.,te distinctest meture of the custemer supports sixistence,c0321b72bff23429dfc1f83110ad26dfda04f2a2bfcd0c8290aa326b33021a3d
xlsr_english,dmsuta,14,stage5ext_00058,afd10118899991b7e4af3edddf0c749daf768b6669e68c04c2827d572d39771015c17ec7fd8143657ba077a731375c6fa34f2012588f8cb1b78d923a01178ac7,US English,us,There was no heroism and no villainy.,there is no teurism in neighbourland,c0321b72bff23429dfc1f83110ad26dfda04f2a2bfcd0c8290aa326b33021a3d
xlsr_english,dmsuta,14,stage5ext_00059,afd10118899991b7e4af3edddf0c749daf768b6669e68c04c2827d572d39771015c17ec7fd8143657ba077a731375c6fa34f2012588f8cb1b78d923a01178ac7,US English,us,Ground was broken for Saint Ann's Church in New Galilee.,ground was broken for saint anne's church in new gallelie,c0321b72bff23429dfc1f83110ad26dfda04f2a2bfcd0c8290aa326b33021a3d
xlsr_english,dmsuta,14,stage5ext_00060,afd10118899991b7e4af3edddf0c749daf768b6669e68c04c2827d572d39771015c17ec7fd8143657ba077a731375c6fa34f2012588f8cb1b78d923a01178ac7,US English,us,To the east is the statue of King Norodom sits on a white horse.,to the east is the statue of king norodam sits on a white horse,c0321b72bff23429dfc1f83110ad26dfda04f2a2bfcd0c8290aa326b33021a3d
xlsr_english,dmsuta,15,stage5ext_00061,264ab06df2796194c32a09afcb46bc2cbad9165d564f7d08af3b830436d4b292cec680793da0f1fea42128c902e8f92ba59717fcaa074c604a2bae440800743b,US English,us,There can also be underlying medical reasons for urinary incontinence which are often treatable.,there can also be underlying medical reasons for urinary incontinents which are often treatable,4f9e5e63a330c77f66786c75076898e0317c8731c94a480a415d6270db9697c8
xlsr_english,dmsuta,15,stage5ext_00062,264ab06df2796194c32a09afcb46bc2cbad9165d564f7d08af3b830436d4b292cec680793da0f1fea42128c902e8f92ba59717fcaa074c604a2bae440800743b,US English,us,PubChem consists of three dynamically growing primary databases.,pubkem consists of three dynamically growing primary databases,4f9e5e63a330c77f66786c75076898e0317c8731c94a480a415d6270db9697c8
xlsr_english,dmsuta,15,stage5ext_00063,264ab06df2796194c32a09afcb46bc2cbad9165d564f7d08af3b830436d4b292cec680793da0f1fea42128c902e8f92ba59717fcaa074c604a2bae440800743b,US English,us,"Europe, in particular ancient Greece, was the birthplace of Western civilization.",europe in particular ancient greece was the birthplace of western civilization,4f9e5e63a330c77f66786c75076898e0317c8731c94a480a415d6270db9697c8
xlsr_english,dmsuta,15,stage5ext_00064,264ab06df2796194c32a09afcb46bc2cbad9165d564f7d08af3b830436d4b292cec680793da0f1fea42128c902e8f92ba59717fcaa074c604a2bae440800743b,US English,us,It originally went through unincorporated small comminities such as Leslie and Arat.,it originally went through unincorporated small communities such as lesley and arad,4f9e5e63a330c77f66786c75076898e0317c8731c94a480a415d6270db9697c8
xlsr_english,dmsuta,16,stage5ext_00065,264ab06df2796194c32a09afcb46bc2cbad9165d564f7d08af3b830436d4b292cec680793da0f1fea42128c902e8f92ba59717fcaa074c604a2bae440800743b,US English,us,A self-homeomorphism is a homeomorphism of a topological space and itself.,a self-homeomorphism is a homeomorphism of a topological space and itself,c2b63e7158be58ca3a3e4f4e885e9917fa8d45970d9b2855ef4f3c8039574243
xlsr_english,dmsuta,16,stage5ext_00066,264ab06df2796194c32a09afcb46bc2cbad9165d564f7d08af3b830436d4b292cec680793da0f1fea42128c902e8f92ba59717fcaa074c604a2bae440800743b,US English,us,"Since that time, additional relationships have formed under the auspices of the town connection.",since that time additional relationships have formed under the auspices of the town connection,c2b63e7158be58ca3a3e4f4e885e9917fa8d45970d9b2855ef4f3c8039574243
xlsr_english,dmsuta,16,stage5ext_00067,264ab06df2796194c32a09afcb46bc2cbad9165d564f7d08af3b830436d4b292cec680793da0f1fea42128c902e8f92ba59717fcaa074c604a2bae440800743b,US English,us,Local humane societies across the nation resisted.,local humane societies across the nation resisted,c2b63e7158be58ca3a3e4f4e885e9917fa8d45970d9b2855ef4f3c8039574243
xlsr_english,dmsuta,16,stage5ext_00068,264ab06df2796194c32a09afcb46bc2cbad9165d564f7d08af3b830436d4b292cec680793da0f1fea42128c902e8f92ba59717fcaa074c604a2bae440800743b,US English,us,"It specializes in care for stroke, cardiac and amputees patients needing rehabilitation needs.",it specializes in care for stroke kardiac and ambutees patients needing rehabilitation needs,c2b63e7158be58ca3a3e4f4e885e9917fa8d45970d9b2855ef4f3c8039574243
xlsr_english,dmsuta,17,stage5ext_00069,264ab06df2796194c32a09afcb46bc2cbad9165d564f7d08af3b830436d4b292cec680793da0f1fea42128c902e8f92ba59717fcaa074c604a2bae440800743b,US English,us,"“It’s extremely interesting,” Anne told Deborah.",it's extremely interesting an told debora,91ef61eb715aa5b11c3474b3fa5b83d5506bb2b630a9cfe357568fff08d26981
xlsr_english,dmsuta,17,stage5ext_00070,264ab06df2796194c32a09afcb46bc2cbad9165d564f7d08af3b830436d4b292cec680793da0f1fea42128c902e8f92ba59717fcaa074c604a2bae440800743b,US English,us,Grangeville enjoys close access to scenic and wildlife areas.,grangeville enjoys close access to scenic and wildlife areas,91ef61eb715aa5b11c3474b3fa5b83d5506bb2b630a9cfe357568fff08d26981
xlsr_english,dmsuta,17,stage5ext_00071,264ab06df2796194c32a09afcb46bc2cbad9165d564f7d08af3b830436d4b292cec680793da0f1fea42128c902e8f92ba59717fcaa074c604a2bae440800743b,US English,us,He discovered that this was not the case.,he discovered that this was not the case,91ef61eb715aa5b11c3474b3fa5b83d5506bb2b630a9cfe357568fff08d26981
xlsr_english,dmsuta,17,stage5ext_00072,264ab06df2796194c32a09afcb46bc2cbad9165d564f7d08af3b830436d4b292cec680793da0f1fea42128c902e8f92ba59717fcaa074c604a2bae440800743b,US English,us,There are four communities in Denmark with the same name.,there are four communities in denmark with the same name,91ef61eb715aa5b11c3474b3fa5b83d5506bb2b630a9cfe357568fff08d26981
xlsr_english,dmsuta,18,stage5ext_00073,264ab06df2796194c32a09afcb46bc2cbad9165d564f7d08af3b830436d4b292cec680793da0f1fea42128c902e8f92ba59717fcaa074c604a2bae440800743b,US English,us,He plays all three outfield positions.,he plays all three outfield positions,0c0c13e65c2232b6d4e1d890b95155b5ad8ca086f0e8926def77f9339e6ddaf6
xlsr_english,dmsuta,18,stage5ext_00074,264ab06df2796194c32a09afcb46bc2cbad9165d564f7d08af3b830436d4b292cec680793da0f1fea42128c902e8f92ba59717fcaa074c604a2bae440800743b,US English,us,But supplies are almost nonexistent at the Checkmate base.,but supplies are almost not-existent at the checkmate base,0c0c13e65c2232b6d4e1d890b95155b5ad8ca086f0e8926def77f9339e6ddaf6
xlsr_english,dmsuta,18,stage5ext_00075,264ab06df2796194c32a09afcb46bc2cbad9165d564f7d08af3b830436d4b292cec680793da0f1fea42128c902e8f92ba59717fcaa074c604a2bae440800743b,US English,us,"The section ""Of the Executive Power"" declared the powers of the executive power.",the section of the executive power declared the powers of the executive power,0c0c13e65c2232b6d4e1d890b95155b5ad8ca086f0e8926def77f9339e6ddaf6
xlsr_english,dmsuta,18,stage5ext_00076,77600d1ea840721bc62cd5a1444822538c380c4255c3bb966d35e4c71344e0691303c4add4223e9fe842b24d65e08ae2e99c956f4acb898bff34adad75171112,US English,us,It is exacerbating inequalities.,it is exacerbating in equalities,0c0c13e65c2232b6d4e1d890b95155b5ad8ca086f0e8926def77f9339e6ddaf6
xlsr_english,dmsuta,19,stage5ext_00077,77600d1ea840721bc62cd5a1444822538c380c4255c3bb966d35e4c71344e0691303c4add4223e9fe842b24d65e08ae2e99c956f4acb898bff34adad75171112,US English,us,"Large numbers came from other countries of Latin America from Mexico to Uruguay, esp.",large numbers came from other countries of latin america from mexico to urguy espa,b62ad3e1fd6582bcf9ec897f0ed9172bd90226b460fb9727e47d451c57f39587
xlsr_english,dmsuta,19,stage5ext_00078,77600d1ea840721bc62cd5a1444822538c380c4255c3bb966d35e4c71344e0691303c4add4223e9fe842b24d65e08ae2e99c956f4acb898bff34adad75171112,US English,us,A pond's condition deteriorates when the bottom environment cannot support animal life.,a pons condition deteriorates when the bottom environment cannot support animal life,b62ad3e1fd6582bcf9ec897f0ed9172bd90226b460fb9727e47d451c57f39587
xlsr_english,dmsuta,19,stage5ext_00079,77600d1ea840721bc62cd5a1444822538c380c4255c3bb966d35e4c71344e0691303c4add4223e9fe842b24d65e08ae2e99c956f4acb898bff34adad75171112,US English,us,The Chiemsee is located in the west of the district.,the chim si is located in the west of the district,b62ad3e1fd6582bcf9ec897f0ed9172bd90226b460fb9727e47d451c57f39587
xlsr_english,dmsuta,19,stage5ext_00080,77600d1ea840721bc62cd5a1444822538c380c4255c3bb966d35e4c71344e0691303c4add4223e9fe842b24d65e08ae2e99c956f4acb898bff34adad75171112,US English,us,She was the daughter of Timothy and Ellen Noonan.,she was the daughter of timothy and ellen nonon,b62ad3e1fd6582bcf9ec897f0ed9172bd90226b460fb9727e47d451c57f39587
xlsr_english,dmsuta,20,stage5ext_00081,77600d1ea840721bc62cd5a1444822538c380c4255c3bb966d35e4c71344e0691303c4add4223e9fe842b24d65e08ae2e99c956f4acb898bff34adad75171112,US English,us,"Collingwood was born in Britain but grew up in Sellersville, Pennsylvania.",collingwood was born in britain but grew up in sellarsville pennsylvania,7605da3cb8ee4f99cbdfb52a4621aa213d0b44c1133711f1afd094660c7027b1
xlsr_english,dmsuta,20,stage5ext_00082,77600d1ea840721bc62cd5a1444822538c380c4255c3bb966d35e4c71344e0691303c4add4223e9fe842b24d65e08ae2e99c956f4acb898bff34adad75171112,US English,us,It is also the language of most of the manuscripts of Welsh law.,it is also the language of most of the manuscripts of welsh law,7605da3cb8ee4f99cbdfb52a4621aa213d0b44c1133711f1afd094660c7027b1
xlsr_english,dmsuta,20,stage5ext_00083,77600d1ea840721bc62cd5a1444822538c380c4255c3bb966d35e4c71344e0691303c4add4223e9fe842b24d65e08ae2e99c956f4acb898bff34adad75171112,US English,us,"He was educated at Emanuel School, the University of Southampton and University of Warwick.",he was educated at emanuel school the university of southampton and university of warwick,7605da3cb8ee4f99cbdfb52a4621aa213d0b44c1133711f1afd094660c7027b1
xlsr_english,dmsuta,20,stage5ext_00084,77600d1ea840721bc62cd5a1444822538c380c4255c3bb966d35e4c71344e0691303c4add4223e9fe842b24d65e08ae2e99c956f4acb898bff34adad75171112,US English,us,He introduced cushion seats in all unreserved compartments.,he introduced cushion seats in all unreserved compartments,7605da3cb8ee4f99cbdfb52a4621aa213d0b44c1133711f1afd094660c7027b1
xlsr_english,dmsuta,21,stage5ext_00085,77600d1ea840721bc62cd5a1444822538c380c4255c3bb966d35e4c71344e0691303c4add4223e9fe842b24d65e08ae2e99c956f4acb898bff34adad75171112,US English,us,It developed from the Pugwash Conferences on Science and World Affairs.,it developed from the pugwash conferences on science and world affairs,17b3d260f77614e3c184f0880da087befac2cb608e476472f5aed6b83cce8365
xlsr_english,dmsuta,21,stage5ext_00086,77600d1ea840721bc62cd5a1444822538c380c4255c3bb966d35e4c71344e0691303c4add4223e9fe842b24d65e08ae2e99c956f4acb898bff34adad75171112,US English,us,"He has written seven Phillip Mercer books in the series, beginning with ""Vulcan's Forge"".",he has written seven philip mercer books in the series beginning with vulcans forge,17b3d260f77614e3c184f0880da087befac2cb608e476472f5aed6b83cce8365
xlsr_english,dmsuta,21,stage5ext_00087,77600d1ea840721bc62cd5a1444822538c380c4255c3bb966d35e4c71344e0691303c4add4223e9fe842b24d65e08ae2e99c956f4acb898bff34adad75171112,US English,us,"Like most other light jets, the Mustang is approved for single-pilot operation.",like most other light jets the mustang is approved for single pilot operation,17b3d260f77614e3c184f0880da087befac2cb608e476472f5aed6b83cce8365
xlsr_english,dmsuta,21,stage5ext_00088,77600d1ea840721bc62cd5a1444822538c380c4255c3bb966d35e4c71344e0691303c4add4223e9fe842b24d65e08ae2e99c956f4acb898bff34adad75171112,US English,us,This is true for moduli of curves.,this is true for modeley of curves,17b3d260f77614e3c184f0880da087befac2cb608e476472f5aed6b83cce8365
xlsr_english,dmsuta,22,stage5ext_00089,77600d1ea840721bc62cd5a1444822538c380c4255c3bb966d35e4c71344e0691303c4add4223e9fe842b24d65e08ae2e99c956f4acb898bff34adad75171112,US English,us,"They were the sons of Frederick Law Olmsted, renowned architect of Central Park.",they were the sons of frederick-la almstead renowned architect of central park,5572571e41f0104ea0b70321ce4c45cfa397b6a1be10c3197eb1228c96d3e354
xlsr_english,dmsuta,22,stage5ext_00090,77600d1ea840721bc62cd5a1444822538c380c4255c3bb966d35e4c71344e0691303c4add4223e9fe842b24d65e08ae2e99c956f4acb898bff34adad75171112,US English,us,The voltage stability depends on the gas pressure.,the voltage stability depends on the gas pressure,5572571e41f0104ea0b70321ce4c45cfa397b6a1be10c3197eb1228c96d3e354
xlsr_english,dmsuta,22,stage5ext_00091,9f2c0b36708a80b9aba1604061b45c02ab3d559f33122d380b4f16df7ee264228b8ed084cc75539159c501c042dcd878c793f3c16eaf1b5d9a110cad98fa0a9e,US English,us,Empress Elizabeth sent him to Kiev to realize Rastrelli's design of Saint Andrew Church.,empress elizabeth sent him to keeve to realized rest trelley's design of saint andrew church,5572571e41f0104ea0b70321ce4c45cfa397b6a1be10c3197eb1228c96d3e354
xlsr_english,dmsuta,22,stage5ext_00092,9f2c0b36708a80b9aba1604061b45c02ab3d559f33122d380b4f16df7ee264228b8ed084cc75539159c501c042dcd878c793f3c16eaf1b5d9a110cad98fa0a9e,US English,us,Caulfield offers students a wide range of subjects in its academic curriculum.,collfield offers students a wide range of subjects in its academic curriculum,5572571e41f0104ea0b70321ce4c45cfa397b6a1be10c3197eb1228c96d3e354
xlsr_english,dmsuta,23,stage5ext_00093,9f2c0b36708a80b9aba1604061b45c02ab3d559f33122d380b4f16df7ee264228b8ed084cc75539159c501c042dcd878c793f3c16eaf1b5d9a110cad98fa0a9e,US English,us,It is often used at the end of clauses or verses.,it is often used at the end of plauses reverses,8dd88e10f0e3e7ac24d821c0d3deafc3a8d6f524f3423c525b38047a2d769e24
xlsr_english,dmsuta,23,stage5ext_00094,9f2c0b36708a80b9aba1604061b45c02ab3d559f33122d380b4f16df7ee264228b8ed084cc75539159c501c042dcd878c793f3c16eaf1b5d9a110cad98fa0a9e,US English,us,"Gardner was born in Batavia, New York.",gardner was born in batavia new york,8dd88e10f0e3e7ac24d821c0d3deafc3a8d6f524f3423c525b38047a2d769e24
xlsr_english,dmsuta,23,stage5ext_00095,9f2c0b36708a80b9aba1604061b45c02ab3d559f33122d380b4f16df7ee264228b8ed084cc75539159c501c042dcd878c793f3c16eaf1b5d9a110cad98fa0a9e,US English,us,It is located where the Piankatank River feeds into the Chesapeake Bay.,it is located where the tankatang river feeds the chesabeake bay,8dd88e10f0e3e7ac24d821c0d3deafc3a8d6f524f3423c525b38047a2d769e24
xlsr_english,dmsuta,23,stage5ext_00096,9f2c0b36708a80b9aba1604061b45c02ab3d559f33122d380b4f16df7ee264228b8ed084cc75539159c501c042dcd878c793f3c16eaf1b5d9a110cad98fa0a9e,US English,us,A classic example of a one-way function is multiplication of very large prime numbers.,a classic example of a one-way function is a multiplication of very large time numbers,8dd88e10f0e3e7ac24d821c0d3deafc3a8d6f524f3423c525b38047a2d769e24
xlsr_english,dmsuta,24,stage5ext_00097,9f2c0b36708a80b9aba1604061b45c02ab3d559f33122d380b4f16df7ee264228b8ed084cc75539159c501c042dcd878c793f3c16eaf1b5d9a110cad98fa0a9e,US English,us,Nuclear warheads are produced and stored on the premises.,nuclear warheads are produced and stored on the premises,caaf09f0d82ce2e3ebabb7f7f62f6be4973d8ac6c6438f1bbdd4bcc4d04e3b94
xlsr_english,dmsuta,24,stage5ext_00098,9f2c0b36708a80b9aba1604061b45c02ab3d559f33122d380b4f16df7ee264228b8ed084cc75539159c501c042dcd878c793f3c16eaf1b5d9a110cad98fa0a9e,US English,us,"The Center awards a ""Distinguished Christian Statesman Award"" annually to high-profile Christian political leaders.",the centre awards a distinguished christian statesman award annually high-profile christian political leaders,caaf09f0d82ce2e3ebabb7f7f62f6be4973d8ac6c6438f1bbdd4bcc4d04e3b94
xlsr_english,dmsuta,24,stage5ext_00099,9f2c0b36708a80b9aba1604061b45c02ab3d559f33122d380b4f16df7ee264228b8ed084cc75539159c501c042dcd878c793f3c16eaf1b5d9a110cad98fa0a9e,US English,us,Flavors available in Germany included cherry and cola.,flavoris available in germany with cherry and cola,caaf09f0d82ce2e3ebabb7f7f62f6be4973d8ac6c6438f1bbdd4bcc4d04e3b94
xlsr_english,dmsuta,24,stage5ext_00100,9f2c0b36708a80b9aba1604061b45c02ab3d559f33122d380b4f16df7ee264228b8ed084cc75539159c501c042dcd878c793f3c16eaf1b5d9a110cad98fa0a9e,US English,us,The present chairman is Bumairam Mamaseitova.,the present chairman is bamaran mamasaitoga,caaf09f0d82ce2e3ebabb7f7f62f6be4973d8ac6c6438f1bbdd4bcc4d04e3b94
xlsr_english,dmsuta,25,stage5ext_00101,9f2c0b36708a80b9aba1604061b45c02ab3d559f33122d380b4f16df7ee264228b8ed084cc75539159c501c042dcd878c793f3c16eaf1b5d9a110cad98fa0a9e,US English,us,On the seventh day they depart.,on the seventh day they depart,2d4df5a35556cd8fe392381a3ae134426c44dc837bddfc6de82c44cc743f880b
xlsr_english,dmsuta,25,stage5ext_00102,9f2c0b36708a80b9aba1604061b45c02ab3d559f33122d380b4f16df7ee264228b8ed084cc75539159c501c042dcd878c793f3c16eaf1b5d9a110cad98fa0a9e,US English,us,Many notable Caliphs have had their share of ruling over the Kiswah.,many notable cou have had their share ruling over the kisua,2d4df5a35556cd8fe392381a3ae134426c44dc837bddfc6de82c44cc743f880b
xlsr_english,dmsuta,25,stage5ext_00103,9f2c0b36708a80b9aba1604061b45c02ab3d559f33122d380b4f16df7ee264228b8ed084cc75539159c501c042dcd878c793f3c16eaf1b5d9a110cad98fa0a9e,US English,us,The river Maros formed its southern border.,the river marrows formed its southern border,2d4df5a35556cd8fe392381a3ae134426c44dc837bddfc6de82c44cc743f880b
xlsr_english,dmsuta,25,stage5ext_00104,9f2c0b36708a80b9aba1604061b45c02ab3d559f33122d380b4f16df7ee264228b8ed084cc75539159c501c042dcd878c793f3c16eaf1b5d9a110cad98fa0a9e,US English,us,And that meant our fat electric album would have two songs on a side.,amadmen or fat-electric album would have two songs on a side,2d4df5a35556cd8fe392381a3ae134426c44dc837bddfc6de82c44cc743f880b
xlsr_english,dmsuta,26,stage5ext_00105,9f2c0b36708a80b9aba1604061b45c02ab3d559f33122d380b4f16df7ee264228b8ed084cc75539159c501c042dcd878c793f3c16eaf1b5d9a110cad98fa0a9e,US English,us,A committee was organised and the Smithsonian Institution was founded.,a committee was organized and the smithsonian institution was founded,830129e83321d0bcebea73f385e69fc4908f9f2329c4039990e3ef1d80780226
xlsr_english,dmsuta,26,stage5ext_00106,2ce9c40fcb6948ed0bced3197b5aefb5f8585c4b80c5f627af7a750cfb445b61c96532c68b893e6c1f4cb299407c58f1504db283d1f7eca7585dfc2f88a968d4,US English,us,"You're not psychotic, you just wish you were?",you're not psychiotic you just wish you were,830129e83321d0bcebea73f385e69fc4908f9f2329c4039990e3ef1d80780226
xlsr_english,dmsuta,26,stage5ext_00107,2ce9c40fcb6948ed0bced3197b5aefb5f8585c4b80c5f627af7a750cfb445b61c96532c68b893e6c1f4cb299407c58f1504db283d1f7eca7585dfc2f88a968d4,US English,us,Good evening.,good-evening,830129e83321d0bcebea73f385e69fc4908f9f2329c4039990e3ef1d80780226
xlsr_english,dmsuta,26,stage5ext_00108,2ce9c40fcb6948ed0bced3197b5aefb5f8585c4b80c5f627af7a750cfb445b61c96532c68b893e6c1f4cb299407c58f1504db283d1f7eca7585dfc2f88a968d4,US English,us,The dead have no friends.,the dead have no friends,830129e83321d0bcebea73f385e69fc4908f9f2329c4039990e3ef1d80780226
xlsr_english,dmsuta,27,stage5ext_00109,2ce9c40fcb6948ed0bced3197b5aefb5f8585c4b80c5f627af7a750cfb445b61c96532c68b893e6c1f4cb299407c58f1504db283d1f7eca7585dfc2f88a968d4,US English,us,Ship technology has improved.,ship technology has improved,ea07fb07c4f38ce2e1eb4e528b0a0c30a4f46ace009f4792604212f8f0cafac2
xlsr_english,dmsuta,27,stage5ext_00110,2ce9c40fcb6948ed0bced3197b5aefb5f8585c4b80c5f627af7a750cfb445b61c96532c68b893e6c1f4cb299407c58f1504db283d1f7eca7585dfc2f88a968d4,US English,us,The shop is closed on Mondays.,the shop is closed on mondays,ea07fb07c4f38ce2e1eb4e528b0a0c30a4f46ace009f4792604212f8f0cafac2
xlsr_english,dmsuta,27,stage5ext_00111,2ce9c40fcb6948ed0bced3197b5aefb5f8585c4b80c5f627af7a750cfb445b61c96532c68b893e6c1f4cb299407c58f1504db283d1f7eca7585dfc2f88a968d4,US English,us,"Waste not, want not.",wastnot what not,ea07fb07c4f38ce2e1eb4e528b0a0c30a4f46ace009f4792604212f8f0cafac2
xlsr_english,dmsuta,27,stage5ext_00112,2ce9c40fcb6948ed0bced3197b5aefb5f8585c4b80c5f627af7a750cfb445b61c96532c68b893e6c1f4cb299407c58f1504db283d1f7eca7585dfc2f88a968d4,US English,us,"The salesman was like the rest of them, untrustworthy.",the salesman is like the rest of thim untrustworthy,ea07fb07c4f38ce2e1eb4e528b0a0c30a4f46ace009f4792604212f8f0cafac2
xlsr_english,dmsuta,28,stage5ext_00113,2ce9c40fcb6948ed0bced3197b5aefb5f8585c4b80c5f627af7a750cfb445b61c96532c68b893e6c1f4cb299407c58f1504db283d1f7eca7585dfc2f88a968d4,US English,us,"Did you know that the word ""commercial"" could mean the same as ""advertisement""?",did you know that the word commercial could mean the same as advertisement,a766299522f7292d3e51efe5825addc57bfd8094080e073ca331b5d959e13608
xlsr_english,dmsuta,28,stage5ext_00114,2ce9c40fcb6948ed0bced3197b5aefb5f8585c4b80c5f627af7a750cfb445b61c96532c68b893e6c1f4cb299407c58f1504db283d1f7eca7585dfc2f88a968d4,US English,us,Topsy-turvy Steamboat.,topsy turvy steamboat,a766299522f7292d3e51efe5825addc57bfd8094080e073ca331b5d959e13608
xlsr_english,dmsuta,28,stage5ext_00115,2ce9c40fcb6948ed0bced3197b5aefb5f8585c4b80c5f627af7a750cfb445b61c96532c68b893e6c1f4cb299407c58f1504db283d1f7eca7585dfc2f88a968d4,US English,us,Save a thief from the gallows and he will cut your throat,save a thief from the gallows and he will cut your throat,a766299522f7292d3e51efe5825addc57bfd8094080e073ca331b5d959e13608
xlsr_english,dmsuta,28,stage5ext_00116,2ce9c40fcb6948ed0bced3197b5aefb5f8585c4b80c5f627af7a750cfb445b61c96532c68b893e6c1f4cb299407c58f1504db283d1f7eca7585dfc2f88a968d4,US English,us,A chip of the old block.,a chip of the old block,a766299522f7292d3e51efe5825addc57bfd8094080e073ca331b5d959e13608
xlsr_english,dmsuta,29,stage5ext_00117,2ce9c40fcb6948ed0bced3197b5aefb5f8585c4b80c5f627af7a750cfb445b61c96532c68b893e6c1f4cb299407c58f1504db283d1f7eca7585dfc2f88a968d4,US English,us,What about from an unsafe distance?,what about from an unsafe distance,039a89c69630816bd3cbae6457f75bbed2e41f171d54fef15a50d84b6e7f0dd6
xlsr_english,dmsuta,29,stage5ext_00118,2ce9c40fcb6948ed0bced3197b5aefb5f8585c4b80c5f627af7a750cfb445b61c96532c68b893e6c1f4cb299407c58f1504db283d1f7eca7585dfc2f88a968d4,US English,us,New pants lack cuffs and pockets.,newpants lack cuffs and pockets,039a89c69630816bd3cbae6457f75bbed2e41f171d54fef15a50d84b6e7f0dd6
xlsr_english,dmsuta,29,stage5ext_00119,2ce9c40fcb6948ed0bced3197b5aefb5f8585c4b80c5f627af7a750cfb445b61c96532c68b893e6c1f4cb299407c58f1504db283d1f7eca7585dfc2f88a968d4,US English,us,Is that how your niece began?,is that how your niece began,039a89c69630816bd3cbae6457f75bbed2e41f171d54fef15a50d84b6e7f0dd6
xlsr_english,dmsuta,29,stage5ext_00120,2ce9c40fcb6948ed0bced3197b5aefb5f8585c4b80c5f627af7a750cfb445b61c96532c68b893e6c1f4cb299407c58f1504db283d1f7eca7585dfc2f88a968d4,US English,us,That is the weirdest dress I have found in this store.,that is the weirdest dress i have found in this store,039a89c69630816bd3cbae6457f75bbed2e41f171d54fef15a50d84b6e7f0dd6
xlsr_english,dmsuta,30,stage5ext_00121,228508a13bdcb59b6e981ab369677a052cfa1d9208ac95a44f5a910b5fb16d76e49d318b1a128dd5144453cc80734637f59383b09379191621b865980d923440,US English,us,The reasons are more political.,the reasons are more political,e2157da05c71550d5014a9c30de788e6bff9823641365f4840989a2458ad0930
xlsr_english,dmsuta,30,stage5ext_00122,228508a13bdcb59b6e981ab369677a052cfa1d9208ac95a44f5a910b5fb16d76e49d318b1a128dd5144453cc80734637f59383b09379191621b865980d923440,US English,us,When he became a foreman he expected more output from the workmen.,when he became a foreman he expected more output from the werkman,e2157da05c71550d5014a9c30de788e6bff9823641365f4840989a2458ad0930
xlsr_english,dmsuta,30,stage5ext_00123,228508a13bdcb59b6e981ab369677a052cfa1d9208ac95a44f5a910b5fb16d76e49d318b1a128dd5144453cc80734637f59383b09379191621b865980d923440,US English,us,"The timber was exported to Egypt, where it was in great demand.",the timber was exported to egypt but it was in great demand,e2157da05c71550d5014a9c30de788e6bff9823641365f4840989a2458ad0930
xlsr_english,dmsuta,30,stage5ext_00124,228508a13bdcb59b6e981ab369677a052cfa1d9208ac95a44f5a910b5fb16d76e49d318b1a128dd5144453cc80734637f59383b09379191621b865980d923440,US English,us,"On farm visits, touching or feeding pigs should be prohibited.",on farmisets touching or feeding mixs should be prohibited,e2157da05c71550d5014a9c30de788e6bff9823641365f4840989a2458ad0930
xlsr_english,dmsuta,31,stage5ext_00125,228508a13bdcb59b6e981ab369677a052cfa1d9208ac95a44f5a910b5fb16d76e49d318b1a128dd5144453cc80734637f59383b09379191621b865980d923440,US English,us,Noah worked on the album for two years.,noa worked on the album for two years,3b48e80bebfc838d1bdd75c86825612394aa7af726bef849a0180e1fba69d5bb
xlsr_english,dmsuta,31,stage5ext_00126,228508a13bdcb59b6e981ab369677a052cfa1d9208ac95a44f5a910b5fb16d76e49d318b1a128dd5144453cc80734637f59383b09379191621b865980d923440,US English,us,"The family seat is Terling Place, near Terling, Essex.",the family cit is terlin place near terling essex,3b48e80bebfc838d1bdd75c86825612394aa7af726bef849a0180e1fba69d5bb
xlsr_english,dmsuta,31,stage5ext_00127,228508a13bdcb59b6e981ab369677a052cfa1d9208ac95a44f5a910b5fb16d76e49d318b1a128dd5144453cc80734637f59383b09379191621b865980d923440,US English,us,She then got underway for Leyte.,she then got on dhe way for late,3b48e80bebfc838d1bdd75c86825612394aa7af726bef849a0180e1fba69d5bb
xlsr_english,dmsuta,31,stage5ext_00128,228508a13bdcb59b6e981ab369677a052cfa1d9208ac95a44f5a910b5fb16d76e49d318b1a128dd5144453cc80734637f59383b09379191621b865980d923440,US English,us,His early work was on optical information processing.,his early work was an optical information procesting,3b48e80bebfc838d1bdd75c86825612394aa7af726bef849a0180e1fba69d5bb
xlsr_english,dmsuta,32,stage5ext_00129,228508a13bdcb59b6e981ab369677a052cfa1d9208ac95a44f5a910b5fb16d76e49d318b1a128dd5144453cc80734637f59383b09379191621b865980d923440,US English,us,There is much shouting and gesticulation on the appearance of a new moon.,there is much shouting and gesticulation on the appearance of a nu,dd4ea51ef6b7cd75b9dce41fd670e2c062823f0de1c2a65a99da2882ec60f88b
xlsr_english,dmsuta,32,stage5ext_00130,228508a13bdcb59b6e981ab369677a052cfa1d9208ac95a44f5a910b5fb16d76e49d318b1a128dd5144453cc80734637f59383b09379191621b865980d923440,US English,us,Previously this variety was believed to be lost.,previously this variety was believed to be lost,dd4ea51ef6b7cd75b9dce41fd670e2c062823f0de1c2a65a99da2882ec60f88b
xlsr_english,dmsuta,32,stage5ext_00131,228508a13bdcb59b6e981ab369677a052cfa1d9208ac95a44f5a910b5fb16d76e49d318b1a128dd5144453cc80734637f59383b09379191621b865980d923440,US English,us,"Well, next morning, the husband was missing.",lo next morning the husband was missing,dd4ea51ef6b7cd75b9dce41fd670e2c062823f0de1c2a65a99da2882ec60f88b
xlsr_english,dmsuta,32,stage5ext_00132,228508a13bdcb59b6e981ab369677a052cfa1d9208ac95a44f5a910b5fb16d76e49d318b1a128dd5144453cc80734637f59383b09379191621b865980d923440,US English,us,The heads are then like thongs and solemn in grain and grape-colour.,the heads are then like tongues and some on the green and gray color,dd4ea51ef6b7cd75b9dce41fd670e2c062823f0de1c2a65a99da2882ec60f88b
xlsr_english,dmsuta,33,stage5ext_00133,228508a13bdcb59b6e981ab369677a052cfa1d9208ac95a44f5a910b5fb16d76e49d318b1a128dd5144453cc80734637f59383b09379191621b865980d923440,US English,us,"After retiring, Ehiogu founded his own record label, Dirty Hit.",after retiring ihoky founded his own record label dirt hit,de9fff53ca2a2a1b9482e5561f7e957bf538ff549367cb199ae4eaaefddfc786
xlsr_english,dmsuta,33,stage5ext_00134,228508a13bdcb59b6e981ab369677a052cfa1d9208ac95a44f5a910b5fb16d76e49d318b1a128dd5144453cc80734637f59383b09379191621b865980d923440,US English,us,"Some credit ""earlier notions of political and juridical authority"" in Iran's Safavid period.",some credit earlier notions of political and juridical authority in irang's sephawit period,de9fff53ca2a2a1b9482e5561f7e957bf538ff549367cb199ae4eaaefddfc786
xlsr_english,dmsuta,33,stage5ext_00135,228508a13bdcb59b6e981ab369677a052cfa1d9208ac95a44f5a910b5fb16d76e49d318b1a128dd5144453cc80734637f59383b09379191621b865980d923440,US English,us,"George Washington Riggs died at his home, Green Hill, in Prince George's County, Maryland.",george washington ricks died at his home greenhill in prince george county maryland,de9fff53ca2a2a1b9482e5561f7e957bf538ff549367cb199ae4eaaefddfc786
xlsr_english,dmsuta,33,stage5ext_00136,720e559efbceae3ffa3e0df1e70d5d276564f71b02f1a3222c7dbbfa55811cbc4ad54045296d28ef121452051dd65e0253f9af4f519f65f29a0690726ba44253,US English,us,"The number of non-Muslim Sufis before the twentieth century, however, was usually relatively few.",the number of non-muslim sufies before the twentieth century however was usually relatively few,de9fff53ca2a2a1b9482e5561f7e957bf538ff549367cb199ae4eaaefddfc786
xlsr_english,dmsuta,34,stage5ext_00137,720e559efbceae3ffa3e0df1e70d5d276564f71b02f1a3222c7dbbfa55811cbc4ad54045296d28ef121452051dd65e0253f9af4f519f65f29a0690726ba44253,US English,us,"At the party, Jerry meets an attractive woman named Vanessa.",at the party jerry meets an attractive woman named venessa,399852c78fc2b8a880a9e318ab625c03941844278f083f794254cc36a7557220
xlsr_english,dmsuta,34,stage5ext_00138,720e559efbceae3ffa3e0df1e70d5d276564f71b02f1a3222c7dbbfa55811cbc4ad54045296d28ef121452051dd65e0253f9af4f519f65f29a0690726ba44253,US English,us,Irulan herself appears in person only near the end of the novel.,irlan herself appears in person only near the end of the novel,399852c78fc2b8a880a9e318ab625c03941844278f083f794254cc36a7557220
xlsr_english,dmsuta,34,stage5ext_00139,720e559efbceae3ffa3e0df1e70d5d276564f71b02f1a3222c7dbbfa55811cbc4ad54045296d28ef121452051dd65e0253f9af4f519f65f29a0690726ba44253,US English,us,Jump is a yellow dog with brown patches and the pet dog of Tobio.,jump is a yellow dog with brown patches and the pet dog of tobio,399852c78fc2b8a880a9e318ab625c03941844278f083f794254cc36a7557220
xlsr_english,dmsuta,34,stage5ext_00140,720e559efbceae3ffa3e0df1e70d5d276564f71b02f1a3222c7dbbfa55811cbc4ad54045296d28ef121452051dd65e0253f9af4f519f65f29a0690726ba44253,US English,us,It has some popular restaurants including The New Inn.,it has some popular restaurants including the new inn,399852c78fc2b8a880a9e318ab625c03941844278f083f794254cc36a7557220
xlsr_english,dmsuta,35,stage5ext_00141,720e559efbceae3ffa3e0df1e70d5d276564f71b02f1a3222c7dbbfa55811cbc4ad54045296d28ef121452051dd65e0253f9af4f519f65f29a0690726ba44253,US English,us,The families and genera within the orders are listed in alphabetical order.,the families and genera within the orders are listed in alphabetical order,feab3c8aa9d0e9e6699e9d5076d511ba3e00574e1ab0af04dc6149e9083b376f
xlsr_english,dmsuta,35,stage5ext_00142,720e559efbceae3ffa3e0df1e70d5d276564f71b02f1a3222c7dbbfa55811cbc4ad54045296d28ef121452051dd65e0253f9af4f519f65f29a0690726ba44253,US English,us,"This practice remains an important ritual in some remote, tribal societies.",this practice remains an important ritual in some remote tribal societies,feab3c8aa9d0e9e6699e9d5076d511ba3e00574e1ab0af04dc6149e9083b376f
xlsr_english,dmsuta,35,stage5ext_00143,720e559efbceae3ffa3e0df1e70d5d276564f71b02f1a3222c7dbbfa55811cbc4ad54045296d28ef121452051dd65e0253f9af4f519f65f29a0690726ba44253,US English,us,A second game also included Carshalton College.,a second game also included carshalton college,feab3c8aa9d0e9e6699e9d5076d511ba3e00574e1ab0af04dc6149e9083b376f
xlsr_english,dmsuta,35,stage5ext_00144,720e559efbceae3ffa3e0df1e70d5d276564f71b02f1a3222c7dbbfa55811cbc4ad54045296d28ef121452051dd65e0253f9af4f519f65f29a0690726ba44253,US English,us,Mareya micrantha is said to have local anaesthetic properties.,marea macrantha is said to have local anaesthetic properties,feab3c8aa9d0e9e6699e9d5076d511ba3e00574e1ab0af04dc6149e9083b376f
xlsr_english,dmsuta,36,stage5ext_00145,720e559efbceae3ffa3e0df1e70d5d276564f71b02f1a3222c7dbbfa55811cbc4ad54045296d28ef121452051dd65e0253f9af4f519f65f29a0690726ba44253,US English,us,The expanded section included an enlarged bar.,the expanded section included an enlarged bar,d47661a14acf2245b2e32a09ee9ca016e84e536bdec61869a6ce83d4467f52a9
xlsr_english,dmsuta,36,stage5ext_00146,720e559efbceae3ffa3e0df1e70d5d276564f71b02f1a3222c7dbbfa55811cbc4ad54045296d28ef121452051dd65e0253f9af4f519f65f29a0690726ba44253,US English,us,"This is in contrast to physiology, which deals primarily with function.",this is in contrast to physiology which deals primarily with function,d47661a14acf2245b2e32a09ee9ca016e84e536bdec61869a6ce83d4467f52a9
xlsr_english,dmsuta,36,stage5ext_00147,720e559efbceae3ffa3e0df1e70d5d276564f71b02f1a3222c7dbbfa55811cbc4ad54045296d28ef121452051dd65e0253f9af4f519f65f29a0690726ba44253,US English,us,"When his wife died, Acosta retired and went to live in a hermitage.",when his wife died akasta retired and went to live in a hermitage,d47661a14acf2245b2e32a09ee9ca016e84e536bdec61869a6ce83d4467f52a9
xlsr_english,dmsuta,36,stage5ext_00148,720e559efbceae3ffa3e0df1e70d5d276564f71b02f1a3222c7dbbfa55811cbc4ad54045296d28ef121452051dd65e0253f9af4f519f65f29a0690726ba44253,US English,us,McNab ruled with an iron fist over the Scottish settlers.,macnabb ruled with an iron fist over the scottish settlers,d47661a14acf2245b2e32a09ee9ca016e84e536bdec61869a6ce83d4467f52a9
xlsr_english,dmsuta,37,stage5ext_00149,720e559efbceae3ffa3e0df1e70d5d276564f71b02f1a3222c7dbbfa55811cbc4ad54045296d28ef121452051dd65e0253f9af4f519f65f29a0690726ba44253,US English,us,"Ricci played a young detective who temporarily partners with Grace, played by Holly Hunter.",ricki played a young detective who temporarily partners with grace played by hollyi hunter,b0a823819fd7c038d723309f47e50573bfa39502499e85bbf5af6db4274fd542
xlsr_english,dmsuta,37,stage5ext_00150,720e559efbceae3ffa3e0df1e70d5d276564f71b02f1a3222c7dbbfa55811cbc4ad54045296d28ef121452051dd65e0253f9af4f519f65f29a0690726ba44253,US English,us,"It would, in effect, paralyse their co-operation.",it would in effect paralyse their cooperation,b0a823819fd7c038d723309f47e50573bfa39502499e85bbf5af6db4274fd542
xlsr_english,dmsuta,37,stage5ext_00151,fd0dff3b5f07ca5531d539b5a2d98730836ad0aa3e1b6526ad93f596c546212f2e9c6152141a6d6a86254fe36668b66427df0e1588645c1756157fb92705969a,England English,england,I'm playing for keeps.,i'm blay if it keeps,b0a823819fd7c038d723309f47e50573bfa39502499e85bbf5af6db4274fd542
xlsr_english,dmsuta,37,stage5ext_00152,fd0dff3b5f07ca5531d539b5a2d98730836ad0aa3e1b6526ad93f596c546212f2e9c6152141a6d6a86254fe36668b66427df0e1588645c1756157fb92705969a,England English,england,His old Ferrari has been compacted to a small cube of metal at the junkyard.,his old ferrari has been compacted to a small kyb of metal at the junkyard,b0a823819fd7c038d723309f47e50573bfa39502499e85bbf5af6db4274fd542
xlsr_english,dmsuta,38,stage5ext_00153,fd0dff3b5f07ca5531d539b5a2d98730836ad0aa3e1b6526ad93f596c546212f2e9c6152141a6d6a86254fe36668b66427df0e1588645c1756157fb92705969a,England English,england,There was no response from the elders.,there as ter response from the others,77a4834733e8ba10dae050b06ab71d48111824c4cfbb9981b9a4b33b669db704
xlsr_english,dmsuta,38,stage5ext_00154,fd0dff3b5f07ca5531d539b5a2d98730836ad0aa3e1b6526ad93f596c546212f2e9c6152141a6d6a86254fe36668b66427df0e1588645c1756157fb92705969a,England English,england,You're hurting my sore foot.,you're hurting my sore foot,77a4834733e8ba10dae050b06ab71d48111824c4cfbb9981b9a4b33b669db704
xlsr_english,dmsuta,38,stage5ext_00155,fd0dff3b5f07ca5531d539b5a2d98730836ad0aa3e1b6526ad93f596c546212f2e9c6152141a6d6a86254fe36668b66427df0e1588645c1756157fb92705969a,England English,england,Studying these key phrases will help you while traveling.,studying these key phrases will help peowhile travelling,77a4834733e8ba10dae050b06ab71d48111824c4cfbb9981b9a4b33b669db704
xlsr_english,dmsuta,38,stage5ext_00156,fd0dff3b5f07ca5531d539b5a2d98730836ad0aa3e1b6526ad93f596c546212f2e9c6152141a6d6a86254fe36668b66427df0e1588645c1756157fb92705969a,England English,england,Mary told me that she got to meet up with you while she was back in San Francisco.,mary told me she got to meet up with you while you were back in san francisco,77a4834733e8ba10dae050b06ab71d48111824c4cfbb9981b9a4b33b669db704
xlsr_english,dmsuta,39,stage5ext_00157,fd0dff3b5f07ca5531d539b5a2d98730836ad0aa3e1b6526ad93f596c546212f2e9c6152141a6d6a86254fe36668b66427df0e1588645c1756157fb92705969a,England English,england,Look on the third shelf back of the eye wash.,look on the third shelf back of the eye wash,f4ec8ef8c90b544346ef401ec6ba17f32d4949d32c6008880501847aeaa9a62e
xlsr_english,dmsuta,39,stage5ext_00158,fd0dff3b5f07ca5531d539b5a2d98730836ad0aa3e1b6526ad93f596c546212f2e9c6152141a6d6a86254fe36668b66427df0e1588645c1756157fb92705969a,England English,england,It was Linda Keller!,it was linda keller,f4ec8ef8c90b544346ef401ec6ba17f32d4949d32c6008880501847aeaa9a62e
xlsr_english,dmsuta,39,stage5ext_00159,fd0dff3b5f07ca5531d539b5a2d98730836ad0aa3e1b6526ad93f596c546212f2e9c6152141a6d6a86254fe36668b66427df0e1588645c1756157fb92705969a,England English,england,Neil Armstrong was the first man to step foot on the moon.,new l armstrong was the first man to step foot on the loon,f4ec8ef8c90b544346ef401ec6ba17f32d4949d32c6008880501847aeaa9a62e
xlsr_english,dmsuta,39,stage5ext_00160,fd0dff3b5f07ca5531d539b5a2d98730836ad0aa3e1b6526ad93f596c546212f2e9c6152141a6d6a86254fe36668b66427df0e1588645c1756157fb92705969a,England English,england,You go on and practice.,you go on and practice,f4ec8ef8c90b544346ef401ec6ba17f32d4949d32c6008880501847aeaa9a62e
xlsr_english,dmsuta,40,stage5ext_00161,fd0dff3b5f07ca5531d539b5a2d98730836ad0aa3e1b6526ad93f596c546212f2e9c6152141a6d6a86254fe36668b66427df0e1588645c1756157fb92705969a,England English,england,Storm increasing over the Rockies.,storm increasing over the rockies,14369f11a943499972a34f3717894317c782a063fd787908cda8d3e0475a1ac1
xlsr_english,dmsuta,40,stage5ext_00162,fd0dff3b5f07ca5531d539b5a2d98730836ad0aa3e1b6526ad93f596c546212f2e9c6152141a6d6a86254fe36668b66427df0e1588645c1756157fb92705969a,England English,england,Witnesses report two armed suspects and four hostages.,witnesses report two-armd suspects am four hostages,14369f11a943499972a34f3717894317c782a063fd787908cda8d3e0475a1ac1
xlsr_english,dmsuta,40,stage5ext_00163,fd0dff3b5f07ca5531d539b5a2d98730836ad0aa3e1b6526ad93f596c546212f2e9c6152141a6d6a86254fe36668b66427df0e1588645c1756157fb92705969a,England English,england,"If you know of other games that play well with hands-free control, please post in the comments.",if you know of other games that play role with hands-free control please post in the comments,14369f11a943499972a34f3717894317c782a063fd787908cda8d3e0475a1ac1
xlsr_english,dmsuta,40,stage5ext_00164,fd0dff3b5f07ca5531d539b5a2d98730836ad0aa3e1b6526ad93f596c546212f2e9c6152141a6d6a86254fe36668b66427df0e1588645c1756157fb92705969a,England English,england,"Two caribous in a queue, they didn't have a clue, that I was using their flue, to write a poem for you.",two cariboos in a q they didn't have a clu that i was using their flu to write a perm for you,14369f11a943499972a34f3717894317c782a063fd787908cda8d3e0475a1ac1
xlsr_english,dmsuta,41,stage5ext_00165,fd0dff3b5f07ca5531d539b5a2d98730836ad0aa3e1b6526ad93f596c546212f2e9c6152141a6d6a86254fe36668b66427df0e1588645c1756157fb92705969a,England English,england,With a bag of marshmallows.,with a bag of marshmealows,95e8abbf271c140c2b0904237b662e3b2511ec304160e54cefc51136abe62df3
xlsr_english,dmsuta,41,stage5ext_00166,fdcab9861a3de8913b99470efefdd496f7500e233d7a34a4bf246ca2321426334f7206282773114305bb5b045ee084a0c9e50c6160fc40ac34ba2009e1997f8f,England English,england,"Teresa, Mildrid, Ralph, and Vonda all arrived yesterday evening.",teresa maldrid ralph and bonda all arrive yesterday evening,95e8abbf271c140c2b0904237b662e3b2511ec304160e54cefc51136abe62df3
xlsr_english,dmsuta,41,stage5ext_00167,fdcab9861a3de8913b99470efefdd496f7500e233d7a34a4bf246ca2321426334f7206282773114305bb5b045ee084a0c9e50c6160fc40ac34ba2009e1997f8f,England English,england,"Somehow, the paragraphs blurred into each other.",somehow the paragraphs blurred into each other,95e8abbf271c140c2b0904237b662e3b2511ec304160e54cefc51136abe62df3
xlsr_english,dmsuta,41,stage5ext_00168,fdcab9861a3de8913b99470efefdd496f7500e233d7a34a4bf246ca2321426334f7206282773114305bb5b045ee084a0c9e50c6160fc40ac34ba2009e1997f8f,England English,england,"Now, attend to me.",now ittend to be,95e8abbf271c140c2b0904237b662e3b2511ec304160e54cefc51136abe62df3
xlsr_english,dmsuta,42,stage5ext_00169,fdcab9861a3de8913b99470efefdd496f7500e233d7a34a4bf246ca2321426334f7206282773114305bb5b045ee084a0c9e50c6160fc40ac34ba2009e1997f8f,England English,england,"Oh man, I think I got friend-zoned once again.",o man i think i've got friends oned once again,4e37ab8fe2146c8e701de76da8dcd3226245bdc74527a3fd3590f0d6fca136f1
xlsr_english,dmsuta,42,stage5ext_00170,fdcab9861a3de8913b99470efefdd496f7500e233d7a34a4bf246ca2321426334f7206282773114305bb5b045ee084a0c9e50c6160fc40ac34ba2009e1997f8f,England English,england,"Hooray, we're going to Alaska!",ho way we're going to alaska,4e37ab8fe2146c8e701de76da8dcd3226245bdc74527a3fd3590f0d6fca136f1
xlsr_english,dmsuta,42,stage5ext_00171,fdcab9861a3de8913b99470efefdd496f7500e233d7a34a4bf246ca2321426334f7206282773114305bb5b045ee084a0c9e50c6160fc40ac34ba2009e1997f8f,England English,england,"The landing was dimly light by a single, bare, low-power light-bulb.",the landing was dimly lit by a single bear no-power lightbult,4e37ab8fe2146c8e701de76da8dcd3226245bdc74527a3fd3590f0d6fca136f1
xlsr_english,dmsuta,42,stage5ext_00172,fdcab9861a3de8913b99470efefdd496f7500e233d7a34a4bf246ca2321426334f7206282773114305bb5b045ee084a0c9e50c6160fc40ac34ba2009e1997f8f,England English,england,Aren't we godlike?,aren't we god-like,4e37ab8fe2146c8e701de76da8dcd3226245bdc74527a3fd3590f0d6fca136f1
xlsr_english,dmsuta,43,stage5ext_00173,fdcab9861a3de8913b99470efefdd496f7500e233d7a34a4bf246ca2321426334f7206282773114305bb5b045ee084a0c9e50c6160fc40ac34ba2009e1997f8f,England English,england,Where is my dress?,there is my dress,ea77f9c463491f1d5b62508a3254b9165fe70ffb2217c0b6967089dc8daa2674
xlsr_english,dmsuta,43,stage5ext_00174,fdcab9861a3de8913b99470efefdd496f7500e233d7a34a4bf246ca2321426334f7206282773114305bb5b045ee084a0c9e50c6160fc40ac34ba2009e1997f8f,England English,england,Where are you going?,where are you going,ea77f9c463491f1d5b62508a3254b9165fe70ffb2217c0b6967089dc8daa2674
xlsr_english,dmsuta,43,stage5ext_00175,fdcab9861a3de8913b99470efefdd496f7500e233d7a34a4bf246ca2321426334f7206282773114305bb5b045ee084a0c9e50c6160fc40ac34ba2009e1997f8f,England English,england,"When you're at a party and somebody says ""banana bread"", a sniper might be near you.",when ho at a party and somebody says balanabred a sniper might be near you,ea77f9c463491f1d5b62508a3254b9165fe70ffb2217c0b6967089dc8daa2674
xlsr_english,dmsuta,43,stage5ext_00176,fdcab9861a3de8913b99470efefdd496f7500e233d7a34a4bf246ca2321426334f7206282773114305bb5b045ee084a0c9e50c6160fc40ac34ba2009e1997f8f,England English,england,"She was beautiful from behind, but he couldn't see her face yet.",she was beautiful from behind but he couldnt see her face yet,ea77f9c463491f1d5b62508a3254b9165fe70ffb2217c0b6967089dc8daa2674
xlsr_english,dmsuta,44,stage5ext_00177,fdcab9861a3de8913b99470efefdd496f7500e233d7a34a4bf246ca2321426334f7206282773114305bb5b045ee084a0c9e50c6160fc40ac34ba2009e1997f8f,England English,england,Didn't you know that?,didn't ye know that,750414b64a40884ef7f66b7253f3f5c62d6ebffdd18482062733d1b3d1f057fa
xlsr_english,dmsuta,44,stage5ext_00178,fdcab9861a3de8913b99470efefdd496f7500e233d7a34a4bf246ca2321426334f7206282773114305bb5b045ee084a0c9e50c6160fc40ac34ba2009e1997f8f,England English,england,What else can I do?,what else can i do,750414b64a40884ef7f66b7253f3f5c62d6ebffdd18482062733d1b3d1f057fa
xlsr_english,dmsuta,44,stage5ext_00179,fdcab9861a3de8913b99470efefdd496f7500e233d7a34a4bf246ca2321426334f7206282773114305bb5b045ee084a0c9e50c6160fc40ac34ba2009e1997f8f,England English,england,May I borrow your bolster?,may i borrow your bolster,750414b64a40884ef7f66b7253f3f5c62d6ebffdd18482062733d1b3d1f057fa
xlsr_english,dmsuta,44,stage5ext_00180,fdcab9861a3de8913b99470efefdd496f7500e233d7a34a4bf246ca2321426334f7206282773114305bb5b045ee084a0c9e50c6160fc40ac34ba2009e1997f8f,England English,england,"They walked in from the rain, all dishevelled and steaming.",they ralked in from te rain all disheveled and steaming,750414b64a40884ef7f66b7253f3f5c62d6ebffdd18482062733d1b3d1f057fa
xlsr_english,dmsuta,45,stage5ext_00181,7485d1e4fd50cc3801883f44ba2eaca4d5d18deb062c87bb6dd533c6db6cdca2a4b53ec84620337d88bc4417c254ba46b7f21517d0bec5305dd08e43c791410c,England English,england,Both have a notably red eye.,both have a notably red eye,4000fe1c0f6337e9e7bf7a2341b0eadb30fbf881dd72b815150e9c1dce6c885f
xlsr_english,dmsuta,45,stage5ext_00182,7485d1e4fd50cc3801883f44ba2eaca4d5d18deb062c87bb6dd533c6db6cdca2a4b53ec84620337d88bc4417c254ba46b7f21517d0bec5305dd08e43c791410c,England English,england,"At the conclusion of the season, Kerry and ThorSport Racing went their separate ways.",at the conclusion of the season kerry and thoresport racing went their separate ways,4000fe1c0f6337e9e7bf7a2341b0eadb30fbf881dd72b815150e9c1dce6c885f
xlsr_english,dmsuta,45,stage5ext_00183,7485d1e4fd50cc3801883f44ba2eaca4d5d18deb062c87bb6dd533c6db6cdca2a4b53ec84620337d88bc4417c254ba46b7f21517d0bec5305dd08e43c791410c,England English,england,Prasterone is a steroid hormone.,prasterone is a steroid hormon,4000fe1c0f6337e9e7bf7a2341b0eadb30fbf881dd72b815150e9c1dce6c885f
xlsr_english,dmsuta,45,stage5ext_00184,7485d1e4fd50cc3801883f44ba2eaca4d5d18deb062c87bb6dd533c6db6cdca2a4b53ec84620337d88bc4417c254ba46b7f21517d0bec5305dd08e43c791410c,England English,england,"A natural key is sometimes called ""domain key"".",a natural key is sometimes called demaine key,4000fe1c0f6337e9e7bf7a2341b0eadb30fbf881dd72b815150e9c1dce6c885f
xlsr_english,dmsuta,46,stage5ext_00185,7485d1e4fd50cc3801883f44ba2eaca4d5d18deb062c87bb6dd533c6db6cdca2a4b53ec84620337d88bc4417c254ba46b7f21517d0bec5305dd08e43c791410c,England English,england,In China also along with Confucianism developed the tradition of Legalism.,in china also along with confusianism develop the tradition of legalism,138b3fb2fb589e6eacc97087017abdd75bffd8921ac6e55fca6d4634261ab9bc
xlsr_english,dmsuta,46,stage5ext_00186,7485d1e4fd50cc3801883f44ba2eaca4d5d18deb062c87bb6dd533c6db6cdca2a4b53ec84620337d88bc4417c254ba46b7f21517d0bec5305dd08e43c791410c,England English,england,"Deeley describes her religious affiliation as Anglican, although she was not christened.",deeley described her religious affiliations as anglican although she was not christened,138b3fb2fb589e6eacc97087017abdd75bffd8921ac6e55fca6d4634261ab9bc
xlsr_english,dmsuta,46,stage5ext_00187,7485d1e4fd50cc3801883f44ba2eaca4d5d18deb062c87bb6dd533c6db6cdca2a4b53ec84620337d88bc4417c254ba46b7f21517d0bec5305dd08e43c791410c,England English,england,The program highlighted Chadwick's hometown of San Diego.,the program highlighted chadwick's hometown of san diego,138b3fb2fb589e6eacc97087017abdd75bffd8921ac6e55fca6d4634261ab9bc
xlsr_english,dmsuta,46,stage5ext_00188,7485d1e4fd50cc3801883f44ba2eaca4d5d18deb062c87bb6dd533c6db6cdca2a4b53ec84620337d88bc4417c254ba46b7f21517d0bec5305dd08e43c791410c,England English,england,"The township calls itself ""New Jersey's Largest Municipality"" on its stationery and its website.",the township calls itself new jersey's largest municipality on its stationary and its website,138b3fb2fb589e6eacc97087017abdd75bffd8921ac6e55fca6d4634261ab9bc
xlsr_english,dmsuta,47,stage5ext_00189,7485d1e4fd50cc3801883f44ba2eaca4d5d18deb062c87bb6dd533c6db6cdca2a4b53ec84620337d88bc4417c254ba46b7f21517d0bec5305dd08e43c791410c,England English,england,Morrow County is considered to be a part of Mid Ohio.,morrow county is considered to be part of mid-ohio,9eeb614a88e306cd5de12310b138f621fde6913cabbe601657b0219845e14487
xlsr_english,dmsuta,47,stage5ext_00190,7485d1e4fd50cc3801883f44ba2eaca4d5d18deb062c87bb6dd533c6db6cdca2a4b53ec84620337d88bc4417c254ba46b7f21517d0bec5305dd08e43c791410c,England English,england,Bryan disliked the Klan but never publicly attacked it.,brian disliked the clan but never publicly attacked it,9eeb614a88e306cd5de12310b138f621fde6913cabbe601657b0219845e14487
xlsr_english,dmsuta,47,stage5ext_00191,7485d1e4fd50cc3801883f44ba2eaca4d5d18deb062c87bb6dd533c6db6cdca2a4b53ec84620337d88bc4417c254ba46b7f21517d0bec5305dd08e43c791410c,England English,england,The area around present-day Yokosuka city has been inhabited for thousands of years.,the area around present-day yokosuka city has been inhabited for thousands of years,9eeb614a88e306cd5de12310b138f621fde6913cabbe601657b0219845e14487
xlsr_english,dmsuta,47,stage5ext_00192,7485d1e4fd50cc3801883f44ba2eaca4d5d18deb062c87bb6dd533c6db6cdca2a4b53ec84620337d88bc4417c254ba46b7f21517d0bec5305dd08e43c791410c,England English,england,Original music for the film was composed by Rachel Portman.,original music for the film was composed by rachel portman,9eeb614a88e306cd5de12310b138f621fde6913cabbe601657b0219845e14487
xlsr_english,dmsuta,48,stage5ext_00193,7485d1e4fd50cc3801883f44ba2eaca4d5d18deb062c87bb6dd533c6db6cdca2a4b53ec84620337d88bc4417c254ba46b7f21517d0bec5305dd08e43c791410c,England English,england,It has a Rocky Top address.,it has a rocky top adress,bddd49238423de7d09f0ef0ed4c370d610989c9579cc0ba0f2344f5b78cab329
xlsr_english,dmsuta,48,stage5ext_00194,7485d1e4fd50cc3801883f44ba2eaca4d5d18deb062c87bb6dd533c6db6cdca2a4b53ec84620337d88bc4417c254ba46b7f21517d0bec5305dd08e43c791410c,England English,england,He was also created the Marquess of Hedong.,he was also created the marquee of hendong,bddd49238423de7d09f0ef0ed4c370d610989c9579cc0ba0f2344f5b78cab329
xlsr_english,dmsuta,48,stage5ext_00195,7485d1e4fd50cc3801883f44ba2eaca4d5d18deb062c87bb6dd533c6db6cdca2a4b53ec84620337d88bc4417c254ba46b7f21517d0bec5305dd08e43c791410c,England English,england,"However, there are strong reasons to doubt that this is him.",however there are strong reasons to doubt that this is him,bddd49238423de7d09f0ef0ed4c370d610989c9579cc0ba0f2344f5b78cab329
xlsr_english,dmsuta,48,stage5ext_00196,3660ede2a2a5b5d649342a4a5c04e6b398b1247566aad9c6f059a84e8fa5405dd489100055b29dec8fa9b337b3661c001754f4f302bb85bd39eac24bee4023fe,England English,england,The old man returned the book to the boy.,the old man returned the book to the boy,bddd49238423de7d09f0ef0ed4c370d610989c9579cc0ba0f2344f5b78cab329
xlsr_english,dmsuta,49,stage5ext_00197,3660ede2a2a5b5d649342a4a5c04e6b398b1247566aad9c6f059a84e8fa5405dd489100055b29dec8fa9b337b3661c001754f4f302bb85bd39eac24bee4023fe,England English,england,"From where he sat, he could observe the plaza.",from where he sat he could observe the plaza,7a68a4da187cb657f59f2cba2a5a8cb54750568ed278532d1920dac0807b4dd5
xlsr_english,dmsuta,49,stage5ext_00198,3660ede2a2a5b5d649342a4a5c04e6b398b1247566aad9c6f059a84e8fa5405dd489100055b29dec8fa9b337b3661c001754f4f302bb85bd39eac24bee4023fe,England English,england,He could always go back to being a shepherd.,he could always go back to being a shepherd,7a68a4da187cb657f59f2cba2a5a8cb54750568ed278532d1920dac0807b4dd5
xlsr_english,dmsuta,49,stage5ext_00199,3660ede2a2a5b5d649342a4a5c04e6b398b1247566aad9c6f059a84e8fa5405dd489100055b29dec8fa9b337b3661c001754f4f302bb85bd39eac24bee4023fe,England English,england,A large piece suddenly came off and fell with a loud and sharp noise.,a large piece suddenly came off and fell with a loud and sharp noise,7a68a4da187cb657f59f2cba2a5a8cb54750568ed278532d1920dac0807b4dd5
xlsr_english,dmsuta,49,stage5ext_00200,3660ede2a2a5b5d649342a4a5c04e6b398b1247566aad9c6f059a84e8fa5405dd489100055b29dec8fa9b337b3661c001754f4f302bb85bd39eac24bee4023fe,England English,england,The boy thought of Fatima.,the boy thought of fatima,7a68a4da187cb657f59f2cba2a5a8cb54750568ed278532d1920dac0807b4dd5
xlsr_english,dmsuta,50,stage5ext_00201,3660ede2a2a5b5d649342a4a5c04e6b398b1247566aad9c6f059a84e8fa5405dd489100055b29dec8fa9b337b3661c001754f4f302bb85bd39eac24bee4023fe,England English,england,"Curse the moment I met that old man, he thought.",curse the moment i met that old man he thought,045e23d331d11b233194b8fcaa553d043cb0f9bab54e6f82995200450e201dae
xlsr_english,dmsuta,50,stage5ext_00202,3660ede2a2a5b5d649342a4a5c04e6b398b1247566aad9c6f059a84e8fa5405dd489100055b29dec8fa9b337b3661c001754f4f302bb85bd39eac24bee4023fe,England English,england,"Something older than humanity, more ancient than the desert.",something older than humanity more ancient than the desert,045e23d331d11b233194b8fcaa553d043cb0f9bab54e6f82995200450e201dae
xlsr_english,dmsuta,50,stage5ext_00203,3660ede2a2a5b5d649342a4a5c04e6b398b1247566aad9c6f059a84e8fa5405dd489100055b29dec8fa9b337b3661c001754f4f302bb85bd39eac24bee4023fe,England English,england,The boy became fearful; the omens told him that something was wrong.,the boy became fearful the omans told him that something was wrong,045e23d331d11b233194b8fcaa553d043cb0f9bab54e6f82995200450e201dae
xlsr_english,dmsuta,50,stage5ext_00204,3660ede2a2a5b5d649342a4a5c04e6b398b1247566aad9c6f059a84e8fa5405dd489100055b29dec8fa9b337b3661c001754f4f302bb85bd39eac24bee4023fe,England English,england,The turf and gravel around it seemed charred as if by a sudden explosion.,the turf and gravel around it seemed charred as if by a sudden explosion,045e23d331d11b233194b8fcaa553d043cb0f9bab54e6f82995200450e201dae
xlsr_english,dmsuta,51,stage5ext_00205,3660ede2a2a5b5d649342a4a5c04e6b398b1247566aad9c6f059a84e8fa5405dd489100055b29dec8fa9b337b3661c001754f4f302bb85bd39eac24bee4023fe,England English,england,"Everything in the universe evolved, he said.",everything i the universe evolved he said,01e52936835302fa6949d86a013d357b6185609eb04b5cebd4658206fd09a27d
xlsr_english,dmsuta,51,stage5ext_00206,3660ede2a2a5b5d649342a4a5c04e6b398b1247566aad9c6f059a84e8fa5405dd489100055b29dec8fa9b337b3661c001754f4f302bb85bd39eac24bee4023fe,England English,england,He stood irresolute for a moment and then scrambled out of the pit.,he stood irresolute for a moment and then scrambled out of the pit,01e52936835302fa6949d86a013d357b6185609eb04b5cebd4658206fd09a27d
xlsr_english,dmsuta,51,stage5ext_00207,3660ede2a2a5b5d649342a4a5c04e6b398b1247566aad9c6f059a84e8fa5405dd489100055b29dec8fa9b337b3661c001754f4f302bb85bd39eac24bee4023fe,England English,england,They reminded him of the old man.,they reminded him of the old man,01e52936835302fa6949d86a013d357b6185609eb04b5cebd4658206fd09a27d
xlsr_english,dmsuta,51,stage5ext_00208,3660ede2a2a5b5d649342a4a5c04e6b398b1247566aad9c6f059a84e8fa5405dd489100055b29dec8fa9b337b3661c001754f4f302bb85bd39eac24bee4023fe,England English,england,It made me very depressed.,it made me very depressed,01e52936835302fa6949d86a013d357b6185609eb04b5cebd4658206fd09a27d
xlsr_english,dmsuta,52,stage5ext_00209,3660ede2a2a5b5d649342a4a5c04e6b398b1247566aad9c6f059a84e8fa5405dd489100055b29dec8fa9b337b3661c001754f4f302bb85bd39eac24bee4023fe,England English,england,"The desert takes our men from us, and they don't always return, she said.",the desert takes our men from us and they dont always return she said,3ca2afb4f6d206659c9a357f3179c4035f05ba0657f9097e18a845077af8a028
xlsr_english,dmsuta,52,stage5ext_00210,3660ede2a2a5b5d649342a4a5c04e6b398b1247566aad9c6f059a84e8fa5405dd489100055b29dec8fa9b337b3661c001754f4f302bb85bd39eac24bee4023fe,England English,england,"I'm not going very far, the alchemist answered, looking straight into the eyes of the horsemen.",i'm not going very far the alchemist answered looking straight into the eyes of the horseman,3ca2afb4f6d206659c9a357f3179c4035f05ba0657f9097e18a845077af8a028
xlsr_english,dmsuta,52,stage5ext_00211,8a8222dab0c0c42714216b9bd4c9df455639a8ab6bf3e8b9f2bfcacf53429403cad2b28435366b158f4e53f423dd2371753476ff45cef46cde7012b3f749dd14,England English,england,How can I help you madam?,how can i help you madame,3ca2afb4f6d206659c9a357f3179c4035f05ba0657f9097e18a845077af8a028
xlsr_english,dmsuta,52,stage5ext_00212,8a8222dab0c0c42714216b9bd4c9df455639a8ab6bf3e8b9f2bfcacf53429403cad2b28435366b158f4e53f423dd2371753476ff45cef46cde7012b3f749dd14,England English,england,"The very next day, he woke refreshed.",the very next day he works refreshed,3ca2afb4f6d206659c9a357f3179c4035f05ba0657f9097e18a845077af8a028
xlsr_english,dmsuta,53,stage5ext_00213,8a8222dab0c0c42714216b9bd4c9df455639a8ab6bf3e8b9f2bfcacf53429403cad2b28435366b158f4e53f423dd2371753476ff45cef46cde7012b3f749dd14,England English,england,"The C++ framework Qt is pronounced like ""cute"".",the ce-plus plus framework quti is pronounced like qutes,94929efa034a3b1a06d3ff65ad3dbd710065aa1e0cbc5a85f4df9b00cca24f89
xlsr_english,dmsuta,53,stage5ext_00214,8a8222dab0c0c42714216b9bd4c9df455639a8ab6bf3e8b9f2bfcacf53429403cad2b28435366b158f4e53f423dd2371753476ff45cef46cde7012b3f749dd14,England English,england,"Please use normal slashes, not backslashes.",please use normal slashes not backslashes,94929efa034a3b1a06d3ff65ad3dbd710065aa1e0cbc5a85f4df9b00cca24f89
xlsr_english,dmsuta,53,stage5ext_00215,8a8222dab0c0c42714216b9bd4c9df455639a8ab6bf3e8b9f2bfcacf53429403cad2b28435366b158f4e53f423dd2371753476ff45cef46cde7012b3f749dd14,England English,england,What did I tell you?,what did i tell you,94929efa034a3b1a06d3ff65ad3dbd710065aa1e0cbc5a85f4df9b00cca24f89
xlsr_english,dmsuta,53,stage5ext_00216,8a8222dab0c0c42714216b9bd4c9df455639a8ab6bf3e8b9f2bfcacf53429403cad2b28435366b158f4e53f423dd2371753476ff45cef46cde7012b3f749dd14,England English,england,"They are very impressive, I will admit.",they are very impressive i will admit,94929efa034a3b1a06d3ff65ad3dbd710065aa1e0cbc5a85f4df9b00cca24f89
xlsr_english,dmsuta,54,stage5ext_00217,8a8222dab0c0c42714216b9bd4c9df455639a8ab6bf3e8b9f2bfcacf53429403cad2b28435366b158f4e53f423dd2371753476ff45cef46cde7012b3f749dd14,England English,england,"On his visit in Iran, the diplomat criticized the strict censorship.",on his visa iron the diplomat criticized the strict censorship,a1fbd1841975f7a773491c74ffcf86c08fd3e55e4c904e74868855baacfa6998
xlsr_english,dmsuta,54,stage5ext_00218,8a8222dab0c0c42714216b9bd4c9df455639a8ab6bf3e8b9f2bfcacf53429403cad2b28435366b158f4e53f423dd2371753476ff45cef46cde7012b3f749dd14,England English,england,"Roger, the backup team is on the way.",roger the backup team is on the way,a1fbd1841975f7a773491c74ffcf86c08fd3e55e4c904e74868855baacfa6998
xlsr_english,dmsuta,54,stage5ext_00219,8a8222dab0c0c42714216b9bd4c9df455639a8ab6bf3e8b9f2bfcacf53429403cad2b28435366b158f4e53f423dd2371753476ff45cef46cde7012b3f749dd14,England English,england,Do you know what kind of package it was?,do you know what kind of package it was,a1fbd1841975f7a773491c74ffcf86c08fd3e55e4c904e74868855baacfa6998
xlsr_english,dmsuta,54,stage5ext_00220,8a8222dab0c0c42714216b9bd4c9df455639a8ab6bf3e8b9f2bfcacf53429403cad2b28435366b158f4e53f423dd2371753476ff45cef46cde7012b3f749dd14,England English,england,And what did you do then?,and what did you do then,a1fbd1841975f7a773491c74ffcf86c08fd3e55e4c904e74868855baacfa6998
xlsr_english,dmsuta,55,stage5ext_00221,8a8222dab0c0c42714216b9bd4c9df455639a8ab6bf3e8b9f2bfcacf53429403cad2b28435366b158f4e53f423dd2371753476ff45cef46cde7012b3f749dd14,England English,england,Have I offended you?,have i offended you,086ce7dbd1393ebfa2cf1bd7f5127c131fb037add2b591b935d2aca57b01da04
xlsr_english,dmsuta,55,stage5ext_00222,8a8222dab0c0c42714216b9bd4c9df455639a8ab6bf3e8b9f2bfcacf53429403cad2b28435366b158f4e53f423dd2371753476ff45cef46cde7012b3f749dd14,England English,england,How is Mozilla going to handle ambiguities like queue and cue?,how is mazilla going to handle ambiguities like q and q,086ce7dbd1393ebfa2cf1bd7f5127c131fb037add2b591b935d2aca57b01da04
xlsr_english,dmsuta,55,stage5ext_00223,8a8222dab0c0c42714216b9bd4c9df455639a8ab6bf3e8b9f2bfcacf53429403cad2b28435366b158f4e53f423dd2371753476ff45cef46cde7012b3f749dd14,England English,england,"Let's start it all over again, how about that?",lets start it all over again how about that,086ce7dbd1393ebfa2cf1bd7f5127c131fb037add2b591b935d2aca57b01da04
xlsr_english,dmsuta,55,stage5ext_00224,8a8222dab0c0c42714216b9bd4c9df455639a8ab6bf3e8b9f2bfcacf53429403cad2b28435366b158f4e53f423dd2371753476ff45cef46cde7012b3f749dd14,England English,england,"Glass eel is on the menu today, but it's too expensive.",glass eel is on the menue today but it's too expensive,086ce7dbd1393ebfa2cf1bd7f5127c131fb037add2b591b935d2aca57b01da04
xlsr_english,dmsuta,56,stage5ext_00225,8a8222dab0c0c42714216b9bd4c9df455639a8ab6bf3e8b9f2bfcacf53429403cad2b28435366b158f4e53f423dd2371753476ff45cef46cde7012b3f749dd14,England English,england,Do you have Nina's phone number?,do you have nee inis phone number,889b1fa72b0e0424098f8176c15d5a40b20fbe5761af1dda754195d1d298b679
xlsr_english,dmsuta,56,stage5ext_00226,f25805de2cc32954193ecf06eea5b03b4bfdb4bfb76079cb6962fa8e301d5037ef953ff8c308458f121dfbc0f9933692b0eaee142f42a33ef6b7be7df794ed3b,England English,england,I wrote that for Tony Scott.,i wrote that for tony scott,889b1fa72b0e0424098f8176c15d5a40b20fbe5761af1dda754195d1d298b679
xlsr_english,dmsuta,56,stage5ext_00227,f25805de2cc32954193ecf06eea5b03b4bfdb4bfb76079cb6962fa8e301d5037ef953ff8c308458f121dfbc0f9933692b0eaee142f42a33ef6b7be7df794ed3b,England English,england,The atoll is surrounded by a coral reef without a proper passage.,the atol is surrounded by a coral reef without a proper passage,889b1fa72b0e0424098f8176c15d5a40b20fbe5761af1dda754195d1d298b679
xlsr_english,dmsuta,56,stage5ext_00228,f25805de2cc32954193ecf06eea5b03b4bfdb4bfb76079cb6962fa8e301d5037ef953ff8c308458f121dfbc0f9933692b0eaee142f42a33ef6b7be7df794ed3b,England English,england,There are conflicting reports as to why Blair was asked to resign.,there are conflicting reports as to why blair was asked to resign,889b1fa72b0e0424098f8176c15d5a40b20fbe5761af1dda754195d1d298b679
xlsr_english,dmsuta,57,stage5ext_00229,f25805de2cc32954193ecf06eea5b03b4bfdb4bfb76079cb6962fa8e301d5037ef953ff8c308458f121dfbc0f9933692b0eaee142f42a33ef6b7be7df794ed3b,England English,england,There they visited a number of monastic foundations.,there they visited a number of monastic foundations,35a3e9a70a56a247362a3f99c0217c051641f41f1d8c69440b492930d324e379
xlsr_english,dmsuta,57,stage5ext_00230,f25805de2cc32954193ecf06eea5b03b4bfdb4bfb76079cb6962fa8e301d5037ef953ff8c308458f121dfbc0f9933692b0eaee142f42a33ef6b7be7df794ed3b,England English,england,"The information regarding Amrod's naming, especially, comes from ""The Peoples of Middle-earth"".",the information regarding amarod's naming especially comes from the peoples of middle earth,35a3e9a70a56a247362a3f99c0217c051641f41f1d8c69440b492930d324e379
xlsr_english,dmsuta,57,stage5ext_00231,f25805de2cc32954193ecf06eea5b03b4bfdb4bfb76079cb6962fa8e301d5037ef953ff8c308458f121dfbc0f9933692b0eaee142f42a33ef6b7be7df794ed3b,England English,england,"It is located within the borders of Gothenburg Municipality, hence its name.",it is located within the borders of gottenburg municipality hence its name,35a3e9a70a56a247362a3f99c0217c051641f41f1d8c69440b492930d324e379
xlsr_english,dmsuta,57,stage5ext_00232,f25805de2cc32954193ecf06eea5b03b4bfdb4bfb76079cb6962fa8e301d5037ef953ff8c308458f121dfbc0f9933692b0eaee142f42a33ef6b7be7df794ed3b,England English,england,Billy May won the Grammy Award for Best Arrangement.,billy may won the grammy award for best arrangements,35a3e9a70a56a247362a3f99c0217c051641f41f1d8c69440b492930d324e379
xlsr_english,dmsuta,58,stage5ext_00233,f25805de2cc32954193ecf06eea5b03b4bfdb4bfb76079cb6962fa8e301d5037ef953ff8c308458f121dfbc0f9933692b0eaee142f42a33ef6b7be7df794ed3b,England English,england,Three additional buildings house kindergarten students.,three additional buildings house kindergarten students,812c82adf49c6e720e7e9b686d3c25a9170ed279bf9460572c5e3169d453c522
xlsr_english,dmsuta,58,stage5ext_00234,f25805de2cc32954193ecf06eea5b03b4bfdb4bfb76079cb6962fa8e301d5037ef953ff8c308458f121dfbc0f9933692b0eaee142f42a33ef6b7be7df794ed3b,England English,england,Its name is derived from the historic county of Surrey in England.,its name is derived from the historic county of surrey in england,812c82adf49c6e720e7e9b686d3c25a9170ed279bf9460572c5e3169d453c522
xlsr_english,dmsuta,58,stage5ext_00235,f25805de2cc32954193ecf06eea5b03b4bfdb4bfb76079cb6962fa8e301d5037ef953ff8c308458f121dfbc0f9933692b0eaee142f42a33ef6b7be7df794ed3b,England English,england,"Dilshan is one such rare cricketer who can bat, bowl, field and keep wickets.",bilshan is one such rare cricketer who can bat bowl field and keep wickets,812c82adf49c6e720e7e9b686d3c25a9170ed279bf9460572c5e3169d453c522
xlsr_english,dmsuta,58,stage5ext_00236,f25805de2cc32954193ecf06eea5b03b4bfdb4bfb76079cb6962fa8e301d5037ef953ff8c308458f121dfbc0f9933692b0eaee142f42a33ef6b7be7df794ed3b,England English,england,"In the resulting field, these ""a"" and ""b"" are inverses.",in the resulting field these a and b are in versers,812c82adf49c6e720e7e9b686d3c25a9170ed279bf9460572c5e3169d453c522
xlsr_english,dmsuta,59,stage5ext_00237,f25805de2cc32954193ecf06eea5b03b4bfdb4bfb76079cb6962fa8e301d5037ef953ff8c308458f121dfbc0f9933692b0eaee142f42a33ef6b7be7df794ed3b,England English,england,To the Church he left little and to the pope only a souvenir.,to the church he left little and to the pope on new souvenire,4feab93f06b9630d641cbf5b5bbfdd7a74d8f9adedf282ae944adff229ed0c20
xlsr_english,dmsuta,59,stage5ext_00238,f25805de2cc32954193ecf06eea5b03b4bfdb4bfb76079cb6962fa8e301d5037ef953ff8c308458f121dfbc0f9933692b0eaee142f42a33ef6b7be7df794ed3b,England English,england,There are several formats for the team pursuit.,there are several formats for the team pursuit,4feab93f06b9630d641cbf5b5bbfdd7a74d8f9adedf282ae944adff229ed0c20
xlsr_english,dmsuta,59,stage5ext_00239,f25805de2cc32954193ecf06eea5b03b4bfdb4bfb76079cb6962fa8e301d5037ef953ff8c308458f121dfbc0f9933692b0eaee142f42a33ef6b7be7df794ed3b,England English,england,"In Harrison, the route enters a residential area before curving southeast toward Stephenson Avenue.",in harrison the route enters the residential area before curving southeast toward stevenson avenue,4feab93f06b9630d641cbf5b5bbfdd7a74d8f9adedf282ae944adff229ed0c20
xlsr_english,dmsuta,59,stage5ext_00240,f25805de2cc32954193ecf06eea5b03b4bfdb4bfb76079cb6962fa8e301d5037ef953ff8c308458f121dfbc0f9933692b0eaee142f42a33ef6b7be7df794ed3b,England English,england,"The other track, ""To Your Grave"", remains unreleased.",the other truck to your grave remains unreleased,4feab93f06b9630d641cbf5b5bbfdd7a74d8f9adedf282ae944adff229ed0c20
xlsr_english,dmsuta,60,stage5ext_00241,b2366de045c2eb18ed349bee593e8f3a0c9038602bb8f13f2008fe4ff2087aaa4e5ac78379011510dc25d6a7bcd36a3a6ac86b35f0a27b886832c337d95f27d5,England English,england,The standard prescribes that address collisions must be handled gracefully.,the standard prescribes that addressed collisions must be handled gracefully,a1c00f98c355bc97b1ce610cd843dc36af812c6d580694cb72e67b34eb6c4c2a
xlsr_english,dmsuta,60,stage5ext_00242,b2366de045c2eb18ed349bee593e8f3a0c9038602bb8f13f2008fe4ff2087aaa4e5ac78379011510dc25d6a7bcd36a3a6ac86b35f0a27b886832c337d95f27d5,England English,england,"To this end, they offered the role to Harrison Ford who turned them down.",to this end they offered the role to harrison forpe who turned them down,a1c00f98c355bc97b1ce610cd843dc36af812c6d580694cb72e67b34eb6c4c2a
xlsr_english,dmsuta,60,stage5ext_00243,b2366de045c2eb18ed349bee593e8f3a0c9038602bb8f13f2008fe4ff2087aaa4e5ac78379011510dc25d6a7bcd36a3a6ac86b35f0a27b886832c337d95f27d5,England English,england,"The word comes from ""krievs"", which means ""Russian"".",the word comes from krifs which means russian,a1c00f98c355bc97b1ce610cd843dc36af812c6d580694cb72e67b34eb6c4c2a
xlsr_english,dmsuta,60,stage5ext_00244,b2366de045c2eb18ed349bee593e8f3a0c9038602bb8f13f2008fe4ff2087aaa4e5ac78379011510dc25d6a7bcd36a3a6ac86b35f0a27b886832c337d95f27d5,England English,england,"If he went before, he looked back.",if he went before he looked back,a1c00f98c355bc97b1ce610cd843dc36af812c6d580694cb72e67b34eb6c4c2a
xlsr_english,dmsuta,61,stage5ext_00245,b2366de045c2eb18ed349bee593e8f3a0c9038602bb8f13f2008fe4ff2087aaa4e5ac78379011510dc25d6a7bcd36a3a6ac86b35f0a27b886832c337d95f27d5,England English,england,It is the Artin root number.,it is the artin rooge number,e00293ac7f0f8cbe4e60c7c4547722731e2d64481bb575150730b45de30102be
xlsr_english,dmsuta,61,stage5ext_00246,b2366de045c2eb18ed349bee593e8f3a0c9038602bb8f13f2008fe4ff2087aaa4e5ac78379011510dc25d6a7bcd36a3a6ac86b35f0a27b886832c337d95f27d5,England English,england,"Yet, we will ensure that one brutal dictator is not replaced by another.",yet we will ensure that one bootle to tata is not replaced by another,e00293ac7f0f8cbe4e60c7c4547722731e2d64481bb575150730b45de30102be
xlsr_english,dmsuta,61,stage5ext_00247,b2366de045c2eb18ed349bee593e8f3a0c9038602bb8f13f2008fe4ff2087aaa4e5ac78379011510dc25d6a7bcd36a3a6ac86b35f0a27b886832c337d95f27d5,England English,england,Mythic Legions is a fantasy line of action figures from Four Horsemen Studios.,mythic legions is a fantasy line of action figures from four horseman studios,e00293ac7f0f8cbe4e60c7c4547722731e2d64481bb575150730b45de30102be
xlsr_english,dmsuta,61,stage5ext_00248,b2366de045c2eb18ed349bee593e8f3a0c9038602bb8f13f2008fe4ff2087aaa4e5ac78379011510dc25d6a7bcd36a3a6ac86b35f0a27b886832c337d95f27d5,England English,england,It is a simple scrape with no nest material used.,it is a simple scrape with no nest material used,e00293ac7f0f8cbe4e60c7c4547722731e2d64481bb575150730b45de30102be
xlsr_english,dmsuta,62,stage5ext_00249,b2366de045c2eb18ed349bee593e8f3a0c9038602bb8f13f2008fe4ff2087aaa4e5ac78379011510dc25d6a7bcd36a3a6ac86b35f0a27b886832c337d95f27d5,England English,england,"He is the one who gives the gorilla the new name of ""Ishmael"".",he is the one who gives the guina the new name of ishmail,cfbe43b44fe600053fa1761245b235903a1dc390c5c4b11252e51d2a4ec25828
xlsr_english,dmsuta,62,stage5ext_00250,b2366de045c2eb18ed349bee593e8f3a0c9038602bb8f13f2008fe4ff2087aaa4e5ac78379011510dc25d6a7bcd36a3a6ac86b35f0a27b886832c337d95f27d5,England English,england,The center was then called Smirnoff Music Centre.,the center was then called smernoff music center,cfbe43b44fe600053fa1761245b235903a1dc390c5c4b11252e51d2a4ec25828
xlsr_english,dmsuta,62,stage5ext_00251,b2366de045c2eb18ed349bee593e8f3a0c9038602bb8f13f2008fe4ff2087aaa4e5ac78379011510dc25d6a7bcd36a3a6ac86b35f0a27b886832c337d95f27d5,England English,england,"Also in these television series, Winnetou was played by Brice.",also in thes television series winnesu was played by brice,cfbe43b44fe600053fa1761245b235903a1dc390c5c4b11252e51d2a4ec25828
xlsr_english,dmsuta,62,stage5ext_00252,b2366de045c2eb18ed349bee593e8f3a0c9038602bb8f13f2008fe4ff2087aaa4e5ac78379011510dc25d6a7bcd36a3a6ac86b35f0a27b886832c337d95f27d5,England English,england,The event is televised around the globe.,the event is televised around the globe,cfbe43b44fe600053fa1761245b235903a1dc390c5c4b11252e51d2a4ec25828
xlsr_english,dmsuta,63,stage5ext_00253,b2366de045c2eb18ed349bee593e8f3a0c9038602bb8f13f2008fe4ff2087aaa4e5ac78379011510dc25d6a7bcd36a3a6ac86b35f0a27b886832c337d95f27d5,England English,england,Matthews later started Newbridge Networks.,matthews later started newbridge networks,685773999c89e4d951f605eb4cf1e53432fc2322673caade967fc766a9a61c28
xlsr_english,dmsuta,63,stage5ext_00254,b2366de045c2eb18ed349bee593e8f3a0c9038602bb8f13f2008fe4ff2087aaa4e5ac78379011510dc25d6a7bcd36a3a6ac86b35f0a27b886832c337d95f27d5,England English,england,Examples of this apparently ungrammatical usage can be found throughout the history of English.,examples of this apparently ungrammatical usage can be found throughout the history of english,685773999c89e4d951f605eb4cf1e53432fc2322673caade967fc766a9a61c28
xlsr_english,dmsuta,63,stage5ext_00255,b2366de045c2eb18ed349bee593e8f3a0c9038602bb8f13f2008fe4ff2087aaa4e5ac78379011510dc25d6a7bcd36a3a6ac86b35f0a27b886832c337d95f27d5,England English,england,FaSinPat has been financially successful and able to expand.,far sin pat has been financially successful and able to expand,685773999c89e4d951f605eb4cf1e53432fc2322673caade967fc766a9a61c28
xlsr_english,dmsuta,63,stage5ext_00256,94902b88a78c4f1863a7effcce3553303f5bb14d8d6eea7900eea1c261ebf3a2ea97f8d9ecfc4c58dbe683f2df36a1653231f495f7ad9cc38f9fe61a0b2275ac,England English,england,"Salmon is one of the most popular fish and very delicious, though usually not sustainable.",salmon is one of the most popular fish and very delicious though usually not sustainable,685773999c89e4d951f605eb4cf1e53432fc2322673caade967fc766a9a61c28
xlsr_english,dmsuta,64,stage5ext_00257,94902b88a78c4f1863a7effcce3553303f5bb14d8d6eea7900eea1c261ebf3a2ea97f8d9ecfc4c58dbe683f2df36a1653231f495f7ad9cc38f9fe61a0b2275ac,England English,england,"It's such an unfair world, innit?",it's such an unfar world in it,cd3e4d2b597d36514f03b353d01fd43cdc634f278dba59cab006a4d593c24fc2
xlsr_english,dmsuta,64,stage5ext_00258,94902b88a78c4f1863a7effcce3553303f5bb14d8d6eea7900eea1c261ebf3a2ea97f8d9ecfc4c58dbe683f2df36a1653231f495f7ad9cc38f9fe61a0b2275ac,England English,england,"A musical note sustained to its full length, with no break between it and the next note.",a musical note sustained to its full length with no break between it and the next note,cd3e4d2b597d36514f03b353d01fd43cdc634f278dba59cab006a4d593c24fc2
xlsr_english,dmsuta,64,stage5ext_00259,94902b88a78c4f1863a7effcce3553303f5bb14d8d6eea7900eea1c261ebf3a2ea97f8d9ecfc4c58dbe683f2df36a1653231f495f7ad9cc38f9fe61a0b2275ac,England English,england,"After playing tennis in virtual reality, he felt dizzy.",after playing tennis in virtual reality he felt dizsy,cd3e4d2b597d36514f03b353d01fd43cdc634f278dba59cab006a4d593c24fc2
xlsr_english,dmsuta,64,stage5ext_00260,94902b88a78c4f1863a7effcce3553303f5bb14d8d6eea7900eea1c261ebf3a2ea97f8d9ecfc4c58dbe683f2df36a1653231f495f7ad9cc38f9fe61a0b2275ac,England English,england,"Take a sponge, some dish liquid and a towel, then get to work!",take a sponge some dish liquid in a towl then get to work,cd3e4d2b597d36514f03b353d01fd43cdc634f278dba59cab006a4d593c24fc2
xlsr_english,dmsuta,65,stage5ext_00261,94902b88a78c4f1863a7effcce3553303f5bb14d8d6eea7900eea1c261ebf3a2ea97f8d9ecfc4c58dbe683f2df36a1653231f495f7ad9cc38f9fe61a0b2275ac,England English,england,Have you seen Hollie?,have you seen holy,d8501777e6f157512d1fe1ad9d344d56878fc0bdc5cdf1e4954d35acc1b3b38c
xlsr_english,dmsuta,65,stage5ext_00262,94902b88a78c4f1863a7effcce3553303f5bb14d8d6eea7900eea1c261ebf3a2ea97f8d9ecfc4c58dbe683f2df36a1653231f495f7ad9cc38f9fe61a0b2275ac,England English,england,Do geese always fly in that formation?,do geese always fly in that formation,d8501777e6f157512d1fe1ad9d344d56878fc0bdc5cdf1e4954d35acc1b3b38c
xlsr_english,dmsuta,65,stage5ext_00263,94902b88a78c4f1863a7effcce3553303f5bb14d8d6eea7900eea1c261ebf3a2ea97f8d9ecfc4c58dbe683f2df36a1653231f495f7ad9cc38f9fe61a0b2275ac,England English,england,"No one picked up, so I went by her place on the way here.",no one picked up so i went by her place on the way here,d8501777e6f157512d1fe1ad9d344d56878fc0bdc5cdf1e4954d35acc1b3b38c
xlsr_english,dmsuta,65,stage5ext_00264,94902b88a78c4f1863a7effcce3553303f5bb14d8d6eea7900eea1c261ebf3a2ea97f8d9ecfc4c58dbe683f2df36a1653231f495f7ad9cc38f9fe61a0b2275ac,England English,england,Have I offended you?,have i offended you,d8501777e6f157512d1fe1ad9d344d56878fc0bdc5cdf1e4954d35acc1b3b38c
xlsr_english,dmsuta,66,stage5ext_00265,94902b88a78c4f1863a7effcce3553303f5bb14d8d6eea7900eea1c261ebf3a2ea97f8d9ecfc4c58dbe683f2df36a1653231f495f7ad9cc38f9fe61a0b2275ac,England English,england,What does that mean?,what does that mean,3f0c66da50b14ea3822d582541fcb2808a5598faa5b8b068a89eedde9cdcb9ec
xlsr_english,dmsuta,66,stage5ext_00266,94902b88a78c4f1863a7effcce3553303f5bb14d8d6eea7900eea1c261ebf3a2ea97f8d9ecfc4c58dbe683f2df36a1653231f495f7ad9cc38f9fe61a0b2275ac,England English,england,There's just one last bug I'd like to fix before I head home.,there's just one last bug i'd like to fix before i head home,3f0c66da50b14ea3822d582541fcb2808a5598faa5b8b068a89eedde9cdcb9ec
xlsr_english,dmsuta,66,stage5ext_00267,94902b88a78c4f1863a7effcce3553303f5bb14d8d6eea7900eea1c261ebf3a2ea97f8d9ecfc4c58dbe683f2df36a1653231f495f7ad9cc38f9fe61a0b2275ac,England English,england,I suspect this may be someone new making themselves known.,i suspect this may be someone new making themselves known,3f0c66da50b14ea3822d582541fcb2808a5598faa5b8b068a89eedde9cdcb9ec
xlsr_english,dmsuta,66,stage5ext_00268,94902b88a78c4f1863a7effcce3553303f5bb14d8d6eea7900eea1c261ebf3a2ea97f8d9ecfc4c58dbe683f2df36a1653231f495f7ad9cc38f9fe61a0b2275ac,England English,england,"Clams are small, round, soft, and tasty.",clams are small round soft and tasty,3f0c66da50b14ea3822d582541fcb2808a5598faa5b8b068a89eedde9cdcb9ec
xlsr_english,dmsuta,67,stage5ext_00269,94902b88a78c4f1863a7effcce3553303f5bb14d8d6eea7900eea1c261ebf3a2ea97f8d9ecfc4c58dbe683f2df36a1653231f495f7ad9cc38f9fe61a0b2275ac,England English,england,Can I get the sandwich without mayonnaise?,can i get a sandwich without mayonase,e3c54f4cc024192cea8670466232af3455c967a156c193231720e835f6f7e543
xlsr_english,dmsuta,67,stage5ext_00270,94902b88a78c4f1863a7effcce3553303f5bb14d8d6eea7900eea1c261ebf3a2ea97f8d9ecfc4c58dbe683f2df36a1653231f495f7ad9cc38f9fe61a0b2275ac,England English,england,"Here, let me show you around.",here let me show you around,e3c54f4cc024192cea8670466232af3455c967a156c193231720e835f6f7e543
xlsr_english,dmsuta,67,stage5ext_00271,3742174ae31b78b11558814a7196a5eec0f489ad3e728a2a125dd1a60c809a770eeaa758499c014bf728437835b4ea9c031a3a9c838b3882b35ed28744768ef3,England English,england,It will replace the existing train station hall inside the mall.,it will replace the existing train station hall inside the mall,e3c54f4cc024192cea8670466232af3455c967a156c193231720e835f6f7e543
xlsr_english,dmsuta,67,stage5ext_00272,3742174ae31b78b11558814a7196a5eec0f489ad3e728a2a125dd1a60c809a770eeaa758499c014bf728437835b4ea9c031a3a9c838b3882b35ed28744768ef3,England English,england,"Yes, it would be.",yes it would be,e3c54f4cc024192cea8670466232af3455c967a156c193231720e835f6f7e543
xlsr_english,dmsuta,68,stage5ext_00273,3742174ae31b78b11558814a7196a5eec0f489ad3e728a2a125dd1a60c809a770eeaa758499c014bf728437835b4ea9c031a3a9c838b3882b35ed28744768ef3,England English,england,"The Google search bar is for searching, not for typing URLs!",the gool servboror is for searching not for type in euraels,9f69666cd51a7396fa8dc255687b5214d2611d4d9db7dcb2eef006e6cca5168e
xlsr_english,dmsuta,68,stage5ext_00274,3742174ae31b78b11558814a7196a5eec0f489ad3e728a2a125dd1a60c809a770eeaa758499c014bf728437835b4ea9c031a3a9c838b3882b35ed28744768ef3,England English,england,"C'mon, we need to turn on our GPS so we don't end up in the middle of nowhere.",come ond winting to turn on ourgipies so we don't end up in the middle of nowere,9f69666cd51a7396fa8dc255687b5214d2611d4d9db7dcb2eef006e6cca5168e
xlsr_english,dmsuta,68,stage5ext_00275,3742174ae31b78b11558814a7196a5eec0f489ad3e728a2a125dd1a60c809a770eeaa758499c014bf728437835b4ea9c031a3a9c838b3882b35ed28744768ef3,England English,england,"After an avalanche buried the skiing resort, it was hard to determine its exact location.",after envalance buretskyne resort it was hard to determine its xelication,9f69666cd51a7396fa8dc255687b5214d2611d4d9db7dcb2eef006e6cca5168e
xlsr_english,dmsuta,68,stage5ext_00276,3742174ae31b78b11558814a7196a5eec0f489ad3e728a2a125dd1a60c809a770eeaa758499c014bf728437835b4ea9c031a3a9c838b3882b35ed28744768ef3,England English,england,Who has already arrived?,who has already arrived,9f69666cd51a7396fa8dc255687b5214d2611d4d9db7dcb2eef006e6cca5168e
xlsr_english,dmsuta,69,stage5ext_00277,3742174ae31b78b11558814a7196a5eec0f489ad3e728a2a125dd1a60c809a770eeaa758499c014bf728437835b4ea9c031a3a9c838b3882b35ed28744768ef3,England English,england,"I like reading about medical mysteries, don't you?",i like reading about medical mysteries don't you,15ea9499acff7cd6c21fd24a6b7eddf424ef383512e3c6fa3f8056525a46a2e3
xlsr_english,dmsuta,69,stage5ext_00278,3742174ae31b78b11558814a7196a5eec0f489ad3e728a2a125dd1a60c809a770eeaa758499c014bf728437835b4ea9c031a3a9c838b3882b35ed28744768ef3,England English,england,In a cataleptic trance.,in the catalyptic trends,15ea9499acff7cd6c21fd24a6b7eddf424ef383512e3c6fa3f8056525a46a2e3
xlsr_english,dmsuta,69,stage5ext_00279,3742174ae31b78b11558814a7196a5eec0f489ad3e728a2a125dd1a60c809a770eeaa758499c014bf728437835b4ea9c031a3a9c838b3882b35ed28744768ef3,England English,england,"The thing is, nobody knew what was happening.",the thing is nobody knew what was happening,15ea9499acff7cd6c21fd24a6b7eddf424ef383512e3c6fa3f8056525a46a2e3
xlsr_english,dmsuta,69,stage5ext_00280,3742174ae31b78b11558814a7196a5eec0f489ad3e728a2a125dd1a60c809a770eeaa758499c014bf728437835b4ea9c031a3a9c838b3882b35ed28744768ef3,England English,england,"Living alone, she made solitude her best friend.",living in lon she made solitude her best friend,15ea9499acff7cd6c21fd24a6b7eddf424ef383512e3c6fa3f8056525a46a2e3
xlsr_english,dmsuta,70,stage5ext_00281,3742174ae31b78b11558814a7196a5eec0f489ad3e728a2a125dd1a60c809a770eeaa758499c014bf728437835b4ea9c031a3a9c838b3882b35ed28744768ef3,England English,england,She did her first scene with Peter North.,she did her first scene with pitcher noth,ff2b7bbb5f0aa881856e79263c9a8a513b06a44a34bf7cfe926627712a14fcae
xlsr_english,dmsuta,70,stage5ext_00282,3742174ae31b78b11558814a7196a5eec0f489ad3e728a2a125dd1a60c809a770eeaa758499c014bf728437835b4ea9c031a3a9c838b3882b35ed28744768ef3,England English,england,"Television can make you dumb, but it can also be good education.",television can make you damp but it can also be good education,ff2b7bbb5f0aa881856e79263c9a8a513b06a44a34bf7cfe926627712a14fcae
xlsr_english,dmsuta,70,stage5ext_00283,3742174ae31b78b11558814a7196a5eec0f489ad3e728a2a125dd1a60c809a770eeaa758499c014bf728437835b4ea9c031a3a9c838b3882b35ed28744768ef3,England English,england,"In a cinematic rope-down maneuver, the special forces overwhelmed the criminals.",in the cinemetic rope damoneur the specialy forces overhand the criminals,ff2b7bbb5f0aa881856e79263c9a8a513b06a44a34bf7cfe926627712a14fcae
xlsr_english,dmsuta,70,stage5ext_00284,3742174ae31b78b11558814a7196a5eec0f489ad3e728a2a125dd1a60c809a770eeaa758499c014bf728437835b4ea9c031a3a9c838b3882b35ed28744768ef3,England English,england,What can have happened?,what can have happened,ff2b7bbb5f0aa881856e79263c9a8a513b06a44a34bf7cfe926627712a14fcae
xlsr_english,dmsuta,71,stage5ext_00285,3742174ae31b78b11558814a7196a5eec0f489ad3e728a2a125dd1a60c809a770eeaa758499c014bf728437835b4ea9c031a3a9c838b3882b35ed28744768ef3,England English,england,Now where could my pipe be?,now where could my pipe be,720288791039389f8e19b53fb33ab0028aa68d36fbfe64293eee7fc9edc14605
xlsr_english,dmsuta,71,stage5ext_00286,e52a28d767575f4c42c09ca60e1aeaca303322a7771a484213c006ee0297bc33805e0e8dfe177da9a618d61156c387a65a6530200eb9502866cd36c88293e84f,England English,england,I'd love to hear readers sing this.,i'd love to hear the readers sing this,720288791039389f8e19b53fb33ab0028aa68d36fbfe64293eee7fc9edc14605
xlsr_english,dmsuta,71,stage5ext_00287,e52a28d767575f4c42c09ca60e1aeaca303322a7771a484213c006ee0297bc33805e0e8dfe177da9a618d61156c387a65a6530200eb9502866cd36c88293e84f,England English,england,The pup jerked the leash as he saw a feline shape.,the pup jerked the leash as he saw her feeline shade,720288791039389f8e19b53fb33ab0028aa68d36fbfe64293eee7fc9edc14605
xlsr_english,dmsuta,71,stage5ext_00288,e52a28d767575f4c42c09ca60e1aeaca303322a7771a484213c006ee0297bc33805e0e8dfe177da9a618d61156c387a65a6530200eb9502866cd36c88293e84f,England English,england,"It's raining heavily, take an umbrella.",it's raining heavily take an umbrella,720288791039389f8e19b53fb33ab0028aa68d36fbfe64293eee7fc9edc14605
xlsr_english,dmsuta,72,stage5ext_00289,e52a28d767575f4c42c09ca60e1aeaca303322a7771a484213c006ee0297bc33805e0e8dfe177da9a618d61156c387a65a6530200eb9502866cd36c88293e84f,England English,england,"Oh, I don't know.",o i don't know,b89d1d451934a73ec9cdf72285cdf4d78df98292d4968953e4cd9c0250abff7b
xlsr_english,dmsuta,72,stage5ext_00290,e52a28d767575f4c42c09ca60e1aeaca303322a7771a484213c006ee0297bc33805e0e8dfe177da9a618d61156c387a65a6530200eb9502866cd36c88293e84f,England English,england,I have to work this Saturday.,i have to work this saturday,b89d1d451934a73ec9cdf72285cdf4d78df98292d4968953e4cd9c0250abff7b
xlsr_english,dmsuta,72,stage5ext_00291,e52a28d767575f4c42c09ca60e1aeaca303322a7771a484213c006ee0297bc33805e0e8dfe177da9a618d61156c387a65a6530200eb9502866cd36c88293e84f,England English,england,By twenty-twenty-two I expect the problem will be solved.,by twenty-twenty-two i expect the problem will be solved,b89d1d451934a73ec9cdf72285cdf4d78df98292d4968953e4cd9c0250abff7b
xlsr_english,dmsuta,72,stage5ext_00292,e52a28d767575f4c42c09ca60e1aeaca303322a7771a484213c006ee0297bc33805e0e8dfe177da9a618d61156c387a65a6530200eb9502866cd36c88293e84f,England English,england,The incubation period is typically about two weeks.,the incubation period is typically about two weeks,b89d1d451934a73ec9cdf72285cdf4d78df98292d4968953e4cd9c0250abff7b
xlsr_english,dmsuta,73,stage5ext_00293,e52a28d767575f4c42c09ca60e1aeaca303322a7771a484213c006ee0297bc33805e0e8dfe177da9a618d61156c387a65a6530200eb9502866cd36c88293e84f,England English,england,The sink is the thing in which we pile dishes.,the sink is the thing in which we pile dishes,e3a7e488f806dce721d18ea603c410ad157ea168e4c196be5cbc4049dca56a13
xlsr_english,dmsuta,73,stage5ext_00294,e52a28d767575f4c42c09ca60e1aeaca303322a7771a484213c006ee0297bc33805e0e8dfe177da9a618d61156c387a65a6530200eb9502866cd36c88293e84f,England English,england,Rick was in the first aid club as a sixth-former.,rick was in the first aid club as a sixth former,e3a7e488f806dce721d18ea603c410ad157ea168e4c196be5cbc4049dca56a13
xlsr_english,dmsuta,73,stage5ext_00295,e52a28d767575f4c42c09ca60e1aeaca303322a7771a484213c006ee0297bc33805e0e8dfe177da9a618d61156c387a65a6530200eb9502866cd36c88293e84f,England English,england,"Hello, my name is Brenda.",hellow my name is brenda,e3a7e488f806dce721d18ea603c410ad157ea168e4c196be5cbc4049dca56a13
xlsr_english,dmsuta,73,stage5ext_00296,e52a28d767575f4c42c09ca60e1aeaca303322a7771a484213c006ee0297bc33805e0e8dfe177da9a618d61156c387a65a6530200eb9502866cd36c88293e84f,England English,england,Keep It Simple The KISS principal.,keep it simple the kiss principal,e3a7e488f806dce721d18ea603c410ad157ea168e4c196be5cbc4049dca56a13
xlsr_english,dmsuta,74,stage5ext_00297,e52a28d767575f4c42c09ca60e1aeaca303322a7771a484213c006ee0297bc33805e0e8dfe177da9a618d61156c387a65a6530200eb9502866cd36c88293e84f,England English,england,"If you experience further problems, please let me know.",if you experience further problems please let me know,a1a2b1c05a9f795803ad436f789d481c127c1df80723aedb8444b3cf98d0cf2f
xlsr_english,dmsuta,74,stage5ext_00298,e52a28d767575f4c42c09ca60e1aeaca303322a7771a484213c006ee0297bc33805e0e8dfe177da9a618d61156c387a65a6530200eb9502866cd36c88293e84f,England English,england,I did this to prevent cycling and encourage greater movement through the solution space.,i did this to prevent cycling and encourage greater movement through the solution space,a1a2b1c05a9f795803ad436f789d481c127c1df80723aedb8444b3cf98d0cf2f
xlsr_english,dmsuta,74,stage5ext_00299,e52a28d767575f4c42c09ca60e1aeaca303322a7771a484213c006ee0297bc33805e0e8dfe177da9a618d61156c387a65a6530200eb9502866cd36c88293e84f,England English,england,The dog was wagged its tail.,the dog was wagged its tail,a1a2b1c05a9f795803ad436f789d481c127c1df80723aedb8444b3cf98d0cf2f
xlsr_english,dmsuta,74,stage5ext_00300,e52a28d767575f4c42c09ca60e1aeaca303322a7771a484213c006ee0297bc33805e0e8dfe177da9a618d61156c387a65a6530200eb9502866cd36c88293e84f,England English,england,The box is held by a bright red snapper.,the box is held by a bright red snapper,a1a2b1c05a9f795803ad436f789d481c127c1df80723aedb8444b3cf98d0cf2f
xlsr_english,dmsuta,75,stage5ext_00301,8f7e0c1a745bde3b6375473b87b997d5f687a8a0d9c28a96b8fd9b2db97634c0c09607da808a8e8a08588137234ce63b8a9e537fd15117628bc7cfca6ae12059,South Asian English,south_asian,"Also, oil and coal have hidden costs that others have to pay.",also oisl and coal have hidden costs that others have to pay,1427a746523c203da05bf5d97736a738ef6ddd45105018d089615d257282d56d
xlsr_english,dmsuta,75,stage5ext_00302,8f7e0c1a745bde3b6375473b87b997d5f687a8a0d9c28a96b8fd9b2db97634c0c09607da808a8e8a08588137234ce63b8a9e537fd15117628bc7cfca6ae12059,South Asian English,south_asian,The rest of the site is now a gated community of up-market homes.,the rest of the site is now a gateed community of upmarket omes,1427a746523c203da05bf5d97736a738ef6ddd45105018d089615d257282d56d
xlsr_english,dmsuta,75,stage5ext_00303,8f7e0c1a745bde3b6375473b87b997d5f687a8a0d9c28a96b8fd9b2db97634c0c09607da808a8e8a08588137234ce63b8a9e537fd15117628bc7cfca6ae12059,South Asian English,south_asian,"We first met each other under the Eiffel tower, it was magical.",we first met each other under the eye foltower it was magical,1427a746523c203da05bf5d97736a738ef6ddd45105018d089615d257282d56d
xlsr_english,dmsuta,75,stage5ext_00304,8f7e0c1a745bde3b6375473b87b997d5f687a8a0d9c28a96b8fd9b2db97634c0c09607da808a8e8a08588137234ce63b8a9e537fd15117628bc7cfca6ae12059,South Asian English,south_asian,"You know, singing karaoke with you makes me realize how good of a singer I am.",you know singing karoke with tu makes me realize how good of a singer i am,1427a746523c203da05bf5d97736a738ef6ddd45105018d089615d257282d56d
xlsr_english,dmsuta,76,stage5ext_00305,8f7e0c1a745bde3b6375473b87b997d5f687a8a0d9c28a96b8fd9b2db97634c0c09607da808a8e8a08588137234ce63b8a9e537fd15117628bc7cfca6ae12059,South Asian English,south_asian,Many rare shore birds breed here along the beaches.,many rare showbirds breed here along the beaches,bdd148a45a6c79e2b8fc17ffe0603866973b6faf7caeb92531f82be6d638cea9
xlsr_english,dmsuta,76,stage5ext_00306,8f7e0c1a745bde3b6375473b87b997d5f687a8a0d9c28a96b8fd9b2db97634c0c09607da808a8e8a08588137234ce63b8a9e537fd15117628bc7cfca6ae12059,South Asian English,south_asian,There is no legal recognition of same-sex couples explicitly in Venezuelan law.,there is no legal recognition of same-sex couples explicitly in venezualian law,bdd148a45a6c79e2b8fc17ffe0603866973b6faf7caeb92531f82be6d638cea9
xlsr_english,dmsuta,76,stage5ext_00307,8f7e0c1a745bde3b6375473b87b997d5f687a8a0d9c28a96b8fd9b2db97634c0c09607da808a8e8a08588137234ce63b8a9e537fd15117628bc7cfca6ae12059,South Asian English,south_asian,"It was easy to see on the radiogram, that his bones were broken.",it was easy to see on the radiogram that his bones were broken,bdd148a45a6c79e2b8fc17ffe0603866973b6faf7caeb92531f82be6d638cea9
xlsr_english,dmsuta,76,stage5ext_00308,8f7e0c1a745bde3b6375473b87b997d5f687a8a0d9c28a96b8fd9b2db97634c0c09607da808a8e8a08588137234ce63b8a9e537fd15117628bc7cfca6ae12059,South Asian English,south_asian,"However, ""Maggi goreng"" is cooked by stir-frying them with vegetables and eggs.",however maggie goring is cooked by surfrying them bigetabuls and eggs,bdd148a45a6c79e2b8fc17ffe0603866973b6faf7caeb92531f82be6d638cea9
xlsr_english,dmsuta,77,stage5ext_00309,8f7e0c1a745bde3b6375473b87b997d5f687a8a0d9c28a96b8fd9b2db97634c0c09607da808a8e8a08588137234ce63b8a9e537fd15117628bc7cfca6ae12059,South Asian English,south_asian,with the University of the Hon.,with the university of thehon,63a13028e6e05553a7dadd184263303597c8abf91135906780f88f8d9a324804
xlsr_english,dmsuta,77,stage5ext_00310,8f7e0c1a745bde3b6375473b87b997d5f687a8a0d9c28a96b8fd9b2db97634c0c09607da808a8e8a08588137234ce63b8a9e537fd15117628bc7cfca6ae12059,South Asian English,south_asian,"Bacon, pancakes and maple syrup is a hearty start to any day.",bacon pancakes and maple syrup is a hearty start to anyday,63a13028e6e05553a7dadd184263303597c8abf91135906780f88f8d9a324804
xlsr_english,dmsuta,77,stage5ext_00311,8f7e0c1a745bde3b6375473b87b997d5f687a8a0d9c28a96b8fd9b2db97634c0c09607da808a8e8a08588137234ce63b8a9e537fd15117628bc7cfca6ae12059,South Asian English,south_asian,"Fortunately for us, our sun will continue to be around for a few billion years.",fortunately for us our son will continue to be around for a few million years,63a13028e6e05553a7dadd184263303597c8abf91135906780f88f8d9a324804
xlsr_english,dmsuta,77,stage5ext_00312,8f7e0c1a745bde3b6375473b87b997d5f687a8a0d9c28a96b8fd9b2db97634c0c09607da808a8e8a08588137234ce63b8a9e537fd15117628bc7cfca6ae12059,South Asian English,south_asian,Why can't I skip this damn intro?,why cound i skeep this damn intro,63a13028e6e05553a7dadd184263303597c8abf91135906780f88f8d9a324804
xlsr_english,dmsuta,78,stage5ext_00313,8f7e0c1a745bde3b6375473b87b997d5f687a8a0d9c28a96b8fd9b2db97634c0c09607da808a8e8a08588137234ce63b8a9e537fd15117628bc7cfca6ae12059,South Asian English,south_asian,"They, too, had been carelessly left unbolted.",they too had been carelessly left unvolted,5809a7f88820830e8b9ae671800c467bd1cfe3860f6340650442acf1aeab031b
xlsr_english,dmsuta,78,stage5ext_00314,8f7e0c1a745bde3b6375473b87b997d5f687a8a0d9c28a96b8fd9b2db97634c0c09607da808a8e8a08588137234ce63b8a9e537fd15117628bc7cfca6ae12059,South Asian English,south_asian,It is located in the Parque Patricios neighborhood of Buenos Aires.,it is located in the park patrices neighborhood of buonus arees,5809a7f88820830e8b9ae671800c467bd1cfe3860f6340650442acf1aeab031b
xlsr_english,dmsuta,78,stage5ext_00315,8f7e0c1a745bde3b6375473b87b997d5f687a8a0d9c28a96b8fd9b2db97634c0c09607da808a8e8a08588137234ce63b8a9e537fd15117628bc7cfca6ae12059,South Asian English,south_asian,Williams is actively engaged in public service and philanthropy.,williams is actively engaged in public service and pilamtropy,5809a7f88820830e8b9ae671800c467bd1cfe3860f6340650442acf1aeab031b
xlsr_english,dmsuta,78,stage5ext_00316,f6987deb24305a72a216ab20686f51f94b6f8705775768dd535e4da88ff7117abfe923d46999a076b82dd084f2eb5ae7185de770ddb184c4e3a01d5b6390da20,South Asian English,south_asian,These cars were all basically retrimmed Mercurys.,these cars were all basically rech and worbries,5809a7f88820830e8b9ae671800c467bd1cfe3860f6340650442acf1aeab031b
xlsr_english,dmsuta,79,stage5ext_00317,f6987deb24305a72a216ab20686f51f94b6f8705775768dd535e4da88ff7117abfe923d46999a076b82dd084f2eb5ae7185de770ddb184c4e3a01d5b6390da20,South Asian English,south_asian,There are many small businesses throughout the small town that contribute to economic success.,there are many small businesses throughout the small town that contribute to the economic success,848ed4cdc7836cba7738931b2b3fa667bdd7773f273629462e4a9ac0fc67ef64
xlsr_english,dmsuta,79,stage5ext_00318,f6987deb24305a72a216ab20686f51f94b6f8705775768dd535e4da88ff7117abfe923d46999a076b82dd084f2eb5ae7185de770ddb184c4e3a01d5b6390da20,South Asian English,south_asian,Derivational morphology often involves the addition of a derivational suffix or other affix.,derivational morphology often involves the addition of  derivational subjects or other efficts,848ed4cdc7836cba7738931b2b3fa667bdd7773f273629462e4a9ac0fc67ef64
xlsr_english,dmsuta,79,stage5ext_00319,f6987deb24305a72a216ab20686f51f94b6f8705775768dd535e4da88ff7117abfe923d46999a076b82dd084f2eb5ae7185de770ddb184c4e3a01d5b6390da20,South Asian English,south_asian,The school sports mascot is the Gator.,the school sports mascot is the gater,848ed4cdc7836cba7738931b2b3fa667bdd7773f273629462e4a9ac0fc67ef64
xlsr_english,dmsuta,79,stage5ext_00320,f6987deb24305a72a216ab20686f51f94b6f8705775768dd535e4da88ff7117abfe923d46999a076b82dd084f2eb5ae7185de770ddb184c4e3a01d5b6390da20,South Asian English,south_asian,The incident made him more aware of his future.,the incident made him more aware of his teacher,848ed4cdc7836cba7738931b2b3fa667bdd7773f273629462e4a9ac0fc67ef64
xlsr_english,dmsuta,80,stage5ext_00321,f6987deb24305a72a216ab20686f51f94b6f8705775768dd535e4da88ff7117abfe923d46999a076b82dd084f2eb5ae7185de770ddb184c4e3a01d5b6390da20,South Asian English,south_asian,Toronto Netball Club plays at Westlakes Netball Association.,toronto netpall club plays at brislick's netpall association,882d40540fd7ba2a3cedce4ef2b650e649e457191e026b59bc471e017aa1f3b4
xlsr_english,dmsuta,80,stage5ext_00322,f6987deb24305a72a216ab20686f51f94b6f8705775768dd535e4da88ff7117abfe923d46999a076b82dd084f2eb5ae7185de770ddb184c4e3a01d5b6390da20,South Asian English,south_asian,He returned to the field for the final three games of the season.,she returned to the sfriet for the final three games of the season,882d40540fd7ba2a3cedce4ef2b650e649e457191e026b59bc471e017aa1f3b4
xlsr_english,dmsuta,80,stage5ext_00323,f6987deb24305a72a216ab20686f51f94b6f8705775768dd535e4da88ff7117abfe923d46999a076b82dd084f2eb5ae7185de770ddb184c4e3a01d5b6390da20,South Asian English,south_asian,"His first season numbers were unimpressive, reflecting his rookie status.",his first season numbers were unimpressive reflecting is rouky status,882d40540fd7ba2a3cedce4ef2b650e649e457191e026b59bc471e017aa1f3b4
xlsr_english,dmsuta,80,stage5ext_00324,f6987deb24305a72a216ab20686f51f94b6f8705775768dd535e4da88ff7117abfe923d46999a076b82dd084f2eb5ae7185de770ddb184c4e3a01d5b6390da20,South Asian English,south_asian,Two thousand copies of the album were available on the band's website.,two thousand copies of the album were available on the mann's website,882d40540fd7ba2a3cedce4ef2b650e649e457191e026b59bc471e017aa1f3b4
xlsr_english,dmsuta,81,stage5ext_00325,f6987deb24305a72a216ab20686f51f94b6f8705775768dd535e4da88ff7117abfe923d46999a076b82dd084f2eb5ae7185de770ddb184c4e3a01d5b6390da20,South Asian English,south_asian,"With Lajoie gone, the club needed a new name.",with lajui gon the club needed a new ging,282c2a63597527de91409959f39045ab574f424dda1a892c329f4233a3ea1516
xlsr_english,dmsuta,81,stage5ext_00326,f6987deb24305a72a216ab20686f51f94b6f8705775768dd535e4da88ff7117abfe923d46999a076b82dd084f2eb5ae7185de770ddb184c4e3a01d5b6390da20,South Asian English,south_asian,Pendergrass got well-wishes from thousands of his fans during his recovery.,spentergrasz caught wellvishes from thousands of his fans during his recovery,282c2a63597527de91409959f39045ab574f424dda1a892c329f4233a3ea1516
xlsr_english,dmsuta,81,stage5ext_00327,f6987deb24305a72a216ab20686f51f94b6f8705775768dd535e4da88ff7117abfe923d46999a076b82dd084f2eb5ae7185de770ddb184c4e3a01d5b6390da20,South Asian English,south_asian,The third phase involves converting Hughes Hall into office space.,thet third phase involves converting hugies falp into ofer space,282c2a63597527de91409959f39045ab574f424dda1a892c329f4233a3ea1516
xlsr_english,dmsuta,81,stage5ext_00328,f6987deb24305a72a216ab20686f51f94b6f8705775768dd535e4da88ff7117abfe923d46999a076b82dd084f2eb5ae7185de770ddb184c4e3a01d5b6390da20,South Asian English,south_asian,They used the sharks that followed the ships as a terror weapon.,they used the sharts that followed the ships as a lbepen,282c2a63597527de91409959f39045ab574f424dda1a892c329f4233a3ea1516
xlsr_english,dmsuta,82,stage5ext_00329,f6987deb24305a72a216ab20686f51f94b6f8705775768dd535e4da88ff7117abfe923d46999a076b82dd084f2eb5ae7185de770ddb184c4e3a01d5b6390da20,South Asian English,south_asian,"They had eight children, five of whom survived to adulthood.",they had eight children five of whom survived to adulthood,cc2cbf03222e2c2b80b6eeb10beacee776eebe97567070cec8a20a489b9363b0
xlsr_english,dmsuta,82,stage5ext_00330,f6987deb24305a72a216ab20686f51f94b6f8705775768dd535e4da88ff7117abfe923d46999a076b82dd084f2eb5ae7185de770ddb184c4e3a01d5b6390da20,South Asian English,south_asian,The island is now uninhabited and managed as a bird reserve.,the island is now uninhabited and managed ust abod reserve,cc2cbf03222e2c2b80b6eeb10beacee776eebe97567070cec8a20a489b9363b0
xlsr_english,dmsuta,82,stage5ext_00331,746bd7c2bd64e7fde7dda173976ca80e97a1875f7571a836827b832c1609da3c16be48a0bbf11e310ba7f262e77841dc8e70360283da6a0100631e2ac4760956,South Asian English,south_asian,Buckingham was also particularly proud of the Spanish guitar solo.,buckingham was also particularly proud of the spanish guitar solo,cc2cbf03222e2c2b80b6eeb10beacee776eebe97567070cec8a20a489b9363b0
xlsr_english,dmsuta,82,stage5ext_00332,746bd7c2bd64e7fde7dda173976ca80e97a1875f7571a836827b832c1609da3c16be48a0bbf11e310ba7f262e77841dc8e70360283da6a0100631e2ac4760956,South Asian English,south_asian,"Also known as Herbert, Borchardt initially studied Architecture and later Egyptology under Adolf Erman.",also known as herbert borchar initially studied architecture and lator edyptology under adolp erman,cc2cbf03222e2c2b80b6eeb10beacee776eebe97567070cec8a20a489b9363b0
xlsr_english,dmsuta,83,stage5ext_00333,746bd7c2bd64e7fde7dda173976ca80e97a1875f7571a836827b832c1609da3c16be48a0bbf11e310ba7f262e77841dc8e70360283da6a0100631e2ac4760956,South Asian English,south_asian,"Publicised nationwide, Gladstone's message became that of the party.",publicized nationwide gladston's message became that of the party,800bb409b9401c054b8fba02e5ba6cc30acfa9d29ad7090b98667b4210f9289e
xlsr_english,dmsuta,83,stage5ext_00334,746bd7c2bd64e7fde7dda173976ca80e97a1875f7571a836827b832c1609da3c16be48a0bbf11e310ba7f262e77841dc8e70360283da6a0100631e2ac4760956,South Asian English,south_asian,McGrath is a friend and fan of Ralph McTell.,mcgrat is a friend and fan of ralph mcdell,800bb409b9401c054b8fba02e5ba6cc30acfa9d29ad7090b98667b4210f9289e
xlsr_english,dmsuta,83,stage5ext_00335,746bd7c2bd64e7fde7dda173976ca80e97a1875f7571a836827b832c1609da3c16be48a0bbf11e310ba7f262e77841dc8e70360283da6a0100631e2ac4760956,South Asian English,south_asian,His family later moved to Los Angeles and he attended Fairfax High School.,his family later moved to los angeles and he attended fairfax high school,800bb409b9401c054b8fba02e5ba6cc30acfa9d29ad7090b98667b4210f9289e
xlsr_english,dmsuta,83,stage5ext_00336,746bd7c2bd64e7fde7dda173976ca80e97a1875f7571a836827b832c1609da3c16be48a0bbf11e310ba7f262e77841dc8e70360283da6a0100631e2ac4760956,South Asian English,south_asian,The grape originated as a cross of Syrah pollen germinating a Peloursin plant.,the grape originated as a cross of syra poland germinating a peloursin plant,800bb409b9401c054b8fba02e5ba6cc30acfa9d29ad7090b98667b4210f9289e
xlsr_english,dmsuta,84,stage5ext_00337,746bd7c2bd64e7fde7dda173976ca80e97a1875f7571a836827b832c1609da3c16be48a0bbf11e310ba7f262e77841dc8e70360283da6a0100631e2ac4760956,South Asian English,south_asian,The main gate is located in the center of the south curtain wall.,the main gate is located in the center of the south gurton wall,a5fbc462ffc71497c2e653208deacc9cec4ff3b8182237de99c94fc4e911ae03
xlsr_english,dmsuta,84,stage5ext_00338,746bd7c2bd64e7fde7dda173976ca80e97a1875f7571a836827b832c1609da3c16be48a0bbf11e310ba7f262e77841dc8e70360283da6a0100631e2ac4760956,South Asian English,south_asian,Ferrers made many contributions to mathematical literature.,ferros made many contributions to mathematical literature,a5fbc462ffc71497c2e653208deacc9cec4ff3b8182237de99c94fc4e911ae03
xlsr_english,dmsuta,84,stage5ext_00339,746bd7c2bd64e7fde7dda173976ca80e97a1875f7571a836827b832c1609da3c16be48a0bbf11e310ba7f262e77841dc8e70360283da6a0100631e2ac4760956,South Asian English,south_asian,"Prokosch was born in Madison, Wisconsin, into an intellectual family that travelled widely.",rokoch was born in madisone wisconsin into an intellectual family that traveled widely,a5fbc462ffc71497c2e653208deacc9cec4ff3b8182237de99c94fc4e911ae03
xlsr_english,dmsuta,84,stage5ext_00340,746bd7c2bd64e7fde7dda173976ca80e97a1875f7571a836827b832c1609da3c16be48a0bbf11e310ba7f262e77841dc8e70360283da6a0100631e2ac4760956,South Asian English,south_asian,Britain sends three big-game hunters to kill the lions.,britan sends three big game hunters to kill the lions,a5fbc462ffc71497c2e653208deacc9cec4ff3b8182237de99c94fc4e911ae03
xlsr_english,dmsuta,85,stage5ext_00341,746bd7c2bd64e7fde7dda173976ca80e97a1875f7571a836827b832c1609da3c16be48a0bbf11e310ba7f262e77841dc8e70360283da6a0100631e2ac4760956,South Asian English,south_asian,The French colonial government gave land away to soldiers and settlers.,the french colonial government gave land away to soldiers and settlers,bbca39b2c041bd1202a12f14ea014bd969da94e1897bb44097609d602fabf8c1
xlsr_english,dmsuta,85,stage5ext_00342,746bd7c2bd64e7fde7dda173976ca80e97a1875f7571a836827b832c1609da3c16be48a0bbf11e310ba7f262e77841dc8e70360283da6a0100631e2ac4760956,South Asian English,south_asian,A Fermilab initiative to seek out cost effective computing for the Tevatron.,a formula abinitiative to seek out cost effective computing for the tavetron,bbca39b2c041bd1202a12f14ea014bd969da94e1897bb44097609d602fabf8c1
xlsr_english,dmsuta,85,stage5ext_00343,746bd7c2bd64e7fde7dda173976ca80e97a1875f7571a836827b832c1609da3c16be48a0bbf11e310ba7f262e77841dc8e70360283da6a0100631e2ac4760956,South Asian English,south_asian,"The Shaw collection is housed at the university's duPont-Ball library in DeLand, Florida.",the show collection is housed at the university's dupeut ball library in delain florida,bbca39b2c041bd1202a12f14ea014bd969da94e1897bb44097609d602fabf8c1
xlsr_english,dmsuta,85,stage5ext_00344,746bd7c2bd64e7fde7dda173976ca80e97a1875f7571a836827b832c1609da3c16be48a0bbf11e310ba7f262e77841dc8e70360283da6a0100631e2ac4760956,South Asian English,south_asian,"He now lives in Toronto, Ontario.",he now lives in toronto ontario,bbca39b2c041bd1202a12f14ea014bd969da94e1897bb44097609d602fabf8c1
xlsr_english,dmsuta,86,stage5ext_00345,746bd7c2bd64e7fde7dda173976ca80e97a1875f7571a836827b832c1609da3c16be48a0bbf11e310ba7f262e77841dc8e70360283da6a0100631e2ac4760956,South Asian English,south_asian,"The British called such weapons ""Pass-made rifles"".",the british called such weapons passmade rifls,614c6975a08037f818cab1606bee904f813f9ee738277a877e10c2cfb7397416
xlsr_english,dmsuta,86,stage5ext_00346,02a40eed38bf20ab1ddca1a5c60f5b2cadd5455be21c7a1ab8e87d65a6fec68495c0d24d8fecdfe3f9d132fdfa842dba33dca093df21b19f3d325519779d13d0,South Asian English,south_asian,"The women of ""Survivor"" deserved better.",the women of survivor deserved better,614c6975a08037f818cab1606bee904f813f9ee738277a877e10c2cfb7397416
xlsr_english,dmsuta,86,stage5ext_00347,02a40eed38bf20ab1ddca1a5c60f5b2cadd5455be21c7a1ab8e87d65a6fec68495c0d24d8fecdfe3f9d132fdfa842dba33dca093df21b19f3d325519779d13d0,South Asian English,south_asian,His great knowledge and immense industry are shown throughout its pages.,his great knowledge and emence industry are shown throughout its pages,614c6975a08037f818cab1606bee904f813f9ee738277a877e10c2cfb7397416
xlsr_english,dmsuta,86,stage5ext_00348,02a40eed38bf20ab1ddca1a5c60f5b2cadd5455be21c7a1ab8e87d65a6fec68495c0d24d8fecdfe3f9d132fdfa842dba33dca093df21b19f3d325519779d13d0,South Asian English,south_asian,Other African examples may be found in Nigeria and East Africa.,other african examples may be found in ageria and east africa,614c6975a08037f818cab1606bee904f813f9ee738277a877e10c2cfb7397416
xlsr_english,dmsuta,87,stage5ext_00349,02a40eed38bf20ab1ddca1a5c60f5b2cadd5455be21c7a1ab8e87d65a6fec68495c0d24d8fecdfe3f9d132fdfa842dba33dca093df21b19f3d325519779d13d0,South Asian English,south_asian,Enrico Ferri is the father of four children.,endricoferi is the father of four children,0cbc7fde58d3f80b3668570ee03da8a521a5260cd80838f5a39e6fea68526d5d
xlsr_english,dmsuta,87,stage5ext_00350,02a40eed38bf20ab1ddca1a5c60f5b2cadd5455be21c7a1ab8e87d65a6fec68495c0d24d8fecdfe3f9d132fdfa842dba33dca093df21b19f3d325519779d13d0,South Asian English,south_asian,It has been found in the English Channel and the Gulf of Mexico.,it has been found in the english chinon and the gulf of mexico,0cbc7fde58d3f80b3668570ee03da8a521a5260cd80838f5a39e6fea68526d5d
xlsr_english,dmsuta,87,stage5ext_00351,02a40eed38bf20ab1ddca1a5c60f5b2cadd5455be21c7a1ab8e87d65a6fec68495c0d24d8fecdfe3f9d132fdfa842dba33dca093df21b19f3d325519779d13d0,South Asian English,south_asian,Her work has also appeared on postage stamps produced by the Czech Republic.,hobark has also appeared on postage stamps produced by the zac republic,0cbc7fde58d3f80b3668570ee03da8a521a5260cd80838f5a39e6fea68526d5d
xlsr_english,dmsuta,87,stage5ext_00352,02a40eed38bf20ab1ddca1a5c60f5b2cadd5455be21c7a1ab8e87d65a6fec68495c0d24d8fecdfe3f9d132fdfa842dba33dca093df21b19f3d325519779d13d0,South Asian English,south_asian,Mathilda Ebeling,matilda ebling,0cbc7fde58d3f80b3668570ee03da8a521a5260cd80838f5a39e6fea68526d5d
xlsr_english,dmsuta,88,stage5ext_00353,02a40eed38bf20ab1ddca1a5c60f5b2cadd5455be21c7a1ab8e87d65a6fec68495c0d24d8fecdfe3f9d132fdfa842dba33dca093df21b19f3d325519779d13d0,South Asian English,south_asian,Behra also set pole and fastest lap.,the headau also set bawland fast its lap,ba046ccc5750b515fbacdd4d66d3c558fa7b8a0f240c7fa32382e85f38fe3ec0
xlsr_english,dmsuta,88,stage5ext_00354,02a40eed38bf20ab1ddca1a5c60f5b2cadd5455be21c7a1ab8e87d65a6fec68495c0d24d8fecdfe3f9d132fdfa842dba33dca093df21b19f3d325519779d13d0,South Asian English,south_asian,All of his brothers were fighters.,all of his brothers were fighters,ba046ccc5750b515fbacdd4d66d3c558fa7b8a0f240c7fa32382e85f38fe3ec0
xlsr_english,dmsuta,88,stage5ext_00355,02a40eed38bf20ab1ddca1a5c60f5b2cadd5455be21c7a1ab8e87d65a6fec68495c0d24d8fecdfe3f9d132fdfa842dba33dca093df21b19f3d325519779d13d0,South Asian English,south_asian,In general they tended to rather large format.,in general they tended to rather large format,ba046ccc5750b515fbacdd4d66d3c558fa7b8a0f240c7fa32382e85f38fe3ec0
xlsr_english,dmsuta,88,stage5ext_00356,02a40eed38bf20ab1ddca1a5c60f5b2cadd5455be21c7a1ab8e87d65a6fec68495c0d24d8fecdfe3f9d132fdfa842dba33dca093df21b19f3d325519779d13d0,South Asian English,south_asian,Downey posted the picture on Instagram and received requests for the pattern.,downey posted the picture on an instoctram and received request for the pattern,ba046ccc5750b515fbacdd4d66d3c558fa7b8a0f240c7fa32382e85f38fe3ec0
xlsr_english,dmsuta,89,stage5ext_00357,02a40eed38bf20ab1ddca1a5c60f5b2cadd5455be21c7a1ab8e87d65a6fec68495c0d24d8fecdfe3f9d132fdfa842dba33dca093df21b19f3d325519779d13d0,South Asian English,south_asian,She did not like children and tried to hide it.,she did not like children and tried to hide it,f3902ed2dc5afc988e5d706e941ce42faa861cac20dc07052c0e65da007467e1
xlsr_english,dmsuta,89,stage5ext_00358,02a40eed38bf20ab1ddca1a5c60f5b2cadd5455be21c7a1ab8e87d65a6fec68495c0d24d8fecdfe3f9d132fdfa842dba33dca093df21b19f3d325519779d13d0,South Asian English,south_asian,Today the church still retains many of its historic features.,today the church still retains many of its historic features,f3902ed2dc5afc988e5d706e941ce42faa861cac20dc07052c0e65da007467e1
xlsr_english,dmsuta,89,stage5ext_00359,02a40eed38bf20ab1ddca1a5c60f5b2cadd5455be21c7a1ab8e87d65a6fec68495c0d24d8fecdfe3f9d132fdfa842dba33dca093df21b19f3d325519779d13d0,South Asian English,south_asian,The two also had used the same choreographer.,the two also had used the same choreographer,f3902ed2dc5afc988e5d706e941ce42faa861cac20dc07052c0e65da007467e1
xlsr_english,dmsuta,89,stage5ext_00360,02a40eed38bf20ab1ddca1a5c60f5b2cadd5455be21c7a1ab8e87d65a6fec68495c0d24d8fecdfe3f9d132fdfa842dba33dca093df21b19f3d325519779d13d0,South Asian English,south_asian,Murom is the nearest rural locality.,morem is the nearest orural locality,f3902ed2dc5afc988e5d706e941ce42faa861cac20dc07052c0e65da007467e1
xlsr_english,dmsuta,90,stage5ext_00361,aaf1e4c69fbd1d1faf2fcbf3500fe62c714695d030ca2f945ff72ef0c02adfc3ff3b57023bc8367965617d4ca057efc9c9a11733d05858f18602fdc792ae9d84,South Asian English,south_asian,We will not have any money left.,we will not have any money left,c54aed603b38b935927ba47848ff467e1bfdd71692503c5e6ce2d7f3fe55bc67
xlsr_english,dmsuta,90,stage5ext_00362,aaf1e4c69fbd1d1faf2fcbf3500fe62c714695d030ca2f945ff72ef0c02adfc3ff3b57023bc8367965617d4ca057efc9c9a11733d05858f18602fdc792ae9d84,South Asian English,south_asian,A magistrate.,a magistrate,c54aed603b38b935927ba47848ff467e1bfdd71692503c5e6ce2d7f3fe55bc67
xlsr_english,dmsuta,90,stage5ext_00363,aaf1e4c69fbd1d1faf2fcbf3500fe62c714695d030ca2f945ff72ef0c02adfc3ff3b57023bc8367965617d4ca057efc9c9a11733d05858f18602fdc792ae9d84,South Asian English,south_asian,I know Daniel quite well.,i know daniel quite well,c54aed603b38b935927ba47848ff467e1bfdd71692503c5e6ce2d7f3fe55bc67
xlsr_english,dmsuta,90,stage5ext_00364,aaf1e4c69fbd1d1faf2fcbf3500fe62c714695d030ca2f945ff72ef0c02adfc3ff3b57023bc8367965617d4ca057efc9c9a11733d05858f18602fdc792ae9d84,South Asian English,south_asian,Mary found the website and showed it to Daniel.,mary fond the website and showed it to daniel,c54aed603b38b935927ba47848ff467e1bfdd71692503c5e6ce2d7f3fe55bc67
xlsr_english,dmsuta,91,stage5ext_00365,aaf1e4c69fbd1d1faf2fcbf3500fe62c714695d030ca2f945ff72ef0c02adfc3ff3b57023bc8367965617d4ca057efc9c9a11733d05858f18602fdc792ae9d84,South Asian English,south_asian,"If you experience further problems, please let me know.",if you experience further problems please let me know,4a29db6847d994d7e68c93ff241f5b6e68ac08d5af352b4f5394c40d68f92640
xlsr_english,dmsuta,91,stage5ext_00366,aaf1e4c69fbd1d1faf2fcbf3500fe62c714695d030ca2f945ff72ef0c02adfc3ff3b57023bc8367965617d4ca057efc9c9a11733d05858f18602fdc792ae9d84,South Asian English,south_asian,Debra is a explorer that has been all over the world.,the braiis a explorer that has been all over the world,4a29db6847d994d7e68c93ff241f5b6e68ac08d5af352b4f5394c40d68f92640
xlsr_english,dmsuta,91,stage5ext_00367,aaf1e4c69fbd1d1faf2fcbf3500fe62c714695d030ca2f945ff72ef0c02adfc3ff3b57023bc8367965617d4ca057efc9c9a11733d05858f18602fdc792ae9d84,South Asian English,south_asian,Albert Einstein's famous equation E equals MC squared is one of the best known equations in physics.,albert einstein's famous ecuation e ecosymsy sqoire is one of the best-known ecruations in physics,4a29db6847d994d7e68c93ff241f5b6e68ac08d5af352b4f5394c40d68f92640
xlsr_english,dmsuta,91,stage5ext_00368,aaf1e4c69fbd1d1faf2fcbf3500fe62c714695d030ca2f945ff72ef0c02adfc3ff3b57023bc8367965617d4ca057efc9c9a11733d05858f18602fdc792ae9d84,South Asian English,south_asian,One good turn deserves another.,one good turn deserves another,4a29db6847d994d7e68c93ff241f5b6e68ac08d5af352b4f5394c40d68f92640
xlsr_english,dmsuta,92,stage5ext_00369,aaf1e4c69fbd1d1faf2fcbf3500fe62c714695d030ca2f945ff72ef0c02adfc3ff3b57023bc8367965617d4ca057efc9c9a11733d05858f18602fdc792ae9d84,South Asian English,south_asian,It has been so long since I have seen you!,it has been so long since i have seen you,3745c5411c702b9a8331de2a4a2bff9f0a815334c04effb66ba83fcfba9b34f9
xlsr_english,dmsuta,92,stage5ext_00370,aaf1e4c69fbd1d1faf2fcbf3500fe62c714695d030ca2f945ff72ef0c02adfc3ff3b57023bc8367965617d4ca057efc9c9a11733d05858f18602fdc792ae9d84,South Asian English,south_asian,William Shakespeare was an English poet and playwright that lived during the late sixteenth century.,william shakespeare was an english biet and plairy that lived during the late sixteenth century,3745c5411c702b9a8331de2a4a2bff9f0a815334c04effb66ba83fcfba9b34f9
xlsr_english,dmsuta,92,stage5ext_00371,aaf1e4c69fbd1d1faf2fcbf3500fe62c714695d030ca2f945ff72ef0c02adfc3ff3b57023bc8367965617d4ca057efc9c9a11733d05858f18602fdc792ae9d84,South Asian English,south_asian,The pup jerked the leash as he saw a feline shape.,the pub jerged the leash as he saw a falin traye,3745c5411c702b9a8331de2a4a2bff9f0a815334c04effb66ba83fcfba9b34f9
xlsr_english,dmsuta,92,stage5ext_00372,aaf1e4c69fbd1d1faf2fcbf3500fe62c714695d030ca2f945ff72ef0c02adfc3ff3b57023bc8367965617d4ca057efc9c9a11733d05858f18602fdc792ae9d84,South Asian English,south_asian,Forty on Thursday is the name of the event.,forty on torsda is the name of the event,3745c5411c702b9a8331de2a4a2bff9f0a815334c04effb66ba83fcfba9b34f9
xlsr_english,dmsuta,93,stage5ext_00373,aaf1e4c69fbd1d1faf2fcbf3500fe62c714695d030ca2f945ff72ef0c02adfc3ff3b57023bc8367965617d4ca057efc9c9a11733d05858f18602fdc792ae9d84,South Asian English,south_asian,The largest town is Abergavenny.,the largest town is abagavani,67436ce50d3caded79e9bc1cee930a7fc9125758559daf431964f3c46576d0fb
xlsr_english,dmsuta,93,stage5ext_00374,aaf1e4c69fbd1d1faf2fcbf3500fe62c714695d030ca2f945ff72ef0c02adfc3ff3b57023bc8367965617d4ca057efc9c9a11733d05858f18602fdc792ae9d84,South Asian English,south_asian,No one has ever done it before.,no one has ever done it before,67436ce50d3caded79e9bc1cee930a7fc9125758559daf431964f3c46576d0fb
xlsr_english,dmsuta,93,stage5ext_00375,aaf1e4c69fbd1d1faf2fcbf3500fe62c714695d030ca2f945ff72ef0c02adfc3ff3b57023bc8367965617d4ca057efc9c9a11733d05858f18602fdc792ae9d84,South Asian English,south_asian,Two men spoke in Arabic while having a drink at the bar.,two men spak in arabic while having a drink at the ball,67436ce50d3caded79e9bc1cee930a7fc9125758559daf431964f3c46576d0fb
xlsr_english,dmsuta,93,stage5ext_00376,f7e25829f749c01cdf81e5c9cba92ab80af25ba7120bdb943094d45b56be1cc3b516ca22cc0a4aed4934a1c9af35e152ecc95a58b32ce448662acabb5b87bc76,South Asian English,south_asian,But you want to know something?,but you want to know something,67436ce50d3caded79e9bc1cee930a7fc9125758559daf431964f3c46576d0fb
xlsr_english,dmsuta,94,stage5ext_00377,f7e25829f749c01cdf81e5c9cba92ab80af25ba7120bdb943094d45b56be1cc3b516ca22cc0a4aed4934a1c9af35e152ecc95a58b32ce448662acabb5b87bc76,South Asian English,south_asian,The giraffe had become fearful.,the giraff had become fearful,05633c326110c3f25d4173a6a8a7b2e472284f154a9b4407fe71450eebcaf8fd
xlsr_english,dmsuta,94,stage5ext_00378,f7e25829f749c01cdf81e5c9cba92ab80af25ba7120bdb943094d45b56be1cc3b516ca22cc0a4aed4934a1c9af35e152ecc95a58b32ce448662acabb5b87bc76,South Asian English,south_asian,Our deadline is coming up rapidly and we will need help.,our deadline is coming up rapidly and we will need help,05633c326110c3f25d4173a6a8a7b2e472284f154a9b4407fe71450eebcaf8fd
xlsr_english,dmsuta,94,stage5ext_00379,f7e25829f749c01cdf81e5c9cba92ab80af25ba7120bdb943094d45b56be1cc3b516ca22cc0a4aed4934a1c9af35e152ecc95a58b32ce448662acabb5b87bc76,South Asian English,south_asian,I found it out a little late.,i' found it out a little late,05633c326110c3f25d4173a6a8a7b2e472284f154a9b4407fe71450eebcaf8fd
xlsr_english,dmsuta,94,stage5ext_00380,f7e25829f749c01cdf81e5c9cba92ab80af25ba7120bdb943094d45b56be1cc3b516ca22cc0a4aed4934a1c9af35e152ecc95a58b32ce448662acabb5b87bc76,South Asian English,south_asian,Don't worry about that.,don't worry about that,05633c326110c3f25d4173a6a8a7b2e472284f154a9b4407fe71450eebcaf8fd
xlsr_english,dmsuta,95,stage5ext_00381,f7e25829f749c01cdf81e5c9cba92ab80af25ba7120bdb943094d45b56be1cc3b516ca22cc0a4aed4934a1c9af35e152ecc95a58b32ce448662acabb5b87bc76,South Asian English,south_asian,I shouldn't think so.,i shouldn't think so,6b98f8d5f5e5b4dcddc43f46fa7b8b112a0812bf46b228afaafebef530bc4c3f
xlsr_english,dmsuta,95,stage5ext_00382,f7e25829f749c01cdf81e5c9cba92ab80af25ba7120bdb943094d45b56be1cc3b516ca22cc0a4aed4934a1c9af35e152ecc95a58b32ce448662acabb5b87bc76,South Asian English,south_asian,Turning off gadgets that are not in use can save a lot of energy.,turning off gadgets that are not in use can save a lot of energy,6b98f8d5f5e5b4dcddc43f46fa7b8b112a0812bf46b228afaafebef530bc4c3f
xlsr_english,dmsuta,95,stage5ext_00383,f7e25829f749c01cdf81e5c9cba92ab80af25ba7120bdb943094d45b56be1cc3b516ca22cc0a4aed4934a1c9af35e152ecc95a58b32ce448662acabb5b87bc76,South Asian English,south_asian,There is a counter on the top left of the web page.,there is a counter on the top left of the web page,6b98f8d5f5e5b4dcddc43f46fa7b8b112a0812bf46b228afaafebef530bc4c3f
xlsr_english,dmsuta,95,stage5ext_00384,f7e25829f749c01cdf81e5c9cba92ab80af25ba7120bdb943094d45b56be1cc3b516ca22cc0a4aed4934a1c9af35e152ecc95a58b32ce448662acabb5b87bc76,South Asian English,south_asian,You think you did.,you think you did,6b98f8d5f5e5b4dcddc43f46fa7b8b112a0812bf46b228afaafebef530bc4c3f
xlsr_english,dmsuta,96,stage5ext_00385,f7e25829f749c01cdf81e5c9cba92ab80af25ba7120bdb943094d45b56be1cc3b516ca22cc0a4aed4934a1c9af35e152ecc95a58b32ce448662acabb5b87bc76,South Asian English,south_asian,Maybe he'll give us one.,maybe he'll give us one,0f6a1ad2e77759745462a5da74e56029b1cd4c3359a2a7d9693ea30e77ad88e2
xlsr_english,dmsuta,96,stage5ext_00386,f7e25829f749c01cdf81e5c9cba92ab80af25ba7120bdb943094d45b56be1cc3b516ca22cc0a4aed4934a1c9af35e152ecc95a58b32ce448662acabb5b87bc76,South Asian English,south_asian,Better let me talk to him.,better let me talk to him,0f6a1ad2e77759745462a5da74e56029b1cd4c3359a2a7d9693ea30e77ad88e2
xlsr_english,dmsuta,96,stage5ext_00387,f7e25829f749c01cdf81e5c9cba92ab80af25ba7120bdb943094d45b56be1cc3b516ca22cc0a4aed4934a1c9af35e152ecc95a58b32ce448662acabb5b87bc76,South Asian English,south_asian,I don't want any plastics.,i don't want any plastics,0f6a1ad2e77759745462a5da74e56029b1cd4c3359a2a7d9693ea30e77ad88e2
xlsr_english,dmsuta,96,stage5ext_00388,f7e25829f749c01cdf81e5c9cba92ab80af25ba7120bdb943094d45b56be1cc3b516ca22cc0a4aed4934a1c9af35e152ecc95a58b32ce448662acabb5b87bc76,South Asian English,south_asian,Without a single quiver.,without a single quiver,0f6a1ad2e77759745462a5da74e56029b1cd4c3359a2a7d9693ea30e77ad88e2
xlsr_english,dmsuta,97,stage5ext_00389,f7e25829f749c01cdf81e5c9cba92ab80af25ba7120bdb943094d45b56be1cc3b516ca22cc0a4aed4934a1c9af35e152ecc95a58b32ce448662acabb5b87bc76,South Asian English,south_asian,I never saw it before.,i never saw it before,9492a888dc4f06364cddc2fb782e1a8b4415b85be3ea5c3a1796e6856a585479
xlsr_english,dmsuta,97,stage5ext_00390,f7e25829f749c01cdf81e5c9cba92ab80af25ba7120bdb943094d45b56be1cc3b516ca22cc0a4aed4934a1c9af35e152ecc95a58b32ce448662acabb5b87bc76,South Asian English,south_asian,"The reason for this, is to discern your strengths.",the reason for this is to dissern your strengths,9492a888dc4f06364cddc2fb782e1a8b4415b85be3ea5c3a1796e6856a585479
xlsr_english,dmsuta,97,stage5ext_00391,3f0b866ee8d4499e4c0de09d34862acbb1ea0139f53bf7f1271a8648fb35d9a3a31272a8bc7af870e3b52bf7f4cb51ae512fa07df79663eaeafa30221c0b200b,South Asian English,south_asian,"The perpetrators were never identified, and this monument has never been rebuilt.",the purpotritles were never identified and this miomant has never been rebuilt,9492a888dc4f06364cddc2fb782e1a8b4415b85be3ea5c3a1796e6856a585479
xlsr_english,dmsuta,97,stage5ext_00392,3f0b866ee8d4499e4c0de09d34862acbb1ea0139f53bf7f1271a8648fb35d9a3a31272a8bc7af870e3b52bf7f4cb51ae512fa07df79663eaeafa30221c0b200b,South Asian English,south_asian,"These songs include ""Never End,"" ""Please Smile Again,"" and ""Cross Over.",these songs include never an hee smile again and crosso,9492a888dc4f06364cddc2fb782e1a8b4415b85be3ea5c3a1796e6856a585479
xlsr_english,dmsuta,98,stage5ext_00393,3f0b866ee8d4499e4c0de09d34862acbb1ea0139f53bf7f1271a8648fb35d9a3a31272a8bc7af870e3b52bf7f4cb51ae512fa07df79663eaeafa30221c0b200b,South Asian English,south_asian,Water in the pool is continuously circulated through a filtration system.,watin the pool is continuously circulated through a filtration system,3545fc89b54a5a7e58b5c57b3070f0865920b8f6df5ae1213c517cbf8dbb5c0a
xlsr_english,dmsuta,98,stage5ext_00394,3f0b866ee8d4499e4c0de09d34862acbb1ea0139f53bf7f1271a8648fb35d9a3a31272a8bc7af870e3b52bf7f4cb51ae512fa07df79663eaeafa30221c0b200b,South Asian English,south_asian,We maintain an array of roots indexed by timestamp.,fee maintein and orilof fruits index by timeslamp,3545fc89b54a5a7e58b5c57b3070f0865920b8f6df5ae1213c517cbf8dbb5c0a
xlsr_english,dmsuta,98,stage5ext_00395,3f0b866ee8d4499e4c0de09d34862acbb1ea0139f53bf7f1271a8648fb35d9a3a31272a8bc7af870e3b52bf7f4cb51ae512fa07df79663eaeafa30221c0b200b,South Asian English,south_asian,"The educators lost, though commercial broadcasters were forced to air public affairs programs.",the educators lost though commercial broadcasters were forced to air public affairs programs,3545fc89b54a5a7e58b5c57b3070f0865920b8f6df5ae1213c517cbf8dbb5c0a
xlsr_english,dmsuta,98,stage5ext_00396,3f0b866ee8d4499e4c0de09d34862acbb1ea0139f53bf7f1271a8648fb35d9a3a31272a8bc7af870e3b52bf7f4cb51ae512fa07df79663eaeafa30221c0b200b,South Asian English,south_asian,It is also the largest school in the state by size.,it is also the largest school in the state bysites,3545fc89b54a5a7e58b5c57b3070f0865920b8f6df5ae1213c517cbf8dbb5c0a
xlsr_english,dmsuta,99,stage5ext_00397,3f0b866ee8d4499e4c0de09d34862acbb1ea0139f53bf7f1271a8648fb35d9a3a31272a8bc7af870e3b52bf7f4cb51ae512fa07df79663eaeafa30221c0b200b,South Asian English,south_asian,The band members decided to discontinue their mutual involvement.,the baron was decided to discontinue the nutual involloment,849dfba972db08f616755d222587d5742cd0cabfb46f00f8579954be7af47fae
xlsr_english,dmsuta,99,stage5ext_00398,3f0b866ee8d4499e4c0de09d34862acbb1ea0139f53bf7f1271a8648fb35d9a3a31272a8bc7af870e3b52bf7f4cb51ae512fa07df79663eaeafa30221c0b200b,South Asian English,south_asian,Highlights include a Gutenberg Bible and the Romanesque Lambeth Bible.,highlighten trup aguten workbirten and the romanus klambert fatl,849dfba972db08f616755d222587d5742cd0cabfb46f00f8579954be7af47fae
xlsr_english,dmsuta,99,stage5ext_00399,3f0b866ee8d4499e4c0de09d34862acbb1ea0139f53bf7f1271a8648fb35d9a3a31272a8bc7af870e3b52bf7f4cb51ae512fa07df79663eaeafa30221c0b200b,South Asian English,south_asian,"The parents return, in bandages, having survived the fire.",peytents wuton in bandages having survived the file,849dfba972db08f616755d222587d5742cd0cabfb46f00f8579954be7af47fae
xlsr_english,dmsuta,99,stage5ext_00400,3f0b866ee8d4499e4c0de09d34862acbb1ea0139f53bf7f1271a8648fb35d9a3a31272a8bc7af870e3b52bf7f4cb51ae512fa07df79663eaeafa30221c0b200b,South Asian English,south_asian,"After the show, Sewercap talked to Jughead about officially reuniting Screeching Weasel.",after the show so wook up talked to jackhead about offichele reuinacting screaching whisd,849dfba972db08f616755d222587d5742cd0cabfb46f00f8579954be7af47fae
xlsr_english,dmsuta,100,stage5ext_00401,3f0b866ee8d4499e4c0de09d34862acbb1ea0139f53bf7f1271a8648fb35d9a3a31272a8bc7af870e3b52bf7f4cb51ae512fa07df79663eaeafa30221c0b200b,South Asian English,south_asian,Harpur served in various capacities in the New York government during the American Revolution.,hopper served in various capacities in the new york government during the american revolution,7b7d9c3cca3d3546b14fdd27d273acba48d0b7988a068139887d9db1419f5095
xlsr_english,dmsuta,100,stage5ext_00402,3f0b866ee8d4499e4c0de09d34862acbb1ea0139f53bf7f1271a8648fb35d9a3a31272a8bc7af870e3b52bf7f4cb51ae512fa07df79663eaeafa30221c0b200b,South Asian English,south_asian,The program has won many awards for investigative journalism.,the programmers won many awards for investigative journalism,7b7d9c3cca3d3546b14fdd27d273acba48d0b7988a068139887d9db1419f5095
xlsr_english,dmsuta,100,stage5ext_00403,3f0b866ee8d4499e4c0de09d34862acbb1ea0139f53bf7f1271a8648fb35d9a3a31272a8bc7af870e3b52bf7f4cb51ae512fa07df79663eaeafa30221c0b200b,South Asian English,south_asian,Information about Boffo and its games can still be found on the site.,information about pofor and its games can still be found on the site,7b7d9c3cca3d3546b14fdd27d273acba48d0b7988a068139887d9db1419f5095
xlsr_english,dmsuta,100,stage5ext_00404,3f0b866ee8d4499e4c0de09d34862acbb1ea0139f53bf7f1271a8648fb35d9a3a31272a8bc7af870e3b52bf7f4cb51ae512fa07df79663eaeafa30221c0b200b,South Asian English,south_asian,"Forestkith Goblin: Nocturnal hunters, also known as kith.",forrested coplon nocturnal hunters also known as kit,7b7d9c3cca3d3546b14fdd27d273acba48d0b7988a068139887d9db1419f5095
xlsr_english,dmsuta,101,stage5ext_00405,3f0b866ee8d4499e4c0de09d34862acbb1ea0139f53bf7f1271a8648fb35d9a3a31272a8bc7af870e3b52bf7f4cb51ae512fa07df79663eaeafa30221c0b200b,South Asian English,south_asian,"Clearing facilities, security investments, cheques and overdraft protections were introduced.",clearing facilities security investments checks and overdal protections were introduced,504ab7b268b4c2a3949c21f975a905e086588788308521de2ea160497821bccd
xlsr_english,dmsuta,101,stage5ext_00406,73e8a395a2162293c7b4534d24818227a71f84f9f562d54db101f6576c15907499bf892f20f243b766b2da4de010cd4b697339df0b8c453740e425875c0eac05,South Asian English,south_asian,Each family is allowed one vote per each style of debate.,each family is allowed one word por each style of tebet,504ab7b268b4c2a3949c21f975a905e086588788308521de2ea160497821bccd
xlsr_english,dmsuta,101,stage5ext_00407,73e8a395a2162293c7b4534d24818227a71f84f9f562d54db101f6576c15907499bf892f20f243b766b2da4de010cd4b697339df0b8c453740e425875c0eac05,South Asian English,south_asian,Min varieties are not mutually intelligible with any other varieties of Chinese.,mean varieties are not mutually intelligible with any other varieties of chinese,504ab7b268b4c2a3949c21f975a905e086588788308521de2ea160497821bccd
xlsr_english,dmsuta,101,stage5ext_00408,73e8a395a2162293c7b4534d24818227a71f84f9f562d54db101f6576c15907499bf892f20f243b766b2da4de010cd4b697339df0b8c453740e425875c0eac05,South Asian English,south_asian,The sculptures on the pillars are truly beautiful.,the sculptures on the pillars are truly beautiful,504ab7b268b4c2a3949c21f975a905e086588788308521de2ea160497821bccd
xlsr_english,dmsuta,102,stage5ext_00409,73e8a395a2162293c7b4534d24818227a71f84f9f562d54db101f6576c15907499bf892f20f243b766b2da4de010cd4b697339df0b8c453740e425875c0eac05,South Asian English,south_asian,"Examples of non-vibrating objects are mallets, hammers, and sticks.",examples of non-vibrating objects are mallets hammers and sticks,d3e6655b29b36a7b0447cdc0e5566cb515e91e23c9107f81a381288ab767733b
xlsr_english,dmsuta,102,stage5ext_00410,73e8a395a2162293c7b4534d24818227a71f84f9f562d54db101f6576c15907499bf892f20f243b766b2da4de010cd4b697339df0b8c453740e425875c0eac05,South Asian English,south_asian,"You place your choice in a sealed envelope, which is opened after the game.",you place your choice in a sealed envelope which is opened after the game,d3e6655b29b36a7b0447cdc0e5566cb515e91e23c9107f81a381288ab767733b
xlsr_english,dmsuta,102,stage5ext_00411,73e8a395a2162293c7b4534d24818227a71f84f9f562d54db101f6576c15907499bf892f20f243b766b2da4de010cd4b697339df0b8c453740e425875c0eac05,South Asian English,south_asian,The first was Buddy Ryan.,the first bus-body ran,d3e6655b29b36a7b0447cdc0e5566cb515e91e23c9107f81a381288ab767733b
xlsr_english,dmsuta,102,stage5ext_00412,73e8a395a2162293c7b4534d24818227a71f84f9f562d54db101f6576c15907499bf892f20f243b766b2da4de010cd4b697339df0b8c453740e425875c0eac05,South Asian English,south_asian,"His playing style is aggressive and he has won many ""best game"" awards.",his playing style is aggressive and he has won many best game awards,d3e6655b29b36a7b0447cdc0e5566cb515e91e23c9107f81a381288ab767733b
xlsr_english,dmsuta,103,stage5ext_00413,73e8a395a2162293c7b4534d24818227a71f84f9f562d54db101f6576c15907499bf892f20f243b766b2da4de010cd4b697339df0b8c453740e425875c0eac05,South Asian English,south_asian,Their flight is weak.,their flight is weak,38e7d532f0e2fd46e2563f35ea043545a58f408a5fd4a1d83ebfad293d4674ca
xlsr_english,dmsuta,103,stage5ext_00414,73e8a395a2162293c7b4534d24818227a71f84f9f562d54db101f6576c15907499bf892f20f243b766b2da4de010cd4b697339df0b8c453740e425875c0eac05,South Asian English,south_asian,"In many cases however, they are quite functional.",in many cases however they are quite functional,38e7d532f0e2fd46e2563f35ea043545a58f408a5fd4a1d83ebfad293d4674ca
xlsr_english,dmsuta,103,stage5ext_00415,73e8a395a2162293c7b4534d24818227a71f84f9f562d54db101f6576c15907499bf892f20f243b766b2da4de010cd4b697339df0b8c453740e425875c0eac05,South Asian English,south_asian,Ward went on to win the general election.,ward went on to win the general election,38e7d532f0e2fd46e2563f35ea043545a58f408a5fd4a1d83ebfad293d4674ca
xlsr_english,dmsuta,103,stage5ext_00416,73e8a395a2162293c7b4534d24818227a71f84f9f562d54db101f6576c15907499bf892f20f243b766b2da4de010cd4b697339df0b8c453740e425875c0eac05,South Asian English,south_asian,He is now a Free Agent.,he is now a free agent,38e7d532f0e2fd46e2563f35ea043545a58f408a5fd4a1d83ebfad293d4674ca
xlsr_english,dmsuta,104,stage5ext_00417,73e8a395a2162293c7b4534d24818227a71f84f9f562d54db101f6576c15907499bf892f20f243b766b2da4de010cd4b697339df0b8c453740e425875c0eac05,South Asian English,south_asian,Her other sponsors include Subway and Boost Mobile.,her other sponsors include subway and boast mobile,41ca32b4acc2b273d495a2c82221e0691268c6f1819375948957557baa49d5b6
xlsr_english,dmsuta,104,stage5ext_00418,73e8a395a2162293c7b4534d24818227a71f84f9f562d54db101f6576c15907499bf892f20f243b766b2da4de010cd4b697339df0b8c453740e425875c0eac05,South Asian English,south_asian,I've never been asked to do one.,i've never been asked to do one,41ca32b4acc2b273d495a2c82221e0691268c6f1819375948957557baa49d5b6
xlsr_english,dmsuta,104,stage5ext_00419,73e8a395a2162293c7b4534d24818227a71f84f9f562d54db101f6576c15907499bf892f20f243b766b2da4de010cd4b697339df0b8c453740e425875c0eac05,South Asian English,south_asian,"Therefore, these schools are significantly divided in terms of both abilities and career aims.",therefore these coles are significantly divided in terms of both abilities and carier aims,41ca32b4acc2b273d495a2c82221e0691268c6f1819375948957557baa49d5b6
xlsr_english,dmsuta,104,stage5ext_00420,73e8a395a2162293c7b4534d24818227a71f84f9f562d54db101f6576c15907499bf892f20f243b766b2da4de010cd4b697339df0b8c453740e425875c0eac05,South Asian English,south_asian,The Ottoman village of Mulebbis appears at this site on the British survey map.,the ottoman village of mulebys appears at this site on the british herway map,41ca32b4acc2b273d495a2c82221e0691268c6f1819375948957557baa49d5b6
xlsr_english,dmsuta,105,stage5ext_00421,ea49524d52bc56b865f1207ba65e9a5c30cab647b575ba84d0332c740de52bef6922ee19c49e44db615889cbabebbfa52440b31858fac8660d5e97eb4593687f,South Asian English,south_asian,Do you have Hugo's phone number?,do you have heu got spon number,36c1b8a6397fcfa3c16fa401fb45d86de8cf25475653698395b2d6b9467ffc0b
xlsr_english,dmsuta,105,stage5ext_00422,ea49524d52bc56b865f1207ba65e9a5c30cab647b575ba84d0332c740de52bef6922ee19c49e44db615889cbabebbfa52440b31858fac8660d5e97eb4593687f,South Asian English,south_asian,"In the United States, we use paper bags for shopping.",in the united states we use paper-back por shopping,36c1b8a6397fcfa3c16fa401fb45d86de8cf25475653698395b2d6b9467ffc0b
xlsr_english,dmsuta,105,stage5ext_00423,ea49524d52bc56b865f1207ba65e9a5c30cab647b575ba84d0332c740de52bef6922ee19c49e44db615889cbabebbfa52440b31858fac8660d5e97eb4593687f,South Asian English,south_asian,"Olivia, have you seen my keys?",olivia have you seen my keids,36c1b8a6397fcfa3c16fa401fb45d86de8cf25475653698395b2d6b9467ffc0b
xlsr_english,dmsuta,105,stage5ext_00424,ea49524d52bc56b865f1207ba65e9a5c30cab647b575ba84d0332c740de52bef6922ee19c49e44db615889cbabebbfa52440b31858fac8660d5e97eb4593687f,South Asian English,south_asian,Someone set fire to the trash.,some one set fire to the trash,36c1b8a6397fcfa3c16fa401fb45d86de8cf25475653698395b2d6b9467ffc0b
xlsr_english,dmsuta,106,stage5ext_00425,ea49524d52bc56b865f1207ba65e9a5c30cab647b575ba84d0332c740de52bef6922ee19c49e44db615889cbabebbfa52440b31858fac8660d5e97eb4593687f,South Asian English,south_asian,Angela wanted to copy everything he had done.,angela wanted to copy everything he had done,76630fcb6669cb1205ecc9b14a33534e4ed8e5460e82cf3a0d914393e0b74d7c
xlsr_english,dmsuta,106,stage5ext_00426,ea49524d52bc56b865f1207ba65e9a5c30cab647b575ba84d0332c740de52bef6922ee19c49e44db615889cbabebbfa52440b31858fac8660d5e97eb4593687f,South Asian English,south_asian,Good playgrounds have much more to offer than swings and slides.,good playgrounds have much more to offer than swings and slides,76630fcb6669cb1205ecc9b14a33534e4ed8e5460e82cf3a0d914393e0b74d7c
xlsr_english,dmsuta,106,stage5ext_00427,ea49524d52bc56b865f1207ba65e9a5c30cab647b575ba84d0332c740de52bef6922ee19c49e44db615889cbabebbfa52440b31858fac8660d5e97eb4593687f,South Asian English,south_asian,What does it all mean?,what does it all mean,76630fcb6669cb1205ecc9b14a33534e4ed8e5460e82cf3a0d914393e0b74d7c
xlsr_english,dmsuta,106,stage5ext_00428,ea49524d52bc56b865f1207ba65e9a5c30cab647b575ba84d0332c740de52bef6922ee19c49e44db615889cbabebbfa52440b31858fac8660d5e97eb4593687f,South Asian English,south_asian,A musical composition for seven instruments,a musical composition for seven instruments,76630fcb6669cb1205ecc9b14a33534e4ed8e5460e82cf3a0d914393e0b74d7c
xlsr_english,dmsuta,107,stage5ext_00429,ea49524d52bc56b865f1207ba65e9a5c30cab647b575ba84d0332c740de52bef6922ee19c49e44db615889cbabebbfa52440b31858fac8660d5e97eb4593687f,South Asian English,south_asian,Temper is so good a thing that we should never lose it.,temper is so good a think that we should never lose it,a871dad7380c0ce7c761aa1afd598ea587226cdd399fecb18f064aebf36cc19d
xlsr_english,dmsuta,107,stage5ext_00430,ea49524d52bc56b865f1207ba65e9a5c30cab647b575ba84d0332c740de52bef6922ee19c49e44db615889cbabebbfa52440b31858fac8660d5e97eb4593687f,South Asian English,south_asian,She has a smart way of wearing clothes.,she has a smart way op wearing clothes,a871dad7380c0ce7c761aa1afd598ea587226cdd399fecb18f064aebf36cc19d
xlsr_english,dmsuta,107,stage5ext_00431,ea49524d52bc56b865f1207ba65e9a5c30cab647b575ba84d0332c740de52bef6922ee19c49e44db615889cbabebbfa52440b31858fac8660d5e97eb4593687f,South Asian English,south_asian,They have prejudices against foreigners.,they help re-judices against foreignars,a871dad7380c0ce7c761aa1afd598ea587226cdd399fecb18f064aebf36cc19d
xlsr_english,dmsuta,107,stage5ext_00432,ea49524d52bc56b865f1207ba65e9a5c30cab647b575ba84d0332c740de52bef6922ee19c49e44db615889cbabebbfa52440b31858fac8660d5e97eb4593687f,South Asian English,south_asian,He has enough who is content.,he has enough who is content,a871dad7380c0ce7c761aa1afd598ea587226cdd399fecb18f064aebf36cc19d
xlsr_english,dmsuta,108,stage5ext_00433,ea49524d52bc56b865f1207ba65e9a5c30cab647b575ba84d0332c740de52bef6922ee19c49e44db615889cbabebbfa52440b31858fac8660d5e97eb4593687f,South Asian English,south_asian,The toilet needed cleaning.,the toilet needed cleaning,ab4c623f1ac17878c34fa8f8ca4b13f39f1a8197e06f8c19448ff0e51089af6c
xlsr_english,dmsuta,108,stage5ext_00434,ea49524d52bc56b865f1207ba65e9a5c30cab647b575ba84d0332c740de52bef6922ee19c49e44db615889cbabebbfa52440b31858fac8660d5e97eb4593687f,South Asian English,south_asian,There's no accounting for tastes,there is no accounting for tests,ab4c623f1ac17878c34fa8f8ca4b13f39f1a8197e06f8c19448ff0e51089af6c
xlsr_english,dmsuta,108,stage5ext_00435,ea49524d52bc56b865f1207ba65e9a5c30cab647b575ba84d0332c740de52bef6922ee19c49e44db615889cbabebbfa52440b31858fac8660d5e97eb4593687f,South Asian English,south_asian,"Yours sincerely, Satan.",yours sincerely set on,ab4c623f1ac17878c34fa8f8ca4b13f39f1a8197e06f8c19448ff0e51089af6c
xlsr_english,dmsuta,108,stage5ext_00436,6df207be7ccedf5176284312e3017cd9d7ddb990efbd395e8e8d1a4f2aca4eac93a420f82a1b88c2cc4a7728b9bfb612cdbeccdb6bb50e3f1aec155e5603f59f,South Asian English,south_asian,Ogilvy watched till one and then gave up.,ow will we watch till one and then gerup,ab4c623f1ac17878c34fa8f8ca4b13f39f1a8197e06f8c19448ff0e51089af6c
xlsr_english,dmsuta,109,stage5ext_00437,6df207be7ccedf5176284312e3017cd9d7ddb990efbd395e8e8d1a4f2aca4eac93a420f82a1b88c2cc4a7728b9bfb612cdbeccdb6bb50e3f1aec155e5603f59f,South Asian English,south_asian,The desert didn't answer him for a few moments.,the desert didn't answer him for a few moments,eda798d458caad50b5307f3095d5236f072344f09c51e4a389cb38a8743f05ed
xlsr_english,dmsuta,109,stage5ext_00438,6df207be7ccedf5176284312e3017cd9d7ddb990efbd395e8e8d1a4f2aca4eac93a420f82a1b88c2cc4a7728b9bfb612cdbeccdb6bb50e3f1aec155e5603f59f,South Asian English,south_asian,Once again he was experiencing the language without words...,once again he was experiencing the language withult words,eda798d458caad50b5307f3095d5236f072344f09c51e4a389cb38a8743f05ed
xlsr_english,dmsuta,109,stage5ext_00439,6df207be7ccedf5176284312e3017cd9d7ddb990efbd395e8e8d1a4f2aca4eac93a420f82a1b88c2cc4a7728b9bfb612cdbeccdb6bb50e3f1aec155e5603f59f,South Asian English,south_asian,"The sheep will get used to my not being there, too, the boy thought.",the sheep would get use to my knock being there too the boy thought,eda798d458caad50b5307f3095d5236f072344f09c51e4a389cb38a8743f05ed
xlsr_english,dmsuta,109,stage5ext_00440,6df207be7ccedf5176284312e3017cd9d7ddb990efbd395e8e8d1a4f2aca4eac93a420f82a1b88c2cc4a7728b9bfb612cdbeccdb6bb50e3f1aec155e5603f59f,South Asian English,south_asian,Everything you need to know you have learned through your journey.,everything you need to know you have learned fror your journey,eda798d458caad50b5307f3095d5236f072344f09c51e4a389cb38a8743f05ed
xlsr_english,dmsuta,110,stage5ext_00441,6df207be7ccedf5176284312e3017cd9d7ddb990efbd395e8e8d1a4f2aca4eac93a420f82a1b88c2cc4a7728b9bfb612cdbeccdb6bb50e3f1aec155e5603f59f,South Asian English,south_asian,"You and I aren't like Hassan, that rich merchant.",you and i aren't like husson that rich merchent,04e546b107d8dbe331ca1d9cdc80b57c763bb8926aac860d0d3a6ed1cef55d80
xlsr_english,dmsuta,110,stage5ext_00442,6df207be7ccedf5176284312e3017cd9d7ddb990efbd395e8e8d1a4f2aca4eac93a420f82a1b88c2cc4a7728b9bfb612cdbeccdb6bb50e3f1aec155e5603f59f,South Asian English,south_asian,But they really don't know what they're saying.,but they really don't know what theyare saying,04e546b107d8dbe331ca1d9cdc80b57c763bb8926aac860d0d3a6ed1cef55d80
xlsr_english,dmsuta,110,stage5ext_00443,6df207be7ccedf5176284312e3017cd9d7ddb990efbd395e8e8d1a4f2aca4eac93a420f82a1b88c2cc4a7728b9bfb612cdbeccdb6bb50e3f1aec155e5603f59f,South Asian English,south_asian,The boy remembered an old proverb from his country.,the boy remembered an old problem from his country,04e546b107d8dbe331ca1d9cdc80b57c763bb8926aac860d0d3a6ed1cef55d80
xlsr_english,dmsuta,110,stage5ext_00444,6df207be7ccedf5176284312e3017cd9d7ddb990efbd395e8e8d1a4f2aca4eac93a420f82a1b88c2cc4a7728b9bfb612cdbeccdb6bb50e3f1aec155e5603f59f,South Asian English,south_asian,Henderson stood up with a spade in his hand.,henderson stood up with a spede in his hand,04e546b107d8dbe331ca1d9cdc80b57c763bb8926aac860d0d3a6ed1cef55d80
xlsr_english,dmsuta,111,stage5ext_00445,6df207be7ccedf5176284312e3017cd9d7ddb990efbd395e8e8d1a4f2aca4eac93a420f82a1b88c2cc4a7728b9bfb612cdbeccdb6bb50e3f1aec155e5603f59f,South Asian English,south_asian,"The alchemists spent years in their laboratories, observing the fire that purified the metals.",the alchemists spent years in their laboratories observing the fire that purified the metals,6cb233c7dfac6676b594ba239f55cb7b67712abb287a9eb6793168a55f9765ee
xlsr_english,dmsuta,111,stage5ext_00446,6df207be7ccedf5176284312e3017cd9d7ddb990efbd395e8e8d1a4f2aca4eac93a420f82a1b88c2cc4a7728b9bfb612cdbeccdb6bb50e3f1aec155e5603f59f,South Asian English,south_asian,His eyes filled with tears as he spoke of the Prophet.,his eyes filled with tears as he spoke of the prophet,6cb233c7dfac6676b594ba239f55cb7b67712abb287a9eb6793168a55f9765ee
xlsr_english,dmsuta,111,stage5ext_00447,6df207be7ccedf5176284312e3017cd9d7ddb990efbd395e8e8d1a4f2aca4eac93a420f82a1b88c2cc4a7728b9bfb612cdbeccdb6bb50e3f1aec155e5603f59f,South Asian English,south_asian,"Maybe the alchemist has never been in love, the boy thought.",maybe the alchemist has never been in love the boy thought,6cb233c7dfac6676b594ba239f55cb7b67712abb287a9eb6793168a55f9765ee
xlsr_english,dmsuta,111,stage5ext_00448,6df207be7ccedf5176284312e3017cd9d7ddb990efbd395e8e8d1a4f2aca4eac93a420f82a1b88c2cc4a7728b9bfb612cdbeccdb6bb50e3f1aec155e5603f59f,South Asian English,south_asian,"He dressed in his Arabian clothing of white linen, bought especially for this day.",he dressed in his arabean clothing on white linen bought especially fhotesty,6cb233c7dfac6676b594ba239f55cb7b67712abb287a9eb6793168a55f9765ee
xlsr_english,dmsuta,112,stage5ext_00449,6df207be7ccedf5176284312e3017cd9d7ddb990efbd395e8e8d1a4f2aca4eac93a420f82a1b88c2cc4a7728b9bfb612cdbeccdb6bb50e3f1aec155e5603f59f,South Asian English,south_asian,I don't want anything for myself.,i don't want anything for myselling,bf5cb9fd140453ec95a3029a3413ef9f618fd764141e4e4ff6236fdceaf7c18f
xlsr_english,dmsuta,112,stage5ext_00450,6df207be7ccedf5176284312e3017cd9d7ddb990efbd395e8e8d1a4f2aca4eac93a420f82a1b88c2cc4a7728b9bfb612cdbeccdb6bb50e3f1aec155e5603f59f,South Asian English,south_asian,"An hour later, he had before him a chest of Spanish gold coins.",an hour later he had before hem a chest of spanish cot coins,bf5cb9fd140453ec95a3029a3413ef9f618fd764141e4e4ff6236fdceaf7c18f
xlsr_english,dmsuta,112,stage5ext_00451,0e60a578941d41849394691c611be044c19753d68b3dc6ca38dd1526016c9536219350c8aa1d6c0b974bc68c24592c39030a094ed6223399ab873f93e6a457a2,Australian English,australia,He surveyed the land near Fairbanks and started the Fairbanks Experiment Farm.,he surveyed the land near fairbanks and started the fairbanks experiment farm,bf5cb9fd140453ec95a3029a3413ef9f618fd764141e4e4ff6236fdceaf7c18f
xlsr_english,dmsuta,112,stage5ext_00452,0e60a578941d41849394691c611be044c19753d68b3dc6ca38dd1526016c9536219350c8aa1d6c0b974bc68c24592c39030a094ed6223399ab873f93e6a457a2,Australian English,australia,"These sites are equipped with firewood, pit privies, picnic tables and food storage containers.",these sites are equipped with firewood pit privies picnic tables and food storage containers,bf5cb9fd140453ec95a3029a3413ef9f618fd764141e4e4ff6236fdceaf7c18f
xlsr_english,dmsuta,113,stage5ext_00453,0e60a578941d41849394691c611be044c19753d68b3dc6ca38dd1526016c9536219350c8aa1d6c0b974bc68c24592c39030a094ed6223399ab873f93e6a457a2,Australian English,australia,He was second billed at the Earls Court Music festival with Jay-Z.,he was second billed at the earl court music festival with jayz,155f55c50e45f6ea674e03cd88a801b3e8944f67c2573d498d3aa088d902a7d2
xlsr_english,dmsuta,113,stage5ext_00454,0e60a578941d41849394691c611be044c19753d68b3dc6ca38dd1526016c9536219350c8aa1d6c0b974bc68c24592c39030a094ed6223399ab873f93e6a457a2,Australian English,australia,"As a result, most of the buildings are older, and are often walk-up apartments.",as a result most of the buildings are older and are often walk-up apartments,155f55c50e45f6ea674e03cd88a801b3e8944f67c2573d498d3aa088d902a7d2
xlsr_english,dmsuta,113,stage5ext_00455,0e60a578941d41849394691c611be044c19753d68b3dc6ca38dd1526016c9536219350c8aa1d6c0b974bc68c24592c39030a094ed6223399ab873f93e6a457a2,Australian English,australia,"His credits include episodes of ""The Twilight Zone"" and ""The Alfred Hitchcock Hour"".",his credits include episodes of the twilight zone and the alfred hitchcock hour,155f55c50e45f6ea674e03cd88a801b3e8944f67c2573d498d3aa088d902a7d2
xlsr_english,dmsuta,113,stage5ext_00456,0e60a578941d41849394691c611be044c19753d68b3dc6ca38dd1526016c9536219350c8aa1d6c0b974bc68c24592c39030a094ed6223399ab873f93e6a457a2,Australian English,australia,The party aligned itself with the Comintern.,the party aligned itself with the comintern,155f55c50e45f6ea674e03cd88a801b3e8944f67c2573d498d3aa088d902a7d2
xlsr_english,dmsuta,114,stage5ext_00457,0e60a578941d41849394691c611be044c19753d68b3dc6ca38dd1526016c9536219350c8aa1d6c0b974bc68c24592c39030a094ed6223399ab873f93e6a457a2,Australian English,australia,"On one occasion, Suetonius writes, Vespasian was pelted with turnips.",on one occasion sutonius writes vespasian was pelted with turnips,4a1f04847514822afc416d280d65c81c54fff0985ccbd64b6cc7b4e1962c10ae
xlsr_english,dmsuta,114,stage5ext_00458,0e60a578941d41849394691c611be044c19753d68b3dc6ca38dd1526016c9536219350c8aa1d6c0b974bc68c24592c39030a094ed6223399ab873f93e6a457a2,Australian English,australia,"She felt that modern society had ""blunted"" children.",she felt that modern society had blunted children,4a1f04847514822afc416d280d65c81c54fff0985ccbd64b6cc7b4e1962c10ae
xlsr_english,dmsuta,114,stage5ext_00459,0e60a578941d41849394691c611be044c19753d68b3dc6ca38dd1526016c9536219350c8aa1d6c0b974bc68c24592c39030a094ed6223399ab873f93e6a457a2,Australian English,australia,Those in Thailand live close to the Hmong and northern Thai.,those in thailand live close to the hmong and northern thai,4a1f04847514822afc416d280d65c81c54fff0985ccbd64b6cc7b4e1962c10ae
xlsr_english,dmsuta,114,stage5ext_00460,0e60a578941d41849394691c611be044c19753d68b3dc6ca38dd1526016c9536219350c8aa1d6c0b974bc68c24592c39030a094ed6223399ab873f93e6a457a2,Australian English,australia,His competitive debut followed a few days later.,his competitive debut followed a few days later,4a1f04847514822afc416d280d65c81c54fff0985ccbd64b6cc7b4e1962c10ae
xlsr_english,dmsuta,115,stage5ext_00461,0e60a578941d41849394691c611be044c19753d68b3dc6ca38dd1526016c9536219350c8aa1d6c0b974bc68c24592c39030a094ed6223399ab873f93e6a457a2,Australian English,australia,It is headquartered in Dubna in the Moscow Oblast.,it is headquartered in dubna in the moscow oblast,072b623f3551ab3bb3fd0d688dc3ded791e79c9749bf31c723755251ec20c91b
xlsr_english,dmsuta,115,stage5ext_00462,0e60a578941d41849394691c611be044c19753d68b3dc6ca38dd1526016c9536219350c8aa1d6c0b974bc68c24592c39030a094ed6223399ab873f93e6a457a2,Australian English,australia,Upon surrender the tribe was expelled.,upon surrender the tribe was expelled,072b623f3551ab3bb3fd0d688dc3ded791e79c9749bf31c723755251ec20c91b
xlsr_english,dmsuta,115,stage5ext_00463,0e60a578941d41849394691c611be044c19753d68b3dc6ca38dd1526016c9536219350c8aa1d6c0b974bc68c24592c39030a094ed6223399ab873f93e6a457a2,Australian English,australia,His skills in what we now characterize as guerrilla warfare were justly famous.,his skills in what we now characterize as guerrilla warfare were justly famous,072b623f3551ab3bb3fd0d688dc3ded791e79c9749bf31c723755251ec20c91b
xlsr_english,dmsuta,115,stage5ext_00464,0e60a578941d41849394691c611be044c19753d68b3dc6ca38dd1526016c9536219350c8aa1d6c0b974bc68c24592c39030a094ed6223399ab873f93e6a457a2,Australian English,australia,Donald C. Owens.,donald c owens,072b623f3551ab3bb3fd0d688dc3ded791e79c9749bf31c723755251ec20c91b
xlsr_english,dmsuta,116,stage5ext_00465,0e60a578941d41849394691c611be044c19753d68b3dc6ca38dd1526016c9536219350c8aa1d6c0b974bc68c24592c39030a094ed6223399ab873f93e6a457a2,Australian English,australia,Most of operating surplus will normally consist of gross profit income.,most of operating surplus will normally consist of growth profit income,503a1086ac2b4f300ffaee8aa013e5c259e38b31dd667fc98176b7f56c882fa1
xlsr_english,dmsuta,116,stage5ext_00466,6a6b32832defa516dce6922d2300294d6e7f670b8f867ed3f8f7e291df5150f55cde5ad06e44e4d126e3687b818fe5f23e70a1cd189217bc55d1f9f21ced88e0,Australian English,australia,"These delineations, however, are not definitive.",these delineations however are not definitive,503a1086ac2b4f300ffaee8aa013e5c259e38b31dd667fc98176b7f56c882fa1
xlsr_english,dmsuta,116,stage5ext_00467,6a6b32832defa516dce6922d2300294d6e7f670b8f867ed3f8f7e291df5150f55cde5ad06e44e4d126e3687b818fe5f23e70a1cd189217bc55d1f9f21ced88e0,Australian English,australia,"When he returned to Canada the following year, he had gained few supplies.",when he returned to canada the following year he had gained few supplies,503a1086ac2b4f300ffaee8aa013e5c259e38b31dd667fc98176b7f56c882fa1
xlsr_english,dmsuta,116,stage5ext_00468,6a6b32832defa516dce6922d2300294d6e7f670b8f867ed3f8f7e291df5150f55cde5ad06e44e4d126e3687b818fe5f23e70a1cd189217bc55d1f9f21ced88e0,Australian English,australia,Eos published the third edition of Nobilis and a supplement.,eos published the third edition of nobilus and a supplement,503a1086ac2b4f300ffaee8aa013e5c259e38b31dd667fc98176b7f56c882fa1
xlsr_english,dmsuta,117,stage5ext_00469,6a6b32832defa516dce6922d2300294d6e7f670b8f867ed3f8f7e291df5150f55cde5ad06e44e4d126e3687b818fe5f23e70a1cd189217bc55d1f9f21ced88e0,Australian English,australia,This prevents damage to the optics in the amplifier.,this prevents damage to the optics and the amplifhi,e720456fda7515a304fbf8705a8418054976250648a60284c6f8d8f3c5da736a
xlsr_english,dmsuta,117,stage5ext_00470,6a6b32832defa516dce6922d2300294d6e7f670b8f867ed3f8f7e291df5150f55cde5ad06e44e4d126e3687b818fe5f23e70a1cd189217bc55d1f9f21ced88e0,Australian English,australia,"Prince's Park also influenced its near neighbour, Sefton Park.",princes park also influenced its near neighbour section park,e720456fda7515a304fbf8705a8418054976250648a60284c6f8d8f3c5da736a
xlsr_english,dmsuta,117,stage5ext_00471,6a6b32832defa516dce6922d2300294d6e7f670b8f867ed3f8f7e291df5150f55cde5ad06e44e4d126e3687b818fe5f23e70a1cd189217bc55d1f9f21ced88e0,Australian English,australia,The location is a primary advantage of the faculty.,the location is a primary advantage of the faculty,e720456fda7515a304fbf8705a8418054976250648a60284c6f8d8f3c5da736a
xlsr_english,dmsuta,117,stage5ext_00472,6a6b32832defa516dce6922d2300294d6e7f670b8f867ed3f8f7e291df5150f55cde5ad06e44e4d126e3687b818fe5f23e70a1cd189217bc55d1f9f21ced88e0,Australian English,australia,The caps are placed behind the casing.,the caps are placed behind the casing,e720456fda7515a304fbf8705a8418054976250648a60284c6f8d8f3c5da736a
xlsr_english,dmsuta,118,stage5ext_00473,6a6b32832defa516dce6922d2300294d6e7f670b8f867ed3f8f7e291df5150f55cde5ad06e44e4d126e3687b818fe5f23e70a1cd189217bc55d1f9f21ced88e0,Australian English,australia,It falls within the old copper quarter of Landore electoral ward.,it falls within the old copper quarter of landor elector award,500bdd167c19b323d7511936d357cc2e1bfd7681058e246d67d30421dc7e9b58
xlsr_english,dmsuta,118,stage5ext_00474,6a6b32832defa516dce6922d2300294d6e7f670b8f867ed3f8f7e291df5150f55cde5ad06e44e4d126e3687b818fe5f23e70a1cd189217bc55d1f9f21ced88e0,Australian English,australia,It was merged into the existing Billund municipality.,it was merged into the existing billand municipality,500bdd167c19b323d7511936d357cc2e1bfd7681058e246d67d30421dc7e9b58
xlsr_english,dmsuta,118,stage5ext_00475,6a6b32832defa516dce6922d2300294d6e7f670b8f867ed3f8f7e291df5150f55cde5ad06e44e4d126e3687b818fe5f23e70a1cd189217bc55d1f9f21ced88e0,Australian English,australia,"Rossi is married, with four children, and lives in Sammamish, Washington.",rossie is married with four children and lives in samamich washington,500bdd167c19b323d7511936d357cc2e1bfd7681058e246d67d30421dc7e9b58
xlsr_english,dmsuta,118,stage5ext_00476,6a6b32832defa516dce6922d2300294d6e7f670b8f867ed3f8f7e291df5150f55cde5ad06e44e4d126e3687b818fe5f23e70a1cd189217bc55d1f9f21ced88e0,Australian English,australia,It is a peaceful place nestled in greenery.,it is a peaceful place nestled in greenery,500bdd167c19b323d7511936d357cc2e1bfd7681058e246d67d30421dc7e9b58
xlsr_english,dmsuta,119,stage5ext_00477,6a6b32832defa516dce6922d2300294d6e7f670b8f867ed3f8f7e291df5150f55cde5ad06e44e4d126e3687b818fe5f23e70a1cd189217bc55d1f9f21ced88e0,Australian English,australia,During the fighting the Saint-Quentin collegiate church was badly damaged by fire.,during the fighting the saint quenton collegeachurch was badly damaged by fire,2f1e33db67e520eb187f1818844118b54a5feed5e8bedb17dda6c0bd21172c16
xlsr_english,dmsuta,119,stage5ext_00478,6a6b32832defa516dce6922d2300294d6e7f670b8f867ed3f8f7e291df5150f55cde5ad06e44e4d126e3687b818fe5f23e70a1cd189217bc55d1f9f21ced88e0,Australian English,australia,Further salvage effort was abandoned.,further savage effort was abandoned,2f1e33db67e520eb187f1818844118b54a5feed5e8bedb17dda6c0bd21172c16
xlsr_english,dmsuta,119,stage5ext_00479,6a6b32832defa516dce6922d2300294d6e7f670b8f867ed3f8f7e291df5150f55cde5ad06e44e4d126e3687b818fe5f23e70a1cd189217bc55d1f9f21ced88e0,Australian English,australia,Its lean flesh makes for a unique flavor that differs from species to species.,its lane flesh makes for unique flavor that differs from species to species,2f1e33db67e520eb187f1818844118b54a5feed5e8bedb17dda6c0bd21172c16
xlsr_english,dmsuta,119,stage5ext_00480,6a6b32832defa516dce6922d2300294d6e7f670b8f867ed3f8f7e291df5150f55cde5ad06e44e4d126e3687b818fe5f23e70a1cd189217bc55d1f9f21ced88e0,Australian English,australia,"Multiplexers, decoders, state machines, and other sophisticated digital devices may use inverters.",multiplexes decoders state machines and other sophisticated digital devices may use in verters,2f1e33db67e520eb187f1818844118b54a5feed5e8bedb17dda6c0bd21172c16
xlsr_english,dmsuta,120,stage5ext_00481,80e5fdd0808bbda9d695c743b5046c81739538d8398f2686fe4b36ca71f055a7cc8e5445f4ac8e41bbbe09c9f01ad6e6bf9e083ec42a8d15655c1b76825dce57,Australian English,australia,"The regiment is introduced as Britain's first ""Kamikaze Regiment"".",the regiment is introduced as britain's first kamakazi regimen,6bb492c6bfa5b6b9ea8523eeba2189fc2b8dc9fecf3e49cc7680c5c55c0b8700
xlsr_english,dmsuta,120,stage5ext_00482,80e5fdd0808bbda9d695c743b5046c81739538d8398f2686fe4b36ca71f055a7cc8e5445f4ac8e41bbbe09c9f01ad6e6bf9e083ec42a8d15655c1b76825dce57,Australian English,australia,"“Yet you always make me like it,” he said.",yet you always make me like it he said,6bb492c6bfa5b6b9ea8523eeba2189fc2b8dc9fecf3e49cc7680c5c55c0b8700
xlsr_english,dmsuta,120,stage5ext_00483,80e5fdd0808bbda9d695c743b5046c81739538d8398f2686fe4b36ca71f055a7cc8e5445f4ac8e41bbbe09c9f01ad6e6bf9e083ec42a8d15655c1b76825dce57,Australian English,australia,The parties were ordered to electronically submit briefs to make their case.,the parties were ordered to electronically submit briefs to make their case,6bb492c6bfa5b6b9ea8523eeba2189fc2b8dc9fecf3e49cc7680c5c55c0b8700
xlsr_english,dmsuta,120,stage5ext_00484,80e5fdd0808bbda9d695c743b5046c81739538d8398f2686fe4b36ca71f055a7cc8e5445f4ac8e41bbbe09c9f01ad6e6bf9e083ec42a8d15655c1b76825dce57,Australian English,australia,Conceptual discussions also revolve around a precise definition of action in philosophy.,conceptual discussions also evolve around a precise definition of action in philosophy,6bb492c6bfa5b6b9ea8523eeba2189fc2b8dc9fecf3e49cc7680c5c55c0b8700
xlsr_english,dmsuta,121,stage5ext_00485,80e5fdd0808bbda9d695c743b5046c81739538d8398f2686fe4b36ca71f055a7cc8e5445f4ac8e41bbbe09c9f01ad6e6bf9e083ec42a8d15655c1b76825dce57,Australian English,australia,John Wyndham's many short stories also appear with later variant titles or pen names.,john weinhem's many short stories also appear with later varant titles or pin names,8c63abd289225537aa71003ae57d57adbc73440fa225a392911c3ceab54f25d7
xlsr_english,dmsuta,121,stage5ext_00486,80e5fdd0808bbda9d695c743b5046c81739538d8398f2686fe4b36ca71f055a7cc8e5445f4ac8e41bbbe09c9f01ad6e6bf9e083ec42a8d15655c1b76825dce57,Australian English,australia,"I had an apartment; Jim was, like, ""He's the Boss"".",i had an apartment jim was like he's a boss,8c63abd289225537aa71003ae57d57adbc73440fa225a392911c3ceab54f25d7
xlsr_english,dmsuta,121,stage5ext_00487,80e5fdd0808bbda9d695c743b5046c81739538d8398f2686fe4b36ca71f055a7cc8e5445f4ac8e41bbbe09c9f01ad6e6bf9e083ec42a8d15655c1b76825dce57,Australian English,australia,"The show theme music is a customised version of Barry Manilow's ""Copacabana"".",the showtheme music is a customized version of barry manlo's cuper cabana,8c63abd289225537aa71003ae57d57adbc73440fa225a392911c3ceab54f25d7
xlsr_english,dmsuta,121,stage5ext_00488,80e5fdd0808bbda9d695c743b5046c81739538d8398f2686fe4b36ca71f055a7cc8e5445f4ac8e41bbbe09c9f01ad6e6bf9e083ec42a8d15655c1b76825dce57,Australian English,australia,Especially noteworthy were the early and late paintings.,especially noteworthy were the early and late paintings,8c63abd289225537aa71003ae57d57adbc73440fa225a392911c3ceab54f25d7
xlsr_english,dmsuta,122,stage5ext_00489,80e5fdd0808bbda9d695c743b5046c81739538d8398f2686fe4b36ca71f055a7cc8e5445f4ac8e41bbbe09c9f01ad6e6bf9e083ec42a8d15655c1b76825dce57,Australian English,australia,"Gavin Smith would later join the team, making it a three-car Vauxhall effort.",gavin smith would later join the team making it a three-car voxel effort,ad9564c4a23569aa31aa07514dba90116fc1dad5b95f2b9a5f30607942ec6c22
xlsr_english,dmsuta,122,stage5ext_00490,80e5fdd0808bbda9d695c743b5046c81739538d8398f2686fe4b36ca71f055a7cc8e5445f4ac8e41bbbe09c9f01ad6e6bf9e083ec42a8d15655c1b76825dce57,Australian English,australia,"His siblings included Key Pittman, a longtime United States Senator from Nevada.",his siblings included key pitman a longtime united states senator from nevada,ad9564c4a23569aa31aa07514dba90116fc1dad5b95f2b9a5f30607942ec6c22
xlsr_english,dmsuta,122,stage5ext_00491,80e5fdd0808bbda9d695c743b5046c81739538d8398f2686fe4b36ca71f055a7cc8e5445f4ac8e41bbbe09c9f01ad6e6bf9e083ec42a8d15655c1b76825dce57,Australian English,australia,"The ""Dragon Empire"" is an empire ruled by the ten houses of dragons.",the dragon empire is an empire rolled by the ten houses of dragons,ad9564c4a23569aa31aa07514dba90116fc1dad5b95f2b9a5f30607942ec6c22
xlsr_english,dmsuta,122,stage5ext_00492,80e5fdd0808bbda9d695c743b5046c81739538d8398f2686fe4b36ca71f055a7cc8e5445f4ac8e41bbbe09c9f01ad6e6bf9e083ec42a8d15655c1b76825dce57,Australian English,australia,Gounki is played on an eight-by-eight square.,genky is played on eight by eight square,ad9564c4a23569aa31aa07514dba90116fc1dad5b95f2b9a5f30607942ec6c22
xlsr_english,dmsuta,123,stage5ext_00493,80e5fdd0808bbda9d695c743b5046c81739538d8398f2686fe4b36ca71f055a7cc8e5445f4ac8e41bbbe09c9f01ad6e6bf9e083ec42a8d15655c1b76825dce57,Australian English,australia,He founded a series of hospitals in Constantinople to care for the poor.,he founded a series of hospitals in constantinople to care for the poor,5fd7da6c36e728f425042d534404ad3096fe49bb67f9091633c612d241f71213
xlsr_english,dmsuta,123,stage5ext_00494,80e5fdd0808bbda9d695c743b5046c81739538d8398f2686fe4b36ca71f055a7cc8e5445f4ac8e41bbbe09c9f01ad6e6bf9e083ec42a8d15655c1b76825dce57,Australian English,australia,His guitar compositions are being recorded and performed by an ever-increasing number of guitarists.,his guitar compositions are being recorded and performed by an ever increasing number of guitarists,5fd7da6c36e728f425042d534404ad3096fe49bb67f9091633c612d241f71213
xlsr_english,dmsuta,123,stage5ext_00495,80e5fdd0808bbda9d695c743b5046c81739538d8398f2686fe4b36ca71f055a7cc8e5445f4ac8e41bbbe09c9f01ad6e6bf9e083ec42a8d15655c1b76825dce57,Australian English,australia,He taught at Stockport Grammar School.,he taught at stockport grammar school,5fd7da6c36e728f425042d534404ad3096fe49bb67f9091633c612d241f71213
xlsr_english,dmsuta,123,stage5ext_00496,1a03eae3701811654fd562b997c8a474b9db15da01b2c3dbe82487ef0476080aff1930c0b286ebae981fe42447c3f5ef27480999934b5bbbb8e1410266aca125,Australian English,australia,"But, if you can, try to make your own decisions.",but if you can try to make your own decisions,5fd7da6c36e728f425042d534404ad3096fe49bb67f9091633c612d241f71213
xlsr_english,dmsuta,124,stage5ext_00497,1a03eae3701811654fd562b997c8a474b9db15da01b2c3dbe82487ef0476080aff1930c0b286ebae981fe42447c3f5ef27480999934b5bbbb8e1410266aca125,Australian English,australia,There was no way to measure anything of that length.,there was no way to measure anything of that length,7983b2f3263b894296344e286ed241e1e4a0ab13715edd69a338cfa586ab2634
xlsr_english,dmsuta,124,stage5ext_00498,1a03eae3701811654fd562b997c8a474b9db15da01b2c3dbe82487ef0476080aff1930c0b286ebae981fe42447c3f5ef27480999934b5bbbb8e1410266aca125,Australian English,australia,"Today, tourism is one of the major economic factors inside the city.",today tourism is one of the major economic factors inside the city,7983b2f3263b894296344e286ed241e1e4a0ab13715edd69a338cfa586ab2634
xlsr_english,dmsuta,124,stage5ext_00499,1a03eae3701811654fd562b997c8a474b9db15da01b2c3dbe82487ef0476080aff1930c0b286ebae981fe42447c3f5ef27480999934b5bbbb8e1410266aca125,Australian English,australia,"Last week, I went hiking in the mountains.",last week i went halking in the mountains,7983b2f3263b894296344e286ed241e1e4a0ab13715edd69a338cfa586ab2634
xlsr_english,dmsuta,124,stage5ext_00500,1a03eae3701811654fd562b997c8a474b9db15da01b2c3dbe82487ef0476080aff1930c0b286ebae981fe42447c3f5ef27480999934b5bbbb8e1410266aca125,Australian English,australia,The boy tried to read what was written in the sand.,the boy tried to ray wat was written in the sand,7983b2f3263b894296344e286ed241e1e4a0ab13715edd69a338cfa586ab2634
xlsr_english,dmsuta,125,stage5ext_00501,1a03eae3701811654fd562b997c8a474b9db15da01b2c3dbe82487ef0476080aff1930c0b286ebae981fe42447c3f5ef27480999934b5bbbb8e1410266aca125,Australian English,australia,Don't hurt my sore arm again.,that hurt my sore arm again,f829cba33b35591355c54e86d8302d8f9231682b7050d59a55ec382597be56dd
xlsr_english,dmsuta,125,stage5ext_00502,1a03eae3701811654fd562b997c8a474b9db15da01b2c3dbe82487ef0476080aff1930c0b286ebae981fe42447c3f5ef27480999934b5bbbb8e1410266aca125,Australian English,australia,The fluid sprayed across the foyer.,the fluid sprid across the foir,f829cba33b35591355c54e86d8302d8f9231682b7050d59a55ec382597be56dd
xlsr_english,dmsuta,125,stage5ext_00503,1a03eae3701811654fd562b997c8a474b9db15da01b2c3dbe82487ef0476080aff1930c0b286ebae981fe42447c3f5ef27480999934b5bbbb8e1410266aca125,Australian English,australia,Thanks for dropping around.,thanks for drop and ran,f829cba33b35591355c54e86d8302d8f9231682b7050d59a55ec382597be56dd
xlsr_english,dmsuta,125,stage5ext_00504,1a03eae3701811654fd562b997c8a474b9db15da01b2c3dbe82487ef0476080aff1930c0b286ebae981fe42447c3f5ef27480999934b5bbbb8e1410266aca125,Australian English,australia,The frog had no chance to escape.,the frog had no chance to escape,f829cba33b35591355c54e86d8302d8f9231682b7050d59a55ec382597be56dd
xlsr_english,dmsuta,126,stage5ext_00505,1a03eae3701811654fd562b997c8a474b9db15da01b2c3dbe82487ef0476080aff1930c0b286ebae981fe42447c3f5ef27480999934b5bbbb8e1410266aca125,Australian English,australia,She likes you well enough to stick around.,she locks you well enough to stick around,13c937fa9ba23319eb77383411fc9063b059751bb43ce4ca04ca5ff6c98acece
xlsr_english,dmsuta,126,stage5ext_00506,1a03eae3701811654fd562b997c8a474b9db15da01b2c3dbe82487ef0476080aff1930c0b286ebae981fe42447c3f5ef27480999934b5bbbb8e1410266aca125,Australian English,australia,The shower curtain is beige and white.,the sharkirn is bage and white,13c937fa9ba23319eb77383411fc9063b059751bb43ce4ca04ca5ff6c98acece
xlsr_english,dmsuta,126,stage5ext_00507,1a03eae3701811654fd562b997c8a474b9db15da01b2c3dbe82487ef0476080aff1930c0b286ebae981fe42447c3f5ef27480999934b5bbbb8e1410266aca125,Australian English,australia,"Everyone, when they are young, knows what their destiny is.",everyone when they are young knows what their destiny is,13c937fa9ba23319eb77383411fc9063b059751bb43ce4ca04ca5ff6c98acece
xlsr_english,dmsuta,126,stage5ext_00508,1a03eae3701811654fd562b997c8a474b9db15da01b2c3dbe82487ef0476080aff1930c0b286ebae981fe42447c3f5ef27480999934b5bbbb8e1410266aca125,Australian English,australia,He didn't consider mending the hole — the stones could fall through any time they wanted.,he didn't consider mending the hole the stones could fall through any time they wanted,13c937fa9ba23319eb77383411fc9063b059751bb43ce4ca04ca5ff6c98acece
xlsr_english,dmsuta,127,stage5ext_00509,1a03eae3701811654fd562b997c8a474b9db15da01b2c3dbe82487ef0476080aff1930c0b286ebae981fe42447c3f5ef27480999934b5bbbb8e1410266aca125,Australian English,australia,Add shweta mohan to my laundry playlist,add shooter mohan to my laundry playlist,30e0caa4488da132cb7d55175ea415b8a39e25b1fdb402f14952bf073328cca7
xlsr_english,dmsuta,127,stage5ext_00510,1a03eae3701811654fd562b997c8a474b9db15da01b2c3dbe82487ef0476080aff1930c0b286ebae981fe42447c3f5ef27480999934b5bbbb8e1410266aca125,Australian English,australia,I'm still having trouble with baking.,i'm still having trouble with biking,30e0caa4488da132cb7d55175ea415b8a39e25b1fdb402f14952bf073328cca7
xlsr_english,dmsuta,127,stage5ext_00511,3935c83996bc79d7abc50adc36392f9a2fd97df405c02b2321332068d1f235f816f68c7b84d0c3b80073933b9f6ab6f5b2d06f204e4bacdd8623e31009f1b83c,Australian English,australia,The mantra itself is also called Simran.,the mentra itself is also called simron,30e0caa4488da132cb7d55175ea415b8a39e25b1fdb402f14952bf073328cca7
xlsr_english,dmsuta,127,stage5ext_00512,3935c83996bc79d7abc50adc36392f9a2fd97df405c02b2321332068d1f235f816f68c7b84d0c3b80073933b9f6ab6f5b2d06f204e4bacdd8623e31009f1b83c,Australian English,australia,"Throughout college, Edwards moonlighted, playing jazz piano for late night radio and music shows.",throughout college edwards moonlighted playing jazz piano for latenight radio and music shows,30e0caa4488da132cb7d55175ea415b8a39e25b1fdb402f14952bf073328cca7
xlsr_english,dmsuta,128,stage5ext_00513,3935c83996bc79d7abc50adc36392f9a2fd97df405c02b2321332068d1f235f816f68c7b84d0c3b80073933b9f6ab6f5b2d06f204e4bacdd8623e31009f1b83c,Australian English,australia,Over this period the paper grew and began to cover additional market sectors.,over t this period the paper grew and began to cover additional markets sectors,a6821d227bad3fd539c445e27cb6a4de88e127d09f69d3dd32119cab1b4b41ee
xlsr_english,dmsuta,128,stage5ext_00514,3935c83996bc79d7abc50adc36392f9a2fd97df405c02b2321332068d1f235f816f68c7b84d0c3b80073933b9f6ab6f5b2d06f204e4bacdd8623e31009f1b83c,Australian English,australia,"His long, narrow face was dominated by a big nose.",his lan narrow face was dominated by a big norze,a6821d227bad3fd539c445e27cb6a4de88e127d09f69d3dd32119cab1b4b41ee
xlsr_english,dmsuta,128,stage5ext_00515,3935c83996bc79d7abc50adc36392f9a2fd97df405c02b2321332068d1f235f816f68c7b84d0c3b80073933b9f6ab6f5b2d06f204e4bacdd8623e31009f1b83c,Australian English,australia,"This has most commonly been interpreted as a rendition of ""Now Strike"".",this has most commonly been interpreted as a redetion of nailstrike,a6821d227bad3fd539c445e27cb6a4de88e127d09f69d3dd32119cab1b4b41ee
xlsr_english,dmsuta,128,stage5ext_00516,3935c83996bc79d7abc50adc36392f9a2fd97df405c02b2321332068d1f235f816f68c7b84d0c3b80073933b9f6ab6f5b2d06f204e4bacdd8623e31009f1b83c,Australian English,australia,The capital of the province is Llica.,the capital of the province is lirka,a6821d227bad3fd539c445e27cb6a4de88e127d09f69d3dd32119cab1b4b41ee
xlsr_english,dmsuta,129,stage5ext_00517,3935c83996bc79d7abc50adc36392f9a2fd97df405c02b2321332068d1f235f816f68c7b84d0c3b80073933b9f6ab6f5b2d06f204e4bacdd8623e31009f1b83c,Australian English,australia,Children from this township attend schools in the Blue Mountain School District.,children from this township attend schools in the blue mountain school district,8457566be06f71e0231bb2cf31f012502600b846f0f329e0802a064c09fd5c6b
xlsr_english,dmsuta,129,stage5ext_00518,3935c83996bc79d7abc50adc36392f9a2fd97df405c02b2321332068d1f235f816f68c7b84d0c3b80073933b9f6ab6f5b2d06f204e4bacdd8623e31009f1b83c,Australian English,australia,The band's lineup would then remain unchanged through their next two albums.,the band's lineup would then remain untraned to their next two albums,8457566be06f71e0231bb2cf31f012502600b846f0f329e0802a064c09fd5c6b
xlsr_english,dmsuta,129,stage5ext_00519,3935c83996bc79d7abc50adc36392f9a2fd97df405c02b2321332068d1f235f816f68c7b84d0c3b80073933b9f6ab6f5b2d06f204e4bacdd8623e31009f1b83c,Australian English,australia,A user application may render the image into a viewport.,unusual application may render the image into a viewpot,8457566be06f71e0231bb2cf31f012502600b846f0f329e0802a064c09fd5c6b
xlsr_english,dmsuta,129,stage5ext_00520,3935c83996bc79d7abc50adc36392f9a2fd97df405c02b2321332068d1f235f816f68c7b84d0c3b80073933b9f6ab6f5b2d06f204e4bacdd8623e31009f1b83c,Australian English,australia,Jimmy Fortune also sometimes tours with Dailey and Vincent.,jimmy fortune also sometimes turs with daley and vincent,8457566be06f71e0231bb2cf31f012502600b846f0f329e0802a064c09fd5c6b
xlsr_english,dmsuta,130,stage5ext_00521,3935c83996bc79d7abc50adc36392f9a2fd97df405c02b2321332068d1f235f816f68c7b84d0c3b80073933b9f6ab6f5b2d06f204e4bacdd8623e31009f1b83c,Australian English,australia,The play was revived in London eight times during his life.,the play was revived in london eight times during his life,5a3dcf9a46d70e20962089bf1314c7316d508e5d97258c0ba8579391a3f4f4e0
xlsr_english,dmsuta,130,stage5ext_00522,3935c83996bc79d7abc50adc36392f9a2fd97df405c02b2321332068d1f235f816f68c7b84d0c3b80073933b9f6ab6f5b2d06f204e4bacdd8623e31009f1b83c,Australian English,australia,Following the outbreak of the Second Boer War he was posted to South Africa.,following the outbreak of the second borl war he was posted to south africa,5a3dcf9a46d70e20962089bf1314c7316d508e5d97258c0ba8579391a3f4f4e0
xlsr_english,dmsuta,130,stage5ext_00523,3935c83996bc79d7abc50adc36392f9a2fd97df405c02b2321332068d1f235f816f68c7b84d0c3b80073933b9f6ab6f5b2d06f204e4bacdd8623e31009f1b83c,Australian English,australia,It is a popular spot for surfing and swimming.,it is a popular spot for surfing and swomen,5a3dcf9a46d70e20962089bf1314c7316d508e5d97258c0ba8579391a3f4f4e0
xlsr_english,dmsuta,130,stage5ext_00524,3935c83996bc79d7abc50adc36392f9a2fd97df405c02b2321332068d1f235f816f68c7b84d0c3b80073933b9f6ab6f5b2d06f204e4bacdd8623e31009f1b83c,Australian English,australia,Dylan apparently disliked this.,gillen apparently disliked this,5a3dcf9a46d70e20962089bf1314c7316d508e5d97258c0ba8579391a3f4f4e0
xlsr_english,dmsuta,131,stage5ext_00525,3935c83996bc79d7abc50adc36392f9a2fd97df405c02b2321332068d1f235f816f68c7b84d0c3b80073933b9f6ab6f5b2d06f204e4bacdd8623e31009f1b83c,Australian English,australia,Her heart-shaped gravestone is visible from the road.,her hard-shaped gravestone is visible from the road,71921120797440023a7950d51e1ea224482e1f846ed18473abbfa1e75b5a640f
xlsr_english,dmsuta,131,stage5ext_00526,92fa0173d8a52067542a43504a23d6adbcf1f55271ca38e9eacfa6f751199a9bb7ed840cebadc1a745b2c605ec99dcfae954c709b8c345afbcb08ce46e100b4d,Australian English,australia,"Bushnell was born in Saint Paul, Minnesota and raised in Los Angeles, California.",buschnel was born in saint paul minnesota and raised in los angeles california,71921120797440023a7950d51e1ea224482e1f846ed18473abbfa1e75b5a640f
xlsr_english,dmsuta,131,stage5ext_00527,92fa0173d8a52067542a43504a23d6adbcf1f55271ca38e9eacfa6f751199a9bb7ed840cebadc1a745b2c605ec99dcfae954c709b8c345afbcb08ce46e100b4d,Australian English,australia,The show is based on noughts and crosses.,the show is based on norts and crosses,71921120797440023a7950d51e1ea224482e1f846ed18473abbfa1e75b5a640f
xlsr_english,dmsuta,131,stage5ext_00528,92fa0173d8a52067542a43504a23d6adbcf1f55271ca38e9eacfa6f751199a9bb7ed840cebadc1a745b2c605ec99dcfae954c709b8c345afbcb08ce46e100b4d,Australian English,australia,"There are also useful concepts of regular monomorphism, strong monomorphism, and extremal monomorphism.",there are also useful concepts of regular monomorphism strong monomorphism and extremo monomorphism,71921120797440023a7950d51e1ea224482e1f846ed18473abbfa1e75b5a640f
xlsr_english,dmsuta,132,stage5ext_00529,92fa0173d8a52067542a43504a23d6adbcf1f55271ca38e9eacfa6f751199a9bb7ed840cebadc1a745b2c605ec99dcfae954c709b8c345afbcb08ce46e100b4d,Australian English,australia,A little glass in a transept window is older still.,a little glass in a transcipt window is older still,5d8dea46ae1def5016cb5a780938ecd1bbdbe73216551a8c430cf8199785bd94
xlsr_english,dmsuta,132,stage5ext_00530,92fa0173d8a52067542a43504a23d6adbcf1f55271ca38e9eacfa6f751199a9bb7ed840cebadc1a745b2c605ec99dcfae954c709b8c345afbcb08ce46e100b4d,Australian English,australia,For a small monthly fee the establishment will also wash one's mug.,for small monthly feed e establishment will also wash one's mug,5d8dea46ae1def5016cb5a780938ecd1bbdbe73216551a8c430cf8199785bd94
xlsr_english,dmsuta,132,stage5ext_00531,92fa0173d8a52067542a43504a23d6adbcf1f55271ca38e9eacfa6f751199a9bb7ed840cebadc1a745b2c605ec99dcfae954c709b8c345afbcb08ce46e100b4d,Australian English,australia,"Evidently there is no treasure, so Taran and the ruffian are soon at swordpoint.",evidently there is no treasure sir taran in ruffian are soon at soald point,5d8dea46ae1def5016cb5a780938ecd1bbdbe73216551a8c430cf8199785bd94
xlsr_english,dmsuta,132,stage5ext_00532,92fa0173d8a52067542a43504a23d6adbcf1f55271ca38e9eacfa6f751199a9bb7ed840cebadc1a745b2c605ec99dcfae954c709b8c345afbcb08ce46e100b4d,Australian English,australia,Its user interface and functionality is similar to Microsoft Outlook.,its user interface on functionality is similar to the microsoft outlook,5d8dea46ae1def5016cb5a780938ecd1bbdbe73216551a8c430cf8199785bd94
xlsr_english,dmsuta,133,stage5ext_00533,92fa0173d8a52067542a43504a23d6adbcf1f55271ca38e9eacfa6f751199a9bb7ed840cebadc1a745b2c605ec99dcfae954c709b8c345afbcb08ce46e100b4d,Australian English,australia,It is famous for its mudbrick-made high-rise buildings.,it is famous for its muntbrick maide high rise buildings,cca214208fb9eea2f15b750d85387ea7da24b6426e6b55db013af476b75fe447
xlsr_english,dmsuta,133,stage5ext_00534,92fa0173d8a52067542a43504a23d6adbcf1f55271ca38e9eacfa6f751199a9bb7ed840cebadc1a745b2c605ec99dcfae954c709b8c345afbcb08ce46e100b4d,Australian English,australia,"Not all of the ""Heritage Minutes"" episodes have actually aired.",not all of the heritage minutes episodes have actually aired,cca214208fb9eea2f15b750d85387ea7da24b6426e6b55db013af476b75fe447
xlsr_english,dmsuta,133,stage5ext_00535,92fa0173d8a52067542a43504a23d6adbcf1f55271ca38e9eacfa6f751199a9bb7ed840cebadc1a745b2c605ec99dcfae954c709b8c345afbcb08ce46e100b4d,Australian English,australia,He later lived in the British West Indies.,he later lived in the british west indies,cca214208fb9eea2f15b750d85387ea7da24b6426e6b55db013af476b75fe447
xlsr_english,dmsuta,133,stage5ext_00536,92fa0173d8a52067542a43504a23d6adbcf1f55271ca38e9eacfa6f751199a9bb7ed840cebadc1a745b2c605ec99dcfae954c709b8c345afbcb08ce46e100b4d,Australian English,australia,The two company branches issued combined trade catalogs.,the two company branches issued combined trade catalogs,cca214208fb9eea2f15b750d85387ea7da24b6426e6b55db013af476b75fe447
xlsr_english,dmsuta,134,stage5ext_00537,92fa0173d8a52067542a43504a23d6adbcf1f55271ca38e9eacfa6f751199a9bb7ed840cebadc1a745b2c605ec99dcfae954c709b8c345afbcb08ce46e100b4d,Australian English,australia,Whitebirk is part of the Blackburn urban area.,whiteberk is part of the blackburn urban area,d04ad6afc4000ab2701d4025a27718408ad1bf71b04e20b6a51a6544b23daca9
xlsr_english,dmsuta,134,stage5ext_00538,92fa0173d8a52067542a43504a23d6adbcf1f55271ca38e9eacfa6f751199a9bb7ed840cebadc1a745b2c605ec99dcfae954c709b8c345afbcb08ce46e100b4d,Australian English,australia,"One of the most famous ""novelty shows"" is the World's Ugliest Dog Contest.",one of their most famous novety shows is the world's accliasdok contest,d04ad6afc4000ab2701d4025a27718408ad1bf71b04e20b6a51a6544b23daca9
xlsr_english,dmsuta,134,stage5ext_00539,92fa0173d8a52067542a43504a23d6adbcf1f55271ca38e9eacfa6f751199a9bb7ed840cebadc1a745b2c605ec99dcfae954c709b8c345afbcb08ce46e100b4d,Australian English,australia,The town is named after the island of Elba.,the town is named after the island of elbah,d04ad6afc4000ab2701d4025a27718408ad1bf71b04e20b6a51a6544b23daca9
xlsr_english,dmsuta,134,stage5ext_00540,92fa0173d8a52067542a43504a23d6adbcf1f55271ca38e9eacfa6f751199a9bb7ed840cebadc1a745b2c605ec99dcfae954c709b8c345afbcb08ce46e100b4d,Australian English,australia,Later its coverage was expanded to cover political news.,later its coverage were expanded to cover political news,d04ad6afc4000ab2701d4025a27718408ad1bf71b04e20b6a51a6544b23daca9
xlsr_english,dmsuta,135,stage5ext_00541,7f29ce6531f159f514ccb46caa1535f1687740b13a60c3f3ac15d8462984c71b2c5747d5f67692081b7e7de330d1ded32b09bc1693c0a26c8189132bf2c48888,Australian English,australia,"For example, instead of editing Google Maps, consider contributing to OpenStreetMap.",for example instead of editing google maps consider contributing to open street map,771382e520c8153d15688b25e5eeb3dfab7f50bb6fd69e4a1180b81ba4094621
xlsr_english,dmsuta,135,stage5ext_00542,7f29ce6531f159f514ccb46caa1535f1687740b13a60c3f3ac15d8462984c71b2c5747d5f67692081b7e7de330d1ded32b09bc1693c0a26c8189132bf2c48888,Australian English,australia,What is it you want to research?,what is it you want to research,771382e520c8153d15688b25e5eeb3dfab7f50bb6fd69e4a1180b81ba4094621
xlsr_english,dmsuta,135,stage5ext_00543,7f29ce6531f159f514ccb46caa1535f1687740b13a60c3f3ac15d8462984c71b2c5747d5f67692081b7e7de330d1ded32b09bc1693c0a26c8189132bf2c48888,Australian English,australia,"Well, the merry-go-round wasn't exactly spectacular.",well the murgo round wasn't exactly spectacular,771382e520c8153d15688b25e5eeb3dfab7f50bb6fd69e4a1180b81ba4094621
xlsr_english,dmsuta,135,stage5ext_00544,7f29ce6531f159f514ccb46caa1535f1687740b13a60c3f3ac15d8462984c71b2c5747d5f67692081b7e7de330d1ded32b09bc1693c0a26c8189132bf2c48888,Australian English,australia,What is the meaning of this?,what is the meaning of this,771382e520c8153d15688b25e5eeb3dfab7f50bb6fd69e4a1180b81ba4094621
xlsr_english,dmsuta,136,stage5ext_00545,7f29ce6531f159f514ccb46caa1535f1687740b13a60c3f3ac15d8462984c71b2c5747d5f67692081b7e7de330d1ded32b09bc1693c0a26c8189132bf2c48888,Australian English,australia,"The flag is red, blue, and yellow.",the flag is red blue and yellow,db10eacf087a0853527acedb3c8a5b86f7c803f9acac6ae7bcf66b41b2758ed7
xlsr_english,dmsuta,136,stage5ext_00546,7f29ce6531f159f514ccb46caa1535f1687740b13a60c3f3ac15d8462984c71b2c5747d5f67692081b7e7de330d1ded32b09bc1693c0a26c8189132bf2c48888,Australian English,australia,What are the facts?,what are the facts,db10eacf087a0853527acedb3c8a5b86f7c803f9acac6ae7bcf66b41b2758ed7
xlsr_english,dmsuta,136,stage5ext_00547,7f29ce6531f159f514ccb46caa1535f1687740b13a60c3f3ac15d8462984c71b2c5747d5f67692081b7e7de330d1ded32b09bc1693c0a26c8189132bf2c48888,Australian English,australia,"I've brought you some cheese, because I know you love cheese.",ive brought you some cheese cas i know you love cheese,db10eacf087a0853527acedb3c8a5b86f7c803f9acac6ae7bcf66b41b2758ed7
xlsr_english,dmsuta,136,stage5ext_00548,7f29ce6531f159f514ccb46caa1535f1687740b13a60c3f3ac15d8462984c71b2c5747d5f67692081b7e7de330d1ded32b09bc1693c0a26c8189132bf2c48888,Australian English,australia,How did you get it?,how did you get it,db10eacf087a0853527acedb3c8a5b86f7c803f9acac6ae7bcf66b41b2758ed7
xlsr_english,dmsuta,137,stage5ext_00549,7f29ce6531f159f514ccb46caa1535f1687740b13a60c3f3ac15d8462984c71b2c5747d5f67692081b7e7de330d1ded32b09bc1693c0a26c8189132bf2c48888,Australian English,australia,"He was something of a sickly child by all accounts, never made it past his fourth birthday.",he was something of a sickly child byor lecount never made it past his fourth birthday,3f0e3da532b339c31163680728d79703c6f5c4253d0425d808b1df785f1eb098
xlsr_english,dmsuta,137,stage5ext_00550,7f29ce6531f159f514ccb46caa1535f1687740b13a60c3f3ac15d8462984c71b2c5747d5f67692081b7e7de330d1ded32b09bc1693c0a26c8189132bf2c48888,Australian English,australia,Under what circumstances might you be persuaded to provide us with passes?,under what circumstances might you be persuaded to provide us with passes,3f0e3da532b339c31163680728d79703c6f5c4253d0425d808b1df785f1eb098
xlsr_english,dmsuta,137,stage5ext_00551,7f29ce6531f159f514ccb46caa1535f1687740b13a60c3f3ac15d8462984c71b2c5747d5f67692081b7e7de330d1ded32b09bc1693c0a26c8189132bf2c48888,Australian English,australia,"They found all sorts of drugs at Howard's house: Cocaine, meth, heroine...",they found all sorts of drugs at howard's house cocane meth heroin,3f0e3da532b339c31163680728d79703c6f5c4253d0425d808b1df785f1eb098
xlsr_english,dmsuta,137,stage5ext_00552,7f29ce6531f159f514ccb46caa1535f1687740b13a60c3f3ac15d8462984c71b2c5747d5f67692081b7e7de330d1ded32b09bc1693c0a26c8189132bf2c48888,Australian English,australia,"Kidneys are transplanted often, because every healthy person has two of them.",kidneys are transplanted often because every healthy person is tour of them,3f0e3da532b339c31163680728d79703c6f5c4253d0425d808b1df785f1eb098
xlsr_english,dmsuta,138,stage5ext_00553,7f29ce6531f159f514ccb46caa1535f1687740b13a60c3f3ac15d8462984c71b2c5747d5f67692081b7e7de330d1ded32b09bc1693c0a26c8189132bf2c48888,Australian English,australia,"A trill, or shake A triplet.",a trill or sacred frip plod,5f390af2877e6b0c005e641251cf8cefd85fadfba72c5c758b63a6a964eef42f
xlsr_english,dmsuta,138,stage5ext_00554,7f29ce6531f159f514ccb46caa1535f1687740b13a60c3f3ac15d8462984c71b2c5747d5f67692081b7e7de330d1ded32b09bc1693c0a26c8189132bf2c48888,Australian English,australia,"Four doors lead from the landing into two bedrooms, a closet, and a small, but functional bathroom.",four doors lead from the landing into two bedrooms a closet and a small but functional bathroom,5f390af2877e6b0c005e641251cf8cefd85fadfba72c5c758b63a6a964eef42f
xlsr_english,dmsuta,138,stage5ext_00555,7f29ce6531f159f514ccb46caa1535f1687740b13a60c3f3ac15d8462984c71b2c5747d5f67692081b7e7de330d1ded32b09bc1693c0a26c8189132bf2c48888,Australian English,australia,Why did you do it?,why did you do it,5f390af2877e6b0c005e641251cf8cefd85fadfba72c5c758b63a6a964eef42f
xlsr_english,dmsuta,138,stage5ext_00556,243c0d90f6145edce7803731bbd3baff7cb887a5290c10c1c5897e24248e249752883be23dbe58e59668ad96307fa0666e76dde82a2dd55ac2c624acbdb1d919,Australian English,australia,Perhaps she forgot all about it.,perhaps she forgot all about it,5f390af2877e6b0c005e641251cf8cefd85fadfba72c5c758b63a6a964eef42f
xlsr_english,dmsuta,139,stage5ext_00557,243c0d90f6145edce7803731bbd3baff7cb887a5290c10c1c5897e24248e249752883be23dbe58e59668ad96307fa0666e76dde82a2dd55ac2c624acbdb1d919,Australian English,australia,I would if I thought I'd hear anything worth listening to.,i would if it thought i'd hear anything voce literary stoo,7044412dae56fdc4da1eb4db4d20f5374520b9e4a3aa38e3d91890117a2891b6
xlsr_english,dmsuta,139,stage5ext_00558,243c0d90f6145edce7803731bbd3baff7cb887a5290c10c1c5897e24248e249752883be23dbe58e59668ad96307fa0666e76dde82a2dd55ac2c624acbdb1d919,Australian English,australia,In that case I'll ask the two executive officers to withdraw.,in that case i'll ask the two executive officers to withdraw,7044412dae56fdc4da1eb4db4d20f5374520b9e4a3aa38e3d91890117a2891b6
xlsr_english,dmsuta,139,stage5ext_00559,243c0d90f6145edce7803731bbd3baff7cb887a5290c10c1c5897e24248e249752883be23dbe58e59668ad96307fa0666e76dde82a2dd55ac2c624acbdb1d919,Australian English,australia,I'm everything the District Attorney said I was.,i'm everything the district attorney said i was,7044412dae56fdc4da1eb4db4d20f5374520b9e4a3aa38e3d91890117a2891b6
xlsr_english,dmsuta,139,stage5ext_00560,243c0d90f6145edce7803731bbd3baff7cb887a5290c10c1c5897e24248e249752883be23dbe58e59668ad96307fa0666e76dde82a2dd55ac2c624acbdb1d919,Australian English,australia,I don't want Mrs. Douglas.,i don't want mrs douglas,7044412dae56fdc4da1eb4db4d20f5374520b9e4a3aa38e3d91890117a2891b6
xlsr_english,dmsuta,140,stage5ext_00561,243c0d90f6145edce7803731bbd3baff7cb887a5290c10c1c5897e24248e249752883be23dbe58e59668ad96307fa0666e76dde82a2dd55ac2c624acbdb1d919,Australian English,australia,What's the idea here?,what's the idea here,bd7845de1da581fe2257e503fcfcc39ca1a33796d676e7807f4f63c8ab772f36
xlsr_english,dmsuta,140,stage5ext_00562,243c0d90f6145edce7803731bbd3baff7cb887a5290c10c1c5897e24248e249752883be23dbe58e59668ad96307fa0666e76dde82a2dd55ac2c624acbdb1d919,Australian English,australia,I've suddenly become quite important.,i suddenly become quite important,bd7845de1da581fe2257e503fcfcc39ca1a33796d676e7807f4f63c8ab772f36
xlsr_english,dmsuta,140,stage5ext_00563,243c0d90f6145edce7803731bbd3baff7cb887a5290c10c1c5897e24248e249752883be23dbe58e59668ad96307fa0666e76dde82a2dd55ac2c624acbdb1d919,Australian English,australia,There's nothing more we can do tonight.,there's nothing more we can do tonight,bd7845de1da581fe2257e503fcfcc39ca1a33796d676e7807f4f63c8ab772f36
xlsr_english,dmsuta,140,stage5ext_00564,243c0d90f6145edce7803731bbd3baff7cb887a5290c10c1c5897e24248e249752883be23dbe58e59668ad96307fa0666e76dde82a2dd55ac2c624acbdb1d919,Australian English,australia,A sight for sore eyes.,the site for tlear eyes,bd7845de1da581fe2257e503fcfcc39ca1a33796d676e7807f4f63c8ab772f36
xlsr_english,dmsuta,141,stage5ext_00565,243c0d90f6145edce7803731bbd3baff7cb887a5290c10c1c5897e24248e249752883be23dbe58e59668ad96307fa0666e76dde82a2dd55ac2c624acbdb1d919,Australian English,australia,She had pneumonia once.,she kept no mon you want,ee0a737c18686e90b6297ea2134c7a750dd3101c267cc332cba759d5633f67b2
xlsr_english,dmsuta,141,stage5ext_00566,243c0d90f6145edce7803731bbd3baff7cb887a5290c10c1c5897e24248e249752883be23dbe58e59668ad96307fa0666e76dde82a2dd55ac2c624acbdb1d919,Australian English,australia,We returned to the cemetery.,he returned to the cemetery,ee0a737c18686e90b6297ea2134c7a750dd3101c267cc332cba759d5633f67b2
xlsr_english,dmsuta,141,stage5ext_00567,243c0d90f6145edce7803731bbd3baff7cb887a5290c10c1c5897e24248e249752883be23dbe58e59668ad96307fa0666e76dde82a2dd55ac2c624acbdb1d919,Australian English,australia,I'd like to think.,i'd like to think,ee0a737c18686e90b6297ea2134c7a750dd3101c267cc332cba759d5633f67b2
xlsr_english,dmsuta,141,stage5ext_00568,243c0d90f6145edce7803731bbd3baff7cb887a5290c10c1c5897e24248e249752883be23dbe58e59668ad96307fa0666e76dde82a2dd55ac2c624acbdb1d919,Australian English,australia,Your mother and I talked it over half the night.,your mother and i talk it over half to night,ee0a737c18686e90b6297ea2134c7a750dd3101c267cc332cba759d5633f67b2
xlsr_english,dmsuta,142,stage5ext_00569,243c0d90f6145edce7803731bbd3baff7cb887a5290c10c1c5897e24248e249752883be23dbe58e59668ad96307fa0666e76dde82a2dd55ac2c624acbdb1d919,Australian English,australia,We must get some of that serum as soon as possible.,do must get some of declaring as beig as possible,0a2e34b1e71c33ccda55576afb2c05efec4a6038ca8b5ff43102921a7aee170e
xlsr_english,dmsuta,142,stage5ext_00570,243c0d90f6145edce7803731bbd3baff7cb887a5290c10c1c5897e24248e249752883be23dbe58e59668ad96307fa0666e76dde82a2dd55ac2c624acbdb1d919,Australian English,australia,She'll be waiting for you in Albany.,s'll be waiting for you in albany,0a2e34b1e71c33ccda55576afb2c05efec4a6038ca8b5ff43102921a7aee170e
xlsr_english,dmsuta,142,stage5ext_00571,0acf313028bfe2af57b429c11e66463848b29afaa619fcfb0eea753f8ba9c63862e2c106975c0e70bde12809fc2422731691839c34fe911de22051dd732876d2,Australian English,australia,It seemed to him that it fell to earth about one hundred miles east of here.,it seemed to him that it fell to earth about one hundred miles east of here,0a2e34b1e71c33ccda55576afb2c05efec4a6038ca8b5ff43102921a7aee170e
xlsr_english,dmsuta,142,stage5ext_00572,0acf313028bfe2af57b429c11e66463848b29afaa619fcfb0eea753f8ba9c63862e2c106975c0e70bde12809fc2422731691839c34fe911de22051dd732876d2,Australian English,australia,'m all about those invisible cosmic connections that transcend time and distance.,im all about those invisible cosmic connections that transcend time and distance,0a2e34b1e71c33ccda55576afb2c05efec4a6038ca8b5ff43102921a7aee170e
xlsr_english,dmsuta,143,stage5ext_00573,0acf313028bfe2af57b429c11e66463848b29afaa619fcfb0eea753f8ba9c63862e2c106975c0e70bde12809fc2422731691839c34fe911de22051dd732876d2,Australian English,australia,And one or two persons were returning.,and one or two persons were returning,159076365f77353553268dd185ab16781b10f87cb2ba28d5f3d57162a8147651
xlsr_english,dmsuta,143,stage5ext_00574,0acf313028bfe2af57b429c11e66463848b29afaa619fcfb0eea753f8ba9c63862e2c106975c0e70bde12809fc2422731691839c34fe911de22051dd732876d2,Australian English,australia,Even then he hardly understood what this meant.,even then he hardly understood what this meant,159076365f77353553268dd185ab16781b10f87cb2ba28d5f3d57162a8147651
xlsr_english,dmsuta,143,stage5ext_00575,0acf313028bfe2af57b429c11e66463848b29afaa619fcfb0eea753f8ba9c63862e2c106975c0e70bde12809fc2422731691839c34fe911de22051dd732876d2,Australian English,australia,He heard a muffled grating sound and saw the black mark jerk forward an inch or so.,he heard a muffled grating sound and saw the black mark jerk forward an inch or sow,159076365f77353553268dd185ab16781b10f87cb2ba28d5f3d57162a8147651
xlsr_english,dmsuta,143,stage5ext_00576,0acf313028bfe2af57b429c11e66463848b29afaa619fcfb0eea753f8ba9c63862e2c106975c0e70bde12809fc2422731691839c34fe911de22051dd732876d2,Australian English,australia,Hundreds of observers saw the flame that night and the night after.,hundreds of observers saw the flame that night and the night after,159076365f77353553268dd185ab16781b10f87cb2ba28d5f3d57162a8147651
xlsr_english,dmsuta,144,stage5ext_00577,0acf313028bfe2af57b429c11e66463848b29afaa619fcfb0eea753f8ba9c63862e2c106975c0e70bde12809fc2422731691839c34fe911de22051dd732876d2,Australian English,australia,I was impatient to see it opened.,i was impatient to see it opened,2a6965593dc4a57bb256ef45cfd1b01dc20006782735427c12bad541c657faa9
xlsr_english,dmsuta,144,stage5ext_00578,0acf313028bfe2af57b429c11e66463848b29afaa619fcfb0eea753f8ba9c63862e2c106975c0e70bde12809fc2422731691839c34fe911de22051dd732876d2,Australian English,australia,My mind ran on the possibilities of its content.,my mind ran on the possibilities of its content,2a6965593dc4a57bb256ef45cfd1b01dc20006782735427c12bad541c657faa9
xlsr_english,dmsuta,144,stage5ext_00579,0acf313028bfe2af57b429c11e66463848b29afaa619fcfb0eea753f8ba9c63862e2c106975c0e70bde12809fc2422731691839c34fe911de22051dd732876d2,Australian English,australia,Some of those who saw its flight say it travelled with a hissing sound.,some of those who saw its flight say it traveled with a hissing sound,2a6965593dc4a57bb256ef45cfd1b01dc20006782735427c12bad541c657faa9
xlsr_english,dmsuta,144,stage5ext_00580,0acf313028bfe2af57b429c11e66463848b29afaa619fcfb0eea753f8ba9c63862e2c106975c0e70bde12809fc2422731691839c34fe911de22051dd732876d2,Australian English,australia,"You don't have to be rich, skinny, popular, or even own a cape to perform a random act of kindness.",you don't have to be rich skinny popular or even owin a cape to perform a random active kindness,2a6965593dc4a57bb256ef45cfd1b01dc20006782735427c12bad541c657faa9
xlsr_english,dmsuta,145,stage5ext_00581,0acf313028bfe2af57b429c11e66463848b29afaa619fcfb0eea753f8ba9c63862e2c106975c0e70bde12809fc2422731691839c34fe911de22051dd732876d2,Australian English,australia,I had seen all that it would presently bring me.,i had seen all that it would presently bring me,af0fa831668aa0992846c5fbc0bb83dedd3731babe84e5902730ff44abfa4679
xlsr_english,dmsuta,145,stage5ext_00582,0acf313028bfe2af57b429c11e66463848b29afaa619fcfb0eea753f8ba9c63862e2c106975c0e70bde12809fc2422731691839c34fe911de22051dd732876d2,Australian English,australia,The time must have been somewhere around six o'clock.,the time must have been somewhere around six o'clock,af0fa831668aa0992846c5fbc0bb83dedd3731babe84e5902730ff44abfa4679
xlsr_english,dmsuta,145,stage5ext_00583,0acf313028bfe2af57b429c11e66463848b29afaa619fcfb0eea753f8ba9c63862e2c106975c0e70bde12809fc2422731691839c34fe911de22051dd732876d2,Australian English,australia,We lit the lantern and walked over to his house.,we lit the lantern and walked over to his house,af0fa831668aa0992846c5fbc0bb83dedd3731babe84e5902730ff44abfa4679
xlsr_english,dmsuta,145,stage5ext_00584,0acf313028bfe2af57b429c11e66463848b29afaa619fcfb0eea753f8ba9c63862e2c106975c0e70bde12809fc2422731691839c34fe911de22051dd732876d2,Australian English,australia,"If you start your emails with ""Greetings"" let me be the first to welcome you to Earth.",if you start your emails with greetings let me be the first to welcome you to earth,af0fa831668aa0992846c5fbc0bb83dedd3731babe84e5902730ff44abfa4679
xlsr_english,dmsuta,146,stage5ext_00585,0acf313028bfe2af57b429c11e66463848b29afaa619fcfb0eea753f8ba9c63862e2c106975c0e70bde12809fc2422731691839c34fe911de22051dd732876d2,Australian English,australia,Scattered groups of people were hurrying from the direction of Woking.,scattered groups of people were hurrying from the direction of walking,1d4eada693a09c223951f9c6dfaee15c6e589aec1ba52325d41ec9be6fd251dd
xlsr_english,dmsuta,146,stage5ext_00586,771662210642ca9e2f17135f7a66db7f250f7f7bc6d9b3e3475b19d375389bcf6d1979c9a58a21cc866543ad80ab0e9641158290b7f6a9e1d0aad1635c730ab4,Australian English,australia,"Wakehurst asked the Treasurer, Alexander Mair, to form a government.",wahurst asked the treasurer alexander mayer to form a government,1d4eada693a09c223951f9c6dfaee15c6e589aec1ba52325d41ec9be6fd251dd
xlsr_english,dmsuta,146,stage5ext_00587,771662210642ca9e2f17135f7a66db7f250f7f7bc6d9b3e3475b19d375389bcf6d1979c9a58a21cc866543ad80ab0e9641158290b7f6a9e1d0aad1635c730ab4,Australian English,australia,"Translated, it means ""revolving hands"", ""rotating palms"", or ""turning palms.",translated it means revolving hands rotating palms or turning palms,1d4eada693a09c223951f9c6dfaee15c6e589aec1ba52325d41ec9be6fd251dd
xlsr_english,dmsuta,146,stage5ext_00588,771662210642ca9e2f17135f7a66db7f250f7f7bc6d9b3e3475b19d375389bcf6d1979c9a58a21cc866543ad80ab0e9641158290b7f6a9e1d0aad1635c730ab4,Australian English,australia,It still has a working blacksmith's shop.,it still has a working blacksmiths shop,1d4eada693a09c223951f9c6dfaee15c6e589aec1ba52325d41ec9be6fd251dd
xlsr_english,dmsuta,147,stage5ext_00589,771662210642ca9e2f17135f7a66db7f250f7f7bc6d9b3e3475b19d375389bcf6d1979c9a58a21cc866543ad80ab0e9641158290b7f6a9e1d0aad1635c730ab4,Australian English,australia,"A right-handed batsman, Carlton Baugh Snr.",right-handed batsman carleton bore senior,8355aa636eea6c3c6b7375c85946c977f7116dc6a5721a01bf7c9d4d877f7a50
xlsr_english,dmsuta,147,stage5ext_00590,771662210642ca9e2f17135f7a66db7f250f7f7bc6d9b3e3475b19d375389bcf6d1979c9a58a21cc866543ad80ab0e9641158290b7f6a9e1d0aad1635c730ab4,Australian English,australia,I couldn't see the linebackers.,i couldn't see the linebackers,8355aa636eea6c3c6b7375c85946c977f7116dc6a5721a01bf7c9d4d877f7a50
xlsr_english,dmsuta,147,stage5ext_00591,771662210642ca9e2f17135f7a66db7f250f7f7bc6d9b3e3475b19d375389bcf6d1979c9a58a21cc866543ad80ab0e9641158290b7f6a9e1d0aad1635c730ab4,Australian English,australia,Foreign titles may be utilized as a foundation for recognition of professional licensing.,foreign titles may be utilized as a foundation for recognition of professional licensing,8355aa636eea6c3c6b7375c85946c977f7116dc6a5721a01bf7c9d4d877f7a50
xlsr_english,dmsuta,147,stage5ext_00592,771662210642ca9e2f17135f7a66db7f250f7f7bc6d9b3e3475b19d375389bcf6d1979c9a58a21cc866543ad80ab0e9641158290b7f6a9e1d0aad1635c730ab4,Australian English,australia,"For information on winning strategy, see ""The Schnapsen Log"" and ""Winning Schnapsen"".",for information on winning strategy see the schnepsen log and winning schnepsen,8355aa636eea6c3c6b7375c85946c977f7116dc6a5721a01bf7c9d4d877f7a50
xlsr_english,dmsuta,148,stage5ext_00593,771662210642ca9e2f17135f7a66db7f250f7f7bc6d9b3e3475b19d375389bcf6d1979c9a58a21cc866543ad80ab0e9641158290b7f6a9e1d0aad1635c730ab4,Australian English,australia,The Argentinian government settled the dispute diplomatically with Israel.,the argentinian government settled the dispute diplomatically with israel,4aa343e1b558591f842538e71a7e93351877d9573f4137e2d876d8a6a9d19d3d
xlsr_english,dmsuta,148,stage5ext_00594,771662210642ca9e2f17135f7a66db7f250f7f7bc6d9b3e3475b19d375389bcf6d1979c9a58a21cc866543ad80ab0e9641158290b7f6a9e1d0aad1635c730ab4,Australian English,australia,So he decides to put another dog to sleep.,so he decides to put another dog to sleep,4aa343e1b558591f842538e71a7e93351877d9573f4137e2d876d8a6a9d19d3d
xlsr_english,dmsuta,148,stage5ext_00595,771662210642ca9e2f17135f7a66db7f250f7f7bc6d9b3e3475b19d375389bcf6d1979c9a58a21cc866543ad80ab0e9641158290b7f6a9e1d0aad1635c730ab4,Australian English,australia,"Since that time, the pavilion has been used for seasonal special events.",since that time the pavilion has been used for seasonal special events,4aa343e1b558591f842538e71a7e93351877d9573f4137e2d876d8a6a9d19d3d
xlsr_english,dmsuta,148,stage5ext_00596,771662210642ca9e2f17135f7a66db7f250f7f7bc6d9b3e3475b19d375389bcf6d1979c9a58a21cc866543ad80ab0e9641158290b7f6a9e1d0aad1635c730ab4,Australian English,australia,"Zaxxon spawned an arcade sequel: ""Super Zaxxon"".",zakon spawned an arcade sequel super zaxon,4aa343e1b558591f842538e71a7e93351877d9573f4137e2d876d8a6a9d19d3d
xlsr_english,dmsuta,149,stage5ext_00597,771662210642ca9e2f17135f7a66db7f250f7f7bc6d9b3e3475b19d375389bcf6d1979c9a58a21cc866543ad80ab0e9641158290b7f6a9e1d0aad1635c730ab4,Australian English,australia,"He was a reserve officer, nervous, energetic, and enthusiastic.",he was a reserve officer nervous energetic and enthusiastic,3c52dac31d226f904a654e1328a5ff9745a7008d366bd47dac9bbf05f5be62d9
xlsr_english,dmsuta,149,stage5ext_00598,771662210642ca9e2f17135f7a66db7f250f7f7bc6d9b3e3475b19d375389bcf6d1979c9a58a21cc866543ad80ab0e9641158290b7f6a9e1d0aad1635c730ab4,Australian English,australia,"Welaras are used mainly in English riding, especially in hunter classes.",gelaras are used mainly in english writing especially in hunter classes,3c52dac31d226f904a654e1328a5ff9745a7008d366bd47dac9bbf05f5be62d9
xlsr_english,dmsuta,149,stage5ext_00599,771662210642ca9e2f17135f7a66db7f250f7f7bc6d9b3e3475b19d375389bcf6d1979c9a58a21cc866543ad80ab0e9641158290b7f6a9e1d0aad1635c730ab4,Australian English,australia,Tirumala will be flooded with devotes to witness this occasion.,tirumalla will be flooded with devotees to witness this occasion,3c52dac31d226f904a654e1328a5ff9745a7008d366bd47dac9bbf05f5be62d9
xlsr_english,dmsuta,149,stage5ext_00600,771662210642ca9e2f17135f7a66db7f250f7f7bc6d9b3e3475b19d375389bcf6d1979c9a58a21cc866543ad80ab0e9641158290b7f6a9e1d0aad1635c730ab4,Australian English,australia,"He has also advised political organisations of various stripes, colours and nationalities.",he has also advised political organizations of various stripes colors and nationalities,3c52dac31d226f904a654e1328a5ff9745a7008d366bd47dac9bbf05f5be62d9
xlsr_english,dmsuta,150,stage5ext_00601,3dadaf13c9f244c187466942367d1da68cf1ba3fd4c5a5b27614964bc19565e566d5daea151b505599991d84b7d5faf8db2afc26f992b1bb7b99004b1f5b36f7,Canadian English,canada,"Its main base was Moorabbin Airport, Melbourne.",its main base was mourabin airport melbourne,455fea824728fe34964a38f7414ec8064599ca03759f0829ed282bc5f6cf847c
xlsr_english,dmsuta,150,stage5ext_00602,3dadaf13c9f244c187466942367d1da68cf1ba3fd4c5a5b27614964bc19565e566d5daea151b505599991d84b7d5faf8db2afc26f992b1bb7b99004b1f5b36f7,Canadian English,canada,"Pioneer Memorial Park in Norton Saint, Leichhardt, has gardens and paths for passive recreation.",pioneer memorial park in northern saint lechhars has gardens and pasts for passive recreation,455fea824728fe34964a38f7414ec8064599ca03759f0829ed282bc5f6cf847c
xlsr_english,dmsuta,150,stage5ext_00603,3dadaf13c9f244c187466942367d1da68cf1ba3fd4c5a5b27614964bc19565e566d5daea151b505599991d84b7d5faf8db2afc26f992b1bb7b99004b1f5b36f7,Canadian English,canada,"Later, the costs for the scholarship ballooned substantially.",later the cost for the scholarship ballooned substantially,455fea824728fe34964a38f7414ec8064599ca03759f0829ed282bc5f6cf847c
xlsr_english,dmsuta,150,stage5ext_00604,3dadaf13c9f244c187466942367d1da68cf1ba3fd4c5a5b27614964bc19565e566d5daea151b505599991d84b7d5faf8db2afc26f992b1bb7b99004b1f5b36f7,Canadian English,canada,"However, fourths become important later in the opera, especially in the melodic development.",however forcs become important later in the opera especially in the melodic development,455fea824728fe34964a38f7414ec8064599ca03759f0829ed282bc5f6cf847c
xlsr_english,dmsuta,151,stage5ext_00605,3dadaf13c9f244c187466942367d1da68cf1ba3fd4c5a5b27614964bc19565e566d5daea151b505599991d84b7d5faf8db2afc26f992b1bb7b99004b1f5b36f7,Canadian English,canada,"If one server fails, client connections can be re-directed to another server.",if one server fails client connections can be redirected to another server,a65c61c234783b2062ae700714b1f073e9a7aca452936ecb466444f0e2272f2c
xlsr_english,dmsuta,151,stage5ext_00606,3dadaf13c9f244c187466942367d1da68cf1ba3fd4c5a5b27614964bc19565e566d5daea151b505599991d84b7d5faf8db2afc26f992b1bb7b99004b1f5b36f7,Canadian English,canada,Kailash taken by Martin Gray.,kay losh taken by martin gray,a65c61c234783b2062ae700714b1f073e9a7aca452936ecb466444f0e2272f2c
xlsr_english,dmsuta,151,stage5ext_00607,3dadaf13c9f244c187466942367d1da68cf1ba3fd4c5a5b27614964bc19565e566d5daea151b505599991d84b7d5faf8db2afc26f992b1bb7b99004b1f5b36f7,Canadian English,canada,"Geographically, it is situated in the central-most region of the state.",geographically it is situated in the central most region of the state,a65c61c234783b2062ae700714b1f073e9a7aca452936ecb466444f0e2272f2c
xlsr_english,dmsuta,151,stage5ext_00608,3dadaf13c9f244c187466942367d1da68cf1ba3fd4c5a5b27614964bc19565e566d5daea151b505599991d84b7d5faf8db2afc26f992b1bb7b99004b1f5b36f7,Canadian English,canada,"The meaning of Pinjar is unknown, but could be ""tadpole"" or ""swampy lake"".",the meaning of pinjar is unknown but could be tadpool or swampy lake,a65c61c234783b2062ae700714b1f073e9a7aca452936ecb466444f0e2272f2c
xlsr_english,dmsuta,152,stage5ext_00609,3dadaf13c9f244c187466942367d1da68cf1ba3fd4c5a5b27614964bc19565e566d5daea151b505599991d84b7d5faf8db2afc26f992b1bb7b99004b1f5b36f7,Canadian English,canada,There are also regular buses connecting from Mozarts Plads to the city centre.,there are also regular buses connecting from bozarts plats to the city centr,1526baacf4abac80557a33ef8219f3b22eb676923227606f723f59de65292a1a
xlsr_english,dmsuta,152,stage5ext_00610,3dadaf13c9f244c187466942367d1da68cf1ba3fd4c5a5b27614964bc19565e566d5daea151b505599991d84b7d5faf8db2afc26f992b1bb7b99004b1f5b36f7,Canadian English,canada,Protein methylation has been most studied in the histones.,protein metallasean has been most studied in the histones,1526baacf4abac80557a33ef8219f3b22eb676923227606f723f59de65292a1a
xlsr_english,dmsuta,152,stage5ext_00611,3dadaf13c9f244c187466942367d1da68cf1ba3fd4c5a5b27614964bc19565e566d5daea151b505599991d84b7d5faf8db2afc26f992b1bb7b99004b1f5b36f7,Canadian English,canada,"The spacewalkers received assistance from their crewmates inside ""Columbia"".",the spacewalkers receive assistance from their tourmates inside colombia,1526baacf4abac80557a33ef8219f3b22eb676923227606f723f59de65292a1a
xlsr_english,dmsuta,152,stage5ext_00612,3dadaf13c9f244c187466942367d1da68cf1ba3fd4c5a5b27614964bc19565e566d5daea151b505599991d84b7d5faf8db2afc26f992b1bb7b99004b1f5b36f7,Canadian English,canada,Early units were re-built several times by the end of the war.,early units were rebuilt several times by the end of the war,1526baacf4abac80557a33ef8219f3b22eb676923227606f723f59de65292a1a
xlsr_english,dmsuta,153,stage5ext_00613,3dadaf13c9f244c187466942367d1da68cf1ba3fd4c5a5b27614964bc19565e566d5daea151b505599991d84b7d5faf8db2afc26f992b1bb7b99004b1f5b36f7,Canadian English,canada,They are two-stroke cycle and generally carbureted.,they are two stroked cycles and generally carburated,e684ff556b16b936467c381e0b861efe7afa6f14a9e4214d088bffc820a9949a
xlsr_english,dmsuta,153,stage5ext_00614,3dadaf13c9f244c187466942367d1da68cf1ba3fd4c5a5b27614964bc19565e566d5daea151b505599991d84b7d5faf8db2afc26f992b1bb7b99004b1f5b36f7,Canadian English,canada,Murphy's clean-living habits off the diamond were frequently noted in the media.,murphes clean living habits of the diamond were frequently noted in the media,e684ff556b16b936467c381e0b861efe7afa6f14a9e4214d088bffc820a9949a
xlsr_english,dmsuta,153,stage5ext_00615,3dadaf13c9f244c187466942367d1da68cf1ba3fd4c5a5b27614964bc19565e566d5daea151b505599991d84b7d5faf8db2afc26f992b1bb7b99004b1f5b36f7,Canadian English,canada,Sometimes even his authorship has been challenged on the grounds of weak poetic imagination.,sometimes even his authoraship has been challenged on the grounds of weak poetic imagination,e684ff556b16b936467c381e0b861efe7afa6f14a9e4214d088bffc820a9949a
xlsr_english,dmsuta,153,stage5ext_00616,7f88fdb59ecec75df8d06d03bc7fc4361b1824c772236491ccd731fb10f14e3cf7b550aaf16a4ef48e695b440eb33ebadf6f080d1c562a2d32c0a2a52bfae9e2,Canadian English,canada,"The dead soldiers were replaced by others, and life went on.",the dead soldiers were replaced by others and life went on,e684ff556b16b936467c381e0b861efe7afa6f14a9e4214d088bffc820a9949a
xlsr_english,dmsuta,154,stage5ext_00617,7f88fdb59ecec75df8d06d03bc7fc4361b1824c772236491ccd731fb10f14e3cf7b550aaf16a4ef48e695b440eb33ebadf6f080d1c562a2d32c0a2a52bfae9e2,Canadian English,canada,His Internet connection was too slow.,his internet connection was too slow,071321c2f130c04bb4fa033aa0427d3b60de7c41c3333217a86dba1a5cc5d96a
xlsr_english,dmsuta,154,stage5ext_00618,7f88fdb59ecec75df8d06d03bc7fc4361b1824c772236491ccd731fb10f14e3cf7b550aaf16a4ef48e695b440eb33ebadf6f080d1c562a2d32c0a2a52bfae9e2,Canadian English,canada,"Listen and listen to me very closely, we call them lifts, not elevators.",listen and listen to me very closely we call them lifts not elevators,071321c2f130c04bb4fa033aa0427d3b60de7c41c3333217a86dba1a5cc5d96a
xlsr_english,dmsuta,154,stage5ext_00619,7f88fdb59ecec75df8d06d03bc7fc4361b1824c772236491ccd731fb10f14e3cf7b550aaf16a4ef48e695b440eb33ebadf6f080d1c562a2d32c0a2a52bfae9e2,Canadian English,canada,"If you want to contradict what I just said, you will have to provide footnotes.",if you want to contradict what i just said you will have to provide footnotes,071321c2f130c04bb4fa033aa0427d3b60de7c41c3333217a86dba1a5cc5d96a
xlsr_english,dmsuta,154,stage5ext_00620,7f88fdb59ecec75df8d06d03bc7fc4361b1824c772236491ccd731fb10f14e3cf7b550aaf16a4ef48e695b440eb33ebadf6f080d1c562a2d32c0a2a52bfae9e2,Canadian English,canada,Backface culling is a common trick to accelerate Three-D rendering.,backface culling is a common trick to accelerate three-d rendering,071321c2f130c04bb4fa033aa0427d3b60de7c41c3333217a86dba1a5cc5d96a
xlsr_english,dmsuta,155,stage5ext_00621,7f88fdb59ecec75df8d06d03bc7fc4361b1824c772236491ccd731fb10f14e3cf7b550aaf16a4ef48e695b440eb33ebadf6f080d1c562a2d32c0a2a52bfae9e2,Canadian English,canada,Fatima was more important than his treasure.,fatima was more important than his treasure,ad13bcc54e9bbe641eb60868dc0dc965b3967c15701d4c92f3dc94308e2b2e42
xlsr_english,dmsuta,155,stage5ext_00622,7f88fdb59ecec75df8d06d03bc7fc4361b1824c772236491ccd731fb10f14e3cf7b550aaf16a4ef48e695b440eb33ebadf6f080d1c562a2d32c0a2a52bfae9e2,Canadian English,canada,But it was not to be.,but it was not to be,ad13bcc54e9bbe641eb60868dc0dc965b3967c15701d4c92f3dc94308e2b2e42
xlsr_english,dmsuta,155,stage5ext_00623,7f88fdb59ecec75df8d06d03bc7fc4361b1824c772236491ccd731fb10f14e3cf7b550aaf16a4ef48e695b440eb33ebadf6f080d1c562a2d32c0a2a52bfae9e2,Canadian English,canada,Display a list of escape characters.,display a list of escape characters,ad13bcc54e9bbe641eb60868dc0dc965b3967c15701d4c92f3dc94308e2b2e42
xlsr_english,dmsuta,155,stage5ext_00624,7f88fdb59ecec75df8d06d03bc7fc4361b1824c772236491ccd731fb10f14e3cf7b550aaf16a4ef48e695b440eb33ebadf6f080d1c562a2d32c0a2a52bfae9e2,Canadian English,canada,The Englishman had several suitcases filled with books.,the englishman had several suitcases filled with books,ad13bcc54e9bbe641eb60868dc0dc965b3967c15701d4c92f3dc94308e2b2e42
xlsr_english,dmsuta,156,stage5ext_00625,7f88fdb59ecec75df8d06d03bc7fc4361b1824c772236491ccd731fb10f14e3cf7b550aaf16a4ef48e695b440eb33ebadf6f080d1c562a2d32c0a2a52bfae9e2,Canadian English,canada,He just got a new kite for his birthday.,he just got a new kite for his birthday,0a3194803ff3a8e9ba41b894aa154b97e8105cc7c129659b45bfa8dca604fbb7
xlsr_english,dmsuta,156,stage5ext_00626,7f88fdb59ecec75df8d06d03bc7fc4361b1824c772236491ccd731fb10f14e3cf7b550aaf16a4ef48e695b440eb33ebadf6f080d1c562a2d32c0a2a52bfae9e2,Canadian English,canada,"Well, it's a long list.",well it's a long list,0a3194803ff3a8e9ba41b894aa154b97e8105cc7c129659b45bfa8dca604fbb7
xlsr_english,dmsuta,156,stage5ext_00627,7f88fdb59ecec75df8d06d03bc7fc4361b1824c772236491ccd731fb10f14e3cf7b550aaf16a4ef48e695b440eb33ebadf6f080d1c562a2d32c0a2a52bfae9e2,Canadian English,canada,"One day, the earth began to tremble, and the Nile overflowed its banks.",one day the earth began to tremble and the nile overflowed its banks,0a3194803ff3a8e9ba41b894aa154b97e8105cc7c129659b45bfa8dca604fbb7
xlsr_english,dmsuta,156,stage5ext_00628,7f88fdb59ecec75df8d06d03bc7fc4361b1824c772236491ccd731fb10f14e3cf7b550aaf16a4ef48e695b440eb33ebadf6f080d1c562a2d32c0a2a52bfae9e2,Canadian English,canada,"The waitress was carrying an impressive amount of dinnerware, but then an earthquake occurred and she dropped it all.",the watress was carrying an impressive amount of dinnerweare but then an earthquake occurred and she dropped it all,0a3194803ff3a8e9ba41b894aa154b97e8105cc7c129659b45bfa8dca604fbb7
xlsr_english,dmsuta,157,stage5ext_00629,7f88fdb59ecec75df8d06d03bc7fc4361b1824c772236491ccd731fb10f14e3cf7b550aaf16a4ef48e695b440eb33ebadf6f080d1c562a2d32c0a2a52bfae9e2,Canadian English,canada,Johnny Depp is reprising his role for the third time in the new film.,johnny dep is reprising his role for the third time in the new film,600b51667b2c94fe992ec9fd0df3b8ce70a66c9b0e6b0ea1979768fbb955a94f
xlsr_english,dmsuta,157,stage5ext_00630,7f88fdb59ecec75df8d06d03bc7fc4361b1824c772236491ccd731fb10f14e3cf7b550aaf16a4ef48e695b440eb33ebadf6f080d1c562a2d32c0a2a52bfae9e2,Canadian English,canada,The insurance policy will expire in twenty-twenty.,the insurance policy will expire in twenty-twenty,600b51667b2c94fe992ec9fd0df3b8ce70a66c9b0e6b0ea1979768fbb955a94f
xlsr_english,dmsuta,157,stage5ext_00631,c351c258fb7f6fd98e2b6dccc6dcbad5257965c8aceac0c60ba5b390d3e326847e121870153e0c8b87504d77c2d7baab09aef2d54ecdf46d1134d28a49792650,Canadian English,canada,Who says I'm looking for a job?,who says i'm looking for a job,600b51667b2c94fe992ec9fd0df3b8ce70a66c9b0e6b0ea1979768fbb955a94f
xlsr_english,dmsuta,157,stage5ext_00632,c351c258fb7f6fd98e2b6dccc6dcbad5257965c8aceac0c60ba5b390d3e326847e121870153e0c8b87504d77c2d7baab09aef2d54ecdf46d1134d28a49792650,Canadian English,canada,She apparently didn't listen.,she apparently didn't listen,600b51667b2c94fe992ec9fd0df3b8ce70a66c9b0e6b0ea1979768fbb955a94f
xlsr_english,dmsuta,158,stage5ext_00633,c351c258fb7f6fd98e2b6dccc6dcbad5257965c8aceac0c60ba5b390d3e326847e121870153e0c8b87504d77c2d7baab09aef2d54ecdf46d1134d28a49792650,Canadian English,canada,Do you know him?,do you know him,3b5c107b2b73aca63140edab807cb12857175c6f1c3a397f9a10c1ae5cc423ba
xlsr_english,dmsuta,158,stage5ext_00634,c351c258fb7f6fd98e2b6dccc6dcbad5257965c8aceac0c60ba5b390d3e326847e121870153e0c8b87504d77c2d7baab09aef2d54ecdf46d1134d28a49792650,Canadian English,canada,That's what I mean.,that's what i mean,3b5c107b2b73aca63140edab807cb12857175c6f1c3a397f9a10c1ae5cc423ba
xlsr_english,dmsuta,158,stage5ext_00635,c351c258fb7f6fd98e2b6dccc6dcbad5257965c8aceac0c60ba5b390d3e326847e121870153e0c8b87504d77c2d7baab09aef2d54ecdf46d1134d28a49792650,Canadian English,canada,The rectangle was parallel to the square.,the rectangle was parallel to the square,3b5c107b2b73aca63140edab807cb12857175c6f1c3a397f9a10c1ae5cc423ba
xlsr_english,dmsuta,158,stage5ext_00636,c351c258fb7f6fd98e2b6dccc6dcbad5257965c8aceac0c60ba5b390d3e326847e121870153e0c8b87504d77c2d7baab09aef2d54ecdf46d1134d28a49792650,Canadian English,canada,I wonder what's eating that old money grubbing buzzard anyway?,i wonder what's eating that old money grubbing buzzard anyway,3b5c107b2b73aca63140edab807cb12857175c6f1c3a397f9a10c1ae5cc423ba
xlsr_english,dmsuta,159,stage5ext_00637,c351c258fb7f6fd98e2b6dccc6dcbad5257965c8aceac0c60ba5b390d3e326847e121870153e0c8b87504d77c2d7baab09aef2d54ecdf46d1134d28a49792650,Canadian English,canada,She's a wonderful person.,she's a wonderful person,e19a310857d09ffda6096cdd387b22e2a70b38b7bf07acb999a591b88f7f6842
xlsr_english,dmsuta,159,stage5ext_00638,c351c258fb7f6fd98e2b6dccc6dcbad5257965c8aceac0c60ba5b390d3e326847e121870153e0c8b87504d77c2d7baab09aef2d54ecdf46d1134d28a49792650,Canadian English,canada,"It was not clear who had the right of way, since the traffic lights were off.",it was not clear who had the right of way since the troffic lights were off,e19a310857d09ffda6096cdd387b22e2a70b38b7bf07acb999a591b88f7f6842
xlsr_english,dmsuta,159,stage5ext_00639,c351c258fb7f6fd98e2b6dccc6dcbad5257965c8aceac0c60ba5b390d3e326847e121870153e0c8b87504d77c2d7baab09aef2d54ecdf46d1134d28a49792650,Canadian English,canada,Your government is counting on you.,your government is counting on you,e19a310857d09ffda6096cdd387b22e2a70b38b7bf07acb999a591b88f7f6842
xlsr_english,dmsuta,159,stage5ext_00640,c351c258fb7f6fd98e2b6dccc6dcbad5257965c8aceac0c60ba5b390d3e326847e121870153e0c8b87504d77c2d7baab09aef2d54ecdf46d1134d28a49792650,Canadian English,canada,Mollie did give her some kind of story.,molly did give her some kind of story,e19a310857d09ffda6096cdd387b22e2a70b38b7bf07acb999a591b88f7f6842
xlsr_english,dmsuta,160,stage5ext_00641,c351c258fb7f6fd98e2b6dccc6dcbad5257965c8aceac0c60ba5b390d3e326847e121870153e0c8b87504d77c2d7baab09aef2d54ecdf46d1134d28a49792650,Canadian English,canada,Fresh coffee is much better than the freeze dried stuff.,fresh coffee is much better than the freeze-dried stuff,e16853bc9e6075572b8f82d8ca452cdd57ab801b5cff4c7683e8f00aa6b473e9
xlsr_english,dmsuta,160,stage5ext_00642,c351c258fb7f6fd98e2b6dccc6dcbad5257965c8aceac0c60ba5b390d3e326847e121870153e0c8b87504d77c2d7baab09aef2d54ecdf46d1134d28a49792650,Canadian English,canada,Sandra read aloud the strange excerpt.,sandra read aloud the strange exorpt,e16853bc9e6075572b8f82d8ca452cdd57ab801b5cff4c7683e8f00aa6b473e9
xlsr_english,dmsuta,160,stage5ext_00643,c351c258fb7f6fd98e2b6dccc6dcbad5257965c8aceac0c60ba5b390d3e326847e121870153e0c8b87504d77c2d7baab09aef2d54ecdf46d1134d28a49792650,Canadian English,canada,Denise hoovered the rug.,denise hoovered the rug,e16853bc9e6075572b8f82d8ca452cdd57ab801b5cff4c7683e8f00aa6b473e9
xlsr_english,dmsuta,160,stage5ext_00644,c351c258fb7f6fd98e2b6dccc6dcbad5257965c8aceac0c60ba5b390d3e326847e121870153e0c8b87504d77c2d7baab09aef2d54ecdf46d1134d28a49792650,Canadian English,canada,He fondled his bright orange beard.,he fondled his bright orange beard,e16853bc9e6075572b8f82d8ca452cdd57ab801b5cff4c7683e8f00aa6b473e9
xlsr_english,dmsuta,161,stage5ext_00645,c351c258fb7f6fd98e2b6dccc6dcbad5257965c8aceac0c60ba5b390d3e326847e121870153e0c8b87504d77c2d7baab09aef2d54ecdf46d1134d28a49792650,Canadian English,canada,I knew you'd wake up sooner or later!,i knew you'd wake up sooner or later,85182c84887ee6785568c403a3e15299a84cd39cd664644de0e9ceaeb31b1d9f
xlsr_english,dmsuta,161,stage5ext_00646,760d3165d3a07ad90ef4a2b9248bbf4ad9fb43b3d7a518ee594214a8cddc34fa81c1608244500a4e6c4c7a43bcc7aa747d4aaf12ec5ef17ace5bbaaded5a7c73,Canadian English,canada,"Washington Township was named for George Washington, first president of the United States.",washington township was named for george washington first president of the united states,85182c84887ee6785568c403a3e15299a84cd39cd664644de0e9ceaeb31b1d9f
xlsr_english,dmsuta,161,stage5ext_00647,760d3165d3a07ad90ef4a2b9248bbf4ad9fb43b3d7a518ee594214a8cddc34fa81c1608244500a4e6c4c7a43bcc7aa747d4aaf12ec5ef17ace5bbaaded5a7c73,Canadian English,canada,Mount Berry was named after Berry College founder Martha Berry.,malberry was named after barry college founder martha berry,85182c84887ee6785568c403a3e15299a84cd39cd664644de0e9ceaeb31b1d9f
xlsr_english,dmsuta,161,stage5ext_00648,760d3165d3a07ad90ef4a2b9248bbf4ad9fb43b3d7a518ee594214a8cddc34fa81c1608244500a4e6c4c7a43bcc7aa747d4aaf12ec5ef17ace5bbaaded5a7c73,Canadian English,canada,The boys and girls winners go to Birmingham for the Final Four tournament.,the boys and girls winners go to birmingham for the final four tournament,85182c84887ee6785568c403a3e15299a84cd39cd664644de0e9ceaeb31b1d9f
xlsr_english,dmsuta,162,stage5ext_00649,760d3165d3a07ad90ef4a2b9248bbf4ad9fb43b3d7a518ee594214a8cddc34fa81c1608244500a4e6c4c7a43bcc7aa747d4aaf12ec5ef17ace5bbaaded5a7c73,Canadian English,canada,"In the central business district, the main activities include welding, carpentry and masonry.",in the central business district the main activities include welding carpentree and maisonry,b6130bc281163a1f62c5d95a1a172627d131ad85a112191b275fde53b6522ca8
xlsr_english,dmsuta,162,stage5ext_00650,760d3165d3a07ad90ef4a2b9248bbf4ad9fb43b3d7a518ee594214a8cddc34fa81c1608244500a4e6c4c7a43bcc7aa747d4aaf12ec5ef17ace5bbaaded5a7c73,Canadian English,canada,Drivers pass by Engineer Mountain and Twilight Peak before crossing Coal Bank Pass.,drivers pass by engineer mountain and twilight peak before crossing coalbank pass,b6130bc281163a1f62c5d95a1a172627d131ad85a112191b275fde53b6522ca8
xlsr_english,dmsuta,162,stage5ext_00651,760d3165d3a07ad90ef4a2b9248bbf4ad9fb43b3d7a518ee594214a8cddc34fa81c1608244500a4e6c4c7a43bcc7aa747d4aaf12ec5ef17ace5bbaaded5a7c73,Canadian English,canada,The scope may provide direct visualization or may be attached to a video monitor.,the scope may provide direct visualization or may be attached to a video monitor,b6130bc281163a1f62c5d95a1a172627d131ad85a112191b275fde53b6522ca8
xlsr_english,dmsuta,162,stage5ext_00652,760d3165d3a07ad90ef4a2b9248bbf4ad9fb43b3d7a518ee594214a8cddc34fa81c1608244500a4e6c4c7a43bcc7aa747d4aaf12ec5ef17ace5bbaaded5a7c73,Canadian English,canada,Other scholars refute these arguments-particularly since Josephus describes some Essenes as allowing marriage.,other scholars refute these arguments particularly since trosaphus describes some assents as allowing marriage,b6130bc281163a1f62c5d95a1a172627d131ad85a112191b275fde53b6522ca8
xlsr_english,dmsuta,163,stage5ext_00653,760d3165d3a07ad90ef4a2b9248bbf4ad9fb43b3d7a518ee594214a8cddc34fa81c1608244500a4e6c4c7a43bcc7aa747d4aaf12ec5ef17ace5bbaaded5a7c73,Canadian English,canada,"Violence occurs in childhood sexual abuse, date rape, intimate partner violence, and sexual harassment.",vilence occurs in childhood sexial abuse daterate intimate partner violence and sexial harassement,ba8d49901cfec62e6cbc8ddd1241cb40942816416c76bb268ff87168cc424aca
xlsr_english,dmsuta,163,stage5ext_00654,760d3165d3a07ad90ef4a2b9248bbf4ad9fb43b3d7a518ee594214a8cddc34fa81c1608244500a4e6c4c7a43bcc7aa747d4aaf12ec5ef17ace5bbaaded5a7c73,Canadian English,canada,Baby later changed his stage name to Birdman after the duo was dissolved.,baby later changed his stage name to birdman after the duo was dissolved,ba8d49901cfec62e6cbc8ddd1241cb40942816416c76bb268ff87168cc424aca
xlsr_english,dmsuta,163,stage5ext_00655,760d3165d3a07ad90ef4a2b9248bbf4ad9fb43b3d7a518ee594214a8cddc34fa81c1608244500a4e6c4c7a43bcc7aa747d4aaf12ec5ef17ace5bbaaded5a7c73,Canadian English,canada,Manufacturers of identification badges recognized a market and began advertising in periodicals.,manufacturers of identification badges recognized a market and began advertising in periodicals,ba8d49901cfec62e6cbc8ddd1241cb40942816416c76bb268ff87168cc424aca
xlsr_english,dmsuta,163,stage5ext_00656,760d3165d3a07ad90ef4a2b9248bbf4ad9fb43b3d7a518ee594214a8cddc34fa81c1608244500a4e6c4c7a43bcc7aa747d4aaf12ec5ef17ace5bbaaded5a7c73,Canadian English,canada,Dozens of descriptions of Elizabeth on that day exist with slightly differing details.,dozens of descriptions of elizabeth on that day exist with slightly differing details,ba8d49901cfec62e6cbc8ddd1241cb40942816416c76bb268ff87168cc424aca
xlsr_english,dmsuta,164,stage5ext_00657,760d3165d3a07ad90ef4a2b9248bbf4ad9fb43b3d7a518ee594214a8cddc34fa81c1608244500a4e6c4c7a43bcc7aa747d4aaf12ec5ef17ace5bbaaded5a7c73,Canadian English,canada,However Victoria didn't develop any games.,however victoria didn't develop any games,facbe2bde338053ab0196b3acecd985322b9640a7e2f1240c11ba29713cd2f53
xlsr_english,dmsuta,164,stage5ext_00658,760d3165d3a07ad90ef4a2b9248bbf4ad9fb43b3d7a518ee594214a8cddc34fa81c1608244500a4e6c4c7a43bcc7aa747d4aaf12ec5ef17ace5bbaaded5a7c73,Canadian English,canada,"Following Dunkirk, ""Jackal"" returned to the routine of convoy escort and patrols.",following dunkirk jacquel returned to the routine of convoy escort and patrols,facbe2bde338053ab0196b3acecd985322b9640a7e2f1240c11ba29713cd2f53
xlsr_english,dmsuta,164,stage5ext_00659,760d3165d3a07ad90ef4a2b9248bbf4ad9fb43b3d7a518ee594214a8cddc34fa81c1608244500a4e6c4c7a43bcc7aa747d4aaf12ec5ef17ace5bbaaded5a7c73,Canadian English,canada,O'Quinn held this role for all three seasons of the series.,o'quin held this role for all three seasons of the series,facbe2bde338053ab0196b3acecd985322b9640a7e2f1240c11ba29713cd2f53
xlsr_english,dmsuta,164,stage5ext_00660,760d3165d3a07ad90ef4a2b9248bbf4ad9fb43b3d7a518ee594214a8cddc34fa81c1608244500a4e6c4c7a43bcc7aa747d4aaf12ec5ef17ace5bbaaded5a7c73,Canadian English,canada,Sartene wine is appreciated by wine connoisseurs for its good quality.,sartine wine is appreciated by wine conissers for its good quality,facbe2bde338053ab0196b3acecd985322b9640a7e2f1240c11ba29713cd2f53
xlsr_english,dmsuta,165,stage5ext_00661,591dc19ef324950dafd8ce359e9711f332297ea7ff75da4847f4653c4698cfb4a469db4e15b5ea6b6512eb8f51f1b066477920287c57ae1056528e11c1bd1976,Canadian English,canada,It was returned to Prussia at the end of the war.,it was returned to prussia at the end of the war,b4ff28dcacab75832e7f9ae3b39dc7c6d3d1aa9de3e77e4e127d38d7728efce2
xlsr_english,dmsuta,165,stage5ext_00662,591dc19ef324950dafd8ce359e9711f332297ea7ff75da4847f4653c4698cfb4a469db4e15b5ea6b6512eb8f51f1b066477920287c57ae1056528e11c1bd1976,Canadian English,canada,It is now named Longton Exchange.,it is now named longton exchange,b4ff28dcacab75832e7f9ae3b39dc7c6d3d1aa9de3e77e4e127d38d7728efce2
xlsr_english,dmsuta,165,stage5ext_00663,591dc19ef324950dafd8ce359e9711f332297ea7ff75da4847f4653c4698cfb4a469db4e15b5ea6b6512eb8f51f1b066477920287c57ae1056528e11c1bd1976,Canadian English,canada,Eddie Antar was eventually charged with a series of crimes.,eddie unter was eventually charged with a series of crimes,b4ff28dcacab75832e7f9ae3b39dc7c6d3d1aa9de3e77e4e127d38d7728efce2
xlsr_english,dmsuta,165,stage5ext_00664,591dc19ef324950dafd8ce359e9711f332297ea7ff75da4847f4653c4698cfb4a469db4e15b5ea6b6512eb8f51f1b066477920287c57ae1056528e11c1bd1976,Canadian English,canada,The monuments built by these Sultans were the first examples of Indo-Islamic Architecture.,the monuments built by these sultans were the first examples of indo-islamic architecture,b4ff28dcacab75832e7f9ae3b39dc7c6d3d1aa9de3e77e4e127d38d7728efce2
xlsr_english,dmsuta,166,stage5ext_00665,591dc19ef324950dafd8ce359e9711f332297ea7ff75da4847f4653c4698cfb4a469db4e15b5ea6b6512eb8f51f1b066477920287c57ae1056528e11c1bd1976,Canadian English,canada,"She has two sisters, Laura Norris and Sarah McNeil, and a brother, Andrew McNeil.",she has two sisters laura noris and sara mcneil and a brother andrew mcneil,8b33b2a20088a8eacc5c43dc97fae3f8d06f5ae866aee185bb21a81abd40bf64
xlsr_english,dmsuta,166,stage5ext_00666,591dc19ef324950dafd8ce359e9711f332297ea7ff75da4847f4653c4698cfb4a469db4e15b5ea6b6512eb8f51f1b066477920287c57ae1056528e11c1bd1976,Canadian English,canada,"Earthquakes along the fault, and the associated earth movements, have formed the Southern Alps.",earthquakes along thefault and the associated earth movements have formed the southern alps,8b33b2a20088a8eacc5c43dc97fae3f8d06f5ae866aee185bb21a81abd40bf64
xlsr_english,dmsuta,166,stage5ext_00667,591dc19ef324950dafd8ce359e9711f332297ea7ff75da4847f4653c4698cfb4a469db4e15b5ea6b6512eb8f51f1b066477920287c57ae1056528e11c1bd1976,Canadian English,canada,Expression Encoder consists of two editions: A freeware edition and a commercial Pro edition.,expression an coder consists of two editions a freeware edition and a commercial pro-edition,8b33b2a20088a8eacc5c43dc97fae3f8d06f5ae866aee185bb21a81abd40bf64
xlsr_english,dmsuta,166,stage5ext_00668,591dc19ef324950dafd8ce359e9711f332297ea7ff75da4847f4653c4698cfb4a469db4e15b5ea6b6512eb8f51f1b066477920287c57ae1056528e11c1bd1976,Canadian English,canada,The couple's working relationship became personal and resulted in marriage the following year.,the couple's working relationship became personal and resulted in marriage the following year,8b33b2a20088a8eacc5c43dc97fae3f8d06f5ae866aee185bb21a81abd40bf64
xlsr_english,dmsuta,167,stage5ext_00669,591dc19ef324950dafd8ce359e9711f332297ea7ff75da4847f4653c4698cfb4a469db4e15b5ea6b6512eb8f51f1b066477920287c57ae1056528e11c1bd1976,Canadian English,canada,"Upon returning to the Mets, his career was reborn.",upon returning to the mets his career was reborn,c7cf050e3ed3acc03e8ca93029559f8874d0a22a9613a6700615bb1c58773b60
xlsr_english,dmsuta,167,stage5ext_00670,591dc19ef324950dafd8ce359e9711f332297ea7ff75da4847f4653c4698cfb4a469db4e15b5ea6b6512eb8f51f1b066477920287c57ae1056528e11c1bd1976,Canadian English,canada,"She was in the award-winning musical ""Light in the Piazza"" on Broadway.",she was in the award winning musical light in the piaza on broadway,c7cf050e3ed3acc03e8ca93029559f8874d0a22a9613a6700615bb1c58773b60
xlsr_english,dmsuta,167,stage5ext_00671,591dc19ef324950dafd8ce359e9711f332297ea7ff75da4847f4653c4698cfb4a469db4e15b5ea6b6512eb8f51f1b066477920287c57ae1056528e11c1bd1976,Canadian English,canada,He then went on to a second career as a car racing driver.,he then went on to a second career as a car racing driver,c7cf050e3ed3acc03e8ca93029559f8874d0a22a9613a6700615bb1c58773b60
xlsr_english,dmsuta,167,stage5ext_00672,591dc19ef324950dafd8ce359e9711f332297ea7ff75da4847f4653c4698cfb4a469db4e15b5ea6b6512eb8f51f1b066477920287c57ae1056528e11c1bd1976,Canadian English,canada,"For Mainz, Joseph Ludwig Colmar was soon appointed as bishop.",for mains joseph ludwig kolmar was soon appointed as bishop,c7cf050e3ed3acc03e8ca93029559f8874d0a22a9613a6700615bb1c58773b60
xlsr_english,dmsuta,168,stage5ext_00673,591dc19ef324950dafd8ce359e9711f332297ea7ff75da4847f4653c4698cfb4a469db4e15b5ea6b6512eb8f51f1b066477920287c57ae1056528e11c1bd1976,Canadian English,canada,"He has been nicknamed ""The Man of a Thousand Voices"".",he has been nicknamed the man of a thousand voices,7351dfc8d774e320ace2d71b5476fe2959c7b74de68daebf4b3683314bbe3a9f
xlsr_english,dmsuta,168,stage5ext_00674,591dc19ef324950dafd8ce359e9711f332297ea7ff75da4847f4653c4698cfb4a469db4e15b5ea6b6512eb8f51f1b066477920287c57ae1056528e11c1bd1976,Canadian English,canada,He then teamed up Martin Salkin and Milt Gabler of Decca Records.,he then teamed up martin salcon and milt gabbler of decca records,7351dfc8d774e320ace2d71b5476fe2959c7b74de68daebf4b3683314bbe3a9f
xlsr_english,dmsuta,168,stage5ext_00675,591dc19ef324950dafd8ce359e9711f332297ea7ff75da4847f4653c4698cfb4a469db4e15b5ea6b6512eb8f51f1b066477920287c57ae1056528e11c1bd1976,Canadian English,canada,"They became most prominent in the Roman Republic, and continued into the Empire.",they became the most prominent in the roman republic and continued into the empire,7351dfc8d774e320ace2d71b5476fe2959c7b74de68daebf4b3683314bbe3a9f
xlsr_english,dmsuta,168,stage5ext_00676,87b42e85779256f12cd8467a8790384f4d1ba3aa2c3821b798e151f94702c8fecb77a8f125195bf02e72b9c5cf01c3d6ddda5e6d3aa87b4bc525756a8c2b8807,Canadian English,canada,East-southeast of Boussingault lies the crater Neumayer.,east-southeast of busingol lies the crater noulmeyer,7351dfc8d774e320ace2d71b5476fe2959c7b74de68daebf4b3683314bbe3a9f
xlsr_english,dmsuta,169,stage5ext_00677,87b42e85779256f12cd8467a8790384f4d1ba3aa2c3821b798e151f94702c8fecb77a8f125195bf02e72b9c5cf01c3d6ddda5e6d3aa87b4bc525756a8c2b8807,Canadian English,canada,Recorded at the composer's studio under his supervision.,recorded at the composer's studio under his supervision,b275c2514c168c5ae8fbad08691c153a80f987abca8b5f826b9448c128779390
xlsr_english,dmsuta,169,stage5ext_00678,87b42e85779256f12cd8467a8790384f4d1ba3aa2c3821b798e151f94702c8fecb77a8f125195bf02e72b9c5cf01c3d6ddda5e6d3aa87b4bc525756a8c2b8807,Canadian English,canada,Varied versions of the artwork within the album exist.,varied versions of the artwork within the album exist,b275c2514c168c5ae8fbad08691c153a80f987abca8b5f826b9448c128779390
xlsr_english,dmsuta,169,stage5ext_00679,87b42e85779256f12cd8467a8790384f4d1ba3aa2c3821b798e151f94702c8fecb77a8f125195bf02e72b9c5cf01c3d6ddda5e6d3aa87b4bc525756a8c2b8807,Canadian English,canada,"Construction was conducted by Kassel, Germany-based Henschel.",construction was conducted by castle germany-based henshell,b275c2514c168c5ae8fbad08691c153a80f987abca8b5f826b9448c128779390
xlsr_english,dmsuta,169,stage5ext_00680,87b42e85779256f12cd8467a8790384f4d1ba3aa2c3821b798e151f94702c8fecb77a8f125195bf02e72b9c5cf01c3d6ddda5e6d3aa87b4bc525756a8c2b8807,Canadian English,canada,He started reading novels and literature since he just finished the primary school.,he started reading novels and literature since he just finished the primary school,b275c2514c168c5ae8fbad08691c153a80f987abca8b5f826b9448c128779390
xlsr_english,dmsuta,170,stage5ext_00681,87b42e85779256f12cd8467a8790384f4d1ba3aa2c3821b798e151f94702c8fecb77a8f125195bf02e72b9c5cf01c3d6ddda5e6d3aa87b4bc525756a8c2b8807,Canadian English,canada,They won a majority of seats in every province and territory.,they won a majority of seats in every province and territory,3c7594c6f2497b2fa4a1363b14c3ab18aa6ce3649ce7de307ecdbd537653aa13
xlsr_english,dmsuta,170,stage5ext_00682,87b42e85779256f12cd8467a8790384f4d1ba3aa2c3821b798e151f94702c8fecb77a8f125195bf02e72b9c5cf01c3d6ddda5e6d3aa87b4bc525756a8c2b8807,Canadian English,canada,Opposed to the more moderate Parchamis were the radical Khalq faction.,opposed to the more moderate parchamus were the more rodical calcfaction,3c7594c6f2497b2fa4a1363b14c3ab18aa6ce3649ce7de307ecdbd537653aa13
xlsr_english,dmsuta,170,stage5ext_00683,87b42e85779256f12cd8467a8790384f4d1ba3aa2c3821b798e151f94702c8fecb77a8f125195bf02e72b9c5cf01c3d6ddda5e6d3aa87b4bc525756a8c2b8807,Canadian English,canada,Gyrich is also involved in hunting the Hulk after the events of Onslaught.,gayrich is also involved in hunting the hulk after the events of onslougt,3c7594c6f2497b2fa4a1363b14c3ab18aa6ce3649ce7de307ecdbd537653aa13
xlsr_english,dmsuta,170,stage5ext_00684,87b42e85779256f12cd8467a8790384f4d1ba3aa2c3821b798e151f94702c8fecb77a8f125195bf02e72b9c5cf01c3d6ddda5e6d3aa87b4bc525756a8c2b8807,Canadian English,canada,It was also hosted by the team of Rich Landrum and Johnny Weaver.,it was also hosted by the team of rich landrum and johnny weaver,3c7594c6f2497b2fa4a1363b14c3ab18aa6ce3649ce7de307ecdbd537653aa13
xlsr_english,dmsuta,171,stage5ext_00685,87b42e85779256f12cd8467a8790384f4d1ba3aa2c3821b798e151f94702c8fecb77a8f125195bf02e72b9c5cf01c3d6ddda5e6d3aa87b4bc525756a8c2b8807,Canadian English,canada,"His cause for canonization was introduced by his religious order, the Basilian Alepian Order.",his cause for canonization was introduced by his religious order the bazilian elympian order,2acd90f5079a6db38595efe54b472c3e3b21f19fa13e310ae4ce6f2c49f694c1
xlsr_english,dmsuta,171,stage5ext_00686,87b42e85779256f12cd8467a8790384f4d1ba3aa2c3821b798e151f94702c8fecb77a8f125195bf02e72b9c5cf01c3d6ddda5e6d3aa87b4bc525756a8c2b8807,Canadian English,canada,"Terminals can be attacked and disabled, but not destroyed.",terminals can be attacked and disabled but not destroyed,2acd90f5079a6db38595efe54b472c3e3b21f19fa13e310ae4ce6f2c49f694c1
xlsr_english,dmsuta,171,stage5ext_00687,87b42e85779256f12cd8467a8790384f4d1ba3aa2c3821b798e151f94702c8fecb77a8f125195bf02e72b9c5cf01c3d6ddda5e6d3aa87b4bc525756a8c2b8807,Canadian English,canada,They're going to see this as an historic time.,they're going to see this as a historic time,2acd90f5079a6db38595efe54b472c3e3b21f19fa13e310ae4ce6f2c49f694c1
xlsr_english,dmsuta,171,stage5ext_00688,87b42e85779256f12cd8467a8790384f4d1ba3aa2c3821b798e151f94702c8fecb77a8f125195bf02e72b9c5cf01c3d6ddda5e6d3aa87b4bc525756a8c2b8807,Canadian English,canada,"Due to his high penance, Lord murugan appeared like snake to him.",due to his high penants lord mutigan appeared like snake to him,2acd90f5079a6db38595efe54b472c3e3b21f19fa13e310ae4ce6f2c49f694c1
xlsr_english,dmsuta,172,stage5ext_00689,87b42e85779256f12cd8467a8790384f4d1ba3aa2c3821b798e151f94702c8fecb77a8f125195bf02e72b9c5cf01c3d6ddda5e6d3aa87b4bc525756a8c2b8807,Canadian English,canada,Consumption soon returned to normal however.,consumption soon returned to normal however,e3070be2552861793708ca8eb7085f6d9b4a77acd33e19fdc4180aa16e7d71db
xlsr_english,dmsuta,172,stage5ext_00690,87b42e85779256f12cd8467a8790384f4d1ba3aa2c3821b798e151f94702c8fecb77a8f125195bf02e72b9c5cf01c3d6ddda5e6d3aa87b4bc525756a8c2b8807,Canadian English,canada,"Alva was featured in the video game, ""Tony Hawk's American Wasteland"".",alva was featured in the window game tony hawks american wasteland,e3070be2552861793708ca8eb7085f6d9b4a77acd33e19fdc4180aa16e7d71db
xlsr_english,dmsuta,172,stage5ext_00691,1bda50a4a88d77a1bc592a14e21c501410d6db026449e39808be8fdf0a370dcc6adb09567d53480b5796f2560267441eafe3faf65ae56ae50502479cbab97242,Canadian English,canada,"They found all sorts of drugs at Howard's house: Cocaine, meth, heroine...",they found all sorts of drugs at howard's house cocane muhheroin,e3070be2552861793708ca8eb7085f6d9b4a77acd33e19fdc4180aa16e7d71db
xlsr_english,dmsuta,172,stage5ext_00692,1bda50a4a88d77a1bc592a14e21c501410d6db026449e39808be8fdf0a370dcc6adb09567d53480b5796f2560267441eafe3faf65ae56ae50502479cbab97242,Canadian English,canada,"Sure, I will be right back.",sure i'll be right back,e3070be2552861793708ca8eb7085f6d9b4a77acd33e19fdc4180aa16e7d71db
xlsr_english,dmsuta,173,stage5ext_00693,1bda50a4a88d77a1bc592a14e21c501410d6db026449e39808be8fdf0a370dcc6adb09567d53480b5796f2560267441eafe3faf65ae56ae50502479cbab97242,Canadian English,canada,"When he got the call, Ali ran out of the store, down the street, and into the car.",when he got the call ali ran out of the store down the street and entered the car,f63988dfe0b7e66475561740e3c45901a90ea03f10daf474527d163e5b3ef307
xlsr_english,dmsuta,173,stage5ext_00694,1bda50a4a88d77a1bc592a14e21c501410d6db026449e39808be8fdf0a370dcc6adb09567d53480b5796f2560267441eafe3faf65ae56ae50502479cbab97242,Canadian English,canada,"As they began to decorate the hallway, a silhouette appeared in the doorway.",as they began to decorate the hallway a silhouetta appeared in the doorway,f63988dfe0b7e66475561740e3c45901a90ea03f10daf474527d163e5b3ef307
xlsr_english,dmsuta,173,stage5ext_00695,1bda50a4a88d77a1bc592a14e21c501410d6db026449e39808be8fdf0a370dcc6adb09567d53480b5796f2560267441eafe3faf65ae56ae50502479cbab97242,Canadian English,canada,"Roaming endlessly around the park, she wants to go home.",roming endlessly around the park she wants to go home,f63988dfe0b7e66475561740e3c45901a90ea03f10daf474527d163e5b3ef307
xlsr_english,dmsuta,173,stage5ext_00696,1bda50a4a88d77a1bc592a14e21c501410d6db026449e39808be8fdf0a370dcc6adb09567d53480b5796f2560267441eafe3faf65ae56ae50502479cbab97242,Canadian English,canada,"Hooray, we're going to Alaska!",haray we're going to alaska,f63988dfe0b7e66475561740e3c45901a90ea03f10daf474527d163e5b3ef307
xlsr_english,dmsuta,174,stage5ext_00697,1bda50a4a88d77a1bc592a14e21c501410d6db026449e39808be8fdf0a370dcc6adb09567d53480b5796f2560267441eafe3faf65ae56ae50502479cbab97242,Canadian English,canada,"In the discotheque, the DJ played progressive house music and trance.",in the discoteck the dj played progressive house music and trance,f1ed939d2b2b858e4c5f6924abc5fdd1fddd0c76974968d373fb1c95a7384b5b
xlsr_english,dmsuta,174,stage5ext_00698,1bda50a4a88d77a1bc592a14e21c501410d6db026449e39808be8fdf0a370dcc6adb09567d53480b5796f2560267441eafe3faf65ae56ae50502479cbab97242,Canadian English,canada,Susan is an artist who lives in Vermont.,susan is an artist who lives in vermont,f1ed939d2b2b858e4c5f6924abc5fdd1fddd0c76974968d373fb1c95a7384b5b
xlsr_english,dmsuta,174,stage5ext_00699,1bda50a4a88d77a1bc592a14e21c501410d6db026449e39808be8fdf0a370dcc6adb09567d53480b5796f2560267441eafe3faf65ae56ae50502479cbab97242,Canadian English,canada,What is the matter with you?,what is the matter with you,f1ed939d2b2b858e4c5f6924abc5fdd1fddd0c76974968d373fb1c95a7384b5b
xlsr_english,dmsuta,174,stage5ext_00700,1bda50a4a88d77a1bc592a14e21c501410d6db026449e39808be8fdf0a370dcc6adb09567d53480b5796f2560267441eafe3faf65ae56ae50502479cbab97242,Canadian English,canada,"She is a very smart lady, and I think she can figure it out.",she is a very smart lady and i think she can figure it out,f1ed939d2b2b858e4c5f6924abc5fdd1fddd0c76974968d373fb1c95a7384b5b
xlsr_english,dmsuta,175,stage5ext_00701,1bda50a4a88d77a1bc592a14e21c501410d6db026449e39808be8fdf0a370dcc6adb09567d53480b5796f2560267441eafe3faf65ae56ae50502479cbab97242,Canadian English,canada,"Astronomy might be complicated, but it's not rocket science.",astronomy might be complicated but it's not rocket science,8cff8244a5a27d8f6c895273023229f54135e7cf49c05262226acf90760ac0ce
xlsr_english,dmsuta,175,stage5ext_00702,1bda50a4a88d77a1bc592a14e21c501410d6db026449e39808be8fdf0a370dcc6adb09567d53480b5796f2560267441eafe3faf65ae56ae50502479cbab97242,Canadian English,canada,"Angela is pregnant, she told me.",angela is pregnant she told me,8cff8244a5a27d8f6c895273023229f54135e7cf49c05262226acf90760ac0ce
xlsr_english,dmsuta,175,stage5ext_00703,1bda50a4a88d77a1bc592a14e21c501410d6db026449e39808be8fdf0a370dcc6adb09567d53480b5796f2560267441eafe3faf65ae56ae50502479cbab97242,Canadian English,canada,"The diver forced open the oyster, revealing a shimmering pearl.",the diver forced open the oyster revealing a shimering pearl,8cff8244a5a27d8f6c895273023229f54135e7cf49c05262226acf90760ac0ce
xlsr_english,dmsuta,175,stage5ext_00704,1bda50a4a88d77a1bc592a14e21c501410d6db026449e39808be8fdf0a370dcc6adb09567d53480b5796f2560267441eafe3faf65ae56ae50502479cbab97242,Canadian English,canada,"Salmon is one of the most popular fish and very delicious, though usually not sustainable.",salmon is one of the most popular fish and very delicious though usually not sustainable,8cff8244a5a27d8f6c895273023229f54135e7cf49c05262226acf90760ac0ce
xlsr_english,dmsuta,176,stage5ext_00705,1bda50a4a88d77a1bc592a14e21c501410d6db026449e39808be8fdf0a370dcc6adb09567d53480b5796f2560267441eafe3faf65ae56ae50502479cbab97242,Canadian English,canada,"This pepperoni tastes off, she said.",thes paperony tastes off she said,0c129ce52f8810a73ae3836474d6d40ca43424977bfc02fd5a5e5ec63232cdc3
xlsr_english,dmsuta,176,stage5ext_00706,3609f33a23ed07b4e369020bc8bfcb519c8e108d2510cda5649a103fb8e4c9a120753d04b1cfbf9d5ebca2b2674d1f16d7269aa4d619254315923f04a0e8872a,Canadian English,canada,You might as well play Russian roulette.,you might as well play russian roulete,0c129ce52f8810a73ae3836474d6d40ca43424977bfc02fd5a5e5ec63232cdc3
xlsr_english,dmsuta,176,stage5ext_00707,3609f33a23ed07b4e369020bc8bfcb519c8e108d2510cda5649a103fb8e4c9a120753d04b1cfbf9d5ebca2b2674d1f16d7269aa4d619254315923f04a0e8872a,Canadian English,canada,We are going to the football game tonight.,we are going to the football game tonight,0c129ce52f8810a73ae3836474d6d40ca43424977bfc02fd5a5e5ec63232cdc3
xlsr_english,dmsuta,176,stage5ext_00708,3609f33a23ed07b4e369020bc8bfcb519c8e108d2510cda5649a103fb8e4c9a120753d04b1cfbf9d5ebca2b2674d1f16d7269aa4d619254315923f04a0e8872a,Canadian English,canada,Send the stuff in a thick paper bag.,send the stuff in a thick paper bag,0c129ce52f8810a73ae3836474d6d40ca43424977bfc02fd5a5e5ec63232cdc3
xlsr_english,dmsuta,177,stage5ext_00709,3609f33a23ed07b4e369020bc8bfcb519c8e108d2510cda5649a103fb8e4c9a120753d04b1cfbf9d5ebca2b2674d1f16d7269aa4d619254315923f04a0e8872a,Canadian English,canada,The early bird catches the worm.,the early bird catches the worm,3a2cebb0b169091f44cd8f9b3317db2c1f918a423bc26f3a84d840a40acd0349
xlsr_english,dmsuta,177,stage5ext_00710,3609f33a23ed07b4e369020bc8bfcb519c8e108d2510cda5649a103fb8e4c9a120753d04b1cfbf9d5ebca2b2674d1f16d7269aa4d619254315923f04a0e8872a,Canadian English,canada,A toad and a frog are hard to tell apart.,a tod and a frog are hard to tell apart,3a2cebb0b169091f44cd8f9b3317db2c1f918a423bc26f3a84d840a40acd0349
xlsr_english,dmsuta,177,stage5ext_00711,3609f33a23ed07b4e369020bc8bfcb519c8e108d2510cda5649a103fb8e4c9a120753d04b1cfbf9d5ebca2b2674d1f16d7269aa4d619254315923f04a0e8872a,Canadian English,canada,William ran down the street.,william ran down the street,3a2cebb0b169091f44cd8f9b3317db2c1f918a423bc26f3a84d840a40acd0349
xlsr_english,dmsuta,177,stage5ext_00712,3609f33a23ed07b4e369020bc8bfcb519c8e108d2510cda5649a103fb8e4c9a120753d04b1cfbf9d5ebca2b2674d1f16d7269aa4d619254315923f04a0e8872a,Canadian English,canada,But it was not to be.,but it was not to be,3a2cebb0b169091f44cd8f9b3317db2c1f918a423bc26f3a84d840a40acd0349
xlsr_english,dmsuta,178,stage5ext_00713,3609f33a23ed07b4e369020bc8bfcb519c8e108d2510cda5649a103fb8e4c9a120753d04b1cfbf9d5ebca2b2674d1f16d7269aa4d619254315923f04a0e8872a,Canadian English,canada,Add the sum to the product of these three.,add the sum to the product of these three,c0075f5fc80fae7e8ffc7348630ec4a15a1ffec3c936ca1eea5492a9e43382d6
xlsr_english,dmsuta,178,stage5ext_00714,3609f33a23ed07b4e369020bc8bfcb519c8e108d2510cda5649a103fb8e4c9a120753d04b1cfbf9d5ebca2b2674d1f16d7269aa4d619254315923f04a0e8872a,Canadian English,canada,Birds of a feather flock – together.,birds of a feather flock together,c0075f5fc80fae7e8ffc7348630ec4a15a1ffec3c936ca1eea5492a9e43382d6
xlsr_english,dmsuta,178,stage5ext_00715,3609f33a23ed07b4e369020bc8bfcb519c8e108d2510cda5649a103fb8e4c9a120753d04b1cfbf9d5ebca2b2674d1f16d7269aa4d619254315923f04a0e8872a,Canadian English,canada,It was raised from everyone who entered the city during the celebration period.,it was raised from everyone who entered the city during the celebration period,c0075f5fc80fae7e8ffc7348630ec4a15a1ffec3c936ca1eea5492a9e43382d6
xlsr_english,dmsuta,178,stage5ext_00716,3609f33a23ed07b4e369020bc8bfcb519c8e108d2510cda5649a103fb8e4c9a120753d04b1cfbf9d5ebca2b2674d1f16d7269aa4d619254315923f04a0e8872a,Canadian English,canada,A zestful food is the hot-cross bun.,azzessful food is the hot cross bun,c0075f5fc80fae7e8ffc7348630ec4a15a1ffec3c936ca1eea5492a9e43382d6
xlsr_english,dmsuta,179,stage5ext_00717,3609f33a23ed07b4e369020bc8bfcb519c8e108d2510cda5649a103fb8e4c9a120753d04b1cfbf9d5ebca2b2674d1f16d7269aa4d619254315923f04a0e8872a,Canadian English,canada,Just as I thought!,just as i thought,0a040a09ceb0a577271548d8b8a3833bb008bced3ebf5ed7f9882c76dbe6f5f4
xlsr_english,dmsuta,179,stage5ext_00718,3609f33a23ed07b4e369020bc8bfcb519c8e108d2510cda5649a103fb8e4c9a120753d04b1cfbf9d5ebca2b2674d1f16d7269aa4d619254315923f04a0e8872a,Canadian English,canada,Each penny shone like new.,each penny shone like new,0a040a09ceb0a577271548d8b8a3833bb008bced3ebf5ed7f9882c76dbe6f5f4
xlsr_english,dmsuta,179,stage5ext_00719,3609f33a23ed07b4e369020bc8bfcb519c8e108d2510cda5649a103fb8e4c9a120753d04b1cfbf9d5ebca2b2674d1f16d7269aa4d619254315923f04a0e8872a,Canadian English,canada,Does that suit you?,does that suit you,0a040a09ceb0a577271548d8b8a3833bb008bced3ebf5ed7f9882c76dbe6f5f4
xlsr_english,dmsuta,179,stage5ext_00720,3609f33a23ed07b4e369020bc8bfcb519c8e108d2510cda5649a103fb8e4c9a120753d04b1cfbf9d5ebca2b2674d1f16d7269aa4d619254315923f04a0e8872a,Canadian English,canada,You may whistle for it.,you may whistle for it,0a040a09ceb0a577271548d8b8a3833bb008bced3ebf5ed7f9882c76dbe6f5f4
xlsr_english,dmsuta,180,stage5ext_00721,b93abbafef94b7d98a7356f6312da390c93f78376374ceb597ee3d26425dc05d7b3fe7fc290b835365c2ba77cf232a93597f059b5a2aaa5c715299a8614492e4,Canadian English,canada,"After leaving politics, Clement has held various paid and unpaid positions.",after leaving politics clement has held various paid and unpaid positions,b27d4132ad973b24486bc96fd28aee097f0bbdfcc36ddf67ec6acd5920b21df9
xlsr_english,dmsuta,180,stage5ext_00722,b93abbafef94b7d98a7356f6312da390c93f78376374ceb597ee3d26425dc05d7b3fe7fc290b835365c2ba77cf232a93597f059b5a2aaa5c715299a8614492e4,Canadian English,canada,The same thing can happen to the player's bike.,the same thing can happen to the player's bike,b27d4132ad973b24486bc96fd28aee097f0bbdfcc36ddf67ec6acd5920b21df9
xlsr_english,dmsuta,180,stage5ext_00723,b93abbafef94b7d98a7356f6312da390c93f78376374ceb597ee3d26425dc05d7b3fe7fc290b835365c2ba77cf232a93597f059b5a2aaa5c715299a8614492e4,Canadian English,canada,She wanted to become a dancer but it didn't work out.,she wanted to become a dancer but it didn't work out,b27d4132ad973b24486bc96fd28aee097f0bbdfcc36ddf67ec6acd5920b21df9
xlsr_english,dmsuta,180,stage5ext_00724,b93abbafef94b7d98a7356f6312da390c93f78376374ceb597ee3d26425dc05d7b3fe7fc290b835365c2ba77cf232a93597f059b5a2aaa5c715299a8614492e4,Canadian English,canada,At trial and appeal the claim was dismissed.,at trial and appeal the claim was dismissed,b27d4132ad973b24486bc96fd28aee097f0bbdfcc36ddf67ec6acd5920b21df9
xlsr_english,dmsuta,181,stage5ext_00725,b93abbafef94b7d98a7356f6312da390c93f78376374ceb597ee3d26425dc05d7b3fe7fc290b835365c2ba77cf232a93597f059b5a2aaa5c715299a8614492e4,Canadian English,canada,"Its headquarters is located in Chiyoda, Tokyo.",its headquarters is located in shiota tokyo,abed162eb7bc72ea1becc5765feb93dbe5970ac0e27fe5c2d931f2e02e988841
xlsr_english,dmsuta,181,stage5ext_00726,b93abbafef94b7d98a7356f6312da390c93f78376374ceb597ee3d26425dc05d7b3fe7fc290b835365c2ba77cf232a93597f059b5a2aaa5c715299a8614492e4,Canadian English,canada,He was forbidden any further writing.,he was forbidden any further writing,abed162eb7bc72ea1becc5765feb93dbe5970ac0e27fe5c2d931f2e02e988841
xlsr_english,dmsuta,181,stage5ext_00727,b93abbafef94b7d98a7356f6312da390c93f78376374ceb597ee3d26425dc05d7b3fe7fc290b835365c2ba77cf232a93597f059b5a2aaa5c715299a8614492e4,Canadian English,canada,It offers yet another musical style change.,it offers yet another musical style change,abed162eb7bc72ea1becc5765feb93dbe5970ac0e27fe5c2d931f2e02e988841
xlsr_english,dmsuta,181,stage5ext_00728,b93abbafef94b7d98a7356f6312da390c93f78376374ceb597ee3d26425dc05d7b3fe7fc290b835365c2ba77cf232a93597f059b5a2aaa5c715299a8614492e4,Canadian English,canada,The measured flux is proportional to the covariance.,the measured flux is proportional to the covariancse,abed162eb7bc72ea1becc5765feb93dbe5970ac0e27fe5c2d931f2e02e988841
xlsr_english,dmsuta,182,stage5ext_00729,b93abbafef94b7d98a7356f6312da390c93f78376374ceb597ee3d26425dc05d7b3fe7fc290b835365c2ba77cf232a93597f059b5a2aaa5c715299a8614492e4,Canadian English,canada,Also on hand was the young comedian Richard Pryor.,also on hand was the young comedian richard pryor,d45e4d869c252aa0ab7a56730d914ec27eef67c2f0aaa1fc859a7d8a4738a414
xlsr_english,dmsuta,182,stage5ext_00730,b93abbafef94b7d98a7356f6312da390c93f78376374ceb597ee3d26425dc05d7b3fe7fc290b835365c2ba77cf232a93597f059b5a2aaa5c715299a8614492e4,Canadian English,canada,"He is an alumnus of Saratoga High School in Saratoga, California.",he is an alumnus of saratoga high school in saratoga california,d45e4d869c252aa0ab7a56730d914ec27eef67c2f0aaa1fc859a7d8a4738a414
xlsr_english,dmsuta,182,stage5ext_00731,b93abbafef94b7d98a7356f6312da390c93f78376374ceb597ee3d26425dc05d7b3fe7fc290b835365c2ba77cf232a93597f059b5a2aaa5c715299a8614492e4,Canadian English,canada,No cause was given and there were no immediate survivors.,no cause was given and there were no immediate survivors,d45e4d869c252aa0ab7a56730d914ec27eef67c2f0aaa1fc859a7d8a4738a414
xlsr_english,dmsuta,182,stage5ext_00732,b93abbafef94b7d98a7356f6312da390c93f78376374ceb597ee3d26425dc05d7b3fe7fc290b835365c2ba77cf232a93597f059b5a2aaa5c715299a8614492e4,Canadian English,canada,It is more applicable when there is a liquidity crunch in the market.,it is more applicable when there is a liquidity crunch in the market,d45e4d869c252aa0ab7a56730d914ec27eef67c2f0aaa1fc859a7d8a4738a414
xlsr_english,dmsuta,183,stage5ext_00733,b93abbafef94b7d98a7356f6312da390c93f78376374ceb597ee3d26425dc05d7b3fe7fc290b835365c2ba77cf232a93597f059b5a2aaa5c715299a8614492e4,Canadian English,canada,There again he taught rhetoric for three years.,there again he taught retorick for three years,7d5115767a4162bdeb2853cf917eb6ac0fa881d7cbaa726752d7c8726ccfd9ec
xlsr_english,dmsuta,183,stage5ext_00734,b93abbafef94b7d98a7356f6312da390c93f78376374ceb597ee3d26425dc05d7b3fe7fc290b835365c2ba77cf232a93597f059b5a2aaa5c715299a8614492e4,Canadian English,canada,It is a potent skin irritant.,it is a potent skin irritant,7d5115767a4162bdeb2853cf917eb6ac0fa881d7cbaa726752d7c8726ccfd9ec
xlsr_english,dmsuta,183,stage5ext_00735,b93abbafef94b7d98a7356f6312da390c93f78376374ceb597ee3d26425dc05d7b3fe7fc290b835365c2ba77cf232a93597f059b5a2aaa5c715299a8614492e4,Canadian English,canada,Westphal is a former assistant coach on Lionel Hollins' staff on the Brooklyn Nets.,westfall is a former assistant coach on lionel holland's staff on the broklyn nets,7d5115767a4162bdeb2853cf917eb6ac0fa881d7cbaa726752d7c8726ccfd9ec
xlsr_english,dmsuta,183,stage5ext_00736,1225019d528d47c1a589b05ca13577c68d50b27cb794f00d65a7a4be094e4f5e9f0bc35233e80e36ddfba17fa9c185dec071949ab8a2dce2a58b5d4d9b49d290,Canadian English,canada,"Perhaps, you should just grow sea monkeys.",perhaps you should just grow sea monkeys,7d5115767a4162bdeb2853cf917eb6ac0fa881d7cbaa726752d7c8726ccfd9ec
xlsr_english,dmsuta,184,stage5ext_00737,1225019d528d47c1a589b05ca13577c68d50b27cb794f00d65a7a4be094e4f5e9f0bc35233e80e36ddfba17fa9c185dec071949ab8a2dce2a58b5d4d9b49d290,Canadian English,canada,"No, that was never his real plan.",no that was never his real plan,747675c9111831426636574039d72c3a2f9bb3d3f744f40b6056dc9b28ff3d7f
xlsr_english,dmsuta,184,stage5ext_00738,1225019d528d47c1a589b05ca13577c68d50b27cb794f00d65a7a4be094e4f5e9f0bc35233e80e36ddfba17fa9c185dec071949ab8a2dce2a58b5d4d9b49d290,Canadian English,canada,Might I enquire as to whom I'm addressing?,might i enquire as to whom i'm addressing,747675c9111831426636574039d72c3a2f9bb3d3f744f40b6056dc9b28ff3d7f
xlsr_english,dmsuta,184,stage5ext_00739,1225019d528d47c1a589b05ca13577c68d50b27cb794f00d65a7a4be094e4f5e9f0bc35233e80e36ddfba17fa9c185dec071949ab8a2dce2a58b5d4d9b49d290,Canadian English,canada,"By increasing the salinity of the water, we alter its dew point.",by increasing the salinity of the water we alter its duepoint,747675c9111831426636574039d72c3a2f9bb3d3f744f40b6056dc9b28ff3d7f
xlsr_english,dmsuta,184,stage5ext_00740,1225019d528d47c1a589b05ca13577c68d50b27cb794f00d65a7a4be094e4f5e9f0bc35233e80e36ddfba17fa9c185dec071949ab8a2dce2a58b5d4d9b49d290,Canadian English,canada,"Deliberate slowly, execute promptly.",deliberate slowly execute promptly,747675c9111831426636574039d72c3a2f9bb3d3f744f40b6056dc9b28ff3d7f
xlsr_english,dmsuta,185,stage5ext_00741,1225019d528d47c1a589b05ca13577c68d50b27cb794f00d65a7a4be094e4f5e9f0bc35233e80e36ddfba17fa9c185dec071949ab8a2dce2a58b5d4d9b49d290,Canadian English,canada,What am I to do?,what am i to do,5c88211285f637062e457a83f6b6e99392f65d254fbc180747338a3f82b12b6d
xlsr_english,dmsuta,185,stage5ext_00742,1225019d528d47c1a589b05ca13577c68d50b27cb794f00d65a7a4be094e4f5e9f0bc35233e80e36ddfba17fa9c185dec071949ab8a2dce2a58b5d4d9b49d290,Canadian English,canada,"I've brought you some cheese, because I know you love cheese.",i've brought you some chees because i know you love cheese,5c88211285f637062e457a83f6b6e99392f65d254fbc180747338a3f82b12b6d
xlsr_english,dmsuta,185,stage5ext_00743,1225019d528d47c1a589b05ca13577c68d50b27cb794f00d65a7a4be094e4f5e9f0bc35233e80e36ddfba17fa9c185dec071949ab8a2dce2a58b5d4d9b49d290,Canadian English,canada,"Easy come, easy go.",easy come easy go,5c88211285f637062e457a83f6b6e99392f65d254fbc180747338a3f82b12b6d
xlsr_english,dmsuta,185,stage5ext_00744,1225019d528d47c1a589b05ca13577c68d50b27cb794f00d65a7a4be094e4f5e9f0bc35233e80e36ddfba17fa9c185dec071949ab8a2dce2a58b5d4d9b49d290,Canadian English,canada,"The builder placed the brick onto the plank of wood, so it would bend into shape.",the builder placed the brick onto the pank of wood so it would bend into shape,5c88211285f637062e457a83f6b6e99392f65d254fbc180747338a3f82b12b6d
xlsr_english,dmsuta,186,stage5ext_00745,1225019d528d47c1a589b05ca13577c68d50b27cb794f00d65a7a4be094e4f5e9f0bc35233e80e36ddfba17fa9c185dec071949ab8a2dce2a58b5d4d9b49d290,Canadian English,canada,How does slow cooling of the hot gaseous state result in pure crystals?,how to slow cooling of the hot gacius state result in pure crystals,53ca942c4bbf161b1a6faa11e5111e2dbe3e1db44095800ff7a5a5ddd13b3e5c
xlsr_english,dmsuta,186,stage5ext_00746,1225019d528d47c1a589b05ca13577c68d50b27cb794f00d65a7a4be094e4f5e9f0bc35233e80e36ddfba17fa9c185dec071949ab8a2dce2a58b5d4d9b49d290,Canadian English,canada,"He stood up, and by the time he went back to his seat everybody in the room was questioning the meaning of life.",he stood up and by the time he went back to a seat everybody in the room was questioning the meaning of life,53ca942c4bbf161b1a6faa11e5111e2dbe3e1db44095800ff7a5a5ddd13b3e5c
xlsr_english,dmsuta,186,stage5ext_00747,1225019d528d47c1a589b05ca13577c68d50b27cb794f00d65a7a4be094e4f5e9f0bc35233e80e36ddfba17fa9c185dec071949ab8a2dce2a58b5d4d9b49d290,Canadian English,canada,"This was a lie, and they all knew it.",this was a ly and they all knew it,53ca942c4bbf161b1a6faa11e5111e2dbe3e1db44095800ff7a5a5ddd13b3e5c
xlsr_english,dmsuta,186,stage5ext_00748,1225019d528d47c1a589b05ca13577c68d50b27cb794f00d65a7a4be094e4f5e9f0bc35233e80e36ddfba17fa9c185dec071949ab8a2dce2a58b5d4d9b49d290,Canadian English,canada,"After lurking for a minute, the crocodile quickly sprang toward the young hippopotamus and ate it.",after lorking for a minute the crocodile quickly sprang towards the young hippopotomus and aid it,53ca942c4bbf161b1a6faa11e5111e2dbe3e1db44095800ff7a5a5ddd13b3e5c
xlsr_english,dmsuta,187,stage5ext_00749,1225019d528d47c1a589b05ca13577c68d50b27cb794f00d65a7a4be094e4f5e9f0bc35233e80e36ddfba17fa9c185dec071949ab8a2dce2a58b5d4d9b49d290,Canadian English,canada,"When you're at a party and somebody says ""banana bread"", a sniper might be near you.",when you're a party and someone says banana bred a sniper might be near you,00a01d5ec97b142627580c856c274747df71c61d6a998e29841c52fb605c1e34
xlsr_english,dmsuta,187,stage5ext_00750,1225019d528d47c1a589b05ca13577c68d50b27cb794f00d65a7a4be094e4f5e9f0bc35233e80e36ddfba17fa9c185dec071949ab8a2dce2a58b5d4d9b49d290,Canadian English,canada,Do you want me?,do you want me,00a01d5ec97b142627580c856c274747df71c61d6a998e29841c52fb605c1e34
xlsr_english,dmsuta,187,stage5ext_00751,2365c450d92516275bba41aac73c5acf8ce75bf4896ecbd54c3eaa7f121b53488a25a234605d205f960767e2cb5f88d749e3a035ded3a2e9930f35c814bfd1f8,Irish English,ireland,Me and a friend of mine.,me and a friend of mine,00a01d5ec97b142627580c856c274747df71c61d6a998e29841c52fb605c1e34
xlsr_english,dmsuta,187,stage5ext_00752,2365c450d92516275bba41aac73c5acf8ce75bf4896ecbd54c3eaa7f121b53488a25a234605d205f960767e2cb5f88d749e3a035ded3a2e9930f35c814bfd1f8,Irish English,ireland,"For most owners of the car model, the issue isn't noticeable.",for most owners of the car model the issue isn't noticeable,00a01d5ec97b142627580c856c274747df71c61d6a998e29841c52fb605c1e34
xlsr_english,dmsuta,188,stage5ext_00753,2365c450d92516275bba41aac73c5acf8ce75bf4896ecbd54c3eaa7f121b53488a25a234605d205f960767e2cb5f88d749e3a035ded3a2e9930f35c814bfd1f8,Irish English,ireland,I'm afraid she'd feel ashamed to think she hadn't trusted you.,i'm afraid she'd feel ashamed to think she hadnt trusted you,0c163ea8e05f58bf780c838427f00a6ad244c27cd9d8f6c356be75486c5a67b6
xlsr_english,dmsuta,188,stage5ext_00754,2365c450d92516275bba41aac73c5acf8ce75bf4896ecbd54c3eaa7f121b53488a25a234605d205f960767e2cb5f88d749e3a035ded3a2e9930f35c814bfd1f8,Irish English,ireland,Thailand turned out to be a very satisfying holiday.,thailan turned out to be a very satisfying holiday,0c163ea8e05f58bf780c838427f00a6ad244c27cd9d8f6c356be75486c5a67b6
xlsr_english,dmsuta,188,stage5ext_00755,2365c450d92516275bba41aac73c5acf8ce75bf4896ecbd54c3eaa7f121b53488a25a234605d205f960767e2cb5f88d749e3a035ded3a2e9930f35c814bfd1f8,Irish English,ireland,The execution was cancelled.,the execution was cancelled,0c163ea8e05f58bf780c838427f00a6ad244c27cd9d8f6c356be75486c5a67b6
xlsr_english,dmsuta,188,stage5ext_00756,2365c450d92516275bba41aac73c5acf8ce75bf4896ecbd54c3eaa7f121b53488a25a234605d205f960767e2cb5f88d749e3a035ded3a2e9930f35c814bfd1f8,Irish English,ireland,Sometimes I get so mad at you I can't see straight.,sometimes i get so mad of you i can't sea strait,0c163ea8e05f58bf780c838427f00a6ad244c27cd9d8f6c356be75486c5a67b6
xlsr_english,dmsuta,189,stage5ext_00757,2365c450d92516275bba41aac73c5acf8ce75bf4896ecbd54c3eaa7f121b53488a25a234605d205f960767e2cb5f88d749e3a035ded3a2e9930f35c814bfd1f8,Irish English,ireland,Crooks don't pay taxes.,cruiks don't pay taxes,b05ea228f1c29e13e058aca9d6fa1b8f9a61b13083f079a1b95edda72cebefa6
xlsr_english,dmsuta,189,stage5ext_00758,2365c450d92516275bba41aac73c5acf8ce75bf4896ecbd54c3eaa7f121b53488a25a234605d205f960767e2cb5f88d749e3a035ded3a2e9930f35c814bfd1f8,Irish English,ireland,Use the tool that's needed for the job.,use the tool that's needed for the job,b05ea228f1c29e13e058aca9d6fa1b8f9a61b13083f079a1b95edda72cebefa6
xlsr_english,dmsuta,189,stage5ext_00759,2365c450d92516275bba41aac73c5acf8ce75bf4896ecbd54c3eaa7f121b53488a25a234605d205f960767e2cb5f88d749e3a035ded3a2e9930f35c814bfd1f8,Irish English,ireland,That guy is the writer of a few banned books.,that guy is the writer of a few bind books,b05ea228f1c29e13e058aca9d6fa1b8f9a61b13083f079a1b95edda72cebefa6
xlsr_english,dmsuta,189,stage5ext_00760,2365c450d92516275bba41aac73c5acf8ce75bf4896ecbd54c3eaa7f121b53488a25a234605d205f960767e2cb5f88d749e3a035ded3a2e9930f35c814bfd1f8,Irish English,ireland,My cat loves to ensconce herself in my new sofa.,my cat loves to enscalce herself in my new sofa,b05ea228f1c29e13e058aca9d6fa1b8f9a61b13083f079a1b95edda72cebefa6
xlsr_english,dmsuta,190,stage5ext_00761,2365c450d92516275bba41aac73c5acf8ce75bf4896ecbd54c3eaa7f121b53488a25a234605d205f960767e2cb5f88d749e3a035ded3a2e9930f35c814bfd1f8,Irish English,ireland,"I feel sick, what should I do?",i feel sick what should i do,9591b968ad24578601d3f3602ac0933cc5874a0eb8907161e900c39828884bb3
xlsr_english,dmsuta,190,stage5ext_00762,2365c450d92516275bba41aac73c5acf8ce75bf4896ecbd54c3eaa7f121b53488a25a234605d205f960767e2cb5f88d749e3a035ded3a2e9930f35c814bfd1f8,Irish English,ireland,I'm in a drugstore.,i'm in a drugstore,9591b968ad24578601d3f3602ac0933cc5874a0eb8907161e900c39828884bb3
xlsr_english,dmsuta,190,stage5ext_00763,2365c450d92516275bba41aac73c5acf8ce75bf4896ecbd54c3eaa7f121b53488a25a234605d205f960767e2cb5f88d749e3a035ded3a2e9930f35c814bfd1f8,Irish English,ireland,You know very well why.,you know very well why,9591b968ad24578601d3f3602ac0933cc5874a0eb8907161e900c39828884bb3
xlsr_english,dmsuta,190,stage5ext_00764,2365c450d92516275bba41aac73c5acf8ce75bf4896ecbd54c3eaa7f121b53488a25a234605d205f960767e2cb5f88d749e3a035ded3a2e9930f35c814bfd1f8,Irish English,ireland,The cannibal was looking for another victim to appease his appetite.,the cannibal was looking for another victim to appease his appetite,9591b968ad24578601d3f3602ac0933cc5874a0eb8907161e900c39828884bb3
xlsr_english,dmsuta,191,stage5ext_00765,2365c450d92516275bba41aac73c5acf8ce75bf4896ecbd54c3eaa7f121b53488a25a234605d205f960767e2cb5f88d749e3a035ded3a2e9930f35c814bfd1f8,Irish English,ireland,He could see tears in her eyes.,he could see tears in her eyes,50a33f6636933ab102d9e6446b6d03fcc7697e9af3c532df748a4e84b56823fd
xlsr_english,dmsuta,191,stage5ext_00766,06c53aec09bca54d5587147ee1bfcc0a9e2b4162fb75daa79b7fe286dfec0732ff4dcae7125393b19a31f66c66c4bd8cf89665b4dee7b446429efd029e225c59,Irish English,ireland,He later served as a prominent leader of the French Directory.,he later served as a prominent leader of the french directory,50a33f6636933ab102d9e6446b6d03fcc7697e9af3c532df748a4e84b56823fd
xlsr_english,dmsuta,191,stage5ext_00767,06c53aec09bca54d5587147ee1bfcc0a9e2b4162fb75daa79b7fe286dfec0732ff4dcae7125393b19a31f66c66c4bd8cf89665b4dee7b446429efd029e225c59,Irish English,ireland,She held this position for two years before Kim Raine replaced her.,she held this position for two years before kim rayn replaced her,50a33f6636933ab102d9e6446b6d03fcc7697e9af3c532df748a4e84b56823fd
xlsr_english,dmsuta,191,stage5ext_00768,06c53aec09bca54d5587147ee1bfcc0a9e2b4162fb75daa79b7fe286dfec0732ff4dcae7125393b19a31f66c66c4bd8cf89665b4dee7b446429efd029e225c59,Irish English,ireland,Fetsios competed in the two rifle events.,fetzios competed in two rifle events,50a33f6636933ab102d9e6446b6d03fcc7697e9af3c532df748a4e84b56823fd
xlsr_english,dmsuta,192,stage5ext_00769,06c53aec09bca54d5587147ee1bfcc0a9e2b4162fb75daa79b7fe286dfec0732ff4dcae7125393b19a31f66c66c4bd8cf89665b4dee7b446429efd029e225c59,Irish English,ireland,"Because it is widely known, ""Lumbricus"" goes under a variety of common names.",because it is widely known lumbricus goes under a variety of common names,d2e10ef60391263716999af15960957ebb91d0ad6f9c9c663b938385680e6c97
xlsr_english,dmsuta,192,stage5ext_00770,06c53aec09bca54d5587147ee1bfcc0a9e2b4162fb75daa79b7fe286dfec0732ff4dcae7125393b19a31f66c66c4bd8cf89665b4dee7b446429efd029e225c59,Irish English,ireland,O'Farrell is a six-time winner of the Rotary cartoons award.,hofarel is a six-time winner of the rosary cartoons award,d2e10ef60391263716999af15960957ebb91d0ad6f9c9c663b938385680e6c97
xlsr_english,dmsuta,192,stage5ext_00771,06c53aec09bca54d5587147ee1bfcc0a9e2b4162fb75daa79b7fe286dfec0732ff4dcae7125393b19a31f66c66c4bd8cf89665b4dee7b446429efd029e225c59,Irish English,ireland,He was arrested and thrown in jail.,he was arrested and thrown in jail,d2e10ef60391263716999af15960957ebb91d0ad6f9c9c663b938385680e6c97
xlsr_english,dmsuta,192,stage5ext_00772,06c53aec09bca54d5587147ee1bfcc0a9e2b4162fb75daa79b7fe286dfec0732ff4dcae7125393b19a31f66c66c4bd8cf89665b4dee7b446429efd029e225c59,Irish English,ireland,"He was known as the leader of the ""fighting Quakers"".",he was known as the leader of the flighting quakers,d2e10ef60391263716999af15960957ebb91d0ad6f9c9c663b938385680e6c97
xlsr_english,dmsuta,193,stage5ext_00773,06c53aec09bca54d5587147ee1bfcc0a9e2b4162fb75daa79b7fe286dfec0732ff4dcae7125393b19a31f66c66c4bd8cf89665b4dee7b446429efd029e225c59,Irish English,ireland,He also served in both the Assembly and Senate of the California State Legislature.,he also served in both the assembly and senate of the california state legislature,88fc934e028885da158e07dc5bb3b1edf7098ae5a44026e86bb57cd088ce4371
xlsr_english,dmsuta,193,stage5ext_00774,06c53aec09bca54d5587147ee1bfcc0a9e2b4162fb75daa79b7fe286dfec0732ff4dcae7125393b19a31f66c66c4bd8cf89665b4dee7b446429efd029e225c59,Irish English,ireland,Many of the Gretna Girls lived in group hostels which were staffed by matrons.,many of the gretner girls lived in group hostles which were staffed by matrons,88fc934e028885da158e07dc5bb3b1edf7098ae5a44026e86bb57cd088ce4371
xlsr_english,dmsuta,193,stage5ext_00775,06c53aec09bca54d5587147ee1bfcc0a9e2b4162fb75daa79b7fe286dfec0732ff4dcae7125393b19a31f66c66c4bd8cf89665b4dee7b446429efd029e225c59,Irish English,ireland,The next day Delfino attacked.,the next day delfino attacked,88fc934e028885da158e07dc5bb3b1edf7098ae5a44026e86bb57cd088ce4371
xlsr_english,dmsuta,193,stage5ext_00776,06c53aec09bca54d5587147ee1bfcc0a9e2b4162fb75daa79b7fe286dfec0732ff4dcae7125393b19a31f66c66c4bd8cf89665b4dee7b446429efd029e225c59,Irish English,ireland,See the article on Barnett for an outline of his ideas.,see the article on barnish for an outline of his ideas,88fc934e028885da158e07dc5bb3b1edf7098ae5a44026e86bb57cd088ce4371
xlsr_english,dmsuta,194,stage5ext_00777,06c53aec09bca54d5587147ee1bfcc0a9e2b4162fb75daa79b7fe286dfec0732ff4dcae7125393b19a31f66c66c4bd8cf89665b4dee7b446429efd029e225c59,Irish English,ireland,"In addition, after German reunification, there were several Heiligenstadts in Germany.",in addition after german reunification there were several heilingen stats in germany,2579f0919238e011c897752cdafc5e79ac53b6c508f0397df947443a02c1c3bd
xlsr_english,dmsuta,194,stage5ext_00778,06c53aec09bca54d5587147ee1bfcc0a9e2b4162fb75daa79b7fe286dfec0732ff4dcae7125393b19a31f66c66c4bd8cf89665b4dee7b446429efd029e225c59,Irish English,ireland,"The Norse form of the name was ""Surkudalr"".",the norse form of the name was sircudeller,2579f0919238e011c897752cdafc5e79ac53b6c508f0397df947443a02c1c3bd
xlsr_english,dmsuta,194,stage5ext_00779,06c53aec09bca54d5587147ee1bfcc0a9e2b4162fb75daa79b7fe286dfec0732ff4dcae7125393b19a31f66c66c4bd8cf89665b4dee7b446429efd029e225c59,Irish English,ireland,But all this will be useless.,but all this will be useless,2579f0919238e011c897752cdafc5e79ac53b6c508f0397df947443a02c1c3bd
xlsr_english,dmsuta,194,stage5ext_00780,06c53aec09bca54d5587147ee1bfcc0a9e2b4162fb75daa79b7fe286dfec0732ff4dcae7125393b19a31f66c66c4bd8cf89665b4dee7b446429efd029e225c59,Irish English,ireland,I'm a bit loath to say which!,i'm a bit loathed to say which,2579f0919238e011c897752cdafc5e79ac53b6c508f0397df947443a02c1c3bd
xlsr_english,dmsuta,195,stage5ext_00781,2bf1907838353bd4ff938cb357518af5cd662218dcf4e05e91bccb5c4981619def6e13f25156c63c468ac5e938051eb89983ae095606bc1ebcbe2aba77dbcf38,Irish English,ireland,Good luck on the way.,good look on the way,e4897258445a6a0b8a456b535d26d25b2b71cbeda5b92b51a2d0d2065ae60e91
xlsr_english,dmsuta,195,stage5ext_00782,2bf1907838353bd4ff938cb357518af5cd662218dcf4e05e91bccb5c4981619def6e13f25156c63c468ac5e938051eb89983ae095606bc1ebcbe2aba77dbcf38,Irish English,ireland,"Like her adored aunt, Paula Wessely prepared for an artistic career.",like her adored aunt paula wesley prepared for an artistic career,e4897258445a6a0b8a456b535d26d25b2b71cbeda5b92b51a2d0d2065ae60e91
xlsr_english,dmsuta,195,stage5ext_00783,2bf1907838353bd4ff938cb357518af5cd662218dcf4e05e91bccb5c4981619def6e13f25156c63c468ac5e938051eb89983ae095606bc1ebcbe2aba77dbcf38,Irish English,ireland,Fill your pack with bright trinkets for the poor.,failure pack with bright trinkets for the poor,e4897258445a6a0b8a456b535d26d25b2b71cbeda5b92b51a2d0d2065ae60e91
xlsr_english,dmsuta,195,stage5ext_00784,2bf1907838353bd4ff938cb357518af5cd662218dcf4e05e91bccb5c4981619def6e13f25156c63c468ac5e938051eb89983ae095606bc1ebcbe2aba77dbcf38,Irish English,ireland,The pigs and cows ran everywhere.,the pigs and cows ran everywhere,e4897258445a6a0b8a456b535d26d25b2b71cbeda5b92b51a2d0d2065ae60e91
xlsr_english,dmsuta,196,stage5ext_00785,2bf1907838353bd4ff938cb357518af5cd662218dcf4e05e91bccb5c4981619def6e13f25156c63c468ac5e938051eb89983ae095606bc1ebcbe2aba77dbcf38,Irish English,ireland,"Mrs. McFarlane is a recent widow, versus Mr. McFarlane is alive but away.",mrs mcfarlein is a recent widow versus mr mcfarlein is alive but away,9730102b6771752f49714ac5e1a108a885d2d94ffab39039b7c4492fe10df46b
xlsr_english,dmsuta,196,stage5ext_00786,2bf1907838353bd4ff938cb357518af5cd662218dcf4e05e91bccb5c4981619def6e13f25156c63c468ac5e938051eb89983ae095606bc1ebcbe2aba77dbcf38,Irish English,ireland,He regretted not having made himself clearer.,he regretted not having made himself clearer,9730102b6771752f49714ac5e1a108a885d2d94ffab39039b7c4492fe10df46b
xlsr_english,dmsuta,196,stage5ext_00787,2bf1907838353bd4ff938cb357518af5cd662218dcf4e05e91bccb5c4981619def6e13f25156c63c468ac5e938051eb89983ae095606bc1ebcbe2aba77dbcf38,Irish English,ireland,The omens have led me on a wild chase.,the omans have led me on a wild chase,9730102b6771752f49714ac5e1a108a885d2d94ffab39039b7c4492fe10df46b
xlsr_english,dmsuta,196,stage5ext_00788,2bf1907838353bd4ff938cb357518af5cd662218dcf4e05e91bccb5c4981619def6e13f25156c63c468ac5e938051eb89983ae095606bc1ebcbe2aba77dbcf38,Irish English,ireland,Rome was not built in a day.,rome was not built in a day,9730102b6771752f49714ac5e1a108a885d2d94ffab39039b7c4492fe10df46b
xlsr_english,dmsuta,197,stage5ext_00789,2bf1907838353bd4ff938cb357518af5cd662218dcf4e05e91bccb5c4981619def6e13f25156c63c468ac5e938051eb89983ae095606bc1ebcbe2aba77dbcf38,Irish English,ireland,That's an inherent disadvantage.,that's an inherent disadvantage,e85761aa768a5452d866f9679e61601b5f7c7009097a92a9df4df96b2360788e
xlsr_english,dmsuta,197,stage5ext_00790,2bf1907838353bd4ff938cb357518af5cd662218dcf4e05e91bccb5c4981619def6e13f25156c63c468ac5e938051eb89983ae095606bc1ebcbe2aba77dbcf38,Irish English,ireland,I wasn't certain it'd work at all yesterday.,i wasn't certain it'd work at all yesterday,e85761aa768a5452d866f9679e61601b5f7c7009097a92a9df4df96b2360788e
xlsr_english,dmsuta,197,stage5ext_00791,2bf1907838353bd4ff938cb357518af5cd662218dcf4e05e91bccb5c4981619def6e13f25156c63c468ac5e938051eb89983ae095606bc1ebcbe2aba77dbcf38,Irish English,ireland,The night becomes a turning point for all five men.,the knice became a turning point for all five men,e85761aa768a5452d866f9679e61601b5f7c7009097a92a9df4df96b2360788e
xlsr_english,dmsuta,197,stage5ext_00792,2bf1907838353bd4ff938cb357518af5cd662218dcf4e05e91bccb5c4981619def6e13f25156c63c468ac5e938051eb89983ae095606bc1ebcbe2aba77dbcf38,Irish English,ireland,The population size depends on the nature of the problem.,the population size depends on the nature of the problem,e85761aa768a5452d866f9679e61601b5f7c7009097a92a9df4df96b2360788e
xlsr_english,dmsuta,198,stage5ext_00793,2bf1907838353bd4ff938cb357518af5cd662218dcf4e05e91bccb5c4981619def6e13f25156c63c468ac5e938051eb89983ae095606bc1ebcbe2aba77dbcf38,Irish English,ireland,"Maxwell, who was killed in Wan Chai three days before the ceasefire.",mothswell he was killed in ane chi three days before the sigs fire,e00f3115b02582e7bb8e5da8dd6411741ef5e9648363f91cabf5db15110ef053
xlsr_english,dmsuta,198,stage5ext_00794,2bf1907838353bd4ff938cb357518af5cd662218dcf4e05e91bccb5c4981619def6e13f25156c63c468ac5e938051eb89983ae095606bc1ebcbe2aba77dbcf38,Irish English,ireland,A new broom sweeps clean What's bred in the bone.,a new broom sweets clean white spreads in the bone,e00f3115b02582e7bb8e5da8dd6411741ef5e9648363f91cabf5db15110ef053
xlsr_english,dmsuta,198,stage5ext_00795,2bf1907838353bd4ff938cb357518af5cd662218dcf4e05e91bccb5c4981619def6e13f25156c63c468ac5e938051eb89983ae095606bc1ebcbe2aba77dbcf38,Irish English,ireland,The beauty of the view stunned the young boy.,the beauty of the view stuns the young boy,e00f3115b02582e7bb8e5da8dd6411741ef5e9648363f91cabf5db15110ef053
xlsr_english,dmsuta,198,stage5ext_00796,f3ea04475e301f84785710b9c56023f3c81f7abff656d40e674db8acde55c748688d0a4285eb6e8ea7f4d8b1fb6c99ab3c7f7d460878c4193256a61831e17ce7,Irish English,ireland,Reddy and his wife have two daughters.,reddy and his wife have two daughters,e00f3115b02582e7bb8e5da8dd6411741ef5e9648363f91cabf5db15110ef053
xlsr_english,dmsuta,199,stage5ext_00797,f3ea04475e301f84785710b9c56023f3c81f7abff656d40e674db8acde55c748688d0a4285eb6e8ea7f4d8b1fb6c99ab3c7f7d460878c4193256a61831e17ce7,Irish English,ireland,The Arab executive that emerged from that conference.,the alabed executive that emerged from that conference,164d45f61f05a818580b0bf6f298a140f7a59d1fb520b6b6db7462b709ff6706
xlsr_english,dmsuta,199,stage5ext_00798,f3ea04475e301f84785710b9c56023f3c81f7abff656d40e674db8acde55c748688d0a4285eb6e8ea7f4d8b1fb6c99ab3c7f7d460878c4193256a61831e17ce7,Irish English,ireland,The book goes further by examining irony and sarcasm.,the bokdoors fogo by examining irony and staf hesen,164d45f61f05a818580b0bf6f298a140f7a59d1fb520b6b6db7462b709ff6706
xlsr_english,dmsuta,199,stage5ext_00799,f3ea04475e301f84785710b9c56023f3c81f7abff656d40e674db8acde55c748688d0a4285eb6e8ea7f4d8b1fb6c99ab3c7f7d460878c4193256a61831e17ce7,Irish English,ireland,He is close to the Lebanese Forces.,he is close to lethanese forces,164d45f61f05a818580b0bf6f298a140f7a59d1fb520b6b6db7462b709ff6706
xlsr_english,dmsuta,199,stage5ext_00800,f3ea04475e301f84785710b9c56023f3c81f7abff656d40e674db8acde55c748688d0a4285eb6e8ea7f4d8b1fb6c99ab3c7f7d460878c4193256a61831e17ce7,Irish English,ireland,Deane was overpowered and forced to surrender the prizes.,team was overpowered and forced to surrender the prizes,164d45f61f05a818580b0bf6f298a140f7a59d1fb520b6b6db7462b709ff6706
xlsr_english,dmsuta,200,stage5ext_00801,f3ea04475e301f84785710b9c56023f3c81f7abff656d40e674db8acde55c748688d0a4285eb6e8ea7f4d8b1fb6c99ab3c7f7d460878c4193256a61831e17ce7,Irish English,ireland,He was her second husband and they had no children.,he was her second husband and they had no children,6585283bf8db4914b63f3d09ac796aac75025a49d69699ad81886101c002ca9e
xlsr_english,dmsuta,200,stage5ext_00802,f3ea04475e301f84785710b9c56023f3c81f7abff656d40e674db8acde55c748688d0a4285eb6e8ea7f4d8b1fb6c99ab3c7f7d460878c4193256a61831e17ce7,Irish English,ireland,The transports were presumably carrying prisoners from the British capture of Corsica.,the transports were presumably carrying prisoners and the british capture koisabeth,6585283bf8db4914b63f3d09ac796aac75025a49d69699ad81886101c002ca9e
xlsr_english,dmsuta,200,stage5ext_00803,f3ea04475e301f84785710b9c56023f3c81f7abff656d40e674db8acde55c748688d0a4285eb6e8ea7f4d8b1fb6c99ab3c7f7d460878c4193256a61831e17ce7,Irish English,ireland,They clear their stand that they will stand with all communities or caste.,they clearly stand that taywilstand with all communities or taste,6585283bf8db4914b63f3d09ac796aac75025a49d69699ad81886101c002ca9e
xlsr_english,dmsuta,200,stage5ext_00804,f3ea04475e301f84785710b9c56023f3c81f7abff656d40e674db8acde55c748688d0a4285eb6e8ea7f4d8b1fb6c99ab3c7f7d460878c4193256a61831e17ce7,Irish English,ireland,Lieutenant Colonel Bell was awarded his second Silver Star for his leadership.,lieutenant colonel bell was awarded his second silver star for his leadership,6585283bf8db4914b63f3d09ac796aac75025a49d69699ad81886101c002ca9e
xlsr_english,dmsuta,201,stage5ext_00805,f3ea04475e301f84785710b9c56023f3c81f7abff656d40e674db8acde55c748688d0a4285eb6e8ea7f4d8b1fb6c99ab3c7f7d460878c4193256a61831e17ce7,Irish English,ireland,The automobiles in the Miles Collier Collections at the Revs Institute are working vehicles.,the automobiles in the miles collier collections at the rerlis institute ar working vehicles,308050afd53c700aa47f847c58788e189ad5d49569a025ee007c159532ce2331
xlsr_english,dmsuta,201,stage5ext_00806,f3ea04475e301f84785710b9c56023f3c81f7abff656d40e674db8acde55c748688d0a4285eb6e8ea7f4d8b1fb6c99ab3c7f7d460878c4193256a61831e17ce7,Irish English,ireland,The town is located on the French way of the Camino de Santiago.,the taws located on the french way of camana do santiago,308050afd53c700aa47f847c58788e189ad5d49569a025ee007c159532ce2331
xlsr_english,dmsuta,201,stage5ext_00807,f3ea04475e301f84785710b9c56023f3c81f7abff656d40e674db8acde55c748688d0a4285eb6e8ea7f4d8b1fb6c99ab3c7f7d460878c4193256a61831e17ce7,Irish English,ireland,Bejarano chose to conduct instead of pursuing her doctorate.,bejoano chose to conduct and stead of pursue her doctorat,308050afd53c700aa47f847c58788e189ad5d49569a025ee007c159532ce2331
xlsr_english,dmsuta,201,stage5ext_00808,f3ea04475e301f84785710b9c56023f3c81f7abff656d40e674db8acde55c748688d0a4285eb6e8ea7f4d8b1fb6c99ab3c7f7d460878c4193256a61831e17ce7,Irish English,ireland,It has not been excavated.,it has not been excabated,308050afd53c700aa47f847c58788e189ad5d49569a025ee007c159532ce2331
xlsr_english,dmsuta,202,stage5ext_00809,f3ea04475e301f84785710b9c56023f3c81f7abff656d40e674db8acde55c748688d0a4285eb6e8ea7f4d8b1fb6c99ab3c7f7d460878c4193256a61831e17ce7,Irish English,ireland,The result was much the same as St.,the result was much the same as sait,c4ac33a0715744b8f1a1f70a3f34041fe400f9b79da8e932d04a0d1b67b35188
xlsr_english,dmsuta,202,stage5ext_00810,f3ea04475e301f84785710b9c56023f3c81f7abff656d40e674db8acde55c748688d0a4285eb6e8ea7f4d8b1fb6c99ab3c7f7d460878c4193256a61831e17ce7,Irish English,ireland,All four were shot in the United Kingdom.,all four were shot in the united kingdom,c4ac33a0715744b8f1a1f70a3f34041fe400f9b79da8e932d04a0d1b67b35188
xlsr_english,dmsuta,202,stage5ext_00811,98434a9a8b4630d9b92df639cfe24cc4aaa5f87868d474c89db46b5c64a423a9bd79967d06c7657d145d04e562a7f2a8c5293333078c2f76c2da86b6ddd14b97,Irish English,ireland,"He treats ""Greek love"" as central to Greek ""aesthetic morality.",he treats greek love as central to greek aesthetic morality,c4ac33a0715744b8f1a1f70a3f34041fe400f9b79da8e932d04a0d1b67b35188
xlsr_english,dmsuta,202,stage5ext_00812,98434a9a8b4630d9b92df639cfe24cc4aaa5f87868d474c89db46b5c64a423a9bd79967d06c7657d145d04e562a7f2a8c5293333078c2f76c2da86b6ddd14b97,Irish English,ireland,"The other is ""The Five Orange Pips"", part of ""The Adventures of Sherlock Holmes"".",the other is the five orange pips part of the adventures of sherlock holmes,c4ac33a0715744b8f1a1f70a3f34041fe400f9b79da8e932d04a0d1b67b35188
xlsr_english,dmsuta,203,stage5ext_00813,98434a9a8b4630d9b92df639cfe24cc4aaa5f87868d474c89db46b5c64a423a9bd79967d06c7657d145d04e562a7f2a8c5293333078c2f76c2da86b6ddd14b97,Irish English,ireland,He used parallels and meridians to link together every place in the world.,he used parallels and meridians to link together every place in the world,521d7bbab449ba1919b6588ca86ceb822867372760291be879f0eea978e7b0b7
xlsr_english,dmsuta,203,stage5ext_00814,98434a9a8b4630d9b92df639cfe24cc4aaa5f87868d474c89db46b5c64a423a9bd79967d06c7657d145d04e562a7f2a8c5293333078c2f76c2da86b6ddd14b97,Irish English,ireland,"Some train sets use equipment owned by Metro-North, which are so marked.",some train setese equipment owned by metro north which are so marked,521d7bbab449ba1919b6588ca86ceb822867372760291be879f0eea978e7b0b7
xlsr_english,dmsuta,203,stage5ext_00815,98434a9a8b4630d9b92df639cfe24cc4aaa5f87868d474c89db46b5c64a423a9bd79967d06c7657d145d04e562a7f2a8c5293333078c2f76c2da86b6ddd14b97,Irish English,ireland,Its county seat is Aspermont.,its county seat is aspermont,521d7bbab449ba1919b6588ca86ceb822867372760291be879f0eea978e7b0b7
xlsr_english,dmsuta,203,stage5ext_00816,98434a9a8b4630d9b92df639cfe24cc4aaa5f87868d474c89db46b5c64a423a9bd79967d06c7657d145d04e562a7f2a8c5293333078c2f76c2da86b6ddd14b97,Irish English,ireland,Urquhart was rewarded with the Norwegian Order of Saint Olav.,ukuart was rewarded with the norwegian order of saint olaf,521d7bbab449ba1919b6588ca86ceb822867372760291be879f0eea978e7b0b7
xlsr_english,dmsuta,204,stage5ext_00817,98434a9a8b4630d9b92df639cfe24cc4aaa5f87868d474c89db46b5c64a423a9bd79967d06c7657d145d04e562a7f2a8c5293333078c2f76c2da86b6ddd14b97,Irish English,ireland,"However, gadolinite does not contain more than trace amounts of gadolinium.",however gatilanise does not contain more than tracemans of gadolineum,b2f8ab991fc128dd4d2b9e41c918e46b20f5e299fc16bb563132204580aa3da7
xlsr_english,dmsuta,204,stage5ext_00818,98434a9a8b4630d9b92df639cfe24cc4aaa5f87868d474c89db46b5c64a423a9bd79967d06c7657d145d04e562a7f2a8c5293333078c2f76c2da86b6ddd14b97,Irish English,ireland,It is still in circulation on radio.,it is still in circulation on radio,b2f8ab991fc128dd4d2b9e41c918e46b20f5e299fc16bb563132204580aa3da7
xlsr_english,dmsuta,204,stage5ext_00819,98434a9a8b4630d9b92df639cfe24cc4aaa5f87868d474c89db46b5c64a423a9bd79967d06c7657d145d04e562a7f2a8c5293333078c2f76c2da86b6ddd14b97,Irish English,ireland,"Bach heard about the audition for ""The Dukes of Hazzard"" through her husband.",bach heard about the audition for the dukes of hazard through her husband,b2f8ab991fc128dd4d2b9e41c918e46b20f5e299fc16bb563132204580aa3da7
xlsr_english,dmsuta,204,stage5ext_00820,98434a9a8b4630d9b92df639cfe24cc4aaa5f87868d474c89db46b5c64a423a9bd79967d06c7657d145d04e562a7f2a8c5293333078c2f76c2da86b6ddd14b97,Irish English,ireland,"Upon his appointment, he prohibited alcohol drinking among his players.",on his appointment he prohibites alcohol drinking among his players,b2f8ab991fc128dd4d2b9e41c918e46b20f5e299fc16bb563132204580aa3da7
xlsr_english,dmsuta,205,stage5ext_00821,98434a9a8b4630d9b92df639cfe24cc4aaa5f87868d474c89db46b5c64a423a9bd79967d06c7657d145d04e562a7f2a8c5293333078c2f76c2da86b6ddd14b97,Irish English,ireland,"All the Nevada sites below are gaming-entitled, unless otherwise noted.",all the navada sites below are gaming entitled unless otherwise noted,a01afd4337b5158ef8951226c987d7c0435585ebf546a1009e5ce25e3baa73f9
xlsr_english,dmsuta,205,stage5ext_00822,98434a9a8b4630d9b92df639cfe24cc4aaa5f87868d474c89db46b5c64a423a9bd79967d06c7657d145d04e562a7f2a8c5293333078c2f76c2da86b6ddd14b97,Irish English,ireland,The defensive line was anchored by Pro Bowlers Tom Keating and Ben Davidson.,the defensive line was anchored by pro bowlers tom keating and ben davidson,a01afd4337b5158ef8951226c987d7c0435585ebf546a1009e5ce25e3baa73f9
xlsr_english,dmsuta,205,stage5ext_00823,98434a9a8b4630d9b92df639cfe24cc4aaa5f87868d474c89db46b5c64a423a9bd79967d06c7657d145d04e562a7f2a8c5293333078c2f76c2da86b6ddd14b97,Irish English,ireland,May is also an accomplished singer.,may is also an accomplished singer,a01afd4337b5158ef8951226c987d7c0435585ebf546a1009e5ce25e3baa73f9
xlsr_english,dmsuta,205,stage5ext_00824,98434a9a8b4630d9b92df639cfe24cc4aaa5f87868d474c89db46b5c64a423a9bd79967d06c7657d145d04e562a7f2a8c5293333078c2f76c2da86b6ddd14b97,Irish English,ireland,Miriam appeared in the doorway.,miriam appeared in the doorway,a01afd4337b5158ef8951226c987d7c0435585ebf546a1009e5ce25e3baa73f9
xlsr_english,dmsuta,206,stage5ext_00825,98434a9a8b4630d9b92df639cfe24cc4aaa5f87868d474c89db46b5c64a423a9bd79967d06c7657d145d04e562a7f2a8c5293333078c2f76c2da86b6ddd14b97,Irish English,ireland,They were each sentenced to six months in jail.,they were each sentenced to six months in jail,758213c78e0b287a2de7f57ba0705bdcb05ab421403ba65cd25e7a215f6a71aa
xlsr_english,dmsuta,206,stage5ext_00826,194875abc05277ec185b84e1233196c510a5057c4ac33820e8421f58778f054d7eebd2f70a62c96c79b93aa9f5cf99ec1e7e763ee45eed080dfa952fa8bdeb40,Irish English,ireland,The boy preferred wine.,the boy preferred wine,758213c78e0b287a2de7f57ba0705bdcb05ab421403ba65cd25e7a215f6a71aa
xlsr_english,dmsuta,206,stage5ext_00827,194875abc05277ec185b84e1233196c510a5057c4ac33820e8421f58778f054d7eebd2f70a62c96c79b93aa9f5cf99ec1e7e763ee45eed080dfa952fa8bdeb40,Irish English,ireland,But he knew that Salem wasn't in Andalusia.,but he knew that salem wasn't in andalusia,758213c78e0b287a2de7f57ba0705bdcb05ab421403ba65cd25e7a215f6a71aa
xlsr_english,dmsuta,206,stage5ext_00828,194875abc05277ec185b84e1233196c510a5057c4ac33820e8421f58778f054d7eebd2f70a62c96c79b93aa9f5cf99ec1e7e763ee45eed080dfa952fa8bdeb40,Irish English,ireland,"He had found where his treasure was, and was frightened at what might happen.",he had found where his treasure was and was frightened at what might happin,758213c78e0b287a2de7f57ba0705bdcb05ab421403ba65cd25e7a215f6a71aa
xlsr_english,dmsuta,207,stage5ext_00829,194875abc05277ec185b84e1233196c510a5057c4ac33820e8421f58778f054d7eebd2f70a62c96c79b93aa9f5cf99ec1e7e763ee45eed080dfa952fa8bdeb40,Irish English,ireland,The boy was sad as he left her that day.,the boy was sad as he left her that day,1930303288e561a17539d095e23df61806e8d3205eab715d113d8274d699ee21
xlsr_english,dmsuta,207,stage5ext_00830,194875abc05277ec185b84e1233196c510a5057c4ac33820e8421f58778f054d7eebd2f70a62c96c79b93aa9f5cf99ec1e7e763ee45eed080dfa952fa8bdeb40,Irish English,ireland,He didn't want to cry with the other people there.,he didn't want to cry with the other people there,1930303288e561a17539d095e23df61806e8d3205eab715d113d8274d699ee21
xlsr_english,dmsuta,207,stage5ext_00831,194875abc05277ec185b84e1233196c510a5057c4ac33820e8421f58778f054d7eebd2f70a62c96c79b93aa9f5cf99ec1e7e763ee45eed080dfa952fa8bdeb40,Irish English,ireland,But horses tire bit by bit.,bot horses tire bit by bit,1930303288e561a17539d095e23df61806e8d3205eab715d113d8274d699ee21
xlsr_english,dmsuta,207,stage5ext_00832,194875abc05277ec185b84e1233196c510a5057c4ac33820e8421f58778f054d7eebd2f70a62c96c79b93aa9f5cf99ec1e7e763ee45eed080dfa952fa8bdeb40,Irish English,ireland,It was such a gradual movement that he found it only by noticing the dots.,it was such a gradual movement that he found it only by noticing the dats,1930303288e561a17539d095e23df61806e8d3205eab715d113d8274d699ee21
xlsr_english,dmsuta,208,stage5ext_00833,194875abc05277ec185b84e1233196c510a5057c4ac33820e8421f58778f054d7eebd2f70a62c96c79b93aa9f5cf99ec1e7e763ee45eed080dfa952fa8bdeb40,Irish English,ireland,"My seven year resume gap is marked ""Not Drugs"".",my seven-year resomac up is marked not droges,981c8cfec14fb3b6376ce73bc482317c3847f10ca62fbb5742336678063cab81
xlsr_english,dmsuta,208,stage5ext_00834,194875abc05277ec185b84e1233196c510a5057c4ac33820e8421f58778f054d7eebd2f70a62c96c79b93aa9f5cf99ec1e7e763ee45eed080dfa952fa8bdeb40,Irish English,ireland,"I was scared, but wasted no time in going out and crossing the bridge to the sand pits.",i was scared but wasted no time in going out and crossing the bridge to the sandpits,981c8cfec14fb3b6376ce73bc482317c3847f10ca62fbb5742336678063cab81
xlsr_english,dmsuta,208,stage5ext_00835,194875abc05277ec185b84e1233196c510a5057c4ac33820e8421f58778f054d7eebd2f70a62c96c79b93aa9f5cf99ec1e7e763ee45eed080dfa952fa8bdeb40,Irish English,ireland,Several figures approached him.,several figures approached him,981c8cfec14fb3b6376ce73bc482317c3847f10ca62fbb5742336678063cab81
xlsr_english,dmsuta,208,stage5ext_00836,194875abc05277ec185b84e1233196c510a5057c4ac33820e8421f58778f054d7eebd2f70a62c96c79b93aa9f5cf99ec1e7e763ee45eed080dfa952fa8bdeb40,Irish English,ireland,He paused for a moment to see if the woman knew what the Egyptian pyramids were.,he paused for a moment to see if the woman knew what the egyptian pyramids were,981c8cfec14fb3b6376ce73bc482317c3847f10ca62fbb5742336678063cab81
xlsr_english,dmsuta,209,stage5ext_00837,194875abc05277ec185b84e1233196c510a5057c4ac33820e8421f58778f054d7eebd2f70a62c96c79b93aa9f5cf99ec1e7e763ee45eed080dfa952fa8bdeb40,Irish English,ireland,"The alchemist stopped abruptly, and bent to the ground.",the alchemist stopped abruptly and bent to the grand,6436c6192efcc53400277e5a5b02bfa686d7db1593a9d2c23174b10307da05eb
xlsr_english,dmsuta,209,stage5ext_00838,194875abc05277ec185b84e1233196c510a5057c4ac33820e8421f58778f054d7eebd2f70a62c96c79b93aa9f5cf99ec1e7e763ee45eed080dfa952fa8bdeb40,Irish English,ireland,The two were taken to a nearby military camp.,the two were taken to a nearby military camp,6436c6192efcc53400277e5a5b02bfa686d7db1593a9d2c23174b10307da05eb
xlsr_english,dmsuta,209,stage5ext_00839,194875abc05277ec185b84e1233196c510a5057c4ac33820e8421f58778f054d7eebd2f70a62c96c79b93aa9f5cf99ec1e7e763ee45eed080dfa952fa8bdeb40,Irish English,ireland,That he had attended a seminary until he was sixteen.,thought he had attended a seminary until he was sixteen,6436c6192efcc53400277e5a5b02bfa686d7db1593a9d2c23174b10307da05eb
xlsr_english,dmsuta,209,stage5ext_00840,194875abc05277ec185b84e1233196c510a5057c4ac33820e8421f58778f054d7eebd2f70a62c96c79b93aa9f5cf99ec1e7e763ee45eed080dfa952fa8bdeb40,Irish English,ireland,It seems old and wise.,it seems old and wise,6436c6192efcc53400277e5a5b02bfa686d7db1593a9d2c23174b10307da05eb
xlsr_english,dmsuta,210,stage5ext_00841,672a3259269b97062367fcafac924cb6013a30f9e34c09eff5c41b6d81f8a9b8e797beba73bbe770cb6ecdcdcc0039306ffae6e7c53294f92803666e3fa86b1b,Irish English,ireland,"To be fully funded, some lending must occur.",to be fully funded some lending must occur,90e902ae3d7e08b0efcbaf2b6a325dc25312a2407d4137435613c12321545311
xlsr_english,dmsuta,210,stage5ext_00842,672a3259269b97062367fcafac924cb6013a30f9e34c09eff5c41b6d81f8a9b8e797beba73bbe770cb6ecdcdcc0039306ffae6e7c53294f92803666e3fa86b1b,Irish English,ireland,What'll it take till the bank reopens?,what will it take till the bank reopens,90e902ae3d7e08b0efcbaf2b6a325dc25312a2407d4137435613c12321545311
xlsr_english,dmsuta,210,stage5ext_00843,672a3259269b97062367fcafac924cb6013a30f9e34c09eff5c41b6d81f8a9b8e797beba73bbe770cb6ecdcdcc0039306ffae6e7c53294f92803666e3fa86b1b,Irish English,ireland,I don't think this theory explains why the particles attract each other this strongly.,i don't think this theory explains why the particles attract each other thes strongly,90e902ae3d7e08b0efcbaf2b6a325dc25312a2407d4137435613c12321545311
xlsr_english,dmsuta,210,stage5ext_00844,672a3259269b97062367fcafac924cb6013a30f9e34c09eff5c41b6d81f8a9b8e797beba73bbe770cb6ecdcdcc0039306ffae6e7c53294f92803666e3fa86b1b,Irish English,ireland,Do you mean the speech you're writing?,do you mean the speech you'r writing,90e902ae3d7e08b0efcbaf2b6a325dc25312a2407d4137435613c12321545311
xlsr_english,dmsuta,211,stage5ext_00845,672a3259269b97062367fcafac924cb6013a30f9e34c09eff5c41b6d81f8a9b8e797beba73bbe770cb6ecdcdcc0039306ffae6e7c53294f92803666e3fa86b1b,Irish English,ireland,And there you were in bed.,and there you were in bed,8a6473b80d150440ba0da18a192dd7d3e707ac1dbf4157ad5bc7214cd11dabed
xlsr_english,dmsuta,211,stage5ext_00846,672a3259269b97062367fcafac924cb6013a30f9e34c09eff5c41b6d81f8a9b8e797beba73bbe770cb6ecdcdcc0039306ffae6e7c53294f92803666e3fa86b1b,Irish English,ireland,I admit that I'm an alcoholic.,i admit that i'm an alcoholic,8a6473b80d150440ba0da18a192dd7d3e707ac1dbf4157ad5bc7214cd11dabed
xlsr_english,dmsuta,211,stage5ext_00847,672a3259269b97062367fcafac924cb6013a30f9e34c09eff5c41b6d81f8a9b8e797beba73bbe770cb6ecdcdcc0039306ffae6e7c53294f92803666e3fa86b1b,Irish English,ireland,What's that got to do with it?,what's tackot to do with it,8a6473b80d150440ba0da18a192dd7d3e707ac1dbf4157ad5bc7214cd11dabed
xlsr_english,dmsuta,211,stage5ext_00848,672a3259269b97062367fcafac924cb6013a30f9e34c09eff5c41b6d81f8a9b8e797beba73bbe770cb6ecdcdcc0039306ffae6e7c53294f92803666e3fa86b1b,Irish English,ireland,This investment won't pay off.,this investment won't pay off,8a6473b80d150440ba0da18a192dd7d3e707ac1dbf4157ad5bc7214cd11dabed
xlsr_english,dmsuta,212,stage5ext_00849,672a3259269b97062367fcafac924cb6013a30f9e34c09eff5c41b6d81f8a9b8e797beba73bbe770cb6ecdcdcc0039306ffae6e7c53294f92803666e3fa86b1b,Irish English,ireland,And don't forget to make him wear his raincoat in London.,and don't forget to make him wear his raincoat in london,8d6f9f7dbf06c1c625b8c4ee362f06e5befcaa097bd4baac898e5c0cde25a6d0
xlsr_english,dmsuta,212,stage5ext_00850,672a3259269b97062367fcafac924cb6013a30f9e34c09eff5c41b6d81f8a9b8e797beba73bbe770cb6ecdcdcc0039306ffae6e7c53294f92803666e3fa86b1b,Irish English,ireland,This peach tart is tasty.,this peach tart is tasty,8d6f9f7dbf06c1c625b8c4ee362f06e5befcaa097bd4baac898e5c0cde25a6d0
xlsr_english,dmsuta,212,stage5ext_00851,672a3259269b97062367fcafac924cb6013a30f9e34c09eff5c41b6d81f8a9b8e797beba73bbe770cb6ecdcdcc0039306ffae6e7c53294f92803666e3fa86b1b,Irish English,ireland,I didn't say anything.,i didn't say anything,8d6f9f7dbf06c1c625b8c4ee362f06e5befcaa097bd4baac898e5c0cde25a6d0
xlsr_english,dmsuta,212,stage5ext_00852,672a3259269b97062367fcafac924cb6013a30f9e34c09eff5c41b6d81f8a9b8e797beba73bbe770cb6ecdcdcc0039306ffae6e7c53294f92803666e3fa86b1b,Irish English,ireland,I don't care what you say.,i dont care what you say,8d6f9f7dbf06c1c625b8c4ee362f06e5befcaa097bd4baac898e5c0cde25a6d0
xlsr_english,dmsuta,213,stage5ext_00853,672a3259269b97062367fcafac924cb6013a30f9e34c09eff5c41b6d81f8a9b8e797beba73bbe770cb6ecdcdcc0039306ffae6e7c53294f92803666e3fa86b1b,Irish English,ireland,I can't find it anywhere.,i can't find it anywhere,8c58d2d08a9f7959ae4cea27fd2c3dda14eec653136aecd408b65c59194d8b5c
xlsr_english,dmsuta,213,stage5ext_00854,672a3259269b97062367fcafac924cb6013a30f9e34c09eff5c41b6d81f8a9b8e797beba73bbe770cb6ecdcdcc0039306ffae6e7c53294f92803666e3fa86b1b,Irish English,ireland,"If a pen has no ink, it's broken.",if a pen has no ink it's broken,8c58d2d08a9f7959ae4cea27fd2c3dda14eec653136aecd408b65c59194d8b5c
xlsr_english,dmsuta,213,stage5ext_00855,672a3259269b97062367fcafac924cb6013a30f9e34c09eff5c41b6d81f8a9b8e797beba73bbe770cb6ecdcdcc0039306ffae6e7c53294f92803666e3fa86b1b,Irish English,ireland,The houses were squashed together like sardines.,the houses were squashed together like sardines,8c58d2d08a9f7959ae4cea27fd2c3dda14eec653136aecd408b65c59194d8b5c
xlsr_english,dmsuta,213,stage5ext_00856,02cb893287feb15b25162b42913f21d4cef7b8b96119618c39ad96f550afc59fc5cb33155d5a3142b86ea467935fa50993f69d0e0aebf5f8b22f2a05004d4165,Irish English,ireland,To nourish the falcon.,to nourish the falcon,8c58d2d08a9f7959ae4cea27fd2c3dda14eec653136aecd408b65c59194d8b5c
xlsr_english,dmsuta,214,stage5ext_00857,02cb893287feb15b25162b42913f21d4cef7b8b96119618c39ad96f550afc59fc5cb33155d5a3142b86ea467935fa50993f69d0e0aebf5f8b22f2a05004d4165,Irish English,ireland,"There's gold here, he said.",there's gold here he said,04a39bd62906b94b71dcce670becfc4dd1e7b10c72607e7947469a474bf33e2a
xlsr_english,dmsuta,214,stage5ext_00858,02cb893287feb15b25162b42913f21d4cef7b8b96119618c39ad96f550afc59fc5cb33155d5a3142b86ea467935fa50993f69d0e0aebf5f8b22f2a05004d4165,Irish English,ireland,I had seen all that it would presently bring me.,i had seen all that it would presently bring me,04a39bd62906b94b71dcce670becfc4dd1e7b10c72607e7947469a474bf33e2a
xlsr_english,dmsuta,214,stage5ext_00859,02cb893287feb15b25162b42913f21d4cef7b8b96119618c39ad96f550afc59fc5cb33155d5a3142b86ea467935fa50993f69d0e0aebf5f8b22f2a05004d4165,Irish English,ireland,It was my fear of failure that first kept me from attempting the Master Work.,it was my fear of failure that first kept me from attempting the master work,04a39bd62906b94b71dcce670becfc4dd1e7b10c72607e7947469a474bf33e2a
xlsr_english,dmsuta,214,stage5ext_00860,02cb893287feb15b25162b42913f21d4cef7b8b96119618c39ad96f550afc59fc5cb33155d5a3142b86ea467935fa50993f69d0e0aebf5f8b22f2a05004d4165,Irish English,ireland,He saw the boy appear from the other side of the dunes.,he saw the boy appear from the other side of the dunes,04a39bd62906b94b71dcce670becfc4dd1e7b10c72607e7947469a474bf33e2a
xlsr_english,dmsuta,215,stage5ext_00861,02cb893287feb15b25162b42913f21d4cef7b8b96119618c39ad96f550afc59fc5cb33155d5a3142b86ea467935fa50993f69d0e0aebf5f8b22f2a05004d4165,Irish English,ireland,"I'm a desert woman, and I'm proud of that.",i'm a desert woman and i'm proud of that,ba79bafb3a819f99c3249a98486ea47b4536ea4ef7e8364297f17636058a3398
xlsr_english,dmsuta,215,stage5ext_00862,02cb893287feb15b25162b42913f21d4cef7b8b96119618c39ad96f550afc59fc5cb33155d5a3142b86ea467935fa50993f69d0e0aebf5f8b22f2a05004d4165,Irish English,ireland,"It's the Emerald Tablet, said the Englishman, proud that he might teach something to the boy.",it's the emerald tablet said the englishman proud that he might teach something to the boy,ba79bafb3a819f99c3249a98486ea47b4536ea4ef7e8364297f17636058a3398
xlsr_english,dmsuta,215,stage5ext_00863,02cb893287feb15b25162b42913f21d4cef7b8b96119618c39ad96f550afc59fc5cb33155d5a3142b86ea467935fa50993f69d0e0aebf5f8b22f2a05004d4165,Irish English,ireland,"He stuck his hand into the pouch, and felt around for one of the stones.",he stuck his hand in the pouch and felt around for one of the stones,ba79bafb3a819f99c3249a98486ea47b4536ea4ef7e8364297f17636058a3398
xlsr_english,dmsuta,215,stage5ext_00864,02cb893287feb15b25162b42913f21d4cef7b8b96119618c39ad96f550afc59fc5cb33155d5a3142b86ea467935fa50993f69d0e0aebf5f8b22f2a05004d4165,Irish English,ireland,"The heather was on fire, and you could see a thin blue smoke rising up slowly.",the heather was on fire and you could see a thin blue smoke rising up slowly,ba79bafb3a819f99c3249a98486ea47b4536ea4ef7e8364297f17636058a3398
xlsr_english,dmsuta,216,stage5ext_00865,02cb893287feb15b25162b42913f21d4cef7b8b96119618c39ad96f550afc59fc5cb33155d5a3142b86ea467935fa50993f69d0e0aebf5f8b22f2a05004d4165,Irish English,ireland,where the sand was more substantial.,where the sand was more substantial,b98729c679fb54043a42d4e50c40ca982835d21c356b592e2c55e7e9238a1ffa
xlsr_english,dmsuta,216,stage5ext_00866,02cb893287feb15b25162b42913f21d4cef7b8b96119618c39ad96f550afc59fc5cb33155d5a3142b86ea467935fa50993f69d0e0aebf5f8b22f2a05004d4165,Irish English,ireland,The three fell silent.,the three fell silent,b98729c679fb54043a42d4e50c40ca982835d21c356b592e2c55e7e9238a1ffa
xlsr_english,dmsuta,216,stage5ext_00867,02cb893287feb15b25162b42913f21d4cef7b8b96119618c39ad96f550afc59fc5cb33155d5a3142b86ea467935fa50993f69d0e0aebf5f8b22f2a05004d4165,Irish English,ireland,But I didn’t think that it contained any living creature.,but i didn't think that it contained any living creature,b98729c679fb54043a42d4e50c40ca982835d21c356b592e2c55e7e9238a1ffa
xlsr_english,dmsuta,216,stage5ext_00868,02cb893287feb15b25162b42913f21d4cef7b8b96119618c39ad96f550afc59fc5cb33155d5a3142b86ea467935fa50993f69d0e0aebf5f8b22f2a05004d4165,Irish English,ireland,He didn't want to cry with the other people there.,you didn't want to cry with the other people there,b98729c679fb54043a42d4e50c40ca982835d21c356b592e2c55e7e9238a1ffa
xlsr_english,dmsuta,217,stage5ext_00869,02cb893287feb15b25162b42913f21d4cef7b8b96119618c39ad96f550afc59fc5cb33155d5a3142b86ea467935fa50993f69d0e0aebf5f8b22f2a05004d4165,Irish English,ireland,"About eleven, I walked back to my home in Maybury because nothing seemed to be happening.",about eleven i walked back to my home in maybury because nothing seemed to be happening,97c1f30879372ba2b3809ca3d17f33a2017adf18da8cd0d9b3cf9762d6d842ba
xlsr_english,dmsuta,217,stage5ext_00870,02cb893287feb15b25162b42913f21d4cef7b8b96119618c39ad96f550afc59fc5cb33155d5a3142b86ea467935fa50993f69d0e0aebf5f8b22f2a05004d4165,Irish English,ireland,That sobered him a little.,that's over him a little,97c1f30879372ba2b3809ca3d17f33a2017adf18da8cd0d9b3cf9762d6d842ba
xlsr_english,dmsuta,217,stage5ext_00871,bd50f6c0e65e80961fb044a2591721940ca6cd6836496cde2353e06259e959af9c47fa4fb6d9fa8b16cc5285e232f3543059af36f41495c786198bdfd83d4b88,Irish English,ireland,Its county seat is Red Cloud.,its county seat is red cloud,97c1f30879372ba2b3809ca3d17f33a2017adf18da8cd0d9b3cf9762d6d842ba
xlsr_english,dmsuta,217,stage5ext_00872,bd50f6c0e65e80961fb044a2591721940ca6cd6836496cde2353e06259e959af9c47fa4fb6d9fa8b16cc5285e232f3543059af36f41495c786198bdfd83d4b88,Irish English,ireland,"After eighty-seven minutes of test football, Australia gained possession of the ball.",after eighty-seven minutes of test football australia gained possession of the ball,97c1f30879372ba2b3809ca3d17f33a2017adf18da8cd0d9b3cf9762d6d842ba
xlsr_english,dmsuta,218,stage5ext_00873,bd50f6c0e65e80961fb044a2591721940ca6cd6836496cde2353e06259e959af9c47fa4fb6d9fa8b16cc5285e232f3543059af36f41495c786198bdfd83d4b88,Irish English,ireland,The ability displayed by him in this led to his rapid advancement.,the ability displayed by him in this led to his rapid advancement,0bbd7f468901b7076754b254519d3301fc71722e8606daa370621ddd97dcfdbc
xlsr_english,dmsuta,218,stage5ext_00874,bd50f6c0e65e80961fb044a2591721940ca6cd6836496cde2353e06259e959af9c47fa4fb6d9fa8b16cc5285e232f3543059af36f41495c786198bdfd83d4b88,Irish English,ireland,The building resembled a typical Kirkbride model.,the building resembled a typical kirkbride model,0bbd7f468901b7076754b254519d3301fc71722e8606daa370621ddd97dcfdbc
xlsr_english,dmsuta,218,stage5ext_00875,bd50f6c0e65e80961fb044a2591721940ca6cd6836496cde2353e06259e959af9c47fa4fb6d9fa8b16cc5285e232f3543059af36f41495c786198bdfd83d4b88,Irish English,ireland,"In engineering science and in other technical aspects, the term galling is widespread.",in engineering science and in other technical aspects the term gaaling is widespread,0bbd7f468901b7076754b254519d3301fc71722e8606daa370621ddd97dcfdbc
xlsr_english,dmsuta,218,stage5ext_00876,bd50f6c0e65e80961fb044a2591721940ca6cd6836496cde2353e06259e959af9c47fa4fb6d9fa8b16cc5285e232f3543059af36f41495c786198bdfd83d4b88,Irish English,ireland,Zinc is a necessary nutrient for optimal yeast health and performance.,zink is a necessary nutrient for optimal yeast health and performance,0bbd7f468901b7076754b254519d3301fc71722e8606daa370621ddd97dcfdbc
xlsr_english,dmsuta,219,stage5ext_00877,bd50f6c0e65e80961fb044a2591721940ca6cd6836496cde2353e06259e959af9c47fa4fb6d9fa8b16cc5285e232f3543059af36f41495c786198bdfd83d4b88,Irish English,ireland,Another common type of certification in modern society is product certification.,another common type of certification in modern society is product certification,1e49cf2fe55df3ef600d96d3ba413881256c0a9057b40b6e8959c8d9c95e3e78
xlsr_english,dmsuta,219,stage5ext_00878,bd50f6c0e65e80961fb044a2591721940ca6cd6836496cde2353e06259e959af9c47fa4fb6d9fa8b16cc5285e232f3543059af36f41495c786198bdfd83d4b88,Irish English,ireland,Originally usage of the road was free of charge.,originally usage of the road was free of charge,1e49cf2fe55df3ef600d96d3ba413881256c0a9057b40b6e8959c8d9c95e3e78
xlsr_english,dmsuta,219,stage5ext_00879,bd50f6c0e65e80961fb044a2591721940ca6cd6836496cde2353e06259e959af9c47fa4fb6d9fa8b16cc5285e232f3543059af36f41495c786198bdfd83d4b88,Irish English,ireland,"In general, there are two types of scanner setups.",in general there are two types of scanner setups,1e49cf2fe55df3ef600d96d3ba413881256c0a9057b40b6e8959c8d9c95e3e78
xlsr_english,dmsuta,219,stage5ext_00880,bd50f6c0e65e80961fb044a2591721940ca6cd6836496cde2353e06259e959af9c47fa4fb6d9fa8b16cc5285e232f3543059af36f41495c786198bdfd83d4b88,Irish English,ireland,The equivalent Ukrainian-language surname is Lytvyn.,the equivalent ukrainian-language surname is lytvin,1e49cf2fe55df3ef600d96d3ba413881256c0a9057b40b6e8959c8d9c95e3e78
xlsr_english,dmsuta,220,stage5ext_00881,bd50f6c0e65e80961fb044a2591721940ca6cd6836496cde2353e06259e959af9c47fa4fb6d9fa8b16cc5285e232f3543059af36f41495c786198bdfd83d4b88,Irish English,ireland,The first settlers in Isipingo arrived before the beginning of Apartheid.,the first settlers in isepingo arrive before the beginning of a partite,d58e1bcc1852cee3d1e0d2c5b1390cb68a0cde8790ff674c2203674c6f1924ca
xlsr_english,dmsuta,220,stage5ext_00882,bd50f6c0e65e80961fb044a2591721940ca6cd6836496cde2353e06259e959af9c47fa4fb6d9fa8b16cc5285e232f3543059af36f41495c786198bdfd83d4b88,Irish English,ireland,"There is an elaborate memorial to him in Saint Edward the Confessor Church, Romford.",there is an elaborate memorial to him in saint edward the confessor church romford,d58e1bcc1852cee3d1e0d2c5b1390cb68a0cde8790ff674c2203674c6f1924ca
xlsr_english,dmsuta,220,stage5ext_00883,bd50f6c0e65e80961fb044a2591721940ca6cd6836496cde2353e06259e959af9c47fa4fb6d9fa8b16cc5285e232f3543059af36f41495c786198bdfd83d4b88,Irish English,ireland,American public school system was introduced and general health and sanitation campaign was launched.,american public school system was introduced and general health and sanitation campaign was launched,d58e1bcc1852cee3d1e0d2c5b1390cb68a0cde8790ff674c2203674c6f1924ca
xlsr_english,dmsuta,220,stage5ext_00884,bd50f6c0e65e80961fb044a2591721940ca6cd6836496cde2353e06259e959af9c47fa4fb6d9fa8b16cc5285e232f3543059af36f41495c786198bdfd83d4b88,Irish English,ireland,Mponela is primarily an agricultural town without touristic interest.,umpanella is primarily an agricultural town without touristic interest,d58e1bcc1852cee3d1e0d2c5b1390cb68a0cde8790ff674c2203674c6f1924ca
xlsr_english,dmsuta,221,stage5ext_00885,bd50f6c0e65e80961fb044a2591721940ca6cd6836496cde2353e06259e959af9c47fa4fb6d9fa8b16cc5285e232f3543059af36f41495c786198bdfd83d4b88,Irish English,ireland,The family lives in Suffolk.,the family lives in suffolk,233c031446b5c65e55406a6703642c39b8b062515cf19626655f36b939c95bdc
xlsr_english,dmsuta,221,stage5ext_00886,298c0f3d5e3352df02aa3a6a7a132199f93bdccf8457a134e6133cb2cf9bc435869f9e0ed6068a4152cdd933c02fc02573e8a2d6c12bcf52810d8ab52fd60a33,Irish English,ireland,A rag will soak up spilled water.,a rag will soak up spilled water,233c031446b5c65e55406a6703642c39b8b062515cf19626655f36b939c95bdc
xlsr_english,dmsuta,221,stage5ext_00887,298c0f3d5e3352df02aa3a6a7a132199f93bdccf8457a134e6133cb2cf9bc435869f9e0ed6068a4152cdd933c02fc02573e8a2d6c12bcf52810d8ab52fd60a33,Irish English,ireland,What's it all about?,what's it all about,233c031446b5c65e55406a6703642c39b8b062515cf19626655f36b939c95bdc
xlsr_english,dmsuta,221,stage5ext_00888,298c0f3d5e3352df02aa3a6a7a132199f93bdccf8457a134e6133cb2cf9bc435869f9e0ed6068a4152cdd933c02fc02573e8a2d6c12bcf52810d8ab52fd60a33,Irish English,ireland,Little strokes fell great oaks.,little strokes fell great oaks,233c031446b5c65e55406a6703642c39b8b062515cf19626655f36b939c95bdc
xlsr_english,dmsuta,222,stage5ext_00889,298c0f3d5e3352df02aa3a6a7a132199f93bdccf8457a134e6133cb2cf9bc435869f9e0ed6068a4152cdd933c02fc02573e8a2d6c12bcf52810d8ab52fd60a33,Irish English,ireland,First impressions are the most lasting.,first impressions are the most lasting,d1dd556a663305813005486802360e017959adb1d1674cdb812721c676bb2496
xlsr_english,dmsuta,222,stage5ext_00890,298c0f3d5e3352df02aa3a6a7a132199f93bdccf8457a134e6133cb2cf9bc435869f9e0ed6068a4152cdd933c02fc02573e8a2d6c12bcf52810d8ab52fd60a33,Irish English,ireland,So you are saying that overpopulation will become an issue?,so you are saying that overpopulation will become an issue,d1dd556a663305813005486802360e017959adb1d1674cdb812721c676bb2496
xlsr_english,dmsuta,222,stage5ext_00891,298c0f3d5e3352df02aa3a6a7a132199f93bdccf8457a134e6133cb2cf9bc435869f9e0ed6068a4152cdd933c02fc02573e8a2d6c12bcf52810d8ab52fd60a33,Irish English,ireland,Stop beating around the bush.,stop beating around the bush,d1dd556a663305813005486802360e017959adb1d1674cdb812721c676bb2496
xlsr_english,dmsuta,222,stage5ext_00892,298c0f3d5e3352df02aa3a6a7a132199f93bdccf8457a134e6133cb2cf9bc435869f9e0ed6068a4152cdd933c02fc02573e8a2d6c12bcf52810d8ab52fd60a33,Irish English,ireland,The cat sat on the fence.,the cat sat on the fence,d1dd556a663305813005486802360e017959adb1d1674cdb812721c676bb2496
xlsr_english,dmsuta,223,stage5ext_00893,298c0f3d5e3352df02aa3a6a7a132199f93bdccf8457a134e6133cb2cf9bc435869f9e0ed6068a4152cdd933c02fc02573e8a2d6c12bcf52810d8ab52fd60a33,Irish English,ireland,That is unlikely considering it has his name on it.,that is unlikely considering it has his name on it,378be44279ceb0435140ca94893a3bf83f1eb6bf354c1d142bac6ba44821d636
xlsr_english,dmsuta,223,stage5ext_00894,298c0f3d5e3352df02aa3a6a7a132199f93bdccf8457a134e6133cb2cf9bc435869f9e0ed6068a4152cdd933c02fc02573e8a2d6c12bcf52810d8ab52fd60a33,Irish English,ireland,Loop the braid to the left and then over.,loop the brid to the left a men over,378be44279ceb0435140ca94893a3bf83f1eb6bf354c1d142bac6ba44821d636
xlsr_english,dmsuta,223,stage5ext_00895,298c0f3d5e3352df02aa3a6a7a132199f93bdccf8457a134e6133cb2cf9bc435869f9e0ed6068a4152cdd933c02fc02573e8a2d6c12bcf52810d8ab52fd60a33,Irish English,ireland,Tranquillity is the first duty of citizens,tranquillity is the first duty of citizens,378be44279ceb0435140ca94893a3bf83f1eb6bf354c1d142bac6ba44821d636
xlsr_english,dmsuta,223,stage5ext_00896,298c0f3d5e3352df02aa3a6a7a132199f93bdccf8457a134e6133cb2cf9bc435869f9e0ed6068a4152cdd933c02fc02573e8a2d6c12bcf52810d8ab52fd60a33,Irish English,ireland,"Forget it, there is no such thing.",forget it there is no such thing,378be44279ceb0435140ca94893a3bf83f1eb6bf354c1d142bac6ba44821d636
xlsr_english,dmsuta,224,stage5ext_00897,298c0f3d5e3352df02aa3a6a7a132199f93bdccf8457a134e6133cb2cf9bc435869f9e0ed6068a4152cdd933c02fc02573e8a2d6c12bcf52810d8ab52fd60a33,Irish English,ireland,The wreck occurred by the bank on Main Street.,the wreck occurred by the bank on main street,e2c8291f2009fc07b0ea475f304b400dcb602bc667b38be0f74a57d2a261ea45
xlsr_english,dmsuta,224,stage5ext_00898,298c0f3d5e3352df02aa3a6a7a132199f93bdccf8457a134e6133cb2cf9bc435869f9e0ed6068a4152cdd933c02fc02573e8a2d6c12bcf52810d8ab52fd60a33,Irish English,ireland,It dribbled down the fridge.,it drippled own the fridge,e2c8291f2009fc07b0ea475f304b400dcb602bc667b38be0f74a57d2a261ea45
xlsr_english,dmsuta,224,stage5ext_00899,298c0f3d5e3352df02aa3a6a7a132199f93bdccf8457a134e6133cb2cf9bc435869f9e0ed6068a4152cdd933c02fc02573e8a2d6c12bcf52810d8ab52fd60a33,Irish English,ireland,Variations on a musical air With great rapidity,variations on a musical air with great rapidity,e2c8291f2009fc07b0ea475f304b400dcb602bc667b38be0f74a57d2a261ea45
xlsr_english,dmsuta,224,stage5ext_00900,298c0f3d5e3352df02aa3a6a7a132199f93bdccf8457a134e6133cb2cf9bc435869f9e0ed6068a4152cdd933c02fc02573e8a2d6c12bcf52810d8ab52fd60a33,Irish English,ireland,He could not help it.,he could not help it,e2c8291f2009fc07b0ea475f304b400dcb602bc667b38be0f74a57d2a261ea45
